# File exported by ZBrush version 2021
# www.zbrush.com
#Vertex Count 5034
#Face Count 5032
#Auto scale x=1.000000 y=1.000000 z=1.000000
#Auto offset x=0.000000 y=0.000000 z=0.000000
v -0.0530184 0.17982819 -0.19063866
v -0.01714924 0.17993667 -0.19868056
v -0.02000808 0.15932309 -0.22785183
v -0.06084304 0.15918996 -0.21868974
v -0.08671387 0.17971065 -0.17459256
v -0.09917942 0.15903244 -0.20041413
v -0.1169374 0.17959006 -0.15116399
v -0.13352796 0.15885995 -0.17375406
v -0.14252902 0.17947122 -0.12125882
v -0.16257335 0.15868468 -0.1397666
v -0.16250856 0.17936003 -0.08602942
v -0.18521809 0.15851922 -0.09977789
v -0.17611108 0.17926091 -0.04683183
v -0.20061647 0.15837508 -0.05533243
v -0.18281985 0.1791781 -0.00517068
v -0.20820127 0.15826077 -0.00812976
v -0.18238049 0.17911502 0.03735646
v -0.20769804 0.15818215 0.04003568
v -0.17481185 0.17906864 0.07911951
v -0.19913269 0.15813136 0.08733677
v -0.16041205 0.17899389 0.11851546
v -0.18284286 0.1580135 0.13197334
v -0.13974525 0.17879848 0.1540268
v -0.15946428 0.15767107 0.17223539
v -0.11357726 0.17859162 0.18429565
v -0.12980997 0.15736757 0.20659501
v -0.08288981 0.17842876 0.20815983
v -0.09497854 0.15710598 0.23371885
v -0.04885164 0.17833316 0.22469832
v -0.05627961 0.15693798 0.25254195
v -0.01276782 0.17833736 0.23327094
v -0.0151924 0.15692251 0.2623122
v 0.02395098 0.17845223 0.23354521
v 0.02664824 0.15707123 0.26263225
v 0.05986882 0.17866748 0.2255095
v 0.06756962 0.15736974 0.2534815
v 0.0935819 0.17895744 0.2094744
v 0.10593523 0.15777796 0.23522314
v 0.12379498 0.17927943 0.18605801
v 0.14026588 0.15822254 0.20858362
v 0.14935532 0.17960585 0.15616464
v 0.16926142 0.15865434 0.17461544
v 0.16930213 0.17988635 0.1209459
v 0.19184333 0.15906803 0.13464647
v 0.18289484 0.18002358 0.08175127
v 0.20722115 0.1592385 0.09020725
v 0.18960247 0.18010376 0.04009029
v 0.21480454 0.15931275 0.04300446
v 0.18916244 0.18016459 -0.00243679
v 0.21430064 0.15937449 -0.00516112
v 0.18159188 0.18020713 -0.04420002
v 0.20573176 0.15942944 -0.05246278
v 0.16717977 0.18023021 -0.08359877
v 0.18941871 0.15947695 -0.09710615
v 0.14647619 0.18023236 -0.11912228
v 0.1659685 0.15951152 -0.13739091
v 0.12027145 0.18021307 -0.14940473
v 0.13625663 0.15952806 -0.17177179
v 0.08956857 0.18017269 -0.17328152
v 0.1014023 0.15952278 -0.19891612
v 0.05554587 0.18011196 -0.18982908
v 0.06273031 0.1594899 -0.21775457
v 0.01951068 0.18003292 -0.19840639
v 0.02172789 0.15942372 -0.22753292
v 0.00340253 0.18250083 0.01745622
v -0.02025778 0.10168256 -0.22793106
v -0.0610952 0.10155878 -0.21876862
v -0.09943316 0.10142617 -0.20049153
v -0.13378341 0.10128995 -0.17382927
v -0.16282901 0.10115612 -0.13983932
v -0.18547438 0.1010312 -0.09984822
v -0.20087267 0.10092019 -0.05540032
v -0.20845823 0.10082694 -0.00819513
v -0.20795446 0.10075526 0.03997276
v -0.19939151 0.10068082 0.08727531
v -0.18312975 0.10040373 0.13190603
v -0.15983212 0.09961573 0.17214733
v -0.13023981 0.09888171 0.2064864
v -0.09542812 0.09821488 0.23359364
v -0.05656943 0.09779294 0.25241825
v -0.01505468 0.0982123 0.26216602
v 0.02579204 0.09837541 0.26248869
v 0.06730697 0.09826865 0.25336179
v 0.10586028 0.09894568 0.23510459
v 0.14017604 0.09978949 0.20848
v 0.16911563 0.10062909 0.17453065
v 0.19162994 0.1014497 0.13458102
v 0.20698617 0.10177025 0.09014613
v 0.21456684 0.10187878 0.04294214
v 0.21406327 0.10194791 -0.00522577
v 0.205494 0.10199587 -0.05252989
v 0.18917983 0.10202176 -0.09717562
v 0.16572834 0.10202302 -0.13746279
v 0.13601593 0.10200024 -0.17184594
v 0.10116019 0.10195288 -0.19899225
v 0.06248536 0.10188341 -0.21783338
v 0.02148105 0.10179164 -0.2276127
v 0.02062258 -0.09777072 -0.22783787
v -0.02111635 -0.09788005 -0.22815635
v -0.02103272 -0.07843003 -0.22813496
v 0.02070603 -0.07831967 -0.22781643
v 0.06162758 -0.09767594 -0.21805791
v 0.06171109 -0.07822436 -0.21803648
v 0.10030154 -0.09760063 -0.1992169
v 0.10038558 -0.0781487 -0.19919496
v 0.13515837 -0.09754712 -0.1720705
v 0.13524194 -0.07809604 -0.17204849
v 0.16487099 -0.09751927 -0.13768631
v 0.16495436 -0.07806778 -0.13766492
v 0.18832235 -0.09751568 -0.0973993
v 0.18840584 -0.07806427 -0.09737741
v 0.2046363 -0.09753803 -0.05275331
v 0.20471981 -0.078087 -0.05273186
v 0.21320581 -0.09758441 -0.00544887
v 0.21328938 -0.0781339 -0.00542748
v 0.21370887 -0.09765436 0.04271938
v 0.21379265 -0.07820434 0.04274077
v 0.20612506 -0.09775034 0.08992461
v 0.20621272 -0.07831846 0.08994492
v 0.19077988 -0.09790479 0.13429203
v 0.19089748 -0.07862154 0.13430351
v 0.17209462 -0.09575147 0.16953703
v 0.16947262 -0.07926768 0.17447122
v -0.18398964 -0.09891533 0.13162171
v -0.18394704 -0.07966428 0.1316317
v -0.20024769 -0.09883206 0.08705397
v -0.20016843 -0.0794047 0.08707469
v -0.2088142 -0.09877701 0.03974981
v -0.20873054 -0.07932678 0.03977188
v -0.20931859 -0.09870652 -0.00841831
v -0.20923464 -0.07925614 -0.00839633
v -0.20173311 -0.09861745 -0.05562317
v -0.20164911 -0.07916592 -0.05560173
v -0.18633385 -0.09851125 -0.10007201
v -0.18625022 -0.07905956 -0.10005003
v -0.16368883 -0.0983913 -0.14006379
v -0.16360555 -0.07894019 -0.14004156
v -0.1346431 -0.09826297 -0.1740545
v -0.13455988 -0.07881245 -0.17403236
v -0.10029295 -0.09813196 -0.200716
v -0.10020926 -0.07868156 -0.20069451
v -0.06195478 -0.0980029 -0.21899378
v -0.06187044 -0.07855213 -0.21897244
v -0.02093867 -0.05655186 -0.22811016
v 0.02080041 -0.0564412 -0.22779178
v 0.06180512 -0.05634604 -0.21801233
v 0.10047957 -0.05627039 -0.19917082
v 0.13533555 -0.0562178 -0.17202422
v 0.16504876 -0.0561889 -0.13764077
v 0.1885007 -0.05618586 -0.09735319
v 0.20481412 -0.05620844 -0.05270716
v 0.21338312 -0.05625566 -0.00540272
v 0.2138869 -0.05632678 0.04276542
v 0.20631279 -0.05647021 0.08996765
v 0.1910568 -0.05708679 0.13431525
v 0.16983628 -0.05887635 0.17446336
v -0.18393071 -0.05818127 0.13163989
v -0.20008178 -0.05756392 0.08709651
v -0.20863686 -0.05744894 0.03979595
v -0.20914025 -0.0573777 -0.00837217
v -0.20155507 -0.0572876 -0.05557764
v -0.18615655 -0.05718069 -0.10002577
v -0.16351164 -0.05706151 -0.14001691
v -0.13446581 -0.05693424 -0.17400762
v -0.10011524 -0.05680331 -0.20067024
v -0.06177657 -0.05667405 -0.21894776
v -0.02079607 -0.02342773 -0.22807318
v 0.02094284 -0.02331684 -0.22775468
v 0.06194783 -0.02322189 -0.21797487
v 0.10062243 -0.02314642 -0.19913423
v 0.13547812 -0.02309389 -0.17198722
v 0.16519136 -0.02306531 -0.13760326
v 0.18864235 -0.023062 -0.09731609
v 0.20495653 -0.02308425 -0.05267006
v 0.21352608 -0.02313154 -0.00536561
v 0.21403001 -0.02320346 0.04280242
v 0.20646248 -0.02338175 0.09000283
v 0.19128289 -0.02449368 0.1343649
v 0.16684331 -0.03079959 0.17890992
v -0.18388916 -0.02565483 0.1316834
v -0.19994798 -0.02448434 0.08713075
v -0.20849463 -0.02432623 0.03983287
v -0.20899803 -0.02425366 -0.00833516
v -0.20141281 -0.02416368 -0.05554061
v -0.18601411 -0.02405699 -0.09998883
v -0.16336919 -0.02393748 -0.13998031
v -0.13432264 -0.02381011 -0.17397067
v -0.09997242 -0.02367918 -0.20063278
v -0.06163429 -0.02355001 -0.21891054
v -0.02053026 0.0383 -0.22800442
v -0.0613683 0.03817766 -0.21884134
v -0.09970676 0.03804856 -0.20056402
v -0.13405725 0.03791769 -0.17390188
v -0.16310313 0.03779034 -0.13991121
v -0.18574862 0.03767059 -0.09992019
v -0.20114678 0.03756411 -0.05547196
v -0.20873196 0.03747407 -0.00826588
v -0.20822915 0.03740134 0.03990214
v -0.19968359 0.03724097 0.08719927
v -0.18357153 0.03623474 0.1317887
v -0.16072943 0.03320404 0.171902
v -0.13157804 0.03025317 0.20611089
v -0.09717986 0.02746924 0.23307688
v -0.05690126 0.0272262 0.25180482
v -0.00167459 0.03769512 0.2626003
v 0.00749444 0.03781829 0.26285332
v 0.06635209 0.02788487 0.25277394
v 0.10690305 0.02856554 0.2346268
v 0.14084975 0.03157186 0.20813168
v 0.16938459 0.03453986 0.17430493
v 0.19149646 0.03739745 0.13447105
v 0.20672819 0.03834569 0.09007143
v 0.21429617 0.03852413 0.04287111
v 0.21379172 0.03859608 -0.00529702
v 0.20522233 0.03864269 -0.05260148
v 0.1889082 0.03866497 -0.09724749
v 0.16545738 0.03866216 -0.13753445
v 0.13574384 0.03863393 -0.17191791
v 0.10088796 0.03858134 -0.199065
v 0.06221354 0.03850586 -0.2179062
v 0.02120854 0.03841052 -0.22768607
v -0.0207282 -0.00765143 -0.22805598
v -0.06156607 -0.00777317 -0.21889293
v -0.09990417 -0.0079023 -0.20061552
v -0.13425453 -0.00803384 -0.17395348
v -0.16330142 -0.00816115 -0.13996273
v -0.185946 -0.00828032 -0.09997106
v -0.2013449 -0.00838736 -0.05552282
v -0.20892968 -0.00847692 -0.00831736
v -0.20842716 -0.00855078 0.03985065
v -0.19988703 -0.00874046 0.08714695
v -0.18386359 -0.01015986 0.13170933
v -0.16144248 -0.01510693 0.17169755
v -0.13288052 -0.02065012 0.2057634
v -0.09987435 -0.02586545 0.23250483
v -0.06644533 -0.02660208 0.25098016
v -0.03219639 -0.02002697 0.26139941
v 0.03683257 -0.01790363 0.26182621
v 0.07286329 -0.0257173 0.25202345
v 0.10864953 -0.02458941 0.23411375
v 0.14167137 -0.01911555 0.20780268
v 0.16965775 -0.01362722 0.1741074
v 0.19138346 -0.00895843 0.1343939
v 0.20653566 -0.00763203 0.09001871
v 0.21409826 -0.00742727 0.04281961
v 0.2135944 -0.00735461 -0.00534789
v 0.20502418 -0.00730796 -0.05265223
v 0.18871013 -0.00728573 -0.09729835
v 0.16525879 -0.00728855 -0.13758587
v 0.13554593 -0.00731696 -0.17196948
v 0.10069014 -0.00737021 -0.19911646
v 0.06201568 -0.00744567 -0.2179571
v 0.02101094 -0.00754046 -0.22773748
v -0.15866352 -0.03222196 0.1765481
v -0.13310451 -0.03376897 0.20568494
v -0.10044986 -0.0395485 0.2323696
v -0.06888423 -0.03961404 0.25075095
v -0.04251811 -0.03073913 0.25999033
v 0.04622451 -0.02847338 0.26054766
v 0.07430771 -0.03871231 0.25184083
v 0.1089601 -0.03827236 0.23400685
v 0.14178006 -0.03224274 0.20772677
v -0.16456443 -0.09670039 0.16713146
v -0.16171416 -0.08028183 0.17210112
v -0.1619326 -0.0600514 0.17208175
v -0.06150388 0.00675474 -0.2188768
v -0.02066558 0.00687646 -0.22803995
v -0.09984181 0.00662562 -0.20059946
v -0.13419193 0.00649407 -0.17393739
v -0.16323866 0.00636678 -0.13994646
v -0.18588359 0.00624754 -0.09995496
v -0.20128233 0.00614051 -0.05550674
v -0.20886701 0.00605103 -0.00830118
v -0.2083648 0.00597673 0.03986682
v -0.19982738 0.00577752 0.08716256
v -0.18380014 0.0043603 0.13172796
v -0.13255219 -0.00495356 0.20585279
v -0.16128738 -0.00020949 0.17175282
v -0.09911262 -0.00943211 0.23266451
v -0.06349609 -0.0101821 0.25121831
v -0.02294448 -0.00208083 0.26175189
v 0.0709139 -0.00935959 0.25223535
v 0.02807876 -0.00061332 0.26214385
v 0.10818695 -0.00818144 0.23425442
v 0.14148353 -0.00344342 0.20788842
v 0.16962932 0.0012714 0.17416407
v 0.19144329 0.00557216 0.13441324
v 0.21416084 0.00710045 0.04283568
v 0.20660018 0.0068887 0.09003435
v 0.21365658 0.0071733 -0.00533182
v 0.20508675 0.00721984 -0.05263617
v 0.18877258 0.00724212 -0.09728227
v 0.1653213 0.00723933 -0.13756969
v 0.13560913 0.00721098 -0.1719533
v 0.10075321 0.00715766 -0.19910031
v 0.06207822 0.00708221 -0.21794095
v 0.02107337 0.00698739 -0.22772139
v -0.0614287 0.0241257 -0.21885699
v -0.02059085 0.02424797 -0.22802013
v -0.09976688 0.02399658 -0.20057965
v -0.13411776 0.02386568 -0.17391754
v -0.16316396 0.02373838 -0.13992679
v -0.18580849 0.02361868 -0.09993578
v -0.20120714 0.02351208 -0.05548755
v -0.20879197 0.02342211 -0.00828149
v -0.20828968 0.02334853 0.03988651
v -0.19974938 0.02316177 0.08718241
v -0.18368952 0.02190543 0.1317574
v -0.13208901 0.01414786 0.20597454
v -0.16102775 0.0180273 0.17182174
v -0.09813193 0.01048211 0.23286619
v -0.0598273 0.00988193 0.25151145
v -0.01156019 0.02053939 0.26218774
v 0.06841039 0.01062504 0.25250184
v 0.01709725 0.02124135 0.26254758
v 0.10756678 0.01167579 0.23443505
v 0.14119978 0.01558447 0.20800396
v 0.16953501 0.01945635 0.17423027
v 0.19148564 0.02310211 0.13444139
v 0.21423547 0.02447161 0.04285533
v 0.2066725 0.02427102 0.09005419
v 0.21373148 0.02454417 -0.00531264
v 0.20516157 0.02459076 -0.05261707
v 0.18884731 0.02461302 -0.0972631
v 0.16539561 0.02461022 -0.13755007
v 0.13568368 0.02458196 -0.17193362
v 0.10082768 0.0245293 -0.19908067
v 0.06215292 0.02445382 -0.21792164
v 0.02114826 0.02435853 -0.22770164
v -0.061305 0.052965 -0.21882507
v -0.02046671 0.05308732 -0.2279877
v -0.09964314 0.05283585 -0.20054772
v -0.13399288 0.05270504 -0.17388522
v -0.16303958 0.05257761 -0.13989484
v -0.18568475 0.05245793 -0.0999035
v -0.20108366 0.05235143 -0.05545525
v -0.20866875 0.05226142 -0.00824962
v -0.20816591 0.05218961 0.03991841
v -0.19961321 0.05206082 0.08721762
v -0.18344333 0.05133017 0.13182339
v -0.13107854 0.04710752 0.20624706
v -0.16042029 0.04916948 0.17198634
v -0.0964506 0.04520781 0.2332715
v -0.05620647 0.04527889 0.25205045
v -0.00931707 0.0539611 0.26174408
v 0.01683639 0.05409751 0.26207226
v 0.06604357 0.04586734 0.25301021
v 0.10636778 0.04617521 0.23480847
v 0.14052037 0.04828147 0.20825892
v 0.16923293 0.05039037 0.17438244
v 0.19150644 0.05245052 0.13450303
v 0.21435962 0.05331223 0.04288789
v 0.20678666 0.05315941 0.09008961
v 0.2138552 0.05338341 -0.00528025
v 0.20528583 0.05343002 -0.05258471
v 0.18897208 0.05345228 -0.09723079
v 0.16552093 0.05344949 -0.13751824
v 0.13580736 0.05342124 -0.1719017
v 0.10095204 0.05336858 -0.1990484
v 0.06227721 0.05329322 -0.21788986
v 0.02127215 0.05319782 -0.22766938
v -0.06121285 0.07435955 -0.21880087
v -0.02037492 0.07448189 -0.22796382
v -0.09955096 0.07423042 -0.20052352
v -0.13390152 0.07409951 -0.17386129
v -0.16294752 0.07397157 -0.1398707
v -0.18559317 0.07385238 -0.09987961
v -0.20099106 0.07374595 -0.05543136
v -0.20857602 0.07365594 -0.00822538
v -0.20807299 0.07358463 0.03994274
v -0.19951459 0.07348608 0.0872436
v -0.18329298 0.07300806 0.13186386
v -0.13062246 0.07031384 0.20637682
v -0.16011282 0.07162065 0.17207108
v -0.09587128 0.06912937 0.23344898
v -0.05633025 0.06902387 0.25225836
v -0.0122978 0.07345584 0.26198428
v 0.02146482 0.07360733 0.26230984
v 0.06660296 0.06955232 0.25320971
v 0.10602457 0.06996741 0.23497222
v 0.14028957 0.07134129 0.20837849
v 0.16913877 0.07272557 0.17446023
v 0.19155086 0.07408511 0.13454109
v 0.21445103 0.07470739 0.0429118
v 0.20687399 0.07457748 0.09011519
v 0.2139476 0.07477794 -0.00525642
v 0.20537848 0.07482462 -0.05256087
v 0.18906444 0.07484699 -0.09720692
v 0.16561257 0.07484412 -0.13749402
v 0.13589972 0.07481566 -0.17187744
v 0.1010441 0.0747625 -0.19902439
v 0.06236898 0.07468762 -0.2178657
v 0.02136428 0.07459243 -0.22764544
v -0.00010824 0.18256737 -0.01948383
v 0.0061543 0.18258412 -0.01943741
v -0.00347597 0.1826307 -0.05492363
v 0.00879445 0.18266364 -0.05483196
v -0.00691497 0.18269567 -0.09111336
v 0.01149048 0.18274509 -0.09097632
v -0.01035429 0.18276117 -0.12730322
v 0.01418646 0.18282567 -0.12712076
v -0.0137932 0.18282562 -0.16349345
v 0.01688299 0.18290682 -0.16326469
v 0.0123104 0.18259818 -0.01797239
v 0.02085689 0.18269121 -0.0519618
v 0.02958428 0.18278634 -0.08667084
v 0.0383113 0.18288113 -0.12138
v 0.04703884 0.18297651 -0.15608914
v 0.01812422 0.18260854 -0.01514547
v 0.03224776 0.18271337 -0.0464233
v 0.04667043 0.18281948 -0.07836281
v 0.06109314 0.18292526 -0.11030243
v 0.07551598 0.18303136 -0.14224261
v 0.02337151 0.18261675 -0.0110657
v 0.04252883 0.18272911 -0.03842949
v 0.06209228 0.18284307 -0.06637221
v 0.08165584 0.18295641 -0.09431531
v 0.1012194 0.18307048 -0.12225821
v 0.02785066 0.18262112 -0.00589059
v 0.0513057 0.18273733 -0.02828909
v 0.07525792 0.18285517 -0.05116177
v 0.09920955 0.18297345 -0.07403454
v 0.12316169 0.18309159 -0.09690724
v 0.0313903 0.18262168 0.00018161
v 0.05824104 0.18273818 -0.01639119
v 0.0856608 0.18285638 -0.03331504
v 0.11308081 0.18297487 -0.05023931
v 0.14050039 0.18309353 -0.06716308
v 0.03385489 0.18261817 0.00691694
v 0.0630698 0.18273115 -0.00319386
v 0.09290357 0.18284569 -0.01351912
v 0.12273783 0.18296147 -0.02384453
v 0.15257163 0.18307648 -0.03416936
v 0.03514934 0.18261107 0.01405754
v 0.06560646 0.18271741 0.01079646
v 0.09670858 0.18282565 0.0074667
v 0.12781083 0.18293359 0.00413659
v 0.15891312 0.18304167 0.00080683
v 0.0352245 0.18260084 0.02132838
v 0.06575331 0.18269659 0.0250427
v 0.09692903 0.18279451 0.02883615
v 0.1281048 0.18289209 0.03262948
v 0.15928044 0.18298997 0.0364225
v 0.03407724 0.18258659 0.02845069
v 0.06350571 0.18266893 0.03899833
v 0.0935575 0.18275284 0.04976936
v 0.12360926 0.18283648 0.06053998
v 0.15366075 0.1829203 0.07131095
v 0.02834181 0.18251732 0.04116973
v 0.02397287 0.18246407 0.04627783
v 0.0522685 0.1825342 0.06391992
v 0.04370812 0.18242804 0.07392867
v 0.07670204 0.18255128 0.08715239
v 0.06386147 0.18239201 0.10216535
v 0.10113544 0.18256843 0.1103843
v 0.08401474 0.18235547 0.13040158
v 0.1255685 0.18258437 0.13361606
v 0.10416792 0.18231885 0.15863768
v 0.01881022 0.18241083 0.05027861
v 0.03359258 0.18232411 0.08176755
v 0.04868798 0.18223588 0.11392289
v 0.06378296 0.1821475 0.14607843
v 0.07887838 0.18205879 0.17823407
v 0.01305089 0.18236315 0.05301757
v 0.02230785 0.18223126 0.08713425
v 0.03176081 0.18209543 0.12197366
v 0.04121375 0.18196098 0.1568126
v 0.05066669 0.18182575 0.19165155
v 0.00691639 0.18232774 0.05439042
v 0.01028759 0.18216094 0.08982375
v 0.01372976 0.18199126 0.12600773
v 0.01717234 0.181822 0.16219157
v 0.020615 0.18165256 0.19837504
v 0.00064451 0.18230833 0.05434362
v -0.00200099 0.18212379 0.08973238
v -0.00470251 0.18193516 0.12587045
v -0.00740389 0.18174678 0.16200853
v -0.01010541 0.18155817 0.19814655
v -0.00551901 0.18230758 0.05287934
v -0.01407805 0.18212138 0.08686345
v -0.02281826 0.18193152 0.12156706
v -0.03155839 0.18174153 0.15627101
v -0.04029867 0.18155208 0.19097471
v -0.01133482 0.18232247 0.05005409
v -0.02547349 0.18215027 0.08132778
v -0.03991152 0.18197508 0.11326351
v -0.05434935 0.18179999 0.14519929
v -0.06878729 0.18162497 0.17713503
v -0.01657961 0.18234853 0.04597628
v -0.03575008 0.18220111 0.07333824
v -0.05532624 0.18205149 0.10127905
v -0.07490253 0.18190181 0.12922021
v -0.09447868 0.18175217 0.15716096
v -0.02105336 0.18238197 0.0408031
v -0.04451545 0.18226793 0.06320171
v -0.06847468 0.18215073 0.08607438
v -0.09243319 0.18203352 0.10894729
v -0.11639209 0.18191658 0.13182041
v -0.02458742 0.18241228 0.03473262
v -0.05144036 0.18232655 0.05130764
v -0.07886171 0.18223956 0.06823323
v -0.10628238 0.18215231 0.08515927
v -0.13370344 0.18206548 0.10208492
v -0.02705 0.18242339 0.02799765
v -0.05626533 0.18234977 0.0381109
v -0.08609876 0.18227396 0.0484383
v -0.11593235 0.18219932 0.05876618
v -0.14576575 0.18212381 0.06909358
v -0.0283443 0.18243154 0.02085759
v -0.05880127 0.18236522 0.02412075
v -0.08990239 0.18229802 0.02745299
v -0.12100403 0.18223035 0.03078524
v -0.15210592 0.18216344 0.0341175
v -0.02841934 0.18244224 0.01358683
v -0.05894769 0.18238629 0.00987454
v -0.09012259 0.1823299 0.00608363
v -0.12129791 0.18227219 0.00229229
v -0.15247276 0.18221509 -0.00149869
v -0.0272719 0.18245624 0.00646452
v -0.05669955 0.18241311 -0.00408119
v -0.08675071 0.18236915 -0.01484969
v -0.11680145 0.18232558 -0.02561833
v -0.14685256 0.18228152 -0.03638728
v -0.02494594 0.18247205 -0.00023581
v -0.05214227 0.18244426 -0.01720964
v -0.07991476 0.18241679 -0.03454234
v -0.10768693 0.18238864 -0.0518755
v -0.13545984 0.18236059 -0.06920834
v -0.02153034 0.18249039 -0.00625713
v -0.04545028 0.18248002 -0.02900719
v -0.06987663 0.18247017 -0.05223834
v -0.0943029 0.18245969 -0.07547006
v -0.11872904 0.18244908 -0.09870178
v -0.01715657 0.18250964 -0.01136711
v -0.03687998 0.18251727 -0.03901955
v -0.05702143 0.18252605 -0.06725688
v -0.07716235 0.18253509 -0.09549477
v -0.09730365 0.18254397 -0.12373277
v -0.01199223 0.18252922 -0.01536927
v -0.02676107 0.18255624 -0.04686173
v -0.04184275 0.18258419 -0.0790204
v -0.05692451 0.1826123 -0.11117957
v -0.07200603 0.18264018 -0.14333859
v -0.00623531 0.18254892 -0.0181104
v -0.01548186 0.18259456 -0.05223231
v -0.02492377 0.18264161 -0.08707606
v -0.03436575 0.18268884 -0.12192034
v -0.0438076 0.1827359 -0.1567648
v 0.03175265 0.18256385 0.03515059
v 0.05895116 0.18262334 0.05212571
v 0.08672641 0.18268501 0.06946073
v 0.11450089 0.18274653 0.08679568
v 0.14227511 0.18280777 0.1041306
v -0.05166452 0.16555242 -0.18605013
v -0.01675349 0.16565558 -0.19388753
v -0.01858773 0.1466612 -0.21234515
v -0.05643969 0.14655311 -0.20384994
v -0.0844667 0.1654443 -0.17039749
v -0.09202183 0.14645001 -0.18687924
v -0.1139016 0.16533665 -0.14752799
v -0.12397672 0.14635275 -0.16206443
v -0.13883733 0.16523148 -0.11831609
v -0.1510737 0.14626105 -0.13033941
v -0.15831284 0.16513292 -0.08388181
v -0.17225852 0.14617596 -0.09290756
v -0.17157656 0.16504475 -0.04554754
v -0.18669897 0.14609803 -0.05120346
v -0.17811588 0.1649705 -0.00478726
v -0.19382306 0.14602796 -0.00683493
v -0.17767775 0.16491049 0.03682944
v -0.19334775 0.14596712 0.03847909
v -0.17028075 0.1648626 0.07769398
v -0.18529193 0.14590537 0.08297909
v -0.17228132 0.05130305 0.12598386
v -0.15046449 0.0490722 0.16406026
v -0.15017108 0.07157314 0.16412544
v -0.17213916 0.07300417 0.12600597
v 0.15921145 0.0502487 0.16654746
v 0.18026647 0.05236971 0.12883454
v 0.18031795 0.07402565 0.12885564
v 0.1591313 0.07263125 0.166606
v -0.13605448 0.1645852 0.15092571
v -0.1562222 0.1647844 0.11621755
v -0.16999313 0.14574892 0.12492848
v -0.14808188 0.14533859 0.16269756
v -0.1105286 0.16437473 0.18050472
v -0.12035054 0.14495787 0.19485342
v -0.08061271 0.16420762 0.20381388
v -0.08786037 0.14462722 0.22016796
v -0.04744911 0.16410739 0.21996031
v -0.05184854 0.14440982 0.23768961
v -0.01230764 0.16410706 0.22833129
v -0.01368432 0.14435695 0.24676656
v 0.02344132 0.1642166 0.22860947
v 0.02513603 0.14448426 0.24706581
v 0.05840645 0.16442646 0.22078493
v 0.06309407 0.14477583 0.23857912
v 0.0912273 0.16471222 0.20515611
v 0.0987084 0.14519612 0.22162723
v 0.12064953 0.1650329 0.18231475
v 0.13063624 0.14568781 0.19683946
v 0.14555226 0.16536077 0.15313306
v 0.15767124 0.14618863 0.16514203
v 0.16499155 0.16564495 0.11873664
v 0.17878322 0.14667455 0.12773966
v 0.01985986 0.05317448 -0.21454277
v -0.0192173 0.05307122 -0.2148427
v -0.01912554 0.07446555 -0.2148188
v 0.01995202 0.07456912 -0.21451893
v 0.05830329 0.0532642 -0.20536984
v 0.05839509 0.07465843 -0.20534566
v 0.18477655 0.1658716 0.03967431
v 0.17823953 0.16578757 0.08042834
v 0.19319872 0.1468987 0.08604878
v 0.20032107 0.14700688 0.04168183
v 0.1843374 0.16593292 -0.00194243
v 0.19984497 0.14707751 -0.00363226
v 0.17693747 0.1659726 -0.04281428
v 0.19178493 0.14711663 -0.04813443
v 0.1628606 0.16598999 -0.08136631
v 0.17645536 0.14712354 -0.09009793
v 0.14265127 0.16598382 -0.11611571
v 0.15445949 0.14709904 -0.12789976
v 0.11708926 0.1659547 -0.14572617
v 0.12665906 0.14704509 -0.16008517
v 0.08715955 0.16590428 -0.16906218
v 0.0941388 0.14696775 -0.18542513
v 0.05401516 0.16583499 -0.18522894
v 0.05815884 0.14687392 -0.20296329
v 0.01892903 0.16575187 -0.19361019
v 0.02010043 0.14676924 -0.21204701
v 0.09465128 0.05333531 -0.18765521
v 0.09474366 0.07472901 -0.1876313
v 0.12750923 0.05338443 -0.16205617
v 0.12760193 0.07477859 -0.16203197
v 0.15560272 0.05341121 -0.12953732
v 0.1556946 0.07480558 -0.12951314
v 0.17783299 0.05341409 -0.09133884
v 0.17792546 0.07480851 -0.09131493
v -0.01901305 0.10068932 -0.21479135
v -0.05724697 0.10057563 -0.2062118
v -0.09318993 0.10045772 -0.18907134
v -0.12547318 0.10033846 -0.16400536
v -0.15285214 0.10022267 -0.13195517
v -0.17426146 0.10011423 -0.09413404
v -0.18885712 0.10001748 -0.05199105
v -0.19605889 0.09993394 -0.00715151
v -0.19557923 0.09986748 0.03864644
v -0.18743653 0.09978883 0.08362643
v -0.17198987 0.09949245 0.12603223
v 0.19332616 0.05339284 -0.04893025
v 0.19341866 0.07478716 -0.04890642
v 0.20147357 0.05334868 -0.00395418
v 0.20156566 0.07474292 -0.00393037
v -0.14990916 0.09867661 0.16418516
v -0.12194474 0.09792951 0.19664676
v -0.08915012 0.09729202 0.22219331
v -0.05266607 0.09699996 0.23987332
v -0.01369345 0.09747044 0.24903801
v 0.02461187 0.09764345 0.24934022
v 0.06352878 0.09747201 0.24077031
v 0.09962678 0.09798569 0.22367167
v 0.13185457 0.09878547 0.19865775
v 0.15911901 0.09962995 0.16666051
v 0.20195397 0.05327963 0.04184436
v 0.20204585 0.07467496 0.0418677
v 0.19476075 0.0531192 0.08669331
v 0.19484919 0.07454174 0.0867137
v 0.18040189 0.10047238 0.12888073
v 0.19496081 0.10080922 0.08673969
v 0.20215979 0.100923 0.04189688
v 0.20167939 0.10099054 -0.00390102
v 0.19353306 0.10103394 -0.04887738
v 0.17803911 0.10105339 -0.09128623
v 0.15580835 0.10104697 -0.12948516
v 0.1277154 0.10101547 -0.16200436
v 0.09485703 0.10096062 -0.18760347
v 0.05850819 0.10088589 -0.2053183
v 0.02006478 0.10079347 -0.21449142
v 0.01920963 -0.09779275 -0.21471132
v -0.01986702 -0.09789579 -0.21501141
v -0.01978344 -0.07844609 -0.21498997
v 0.01929329 -0.07834216 -0.21468992
v 0.05765345 -0.09770413 -0.20553793
v 0.05773706 -0.07825287 -0.20551648
v 0.09400101 -0.09763363 -0.18782384
v 0.09408498 -0.07818216 -0.18780177
v 0.12685965 -0.09758406 -0.16222485
v 0.12694326 -0.07813289 -0.16220289
v 0.15495336 -0.09755795 -0.12970539
v 0.15503652 -0.07810626 -0.12968403
v 0.17718331 -0.09755408 -0.09150736
v 0.17726719 -0.07810252 -0.09148547
v 0.19267721 -0.0975751 -0.04909885
v 0.19276039 -0.07812426 -0.0490774
v 0.20082378 -0.09761925 -0.00412281
v 0.20090727 -0.07816871 -0.00410142
v 0.20130386 -0.09768533 0.04167471
v 0.20138737 -0.07823502 0.04169637
v 0.19410169 -0.09777004 0.08651651
v 0.19418858 -0.07833416 0.08654023
v 0.17947849 -0.09790159 0.12872274
v 0.17959067 -0.07859737 0.12874721
v 0.13217987 0.04811414 0.19845306
v 0.13196034 0.07124023 0.19856272
v 0.10016372 0.04607831 0.22336134
v 0.09980805 0.06994315 0.22353026
v 0.06250724 0.04605558 0.24032226
v 0.06295289 0.06981647 0.24056765
v 0.01590808 0.05445751 0.24890722
v 0.0204207 0.07399173 0.24915202
v -0.00805367 0.05429534 0.24861195
v -0.01100648 0.07381562 0.24885122
v -0.18828702 -0.09878622 0.08340281
v -0.17276819 -0.09884858 0.12587253
v -0.17272026 -0.07957466 0.12589657
v -0.18820665 -0.0793546 0.08342783
v -0.19643224 -0.09874033 0.03842411
v -0.19634887 -0.07929017 0.03844657
v -0.19691246 -0.09867485 -0.00737329
v -0.19682888 -0.07922443 -0.00735131
v -0.18971067 -0.0985907 -0.05221184
v -0.18962632 -0.07913915 -0.05219039
v -0.17511415 -0.09848947 -0.09435518
v -0.17503099 -0.07903798 -0.09433317
v -0.15370486 -0.09837573 -0.13217693
v -0.153622 -0.07892514 -0.13215464
v -0.12632662 -0.09825526 -0.16422648
v -0.1262429 -0.07880472 -0.16420446
v -0.094044 -0.09813184 -0.189291
v -0.09396039 -0.07868123 -0.18926964
v -0.05810121 -0.09801057 -0.20643189
v -0.05801721 -0.07856065 -0.20641049
v -0.01968926 -0.05656817 -0.21496522
v 0.01938806 -0.05646478 -0.2146653
v 0.05783121 -0.0563751 -0.20549227
v 0.09417904 -0.05630393 -0.18777769
v 0.12703727 -0.05625422 -0.16217881
v 0.15513086 -0.0562274 -0.12965989
v 0.17736129 -0.05622415 -0.09146122
v 0.1928544 -0.05624561 -0.0490527
v 0.20100133 -0.0562904 -0.00407666
v 0.20148149 -0.05635743 0.04172175
v 0.19428661 -0.05648312 0.08657118
v 0.17974267 -0.05704281 0.12878115
v -0.05249062 0.04544379 0.23942047
v -0.05252495 0.06926996 0.23966862
v -0.09018921 0.0451276 0.22185915
v -0.08959984 0.06912826 0.22204041
v -0.12275815 0.04697533 0.19642427
v -0.12231187 0.07025048 0.1965439
v -0.17269514 -0.05807084 0.12592923
v -0.18811777 -0.05751084 0.08345881
v -0.19625465 -0.05741284 0.03847149
v -0.19673468 -0.05734624 -0.00732713
v -0.18953211 -0.05726089 -0.05216626
v -0.17493717 -0.05715926 -0.09430882
v -0.15352813 -0.05704623 -0.1321294
v -0.12614873 -0.05692642 -0.16418004
v -0.09386619 -0.05680338 -0.1892454
v -0.05792308 -0.05668266 -0.20638585
v -0.01954672 -0.02344383 -0.21492821
v 0.01953011 -0.02333969 -0.21462824
v 0.05797387 -0.02325096 -0.20545484
v 0.09432186 -0.02318038 -0.18774114
v 0.1271802 -0.0231308 -0.16214183
v 0.15527364 -0.02310376 -0.12962245
v 0.17750369 -0.02310012 -0.09142414
v 0.19299724 -0.02312141 -0.0490156
v 0.20114411 -0.02316624 -0.00403947
v 0.20162369 -0.02323324 0.04175996
v 0.19443288 -0.02339421 0.08661594
v 0.17999051 -0.02446044 0.12879601
v -0.18764911 0.0520825 0.08358085
v -0.18755219 0.07351314 0.08360029
v -0.19578285 0.05222313 0.03859469
v -0.19569087 0.07361841 0.03861784
v -0.19626341 0.05229299 -0.00720449
v -0.19617082 0.07368715 -0.00718036
v -0.18906083 0.05237837 -0.0520439
v -0.18896858 0.07377278 -0.05202002
v -0.17267417 -0.02555468 0.12594309
v -0.18798068 -0.02443019 0.08350355
v -0.19611224 -0.0242894 0.0385097
v -0.19659194 -0.02422201 -0.00729004
v -0.1893896 -0.02413682 -0.05212924
v -0.17479421 -0.02403562 -0.09427186
v -0.15338505 -0.02392229 -0.13209271
v -0.12600597 -0.02380245 -0.16414256
v -0.09372332 -0.02367924 -0.18920791
v -0.05778078 -0.02355857 -0.2063487
v -0.05735927 0.07435084 -0.20623895
v -0.09330193 0.07423012 -0.18909856
v -0.12558443 0.07410685 -0.16403323
v -0.15296426 0.07398656 -0.1319831
v -0.17437349 0.07387355 -0.09416263
v -0.17446534 0.05247945 -0.09418651
v -0.1530565 0.05259292 -0.13200722
v -0.12567603 0.0527127 -0.16405718
v -0.09339416 0.05283588 -0.18912279
v -0.01934145 0.02423198 -0.21487513
v -0.05757486 0.02411736 -0.20629513
v -0.05751495 0.03816978 -0.20627948
v -0.01928093 0.03828406 -0.21485939
v -0.09351787 0.0239966 -0.18915474
v -0.09345776 0.03804861 -0.18913909
v -0.12580066 0.02387336 -0.16408944
v -0.12574029 0.03792538 -0.16407376
v -0.15318034 0.02375361 -0.13203918
v -0.15312013 0.03780569 -0.1320236
v -0.1745896 0.02364016 -0.0942188
v -0.17452907 0.03769212 -0.09420321
v -0.18918485 0.023539 -0.05207618
v -0.18912451 0.03759104 -0.05206058
v -0.19638682 0.02345369 -0.00723635
v -0.19632661 0.03750568 -0.00722073
v -0.19590766 0.02338233 0.03856401
v -0.19584696 0.03743466 0.03857909
v -0.18778227 0.02318574 0.08355799
v -0.18771779 0.03725981 0.08356884
v -0.17250862 0.02188091 0.12595948
v -0.17239968 0.03619325 0.12596964
v -0.05745146 0.05295665 -0.20626321
v -0.15103495 0.01792175 0.16394743
v -0.12372228 0.01396246 0.1961954
v -0.12324021 0.03005754 0.1963053
v -0.15075606 0.03307199 0.16400003
v -0.09175866 0.01012955 0.22153008
v -0.0908918 0.02722674 0.22168335
v -0.05578894 0.00926016 0.238993
v -0.05311593 0.02701944 0.23918928
v -0.00926141 0.01976412 0.24922339
v -0.00039717 0.03762084 0.24946439
v 0.0151174 0.02066903 0.24951374
v 0.06461917 0.01020081 0.23988761
v 0.06277167 0.02777847 0.24008894
v 0.00660199 0.03782304 0.24967524
v 0.10130009 0.01141279 0.22302714
v 0.10068421 0.02835541 0.22318938
v 0.13281978 0.015375 0.19823704
v 0.13249318 0.03134688 0.19834227
v 0.15947814 0.01930262 0.16644579
v 0.15934664 0.03436328 0.16649344
v 0.1802476 0.03730275 0.12882199
v 0.18022802 0.0230216 0.12881267
v 0.19464266 0.02423217 0.08666931
v 0.19470042 0.03830278 0.08668112
v 0.2018297 0.0244392 0.04181339
v 0.20188993 0.03849135 0.04182864
v 0.2013493 0.0245094 -0.00398647
v 0.2014098 0.03856136 -0.00397086
v 0.19320234 0.0245536 -0.04896262
v 0.19326277 0.03860551 -0.04894702
v 0.17770905 0.02457483 -0.09137114
v 0.17776952 0.03862685 -0.09135554
v 0.15547831 0.02457195 -0.12956924
v 0.1555392 0.03862446 -0.12955358
v 0.12738502 0.02454513 -0.16208815
v 0.12744605 0.03859768 -0.16207248
v 0.09452693 0.02449601 -0.18768754
v 0.09458801 0.03854814 -0.18767181
v 0.05817895 0.02442495 -0.20540171
v 0.05823969 0.03847697 -0.20538619
v 0.01973544 0.02433573 -0.21457518
v 0.01979585 0.03838763 -0.21455951
v -0.05771221 -0.00778164 -0.20633098
v -0.0194788 -0.00766741 -0.21491102
v -0.09365505 -0.00790229 -0.18919053
v -0.12593819 -0.00802618 -0.16412535
v -0.15331758 -0.00814585 -0.13207516
v -0.17472636 -0.00825882 -0.09425409
v -0.1893219 -0.00836039 -0.05211145
v -0.19652403 -0.00844517 -0.00727221
v -0.19604457 -0.00851412 0.03852815
v -0.18791788 -0.00869287 0.08352562
v -0.17266853 -0.01010268 0.12594234
v -0.14854317 -0.03210832 0.16884921
v -0.12462054 -0.03380322 0.19602711
v -0.12444149 -0.02073391 0.19605119
v -0.15139448 -0.01508466 0.16390346
v -0.09375405 -0.03991055 0.2212474
v -0.09325225 -0.02622743 0.22133268
v -0.06399778 -0.04074709 0.23861533
v -0.06177513 -0.02757215 0.23873341
v -0.03881226 -0.03243075 0.24746704
v -0.0289397 -0.02150241 0.24871328
v 0.04293517 -0.02956863 0.24783924
v 0.06988702 -0.03939364 0.23948545
v 0.06859816 -0.02634086 0.23959915
v 0.03393912 -0.01893446 0.24900582
v 0.10252586 -0.03848697 0.22269794
v 0.10225286 -0.0248211 0.22278249
v 0.13330474 -0.03230596 0.19806611
v 0.13323521 -0.01922665 0.19809001
v 0.1566593 -0.03074991 0.17130668
v 0.15954716 -0.01366339 0.16640433
v 0.19450457 -0.00765071 0.08663748
v 0.1801124 -0.00896582 0.12879586
v 0.20169206 -0.00745726 0.04177777
v 0.20121213 -0.00738935 -0.00402172
v 0.1930651 -0.00734515 -0.04899777
v 0.17757119 -0.00732382 -0.09140639
v 0.15534061 -0.00732694 -0.12960507
v 0.12724772 -0.00735389 -0.16212408
v 0.09438964 -0.00740359 -0.18772344
v 0.05804173 -0.00747458 -0.20543703
v 0.01959814 -0.00756317 -0.214611
v 0.16134427 -0.09572766 0.16287958
v 0.15878847 -0.07920693 0.1676986
v 0.15916788 -0.05878042 0.16765284
v -0.1538921 -0.09661231 0.16033239
v -0.15110547 -0.08015548 0.16519275
v -0.1513383 -0.05988848 0.16514134
v -0.17261165 0.00436924 0.12594777
v -0.15127471 -0.000262 0.16390514
v 0.15955442 0.00116628 0.16640612
v 0.18017864 0.0055211 0.1288017
v 0.01966057 0.00696466 -0.21459487
v -0.01941623 0.00686054 -0.21489495
v 0.05810434 0.00705333 -0.20542098
v 0.0944523 0.00712433 -0.18770727
v 0.12731041 0.00717402 -0.16210794
v 0.15540365 0.00720097 -0.12958893
v -0.05765016 0.00674629 -0.20631483
v -0.09359292 0.00662562 -0.18917448
v -0.12587548 0.00650176 -0.16410926
v -0.15325535 0.00638204 -0.13205888
v -0.17466439 0.00626901 -0.09423801
v -0.18926021 0.0061675 -0.05209536
v -0.19646209 0.00608265 -0.00725603
v -0.19598248 0.00601158 0.03854455
v -0.18785855 0.00581189 0.08354173
v 0.17763418 0.00720394 -0.09139032
v -0.12414965 -0.00509188 0.19610503
v -0.09261436 -0.00979285 0.2214103
v -0.05915735 -0.01096442 0.23882207
v -0.0201774 -0.00317054 0.24890816
v 0.06689339 -0.0098965 0.23970976
v 0.02563138 -0.00144084 0.24920935
v 0.10185405 -0.00843118 0.22288581
v 0.1330766 -0.0036064 0.19814685
v 0.19312727 0.00718268 -0.0489817
v 0.19456891 0.00685889 0.08665302
v 0.20175488 0.00706899 0.04179398
v 0.20127458 0.00713852 -0.00400564
v 0.00608943 0.16740079 -0.0194618
v -0.00017441 0.16738368 -0.01950822
v 0.00333771 0.16731762 0.01742109
v 0.00872971 0.16747987 -0.05485513
v -0.00354183 0.16744794 -0.05494678
v 0.01142567 0.16756165 -0.09099944
v -0.00698072 0.16751255 -0.09113647
v 0.01412165 0.16764256 -0.12714389
v -0.01042007 0.16757755 -0.12732638
v 0.01676078 0.16772081 -0.16275765
v -0.01380867 0.167639 -0.16298727
v 0.01224657 0.16741515 -0.01799669
v 0.02079359 0.16750806 -0.05198494
v 0.02952056 0.16760312 -0.08669398
v 0.03824744 0.16769848 -0.12140315
v 0.04681249 0.16778992 -0.15560212
v 0.0180617 0.16742621 -0.01516922
v 0.03218561 0.16753056 -0.04644622
v 0.04660821 0.16763606 -0.07838585
v 0.06103083 0.16774253 -0.11032547
v 0.07519292 0.16784505 -0.14179562
v 0.02330983 0.16743457 -0.01108916
v 0.04246757 0.16754594 -0.0384517
v 0.06203105 0.16766029 -0.06639444
v 0.08159444 0.16777402 -0.0943375
v 0.10080987 0.16788388 -0.12186853
v 0.02778974 0.16743885 -0.00591332
v 0.05124525 0.16755384 -0.02831038
v 0.07519744 0.16767269 -0.05118306
v 0.09914915 0.1677905 -0.07405586
v 0.12267951 0.16790473 -0.09659005
v 0.0313302 0.16743923 0.00015979
v 0.05818156 0.16755506 -0.01641154
v 0.08560157 0.16767343 -0.0333354
v 0.11302115 0.16779194 -0.05025968
v 0.13996227 0.16790676 -0.06693071
v 0.03379542 0.16743549 0.00689651
v 0.06301091 0.16754837 -0.00321309
v 0.09284491 0.16766348 -0.01353844
v 0.12267888 0.16777831 -0.02386383
v 0.15199498 0.16788992 -0.03403071
v 0.03509008 0.16742856 0.01403812
v 0.06554791 0.16753473 0.01077878
v 0.09664999 0.16764254 0.00744901
v 0.12775205 0.16775061 0.00411889
v 0.15831694 0.16785548 0.00084669
v 0.03516518 0.16741789 0.02130948
v 0.06569477 0.16751422 0.0250257
v 0.09687042 0.16761204 0.02881915
v 0.12804602 0.16770941 0.03261247
v 0.15868499 0.16780391 0.03636053
v 0.03401976 0.16740377 0.02842833
v 0.06344918 0.16748574 0.03897752
v 0.09350083 0.16756993 0.04974857
v 0.12355259 0.16765335 0.06051916
v 0.1530876 0.16773432 0.0711438
v 0.02393746 0.16728085 0.0462174
v 0.02830317 0.16733558 0.04111421
v 0.04367677 0.16724516 0.0738653
v 0.052233 0.16735149 0.06386198
v 0.06383002 0.16720873 0.10210187
v 0.07666645 0.16736862 0.08709439
v 0.08398339 0.16717287 0.13033762
v 0.10110001 0.16738519 0.11032624
v 0.10378985 0.16713416 0.15816429
v 0.12511228 0.16739913 0.13322565
v 0.01877372 0.16722792 0.05021808
v 0.03355947 0.16714163 0.08170407
v 0.04865465 0.16705316 0.11385938
v 0.06374972 0.16696439 0.14601478
v 0.0785876 0.1668751 0.17769801
v 0.01300863 0.16718047 0.0529592
v 0.02226818 0.16704799 0.08707318
v 0.03172054 0.16691312 0.12191261
v 0.04117345 0.16677756 0.15675152
v 0.05046879 0.16664287 0.19107344
v 0.00686223 0.16714446 0.05433421
v 0.01023466 0.16697885 0.08976507
v 0.01367671 0.16680878 0.1259491
v 0.01711934 0.16663934 0.16213288
v 0.02051111 0.16647008 0.1977759
v 0.00057583 0.16712552 0.05428742
v -0.00207013 0.16694092 0.08967375
v -0.00477164 0.1667526 0.12581181
v -0.00747312 0.16656404 0.16194985
v -0.01011631 0.16637632 0.19754643
v -0.00560173 0.16712403 0.05282087
v -0.01416289 0.16693784 0.08680225
v -0.02290315 0.1667487 0.12150592
v -0.03164342 0.16655862 0.15620988
v -0.04021882 0.16637007 0.19039341
v -0.01142632 0.16713921 0.04999252
v -0.02556812 0.16696716 0.08126314
v -0.04000621 0.16679254 0.11319888
v -0.05444409 0.16661731 0.14513462
v -0.0686184 0.16644278 0.17659264
v -0.01667494 0.16716523 0.04591277
v -0.03584888 0.16701836 0.07327137
v -0.05542515 0.16686849 0.10121222
v -0.0750014 0.16671906 0.12915337
v -0.09422649 0.16656968 0.15667715
v -0.02114648 0.16719879 0.04074376
v -0.04461193 0.16708442 0.06313949
v -0.06857099 0.16696788 0.08601219
v -0.09252961 0.16685026 0.10888503
v -0.11606486 0.16673363 0.13141675
v -0.02466978 0.16722905 0.03469155
v -0.05152469 0.16714358 0.05126589
v -0.07894589 0.16705671 0.06819151
v -0.10636718 0.16696973 0.0851175
v -0.13330857 0.16688256 0.10178909
v -0.02712298 0.16724097 0.02797436
v -0.05633932 0.16716712 0.03808905
v -0.08617278 0.16709169 0.04841645
v -0.11600672 0.16701614 0.05874433
v -0.14532224 0.16694004 0.06891352
v -0.02841542 0.16724932 0.02083858
v -0.0588731 0.16718258 0.02410363
v -0.08997424 0.16711501 0.02743588
v -0.12107627 0.16704717 0.03076813
v -0.15164023 0.16697958 0.03404279
v -0.02849027 0.16726014 0.01356742
v -0.05901956 0.16720342 0.00985696
v -0.09019424 0.16714628 0.00606605
v -0.12136958 0.16708941 0.00227471
v -0.15200762 0.16703119 -0.00147133
v -0.02734272 0.16727323 0.00644417
v -0.05677128 0.16723017 -0.00409982
v -0.08682231 0.1671862 -0.01486831
v -0.11687326 0.16714239 -0.02563694
v -0.1464076 0.16709742 -0.03625985
v -0.02501614 0.16728942 -0.00025759
v -0.05221326 0.16726194 -0.01722987
v -0.07998565 0.16723392 -0.03456258
v -0.10775775 0.1672053 -0.0518957
v -0.13505323 0.16717664 -0.0689863
v -0.02159989 0.1673077 -0.00627986
v -0.04552032 0.16729743 -0.02902847
v -0.06994686 0.16728684 -0.05225959
v -0.09437287 0.16727699 -0.07549131
v -0.11838045 0.16726462 -0.09839328
v -0.01722525 0.1673267 -0.01139057
v -0.03694925 0.167335 -0.03904173
v -0.05709068 0.16734376 -0.06727907
v -0.07723166 0.16735227 -0.09551699
v -0.09702898 0.16735883 -0.12334984
v -0.01206012 0.16734631 -0.01539301
v -0.02682937 0.16737361 -0.04688463
v -0.04191102 0.16740146 -0.07904343
v -0.05699279 0.16742968 -0.11120265
v -0.07181917 0.16745503 -0.14289632
v -0.0063024 0.16736632 -0.0181347
v -0.01554914 0.1674118 -0.05225542
v -0.02499102 0.16745884 -0.08709919
v -0.03443288 0.16750593 -0.12194353
v -0.04371884 0.16755053 -0.15628063
v 0.03170375 0.16738045 0.03511202
v 0.05890423 0.16744105 0.05208673
v 0.0866789 0.16750238 0.06942176
v 0.11445365 0.16756355 0.08675672
v 0.141751 0.16762155 0.10384827
v 0.01992604 -0.09778129 -0.2213668
v -0.02050045 -0.09788788 -0.22167623
v 0.05966844 -0.09769003 -0.21188588
v 0.09719558 -0.09761685 -0.19360041
v 0.13106755 -0.09756546 -0.16721686
v 0.15998175 -0.09753834 -0.13375192
v 0.1828309 -0.09753466 -0.09449472
v 0.19874066 -0.09755618 -0.05095175
v 0.2071017 -0.09760171 -0.00479516
v 0.20759357 -0.09766984 0.04220438
v 0.20019772 -0.09775983 0.0882445
v 0.18520848 -0.097903 0.13154652
v -0.1943514 -0.09880929 0.08525404
v -0.17845776 -0.09888235 0.12878751
v -0.20271019 -0.09875872 0.03909627
v -0.20320268 -0.09869121 -0.00790314
v -0.19580641 -0.09860404 -0.05394147
v -0.18080271 -0.09850054 -0.09725377
v -0.15876686 -0.09838367 -0.13617576
v -0.13054356 -0.09825921 -0.16920954
v -0.09721237 -0.09813191 -0.19508376
v -0.06005505 -0.09800647 -0.21280109
v -0.01042694 0.02015723 0.25579664
v -0.00104486 0.0376585 0.25612464
v 0.00705448 0.03782064 0.25635683
v 0.01612125 0.02095923 0.25612223
v -0.15367437 -0.03216603 0.17275273
v -0.12892192 -0.03378595 0.20092389
v -0.09714893 -0.03972699 0.22688666
v -0.06647537 -0.04017254 0.24476839
v -0.04069123 -0.03157308 0.25381666
v -0.03059097 -0.02075432 0.25514549
v 0.03540619 -0.01841175 0.25550609
v 0.04460299 -0.02901339 0.25428274
v 0.0721284 -0.03904822 0.24574996
v 0.10578816 -0.0383781 0.22843185
v 0.13760204 -0.03227376 0.2029643
v 0.16182293 -0.03077503 0.17516171
v 0.16420561 -0.07923758 0.1711325
v 0.16679501 -0.09573974 0.16625508
v 0.1645772 -0.05882916 0.17110595
v -0.15930317 -0.09665716 0.1637797
v -0.1564847 -0.08021951 0.16869548
v -0.15670995 -0.05997105 0.16866031
v -0.02158037 -0.002618 0.25542026
v 0.02687227 -0.00102125 0.25576749
v 0.01952599 -0.09778767 -0.21765065
v -0.02014676 -0.0978923 -0.21795484
v 0.05854338 -0.09769771 -0.20834143
v 0.09541183 -0.09762602 -0.190375
v 0.12871797 -0.09757585 -0.16442953
v 0.15717427 -0.09754908 -0.13149251
v 0.17967762 -0.0975453 -0.09282669
v 0.19535498 -0.09756652 -0.04991716
v 0.20359651 -0.09761159 -0.00441975
v 0.20408138 -0.09767853 0.04190863
v 0.19679407 -0.09776533 0.08727966
v 0.18200901 -0.09790248 0.12996983
v -0.19096532 -0.09879639 0.08422038
v -0.17528109 -0.09886341 0.1271599
v -0.19920474 -0.09874846 0.03872096
v -0.19969077 -0.09868224 -0.00760729
v -0.19240257 -0.0985965 -0.05297571
v -0.17762659 -0.09849452 -0.09563531
v -0.15594056 -0.09837936 -0.13394299
v -0.12818916 -0.09825719 -0.16642719
v -0.09544326 -0.09813166 -0.19184932
v -0.05896411 -0.09800898 -0.20924478
v -0.00977616 0.01993773 0.25212639
v -0.00068321 0.03763747 0.25240582
v 0.00680183 0.03782197 0.25262612
v 0.01556073 0.02079722 0.25243231
v -0.15080913 -0.03213392 0.17057316
v -0.12652021 -0.03379565 0.19818973
v -0.09525331 -0.0398296 0.22373791
v -0.06509202 -0.04049329 0.24133275
v -0.03964204 -0.03205189 0.25027129
v -0.02966896 -0.02117204 0.25155401
v 0.03458701 -0.0187036 0.25187659
v 0.04367173 -0.02932337 0.25068494
v 0.07087701 -0.03924113 0.24225212
v 0.1039667 -0.0384388 0.22523026
v 0.13520263 -0.03229175 0.20022934
v 0.15893982 -0.03076094 0.17300921
v 0.16118067 -0.07922039 0.16921514
v 0.16375152 -0.09573318 0.16437032
v 0.1615569 -0.05880197 0.16917787
v -0.15628185 -0.09663233 0.16185486
v -0.15348124 -0.08018375 0.16673968
v -0.15371061 -0.05992506 0.16669546
v -0.020797 -0.00292647 0.25178417
v 0.02617939 -0.00125557 0.25210571
v 0.0203054 -0.0977753 -0.22489117
v -0.02083589 -0.09788363 -0.22520552
v 0.06073549 -0.0976824 -0.21524737
v 0.09888708 -0.09760779 -0.19665934
v 0.13329561 -0.09755525 -0.1698603
v 0.16264472 -0.09752806 -0.13589473
v 0.18582174 -0.09752453 -0.09607665
v 0.20195178 -0.09754622 -0.05193293
v 0.21042622 -0.09759206 -0.00515119
v 0.21092417 -0.09766153 0.04248487
v 0.20342622 -0.09775451 0.08915954
v 0.18824274 -0.09790406 0.13304181
v -0.19756259 -0.09882182 0.08623433
v -0.18147051 -0.09890032 0.13033111
v -0.20603452 -0.09876851 0.03945221
v -0.20653365 -0.0986996 -0.00818372
v -0.19903411 -0.09861151 -0.05485738
v -0.18381512 -0.09850616 -0.09878867
v -0.16144739 -0.09838766 -0.13829329
v -0.13277633 -0.09826137 -0.17184826
v -0.09889017 -0.09813211 -0.19815126
v -0.06108966 -0.09800454 -0.21617382
v -0.01104414 0.02036535 0.25927743
v -0.00138783 0.03767845 0.25965151
v 0.0072941 0.03781934 0.25989502
v 0.01665281 0.02111289 0.25962168
v -0.15639174 -0.03219654 0.17481981
v -0.13120003 -0.03377673 0.20351691
v -0.09894678 -0.03962987 0.22987285
v -0.06778719 -0.03986829 0.24802666
v -0.0416862 -0.03111898 0.25717902
v -0.03146532 -0.02035823 0.25855159
v 0.03618304 -0.01813501 0.25894823
v 0.04548613 -0.02871925 0.25769481
v 0.07331536 -0.03886518 0.24906724
v 0.10751578 -0.03832065 0.23146817
v 0.13987757 -0.03225695 0.2055581
v 0.16455702 -0.03078836 0.1772031
v 0.16707415 -0.07925391 0.17295089
v 0.16968147 -0.09574628 0.16804254
v 0.16744133 -0.05885477 0.1729345
v -0.16216871 -0.09668073 0.16560518
v -0.1593329 -0.08025344 0.1705503
v -0.15955425 -0.06001489 0.17052374
v -0.02232331 -0.00232542 0.25886866
v 0.02752937 -0.00079908 0.25924024
v -0.03770867 0.1466068 -0.20918187
v -0.01784571 0.15959368 -0.20511081
v -0.03438988 0.16560494 -0.19096924
v -0.0545496 0.15948765 -0.19687131
v -0.03638725 0.15954077 -0.20204284
v -0.05704626 0.17098663 -0.20514942
v -0.03526999 0.17988361 -0.19568461
v -0.0186201 0.17110669 -0.21376752
v -0.04063917 0.15926025 -0.22443886
v -0.03803336 0.17104904 -0.21055704
v -0.07460096 0.14650082 -0.1963894
v -0.06840953 0.16549873 -0.17916783
v -0.08904477 0.15938228 -0.18041271
v -0.07215748 0.15943464 -0.18963533
v -0.09313355 0.17085057 -0.18795605
v -0.07022067 0.17977006 -0.18358194
v -0.08041883 0.15911358 -0.21065098
v -0.07547143 0.17091986 -0.19758752
v -0.10853198 0.14640061 -0.17539846
v -0.09967813 0.16539028 -0.15981429
v -0.12001173 0.15928098 -0.15635542
v -0.10504619 0.15933115 -0.16928122
v -0.12548621 0.17070645 -0.16286245
v -0.10233455 0.17965039 -0.16374862
v -0.11693754 0.15894734 -0.18807077
v -0.10985703 0.17077881 -0.17633986
v -0.13820143 0.14630608 -0.14699442
v -0.1269951 0.16528357 -0.13364836
v -0.14625859 0.1591838 -0.12561161
v -0.13379176 0.15923161 -0.14174982
v -0.15286417 0.17056201 -0.13085015
v -0.13037669 0.1795302 -0.13695249
v -0.14878605 0.15877182 -0.15759718
v -0.13986551 0.17063376 -0.14764729
v -0.16246083 0.14621768 -0.11225037
v -0.14930781 0.16518101 -0.10167188
v -0.16676855 0.15909332 -0.08935347
v -0.15728427 0.1591376 -0.10808791
v -0.17422495 0.17042599 -0.09315971
v -0.15327163 0.17941427 -0.10422766
v -0.17475281 0.15860012 -0.1204288
v -0.16435118 0.17049229 -0.11262676
v -0.18036188 0.14613598 -0.07249128
v -0.1657571 0.1650874 -0.06511198
v -0.18074318 0.15901121 -0.04897192
v -0.17461113 0.15905101 -0.06958305
v -0.18875964 0.17030657 -0.05124412
v -0.17014302 0.17930854 -0.0668345
v -0.193863 0.15844377 -0.07800798
v -0.18238401 0.17036396 -0.07263161
v -0.19119784 0.14606191 -0.029246
v -0.17570671 0.16500578 -0.0253736
v -0.18763491 0.15893945 -0.0060218
v -0.18509589 0.15897384 -0.02771536
v -0.19592437 0.17020963 -0.00670963
v -0.18034717 0.17921724 -0.02621034
v -0.20540753 0.15831361 -0.03196459
v -0.1932846 0.17025482 -0.02919893
v -0.19453892 0.14599643 0.01581371
v -0.17877198 0.16493853 0.01601437
v -0.18717351 0.15887886 0.03783758
v -0.18832691 0.15890769 0.01590027
v -0.19545249 0.1701388 0.03874272
v -0.18349698 0.17914426 0.01608648
v -0.20896419 0.15821676 0.01594677
v -0.19664622 0.1701707 0.01601015
v -0.19025148 0.14594003 0.06094034
v -0.17483475 0.16488647 0.05745609
v -0.17937769 0.15882463 0.08090649
v -0.18417707 0.15885341 0.05957678
v -0.18736612 0.17008999 0.08337886
v -0.17947329 0.17909106 0.05843454
v -0.20440721 0.15815711 0.06390765
v -0.1923459 0.17011433 0.06127035
v -0.16193507 0.07234492 0.14569397
v -0.1503148 0.05982657 0.16409301
v -0.16214549 0.05027831 0.14565399
v -0.17221161 0.06163923 0.12599432
v -0.16203971 0.06080524 0.14567369
v -0.18336942 0.06165471 0.13184341
v -0.17275728 0.05034129 0.15255461
v -0.16026361 0.05989863 0.17202949
v -0.17253486 0.07237144 0.15261521
v -0.17264518 0.06084989 0.15258516
v 0.17051678 0.07338839 0.14837151
v 0.180289 0.06268294 0.12884447
v 0.17052409 0.05140388 0.14833529
v 0.15916432 0.06094282 0.16657689
v 0.17051565 0.061889 0.1483531
v 0.16917869 0.06106029 0.17442205
v 0.18121124 0.05151586 0.1551046
v 0.19152541 0.06275295 0.13452182
v 0.18119318 0.07346614 0.15516057
v 0.18119697 0.06198369 0.15513277
v -0.15981786 0.14555946 0.14442828
v -0.16456653 0.15871511 0.12150686
v -0.14685839 0.16469463 0.13413322
v -0.14333462 0.15843406 0.15807455
v -0.15470768 0.15858638 0.14038428
v -0.14990736 0.16973562 0.16346424
v -0.15081733 0.17890606 0.13684439
v -0.17198385 0.16999624 0.12549214
v -0.17199237 0.15785545 0.15274964
v -0.16173587 0.16987718 0.14508919
v -0.13488112 0.14514052 0.17955763
v -0.12390397 0.16447697 0.16643092
v -0.11646498 0.15815952 0.18922318
v -0.13054403 0.15829187 0.17440454
v -0.12193248 0.16948476 0.19584828
v -0.12729062 0.17869199 0.16989257
v -0.14535695 0.15751172 0.1902399
v -0.13659571 0.16960515 0.18043637
v -0.10462517 0.14478328 0.20842991
v -0.09605031 0.16428421 0.19300305
v -0.08498274 0.15792824 0.21375635
v -0.10122764 0.15803633 0.20237931
v -0.08910204 0.16927778 0.2213948
v -0.09872801 0.17850324 0.19708997
v -0.11296238 0.15722945 0.22113256
v -0.1060491 0.16937416 0.20954269
v -0.07021113 0.14450074 0.22994849
v -0.06435932 0.16414706 0.21282522
v -0.05008968 0.15777927 0.23074325
v -0.06788133 0.15784032 0.22323761
v -0.0526594 0.16915017 0.23911014
v -0.06620996 0.17837029 0.2173894
v -0.07602268 0.15700614 0.24422022
v -0.07124736 0.16920091 0.2312798
v -0.03294317 0.14436125 0.24330952
v -0.03004095 0.16409383 0.2251423
v -0.01311732 0.15775707 0.23954671
v -0.03177429 0.15775117 0.23619332
v -0.01399994 0.16914612 0.24829849
v -0.03097833 0.17832158 0.23000608
v -0.03593392 0.15690986 0.25858926
v -0.03351282 0.1691313 0.24479828
v 0.00573886 0.14439879 0.24801904
v 0.00557794 0.16414824 0.22948744
v 0.0244911 0.1578727 0.23983876
v 0.00569909 0.15779802 0.24076226
v 0.02535283 0.16927678 0.24859567
v 0.00560202 0.17838145 0.23445114
v 0.00573826 0.15697693 0.26366078
v 0.00568697 0.16919489 0.24956497
v 0.04431689 0.14461146 0.24390566
v 0.04110794 0.16431021 0.22569608
v 0.06127012 0.15811693 0.23161035
v 0.04307489 0.15798014 0.23677504
v 0.06384433 0.16953022 0.239986
v 0.04209892 0.1785486 0.23055163
v 0.04732768 0.15720377 0.2592239
v 0.04480257 0.16938957 0.24538853
v 0.08128038 0.14497315 0.23112671
v 0.07516525 0.16456285 0.21391356
v 0.09578948 0.15846091 0.21517309
v 0.07889635 0.15827962 0.22438398
v 0.09995446 0.16987422 0.22280642
v 0.07708396 0.17880551 0.2184579
v 0.08716705 0.15756453 0.24545078
v 0.08228623 0.16969437 0.2324305
v 0.11521084 0.14543765 0.21015951
v 0.10643564 0.1648698 0.19458675
v 0.12673787 0.15885081 0.191143
v 0.11178574 0.15865305 0.20405492
v 0.13229347 0.17025251 0.1977287
v 0.10920058 0.17911624 0.19863654
v 0.12368924 0.15799984 0.22289
v 0.11667501 0.17006181 0.21119815
v 0.14483346 0.14593622 0.18178297
v 0.13372792 0.16519849 0.16844944
v 0.15294025 0.15924705 0.16042743
v 0.14049799 0.15904903 0.17655098
v 0.15963178 0.1706275 0.16573154
v 0.13722014 0.17944406 0.17185244
v 0.1555022 0.15843796 0.19243632
v 0.14665542 0.17044074 0.1825211
v 0.16901941 0.14645043 0.14706865
v 0.15600346 0.16551569 0.13650786
v 0.17339934 0.15961274 0.12420296
v 0.16393865 0.15944494 0.14292091
v 0.18094635 0.17096874 0.12805575
v 0.16007988 0.17975945 0.13913942
v 0.18140727 0.15887893 0.15528836
v 0.17109367 0.17081363 0.14751617
v 0.00040006 0.07451892 -0.21578356
v -0.01917364 0.06324834 -0.21483135
v 0.00030811 0.05312442 -0.21580734
v 0.01990375 0.06335178 -0.21453145
v 0.00035188 0.06330168 -0.21579602
v 0.02131601 0.06337495 -0.22765797
v 0.00039232 0.05314425 -0.22901845
v -0.02042306 0.06326443 -0.22797635
v 0.0004843 0.07453881 -0.22899457
v 0.00043608 0.06332138 -0.22900709
v 0.03934473 0.07461587 -0.2110258
v 0.03925278 0.05322133 -0.21104982
v 0.05834699 0.06344126 -0.20535835
v 0.03929651 0.06339856 -0.21103841
v 0.0623209 0.06347026 -0.21787834
v 0.04196738 0.0532477 -0.22394311
v 0.04205928 0.0746423 -0.22391903
v 0.04201104 0.06342482 -0.22393164
v 0.19769556 0.14696039 0.06409287
v 0.18735444 0.15979105 0.08384229
v 0.18236775 0.1658338 0.06025921
v 0.19424425 0.1598877 0.04089653
v 0.19170482 0.15984487 0.06258923
v 0.2026302 0.17120024 0.04161018
v 0.18713 0.18006716 0.06112998
v 0.19546718 0.17112161 0.08614461
v 0.21201036 0.1592804 0.06683965
v 0.19999019 0.17116506 0.06409966
v 0.20103661 0.14704591 0.0190332
v 0.18543267 0.16590476 0.01887319
v 0.19378168 0.15995472 -0.00296295
v 0.19493565 0.15992476 0.01897474
v 0.20215764 0.17126223 -0.00384224
v 0.19027936 0.18013642 0.01883314
v 0.21556693 0.1593444 0.01892779
v 0.20335166 0.17123282 0.01889033
v 0.19674803 0.14710097 -0.02609382
v 0.18149401 0.16595573 -0.02257087
v 0.18598216 0.15999445 -0.04603713
v 0.19078472 0.15997813 -0.02470335
v 0.19406884 0.17131055 -0.04847873
v 0.18625505 0.18018806 -0.02351486
v 0.2110089 0.15940268 -0.02903307
v 0.19905059 0.17128798 -0.02636987
v 0.18499548 0.14712396 -0.06953709
v 0.17070336 0.16598454 -0.06247482
v 0.17114755 0.16000552 -0.08666003
v 0.17941243 0.16000342 -0.06675493
v 0.17866925 0.17134423 -0.09059649
v 0.17521056 0.18022105 -0.06429121
v 0.1985097 0.15945428 -0.07522497
v 0.18725046 0.17132931 -0.06995499
v 0.16624072 0.14711521 -0.10961307
v 0.15347711 0.16598969 -0.0993026
v 0.14985694 0.1599881 -0.12326476
v 0.16126121 0.16000028 -0.10555562
v 0.15654091 0.17136052 -0.12858547
v 0.15756857 0.18023404 -0.10193301
v 0.17853531 0.15949618 -0.11789281
v 0.16839768 0.17135478 -0.11020109
v 0.14122016 0.14707538 -0.14477524
v 0.13048076 0.16597168 -0.13163776
v 0.12293797 0.15994407 -0.15444304
v 0.13703869 0.15996916 -0.13961051
v 0.12851972 0.17135636 -0.16098655
v 0.13400194 0.18022552 -0.1349949
v 0.15182873 0.15952232 -0.15540635
v 0.1432034 0.1713608 -0.14556628
v 0.11091254 0.14700888 -0.17367512
v 0.1026005 0.16593185 -0.15823848
v 0.09143534 0.1598775 -0.17900188
v 0.1076859 0.15991325 -0.16761261
v 0.09567031 0.17133031 -0.18654915
v 0.10541103 0.18019534 -0.16220566
v 0.11939226 0.15952862 -0.18631988
v 0.11262253 0.17134597 -0.17468932
v 0.07649643 0.1469226 -0.19521513
v 0.0709112 0.16587172 -0.17808476
v 0.0565662 0.15979345 -0.19600746
v 0.07433932 0.15983726 -0.1884936
v 0.05924832 0.17128062 -0.20427635
v 0.07289216 0.18014484 -0.18251615
v 0.08245276 0.15951009 -0.20942598
v 0.07782022 0.17130859 -0.19644072
v 0.03929959 0.14682233 -0.20858772
v 0.03663146 0.16579559 -0.19041739
v 0.01966932 0.15969725 -0.20481972
v 0.03828382 0.15974649 -0.20146317
v 0.02065346 0.1712059 -0.21347093
v 0.03769394 0.18007466 -0.19513976
v 0.04242179 0.15946102 -0.22380696
v 0.04013014 0.17124672 -0.2099684
v 0.00074332 0.14671519 -0.21329985
v 0.00107676 0.16570499 -0.19476738
v 0.00089962 0.15964603 -0.206036
v 0.0011703 0.17998659 -0.19958725
v 0.00084944 0.1593777 -0.2288822
v 0.00100613 0.17115938 -0.21473807
v 0.07691992 0.07469625 -0.1975201
v 0.07682789 0.05330237 -0.19754415
v 0.09469514 0.06351208 -0.18764385
v 0.07687158 0.06347925 -0.19753271
v 0.10099583 0.06354541 -0.19903697
v 0.08200108 0.05333361 -0.20955982
v 0.08209292 0.07472776 -0.20953573
v 0.08204478 0.0635105 -0.20954835
v 0.11169107 0.07475652 -0.17576152
v 0.11159852 0.05336266 -0.17578554
v 0.1275534 0.06356135 -0.16204467
v 0.11164264 0.06353949 -0.17577412
v 0.13585139 0.06359831 -0.17189016
v 0.11894276 0.05339787 -0.18645092
v 0.11903496 0.07479205 -0.18642681
v 0.11898664 0.06357476 -0.18643944
v 0.14231586 0.07479503 -0.14656394
v 0.14222326 0.0534007 -0.14658819
v 0.15564636 0.06358823 -0.12952582
v 0.14226757 0.06357771 -0.14657664
v 0.16556435 0.06362658 -0.13750672
v 0.15138045 0.05343848 -0.15553501
v 0.1514724 0.07483305 -0.15551072
v 0.15142428 0.06361561 -0.15552344
v 0.16760143 0.07480999 -0.11103531
v 0.16750925 0.05341573 -0.11105936
v 0.17787696 0.06359121 -0.09132747
v 0.16755303 0.06359276 -0.11104792
v 0.18901585 0.06362946 -0.09721943
v 0.17808778 0.05345407 -0.1180188
v 0.17817978 0.07484876 -0.11799477
v 0.17813178 0.0636312 -0.11800737
v -0.05714756 0.12393128 -0.20619151
v -0.0383268 0.10063348 -0.21159662
v -0.01891323 0.12404223 -0.2147715
v -0.03822718 0.12398698 -0.21157661
v -0.02014399 0.12796084 -0.22789533
v -0.04089022 0.10162218 -0.22451795
v -0.0609804 0.12783297 -0.21873307
v -0.04077585 0.12789936 -0.22448229
v -0.09309138 0.1238215 -0.18905055
v -0.07559197 0.10051702 -0.19867686
v -0.07549293 0.12387608 -0.19865633
v -0.08067186 0.10149324 -0.21072927
v -0.09931761 0.12768976 -0.20045664
v -0.08055663 0.12776291 -0.21069398
v -0.12537512 0.1237146 -0.16398382
v -0.10986916 0.10039795 -0.17747473
v -0.10977084 0.1237675 -0.1774536
v -0.11719212 0.10135813 -0.18814714
v -0.13366702 0.12753801 -0.17379528
v -0.11707612 0.1276146 -0.18811266
v -0.15275467 0.12361241 -0.13193266
v -0.13984529 0.10027993 -0.14878144
v -0.1397477 0.12366289 -0.14875945
v -0.14904168 0.10122226 -0.15767116
v -0.16271284 0.12738639 -0.13980642
v -0.14892506 0.12746173 -0.1576377
v -0.17416444 0.12351747 -0.09411045
v -0.16435939 0.1001672 -0.11367864
v -0.16426244 0.12356384 -0.11365561
v -0.17500898 0.10109224 -0.12050032
v -0.18535779 0.12724402 -0.0998163
v -0.17489223 0.12731358 -0.12046791
v -0.18875981 0.12343143 -0.05196642
v -0.18245182 0.10006438 -0.07350346
v -0.18235449 0.12347323 -0.07347935
v -0.19411915 0.10097368 -0.07807711
v -0.20075625 0.12711893 -0.05536945
v -0.19400277 0.12717907 -0.07804569
v -0.1959616 0.12335529 -0.00712598
v -0.19340485 0.09997374 -0.0298009
v -0.19330771 0.12339193 -0.0297758
v -0.2056639 0.10087101 -0.03203123
v -0.20834143 0.12701669 -0.00816539
v -0.20554719 0.12706455 -0.03200092
v -0.19548197 0.12329175 0.03867245
v -0.19678288 0.09989892 0.01573859
v -0.19668571 0.12332209 0.0157645
v -0.20922069 0.10078843 0.01588264
v -0.20783788 0.12694205 0.04000146
v -0.20910376 0.12697584 0.01591184
v -0.18733912 0.12322231 0.08365076
v -0.19244872 0.09983857 0.06134905
v -0.19235169 0.1232637 0.06137467
v -0.20466339 0.10072671 0.06384587
v -0.19927348 0.12687942 0.08730356
v -0.20454652 0.12691512 0.06387414
v -0.17851202 0.14585295 0.10437695
v -0.17188261 0.12300445 0.12605308
v -0.18058723 0.0996951 0.10525862
v -0.18048711 0.12315178 0.10528036
v -0.19218407 0.10059502 0.11003442
v -0.18299682 0.12668474 0.13193753
v -0.19191719 0.15809452 0.1100972
v -0.19206178 0.12681865 0.11006344
v 0.18655648 0.07480078 -0.07053647
v 0.18646401 0.05340641 -0.07056032
v 0.19337028 0.06357001 -0.04891891
v 0.18650811 0.06358353 -0.07054898
v 0.20533002 0.06360719 -0.05257336
v 0.19806335 0.05344425 -0.07534827
v 0.19815596 0.07483892 -0.07532444
v 0.19810731 0.0636214 -0.07533693
v 0.19843527 0.07476789 -0.02663126
v 0.19834274 0.0533736 -0.02665508
v 0.20151735 0.06352581 -0.00394286
v 0.1983868 0.06355077 -0.02664374
v 0.21389928 0.06356052 -0.00526891
v 0.21056322 0.05340971 -0.02915361
v 0.21065589 0.07480432 -0.02912978
v 0.21060714 0.06358682 -0.02914227
v -0.12176571 0.12187881 0.1966968
v -0.13660068 0.09828653 0.18120756
v -0.14976462 0.12241683 0.16421684
v -0.13643787 0.12213631 0.18124803
v -0.15965576 0.12613046 0.17219021
v -0.14575958 0.09923508 0.19014138
v -0.13002972 0.12562154 0.20654052
v -0.14556461 0.12586566 0.19018995
v -0.08894954 0.12141441 0.22226139
v -0.10607627 0.09758941 0.21034845
v -0.1058844 0.12163264 0.21040777
v -0.11341093 0.09853806 0.22101371
v -0.09520562 0.12516452 0.23365746
v -0.11319027 0.12538488 0.22107359
v -0.05255765 0.12111628 0.23995511
v -0.07132088 0.09706317 0.23206187
v -0.07111664 0.12124104 0.23213809
v -0.07644599 0.09792257 0.24409648
v -0.05647042 0.12481976 0.25248256
v -0.07623551 0.12496896 0.24416033
v -0.01397157 0.1210292 0.24912028
v -0.03326274 0.09719955 0.24554671
v -0.03344486 0.12104422 0.24562975
v -0.03590253 0.09795766 0.25845477
v -0.01534177 0.12472302 0.26224142
v -0.03610112 0.12473847 0.2585245
v 0.02528313 0.12118033 0.24942225
v 0.00545948 0.09762074 0.25030309
v 0.00566895 0.12107654 0.25038495
v 0.00536519 0.09835193 0.26351186
v 0.02650905 0.12488112 0.26256278
v 0.00559357 0.12477169 0.2635886
v 0.06365956 0.1215332 0.24085198
v 0.0441795 0.09753105 0.24614763
v 0.04467741 0.12133463 0.24623072
v 0.04666086 0.09828161 0.25909292
v 0.06747673 0.12527279 0.25342378
v 0.04720881 0.12504871 0.25916075
v 0.09964378 0.12204132 0.22373643
v 0.08202584 0.09765469 0.2332533
v 0.08203735 0.1217696 0.23332768
v 0.08706545 0.09853484 0.24533253
v 0.10587934 0.12586204 0.23516464
v 0.08709675 0.12555198 0.2453932
v 0.13188992 0.12266727 0.19870577
v 0.11628747 0.09837154 0.21210061
v 0.11631228 0.1223463 0.21215687
v 0.12361535 0.09936676 0.22277733
v 0.14020508 0.12649771 0.20853138
v 0.12363515 0.12617963 0.22283379
v 0.15918554 0.12331601 0.16669164
v 0.1461748 0.09920083 0.18346069
v 0.14622503 0.12298729 0.18349996
v 0.15538777 0.10020553 0.19234183
v 0.16917505 0.12712387 0.17457172
v 0.15543001 0.12680871 0.19238817
v 0.20276969 0.07471234 0.01897682
v 0.20267768 0.05331797 0.01895306
v 0.20199766 0.06345722 0.04185541
v 0.20272168 0.06349506 0.01896433
v 0.2144031 0.06348971 0.04289926
v 0.21512189 0.05335128 0.01881006
v 0.21521337 0.07474579 0.01883387
v 0.21516546 0.06352837 0.01882138
v 0.19939151 0.07462988 0.06451962
v 0.1993 0.05323177 0.06449742
v 0.19480264 0.06331092 0.08670286
v 0.19934371 0.06341082 0.06450789
v 0.20682808 0.06334883 0.09010185
v 0.21156629 0.05326537 0.06672382
v 0.21165756 0.07466214 0.066748
v 0.21160958 0.06344369 0.06673532
v 0.18686886 0.14681361 0.10733205
v 0.19506476 0.12423285 0.08676455
v 0.18856443 0.10069345 0.10825429
v 0.18049843 0.12395811 0.12890203
v 0.18866701 0.12413381 0.10827662
v 0.19172574 0.12773188 0.13461157
v 0.20024454 0.10166158 0.11281936
v 0.20709349 0.12797603 0.09017418
v 0.2004733 0.15917781 0.11288115
v 0.20034846 0.12789124 0.11284785
v 0.20226441 0.12434431 0.04192306
v 0.19950556 0.10087918 0.06454762
v 0.19961033 0.12429862 0.06457358
v 0.21177306 0.10183667 0.06677823
v 0.21467545 0.12806877 0.04297063
v 0.21188159 0.12803082 0.06680634
v 0.20178388 0.1244143 -0.00387538
v 0.2028836 0.10096008 0.01900631
v 0.20298819 0.12438295 0.01903233
v 0.21532943 0.10191599 0.01886437
v 0.21417176 0.12813451 -0.00519628
v 0.21543814 0.12810331 0.01889333
v 0.19363713 0.12445513 -0.04885271
v 0.19854937 0.10101524 -0.02660206
v 0.1986534 0.1244382 -0.0265769
v 0.21077127 0.10197452 -0.02909896
v 0.20560257 0.12818539 -0.05249935
v 0.21087987 0.12816178 -0.02906894
v 0.17814274 0.12446742 -0.09126235
v 0.18667042 0.10104686 -0.07050757
v 0.1867748 0.12446496 -0.07048329
v 0.19827115 0.10201159 -0.07529327
v 0.18928904 0.1282207 -0.09714407
v 0.19838033 0.12820513 -0.07526221
v 0.1559122 0.12444996 -0.12946236
v 0.16771483 0.10105348 -0.11100696
v 0.16781853 0.12446234 -0.11098359
v 0.17829541 0.10202544 -0.11796349
v 0.16583804 0.12823624 -0.13743025
v 0.17840479 0.12823094 -0.11793145
v 0.12781845 0.12440504 -0.16198255
v 0.14242902 0.10103423 -0.14653623
v 0.1425327 0.1244309 -0.14651395
v 0.15158835 0.10201462 -0.1554794
v 0.13612613 0.12823036 -0.17181243
v 0.15169832 0.12823614 -0.15544638
v 0.09495943 0.12433623 -0.18758228
v 0.11180458 0.10099061 -0.17573377
v 0.11190722 0.12437314 -0.17571231
v 0.11915113 0.10197948 -0.18639497
v 0.10127074 0.12820087 -0.19895786
v 0.11926126 0.1282186 -0.18636104
v 0.05860989 0.12424971 -0.20529758
v 0.07703314 0.10092573 -0.19749251
v 0.07713515 0.124295 -0.19747154
v 0.08220911 0.10192085 -0.2095035
v 0.06259712 0.128147 -0.21779787
v 0.08232023 0.12817727 -0.20946852
v 0.0201653 0.12414913 -0.21447128
v 0.03945767 0.10084163 -0.2109984
v 0.03955877 0.12420069 -0.21097797
v 0.04217589 0.10183993 -0.22388652
v 0.02159359 0.12806628 -0.22757674
v 0.04228802 0.12811005 -0.22385066
v 0.00051267 0.10074279 -0.21575602
v 0.00061277 0.12409622 -0.21573609
v 0.00060123 0.10173917 -0.22896176
v 0.00071437 0.12801666 -0.22892588
v -0.00025832 -0.07839237 -0.2159546
v -0.01982525 -0.08817083 -0.21500074
v -0.00034191 -0.09784285 -0.21597601
v 0.01925139 -0.08806712 -0.21470066
v -0.00030016 -0.08811754 -0.21596534
v -0.00025727 -0.09782346 -0.22918705
v 0.02046882 -0.09777275 -0.22640934
v -0.00027626 -0.09782781 -0.22622138
v -0.02098037 -0.09788181 -0.22672581
v -0.00026648 -0.09782555 -0.22774931
v 0.02066426 -0.08804483 -0.22782722
v -0.02107454 -0.08815512 -0.22814571
v -0.0001738 -0.07837326 -0.22916561
v -0.00021556 -0.08809804 -0.2291764
v 0.03868634 -0.07829544 -0.21119672
v 0.03860275 -0.09774667 -0.21121808
v 0.0576953 -0.08797832 -0.2055272
v 0.03864448 -0.08802051 -0.21120742
v 0.04131784 -0.09772125 -0.22411134
v 0.06119511 -0.09767904 -0.21669539
v 0.04070832 -0.09772669 -0.221217
v 0.04102237 -0.09772356 -0.22270819
v 0.06166933 -0.08794986 -0.2180472
v 0.04140124 -0.07826983 -0.22408996
v 0.04135948 -0.08799517 -0.22410067
v 0.07626152 -0.07821501 -0.19769069
v 0.07617782 -0.0976667 -0.19771245
v 0.09404295 -0.0879076 -0.18781277
v 0.07621967 -0.08794034 -0.19770154
v 0.08135091 -0.09763566 -0.20972803
v 0.09961593 -0.09760392 -0.197977
v 0.08018961 -0.09764263 -0.20703071
v 0.08078805 -0.09763903 -0.20842041
v 0.10034369 -0.08787433 -0.19920589
v 0.08143481 -0.07818379 -0.20970639
v 0.08139285 -0.08790943 -0.20971716
v 0.11103231 -0.07815475 -0.17593218
v 0.11094856 -0.09760616 -0.17595431
v 0.12690153 -0.08785823 -0.16221383
v 0.11099045 -0.08788023 -0.17594318
v 0.11829304 -0.09757075 -0.18661968
v 0.13425543 -0.0975509 -0.17099902
v 0.11664437 -0.0975785 -0.18422547
v 0.1174937 -0.09757464 -0.18545898
v 0.13520006 -0.08782122 -0.17205944
v 0.11837672 -0.07811955 -0.1865976
v 0.11833489 -0.08784485 -0.18660859
v 0.14165745 -0.07811676 -0.14673492
v 0.14157387 -0.09756822 -0.14675653
v 0.15499471 -0.08783189 -0.12969471
v 0.14161565 -0.08784227 -0.14674569
v 0.15073126 -0.09752998 -0.15570342
v 0.16379162 -0.09752372 -0.13681776
v 0.14867538 -0.09753873 -0.15369498
v 0.14973446 -0.09753427 -0.15472975
v 0.16491253 -0.08779338 -0.13767561
v 0.15081453 -0.07807875 -0.15568177
v 0.15077291 -0.0878041 -0.15569257
v 0.16694302 -0.07810137 -0.11120598
v 0.16685958 -0.09755275 -0.1112276
v 0.17722517 -0.08782791 -0.09149637
v 0.16690145 -0.08782688 -0.11121676
v 0.17743776 -0.09751454 -0.11818702
v 0.1871099 -0.09752 -0.09675809
v 0.17506338 -0.09752341 -0.11662474
v 0.17628671 -0.09751894 -0.11742964
v 0.18836388 -0.08778979 -0.09738832
v 0.17752157 -0.07806276 -0.11816541
v 0.17747964 -0.08778833 -0.11817619
v 0.18589857 -0.07811043 -0.0707072
v 0.18581478 -0.0975612 -0.07072892
v 0.19271883 -0.08784943 -0.04908817
v 0.18585647 -0.08783576 -0.07071806
v 0.1974138 -0.09752362 -0.07551687
v 0.20333483 -0.09754184 -0.05235561
v 0.19480997 -0.09753235 -0.07444205
v 0.19615156 -0.09752794 -0.0749958
v 0.2046782 -0.08781217 -0.05274263
v 0.1974973 -0.07807257 -0.07549514
v 0.19745536 -0.08779794 -0.075506
v 0.19777685 -0.07814361 -0.02680231
v 0.19769363 -0.0975944 -0.02682369
v 0.20086556 -0.08789377 -0.00411217
v 0.19773508 -0.08786877 -0.02681306
v 0.20991385 -0.09755828 -0.02932222
v 0.2118583 -0.09758826 -0.00530456
v 0.20717066 -0.09756622 -0.02876134
v 0.20858408 -0.09756193 -0.02905031
v 0.21324767 -0.08785892 -0.00543823
v 0.20999741 -0.07810742 -0.02930084
v 0.20995555 -0.08783259 -0.02931159
v 0.20211146 -0.07819945 0.01880577
v 0.20202778 -0.09765007 0.01878438
v 0.20134535 -0.08796002 0.04168545
v 0.20206952 -0.08792459 0.01879502
v 0.21447145 -0.09761669 0.01864144
v 0.21235899 -0.09765795 0.04260569
v 0.21167817 -0.09762407 0.01867353
v 0.21311731 -0.09762037 0.01865699
v 0.21375079 -0.08792924 0.04273003
v 0.21455505 -0.078166 0.01866284
v 0.21451333 -0.08789113 0.01865208
v 0.19873321 -0.0782747 0.06434743
v 0.19864948 -0.09772444 0.06432495
v 0.19414494 -0.0880508 0.08652801
v 0.19869113 -0.08799926 0.06433604
v 0.21091517 -0.09769759 0.06655561
v 0.20481674 -0.09775214 0.08955372
v 0.20816147 -0.09770389 0.06605487
v 0.20958009 -0.09770063 0.06631285
v 0.20616897 -0.08803322 0.08993478
v 0.21099926 -0.07824868 0.06657695
v 0.21095728 -0.08797284 0.06656625
v 0.18779231 -0.07842939 0.10805605
v 0.18769761 -0.09782498 0.10803077
v 0.17953293 -0.08823781 0.12873391
v 0.18774478 -0.08812388 0.10804258
v 0.19937409 -0.0978159 0.11260083
v 0.18954993 -0.09790424 0.13368594
v 0.19675295 -0.09781802 0.11157493
v 0.19810356 -0.09781695 0.11210349
v 0.19083643 -0.08825107 0.13429835
v 0.19947169 -0.07843216 0.11261817
v 0.19942235 -0.08812082 0.11260962
v 0.18846017 0.0743753 0.10823103
v 0.18838083 0.05288671 0.10821311
v 0.18841829 0.06311259 0.10822138
v 0.2000658 0.05294303 0.11275702
v 0.20014134 0.07442034 0.11278609
v 0.20010104 0.06316333 0.1127711
v 0.14623649 0.07192256 0.18338644
v 0.14638724 0.04916378 0.18330311
v 0.13205757 0.05920189 0.19850912
v 0.1463025 0.06005641 0.18334543
v 0.140392 0.05933449 0.20832058
v 0.15562412 0.0493252 0.19215726
v 0.15545953 0.07202554 0.19225581
v 0.15553236 0.06018771 0.19220782
v 0.11643073 0.07056248 0.21198481
v 0.11671749 0.04706472 0.21184824
v 0.09996545 0.05756653 0.22344797
v 0.11655784 0.05835159 0.21191838
v 0.10617353 0.05761972 0.23489365
v 0.12405683 0.04722017 0.22251729
v 0.1237627 0.07064829 0.22265946
v 0.12389256 0.05846931 0.22259092
v 0.08225139 0.06943628 0.23307666
v 0.08268222 0.04521763 0.23286511
v 0.06268265 0.05756481 0.24044701
v 0.08244258 0.05690757 0.23297268
v 0.06626471 0.0573107 0.25311529
v 0.087588 0.04518044 0.24500854
v 0.08722006 0.06932019 0.24519029
v 0.08737444 0.05681315 0.24510361
v 0.04110412 0.07185836 0.24594706
v 0.03787277 0.05016511 0.24569538
v 0.01803647 0.06402198 0.24903616
v 0.03937929 0.06072821 0.24582546
v 0.0190019 0.06361796 0.26219907
v 0.04006147 0.04986731 0.25870633
v 0.04342726 0.07150947 0.25892671
v 0.04161499 0.06037344 0.2588233
v 0.00461807 0.07464636 0.25011983
v 0.00374224 0.05584392 0.24988046
v -0.00944164 0.06385505 0.24873766
v 0.00415795 0.06507031 0.25000721
v -0.01070023 0.06347417 0.26187214
v 0.00356298 0.05547508 0.26308363
v 0.00448789 0.07426177 0.26332777
v 0.00400208 0.06466081 0.26321408
v -0.18135717 -0.07942763 0.10506096
v -0.17274223 -0.08919832 0.12588357
v -0.18142689 -0.09880914 0.10503494
v -0.18824669 -0.08906891 0.08341506
v -0.18139174 -0.08911425 0.1050472
v -0.19302901 -0.09886496 0.10981647
v -0.19894617 -0.09882695 0.08665661
v -0.19042444 -0.09885253 0.1087431
v -0.18276855 -0.09890829 0.13099604
v -0.19176624 -0.0988587 0.10929611
v -0.20020774 -0.08911699 0.08706446
v -0.1839656 -0.08927656 0.13162744
v -0.19296206 -0.07949579 0.10983356
v -0.19299489 -0.0891764 0.10982524
v -0.19321873 -0.07931532 0.06114967
v -0.19330214 -0.0987643 0.06112603
v -0.19639062 -0.08901483 0.03843537
v -0.19326034 -0.08903961 0.06113781
v -0.2055231 -0.09880433 0.06362319
v -0.20746649 -0.0987729 0.03960554
v -0.20277953 -0.09879543 0.06306261
v -0.20419287 -0.09879987 0.06335143
v -0.20877233 -0.08905156 0.03976091
v -0.20543934 -0.07935612 0.06364519
v -0.20548115 -0.08907974 0.06363427
v -0.19755296 -0.07925992 0.01553864
v -0.19763638 -0.09871023 0.01551656
v -0.1968708 -0.08894953 -0.00736225
v -0.19759465 -0.08898473 0.01552765
v -0.21008023 -0.09874443 0.0156595
v -0.20796828 -0.09870349 -0.00830458
v -0.20728693 -0.09873647 0.01562741
v -0.20872604 -0.09874064 0.01564394
v -0.20927642 -0.08898133 -0.00840727
v -0.20999668 -0.07929361 0.01568158
v -0.21003842 -0.08901868 0.01567059
v -0.19417472 -0.07918401 -0.03000047
v -0.19425851 -0.0986348 -0.03002213
v -0.18966852 -0.08886439 -0.05220111
v -0.1942166 -0.08890926 -0.03001128
v -0.20652432 -0.09866429 -0.03225418
v -0.20042468 -0.09861443 -0.05525192
v -0.20377117 -0.0986578 -0.03175312
v -0.20518972 -0.09866131 -0.03201127
v -0.20169119 -0.08889126 -0.05561244
v -0.20644043 -0.07921337 -0.03223252
v -0.20648233 -0.08893861 -0.03224332
v -0.18322105 -0.07909034 -0.07370264
v -0.18330471 -0.09854199 -0.0737243
v -0.17507274 -0.08876364 -0.09434415
v -0.18326273 -0.0888158 -0.07371344
v -0.19497905 -0.09856621 -0.07830034
v -0.18511261 -0.09850878 -0.09944986
v -0.19235844 -0.0985609 -0.0772731
v -0.19370842 -0.0985635 -0.07780235
v -0.18629193 -0.08878509 -0.10006098
v -0.19489546 -0.07911459 -0.0782787
v -0.19493731 -0.08884019 -0.0782895
v -0.16512933 -0.07898285 -0.11387795
v -0.16521227 -0.09843383 -0.11390018
v -0.15366362 -0.08865042 -0.13216581
v -0.16517093 -0.08870797 -0.11388906
v -0.17586807 -0.09845233 -0.12072445
v -0.16260211 -0.09838952 -0.13920548
v -0.17347604 -0.09844825 -0.11919251
v -0.17470839 -0.09845059 -0.11998178
v -0.16364702 -0.08866547 -0.14005267
v -0.17578513 -0.07900133 -0.12070231
v -0.1758265 -0.08872676 -0.12071335
v -0.14061516 -0.0788655 -0.14898084
v -0.14069873 -0.09831642 -0.14900307
v -0.1262847 -0.08852987 -0.16421544
v -0.14065715 -0.08859067 -0.14899197
v -0.14990139 -0.09832755 -0.15789611
v -0.13373811 -0.09826234 -0.17298494
v -0.14783543 -0.09832523 -0.15589976
v -0.14889971 -0.09832669 -0.15692831
v -0.13460145 -0.08853758 -0.17404341
v -0.14981789 -0.07887714 -0.15787386
v -0.14985975 -0.08860229 -0.157885
v -0.11063935 -0.07874307 -0.17767338
v -0.11072304 -0.09819356 -0.17769503
v -0.09400225 -0.08840624 -0.18928033
v -0.11068113 -0.08846811 -0.17768418
v -0.11805196 -0.09819772 -0.18837198
v -0.09961292 -0.09813224 -0.19947263
v -0.11640683 -0.09819669 -0.18597516
v -0.11725436 -0.09819733 -0.18721005
v -0.10025117 -0.0884066 -0.20070526
v -0.11796858 -0.0787471 -0.18835015
v -0.11801025 -0.08847201 -0.18836104
v -0.07636237 -0.07862027 -0.1988753
v -0.07644628 -0.09807046 -0.19889663
v -0.05805917 -0.08828518 -0.20642125
v -0.07640434 -0.08834535 -0.198886
v -0.08153159 -0.09806687 -0.21095398
v -0.06153538 -0.09800364 -0.21762669
v -0.08038996 -0.09806761 -0.20824728
v -0.08097823 -0.09806723 -0.20964181
v -0.06191247 -0.08827743 -0.21898317
v -0.08144756 -0.07861622 -0.21093264
v -0.0814895 -0.08834152 -0.21094332
v -0.03909696 -0.07850221 -0.21179534
v -0.03918081 -0.09795216 -0.21181677
v -0.03913886 -0.08822704 -0.21180611
v -0.0417493 -0.09794034 -0.22474324
v -0.04117267 -0.09794288 -0.22184145
v -0.04146976 -0.09794151 -0.22333648
v -0.04166521 -0.07848983 -0.2247219
v -0.04170719 -0.08821504 -0.22473263
v -0.00016378 -0.05651482 -0.21592989
v -0.01974157 -0.06872233 -0.21497899
v 0.01933549 -0.06861881 -0.21467903
v -0.00021626 -0.06866899 -0.21594362
v 0.02074799 -0.06859564 -0.22780549
v -0.02099094 -0.06870598 -0.22812394
v -0.00007952 -0.0564947 -0.22914086
v -0.0001319 -0.06864916 -0.22915463
v 0.03878086 -0.05641778 -0.21117232
v 0.05777887 -0.06852907 -0.20550578
v 0.03872839 -0.06857185 -0.21118594
v 0.06175288 -0.06850031 -0.21802583
v 0.04149547 -0.05639142 -0.22406557
v 0.04144309 -0.06854581 -0.22407919
v 0.07635569 -0.05633683 -0.19766658
v 0.09412682 -0.06845814 -0.18779104
v 0.07630328 -0.06849099 -0.19767999
v 0.10042738 -0.06842473 -0.19918419
v 0.08152877 -0.05630547 -0.20968228
v 0.08147665 -0.06845974 -0.20969569
v 0.11112636 -0.05627636 -0.1759081
v 0.12698487 -0.06840861 -0.16219219
v 0.11107401 -0.06843062 -0.17592144
v 0.13528353 -0.0683721 -0.17203769
v 0.11847062 -0.05624133 -0.18657338
v 0.11841844 -0.06839562 -0.18658679
v 0.14175154 -0.05623791 -0.14671081
v 0.1550783 -0.06838197 -0.12967339
v 0.14169909 -0.0683924 -0.14672426
v 0.16499657 -0.06834339 -0.13765427
v 0.15090858 -0.05620036 -0.15565756
v 0.1508564 -0.06835458 -0.15567106
v 0.16703744 -0.05622276 -0.11118182
v 0.17730917 -0.06837845 -0.09147469
v 0.16698518 -0.0683771 -0.11119529
v 0.18844801 -0.06834022 -0.09736666
v 0.17761622 -0.05618407 -0.11814127
v 0.17756374 -0.06833847 -0.11815473
v 0.18599237 -0.05623186 -0.07068272
v 0.19280207 -0.06840006 -0.04906643
v 0.18594026 -0.06838635 -0.07069632
v 0.2047616 -0.06836278 -0.05272089
v 0.1975919 -0.05619401 -0.07547068
v 0.19753928 -0.06834844 -0.07548428
v 0.19787102 -0.05626503 -0.02677756
v 0.20094914 -0.06844479 -0.00409043
v 0.19781859 -0.06841959 -0.02679132
v 0.21333101 -0.06840994 -0.00541649
v 0.21009123 -0.05622899 -0.02927607
v 0.21003916 -0.06838347 -0.02928985
v 0.20220558 -0.0563212 0.01883058
v 0.20142915 -0.06851144 0.0417076
v 0.2021531 -0.06847556 0.01881676
v 0.21383443 -0.06848072 0.04275171
v 0.21464914 -0.05628791 0.01868758
v 0.21459709 -0.06844218 0.01867382
v 0.19882762 -0.05639882 0.06437443
v 0.19423213 -0.06862232 0.0865539
v 0.19877517 -0.06855171 0.06435939
v 0.20625734 -0.06860815 0.08995495
v 0.21109391 -0.05637304 0.06660134
v 0.2110411 -0.06852591 0.06658776
v 0.18790136 -0.05664802 0.10809464
v 0.17965531 -0.06900394 0.12876471
v 0.18784132 -0.06874849 0.10807289
v 0.19096788 -0.06903996 0.13430632
v 0.19958712 -0.05666128 0.11263668
v 0.19952328 -0.0687574 0.11262626
v -0.0311557 0.0714923 0.24534693
v -0.02890861 0.0497826 0.24509859
v -0.05247033 0.05699096 0.23954632
v -0.02994779 0.06035801 0.24522657
v -0.05621976 0.05675324 0.25215965
v -0.03136215 0.0495169 0.25805741
v -0.0336865 0.07117228 0.25828322
v -0.03242073 0.06003024 0.25817704
v -0.07180943 0.06874207 0.23187784
v -0.07246755 0.04441689 0.23165775
v -0.08987861 0.05668817 0.22195145
v -0.07211902 0.05616542 0.23176918
v -0.09614247 0.05671829 0.23336345
v -0.07748458 0.04438356 0.24374997
v -0.07688111 0.06862329 0.24394348
v -0.07715755 0.05606745 0.24385084
v -0.10648644 0.06964819 0.21022209
v -0.10700525 0.04600164 0.21007348
v -0.12252666 0.05813913 0.19648531
v -0.10673402 0.05736584 0.21014937
v -0.1308415 0.05823503 0.20631384
v -0.11435852 0.04612857 0.22073048
v -0.11383297 0.06970088 0.22088518
v -0.1140828 0.05745116 0.22081035
v -0.13691824 0.07088355 0.18112687
v -0.13729018 0.04798506 0.18103511
v -0.1370988 0.05894861 0.18108171
v -0.14647993 0.04810635 0.18994142
v -0.14609572 0.07094425 0.19004853
v -0.146282 0.05903891 0.1899963
v -0.18128176 -0.05766786 0.10509926
v -0.17270591 -0.07000366 0.12591348
v -0.18816703 -0.06964608 0.08344161
v -0.18132408 -0.06975647 0.10507774
v -0.20013004 -0.06969793 0.08708439
v -0.18393918 -0.0701056 0.13163313
v -0.19289428 -0.05774712 0.10985036
v -0.19293199 -0.06983133 0.10984094
v -0.1931246 -0.05744084 0.0611765
v -0.19630709 -0.0695667 0.03845764
v -0.19317688 -0.06959319 0.06116164
v -0.20868882 -0.06960303 0.03978259
v -0.20534633 -0.05748164 0.06366895
v -0.20539815 -0.06963387 0.06365577
v -0.19745877 -0.05738173 0.01556287
v -0.19678695 -0.06950052 -0.00734057
v -0.19751104 -0.06953585 0.01554939
v -0.2091927 -0.06953208 -0.00838559
v -0.20990252 -0.05741509 0.01570576
v -0.20995487 -0.06956944 0.01569234
v -0.19408018 -0.05730579 -0.02997632
v -0.18958436 -0.06941511 -0.0521797
v -0.19413283 -0.06946007 -0.02998975
v -0.2016074 -0.06944195 -0.05559106
v -0.20634618 -0.057335 -0.03220841
v -0.20639856 -0.06948932 -0.03222183
v -0.18312698 -0.05721186 -0.07367849
v -0.17498947 -0.06931372 -0.09432233
v -0.18317908 -0.06936619 -0.07369193
v -0.18620877 -0.06933524 -0.10003923
v -0.19480167 -0.05723598 -0.07825456
v -0.19485373 -0.06939043 -0.07826799
v -0.16503539 -0.05710392 -0.11385308
v -0.15358042 -0.06920086 -0.1321433
v -0.16508786 -0.0692585 -0.11386682
v -0.16356405 -0.06921594 -0.14003053
v -0.17569102 -0.05712238 -0.12067784
v -0.17574328 -0.06927696 -0.12069137
v -0.14052096 -0.05698692 -0.14895591
v -0.12620092 -0.06908085 -0.16419363
v -0.14057345 -0.06914144 -0.14896971
v -0.13451801 -0.06908858 -0.17402131
v -0.14972411 -0.05699856 -0.1578491
v -0.14977622 -0.06915307 -0.15786278
v -0.11054491 -0.05686488 -0.17764917
v -0.0939186 -0.06895745 -0.18925896
v -0.11059743 -0.06901911 -0.1776627
v -0.10016749 -0.06895761 -0.20068377
v -0.11787438 -0.056869 -0.18832568
v -0.11792673 -0.06902324 -0.1883393
v -0.07626821 -0.05674224 -0.19885088
v -0.05797529 -0.06883695 -0.20639957
v -0.07632042 -0.06889658 -0.19886452
v -0.06182865 -0.06882835 -0.21896152
v -0.08135361 -0.05673809 -0.2109082
v -0.08140577 -0.06889236 -0.21092182
v -0.03900286 -0.05662418 -0.21177059
v -0.03905515 -0.06877846 -0.21178434
v -0.04157133 -0.05661172 -0.22469711
v -0.04162346 -0.068766 -0.22471089
v -0.00002152 -0.02339001 -0.21589288
v -0.01961605 -0.03955155 -0.21494615
v 0.01946107 -0.03944806 -0.21464622
v -0.00009067 -0.03949821 -0.21591082
v 0.02087361 -0.03942472 -0.22777268
v -0.02086541 -0.03953537 -0.22809109
v 0.000063 -0.02337046 -0.22910386
v -0.00000629 -0.03947845 -0.22912178
v 0.03892319 -0.02329313 -0.21113498
v 0.05790452 -0.03935867 -0.20547309
v 0.03885399 -0.03940128 -0.21115313
v 0.06187848 -0.03932978 -0.21799314
v 0.04163804 -0.02326719 -0.2240282
v 0.0415687 -0.03937499 -0.22404636
v 0.07649847 -0.02321321 -0.19762957
v 0.09425249 -0.03928783 -0.18775895
v 0.076429 -0.03932083 -0.19764763
v 0.10055301 -0.03925418 -0.19915205
v 0.08167164 -0.02318152 -0.20964525
v 0.0816022 -0.03928922 -0.2096633
v 0.11126935 -0.02315284 -0.17587146
v 0.12711073 -0.03923828 -0.16215986
v 0.11119981 -0.03926022 -0.17588934
v 0.13540886 -0.0392016 -0.17200525
v 0.11861325 -0.02311718 -0.18653671
v 0.11854393 -0.03922486 -0.18655458
v 0.14189429 -0.02311439 -0.14667353
v 0.15520411 -0.03921119 -0.12964068
v 0.14182476 -0.03922178 -0.14669169
v 0.16512212 -0.03917289 -0.1376215
v 0.15105101 -0.02307656 -0.15562021
v 0.15098179 -0.03918409 -0.15563838
v 0.16717994 -0.02309899 -0.11114454
v 0.17743441 -0.03920787 -0.09144221
v 0.16711075 -0.03920661 -0.11116269
v 0.1885734 -0.03916966 -0.09733417
v 0.17775851 -0.02306043 -0.11810393
v 0.1776894 -0.03916795 -0.11812211
v 0.18613492 -0.02310769 -0.07064567
v 0.19292774 -0.03922904 -0.04903364
v 0.18606559 -0.03921548 -0.0706637
v 0.20488724 -0.03919194 -0.0526881
v 0.19773398 -0.0230699 -0.07543362
v 0.19766493 -0.03917749 -0.07545167
v 0.1980137 -0.02314098 -0.02674043
v 0.20107442 -0.0392741 -0.00405753
v 0.19794416 -0.0392488 -0.02675847
v 0.21345657 -0.03923943 -0.00538364
v 0.21023395 -0.02310489 -0.02923895
v 0.21016456 -0.03921272 -0.02925699
v 0.20234805 -0.02319664 0.01886799
v 0.20155464 -0.03934096 0.04174143
v 0.20227865 -0.03930459 0.01884983
v 0.21396064 -0.03931079 0.04278449
v 0.21479216 -0.02316375 0.01872465
v 0.21472261 -0.0392717 0.01870667
v 0.1989699 -0.02327668 0.06441445
v 0.194362 -0.03948394 0.08659426
v 0.1989008 -0.03938331 0.06439502
v 0.20638966 -0.03947181 0.08998576
v 0.21123722 -0.02325222 0.06663828
v 0.21116757 -0.03935841 0.06662036
v 0.18806015 -0.0236533 0.10814892
v 0.17986865 -0.04029997 0.12879125
v 0.18798258 -0.03969501 0.10812284
v 0.19117425 -0.04034292 0.13433867
v 0.19975489 -0.02366346 0.11266671
v 0.19967301 -0.039709 0.11265218
v -0.18071174 0.07335636 0.10523496
v -0.18082059 0.05184623 0.10521751
v -0.18760299 0.06227836 0.08358988
v -0.18076801 0.06208311 0.10522554
v -0.19956615 0.06225388 0.08723001
v -0.19243258 0.05184455 0.10996972
v -0.19231885 0.07334195 0.10999985
v -0.19237734 0.062075 0.10998433
v -0.19256071 0.07358636 0.06132129
v -0.19265367 0.05218647 0.0612998
v -0.19573882 0.06240068 0.03860567
v -0.19260951 0.06236646 0.06130991
v -0.20812174 0.062367 0.03992999
v -0.20487542 0.05215553 0.06379101
v -0.20478242 0.07355374 0.06381548
v -0.20483103 0.06233459 0.06380263
v -0.196895 0.07365135 0.01570973
v -0.19698719 0.05225741 0.01568581
v -0.19621934 0.06247006 -0.007193
v -0.19694308 0.06243433 0.01569719
v -0.20862442 0.06243854 -0.00823808
v -0.20943124 0.0522241 0.01582835
v -0.20933884 0.07361825 0.01585263
v -0.20938733 0.06240106 0.01583991
v -0.19351655 0.07372786 -0.02982983
v -0.19360898 0.05233349 -0.02985387
v -0.18901675 0.06255545 -0.05203254
v -0.19356493 0.06251057 -0.02984243
v -0.20103994 0.06252852 -0.05544389
v -0.20587472 0.05230411 -0.03208593
v -0.20578193 0.07369866 -0.03206187
v -0.20583076 0.06248121 -0.03207448
v -0.18116103 -0.02469827 0.10515318
v -0.17268297 -0.04136159 0.12593877
v -0.18804723 -0.04051591 0.08348182
v -0.18121947 -0.04072755 0.10512727
v -0.20001302 -0.04057006 0.08711404
v -0.18391044 -0.04147138 0.13166022
v -0.19278293 -0.02477539 0.10987833
v -0.19283659 -0.04080807 0.10986474
v -0.19298231 -0.0243204 0.0612166
v -0.19618122 -0.04039686 0.03849107
v -0.19305166 -0.0404264 0.06119705
v -0.20856382 -0.04043323 0.03981486
v -0.20520463 -0.02436254 0.06370556
v -0.20527339 -0.04046784 0.06368769
v -0.19731566 -0.02425721 0.01560022
v -0.19666121 -0.04032978 -0.00730812
v -0.19738544 -0.04036511 0.01558201
v -0.20906719 -0.04036129 -0.0083532
v -0.20976033 -0.02429094 0.01574277
v -0.20982945 -0.04039865 0.01572473
v -0.19393748 -0.02418168 -0.02993931
v -0.1894588 -0.04024444 -0.05214728
v -0.19400681 -0.04028939 -0.02995736
v -0.20148217 -0.04027142 -0.05555865
v -0.20620383 -0.02421103 -0.03217138
v -0.20627327 -0.04031884 -0.03218943
v -0.18298408 -0.02408798 -0.07364146
v -0.17486371 -0.04014315 -0.09428986
v -0.18305365 -0.04019552 -0.0736595
v -0.1860836 -0.04016464 -0.10000681
v -0.19465893 -0.02411217 -0.07821753
v -0.19472833 -0.04021986 -0.07823558
v -0.16489251 -0.02398 -0.11381633
v -0.1534546 -0.04002993 -0.13211047
v -0.16496202 -0.04008774 -0.11383417
v -0.16343852 -0.04004507 -0.1399981
v -0.17554888 -0.02399854 -0.12064111
v -0.17561817 -0.04010622 -0.12065899
v -0.14037835 -0.0238631 -0.14891886
v -0.12607537 -0.03991005 -0.16416075
v -0.14044794 -0.03997065 -0.14893682
v -0.13439221 -0.03991796 -0.17398858
v -0.14958122 -0.0238745 -0.1578124
v -0.14965061 -0.0399823 -0.15783019
v -0.11040214 -0.02374087 -0.17761156
v -0.09379295 -0.03978698 -0.18922615
v -0.11047168 -0.03984871 -0.17762984
v -0.10004205 -0.03978688 -0.20065097
v -0.11773126 -0.02374478 -0.18828842
v -0.11780083 -0.03985254 -0.18830651
v -0.07612574 -0.02361835 -0.19881355
v -0.05785 -0.03966626 -0.20636674
v -0.07619503 -0.03972613 -0.1988317
v -0.06170357 -0.03965784 -0.21892863
v -0.08121112 -0.02361409 -0.2108708
v -0.0812806 -0.03972191 -0.21088898
v -0.03886051 -0.02350021 -0.21173352
v -0.03892972 -0.03960802 -0.2117515
v -0.04142889 -0.02348769 -0.22466003
v -0.04149814 -0.03959545 -0.22467802
v -0.05731164 0.0854401 -0.20622664
v -0.03843921 0.07440924 -0.21162392
v -0.0190779 0.08555484 -0.21480631
v -0.03839159 0.0854986 -0.21161152
v -0.02032728 0.08557199 -0.22795131
v -0.04100759 0.07442192 -0.22455048
v -0.06116518 0.08544968 -0.21878856
v -0.04095999 0.08551194 -0.22453805
v -0.09325417 0.08531939 -0.1890863
v -0.07570408 0.07429099 -0.19870397
v -0.07565651 0.08538027 -0.19869171
v -0.08078961 0.07429551 -0.21076133
v -0.09950329 0.08532059 -0.20051121
v -0.08074191 0.08538559 -0.21074904
v -0.125537 0.08519621 -0.16402079
v -0.10998071 0.07416855 -0.1775023
v -0.10993316 0.08525774 -0.17748993
v -0.11731025 0.07416494 -0.18817918
v -0.133854 0.0851896 -0.17384886
v -0.11726248 0.08525501 -0.18816681
v -0.15291626 0.08507578 -0.13197076
v -0.13995702 0.07404605 -0.14880935
v -0.13990928 0.08513532 -0.14879697
v -0.1491597 0.07403478 -0.15770286
v -0.16289958 0.08506163 -0.13985839
v -0.14911204 0.08512482 -0.15769048
v -0.17432571 0.08496294 -0.09415018
v -0.16447168 0.07392882 -0.11370687
v -0.1644237 0.08501807 -0.1136945
v -0.17512725 0.0739106 -0.12053167
v -0.18554505 0.08494249 -0.09986715
v -0.17507965 0.08500065 -0.12051928
v -0.18892112 0.0848624 -0.05200755
v -0.18256314 0.07382149 -0.07353232
v -0.1825156 0.08491099 -0.07351984
v -0.19423791 0.07379735 -0.0781084
v -0.20094347 0.08483613 -0.0554189
v -0.19418981 0.08488751 -0.07809591
v -0.19612292 0.08477658 -0.00716809
v -0.19346885 0.08481733 -0.02981744
v -0.20852835 0.08474605 -0.0082131
v -0.2057342 0.08478874 -0.0320495
v -0.19564314 0.0847085 0.03862983
v -0.19684723 0.08474075 0.01572194
v -0.20802518 0.08467508 0.03995509
v -0.20929113 0.08470832 0.01586489
v -0.18750225 0.08461792 0.08361104
v -0.19251281 0.08467825 0.0613328
v -0.19946409 0.08458895 0.08725701
v -0.20473413 0.08464535 0.06382811
v -0.17207056 0.08422381 0.12601757
v -0.1806565 0.08449515 0.10524474
v -0.18322101 0.08421801 0.13188308
v -0.19226223 0.08447559 0.1100149
v -0.18265533 0.05242712 -0.07355614
v -0.17442165 0.06265654 -0.09417515
v -0.18261137 0.06260428 -0.07354481
v -0.18564124 0.06263499 -0.09989213
v -0.19433015 0.05240281 -0.07813223
v -0.19428655 0.0625799 -0.07812089
v -0.16456373 0.05253503 -0.11373089
v -0.15301269 0.06276973 -0.13199573
v -0.16452018 0.06271194 -0.11371946
v -0.16299577 0.06275442 -0.13988335
v -0.17521947 0.05251646 -0.12055571
v -0.17517545 0.06269338 -0.12054427
v -0.12212224 0.08211693 0.19659675
v -0.15004 0.083126 0.16415542
v -0.13675631 0.08259923 0.181168
v -0.15997667 0.08315277 0.17210897
v -0.1304294 0.08215431 0.20643308
v -0.14592896 0.0826355 0.19009555
v -0.08936194 0.08126317 0.22212033
v -0.10627207 0.08165868 0.21028751
v -0.09564162 0.08124906 0.23352491
v -0.11361711 0.08168664 0.22095194
v -0.05262264 0.08116211 0.23977771
v -0.07154772 0.08096911 0.23197528
v -0.05648473 0.08094904 0.25234401
v -0.07665265 0.08085783 0.24402478
v -0.01256442 0.0833766 0.24894982
v -0.03238018 0.08222755 0.24545304
v -0.01389465 0.08307917 0.26208126
v -0.03497238 0.08195851 0.2583751
v 0.02280179 0.08355633 0.24925178
v 0.00508055 0.08382027 0.2502166
v 0.02391942 0.0832386 0.26240536
v 0.00496945 0.08350374 0.26342597
v 0.0632641 0.08167602 0.2406755
v 0.04284632 0.08258247 0.24605375
v 0.06698303 0.08145014 0.25329116
v 0.04525483 0.08229033 0.25901573
v 0.09968823 0.08201783 0.22360388
v 0.08210488 0.08161448 0.23316988
v 0.10591428 0.08202841 0.23504151
v 0.08711176 0.08150927 0.24526575
v 0.13188508 0.08303899 0.19861118
v 0.11633377 0.0825063 0.21204441
v 0.14021103 0.08311524 0.20843033
v 0.1236641 0.08256845 0.22272041
v 0.15910849 0.08413101 0.16663293
v 0.14618611 0.08357495 0.18342384
v 0.16911068 0.08420565 0.17449495
v 0.15540461 0.08365457 0.19229909
v -0.14004896 0.0526522 -0.14883337
v -0.12563251 0.06288976 -0.16404578
v -0.14000536 0.06282914 -0.14882195
v -0.13394963 0.06288216 -0.17387382
v -0.14925129 0.05264063 -0.15772689
v -0.14920762 0.06281756 -0.15771545
v -0.11007268 0.05277423 -0.17752637
v -0.0933502 0.06301298 -0.18911124
v -0.11002883 0.0629513 -0.17751491
v -0.09959929 0.06301298 -0.20053619
v -0.11740177 0.05277033 -0.18820321
v -0.11735814 0.06294746 -0.1881918
v 0.19489544 0.08564326 0.08672437
v 0.18034862 0.08522514 0.12886649
v 0.18850249 0.0855047 0.10824055
v 0.19157891 0.08527577 0.13455918
v 0.20691996 0.08567761 0.09012821
v 0.20018252 0.08554547 0.11280047
v 0.20209324 0.08576499 0.04187998
v 0.19943918 0.085721 0.06453125
v 0.21449877 0.08579775 0.04292431
v 0.21170513 0.08575332 0.06676054
v 0.20161321 0.08583239 -0.00391788
v 0.20281738 0.08580192 0.01898931
v 0.21399545 0.08586808 -0.00524393
v 0.21526138 0.08583585 0.01884637
v 0.19346658 0.08587648 -0.04889393
v 0.19848303 0.08585725 -0.02661877
v 0.20542621 0.08591473 -0.0525484
v 0.2107037 0.08589442 -0.02911729
v 0.17797297 0.08589813 -0.09130247
v 0.18660458 0.08589022 -0.07052399
v 0.18911196 0.08593746 -0.09719444
v 0.19820351 0.08592929 -0.07531195
v 0.1557426 0.08589524 -0.12950083
v 0.16764897 0.08589968 -0.11102293
v 0.16565999 0.08593417 -0.13748171
v 0.17822742 0.08593901 -0.11798237
v 0.12764956 0.08586823 -0.1620197
v 0.14236329 0.08588471 -0.14655168
v 0.1359478 0.08590585 -0.17186516
v 0.15152032 0.08592318 -0.15549846
v 0.09479131 0.08581828 -0.18761885
v 0.11173881 0.08584597 -0.17574912
v 0.10109167 0.08585258 -0.19901195
v 0.11908287 0.08588211 -0.18641445
v 0.05844267 0.08574769 -0.20533333
v 0.07696749 0.08578556 -0.19750769
v 0.06241653 0.0857777 -0.21785333
v 0.08214058 0.0858178 -0.20952335
v 0.01999967 0.08565821 -0.21450647
v 0.0393924 0.08570509 -0.2110134
v 0.02141192 0.08568247 -0.22763298
v 0.04210689 0.08573234 -0.22390665
v 0.00044771 0.08560804 -0.21577104
v 0.00053195 0.08562887 -0.22898207
v -0.03859466 0.03822804 -0.21166448
v -0.05754348 0.03144554 -0.2062869
v -0.03865485 0.02417574 -0.21168017
v -0.0193099 0.03155998 -0.2148669
v -0.03862346 0.03150385 -0.21167196
v -0.02055927 0.03157596 -0.22801193
v -0.04122351 0.02418802 -0.22460669
v -0.06139711 0.03145362 -0.21884876
v -0.04116302 0.03824002 -0.22459101
v -0.04119192 0.03151597 -0.22459849
v -0.07586 0.03810976 -0.19874449
v -0.09348642 0.03132453 -0.18914651
v -0.07591985 0.02405754 -0.19876012
v -0.07588853 0.0313856 -0.19875191
v -0.08100548 0.02406169 -0.21081741
v -0.09973552 0.0313245 -0.20057141
v -0.0809453 0.03811366 -0.21080178
v -0.08097393 0.03138958 -0.21080918
v -0.1101364 0.03798689 -0.17754283
v -0.12576919 0.03120135 -0.16408121
v -0.11019673 0.02393489 -0.17755849
v -0.11016525 0.03126286 -0.17755028
v -0.11752609 0.02393098 -0.18823538
v -0.13408617 0.03119364 -0.17390936
v -0.1174658 0.03798299 -0.18821974
v -0.11749465 0.03125895 -0.18822719
v -0.14011272 0.03786497 -0.14884986
v -0.15314897 0.03108163 -0.132031
v -0.14017343 0.02381287 -0.14886549
v -0.14014156 0.03114089 -0.14885731
v -0.14937636 0.02380131 -0.15775904
v -0.16313232 0.03106632 -0.13991864
v -0.14931547 0.03785333 -0.15774342
v -0.14934453 0.0311293 -0.15775086
v -0.16462749 0.03774774 -0.11374741
v -0.17455783 0.03096808 -0.0942107
v -0.16468757 0.02369574 -0.11376299
v -0.16465628 0.03102369 -0.11375485
v -0.17534336 0.0236772 -0.12058778
v -0.18577726 0.03094656 -0.09992769
v -0.17528294 0.03772916 -0.1205722
v -0.17531196 0.03100512 -0.12057966
v -0.18271915 0.03763979 -0.0735729
v -0.18915343 0.03086696 -0.05206807
v -0.18277937 0.02358778 -0.0735885
v -0.18274796 0.03091573 -0.07358041
v -0.19445364 0.02356352 -0.07816459
v -0.20117551 0.03084007 -0.05547945
v -0.19439338 0.03761549 -0.07814899
v -0.19442203 0.03089143 -0.0781565
v -0.19367232 0.03754616 -0.02987034
v -0.19635546 0.03078162 -0.00722815
v -0.1937327 0.02349415 -0.02988595
v -0.1937012 0.03082207 -0.02987779
v -0.20599828 0.02346476 -0.03211802
v -0.20876066 0.03075001 -0.00827329
v -0.2059379 0.03751671 -0.03210242
v -0.20596645 0.03079268 -0.03210987
v -0.19705078 0.03747015 0.01566967
v -0.19587631 0.03071033 0.03857196
v -0.19711116 0.02341815 0.01565406
v -0.19707964 0.03074609 0.01566227
v -0.20955464 0.02338481 0.01579654
v -0.20825824 0.03067686 0.03989471
v -0.20949439 0.03743679 0.01581216
v -0.20952326 0.03071275 0.01580475
v -0.19271768 0.03739425 0.06128568
v -0.1877487 0.03052262 0.08356382
v -0.19277867 0.02334112 0.06127222
v -0.19274668 0.03066914 0.06127939
v -0.20500081 0.02330898 0.06375886
v -0.19971564 0.03050212 0.08719109
v -0.20493958 0.03736414 0.06377447
v -0.20496873 0.03063834 0.06376701
v -0.18090167 0.03694208 0.10520789
v -0.1724544 0.02932761 0.12596452
v -0.18097671 0.02280733 0.10520064
v -0.18093863 0.03017087 0.10520452
v -0.19259859 0.02280239 0.10992603
v -0.18363112 0.02936381 0.1317729
v -0.19251908 0.03694769 0.10994667
v -0.19255837 0.03017312 0.10993643
v -0.07579646 0.0528968 -0.19872827
v -0.05740762 0.06313367 -0.20625166
v -0.07575246 0.06307385 -0.1987167
v -0.06126122 0.06314212 -0.21881356
v -0.08088189 0.05290097 -0.21078558
v -0.08083798 0.06307808 -0.21077403
v -0.03853113 0.05301504 -0.211648
v -0.03848743 0.0631921 -0.21163654
v -0.04109958 0.05302735 -0.22457452
v -0.04105586 0.06320446 -0.22456309
v -0.13767638 0.03152597 0.18094575
v -0.12348393 0.02228299 0.19624871
v -0.13805359 0.01591526 0.18086406
v -0.15089836 0.02577354 0.16397278
v -0.13786773 0.02399429 0.18090365
v -0.16088105 0.02589831 0.17186108
v -0.14728273 0.01605628 0.18972468
v -0.13183507 0.02248136 0.20604202
v -0.14688338 0.03169251 0.18983158
v -0.14708533 0.02415492 0.18977722
v -0.1075869 0.02859688 0.20992599
v -0.09131278 0.01894052 0.22160328
v -0.1081832 0.01196396 0.20979324
v -0.10788749 0.02055395 0.20985707
v -0.11560766 0.01221755 0.2203928
v -0.09763667 0.01925015 0.23297238
v -0.11496212 0.02882121 0.22056479
v -0.11528408 0.02080236 0.22047868
v -0.07333003 0.02602989 0.23145297
v -0.05425091 0.01837815 0.23908811
v -0.07477102 0.00866916 0.2312785
v -0.07399381 0.01757602 0.23136182
v -0.07995567 0.00915815 0.24328166
v -0.05814841 0.01881153 0.25166192
v -0.07837578 0.02626988 0.24353086
v -0.0790975 0.01795706 0.24340835
v -0.02846476 0.03220859 0.24484682
v -0.00450436 0.03019323 0.24934864
v -0.03338148 0.01357996 0.24462805
v -0.03040368 0.0232646 0.24473758
v -0.00642991 0.03061068 0.26240158
v -0.01131003 0.02045504 0.26077687
v -0.00599766 0.03051698 0.25947135
v -0.00153557 0.03768704 0.26117077
v -0.00622036 0.03056524 0.26098105
v -0.03649474 0.01428966 0.25742793
v -0.03110745 0.03234123 0.25777697
v -0.03327114 0.0237021 0.2576085
v 0.03672892 0.03271645 0.24543778
v 0.0635505 0.019231 0.23998528
v 0.04090232 0.01447356 0.24522002
v 0.0105611 0.03071309 0.24963317
v 0.03831513 0.02394571 0.24532815
v 0.01213517 0.03098054 0.26274752
v 0.00739732 0.03781879 0.2614192
v 0.0117818 0.0309205 0.25980356
v 0.01688178 0.02117906 0.26112914
v 0.01196386 0.03095143 0.26132032
v 0.04372645 0.01497456 0.25810593
v 0.06722516 0.01951177 0.25264036
v 0.03908133 0.03274603 0.25843262
v 0.04089416 0.02422417 0.25827369
v 0.08332766 0.02699845 0.23266136
v 0.1009898 0.0201539 0.22310645
v 0.08420001 0.00977347 0.23247779
v 0.08374866 0.01862168 0.23256674
v 0.08920384 0.0101101 0.24457281
v 0.10722909 0.02040004 0.23453111
v 0.08824243 0.02716662 0.24480125
v 0.08869984 0.01888724 0.24468812
v 0.11712873 0.0298284 0.21170727
v 0.13266071 0.02363902 0.19828853
v 0.11757426 0.01334004 0.21157211
v 0.11735458 0.02186379 0.21163837
v 0.12495917 0.01356816 0.22220474
v 0.14102831 0.02386365 0.20806726
v 0.12448406 0.03005593 0.22236293
v 0.12472316 0.02209962 0.22228351
v 0.14660947 0.03284032 0.1832216
v 0.15941676 0.02711391 0.16646888
v 0.14683307 0.01733729 0.18314622
v 0.14672568 0.02536718 0.18318295
v 0.15610815 0.01752203 0.19195489
v 0.16946406 0.02728476 0.17426705
v 0.155863 0.03304749 0.19205521
v 0.15598963 0.02556982 0.19200444
v -0.15061186 0.04049612 0.16402924
v -0.16234092 0.03476549 0.14562083
v -0.17234297 0.04316974 0.12597586
v -0.16224518 0.0419439 0.14563646
v -0.18350993 0.04320685 0.13180534
v -0.17296673 0.03485247 0.15249744
v -0.16057582 0.04061619 0.17194381
v -0.17286378 0.04202307 0.15252545
v 0.18025472 0.0442587 0.12882737
v 0.17057283 0.03597032 0.14830605
v 0.15927504 0.04173185 0.16651965
v 0.17054538 0.04311049 0.14831978
v 0.16930465 0.04189594 0.1743434
v 0.18127365 0.03610608 0.15505227
v 0.19149871 0.04434894 0.1344864
v 0.18123909 0.04323811 0.15507793
v 0.18833068 0.03800187 0.10820388
v 0.1946728 0.03156765 0.08667562
v 0.1882812 0.02388012 0.10819619
v 0.18024016 0.03045471 0.12881737
v 0.18830779 0.03123815 0.10820032
v 0.19149352 0.03054522 0.13445615
v 0.19997623 0.02393486 0.11271475
v 0.20670208 0.03160933 0.09006307
v 0.20002017 0.03806524 0.11273513
v 0.20000016 0.03129891 0.11272506
v 0.19923628 0.03844066 0.06448309
v 0.20186117 0.03176707 0.04182141
v 0.19917553 0.02438776 0.06446892
v 0.19920738 0.03171571 0.06447644
v 0.21144309 0.0244206 0.06669095
v 0.21426723 0.03179976 0.04286356
v 0.21150301 0.03847502 0.06670696
v 0.21147453 0.03174959 0.06669928
v 0.20261414 0.03853064 0.01893665
v 0.20138098 0.03183729 -0.00397836
v 0.20255377 0.02447872 0.01892103
v 0.20258526 0.03180658 0.01892918
v 0.21499756 0.02451201 0.01877762
v 0.21376282 0.03187205 -0.00530453
v 0.21505799 0.0385639 0.01879329
v 0.21502907 0.03183987 0.01878578
v 0.19827933 0.0385863 -0.02667185
v 0.19323386 0.03188148 -0.04895453
v 0.19821885 0.02453436 -0.02668745
v 0.19825042 0.03186223 -0.02667936
v 0.21043944 0.02457048 -0.02918597
v 0.20519323 0.03191862 -0.05260898
v 0.21049983 0.03862237 -0.02917038
v 0.21047088 0.03189832 -0.02917789
v 0.18640059 0.03861909 -0.0705771
v 0.17774057 0.03190276 -0.09136304
v 0.18634045 0.02456715 -0.07059269
v 0.18637171 0.03189505 -0.07058461
v 0.19793871 0.02460497 -0.07538064
v 0.18887901 0.0319409 -0.09725499
v 0.19799991 0.03865692 -0.07536504
v 0.19797077 0.03193284 -0.07537256
v 0.16744594 0.0386287 -0.11107584
v 0.15551008 0.03190018 -0.12956102
v 0.1673849 0.02457641 -0.11109146
v 0.16741688 0.03190451 -0.11108329
v 0.17796298 0.0246148 -0.11805088
v 0.16542786 0.03193811 -0.13754187
v 0.1780243 0.03866674 -0.11803525
v 0.17799492 0.03194268 -0.11804272
v 0.14216017 0.03861403 -0.1466044
v 0.12741701 0.03187339 -0.16207993
v 0.14209893 0.02456143 -0.14662006
v 0.14213071 0.03188971 -0.14661182
v 0.15125607 0.02459924 -0.15556679
v 0.13571496 0.03190989 -0.17192536
v 0.15131694 0.03865118 -0.15555113
v 0.15128774 0.03192714 -0.15555855
v 0.11153525 0.0385757 -0.17580202
v 0.0945587 0.03182404 -0.18767932
v 0.11147423 0.02452334 -0.17581775
v 0.11150608 0.0318515 -0.17580951
v 0.11881876 0.0245586 -0.18648308
v 0.100859 0.03185728 -0.19907248
v 0.11887883 0.03861062 -0.18646736
v 0.11885002 0.03188654 -0.18647486
v 0.07676432 0.03851508 -0.1975606
v 0.0582106 0.03175295 -0.20539361
v 0.0767036 0.02446301 -0.19757625
v 0.07673523 0.03179103 -0.19756807
v 0.08187677 0.02449424 -0.20959186
v 0.06218455 0.03178181 -0.21791356
v 0.08193713 0.03854631 -0.20957629
v 0.08190817 0.03182226 -0.20958375
v 0.03918892 0.03843431 -0.21106633
v 0.01976691 0.03166363 -0.214567
v 0.03912843 0.02438237 -0.21108192
v 0.03915999 0.03171031 -0.21107378
v 0.04184328 0.02440837 -0.22397509
v 0.02117972 0.03168646 -0.22769349
v 0.04190368 0.03846037 -0.22395958
v 0.0418748 0.03173632 -0.22396698
v 0.00024422 0.03833739 -0.21582414
v 0.00018372 0.02428546 -0.21583986
v 0.00021525 0.03161338 -0.21583165
v 0.0002683 0.02430494 -0.22905089
v 0.00032872 0.03835696 -0.22903522
v 0.00029981 0.03163289 -0.2290427
v -0.03879222 -0.00772354 -0.21171607
v -0.05773983 -0.01412961 -0.20633812
v -0.01950614 -0.01401512 -0.21491788
v -0.03881967 -0.01407139 -0.21172305
v -0.02075548 -0.0139991 -0.22806283
v -0.06159354 -0.0141211 -0.21889999
v -0.04136095 -0.00771115 -0.22464259
v -0.04138824 -0.01405903 -0.22464957
v -0.07605705 -0.00784126 -0.19879595
v -0.09368243 -0.01425029 -0.18919742
v -0.07608471 -0.01418937 -0.19880299
v -0.09993161 -0.01425025 -0.20062235
v -0.08114288 -0.00783708 -0.2108533
v -0.08117029 -0.01418515 -0.21086029
v -0.11033409 -0.00796426 -0.17759434
v -0.12596541 -0.01437387 -0.16413217
v -0.1103615 -0.01431215 -0.17760115
v -0.13428206 -0.01438151 -0.17396032
v -0.11766331 -0.00796817 -0.18827128
v -0.11769067 -0.01431601 -0.18827807
v -0.14031045 -0.00808674 -0.14890152
v -0.15334464 -0.01449354 -0.13208226
v -0.14033784 -0.01443436 -0.14890846
v -0.16332866 -0.01450884 -0.13996985
v -0.14951351 -0.0080983 -0.15779504
v -0.14954066 -0.01444594 -0.15780203
v -0.16482481 -0.0082034 -0.11379864
v -0.17475353 -0.01460682 -0.09426125
v -0.16485193 -0.01455134 -0.11380578
v -0.18597316 -0.01462825 -0.09997821
v -0.17548079 -0.00822192 -0.12062339
v -0.17550827 -0.01456986 -0.12063056
v -0.1829165 -0.00831143 -0.07362368
v -0.18934896 -0.0147081 -0.05211861
v -0.18294374 -0.01465923 -0.07363084
v -0.20137237 -0.01473507 -0.05552997
v -0.19459128 -0.00833573 -0.07819975
v -0.19461843 -0.01468352 -0.07820691
v -0.19386999 -0.00840503 -0.02992151
v -0.19655115 -0.01479311 -0.00727939
v -0.193897 -0.01475297 -0.02992868
v -0.20895741 -0.01482483 -0.00832453
v -0.20613598 -0.00843446 -0.03215359
v -0.20616324 -0.01478236 -0.03216075
v -0.19724823 -0.00848063 0.0156181
v -0.19607155 -0.01486117 0.03852073
v -0.19727541 -0.01482836 0.01561092
v -0.20845408 -0.01489801 0.03984349
v -0.20969243 -0.00851438 0.01576057
v -0.20971965 -0.01486221 0.0157534
v -0.19291481 -0.0085487 0.06123665
v -0.18794295 -0.01502234 0.08351686
v -0.19294178 -0.01489388 0.0612285
v -0.19991132 -0.01507418 0.08714043
v -0.20513767 -0.00859001 0.06372333
v -0.20516471 -0.01493599 0.06371615
v -0.18111184 -0.0090551 0.10517713
v -0.17267334 -0.01632886 0.12594315
v -0.18113099 -0.01534236 0.10516843
v -0.18387679 -0.01641012 0.13169877
v -0.19273828 -0.0091103 0.10988986
v -0.19275571 -0.01541042 0.10988534
v -0.01925157 0.04510212 -0.21485169
v 0.01982535 0.04520547 -0.21455179
v 0.0002737 0.04515533 -0.21581639
v 0.02123785 0.04522864 -0.22767838
v -0.02050097 0.04511814 -0.2279967
v 0.00035804 0.04517507 -0.22902749
v 0.05826906 0.04529508 -0.20537869
v 0.03921836 0.04525227 -0.21105875
v 0.06224294 0.04532402 -0.21789869
v 0.04193301 0.04527851 -0.22395201
v -0.13858065 -0.01787749 0.18077161
v -0.12453877 -0.02743174 0.19603708
v -0.13860832 -0.03033623 0.18082726
v -0.15136838 -0.02126256 0.16394871
v -0.13860712 -0.02428401 0.18079304
v -0.14800006 -0.03038942 0.18945854
v -0.15756213 -0.03220963 0.17571026
v -0.14589159 -0.03037741 0.18752095
v -0.13218115 -0.03377286 0.20463392
v -0.14697787 -0.03038368 0.18851923
v -0.16148082 -0.02132602 0.17164385
v -0.1329997 -0.0273731 0.20572367
v -0.14786636 -0.01785966 0.18956159
v -0.14793995 -0.02430162 0.18951317
v -0.10910099 -0.02370645 0.20961651
v -0.09351167 -0.03324676 0.22129124
v -0.10938051 -0.03719391 0.20955131
v -0.10924785 -0.03061708 0.20958392
v -0.11697584 -0.03704151 0.22001673
v -0.1152709 -0.03707574 0.21766743
v -0.09972125 -0.03958784 0.23115922
v -0.11614929 -0.03705811 0.2188778
v -0.10017488 -0.03288432 0.2324357
v -0.11665816 -0.02352066 0.2201115
v -0.11682619 -0.03044827 0.22006236
v -0.07758826 -0.02772991 0.23106479
v -0.06290829 -0.03439474 0.23867805
v -0.07860617 -0.04135543 0.23096291
v -0.07810802 -0.03472759 0.2310168
v -0.08436253 -0.04063204 0.24265928
v -0.08307029 -0.04079427 0.24003364
v -0.06835237 -0.03973728 0.24943023
v -0.08373617 -0.0407107 0.24138639
v -0.0676969 -0.0333401 0.25086557
v -0.08320444 -0.02707877 0.24284218
v -0.08380152 -0.03403859 0.24275025
v -0.04547828 -0.02511267 0.24425907
v -0.03269645 -0.02753275 0.24863348
v -0.04998961 -0.03730372 0.24412219
v -0.04778362 -0.03158344 0.24419248
v -0.05418504 -0.03581651 0.25650975
v -0.05324326 -0.03615047 0.25372892
v -0.04211483 -0.03092323 0.25862747
v -0.05372846 -0.03597826 0.25516164
v -0.03613611 -0.02588183 0.2612473
v -0.03536393 -0.02625232 0.25841569
v -0.03184206 -0.02018754 0.26001882
v -0.03576177 -0.02606149 0.25987458
v -0.04939398 -0.02387664 0.25677546
v -0.05185166 -0.03021708 0.25664135
v 0.05132517 -0.02334349 0.24483764
v 0.06926947 -0.03309818 0.23954349
v 0.05467906 -0.03518598 0.24470816
v 0.03711456 -0.02462603 0.2489295
v 0.05308515 -0.02963026 0.2447725
v 0.04016739 -0.02351891 0.26170343
v 0.03651768 -0.01801572 0.26043102
v 0.03948206 -0.02376744 0.25883588
v 0.04586658 -0.02859253 0.25916466
v 0.03983514 -0.02363937 0.26031327
v 0.05841555 -0.03425668 0.25730231
v 0.05757676 -0.03446536 0.25447511
v 0.07382664 -0.03878637 0.2504962
v 0.0580089 -0.0343579 0.25593173
v 0.07362011 -0.03244318 0.25193041
v 0.05483853 -0.02251371 0.25751301
v 0.05672107 -0.02874664 0.25740426
v 0.08564505 -0.0265149 0.23222003
v 0.102398 -0.03182955 0.22273913
v 0.08610007 -0.04010659 0.2321203
v 0.08588123 -0.03349342 0.23217052
v 0.09146858 -0.0396833 0.24403664
v 0.09026329 -0.03977829 0.24136161
v 0.10825987 -0.03829569 0.23277613
v 0.09088425 -0.03972942 0.24273982
v 0.10881577 -0.03160651 0.23405796
v 0.09092516 -0.02610792 0.24418129
v 0.09121026 -0.03307714 0.24410717
v 0.1182081 -0.02221479 0.21136871
v 0.13327649 -0.02592731 0.19807571
v 0.11837282 -0.03569619 0.21130366
v 0.11829725 -0.02912058 0.21133488
v 0.125845 -0.03558236 0.22186857
v 0.12416752 -0.03560771 0.2194969
v 0.14085766 -0.03224952 0.20667544
v 0.12503187 -0.03559463 0.22071881
v 0.14173144 -0.02584054 0.20776428
v 0.12566155 -0.02206599 0.22194823
v 0.12576113 -0.02898964 0.22190626
v 0.14705826 -0.01638695 0.18305784
v 0.1594728 -0.01987002 0.16644977
v 0.14698639 -0.02888755 0.18311394
v 0.14703296 -0.02281087 0.18307948
v 0.15642297 -0.02888354 0.19168646
v 0.15430453 -0.0288844 0.18976207
v 0.16573497 -0.03079426 0.17808249
v 0.15539608 -0.02888387 0.19075354
v 0.16964782 -0.01987228 0.17404994
v 0.15638874 -0.01631621 0.19179503
v 0.15641024 -0.02277336 0.19174426
v 0.09461725 0.04536626 -0.18766418
v 0.0767937 0.04533325 -0.19755303
v 0.10091752 0.04539949 -0.19905734
v 0.08196672 0.04536447 -0.20956873
v 0.12747526 0.0454156 -0.16206499
v 0.11156439 0.04539372 -0.17579443
v 0.13577306 0.04545208 -0.17191049
v 0.11890831 0.04542875 -0.18645981
v 0.18814256 -0.00798984 0.10817299
v 0.19447556 -0.01398311 0.08662903
v 0.1800659 -0.01520975 0.12879639
v 0.1881088 -0.01428635 0.10816426
v 0.19134607 -0.01522487 0.1343822
v 0.20650602 -0.01396838 0.09001241
v 0.19984139 -0.00797919 0.11267887
v 0.19980627 -0.01428771 0.11267414
v 0.19903793 -0.00750366 0.06443376
v 0.20166437 -0.01380462 0.04177068
v 0.19901046 -0.01384952 0.06442602
v 0.21407084 -0.01377493 0.04281275
v 0.21130587 -0.0074785 0.06665539
v 0.21127809 -0.01382506 0.06664857
v 0.20241631 -0.00741965 0.01888551
v 0.20118472 -0.01373729 -0.00402885
v 0.20238858 -0.01376765 0.01887851
v 0.21356707 -0.0137026 -0.00535501
v 0.21486055 -0.00738673 0.0187421
v 0.21483323 -0.01373485 0.01873511
v 0.19808153 -0.0073644 -0.02672261
v 0.19303788 -0.01369279 -0.04900495
v 0.19805437 -0.01371221 -0.02672979
v 0.20499695 -0.01365563 -0.0526594
v 0.21030215 -0.00732828 -0.02922113
v 0.2102746 -0.0136762 -0.02922831
v 0.1862028 -0.00733147 -0.07062784
v 0.17754404 -0.01367159 -0.09141353
v 0.18617539 -0.01367919 -0.07063502
v 0.1886827 -0.0136334 -0.09730547
v 0.19780154 -0.00729371 -0.07541579
v 0.19777442 -0.01364133 -0.07542298
v 0.16724762 -0.00732235 -0.111127
v 0.15531374 -0.01367492 -0.12961199
v 0.16722013 -0.01367024 -0.111134
v 0.16523161 -0.01363659 -0.1375928
v 0.17782585 -0.00728392 -0.11808641
v 0.1777988 -0.01363183 -0.1180934
v 0.14196178 -0.00733748 -0.14665597
v 0.12722073 -0.01370193 -0.16213122
v 0.14193457 -0.0136855 -0.14666299
v 0.13551878 -0.01366495 -0.17197662
v 0.15111871 -0.00729957 -0.15560269
v 0.15109135 -0.01364762 -0.15560968
v 0.11133706 -0.00737594 -0.17585372
v 0.09436244 -0.01375155 -0.18773058
v 0.11130972 -0.01372397 -0.17586088
v 0.10066294 -0.01371782 -0.19912365
v 0.11868113 -0.0073406 -0.18651895
v 0.11865388 -0.01368839 -0.18652613
v 0.07656619 -0.00743661 -0.1976118
v 0.05801448 -0.01382228 -0.20544417
v 0.0765389 -0.01378453 -0.19761894
v 0.06198841 -0.01379341 -0.21796423
v 0.08173935 -0.00740537 -0.20962745
v 0.08171217 -0.01375305 -0.20963463
v 0.03899117 -0.00751672 -0.21111744
v 0.01957071 -0.0139109 -0.21461787
v 0.03896375 -0.01386444 -0.21112445
v 0.02098357 -0.01388817 -0.22774434
v 0.041706 -0.00749084 -0.2240107
v 0.04167871 -0.01383851 -0.22401768
v 0.0000464 -0.00761365 -0.21587577
v 0.00001904 -0.01396134 -0.21588259
v 0.00013097 -0.00759424 -0.22908675
v 0.00010362 -0.01394192 -0.22909358
v 0.15556843 0.0454424 -0.12954615
v 0.14218939 0.04543193 -0.14659698
v 0.1654867 0.04548031 -0.13752701
v 0.15134625 0.04546931 -0.15554377
v 0.17779892 0.04544499 -0.09134784
v 0.167475 0.04544671 -0.11106826
v 0.18893782 0.0454831 -0.09723977
v 0.17805361 0.04548488 -0.1180277
v 0.17242559 0.16573002 0.09998213
v 0.18122853 0.15972086 0.10444514
v 0.17692963 0.17996895 0.10175321
v 0.18909484 0.17106364 0.10753093
v 0.17055752 0.10008577 0.14840835
v 0.17064066 0.12366255 0.14843303
v 0.18122504 0.1010747 0.15521426
v 0.18130379 0.12745375 0.15524952
v 0.19329193 0.04542368 -0.04893928
v 0.18643014 0.04543722 -0.07056935
v 0.20525156 0.04546085 -0.05259373
v 0.1980291 0.04547508 -0.07535729
v 0.20143932 0.04537951 -0.00396315
v 0.19830849 0.04540446 -0.0266641
v 0.21382081 0.04541426 -0.00528927
v 0.21052892 0.04544054 -0.02916263
v 0.20191969 0.04530993 0.04183587
v 0.20264336 0.04534879 0.01894422
v 0.21432569 0.04534267 0.04287887
v 0.21508771 0.04538205 0.01880104
v 0.19472821 0.04513489 0.08668653
v 0.19926559 0.04526054 0.06448961
v 0.20675472 0.04517703 0.09007988
v 0.21153256 0.04529472 0.06671475
v 0.18835339 0.04486723 0.10820771
v 0.20004071 0.0449285 0.1127454
v 0.16962932 -0.07887471 0.148466
v 0.1694843 -0.09801261 0.14844742
v 0.15868622 -0.08861751 0.167694
v 0.16955198 -0.08841235 0.14845621
v 0.16936396 -0.08865784 0.17447952
v 0.16831003 -0.07926108 0.1737342
v 0.16696661 -0.08864874 0.17295628
v 0.17092472 -0.09574902 0.16881251
v 0.16820162 -0.08865334 0.17374108
v 0.18045997 -0.09802521 0.15470598
v 0.17799615 -0.09802221 0.15330103
v 0.17926542 -0.09802392 0.15402488
v 0.18061284 -0.07891791 0.15470767
v 0.18053002 -0.08844002 0.15470856
v 0.13232885 0.03916718 0.1983973
v 0.14649337 0.04043212 0.18326175
v 0.14067667 0.0393692 0.20819576
v 0.1557378 0.0406222 0.19210627
v 0.10040606 0.03666909 0.22327473
v 0.11691209 0.03789286 0.21177755
v 0.10661346 0.03682387 0.23471938
v 0.12425794 0.03808924 0.22244107
v 0.16988076 -0.05781689 0.14846713
v 0.15892897 -0.07002162 0.16770133
v 0.16972775 -0.06946208 0.14847773
v 0.16962654 -0.07010535 0.17444989
v 0.16867528 -0.05886598 0.17372217
v 0.16722518 -0.07008644 0.17293493
v 0.16846266 -0.07009626 0.17371547
v 0.18086263 -0.05788765 0.1547102
v 0.18072046 -0.06952264 0.15469977
v 0.06248042 0.0364234 0.24020206
v 0.08297485 0.03555584 0.23276108
v 0.06601557 0.03636439 0.25289684
v 0.08787465 0.03561464 0.2449079
v 0.01429461 0.04610839 0.2487683
v 0.03678539 0.04114206 0.24556317
v 0.01527403 0.04587287 0.26192858
v 0.03901031 0.04097596 0.25857645
v 0.1703633 -0.02622216 0.14833977
v 0.15956576 -0.04320205 0.1675038
v 0.17012465 -0.04158177 0.14840994
v 0.17011152 -0.04328587 0.17455945
v 0.16774416 -0.04326701 0.17297558
v 0.16896373 -0.04327665 0.1737916
v 0.18121492 -0.02626842 0.15483242
v 0.18104942 -0.04164678 0.15476428
v 0.17052349 0.08472409 0.14838889
v 0.18119537 0.08478761 0.15518617
v 0.00312708 0.04014487 0.24959611
v -0.00702629 0.04593655 0.24847693
v 0.00341304 0.047719 0.24974137
v 0.00292902 0.04007705 0.26277756
v 0.00297348 0.04009228 0.25981855
v 0.00295058 0.04008444 0.26134306
v -0.00836351 0.04574333 0.26159951
v 0.00322158 0.04747869 0.2629351
v -0.0526175 0.03574731 0.23930077
v -0.02819031 0.0407237 0.24496957
v -0.0563438 0.0357426 0.25193327
v -0.03069771 0.04061668 0.25792533
v 0.1706184 0.02134656 0.14828193
v 0.1705991 0.02894485 0.14829364
v 0.18133337 0.02146284 0.15500283
v 0.18130695 0.0290752 0.15502722
v -0.09052211 0.03563145 0.22176924
v -0.07284622 0.03467429 0.23155197
v -0.09679036 0.03578997 0.23317629
v -0.07786437 0.03476487 0.24364404
v -0.12299722 0.03795157 0.19636404
v -0.10729135 0.0367457 0.20999857
v -0.1313249 0.03812106 0.20617933
v -0.11465258 0.03692427 0.22064867
v 0.17057296 -0.01102328 0.14826165
v 0.17050202 -0.0172036 0.14829015
v 0.18132227 -0.01100782 0.15492188
v 0.18129329 -0.01722125 0.15488502
v -0.137483 0.03918352 0.18098968
v -0.14668107 0.03933361 0.1898864
v -0.18768617 0.04409469 0.08357417
v -0.18086367 0.04381656 0.10521192
v -0.19965109 0.04407522 0.08720774
v -0.19247844 0.04382016 0.10995747
v -0.16405309 0.16483439 0.0973428
v -0.17281538 0.15878656 0.10161539
v -0.16843445 0.17904189 0.09921015
v -0.18055294 0.17005884 0.10485407
v -0.19581724 0.04425335 0.03858625
v -0.19268812 0.04421457 0.06129211
v -0.20819985 0.04421998 0.03990958
v -0.20491012 0.04418429 0.06378205
v -0.19629751 0.04432383 -0.00721329
v -0.19702164 0.04428833 0.01567708
v -0.20870292 0.04429224 -0.00825843
v -0.20946541 0.04425496 0.01581956
v -0.18909515 0.04440919 -0.05205288
v -0.19364324 0.04436431 -0.02986277
v -0.2011179 0.04438225 -0.05546425
v -0.20590889 0.04433491 -0.03209484
v -0.17449981 0.0445103 -0.09419551
v -0.18268978 0.04445795 -0.07356516
v -0.18571908 0.04448876 -0.09991249
v -0.19436439 0.04443365 -0.07814125
v -0.1530909 0.04462383 -0.13201609
v -0.16459822 0.04456591 -0.11373981
v -0.1630738 0.04460851 -0.1399037
v -0.17525342 0.04454732 -0.12056462
v -0.12571051 0.04474356 -0.1640661
v -0.14008338 0.04468309 -0.14884229
v -0.13402736 0.04473585 -0.17389422
v -0.14928551 0.04467149 -0.15773582
v -0.0934285 0.04486673 -0.18913164
v -0.11010708 0.04480504 -0.17753526
v -0.09967748 0.04486668 -0.20055656
v -0.11743619 0.04480115 -0.18821215
v -0.05748577 0.04498776 -0.20627203
v -0.07583069 0.04492782 -0.19873708
v -0.06133919 0.04499582 -0.21883389
v -0.08091618 0.04493179 -0.21079437
v -0.16173464 0.09911575 0.1457339
v -0.16161087 0.12273291 0.14575853
v -0.17231701 0.10004129 0.15267293
v -0.17216399 0.12642955 0.1527096
v -0.16234718 -0.07983628 0.14578217
v -0.15107575 -0.08951928 0.16519036
v -0.16235637 -0.09891922 0.14576573
v -0.16234591 -0.08934364 0.14577357
v -0.17325168 -0.09899575 0.15218065
v -0.17080603 -0.09897836 0.1507406
v -0.16340296 -0.09669066 0.16639153
v -0.17206604 -0.09898733 0.15148253
v -0.16167688 -0.08962465 0.17211231
v -0.1592971 -0.08960069 0.17055843
v -0.16055978 -0.0802681 0.1713493
v -0.16052301 -0.08961305 0.17135903
v -0.17325104 -0.07994497 0.1521791
v -0.17324446 -0.08943557 0.15218181
v -0.03856537 0.04504606 -0.21165689
v -0.04113375 0.04505816 -0.22458343
v -0.1624348 -0.05887853 0.14578007
v -0.15117932 -0.07103679 0.1651926
v -0.16237169 -0.07046624 0.14579227
v -0.16180221 -0.07118711 0.17207583
v -0.15941762 -0.07115323 0.17053066
v -0.16077967 -0.0600337 0.17132644
v -0.16064627 -0.07117057 0.17132675
v -0.17333878 -0.05901612 0.15217456
v -0.17328593 -0.07059303 0.15216864
v -0.16266982 -0.02742919 0.14565083
v -0.15162274 -0.04443584 0.16499039
v -0.16255156 -0.0427181 0.14572173
v -0.16209697 -0.04458625 0.17216417
v -0.15974581 -0.04455251 0.17055377
v -0.16095738 -0.04456989 0.17138347
v -0.17344658 -0.02754184 0.15228113
v -0.17339979 -0.04284999 0.1522209
v -0.16252368 0.02008134 0.14559382
v -0.15116351 0.00883762 0.16392399
v -0.16268433 0.00228351 0.14557094
v -0.17256325 0.01316117 0.1259534
v -0.16261012 0.01120392 0.14558117
v -0.18374836 0.01317089 0.13174174
v -0.1733388 0.00230244 0.15239784
v -0.16116669 0.00891933 0.17178472
v -0.17316483 0.02014535 0.15244431
v -0.17325794 0.0112479 0.15241932
v -0.16183826 0.08371742 0.14571321
v -0.17243325 0.08372862 0.15264298
v 0.18020629 0.01431045 0.12880705
v 0.17062157 0.00357705 0.14826063
v 0.15952451 0.01024824 0.16642402
v 0.17062535 0.01248797 0.14827029
v 0.16959042 0.01038023 0.17419502
v 0.18134868 0.00365261 0.15495838
v 0.1914677 0.01437804 0.13442651
v 0.18134652 0.01258629 0.15497912
v -0.16243419 0.02770655 0.14560684
v -0.17306748 0.02778674 0.15247038
v -0.01937859 0.01560206 -0.21488499
v 0.00010892 0.00691421 -0.21585968
v 0.01969822 0.01570602 -0.21458497
v 0.00014656 0.01565565 -0.21584971
v 0.02111106 0.01572878 -0.22771143
v 0.0001935 0.00693363 -0.22907069
v -0.02062798 0.01561803 -0.22802999
v 0.00023114 0.01567509 -0.22906073
v -0.16275969 -0.0123028 0.1455724
v -0.16273824 -0.01845657 0.145601
v -0.17343673 -0.01234949 0.15236268
v -0.1734559 -0.0185388 0.15232867
v 0.03905358 0.00701108 -0.21110135
v 0.05814184 0.01579495 -0.20541128
v 0.03909121 0.01575255 -0.21109157
v 0.06211589 0.01582384 -0.21793124
v 0.04176851 0.00703704 -0.22399458
v 0.04180613 0.01577853 -0.22398474
v 0.07662884 0.00709129 -0.19759568
v 0.09448986 0.01586597 -0.18769735
v 0.0766664 0.01583297 -0.19758591
v 0.1007906 0.01589935 -0.19909045
v 0.08180221 0.00712253 -0.20961131
v 0.08183966 0.01586421 -0.20960153
v 0.11139966 0.007152 -0.17583756
v 0.12734788 0.01591533 -0.16209799
v 0.11143718 0.01589346 -0.17582759
v 0.13564665 0.0159523 -0.17194341
v 0.11874435 0.0071873 -0.18650278
v 0.11878187 0.01592877 -0.18649289
v 0.14202426 0.0071904 -0.14663982
v 0.15544049 0.01594224 -0.12957902
v 0.14206187 0.01593169 -0.1466299
v 0.16535882 0.01598059 -0.13755981
v 0.15118148 0.00722831 -0.15558648
v 0.15121904 0.01596958 -0.15557658
v -0.03872991 0.00680441 -0.21169993
v -0.05768291 -0.00091661 -0.20632338
v -0.01944924 -0.00080244 -0.21490351
v -0.03876276 -0.00085856 -0.2117085
v -0.02069858 -0.00078644 -0.22804845
v -0.06153673 -0.00090813 -0.21888533
v -0.04129846 0.00681678 -0.22462651
v -0.04133137 -0.00084617 -0.22463503
v -0.07599509 0.00668659 -0.19877982
v -0.09362573 -0.00103717 -0.18918301
v -0.07602781 -0.0009762 -0.19878837
v -0.09987476 -0.00103727 -0.200608
v -0.08108065 0.00669086 -0.21083721
v -0.08111355 -0.00097204 -0.21084576
v -0.11027178 0.00656359 -0.17757831
v -0.12590859 -0.00116123 -0.16411784
v -0.11030472 -0.00109927 -0.17758685
v -0.13422513 -0.0011688 -0.17394596
v -0.11760078 0.00655972 -0.18825522
v -0.11763376 -0.00110321 -0.18826377
v -0.1402481 0.00644118 -0.14888531
v -0.15328803 -0.00128093 -0.1320675
v -0.14028117 -0.00122184 -0.14889392
v -0.16327156 -0.00129612 -0.13995505
v -0.14945027 0.0064296 -0.15777882
v -0.14948377 -0.00123328 -0.15778742
v -0.16476267 0.0063244 -0.11378243
v -0.17469687 -0.00139381 -0.09424646
v -0.16479536 -0.00133844 -0.11379098
v -0.18591639 -0.00141525 -0.09996344
v -0.17541809 0.00630587 -0.12060719
v -0.17545135 -0.00135695 -0.12061573
v -0.18285429 0.00621648 -0.0736076
v -0.18929265 -0.00149547 -0.05210383
v -0.18288704 -0.00144646 -0.07361605
v -0.20131556 -0.00152235 -0.0555152
v -0.19452884 0.00619218 -0.07818369
v -0.19456167 -0.00147065 -0.07819213
v -0.19380767 0.00612283 -0.02990538
v -0.19649437 -0.00158022 -0.00726458
v -0.1938406 -0.00154005 -0.02991388
v -0.20890033 -0.00161188 -0.00830972
v -0.2060734 0.00609349 -0.03213746
v -0.20610626 -0.00156948 -0.03214596
v -0.19718599 0.00604685 0.0156343
v -0.19601538 -0.00165032 0.03853595
v -0.19721879 -0.00161574 0.01562574
v -0.20839771 -0.00168612 0.03985828
v -0.20962958 0.0060135 0.01577676
v -0.20966272 -0.00164933 0.0157682
v -0.19285345 0.00597263 0.06125365
v -0.18789057 -0.00184222 0.08353373
v -0.19288598 -0.00168716 0.06124492
v -0.19985966 -0.00188343 0.08715419
v -0.2050759 0.00593631 0.06373944
v -0.20510861 -0.00172619 0.06373095
v -0.18105731 0.00541139 0.1051889
v -0.17264735 -0.00329438 0.12594398
v -0.18108773 -0.00223143 0.10518345
v -0.18383838 -0.00332653 0.13171811
v -0.19268254 0.00538538 0.10990414
v -0.19271406 -0.00227177 0.10989598
v 0.16731035 0.00720549 -0.11111089
v 0.17767186 0.01594519 -0.09138067
v 0.16734768 0.01594676 -0.11110112
v 0.18880991 0.01598343 -0.09727263
v 0.17788818 0.00724391 -0.11807026
v 0.17792578 0.01598518 -0.11806051
v -0.13838274 -0.00268376 0.18079713
v -0.12431293 -0.01338375 0.19607353
v -0.15135708 -0.00816024 0.16389361
v -0.13850288 -0.01076285 0.1807757
v -0.16137878 -0.00814317 0.17172882
v -0.13273331 -0.01327274 0.20580509
v -0.14763507 -0.00259698 0.1896319
v -0.14776608 -0.01070947 0.18959759
v -0.10871651 -0.00759684 0.20968709
v -0.09295837 -0.0184975 0.22136931
v -0.10892643 -0.01612825 0.20964911
v -0.09952271 -0.01813666 0.23257997
v -0.11620961 -0.00737298 0.22023314
v -0.11645392 -0.01592375 0.2201678
v -0.0763748 -0.01127451 0.23114164
v -0.06055407 -0.01980896 0.23877404
v -0.07702494 -0.01999264 0.23110099
v -0.06506469 -0.01893624 0.25109466
v -0.08176732 -0.01070793 0.2430384
v -0.08253466 -0.01938548 0.24293601
v -0.04012186 -0.00778481 0.24439261
v -0.02483943 -0.01323239 0.24879817
v -0.04297408 -0.01714164 0.2443183
v -0.02785646 -0.01195767 0.26156544
v -0.0271792 -0.01224389 0.25869938
v -0.02264332 -0.00219933 0.26035416
v -0.02752814 -0.01209641 0.26017603
v -0.04362116 -0.00683642 0.25706774
v -0.0466874 -0.01605497 0.2569147
v 0.04675773 -0.00647014 0.24498684
v 0.06781946 -0.01865989 0.23964996
v 0.0301306 -0.01106998 0.24909509
v 0.04923298 -0.01559465 0.24490439
v 0.03280853 -0.01013787 0.26197266
v 0.02781241 -0.0007034 0.26073619
v 0.03220735 -0.01034716 0.25908184
v 0.03251709 -0.01023932 0.26057124
v 0.07196728 -0.01807819 0.25212344
v 0.04992561 -0.00578534 0.25777494
v 0.05257994 -0.01483513 0.25763532
v 0.08504744 -0.01011699 0.23232357
v 0.10207287 -0.01711003 0.22283026
v 0.08537411 -0.018806 0.23226815
v 0.10843984 -0.01686965 0.23417893
v 0.09018486 -0.00973827 0.24435426
v 0.09058637 -0.01841275 0.24426257
v 0.11794712 -0.00613896 0.21145403
v 0.13316856 -0.0118818 0.19811382
v 0.1180917 -0.01464874 0.21140772
v 0.14158903 -0.01174495 0.20784279
v 0.12536804 -0.00594933 0.22205859
v 0.12553025 -0.01448019 0.22199876
v 0.14699243 -0.00119972 0.18308286
v 0.15956841 -0.00672769 0.16639466
v 0.14704126 -0.0092685 0.18306192
v 0.16965159 -0.00665518 0.17414015
v 0.15628929 -0.00106525 0.19186548
v 0.15634872 -0.00916491 0.19183167
v 0.1862654 0.00719627 -0.07061178
v 0.19316504 0.01592399 -0.0489721
v 0.18630291 0.01593754 -0.07060217
v 0.20512439 0.01596115 -0.05262656
v 0.19786416 0.0072341 -0.07539973
v 0.19790181 0.01597538 -0.07539013
v 0.18821124 0.00648725 0.10818466
v 0.19453527 -0.00079719 0.08664527
v 0.18014873 -0.00214656 0.12879779
v 0.18817667 -0.00115932 0.10817929
v 0.19141551 -0.00211634 0.13440331
v 0.20656685 -0.00077307 0.09002594
v 0.1999093 0.00652374 0.11269344
v 0.19987532 -0.00113546 0.11268522
v 0.19910086 0.00701939 0.06445029
v 0.2017218 -0.00059296 0.04178543
v 0.19906756 -0.00064111 0.06444174
v 0.21412809 -0.00056237 0.04282714
v 0.21136857 0.00704861 0.06667143
v 0.2113357 -0.00061414 0.06666291
v 0.20247855 0.00710785 0.01890159
v 0.2012413 -0.00052427 -0.0040141
v 0.20244568 -0.00055479 0.01889309
v 0.21362398 -0.00048948 -0.00534028
v 0.21492305 0.00714115 0.01875817
v 0.21489007 -0.00052167 0.01874967
v 0.19814357 0.00716345 -0.02670653
v 0.19309464 -0.00048012 -0.04899014
v 0.19811095 -0.00049941 -0.02671497
v 0.20505388 -0.00044293 -0.05264461
v 0.21036456 0.00719953 -0.02920507
v 0.21033141 -0.00046328 -0.02921351
v 0.17760109 -0.00045889 -0.09139878
v 0.18623253 -0.00046657 -0.07062021
v 0.18873955 -0.00042069 -0.09729072
v 0.19783093 -0.00042877 -0.07540817
v 0.15537059 -0.0004619 -0.12959748
v 0.16727694 -0.00045732 -0.11111941
v 0.16528819 -0.00042352 -0.13757827
v 0.17785532 -0.00041894 -0.11807879
v 0.12727743 -0.00048875 -0.16211648
v 0.14199146 -0.00047242 -0.14664839
v 0.13557602 -0.00045183 -0.17196187
v 0.15114855 -0.00043447 -0.15559506
v 0.09441936 -0.00053858 -0.18771582
v 0.11136663 -0.00051093 -0.1758461
v 0.10071988 -0.00050527 -0.19910885
v 0.11871092 -0.00047564 -0.18651132
v 0.05807136 -0.00060954 -0.20542943
v 0.07659585 -0.00057164 -0.19760417
v 0.06204524 -0.00058075 -0.21794948
v 0.08176899 -0.00054046 -0.20961982
v 0.01962765 -0.00069822 -0.21460346
v 0.03902066 -0.0006518 -0.21110986
v 0.02104044 -0.00067545 -0.22772994
v 0.04173557 -0.00062582 -0.2240031
v 0.00007595 -0.00074867 -0.21586826
v 0.00016052 -0.00072926 -0.22907926
v 0.17060861 -0.00417824 0.14825478
v 0.18134093 -0.00413096 0.15494282
v 0.20131202 0.01587978 -0.003996
v 0.1981814 0.01590474 -0.02669693
v 0.21369433 0.01591455 -0.00532217
v 0.21040222 0.01594082 -0.02919546
v 0.20179259 0.01580978 0.04180377
v 0.20251643 0.01584906 0.01891137
v 0.21419844 0.0158418 0.04284555
v 0.21496029 0.01588239 0.01876796
v -0.16273807 -0.00547075 0.14556521
v -0.17339791 -0.00548291 0.15238235
v -0.05761222 0.01548762 -0.20630492
v -0.03869215 0.01554587 -0.21169
v -0.06146601 0.01549606 -0.21886684
v -0.04126077 0.01555819 -0.22461654
v -0.0935551 0.01536697 -0.18916454
v -0.07595714 0.01542789 -0.19876992
v -0.09980399 0.01536689 -0.20058949
v -0.08104273 0.01543206 -0.21082726
v -0.12583784 0.0152434 -0.1640993
v -0.11023406 0.0153051 -0.17756834
v -0.13415458 0.01523574 -0.17392739
v -0.11756304 0.01530118 -0.18824525
v -0.15321742 0.01512365 -0.13204896
v -0.14021049 0.01518286 -0.14887534
v -0.16320085 0.0151084 -0.13993655
v -0.14941306 0.01517132 -0.15776886
v -0.17462672 0.01501044 -0.09422834
v -0.16472476 0.01506592 -0.11377264
v -0.18584583 0.01498892 -0.0999453
v -0.17538045 0.01504739 -0.12059742
v -0.18922218 0.01490903 -0.05208572
v -0.18281659 0.01495795 -0.07359799
v -0.20124453 0.01488216 -0.05549708
v -0.19449101 0.01493366 -0.07817408
v -0.19642414 0.01482399 -0.00724613
v -0.19377003 0.01486428 -0.02989561
v -0.20882925 0.01479241 -0.00829128
v -0.20603552 0.01483491 -0.03212767
v -0.19594509 0.01475257 0.03855439
v -0.19714835 0.01478827 0.01564423
v -0.20832721 0.01471839 0.03987672
v -0.20959185 0.014755 0.01578671
v -0.18782061 0.01455169 0.08355023
v -0.19281609 0.01471216 0.0612632
v -0.19978888 0.01452306 0.08717244
v -0.20503832 0.01467818 0.0637492
v -0.18101847 0.01415589 0.10519503
v -0.19264179 0.01414161 0.1099147
v 0.19460655 0.01559894 0.08666139
v 0.19913873 0.01575905 0.06445978
v 0.20663699 0.01563377 0.0900442
v 0.21140603 0.01579027 0.06668122
v -0.12394863 0.00443048 0.19614659
v -0.13822907 0.00661579 0.18082754
v -0.13233289 0.00459478 0.20591038
v -0.14746981 0.00673201 0.18967525
v -0.09220354 0.00015068 0.22146481
v -0.10846417 0.00217381 0.20973585
v -0.09863638 0.00051434 0.23276177
v -0.11592181 0.0024166 0.22030955
v -0.05749667 -0.00089771 0.2388997
v -0.07559404 -0.00133415 0.23120296
v -0.06168003 -0.00017931 0.25136041
v -0.08087664 -0.00079508 0.24315598
v -0.01473522 0.0082356 0.24906323
v -0.03677261 0.00284289 0.24450446
v -0.01728874 0.00919693 0.26196527
v -0.01671551 0.00898113 0.25906893
v -0.01701084 0.00909232 0.26056116
v -0.04008422 0.00369433 0.25724324
v 0.06578001 0.00010765 0.23979237
v 0.0203839 0.00954496 0.24936068
v 0.04384864 0.00394372 0.24509915
v 0.02262672 0.01027822 0.2623409
v 0.02212326 0.0101136 0.25942704
v 0.02238266 0.01019843 0.2609283
v 0.06968412 0.00060478 0.25236415
v 0.04685568 0.0045613 0.25793576
v 0.10159231 0.00148045 0.22295251
v 0.08464467 -0.00019827 0.23239511
v 0.10789097 0.00174115 0.23434132
v 0.08971159 0.00016888 0.24445962
v 0.13295932 0.00588619 0.19818887
v 0.1177732 0.00359826 0.21150974
v 0.14135274 0.00607426 0.20794324
v 0.12517592 0.00380934 0.22212852
v 0.14692243 0.00807525 0.18311192
v 0.15620856 0.00823705 0.19190755
v 0.18824769 0.01523177 0.10819062
v 0.19994445 0.01527849 0.11270374
v 0.00133179 0.16735567 -0.00366799
v 0.00294783 0.16739366 -0.02042379
v 0.00490915 0.1673654 -0.00364155
v 0.00308806 0.1673665 -0.00679866
v 0.00301338 0.18257749 -0.02039965
v 0.00139753 0.18253892 -0.00363985
v 0.00497402 0.18254858 -0.00361341
v 0.00315344 0.18254992 -0.00677153
v -0.00182258 0.16741514 -0.03685173
v 0.00259039 0.16746439 -0.05525023
v 0.00738161 0.16743953 -0.03678316
v 0.00277684 0.16742755 -0.03707939
v 0.00744641 0.18262259 -0.03676001
v 0.00265569 0.18264754 -0.05522707
v -0.0017565 0.18259817 -0.03682857
v 0.00284229 0.18261057 -0.03705623
v -0.00526121 0.16748012 -0.07304166
v 0.00221718 0.16753798 -0.0915919
v 0.01007772 0.16752073 -0.07292724
v 0.00240384 0.16750107 -0.07342106
v 0.01014247 0.18270421 -0.07290409
v 0.00228242 0.18272104 -0.09156879
v -0.00519544 0.18266332 -0.07301852
v 0.00246907 0.18268422 -0.07339792
v -0.00870039 0.16754491 -0.10923138
v 0.00184372 0.16761121 -0.12793374
v 0.01277362 0.16760233 -0.1090717
v 0.00203042 0.16757425 -0.10976281
v 0.01283843 0.18278528 -0.10904859
v 0.00190897 0.18279406 -0.12791058
v -0.00863463 0.18272851 -0.10920824
v 0.00209567 0.18275801 -0.10973969
v -0.01213956 0.16760996 -0.14542146
v 0.00146718 0.16768111 -0.16374303
v 0.01546991 0.16768328 -0.14521586
v 0.00165722 0.16764774 -0.14610457
v 0.01553472 0.18286614 -0.14519274
v 0.00153602 0.18286734 -0.16425228
v -0.01207377 0.18279339 -0.14539834
v 0.00172248 0.18283091 -0.14608144
v -0.01537724 0.16766245 -0.1794945
v 0.01793669 0.16775171 -0.1792393
v 0.00126982 0.16770862 -0.18031683
v 0.01823109 0.18294739 -0.1813368
v -0.01551267 0.18285761 -0.18158836
v 0.00134945 0.18290413 -0.18242311
v 0.00931633 0.16741024 -0.01964888
v 0.00842548 0.16737327 -0.00280478
v 0.007164 0.16737709 -0.00630276
v 0.00938067 0.1825931 -0.01962474
v 0.0084897 0.18255658 -0.00277671
v 0.00722851 0.18256022 -0.00627562
v 0.01481687 0.16749471 -0.05376211
v 0.01642966 0.16746059 -0.03463038
v 0.01194706 0.16745074 -0.03596337
v 0.01649314 0.18264371 -0.03460729
v 0.01488091 0.18267792 -0.05373895
v 0.0120112 0.18263369 -0.03594022
v 0.02055591 0.16758331 -0.08935986
v 0.02515718 0.16755555 -0.06933946
v 0.01768645 0.16753913 -0.07156094
v 0.02522064 0.18273876 -0.06931631
v 0.02062024 0.18276667 -0.08933673
v 0.01775062 0.18272237 -0.0715378
v 0.02629497 0.16767187 -0.12495777
v 0.03388397 0.1676508 -0.10404858
v 0.02342541 0.16762757 -0.10715884
v 0.0339478 0.18283371 -0.10402541
v 0.02635937 0.18285478 -0.12493462
v 0.02348978 0.18281085 -0.1071357
v 0.03192411 0.16775709 -0.16003251
v 0.04261117 0.16774602 -0.13875767
v 0.02916477 0.16771616 -0.14275649
v 0.04267505 0.18292875 -0.13873457
v 0.03209905 0.18294304 -0.16053211
v 0.0292292 0.18289883 -0.14273339
v 0.05068888 0.16782678 -0.17142652
v 0.03446229 0.16779124 -0.17626331
v 0.0514026 0.18302401 -0.17344364
v 0.0349688 0.18298764 -0.17833095
v 0.01545471 0.16742304 -0.01744789
v 0.01174661 0.16737975 -0.00118991
v 0.01109268 0.16738529 -0.00489398
v 0.01551783 0.18260586 -0.01742412
v 0.01180996 0.18256245 -0.00116223
v 0.01115631 0.18256808 -0.00486715
v 0.02660151 0.16752015 -0.04953742
v 0.02497426 0.16747704 -0.03047595
v 0.02078587 0.16746939 -0.03279453
v 0.02503649 0.18266001 -0.03045329
v 0.02666422 0.18270294 -0.04951434
v 0.02084869 0.18265248 -0.03277163
v 0.03823221 0.1676207 -0.08302263
v 0.03939691 0.1675831 -0.06241612
v 0.03241694 0.16757032 -0.06628008
v 0.03945908 0.18276655 -0.06239309
v 0.03829518 0.18280395 -0.08299948
v 0.03247973 0.18275353 -0.06625694
v 0.04986286 0.16772213 -0.11650787
v 0.05381955 0.16768947 -0.09435561
v 0.04404754 0.16767127 -0.09976522
v 0.05388175 0.18287205 -0.09433256
v 0.04992593 0.1829047 -0.11648471
v 0.04411058 0.18285438 -0.09974205
v 0.06128123 0.16781915 -0.14950099
v 0.06824229 0.16779558 -0.12629553
v 0.05567837 0.16777263 -0.13325062
v 0.06830455 0.18297824 -0.12627252
v 0.06155704 0.18300581 -0.14997032
v 0.05574145 0.18295508 -0.13322752
v 0.08162202 0.16788724 -0.15635563
v 0.06645868 0.16785898 -0.16476647
v 0.0827272 0.18308472 -0.15821246
v 0.06737249 0.18305632 -0.16671294
v 0.02112715 0.16743297 -0.01390619
v 0.0147439 0.1673844 0.00114015
v 0.01472324 0.16739147 -0.00262721
v 0.02118915 0.18261519 -0.01388285
v 0.01480669 0.18256701 0.00116767
v 0.01478603 0.18257412 -0.0026007
v 0.0374908 0.16753895 -0.04273801
v 0.03268606 0.16748902 -0.02448008
v 0.02895336 0.16748368 -0.02769477
v 0.03274735 0.18267159 -0.02445794
v 0.03755245 0.18272213 -0.0427154
v 0.02901507 0.18266649 -0.02767234
v 0.05456592 0.16764931 -0.07282366
v 0.05224929 0.16760312 -0.05242309
v 0.04602831 0.16759443 -0.05778089
v 0.05231051 0.18278609 -0.05240086
v 0.05462757 0.18283276 -0.07280097
v 0.04608995 0.18277724 -0.05775822
v 0.07164102 0.16775986 -0.1029095
v 0.07181281 0.1677172 -0.08036595
v 0.06310346 0.16770491 -0.08786654
v 0.07187399 0.18289975 -0.08034375
v 0.07170278 0.18294271 -0.10288684
v 0.06316517 0.18288752 -0.08784386
v 0.08841033 0.1678667 -0.13255253
v 0.09137628 0.16783058 -0.10830895
v 0.08017879 0.16781507 -0.11795251
v 0.0914376 0.1830136 -0.10828676
v 0.08877809 0.183053 -0.13297289
v 0.08024047 0.18299773 -0.11792987
v 0.1095471 0.16792963 -0.13460446
v 0.09602984 0.16791068 -0.14626649
v 0.11100112 0.18312731 -0.13622975
v 0.09731572 0.18310819 -0.14801584
v 0.02611478 0.16743952 -0.00916058
v 0.01730237 0.16738677 0.00409603
v 0.0179154 0.16739562 0.00040993
v 0.026176 0.1826217 -0.00913772
v 0.01736466 0.18256974 0.00412309
v 0.01797762 0.1825786 0.00043614
v 0.04706651 0.16755092 -0.03362622
v 0.03926938 0.16749484 -0.01687402
v 0.03613531 0.16749264 -0.02086097
v 0.03932979 0.18267789 -0.01685273
v 0.04712735 0.18273375 -0.03360448
v 0.03619618 0.18267561 -0.02083922
v 0.06892944 0.16766779 -0.05915652
v 0.06322138 0.16761337 -0.03974671
v 0.05799798 0.16760948 -0.04639138
v 0.06328186 0.18279607 -0.03972543
v 0.0689904 0.18285036 -0.05913477
v 0.05805886 0.18279203 -0.04636962
v 0.09079211 0.16778427 -0.08468704
v 0.0871733 0.16773146 -0.06261947
v 0.07986071 0.16772609 -0.07192178
v 0.08723383 0.18291437 -0.06259816
v 0.09085295 0.18296672 -0.08466528
v 0.07992157 0.18290859 -0.07190002
v 0.11226821 0.16789652 -0.10984046
v 0.1111252 0.16784951 -0.0854922
v 0.10172351 0.16784222 -0.0974522
v 0.11118566 0.18303236 -0.0854709
v 0.11271581 0.1830832 -0.11019563
v 0.10178431 0.18302491 -0.09743046
v 0.13339029 0.16795265 -0.10701102
v 0.12203884 0.16794361 -0.12147504
v 0.13513734 0.18315061 -0.10834363
v 0.12364719 0.18314139 -0.12296089
v 0.03022687 0.16744197 -0.00339304
v 0.01932436 0.16738721 0.00756439
v 0.02054716 0.16739745 0.00410119
v 0.03028727 0.18262431 -0.00337102
v 0.0193861 0.18256989 0.00759084
v 0.02060877 0.18258009 0.00412679
v 0.05496138 0.16755519 -0.02255295
v 0.04447181 0.16749575 -0.00794965
v 0.04205655 0.16749618 -0.01255585
v 0.04453139 0.18267883 -0.00792934
v 0.05502133 0.18273869 -0.02253213
v 0.04211651 0.18267886 -0.01253503
v 0.08077152 0.16767427 -0.0425472
v 0.07189149 0.16761435 -0.02487343
v 0.06786647 0.16761505 -0.03255004
v 0.07195095 0.18279708 -0.02485306
v 0.0808314 0.1828572 -0.04252637
v 0.06792627 0.18279781 -0.03252922
v 0.10658104 0.16779327 -0.06254175
v 0.09931129 0.16773271 -0.04179755
v 0.09367623 0.16773377 -0.05254448
v 0.09937077 0.18291553 -0.04177718
v 0.1066411 0.18297594 -0.06252089
v 0.09373627 0.18291637 -0.05252363
v 0.13193863 0.16790823 -0.08223903
v 0.12673115 0.16785131 -0.0587216
v 0.11948605 0.16785244 -0.07253888
v 0.12679067 0.18303427 -0.05870124
v 0.13245102 0.18309499 -0.08251515
v 0.11954605 0.18303521 -0.07251805
v 0.1522354 0.16795522 -0.07463441
v 0.14348587 0.16795659 -0.09134532
v 0.15421006 0.18315292 -0.07562495
v 0.14535576 0.18315443 -0.09251225
v 0.03330614 0.16744019 0.00317478
v 0.02073228 0.16738522 0.0114118
v 0.02251799 0.1673962 0.00830471
v 0.03336576 0.18262288 0.00319558
v 0.02079362 0.18256795 0.01143731
v 0.02257902 0.18257924 0.00832939
v 0.06087253 0.1675526 -0.00994376
v 0.0480942 0.16749094 0.0019496
v 0.04649024 0.16749404 -0.00309862
v 0.04815306 0.18267348 0.00196857
v 0.06093161 0.18273548 -0.00992391
v 0.04654939 0.18267661 -0.00307895
v 0.08963762 0.16767001 -0.0236341
v 0.07792791 0.16760613 -0.00837576
v 0.07525496 0.16761118 -0.0167889
v 0.07798656 0.18278832 -0.00835644
v 0.08969644 0.18285238 -0.02361421
v 0.07531411 0.18279406 -0.016769
v 0.11840254 0.16778683 -0.03732468
v 0.10776193 0.16772085 -0.01870118
v 0.10402005 0.16772842 -0.03047942
v 0.10782078 0.1829034 -0.01868187
v 0.11846178 0.18296968 -0.03730479
v 0.10407923 0.182911 -0.03045953
v 0.14666688 0.16790072 -0.05080841
v 0.13759589 0.16783578 -0.02902626
v 0.13278493 0.16784547 -0.0441697
v 0.13765494 0.18301899 -0.02900696
v 0.14722675 0.1830874 -0.05099479
v 0.1328444 0.1830288 -0.04414982
v 0.16535848 0.16793657 -0.03871943
v 0.15954713 0.16794829 -0.05703471
v 0.16748853 0.18313409 -0.03933198
v 0.16160908 0.18314592 -0.05783987
v 0.03523387 0.16743487 0.01029047
v 0.02147165 0.16738128 0.01549042
v 0.02375176 0.16739274 0.0128589
v 0.03529303 0.18261738 0.01030999
v 0.02153286 0.18256418 0.01551532
v 0.02381248 0.18257559 0.01288264
v 0.06457351 0.16754233 0.00371698
v 0.04999688 0.16748036 0.01244388
v 0.04926613 0.16748614 0.00714736
v 0.05005549 0.18266347 0.01246152
v 0.06463217 0.18272511 0.00373543
v 0.04932479 0.18266907 0.00716563
v 0.0951885 0.16765449 -0.00314354
v 0.08109888 0.16758863 0.00911389
v 0.07988092 0.16759857 0.00028672
v 0.0811574 0.18277145 0.00913158
v 0.09524698 0.18283695 -0.00312503
v 0.07993954 0.18278098 0.00030523
v 0.1258036 0.16776658 -0.01000423
v 0.11220111 0.16769658 0.00578395
v 0.11049594 0.16771057 -0.00657391
v 0.1122597 0.18287956 0.00580165
v 0.12586237 0.18294912 -0.00998574
v 0.11055462 0.18289306 -0.00655541
v 0.1558884 0.16787464 -0.01675617
v 0.14330324 0.16780461 0.00245401
v 0.14111104 0.16782239 -0.01343433
v 0.14336217 0.18298758 0.00247171
v 0.15647746 0.1830611 -0.01684592
v 0.14116992 0.1830051 -0.01341583
v 0.17225553 0.16789893 -0.00064566
v 0.16960561 0.16792039 -0.01986175
v 0.17446397 0.18309584 -0.00085822
v 0.17178455 0.18311721 -0.02027624
v 0.03593608 0.16742597 0.01768038
v 0.02151459 0.16737517 0.01964306
v 0.02420117 0.16738706 0.01758856
v 0.03599525 0.18260861 0.017699
v 0.02157583 0.18255807 0.01966765
v 0.02426193 0.18256998 0.01761169
v 0.06592177 0.16752514 0.01790463
v 0.05010712 0.16746467 0.02312921
v 0.05027727 0.16747318 0.0177884
v 0.05016573 0.18264789 0.02314621
v 0.06598038 0.18270786 0.01792174
v 0.05033595 0.1826563 0.01780551
v 0.09721083 0.16762839 0.0181376
v 0.08128262 0.16756306 0.02692239
v 0.08156627 0.16757674 0.01802109
v 0.08134103 0.18274572 0.02693939
v 0.09726952 0.18281137 0.01815472
v 0.081625 0.18275965 0.01803821
v 0.12849997 0.16773194 0.01837035
v 0.11245816 0.16766074 0.03071585
v 0.11285537 0.16767998 0.01825401
v 0.11251685 0.18284335 0.03073286
v 0.12855874 0.18291457 0.01838747
v 0.11291416 0.18286298 0.01827113
v 0.15924935 0.16783188 0.0186094
v 0.14363423 0.16775831 0.03450898
v 0.14414466 0.16778361 0.0184867
v 0.14369249 0.18294113 0.03452598
v 0.15984776 0.18301798 0.01862016
v 0.14420323 0.18296627 0.01850382
v 0.17266133 0.16784286 0.03812231
v 0.17327475 0.16787292 0.01874483
v 0.17486819 0.18303929 0.03831917
v 0.17549234 0.18306964 0.01873651
v 0.03538668 0.16741317 0.02505951
v 0.02086062 0.16736689 0.02370811
v 0.02384961 0.16737884 0.02231112
v 0.03544556 0.18259638 0.02507855
v 0.02092061 0.18254983 0.0237351
v 0.02391012 0.18256181 0.02233456
v 0.06486661 0.16750119 0.03207319
v 0.04842336 0.16744376 0.03359203
v 0.04948606 0.16745528 0.02841463
v 0.04847994 0.18262656 0.03361285
v 0.06492483 0.18268385 0.03209076
v 0.04954434 0.18263822 0.02843221
v 0.09562782 0.1675927 0.03939054
v 0.07847505 0.16752813 0.04436307
v 0.08024726 0.167547 0.03573187
v 0.07853152 0.18271084 0.04438387
v 0.09568613 0.18277572 0.03940811
v 0.08030536 0.1827297 0.03574943
v 0.12638923 0.16768401 0.0467076
v 0.10852666 0.16761167 0.05513387
v 0.11100858 0.16763801 0.0430491
v 0.10858335 0.18279483 0.05515468
v 0.12644763 0.18286678 0.04672518
v 0.1110669 0.18282124 0.04306668
v 0.15662144 0.16777218 0.05392868
v 0.13857853 0.16769556 0.06590461
v 0.14177018 0.16772976 0.05036611
v 0.13863492 0.1828783 0.06592543
v 0.15720875 0.18295826 0.05404225
v 0.14182832 0.18291242 0.05038368
v 0.16656284 0.16776698 0.07609027
v 0.17041367 0.16780829 0.05729937
v 0.16868665 0.18296286 0.07669647
v 0.17258946 0.18300402 0.05770093
v 0.01759721 0.16732803 0.03095055
v 0.02670075 0.16730819 0.04433207
v 0.01510422 0.16729694 0.03386441
v 0.01829251 0.16731189 0.03464197
v 0.02673631 0.18249103 0.04439182
v 0.0176451 0.18251009 0.03099881
v 0.01514998 0.18247976 0.03391599
v 0.01833611 0.18249443 0.03469502
v 0.04001629 0.16734328 0.05224601
v 0.04817144 0.167299 0.06911069
v 0.03359986 0.16726349 0.05974713
v 0.03697072 0.16730371 0.05618149
v 0.03363158 0.18244633 0.0598105
v 0.04820395 0.18248176 0.06917268
v 0.04005178 0.18252541 0.05230394
v 0.03700339 0.18248671 0.05624348
v 0.06444975 0.1673602 0.07547819
v 0.07057255 0.16728967 0.09496946
v 0.05375341 0.16722686 0.08798364
v 0.05937206 0.16729402 0.0820401
v 0.05378482 0.1824101 0.08804702
v 0.07060517 0.18247257 0.09503153
v 0.06448528 0.18254275 0.07553615
v 0.0594046 0.18247735 0.08210212
v 0.08888329 0.16737698 0.09871036
v 0.09297401 0.16728018 0.12082741
v 0.07390668 0.16719074 0.11621975
v 0.0817734 0.1672851 0.10789847
v 0.07393805 0.18237379 0.11628352
v 0.09300629 0.18246339 0.12088978
v 0.08891877 0.1825601 0.0987684
v 0.08180581 0.18246804 0.10796073
v 0.11331646 0.16739364 0.12194216
v 0.11498904 0.16726829 0.14631296
v 0.09405998 0.16715443 0.14445585
v 0.10417444 0.16727531 0.13375656
v 0.09409133 0.18233723 0.14451962
v 0.11540734 0.18245324 0.14674785
v 0.11335194 0.18257641 0.12200018
v 0.10420684 0.18245811 0.13381883
v 0.13606669 0.16740007 0.14384421
v 0.11282661 0.1671105 0.17105287
v 0.1250326 0.16725707 0.15812367
v 0.11424449 0.18230056 0.17275571
v 0.13778524 0.18259291 0.14523185
v 0.12660791 0.18244858 0.15967688
v 0.02181486 0.16725279 0.04900074
v 0.01215521 0.16726675 0.03614914
v 0.01516562 0.16727639 0.03762977
v 0.02184961 0.18243534 0.04906219
v 0.01220163 0.18244937 0.03620079
v 0.01520862 0.18245933 0.03768405
v 0.03878988 0.16719257 0.07807583
v 0.02601173 0.16718584 0.06562629
v 0.02993473 0.16722407 0.06290497
v 0.02604487 0.18236818 0.06568977
v 0.03882147 0.18237508 0.07813965
v 0.02996657 0.18240682 0.0629688
v 0.05649972 0.1671296 0.10841743
v 0.04110709 0.16709744 0.09778174
v 0.0476448 0.16716107 0.09324666
v 0.0411403 0.18227982 0.09784522
v 0.05653146 0.18231253 0.10848136
v 0.04767648 0.18234382 0.0933105
v 0.07420953 0.16706702 0.13875876
v 0.05620219 0.16700868 0.12993705
v 0.06535459 0.16709817 0.12358807
v 0.05623544 0.18219156 0.13000065
v 0.0742411 0.18224971 0.138823
v 0.06538628 0.18228128 0.12365218
v 0.0916156 0.16700255 0.16865745
v 0.07129756 0.16692034 0.16209261
v 0.08306451 0.16703525 0.15392966
v 0.07133054 0.18210327 0.16215625
v 0.09195096 0.18218672 0.16916464
v 0.08309608 0.18221849 0.15399383
v 0.08536216 0.16682811 0.19235849
v 0.09955924 0.16696715 0.18249869
v 0.086426 0.18201459 0.19431188
v 0.10080601 0.18215547 0.18433547
v 0.01621178 0.16720056 0.05245757
v 0.00886233 0.16723947 0.03771474
v 0.01157939 0.16724288 0.03984225
v 0.0162498 0.18238352 0.05251774
v 0.00891253 0.18242211 0.03776501
v 0.01162473 0.18242582 0.0398956
v 0.02803426 0.16709272 0.08471185
v 0.01754176 0.16711516 0.06965364
v 0.02186729 0.16714897 0.06788234
v 0.01758135 0.1822986 0.06971471
v 0.02806988 0.18227542 0.0847743
v 0.02190284 0.18233199 0.06794479
v 0.04036792 0.16697974 0.11837087
v 0.02699436 0.16698057 0.1044929
v 0.03420108 0.16703622 0.10154137
v 0.02703435 0.18216304 0.10455396
v 0.04040399 0.1821625 0.11843332
v 0.03423699 0.18221892 0.10160382
v 0.05270169 0.16686682 0.15202973
v 0.03644694 0.1668455 0.13933211
v 0.04653471 0.16692313 0.13520032
v 0.03648728 0.18202823 0.13939318
v 0.0527377 0.18204972 0.15209224
v 0.04657081 0.18210603 0.13526278
v 0.0648271 0.16675379 0.18519154
v 0.04590005 0.16671024 0.17417095
v 0.05886882 0.16681043 0.16885924
v 0.04594024 0.18189325 0.17423206
v 0.06507179 0.18193709 0.18575125
v 0.05890474 0.18199355 0.16892175
v 0.05472178 0.16657514 0.20694202
v 0.07036726 0.16669563 0.20052954
v 0.05539294 0.18175821 0.20907102
v 0.07123854 0.18188051 0.20258075
v 0.0101043 0.1671575 0.05456828
v 0.00535133 0.16721907 0.03850017
v 0.00766983 0.16721488 0.04119337
v 0.01015151 0.18234023 0.05462592
v 0.00540923 0.18240203 0.03854906
v 0.00772185 0.1823983 0.04124487
v 0.01631519 0.16700999 0.08876205
v 0.00851342 0.16706346 0.07167332
v 0.01307559 0.167087 0.07092072
v 0.00856633 0.18224568 0.07173199
v 0.01636084 0.18219237 0.08882176
v 0.01312119 0.18226943 0.07098043
v 0.02279385 0.16685514 0.12444526
v 0.01195568 0.16689366 0.10785704
v 0.01955451 0.16693261 0.10660363
v 0.01200868 0.18207623 0.10791569
v 0.0228399 0.18203827 0.12450492
v 0.01960038 0.18211545 0.10666333
v 0.02927317 0.16670137 0.16012801
v 0.01539797 0.16672372 0.14404103
v 0.02603345 0.16677849 0.1422867
v 0.01545101 0.1819068 0.14409969
v 0.02931922 0.18188461 0.16018772
v 0.02607952 0.18196135 0.14234638
v 0.03564766 0.16654756 0.19527909
v 0.0188407 0.1665547 0.18022462
v 0.03251291 0.16662444 0.17796927
v 0.01889369 0.18173733 0.18028329
v 0.03579855 0.18173044 0.19587028
v 0.03255892 0.18180735 0.17802898
v 0.02207965 0.16638653 0.21424636
v 0.03857248 0.16647097 0.21152606
v 0.02233623 0.18156728 0.216467
v 0.03903807 0.18165303 0.21371167
v 0.00372887 0.16712887 0.05524949
v 0.0017601 0.16720822 0.03847342
v 0.00358834 0.1671971 0.04162946
v 0.00379006 0.18231213 0.05530586
v 0.00182744 0.18239112 0.0385223
v 0.00365052 0.18238003 0.04168003
v 0.00408601 0.16695547 0.09006884
v -0.00071939 0.16703489 0.07160475
v 0.00389986 0.16704607 0.07190121
v -0.00065025 0.18221801 0.07166338
v 0.00414687 0.18213836 0.09012716
v 0.00396072 0.18222905 0.07195952
v 0.00445807 0.16677416 0.1264044
v -0.00342088 0.16684681 0.10774278
v 0.00427204 0.16686469 0.10823661
v -0.00335175 0.18202921 0.1078014
v 0.00451895 0.18195714 0.12646269
v 0.00433291 0.18204771 0.10829491
v 0.00483044 0.16659294 0.16273984
v -0.0061224 0.16665846 0.14388082
v 0.00464422 0.16668343 0.14457213
v -0.0060532 0.18184076 0.14393949
v 0.00489133 0.18177621 0.16279819
v 0.00470511 0.1818667 0.14463046
v 0.00520653 0.16641269 0.19853134
v -0.00882381 0.16646988 0.18001891
v 0.00501666 0.16650225 0.1809075
v -0.0087546 0.18165262 0.18007753
v 0.0052637 0.18159502 0.19913342
v 0.00507755 0.18168564 0.18096579
v -0.01129245 0.16628433 0.21399089
v 0.00540369 0.16632393 0.21506756
v -0.01145639 0.18146419 0.21621565
v 0.00544972 0.18150422 0.21730126
v -0.00266267 0.1671186 0.0544734
v -0.00176885 0.16720759 0.03763571
v -0.00050356 0.16719047 0.04113261
v -0.0025863 0.18230168 0.05453104
v -0.00169244 0.18239066 0.03768605
v -0.00043035 0.18237349 0.04118412
v -0.00817311 0.16693504 0.08858015
v -0.00979278 0.16703277 0.06945046
v -0.00529866 0.16703057 0.07078426
v -0.00970794 0.1822164 0.06951165
v -0.00809568 0.1821181 0.08863984
v -0.00522124 0.18221414 0.07084395
v -0.01392201 0.16674448 0.12417196
v -0.01853303 0.16684325 0.10415406
v -0.01104755 0.16683988 0.10637605
v -0.01844816 0.18202647 0.10421523
v -0.01384457 0.18192693 0.12423162
v -0.01097014 0.18202251 0.1064357
v -0.01967095 0.16655281 0.15976396
v -0.02727332 0.1666536 0.13885791
v -0.01679648 0.16664846 0.14196795
v -0.0271883 0.18183651 0.13891902
v -0.01959338 0.18173524 0.15982361
v -0.01671898 0.18183122 0.14202761
v -0.02530765 0.16636239 0.19482225
v -0.03601348 0.16646423 0.17356172
v -0.02254536 0.1664572 0.17755991
v -0.03592851 0.18164688 0.17362289
v -0.02534237 0.18154475 0.19541543
v -0.02246783 0.18163999 0.17761953
v -0.04409473 0.16627778 0.20618498
v -0.02784574 0.16626952 0.21101748
v -0.04466893 0.18145744 0.20832651
v -0.028217 0.18144919 0.21321138
v -0.0088168 0.16712614 0.05227113
v -0.00509594 0.16721606 0.03602021
v -0.00444322 0.1671952 0.0397229
v -0.00872846 0.18230918 0.05233173
v -0.00501379 0.18239928 0.03607256
v -0.0043613 0.18237847 0.03977656
v -0.01997943 0.16694916 0.08435427
v -0.01834911 0.16705513 0.06529522
v -0.01415656 0.16704139 0.06761403
v -0.01825448 0.18223798 0.06535987
v -0.01988891 0.18213246 0.08441719
v -0.01406605 0.18222487 0.06767695
v -0.03162521 0.16676536 0.11783479
v -0.03278723 0.16687981 0.09723101
v -0.0258023 0.16685731 0.10109451
v -0.03269251 0.1820624 0.09729564
v -0.03153465 0.18194806 0.11789767
v -0.02571179 0.18204024 0.10115741
v -0.04327089 0.16658151 0.15131545
v -0.04722518 0.1667048 0.12916676
v -0.03744803 0.16667331 0.13457512
v -0.04713045 0.1818877 0.1292314
v -0.04318021 0.18176408 0.15137833
v -0.03735741 0.18185624 0.13463799
v -0.05470114 0.16639813 0.18429456
v -0.06166313 0.16652947 0.16110241
v -0.04909367 0.16648939 0.16805565
v -0.06156833 0.18171268 0.16116717
v -0.05482587 0.18158029 0.18485888
v -0.049003 0.18167197 0.16811862
v -0.07504647 0.16635723 0.19112791
v -0.05987781 0.16630853 0.19953097
v -0.07600634 0.18153768 0.19310289
v -0.06064881 0.18148814 0.20159912
v -0.01449404 0.16714771 0.04872882
v -0.00809371 0.167231 0.03369016
v -0.00807723 0.16720907 0.03745552
v -0.0143993 0.18233059 0.04879238
v -0.00800905 0.18241421 0.03374373
v -0.00799062 0.18239212 0.03751134
v -0.03087438 0.16699047 0.07755579
v -0.02606075 0.16709342 0.05930077
v -0.02232954 0.16707272 0.06251429
v -0.02596192 0.18227608 0.05936762
v -0.03077697 0.18217322 0.07762195
v -0.02223211 0.1822552 0.06258045
v -0.04796418 0.16682714 0.10763855
v -0.045637 0.16694346 0.0872418
v -0.03941927 0.16690872 0.09259718
v -0.04553815 0.18212631 0.08730866
v -0.04786672 0.18200945 0.10770468
v -0.03932187 0.18209105 0.09266333
v -0.06505392 0.16666342 0.13772143
v -0.06521322 0.16679383 0.11518281
v -0.05650902 0.16674545 0.12268
v -0.06511443 0.18197664 0.11524963
v -0.06495644 0.18184624 0.13778761
v -0.05641158 0.18192784 0.12274614
v -0.08183448 0.16650031 0.16735467
v -0.08478955 0.16664421 0.14312377
v -0.07359877 0.16658157 0.15276271
v -0.0846906 0.18182699 0.14319063
v -0.08204595 0.1816827 0.16787023
v -0.07350114 0.18176466 0.15282894
v -0.10296093 0.16649594 0.16939677
v -0.08945221 0.1664199 0.18104815
v -0.10426688 0.1816772 0.17113128
v -0.09059086 0.18160089 0.18291153
v -0.01947783 0.167179 0.04398569
v -0.01064717 0.16725003 0.03073868
v -0.01126698 0.16722884 0.03441992
v -0.01938184 0.182362 0.04404925
v -0.01056404 0.18243272 0.03078939
v -0.01117949 0.18241243 0.03447572
v -0.04044205 0.16705068 0.06844899
v -0.0326325 0.16714276 0.05170308
v -0.02950564 0.16711746 0.0556842
v -0.03253607 0.18232615 0.0517653
v -0.04034331 0.18223388 0.06851515
v -0.02940689 0.18230086 0.05575034
v -0.06231513 0.16691699 0.09397836
v -0.0565915 0.16702596 0.07457584
v -0.0513786 0.16698385 0.08121368
v -0.05649502 0.1822095 0.07463804
v -0.06221624 0.18209973 0.09404449
v -0.05127979 0.18216671 0.08127982
v -0.08418769 0.16678297 0.11950797
v -0.08055036 0.16690908 0.09744858
v -0.07325124 0.16684991 0.10674314
v -0.08045389 0.18209195 0.0975108
v -0.084089 0.18196617 0.11957413
v -0.07315269 0.18203285 0.10680928
v -0.10567128 0.16664925 0.14465667
v -0.10450919 0.16679175 0.12032161
v -0.09512431 0.16671598 0.13227275
v -0.10441272 0.181975 0.12038387
v -0.10596191 0.18183244 0.14510367
v -0.09502541 0.18189926 0.13233894
v -0.12677213 0.16667504 0.14182895
v -0.11543874 0.1665828 0.15627881
v -0.12837134 0.18185821 0.14325681
v -0.1168982 0.18176546 0.15786829
v -0.02357588 0.16721338 0.03823284
v -0.01265857 0.16726718 0.02728356
v -0.01388911 0.16725148 0.03073913
v -0.02348702 0.18239693 0.03828453
v -0.01258232 0.18245004 0.02732257
v -0.01380681 0.18243412 0.03078631
v -0.04831624 0.16711729 0.05739369
v -0.03781402 0.16718755 0.04280292
v -0.03540935 0.16716747 0.04739594
v -0.03772959 0.18237027 0.04284467
v -0.04822525 0.18230056 0.05744688
v -0.03531833 0.18235071 0.04744914
v -0.07413011 0.16701687 0.07738895
v -0.06523522 0.16710004 0.0597287
v -0.0612232 0.16706712 0.06739132
v -0.06515102 0.18228311 0.05977043
v -0.07403916 0.18220007 0.07744212
v -0.0611322 0.18225015 0.0674445
v -0.09994377 0.16691637 0.09738443
v -0.09265645 0.16701309 0.0766545
v -0.08703695 0.16696684 0.08738667
v -0.09257216 0.18219603 0.07669625
v -0.09985261 0.18209901 0.09743767
v -0.08694586 0.18214955 0.08743986
v -0.12530358 0.16681595 0.11708096
v -0.12007782 0.16692614 0.09358033
v -0.11285074 0.16686607 0.1073822
v -0.11999285 0.18210917 0.0936221
v -0.12566638 0.18199881 0.11743319
v -0.1127593 0.18204909 0.10743544
v -0.14557996 0.16683755 0.1094899
v -0.1368481 0.16676496 0.1261817
v -0.14741447 0.18202205 0.11054788
v -0.13857296 0.18194881 0.12743096
v -0.02663867 0.16723507 0.03168803
v -0.01405886 0.16727386 0.02344874
v -0.01584824 0.16726507 0.02655226
v -0.02656149 0.18241764 0.03171894
v -0.01398866 0.18245671 0.02347634
v -0.01577444 0.18244752 0.02658434
v -0.05420672 0.16715838 0.0448104
v -0.0414224 0.16720452 0.03292536
v -0.03982405 0.16719836 0.03796415
v -0.04134844 0.18238732 0.03294722
v -0.05412838 0.18234142 0.04484092
v -0.03974572 0.18238118 0.03799468
v -0.0829718 0.16707865 0.05850274
v -0.07125623 0.16712908 0.0432527
v -0.06858924 0.16711863 0.05165654
v -0.07118196 0.18231216 0.04327455
v -0.08289357 0.18226158 0.05853325
v -0.06851097 0.18230137 0.05168706
v -0.11173719 0.1669996 0.07219556
v -0.10108967 0.16705392 0.05358039
v -0.09735449 0.16703906 0.06534916
v -0.10101556 0.18223667 0.05360224
v -0.11165847 0.18218211 0.0722261
v -0.09727598 0.18222165 0.06537968
v -0.14000111 0.16691927 0.08568091
v -0.13092328 0.1669784 0.06390807
v -0.12611982 0.16695949 0.07904174
v -0.13084901 0.18216146 0.06392993
v -0.14042343 0.18210262 0.08591841
v -0.1260408 0.18214252 0.07907228
v -0.15868492 0.16690135 0.07360257
v -0.15288023 0.16687808 0.09190629
v -0.16068269 0.18208643 0.07425727
v -0.15480624 0.18206304 0.09276465
v -0.02855954 0.16724343 0.02458545
v -0.01479671 0.16727909 0.01937406
v -0.01707711 0.16727045 0.02200765
v -0.02848801 0.18242566 0.02460492
v -0.01472781 0.18246147 0.01939872
v -0.01700743 0.182453 0.0220314
v -0.0578994 0.16717475 0.03116365
v -0.04332231 0.16721637 0.02243751
v -0.04259203 0.16721028 0.0277323
v -0.0432504 0.18239946 0.02245462
v -0.05782712 0.18235726 0.03118169
v -0.04251981 0.1823934 0.02775033
v -0.08851347 0.16710272 0.03802644
v -0.07442352 0.1671487 0.02576975
v -0.07320649 0.16713887 0.03459502
v -0.07435189 0.18233159 0.02578687
v -0.08844131 0.18228569 0.03804447
v -0.07313429 0.1823215 0.03461305
v -0.11912852 0.16703128 0.04488951
v -0.10552519 0.16708083 0.029102
v -0.103821 0.167067 0.04145797
v -0.10545311 0.18226431 0.02911911
v -0.11905567 0.18221448 0.04490754
v -0.10374859 0.18224993 0.04147601
v -0.14921286 0.16695947 0.05164399
v -0.13662697 0.1670137 0.03243425
v -0.13443562 0.1669954 0.04832093
v -0.13655513 0.1821969 0.03245137
v -0.14967039 0.18214325 0.05177034
v -0.13436321 0.18217894 0.04833897
v -0.16557863 0.16694478 0.03553618
v -0.16292944 0.16692237 0.05475043
v -0.16765652 0.18212971 0.03578363
v -0.16497771 0.18210728 0.0552017
v -0.02926128 0.16725294 0.01719765
v -0.01483949 0.1672846 0.01522157
v -0.01752623 0.16727648 0.01727954
v -0.02919015 0.18243512 0.01721627
v -0.01477072 0.18246759 0.01524647
v -0.01745681 0.18245919 0.01730267
v -0.05924668 0.16719214 0.01697838
v -0.04343211 0.16723208 0.0117524
v -0.04360251 0.16722364 0.01709357
v -0.0433604 0.18241505 0.01176998
v -0.05917497 0.18237499 0.0169955
v -0.04353078 0.18240663 0.01711068
v -0.09053474 0.16712957 0.01674794
v -0.07460685 0.16717501 0.00796154
v -0.07489071 0.16716091 0.01686319
v -0.0745351 0.1823581 0.00797912
v -0.09046313 0.1823128 0.01676506
v -0.07481899 0.18234379 0.01688031
v -0.12182372 0.16706666 0.01651722
v -0.10578184 0.16711799 0.00417039
v -0.10617917 0.16709795 0.01663258
v -0.10571032 0.18230085 0.00418797
v -0.121752 0.18224965 0.01653434
v -0.10610748 0.18228136 0.0166497
v -0.15257272 0.16700343 0.01628042
v -0.13695746 0.16706039 0.00037918
v -0.13746826 0.16703552 0.01640197
v -0.13688543 0.18224373 0.00039675
v -0.15304069 0.18218752 0.01630391
v -0.13739627 0.18221855 0.01641909
v -0.16598367 0.16700094 -0.00323196
v -0.16659744 0.16697104 0.01614615
v -0.16806012 0.18218687 -0.0033941
v -0.1686847 0.18215625 0.01618872
v -0.02871142 0.16726534 0.00981725
v -0.01418414 0.16729238 0.01115351
v -0.01717433 0.16728419 0.01255604
v -0.02864039 0.18244776 0.00983673
v -0.01411541 0.18247556 0.01117903
v -0.01710499 0.18246693 0.01257979
v -0.05819084 0.16721625 0.00280842
v -0.04174584 0.16725249 0.00128466
v -0.04281058 0.16724172 0.00646594
v -0.04167423 0.18243503 0.00130329
v -0.05811905 0.18239925 0.00282647
v -0.04273889 0.18242436 0.00648399
v -0.08895146 0.16716544 -0.00450637
v -0.07179668 0.16720834 -0.0094841
v -0.07357105 0.16719067 -0.00084897
v -0.07172513 0.1823914 -0.00946547
v -0.08887976 0.18234837 -0.00448832
v -0.07349932 0.18237404 -0.00083092
v -0.11971243 0.16711477 -0.01182146
v -0.10184785 0.16716459 -0.02025258
v -0.10433188 0.16713984 -0.00816388
v -0.10177604 0.18234765 -0.02023397
v -0.11964061 0.18229749 -0.01180342
v -0.10426014 0.18232321 -0.00814584
v -0.14994414 0.16706253 -0.01904069
v -0.13189899 0.16712057 -0.03102142
v -0.13509292 0.16708912 -0.01547904
v -0.13182687 0.18230369 -0.03100282
v -0.15040123 0.18224699 -0.01911852
v -0.13502107 0.18227206 -0.015461
v -0.1598827 0.16707283 -0.04120603
v -0.1637358 0.16703496 -0.02241046
v -0.16187775 0.18225994 -0.04177158
v -0.16578117 0.18222138 -0.02277592
v -0.02693023 0.16728027 0.00272893
v -0.0128554 0.16730178 0.00732608
v -0.01603434 0.16729396 0.00801944
v -0.02685952 0.182463 0.00274967
v -0.01278707 0.18248444 0.00735252
v -0.01596526 0.18247669 0.00804411
v -0.0547714 0.16724547 -0.01080038
v -0.03832709 0.16727602 -0.00856328
v -0.04024586 0.16726364 -0.00374093
v -0.03825618 0.18245834 -0.00854305
v -0.05469997 0.18242819 -0.01078095
v -0.04017454 0.18244643 -0.0037215
v -0.08382267 0.16720917 -0.02491876
v -0.06609941 0.16724792 -0.02589624
v -0.06929701 0.16722738 -0.0178596
v -0.06602849 0.18243049 -0.02587599
v -0.08375138 0.18239249 -0.02489932
v -0.0692257 0.18241016 -0.01784016
v -0.11287381 0.1671728 -0.03903735
v -0.09387169 0.16721963 -0.04322913
v -0.0983483 0.1671909 -0.03197803
v -0.09380079 0.18240295 -0.04320891
v -0.11280243 0.18235592 -0.03901796
v -0.09827684 0.18237425 -0.03195861
v -0.14142613 0.1671354 -0.05296102
v -0.12164404 0.16719135 -0.06056212
v -0.12739951 0.16715458 -0.04609669
v -0.12157324 0.18237449 -0.06054192
v -0.14185367 0.1823197 -0.05313661
v -0.12732818 0.18233804 -0.04607729
v -0.14750866 0.16715864 -0.07692614
v -0.15445345 0.16711418 -0.05943539
v -0.14934575 0.1823468 -0.0778749
v -0.15637941 0.18230176 -0.06019593
v -0.02398577 0.16729772 -0.00379498
v -0.0109043 0.16731199 0.0038867
v -0.01414979 0.16730518 0.00384398
v -0.02391575 0.18248064 -0.00377297
v -0.01083641 0.18249514 0.00391376
v -0.01408119 0.18248781 0.00386958
v -0.04911877 0.16727927 -0.0233249
v -0.03330712 0.16730256 -0.01741266
v -0.03600615 0.16728895 -0.01313479
v -0.0332371 0.18248549 -0.01739138
v -0.0490483 0.18246172 -0.02330409
v -0.03593566 0.1824714 -0.01311398
v -0.07534433 0.16726012 -0.04370468
v -0.05773359 0.16729229 -0.04064403
v -0.06223153 0.16726966 -0.03351479
v -0.05766343 0.18247512 -0.04062277
v -0.07527365 0.18244284 -0.04368387
v -0.06216093 0.18245226 -0.03349398
v -0.10156914 0.16724057 -0.06408496
v -0.08215983 0.16728198 -0.0638754
v -0.08845684 0.16725035 -0.05389479
v -0.08208976 0.18246483 -0.06385415
v -0.10149892 0.18242327 -0.06406419
v -0.08838629 0.18243312 -0.053874
v -0.12734457 0.16721938 -0.08417775
v -0.10658582 0.16727143 -0.0871072
v -0.1146819 0.1672308 -0.07427502
v -0.1065159 0.18245455 -0.08708591
v -0.12772449 0.18240401 -0.08444427
v -0.11461169 0.18241354 -0.07425423
v -0.12933787 0.16725473 -0.10901978
v -0.13910758 0.16720576 -0.09350593
v -0.13094204 0.18244424 -0.11031772
v -0.14083705 0.18239451 -0.09463446
v -0.01999124 0.16731709 -0.00950314
v -0.00840595 0.16732345 0.00096798
v -0.01159323 0.16731753 0.00019065
v -0.019922 0.18250013 -0.00948028
v -0.00833863 0.18250598 0.0009955
v -0.01152519 0.18250054 0.00021687
v -0.04144997 0.16731594 -0.03428352
v -0.02687869 0.16733099 -0.0249228
v -0.03025433 0.1673164 -0.0213541
v -0.02680948 0.18251341 -0.02490066
v -0.04138034 0.18249851 -0.03426179
v -0.03018467 0.18249927 -0.02133236
v -0.06384164 0.16731511 -0.06014189
v -0.04701998 0.16733931 -0.05316041
v -0.05264587 0.16731534 -0.04721271
v -0.04695074 0.18252155 -0.05313821
v -0.06377183 0.18249785 -0.06012018
v -0.05257611 0.1824983 -0.04719099
v -0.08623265 0.16731399 -0.08600089
v -0.06716123 0.16734801 -0.08139798
v -0.07503713 0.16731458 -0.07307133
v -0.06709186 0.18253056 -0.08137576
v -0.08616308 0.18249721 -0.08597914
v -0.07496745 0.18249742 -0.07304961
v -0.10824091 0.1673112 -0.11149081
v -0.0873022 0.16735652 -0.109636
v -0.09742835 0.16731365 -0.09893046
v -0.08723296 0.18253971 -0.10961376
v -0.10855429 0.18249625 -0.11183825
v -0.09735859 0.18249648 -0.09890869
v -0.10606817 0.16735747 -0.13625331
v -0.11828717 0.16730552 -0.12331274
v -0.10737421 0.18254835 -0.1378518
v -0.1197499 0.18249574 -0.12476782
v -0.01510011 0.16733706 -0.01417549
v -0.00545612 0.16733431 -0.00131773
v -0.00846287 0.16733036 -0.00279961
v -0.01503176 0.18251945 -0.01415216
v -0.00538932 0.18251684 -0.00129006
v -0.00839549 0.18251289 -0.00277309
v -0.03205943 0.16735415 -0.04325473
v -0.01928861 0.16735993 -0.0308048
v -0.02321127 0.1673454 -0.02808244
v -0.01922034 0.18254242 -0.03078214
v -0.03199066 0.18253693 -0.04323213
v -0.02314253 0.18252781 -0.02806001
v -0.04975604 0.16737255 -0.07359859
v -0.03437014 0.16738733 -0.06296407
v -0.04090774 0.16736333 -0.05842668
v -0.03430183 0.18257041 -0.06294106
v -0.0496873 0.18255506 -0.07357591
v -0.04083894 0.18254612 -0.05840402
v -0.06745261 0.16739088 -0.10394293
v -0.04945193 0.16741536 -0.09512303
v -0.05860431 0.16738173 -0.08877073
v -0.04938365 0.18259844 -0.09509997
v -0.06738369 0.18257397 -0.10392021
v -0.05853548 0.18256451 -0.08874803
v -0.08484797 0.16740676 -0.13384982
v -0.06453362 0.16744333 -0.12728214
v -0.07630085 0.16739971 -0.11911505
v -0.06446528 0.18262641 -0.12725907
v -0.08508014 0.18259213 -0.13426446
v -0.07623198 0.18258309 -0.11909234
v -0.07859401 0.16746172 -0.15758007
v -0.09279283 0.16740959 -0.14771004
v -0.07954678 0.1826546 -0.15941825
v -0.09392841 0.18260121 -0.14943669
v -0.00949969 0.16735716 -0.01763339
v -0.00216782 0.1673458 -0.00288357
v -0.00487846 0.16734345 -0.0050127
v -0.00943216 0.18253986 -0.01760963
v -0.00210153 0.18252818 -0.0028555
v -0.00481167 0.18252584 -0.00498587
v -0.02130783 0.16739298 -0.04989355
v -0.01082803 0.16738832 -0.03483326
v -0.01514721 0.16737434 -0.03306166
v -0.01076071 0.18257139 -0.03481019
v -0.02123996 0.18257574 -0.04987049
v -0.01507939 0.18255698 -0.03303878
v -0.03362878 0.16743053 -0.08355659
v -0.02027012 0.16743549 -0.06967731
v -0.02746833 0.16741177 -0.06672509
v -0.02020283 0.18261779 -0.06965419
v -0.03356099 0.18261301 -0.08353345
v -0.02740046 0.18259434 -0.06670197
v -0.04594991 0.16746798 -0.11722013
v -0.02971197 0.1674821 -0.10452131
v -0.03978934 0.16744934 -0.10038834
v -0.02964475 0.18266542 -0.10449814
v -0.04588216 0.18265081 -0.11719696
v -0.03972159 0.18263194 -0.10036516
v -0.05806416 0.16750311 -0.15039484
v -0.0391539 0.16752967 -0.13936571
v -0.05211041 0.16748678 -0.13405184
v -0.03908669 0.18271216 -0.13934257
v -0.05820304 0.18268862 -0.15086039
v -0.05204262 0.18266992 -0.13402867
v -0.04797167 0.16756562 -0.17218101
v -0.06360448 0.16751426 -0.16576059
v -0.04852852 0.18275962 -0.17418696
v -0.06436354 0.18270747 -0.16769218
v -0.00340573 0.16737628 -0.01974342
v -0.00097828 0.16735574 -0.0063632
v -0.00333901 0.18255931 -0.01971929
v -0.00091205 0.18253837 -0.00633605
v -0.00960774 0.16743052 -0.05394417
v -0.00637202 0.16740199 -0.03609982
v -0.00954117 0.18261277 -0.05392103
v -0.00630529 0.18258521 -0.03607668
v -0.01607924 0.16748596 -0.08963237
v -0.01284347 0.16745813 -0.07178828
v -0.01601272 0.18266932 -0.08960923
v -0.01277694 0.18264076 -0.07176517
v -0.02255095 0.16754241 -0.12532095
v -0.01931509 0.1675145 -0.10747661
v -0.02248451 0.18272574 -0.12529778
v -0.0192486 0.18269708 -0.10745345
v -0.02891888 0.16759572 -0.16048896
v -0.02578679 0.16757068 -0.14316539
v -0.02895604 0.18278142 -0.16098672
v -0.0257203 0.18275374 -0.14314226
v -0.03184351 0.16761511 -0.17677077
v -0.03219177 0.18280993 -0.17883101
v 0.03361164 0.16739584 0.03213633
v 0.01953863 0.16735366 0.02752398
v 0.02271396 0.16736759 0.0268394
v 0.03366525 0.18257892 0.03216554
v 0.01959307 0.18253658 0.02756136
v 0.02277066 0.18255093 0.02687024
v 0.06145447 0.16746754 0.0456691
v 0.04501697 0.16741012 0.04341947
v 0.04692824 0.16743038 0.0386088
v 0.0450639 0.18259301 0.04345844
v 0.06150692 0.18265031 0.04569778
v 0.04698075 0.18261298 0.03863748
v 0.0905068 0.16754248 0.05978998
v 0.07279161 0.1674714 0.06075421
v 0.07598065 0.16750499 0.05272954
v 0.07283875 0.18265429 0.06079319
v 0.0905596 0.18272514 0.05981864
v 0.0760332 0.1826878 0.05275821
v 0.11955932 0.16761712 0.0739106
v 0.10056621 0.16753323 0.07808924
v 0.10503305 0.1675796 0.06685029
v 0.10061372 0.18271565 0.07812821
v 0.119612 0.18279977 0.07393927
v 0.10508583 0.18276266 0.06687896
v 0.14811234 0.16768847 0.08783585
v 0.12834122 0.16759419 0.09542422
v 0.13408564 0.16765418 0.08097104
v 0.12838801 0.18277734 0.09546318
v 0.14866434 0.18287463 0.08806014
v 0.13413807 0.18283739 0.08099971
v 0.15420509 0.16764311 0.11178541
v 0.16113962 0.16771668 0.0943093
v 0.15616247 0.18283851 0.11279785
v 0.16319026 0.18291194 0.09512046
v 0.03068183 0.16736131 0.03863851
v 0.02083981 0.16734588 0.03099913
v 0.03072464 0.1825435 0.0386868
v 0.02088867 0.18252798 0.03104384
v 0.05582051 0.16740049 0.05816917
v 0.04270568 0.16737982 0.0479786
v 0.05586126 0.18258301 0.05821868
v 0.04274641 0.18256238 0.04802809
v 0.08205038 0.1674419 0.07855086
v 0.0689354 0.16742129 0.06835999
v 0.08209154 0.18262441 0.07860038
v 0.06897633 0.18260376 0.0684095
v 0.10828024 0.16748319 0.09893231
v 0.09516534 0.16746267 0.08874161
v 0.10832104 0.18266601 0.0989818
v 0.09520629 0.1826453 0.08879113
v 0.13405861 0.16752116 0.11902447
v 0.12139508 0.16750365 0.10912299
v 0.13455046 0.18270687 0.1193631
v 0.12143585 0.18268644 0.10917249
v 0.14581914 0.16753318 0.12834757
v 0.14766532 0.18272745 0.12955357
v -0.00029899 -0.09783303 -0.22267437
v 0.01972084 -0.09778467 -0.21946054
v -0.00032295 -0.09783848 -0.21893426
v -0.02031901 -0.0978901 -0.2197673
v -0.00031128 -0.0978358 -0.2207558
v 0.03997943 -0.09773363 -0.21775528
v 0.05909131 -0.09769419 -0.21006768
v 0.03921071 -0.09774095 -0.21410518
v 0.03958513 -0.09773736 -0.21588289
v 0.07880065 -0.09765081 -0.20380465
v 0.09628062 -0.0976214 -0.19194588
v 0.07733622 -0.09765971 -0.200403
v 0.07804939 -0.0976553 -0.20205971
v 0.11467237 -0.09758818 -0.18136192
v 0.12986213 -0.09757057 -0.16578704
v 0.11259323 -0.09759803 -0.17834252
v 0.11360576 -0.09759344 -0.17981307
v 0.14621703 -0.09754889 -0.15129283
v 0.15854153 -0.09754406 -0.13259291
v 0.14362461 -0.0975594 -0.14875993
v 0.14488704 -0.09755452 -0.14999353
v 0.17222297 -0.09753356 -0.11475621
v 0.18121348 -0.09754035 -0.09363907
v 0.16922842 -0.09754432 -0.11278596
v 0.17068693 -0.09753891 -0.11374554
v 0.1916958 -0.09754232 -0.07315653
v 0.1970039 -0.09756169 -0.05042105
v 0.18841186 -0.09755296 -0.07180105
v 0.19001132 -0.09754765 -0.07246121
v 0.20388957 -0.09757585 -0.0280905
v 0.20530355 -0.09760659 -0.00460258
v 0.20042988 -0.09758602 -0.02738316
v 0.20211473 -0.09758124 -0.02772766
v 0.20833727 -0.09763293 0.01871191
v 0.20579183 -0.0976741 0.04205267
v 0.20481425 -0.09764268 0.01875237
v 0.20653021 -0.097638 0.01873267
v 0.20486825 -0.09771106 0.06545595
v 0.19845166 -0.09776278 0.08774957
v 0.20139604 -0.09771851 0.06482444
v 0.20308697 -0.09771468 0.06513202
v 0.19361813 -0.09782049 0.11034791
v 0.18356719 -0.09790276 0.13073772
v 0.19031219 -0.09782271 0.10905411
v 0.19192229 -0.09782172 0.10968422
v -0.18730965 -0.0988376 0.10745929
v -0.19261433 -0.09880285 0.0847238
v -0.18402494 -0.09882142 0.10610564
v -0.1768282 -0.09887237 0.1279526
v -0.18562485 -0.09882936 0.10676491
v -0.19949847 -0.09878482 0.06239215
v -0.20091211 -0.09875362 0.03890375
v -0.1960389 -0.09877318 0.0616852
v -0.19772365 -0.0987788 0.06202951
v -0.20394575 -0.09872742 0.01558903
v -0.20140111 -0.0986864 -0.00775138
v -0.20042283 -0.09871783 0.01554856
v -0.20213884 -0.0987227 0.01556827
v -0.20047782 -0.09865009 -0.03115384
v -0.19406034 -0.09860038 -0.05344607
v -0.19700527 -0.09864176 -0.03052194
v -0.19869639 -0.09864557 -0.0308297
v -0.18922394 -0.09855408 -0.07604447
v -0.1791736 -0.09849727 -0.09642354
v -0.18591891 -0.09854731 -0.07474898
v -0.18752874 -0.09855083 -0.07537993
v -0.17061516 -0.09844332 -0.11736026
v -0.15731719 -0.09838118 -0.13503041
v -0.16759829 -0.09843785 -0.11542828
v -0.16906741 -0.09844053 -0.11636921
v -0.14536468 -0.09832199 -0.15351207
v -0.12933577 -0.09825838 -0.16778229
v -0.14275915 -0.0983188 -0.15099442
v -0.14402829 -0.09832053 -0.1522206
v -0.11443898 -0.09819587 -0.18310852
v -0.09630484 -0.09813184 -0.19342459
v -0.11236413 -0.0981945 -0.18008583
v -0.11337465 -0.09819515 -0.18155798
v -0.07902465 -0.09806881 -0.20501002
v -0.05949542 -0.09800789 -0.21097682
v -0.07758495 -0.09806978 -0.20159652
v -0.07828609 -0.09806934 -0.20325902
v -0.04048309 -0.09794598 -0.21837082
v -0.03975592 -0.09794917 -0.21471129
v -0.04011008 -0.09794769 -0.2164936
v -0.00548066 0.03040489 0.25596681
v -0.01009311 0.0200446 0.25391393
v -0.00493553 0.03028671 0.25227147
v -0.00085934 0.0376477 0.25421702
v -0.00520103 0.03034426 0.2540712
v 0.01135919 0.0308487 0.25628247
v 0.00692488 0.03782133 0.25444307
v 0.01091357 0.03077298 0.25256973
v 0.01583372 0.0208761 0.25422942
v 0.01113059 0.03080985 0.25437796
v -0.14337004 -0.0303632 0.18520355
v -0.1522047 -0.03214957 0.1716347
v -0.14071141 -0.03034803 0.18276001
v -0.12768994 -0.03379083 0.19952134
v -0.1420062 -0.0303555 0.18395008
v -0.11323155 -0.03711674 0.21485754
v -0.11108134 -0.03715995 0.21189476
v -0.09617656 -0.03977955 0.22527146
v -0.11212863 -0.03713884 0.21333774
v -0.08152486 -0.04098871 0.23689328
v -0.0798952 -0.04119356 0.23358199
v -0.06576577 -0.04033702 0.24300605
v -0.08068887 -0.04109381 0.23519469
v -0.05211685 -0.03654973 0.25040298
v -0.05092907 -0.03697084 0.24689602
v -0.04015303 -0.03181886 0.251998
v -0.05150749 -0.03676566 0.24860404
v -0.03444043 -0.02669555 0.25502902
v -0.03346669 -0.027163 0.25145798
v -0.03011797 -0.02096861 0.25330317
v -0.03394096 -0.02693538 0.25319722
v 0.0386624 -0.02406466 0.2554062
v 0.03498596 -0.01856148 0.25364428
v 0.0377982 -0.0243781 0.25178986
v 0.04412534 -0.02917238 0.25243717
v 0.03821908 -0.0242255 0.25355115
v 0.05657357 -0.03471485 0.25109374
v 0.05551576 -0.03497806 0.24752828
v 0.07148648 -0.0391471 0.24395567
v 0.05603092 -0.03484988 0.24926477
v 0.08882186 -0.03989197 0.23816219
v 0.08730208 -0.04001187 0.23478864
v 0.10485386 -0.03840922 0.22678953
v 0.08804228 -0.03995337 0.23643167
v 0.12216134 -0.03563846 0.21666033
v 0.12004601 -0.03567064 0.21366938
v 0.13637121 -0.03228307 0.20156136
v 0.12107611 -0.03565497 0.21512606
v 0.15177086 -0.02888548 0.18746043
v 0.14909946 -0.02888666 0.18503353
v 0.16034407 -0.03076784 0.17405757
v 0.15040062 -0.02888601 0.1862155
v 0.16410012 -0.08863792 0.17113444
v 0.16265401 -0.0792289 0.17014895
v 0.16107715 -0.08862655 0.16921344
v 0.16523376 -0.09573637 0.16528827
v 0.1625493 -0.08863199 0.17014902
v 0.1750494 -0.09801904 0.15162068
v 0.17194227 -0.09801528 0.14984884
v 0.17345528 -0.09801702 0.15071179
v 0.16435322 -0.07006416 0.17112302
v 0.16302774 -0.05881511 0.1701169
v 0.16132441 -0.07004038 0.16921249
v 0.1627995 -0.07005188 0.17014297
v 0.16491277 -0.04324441 0.17108121
v 0.16192716 -0.04322086 0.16908371
v 0.16338107 -0.04323242 0.17005656
v 0.00302666 0.04011048 0.25627946
v 0.00308273 0.04012968 0.25254774
v 0.00305542 0.04012034 0.2543652
v -0.16788032 -0.09895787 0.14901827
v -0.16479609 -0.09893623 0.14720217
v -0.15775327 -0.09664426 0.16279232
v -0.16629831 -0.09894695 0.14808666
v -0.15645092 -0.08957255 0.16869998
v -0.15344959 -0.08954276 0.16674035
v -0.15494377 -0.08020118 0.16769222
v -0.15491125 -0.08955743 0.16769474
v -0.15656568 -0.07111305 0.16868257
v -0.15355826 -0.07107042 0.16673392
v -0.15517139 -0.0599474 0.16765241
v -0.1550229 -0.07109119 0.16768297
v -0.15693371 -0.04451211 0.1686277
v -0.15396831 -0.04446948 0.16659677
v -0.15541243 -0.04449024 0.16758588
v -0.02636914 -0.01258615 0.25527152
v -0.02551503 -0.01294699 0.25165706
v -0.02117855 -0.00277624 0.25355505
v -0.025931 -0.01277118 0.2534174
v 0.03148838 -0.01059734 0.25562435
v 0.02651685 -0.00114149 0.25388911
v 0.03073026 -0.01086132 0.25197866
v 0.03109946 -0.01073278 0.25375422
v -0.01602992 0.008723 0.25560489
v -0.01530701 0.00845085 0.25195232
v -0.0156591 0.00858339 0.25373122
v 0.02152107 0.00991671 0.25594198
v 0.02088612 0.00970916 0.25226727
v 0.02119537 0.00981026 0.25405699
v 0.01936055 -0.09779029 -0.21611295
v -0.02000041 -0.09789411 -0.216415
v -0.00033287 -0.09784074 -0.21738663
v 0.05807782 -0.09770099 -0.20687478
v 0.03889267 -0.09774398 -0.21259479
v 0.09467374 -0.09762995 -0.18904036
v 0.07673019 -0.09766327 -0.19899544
v 0.12774576 -0.09758027 -0.16327615
v 0.11173272 -0.09760227 -0.17709313
v 0.15601219 -0.09755369 -0.13055758
v 0.14255179 -0.09756407 -0.14771184
v 0.17837263 -0.09754986 -0.09213648
v 0.167989 -0.09754889 -0.1119707
v 0.19395402 -0.09757109 -0.04948906
v 0.18705339 -0.09755741 -0.07124017
v 0.20214587 -0.09761545 -0.0042644
v 0.19899831 -0.0975904 -0.02709047
v 0.20262835 -0.09768232 0.04178626
v 0.20335675 -0.09764636 0.01876912
v 0.19538535 -0.09776782 0.08688041
v 0.1999589 -0.09772179 0.06456314
v 0.18068507 -0.09790182 0.12931741
v 0.18894437 -0.09782391 0.10851874
v -0.1895641 -0.09879123 0.08379267
v -0.17396661 -0.09885545 0.12648642
v -0.18266587 -0.09881516 0.10554549
v -0.19775427 -0.09874396 0.03856566
v -0.19460722 -0.09876868 0.06139268
v -0.19823727 -0.09867831 -0.00748487
v -0.19896499 -0.09871371 0.01553182
v -0.19099427 -0.0985936 -0.0525761
v -0.1955682 -0.09863815 -0.03026047
v -0.17631226 -0.09849188 -0.0949656
v -0.1845512 -0.09854465 -0.07421292
v -0.15477082 -0.09837754 -0.13301907
v -0.1663502 -0.09843591 -0.11462886
v -0.12721483 -0.09825619 -0.1652759
v -0.14168134 -0.09831742 -0.14995265
v -0.09471129 -0.09813196 -0.19051092
v -0.11150559 -0.09819402 -0.17883509
v -0.05851268 -0.09800983 -0.20777322
v -0.07698913 -0.09807009 -0.20018407
v -0.03945506 -0.09795094 -0.21319702
v -0.00950687 0.01984692 0.25060769
v -0.00053357 0.03762877 0.250867
v -0.00470997 0.0302378 0.25074237
v 0.00669728 0.03782254 0.25108233
v 0.01532881 0.02073014 0.25090545
v 0.01072917 0.03074165 0.25103351
v -0.14962372 -0.03212063 0.16967126
v -0.12552633 -0.0337996 0.19705836
v -0.13961124 -0.03034184 0.18174889
v -0.09446902 -0.03987198 0.22243501
v -0.11019158 -0.03717758 0.2106688
v -0.06451961 -0.04062599 0.23991115
v -0.07922095 -0.04127823 0.23221181
v -0.03920798 -0.03225015 0.24880424
v -0.05043757 -0.03714503 0.2454449
v -0.02928743 -0.02134488 0.25006789
v -0.0330637 -0.02735648 0.24998037
v 0.03424808 -0.01882434 0.25037476
v 0.04328636 -0.02945167 0.24919623
v 0.03744053 -0.02450784 0.25029343
v 0.07035906 -0.03932071 0.24080473
v 0.055078 -0.03508684 0.24605293
v 0.10321289 -0.03846391 0.2239055
v 0.08667326 -0.04006136 0.23339271
v 0.13420982 -0.03229909 0.19909766
v 0.11917065 -0.03568404 0.21243175
v 0.15774649 -0.03075512 0.17211854
v 0.14799401 -0.02888706 0.18402931
v 0.1599292 -0.07921335 0.16842176
v 0.16249208 -0.09573049 0.16359046
v 0.15982635 -0.08862168 0.16841852
v 0.17065651 -0.09801387 0.14911569
v 0.16030721 -0.05879079 0.16838005
v 0.16007123 -0.07003071 0.16842192
v 0.16069175 -0.04321094 0.16825719
v 0.00310593 0.04013762 0.25100359
v -0.15503189 -0.09662183 0.16105838
v -0.16351991 -0.09892747 0.14645069
v -0.1522382 -0.08016891 0.1659304
v -0.15220755 -0.08953066 0.16592948
v -0.15246969 -0.05990603 0.16588242
v -0.15231357 -0.07105281 0.16592757
v -0.15274141 -0.04445188 0.1657564
v -0.02047288 -0.00305419 0.25027957
v -0.02516159 -0.01309631 0.2501614
v 0.0258927 -0.00135246 0.25059047
v 0.03041651 -0.01097047 0.25047013
v -0.0150079 0.00833824 0.25044089
v 0.0206234 0.00962324 0.25074669
v 0.02012268 -0.09777814 -0.22319367
v -0.02067433 -0.09788567 -0.22350564
v -0.00028721 -0.09783033 -0.22451296
v 0.06022153 -0.09768606 -0.2136283
v 0.04035721 -0.09773004 -0.21954968
v 0.09807245 -0.09761215 -0.195186
v 0.07952066 -0.09764669 -0.20547689
v 0.13222241 -0.09756016 -0.16858708
v 0.11569449 -0.09758316 -0.18284626
v 0.16136208 -0.09753287 -0.13486266
v 0.14749139 -0.09754344 -0.152538
v 0.18438129 -0.09752922 -0.09531472
v 0.17369528 -0.0975281 -0.11572477
v 0.20040516 -0.09755114 -0.05146036
v 0.19331017 -0.097537 -0.07382288
v 0.20882491 -0.09759672 -0.00497971
v 0.20559018 -0.09757108 -0.02843823
v 0.20931993 -0.09766533 0.04234977
v 0.21006886 -0.09762861 0.01869201
v 0.20187112 -0.0977573 0.08871881
v 0.20657531 -0.09770711 0.0657664
v 0.18678145 -0.0979037 0.13232161
v 0.19524306 -0.097819 0.11098393
v -0.19601595 -0.0988158 0.08576218
v -0.1800194 -0.09889148 0.12958765
v -0.1889244 -0.09884519 0.10812475
v -0.20443324 -0.09876405 0.03928077
v -0.20119917 -0.09879017 0.06273968
v -0.20492908 -0.0986954 -0.00804858
v -0.20567765 -0.09873231 0.01560892
v -0.19747965 -0.09860787 -0.05441623
v -0.20218475 -0.09865392 -0.03146448
v -0.18236404 -0.09850329 -0.09804938
v -0.19084882 -0.09855753 -0.07668133
v -0.16015635 -0.09838583 -0.1372734
v -0.17209811 -0.09844566 -0.11831
v -0.13170087 -0.09826032 -0.17057733
v -0.1466452 -0.09832374 -0.15474973
v -0.09808211 -0.09813205 -0.19667381
v -0.11545906 -0.09819612 -0.18459445
v -0.06059139 -0.09800543 -0.21454936
v -0.07973244 -0.09806839 -0.20668807
v -0.04084052 -0.09794435 -0.22016984
v -0.01074688 0.0202651 0.2576009
v -0.00122263 0.03766882 0.2579528
v -0.00574864 0.03046298 0.25778341
v 0.00717869 0.03781996 0.2581909
v 0.01639678 0.02103887 0.25793618
v 0.01157826 0.0308859 0.25810763
v -0.15508279 -0.03218187 0.17382422
v -0.13010294 -0.03378106 0.20226799
v -0.14467734 -0.03037053 0.18640479
v -0.09808091 -0.03967662 0.22843456
v -0.11428867 -0.03709548 0.21631404
v -0.06715535 -0.04001483 0.24645733
v -0.08232594 -0.04088803 0.23852109
v -0.04120689 -0.03133766 0.25555956
v -0.05270068 -0.03634263 0.25212702
v -0.03104421 -0.02054897 0.25691103
v -0.03491913 -0.02646597 0.25678452
v 0.03580885 -0.01826828 0.25729033
v 0.04506079 -0.02886094 0.25605139
v 0.03908726 -0.02391061 0.25718396
v 0.07274366 -0.03895331 0.24746948
v 0.05709354 -0.03458549 0.25284647
v 0.10668366 -0.03834838 0.23000574
v 0.08956916 -0.0398331 0.23982061
v 0.1387816 -0.03226506 0.2043088
v 0.12320121 -0.03562263 0.21813067
v 0.16324026 -0.03078203 0.17621988
v 0.15308415 -0.02888483 0.18865349
v 0.16569258 -0.07924609 0.17207506
v 0.16829118 -0.09574335 0.16718162
v 0.16558596 -0.08864349 0.1720788
v 0.17657679 -0.09802068 0.15249168
v 0.16606195 -0.05884243 0.17205378
v 0.16584195 -0.07007575 0.17206224
v 0.1663804 -0.04325622 0.17206315
v 0.0029991 0.04010102 0.25811395
v -0.16078864 -0.09666923 0.16472594
v -0.16939698 -0.09896864 0.14991104
v -0.15796111 -0.08023709 0.16965693
v -0.15792608 -0.08958735 0.16966332
v -0.15818427 -0.05999379 0.16962623
v -0.15804402 -0.07113377 0.16964054
v -0.15839117 -0.04453304 0.16962608
v -0.02196547 -0.00246636 0.25720775
v -0.02678902 -0.01240875 0.25704839
v 0.02721288 -0.00090611 0.25756758
v 0.03186107 -0.01046768 0.25741654
v -0.0163853 0.00885678 0.25740051
v 0.02183322 0.01001876 0.25774848
g Group17998
f 557 1245 1249 1248
f 1245 556 1246 1249
f 1249 1246 555 1247
f 1248 1249 1247 554
f 4 1250 1254 1253
f 1250 1 1251 1254
f 1254 1251 2 1252
f 1253 1254 1252 3
f 559 1255 1258 1257
f 1255 557 1248 1258
f 1258 1248 554 1256
f 1257 1258 1256 558
f 6 1259 1262 1261
f 1259 5 1260 1262
f 1262 1260 1 1250
f 1261 1262 1250 4
f 561 1263 1266 1265
f 1263 559 1257 1266
f 1266 1257 558 1264
f 1265 1266 1264 560
f 8 1267 1270 1269
f 1267 7 1268 1270
f 1270 1268 5 1259
f 1269 1270 1259 6
f 563 1271 1274 1273
f 1271 561 1265 1274
f 1274 1265 560 1272
f 1273 1274 1272 562
f 10 1275 1278 1277
f 1275 9 1276 1278
f 1278 1276 7 1267
f 1277 1278 1267 8
f 565 1279 1282 1281
f 1279 563 1273 1282
f 1282 1273 562 1280
f 1281 1282 1280 564
f 12 1283 1286 1285
f 1283 11 1284 1286
f 1286 1284 9 1275
f 1285 1286 1275 10
f 567 1287 1290 1289
f 1287 565 1281 1290
f 1290 1281 564 1288
f 1289 1290 1288 566
f 14 1291 1294 1293
f 1291 13 1292 1294
f 1294 1292 11 1283
f 1293 1294 1283 12
f 569 1295 1298 1297
f 1295 567 1289 1298
f 1298 1289 566 1296
f 1297 1298 1296 568
f 16 1299 1302 1301
f 1299 15 1300 1302
f 1302 1300 13 1291
f 1301 1302 1291 14
f 571 1303 1306 1305
f 1303 569 1297 1306
f 1306 1297 568 1304
f 1305 1306 1304 570
f 18 1307 1310 1309
f 1307 17 1308 1310
f 1310 1308 15 1299
f 1309 1310 1299 16
f 573 1311 1314 1313
f 1311 571 1305 1314
f 1314 1305 570 1312
f 1313 1314 1312 572
f 20 1315 1318 1317
f 1315 19 1316 1318
f 1318 1316 17 1307
f 1317 1318 1307 18
f 577 1319 1323 1322
f 1319 576 1320 1323
f 1323 1320 575 1321
f 1322 1323 1321 574
f 372 1324 1328 1327
f 1324 340 1325 1328
f 1328 1325 342 1326
f 1327 1328 1326 374
f 581 1329 1333 1332
f 1329 580 1330 1333
f 1333 1330 579 1331
f 1332 1333 1331 578
f 382 1334 1338 1337
f 1334 350 1335 1338
f 1338 1335 351 1336
f 1337 1338 1336 383
f 585 1339 1343 1342
f 1339 584 1340 1343
f 1343 1340 583 1341
f 1342 1343 1341 582
f 24 1344 1348 1347
f 1344 23 1345 1348
f 1348 1345 21 1346
f 1347 1348 1346 22
f 587 1349 1352 1351
f 1349 585 1342 1352
f 1352 1342 582 1350
f 1351 1352 1350 586
f 26 1353 1356 1355
f 1353 25 1354 1356
f 1356 1354 23 1344
f 1355 1356 1344 24
f 589 1357 1360 1359
f 1357 587 1351 1360
f 1360 1351 586 1358
f 1359 1360 1358 588
f 28 1361 1364 1363
f 1361 27 1362 1364
f 1364 1362 25 1353
f 1363 1364 1353 26
f 591 1365 1368 1367
f 1365 589 1359 1368
f 1368 1359 588 1366
f 1367 1368 1366 590
f 30 1369 1372 1371
f 1369 29 1370 1372
f 1372 1370 27 1361
f 1371 1372 1361 28
f 593 1373 1376 1375
f 1373 591 1367 1376
f 1376 1367 590 1374
f 1375 1376 1374 592
f 32 1377 1380 1379
f 1377 31 1378 1380
f 1380 1378 29 1369
f 1379 1380 1369 30
f 595 1381 1384 1383
f 1381 593 1375 1384
f 1384 1375 592 1382
f 1383 1384 1382 594
f 34 1385 1388 1387
f 1385 33 1386 1388
f 1388 1386 31 1377
f 1387 1388 1377 32
f 597 1389 1392 1391
f 1389 595 1383 1392
f 1392 1383 594 1390
f 1391 1392 1390 596
f 36 1393 1396 1395
f 1393 35 1394 1396
f 1396 1394 33 1385
f 1395 1396 1385 34
f 599 1397 1400 1399
f 1397 597 1391 1400
f 1400 1391 596 1398
f 1399 1400 1398 598
f 38 1401 1404 1403
f 1401 37 1402 1404
f 1404 1402 35 1393
f 1403 1404 1393 36
f 601 1405 1408 1407
f 1405 599 1399 1408
f 1408 1399 598 1406
f 1407 1408 1406 600
f 40 1409 1412 1411
f 1409 39 1410 1412
f 1412 1410 37 1401
f 1411 1412 1401 38
f 603 1413 1416 1415
f 1413 601 1407 1416
f 1416 1407 600 1414
f 1415 1416 1414 602
f 42 1417 1420 1419
f 1417 41 1418 1420
f 1420 1418 39 1409
f 1419 1420 1409 40
f 605 1421 1424 1423
f 1421 603 1415 1424
f 1424 1415 602 1422
f 1423 1424 1422 604
f 44 1425 1428 1427
f 1425 43 1426 1428
f 1428 1426 41 1417
f 1427 1428 1417 42
f 609 1429 1433 1432
f 1429 608 1430 1433
f 1433 1430 607 1431
f 1432 1433 1431 606
f 393 1434 1438 1437
f 1434 361 1435 1438
f 1438 1435 331 1436
f 1437 1438 1436 363
f 611 1439 1442 1441
f 1439 609 1432 1442
f 1442 1432 606 1440
f 1441 1442 1440 610
f 392 1443 1446 1445
f 1443 360 1444 1446
f 1446 1444 361 1434
f 1445 1446 1434 393
f 615 1447 1451 1450
f 1447 614 1448 1451
f 1451 1448 613 1449
f 1450 1451 1449 612
f 48 1452 1456 1455
f 1452 47 1453 1456
f 1456 1453 45 1454
f 1455 1456 1454 46
f 617 1457 1460 1459
f 1457 615 1450 1460
f 1460 1450 612 1458
f 1459 1460 1458 616
f 50 1461 1464 1463
f 1461 49 1462 1464
f 1464 1462 47 1452
f 1463 1464 1452 48
f 619 1465 1468 1467
f 1465 617 1459 1468
f 1468 1459 616 1466
f 1467 1468 1466 618
f 52 1469 1472 1471
f 1469 51 1470 1472
f 1472 1470 49 1461
f 1471 1472 1461 50
f 621 1473 1476 1475
f 1473 619 1467 1476
f 1476 1467 618 1474
f 1475 1476 1474 620
f 54 1477 1480 1479
f 1477 53 1478 1480
f 1480 1478 51 1469
f 1479 1480 1469 52
f 623 1481 1484 1483
f 1481 621 1475 1484
f 1484 1475 620 1482
f 1483 1484 1482 622
f 56 1485 1488 1487
f 1485 55 1486 1488
f 1488 1486 53 1477
f 1487 1488 1477 54
f 625 1489 1492 1491
f 1489 623 1483 1492
f 1492 1483 622 1490
f 1491 1492 1490 624
f 58 1493 1496 1495
f 1493 57 1494 1496
f 1496 1494 55 1485
f 1495 1496 1485 56
f 627 1497 1500 1499
f 1497 625 1491 1500
f 1500 1491 624 1498
f 1499 1500 1498 626
f 60 1501 1504 1503
f 1501 59 1502 1504
f 1504 1502 57 1493
f 1503 1504 1493 58
f 629 1505 1508 1507
f 1505 627 1499 1508
f 1508 1499 626 1506
f 1507 1508 1506 628
f 62 1509 1512 1511
f 1509 61 1510 1512
f 1512 1510 59 1501
f 1511 1512 1501 60
f 631 1513 1516 1515
f 1513 629 1507 1516
f 1516 1507 628 1514
f 1515 1516 1514 630
f 64 1517 1520 1519
f 1517 63 1518 1520
f 1520 1518 61 1509
f 1519 1520 1509 62
f 556 1521 1523 1246
f 1521 631 1515 1523
f 1523 1515 630 1522
f 1246 1523 1522 555
f 3 1252 1526 1525
f 1252 2 1524 1526
f 1526 1524 63 1517
f 1525 1526 1517 64
f 633 1527 1530 1529
f 1527 611 1441 1530
f 1530 1441 610 1528
f 1529 1530 1528 632
f 391 1531 1534 1533
f 1531 359 1532 1534
f 1534 1532 360 1443
f 1533 1534 1443 392
f 635 1535 1538 1537
f 1535 633 1529 1538
f 1538 1529 632 1536
f 1537 1538 1536 634
f 390 1539 1542 1541
f 1539 358 1540 1542
f 1542 1540 359 1531
f 1541 1542 1531 391
f 637 1543 1546 1545
f 1543 635 1537 1546
f 1546 1537 634 1544
f 1545 1546 1544 636
f 389 1547 1550 1549
f 1547 357 1548 1550
f 1550 1548 358 1539
f 1549 1550 1539 390
f 639 1551 1554 1553
f 1551 637 1545 1554
f 1554 1545 636 1552
f 1553 1554 1552 638
f 388 1555 1558 1557
f 1555 356 1556 1558
f 1558 1556 357 1547
f 1557 1558 1547 389
f 556 1245 1562 1561
f 1245 557 1559 1562
f 1562 1559 641 1560
f 1561 1562 1560 640
f 3 1563 1566 1253
f 1563 66 1564 1566
f 1566 1564 67 1565
f 1253 1566 1565 4
f 557 1255 1569 1559
f 1255 559 1567 1569
f 1569 1567 642 1568
f 1559 1569 1568 641
f 4 1565 1572 1261
f 1565 67 1570 1572
f 1572 1570 68 1571
f 1261 1572 1571 6
f 559 1263 1575 1567
f 1263 561 1573 1575
f 1575 1573 643 1574
f 1567 1575 1574 642
f 6 1571 1578 1269
f 1571 68 1576 1578
f 1578 1576 69 1577
f 1269 1578 1577 8
f 561 1271 1581 1573
f 1271 563 1579 1581
f 1581 1579 644 1580
f 1573 1581 1580 643
f 8 1577 1584 1277
f 1577 69 1582 1584
f 1584 1582 70 1583
f 1277 1584 1583 10
f 563 1279 1587 1579
f 1279 565 1585 1587
f 1587 1585 645 1586
f 1579 1587 1586 644
f 10 1583 1590 1285
f 1583 70 1588 1590
f 1590 1588 71 1589
f 1285 1590 1589 12
f 565 1287 1593 1585
f 1287 567 1591 1593
f 1593 1591 646 1592
f 1585 1593 1592 645
f 12 1589 1596 1293
f 1589 71 1594 1596
f 1596 1594 72 1595
f 1293 1596 1595 14
f 567 1295 1599 1591
f 1295 569 1597 1599
f 1599 1597 647 1598
f 1591 1599 1598 646
f 14 1595 1602 1301
f 1595 72 1600 1602
f 1602 1600 73 1601
f 1301 1602 1601 16
f 569 1303 1605 1597
f 1303 571 1603 1605
f 1605 1603 648 1604
f 1597 1605 1604 647
f 16 1601 1608 1309
f 1601 73 1606 1608
f 1608 1606 74 1607
f 1309 1608 1607 18
f 571 1311 1611 1603
f 1311 573 1609 1611
f 1611 1609 649 1610
f 1603 1611 1610 648
f 18 1607 1614 1317
f 1607 74 1612 1614
f 1614 1612 75 1613
f 1317 1614 1613 20
f 573 1615 1618 1609
f 1615 584 1616 1618
f 1618 1616 650 1617
f 1609 1618 1617 649
f 20 1613 1622 1621
f 1613 75 1619 1622
f 1622 1619 76 1620
f 1621 1622 1620 22
f 652 1623 1626 1625
f 1623 639 1553 1626
f 1626 1553 638 1624
f 1625 1626 1624 651
f 387 1627 1630 1629
f 1627 355 1628 1630
f 1630 1628 356 1555
f 1629 1630 1555 388
f 654 1631 1634 1633
f 1631 652 1625 1634
f 1634 1625 651 1632
f 1633 1634 1632 653
f 386 1635 1638 1637
f 1635 354 1636 1638
f 1638 1636 355 1627
f 1637 1638 1627 387
f 585 1349 1642 1641
f 1349 587 1639 1642
f 1642 1639 656 1640
f 1641 1642 1640 655
f 24 1643 1646 1355
f 1643 77 1644 1646
f 1646 1644 78 1645
f 1355 1646 1645 26
f 587 1357 1649 1639
f 1357 589 1647 1649
f 1649 1647 657 1648
f 1639 1649 1648 656
f 26 1645 1652 1363
f 1645 78 1650 1652
f 1652 1650 79 1651
f 1363 1652 1651 28
f 589 1365 1655 1647
f 1365 591 1653 1655
f 1655 1653 658 1654
f 1647 1655 1654 657
f 28 1651 1658 1371
f 1651 79 1656 1658
f 1658 1656 80 1657
f 1371 1658 1657 30
f 591 1373 1661 1653
f 1373 593 1659 1661
f 1661 1659 659 1660
f 1653 1661 1660 658
f 30 1657 1664 1379
f 1657 80 1662 1664
f 1664 1662 81 1663
f 1379 1664 1663 32
f 593 1381 1667 1659
f 1381 595 1665 1667
f 1667 1665 660 1666
f 1659 1667 1666 659
f 32 1663 1670 1387
f 1663 81 1668 1670
f 1670 1668 82 1669
f 1387 1670 1669 34
f 595 1389 1673 1665
f 1389 597 1671 1673
f 1673 1671 661 1672
f 1665 1673 1672 660
f 34 1669 1676 1395
f 1669 82 1674 1676
f 1676 1674 83 1675
f 1395 1676 1675 36
f 597 1397 1679 1671
f 1397 599 1677 1679
f 1679 1677 662 1678
f 1671 1679 1678 661
f 36 1675 1682 1403
f 1675 83 1680 1682
f 1682 1680 84 1681
f 1403 1682 1681 38
f 599 1405 1685 1677
f 1405 601 1683 1685
f 1685 1683 663 1684
f 1677 1685 1684 662
f 38 1681 1688 1411
f 1681 84 1686 1688
f 1688 1686 85 1687
f 1411 1688 1687 40
f 601 1413 1691 1683
f 1413 603 1689 1691
f 1691 1689 664 1690
f 1683 1691 1690 663
f 40 1687 1694 1419
f 1687 85 1692 1694
f 1694 1692 86 1693
f 1419 1694 1693 42
f 666 1695 1698 1697
f 1695 654 1633 1698
f 1698 1633 653 1696
f 1697 1698 1696 665
f 384 1699 1702 1701
f 1699 352 1700 1702
f 1702 1700 354 1635
f 1701 1702 1635 386
f 668 1703 1706 1705
f 1703 666 1697 1706
f 1706 1697 665 1704
f 1705 1706 1704 667
f 385 1707 1710 1709
f 1707 353 1708 1710
f 1710 1708 352 1699
f 1709 1710 1699 384
f 605 1711 1715 1714
f 1711 614 1712 1715
f 1715 1712 670 1713
f 1714 1715 1713 669
f 44 1716 1720 1719
f 1716 87 1717 1720
f 1720 1717 88 1718
f 1719 1720 1718 46
f 614 1447 1723 1712
f 1447 615 1721 1723
f 1723 1721 671 1722
f 1712 1723 1722 670
f 46 1718 1726 1455
f 1718 88 1724 1726
f 1726 1724 89 1725
f 1455 1726 1725 48
f 615 1457 1729 1721
f 1457 617 1727 1729
f 1729 1727 672 1728
f 1721 1729 1728 671
f 48 1725 1732 1463
f 1725 89 1730 1732
f 1732 1730 90 1731
f 1463 1732 1731 50
f 617 1465 1735 1727
f 1465 619 1733 1735
f 1735 1733 673 1734
f 1727 1735 1734 672
f 50 1731 1738 1471
f 1731 90 1736 1738
f 1738 1736 91 1737
f 1471 1738 1737 52
f 619 1473 1741 1733
f 1473 621 1739 1741
f 1741 1739 674 1740
f 1733 1741 1740 673
f 52 1737 1744 1479
f 1737 91 1742 1744
f 1744 1742 92 1743
f 1479 1744 1743 54
f 621 1481 1747 1739
f 1481 623 1745 1747
f 1747 1745 675 1746
f 1739 1747 1746 674
f 54 1743 1750 1487
f 1743 92 1748 1750
f 1750 1748 93 1749
f 1487 1750 1749 56
f 623 1489 1753 1745
f 1489 625 1751 1753
f 1753 1751 676 1752
f 1745 1753 1752 675
f 56 1749 1756 1495
f 1749 93 1754 1756
f 1756 1754 94 1755
f 1495 1756 1755 58
f 625 1497 1759 1751
f 1497 627 1757 1759
f 1759 1757 677 1758
f 1751 1759 1758 676
f 58 1755 1762 1503
f 1755 94 1760 1762
f 1762 1760 95 1761
f 1503 1762 1761 60
f 627 1505 1765 1757
f 1505 629 1763 1765
f 1765 1763 678 1764
f 1757 1765 1764 677
f 60 1761 1768 1511
f 1761 95 1766 1768
f 1768 1766 96 1767
f 1511 1768 1767 62
f 629 1513 1771 1763
f 1513 631 1769 1771
f 1771 1769 679 1770
f 1763 1771 1770 678
f 62 1767 1774 1519
f 1767 96 1772 1774
f 1774 1772 97 1773
f 1519 1774 1773 64
f 631 1521 1776 1769
f 1521 556 1561 1776
f 1776 1561 640 1775
f 1769 1776 1775 679
f 64 1773 1778 1525
f 1773 97 1777 1778
f 1778 1777 66 1563
f 1525 1778 1563 3
f 683 1779 1783 1782
f 1779 682 1780 1783
f 1783 1780 681 1781
f 1782 1783 1781 680
g Group18001
f 99 1784 1788 1787
f 1784 98 1785 1788
f 1788 1785 1199 1786
f 1787 1788 1786 1200
g Group17998
f 101 1789 1792 1791
f 1789 98 1784 1792
f 1792 1784 99 1790
f 1791 1792 1790 100
f 685 1793 1796 1795
f 1793 683 1782 1796
f 1796 1782 680 1794
f 1795 1796 1794 684
g Group18001
f 98 1797 1800 1785
f 1797 102 1798 1800
f 1800 1798 1201 1799
f 1785 1800 1799 1199
g Group17998
f 103 1801 1803 1802
f 1801 102 1797 1803
f 1803 1797 98 1789
f 1802 1803 1789 101
f 687 1804 1807 1806
f 1804 685 1795 1807
f 1807 1795 684 1805
f 1806 1807 1805 686
g Group18001
f 102 1808 1811 1798
f 1808 104 1809 1811
f 1811 1809 1202 1810
f 1798 1811 1810 1201
g Group17998
f 105 1812 1814 1813
f 1812 104 1808 1814
f 1814 1808 102 1801
f 1813 1814 1801 103
f 689 1815 1818 1817
f 1815 687 1806 1818
f 1818 1806 686 1816
f 1817 1818 1816 688
g Group18001
f 104 1819 1822 1809
f 1819 106 1820 1822
f 1822 1820 1203 1821
f 1809 1822 1821 1202
g Group17998
f 107 1823 1825 1824
f 1823 106 1819 1825
f 1825 1819 104 1812
f 1824 1825 1812 105
f 691 1826 1829 1828
f 1826 689 1817 1829
f 1829 1817 688 1827
f 1828 1829 1827 690
g Group18001
f 106 1830 1833 1820
f 1830 108 1831 1833
f 1833 1831 1204 1832
f 1820 1833 1832 1203
g Group17998
f 109 1834 1836 1835
f 1834 108 1830 1836
f 1836 1830 106 1823
f 1835 1836 1823 107
f 693 1837 1840 1839
f 1837 691 1828 1840
f 1840 1828 690 1838
f 1839 1840 1838 692
g Group18001
f 108 1841 1844 1831
f 1841 110 1842 1844
f 1844 1842 1205 1843
f 1831 1844 1843 1204
g Group17998
f 111 1845 1847 1846
f 1845 110 1841 1847
f 1847 1841 108 1834
f 1846 1847 1834 109
f 695 1848 1851 1850
f 1848 693 1839 1851
f 1851 1839 692 1849
f 1850 1851 1849 694
g Group18001
f 110 1852 1855 1842
f 1852 112 1853 1855
f 1855 1853 1206 1854
f 1842 1855 1854 1205
g Group17998
f 113 1856 1858 1857
f 1856 112 1852 1858
f 1858 1852 110 1845
f 1857 1858 1845 111
f 697 1859 1862 1861
f 1859 695 1850 1862
f 1862 1850 694 1860
f 1861 1862 1860 696
g Group18001
f 112 1863 1866 1853
f 1863 114 1864 1866
f 1866 1864 1207 1865
f 1853 1866 1865 1206
g Group17998
f 115 1867 1869 1868
f 1867 114 1863 1869
f 1869 1863 112 1856
f 1868 1869 1856 113
f 699 1870 1873 1872
f 1870 697 1861 1873
f 1873 1861 696 1871
f 1872 1873 1871 698
g Group18001
f 114 1874 1877 1864
f 1874 116 1875 1877
f 1877 1875 1208 1876
f 1864 1877 1876 1207
g Group17998
f 117 1878 1880 1879
f 1878 116 1874 1880
f 1880 1874 114 1867
f 1879 1880 1867 115
f 701 1881 1884 1883
f 1881 699 1872 1884
f 1884 1872 698 1882
f 1883 1884 1882 700
g Group18001
f 116 1885 1888 1875
f 1885 118 1886 1888
f 1888 1886 1209 1887
f 1875 1888 1887 1208
g Group17998
f 119 1889 1891 1890
f 1889 118 1885 1891
f 1891 1885 116 1878
f 1890 1891 1878 117
f 703 1892 1895 1894
f 1892 701 1883 1895
f 1895 1883 700 1893
f 1894 1895 1893 702
g Group18001
f 118 1896 1899 1886
f 1896 120 1897 1899
f 1899 1897 1210 1898
f 1886 1899 1898 1209
g Group17998
f 121 1900 1902 1901
f 1900 120 1896 1902
f 1902 1896 118 1889
f 1901 1902 1889 119
f 580 1903 1905 1330
f 1903 668 1705 1905
f 1905 1705 667 1904
f 1330 1905 1904 579
f 383 1336 1908 1907
f 1336 351 1906 1908
f 1908 1906 353 1707
f 1907 1908 1707 385
f 705 1909 1912 1911
f 1909 581 1332 1912
f 1912 1332 578 1910
f 1911 1912 1910 704
f 381 1913 1916 1915
f 1913 349 1914 1916
f 1916 1914 350 1334
f 1915 1916 1334 382
f 707 1917 1920 1919
f 1917 705 1911 1920
f 1920 1911 704 1918
f 1919 1920 1918 706
f 380 1921 1924 1923
f 1921 348 1922 1924
f 1924 1922 349 1913
f 1923 1924 1913 381
f 709 1925 1928 1927
f 1925 707 1919 1928
f 1928 1919 706 1926
f 1927 1928 1926 708
f 379 1929 1932 1931
f 1929 347 1930 1932
f 1932 1930 348 1921
f 1931 1932 1921 380
f 711 1933 1936 1935
f 1933 709 1927 1936
f 1936 1927 708 1934
f 1935 1936 1934 710
f 378 1937 1940 1939
f 1937 346 1938 1940
f 1940 1938 347 1929
f 1939 1940 1929 379
f 713 1941 1944 1943
f 1941 711 1935 1944
f 1944 1935 710 1942
f 1943 1944 1942 712
f 377 1945 1948 1947
f 1945 345 1946 1948
f 1948 1946 346 1937
f 1947 1948 1937 378
f 717 1949 1953 1952
f 1949 716 1950 1953
f 1953 1950 715 1951
f 1952 1953 1951 714
g Group18001
f 124 1954 1958 1957
f 1954 126 1955 1958
f 1958 1955 1211 1956
f 1957 1958 1956 1212
g Group17998
f 127 1959 1962 1961
f 1959 126 1954 1962
f 1962 1954 124 1960
f 1961 1962 1960 125
f 719 1963 1966 1965
f 1963 717 1952 1966
f 1966 1952 714 1964
f 1965 1966 1964 718
g Group18001
f 126 1967 1970 1955
f 1967 128 1968 1970
f 1970 1968 1213 1969
f 1955 1970 1969 1211
g Group17998
f 129 1971 1973 1972
f 1971 128 1967 1973
f 1973 1967 126 1959
f 1972 1973 1959 127
f 721 1974 1977 1976
f 1974 719 1965 1977
f 1977 1965 718 1975
f 1976 1977 1975 720
g Group18001
f 128 1978 1981 1968
f 1978 130 1979 1981
f 1981 1979 1214 1980
f 1968 1981 1980 1213
g Group17998
f 131 1982 1984 1983
f 1982 130 1978 1984
f 1984 1978 128 1971
f 1983 1984 1971 129
f 723 1985 1988 1987
f 1985 721 1976 1988
f 1988 1976 720 1986
f 1987 1988 1986 722
g Group18001
f 130 1989 1992 1979
f 1989 132 1990 1992
f 1992 1990 1215 1991
f 1979 1992 1991 1214
g Group17998
f 133 1993 1995 1994
f 1993 132 1989 1995
f 1995 1989 130 1982
f 1994 1995 1982 131
f 725 1996 1999 1998
f 1996 723 1987 1999
f 1999 1987 722 1997
f 1998 1999 1997 724
g Group18001
f 132 2000 2003 1990
f 2000 134 2001 2003
f 2003 2001 1216 2002
f 1990 2003 2002 1215
g Group17998
f 135 2004 2006 2005
f 2004 134 2000 2006
f 2006 2000 132 1993
f 2005 2006 1993 133
f 727 2007 2010 2009
f 2007 725 1998 2010
f 2010 1998 724 2008
f 2009 2010 2008 726
g Group18001
f 134 2011 2014 2001
f 2011 136 2012 2014
f 2014 2012 1217 2013
f 2001 2014 2013 1216
g Group17998
f 137 2015 2017 2016
f 2015 136 2011 2017
f 2017 2011 134 2004
f 2016 2017 2004 135
f 729 2018 2021 2020
f 2018 727 2009 2021
f 2021 2009 726 2019
f 2020 2021 2019 728
g Group18001
f 136 2022 2025 2012
f 2022 138 2023 2025
f 2025 2023 1218 2024
f 2012 2025 2024 1217
g Group17998
f 139 2026 2028 2027
f 2026 138 2022 2028
f 2028 2022 136 2015
f 2027 2028 2015 137
f 731 2029 2032 2031
f 2029 729 2020 2032
f 2032 2020 728 2030
f 2031 2032 2030 730
g Group18001
f 138 2033 2036 2023
f 2033 140 2034 2036
f 2036 2034 1219 2035
f 2023 2036 2035 1218
g Group17998
f 141 2037 2039 2038
f 2037 140 2033 2039
f 2039 2033 138 2026
f 2038 2039 2026 139
f 733 2040 2043 2042
f 2040 731 2031 2043
f 2043 2031 730 2041
f 2042 2043 2041 732
g Group18001
f 140 2044 2047 2034
f 2044 142 2045 2047
f 2047 2045 1220 2046
f 2034 2047 2046 1219
g Group17998
f 143 2048 2050 2049
f 2048 142 2044 2050
f 2050 2044 140 2037
f 2049 2050 2037 141
f 682 2051 2053 1780
f 2051 733 2042 2053
f 2053 2042 732 2052
f 1780 2053 2052 681
g Group18001
f 142 2054 2056 2045
f 2054 99 1787 2056
f 2056 1787 1200 2055
f 2045 2056 2055 1220
g Group17998
f 100 1790 2058 2057
f 1790 99 2054 2058
f 2058 2054 142 2048
f 2057 2058 2048 143
f 735 2059 2062 2061
f 2059 734 2060 2062
f 2062 2060 682 1779
f 2061 2062 1779 683
f 145 2063 2066 2065
f 2063 101 1791 2066
f 2066 1791 100 2064
f 2065 2066 2064 144
f 736 2067 2069 2068
f 2067 735 2061 2069
f 2069 2061 683 1793
f 2068 2069 1793 685
f 146 2070 2072 2071
f 2070 103 1802 2072
f 2072 1802 101 2063
f 2071 2072 2063 145
f 737 2073 2075 2074
f 2073 736 2068 2075
f 2075 2068 685 1804
f 2074 2075 1804 687
f 147 2076 2078 2077
f 2076 105 1813 2078
f 2078 1813 103 2070
f 2077 2078 2070 146
f 738 2079 2081 2080
f 2079 737 2074 2081
f 2081 2074 687 1815
f 2080 2081 1815 689
f 148 2082 2084 2083
f 2082 107 1824 2084
f 2084 1824 105 2076
f 2083 2084 2076 147
f 739 2085 2087 2086
f 2085 738 2080 2087
f 2087 2080 689 1826
f 2086 2087 1826 691
f 149 2088 2090 2089
f 2088 109 1835 2090
f 2090 1835 107 2082
f 2089 2090 2082 148
f 740 2091 2093 2092
f 2091 739 2086 2093
f 2093 2086 691 1837
f 2092 2093 1837 693
f 150 2094 2096 2095
f 2094 111 1846 2096
f 2096 1846 109 2088
f 2095 2096 2088 149
f 741 2097 2099 2098
f 2097 740 2092 2099
f 2099 2092 693 1848
f 2098 2099 1848 695
f 151 2100 2102 2101
f 2100 113 1857 2102
f 2102 1857 111 2094
f 2101 2102 2094 150
f 742 2103 2105 2104
f 2103 741 2098 2105
f 2105 2098 695 1859
f 2104 2105 1859 697
f 152 2106 2108 2107
f 2106 115 1868 2108
f 2108 1868 113 2100
f 2107 2108 2100 151
f 743 2109 2111 2110
f 2109 742 2104 2111
f 2111 2104 697 1870
f 2110 2111 1870 699
f 153 2112 2114 2113
f 2112 117 1879 2114
f 2114 1879 115 2106
f 2113 2114 2106 152
f 744 2115 2117 2116
f 2115 743 2110 2117
f 2117 2110 699 1881
f 2116 2117 1881 701
f 154 2118 2120 2119
f 2118 119 1890 2120
f 2120 1890 117 2112
f 2119 2120 2112 153
f 745 2121 2123 2122
f 2121 744 2116 2123
f 2123 2116 701 1892
f 2122 2123 1892 703
f 155 2124 2126 2125
f 2124 121 1901 2126
f 2126 1901 119 2118
f 2125 2126 2118 154
f 747 2127 2130 2129
f 2127 713 1943 2130
f 2130 1943 712 2128
f 2129 2130 2128 746
f 376 2131 2134 2133
f 2131 344 2132 2134
f 2134 2132 345 1945
f 2133 2134 1945 377
f 749 2135 2138 2137
f 2135 747 2129 2138
f 2138 2129 746 2136
f 2137 2138 2136 748
f 375 2139 2142 2141
f 2139 343 2140 2142
f 2142 2140 344 2131
f 2141 2142 2131 376
f 751 2143 2146 2145
f 2143 749 2137 2146
f 2146 2137 748 2144
f 2145 2146 2144 750
f 373 2147 2150 2149
f 2147 341 2148 2150
f 2150 2148 343 2139
f 2149 2150 2139 375
f 576 2151 2153 1320
f 2151 751 2145 2153
f 2153 2145 750 2152
f 1320 2153 2152 575
f 374 1326 2156 2155
f 1326 342 2154 2156
f 2156 2154 341 2147
f 2155 2156 2147 373
f 753 2157 2160 2159
f 2157 752 2158 2160
f 2160 2158 716 1949
f 2159 2160 1949 717
f 158 2161 2164 2163
f 2161 127 1961 2164
f 2164 1961 125 2162
f 2163 2164 2162 157
f 754 2165 2167 2166
f 2165 753 2159 2167
f 2167 2159 717 1963
f 2166 2167 1963 719
f 159 2168 2170 2169
f 2168 129 1972 2170
f 2170 1972 127 2161
f 2169 2170 2161 158
f 755 2171 2173 2172
f 2171 754 2166 2173
f 2173 2166 719 1974
f 2172 2173 1974 721
f 160 2174 2176 2175
f 2174 131 1983 2176
f 2176 1983 129 2168
f 2175 2176 2168 159
f 756 2177 2179 2178
f 2177 755 2172 2179
f 2179 2172 721 1985
f 2178 2179 1985 723
f 161 2180 2182 2181
f 2180 133 1994 2182
f 2182 1994 131 2174
f 2181 2182 2174 160
f 757 2183 2185 2184
f 2183 756 2178 2185
f 2185 2178 723 1996
f 2184 2185 1996 725
f 162 2186 2188 2187
f 2186 135 2005 2188
f 2188 2005 133 2180
f 2187 2188 2180 161
f 758 2189 2191 2190
f 2189 757 2184 2191
f 2191 2184 725 2007
f 2190 2191 2007 727
f 163 2192 2194 2193
f 2192 137 2016 2194
f 2194 2016 135 2186
f 2193 2194 2186 162
f 759 2195 2197 2196
f 2195 758 2190 2197
f 2197 2190 727 2018
f 2196 2197 2018 729
f 164 2198 2200 2199
f 2198 139 2027 2200
f 2200 2027 137 2192
f 2199 2200 2192 163
f 760 2201 2203 2202
f 2201 759 2196 2203
f 2203 2196 729 2029
f 2202 2203 2029 731
f 165 2204 2206 2205
f 2204 141 2038 2206
f 2206 2038 139 2198
f 2205 2206 2198 164
f 761 2207 2209 2208
f 2207 760 2202 2209
f 2209 2202 731 2040
f 2208 2209 2040 733
f 166 2210 2212 2211
f 2210 143 2049 2212
f 2212 2049 141 2204
f 2211 2212 2204 165
f 734 2213 2214 2060
f 2213 761 2208 2214
f 2214 2208 733 2051
f 2060 2214 2051 682
f 144 2064 2216 2215
f 2064 100 2057 2216
f 2216 2057 143 2210
f 2215 2216 2210 166
f 763 2217 2220 2219
f 2217 762 2218 2220
f 2220 2218 734 2059
f 2219 2220 2059 735
f 168 2221 2224 2223
f 2221 145 2065 2224
f 2224 2065 144 2222
f 2223 2224 2222 167
f 764 2225 2227 2226
f 2225 763 2219 2227
f 2227 2219 735 2067
f 2226 2227 2067 736
f 169 2228 2230 2229
f 2228 146 2071 2230
f 2230 2071 145 2221
f 2229 2230 2221 168
f 765 2231 2233 2232
f 2231 764 2226 2233
f 2233 2226 736 2073
f 2232 2233 2073 737
f 170 2234 2236 2235
f 2234 147 2077 2236
f 2236 2077 146 2228
f 2235 2236 2228 169
f 766 2237 2239 2238
f 2237 765 2232 2239
f 2239 2232 737 2079
f 2238 2239 2079 738
f 171 2240 2242 2241
f 2240 148 2083 2242
f 2242 2083 147 2234
f 2241 2242 2234 170
f 767 2243 2245 2244
f 2243 766 2238 2245
f 2245 2238 738 2085
f 2244 2245 2085 739
f 172 2246 2248 2247
f 2246 149 2089 2248
f 2248 2089 148 2240
f 2247 2248 2240 171
f 768 2249 2251 2250
f 2249 767 2244 2251
f 2251 2244 739 2091
f 2250 2251 2091 740
f 173 2252 2254 2253
f 2252 150 2095 2254
f 2254 2095 149 2246
f 2253 2254 2246 172
f 769 2255 2257 2256
f 2255 768 2250 2257
f 2257 2250 740 2097
f 2256 2257 2097 741
f 174 2258 2260 2259
f 2258 151 2101 2260
f 2260 2101 150 2252
f 2259 2260 2252 173
f 770 2261 2263 2262
f 2261 769 2256 2263
f 2263 2256 741 2103
f 2262 2263 2103 742
f 175 2264 2266 2265
f 2264 152 2107 2266
f 2266 2107 151 2258
f 2265 2266 2258 174
f 771 2267 2269 2268
f 2267 770 2262 2269
f 2269 2262 742 2109
f 2268 2269 2109 743
f 176 2270 2272 2271
f 2270 153 2113 2272
f 2272 2113 152 2264
f 2271 2272 2264 175
f 772 2273 2275 2274
f 2273 771 2268 2275
f 2275 2268 743 2115
f 2274 2275 2115 744
f 177 2276 2278 2277
f 2276 154 2119 2278
f 2278 2119 153 2270
f 2277 2278 2270 176
f 773 2279 2281 2280
f 2279 772 2274 2281
f 2281 2274 744 2121
f 2280 2281 2121 745
f 178 2282 2284 2283
f 2282 155 2125 2284
f 2284 2125 154 2276
f 2283 2284 2276 177
f 775 2285 2288 2287
f 2285 577 1322 2288
f 2288 1322 574 2286
f 2287 2288 2286 774
f 371 2289 2292 2291
f 2289 339 2290 2292
f 2292 2290 340 1324
f 2291 2292 1324 372
f 777 2293 2296 2295
f 2293 775 2287 2296
f 2296 2287 774 2294
f 2295 2296 2294 776
f 370 2297 2300 2299
f 2297 338 2298 2300
f 2300 2298 339 2289
f 2299 2300 2289 371
f 779 2301 2304 2303
f 2301 777 2295 2304
f 2304 2295 776 2302
f 2303 2304 2302 778
f 369 2305 2308 2307
f 2305 337 2306 2308
f 2308 2306 338 2297
f 2307 2308 2297 370
f 781 2309 2312 2311
f 2309 779 2303 2312
f 2312 2303 778 2310
f 2311 2312 2310 780
f 368 2313 2316 2315
f 2313 336 2314 2316
f 2316 2314 337 2305
f 2315 2316 2305 369
f 783 2317 2320 2319
f 2317 782 2318 2320
f 2320 2318 752 2157
f 2319 2320 2157 753
f 181 2321 2324 2323
f 2321 158 2163 2324
f 2324 2163 157 2322
f 2323 2324 2322 180
f 784 2325 2327 2326
f 2325 783 2319 2327
f 2327 2319 753 2165
f 2326 2327 2165 754
f 182 2328 2330 2329
f 2328 159 2169 2330
f 2330 2169 158 2321
f 2329 2330 2321 181
f 785 2331 2333 2332
f 2331 784 2326 2333
f 2333 2326 754 2171
f 2332 2333 2171 755
f 183 2334 2336 2335
f 2334 160 2175 2336
f 2336 2175 159 2328
f 2335 2336 2328 182
f 786 2337 2339 2338
f 2337 785 2332 2339
f 2339 2332 755 2177
f 2338 2339 2177 756
f 184 2340 2342 2341
f 2340 161 2181 2342
f 2342 2181 160 2334
f 2341 2342 2334 183
f 787 2343 2345 2344
f 2343 786 2338 2345
f 2345 2338 756 2183
f 2344 2345 2183 757
f 185 2346 2348 2347
f 2346 162 2187 2348
f 2348 2187 161 2340
f 2347 2348 2340 184
f 788 2349 2351 2350
f 2349 787 2344 2351
f 2351 2344 757 2189
f 2350 2351 2189 758
f 186 2352 2354 2353
f 2352 163 2193 2354
f 2354 2193 162 2346
f 2353 2354 2346 185
f 789 2355 2357 2356
f 2355 788 2350 2357
f 2357 2350 758 2195
f 2356 2357 2195 759
f 187 2358 2360 2359
f 2358 164 2199 2360
f 2360 2199 163 2352
f 2359 2360 2352 186
f 790 2361 2363 2362
f 2361 789 2356 2363
f 2363 2356 759 2201
f 2362 2363 2201 760
f 188 2364 2366 2365
f 2364 165 2205 2366
f 2366 2205 164 2358
f 2365 2366 2358 187
f 791 2367 2369 2368
f 2367 790 2362 2369
f 2369 2362 760 2207
f 2368 2369 2207 761
f 189 2370 2372 2371
f 2370 166 2211 2372
f 2372 2211 165 2364
f 2371 2372 2364 188
f 762 2373 2374 2218
f 2373 791 2368 2374
f 2374 2368 761 2213
f 2218 2374 2213 734
f 167 2222 2376 2375
f 2222 144 2215 2376
f 2376 2215 166 2370
f 2375 2376 2370 189
f 640 1560 2380 2379
f 1560 641 2377 2380
f 2380 2377 792 2378
f 2379 2380 2378 608
f 66 2381 2384 1564
f 2381 363 2382 2384
f 2384 2382 362 2383
f 1564 2384 2383 67
f 641 1568 2387 2377
f 1568 642 2385 2387
f 2387 2385 793 2386
f 2377 2387 2386 792
f 67 2383 2390 1570
f 2383 362 2388 2390
f 2390 2388 364 2389
f 1570 2390 2389 68
f 642 1574 2393 2385
f 1574 643 2391 2393
f 2393 2391 794 2392
f 2385 2393 2392 793
f 68 2389 2396 1576
f 2389 364 2394 2396
f 2396 2394 365 2395
f 1576 2396 2395 69
f 643 1580 2399 2391
f 1580 644 2397 2399
f 2399 2397 795 2398
f 2391 2399 2398 794
f 69 2395 2402 1582
f 2395 365 2400 2402
f 2402 2400 366 2401
f 1582 2402 2401 70
f 644 1586 2405 2397
f 1586 645 2403 2405
f 2405 2403 796 2404
f 2397 2405 2404 795
f 70 2401 2408 1588
f 2401 366 2406 2408
f 2408 2406 367 2407
f 1588 2408 2407 71
f 645 1592 2411 2403
f 1592 646 2409 2411
f 2411 2409 781 2410
f 2403 2411 2410 796
f 71 2407 2414 1594
f 2407 367 2412 2414
f 2414 2412 368 2413
f 1594 2414 2413 72
f 646 1598 2416 2409
f 1598 647 2415 2416
f 2416 2415 779 2309
f 2409 2416 2309 781
f 72 2413 2418 1600
f 2413 368 2315 2418
f 2418 2315 369 2417
f 1600 2418 2417 73
f 647 1604 2420 2415
f 1604 648 2419 2420
f 2420 2419 777 2301
f 2415 2420 2301 779
f 73 2417 2422 1606
f 2417 369 2307 2422
f 2422 2307 370 2421
f 1606 2422 2421 74
f 648 1610 2424 2419
f 1610 649 2423 2424
f 2424 2423 775 2293
f 2419 2424 2293 777
f 74 2421 2426 1612
f 2421 370 2299 2426
f 2426 2299 371 2425
f 1612 2426 2425 75
f 649 1617 2428 2423
f 1617 650 2427 2428
f 2428 2427 577 2285
f 2423 2428 2285 775
f 75 2425 2430 1619
f 2425 371 2291 2430
f 2430 2291 372 2429
f 1619 2430 2429 76
f 796 2410 2433 2432
f 2410 781 2311 2433
f 2433 2311 780 2431
f 2432 2433 2431 797
f 367 2434 2436 2412
f 2434 335 2435 2436
f 2436 2435 336 2313
f 2412 2436 2313 368
f 795 2404 2439 2438
f 2404 796 2432 2439
f 2439 2432 797 2437
f 2438 2439 2437 798
f 366 2440 2442 2406
f 2440 334 2441 2442
f 2442 2441 335 2434
f 2406 2442 2434 367
f 655 1640 2445 2444
f 1640 656 2443 2445
f 2445 2443 751 2151
f 2444 2445 2151 576
f 77 2446 2448 1644
f 2446 374 2155 2448
f 2448 2155 373 2447
f 1644 2448 2447 78
f 656 1648 2450 2443
f 1648 657 2449 2450
f 2450 2449 749 2143
f 2443 2450 2143 751
f 78 2447 2452 1650
f 2447 373 2149 2452
f 2452 2149 375 2451
f 1650 2452 2451 79
f 657 1654 2454 2449
f 1654 658 2453 2454
f 2454 2453 747 2135
f 2449 2454 2135 749
f 79 2451 2456 1656
f 2451 375 2141 2456
f 2456 2141 376 2455
f 1656 2456 2455 80
f 658 1660 2458 2453
f 1660 659 2457 2458
f 2458 2457 713 2127
f 2453 2458 2127 747
f 80 2455 2460 1662
f 2455 376 2133 2460
f 2460 2133 377 2459
f 1662 2460 2459 81
f 659 1666 2462 2457
f 1666 660 2461 2462
f 2462 2461 711 1941
f 2457 2462 1941 713
f 81 2459 2464 1668
f 2459 377 1947 2464
f 2464 1947 378 2463
f 1668 2464 2463 82
f 660 1672 2466 2461
f 1672 661 2465 2466
f 2466 2465 709 1933
f 2461 2466 1933 711
f 82 2463 2468 1674
f 2463 378 1939 2468
f 2468 1939 379 2467
f 1674 2468 2467 83
f 661 1678 2470 2465
f 1678 662 2469 2470
f 2470 2469 707 1925
f 2465 2470 1925 709
f 83 2467 2472 1680
f 2467 379 1931 2472
f 2472 1931 380 2471
f 1680 2472 2471 84
f 662 1684 2474 2469
f 1684 663 2473 2474
f 2474 2473 705 1917
f 2469 2474 1917 707
f 84 2471 2476 1686
f 2471 380 1923 2476
f 2476 1923 381 2475
f 1686 2476 2475 85
f 663 1690 2478 2473
f 1690 664 2477 2478
f 2478 2477 581 1909
f 2473 2478 1909 705
f 85 2475 2480 1692
f 2475 381 1915 2480
f 2480 1915 382 2479
f 1692 2480 2479 86
f 794 2398 2483 2482
f 2398 795 2438 2483
f 2483 2438 798 2481
f 2482 2483 2481 799
f 365 2484 2486 2400
f 2484 333 2485 2486
f 2486 2485 334 2440
f 2400 2486 2440 366
f 793 2392 2489 2488
f 2392 794 2482 2489
f 2489 2482 799 2487
f 2488 2489 2487 800
f 364 2490 2492 2394
f 2490 332 2491 2492
f 2492 2491 333 2484
f 2394 2492 2484 365
f 669 1713 2495 2494
f 1713 670 2493 2495
f 2495 2493 668 1903
f 2494 2495 1903 580
f 87 2496 2498 1717
f 2496 383 1907 2498
f 2498 1907 385 2497
f 1717 2498 2497 88
f 670 1722 2500 2493
f 1722 671 2499 2500
f 2500 2499 666 1703
f 2493 2500 1703 668
f 88 2497 2502 1724
f 2497 385 1709 2502
f 2502 1709 384 2501
f 1724 2502 2501 89
f 671 1728 2504 2499
f 1728 672 2503 2504
f 2504 2503 654 1695
f 2499 2504 1695 666
f 89 2501 2506 1730
f 2501 384 1701 2506
f 2506 1701 386 2505
f 1730 2506 2505 90
f 672 1734 2508 2503
f 1734 673 2507 2508
f 2508 2507 652 1631
f 2503 2508 1631 654
f 90 2505 2510 1736
f 2505 386 1637 2510
f 2510 1637 387 2509
f 1736 2510 2509 91
f 673 1740 2512 2507
f 1740 674 2511 2512
f 2512 2511 639 1623
f 2507 2512 1623 652
f 91 2509 2514 1742
f 2509 387 1629 2514
f 2514 1629 388 2513
f 1742 2514 2513 92
f 674 1746 2516 2511
f 1746 675 2515 2516
f 2516 2515 637 1551
f 2511 2516 1551 639
f 92 2513 2518 1748
f 2513 388 1557 2518
f 2518 1557 389 2517
f 1748 2518 2517 93
f 675 1752 2520 2515
f 1752 676 2519 2520
f 2520 2519 635 1543
f 2515 2520 1543 637
f 93 2517 2522 1754
f 2517 389 1549 2522
f 2522 1549 390 2521
f 1754 2522 2521 94
f 676 1758 2524 2519
f 1758 677 2523 2524
f 2524 2523 633 1535
f 2519 2524 1535 635
f 94 2521 2526 1760
f 2521 390 1541 2526
f 2526 1541 391 2525
f 1760 2526 2525 95
f 677 1764 2528 2523
f 1764 678 2527 2528
f 2528 2527 611 1527
f 2523 2528 1527 633
f 95 2525 2530 1766
f 2525 391 1533 2530
f 2530 1533 392 2529
f 1766 2530 2529 96
f 678 1770 2532 2527
f 1770 679 2531 2532
f 2532 2531 609 1439
f 2527 2532 1439 611
f 96 2529 2534 1772
f 2529 392 1445 2534
f 2534 1445 393 2533
f 1772 2534 2533 97
f 679 1775 2535 2531
f 1775 640 2379 2535
f 2535 2379 608 1429
f 2531 2535 1429 609
f 97 2533 2536 1777
f 2533 393 1437 2536
f 2536 1437 363 2381
f 1777 2536 2381 66
f 804 2537 2541 2540
f 2537 803 2538 2541
f 2541 2538 802 2539
f 2540 2541 2539 801
f 190 2542 2546 2545
f 2542 299 2543 2546
f 2546 2543 298 2544
f 2545 2546 2544 191
f 803 2547 2550 2538
f 2547 806 2548 2550
f 2550 2548 805 2549
f 2538 2550 2549 802
f 191 2544 2554 2553
f 2544 298 2551 2554
f 2554 2551 300 2552
f 2553 2554 2552 192
f 806 2555 2558 2548
f 2555 808 2556 2558
f 2558 2556 807 2557
f 2548 2558 2557 805
f 192 2552 2562 2561
f 2552 300 2559 2562
f 2562 2559 301 2560
f 2561 2562 2560 193
f 808 2563 2566 2556
f 2563 810 2564 2566
f 2566 2564 809 2565
f 2556 2566 2565 807
f 193 2560 2570 2569
f 2560 301 2567 2570
f 2570 2567 302 2568
f 2569 2570 2568 194
f 810 2571 2574 2564
f 2571 812 2572 2574
f 2574 2572 811 2573
f 2564 2574 2573 809
f 194 2568 2578 2577
f 2568 302 2575 2578
f 2578 2575 303 2576
f 2577 2578 2576 195
f 812 2579 2582 2572
f 2579 814 2580 2582
f 2582 2580 813 2581
f 2572 2582 2581 811
f 195 2576 2586 2585
f 2576 303 2583 2586
f 2586 2583 304 2584
f 2585 2586 2584 196
f 814 2587 2590 2580
f 2587 816 2588 2590
f 2590 2588 815 2589
f 2580 2590 2589 813
f 196 2584 2594 2593
f 2584 304 2591 2594
f 2594 2591 305 2592
f 2593 2594 2592 197
f 816 2595 2598 2588
f 2595 818 2596 2598
f 2598 2596 817 2597
f 2588 2598 2597 815
f 197 2592 2602 2601
f 2592 305 2599 2602
f 2602 2599 306 2600
f 2601 2602 2600 198
f 818 2603 2606 2596
f 2603 820 2604 2606
f 2606 2604 819 2605
f 2596 2606 2605 817
f 198 2600 2610 2609
f 2600 306 2607 2610
f 2610 2607 307 2608
f 2609 2610 2608 199
f 820 2611 2614 2604
f 2611 822 2612 2614
f 2614 2612 821 2613
f 2604 2614 2613 819
f 199 2608 2618 2617
f 2608 307 2615 2618
f 2618 2615 308 2616
f 2617 2618 2616 200
f 792 2386 2621 2620
f 2386 793 2488 2621
f 2621 2488 800 2619
f 2620 2621 2619 823
f 362 2622 2624 2388
f 2622 330 2623 2624
f 2624 2623 332 2490
f 2388 2624 2490 364
f 608 2378 2626 1430
f 2378 792 2620 2626
f 2626 2620 823 2625
f 1430 2626 2625 607
f 363 1436 2628 2382
f 1436 331 2627 2628
f 2628 2627 330 2622
f 2382 2628 2622 362
f 827 2629 2633 2632
f 2629 826 2630 2633
f 2633 2630 825 2631
f 2632 2633 2631 824
f 201 2634 2638 2637
f 2634 310 2635 2638
f 2638 2635 309 2636
f 2637 2638 2636 202
f 826 2639 2642 2630
f 2639 829 2640 2642
f 2642 2640 828 2641
f 2630 2642 2641 825
f 202 2636 2646 2645
f 2636 309 2643 2646
f 2646 2643 311 2644
f 2645 2646 2644 203
f 829 2647 2650 2640
f 2647 831 2648 2650
f 2650 2648 830 2649
f 2640 2650 2649 828
f 203 2644 2654 2653
f 2644 311 2651 2654
f 2654 2651 312 2652
f 2653 2654 2652 204
f 831 2655 2658 2648
f 2655 833 2656 2658
f 2658 2656 832 2657
f 2648 2658 2657 830
g Group18001
f 205 2659 2663 2662
f 2659 313 2660 2663
f 2663 2660 1221 2661
f 2662 2663 2661 1222
g Group17998
f 204 2652 2666 2665
f 2652 312 2664 2666
f 2666 2664 313 2659
f 2665 2666 2659 205
f 837 2667 2671 2670
f 2667 836 2668 2671
f 2671 2668 835 2669
f 2670 2671 2669 834
g Group18001
f 315 2672 2676 2675
f 2672 206 2673 2676
f 2676 2673 1223 2674
f 2675 2676 2674 1224
g Group17998
f 206 2672 2680 2679
f 2672 315 2677 2680
f 2680 2677 314 2678
f 2679 2680 2678 207
f 836 2681 2684 2668
f 2681 839 2682 2684
f 2684 2682 838 2683
f 2668 2684 2683 835
f 207 2678 2688 2687
f 2678 314 2685 2688
f 2688 2685 316 2686
f 2687 2688 2686 208
f 839 2689 2692 2682
f 2689 841 2690 2692
f 2692 2690 840 2691
f 2682 2692 2691 838
f 208 2686 2696 2695
f 2686 316 2693 2696
f 2696 2693 317 2694
f 2695 2696 2694 209
f 841 2697 2700 2690
f 2697 843 2698 2700
f 2700 2698 842 2699
f 2690 2700 2699 840
f 209 2694 2704 2703
f 2694 317 2701 2704
f 2704 2701 318 2702
f 2703 2704 2702 210
f 574 1321 2708 2707
f 1321 575 2705 2708
f 2708 2705 827 2706
f 2707 2708 2706 822
f 340 2709 2712 1325
f 2709 200 2710 2712
f 2712 2710 201 2711
f 1325 2712 2711 342
f 578 1331 2716 2715
f 1331 579 2713 2716
f 2716 2713 844 2714
f 2715 2716 2714 843
f 350 2717 2720 1335
f 2717 210 2718 2720
f 2720 2718 211 2719
f 1335 2720 2719 351
f 844 2721 2725 2724
f 2721 847 2722 2725
f 2725 2722 846 2723
f 2724 2725 2723 845
f 211 2726 2730 2729
f 2726 319 2727 2730
f 2730 2727 321 2728
f 2729 2730 2728 212
f 847 2731 2734 2722
f 2731 849 2732 2734
f 2734 2732 848 2733
f 2722 2734 2733 846
f 212 2728 2738 2737
f 2728 321 2735 2738
f 2738 2735 320 2736
f 2737 2738 2736 213
f 849 2739 2742 2732
f 2739 851 2740 2742
f 2742 2740 850 2741
f 2732 2742 2741 848
f 213 2736 2746 2745
f 2736 320 2743 2746
f 2746 2743 322 2744
f 2745 2746 2744 214
f 851 2747 2750 2740
f 2747 853 2748 2750
f 2750 2748 852 2749
f 2740 2750 2749 850
f 214 2744 2754 2753
f 2744 322 2751 2754
f 2754 2751 323 2752
f 2753 2754 2752 215
f 853 2755 2758 2748
f 2755 855 2756 2758
f 2758 2756 854 2757
f 2748 2758 2757 852
f 215 2752 2762 2761
f 2752 323 2759 2762
f 2762 2759 324 2760
f 2761 2762 2760 216
f 855 2763 2766 2756
f 2763 857 2764 2766
f 2766 2764 856 2765
f 2756 2766 2765 854
f 216 2760 2770 2769
f 2760 324 2767 2770
f 2770 2767 325 2768
f 2769 2770 2768 217
f 857 2771 2774 2764
f 2771 859 2772 2774
f 2774 2772 858 2773
f 2764 2774 2773 856
f 217 2768 2778 2777
f 2768 325 2775 2778
f 2778 2775 326 2776
f 2777 2778 2776 218
f 859 2779 2782 2772
f 2779 861 2780 2782
f 2782 2780 860 2781
f 2772 2782 2781 858
f 218 2776 2786 2785
f 2776 326 2783 2786
f 2786 2783 327 2784
f 2785 2786 2784 219
f 861 2787 2790 2780
f 2787 863 2788 2790
f 2790 2788 862 2789
f 2780 2790 2789 860
f 219 2784 2794 2793
f 2784 327 2791 2794
f 2794 2791 328 2792
f 2793 2794 2792 220
f 863 2795 2798 2788
f 2795 865 2796 2798
f 2798 2796 864 2797
f 2788 2798 2797 862
f 220 2792 2802 2801
f 2792 328 2799 2802
f 2802 2799 329 2800
f 2801 2802 2800 221
f 865 2803 2805 2796
f 2803 804 2540 2805
f 2805 2540 801 2804
f 2796 2805 2804 864
f 221 2800 2808 2807
f 2800 329 2806 2808
f 2808 2806 299 2542
f 2807 2808 2542 190
f 867 2809 2812 2811
f 2809 866 2810 2812
f 2812 2810 791 2373
f 2811 2812 2373 762
f 222 2813 2816 2815
f 2813 167 2375 2816
f 2816 2375 189 2814
f 2815 2816 2814 223
f 866 2817 2819 2810
f 2817 868 2818 2819
f 2819 2818 790 2367
f 2810 2819 2367 791
f 223 2814 2822 2821
f 2814 189 2371 2822
f 2822 2371 188 2820
f 2821 2822 2820 224
f 868 2823 2825 2818
f 2823 869 2824 2825
f 2825 2824 789 2361
f 2818 2825 2361 790
f 224 2820 2828 2827
f 2820 188 2365 2828
f 2828 2365 187 2826
f 2827 2828 2826 225
f 869 2829 2831 2824
f 2829 870 2830 2831
f 2831 2830 788 2355
f 2824 2831 2355 789
f 225 2826 2834 2833
f 2826 187 2359 2834
f 2834 2359 186 2832
f 2833 2834 2832 226
f 870 2835 2837 2830
f 2835 871 2836 2837
f 2837 2836 787 2349
f 2830 2837 2349 788
f 226 2832 2840 2839
f 2832 186 2353 2840
f 2840 2353 185 2838
f 2839 2840 2838 227
f 871 2841 2843 2836
f 2841 872 2842 2843
f 2843 2842 786 2343
f 2836 2843 2343 787
f 227 2838 2846 2845
f 2838 185 2347 2846
f 2846 2347 184 2844
f 2845 2846 2844 228
f 872 2847 2849 2842
f 2847 873 2848 2849
f 2849 2848 785 2337
f 2842 2849 2337 786
f 228 2844 2852 2851
f 2844 184 2341 2852
f 2852 2341 183 2850
f 2851 2852 2850 229
f 873 2853 2855 2848
f 2853 874 2854 2855
f 2855 2854 784 2331
f 2848 2855 2331 785
f 229 2850 2858 2857
f 2850 183 2335 2858
f 2858 2335 182 2856
f 2857 2858 2856 230
f 874 2859 2861 2854
f 2859 875 2860 2861
f 2861 2860 783 2325
f 2854 2861 2325 784
f 230 2856 2864 2863
f 2856 182 2329 2864
f 2864 2329 181 2862
f 2863 2864 2862 231
f 875 2865 2867 2860
f 2865 876 2866 2867
f 2867 2866 782 2317
f 2860 2867 2317 783
f 231 2862 2870 2869
f 2862 181 2323 2870
f 2870 2323 180 2868
f 2869 2870 2868 232
f 606 1431 2873 2872
f 1431 607 2871 2873
f 2873 2871 804 2803
f 2872 2873 2803 865
f 361 2874 2876 1435
f 2874 221 2807 2876
f 2876 2807 190 2875
f 1435 2876 2875 331
f 610 1440 2878 2877
f 1440 606 2872 2878
f 2878 2872 865 2795
f 2877 2878 2795 863
f 360 2879 2880 1444
f 2879 220 2801 2880
f 2880 2801 221 2874
f 1444 2880 2874 361
f 880 2881 2885 2884
f 2881 879 2882 2885
f 2885 2882 878 2883
f 2884 2885 2883 877
g Group18001
f 255 2886 2890 2889
f 2886 254 2887 2890
f 2890 2887 1225 2888
f 2889 2890 2888 1226
g Group17998
f 233 2891 2894 2893
f 2891 254 2886 2894
f 2894 2886 255 2892
f 2893 2894 2892 234
f 879 2895 2898 2882
f 2895 882 2896 2898
f 2898 2896 881 2897
f 2882 2898 2897 878
g Group18001
f 256 2899 2902 2901
f 2899 255 2889 2902
f 2902 2889 1226 2900
f 2901 2902 2900 1227
g Group17998
f 234 2892 2905 2904
f 2892 255 2899 2905
f 2905 2899 256 2903
f 2904 2905 2903 235
f 882 2906 2909 2896
f 2906 884 2907 2909
f 2909 2907 883 2908
f 2896 2909 2908 881
g Group18001
f 257 2910 2913 2912
f 2910 256 2901 2913
f 2913 2901 1227 2911
f 2912 2913 2911 1228
g Group17998
f 235 2903 2916 2915
f 2903 256 2910 2916
f 2916 2910 257 2914
f 2915 2916 2914 236
f 884 2917 2920 2907
f 2917 886 2918 2920
f 2920 2918 885 2919
f 2907 2920 2919 883
g Group18001
f 258 2921 2924 2923
f 2921 257 2912 2924
f 2924 2912 1228 2922
f 2923 2924 2922 1229
f 237 2925 2928 2927
f 2925 258 2923 2928
f 2928 2923 1229 2926
f 2927 2928 2926 1230
g Group17998
f 236 2914 2930 2929
f 2914 257 2921 2930
f 2930 2921 258 2925
f 2929 2930 2925 237
f 890 2931 2935 2934
f 2931 889 2932 2935
f 2935 2932 888 2933
f 2934 2935 2933 887
g Group18001
f 259 2936 2940 2939
f 2936 238 2937 2940
f 2940 2937 1231 2938
f 2939 2940 2938 1232
f 260 2941 2944 2943
f 2941 259 2939 2944
f 2944 2939 1232 2942
f 2943 2944 2942 1233
g Group17998
f 238 2936 2947 2946
f 2936 259 2941 2947
f 2947 2941 260 2945
f 2946 2947 2945 239
f 889 2948 2951 2932
f 2948 892 2949 2951
f 2951 2949 891 2950
f 2932 2951 2950 888
g Group18001
f 261 2952 2955 2954
f 2952 260 2943 2955
f 2955 2943 1233 2953
f 2954 2955 2953 1234
g Group17998
f 239 2945 2958 2957
f 2945 260 2952 2958
f 2958 2952 261 2956
f 2957 2958 2956 240
f 892 2959 2962 2949
f 2959 894 2960 2962
f 2962 2960 893 2961
f 2949 2962 2961 891
g Group18001
f 262 2963 2966 2965
f 2963 261 2954 2966
f 2966 2954 1234 2964
f 2965 2966 2964 1235
g Group17998
f 240 2956 2969 2968
f 2956 261 2963 2969
f 2969 2963 262 2967
f 2968 2969 2967 241
f 894 2970 2973 2960
f 2970 896 2971 2973
f 2973 2971 895 2972
f 2960 2973 2972 893
g Group18001
f 179 2974 2977 2976
f 2974 262 2965 2977
f 2977 2965 1235 2975
f 2976 2977 2975 1236
g Group17998
f 241 2967 2980 2979
f 2967 262 2974 2980
f 2980 2974 179 2978
f 2979 2980 2978 242
f 632 1528 2982 2981
f 1528 610 2877 2982
f 2982 2877 863 2787
f 2981 2982 2787 861
f 359 2983 2984 1532
f 2983 219 2793 2984
f 2984 2793 220 2879
f 1532 2984 2879 360
f 634 1536 2986 2985
f 1536 632 2981 2986
f 2986 2981 861 2779
f 2985 2986 2779 859
f 358 2987 2988 1540
f 2987 218 2785 2988
f 2988 2785 219 2983
f 1540 2988 2983 359
f 898 2989 2992 2991
f 2989 897 2990 2992
f 2992 2990 772 2279
f 2991 2992 2279 773
f 243 2993 2996 2995
f 2993 178 2283 2996
f 2996 2283 177 2994
f 2995 2996 2994 244
f 897 2997 2999 2990
f 2997 899 2998 2999
f 2999 2998 771 2273
f 2990 2999 2273 772
f 244 2994 3002 3001
f 2994 177 2277 3002
f 3002 2277 176 3000
f 3001 3002 3000 245
f 899 3003 3005 2998
f 3003 900 3004 3005
f 3005 3004 770 2267
f 2998 3005 2267 771
f 245 3000 3008 3007
f 3000 176 2271 3008
f 3008 2271 175 3006
f 3007 3008 3006 246
f 900 3009 3011 3004
f 3009 901 3010 3011
f 3011 3010 769 2261
f 3004 3011 2261 770
f 246 3006 3014 3013
f 3006 175 2265 3014
f 3014 2265 174 3012
f 3013 3014 3012 247
f 901 3015 3017 3010
f 3015 902 3016 3017
f 3017 3016 768 2255
f 3010 3017 2255 769
f 247 3012 3020 3019
f 3012 174 2259 3020
f 3020 2259 173 3018
f 3019 3020 3018 248
f 902 3021 3023 3016
f 3021 903 3022 3023
f 3023 3022 767 2249
f 3016 3023 2249 768
f 248 3018 3026 3025
f 3018 173 2253 3026
f 3026 2253 172 3024
f 3025 3026 3024 249
f 903 3027 3029 3022
f 3027 904 3028 3029
f 3029 3028 766 2243
f 3022 3029 2243 767
f 249 3024 3032 3031
f 3024 172 2247 3032
f 3032 2247 171 3030
f 3031 3032 3030 250
f 904 3033 3035 3028
f 3033 905 3034 3035
f 3035 3034 765 2237
f 3028 3035 2237 766
f 250 3030 3038 3037
f 3030 171 2241 3038
f 3038 2241 170 3036
f 3037 3038 3036 251
f 905 3039 3041 3034
f 3039 906 3040 3041
f 3041 3040 764 2231
f 3034 3041 2231 765
f 251 3036 3044 3043
f 3036 170 2235 3044
f 3044 2235 169 3042
f 3043 3044 3042 252
f 906 3045 3047 3040
f 3045 907 3046 3047
f 3047 3046 763 2225
f 3040 3047 2225 764
f 252 3042 3050 3049
f 3042 169 2229 3050
f 3050 2229 168 3048
f 3049 3050 3048 253
f 907 3051 3052 3046
f 3051 867 2811 3052
f 3052 2811 762 2217
f 3046 3052 2217 763
f 253 3048 3054 3053
f 3048 168 2223 3054
f 3054 2223 167 2813
f 3053 3054 2813 222
f 636 1544 3056 3055
f 1544 634 2985 3056
f 3056 2985 859 2771
f 3055 3056 2771 857
f 357 3057 3058 1548
f 3057 217 2777 3058
f 3058 2777 218 2987
f 1548 3058 2987 358
f 638 1552 3060 3059
f 1552 636 3055 3060
f 3060 3055 857 2763
f 3059 3060 2763 855
f 356 3061 3062 1556
f 3061 216 2769 3062
f 3062 2769 217 3057
f 1556 3062 3057 357
f 614 1711 3064 1448
f 1711 605 1423 3064
f 3064 1423 604 3063
f 1448 3064 3063 613
f 46 1454 3066 1719
f 1454 45 3065 3066
f 3066 3065 43 1425
f 1719 3066 1425 44
f 603 1421 3068 1689
f 1421 605 1714 3068
f 3068 1714 669 3067
f 1689 3068 3067 664
f 42 1693 3070 1427
f 1693 86 3069 3070
f 3070 3069 87 1716
f 1427 3070 1716 44
f 651 1624 3072 3071
f 1624 638 3059 3072
f 3072 3059 855 2755
f 3071 3072 2755 853
f 355 3073 3074 1628
f 3073 215 2761 3074
f 3074 2761 216 3061
f 1628 3074 3061 356
f 653 1632 3076 3075
f 1632 651 3071 3076
f 3076 3071 853 2747
f 3075 3076 2747 851
f 354 3077 3078 1636
f 3077 214 2753 3078
f 3078 2753 215 3073
f 1636 3078 3073 355
f 665 1696 3080 3079
f 1696 653 3075 3080
f 3080 3075 851 2739
f 3079 3080 2739 849
f 352 3081 3082 1700
f 3081 213 2745 3082
f 3082 2745 214 3077
f 1700 3082 3077 354
f 667 1704 3084 3083
f 1704 665 3079 3084
f 3084 3079 849 2731
f 3083 3084 2731 847
f 353 3085 3086 1708
f 3085 212 2737 3086
f 3086 2737 213 3081
f 1708 3086 3081 352
f 579 1904 3087 2713
f 1904 667 3083 3087
f 3087 3083 847 2721
f 2713 3087 2721 844
f 351 2719 3088 1906
f 2719 211 2729 3088
f 3088 2729 212 3085
f 1906 3088 3085 353
f 909 3089 3092 3091
f 3089 703 1894 3092
f 3092 1894 702 3090
f 3091 3092 3090 908
g Group18001
f 122 3093 3097 3096
f 3093 123 3094 3097
f 3097 3094 1237 3095
f 3096 3097 3095 1238
f 120 3098 3100 1897
f 3098 122 3096 3100
f 3100 3096 1238 3099
f 1897 3100 3099 1210
g Group17998
f 123 3093 3102 3101
f 3093 122 3098 3102
f 3102 3098 120 1900
f 3101 3102 1900 121
f 704 1910 3104 3103
f 1910 578 2715 3104
f 3104 2715 843 2697
f 3103 3104 2697 841
f 349 3105 3106 1914
f 3105 209 2703 3106
f 3106 2703 210 2717
f 1914 3106 2717 350
f 706 1918 3108 3107
f 1918 704 3103 3108
f 3108 3103 841 2689
f 3107 3108 2689 839
f 348 3109 3110 1922
f 3109 208 2695 3110
f 3110 2695 209 3105
f 1922 3110 3105 349
f 910 3111 3113 3112
f 3111 745 2122 3113
f 3113 2122 703 3089
f 3112 3113 3089 909
g Group18001
f 123 3114 3117 3094
f 3114 156 3115 3117
f 3117 3115 1239 3116
f 3094 3117 3116 1237
g Group17998
f 156 3114 3119 3118
f 3114 123 3101 3119
f 3119 3101 121 2124
f 3118 3119 2124 155
f 708 1926 3121 3120
f 1926 706 3107 3121
f 3121 3107 839 2681
f 3120 3121 2681 836
f 347 3122 3123 1930
f 3122 207 2687 3123
f 3123 2687 208 3109
f 1930 3123 3109 348
f 710 1934 3125 3124
f 1934 708 3120 3125
f 3125 3120 836 2667
f 3124 3125 2667 837
f 346 3126 3127 1938
f 3126 206 2679 3127
f 3127 2679 207 3122
f 1938 3127 3122 347
f 895 3128 3130 3129
f 3128 773 2280 3130
f 3130 2280 745 3111
f 3129 3130 3111 910
g Group18001
f 156 3131 3133 3115
f 3131 179 2976 3133
f 3133 2976 1236 3132
f 3115 3133 3132 1239
g Group17998
f 179 3131 3135 3134
f 3131 156 3118 3135
f 3135 3118 155 2282
f 3134 3135 2282 178
f 664 3067 3136 2477
f 3067 669 2494 3136
f 3136 2494 580 1329
f 2477 3136 1329 581
f 86 2479 3137 3069
f 2479 382 1337 3137
f 3137 1337 383 2496
f 3069 3137 2496 87
f 712 1942 3140 3139
f 1942 710 3124 3140
f 3140 3124 837 3138
f 3139 3140 3138 833
g Group18001
f 206 3141 3143 2673
f 3141 205 2662 3143
f 3143 2662 1222 3142
f 2673 3143 3142 1223
g Group17998
f 345 3144 3145 1946
f 3144 205 3141 3145
f 3145 3141 206 3126
f 1946 3145 3126 346
f 746 2128 3147 3146
f 2128 712 3139 3147
f 3147 3139 833 2655
f 3146 3147 2655 831
f 344 3148 3149 2132
f 3148 204 2665 3149
f 3149 2665 205 3144
f 2132 3149 3144 345
f 843 2714 3151 2698
f 2714 844 2724 3151
f 3151 2724 845 3150
f 2698 3151 3150 842
f 210 2702 3153 2718
f 2702 318 3152 3153
f 3153 3152 319 2726
f 2718 3153 2726 211
f 748 2136 3155 3154
f 2136 746 3146 3155
f 3155 3146 831 2647
f 3154 3155 2647 829
f 343 3156 3157 2140
f 3156 203 2653 3157
f 3157 2653 204 3148
f 2140 3157 3148 344
f 750 2144 3159 3158
f 2144 748 3154 3159
f 3159 3154 829 2639
f 3158 3159 2639 826
f 341 3160 3161 2148
f 3160 202 2645 3161
f 3161 2645 203 3156
f 2148 3161 3156 343
f 896 3162 3163 2971
f 3162 898 2991 3163
f 3163 2991 773 3128
f 2971 3163 3128 895
f 242 2978 3165 3164
f 2978 179 3134 3165
f 3165 3134 178 2993
f 3164 3165 2993 243
f 575 2152 3166 2705
f 2152 750 3158 3166
f 3166 3158 826 2629
f 2705 3166 2629 827
f 342 2711 3167 2154
f 2711 201 2637 3167
f 3167 2637 202 3160
f 2154 3167 3160 341
f 774 2286 3169 3168
f 2286 574 2707 3169
f 3169 2707 822 2611
f 3168 3169 2611 820
f 339 3170 3171 2290
f 3170 199 2617 3171
f 3171 2617 200 2709
f 2290 3171 2709 340
f 584 1615 3173 1340
f 1615 573 1313 3173
f 3173 1313 572 3172
f 1340 3173 3172 583
f 22 1346 3175 1621
f 1346 21 3174 3175
f 3175 3174 19 1315
f 1621 3175 1315 20
f 776 2294 3177 3176
f 2294 774 3168 3177
f 3177 3168 820 2603
f 3176 3177 2603 818
f 338 3178 3179 2298
f 3178 198 2609 3179
f 3179 2609 199 3170
f 2298 3179 3170 339
f 778 2302 3181 3180
f 2302 776 3176 3181
f 3181 3176 818 2595
f 3180 3181 2595 816
f 337 3182 3183 2306
f 3182 197 2601 3183
f 3183 2601 198 3178
f 2306 3183 3178 338
f 780 2310 3185 3184
f 2310 778 3180 3185
f 3185 3180 816 2587
f 3184 3185 2587 814
f 336 3186 3187 2314
f 3186 196 2593 3187
f 3187 2593 197 3182
f 2314 3187 3182 337
f 797 2431 3189 3188
f 2431 780 3184 3189
f 3189 3184 814 2579
f 3188 3189 2579 812
f 335 3190 3191 2435
f 3190 195 2585 3191
f 3191 2585 196 3186
f 2435 3191 3186 336
f 798 2437 3193 3192
f 2437 797 3188 3193
f 3193 3188 812 2571
f 3192 3193 2571 810
f 334 3194 3195 2441
f 3194 194 2577 3195
f 3195 2577 195 3190
f 2441 3195 3190 335
f 799 2481 3197 3196
f 2481 798 3192 3197
f 3197 3192 810 2563
f 3196 3197 2563 808
f 333 3198 3199 2485
f 3198 193 2569 3199
f 3199 2569 194 3194
f 2485 3199 3194 334
f 800 2487 3201 3200
f 2487 799 3196 3201
f 3201 3196 808 2555
f 3200 3201 2555 806
f 332 3202 3203 2491
f 3202 192 2561 3203
f 3203 2561 193 3198
f 2491 3203 3198 333
f 823 2619 3205 3204
f 2619 800 3200 3205
f 3205 3200 806 2547
f 3204 3205 2547 803
f 330 3206 3207 2623
f 3206 191 2553 3207
f 3207 2553 192 3202
f 2623 3207 3202 332
f 584 1339 3209 1616
f 1339 585 1641 3209
f 3209 1641 655 3208
f 1616 3209 3208 650
f 22 1620 3211 1347
f 1620 76 3210 3211
f 3211 3210 77 1643
f 1347 3211 1643 24
f 716 3212 3215 1950
f 3212 912 3213 3215
f 3215 3213 911 3214
f 1950 3215 3214 715
g Group18001
f 263 3216 3219 3218
f 3216 124 1957 3219
f 3219 1957 1212 3217
f 3218 3219 3217 1240
f 264 3220 3223 3222
f 3220 263 3218 3223
f 3223 3218 1240 3221
f 3222 3223 3221 1241
g Group17998
f 125 1960 3225 3224
f 1960 124 3216 3225
f 3225 3216 263 3220
f 3224 3225 3220 264
f 607 2625 3226 2871
f 2625 823 3204 3226
f 3226 3204 803 2537
f 2871 3226 2537 804
f 331 2875 3227 2627
f 2875 190 2545 3227
f 3227 2545 191 3206
f 2627 3227 3206 330
f 752 3228 3230 2158
f 3228 913 3229 3230
f 3230 3229 912 3212
f 2158 3230 3212 716
g Group18001
f 265 3231 3234 3233
f 3231 264 3222 3234
f 3234 3222 1241 3232
f 3233 3234 3232 1242
g Group17998
f 157 2162 3236 3235
f 2162 125 3224 3236
f 3236 3224 264 3231
f 3235 3236 3231 265
f 782 3237 3239 2318
f 3237 877 3238 3239
f 3239 3238 913 3228
f 2318 3239 3228 752
g Group18001
f 254 3240 3242 2887
f 3240 265 3233 3242
f 3242 3233 1242 3241
f 2887 3242 3241 1225
g Group17998
f 180 2322 3244 3243
f 2322 157 3235 3244
f 3244 3235 265 3240
f 3243 3244 3240 254
f 821 3245 3249 3248
f 3245 824 3246 3249
f 3249 3246 915 3247
f 3248 3249 3247 914
f 308 3250 3254 3253
f 3250 276 3251 3254
f 3254 3251 278 3252
f 3253 3254 3252 310
f 650 3208 3255 2427
f 3208 655 2444 3255
f 3255 2444 576 1319
f 2427 3255 1319 577
f 76 2429 3256 3210
f 2429 372 1327 3256
f 3256 1327 374 2446
f 3210 3256 2446 77
f 842 3150 3260 3259
f 3150 845 3257 3260
f 3260 3257 917 3258
f 3259 3260 3258 916
f 318 3261 3264 3152
f 3261 286 3262 3264
f 3264 3262 287 3263
f 3152 3264 3263 319
f 822 2706 3265 2612
f 2706 827 2632 3265
f 3265 2632 824 3245
f 2612 3265 3245 821
f 200 2616 3266 2710
f 2616 308 3253 3266
f 3266 3253 310 2634
f 2710 3266 2634 201
f 864 2804 3270 3269
f 2804 801 3267 3270
f 3270 3267 919 3268
f 3269 3270 3268 918
f 329 3271 3274 2806
f 3271 297 3272 3274
f 3274 3272 267 3273
f 2806 3274 3273 299
f 876 3275 3276 2866
f 3275 880 2884 3276
f 3276 2884 877 3237
f 2866 3276 3237 782
f 232 2868 3278 3277
f 2868 180 3243 3278
f 3278 3243 254 2891
f 3277 3278 2891 233
f 862 2797 3281 3280
f 2797 864 3269 3281
f 3281 3269 918 3279
f 3280 3281 3279 920
f 328 3282 3284 2799
f 3282 296 3283 3284
f 3284 3283 297 3271
f 2799 3284 3271 329
f 860 2789 3287 3286
f 2789 862 3280 3287
f 3287 3280 920 3285
f 3286 3287 3285 921
f 327 3288 3290 2791
f 3288 295 3289 3290
f 3290 3289 296 3282
f 2791 3290 3282 328
f 858 2781 3293 3292
f 2781 860 3286 3293
f 3293 3286 921 3291
f 3292 3293 3291 922
f 326 3294 3296 2783
f 3294 294 3295 3296
f 3296 3295 295 3288
f 2783 3296 3288 327
f 856 2773 3299 3298
f 2773 858 3292 3299
f 3299 3292 922 3297
f 3298 3299 3297 923
f 325 3300 3302 2775
f 3300 293 3301 3302
f 3302 3301 294 3294
f 2775 3302 3294 326
f 919 3303 3306 3305
f 3303 924 3304 3306
f 3306 3304 866 2809
f 3305 3306 2809 867
f 267 3307 3310 3309
f 3307 222 2815 3310
f 3310 2815 223 3308
f 3309 3310 3308 266
f 924 3311 3313 3304
f 3311 925 3312 3313
f 3313 3312 868 2817
f 3304 3313 2817 866
f 266 3308 3316 3315
f 3308 223 2821 3316
f 3316 2821 224 3314
f 3315 3316 3314 268
f 925 3317 3319 3312
f 3317 926 3318 3319
f 3319 3318 869 2823
f 3312 3319 2823 868
f 268 3314 3322 3321
f 3314 224 2827 3322
f 3322 2827 225 3320
f 3321 3322 3320 269
f 926 3323 3325 3318
f 3323 927 3324 3325
f 3325 3324 870 2829
f 3318 3325 2829 869
f 269 3320 3328 3327
f 3320 225 2833 3328
f 3328 2833 226 3326
f 3327 3328 3326 270
f 927 3329 3331 3324
f 3329 928 3330 3331
f 3331 3330 871 2835
f 3324 3331 2835 870
f 270 3326 3334 3333
f 3326 226 2839 3334
f 3334 2839 227 3332
f 3333 3334 3332 271
f 928 3335 3337 3330
f 3335 929 3336 3337
f 3337 3336 872 2841
f 3330 3337 2841 871
f 271 3332 3340 3339
f 3332 227 2845 3340
f 3340 2845 228 3338
f 3339 3340 3338 272
f 929 3341 3343 3336
f 3341 930 3342 3343
f 3343 3342 873 2847
f 3336 3343 2847 872
f 272 3338 3346 3345
f 3338 228 2851 3346
f 3346 2851 229 3344
f 3345 3346 3344 273
f 930 3347 3349 3342
f 3347 931 3348 3349
f 3349 3348 874 2853
f 3342 3349 2853 873
f 273 3344 3352 3351
f 3344 229 2857 3352
f 3352 2857 230 3350
f 3351 3352 3350 274
f 931 3353 3355 3348
f 3353 932 3354 3355
f 3355 3354 875 2859
f 3348 3355 2859 874
f 274 3350 3358 3357
f 3350 230 2863 3358
f 3358 2863 231 3356
f 3357 3358 3356 275
f 932 3359 3361 3354
f 3359 914 3360 3361
f 3361 3360 876 2865
f 3354 3361 2865 875
f 275 3356 3364 3363
f 3356 231 2869 3364
f 3364 2869 232 3362
f 3363 3364 3362 276
f 854 2765 3367 3366
f 2765 856 3298 3367
f 3367 3298 923 3365
f 3366 3367 3365 933
f 324 3368 3370 2767
f 3368 292 3369 3370
f 3370 3369 293 3300
f 2767 3370 3300 325
f 915 3371 3374 3373
f 3371 934 3372 3374
f 3374 3372 879 2881
f 3373 3374 2881 880
f 278 3375 3378 3377
f 3375 233 2893 3378
f 3378 2893 234 3376
f 3377 3378 3376 277
f 934 3379 3381 3372
f 3379 935 3380 3381
f 3381 3380 882 2895
f 3372 3381 2895 879
f 277 3376 3384 3383
f 3376 234 2904 3384
f 3384 2904 235 3382
f 3383 3384 3382 279
f 935 3385 3387 3380
f 3385 936 3386 3387
f 3387 3386 884 2906
f 3380 3387 2906 882
f 279 3382 3390 3389
f 3382 235 2915 3390
f 3390 2915 236 3388
f 3389 3390 3388 280
f 936 3391 3393 3386
f 3391 937 3392 3393
f 3393 3392 886 2917
f 3386 3393 2917 884
g Group18001
f 281 3394 3397 3396
f 3394 237 2927 3397
f 3397 2927 1230 3395
f 3396 3397 3395 1243
g Group17998
f 280 3388 3399 3398
f 3388 236 2929 3399
f 3399 2929 237 3394
f 3398 3399 3394 281
f 939 3400 3403 3402
f 3400 938 3401 3403
f 3403 3401 889 2931
f 3402 3403 2931 890
g Group18001
f 238 3404 3407 2937
f 3404 283 3405 3407
f 3407 3405 1244 3406
f 2937 3407 3406 1231
g Group17998
f 283 3404 3410 3409
f 3404 238 2946 3410
f 3410 2946 239 3408
f 3409 3410 3408 282
f 938 3411 3413 3401
f 3411 940 3412 3413
f 3413 3412 892 2948
f 3401 3413 2948 889
f 282 3408 3416 3415
f 3408 239 2957 3416
f 3416 2957 240 3414
f 3415 3416 3414 284
f 940 3417 3419 3412
f 3417 941 3418 3419
f 3419 3418 894 2959
f 3412 3419 2959 892
f 284 3414 3422 3421
f 3414 240 2968 3422
f 3422 2968 241 3420
f 3421 3422 3420 285
f 941 3423 3425 3418
f 3423 916 3424 3425
f 3425 3424 896 2970
f 3418 3425 2970 894
f 285 3420 3428 3427
f 3420 241 2979 3428
f 3428 2979 242 3426
f 3427 3428 3426 286
f 852 2757 3431 3430
f 2757 854 3366 3431
f 3431 3366 933 3429
f 3430 3431 3429 942
f 323 3432 3434 2759
f 3432 291 3433 3434
f 3434 3433 292 3368
f 2759 3434 3368 324
f 917 3435 3438 3437
f 3435 943 3436 3438
f 3438 3436 897 2989
f 3437 3438 2989 898
f 287 3439 3442 3441
f 3439 243 2995 3442
f 3442 2995 244 3440
f 3441 3442 3440 289
f 943 3443 3445 3436
f 3443 944 3444 3445
f 3445 3444 899 2997
f 3436 3445 2997 897
f 289 3440 3448 3447
f 3440 244 3001 3448
f 3448 3001 245 3446
f 3447 3448 3446 288
f 944 3449 3451 3444
f 3449 945 3450 3451
f 3451 3450 900 3003
f 3444 3451 3003 899
f 288 3446 3454 3453
f 3446 245 3007 3454
f 3454 3007 246 3452
f 3453 3454 3452 290
f 945 3455 3457 3450
f 3455 942 3456 3457
f 3457 3456 901 3009
f 3450 3457 3009 900
f 290 3452 3460 3459
f 3452 246 3013 3460
f 3460 3013 247 3458
f 3459 3460 3458 291
f 942 3429 3462 3456
f 3429 933 3461 3462
f 3462 3461 902 3015
f 3456 3462 3015 901
f 291 3458 3464 3433
f 3458 247 3019 3464
f 3464 3019 248 3463
f 3433 3464 3463 292
f 933 3365 3466 3461
f 3365 923 3465 3466
f 3466 3465 903 3021
f 3461 3466 3021 902
f 292 3463 3468 3369
f 3463 248 3025 3468
f 3468 3025 249 3467
f 3369 3468 3467 293
f 923 3297 3470 3465
f 3297 922 3469 3470
f 3470 3469 904 3027
f 3465 3470 3027 903
f 293 3467 3472 3301
f 3467 249 3031 3472
f 3472 3031 250 3471
f 3301 3472 3471 294
f 922 3291 3474 3469
f 3291 921 3473 3474
f 3474 3473 905 3033
f 3469 3474 3033 904
f 294 3471 3476 3295
f 3471 250 3037 3476
f 3476 3037 251 3475
f 3295 3476 3475 295
f 921 3285 3478 3473
f 3285 920 3477 3478
f 3478 3477 906 3039
f 3473 3478 3039 905
f 295 3475 3480 3289
f 3475 251 3043 3480
f 3480 3043 252 3479
f 3289 3480 3479 296
f 920 3279 3482 3477
f 3279 918 3481 3482
f 3482 3481 907 3045
f 3477 3482 3045 906
f 296 3479 3484 3283
f 3479 252 3049 3484
f 3484 3049 253 3483
f 3283 3484 3483 297
f 918 3268 3485 3481
f 3268 919 3305 3485
f 3485 3305 867 3051
f 3481 3485 3051 907
f 297 3483 3486 3272
f 3483 253 3053 3486
f 3486 3053 222 3307
f 3272 3486 3307 267
f 916 3258 3487 3424
f 3258 917 3437 3487
f 3487 3437 898 3162
f 3424 3487 3162 896
f 286 3426 3488 3262
f 3426 242 3164 3488
f 3488 3164 243 3439
f 3262 3488 3439 287
f 850 2749 3490 3489
f 2749 852 3430 3490
f 3490 3430 942 3455
f 3489 3490 3455 945
f 322 3491 3492 2751
f 3491 290 3459 3492
f 3492 3459 291 3432
f 2751 3492 3432 323
f 848 2741 3494 3493
f 2741 850 3489 3494
f 3494 3489 945 3449
f 3493 3494 3449 944
f 320 3495 3496 2743
f 3495 288 3453 3496
f 3496 3453 290 3491
f 2743 3496 3491 322
f 914 3247 3497 3360
f 3247 915 3373 3497
f 3497 3373 880 3275
f 3360 3497 3275 876
f 276 3362 3498 3251
f 3362 232 3277 3498
f 3498 3277 233 3375
f 3251 3498 3375 278
f 801 2539 3500 3267
f 2539 802 3499 3500
f 3500 3499 924 3303
f 3267 3500 3303 919
f 299 3273 3502 2543
f 3273 267 3309 3502
f 3502 3309 266 3501
f 2543 3502 3501 298
f 802 2549 3504 3499
f 2549 805 3503 3504
f 3504 3503 925 3311
f 3499 3504 3311 924
f 298 3501 3506 2551
f 3501 266 3315 3506
f 3506 3315 268 3505
f 2551 3506 3505 300
f 805 2557 3508 3503
f 2557 807 3507 3508
f 3508 3507 926 3317
f 3503 3508 3317 925
f 300 3505 3510 2559
f 3505 268 3321 3510
f 3510 3321 269 3509
f 2559 3510 3509 301
f 807 2565 3512 3507
f 2565 809 3511 3512
f 3512 3511 927 3323
f 3507 3512 3323 926
f 301 3509 3514 2567
f 3509 269 3327 3514
f 3514 3327 270 3513
f 2567 3514 3513 302
f 809 2573 3516 3511
f 2573 811 3515 3516
f 3516 3515 928 3329
f 3511 3516 3329 927
f 302 3513 3518 2575
f 3513 270 3333 3518
f 3518 3333 271 3517
f 2575 3518 3517 303
f 811 2581 3520 3515
f 2581 813 3519 3520
f 3520 3519 929 3335
f 3515 3520 3335 928
f 303 3517 3522 2583
f 3517 271 3339 3522
f 3522 3339 272 3521
f 2583 3522 3521 304
f 813 2589 3524 3519
f 2589 815 3523 3524
f 3524 3523 930 3341
f 3519 3524 3341 929
f 304 3521 3526 2591
f 3521 272 3345 3526
f 3526 3345 273 3525
f 2591 3526 3525 305
f 815 2597 3528 3523
f 2597 817 3527 3528
f 3528 3527 931 3347
f 3523 3528 3347 930
f 305 3525 3530 2599
f 3525 273 3351 3530
f 3530 3351 274 3529
f 2599 3530 3529 306
f 817 2605 3532 3527
f 2605 819 3531 3532
f 3532 3531 932 3353
f 3527 3532 3353 931
f 306 3529 3534 2607
f 3529 274 3357 3534
f 3534 3357 275 3533
f 2607 3534 3533 307
f 819 2613 3535 3531
f 2613 821 3248 3535
f 3535 3248 914 3359
f 3531 3535 3359 932
f 307 3533 3536 2615
f 3533 275 3363 3536
f 3536 3363 276 3250
f 2615 3536 3250 308
f 846 2733 3538 3537
f 2733 848 3493 3538
f 3538 3493 944 3443
f 3537 3538 3443 943
f 321 3539 3540 2735
f 3539 289 3447 3540
f 3540 3447 288 3495
f 2735 3540 3495 320
f 824 2631 3542 3246
f 2631 825 3541 3542
f 3542 3541 934 3371
f 3246 3542 3371 915
f 310 3252 3544 2635
f 3252 278 3377 3544
f 3544 3377 277 3543
f 2635 3544 3543 309
f 825 2641 3546 3541
f 2641 828 3545 3546
f 3546 3545 935 3379
f 3541 3546 3379 934
f 309 3543 3548 2643
f 3543 277 3383 3548
f 3548 3383 279 3547
f 2643 3548 3547 311
f 828 2649 3550 3545
f 2649 830 3549 3550
f 3550 3549 936 3385
f 3545 3550 3385 935
f 311 3547 3552 2651
f 3547 279 3389 3552
f 3552 3389 280 3551
f 2651 3552 3551 312
f 830 2657 3554 3549
f 2657 832 3553 3554
f 3554 3553 937 3391
f 3549 3554 3391 936
g Group18001
f 313 3555 3557 2660
f 3555 281 3396 3557
f 3557 3396 1243 3556
f 2660 3557 3556 1221
g Group17998
f 312 3551 3558 2664
f 3551 280 3398 3558
f 3558 3398 281 3555
f 2664 3558 3555 313
f 834 2669 3561 3560
f 2669 835 3559 3561
f 3561 3559 938 3400
f 3560 3561 3400 939
g Group18001
f 283 3562 3564 3405
f 3562 315 2675 3564
f 3564 2675 1224 3563
f 3405 3564 3563 1244
g Group17998
f 315 3562 3566 2677
f 3562 283 3409 3566
f 3566 3409 282 3565
f 2677 3566 3565 314
f 835 2683 3568 3559
f 2683 838 3567 3568
f 3568 3567 940 3411
f 3559 3568 3411 938
f 314 3565 3570 2685
f 3565 282 3415 3570
f 3570 3415 284 3569
f 2685 3570 3569 316
f 838 2691 3572 3567
f 2691 840 3571 3572
f 3572 3571 941 3417
f 3567 3572 3417 940
f 316 3569 3574 2693
f 3569 284 3421 3574
f 3574 3421 285 3573
f 2693 3574 3573 317
f 840 2699 3575 3571
f 2699 842 3259 3575
f 3575 3259 916 3423
f 3571 3575 3423 941
f 317 3573 3576 2701
f 3573 285 3427 3576
f 3576 3427 286 3261
f 2701 3576 3261 318
f 845 2723 3577 3257
f 2723 846 3537 3577
f 3577 3537 943 3435
f 3257 3577 3435 917
f 319 3263 3578 2727
f 3263 287 3441 3578
f 3578 3441 289 3539
f 2727 3578 3539 321
f 948 3579 3582 3581
f 3579 947 3580 3582
f 3581 3582 3580 946
f 395 3583 3586 3585
f 3583 394 3584 3586
f 3585 3586 3584 65
f 947 3587 3590 3580
f 3587 950 3588 3590
f 3590 3588 949 3589
f 3580 3590 3589 946
f 394 3583 3594 3593
f 3583 395 3591 3594
f 3594 3591 397 3592
f 3593 3594 3592 396
f 950 3595 3598 3588
f 3595 952 3596 3598
f 3598 3596 951 3597
f 3588 3598 3597 949
f 396 3592 3602 3601
f 3592 397 3599 3602
f 3602 3599 399 3600
f 3601 3602 3600 398
f 952 3603 3606 3596
f 3603 954 3604 3606
f 3606 3604 953 3605
f 3596 3606 3605 951
f 398 3600 3610 3609
f 3600 399 3607 3610
f 3610 3607 401 3608
f 3609 3610 3608 400
f 954 3611 3614 3604
f 3611 956 3612 3614
f 3614 3612 955 3613
f 3604 3614 3613 953
f 400 3608 3618 3617
f 3608 401 3615 3618
f 3618 3615 403 3616
f 3617 3618 3616 402
f 956 3619 3621 3612
f 3619 555 1522 3621
f 3621 1522 630 3620
f 3612 3621 3620 955
f 402 3616 3624 3623
f 3616 403 3622 3624
f 3624 3622 63 1524
f 3623 3624 1524 2
f 948 3581 3627 3626
f 3581 946 3625 3627
f 3626 3627 3625 957
f 404 3628 3630 3629
f 3628 395 3585 3630
f 3629 3630 3585 65
f 946 3589 3633 3625
f 3589 949 3631 3633
f 3633 3631 958 3632
f 3625 3633 3632 957
f 395 3628 3636 3591
f 3628 404 3634 3636
f 3636 3634 405 3635
f 3591 3636 3635 397
f 949 3597 3639 3631
f 3597 951 3637 3639
f 3639 3637 959 3638
f 3631 3639 3638 958
f 397 3635 3642 3599
f 3635 405 3640 3642
f 3642 3640 406 3641
f 3599 3642 3641 399
f 951 3605 3645 3637
f 3605 953 3643 3645
f 3645 3643 960 3644
f 3637 3645 3644 959
f 399 3641 3648 3607
f 3641 406 3646 3648
f 3648 3646 407 3647
f 3607 3648 3647 401
f 953 3613 3651 3643
f 3613 955 3649 3651
f 3651 3649 961 3650
f 3643 3651 3650 960
f 401 3647 3654 3615
f 3647 407 3652 3654
f 3654 3652 408 3653
f 3615 3654 3653 403
f 955 3620 3656 3649
f 3620 630 1514 3656
f 3656 1514 628 3655
f 3649 3656 3655 961
f 403 3653 3658 3622
f 3653 408 3657 3658
f 3658 3657 61 1518
f 3622 3658 1518 63
f 948 3626 3661 3660
f 3626 957 3659 3661
f 3660 3661 3659 962
f 409 3662 3664 3663
f 3662 404 3629 3664
f 3663 3664 3629 65
f 957 3632 3667 3659
f 3632 958 3665 3667
f 3667 3665 963 3666
f 3659 3667 3666 962
f 404 3662 3670 3634
f 3662 409 3668 3670
f 3670 3668 410 3669
f 3634 3670 3669 405
f 958 3638 3673 3665
f 3638 959 3671 3673
f 3673 3671 964 3672
f 3665 3673 3672 963
f 405 3669 3676 3640
f 3669 410 3674 3676
f 3676 3674 411 3675
f 3640 3676 3675 406
f 959 3644 3679 3671
f 3644 960 3677 3679
f 3679 3677 965 3678
f 3671 3679 3678 964
f 406 3675 3682 3646
f 3675 411 3680 3682
f 3682 3680 412 3681
f 3646 3682 3681 407
f 960 3650 3685 3677
f 3650 961 3683 3685
f 3685 3683 966 3684
f 3677 3685 3684 965
f 407 3681 3688 3652
f 3681 412 3686 3688
f 3688 3686 413 3687
f 3652 3688 3687 408
f 961 3655 3690 3683
f 3655 628 1506 3690
f 3690 1506 626 3689
f 3683 3690 3689 966
f 408 3687 3692 3657
f 3687 413 3691 3692
f 3692 3691 59 1510
f 3657 3692 1510 61
f 948 3660 3695 3694
f 3660 962 3693 3695
f 3694 3695 3693 967
f 414 3696 3698 3697
f 3696 409 3663 3698
f 3697 3698 3663 65
f 962 3666 3701 3693
f 3666 963 3699 3701
f 3701 3699 968 3700
f 3693 3701 3700 967
f 409 3696 3704 3668
f 3696 414 3702 3704
f 3704 3702 415 3703
f 3668 3704 3703 410
f 963 3672 3707 3699
f 3672 964 3705 3707
f 3707 3705 969 3706
f 3699 3707 3706 968
f 410 3703 3710 3674
f 3703 415 3708 3710
f 3710 3708 416 3709
f 3674 3710 3709 411
f 964 3678 3713 3705
f 3678 965 3711 3713
f 3713 3711 970 3712
f 3705 3713 3712 969
f 411 3709 3716 3680
f 3709 416 3714 3716
f 3716 3714 417 3715
f 3680 3716 3715 412
f 965 3684 3719 3711
f 3684 966 3717 3719
f 3719 3717 971 3718
f 3711 3719 3718 970
f 412 3715 3722 3686
f 3715 417 3720 3722
f 3722 3720 418 3721
f 3686 3722 3721 413
f 966 3689 3724 3717
f 3689 626 1498 3724
f 3724 1498 624 3723
f 3717 3724 3723 971
f 413 3721 3726 3691
f 3721 418 3725 3726
f 3726 3725 57 1502
f 3691 3726 1502 59
f 948 3694 3729 3728
f 3694 967 3727 3729
f 3728 3729 3727 972
f 419 3730 3732 3731
f 3730 414 3697 3732
f 3731 3732 3697 65
f 967 3700 3735 3727
f 3700 968 3733 3735
f 3735 3733 973 3734
f 3727 3735 3734 972
f 414 3730 3738 3702
f 3730 419 3736 3738
f 3738 3736 420 3737
f 3702 3738 3737 415
f 968 3706 3741 3733
f 3706 969 3739 3741
f 3741 3739 974 3740
f 3733 3741 3740 973
f 415 3737 3744 3708
f 3737 420 3742 3744
f 3744 3742 421 3743
f 3708 3744 3743 416
f 969 3712 3747 3739
f 3712 970 3745 3747
f 3747 3745 975 3746
f 3739 3747 3746 974
f 416 3743 3750 3714
f 3743 421 3748 3750
f 3750 3748 422 3749
f 3714 3750 3749 417
f 970 3718 3753 3745
f 3718 971 3751 3753
f 3753 3751 976 3752
f 3745 3753 3752 975
f 417 3749 3756 3720
f 3749 422 3754 3756
f 3756 3754 423 3755
f 3720 3756 3755 418
f 971 3723 3758 3751
f 3723 624 1490 3758
f 3758 1490 622 3757
f 3751 3758 3757 976
f 418 3755 3760 3725
f 3755 423 3759 3760
f 3760 3759 55 1494
f 3725 3760 1494 57
f 948 3728 3763 3762
f 3728 972 3761 3763
f 3762 3763 3761 977
f 424 3764 3766 3765
f 3764 419 3731 3766
f 3765 3766 3731 65
f 972 3734 3769 3761
f 3734 973 3767 3769
f 3769 3767 978 3768
f 3761 3769 3768 977
f 419 3764 3772 3736
f 3764 424 3770 3772
f 3772 3770 425 3771
f 3736 3772 3771 420
f 973 3740 3775 3767
f 3740 974 3773 3775
f 3775 3773 979 3774
f 3767 3775 3774 978
f 420 3771 3778 3742
f 3771 425 3776 3778
f 3778 3776 426 3777
f 3742 3778 3777 421
f 974 3746 3781 3773
f 3746 975 3779 3781
f 3781 3779 980 3780
f 3773 3781 3780 979
f 421 3777 3784 3748
f 3777 426 3782 3784
f 3784 3782 427 3783
f 3748 3784 3783 422
f 975 3752 3787 3779
f 3752 976 3785 3787
f 3787 3785 981 3786
f 3779 3787 3786 980
f 422 3783 3790 3754
f 3783 427 3788 3790
f 3790 3788 428 3789
f 3754 3790 3789 423
f 976 3757 3792 3785
f 3757 622 1482 3792
f 3792 1482 620 3791
f 3785 3792 3791 981
f 423 3789 3794 3759
f 3789 428 3793 3794
f 3794 3793 53 1486
f 3759 3794 1486 55
f 948 3762 3797 3796
f 3762 977 3795 3797
f 3796 3797 3795 982
f 429 3798 3800 3799
f 3798 424 3765 3800
f 3799 3800 3765 65
f 977 3768 3803 3795
f 3768 978 3801 3803
f 3803 3801 983 3802
f 3795 3803 3802 982
f 424 3798 3806 3770
f 3798 429 3804 3806
f 3806 3804 430 3805
f 3770 3806 3805 425
f 978 3774 3809 3801
f 3774 979 3807 3809
f 3809 3807 984 3808
f 3801 3809 3808 983
f 425 3805 3812 3776
f 3805 430 3810 3812
f 3812 3810 431 3811
f 3776 3812 3811 426
f 979 3780 3815 3807
f 3780 980 3813 3815
f 3815 3813 985 3814
f 3807 3815 3814 984
f 426 3811 3818 3782
f 3811 431 3816 3818
f 3818 3816 432 3817
f 3782 3818 3817 427
f 980 3786 3821 3813
f 3786 981 3819 3821
f 3821 3819 986 3820
f 3813 3821 3820 985
f 427 3817 3824 3788
f 3817 432 3822 3824
f 3824 3822 433 3823
f 3788 3824 3823 428
f 981 3791 3826 3819
f 3791 620 1474 3826
f 3826 1474 618 3825
f 3819 3826 3825 986
f 428 3823 3828 3793
f 3823 433 3827 3828
f 3828 3827 51 1478
f 3793 3828 1478 53
f 948 3796 3831 3830
f 3796 982 3829 3831
f 3830 3831 3829 987
f 434 3832 3834 3833
f 3832 429 3799 3834
f 3833 3834 3799 65
f 982 3802 3837 3829
f 3802 983 3835 3837
f 3837 3835 988 3836
f 3829 3837 3836 987
f 429 3832 3840 3804
f 3832 434 3838 3840
f 3840 3838 435 3839
f 3804 3840 3839 430
f 983 3808 3843 3835
f 3808 984 3841 3843
f 3843 3841 989 3842
f 3835 3843 3842 988
f 430 3839 3846 3810
f 3839 435 3844 3846
f 3846 3844 436 3845
f 3810 3846 3845 431
f 984 3814 3849 3841
f 3814 985 3847 3849
f 3849 3847 990 3848
f 3841 3849 3848 989
f 431 3845 3852 3816
f 3845 436 3850 3852
f 3852 3850 437 3851
f 3816 3852 3851 432
f 985 3820 3855 3847
f 3820 986 3853 3855
f 3855 3853 991 3854
f 3847 3855 3854 990
f 432 3851 3858 3822
f 3851 437 3856 3858
f 3858 3856 438 3857
f 3822 3858 3857 433
f 986 3825 3860 3853
f 3825 618 1466 3860
f 3860 1466 616 3859
f 3853 3860 3859 991
f 433 3857 3862 3827
f 3857 438 3861 3862
f 3862 3861 49 1470
f 3827 3862 1470 51
f 948 3830 3865 3864
f 3830 987 3863 3865
f 3864 3865 3863 992
f 439 3866 3868 3867
f 3866 434 3833 3868
f 3867 3868 3833 65
f 987 3836 3871 3863
f 3836 988 3869 3871
f 3871 3869 993 3870
f 3863 3871 3870 992
f 434 3866 3874 3838
f 3866 439 3872 3874
f 3874 3872 440 3873
f 3838 3874 3873 435
f 988 3842 3877 3869
f 3842 989 3875 3877
f 3877 3875 994 3876
f 3869 3877 3876 993
f 435 3873 3880 3844
f 3873 440 3878 3880
f 3880 3878 441 3879
f 3844 3880 3879 436
f 989 3848 3883 3875
f 3848 990 3881 3883
f 3883 3881 995 3882
f 3875 3883 3882 994
f 436 3879 3886 3850
f 3879 441 3884 3886
f 3886 3884 442 3885
f 3850 3886 3885 437
f 990 3854 3889 3881
f 3854 991 3887 3889
f 3889 3887 996 3888
f 3881 3889 3888 995
f 437 3885 3892 3856
f 3885 442 3890 3892
f 3892 3890 443 3891
f 3856 3892 3891 438
f 991 3859 3894 3887
f 3859 616 1458 3894
f 3894 1458 612 3893
f 3887 3894 3893 996
f 438 3891 3896 3861
f 3891 443 3895 3896
f 3896 3895 47 1462
f 3861 3896 1462 49
f 948 3864 3899 3898
f 3864 992 3897 3899
f 3898 3899 3897 997
f 444 3900 3902 3901
f 3900 439 3867 3902
f 3901 3902 3867 65
f 992 3870 3905 3897
f 3870 993 3903 3905
f 3905 3903 998 3904
f 3897 3905 3904 997
f 439 3900 3908 3872
f 3900 444 3906 3908
f 3908 3906 445 3907
f 3872 3908 3907 440
f 993 3876 3911 3903
f 3876 994 3909 3911
f 3911 3909 999 3910
f 3903 3911 3910 998
f 440 3907 3914 3878
f 3907 445 3912 3914
f 3914 3912 446 3913
f 3878 3914 3913 441
f 994 3882 3917 3909
f 3882 995 3915 3917
f 3917 3915 1000 3916
f 3909 3917 3916 999
f 441 3913 3920 3884
f 3913 446 3918 3920
f 3920 3918 447 3919
f 3884 3920 3919 442
f 995 3888 3923 3915
f 3888 996 3921 3923
f 3923 3921 1001 3922
f 3915 3923 3922 1000
f 442 3919 3926 3890
f 3919 447 3924 3926
f 3926 3924 448 3925
f 3890 3926 3925 443
f 996 3893 3928 3921
f 3893 612 1449 3928
f 3928 1449 613 3927
f 3921 3928 3927 1001
f 443 3925 3930 3895
f 3925 448 3929 3930
f 3930 3929 45 1453
f 3895 3930 1453 47
f 948 3931 3934 3933
f 3931 1003 3932 3934
f 3933 3934 3932 1002
f 450 3935 3938 3937
f 3935 449 3936 3938
f 3937 3938 3936 65
f 1003 3939 3942 3932
f 3939 1005 3940 3942
f 3942 3940 1004 3941
f 3932 3942 3941 1002
f 449 3935 3946 3945
f 3935 450 3943 3946
f 3946 3943 452 3944
f 3945 3946 3944 451
f 1005 3947 3950 3940
f 3947 1007 3948 3950
f 3950 3948 1006 3949
f 3940 3950 3949 1004
f 451 3944 3954 3953
f 3944 452 3951 3954
f 3954 3951 454 3952
f 3953 3954 3952 453
f 1007 3955 3958 3948
f 3955 1009 3956 3958
f 3958 3956 1008 3957
f 3948 3958 3957 1006
f 453 3952 3962 3961
f 3952 454 3959 3962
f 3962 3959 456 3960
f 3961 3962 3960 455
f 1009 3963 3966 3956
f 3963 1011 3964 3966
f 3966 3964 1010 3965
f 3956 3966 3965 1008
f 455 3960 3970 3969
f 3960 456 3967 3970
f 3970 3967 458 3968
f 3969 3970 3968 457
f 1011 3971 3973 3964
f 3971 602 1414 3973
f 3973 1414 600 3972
f 3964 3973 3972 1010
f 457 3968 3976 3975
f 3968 458 3974 3976
f 3976 3974 39 1418
f 3975 3976 1418 41
f 948 3933 3979 3978
f 3933 1002 3977 3979
f 3978 3979 3977 1012
f 459 3980 3982 3981
f 3980 450 3937 3982
f 3981 3982 3937 65
f 1002 3941 3985 3977
f 3941 1004 3983 3985
f 3985 3983 1013 3984
f 3977 3985 3984 1012
f 450 3980 3988 3943
f 3980 459 3986 3988
f 3988 3986 460 3987
f 3943 3988 3987 452
f 1004 3949 3991 3983
f 3949 1006 3989 3991
f 3991 3989 1014 3990
f 3983 3991 3990 1013
f 452 3987 3994 3951
f 3987 460 3992 3994
f 3994 3992 461 3993
f 3951 3994 3993 454
f 1006 3957 3997 3989
f 3957 1008 3995 3997
f 3997 3995 1015 3996
f 3989 3997 3996 1014
f 454 3993 4000 3959
f 3993 461 3998 4000
f 4000 3998 462 3999
f 3959 4000 3999 456
f 1008 3965 4003 3995
f 3965 1010 4001 4003
f 4003 4001 1016 4002
f 3995 4003 4002 1015
f 456 3999 4006 3967
f 3999 462 4004 4006
f 4006 4004 463 4005
f 3967 4006 4005 458
f 1010 3972 4008 4001
f 3972 600 1406 4008
f 4008 1406 598 4007
f 4001 4008 4007 1016
f 458 4005 4010 3974
f 4005 463 4009 4010
f 4010 4009 37 1410
f 3974 4010 1410 39
f 948 3978 4013 4012
f 3978 1012 4011 4013
f 4012 4013 4011 1017
f 464 4014 4016 4015
f 4014 459 3981 4016
f 4015 4016 3981 65
f 1012 3984 4019 4011
f 3984 1013 4017 4019
f 4019 4017 1018 4018
f 4011 4019 4018 1017
f 459 4014 4022 3986
f 4014 464 4020 4022
f 4022 4020 465 4021
f 3986 4022 4021 460
f 1013 3990 4025 4017
f 3990 1014 4023 4025
f 4025 4023 1019 4024
f 4017 4025 4024 1018
f 460 4021 4028 3992
f 4021 465 4026 4028
f 4028 4026 466 4027
f 3992 4028 4027 461
f 1014 3996 4031 4023
f 3996 1015 4029 4031
f 4031 4029 1020 4030
f 4023 4031 4030 1019
f 461 4027 4034 3998
f 4027 466 4032 4034
f 4034 4032 467 4033
f 3998 4034 4033 462
f 1015 4002 4037 4029
f 4002 1016 4035 4037
f 4037 4035 1021 4036
f 4029 4037 4036 1020
f 462 4033 4040 4004
f 4033 467 4038 4040
f 4040 4038 468 4039
f 4004 4040 4039 463
f 1016 4007 4042 4035
f 4007 598 1398 4042
f 4042 1398 596 4041
f 4035 4042 4041 1021
f 463 4039 4044 4009
f 4039 468 4043 4044
f 4044 4043 35 1402
f 4009 4044 1402 37
f 948 4012 4047 4046
f 4012 1017 4045 4047
f 4046 4047 4045 1022
f 469 4048 4050 4049
f 4048 464 4015 4050
f 4049 4050 4015 65
f 1017 4018 4053 4045
f 4018 1018 4051 4053
f 4053 4051 1023 4052
f 4045 4053 4052 1022
f 464 4048 4056 4020
f 4048 469 4054 4056
f 4056 4054 470 4055
f 4020 4056 4055 465
f 1018 4024 4059 4051
f 4024 1019 4057 4059
f 4059 4057 1024 4058
f 4051 4059 4058 1023
f 465 4055 4062 4026
f 4055 470 4060 4062
f 4062 4060 471 4061
f 4026 4062 4061 466
f 1019 4030 4065 4057
f 4030 1020 4063 4065
f 4065 4063 1025 4064
f 4057 4065 4064 1024
f 466 4061 4068 4032
f 4061 471 4066 4068
f 4068 4066 472 4067
f 4032 4068 4067 467
f 1020 4036 4071 4063
f 4036 1021 4069 4071
f 4071 4069 1026 4070
f 4063 4071 4070 1025
f 467 4067 4074 4038
f 4067 472 4072 4074
f 4074 4072 473 4073
f 4038 4074 4073 468
f 1021 4041 4076 4069
f 4041 596 1390 4076
f 4076 1390 594 4075
f 4069 4076 4075 1026
f 468 4073 4078 4043
f 4073 473 4077 4078
f 4078 4077 33 1394
f 4043 4078 1394 35
f 948 4046 4081 4080
f 4046 1022 4079 4081
f 4080 4081 4079 1027
f 474 4082 4084 4083
f 4082 469 4049 4084
f 4083 4084 4049 65
f 1022 4052 4087 4079
f 4052 1023 4085 4087
f 4087 4085 1028 4086
f 4079 4087 4086 1027
f 469 4082 4090 4054
f 4082 474 4088 4090
f 4090 4088 475 4089
f 4054 4090 4089 470
f 1023 4058 4093 4085
f 4058 1024 4091 4093
f 4093 4091 1029 4092
f 4085 4093 4092 1028
f 470 4089 4096 4060
f 4089 475 4094 4096
f 4096 4094 476 4095
f 4060 4096 4095 471
f 1024 4064 4099 4091
f 4064 1025 4097 4099
f 4099 4097 1030 4098
f 4091 4099 4098 1029
f 471 4095 4102 4066
f 4095 476 4100 4102
f 4102 4100 477 4101
f 4066 4102 4101 472
f 1025 4070 4105 4097
f 4070 1026 4103 4105
f 4105 4103 1031 4104
f 4097 4105 4104 1030
f 472 4101 4108 4072
f 4101 477 4106 4108
f 4108 4106 478 4107
f 4072 4108 4107 473
f 1026 4075 4110 4103
f 4075 594 1382 4110
f 4110 1382 592 4109
f 4103 4110 4109 1031
f 473 4107 4112 4077
f 4107 478 4111 4112
f 4112 4111 31 1386
f 4077 4112 1386 33
f 948 4080 4115 4114
f 4080 1027 4113 4115
f 4114 4115 4113 1032
f 479 4116 4118 4117
f 4116 474 4083 4118
f 4117 4118 4083 65
f 1027 4086 4121 4113
f 4086 1028 4119 4121
f 4121 4119 1033 4120
f 4113 4121 4120 1032
f 474 4116 4124 4088
f 4116 479 4122 4124
f 4124 4122 480 4123
f 4088 4124 4123 475
f 1028 4092 4127 4119
f 4092 1029 4125 4127
f 4127 4125 1034 4126
f 4119 4127 4126 1033
f 475 4123 4130 4094
f 4123 480 4128 4130
f 4130 4128 481 4129
f 4094 4130 4129 476
f 1029 4098 4133 4125
f 4098 1030 4131 4133
f 4133 4131 1035 4132
f 4125 4133 4132 1034
f 476 4129 4136 4100
f 4129 481 4134 4136
f 4136 4134 482 4135
f 4100 4136 4135 477
f 1030 4104 4139 4131
f 4104 1031 4137 4139
f 4139 4137 1036 4138
f 4131 4139 4138 1035
f 477 4135 4142 4106
f 4135 482 4140 4142
f 4142 4140 483 4141
f 4106 4142 4141 478
f 1031 4109 4144 4137
f 4109 592 1374 4144
f 4144 1374 590 4143
f 4137 4144 4143 1036
f 478 4141 4146 4111
f 4141 483 4145 4146
f 4146 4145 29 1378
f 4111 4146 1378 31
f 948 4114 4149 4148
f 4114 1032 4147 4149
f 4148 4149 4147 1037
f 484 4150 4152 4151
f 4150 479 4117 4152
f 4151 4152 4117 65
f 1032 4120 4155 4147
f 4120 1033 4153 4155
f 4155 4153 1038 4154
f 4147 4155 4154 1037
f 479 4150 4158 4122
f 4150 484 4156 4158
f 4158 4156 485 4157
f 4122 4158 4157 480
f 1033 4126 4161 4153
f 4126 1034 4159 4161
f 4161 4159 1039 4160
f 4153 4161 4160 1038
f 480 4157 4164 4128
f 4157 485 4162 4164
f 4164 4162 486 4163
f 4128 4164 4163 481
f 1034 4132 4167 4159
f 4132 1035 4165 4167
f 4167 4165 1040 4166
f 4159 4167 4166 1039
f 481 4163 4170 4134
f 4163 486 4168 4170
f 4170 4168 487 4169
f 4134 4170 4169 482
f 1035 4138 4173 4165
f 4138 1036 4171 4173
f 4173 4171 1041 4172
f 4165 4173 4172 1040
f 482 4169 4176 4140
f 4169 487 4174 4176
f 4176 4174 488 4175
f 4140 4176 4175 483
f 1036 4143 4178 4171
f 4143 590 1366 4178
f 4178 1366 588 4177
f 4171 4178 4177 1041
f 483 4175 4180 4145
f 4175 488 4179 4180
f 4180 4179 27 1370
f 4145 4180 1370 29
f 948 4148 4183 4182
f 4148 1037 4181 4183
f 4182 4183 4181 1042
f 489 4184 4186 4185
f 4184 484 4151 4186
f 4185 4186 4151 65
f 1037 4154 4189 4181
f 4154 1038 4187 4189
f 4189 4187 1043 4188
f 4181 4189 4188 1042
f 484 4184 4192 4156
f 4184 489 4190 4192
f 4192 4190 490 4191
f 4156 4192 4191 485
f 1038 4160 4195 4187
f 4160 1039 4193 4195
f 4195 4193 1044 4194
f 4187 4195 4194 1043
f 485 4191 4198 4162
f 4191 490 4196 4198
f 4198 4196 491 4197
f 4162 4198 4197 486
f 1039 4166 4201 4193
f 4166 1040 4199 4201
f 4201 4199 1045 4200
f 4193 4201 4200 1044
f 486 4197 4204 4168
f 4197 491 4202 4204
f 4204 4202 492 4203
f 4168 4204 4203 487
f 1040 4172 4207 4199
f 4172 1041 4205 4207
f 4207 4205 1046 4206
f 4199 4207 4206 1045
f 487 4203 4210 4174
f 4203 492 4208 4210
f 4210 4208 493 4209
f 4174 4210 4209 488
f 1041 4177 4212 4205
f 4177 588 1358 4212
f 4212 1358 586 4211
f 4205 4212 4211 1046
f 488 4209 4214 4179
f 4209 493 4213 4214
f 4214 4213 25 1362
f 4179 4214 1362 27
f 948 4182 4217 4216
f 4182 1042 4215 4217
f 4216 4217 4215 1047
f 494 4218 4220 4219
f 4218 489 4185 4220
f 4219 4220 4185 65
f 1042 4188 4223 4215
f 4188 1043 4221 4223
f 4223 4221 1048 4222
f 4215 4223 4222 1047
f 489 4218 4226 4190
f 4218 494 4224 4226
f 4226 4224 495 4225
f 4190 4226 4225 490
f 1043 4194 4229 4221
f 4194 1044 4227 4229
f 4229 4227 1049 4228
f 4221 4229 4228 1048
f 490 4225 4232 4196
f 4225 495 4230 4232
f 4232 4230 496 4231
f 4196 4232 4231 491
f 1044 4200 4235 4227
f 4200 1045 4233 4235
f 4235 4233 1050 4234
f 4227 4235 4234 1049
f 491 4231 4238 4202
f 4231 496 4236 4238
f 4238 4236 497 4237
f 4202 4238 4237 492
f 1045 4206 4241 4233
f 4206 1046 4239 4241
f 4241 4239 1051 4240
f 4233 4241 4240 1050
f 492 4237 4244 4208
f 4237 497 4242 4244
f 4244 4242 498 4243
f 4208 4244 4243 493
f 1046 4211 4246 4239
f 4211 586 1350 4246
f 4246 1350 582 4245
f 4239 4246 4245 1051
f 493 4243 4248 4213
f 4243 498 4247 4248
f 4248 4247 23 1354
f 4213 4248 1354 25
f 948 4216 4251 4250
f 4216 1047 4249 4251
f 4250 4251 4249 1052
f 499 4252 4254 4253
f 4252 494 4219 4254
f 4253 4254 4219 65
f 1047 4222 4257 4249
f 4222 1048 4255 4257
f 4257 4255 1053 4256
f 4249 4257 4256 1052
f 494 4252 4260 4224
f 4252 499 4258 4260
f 4260 4258 500 4259
f 4224 4260 4259 495
f 1048 4228 4263 4255
f 4228 1049 4261 4263
f 4263 4261 1054 4262
f 4255 4263 4262 1053
f 495 4259 4266 4230
f 4259 500 4264 4266
f 4266 4264 501 4265
f 4230 4266 4265 496
f 1049 4234 4269 4261
f 4234 1050 4267 4269
f 4269 4267 1055 4268
f 4261 4269 4268 1054
f 496 4265 4272 4236
f 4265 501 4270 4272
f 4272 4270 502 4271
f 4236 4272 4271 497
f 1050 4240 4275 4267
f 4240 1051 4273 4275
f 4275 4273 1056 4274
f 4267 4275 4274 1055
f 497 4271 4278 4242
f 4271 502 4276 4278
f 4278 4276 503 4277
f 4242 4278 4277 498
f 1051 4245 4280 4273
f 4245 582 1341 4280
f 4280 1341 583 4279
f 4273 4280 4279 1056
f 498 4277 4282 4247
f 4277 503 4281 4282
f 4282 4281 21 1345
f 4247 4282 1345 23
f 948 4250 4285 4284
f 4250 1052 4283 4285
f 4284 4285 4283 1057
f 504 4286 4288 4287
f 4286 499 4253 4288
f 4287 4288 4253 65
f 1052 4256 4291 4283
f 4256 1053 4289 4291
f 4291 4289 1058 4290
f 4283 4291 4290 1057
f 499 4286 4294 4258
f 4286 504 4292 4294
f 4294 4292 505 4293
f 4258 4294 4293 500
f 1053 4262 4297 4289
f 4262 1054 4295 4297
f 4297 4295 1059 4296
f 4289 4297 4296 1058
f 500 4293 4300 4264
f 4293 505 4298 4300
f 4300 4298 506 4299
f 4264 4300 4299 501
f 1054 4268 4303 4295
f 4268 1055 4301 4303
f 4303 4301 1060 4302
f 4295 4303 4302 1059
f 501 4299 4306 4270
f 4299 506 4304 4306
f 4306 4304 507 4305
f 4270 4306 4305 502
f 1055 4274 4309 4301
f 4274 1056 4307 4309
f 4309 4307 1061 4308
f 4301 4309 4308 1060
f 502 4305 4312 4276
f 4305 507 4310 4312
f 4312 4310 508 4311
f 4276 4312 4311 503
f 1056 4279 4314 4307
f 4279 583 3172 4314
f 4314 3172 572 4313
f 4307 4314 4313 1061
f 503 4311 4316 4281
f 4311 508 4315 4316
f 4316 4315 19 3174
f 4281 4316 3174 21
f 948 4284 4319 4318
f 4284 1057 4317 4319
f 4318 4319 4317 1062
f 509 4320 4322 4321
f 4320 504 4287 4322
f 4321 4322 4287 65
f 1057 4290 4325 4317
f 4290 1058 4323 4325
f 4325 4323 1063 4324
f 4317 4325 4324 1062
f 504 4320 4328 4292
f 4320 509 4326 4328
f 4328 4326 510 4327
f 4292 4328 4327 505
f 1058 4296 4331 4323
f 4296 1059 4329 4331
f 4331 4329 1064 4330
f 4323 4331 4330 1063
f 505 4327 4334 4298
f 4327 510 4332 4334
f 4334 4332 511 4333
f 4298 4334 4333 506
f 1059 4302 4337 4329
f 4302 1060 4335 4337
f 4337 4335 1065 4336
f 4329 4337 4336 1064
f 506 4333 4340 4304
f 4333 511 4338 4340
f 4340 4338 512 4339
f 4304 4340 4339 507
f 1060 4308 4343 4335
f 4308 1061 4341 4343
f 4343 4341 1066 4342
f 4335 4343 4342 1065
f 507 4339 4346 4310
f 4339 512 4344 4346
f 4346 4344 513 4345
f 4310 4346 4345 508
f 1061 4313 4348 4341
f 4313 572 1312 4348
f 4348 1312 570 4347
f 4341 4348 4347 1066
f 508 4345 4350 4315
f 4345 513 4349 4350
f 4350 4349 17 1316
f 4315 4350 1316 19
f 948 4318 4353 4352
f 4318 1062 4351 4353
f 4352 4353 4351 1067
f 514 4354 4356 4355
f 4354 509 4321 4356
f 4355 4356 4321 65
f 1062 4324 4359 4351
f 4324 1063 4357 4359
f 4359 4357 1068 4358
f 4351 4359 4358 1067
f 509 4354 4362 4326
f 4354 514 4360 4362
f 4362 4360 515 4361
f 4326 4362 4361 510
f 1063 4330 4365 4357
f 4330 1064 4363 4365
f 4365 4363 1069 4364
f 4357 4365 4364 1068
f 510 4361 4368 4332
f 4361 515 4366 4368
f 4368 4366 516 4367
f 4332 4368 4367 511
f 1064 4336 4371 4363
f 4336 1065 4369 4371
f 4371 4369 1070 4370
f 4363 4371 4370 1069
f 511 4367 4374 4338
f 4367 516 4372 4374
f 4374 4372 517 4373
f 4338 4374 4373 512
f 1065 4342 4377 4369
f 4342 1066 4375 4377
f 4377 4375 1071 4376
f 4369 4377 4376 1070
f 512 4373 4380 4344
f 4373 517 4378 4380
f 4380 4378 518 4379
f 4344 4380 4379 513
f 1066 4347 4382 4375
f 4347 570 1304 4382
f 4382 1304 568 4381
f 4375 4382 4381 1071
f 513 4379 4384 4349
f 4379 518 4383 4384
f 4384 4383 15 1308
f 4349 4384 1308 17
f 948 4352 4387 4386
f 4352 1067 4385 4387
f 4386 4387 4385 1072
f 519 4388 4390 4389
f 4388 514 4355 4390
f 4389 4390 4355 65
f 1067 4358 4393 4385
f 4358 1068 4391 4393
f 4393 4391 1073 4392
f 4385 4393 4392 1072
f 514 4388 4396 4360
f 4388 519 4394 4396
f 4396 4394 520 4395
f 4360 4396 4395 515
f 1068 4364 4399 4391
f 4364 1069 4397 4399
f 4399 4397 1074 4398
f 4391 4399 4398 1073
f 515 4395 4402 4366
f 4395 520 4400 4402
f 4402 4400 521 4401
f 4366 4402 4401 516
f 1069 4370 4405 4397
f 4370 1070 4403 4405
f 4405 4403 1075 4404
f 4397 4405 4404 1074
f 516 4401 4408 4372
f 4401 521 4406 4408
f 4408 4406 522 4407
f 4372 4408 4407 517
f 1070 4376 4411 4403
f 4376 1071 4409 4411
f 4411 4409 1076 4410
f 4403 4411 4410 1075
f 517 4407 4414 4378
f 4407 522 4412 4414
f 4414 4412 523 4413
f 4378 4414 4413 518
f 1071 4381 4416 4409
f 4381 568 1296 4416
f 4416 1296 566 4415
f 4409 4416 4415 1076
f 518 4413 4418 4383
f 4413 523 4417 4418
f 4418 4417 13 1300
f 4383 4418 1300 15
f 948 4386 4421 4420
f 4386 1072 4419 4421
f 4420 4421 4419 1077
f 524 4422 4424 4423
f 4422 519 4389 4424
f 4423 4424 4389 65
f 1072 4392 4427 4419
f 4392 1073 4425 4427
f 4427 4425 1078 4426
f 4419 4427 4426 1077
f 519 4422 4430 4394
f 4422 524 4428 4430
f 4430 4428 525 4429
f 4394 4430 4429 520
f 1073 4398 4433 4425
f 4398 1074 4431 4433
f 4433 4431 1079 4432
f 4425 4433 4432 1078
f 520 4429 4436 4400
f 4429 525 4434 4436
f 4436 4434 526 4435
f 4400 4436 4435 521
f 1074 4404 4439 4431
f 4404 1075 4437 4439
f 4439 4437 1080 4438
f 4431 4439 4438 1079
f 521 4435 4442 4406
f 4435 526 4440 4442
f 4442 4440 527 4441
f 4406 4442 4441 522
f 1075 4410 4445 4437
f 4410 1076 4443 4445
f 4445 4443 1081 4444
f 4437 4445 4444 1080
f 522 4441 4448 4412
f 4441 527 4446 4448
f 4448 4446 528 4447
f 4412 4448 4447 523
f 1076 4415 4450 4443
f 4415 566 1288 4450
f 4450 1288 564 4449
f 4443 4450 4449 1081
f 523 4447 4452 4417
f 4447 528 4451 4452
f 4452 4451 11 1292
f 4417 4452 1292 13
f 948 4420 4455 4454
f 4420 1077 4453 4455
f 4454 4455 4453 1082
f 529 4456 4458 4457
f 4456 524 4423 4458
f 4457 4458 4423 65
f 1077 4426 4461 4453
f 4426 1078 4459 4461
f 4461 4459 1083 4460
f 4453 4461 4460 1082
f 524 4456 4464 4428
f 4456 529 4462 4464
f 4464 4462 530 4463
f 4428 4464 4463 525
f 1078 4432 4467 4459
f 4432 1079 4465 4467
f 4467 4465 1084 4466
f 4459 4467 4466 1083
f 525 4463 4470 4434
f 4463 530 4468 4470
f 4470 4468 531 4469
f 4434 4470 4469 526
f 1079 4438 4473 4465
f 4438 1080 4471 4473
f 4473 4471 1085 4472
f 4465 4473 4472 1084
f 526 4469 4476 4440
f 4469 531 4474 4476
f 4476 4474 532 4475
f 4440 4476 4475 527
f 1080 4444 4479 4471
f 4444 1081 4477 4479
f 4479 4477 1086 4478
f 4471 4479 4478 1085
f 527 4475 4482 4446
f 4475 532 4480 4482
f 4482 4480 533 4481
f 4446 4482 4481 528
f 1081 4449 4484 4477
f 4449 564 1280 4484
f 4484 1280 562 4483
f 4477 4484 4483 1086
f 528 4481 4486 4451
f 4481 533 4485 4486
f 4486 4485 9 1284
f 4451 4486 1284 11
f 948 4454 4489 4488
f 4454 1082 4487 4489
f 4488 4489 4487 1087
f 534 4490 4492 4491
f 4490 529 4457 4492
f 4491 4492 4457 65
f 1082 4460 4495 4487
f 4460 1083 4493 4495
f 4495 4493 1088 4494
f 4487 4495 4494 1087
f 529 4490 4498 4462
f 4490 534 4496 4498
f 4498 4496 535 4497
f 4462 4498 4497 530
f 1083 4466 4501 4493
f 4466 1084 4499 4501
f 4501 4499 1089 4500
f 4493 4501 4500 1088
f 530 4497 4504 4468
f 4497 535 4502 4504
f 4504 4502 536 4503
f 4468 4504 4503 531
f 1084 4472 4507 4499
f 4472 1085 4505 4507
f 4507 4505 1090 4506
f 4499 4507 4506 1089
f 531 4503 4510 4474
f 4503 536 4508 4510
f 4510 4508 537 4509
f 4474 4510 4509 532
f 1085 4478 4513 4505
f 4478 1086 4511 4513
f 4513 4511 1091 4512
f 4505 4513 4512 1090
f 532 4509 4516 4480
f 4509 537 4514 4516
f 4516 4514 538 4515
f 4480 4516 4515 533
f 1086 4483 4518 4511
f 4483 562 1272 4518
f 4518 1272 560 4517
f 4511 4518 4517 1091
f 533 4515 4520 4485
f 4515 538 4519 4520
f 4520 4519 7 1276
f 4485 4520 1276 9
f 948 4488 4523 4522
f 4488 1087 4521 4523
f 4522 4523 4521 1092
f 539 4524 4526 4525
f 4524 534 4491 4526
f 4525 4526 4491 65
f 1087 4494 4529 4521
f 4494 1088 4527 4529
f 4529 4527 1093 4528
f 4521 4529 4528 1092
f 534 4524 4532 4496
f 4524 539 4530 4532
f 4532 4530 540 4531
f 4496 4532 4531 535
f 1088 4500 4535 4527
f 4500 1089 4533 4535
f 4535 4533 1094 4534
f 4527 4535 4534 1093
f 535 4531 4538 4502
f 4531 540 4536 4538
f 4538 4536 541 4537
f 4502 4538 4537 536
f 1089 4506 4541 4533
f 4506 1090 4539 4541
f 4541 4539 1095 4540
f 4533 4541 4540 1094
f 536 4537 4544 4508
f 4537 541 4542 4544
f 4544 4542 542 4543
f 4508 4544 4543 537
f 1090 4512 4547 4539
f 4512 1091 4545 4547
f 4547 4545 1096 4546
f 4539 4547 4546 1095
f 537 4543 4550 4514
f 4543 542 4548 4550
f 4550 4548 543 4549
f 4514 4550 4549 538
f 1091 4517 4552 4545
f 4517 560 1264 4552
f 4552 1264 558 4551
f 4545 4552 4551 1096
f 538 4549 4554 4519
f 4549 543 4553 4554
f 4554 4553 5 1268
f 4519 4554 1268 7
f 948 4522 4557 4556
f 4522 1092 4555 4557
f 4556 4557 4555 1097
f 544 4558 4560 4559
f 4558 539 4525 4560
f 4559 4560 4525 65
f 1092 4528 4563 4555
f 4528 1093 4561 4563
f 4563 4561 1098 4562
f 4555 4563 4562 1097
f 539 4558 4566 4530
f 4558 544 4564 4566
f 4566 4564 545 4565
f 4530 4566 4565 540
f 1093 4534 4569 4561
f 4534 1094 4567 4569
f 4569 4567 1099 4568
f 4561 4569 4568 1098
f 540 4565 4572 4536
f 4565 545 4570 4572
f 4572 4570 546 4571
f 4536 4572 4571 541
f 1094 4540 4575 4567
f 4540 1095 4573 4575
f 4575 4573 1100 4574
f 4567 4575 4574 1099
f 541 4571 4578 4542
f 4571 546 4576 4578
f 4578 4576 547 4577
f 4542 4578 4577 542
f 1095 4546 4581 4573
f 4546 1096 4579 4581
f 4581 4579 1101 4580
f 4573 4581 4580 1100
f 542 4577 4584 4548
f 4577 547 4582 4584
f 4584 4582 548 4583
f 4548 4584 4583 543
f 1096 4551 4586 4579
f 4551 558 1256 4586
f 4586 1256 554 4585
f 4579 4586 4585 1101
f 543 4583 4588 4553
f 4583 548 4587 4588
f 4588 4587 1 1260
f 4553 4588 1260 5
f 948 4556 4590 3579
f 4556 1097 4589 4590
f 3579 4590 4589 947
f 394 4591 4592 3584
f 4591 544 4559 4592
f 3584 4592 4559 65
f 1097 4562 4594 4589
f 4562 1098 4593 4594
f 4594 4593 950 3587
f 4589 4594 3587 947
f 544 4591 4596 4564
f 4591 394 3593 4596
f 4596 3593 396 4595
f 4564 4596 4595 545
f 1098 4568 4598 4593
f 4568 1099 4597 4598
f 4598 4597 952 3595
f 4593 4598 3595 950
f 545 4595 4600 4570
f 4595 396 3601 4600
f 4600 3601 398 4599
f 4570 4600 4599 546
f 1099 4574 4602 4597
f 4574 1100 4601 4602
f 4602 4601 954 3603
f 4597 4602 3603 952
f 546 4599 4604 4576
f 4599 398 3609 4604
f 4604 3609 400 4603
f 4576 4604 4603 547
f 1100 4580 4606 4601
f 4580 1101 4605 4606
f 4606 4605 956 3611
f 4601 4606 3611 954
f 547 4603 4608 4582
f 4603 400 3617 4608
f 4608 3617 402 4607
f 4582 4608 4607 548
f 1101 4585 4609 4605
f 4585 554 1247 4609
f 4609 1247 555 3619
f 4605 4609 3619 956
f 548 4607 4610 4587
f 4607 402 3623 4610
f 4610 3623 2 1251
f 4587 4610 1251 1
f 948 3898 4613 4612
f 3898 997 4611 4613
f 4612 4613 4611 1102
f 549 4614 4616 4615
f 4614 444 3901 4616
f 4615 4616 3901 65
f 997 3904 4619 4611
f 3904 998 4617 4619
f 4619 4617 1103 4618
f 4611 4619 4618 1102
f 444 4614 4622 3906
f 4614 549 4620 4622
f 4622 4620 550 4621
f 3906 4622 4621 445
f 998 3910 4625 4617
f 3910 999 4623 4625
f 4625 4623 1104 4624
f 4617 4625 4624 1103
f 445 4621 4628 3912
f 4621 550 4626 4628
f 4628 4626 551 4627
f 3912 4628 4627 446
f 999 3916 4631 4623
f 3916 1000 4629 4631
f 4631 4629 1105 4630
f 4623 4631 4630 1104
f 446 4627 4634 3918
f 4627 551 4632 4634
f 4634 4632 552 4633
f 3918 4634 4633 447
f 1000 3922 4637 4629
f 3922 1001 4635 4637
f 4637 4635 1106 4636
f 4629 4637 4636 1105
f 447 4633 4640 3924
f 4633 552 4638 4640
f 4640 4638 553 4639
f 3924 4640 4639 448
f 1001 3927 4642 4635
f 3927 613 3063 4642
f 4642 3063 604 4641
f 4635 4642 4641 1106
f 448 4639 4644 3929
f 4639 553 4643 4644
f 4644 4643 43 3065
f 3929 4644 3065 45
f 948 4612 4646 3931
f 4612 1102 4645 4646
f 3931 4646 4645 1003
f 449 4647 4648 3936
f 4647 549 4615 4648
f 3936 4648 4615 65
f 1102 4618 4650 4645
f 4618 1103 4649 4650
f 4650 4649 1005 3939
f 4645 4650 3939 1003
f 549 4647 4652 4620
f 4647 449 3945 4652
f 4652 3945 451 4651
f 4620 4652 4651 550
f 1103 4624 4654 4649
f 4624 1104 4653 4654
f 4654 4653 1007 3947
f 4649 4654 3947 1005
f 550 4651 4656 4626
f 4651 451 3953 4656
f 4656 3953 453 4655
f 4626 4656 4655 551
f 1104 4630 4658 4653
f 4630 1105 4657 4658
f 4658 4657 1009 3955
f 4653 4658 3955 1007
f 551 4655 4660 4632
f 4655 453 3961 4660
f 4660 3961 455 4659
f 4632 4660 4659 552
f 1105 4636 4662 4657
f 4636 1106 4661 4662
f 4662 4661 1011 3963
f 4657 4662 3963 1009
f 552 4659 4664 4638
f 4659 455 3969 4664
f 4664 3969 457 4663
f 4638 4664 4663 553
f 1106 4641 4665 4661
f 4641 604 1422 4665
f 4665 1422 602 3971
f 4661 4665 3971 1011
f 553 4663 4666 4643
f 4663 457 3975 4666
f 4666 3975 41 1426
f 4643 4666 1426 43
g Group18001
f 1108 4667 4671 4670
f 4667 1107 4668 4671
f 4671 4668 1153 4669
f 4670 4671 4669 1154
f 1107 4672 4675 4668
f 4672 1109 4673 4675
f 4675 4673 1155 4674
f 4668 4675 4674 1153
f 1109 4676 4679 4673
f 4676 1110 4677 4679
f 4679 4677 1156 4678
f 4673 4679 4678 1155
f 1110 4680 4683 4677
f 4680 1111 4681 4683
f 4683 4681 1157 4682
f 4677 4683 4682 1156
f 1111 4684 4687 4681
f 4684 1112 4685 4687
f 4687 4685 1158 4686
f 4681 4687 4686 1157
f 1112 4688 4691 4685
f 4688 1113 4689 4691
f 4691 4689 1159 4690
f 4685 4691 4690 1158
f 1113 4692 4695 4689
f 4692 1114 4693 4695
f 4695 4693 1160 4694
f 4689 4695 4694 1159
f 1114 4696 4699 4693
f 4696 1115 4697 4699
f 4699 4697 1161 4698
f 4693 4699 4698 1160
f 1115 4700 4703 4697
f 4700 1116 4701 4703
f 4703 4701 1162 4702
f 4697 4703 4702 1161
f 1116 4704 4707 4701
f 4704 1117 4705 4707
f 4707 4705 1163 4706
f 4701 4707 4706 1162
f 1117 4708 4711 4705
f 4708 1118 4709 4711
f 4711 4709 1164 4710
f 4705 4711 4710 1163
f 1120 4712 4716 4715
f 4712 1119 4713 4716
f 4716 4713 1165 4714
f 4715 4716 4714 1166
f 1119 4717 4720 4713
f 4717 1121 4718 4720
f 4720 4718 1167 4719
f 4713 4720 4719 1165
f 1121 4721 4724 4718
f 4721 1122 4722 4724
f 4724 4722 1168 4723
f 4718 4724 4723 1167
f 1122 4725 4728 4722
f 4725 1123 4726 4728
f 4728 4726 1169 4727
f 4722 4728 4727 1168
f 1123 4729 4732 4726
f 4729 1124 4730 4732
f 4732 4730 1170 4731
f 4726 4732 4731 1169
f 1124 4733 4736 4730
f 4733 1125 4734 4736
f 4736 4734 1171 4735
f 4730 4736 4735 1170
f 1125 4737 4740 4734
f 4737 1126 4738 4740
f 4740 4738 1172 4739
f 4734 4740 4739 1171
f 1126 4741 4744 4738
f 4741 1127 4742 4744
f 4744 4742 1173 4743
f 4738 4744 4743 1172
f 1127 4745 4748 4742
f 4745 1128 4746 4748
f 4748 4746 1174 4747
f 4742 4748 4747 1173
f 1128 4749 4751 4746
f 4749 1108 4670 4751
f 4751 4670 1154 4750
f 4746 4751 4750 1174
f 1130 4752 4756 4755
f 4752 1129 4753 4756
f 4756 4753 1175 4754
f 4755 4756 4754 1176
f 1132 4757 4761 4760
f 4757 1131 4758 4761
f 4761 4758 1177 4759
f 4760 4761 4759 1178
f 1134 4762 4766 4765
f 4762 1133 4763 4766
f 4766 4763 1179 4764
f 4765 4766 4764 1180
f 1135 4767 4770 4769
f 4767 1134 4765 4770
f 4770 4765 1180 4768
f 4769 4770 4768 1181
f 1136 4771 4774 4773
f 4771 1135 4769 4774
f 4774 4769 1181 4772
f 4773 4774 4772 1182
f 1137 4775 4778 4777
f 4775 1136 4773 4778
f 4778 4773 1182 4776
f 4777 4778 4776 1183
f 1138 4779 4782 4781
f 4779 1137 4777 4782
f 4782 4777 1183 4780
f 4781 4782 4780 1184
f 1140 4783 4787 4786
f 4783 1139 4784 4787
f 4787 4784 1185 4785
f 4786 4787 4785 1186
f 1141 4788 4791 4790
f 4788 1140 4786 4791
f 4791 4786 1186 4789
f 4790 4791 4789 1187
f 1142 4792 4795 4794
f 4792 1141 4790 4795
f 4795 4790 1187 4793
f 4794 4795 4793 1188
f 1143 4796 4799 4798
f 4796 1142 4794 4799
f 4799 4794 1188 4797
f 4798 4799 4797 1189
f 1144 4800 4803 4802
f 4800 1143 4798 4803
f 4803 4798 1189 4801
f 4802 4803 4801 1190
f 1146 4804 4808 4807
f 4804 1145 4805 4808
f 4808 4805 1191 4806
f 4807 4808 4806 1192
f 1118 4809 4811 4709
f 4809 1146 4807 4811
f 4811 4807 1192 4810
f 4709 4811 4810 1164
f 1145 4812 4815 4805
f 4812 1147 4813 4815
f 4815 4813 1193 4814
f 4805 4815 4814 1191
f 1147 4816 4818 4813
f 4816 1144 4802 4818
f 4818 4802 1190 4817
f 4813 4818 4817 1193
f 1131 4819 4821 4758
f 4819 1130 4755 4821
f 4821 4755 1176 4820
f 4758 4821 4820 1177
f 1148 4822 4825 4824
f 4822 1120 4715 4825
f 4825 4715 1166 4823
f 4824 4825 4823 1194
f 1149 4826 4829 4828
f 4826 1148 4824 4829
f 4829 4824 1194 4827
f 4828 4829 4827 1195
f 1150 4830 4833 4832
f 4830 1149 4828 4833
f 4833 4828 1195 4831
f 4832 4833 4831 1196
f 1133 4834 4836 4763
f 4834 1150 4832 4836
f 4836 4832 1196 4835
f 4763 4836 4835 1179
f 1151 4837 4840 4839
f 4837 1138 4781 4840
f 4840 4781 1184 4838
f 4839 4840 4838 1197
f 1139 4841 4844 4784
f 4841 1152 4842 4844
f 4844 4842 1198 4843
f 4784 4844 4843 1185
f 1129 4845 4847 4753
f 4845 1151 4839 4847
f 4847 4839 1197 4846
f 4753 4847 4846 1175
f 1152 4848 4850 4842
f 4848 1132 4760 4850
f 4850 4760 1178 4849
f 4842 4850 4849 1198
f 1154 4669 4853 4852
f 4669 1153 4851 4853
f 4853 4851 680 1781
f 4852 4853 1781 681
f 1153 4674 4855 4851
f 4674 1155 4854 4855
f 4855 4854 684 1794
f 4851 4855 1794 680
f 1155 4678 4857 4854
f 4678 1156 4856 4857
f 4857 4856 686 1805
f 4854 4857 1805 684
f 1156 4682 4859 4856
f 4682 1157 4858 4859
f 4859 4858 688 1816
f 4856 4859 1816 686
f 1157 4686 4861 4858
f 4686 1158 4860 4861
f 4861 4860 690 1827
f 4858 4861 1827 688
f 1158 4690 4863 4860
f 4690 1159 4862 4863
f 4863 4862 692 1838
f 4860 4863 1838 690
f 1159 4694 4865 4862
f 4694 1160 4864 4865
f 4865 4864 694 1849
f 4862 4865 1849 692
f 1160 4698 4867 4864
f 4698 1161 4866 4867
f 4867 4866 696 1860
f 4864 4867 1860 694
f 1161 4702 4869 4866
f 4702 1162 4868 4869
f 4869 4868 698 1871
f 4866 4869 1871 696
f 1162 4706 4871 4868
f 4706 1163 4870 4871
f 4871 4870 700 1882
f 4868 4871 1882 698
f 1163 4710 4873 4870
f 4710 1164 4872 4873
f 4873 4872 702 1893
f 4870 4873 1893 700
f 1166 4714 4876 4875
f 4714 1165 4874 4876
f 4876 4874 714 1951
f 4875 4876 1951 715
f 1165 4719 4878 4874
f 4719 1167 4877 4878
f 4878 4877 718 1964
f 4874 4878 1964 714
f 1167 4723 4880 4877
f 4723 1168 4879 4880
f 4880 4879 720 1975
f 4877 4880 1975 718
f 1168 4727 4882 4879
f 4727 1169 4881 4882
f 4882 4881 722 1986
f 4879 4882 1986 720
f 1169 4731 4884 4881
f 4731 1170 4883 4884
f 4884 4883 724 1997
f 4881 4884 1997 722
f 1170 4735 4886 4883
f 4735 1171 4885 4886
f 4886 4885 726 2008
f 4883 4886 2008 724
f 1171 4739 4888 4885
f 4739 1172 4887 4888
f 4888 4887 728 2019
f 4885 4888 2019 726
f 1172 4743 4890 4887
f 4743 1173 4889 4890
f 4890 4889 730 2030
f 4887 4890 2030 728
f 1173 4747 4892 4889
f 4747 1174 4891 4892
f 4892 4891 732 2041
f 4889 4892 2041 730
f 1174 4750 4893 4891
f 4750 1154 4852 4893
f 4893 4852 681 2052
f 4891 4893 2052 732
f 1176 4754 4896 4895
f 4754 1175 4894 4896
f 4896 4894 832 2656
f 4895 4896 2656 833
f 1178 4759 4899 4898
f 4759 1177 4897 4899
f 4899 4897 837 2670
f 4898 4899 2670 834
f 1180 4764 4902 4901
f 4764 1179 4900 4902
f 4902 4900 877 2883
f 4901 4902 2883 878
f 1181 4768 4904 4903
f 4768 1180 4901 4904
f 4904 4901 878 2897
f 4903 4904 2897 881
f 1182 4772 4906 4905
f 4772 1181 4903 4906
f 4906 4903 881 2908
f 4905 4906 2908 883
f 1183 4776 4908 4907
f 4776 1182 4905 4908
f 4908 4905 883 2919
f 4907 4908 2919 885
f 1184 4780 4910 4909
f 4780 1183 4907 4910
f 4910 4907 885 2918
f 4909 4910 2918 886
f 1186 4785 4913 4912
f 4785 1185 4911 4913
f 4913 4911 890 2934
f 4912 4913 2934 887
f 1187 4789 4915 4914
f 4789 1186 4912 4915
f 4915 4912 887 2933
f 4914 4915 2933 888
f 1188 4793 4917 4916
f 4793 1187 4914 4917
f 4917 4914 888 2950
f 4916 4917 2950 891
f 1189 4797 4919 4918
f 4797 1188 4916 4919
f 4919 4916 891 2961
f 4918 4919 2961 893
f 1190 4801 4921 4920
f 4801 1189 4918 4921
f 4921 4918 893 2972
f 4920 4921 2972 895
f 1192 4806 4924 4923
f 4806 1191 4922 4924
f 4924 4922 909 3091
f 4923 4924 3091 908
f 1164 4810 4925 4872
f 4810 1192 4923 4925
f 4925 4923 908 3090
f 4872 4925 3090 702
f 1191 4814 4927 4922
f 4814 1193 4926 4927
f 4927 4926 910 3112
f 4922 4927 3112 909
f 1193 4817 4928 4926
f 4817 1190 4920 4928
f 4928 4920 895 3129
f 4926 4928 3129 910
f 1177 4820 4929 4897
f 4820 1176 4895 4929
f 4929 4895 833 3138
f 4897 4929 3138 837
f 1194 4823 4931 4930
f 4823 1166 4875 4931
f 4931 4875 715 3214
f 4930 4931 3214 911
f 1195 4827 4933 4932
f 4827 1194 4930 4933
f 4933 4930 911 3213
f 4932 4933 3213 912
f 1196 4831 4935 4934
f 4831 1195 4932 4935
f 4935 4932 912 3229
f 4934 4935 3229 913
f 1179 4835 4936 4900
f 4835 1196 4934 4936
f 4936 4934 913 3238
f 4900 4936 3238 877
f 1197 4838 4938 4937
f 4838 1184 4909 4938
f 4938 4909 886 3392
f 4937 4938 3392 937
f 1185 4843 4940 4911
f 4843 1198 4939 4940
f 4940 4939 939 3402
f 4911 4940 3402 890
f 1175 4846 4941 4894
f 4846 1197 4937 4941
f 4941 4937 937 3553
f 4894 4941 3553 832
f 1198 4849 4942 4939
f 4849 1178 4898 4942
f 4942 4898 834 3560
f 4939 4942 3560 939
f 1200 1786 4945 4944
f 1786 1199 4943 4945
f 4945 4943 1107 4667
f 4944 4945 4667 1108
f 1199 1799 4947 4943
f 1799 1201 4946 4947
f 4947 4946 1109 4672
f 4943 4947 4672 1107
f 1201 1810 4949 4946
f 1810 1202 4948 4949
f 4949 4948 1110 4676
f 4946 4949 4676 1109
f 1202 1821 4951 4948
f 1821 1203 4950 4951
f 4951 4950 1111 4680
f 4948 4951 4680 1110
f 1203 1832 4953 4950
f 1832 1204 4952 4953
f 4953 4952 1112 4684
f 4950 4953 4684 1111
f 1204 1843 4955 4952
f 1843 1205 4954 4955
f 4955 4954 1113 4688
f 4952 4955 4688 1112
f 1205 1854 4957 4954
f 1854 1206 4956 4957
f 4957 4956 1114 4692
f 4954 4957 4692 1113
f 1206 1865 4959 4956
f 1865 1207 4958 4959
f 4959 4958 1115 4696
f 4956 4959 4696 1114
f 1207 1876 4961 4958
f 1876 1208 4960 4961
f 4961 4960 1116 4700
f 4958 4961 4700 1115
f 1208 1887 4963 4960
f 1887 1209 4962 4963
f 4963 4962 1117 4704
f 4960 4963 4704 1116
f 1209 1898 4965 4962
f 1898 1210 4964 4965
f 4965 4964 1118 4708
f 4962 4965 4708 1117
f 1212 1956 4968 4967
f 1956 1211 4966 4968
f 4968 4966 1119 4712
f 4967 4968 4712 1120
f 1211 1969 4970 4966
f 1969 1213 4969 4970
f 4970 4969 1121 4717
f 4966 4970 4717 1119
f 1213 1980 4972 4969
f 1980 1214 4971 4972
f 4972 4971 1122 4721
f 4969 4972 4721 1121
f 1214 1991 4974 4971
f 1991 1215 4973 4974
f 4974 4973 1123 4725
f 4971 4974 4725 1122
f 1215 2002 4976 4973
f 2002 1216 4975 4976
f 4976 4975 1124 4729
f 4973 4976 4729 1123
f 1216 2013 4978 4975
f 2013 1217 4977 4978
f 4978 4977 1125 4733
f 4975 4978 4733 1124
f 1217 2024 4980 4977
f 2024 1218 4979 4980
f 4980 4979 1126 4737
f 4977 4980 4737 1125
f 1218 2035 4982 4979
f 2035 1219 4981 4982
f 4982 4981 1127 4741
f 4979 4982 4741 1126
f 1219 2046 4984 4981
f 2046 1220 4983 4984
f 4984 4983 1128 4745
f 4981 4984 4745 1127
f 1220 2055 4985 4983
f 2055 1200 4944 4985
f 4985 4944 1108 4749
f 4983 4985 4749 1128
f 1222 2661 4988 4987
f 2661 1221 4986 4988
f 4988 4986 1129 4752
f 4987 4988 4752 1130
f 1224 2674 4991 4990
f 2674 1223 4989 4991
f 4991 4989 1131 4757
f 4990 4991 4757 1132
f 1226 2888 4994 4993
f 2888 1225 4992 4994
f 4994 4992 1133 4762
f 4993 4994 4762 1134
f 1227 2900 4996 4995
f 2900 1226 4993 4996
f 4996 4993 1134 4767
f 4995 4996 4767 1135
f 1228 2911 4998 4997
f 2911 1227 4995 4998
f 4998 4995 1135 4771
f 4997 4998 4771 1136
f 1229 2922 5000 4999
f 2922 1228 4997 5000
f 5000 4997 1136 4775
f 4999 5000 4775 1137
f 1230 2926 5002 5001
f 2926 1229 4999 5002
f 5002 4999 1137 4779
f 5001 5002 4779 1138
f 1232 2938 5005 5004
f 2938 1231 5003 5005
f 5005 5003 1139 4783
f 5004 5005 4783 1140
f 1233 2942 5007 5006
f 2942 1232 5004 5007
f 5007 5004 1140 4788
f 5006 5007 4788 1141
f 1234 2953 5009 5008
f 2953 1233 5006 5009
f 5009 5006 1141 4792
f 5008 5009 4792 1142
f 1235 2964 5011 5010
f 2964 1234 5008 5011
f 5011 5008 1142 4796
f 5010 5011 4796 1143
f 1236 2975 5013 5012
f 2975 1235 5010 5013
f 5013 5010 1143 4800
f 5012 5013 4800 1144
f 1238 3095 5016 5015
f 3095 1237 5014 5016
f 5016 5014 1145 4804
f 5015 5016 4804 1146
f 1210 3099 5017 4964
f 3099 1238 5015 5017
f 5017 5015 1146 4809
f 4964 5017 4809 1118
f 1237 3116 5019 5014
f 3116 1239 5018 5019
f 5019 5018 1147 4812
f 5014 5019 4812 1145
f 1239 3132 5020 5018
f 3132 1236 5012 5020
f 5020 5012 1144 4816
f 5018 5020 4816 1147
f 1223 3142 5021 4989
f 3142 1222 4987 5021
f 5021 4987 1130 4819
f 4989 5021 4819 1131
f 1240 3217 5023 5022
f 3217 1212 4967 5023
f 5023 4967 1120 4822
f 5022 5023 4822 1148
f 1241 3221 5025 5024
f 3221 1240 5022 5025
f 5025 5022 1148 4826
f 5024 5025 4826 1149
f 1242 3232 5027 5026
f 3232 1241 5024 5027
f 5027 5024 1149 4830
f 5026 5027 4830 1150
f 1225 3241 5028 4992
f 3241 1242 5026 5028
f 5028 5026 1150 4834
f 4992 5028 4834 1133
f 1243 3395 5030 5029
f 3395 1230 5001 5030
f 5030 5001 1138 4837
f 5029 5030 4837 1151
f 1231 3406 5032 5003
f 3406 1244 5031 5032
f 5032 5031 1152 4841
f 5003 5032 4841 1139
f 1221 3556 5033 4986
f 3556 1243 5029 5033
f 5033 5029 1151 4845
f 4986 5033 4845 1129
f 1244 3563 5034 5031
f 3563 1224 4990 5034
f 5034 4990 1132 4848
f 5031 5034 4848 1152

 