# File exported by ZBrush version 2021
# www.zbrush.com
#Vertex Count 7518
#Face Count 7766
#Auto scale x=0.047110 y=0.047110 z=0.047110
#Auto offset x=-0.029091 y=0.022900 z=-0.434581
v 6.43620866 2.03580909 3.53208588
v 6.56479161 1.57993772 6.19560313
v 6.41432238 2.13772452 2.18075757
v -5.19427382 2.22643112 -1.74863234
v -5.04510396 2.36680016 -3.49555981
v -5.00842228 2.11126006 0.00685745
v -4.61251883 2.04123939 1.68384775
v -4.21618078 2.00305653 3.22739352
v -3.55520005 2.44011545 -6.53641542
v -2.23189589 2.45502219 -7.7285926
v -4.49352398 2.45511835 -5.11494624
v -0.77630392 2.72377364 -8.50726279
v 0.82020472 2.50695412 -8.70727523
v 2.4756363 2.46294875 -8.14284353
v 3.9107062 2.53207492 -6.98700579
v 5.10361025 2.52229356 -5.42021933
v 5.86266363 2.4206122 -3.61416593
v 6.24162651 2.30755531 -1.69154847
v 6.38443235 2.2160045 0.29856366
v 6.85983229 1.14488921 8.45708817
v 7.24907692 0.80150159 11.04528358
v 7.39295377 0.68613568 14.00515228
v 7.12272708 0.87095924 17.04812205
v 6.54622398 1.21352954 19.67535616
v 5.74764503 1.57391024 21.86735262
v 4.77726504 1.88753753 23.7189714
v 3.55257948 2.17210035 25.31677582
v 1.81215884 2.42442175 26.59062249
v 0.32385932 2.50959335 27.0537815
v -1.33843705 2.46254388 26.95034528
v -2.87217109 2.25790203 26.10556519
v -4.20157548 1.97373522 24.80405843
v -5.12504833 1.6401707 23.11236003
v -5.76944654 1.23504828 21.10181028
v -6.11824422 0.77685018 18.74990103
v -6.05681118 0.38603225 16.15842374
v -5.61902982 0.23100825 13.66888653
v -4.98202677 0.37348134 11.45971101
v -4.44277059 0.67964388 9.4964255
v -4.11636529 1.08625419 7.7258474
v -3.97872373 1.49886794 6.1323213
v -4.01156518 1.83175556 4.6636018
v 6.22969935 1.99401025 3.53658055
v 6.35836328 1.54043651 6.21251586
v 6.20768528 2.09643177 2.18012813
v -4.98254867 2.22389437 -1.74586659
v -4.83827835 2.35956947 -3.44824338
v -4.79903145 2.11109938 -0.02101518
v -4.40492238 2.04356232 1.64566173
v -4.00570028 2.01116401 3.20486008
v -3.39296434 2.4298647 -6.40023044
v -2.10738819 2.44968552 -7.55628326
v -4.30407859 2.44332277 -5.01986043
v -0.71299805 2.71778033 -8.30222493
v 0.79751773 2.49819378 -8.49303168
v 2.37386543 2.45369119 -7.95474687
v 3.75827462 2.51958853 -6.83947185
v 4.9190274 2.50269035 -5.31671733
v 5.66040734 2.39365431 -3.55691758
v 6.03425939 2.27458259 -1.66924783
v 6.17715 2.17786087 0.30254782
v 6.65376454 1.10935191 8.4828842
v 7.04139034 0.76908051 11.06243734
v 7.18433978 0.65452434 14.00030967
v 6.91631456 0.83778916 17.01911325
v 6.34489256 1.17838572 19.62250949
v 5.55455014 1.53832107 21.78960023
v 4.59764878 1.85310476 23.61282004
v 3.40005143 2.14052696 25.17176725
v 1.71175329 2.39217401 26.40447426
v 0.29850526 2.47339688 26.84348794
v -1.27509828 2.42576288 26.7472356
v -2.73995097 2.21982292 25.94258553
v -4.02881572 1.92955272 24.68800046
v -4.93197432 1.59431686 23.03919024
v -5.56632801 1.19474619 21.05983811
v -5.90931899 0.74752634 18.73642652
v -5.84640438 0.37096104 16.17232969
v -5.41085865 0.23031239 13.70523547
v -4.77616652 0.38679138 11.5052495
v -4.23691161 0.7047457 9.53738708
v -3.90955644 1.11604869 7.75821708
v -3.769913 1.52520334 6.15391721
v -3.8005903 1.84923954 4.66751383
v -0.49357123 2.60498407 24.20716137
v -0.20591125 1.9894441 20.4532318
v 0.47302687 -2.04576505 -3.47807204
v 0.21638591 3.2332445 -6.40272544
v -0.38525873 -0.9616788 24.5550114
v 0.33650198 2.91725885 -2.8428365
v -0.18967288 -1.58728101 21.12270147
v -0.0945556 -1.71393135 -7.18896919
v 0.83526664 2.53455221 23.73493838
v -0.42560701 2.31720635 22.57813402
v -1.73077592 2.4401939 23.46514186
v -2.6073418 2.57666988 24.38375472
v -0.56171117 2.8077686 25.31498681
v 1.59614114 2.72874087 24.81762152
v -1.59085097 2.01236976 20.8869746
v 1.02507071 2.12208143 21.20011226
v 1.96257399 1.88410374 19.48049946
v -0.09474277 1.77476531 18.8255557
v -2.13234736 1.71753088 19.06101941
v 1.72741488 -1.97706146 -4.29642184
v 2.73023888 -2.0921642 -2.54450184
v 0.64313624 -2.14444027 -1.90257079
v -1.00575597 -2.00766443 -3.91186545
v 0.20234146 -1.88145945 -5.47694135
v -1.52201769 -2.1303129 -2.03420101
v 0.29111221 3.3237186 -7.34157158
v -1.7585902 3.2465558 -6.63228566
v -0.94019675 3.15902205 -5.63196282
v 1.54372226 3.16689674 -5.73001935
v 2.19674195 3.26026944 -6.82606566
v 0.28506 3.07769164 -4.69654288
v -1.54032169 -1.1234312 23.80624831
v -0.386102 -1.24495743 23.04096913
v 0.8759343 -1.0865047 23.83393117
v 1.56525634 2.97321416 -3.48408686
v -0.97656166 2.94929278 -3.25259846
v 0.40854253 2.78804899 -1.33127215
v 2.38086031 2.84052875 -1.8757002
v -1.53684188 2.80162725 -1.5034518
v -0.05880875 -1.82465645 19.7648472
v 2.00944016 -1.71220813 20.2878786
v 1.00613229 -1.41783358 21.98009827
v -1.5951859 -1.48678895 21.78938262
v -2.15905221 -1.83301951 19.86996614
v 1.27110511 -1.75764192 -6.79108505
v -1.33236608 -1.7934601 -6.31406185
v -2.59153296 -1.92156796 -4.64357601
v -4.34376358 -1.72741219 -5.47520295
v -2.75291751 -1.58755683 -7.82619871
v -0.46154474 -1.47295638 -9.04753399
v -3.16240396 -1.46961875 -8.31780223
v -0.47170108 -1.29405528 -9.64269518
v 2.60762616 -1.35676049 -9.17143881
v 2.28734195 -1.52006531 -8.62604097
v 5.04759769 -1.57448212 -7.03679445
v 4.53581308 -1.71230808 -6.61691332
v 5.88266412 -1.8926376 -3.75592291
v 4.16664485 -2.02762316 -3.09902692
v 3.05367189 -1.87275605 -5.39244285
v 4.65442078 -2.10340688 -0.62549593
v 3.16495495 -2.15222006 -0.42167393
v 4.71262215 -1.92251814 1.84881063
v 3.23180532 -1.96162713 1.88262534
v 1.14357442 -2.00418383 1.9343289
v 0.89696126 -2.19080779 -0.11555189
v -1.01709955 -1.93754634 2.20049299
v -1.42827918 -2.17861367 0.04610372
v -2.55996748 -1.83688094 2.37916192
v -3.03655293 -2.11983314 0.12323046
v -3.16020787 -2.070233 -2.27676762
v -4.88442888 -1.88550054 0.22753208
v -5.03020987 -1.86786347 -2.5349014
v -5.45385501 -1.71058739 0.28100251
v -5.61441116 -1.70902865 -2.62109276
v -4.89411725 -1.60712081 -5.73307863
v -5.89778974 -1.3401609 -2.68284021
v -5.11511388 -1.21565257 -5.87788731
v -3.33148954 -1.13269256 -8.5363551
v -0.41942802 -0.94236786 -9.9181472
v -4.988938 -0.57918977 -5.89815602
v -3.22013278 -0.49677001 -8.41380658
v -0.32476258 -0.34210659 -9.79029491
v -3.09758142 0.36184391 -8.29591151
v -0.23461427 0.52007017 -9.68443455
v 2.85469123 0.53748582 -9.01467894
v 2.81128178 -0.34385006 -9.19717324
v 2.78524275 -0.97071875 -9.36312362
v 5.13694797 -0.42640393 -7.09906317
v 5.22672337 -1.1362554 -7.19385038
v 6.63744203 -0.59451403 -4.06832674
v 6.72475247 -1.29220807 -4.08203658
v 6.47290363 -1.71648708 -3.97523997
v 7.29282039 -1.38015428 -1.00203087
v 7.02552014 -1.77683267 -0.95180951
v 6.42409235 -1.94821461 -0.86868882
v 6.94135122 -1.66484362 1.80305231
v 6.36230188 -1.83663675 1.80859394
v 6.11234327 -1.27443183 4.08536473
v 4.57255265 -1.3513593 4.12728218
v 4.55340745 -1.56236391 6.35303357
v 3.31740741 -1.59133349 6.44134163
v 3.28515144 -1.40282942 4.15058835
v 1.39433763 -1.59736476 6.55143919
v 1.28152762 -1.44133618 4.17423486
v -0.64173541 -1.56418329 6.46573936
v -0.75137907 -1.37134081 4.33554823
v -1.98654091 -1.50688812 6.38481129
v -2.15661098 -1.30623169 4.43160509
v -3.79264793 -1.24675783 4.48484651
v -4.22933709 -1.62384693 2.55870132
v -4.33116237 -1.11658514 4.5115017
v -4.80641839 -1.44212567 2.64024935
v -4.71331327 -0.80306159 4.52495186
v -5.23347328 -1.03132371 2.65528831
v -5.80749656 -1.29414637 0.2805464
v -5.23931224 -0.43547298 2.52858293
v -5.76414594 -0.69216822 0.19211181
v -5.82359323 -0.72368341 -2.7186508
v -5.6776699 0.0252315 0.13745019
v -5.71998368 0.03652479 -2.73385866
v -4.86449672 0.19300252 -5.85750726
v -5.6496796 0.94138985 -2.70682359
v -4.80070722 1.13719292 -5.76459762
v -3.00095679 1.48136245 -8.19986414
v -0.11052646 1.73185182 -9.5957659
v -4.79765679 1.98603562 -5.63874689
v -2.9648745 2.29652138 -8.12375653
v -0.030631 2.55700467 -9.52748995
v -2.90138802 2.91755491 -7.99473518
v 0.03735833 3.15213803 -9.35838666
v 3.02529822 3.03292841 -8.53339956
v 3.0074603 2.4268497 -8.7035884
v 2.93236676 1.63862461 -8.83250853
v 5.19718254 2.13961728 -6.62370751
v 5.13157936 1.35042937 -6.79507806
v 5.102519 0.43134206 -6.96292879
v 6.50299672 1.17080963 -3.91235383
v 6.5526209 0.25798006 -4.01967424
v 6.99634939 0.95603342 -0.99042064
v 7.08850876 0.04672747 -1.0271504
v 7.19277622 -0.73828143 -1.02568655
v 7.1690016 0.08756348 1.57940253
v 7.26125903 -0.61611374 1.59751532
v 7.30635121 -1.23133868 1.74045527
v 7.15011261 -0.35699688 3.99174435
v 7.08200557 -0.87250913 4.03405117
v 6.67021611 -1.17646893 4.06903146
v 7.12429404 -1.08255597 6.21509563
v 6.7155335 -1.36668609 6.21890076
v 6.16270443 -1.46118737 6.25065824
v 6.91879754 -1.82274472 8.48122914
v 6.33239225 -1.90419785 8.55326024
v 6.61804062 -2.23847089 11.03958253
v 4.83355594 -2.32683462 11.18318546
v 4.67377063 -2.00733674 8.70452592
v 3.44626301 -2.36550712 11.2961677
v 3.34785918 -2.05174951 8.83467015
v 1.20199531 -2.41273751 11.43293721
v 1.3629613 -2.0801586 8.96456765
v -0.96485686 -2.37808333 10.97616627
v -0.66769355 -2.0055743 8.66446802
v -2.42364491 -2.32752922 10.63820388
v -2.07358708 -1.92621888 8.43146832
v -4.19791869 -2.1777179 10.30399916
v -3.8406403 -1.77108228 8.22023028
v -3.68883942 -1.38247215 6.33327411
v -4.401964 -1.67122535 8.16393969
v -4.2371153 -1.27240622 6.32241542
v -4.78901855 -1.35914289 8.17769382
v -4.61592699 -0.97848968 6.34209897
v -4.82248153 -0.860148 8.26489735
v -4.66207911 -0.50208011 6.39463313
v -4.79260353 -0.31835981 4.51181263
v -4.64172057 0.01576518 6.45417026
v -4.76545459 0.21602813 4.5256996
v -5.17800508 0.1920979 2.4770894
v -4.716742 0.81122728 4.56147793
v -5.09416575 0.89293599 2.49446141
v -5.60620752 0.87016848 0.13375071
v -5.01108049 1.53923835 2.53011194
v -5.54063027 1.56288138 0.16863769
v -5.61713389 1.72242219 -2.61931641
v -5.4488783 2.16743045 0.25038815
v -5.55588874 2.34795988 -2.488544
v -4.75681699 2.63363862 -5.48293087
v -3.97325137 3.06569489 -4.94322902
v -2.2494251 3.28617341 -7.20454649
v 0.19583494 3.40074476 -8.25801333
v 2.58233139 3.30621059 -7.53717601
v 4.40785768 3.12590384 -5.64235781
v 5.22145629 2.81115178 -6.4321973
v 6.45823096 2.55034965 -3.60120256
v 6.49136625 1.93121394 -3.75321029
v 6.86742357 2.30770587 -0.78433581
v 6.93386685 1.68655847 -0.89865981
v 6.90169376 2.16452679 1.7422019
v 6.98904279 1.57048784 1.64965158
v 7.0736482 0.87682224 1.60850306
v 6.96224621 1.43074129 4.08650468
v 7.03513639 0.83417065 4.04641989
v 7.10630967 0.19083395 4.00727009
v 7.09742029 0.57625701 6.38762765
v 7.13899328 -0.00377096 6.33981652
v 7.16832155 -0.55433466 6.27527801
v 7.37789267 -0.40226873 8.63562243
v 7.38436297 -0.98658578 8.55604371
v 7.34474093 -1.54818087 8.46578595
v 7.69552436 -1.34440822 11.00511434
v 7.67853951 -1.93204899 10.95003456
v 7.23364259 -2.16431297 10.97792745
v 7.82542377 -2.05736958 13.68133939
v 7.40241756 -2.28551909 13.68353707
v 6.73416249 -2.34886957 13.69072601
v 7.18505083 -2.17719663 16.48146421
v 6.51714243 -2.2248825 16.41123604
v 4.61598677 -2.29986661 16.20585657
v 4.86560473 -2.42365883 13.71090615
v 3.00769753 -2.34105182 16.0502202
v 3.3142469 -2.45441489 13.73256533
v 0.49763142 -2.40420239 15.80751189
v 0.87477679 -2.49653888 13.71120601
v -1.93997333 -2.46996182 15.45599653
v -1.4589073 -2.5215572 13.22608417
v -3.43392497 -2.49567221 15.22571767
v -2.96994516 -2.51638628 12.88830144
v -5.19310919 -2.43680312 14.96461443
v -4.69803267 -2.43637295 12.52556238
v -5.78484355 -2.34772328 14.8806043
v -5.2845069 -2.32585787 12.41608984
v -4.78723523 -2.060606 10.1985772
v -5.6758733 -2.01607051 12.36411743
v -5.14976173 -1.73530586 10.1704066
v -5.81464944 -1.48614243 12.37965298
v -5.24349187 -1.22099809 10.22364929
v -5.87458194 -0.9041521 12.40505592
v -5.28234719 -0.65935366 10.28697383
v -4.83293346 -0.32940006 8.34595638
v -5.32392018 -0.10070525 10.34025953
v -4.85860969 0.21627738 8.41683993
v -4.63207838 0.56830388 6.51186206
v -4.88547648 0.72743476 8.48344263
v -4.63611062 1.09959965 6.57418076
v -4.67476129 1.39512048 4.60856567
v -4.5787329 1.57661274 6.66340736
v -4.60508285 1.92372009 4.67515414
v -4.92900297 2.10094351 2.57437288
v -4.14775648 2.61174664 2.56552525
v -4.56734124 2.68129918 0.28785869
v -4.6776833 2.83275275 -2.22586051
v -3.90050669 2.68447993 0.31078182
v -3.98797623 2.83530216 -2.06615269
v -3.33683064 3.04833237 -4.58117824
v -3.02507586 2.82500206 -1.83430497
v -2.40875241 3.01172217 -4.06321781
v -2.96468346 2.66982623 0.35506174
v -1.48622024 2.64589853 0.38188046
v -2.62655532 2.50782079 2.49145969
v -1.2151653 2.4620922 2.39786304
v 0.70997166 2.45767914 2.23004837
v 0.55774429 2.64608704 0.28104236
v 2.77796714 2.48944737 2.12845114
v 2.68768123 2.68212284 0.03034802
v 4.34360195 2.54863529 2.02791227
v 4.27727411 2.73050205 -0.24559616
v 3.87576482 2.89363733 -2.46050689
v 2.94102493 3.05403342 -4.47931089
v 5.29620633 2.76390114 -0.44894749
v 4.86541495 2.9242947 -2.86632138
v 3.79792734 3.10241137 -5.14878309
v 5.5685086 2.93647997 -3.15963062
v 5.98618636 2.77224521 -0.5795744
v 6.04389525 2.65036852 1.88093186
v 5.95671892 2.35563086 4.28046972
v 6.87098451 1.97538885 4.17118443
v 6.98893714 1.63112317 6.50439921
v 7.05153228 1.1139788 6.43993281
v 7.28505705 1.31893063 8.81421608
v 7.33950801 0.77308617 8.75392173
v 7.36251781 0.20332286 8.70015461
v 7.67781455 0.54321977 11.13985824
v 7.69034205 -0.06559685 11.10387685
v 7.69614242 -0.72741199 11.05648578
v 7.82028447 -0.11456565 13.68771986
v 7.83612873 -0.77938314 13.68712141
v 7.85257713 -1.4541123 13.68351429
v 7.65258936 -0.71119196 16.39928863
v 7.67743688 -1.35978182 16.46048951
v 7.62960108 -1.95851218 16.50859417
v 7.28749132 -1.14107586 19.1565493
v 7.15500772 -1.71046846 19.21340923
v 6.61865868 -1.84444691 19.11260213
v 6.39599007 -1.26945954 21.88415212
v 5.84221083 -1.42894848 21.70544839
v 5.17127415 -1.48177365 21.46848415
v 5.97547634 -1.88716429 18.96664085
v 3.34956564 -1.61616582 20.77852562
v 4.14159332 -1.98217419 18.56091999
v 2.58008611 -2.05057413 18.22806399
v 0.17379157 -2.14275374 17.80389632
v -2.21075324 -2.18745497 17.6906876
v -3.55985129 -1.8170171 20.03808763
v -3.67033284 -2.20562849 17.6353434
v -5.19605524 -1.75004052 20.28108947
v -5.33750034 -2.13913017 17.59410631
v -5.80699174 -1.68596002 20.369915
v -5.92546184 -2.05370426 17.58280417
v -6.26853506 -1.49898181 20.42431916
v -6.34265945 -1.81920085 17.56608564
v -6.19008807 -2.08649099 14.82522719
v -6.52414412 -1.35511319 17.53643791
v -6.33866138 -1.56711605 14.80361609
v -6.57899236 -0.77135283 17.49174047
v -6.39815422 -0.97462699 14.78522749
v -6.59192284 -0.14464482 17.43315479
v -6.43578481 -0.3587201 14.75946269
v -5.91956595 -0.31706171 12.42157074
v -6.4379692 0.22669388 14.73168368
v -5.93358198 0.24054037 12.43482258
v -5.35306183 0.42733513 10.38696486
v -5.79270369 0.69573106 12.47486783
v -5.25759772 0.87588472 10.45271418
v -4.8285691 1.17288837 8.55970207
v -3.87447177 1.42192655 8.70182533
v -3.70600204 1.88371912 6.7545242
v -3.80661682 2.34095439 4.71789303
v -3.03693122 1.8809812 6.76336234
v -3.16806453 2.2946805 4.68132047
v -3.5347811 2.57627766 2.53550428
v -2.26213764 2.24138341 4.6292538
v -2.09273608 1.88448963 6.78617476
v -0.84787638 1.90031365 6.79871555
v -0.96469602 2.21047046 4.54058452
v 0.85653044 1.92747145 6.73969653
v 0.82328926 2.20974803 4.44427904
v 2.85531561 1.93858761 6.69170575
v 2.8155718 2.2337276 4.3830943
v 4.2330331 1.93736414 6.65374556
v 4.25601885 2.2734148 4.33866382
v 5.27969214 1.93266008 6.61514329
v 5.25312646 2.31845638 4.3036345
v 5.35560301 2.60955655 1.94309493
v 6.04335627 1.92479805 6.58846817
v 5.45281121 1.57889518 8.94063678
v 6.24188399 1.52338397 8.90407466
v 6.46473605 1.28137911 11.23536537
v 7.57457887 1.09423389 11.17566124
v 7.67926448 1.01048945 13.67619757
v 7.80337174 0.47200094 13.68437717
v 7.4870021 1.10589915 16.21968661
v 7.58889475 0.55424104 16.27998918
v 7.62156192 -0.04597973 16.33605582
v 7.12995144 0.82784205 18.88342907
v 7.18229962 0.17138383 18.97536829
v 7.2409201 -0.52542961 19.07274666
v 6.37979219 0.51411355 21.64660081
v 6.4578419 -0.17619797 21.77354721
v 6.53127549 -0.78527523 21.87790703
v 5.13426288 0.22058796 24.49645735
v 5.21340004 -0.409755 24.61316565
v 5.11531663 -0.88565722 24.59472897
v 2.89660741 -0.05155299 27.139153
v 2.81404943 -0.51054691 27.01388174
v 2.46940481 -0.61442215 26.41543606
v 4.58182381 -1.00226683 24.25242563
v 2.06787765 -0.72447669 25.71448789
v 3.95010778 -1.07305928 23.8420589
v 2.24885813 -1.27510366 22.71584485
v -0.49897702 -0.47501594 27.24181237
v -0.413567 -0.5806106 26.48973189
v -2.97199987 -0.84588146 25.42070547
v -3.4690729 -0.76101225 25.97797353
v -4.94778568 -1.22037561 23.20542909
v -4.37697383 -1.29699943 22.9346533
v -0.55818803 -0.36541181 27.87359388
v -3.91944503 -0.6822072 26.4691241
v -5.38280698 -1.0503854 23.40911571
v -4.09587137 -0.27437089 26.59521775
v -5.5520659 -0.63562839 23.45439262
v -6.44663971 -1.05464791 20.4092277
v -5.55122769 -0.03851244 23.37551419
v -6.46846653 -0.46448431 20.34662497
v -5.50643852 0.61608211 23.2496584
v -6.44897592 0.18609573 20.25754892
v -5.45701235 1.25059775 23.11278008
v -6.40879656 0.81253804 20.15518561
v -6.56509779 0.44862233 17.36777239
v -6.27830061 1.31000961 20.04346225
v -6.40808361 0.90720127 17.30894631
v -6.28970271 0.69415081 14.72487177
v -5.12945127 0.93361385 14.84820219
v -4.67450255 0.92269633 12.68566748
v -4.20980948 1.09035095 10.66442794
v -3.84963375 1.04263851 12.8161375
v -3.42088632 1.19228915 10.7916666
v -3.1350779 1.47372942 8.78550461
v -2.39713174 1.29991701 10.95073043
v -2.1374971 1.54282776 8.89625312
v -1.10219809 1.40946294 11.11369364
v -0.86209564 1.6118021 9.00150238
v 0.87643208 1.49629829 11.33067259
v 0.97788072 1.66753599 9.07097648
v 2.99177641 1.49764701 11.31218023
v 2.93868144 1.67166818 9.0276537
v 4.56425855 1.43447999 11.28556269
v 4.3596284 1.63405467 8.98445553
v 5.68420346 1.35319892 11.26178428
v 4.62161666 1.37425206 13.55849608
v 5.76108159 1.28679169 13.60037336
v 6.56026025 1.20919872 13.62654935
v 5.60536742 1.38599324 15.95187141
v 6.37733198 1.31930513 16.05445866
v 5.94684647 1.6219023 18.46596956
v 7.06525415 1.40178562 18.7925172
v 6.20865633 1.71191966 21.3893552
v 6.31106519 1.15749706 21.52276684
v 4.93913068 2.11377404 24.05464755
v 4.99447805 1.53836915 24.20424126
v 5.05697292 0.88828001 24.35496607
v 2.72994282 1.9688806 26.66766131
v 2.78416953 1.30720464 26.83023863
v 2.84377592 0.61405524 26.99140144
v -0.66380222 1.42462525 27.78257194
v -0.63792807 0.62908724 27.99886008
v -0.60589952 -0.02299714 28.1613792
v -4.06992407 0.40300888 26.44961958
v -4.00664255 1.0935279 26.25441495
v -0.68406666 2.13341773 27.60315716
v -3.97720864 1.76811662 26.0902966
v -0.70482145 2.76488168 27.46408243
v -3.93694134 2.37875895 25.91747864
v -5.34091199 1.77473621 22.94964607
v -4.49098185 2.11453949 22.39676829
v -5.24918343 1.60265208 19.75415235
v -5.32304402 1.200136 17.23709234
v -4.50739324 1.63468474 19.57836368
v -4.53031004 1.26934947 17.19575151
v -4.28010439 1.05286775 14.92930487
v -3.50478511 1.36214018 17.15772807
v -3.21382 1.1947095 15.03459588
v -2.797001 1.1796813 12.98033302
v -1.86630821 1.34071506 15.15640931
v -1.47075491 1.31783749 13.15900765
v 0.38491543 1.48395614 15.36258081
v 0.6442329 1.43969899 13.42221874
v 2.76991659 1.51053573 15.60108988
v 2.93847805 1.44629328 13.50417163
v 4.4652879 1.45760049 15.80513202
v 2.45906945 1.67085212 17.60357264
v 4.07832571 1.67180609 17.99809637
v 5.1942928 1.64865649 18.27651532
v 3.46628216 1.95487469 20.14060783
v 4.50150462 1.99131282 20.58397637
v 5.20333085 2.00776944 20.88840176
v 3.37693377 2.37815165 22.91146447
v 4.03333411 2.43184476 23.36570626
v 2.06612438 2.83321076 25.51820024
v 2.68784223 2.56077374 26.51699723
v -0.63102681 2.95177639 26.21614226
v -3.1684947 2.64947782 24.99522704
v -3.85147653 2.10194936 22.0444141
v -3.03399245 2.07116926 21.62267058
v -3.52622636 1.67026632 19.3579345
v -2.13760432 1.47957471 17.13040201
v 0.11639104 1.60390211 17.15445117
v 2.44315228 2.28357193 22.24731123
v -2.93442906 -1.41014489 22.3145168
v 3.96527989 -1.21298297 1.57319097
v 3.94142051 -2.12484086 1.58450007
v 3.90665942 -3.0365621 1.59887163
v 3.85926233 -3.94802144 1.61679273
v 7.88872743 -3.08861802 2.05874803
v 7.90881774 -4.00091746 2.08445463
v 7.88070408 -2.17631224 2.03942317
v 7.88308964 -1.26419373 2.02565702
v 4.87609809 -2.1560119 -0.41058751
v 4.85149951 -3.06805451 -0.41788462
v 7.22139343 -2.19199835 -0.72797944
v 7.22225125 -3.10441673 -0.73871477
v 4.69872474 -3.95940583 1.66544396
v 4.65825437 -3.9525256 2.36527179
v 7.06935787 -3.98953308 2.03580719
v 7.01546676 -3.98037293 2.96789204
v 4.69234838 -3.04100806 2.33488074
v 7.01026041 -3.06838853 2.927459
v 4.71864963 -2.12925771 2.31261173
v 4.73828351 -1.21737326 2.2973444
v 7.01167491 -2.15631556 2.89880129
v 7.01879617 -1.24428054 2.88033868
v 4.79187698 -0.31200465 1.61122327
v 7.08234907 -0.34116021 1.96907924
v 4.89486784 -1.24397309 -0.41101958
v 7.22736967 -1.27972295 -0.72668069
v 4.820114 -3.98005663 -0.43414134
v 7.23104321 -4.0170135 -0.7604176
v 7.94207892 -2.18675531 0.97826384
v 3.9874983 -2.13268771 0.78770001
v 7.92418628 -2.18372007 1.28721048
v 7.92636055 -1.27152943 1.27753729
v 3.99775822 -1.21850309 1.01146113
v 3.97408989 -2.1304002 1.01969324
v 7.9441292 -1.27453304 0.97027466
v 4.01109357 -1.22075517 0.78074261
v 4.74606837 -3.96747788 0.84633567
v 7.13243758 -4.00025449 0.94494889
v 4.82431071 -0.31752098 1.05024686
v 7.12555736 -0.34848453 1.22195966
v 4.83763404 -0.31979203 0.81983262
v 7.14329501 -0.3514755 0.91509746
v 4.73229305 -3.96511447 1.0848245
v 7.11406986 -3.9971446 1.26253819
v 7.10722505 -3.08485274 1.25053259
v 7.12527964 -3.08794872 0.938211
v 4.76514177 -3.0533831 1.07577823
v 4.7787039 -3.05568959 0.84126596
v 5.52084993 -2.16479501 -0.37322197
v 6.57666943 -2.18321904 -0.7653494
v 5.36148562 -3.96841414 1.7038495
v 6.40657927 -3.980545 1.99739976
v 5.36338217 -2.13802817 2.3499722
v 5.3794896 -1.22606907 2.33450497
v 6.3669623 -2.1475742 2.86144588
v 6.37758249 -1.23558094 2.84317621
v 5.43223885 -0.32071944 1.64834145
v 6.44200523 -0.33243404 1.93197117
v 5.53608942 -1.25266511 -0.37385901
v 6.58616738 -1.27102334 -0.76384316
v 5.40884633 -3.97647608 0.88475196
v 6.46967544 -3.99124111 0.90652501
v 5.4646574 -0.32624715 1.08735492
v 6.48518252 -0.33975077 1.18487184
v 5.4779978 -0.32849543 0.85694258
v 6.50293788 -0.3427683 0.87798307
v 5.39505994 -3.9741405 1.12324269
v 6.45130771 -3.98814134 1.224151
v 6.51753148 -3.08654686 0.14006349
v 5.46344659 -3.07016236 0.30807363
v 5.38385901 -3.05663217 1.68447909
v 6.41154144 -3.06854541 1.97314373
v 7.88853132 -0.72026733 2.019553
v 3.97530323 -0.66910592 1.5676234
v 4.76856322 -0.30803947 2.01449026
v 4.32626378 -0.30567985 1.58424134
v 7.05129569 -0.33583873 2.50614881
v 7.54796322 -0.34746224 1.99607065
v 4.74741962 -0.67348988 2.29092851
v 7.0252361 -0.70038451 2.87324842
v 4.89338628 -0.32925836 -0.14441202
v 7.21754909 -0.36405677 -0.36910813
v 4.90379834 -0.70005049 -0.41426421
v 7.23357237 -0.73578896 -0.72956222
v 7.93174403 -0.72760683 1.27233917
v 4.00774234 -0.67461086 1.00656539
v 7.9494975 -0.73061424 0.96541814
v 4.02105427 -0.67688571 0.77610117
v 4.35870289 -0.31119997 1.02325038
v 7.59116328 -0.35479794 1.24894411
v 4.37201768 -0.31344826 0.79284816
v 7.60890156 -0.35778891 0.94207053
v 5.40892224 -0.31675805 2.05160211
v 6.41093477 -0.32715431 2.46902557
v 5.38786214 -0.68218063 2.32806251
v 6.3847961 -0.69167732 2.83611885
v 5.53373929 -0.33796935 -0.10730966
v 6.57720714 -0.35536096 -0.40622252
v 5.54427535 -0.70876148 -0.37713401
v 6.59312162 -0.72708177 -0.76667471
v 7.86531846 -3.99353115 2.83663506
v 7.8459664 -3.08133545 2.79838641
v 3.8745518 -3.03110397 2.15422606
v 3.82659801 -3.94246716 2.18155908
v 7.83839473 -2.16914481 2.77114005
v 7.84101498 -1.25701744 2.75336381
v 3.93368563 -1.20759696 2.11959718
v 3.90965892 -2.11945991 2.13389788
v 4.66606169 -3.95388191 2.2301945
v 7.02585985 -3.98213917 2.78798763
v 5.32883743 -3.96285986 2.26862344
v 6.36310846 -3.97313592 2.74957323
v 6.36877535 -3.06125146 2.71277705
v 5.35173462 -3.05116139 2.23982403
v 7.84649272 -0.71312267 2.74642285
v 3.9437485 -0.66374268 2.11339131
v 4.7730677 -0.30880366 1.93664234
v 4.30744912 -0.30248139 1.90967306
v 7.5228886 -0.34321619 2.42947944
v 7.05728204 -0.3368762 2.40248992
v 5.41341438 -0.31751718 1.97376622
v 6.41692492 -0.3281766 2.36537237
v 7.91458142 -2.18208541 1.45358787
v 7.91678289 -1.26989984 1.44300563
v 3.99057403 -1.21729355 1.13571326
v 3.9668709 -2.12916282 1.14461087
v 7.92296725 -3.09443673 1.46654934
v 3.93236285 -3.04093214 1.15420814
v 7.94363071 -4.0068589 1.48223671
v 3.88540479 -3.95246993 1.16459301
v 4.72487669 -3.96385938 1.21325436
v 7.10417273 -3.99546945 1.43357536
v 5.45749123 -0.32500471 1.21144447
v 4.81713854 -0.31631776 1.17432819
v 7.11599488 -0.34684861 1.38722049
v 6.47563902 -0.3381528 1.35011876
v 5.38762365 -3.97286516 1.25166179
v 6.44141375 -3.98646114 1.39517046
v 7.92217333 -0.72598483 1.4376019
v 4.00056858 -0.67340132 1.13065873
v 4.3515323 -0.3099626 1.14734056
v 7.58160333 -0.35316962 1.41420053
v 7.98198627 -4.01338234 0.81895267
v 7.96068325 -3.1008463 0.81434919
v 3.96069666 -3.04574122 0.66448916
v 3.91419692 -3.95736124 0.66657866
v 7.95189002 -2.18844058 0.80840269
v 3.99487987 -2.13395545 0.66015201
v 7.95389095 -1.27622463 0.80133458
v 4.01843212 -1.22201659 0.6538892
v 4.75366376 -3.96875828 0.71522356
v 7.14254031 -4.00198277 0.77032042
v 5.41643318 -3.97778684 0.75363669
v 6.47976931 -3.99294915 0.73191425
v 5.4853139 -0.32977203 0.73026757
v 4.84495013 -0.32103194 0.69315508
v 7.15304347 -0.35314305 0.74638196
v 6.51269394 -0.34443585 0.70927516
v 7.95924849 -0.73228306 0.79666594
v 4.02839251 -0.67812056 0.64940466
v 4.37934516 -0.31469576 0.6661643
v 7.61866901 -0.35944381 0.7733525
v 8.03800736 -3.11398553 -0.52297067
v 8.02838605 -2.20143052 -0.51454941
v 4.05230756 -2.14368494 -0.33319507
v 4.01875665 -3.05561367 -0.33965271
v 8.02997579 -1.28913993 -0.51441277
v 4.07554857 -1.23170685 -0.33404719
v 8.06062557 -4.02674046 -0.54101387
v 3.97324156 -3.96738173 -0.35458729
v 4.81271188 -3.97877877 -0.30593922
v 7.22116949 -4.01535101 -0.58967016
v 5.47547624 -3.98781239 -0.26753621
v 6.55841494 -4.00632245 -0.62807127
v 5.49595117 -3.07568248 -0.25404209
v 6.56082327 -3.09390154 -0.60858003
v 8.03523212 -0.74520594 -0.51755176
v 4.08543368 -0.68783486 -0.33738102
v 4.88910385 -0.32855237 -0.07054004
v 4.42351026 -0.32221618 -0.09752956
v 7.67746218 -0.3694314 -0.24373819
v 7.21186322 -0.36309521 -0.27071759
v 5.52947805 -0.33725197 -0.03342882
v 6.57151116 -0.35439181 -0.30783261
v 7.88212238 -2.200951 -0.68969599
v 7.89012802 -3.1134959 -0.69999925
v 7.74856145 -3.99876407 2.07517492
v 7.70504952 -3.99138029 2.82735283
v 7.69468553 -3.98959381 3.00724965
v 7.67815172 -3.07747908 2.9661549
v 7.67240829 -2.16530995 2.93709676
v 7.6759085 -1.25319903 2.91842032
v 7.88448137 -1.28867939 -0.68859273
v 7.91026451 -4.0262369 -0.72105809
v 7.90036675 -4.02457188 -0.55030496
v 7.82172681 -4.01119352 0.80967739
v 7.79326332 -4.00638065 1.3018958
v 7.78338833 -4.0046878 1.47293803
v 7.77512523 -3.09391673 1.28920825
v 7.79318994 -3.0970127 0.9769341
v 7.81164497 -4.00948295 0.98429322
v 7.42800586 -0.3409717 2.52798132
v 7.43401815 -0.34199146 2.42432243
v 7.68158868 -0.70931818 2.91127882
v 7.58858351 -0.36821679 -0.24888634
v 7.88993634 -0.74471504 -0.6915141
v 7.45907379 -0.34625902 1.9908972
v 7.49273162 -0.35196387 1.40905048
v 7.52002858 -0.35659455 0.93692048
v 7.52978148 -0.35824059 0.76820498
v 7.50227765 -0.35357575 1.24380166
v 7.59427001 -0.3691986 -0.34727436
v 4.21774616 -2.14706685 -0.44874443
v 4.18597508 -3.05901836 -0.45644388
v 4.02192189 -3.95024316 1.62621857
v 3.98927655 -3.94469393 2.19098935
v 3.98145912 -3.94334521 2.32605968
v 4.02683566 -3.03198456 2.29631958
v 4.06029959 -2.12031645 2.27446303
v 4.08351751 -1.20845477 2.25939877
v 4.24010026 -1.23506473 -0.44896141
v 4.14332096 -3.97085347 -0.47336484
v 4.13589954 -3.96959332 -0.345145
v 4.07686028 -3.95958043 0.6760007
v 4.05550697 -3.95593408 1.04559721
v 4.04807447 -3.95468658 1.17403339
v 4.11319087 -3.04665217 0.80268709
v 4.09963538 -3.04433936 1.03720252
v 4.06928514 -3.95828232 0.8071223
v 4.39317931 -0.30295205 1.99273555
v 4.39769074 -0.30369853 1.91489839
v 4.09337542 -0.6645929 2.25303792
v 4.51372658 -0.32345103 -0.09230044
v 4.24980065 -0.69118009 -0.45215734
v 4.41650003 -0.30691217 1.5894635
v 4.44176222 -0.31118859 1.15257348
v 4.46224475 -0.31468437 0.79807855
v 4.46956464 -0.3159344 0.67139342
v 4.44892965 -0.31244494 1.028489
v 4.51800584 -0.32415069 -0.16617811
v 6.70905941 -2.18498907 -0.75766702
v 6.70436673 -3.09738847 -0.76873131
v 6.54268138 -3.98239221 2.00528646
v 6.49920424 -3.97497554 2.75746247
v 6.48879344 -3.97322195 2.93736751
v 6.49236513 -3.06134635 2.8974298
v 6.49935796 -2.14934929 2.86911181
v 6.50926648 -1.23735097 2.85080291
v 6.71782227 -1.27281615 -0.75621962
v 6.70437748 -4.00986252 -0.79093833
v 6.69450819 -4.0081975 -0.62018203
v 6.61587142 -3.99481154 0.73979526
v 6.57349248 -0.33423444 1.93959535
v 6.60713069 -0.33994181 1.35773914
v 6.63443589 -0.3445649 0.88560851
v 6.64419131 -0.34622486 0.71689048
v 6.58740223 -3.98999614 1.23202126
v 6.57752282 -3.98829823 1.40305147
v 6.61668115 -0.34157014 1.19248968
v 6.60577439 -3.99311616 0.91440982
v 6.5424334 -0.32892814 2.47665037
v 6.54842102 -0.32997447 2.37299211
v 6.51631055 -0.69344355 2.84374745
v 6.70300916 -0.35618462 -0.30020085
v 6.72464366 -0.7288556 -0.75904484
v 6.70869882 -0.35713859 -0.39859835
v 5.38209783 -2.16289972 -0.38127063
v 5.362983 -3.07500306 -0.38823372
v 5.21886576 -3.96649355 1.6955826
v 5.18620904 -3.96095445 2.26033946
v 5.17839508 -3.95961079 2.39542877
v 5.20380941 -3.0479895 2.36451962
v 5.22463766 -2.13614174 2.3419381
v 5.24149884 -1.22420414 2.32650503
v 5.39809139 -1.25080018 -0.38186338
v 5.34024775 -3.98711905 -0.40399891
v 5.33285005 -3.98587914 -0.27579869
v 5.27380985 -3.97581817 0.74536979
v 5.29442048 -0.31884692 1.64034847
v 5.31968931 -0.32312461 1.20345402
v 5.34018133 -0.32662671 0.84895656
v 5.34749995 -0.32785903 0.72227839
v 5.25244831 -3.97219207 1.11497199
v 5.24500221 -3.97093445 1.24339489
v 5.32685231 -0.32436198 1.07937523
v 5.26621699 -3.97453524 0.87648886
v 5.27110893 -0.31488807 2.04360913
v 5.27561404 -0.31566365 1.9657764
v 5.25002796 -0.68030432 2.32007142
v 5.39165525 -0.33536427 -0.04140662
v 5.4064399 -0.70689277 -0.3851213
v 5.39592851 -0.33610822 -0.11529378
v 6.40479279 -2.1808784 -0.7752984
v 5.6927253 -2.16711541 -0.36326665
v 6.3967764 -3.09320694 -0.78655373
v 5.67697087 -3.07927189 -0.37004945
v 6.19508819 -2.14524368 2.85147854
v 5.53526071 -2.14034477 2.35993195
v 6.2066497 -1.23325168 2.83326074
v 5.55042555 -1.22840591 2.34440147
v 6.18479442 -3.05716356 2.87960991
v 5.51780836 -3.05224821 2.38273236
v 6.41520803 -1.2686865 -0.77373965
v 5.70702537 -1.25500322 -0.3639448
v 6.27127741 -0.33010732 1.92208733
v 5.60294263 -0.32305628 1.65823099
v 6.30492638 -0.33583114 1.340221
v 5.62820071 -0.32733397 1.22132199
v 6.2298942 -3.97813351 1.98716039
v 5.5381707 -3.97082311 1.7140895
v 6.26471918 -3.9840623 1.38494121
v 5.56432454 -3.97527413 1.26189736
v 6.31447368 -0.33745314 1.17495953
v 5.63538396 -0.32855616 1.09725648
v 6.33221512 -0.34046182 0.86809164
v 5.64870349 -0.3308209 0.86683528
v 6.29298467 -3.98886251 0.89629513
v 5.58553837 -3.97888504 0.89499006
v 6.27462706 -3.98573238 1.21390404
v 5.57176273 -3.97653428 1.13346814
v 6.34379815 -3.08419104 0.12999176
v 5.63718183 -3.07252198 0.31815105
v 6.38707096 -3.09154192 -0.61865113
v 5.66969527 -3.07803071 -0.24397226
v 6.30307537 -3.99056043 0.72167045
v 5.59312142 -3.9801705 0.76387416
v 6.23779482 -3.06616302 1.96306441
v 5.55758665 -3.05899053 1.69455272
v 6.19502556 -3.05890323 2.70271101
v 5.52547745 -3.0535324 2.24990082
v 6.24022972 -0.32481873 2.45913223
v 5.57964058 -0.31908731 2.06149987
v 6.24621924 -0.32584481 2.35549106
v 5.58413145 -0.31984644 1.98366271
v 6.21404867 -0.68936071 2.82622615
v 5.55858997 -0.68449091 2.33795964
v 6.34198446 -0.34212178 0.6993793
v 5.6560278 -0.33207725 0.74015584
v 6.40079599 -0.35207394 -0.31771898
v 5.70018753 -0.33956984 -0.02354244
v 6.42238621 -0.72475631 -0.77656234
v 5.7150095 -0.71110086 -0.36724511
v 6.40648122 -0.35302791 -0.4161013
v 5.70446142 -0.34029481 -0.09742455
v 3.41681107 -1.26388628 -2.95099702
v 3.4500675 -2.17422338 -2.9998064
v 3.47424351 -3.08541576 -3.04190509
v 3.48788314 -3.99753934 -3.07622779
v 7.35482342 -2.84476089 -4.01876582
v 7.43422248 -3.75277 -4.06964762
v 7.28894758 -1.93612171 -3.96617851
v 7.23477559 -1.02710549 -3.91208307
v 3.61239337 -2.03265618 -5.19265308
v 3.6383375 -2.94230501 -5.25857067
v 5.68854377 -1.86714104 -6.31721223
v 5.7370261 -2.77498314 -6.39534165
v 4.28875876 -3.94483311 -3.32725361
v 4.5000743 -3.97577515 -2.65954005
v 6.63335033 -3.8054737 -3.81862939
v 6.91480642 -3.84668548 -2.92932392
v 4.46957729 -3.0640324 -2.6321735
v 6.84405256 -2.93709233 -2.89744562
v 4.43470138 -2.15308673 -2.59445497
v 4.39609183 -1.24285591 -2.54784959
v 6.78366774 -2.02748526 -2.85690061
v 6.73224506 -1.11794524 -2.80886047
v 4.15039825 -0.30329999 -3.13960483
v 6.41572233 -0.16869019 -3.61434559
v 3.5782614 -1.1230858 -5.13188744
v 5.64308151 -0.95844492 -6.25032295
v 3.65475807 -3.85200697 -5.33045754
v 5.7890118 -3.68183204 -6.48649518
v 6.96853495 -1.88922026 -4.97863727
v 3.20947336 -2.13900491 -3.76002979
v 7.06180265 -1.90287444 -4.68386544
v 7.00888702 -0.99401132 -4.62586809
v 3.24719189 -1.23905395 -3.48693865
v 3.2795301 -2.1492544 -3.53869345
v 6.9161039 -0.98041154 -4.91902803
v 3.17751788 -1.22883103 -3.70706545
v 4.04140807 -3.9086379 -4.10876294
v 6.30395912 -3.75724126 -4.85941373
v 3.98100744 -0.27848916 -3.67482529
v 6.19012602 -0.13563398 -4.32717157
v 3.91143307 -0.26830167 -3.89466362
v 6.09746057 -0.12205824 -4.61994436
v 4.11343316 -3.91915688 -3.88121694
v 6.39985277 -3.77128892 -4.55640284
v 6.33769476 -2.86292682 -4.49739837
v 6.243382 -2.84915244 -4.79538384
v 4.08937292 -3.00835797 -3.8334754
v 4.01856307 -2.99799461 -4.05722323
v 4.22751455 -1.99220353 -5.38545634
v 5.07344979 -1.90759369 -6.12442668
v 4.92105427 -3.90323291 -3.52544161
v 6.00104123 -3.84709162 -3.62043126
v 5.04979727 -2.11261384 -2.78725317
v 5.00782003 -1.20259684 -2.73959513
v 6.1685959 -2.06794929 -2.66410494
v 6.12050642 -1.15819419 -2.61712253
v 4.76132937 -0.26311176 -3.33108467
v 5.80480988 -0.20885564 -3.42286321
v 4.19000858 -1.08282293 -5.32362792
v 5.03135236 -0.99870019 -6.05858248
v 4.67372413 -3.86702758 -4.30693576
v 5.67165951 -3.7988326 -4.66123838
v 4.59192116 -0.23831865 -3.86631779
v 5.57919585 -0.17581208 -4.13565377
v 4.52235976 -0.22812104 -4.08615612
v 5.48653736 -0.16224393 -4.42846452
v 4.74574131 -3.87758072 -4.07940241
v 5.76756707 -3.81289924 -4.35819206
v 5.3920171 -2.85641097 -5.32597868
v 4.46792872 -2.93183537 -4.79686161
v 4.88354324 -2.9926997 -3.48364151
v 5.94553571 -2.93747822 -3.57703952
v 7.20696748 -0.4848264 -3.87927357
v 3.39347169 -0.72131619 -2.91930344
v 4.27217467 -0.32112177 -2.75484854
v 3.7061896 -0.33251881 -3.00036562
v 6.57789226 -0.19240281 -3.10192679
v 6.85993477 -0.13945239 -3.75356961
v 4.37162135 -0.70031998 -2.51663679
v 6.70501705 -0.57556241 -2.77732884
v 3.62026425 -0.22565008 -4.81464797
v 5.70968485 -0.06522488 -5.84519674
v 3.55472655 -0.58066754 -5.09764066
v 5.61713389 -0.4162506 -6.21476541
v 6.98134713 -0.45178157 -4.59219318
v 3.22405304 -0.69649525 -3.45461247
v 6.88867092 -0.43820584 -4.88502923
v 3.15445052 -0.68631787 -3.67449128
v 3.53679563 -0.30771305 -3.53560633
v 6.63433024 -0.10639111 -4.46640319
v 3.46721399 -0.2975129 -3.75543201
v 6.54166036 -0.09280273 -4.7591861
v 4.88310073 -0.28094367 -2.9463385
v 5.96696462 -0.23260748 -2.91044695
v 4.9826306 -0.66010013 -2.70812929
v 6.0940097 -0.61575569 -2.58583381
v 4.2311843 -0.18547704 -5.00613793
v 5.09877239 -0.10541816 -5.65371689
v 4.16576426 -0.54048817 -5.28916099
v 5.0061199 -0.45644388 -6.02325014
v 7.661344 -3.78602485 -3.35199358
v 7.57816701 -2.87745399 -3.31308576
v 3.64193735 -3.10996722 -2.51205166
v 3.65840916 -4.02251211 -2.53738628
v 7.50989676 -1.9685023 -3.26805177
v 7.45451586 -1.0592672 -3.21778486
v 3.5818002 -1.2880316 -2.42967365
v 3.61597076 -2.19852685 -2.47562871
v 4.45928131 -3.96981853 -2.78842729
v 6.86047628 -3.83873235 -3.10096776
v 5.09160022 -3.92820315 -2.98659505
v 6.228183 -3.88033129 -2.90278735
v 6.16887488 -2.97015487 -2.87135187
v 5.05122348 -3.01724356 -2.95378302
v 7.42644395 -0.5169704 -3.18576739
v 3.55827199 -0.74545013 -2.3985899
v 4.24866955 -0.3176728 -2.82911906
v 3.80445964 -0.34690175 -2.68987227
v 6.99079321 -0.15862669 -3.3400525
v 6.54658457 -0.18783286 -3.20082595
v 4.85958738 -0.27749344 -3.02059132
v 5.93566009 -0.22803374 -3.00934104
v 7.1120569 -1.91023292 -4.52512425
v 7.05884332 -1.00132804 -4.46798977
v 3.28470924 -1.24455383 -3.3683958
v 3.31725621 -2.15475934 -3.41950281
v 7.17600013 -2.81856592 -4.58378458
v 3.33996489 -3.06575688 -3.46615627
v 7.2523747 -3.72615625 -4.64422127
v 3.35133187 -3.97754645 -3.50767296
v 4.15222332 -3.92483262 -3.75869625
v 6.45149749 -3.7788511 -4.39321316
v 4.6293993 -0.24378817 -3.74792423
v 4.0184783 -0.28399284 -3.55644439
v 6.24002412 -0.14293172 -4.16949316
v 5.62910471 -0.18314778 -3.97799813
v 4.78450554 -3.88324254 -3.95687161
v 5.81920231 -3.82045256 -4.19502262
v 7.03123384 -0.45909577 -4.43451476
v 3.26152612 -0.70199513 -3.33621385
v 3.57426776 -0.31319521 -3.41721277
v 6.68423277 -0.11371923 -4.30872983
v 7.05208834 -3.69683367 -5.27706302
v 6.97906595 -2.78973299 -5.20605422
v 3.19210673 -3.04409644 -3.93339685
v 3.20095152 -3.95553175 -3.98281606
v 6.917235 -1.88171249 -5.14069585
v 3.17096882 -2.13337219 -3.88172555
v 6.86508672 -0.97297209 -5.08021362
v 3.13921894 -1.22324258 -3.82809571
v 4.00182936 -3.90283816 -4.23384694
v 6.25123391 -3.74953358 -5.02603214
v 4.63413942 -3.86125061 -4.43204001
v 5.61892986 -3.79110215 -4.82783655
v 4.48410605 -0.22254271 -4.20701684
v 3.87317303 -0.26270563 -4.01552687
v 6.04651108 -0.11459981 -4.78091739
v 5.4355942 -0.15478803 -4.58942237
v 6.83771511 -0.43074614 -5.0460301
v 3.11620377 -0.68070665 -3.79537224
v 3.42896439 -0.29191433 -3.87630285
v 6.49072732 -0.08535442 -4.92016672
v 6.57525176 -2.73060073 -6.4819809
v 6.51775985 -1.82320905 -6.40292534
v 2.87100583 -2.08942122 -4.8294712
v 2.88889689 -2.99970139 -4.89145651
v 6.46778837 -0.91477103 -6.33556794
v 2.84089345 -1.1795358 -4.77068435
v 6.64143631 -3.63669684 -6.57459954
v 2.8925989 -3.91035605 -4.957116
v 3.69348307 -3.85765361 -5.20814435
v 5.84057049 -3.68939042 -6.3235889
v 4.32578364 -3.81607872 -5.40633488
v 5.20828036 -3.73096532 -6.12539078
v 4.29819346 -2.90698153 -5.33318028
v 5.16596342 -2.82329782 -6.04025207
v 6.44086844 -0.37264504 -6.29992689
v 2.81822305 -0.6370973 -4.73685762
v 3.64256332 -0.22894596 -4.74416549
v 3.19836922 -0.25816225 -4.60494653
v 6.18359057 -0.04036977 -5.89056474
v 5.73939331 -0.06957721 -5.751323
v 4.25350519 -0.18875141 -4.93565293
v 5.12847643 -0.10976417 -5.55984316
v 6.31890129 -1.82564838 -6.51480052
v 6.37420817 -2.73307422 -6.59504791
v 7.28133922 -3.76284868 -4.02172389
v 7.50844619 -3.79611239 -3.30406985
v 7.5628048 -3.80405287 -3.1324336
v 7.48124032 -2.89518595 -3.09717718
v 7.41403411 -1.9860217 -3.05448637
v 7.35915171 -1.07669551 -3.00536574
v 6.26999385 -0.91722302 -6.44680798
v 6.43700828 -3.63919943 -6.68960992
v 6.48855115 -3.64675022 -6.52668846
v 6.89920192 -3.70688452 -5.22912664
v 7.047829 -3.72866263 -4.75950746
v 7.09949207 -3.73622607 -4.59632031
v 6.97488189 -2.82100019 -4.69715524
v 6.88059633 -2.8072157 -4.99509516
v 6.95194295 -3.71459979 -5.06253606
v 6.93728862 -0.16876611 -3.21457628
v 6.90600497 -0.16418477 -3.3134805
v 7.33120063 -0.5343734 -2.97361143
v 6.09879917 -0.04594051 -5.86397756
v 6.24332949 -0.37506159 -6.41104041
v 6.77512123 -0.14502818 -3.72701026
v 6.59944579 -0.11928869 -4.28215024
v 6.45687655 -0.09839876 -4.7326065
v 6.40592516 -0.09092642 -4.89358207
v 6.54953504 -0.11197197 -4.43981348
v 6.0690907 -0.04159956 -5.95784876
v 2.98430628 -2.0739793 -4.99578849
v 3.00340751 -2.9840798 -5.05955016
v 3.64306307 -3.98733667 -3.12487016
v 3.81361345 -4.01230944 -2.58602613
v 3.85439063 -4.01826606 -2.4571566
v 3.83465616 -3.10582618 -2.43315805
v 3.80660987 -2.19440858 -2.39758279
v 3.77141765 -1.28393231 -2.35205284
v 2.95358659 -1.16417991 -4.93608816
v 3.00907155 -3.89447763 -5.12807662
v 3.04778264 -3.90015338 -5.00574319
v 3.35613842 -3.94531642 -4.03147362
v 3.46775202 -3.96164272 -3.67884361
v 3.50652636 -3.96734883 -3.55630521
v 3.38363434 -3.03976056 -3.85822296
v 3.4544521 -3.05012138 -3.63447766
v 3.39573167 -3.95110856 -3.90636684
v 3.91404257 -0.34469269 -2.64259126
v 3.8905501 -0.34123233 -2.71685926
v 3.74764114 -0.74135463 -2.32104247
v 3.28443817 -0.25249536 -4.63191834
v 2.93078904 -0.62173508 -4.90206912
v 3.79227374 -0.32685192 -3.02735767
v 3.66035316 -0.30751441 -3.44419217
v 3.55329432 -0.2918574 -3.7824114
v 3.51503935 -0.28627655 -3.90328225
v 3.62288103 -0.30207146 -3.56258067
v 3.26213848 -0.2492134 -4.70240334
v 5.19975694 -1.89925467 -6.16401266
v 5.24294593 -2.80749531 -6.2404796
v 6.1308837 -3.8385451 -3.66113316
v 6.3580223 -3.87178478 -2.94348418
v 6.41233979 -3.87975309 -2.77183529
v 6.3499591 -2.96959944 -2.74259622
v 6.29490336 -2.05963052 -2.70370863
v 6.24612941 -1.1499159 -2.6565086
v 5.15695415 -0.99044468 -6.0979559
v 5.2865537 -3.71488446 -6.32902173
v 5.33811524 -3.72245676 -6.16608761
v 5.74877423 -3.78257462 -4.86853844
v 5.93025447 -0.20061531 -3.46218097
v 5.75455436 -0.17488215 -4.01731588
v 5.61199397 -0.15398336 -4.46777721
v 5.56104764 -0.14653252 -4.62875277
v 5.89740195 -3.80436032 -4.39890661
v 5.94904984 -3.81190605 -4.23573211
v 5.70464804 -0.16758187 -4.17498165
v 5.80150388 -3.79031266 -4.70194281
v 6.09241996 -0.22433932 -2.9497647
v 6.061111 -0.21978455 -3.04866639
v 6.21948086 -0.60747993 -2.62514904
v 5.25393462 -0.1015289 -5.59915585
v 5.13159739 -0.44817571 -6.06257549
v 5.22422109 -0.09715759 -5.69303212
v 4.09513502 -2.00090693 -5.34396748
v 4.12631397 -2.91020276 -5.41151466
v 4.78499201 -3.91220074 -3.48279888
v 4.95552373 -3.93718869 -2.94397003
v 4.99631292 -3.94314784 -2.81507267
v 4.95753415 -3.03195293 -2.7851099
v 4.91742848 -2.12132483 -2.74576178
v 4.87617274 -1.21126608 -2.69833401
v 4.05834674 -1.09149217 -5.28237186
v 4.15098752 -3.81934929 -5.48599521
v 4.18971442 -3.82504528 -5.36368709
v 4.49806546 -3.87017669 -4.38939221
v 4.62984876 -0.27176202 -3.28987922
v 4.49792945 -0.25243463 -3.70672131
v 4.39087947 -0.23677509 -4.04494307
v 4.35262228 -0.23116514 -4.1658038
v 4.60967969 -3.88652324 -4.03676221
v 4.6484417 -3.89220025 -3.91422887
v 4.46045226 -0.24695626 -3.82509716
v 4.53764859 -3.87597516 -4.26428797
v 4.75162392 -0.28959393 -2.90512799
v 4.72812196 -0.28615888 -2.97938586
v 4.85112975 -0.66874913 -2.6669213
v 4.12201952 -0.19737889 -4.89443229
v 4.03426784 -0.54914097 -5.24793782
v 4.09970781 -0.19413489 -4.96493501
v 4.90948326 -1.9183771 -6.07302109
v 4.39148424 -1.98139861 -5.43685435
v 4.9494972 -2.82679993 -6.14849103
v 4.4258683 -2.89048695 -5.50541117
v 6.00461862 -2.07875674 -2.61271959
v 5.21377455 -2.10181904 -2.83864865
v 5.95742491 -1.16892446 -2.56601552
v 5.17089933 -1.19188428 -2.79071985
v 6.05652651 -2.98889647 -2.65061271
v 5.25710176 -3.01224344 -2.87899628
v 4.86825251 -1.00942287 -6.0074451
v 4.35309073 -1.07211417 -5.37475011
v 5.64193396 -0.21956693 -3.37179163
v 4.92419073 -0.25240427 -3.38213601
v 5.46623892 -0.19385022 -3.92695438
v 4.79225528 -0.23308194 -3.79898569
v 5.83247186 -3.85816602 -3.56759344
v 5.08962047 -3.89214205 -3.57828196
v 5.6506323 -3.8315548 -4.14217974
v 4.95308345 -3.87216054 -4.00971955
v 5.4163288 -0.18653729 -4.08462521
v 4.75480245 -0.22759724 -3.91736407
v 5.32366271 -0.17296155 -4.37740559
v 4.68521922 -0.21740595 -4.13720492
v 5.50309393 -3.80994117 -4.60840056
v 4.84229318 -3.85594051 -4.35978623
v 5.59899897 -3.82398124 -4.3053669
v 4.91431701 -3.86647721 -4.13225035
v 5.22626947 -2.86732217 -5.27402398
v 4.63368173 -2.92092544 -4.84880871
v 5.00019808 -2.83421154 -5.9882999
v 4.46395247 -2.8960678 -5.38514004
v 5.45035354 -3.80220692 -4.77499873
v 4.80270278 -3.85014204 -4.48488289
v 5.77977005 -2.94836158 -3.52509241
v 5.04929181 -2.98180116 -3.53558356
v 6.00310985 -2.98107619 -2.81939717
v 5.21698281 -3.0063602 -3.00573013
v 5.80410389 -0.24330233 -2.85940573
v 5.04597158 -0.27023744 -2.99737972
v 5.77280569 -0.23872858 -2.95828464
v 5.02246044 -0.26678974 -3.07164265
v 5.93111228 -0.62646192 -2.53476982
v 5.14550999 -0.64938251 -2.75918316
v 5.27273441 -0.16550312 -4.53837862
v 4.64696867 -0.21181371 -4.25806818
v 4.96561127 -0.12048811 -5.5087817
v 4.41636655 -0.17803632 -4.98670679
v 4.84323261 -0.46715391 -5.97218868
v 4.32865409 -0.52978068 -5.34021739
v 4.9358968 -0.11612819 -5.60265796
v 4.39405674 -0.17476575 -5.05719939
v 1.0787344 -1.04462363 -6.12866262
v 1.09771725 -1.9534779 -6.20490434
v 1.10855981 -2.86334434 -6.27334477
v 1.10996436 -3.77427102 -6.33271868
v 2.71996788 -2.47686103 -9.92370907
v 2.74868727 -3.38121873 -10.04493165
v 2.6918286 -1.57113943 -9.81604958
v 2.66413214 -0.66438414 -9.72012873
v 3.29110648 -1.90673461 -6.0004257
v 3.32577869 -2.81606966 -6.06664947
v 4.74788996 -1.69143333 -7.85349947
v 4.79837701 -2.59843154 -7.9398376
v 1.49134783 -3.69379463 -7.07787338
v 0.86690542 -3.68298718 -7.39630215
v 2.36730941 -3.46169892 -9.29977947
v 1.53562933 -3.44731345 -9.72390666
v 0.86956095 -2.77359646 -7.31922033
v 1.52712299 -2.54183857 -9.60801063
v 0.86126787 -1.86471942 -7.23953975
v 0.84356596 -0.95633581 -7.15768048
v 1.51179145 -1.63543628 -9.50374444
v 1.49053588 -0.7283027 -9.40951898
v 1.42202175 -0.05876977 -6.76640581
v 2.26833782 0.16542721 -8.91319369
v 3.26016601 -0.99812199 -5.92530495
v 4.70900839 -0.78396827 -7.76826967
v 3.3647561 -3.72621191 -6.12252127
v 4.86231581 -3.50484521 -8.02744347
v 3.63868386 -1.58753026 -9.33320387
v 1.80868757 -1.96579095 -5.84235507
v 3.36299872 -1.58275661 -9.47375383
v 3.33166477 -0.67591782 -9.37972827
v 1.57994736 -1.05329539 -5.87306938
v 1.60168989 -1.96220407 -5.94791178
v 3.6058383 -0.6806358 -9.23992225
v 1.78581331 -1.05683546 -5.76807442
v 2.22221654 -3.70645182 -6.70515433
v 3.3406519 -3.47853131 -8.80341876
v 1.92256479 -0.06743141 -6.51114912
v 2.93497499 0.15390871 -8.57325629
v 2.12815998 -0.07099046 -6.40631358
v 3.20878793 0.149192 -8.43360969
v 2.00942371 -3.70275234 -6.81367922
v 3.05727901 -3.47363874 -8.94792631
v 3.02341306 -2.5677109 -8.84497847
v 3.30207904 -2.57256173 -8.7028647
v 1.99302434 -2.79302254 -6.74630411
v 2.2022752 -2.79664231 -6.63960112
v 3.58403299 -1.84494414 -6.57275233
v 4.45498749 -1.75321241 -7.28120574
v 1.79246248 -3.6302645 -7.66619483
v 2.06618116 -3.52524803 -8.71146056
v 1.15418821 -1.8029163 -7.81185626
v 1.13488288 -0.89485785 -7.72685926
v 1.21887159 -1.69723054 -8.93144565
v 1.1992237 -0.78977306 -8.84033514
v 1.71294701 0.00259938 -7.33484317
v 1.97741066 0.10407704 -8.3447791
v 3.5514876 -0.93664024 -6.49449385
v 4.41768585 -0.84544116 -7.19909343
v 2.52332486 -3.64291789 -7.29349096
v 3.03955749 -3.54205765 -8.21510743
v 2.21349037 -0.00607365 -7.07956118
v 2.64402744 0.09255474 -8.00482905
v 2.41909204 -0.0096251 -6.97474082
v 2.91785856 0.08781905 -7.86517992
v 2.31053014 -3.63924118 -7.40200826
v 2.75614886 -3.53718026 -8.35963522
v 3.68445894 -2.64674496 -7.77836607
v 3.00782026 -2.74298211 -6.95831077
v 1.77969126 -2.72173918 -7.58460631
v 2.04885185 -2.61846239 -8.61245512
v 2.64782307 -0.12320073 -9.66743768
v 1.06427309 -0.50298347 -6.08018219
v 1.06219846 -0.05253606 -6.94990216
v 1.21047682 -0.10340141 -6.3530962
v 1.78912026 0.17375104 -9.15755437
v 2.47987572 0.21007531 -9.32650836
v 0.82939313 -0.4147994 -7.10800569
v 1.47558897 -0.18705096 -9.35718218
v 2.98853145 -0.0858605 -5.96755547
v 4.35464978 0.12942305 -7.84926354
v 3.24314605 -0.45652485 -5.87704974
v 4.69030158 -0.24264821 -7.71787372
v 3.31454992 -0.13472682 -9.32744209
v 1.56489671 -0.51163753 -5.82488501
v 3.58842264 -0.13945619 -9.18780308
v 1.77052796 -0.51520796 -5.72000899
v 1.71103971 -0.11205927 -6.09784203
v 3.14650878 0.1985606 -8.98653301
v 1.91662209 -0.11559933 -5.99300143
v 3.42033247 0.19384895 -8.84689653
v 1.35312933 0.00882043 -7.51832434
v 1.49820338 0.11235533 -8.58913472
v 1.12034116 -0.35339609 -7.67650379
v 1.18463453 -0.24844036 -8.78868409
v 3.2794662 -0.02449135 -6.53597512
v 4.06372864 0.06804251 -7.28085907
v 3.53413362 -0.39514811 -6.44558579
v 4.39932508 -0.30403634 -7.14935032
v 2.07754277 -3.3696104 -10.38719197
v 2.06001467 -2.46543742 -10.26025063
v 0.61303599 -2.85476366 -6.52604067
v 0.60603114 -3.7655651 -6.58968594
v 2.03893195 -1.55986891 -10.14899541
v 2.01482332 -0.6531402 -10.05125265
v 0.59118577 -1.03617706 -6.37727947
v 0.60750761 -1.94501615 -6.45489775
v 0.9874345 -3.68509503 -7.33483811
v 1.69615179 -3.45009059 -9.64203474
v 1.28852994 -3.62154592 -7.92316715
v 1.39504694 -3.51361693 -9.05372847
v 1.38889121 -2.60701474 -8.9490068
v 1.28416424 -2.71315851 -7.83728704
v 1.99925741 -0.11198715 -9.9981795
v 0.57730045 -0.49456474 -6.32851564
v 1.13165778 -0.05373675 -6.91448126
v 0.92010478 -0.0983684 -6.50118177
v 2.09315012 0.21674804 -9.52370191
v 1.88161839 0.17213537 -9.11040241
v 1.42257608 0.0076248 -7.4829085
v 1.59069598 0.11075104 -8.54196505
v 3.21455161 -1.58020215 -9.54948188
v 3.18401823 -0.67336589 -9.45501097
v 1.46908546 -1.05138113 -5.92960162
v 1.49022543 -1.96026323 -6.00476791
v 3.24837518 -2.48600093 -9.65423645
v 1.50531783 -2.87020179 -6.0710094
v 3.28602981 -3.3905307 -9.77090679
v 1.51345521 -3.78125627 -6.12695205
v 1.89483939 -3.70077228 -6.87212953
v 2.90466081 -3.47100836 -9.02575208
v 2.10277523 -0.00413787 -7.13604028
v 1.81185614 -0.06552727 -6.56761557
v 2.78752361 0.15647077 -8.6484403
v 2.49657842 0.09507884 -8.08001812
v 2.19593728 -3.63724974 -7.46043326
v 2.60354727 -3.53453723 -8.43744329
v 3.16708778 -0.13219007 -9.40262863
v 1.45416654 -0.50972958 -5.88135146
v 1.60032267 -0.11013614 -6.15430089
v 2.99905961 0.20110115 -9.0617398
v 3.87787519 -3.40077892 -9.46911303
v 3.83032818 -2.49606823 -9.35748077
v 1.9422912 -2.87775638 -5.84819023
v 1.95781046 -3.78894876 -5.9003423
v 3.7902358 -1.59015937 -9.25590189
v 1.92249236 -1.96776594 -5.78432735
v 3.75657418 -0.68328769 -9.16304539
v 1.8990002 -1.05881172 -5.71036553
v 2.33919986 -3.70847616 -6.64550713
v 3.49648026 -3.48124393 -8.72397857
v 2.64031736 -3.64495741 -7.23383111
v 3.19535928 -3.54475129 -8.13564953
v 2.53211651 -0.01160136 -6.91709013
v 2.24118603 -0.07294395 -6.34866289
v 3.35932233 0.14658819 -8.35683404
v 3.06838916 0.08520259 -7.78841186
v 3.73898076 -0.14207011 -9.11101478
v 1.88357963 -0.51715006 -5.66237601
v 2.02965541 -0.11756041 -5.93535327
v 3.570883 0.19124008 -8.7701386
v 5.02358142 -2.51670511 -8.74898171
v 4.97068382 -1.61056978 -8.65394398
v 2.80883043 -1.98307122 -5.33232499
v 2.8382713 -2.89325903 -5.39128644
v 4.93057942 -0.70356779 -8.56436185
v 2.78051465 -1.07404362 -5.26082528
v 5.09133262 -3.42175868 -8.85030755
v 2.86897295 -3.8046918 -5.43569288
v 3.2503622 -3.72421541 -6.18086024
v 4.70995445 -3.50223255 -8.10515031
v 3.55147969 -3.66070425 -6.7691741
v 4.40884201 -3.56573105 -7.51684151
v 3.50939555 -2.75165767 -6.70254799
v 4.3524635 -2.65828623 -7.43772522
v 4.91163223 -0.1623578 -8.51302457
v 2.76405644 -0.53240093 -5.21335703
v 2.92260975 -0.08474205 -6.00116206
v 2.71108957 -0.12936232 -5.58786762
v 4.47839899 0.17555524 -8.30733639
v 4.26685888 0.13093498 -7.89403689
v 3.21354418 -0.02336152 -6.56960195
v 3.97593488 0.06956203 -7.32563242
v 5.04808417 -1.62807907 -8.44000155
v 5.10179467 -2.5344143 -8.53269104
v 2.67587806 -3.39659993 -9.90268124
v 2.00471316 -3.38499539 -10.24492891
v 1.84421111 -3.38220307 -10.32680336
v 1.83057259 -2.47783398 -10.20085142
v 1.8119708 -1.57210352 -10.09024398
v 1.78907993 -0.66531408 -9.99281247
v 5.00754865 -0.72100495 -8.35157582
v 5.17089838 -3.43974875 -8.63036547
v 5.01853354 -3.43711331 -8.70804195
v 3.8050546 -3.41612849 -9.32686009
v 3.36585494 -3.40854354 -9.55082807
v 3.21324148 -3.40590304 -9.62867409
v 3.32687974 -2.50367595 -9.43783444
v 3.60551377 -2.50852298 -9.29574598
v 3.6492506 -3.41342852 -9.40632305
v 1.96026371 0.20985389 -9.49195772
v 2.05277655 0.20824707 -9.44481335
v 1.77380265 -0.12414584 -9.93982282
v 4.43801308 0.16704542 -8.22844024
v 4.98850276 -0.17974183 -8.30050424
v 2.43950831 0.20155663 -9.24758944
v 2.95867591 0.19259513 -8.98285631
v 3.37995447 0.18531762 -8.76802569
v 3.53048886 0.18272773 -8.69124498
v 3.10612856 0.19005078 -8.90764193
v 4.52579734 0.16551577 -8.18368713
v 2.99200921 -1.96983963 -5.41603147
v 3.0234061 -2.87986675 -5.47589376
v 1.18386678 -3.75868866 -6.47710224
v 0.67993907 -3.74997388 -6.73409227
v 0.55941872 -3.74788122 -6.79554366
v 0.56719753 -2.83740241 -6.72847726
v 0.5621553 -1.92782824 -6.65514552
v 0.54608785 -1.01907265 -6.57645434
v 2.96269075 -1.06087402 -5.34409147
v 3.05727363 -3.79107685 -5.52174507
v 2.94286961 -3.78909679 -5.58008656
v 2.03172609 -3.77336007 -6.04473346
v 1.70194804 -3.76763751 -6.21291567
v 1.5873487 -3.76567264 -6.27135332
v 1.89992713 -2.86044194 -6.04883781
v 1.6906761 -2.85681078 -6.15554839
v 1.91473012 -3.77131928 -6.1044009
v 0.8916499 -0.0885339 -6.61668811
v 0.96110787 -0.08972193 -6.58128493
v 0.53223464 -0.47747425 -6.52743241
v 2.75207203 -0.12072091 -5.66795307
v 2.94601904 -0.51923007 -5.29652706
v 1.25148506 -0.09475621 -6.43319429
v 1.64131035 -0.10147956 -6.23440405
v 1.95761625 -0.10696805 -6.07308688
v 2.0706472 -0.10893672 -6.01544631
v 1.7520258 -0.10343178 -6.17794266
v 2.81799626 -0.12183683 -5.63434395
v 4.51512749 -1.74049829 -7.39872124
v 4.56308633 -2.64807343 -7.48013516
v 2.12802255 -3.5121923 -8.83227067
v 1.45687805 -3.50056373 -9.17453352
v 1.29634974 -3.49780557 -9.25639786
v 1.2918474 -2.59148425 -9.14828542
v 1.27903768 -1.68453033 -9.04897886
v 1.25905625 -0.77713485 -8.95722056
v 4.47750923 -0.8328194 -7.31596367
v 4.62304192 -3.5553348 -7.55994985
v 4.47067803 -3.55271454 -7.63764404
v 3.25720257 -3.53171454 -8.2564723
v 2.03715939 0.11666591 -8.4615051
v 2.55631861 0.10769428 -8.19673907
v 2.97759464 0.1004269 -7.98191352
v 3.12814042 0.09781803 -7.90514293
v 2.81799816 -3.52413844 -8.4804251
v 2.66539356 -3.52148656 -8.55826352
v 2.70376778 0.10513855 -8.12154494
v 3.10139856 -3.52903229 -8.33592007
v 1.55794341 0.12497835 -8.70587338
v 1.65043332 0.12334623 -8.658686
v 1.24437456 -0.23580974 -8.90543034
v 4.0356678 0.08215469 -7.4423559
v 4.45907761 -0.29141331 -7.26610669
v 4.12346503 0.08065162 -7.39758255
v 3.52100135 -1.85824026 -6.44958639
v 3.55815337 -2.76703886 -6.5206787
v 1.7276733 -3.64394398 -7.5395951
v 1.22375349 -3.63524438 -7.79655477
v 1.10321279 -3.63315045 -7.85802893
v 1.10192077 -2.72458844 -7.77322678
v 1.09115088 -1.81621369 -7.68868778
v 1.07219475 -0.90809324 -7.60436388
v 3.48879915 -0.94986804 -6.37198835
v 3.6010618 -3.67634608 -6.58422275
v 3.48668466 -3.67438753 -6.64257437
v 2.5755247 -3.65860653 -7.10722379
v 1.65033969 -0.01060944 -7.21250974
v 2.04017139 -0.01734796 -7.01370938
v 2.35647887 -0.02283013 -6.85240233
v 2.46950208 -0.02477476 -6.79475417
v 2.24574301 -3.65290928 -7.27540347
v 2.13114272 -3.65092542 -7.33381582
v 2.15088068 -0.01927488 -6.95724546
v 2.45852098 -3.65658599 -7.16686845
v 1.29052217 -0.00439471 -7.39600103
v 1.3599716 -0.0055992 -7.36058773
v 1.05772886 -0.3666125 -7.55415011
v 3.15092532 -0.03655516 -6.44726093
v 3.47150527 -0.40836073 -6.32323211
v 3.21685461 -0.0377103 -6.41364422
v 4.37688685 -1.76968042 -7.12864131
v 3.66213078 -1.82845715 -6.72531423
v 4.42333439 -2.67755542 -7.20709716
v 3.70081435 -2.73694071 -6.79939244
v 1.14080028 -1.71372132 -8.77889387
v 1.23227699 -1.78643311 -7.96441815
v 1.12157087 -0.80615251 -8.68860069
v 1.2125524 -0.87848599 -7.87857599
v 1.1520984 -2.62095865 -8.87526766
v 1.24457439 -2.69448397 -8.05196835
v 4.3400157 -0.86180796 -7.04734886
v 3.62914953 -0.92027218 -6.64623336
v 1.89983429 0.08771277 -8.19323443
v 1.79050599 0.01894846 -7.48637266
v 2.41903147 0.07871711 -7.92848358
v 2.18034432 0.01221626 -7.28756723
v 1.98591447 -3.54217152 -8.55461971
v 1.87273755 -3.61332962 -7.82302303
v 2.52326651 -3.55148222 -8.28059991
v 2.2762212 -3.62031233 -7.61727917
v 2.56648491 0.07617277 -7.85328186
v 2.29104918 0.01029946 -7.23111849
v 2.84029374 0.07145099 -7.71364284
v 2.49665054 0.00674548 -7.1262703
v 2.95927119 -3.5590115 -8.05826405
v 2.60359993 -3.62598302 -7.45032927
v 2.67588154 -3.55410627 -8.20278426
v 2.39081454 -3.62229745 -7.55885164
v 3.60552927 -2.66340148 -7.62415434
v 3.0867474 -2.72632811 -7.11254527
v 4.2735237 -2.67495035 -7.28349831
v 3.58833503 -2.73499735 -6.85676984
v 3.11508279 -3.56169376 -7.97880615
v 2.72059543 -3.62800103 -7.39067196
v 1.96992408 -2.63509867 -8.4582282
v 1.8586116 -2.70509531 -7.73882311
v 1.30994888 -2.62369025 -8.79477229
v 1.36309304 -2.69652602 -7.99150889
v 1.42064979 0.09601763 -8.43760017
v 1.43068467 0.02517077 -7.66987154
v 1.51312072 0.09440575 -8.39044569
v 1.50013347 0.023984 -7.6344557
v 1.10705334 -0.2647945 -8.63712171
v 1.1979078 -0.33702676 -7.82805604
v 2.9908294 0.06884466 -7.63687985
v 2.60968371 0.00477934 -7.06862974
v 3.89836152 0.05318512 -7.17409029
v 3.29111344 -0.00700105 -6.72113396
v 4.32174761 -0.3204006 -6.99779806
v 3.61170699 -0.37879397 -6.59713551
v 3.98615306 0.05168078 -7.12931947
v 3.35703324 -0.00813342 -6.68750967
v -1.42845584 -1.2106613 -5.45133091
v -1.45456303 -2.12052395 -5.51184857
v -1.47691586 -3.03137473 -5.5617258
v -1.49490909 -3.94328702 -5.59926972
v -4.14050175 -2.71027762 -8.54053789
v -4.20362828 -3.61672292 -8.62856381
v -4.08952285 -1.80285177 -8.4586609
v -4.04907463 -0.89474018 -8.38206998
v -0.35971836 -2.00691036 -7.42060436
v -0.37018111 -2.91651617 -7.49123107
v -1.44735748 -1.8071206 -9.5133474
v -1.46962871 -2.71454518 -9.60667963
v -2.01691757 -3.87471248 -6.2550093
v -2.56605537 -3.89077815 -5.81953569
v -3.68161632 -3.68531517 -7.97283435
v -4.41300899 -3.70672131 -7.39284053
v -2.53021695 -2.97975404 -5.77833783
v -4.34638383 -2.79875395 -7.32540216
v -2.49655122 -2.06947008 -5.72610984
v -2.46478331 -1.15987693 -5.66442565
v -4.29319428 -1.89040071 -7.25657458
v -4.2516273 -0.98178683 -7.18653745
v -1.90383078 -0.23529353 -6.01624845
v -3.51226094 -0.05233869 -7.67596987
v -0.33958692 -1.09765629 -7.34968665
v -1.42128777 -0.89892677 -9.43101494
v -0.36941969 -3.82649269 -7.56147063
v -1.48749573 -3.62107905 -9.71277532
v -3.25686191 -1.77849643 -9.11898056
v -0.8293388 -2.10223277 -6.00766272
v -3.49927068 -1.78558541 -8.92671122
v -3.46204686 -0.87754341 -8.84759493
v -0.98768493 -1.19775487 -5.80085862
v -1.01137778 -2.10755552 -5.86330952
v -3.22094473 -0.87047214 -9.03878884
v -0.80663883 -1.19243844 -5.94442232
v -1.3741733 -3.85591395 -6.76469018
v -2.82564922 -3.66025637 -8.65161852
v -1.46364789 -0.2224086 -6.36531309
v -2.92601792 -0.03516469 -8.14086727
v -1.28284818 -0.21711242 -6.50868701
v -2.68522387 -0.02809974 -8.33180813
v -1.56131821 -3.86136448 -6.61630096
v -3.07485092 -3.66755791 -8.45399227
v -3.03054285 -2.76022822 -8.36887634
v -2.78546764 -2.7530823 -8.56320544
v -1.54222789 -2.95082874 -6.56180571
v -1.35821438 -2.94544273 -6.70773283
v -0.7606515 -1.95425347 -7.92425524
v -1.04643557 -1.85976231 -9.00972437
v -2.42904484 -3.82056643 -6.77272428
v -3.26948399 -3.73947008 -7.45509153
v -2.89746839 -2.01681066 -6.22974553
v -2.86350628 -1.10749079 -6.16530065
v -3.89229546 -1.94306646 -6.75295913
v -3.85289293 -1.03416917 -6.68566246
v -2.30203866 -0.18298583 -6.51646301
v -3.11406809 -0.10462108 -7.17576037
v -0.73832508 -1.04526003 -7.85056671
v -1.02256511 -0.95131418 -8.93013236
v -1.78632319 -3.80176537 -7.28240516
v -2.41351119 -3.71438597 -8.13390607
v -1.86183774 -0.17011862 -6.86551753
v -2.52782507 -0.08744328 -7.64062741
v -1.68104783 -0.16481611 -7.00890663
v -2.28702406 -0.08039731 -7.83159864
v -1.97346146 -3.80725133 -7.13402353
v -2.66274262 -3.72170649 -7.93626464
v -1.78355554 -2.78882836 -8.52727087
v -1.31546505 -2.87908991 -7.57210095
v -2.39549076 -2.91070378 -6.71564041
v -3.2219316 -2.83094856 -7.38664099
v -4.02897925 -0.35288241 -8.33844291
v -1.41143714 -0.66841385 -5.41113763
v -2.220267 -0.2445435 -5.76532132
v -1.61429853 -0.2733195 -5.65253265
v -3.93368437 -0.06463909 -7.34177148
v -3.80180237 -0.01429374 -8.03968061
v -2.44655665 -0.61769779 -5.62399957
v -4.23129722 -0.43982531 -7.14430971
v -0.52622306 -0.19495095 -7.10869144
v -1.67754446 0.00144677 -9.13089633
v -0.32383684 -0.55553535 -7.30726406
v -1.40427351 -0.35707027 -9.38615809
v -3.44266316 -0.33571347 -8.80339598
v -0.97118419 -0.65552259 -5.76025288
v -3.2018261 -0.32865991 -8.99439758
v -0.79033767 -0.65024033 -5.9036521
v -1.17410345 -0.2604371 -6.00160994
v -3.21554638 0.00288278 -8.50456536
v -0.99330596 -0.25512701 -6.14497627
v -2.97474443 0.00995912 -8.69551887
v -2.61846808 -0.19224972 -6.26553334
v -3.53547538 -0.11695944 -6.84156705
v -2.84482352 -0.56537365 -6.12426221
v -3.83303131 -0.49213807 -6.64404201
v -0.92441575 -0.14266097 -7.60889587
v -1.27934892 -0.05086219 -8.63070202
v -0.72211264 -0.50323398 -7.80756465
v -1.00601471 -0.40937923 -8.88587521
v -4.79383964 -3.63400194 -8.16051856
v -4.72087925 -2.72725931 -8.08030659
v -1.91268459 -3.04412681 -5.21616833
v -1.93806049 -3.9562681 -5.24783914
v -4.66368562 -1.81968796 -8.00335381
v -4.62009113 -0.91143846 -7.92926295
v -1.85720722 -1.22319703 -5.11133279
v -1.88566597 -2.13315836 -5.16999312
v -2.46005616 -3.88769356 -5.90359137
v -4.27183939 -3.70258786 -7.50477897
v -2.87221285 -3.83353866 -6.42130129
v -3.85970421 -3.75672758 -6.98707412
v -3.8023053 -2.84790621 -6.92640969
v -2.83125253 -2.92345333 -6.37006523
v -4.59933215 -0.36957563 -7.88614956
v -1.83968829 -0.68095464 -5.07153426
v -2.15918443 -0.24275449 -5.81375873
v -1.86965802 -0.28078679 -5.45003787
v -4.14187799 -0.02426235 -7.76998024
v -3.85234035 -0.06227694 -7.40627962
v -2.55738772 -0.19045692 -6.31396316
v -3.45413516 -0.11458843 -6.90607772
v -3.62983464 -1.78941395 -8.82319909
v -3.59187984 -0.88134411 -8.74462178
v -1.08517749 -1.20061804 -5.72355158
v -1.10940711 -2.1104111 -5.78557738
v -3.67581216 -2.69667532 -8.90903367
v -1.12799404 -3.02116319 -5.8384152
v -3.73107761 -3.60290553 -9.00328443
v -1.14007192 -3.93290468 -5.88065306
v -1.66209574 -3.86432002 -6.5363977
v -3.2090609 -3.67148893 -8.34756256
v -1.95921469 -0.1729489 -6.78831424
v -1.56101171 -0.22526672 -6.28810727
v -3.05568959 -0.03894894 -8.0380333
v -2.65749958 -0.09126929 -7.53780862
v -2.07422095 -3.81019042 -7.05410256
v -2.79693142 -3.72562486 -7.82985011
v -3.57232692 -0.3395205 -8.70056201
v -1.06856114 -0.65837944 -5.68303693
v -1.27147313 -0.26327624 -5.92440412
v -3.34522406 -0.00091664 -8.40173898
v -3.21061427 -3.58767743 -9.4160247
v -3.16404716 -2.68169646 -9.31487346
v -0.74373434 -3.00990786 -6.14315436
v -0.74929764 -3.92147221 -6.19053406
v -3.1235711 -1.77459957 -9.22466379
v -0.72926268 -2.09931266 -6.08703205
v -3.08837541 -0.86662589 -9.14390525
v -0.70710398 -1.18954111 -6.02335895
v -1.27130391 -3.85289641 -6.84627617
v -2.6886254 -3.6562583 -8.76028765
v -1.68344336 -3.79876934 -7.36400127
v -2.27649559 -3.71037145 -8.24256255
v -1.58164765 -0.16193269 -7.08772433
v -1.18344278 -0.2142037 -6.58750724
v -2.5528339 -0.02422819 -8.4367879
v -2.15464136 -0.07653335 -7.93657082
v -3.06941525 -0.32478836 -9.09939253
v -0.69093187 -0.64731642 -5.98249511
v -0.89390325 -0.25222461 -6.22380156
v -2.84236553 0.01383194 -8.80052142
v -2.11469258 -2.6509733 -10.14700902
v -2.08548198 -1.74420663 -10.04786947
v 0.05020226 -2.07646671 -6.70513155
v 0.04419562 -2.98684556 -6.7679848
v -2.05594748 -0.83637844 -9.96262702
v 0.06811178 -1.16683307 -6.63809804
v -2.14348472 -3.55643933 -10.26226232
v 0.05199238 -3.89799999 -6.82594926
v -0.47002388 -3.82941659 -7.48170402
v -1.62147892 -3.62502146 -9.60653286
v -0.88215258 -3.77530344 -7.999419
v -1.20935687 -3.67913081 -9.08881535
v -0.87438607 -2.86617968 -7.92188676
v -1.19611642 -2.7716202 -8.99311465
v -2.03817567 -0.29460797 -9.91716286
v 0.08338377 -0.62467291 -6.5965105
v -0.58418436 -0.19667164 -7.06271107
v -0.29465566 -0.23469002 -6.6990231
v -2.04426767 0.03720042 -9.43338342
v -1.75474553 -0.00081669 -9.06967268
v -0.98239967 -0.14436774 -7.56293575
v -1.35654952 -0.05311806 -8.56947078
v -1.85821701 -1.75312511 -10.02947834
v -1.88495128 -2.66000186 -10.12838003
v -4.10398075 -3.62983179 -8.50337859
v -4.69418515 -3.64711587 -8.03532574
v -4.83536773 -3.65123414 -7.9234126
v -4.76169565 -2.74421569 -7.84711774
v -4.70406647 -1.83643558 -7.77269792
v -4.66023949 -0.92810638 -7.69983937
v -1.8299142 -0.84527289 -9.9443118
v -1.90985462 -3.56559441 -10.24334739
v -2.04383117 -3.56952289 -10.13708216
v -3.11096927 -3.60076732 -9.29083189
v -3.49719921 -3.61207959 -8.98454157
v -3.6314209 -3.61600302 -8.87812705
v -3.44584106 -2.70565453 -8.8906147
v -3.20081519 -2.69850608 -9.08493621
v -3.24799435 -3.60476413 -9.18218806
v -4.16794106 -0.0338805 -7.63602963
v -4.08661223 -0.0315019 -7.70055548
v -4.63943844 -0.38622583 -7.65702204
v -1.98900744 0.02994822 -9.36395107
v -1.81243102 -0.30346193 -9.89887295
v -3.74650814 -0.02154594 -7.97024825
v -3.2899583 -0.00817137 -8.33231422
v -2.91948658 0.00268541 -8.62609411
v -2.7870947 0.00657214 -8.73108148
v -3.16027999 -0.00436814 -8.43513554
v -1.91180447 0.03220156 -9.42516713
v 0.04967265 -2.06068697 -6.90634594
v 0.04366269 -2.97087857 -6.97135005
v -1.59605226 -3.93001493 -5.72633252
v -2.0392239 -3.94298336 -5.37491459
v -2.14520066 -3.94608061 -5.29086397
v -2.11638227 -3.03413289 -5.25847452
v -2.08716724 -2.12325175 -5.21183624
v -2.05762326 -1.21334356 -5.15295576
v 0.06757486 -1.15113177 -6.83821929
v 0.05144319 -3.8817711 -7.03278373
v -0.04916403 -3.88471146 -6.95300446
v -0.85044034 -3.90818748 -6.31760697
v -1.14045939 -3.91665935 -6.08763682
v -1.24123264 -3.9196326 -6.00771586
v -0.94436215 -2.9998064 -6.18787458
v -1.12838072 -3.00517849 -6.04195252
v -0.95332998 -3.91118603 -6.23601846
v -1.98683887 -0.27522112 -5.47208546
v -1.92577005 -0.27341313 -5.52053046
v -2.03985619 -0.67111508 -5.11308638
v -0.3507567 -0.22733154 -6.7694904
v 0.08284234 -0.60897541 -6.79639642
v -1.67040233 -0.26595343 -5.72302778
v -1.32758785 -0.25588993 -5.99488154
v -1.0494134 -0.24776853 -6.21546128
v -0.95000848 -0.24487372 -6.29428404
v -1.2302196 -0.25308622 -6.07208989
v -0.29279366 -0.22561085 -6.81546317
v -1.12876724 -1.84892197 -9.1131378
v -1.14758775 -2.7568539 -9.20213794
v -3.35411186 -3.72834127 -7.5614099
v -3.94433303 -3.74559498 -7.09338995
v -4.08550074 -3.7497512 -6.98143633
v -4.0243258 -2.84106141 -6.920863
v -3.97461811 -1.93223624 -6.85639028
v -3.93476834 -1.02339588 -6.78852426
v -1.10443087 -0.94055987 -9.03298151
v -1.15998605 -3.66409882 -9.30138123
v -1.29398253 -3.66803996 -9.19512613
v -2.36112189 -3.69926541 -8.34887585
v -3.19583437 -0.09389714 -7.27847541
v -2.73926871 -0.0805251 -7.64052872
v -2.3687992 -0.06966072 -7.93431368
v -2.23640922 -0.06579043 -8.03929851
v -2.7473569 -3.71058907 -8.04259566
v -2.88156214 -3.7145049 -7.93617354
v -2.60959324 -0.0767282 -7.74335257
v -2.49813811 -3.70328752 -8.24023456
v -3.6172502 -0.10620892 -6.94428209
v -3.53590208 -0.10385816 -7.0087877
v -3.91482257 -0.4813711 -6.74676718
v -1.43832639 -0.04238905 -8.67218582
v -1.08780471 -0.39862112 -8.98860796
v -1.36112105 -0.0401142 -8.73341453
v -0.67436438 -1.96558851 -7.81586951
v -0.68824701 -2.87473758 -7.89077011
v -2.34035785 -3.83223169 -6.66132482
v -2.78350624 -3.84521531 -6.30990689
v -2.88950831 -3.84830749 -6.22584109
v -2.84827249 -2.93800075 -6.17786168
v -2.81119448 -2.02813937 -6.12136487
v -2.77769733 -1.11876763 -6.05751464
v -0.65250166 -1.05654066 -7.74277817
v -0.69286061 -3.78399545 -7.96776085
v -0.79346385 -3.78696364 -7.88800689
v -1.59474925 -3.81039665 -7.25259169
v -2.21633536 -0.19424496 -6.40881364
v -1.87351834 -0.18420423 -6.68067246
v -1.59534943 -0.17607524 -6.90124967
v -1.49594577 -0.17315766 -6.98006737
v -1.88477051 -3.81889002 -7.02261394
v -1.98553048 -3.82184303 -6.94268792
v -1.77614993 -0.18136257 -6.75786815
v -1.69762877 -3.81341165 -7.17098799
v -2.5327711 -0.20351644 -6.15788903
v -2.47169864 -0.20173123 -6.20631885
v -2.75910788 -0.57663025 -6.01660018
v -0.89670063 -0.1556041 -7.45527119
v -0.63640491 -0.51449311 -7.69988998
v -0.83871972 -0.15392136 -7.50124397
v -0.93956842 -1.87379859 -8.87545998
v -0.86752166 -1.94020581 -8.05851709
v -0.95632489 -2.78197976 -8.96186642
v -0.8834907 -2.84908412 -8.13604175
v -3.78541059 -1.95712171 -6.61870992
v -3.00434915 -2.0027592 -6.36400233
v -3.74659038 -1.04812826 -6.55214707
v -2.96979397 -1.09353928 -6.29883375
v -3.83307053 -2.86617968 -6.68059654
v -3.04353405 -2.91234856 -6.42313332
v -0.91626145 -0.96526062 -8.79658661
v -0.84461973 -1.03131106 -7.9840998
v -3.00791578 -0.11856373 -7.04239175
v -2.40818907 -0.16905837 -6.64981138
v -2.5513381 -0.10520561 -7.40446278
v -2.06535561 -0.15901385 -6.92166514
v -3.15961006 -3.75388592 -7.31708212
v -2.53891276 -3.80613794 -6.91074635
v -2.68706349 -3.74006726 -7.69181792
v -2.18409552 -3.7957556 -7.19212969
v -2.42165853 -0.10140997 -7.50729169
v -1.96800807 -0.15616332 -6.99887855
v -2.18086511 -0.09434629 -7.69823508
v -1.78719951 -0.15086967 -7.14225247
v -2.3036439 -3.7288347 -7.99588653
v -1.89619254 -3.78733941 -7.42043229
v -2.55286616 -3.73612486 -7.79825269
v -2.0833308 -3.79280513 -7.27204813
v -1.67552028 -2.80302531 -8.39155655
v -1.42350791 -2.86490561 -7.70781274
v -1.08807103 -2.78582095 -8.85738515
v -0.98242181 -2.85198272 -8.05760867
v -2.16661534 -3.72481385 -8.10453542
v -1.79331096 -3.78432188 -7.50202081
v -3.11387894 -2.84511768 -7.25092414
v -2.50353108 -2.89652328 -6.85134208
v -3.6942577 -2.86211455 -6.79067512
v -2.93929696 -2.90927536 -6.50578461
v -3.42932149 -0.13088816 -6.70822626
v -2.72463083 -0.17832099 -6.39888931
v -3.34799582 -0.12851589 -6.7727091
v -2.66355015 -0.17652439 -6.44731407
v -3.72686002 -0.50607945 -6.51065315
v -2.95098753 -0.55142088 -6.25762576
v -2.04849159 -0.09046967 -7.80321991
v -1.68779838 -0.14796854 -7.22107776
v -1.25040132 -0.06707083 -8.43610722
v -1.08854581 -0.1304175 -7.69629171
v -0.89985164 -0.42331934 -8.75249394
v -0.82828235 -0.4892964 -7.94094339
v -1.17319361 -0.0648023 -8.4973334
v -1.03057217 -0.12871959 -7.74226196
v -2.47894136 -1.29255221 -2.48946761
v -2.49577754 -2.20408114 -2.52137881
v -2.50382904 -3.11619966 -2.54616939
v -2.50169052 -4.02891156 -2.56270825
v -6.34010815 -2.95852883 -3.69907436
v -6.40298101 -3.86853697 -3.7351557
v -6.29083381 -2.04807533 -3.66190494
v -6.25332088 -1.13741307 -3.62375624
v -2.56203548 -2.10778705 -4.72167
v -2.57081162 -3.01884912 -4.77036046
v -4.588129 -1.99836385 -5.94044196
v -4.61890151 -2.9082265 -6.00236907
v -3.29125894 -3.99429787 -2.85006846
v -3.53172466 -4.01575335 -2.19191738
v -5.61341227 -3.90315446 -3.44780056
v -5.93369332 -3.93173562 -2.5712282
v -3.51670943 -3.1032793 -2.18156288
v -5.87863315 -3.02065711 -2.5545451
v -3.49776698 -2.19131387 -2.16067168
v -3.47548437 -1.27984441 -2.1307165
v -5.83431844 -2.10956468 -2.52966595
v -5.79928786 -1.19853677 -2.49769908
v -3.21825173 -0.34802146 -2.72975431
v -5.46189607 -0.26000061 -3.30725565
v -2.54484598 -1.19677053 -4.67776459
v -4.55988534 -1.08791668 -5.88989165
v -2.56980863 -3.92992131 -4.82459254
v -4.65260488 -3.81739454 -6.07747463
v -5.92622097 -2.01555303 -4.65986942
v -2.22199465 -2.17966 -3.27072137
v -6.03235588 -2.02502315 -4.36931328
v -5.99627074 -1.11445831 -4.32732087
v -2.28592586 -1.27532886 -3.01773447
v -2.30171413 -2.18677049 -3.05255312
v -5.89069253 -1.10501983 -4.61628283
v -2.20664129 -1.26823102 -3.23471341
v -3.00978988 -3.96919857 -3.62038825
v -5.238586 -3.86970224 -4.47368575
v -3.02549433 -0.3308171 -3.25731517
v -5.20518185 -0.23707242 -4.00988655
v -2.94632269 -0.32374836 -3.47400565
v -5.09973395 -0.22764658 -4.29846389
v -3.09174942 -3.97648367 -3.39610143
v -5.34770745 -3.8794469 -4.17501455
v -5.30242864 -2.96921608 -4.13159497
v -5.19510443 -2.95967005 -4.42531414
v -3.08405945 -3.06465995 -3.365668
v -3.00348216 -3.05747101 -3.58621485
v -3.16847066 -2.08122264 -4.94238133
v -3.98171975 -2.02491814 -5.71975088
v -3.91462899 -3.9669718 -3.07693884
v -4.99003114 -3.93049318 -3.220915
v -4.10418034 -2.16473808 -2.38137541
v -4.07857939 -1.25339766 -2.35021069
v -5.22792912 -2.13613415 -2.30896728
v -5.19618492 -1.22497213 -2.2782049
v -3.82055915 -0.32163165 -2.94895496
v -4.85960857 -0.28637523 -3.08806006
v -3.14795682 -1.17032252 -4.89725625
v -3.95679063 -1.11435583 -5.67039746
v -3.63318018 -3.94186998 -3.84725103
v -4.61521183 -3.89701565 -4.2468255
v -3.6277831 -0.30443868 -3.47652595
v -4.60287474 -0.26344958 -3.79064794
v -3.54862569 -0.29736614 -3.69321896
v -4.49743601 -0.25403639 -4.07926577
v -3.71513276 -3.94919556 -3.62297181
v -4.72434593 -3.90677803 -3.94811633
v -4.32084772 -2.96319114 -4.91731493
v -3.42028756 -3.01309493 -4.34626617
v -3.89323298 -3.05531002 -3.05184207
v -4.95071781 -3.01941973 -3.19340927
v -6.23547062 -0.59421417 -3.60065599
v -2.46551017 -0.74915341 -2.46768824
v -3.3568248 -0.360375 -2.35050928
v -2.78031537 -0.36721348 -2.57036532
v -5.64643749 -0.27643446 -2.80217762
v -5.89983938 -0.24079341 -3.46663705
v -3.46090184 -0.73646965 -2.10937236
v -5.7819633 -0.65526702 -2.47590706
v -2.61499254 -0.29416388 -4.38082166
v -4.65847009 -0.18821622 -5.50617789
v -2.53133097 -0.65347674 -4.65342189
v -4.54401324 -0.54477725 -5.86413191
v -5.9787273 -0.57129484 -4.30337039
v -2.27272083 -0.73194145 -2.99533261
v -5.87326801 -0.56187913 -4.59201858
v -2.19352072 -0.72488662 -3.2120661
v -2.5875545 -0.35000911 -3.09794643
v -5.64311441 -0.21786522 -4.16926542
v -2.50837685 -0.34292645 -3.31462172
v -5.53766208 -0.20843053 -4.45786047
v -3.95912527 -0.33399658 -2.569715
v -5.04413164 -0.30284324 -2.58298455
v -4.06328676 -0.71005327 -2.32858314
v -5.17958027 -0.68166442 -2.25668869
v -3.21728605 -0.26778419 -4.60002991
v -4.05618133 -0.21461742 -5.28698229
v -3.13374183 -0.62709453 -4.87266557
v -3.94162547 -0.57116706 -5.64489836
v -6.661433 -3.89160307 -3.02777519
v -6.59426221 -2.98120018 -3.00349323
v -2.69465572 -3.13322563 -2.0239047
v -2.69574032 -4.04623739 -2.03157442
v -6.5422588 -2.07054045 -2.97377085
v -6.50337312 -1.15971624 -2.93939502
v -2.66669072 -1.30929224 -1.97560394
v -2.68456407 -2.22094389 -2.00470636
v -3.4853059 -4.01162875 -2.31895487
v -5.87186869 -3.92621929 -2.74041499
v -4.10869873 -3.98429509 -2.54581007
v -5.24850337 -3.9535403 -2.51354967
v -5.20486428 -3.04207463 -2.49782561
v -4.08404574 -3.07232587 -2.52956727
v -6.48522364 -0.6165009 -2.91707919
v -2.65304382 -0.7658947 -1.95442681
v -3.33007756 -0.35798881 -2.42371703
v -2.89214026 -0.37718082 -2.26431792
v -6.04874987 -0.25409333 -3.05904113
v -5.61081099 -0.27327775 -2.89965974
v -3.93237234 -0.3316028 -2.6429101
v -5.00851084 -0.29967135 -2.68046161
v -6.08954034 -2.03012955 -4.21284947
v -6.05312119 -1.11953435 -4.17170475
v -2.3286173 -1.27914095 -2.900887
v -2.34464502 -2.19058511 -2.93507052
v -6.13661764 -2.94035911 -4.25600588
v -2.35103023 -3.10255813 -2.96434754
v -6.19604785 -3.85008258 -4.30150547
v -2.34630561 -4.01504989 -2.98797666
v -3.13588858 -3.98042607 -3.27533433
v -5.40647595 -3.88469501 -4.01416044
v -3.67043026 -0.30823052 -3.35982525
v -3.06813169 -0.33463172 -3.14062965
v -5.26196334 -0.24213074 -3.85446275
v -4.65966888 -0.26854332 -3.63524944
v -3.75924631 -3.95311519 -3.50219459
v -4.78310684 -3.91201601 -3.78728247
v -6.0354955 -0.57637088 -4.14795164
v -2.3153642 -0.7357586 -2.87862937
v -2.63019471 -0.35380602 -2.98124573
v -5.69990096 -0.22294126 -4.0138492
v -5.96813494 -3.82975061 -4.92528324
v -5.91251935 -2.92036242 -4.86936336
v -2.18277432 -3.08754258 -3.42490274
v -2.17518051 -3.99977877 -3.4563205
v -5.86784658 -2.01034668 -4.81961013
v -2.17817685 -2.17576061 -3.39067367
v -5.83263444 -1.09987547 -4.7751632
v -2.16305788 -1.26436073 -3.35401033
v -2.96475051 -3.96517267 -3.74368577
v -5.17858581 -3.86435798 -4.63791797
v -3.58813354 -3.93786684 -3.97056121
v -4.55521006 -3.89165621 -4.41104
v -3.50509351 -0.29350218 -3.81234381
v -2.90278798 -0.31986921 -3.59313809
v -5.04175937 -0.22247439 -4.45712918
v -4.43946428 -0.24887179 -4.23792599
v -5.81528078 -0.556712 -4.75071423
v -2.14999708 -0.72098597 -3.33121626
v -2.46485036 -0.33904478 -3.43376176
v -5.47970394 -0.2032596 -4.61653335
v -5.45300289 -2.87934928 -6.1270229
v -5.41326572 -1.96976751 -6.06376732
v -1.83683919 -2.14526645 -4.32485624
v -1.83773875 -3.05674983 -4.36924496
v -5.38053466 -1.05949873 -6.01254138
v -1.82358339 -1.2340437 -4.28310168
v -5.50083679 -3.78803654 -6.20424643
v -1.82429381 -3.96844704 -4.41667273
v -2.61387125 -3.93383334 -4.70403294
v -4.71127565 -3.8226553 -5.91689888
v -3.23724478 -3.90653764 -4.93091091
v -4.08791286 -3.84994594 -5.69001838
v -3.22713953 -2.9958564 -4.87490753
v -4.06360939 -2.94021993 -5.6213654
v -5.36369531 -0.51641497 -5.98665513
v -1.81091292 -0.69075118 -4.25922711
v -2.64036797 -0.29645392 -4.31134629
v -2.20244522 -0.31563961 -4.15197502
v -5.13020218 -0.17205692 -5.57303933
v -4.69227721 -0.19123882 -5.41365287
v -3.24268457 -0.27006031 -4.53055201
v -4.08998339 -0.21763242 -5.19445222
v -5.20958732 -1.97110484 -6.16662659
v -5.24708823 -2.88070559 -6.23098038
v -6.25225367 -3.87516416 -3.68029354
v -6.51069174 -3.89823279 -2.97290797
v -6.57254167 -3.90373899 -2.80373383
v -6.50682525 -2.9931362 -2.78318424
v -6.45578403 -2.08233097 -2.75584806
v -6.41734687 -1.17144224 -2.72264128
v -5.17794498 -1.06084745 -6.11482119
v -5.29145419 -3.78940044 -6.30999039
v -5.35010946 -3.79463969 -6.14939946
v -5.81740634 -3.83634996 -4.87041349
v -5.98653556 -3.85145787 -4.40751259
v -6.04532115 -3.85669964 -4.24666102
v -5.93061822 -2.94167366 -4.36025942
v -5.82332563 -2.93212004 -4.65393051
v -5.87742044 -3.84169801 -4.70620657
v -6.00075909 -0.26091662 -2.93112811
v -5.96515916 -0.25774094 -3.02862289
v -6.39930556 -0.62822436 -2.70059115
v -5.04660893 -0.17571466 -5.5426059
v -5.16137006 -0.51772573 -6.088816
v -5.8162221 -0.2444562 -3.43622892
v -5.61630834 -0.22659519 -3.98342336
v -5.45407579 -0.21210977 -4.42743463
v -5.39609805 -0.20692113 -4.58609992
v -5.55951673 -0.22152042 -4.13882946
v -5.01280054 -0.17270598 -5.63513092
v -1.94281342 -2.1349284 -4.49631535
v -1.94484566 -3.04628399 -4.54254117
v -2.65468037 -4.02221858 -2.6183928
v -2.84875517 -4.03953935 -2.0872615
v -2.89515685 -4.043669 -1.96023666
v -2.89075327 -3.13072683 -1.95374612
v -2.87854365 -2.21845902 -1.93530185
v -2.85963157 -1.30681116 -1.90658152
v -1.92899144 -1.2237512 -4.45362454
v -1.93323575 -3.95781419 -4.59292447
v -1.97728873 -3.96173888 -4.47233704
v -2.32817701 -3.9930782 -3.5120177
v -2.45518477 -4.00439174 -3.16443843
v -2.49930749 -4.00835691 -3.04365109
v -2.3775162 -3.08490209 -3.35841074
v -2.45810267 -3.09208596 -3.13786896
v -2.37323187 -3.9970864 -3.38869994
v -3.00374944 -0.37586247 -2.22200667
v -2.97701454 -0.3734611 -2.29521189
v -2.84573194 -0.76341362 -1.88547017
v -2.28729925 -0.31192241 -4.1828538
v -1.91620314 -0.68045361 -4.42954501
v -2.86518396 -0.36348996 -2.60126435
v -2.71506613 -0.35006605 -3.0121321
v -2.59324227 -0.33921685 -3.34551063
v -2.54971135 -0.33534909 -3.4646456
v -2.67242435 -0.34630837 -3.12882522
v -2.26192161 -0.30963238 -4.2523317
v -4.1062439 -2.01943218 -5.76506322
v -4.13179614 -2.9295757 -5.82508997
v -5.11804158 -3.9248807 -3.26750773
v -5.37650875 -3.94792276 -2.56013734
v -5.43832073 -3.9534568 -2.39094042
v -5.39151481 -3.04200631 -2.37727613
v -5.35245516 -2.13066716 -2.35429986
v -5.32003598 -1.21952539 -2.32328949
v -4.08062113 -1.1089268 -5.71547193
v -4.15723989 -3.83911192 -5.89720458
v -4.21591603 -3.84436508 -5.73660858
v -4.68321892 -3.88605511 -4.4576302
v -4.9832825 -0.28096645 -3.13306874
v -4.78334597 -0.26311556 -3.68025812
v -4.62112164 -0.24861622 -4.12427698
v -4.56314643 -0.24345289 -4.28294479
v -4.85235005 -3.90117061 -3.99472424
v -4.91112108 -3.90639847 -3.83388279
v -4.72655815 -0.25805597 -3.83566927
v -4.74322101 -3.89142088 -4.29342329
v -5.16781822 -0.29741548 -2.62799324
v -5.13218919 -0.29426257 -2.72547789
v -5.30328266 -0.67622401 -2.30169737
v -4.21367091 -0.21222364 -5.23945837
v -4.06533419 -0.56573929 -5.68991716
v -4.17986031 -0.20918966 -5.33199098
v -3.03796047 -2.08693887 -4.8948903
v -3.05189838 -2.99776308 -4.94544567
v -3.78048702 -3.97286516 -3.02812439
v -3.97454157 -3.99019858 -2.49700828
v -4.02095938 -3.99433076 -2.36996066
v -3.9977772 -3.0822173 -2.3566405
v -3.97368154 -2.17045431 -2.33388185
v -3.94879006 -1.25909492 -2.3029803
v -3.01815325 -1.17601598 -4.85002585
v -3.05903038 -3.90846836 -5.00264342
v -3.10309711 -3.91242594 -4.88208634
v -3.45398207 -3.94371719 -3.92173917
v -3.69093272 -0.32731119 -2.90178277
v -3.54081553 -0.313905 -3.31266317
v -3.41900115 -0.30304441 -3.6460417
v -3.37546708 -0.29915135 -3.76516655
v -3.58099078 -3.95506362 -3.57416243
v -3.62510116 -3.95900096 -3.45337762
v -3.49816963 -0.31010683 -3.42933857
v -3.49902555 -3.94774309 -3.798429
v -3.82950389 -0.33968624 -2.52254027
v -3.80276204 -0.33729752 -2.59573537
v -3.93364198 -0.71573534 -2.28140589
v -3.11305623 -0.27572341 -4.48336716
v -3.00410053 -0.63277533 -4.82547566
v -3.08766563 -0.27347386 -4.55285771
v -3.82006762 -2.03200207 -5.66090583
v -3.33012374 -2.07412606 -5.00122132
v -3.84249035 -2.94225566 -5.71978631
v -3.34722341 -2.98481616 -5.05293816
v -5.06626591 -2.14324085 -2.25014501
v -4.26584418 -2.15764529 -2.44021034
v -5.03540674 -1.2320143 -2.21970145
v -4.23935347 -1.24636941 -2.40873691
v -5.10222452 -3.05467868 -2.27198005
v -4.29311584 -3.06927038 -2.46411781
v -3.7959941 -1.12138409 -5.61186618
v -3.30873659 -1.16329427 -4.95577487
v -4.69903408 -0.29340602 -3.02960216
v -3.98111909 -0.31460466 -3.00739262
v -4.4991004 -0.27557285 -3.57681685
v -3.83098862 -0.3011972 -3.41827302
v -4.8238429 -3.9377631 -3.16043276
v -4.08081407 -3.9596943 -3.13742866
v -4.61691829 -3.91931123 -3.72679012
v -3.92544435 -3.94583262 -3.56268695
v -4.44230784 -0.27049681 -3.732228
v -3.78836486 -0.2973965 -3.53495854
v -4.33686152 -0.26107224 -4.02082052
v -3.70918658 -0.29032523 -3.75165408
v -4.44902486 -3.90432099 -4.18633567
v -3.79937 -3.93459247 -3.90774339
v -4.55816149 -3.91405301 -3.88764422
v -3.88132796 -3.94189781 -3.68347176
v -4.15743947 -2.97035857 -4.85784233
v -3.58370213 -3.00593383 -4.40573117
v -3.90018501 -2.94739243 -5.56189027
v -3.39055759 -2.98868771 -4.93438518
v -4.38901328 -3.8989489 -4.35055271
v -3.75431799 -3.93056657 -4.03104851
v -4.78729343 -3.02656059 -3.13394427
v -4.05664091 -3.04815018 -3.11130708
v -5.04144054 -3.04924965 -2.43835048
v -4.24746538 -3.06518248 -2.58903733
v -4.88357297 -0.30986264 -2.52454943
v -4.11969691 -0.32697212 -2.62814506
v -4.84795786 -0.30669455 -2.62201637
v -4.09294556 -0.3245758 -2.70134522
v -5.01898301 -0.68869268 -2.19823585
v -4.223866 -0.70301362 -2.38702586
v -4.27890465 -0.25590638 -4.17948581
v -3.66565756 -0.28645241 -3.87078652
v -3.92941775 -0.22467333 -5.13600191
v -3.40324514 -0.26302446 -4.58899725
v -3.7810396 -0.57820164 -5.58644552
v -3.29433087 -0.620065 -4.93111081
v -3.89560715 -0.22164821 -5.22853452
v -3.37785959 -0.26075214 -4.65848021
v -2.11692632 -1.30391382 1.50874482
v -2.12373379 -2.21602095 1.49443526
v -2.11954088 -3.12843173 1.48279531
v -2.10259082 -4.04109556 1.47424879
v -6.08240707 -3.06187142 2.0847684
v -6.1326202 -3.97337884 2.0864195
v -6.04401924 -2.15015523 2.08993173
v -6.01584485 -1.2384226 2.10101943
v -3.12863227 -2.15974302 -0.46565716
v -3.1353632 -3.07152626 -0.49858939
v -5.48351919 -2.1091927 -0.69889852
v -5.51581249 -3.02041925 -0.73436054
v -2.93972018 -4.02611544 1.55289442
v -2.87441273 -4.04041235 2.25072827
v -5.29549148 -3.98836655 2.00777577
v -5.20851822 -4.00740294 2.93720683
v -2.87851108 -3.12776876 2.24633735
v -5.17370209 -3.09531099 2.92137649
v -2.87453293 -2.21538202 2.24978758
v -2.86364514 -1.30327109 2.25999279
v -5.14507981 -2.18324941 2.91755048
v -5.1218018 -1.27131308 2.9241182
v -2.91052507 -0.37755659 1.60107942
v -5.18664016 -0.34112985 2.04059476
v -3.11635401 -1.24792688 -0.44065845
v -5.45839333 -1.19762076 -0.6726308
v -3.13562826 -3.98323991 -0.54071275
v -5.5564176 -3.93123966 -0.78048197
v -6.14305694 -2.12849352 1.03179247
v -2.19809194 -2.19975537 0.69990689
v -6.1141987 -2.13480061 1.33985852
v -6.08566626 -1.22312618 1.35503348
v -2.16934155 -1.29244466 0.94861864
v -2.17644952 -2.20449107 0.93123651
v -6.11433851 -1.21684187 1.04864384
v -2.19086472 -1.28770644 0.7185574
v -3.0161384 -4.00940451 0.73611475
v -5.39728798 -3.96608868 0.92002293
v -2.96287041 -0.36609883 1.04169972
v -5.25636224 -0.32584861 1.29560453
v -2.9843727 -0.3613897 0.81194276
v -5.28498958 -0.31956177 0.98961913
v -2.99389691 -4.01425533 0.97392606
v -5.36764784 -3.97258175 1.23670824
v -5.33018488 -3.06104523 1.24922562
v -5.3593221 -3.05468627 0.93779348
v -2.99599273 -3.10204572 0.99082108
v -3.01787933 -3.09725183 0.75697875
v -3.77159478 -2.14825868 -0.40525337
v -4.84058546 -2.12066565 -0.75930484
v -3.60064175 -4.01429835 1.61497968
v -4.63455599 -4.00020135 1.94568671
v -3.51747552 -2.20389009 2.31018252
v -3.50306885 -1.29182091 2.3200613
v -4.50216032 -2.19475272 2.85715934
v -4.48236923 -1.28275693 2.86404337
v -3.54910932 -0.36614437 1.66107645
v -4.548073 -0.3525193 1.98060849
v -3.75579291 -1.23648177 -0.38058678
v -4.81897563 -1.20906714 -0.73269994
v -3.67707326 -3.99757983 0.7982152
v -4.73636735 -3.97789059 0.85792186
v -3.60144042 -0.35470305 1.10168789
v -4.61776377 -0.33723299 1.23563661
v -3.62295631 -0.34998634 0.87193219
v -4.64641135 -0.33096513 0.9296221
v -3.65482354 -4.00246102 1.03602144
v -4.70672594 -3.98440137 1.1746388
v -4.78037272 -3.05075905 0.11852134
v -3.72107357 -3.07397318 0.24869783
v -3.59263612 -3.10209127 1.62118112
v -4.60932195 -3.08821188 1.94638638
v -6.00297764 -0.69465689 2.10988098
v -2.10862336 -0.76005954 1.5183073
v -2.87290112 -0.38578807 2.00319823
v -2.44620808 -0.38585765 1.55746311
v -5.13652128 -0.35205876 2.57613849
v -5.6509581 -0.33280475 2.08422562
v -2.85448468 -0.7594244 2.26867278
v -5.10997079 -0.72751447 2.93202642
v -3.07434641 -0.34168148 -0.14955638
v -5.40482359 -0.29328203 -0.29092431
v -3.10687535 -0.70413081 -0.42881732
v -5.44617644 -0.65392589 -0.66052018
v -6.07271301 -0.67939589 1.36479523
v -2.16097533 -0.74859165 0.95884599
v -6.10135426 -0.6731217 1.05874467
v -2.18246592 -0.74389898 0.72903968
v -2.49855753 -0.37439989 0.99806949
v -5.72067259 -0.31752857 1.33922654
v -2.52004907 -0.36967685 0.76832011
v -5.74930372 -0.31123793 1.03322469
v -3.5114803 -0.3743847 2.06318893
v -4.49794242 -0.36348616 2.5161364
v -3.49314547 -0.74799827 2.32869132
v -4.47131095 -0.73893808 2.87201294
v -3.71292054 -0.33027685 -0.08957137
v -4.76625864 -0.30469805 -0.35092323
v -3.74556935 -0.69272997 -0.36880701
v -4.80750521 -0.66532926 -0.72051974
v -6.06242177 -3.98875117 2.8364554
v -6.0133916 -3.0769692 2.82230083
v -2.06772061 -3.13977057 2.03656442
v -2.04988047 -4.05263683 2.03740769
v -5.97574077 -2.16512523 2.81956481
v -5.94794151 -1.25327494 2.82665633
v -2.06593792 -1.31506161 2.05359735
v -2.0724737 -2.2272611 2.04227053
v -2.8870152 -4.03767189 2.11603434
v -5.2253 -4.00373382 2.75781483
v -3.54794659 -4.02583456 2.17814364
v -4.56438475 -4.01554838 2.69571692
v -4.54030554 -3.10329828 2.68391185
v -3.54080319 -3.11341872 2.17494518
v -5.93514515 -0.70951682 2.83467967
v -2.05769664 -0.77121619 2.06252216
v -2.88016819 -0.38419643 1.92557236
v -2.41584361 -0.39249623 1.88196617
v -5.61050165 -0.34167769 2.51639956
v -5.14618751 -0.3499623 2.47277502
v -3.51873567 -0.37278674 1.98557318
v -4.50761244 -0.36137832 2.4127761
v -6.09868972 -2.13820277 1.50576271
v -6.07021674 -1.22650936 1.52002672
v -2.15774714 -1.29498142 1.07251524
v -2.16479691 -2.20702655 1.05580368
v -6.13766334 -3.04976712 1.49425371
v -2.16102531 -3.11934877 1.0393983
v -6.18880324 -3.96109615 1.48591469
v -2.14478314 -4.03186204 1.02333768
v -2.98192451 -4.01688445 1.10199027
v -5.35168212 -3.97607374 1.40725767
v -3.58987068 -0.3572183 1.22542444
v -2.95129592 -0.3686419 1.16542805
v -5.24093361 -0.32921534 1.46039661
v -4.60235632 -0.34064021 1.4004135
v -3.64282711 -4.00506989 1.16407996
v -4.69076339 -3.9878883 1.34517241
v -6.05727551 -0.68277781 1.52958477
v -2.14939737 -0.75113979 1.0825895
v -2.48698273 -0.37692146 1.1218073
v -5.70524964 -0.32091428 1.50401166
v -6.25070252 -3.94755331 0.82451834
v -6.1985283 -3.03644949 0.84391215
v -2.20673903 -3.10933967 0.55107484
v -2.19125125 -4.02168973 0.52674353
v -6.15889678 -2.12502937 0.86241653
v -2.21000075 -2.19716295 0.5727258
v -6.13009484 -1.21341567 0.88018075
v -2.20270522 -1.28513553 0.592069
v -3.02838534 -4.00671973 0.60538031
v -5.41358708 -3.96253596 0.74588789
v -3.68931514 -3.99491782 0.66747316
v -4.75265823 -3.97432016 0.68380516
v -3.6347715 -0.34742049 0.7456146
v -2.99618441 -0.35880108 0.68562644
v -5.3007282 -0.31612292 0.82138124
v -4.66215597 -0.32753008 0.76139181
v -6.11709984 -0.66968032 0.89047642
v -2.19430009 -0.7412977 0.60270438
v -2.53187248 -0.36709455 0.64200063
v -5.76505815 -0.30779276 0.86498681
v -6.32331751 -3.00912596 -0.48959372
v -6.28234676 -2.0979943 -0.45676777
v -2.30268297 -2.17683984 -0.41779416
v -2.30044038 -3.0888331 -0.45021207
v -6.25287679 -1.18652357 -0.43181335
v -2.29488515 -1.26493514 -0.39305672
v -6.3776021 -3.91976671 -0.53157159
v -2.28654044 -4.00081624 -0.49151811
v -3.12367675 -3.98583865 -0.41287185
v -5.54048667 -3.93474936 -0.61022228
v -3.78460117 -3.97404687 -0.35078975
v -4.879573 -3.94653861 -0.67229932
v -3.77353024 -3.06248884 -0.31181866
v -4.85023524 -3.03544998 -0.62798523
v -6.23972616 -0.64283757 -0.42000069
v -2.28636489 -0.7211631 -0.38127063
v -3.06744341 -0.34320859 -0.07589695
v -2.60314572 -0.35150459 -0.1195177
v -5.85994912 -0.28700278 -0.14921098
v -5.3956432 -0.29529878 -0.19281401
v -3.70603778 -0.33179764 -0.01589929
v -4.75707003 -0.30670973 -0.25281293
v -6.14241358 -2.09738953 -0.63700557
v -6.18183255 -3.00852119 -0.67177742
v -5.97280737 -3.97625846 2.07141155
v -5.90259944 -3.9916308 2.82144491
v -5.88584992 -3.99528979 3.00083312
v -5.83973734 -3.08342052 2.9839362
v -5.80397863 -2.1714766 2.97945355
v -5.77708843 -1.25959215 2.98567713
v -6.11367807 -1.18593272 -0.61106428
v -6.23375183 -3.9191341 -0.71685632
v -6.21779876 -3.92262356 -0.54659219
v -6.09088779 -3.95040257 0.80951798
v -6.04495487 -3.9604762 1.30033516
v -6.02900749 -3.96396059 1.47088839
v -5.99622773 -3.04911807 1.31176383
v -6.0253757 -3.0427667 1.00038229
v -6.0746083 -3.95396288 0.98363214
v -5.51218639 -0.3453506 2.61142844
v -5.52187855 -0.34323516 2.5080694
v -5.76450146 -0.71583402 2.99350817
v -5.77131906 -0.28857923 -0.15752342
v -6.10071533 -0.64222268 -0.59902261
v -5.56231602 -0.33439133 2.07587269
v -5.61662401 -0.32249326 1.49568656
v -5.6606762 -0.31283842 1.02489959
v -5.67641987 -0.3093768 0.8566655
v -5.63203431 -0.31910249 1.33090587
v -5.78049881 -0.28658399 -0.25563625
v -2.47211205 -2.1714766 -0.52733502
v -2.47168726 -3.08339775 -0.56093085
v -2.26479997 -4.03821088 1.48948449
v -2.21210891 -4.04974456 2.05264781
v -2.19949727 -4.05249007 2.18733668
v -2.2148481 -3.13965291 2.18399778
v -2.21801176 -2.22712446 2.18811352
v -2.21069504 -1.31492876 2.19865148
v -2.46340486 -1.25959594 -0.50199913
v -2.46071438 -3.99529992 -0.60412016
v -2.44874357 -3.99791891 -0.4762647
v -2.35346608 -4.01879998 0.54197227
v -2.31899346 -4.02633053 0.91051676
v -2.30700051 -4.02897229 1.03858793
v -2.35421383 -3.10912332 0.69461957
v -2.33233513 -3.11390962 0.92846507
v -2.34123337 -4.02146958 0.67272126
v -2.49855911 -0.39248864 1.96803164
v -2.50583314 -0.39088308 1.89041652
v -2.20225417 -0.77107069 2.20741307
v -2.69310963 -0.34990157 -0.11106987
v -2.4546907 -0.71581125 -0.4900802
v -2.53619287 -0.38424957 1.5659084
v -2.57696435 -0.37530451 1.13026082
v -2.61002532 -0.36807888 0.77677427
v -2.62184493 -0.36550418 0.65045352
v -2.58853504 -0.37280572 1.00653123
v -2.7000101 -0.34837446 -0.18473119
v -4.9726079 -2.11828326 -0.74689374
v -4.99936588 -3.02965783 -0.78287702
v -4.77027632 -3.99776202 1.95843563
v -4.70010129 -4.01310905 2.70847279
v -4.68330907 -4.01680094 2.88786416
v -4.65724885 -3.10454578 2.87284102
v -4.63418939 -2.19237792 2.86955527
v -4.61368693 -1.28038465 2.8763735
v -4.95026487 -1.2067227 -0.72037424
v -5.03121635 -3.94063513 -0.82982654
v -5.01528352 -3.94413724 -0.65955293
v -4.88838141 -3.9719036 0.69654902
v -4.67919428 -0.35019004 1.99293166
v -4.73348456 -0.33829324 1.41273414
v -4.77754623 -0.32862955 0.94194401
v -4.79328801 -0.3251869 0.77370866
v -4.84244406 -3.98197469 1.18737316
v -4.82649226 -3.98545656 1.35791627
v -4.74889928 -0.33492018 1.24795092
v -4.87208926 -3.97548415 0.87066508
v -4.62907445 -0.36113413 2.52845641
v -4.63874226 -0.35904147 2.42509295
v -4.60245975 -0.73657086 2.88434244
v -4.88820428 -0.30437668 -0.24048723
v -4.93866097 -0.66297849 -0.70818898
v -4.89738593 -0.30235361 -0.33860006
v -3.63322857 -2.15072458 -0.41825976
v -3.64542491 -3.06240534 -0.45066375
v -3.45841886 -4.01686167 1.60161524
v -3.40571895 -4.02841054 2.16476591
v -3.39311078 -4.03115352 2.29946996
v -3.38855412 -3.11867441 2.29425349
v -3.37911437 -2.20636105 2.29718815
v -3.36546114 -1.2942944 2.30712956
v -3.61817665 -1.23894387 -0.39352168
v -3.65431714 -3.97395577 -0.49198687
v -3.64237164 -3.97659501 -0.36414913
v -3.54708561 -3.9974356 0.65410998
v -3.41167589 -0.36860015 1.64815989
v -3.45245053 -0.35967154 1.21250851
v -3.48552383 -0.35244212 0.85902322
v -3.49733807 -0.34984084 0.73270501
v -3.51260793 -4.00498892 1.02265637
v -3.5006039 -4.0076155 1.15071425
v -3.46401774 -0.35714618 1.08878461
v -3.53483961 -4.00012038 0.78485202
v -3.37405447 -0.37684301 2.05027364
v -3.38131837 -0.3752577 1.97266105
v -3.35569401 -0.75044519 2.3157735
v -3.56859834 -0.33423824 -0.02880257
v -3.60811758 -0.69518702 -0.38171851
v -3.57549501 -0.33273896 -0.10248477
v -4.66918929 -2.1237262 -0.77539455
v -3.94299127 -2.14517789 -0.38916113
v -4.69263147 -3.0351362 -0.81168212
v -3.95854042 -3.05680297 -0.42125768
v -4.33076257 -2.19782466 2.84105002
v -3.68887453 -2.20081056 2.32628488
v -4.31191342 -1.28579724 2.84801945
v -3.6735294 -1.28879073 2.33606561
v -4.35053183 -3.11001656 2.84403276
v -3.70167817 -3.11306952 2.32368234
v -4.64848788 -1.21210112 -0.74870742
v -3.92625535 -1.23345032 -0.36456855
v -4.37782026 -0.35555201 1.96462885
v -3.71934086 -0.36311798 1.67706747
v -4.43212067 -0.34367672 1.38441552
v -3.76010444 -0.35418052 1.24140218
v -4.45836086 -4.00333402 1.92913583
v -3.77683624 -4.01114797 1.63153057
v -4.51455782 -3.9910488 1.32862975
v -3.81903932 -4.00192204 1.18062578
v -4.4475338 -0.3402986 1.2196266
v -3.77168967 -0.35165262 1.11768714
v -4.47616431 -0.33401935 0.91363234
v -3.7931888 -0.34693971 0.88791942
v -4.56016717 -3.98106121 0.84137287
v -3.85327598 -3.99443451 0.81476355
v -4.53053683 -3.98754416 1.15808285
v -3.83103512 -3.99930052 1.05256853
v -4.60712174 -3.05385503 0.10224691
v -3.89432865 -3.0708772 0.26498175
v -4.67696782 -3.03855354 -0.64426283
v -3.94679134 -3.05938527 -0.29554486
v -4.57645457 -3.97748066 0.66725048
v -3.86551153 -3.99174973 0.68402215
v -4.43605896 -3.09128762 1.93009676
v -3.76588203 -3.09899529 1.63746441
v -4.36703938 -3.10640058 2.66763805
v -3.71406208 -3.11033919 2.19123037
v -4.32771182 -0.36651255 2.50014221
v -3.68172355 -0.37135325 2.07918565
v -4.33737868 -0.36440471 2.39679646
v -3.68897797 -0.36975403 2.00157053
v -4.30103607 -0.74197206 2.85602192
v -3.66339789 -0.74494025 2.34468487
v -4.49192222 -0.33057038 0.74540142
v -3.80500906 -0.34436247 0.76160183
v -4.58683089 -0.30975637 -0.26879763
v -3.87627502 -0.32875101 0.0000835
v -4.63724267 -0.66836577 -0.73650824
v -3.9158319 -0.68969599 -0.35281346
v -4.5960078 -0.30773582 -0.3669035
v -3.88317043 -0.32723908 -0.0735892
v -2.62307725 -1.56847236 11.59968974
v -2.63906828 -2.47701665 11.51911972
v -2.64523492 -3.38640104 11.44412043
v -2.64000517 -4.29666856 11.37557752
v -6.61830379 -3.22467648 10.93456987
v -6.68040803 -4.13218329 10.85739062
v -6.56944443 -2.31700898 11.0150374
v -6.53203841 -1.40936172 11.09837318
v -3.06055876 -2.2606779 9.36725644
v -3.07131149 -3.16770015 9.26887981
v -5.25760215 -2.11555166 8.49870236
v -5.29220572 -3.02098859 8.39090559
v -3.46583174 -4.25846925 11.22149357
v -3.59666013 -4.3198675 11.90746542
v -5.85458145 -4.17039272 11.01147836
v -6.02883859 -4.25217102 11.92511134
v -3.58595864 -3.40922802 11.96714298
v -5.97758671 -3.34264619 11.98449537
v -3.56967092 -2.49960829 12.03653484
v -3.548626 -1.59093495 12.11429229
v -5.93561454 -2.43372233 12.05368227
v -5.90165939 -1.52541084 12.13134736
v -3.39747356 -0.62365821 11.53563327
v -5.70545587 -0.5386106 11.33273362
v -3.04228149 -1.35330393 9.45955941
v -5.22733447 -1.20894821 8.59574419
v -3.07330388 -4.07426438 9.16347493
v -5.33183282 -3.92506542 8.27061675
v -6.3710774 -2.22392094 9.97487934
v -2.49011034 -2.40711997 10.73809117
v -6.42880843 -2.25102686 10.27772069
v -6.39219191 -1.34370856 10.36507036
v -2.51806205 -1.51919232 11.04908302
v -2.53348626 -2.42746965 10.96548914
v -6.33474808 -1.31674055 10.0638858
v -2.47492209 -1.49892487 10.82293381
v -3.312685 -4.18662287 10.41860721
v -5.65064812 -4.07469455 9.94220838
v -3.29259627 -0.57445155 10.98576417
v -5.56578966 -0.47304221 10.6004107
v -3.24952241 -0.55423598 10.75990976
v -5.50841415 -0.44610076 10.29962469
v -3.35727901 -4.20752672 10.65236414
v -5.71001886 -4.10255707 10.25351654
v -5.66408784 -3.19550573 10.34077005
v -5.60569574 -3.16812526 10.03463218
v -3.35055946 -3.29874836 10.73296705
v -3.30672047 -3.27817347 10.50309559
v -3.69484318 -2.23136039 9.24890653
v -4.62334905 -2.14486538 8.61704468
v -4.11782819 -4.22830911 11.09983323
v -5.20257045 -4.20056299 11.13314123
v -4.20393415 -2.47027813 11.9181843
v -4.1794178 -1.56174522 11.99659587
v -5.30137915 -2.46306515 12.17202902
v -5.27085905 -1.55459297 12.24904126
v -4.0274398 -0.5945406 11.41809626
v -5.07551272 -0.56771682 11.45027948
v -3.67308499 -1.32411041 9.34185982
v -4.59654804 -1.23812022 8.71343998
v -3.96469853 -4.15646273 10.2969494
v -4.99864851 -4.10483192 10.06385733
v -3.92254543 -0.54533267 10.86821831
v -4.9358193 -0.50215222 10.71797808
v -3.87948328 -0.52510698 10.6423639
v -4.87845771 -0.47522976 10.41716107
v -4.00928779 -4.17738935 10.53071519
v -5.05802811 -4.13271215 10.37519269
v -4.82241321 -3.13104819 9.40893508
v -3.84112266 -3.19843217 9.82381483
v -4.09844102 -3.31918535 11.1729676
v -5.16510877 -3.29188458 11.20572649
v -6.51413565 -0.86804672 11.1491487
v -2.60975298 -1.02695872 11.64988326
v -3.4728698 -0.65904242 11.9309174
v -2.93942538 -0.64484673 11.62110726
v -5.80585811 -0.58569423 11.85917351
v -6.16350848 -0.5174031 11.24727735
v -3.53423041 -1.04939348 12.16387978
v -5.88448476 -0.98397185 12.18092726
v -3.06925109 -0.46962234 9.8147578
v -5.26833179 -0.33338422 9.04084923
v -3.0284562 -0.81202942 9.51225995
v -5.21095755 -0.66787613 8.64945247
v -6.37445236 -0.80248719 10.4167271
v -2.50485703 -0.97772296 11.09992939
v -6.31707875 -0.77555713 10.11587656
v -2.46176071 -0.95750739 10.87403449
v -2.83455062 -0.59563501 11.07122045
v -6.02383277 -0.45183597 10.51494874
v -2.79146664 -0.57539793 10.84537362
v -5.96645663 -0.42490086 10.21414691
v -4.10282783 -0.62992101 11.8133728
v -5.17589977 -0.61483588 11.97670545
v -4.16427415 -1.02025309 12.0463415
v -5.25444545 -1.01310085 12.29846933
v -3.69920436 -0.44050093 9.6972113
v -4.6383861 -0.3625246 9.15838941
v -3.65852904 -0.78290802 9.39469827
v -4.58090875 -0.6969988 8.76701289
v -6.82101999 -4.19817933 11.59467696
v -6.75658649 -3.28956292 11.65956467
v -2.74905829 -3.4351206 11.98847446
v -2.74557927 -4.34621809 11.92916761
v -6.70623988 -2.38122485 11.7322638
v -6.66808612 -1.47319677 11.81167362
v -2.72522801 -1.61639609 12.13527838
v -2.74178427 -2.52523518 12.05763859
v -3.57140648 -4.30802764 11.77506215
v -5.99519658 -4.2363837 11.7487685
v -4.22341938 -4.27786496 11.65342333
v -5.34320456 -4.26653372 11.87041492
v -5.30338514 -3.35675458 11.93071244
v -4.20224857 -3.3679049 11.7173229
v -6.65001951 -0.93181472 11.86162422
v -2.71178417 -1.0748483 12.18484689
v -3.45831859 -0.6522052 11.85461241
v -3.00026915 -0.67338993 11.94009146
v -6.24452069 -0.55544679 11.67210546
v -5.78647504 -0.57661127 11.75756806
v -4.08826618 -0.6230838 11.73708173
v -5.15651924 -0.60574659 11.8751038
v -6.4599295 -2.26562742 10.44079777
v -6.42311687 -1.35822688 10.52726116
v -2.54129041 -1.53009466 11.17087241
v -2.55684589 -2.43841754 11.08794276
v -6.50758881 -3.17272431 10.3540978
v -2.56209399 -3.34738441 11.00826092
v -6.56781927 -4.07936319 10.26709544
v -2.55546175 -4.2570016 10.9323355
v -3.3813016 -4.2188023 10.77825029
v -5.74199079 -4.11756503 10.42117306
v -3.94575038 -0.55620844 10.98984955
v -3.31579711 -0.5853425 11.10738656
v -5.59667857 -0.48753016 10.76239843
v -4.96672592 -0.51668193 10.87995189
v -4.03328414 -4.18865228 10.65660007
v -5.08999561 -4.14770999 10.54283086
v -6.40533494 -0.81699791 10.57872116
v -2.52806103 -0.9886253 11.22157202
v -2.8577502 -0.60651078 11.19285042
v -6.05472421 -0.46634923 10.67693078
v -6.44381196 -4.02117858 9.61693987
v -6.3856672 -3.11549873 9.71480598
v -2.47055711 -3.30441525 10.52823474
v -2.46235473 -4.21331127 10.44418032
v -6.33931044 -2.20903065 9.80838113
v -2.46627341 -2.39593548 10.61306916
v -6.30315824 -1.30194515 9.89828399
v -2.451212 -1.48781883 10.69858995
v -3.2881851 -4.1751145 10.29008309
v -5.61800626 -4.05937789 9.7710409
v -3.94019104 -4.14496954 10.16842781
v -4.96600348 -4.08950513 9.89270503
v -3.85579755 -0.51401233 10.51819654
v -3.22583035 -0.54311982 10.6357443
v -5.47686734 -0.43130157 10.13424619
v -4.84691659 -0.46042677 10.25179332
v -6.28552624 -0.76076173 9.95047086
v -2.43808573 -0.94639503 10.74984373
v -2.76778534 -0.56429189 10.72120437
v -5.93492563 -0.41009534 10.04876714
v -6.13565039 -2.99817301 8.40396259
v -6.09198789 -2.0929499 8.51162272
v -2.2805544 -2.30876611 9.63938918
v -2.28283083 -3.21632607 9.54396619
v -6.05718252 -1.18648562 8.60859495
v -2.26650706 -1.40112771 9.73021691
v -6.18956807 -3.90185129 8.28389642
v -2.2714455 -4.12370131 9.44323057
v -3.09728219 -4.08549694 9.28914473
v -5.36375288 -3.94005819 8.43797974
v -3.74928718 -4.05536463 9.16748249
v -4.71176149 -3.9701905 8.55964387
v -3.73603724 -3.14910911 9.27282158
v -4.68245442 -3.06535834 8.67511226
v -6.03982696 -0.64545529 8.66227161
v -2.2535905 -0.85983296 9.78260178
v -3.08305424 -0.4761268 9.8871672
v -2.62502315 -0.49729634 9.97262853
v -5.74476287 -0.32085355 9.0518199
v -5.28672735 -0.34202309 9.13729198
v -3.71302681 -0.44699401 9.76962386
v -4.6567766 -0.37115209 9.25483026
v -5.90759957 -2.08547249 8.37741589
v -5.94923772 -2.99061463 8.26832038
v -6.52275871 -4.13949369 10.88681061
v -6.66335675 -4.20548973 11.62409949
v -6.69702597 -4.22125934 11.80043094
v -6.6346301 -3.31227981 11.86188612
v -6.58561765 -2.40367353 11.93240023
v -6.54809839 -1.49551133 12.01073335
v -5.87377853 -1.17906767 8.47512828
v -6.00001767 -3.8941588 8.14593824
v -6.03192318 -3.90913639 8.31331072
v -6.2861658 -4.02846368 9.64636809
v -6.37818094 -4.07166057 10.12884436
v -6.41017185 -4.08665841 10.29649645
v -6.32112933 -3.16511532 10.21814182
v -6.26276 -3.13773231 9.91204444
v -6.31881968 -4.04377528 9.81752229
v -6.1764554 -0.56856451 11.7900233
v -6.15709068 -0.55948155 11.68841405
v -6.53017665 -0.95412928 12.06043851
v -5.65732844 -0.32489084 9.06813735
v -5.85666146 -0.63801205 8.52897068
v -6.07605507 -0.52144925 11.26357329
v -5.96729484 -0.47039159 10.69324696
v -5.87902663 -0.42895713 10.23046436
v -5.84748298 -0.41413896 10.06509028
v -5.93639518 -0.45588339 10.53126745
v -5.63893604 -0.31626715 8.97169903
v -2.41290231 -2.29062296 9.48810135
v -2.41659736 -3.19797922 9.3910494
v -2.80002201 -4.28927971 11.3457185
v -2.905617 -4.33882798 11.89930985
v -2.93085894 -4.35067164 12.03170932
v -2.93125717 -3.43950709 12.08930813
v -2.9220151 -2.52955335 12.15738544
v -2.90449317 -1.6207054 12.23448372
v -2.39814581 -1.38307819 9.57974641
v -2.4074989 -4.1050546 9.28770175
v -2.43146456 -4.11630234 9.41338673
v -2.62237569 -4.20591737 10.41431371
v -2.69148699 -4.23832453 10.77658906
v -2.71548998 -4.24961023 10.9024828
v -2.65201172 -3.30844748 10.62524936
v -2.69585767 -3.32902364 10.85511576
v -2.64689362 -4.21741056 10.54284035
v -3.10358106 -0.67612532 11.99982089
v -3.08903965 -0.66928558 11.92352476
v -2.89081021 -1.07914622 12.28394848
v -2.71377435 -0.49319325 9.95606753
v -2.38507933 -0.84180115 9.63230525
v -3.02819271 -0.64074364 11.6045317
v -2.94652006 -0.60238871 11.17629258
v -2.88022829 -0.57130243 10.82881072
v -2.85654477 -0.56020778 10.70464147
v -2.92331606 -0.59153572 11.05466514
v -2.69996993 -0.48669132 9.88365686
v -4.75358816 -2.13882272 8.59275386
v -4.78272981 -3.04455571 8.48596799
v -5.33645971 -4.19435839 11.1081558
v -5.47709001 -4.26033417 11.84543962
v -5.51072 -4.27613668 12.02178246
v -5.46809878 -3.36620572 12.07954196
v -5.43162079 -2.45702376 12.14772048
v -5.40039977 -1.54858701 12.2248681
v -4.72606599 -1.23213197 8.68926556
v -4.8137174 -3.94902349 8.3672866
v -4.84564378 -3.96401373 8.53466414
v -5.09989084 -4.08332584 9.86771771
v -5.20486555 -0.56174881 11.42614681
v -5.09608192 -0.51069874 10.85581543
v -5.0078213 -0.46924657 10.3930284
v -4.97627638 -0.45445117 10.22765053
v -5.19190851 -4.12653285 10.35019778
v -5.22388929 -4.1415155 10.51784354
v -5.06518352 -0.49619181 10.69383402
v -5.13253839 -4.09865515 10.03887128
v -5.30526019 -0.60884383 11.95257025
v -5.28587966 -0.59977225 11.85096607
v -5.38382295 -1.007105 12.27434045
v -4.78613829 -0.36518408 9.23069759
v -4.71029448 -0.69100675 8.74287516
v -4.76774463 -0.35653382 9.13425104
v -3.55834221 -2.23766621 9.27437337
v -3.57448727 -3.14442529 9.17500102
v -3.97752589 -4.23481736 11.12600796
v -4.08310537 -4.28438081 11.67958413
v -4.10835965 -4.29622067 11.81200004
v -4.0891145 -3.38597593 11.87325532
v -4.0674433 -2.47659154 11.94365809
v -4.04366331 -1.56803586 12.02192163
v -3.53732386 -1.33039725 9.36718306
v -3.58498949 -4.05060237 9.06800197
v -3.60897413 -4.06187036 9.19366291
v -3.79988146 -4.15143983 10.19460506
v -3.89185674 -0.60080846 11.4433904
v -3.81018536 -0.56246872 11.01514115
v -3.74390781 -0.53137485 10.66766309
v -3.72021639 -0.52024856 10.54349447
v -3.86898897 -4.18386977 10.55688675
v -3.89297836 -4.19514535 10.68277353
v -3.78697946 -0.55159295 10.8935213
v -3.82438421 -4.16294821 10.32313298
v -3.96725552 -0.63619267 11.83866441
v -3.95270589 -0.62937444 11.76237207
v -4.02867813 -1.02651843 12.07163944
v -3.57744566 -0.45324922 9.79493065
v -3.52293428 -0.78917968 9.42000316
v -3.56363333 -0.44677386 9.72250164
v -4.45426695 -2.15268439 8.64860288
v -3.86392369 -2.2235186 9.21735402
v -4.48013897 -3.05855403 8.54243381
v -3.88337539 -3.13014483 9.11735729
v -5.13229421 -2.47088922 12.20357204
v -4.37301941 -2.4624414 11.88663748
v -5.10270214 -1.56236391 12.28041348
v -4.3475725 -1.553992 11.96520973
v -5.16552755 -3.38019011 12.13600461
v -4.39801812 -3.37168409 11.81562994
v -4.42836456 -1.24588863 8.74482675
v -3.84124823 -1.31636098 9.31048887
v -4.90756393 -0.57547384 11.48162893
v -4.19536961 -0.58678358 11.38675947
v -4.79878599 -0.52443515 10.91128109
v -4.11368652 -0.54844004 10.95850516
v -5.02875425 -4.20857938 11.16557496
v -4.29164693 -4.22028007 11.06740203
v -4.91617181 -4.15575927 10.57527345
v -4.20711553 -4.18061058 10.62415622
v -4.7678838 -0.50992822 10.74929463
v -4.0904958 -0.53756047 10.83688658
v -4.71051146 -0.48299817 10.44850292
v -4.04741846 -0.51733857 10.61102837
v -4.8248285 -4.11288374 10.09629486
v -4.13852138 -4.1484261 10.26451061
v -4.88421506 -4.14074626 10.40761883
v -4.18311665 -4.1693426 10.49826944
v -4.65149972 -3.13895831 9.44082287
v -4.0120409 -3.19053724 9.79192956
v -4.51152732 -3.07327098 8.70700448
v -3.90695959 -3.14120406 9.24093
v -4.79217589 -4.09754936 9.92513497
v -4.11401199 -4.13692531 10.13599534
v -4.99418104 -3.29976686 11.23760732
v -4.26934945 -3.31129927 11.1410855
v -5.13245552 -3.36466848 11.96260845
v -4.37317345 -3.36002262 11.68543448
v -5.0079668 -0.62259416 12.00803845
v -4.27077471 -0.62216019 11.78203854
v -4.98858753 -0.61350361 11.90644818
v -4.25621496 -0.61532298 11.70574494
v -5.0864682 -1.02086925 12.32981498
v -4.33222705 -1.01247836 12.01500471
v -4.67898077 -0.4682015 10.28312315
v -4.02373336 -0.50623254 10.48685848
v -4.48883478 -0.37892429 9.28617021
v -3.88096389 -0.43922433 9.73828327
v -4.41294605 -0.70476847 8.79835411
v -3.82649205 -0.7751472 9.36335895
v -4.47043732 -0.37028921 9.18973253
v -3.86715599 -0.43273379 9.66586439
v -3.20600731 -1.39486997 16.49629377
v -3.18660938 -2.30414429 16.56724564
v -3.15685442 -3.21301881 16.64275607
v -3.11508659 -4.12134295 16.72353485
v -7.16406538 -3.26015304 16.53746379
v -7.19021416 -4.16923885 16.61645483
v -7.15076166 -2.35075094 16.46307307
v -7.1485564 -1.44123749 16.39271585
v -3.82977402 -2.46375089 14.46585613
v -3.80701157 -3.37435748 14.51853833
v -6.10668777 -2.53308582 13.82297491
v -6.10864315 -3.44442244 13.86868325
v -3.9530165 -4.13467323 16.65365462
v -4.01192133 -4.08443416 17.35039342
v -6.35228013 -4.15591869 16.68634392
v -6.43074484 -4.08899905 17.61432695
v -4.03875428 -3.17673756 17.25916904
v -6.41724881 -3.18122401 17.51869963
v -4.05901888 -2.26826539 17.17704787
v -4.07367922 -1.35916946 17.10278367
v -6.41197414 -2.27268604 17.43376589
v -6.41379478 -1.3635762 17.35810489
v -4.02707795 -0.49816554 16.36129935
v -6.34521265 -0.51872904 16.39290816
v -3.84567458 -1.55360105 14.40636203
v -6.1101671 -1.62253237 13.76698545
v -3.77626374 -4.28541069 14.56332054
v -6.11690183 -4.35665863 13.90245052
v -7.06145092 -2.42693826 15.40658997
v -3.1195395 -2.36136101 15.77395591
v -7.0874289 -2.4047692 15.71418093
v -7.08559434 -1.49492553 15.64789263
v -3.1587203 -1.43519863 15.93704312
v -3.13907344 -2.34470195 16.00492305
v -7.0597277 -1.51698705 15.34198188
v -3.13929264 -1.45173749 15.70733486
v -3.88404975 -4.19349551 15.83815914
v -6.26045478 -4.23424042 15.600289
v -3.97985293 -0.53844865 15.80279517
v -6.28233094 -0.57235256 15.6490794
v -3.96045848 -0.55498372 15.57339437
v -6.25649024 -0.59435967 15.34356845
v -3.90413627 -4.17635947 16.07558772
v -6.28718683 -4.21143876 15.91648341
v -6.27609091 -3.30159003 15.8491589
v -6.24979473 -3.32404376 15.53821892
v -3.93275633 -3.26712437 16.00561133
v -3.91301711 -3.28396309 15.77213274
v -4.47335174 -2.4740181 14.41217948
v -5.46313914 -2.52281483 13.87664524
v -4.61457005 -4.14520234 16.59847109
v -5.69071172 -4.14539212 16.74152745
v -4.70257731 -2.27851361 17.12336742
v -4.71371498 -1.36935442 17.04939802
v -5.7684388 -2.26244794 17.4874476
v -5.77374511 -1.35339629 17.41148169
v -4.66627487 -0.5083505 16.3079934
v -5.70603471 -0.50852257 16.44622044
v -4.4857252 -1.56377715 14.35297511
v -5.47012945 -1.61234361 13.82036857
v -4.54561848 -4.20402461 15.78298194
v -5.59889838 -4.22369361 15.65545608
v -4.61903372 -0.54863615 15.74948163
v -5.6431258 -0.56214229 15.70241445
v -4.59965256 -0.56516868 15.5200821
v -5.61730154 -0.58417724 15.3968744
v -4.56569931 -4.18690881 16.02041811
v -5.62563549 -4.2009046 15.97168085
v -5.53526007 -3.36825789 14.83544758
v -4.51549408 -3.33531428 15.14943419
v -4.63135943 -3.23649103 16.51977106
v -5.6895686 -3.2366669 16.66045514
v -7.15151446 -0.89876609 16.35227332
v -3.21358024 -0.85243653 16.4557361
v -4.06102931 -0.46920861 16.76278808
v -3.56231213 -0.49076657 16.400068
v -6.39042187 -0.48013373 16.92760483
v -6.80997784 -0.52611789 16.3541509
v -4.0802482 -0.81679042 17.06150863
v -6.41759864 -0.8211883 17.31654392
v -3.87928432 -0.62420098 14.61339893
v -6.14838982 -0.68650892 14.06502405
v -3.85249344 -1.01097402 14.36824749
v -6.11433408 -1.07985601 13.72961991
v -7.0886239 -0.95240859 15.60835094
v -3.16634637 -0.89271078 15.89714336
v -7.06279204 -0.97443594 15.30277673
v -3.14693421 -0.90925091 15.66769954
v -3.51509375 -0.53104463 15.84154991
v -6.74708601 -0.57973381 15.61031708
v -3.49568982 -0.54755818 15.61215164
v -6.7212491 -0.60174978 15.30479095
v -4.70022022 -0.47940496 16.70947581
v -5.75122748 -0.4699728 16.98090951
v -4.7195261 -0.82696653 17.00821154
v -5.77832707 -0.81101472 17.3698448
v -4.5184686 -0.63438848 14.56008666
v -5.50920997 -0.67633914 14.11833379
v -4.49179791 -1.02117164 14.31493142
v -5.47505176 -1.06964954 13.78294231
v -7.25352415 -4.11524716 17.36531787
v -7.22633219 -3.20703941 17.27384045
v -3.20360467 -3.17314436 17.19565789
v -3.16261968 -4.08079288 17.28581949
v -7.21235855 -2.29822942 17.19156493
v -7.20981674 -1.38898167 17.11721469
v -3.25200191 -1.35561801 17.04028848
v -3.23286462 -2.2647152 17.11422373
v -4.00055055 -4.09414341 17.21591774
v -6.41559455 -4.10191687 17.4352095
v -4.66211865 -4.10466998 17.16075446
v -5.75404448 -4.09138271 17.49038163
v -5.75183225 -3.1835482 17.39681788
v -4.67809323 -3.19661532 17.07267034
v -7.21269826 -0.84658365 17.07593586
v -3.2595236 -0.81325921 16.99909948
v -4.05447867 -0.47480085 16.68528494
v -3.58971474 -0.46738924 16.72405992
v -6.84644887 -0.49501263 16.78565174
v -6.38169064 -0.48759469 16.82440774
v -4.69365756 -0.48498835 16.63198279
v -5.74250131 -0.47741352 16.87771243
v -7.10145505 -2.39282053 15.87982133
v -7.09951358 -1.48305404 15.8126322
v -3.16917918 -1.42628141 16.06074677
v -3.149594 -2.33572274 16.12929727
v -7.11420966 -3.30267558 15.94787713
v -3.11941235 -3.24493886 16.2000505
v -7.13951265 -4.21248889 16.01689576
v -3.07701633 -4.15380325 16.27333669
v -3.91495637 -4.1671386 16.2034514
v -6.30158052 -4.19916113 16.08677094
v -4.62948786 -0.53971766 15.87302334
v -3.99030043 -0.52954408 15.92632803
v -6.29623437 -0.56046968 15.81361021
v -5.6570444 -0.55030876 15.86693641
v -4.57649727 -4.17768035 16.14827926
v -5.64002476 -4.18861938 16.14195066
v -7.10252036 -0.94054848 15.77288681
v -3.17679544 -0.88380368 16.02069899
v -3.5255422 -0.52212234 15.96508656
v -6.76099386 -0.5678813 15.77484662
v -7.08367248 -4.26011656 15.35653183
v -7.0593165 -3.34949605 15.29854838
v -3.07820278 -3.2800928 15.71248808
v -3.03509002 -4.18956323 15.77751749
v -7.04713946 -2.43915009 15.23747656
v -3.10881018 -2.37051862 15.64697282
v -7.04549848 -1.52913309 15.17378321
v -3.12861804 -1.4608698 15.58104638
v -3.87302468 -4.20290363 15.70761827
v -6.24575996 -4.24678375 15.42643484
v -4.53458678 -4.21345298 15.65244613
v -5.58419787 -4.23622681 15.48161583
v -4.58898207 -0.57428201 15.39396568
v -3.94978705 -0.56407807 15.44727669
v -6.24228443 -0.60648421 15.17559373
v -5.60309952 -0.59629924 15.22891107
v -7.04858244 -0.98655921 15.1347767
v -3.1362789 -0.91835285 15.54156288
v -3.4850266 -0.55666772 15.48603395
v -6.70705847 -0.61386166 15.13681369
v -6.94673407 -3.44550167 13.96712441
v -6.93577859 -2.53410812 13.92035455
v -3.02517803 -2.44181716 14.65800021
v -2.99367644 -3.35219222 14.71276622
v -6.93474744 -1.62356985 13.86384129
v -3.04544484 -1.53177739 14.59746484
v -6.96919223 -4.35774671 14.00255543
v -2.94912893 -4.26285701 14.7608481
v -3.78706549 -4.27619488 14.69096154
v -6.13127212 -4.34442149 14.07244199
v -4.44862885 -4.28675182 14.63578308
v -5.46972205 -4.33386582 14.12762425
v -4.46817797 -3.37567204 14.58979006
v -5.47224172 -3.42199781 14.0901031
v -6.93794464 -1.08091246 13.82634797
v -3.05319648 -0.9892111 14.55913269
v -3.88549399 -0.61891619 14.68694955
v -3.42074999 -0.61150204 14.72570808
v -6.6214238 -0.6868733 14.1242107
v -6.15667063 -0.67946169 14.16298062
v -4.52469945 -0.62909736 14.63363601
v -5.51749016 -0.6692666 14.21628531
v -6.7662116 -2.54357064 13.76795966
v -6.77530469 -3.4550477 13.8130898
v -7.0302514 -4.16671855 16.62980409
v -7.09354874 -4.11271926 17.37866966
v -7.10872876 -4.09980144 17.55777193
v -7.08392173 -3.19186318 17.4630834
v -7.07150367 -2.28319363 17.37875949
v -7.06971023 -1.374018 17.30339582
v -6.76608255 -1.63299062 13.7122827
v -6.79488069 -4.36745848 13.84589804
v -6.80923769 -4.3552011 14.01589963
v -6.92371479 -4.25756842 15.36988615
v -6.96514481 -4.22224115 15.85993978
v -6.97955622 -4.20995087 16.03022225
v -6.94276636 -3.31222161 15.79352496
v -6.91648852 -3.33465384 15.48262673
v -6.93842415 -4.24503016 15.54372892
v -6.76644946 -0.48613969 16.89624147
v -6.75773847 -0.49358673 16.79304312
v -7.07275433 -0.83165034 17.26189178
v -6.53270708 -0.68544488 14.1316122
v -6.76950558 -1.09028263 13.67497537
v -6.7212453 -0.52469705 16.36153089
v -6.67228473 -0.56646806 15.78224559
v -6.6325368 -0.60035552 15.31219624
v -6.61833226 -0.61244463 15.14422278
v -6.65836549 -0.57831677 15.61771984
v -6.52442373 -0.69252501 14.03366195
v -3.17262404 -2.45329391 14.52066515
v -3.1427008 -3.36378663 14.57394833
v -3.2774504 -4.12393664 16.70999328
v -3.32500121 -4.0833891 17.27228171
v -3.33636283 -4.07368238 17.40675486
v -3.37445712 -3.16616924 17.31458031
v -3.4018689 -2.25779575 17.23186069
v -3.42010758 -1.34874537 17.15729537
v -3.19209978 -1.54318075 14.46087119
v -3.10070206 -4.27466145 14.61966047
v -3.11149243 -4.2654431 14.74732045
v -3.19745542 -4.19215945 15.76396706
v -3.22858662 -4.16559757 16.13192765
v -3.23938711 -4.15640453 16.25979765
v -3.24871584 -3.27338464 15.82753135
v -3.26845885 -3.25654466 16.06100867
v -3.20849946 -4.18273361 15.89450792
v -3.68632829 -0.46324819 16.79404011
v -3.67978619 -0.46882525 16.71654708
v -3.42740027 -0.80638531 17.11597478
v -3.51080152 -0.61293806 14.71819525
v -3.19968504 -1.00059548 14.42269719
v -3.65238643 -0.49220386 16.39254505
v -3.61561175 -0.52354697 15.95757878
v -3.58575273 -0.54900432 15.60464133
v -3.57508572 -0.55812524 15.47852238
v -3.60515951 -0.53249203 15.83404593
v -3.50458774 -0.61822538 14.64464589
v -5.59528493 -2.52490622 13.86563283
v -5.59169869 -3.43620109 13.91180044
v -5.82656331 -4.1475531 16.7301962
v -5.88989291 -4.09353863 17.47905545
v -5.90503182 -4.08063093 17.6581691
v -5.90029739 -3.17299127 17.56179784
v -5.90059282 -2.26453427 17.47641874
v -5.90518807 -1.35546998 17.40051609
v -5.60154964 -1.61442995 13.80939665
v -5.59119324 -4.34829304 13.94629141
v -5.60556985 -4.33603945 14.11629933
v -5.7200501 -4.23839538 15.47028205
v -5.8372841 -0.51063042 16.43527761
v -5.78829822 -0.55240142 15.85598978
v -5.74856168 -0.5862699 15.38593158
v -5.7343565 -0.59838938 15.21795812
v -5.76148013 -4.2030757 15.96033948
v -5.77588458 -4.19078289 16.13061562
v -5.77438277 -0.56426152 15.69146403
v -5.73475314 -4.22587231 15.64412356
v -5.88248825 -0.47204648 16.96996289
v -5.87375955 -0.47950871 16.86676454
v -5.90960176 -0.81308967 17.35890324
v -5.64874714 -0.67138204 14.20535007
v -5.60633277 -1.0717384 13.77199316
v -5.64046632 -0.67842295 14.10738464
v -4.3348511 -2.47181916 14.42372581
v -4.31756007 -3.38248648 14.47596012
v -4.4722121 -4.14294773 16.61034259
v -4.51974899 -4.1024179 17.1726133
v -4.53112009 -4.09271118 17.30710416
v -4.5492857 -3.18488933 17.21658831
v -4.56408679 -2.27631087 17.13492388
v -4.57597284 -1.3671656 17.06088488
v -4.34797547 -1.56159213 14.36445944
v -4.29544763 -4.29368266 14.52001863
v -4.30625856 -4.28449215 14.6476571
v -4.39222028 -4.211168 15.6643151
v -4.52870638 -0.50615536 16.31946382
v -4.49193265 -0.53751492 15.88448997
v -4.46208786 -0.56297354 15.53155631
v -4.45141453 -0.5720603 15.4054361
v -4.42334357 -4.18463396 16.03228581
v -4.43413488 -4.17541309 16.16014695
v -4.48147947 -0.54644859 15.76096091
v -4.40324819 -4.20175482 15.79485849
v -4.5626609 -0.47721741 16.72094496
v -4.55610931 -0.48280839 16.643457
v -4.58194369 -0.82476632 17.01967943
v -4.38712717 -0.62688323 14.64511908
v -4.35421392 -1.01898029 14.32641196
v -4.38091181 -0.63220092 14.57155202
v -5.29157628 -2.52007944 13.89096492
v -4.64491081 -2.47673451 14.39786486
v -5.28467581 -3.43130978 13.93741594
v -4.63097986 -3.38747521 14.44981323
v -5.5968772 -2.25972014 17.50175337
v -4.8741427 -2.28123002 17.10906039
v -5.60312546 -1.35066849 17.42570648
v -4.88433779 -1.37208222 17.03516058
v -5.59329096 -3.16809869 17.58740448
v -4.86271277 -3.18986921 17.19045786
v -5.29948323 -1.60961202 13.83460222
v -4.65635244 -1.56650748 14.33875285
v -5.53562445 -0.50579477 16.46044396
v -4.83666583 -0.5110783 16.29378253
v -5.48664743 -0.54758475 15.88114222
v -4.79988546 -0.54243281 15.85879856
v -5.5143461 -4.14257575 16.75623934
v -4.79093282 -4.14802376 16.58376173
v -5.46365535 -4.18581567 16.15667395
v -4.75287648 -4.18048912 16.13355598
v -5.47273136 -0.5594398 15.71661014
v -4.78944429 -0.55134876 15.73527203
v -5.44689255 -0.58146589 15.4110916
v -4.77005048 -0.5678775 15.50586616
v -5.42253214 -4.22090002 15.67017556
v -4.7219901 -4.20683844 15.76826625
v -5.44927557 -4.19808317 15.98638515
v -4.74207599 -4.18971505 16.00569483
v -5.36184431 -3.36549593 14.84991023
v -4.68891523 -3.33808004 15.13497787
v -5.2988095 -3.41924091 14.10456828
v -4.6416067 -3.37842261 14.57532741
v -5.4078253 -4.23342057 15.49632393
v -4.71095428 -4.2162491 15.63773297
v -5.51613575 -3.23388217 16.67490387
v -4.80477108 -3.23926818 16.50531347
v -5.57839877 -3.18079763 17.41128685
v -4.8515207 -3.19939626 17.05821402
v -5.58083684 -0.46724247 16.99511912
v -4.87062858 -0.48212897 16.69527
v -5.57210876 -0.47468192 16.89193342
v -4.86406655 -0.48770729 16.61777698
v -5.60788709 -0.80829452 17.38406706
v -4.88994332 -0.8296627 16.99399561
v -5.43270255 -0.59357904 15.24311814
v -4.75938347 -0.57698324 15.37974975
v -5.3470856 -0.66656158 14.23050377
v -4.69509674 -0.63180997 14.61942008
v -5.30462569 -1.06693692 13.79715698
v -4.66222113 -1.02389564 14.30071802
v -5.33879909 -0.67361893 14.13255225
v -4.68888265 -0.63710489 14.54586187
v -2.97115818 -1.12798217 20.4209208
v -3.01343432 -2.03157695 20.53884623
v -3.04465345 -2.93556269 20.65917809
v -3.06303731 -3.83990141 20.78227065
v -6.98095555 -2.61472242 21.34737544
v -7.06605566 -3.51359416 21.48213073
v -6.90744162 -1.71416541 21.21963955
v -6.84393932 -0.81229638 21.09802476
v -4.07705734 -2.21432936 18.61783812
v -4.11983197 -3.12029135 18.71729776
v -6.43447216 -2.0975654 18.44065518
v -6.5028373 -3.00223814 18.53819676
v -3.8960563 -3.77817547 20.87952756
v -3.80925448 -3.69499026 21.57017437
v -6.23303129 -3.5753201 21.38487635
v -6.11743132 -3.46452161 22.30473418
v -3.77844148 -2.79307188 21.43395143
v -6.04813625 -2.56645075 22.15626904
v -3.73932616 -1.89063098 21.30530965
v -3.69310762 -0.98778647 21.18321407
v -5.9846485 -1.6664264 22.0198462
v -5.92618238 -0.76480409 21.89385124
v -3.72527218 -0.16502108 20.39878463
v -5.98322513 0.03092876 20.88707076
v -4.02899159 -1.30972114 18.51038359
v -6.37354077 -1.19357207 18.33416601
v -4.15644217 -4.02776275 18.80748593
v -6.57983373 -3.9077067 18.62533956
v -7.03906488 -1.84031346 20.17240516
v -3.11226484 -2.12630471 19.75249872
v -7.00072197 -1.80359572 20.47730374
v -6.93673699 -0.90120922 20.35972245
v -3.04082681 -1.19475252 19.86656525
v -3.08349517 -2.09872307 19.98144405
v -6.97484583 -0.93772959 20.05648382
v -3.06943359 -1.22215703 19.63886869
v -3.99763075 -3.8755627 20.07117041
v -6.36832873 -3.70500062 20.30832191
v -3.79484497 -0.23171551 19.84516797
v -6.07589438 -0.05785881 20.14975025
v -3.8234236 -0.25909724 19.61777506
v -6.1139425 -0.09431845 19.84691397
v -3.96806178 -3.84719916 20.30652025
v -6.32893569 -3.66724793 20.62175309
v -6.25612016 -2.76576732 20.50134026
v -6.29485149 -2.80292157 20.19312175
v -3.9345969 -2.94273391 20.19135804
v -3.9636813 -2.97061414 19.95992531
v -4.71686346 -2.16694081 18.69253755
v -5.79469577 -2.14494256 18.36595574
v -4.55373324 -3.72944833 20.95630068
v -5.57533885 -3.6240561 21.3081007
v -4.37911394 -1.8432399 21.37999769
v -4.32939044 -0.94063578 21.25749725
v -5.34488602 -1.7138314 21.94516321
v -5.28988406 -0.81195731 21.81956553
v -4.36072249 -0.11795136 20.47298177
v -5.34779095 -0.01611817 20.81288627
v -4.66528864 -1.26256413 18.5846655
v -5.737257 -1.24071011 18.25987777
v -4.65532193 -3.8268267 20.14794859
v -5.71064957 -3.75371258 20.23153361
v -4.43028105 -0.18464959 19.91935246
v -5.44042731 -0.10491081 20.07558095
v -4.45887233 -0.21202753 19.69196082
v -5.47849946 -0.14139196 19.77271809
v -4.62574789 -3.79849099 20.38331108
v -5.67125654 -3.71596749 20.54498757
v -5.74243931 -2.94119541 19.3672161
v -4.68122273 -2.99057667 19.4719656
v -4.51051515 -2.82696061 20.83030825
v -5.51509321 -2.72330678 21.17625034
v -6.8099285 -0.27394578 21.02782063
v -2.94168126 -0.5892305 20.35151628
v -3.67526401 -0.11708469 20.7967624
v -3.26323321 -0.199259 20.34484861
v -5.91661231 0.09479797 21.41708108
v -6.44526442 0.06518313 20.94101691
v -3.66279755 -0.44921572 21.11291126
v -5.89322738 -0.2265003 21.82272604
v -3.9430074 -0.37370529 18.66618316
v -6.27321192 -0.2469259 18.57955151
v -3.99826652 -0.77074553 18.44321091
v -6.34007779 -0.65476726 18.26719829
v -6.90261167 -0.3627574 20.29041156
v -3.01126132 -0.65591734 19.79780726
v -6.94068192 -0.39923602 19.98751201
v -3.03983204 -0.68331426 19.57037513
v -3.33281264 -0.26594584 19.7912193
v -6.53792292 -0.0236057 20.20369387
v -3.36138178 -0.2933086 19.56382132
v -6.57597926 -0.06007293 19.90083987
v -4.31070704 -0.07001751 20.87095195
v -5.28116548 0.0477194 21.342889
v -4.29832314 -0.40211944 21.18712864
v -5.25770717 -0.27358899 21.7485213
v -4.57844759 -0.3266419 18.74036639
v -5.63778027 -0.294007 18.50536575
v -4.63382754 -0.72367961 18.51741944
v -5.70453923 -0.70183951 18.19300115
v -6.97276646 -3.42419169 22.22443871
v -6.88922888 -2.52678759 22.07731217
v -2.97577495 -2.86954767 21.207243
v -2.99298311 -3.77276669 21.33963487
v -6.81669296 -1.62720227 21.94175979
v -6.75369105 -0.72579125 21.81618741
v -2.90338864 -1.06301602 20.96015452
v -2.94530451 -1.96628438 21.08104054
v -3.82600653 -3.71105213 21.43686901
v -6.13973513 -3.48590877 22.12718686
v -4.4836939 -3.66232499 21.5136649
v -5.48206673 -3.53463465 22.05040615
v -5.42336212 -2.63537069 21.90617441
v -4.44162305 -2.76094054 21.3783681
v -6.71977513 -0.18753301 21.7451533
v -2.87399363 -0.52435545 20.89012245
v -3.68491948 -0.1263334 20.71993867
v -3.22287798 -0.1605612 20.66600518
v -6.3914973 0.11668868 21.3687373
v -5.92946434 0.082471 21.31478862
v -4.32035113 -0.07926495 20.79413582
v -5.2940213 0.03539622 21.24059654
v -6.98010596 -1.78381159 20.64149801
v -6.91620258 -0.88154654 20.52301841
v -3.02541684 -1.17998369 19.98918209
v -3.06800422 -2.08386694 20.10473398
v -7.05439989 -2.68512266 20.76295085
v -3.09979301 -2.98841695 20.22034154
v -7.14073865 -3.58520394 20.88780965
v -3.1191166 -3.89365525 20.33601236
v -3.95214287 -3.8319331 20.43326927
v -6.30771491 -3.64691849 20.79054767
v -4.41489954 -0.16988582 20.04181241
v -3.77945966 -0.21696945 19.96762033
v -6.05538971 -0.038205 20.31283872
v -5.41994478 -0.08529748 20.23866688
v -4.60980842 -3.78321355 20.51004745
v -5.65003765 -3.69563298 20.71376696
v -6.8820994 -0.34312129 20.45350762
v -2.99587285 -0.64117255 19.92028366
v -3.31742544 -0.25118713 19.91367166
v -6.51742457 -0.00398099 20.36678234
v -7.22299772 -3.66405327 20.23322647
v -7.13529127 -2.76264098 20.11930417
v -3.16054252 -3.0466294 19.73705047
v -3.18087987 -3.95286468 19.84452777
v -7.06012245 -1.86052018 20.00477204
v -3.12809108 -2.14147461 19.62663282
v -6.99579206 -0.95783635 19.88975913
v -3.08516905 -1.23725734 19.51367967
v -4.01390297 -3.89114253 19.94177203
v -6.3899898 -3.72576403 20.13599233
v -4.67159003 -3.84243437 20.0185578
v -5.73230179 -3.7744684 20.05921415
v -4.47457963 -0.22710634 19.56695146
v -3.83912678 -0.27415581 19.49275558
v -6.13486343 -0.11438093 19.6804031
v -5.49942418 -0.16144685 19.60622367
v -6.96160538 -0.41930482 19.82098216
v -3.05555832 -0.69837029 19.44533667
v -3.37709192 -0.30838488 19.43880817
v -6.59691473 -0.08012656 19.73433279
v -7.30114549 -2.92160992 18.79952774
v -7.22420347 -2.01776716 18.69917232
v -3.25127315 -2.25952783 18.6463092
v -3.28508185 -3.16599717 18.74607883
v -7.15897922 -1.11421666 18.59128383
v -3.20769004 -1.35467542 18.53870411
v -7.39166831 -3.82570952 18.89110005
v -3.30752609 -4.07422642 18.8367541
v -4.14055299 -4.01250428 18.93400975
v -6.55865406 -3.88742787 18.7938482
v -4.79823752 -3.96380371 19.01079172
v -5.90097997 -3.93613603 18.71707003
v -4.75094197 -3.05739256 18.91721911
v -5.83529139 -3.03018036 18.62839252
v -7.12459326 -0.57552824 18.5240036
v -3.1779256 -0.81568842 18.4715036
v -3.9338403 -0.36494495 18.73908599
v -3.47182221 -0.39916263 18.68513858
v -6.72304064 -0.20101765 18.73058883
v -6.26100831 -0.23524165 18.67665407
v -4.56929757 -0.31787144 18.81327428
v -5.62557413 -0.28229998 18.60246072
v -7.09013203 -2.04897616 18.51719296
v -7.16559122 -2.95315041 18.61558351
v -6.90702979 -3.52539353 21.46356753
v -6.81372604 -3.43598221 22.20587804
v -6.79144627 -3.41459125 22.3834203
v -6.71090851 -2.51737061 22.23363681
v -6.64031849 -1.61785994 22.09639664
v -6.57824905 -0.71648434 21.9699791
v -7.02561566 -1.14527004 18.41029892
v -7.25383729 -3.85777128 18.70402948
v -7.23264687 -3.83747726 18.87253306
v -7.06397059 -3.67582228 20.21467339
v -7.00292533 -3.61731757 20.70043921
v -6.98171973 -3.59698307 20.86923379
v -6.91889496 -2.7166796 20.57868778
v -6.95763198 -2.75381486 20.27050976
v -7.04232596 -3.65505887 20.38699285
v -6.2904359 0.12249095 21.46072839
v -6.30330944 0.11016398 21.35843846
v -6.54454947 -0.17826659 21.89876027
v -6.63484392 -0.20753729 18.72029252
v -6.99140937 -0.60650698 18.34323505
v -6.35705568 0.0586521 20.93069783
v -6.42923354 -0.01050443 20.35648857
v -6.4877857 -0.06662294 19.8905461
v -6.50870915 -0.08665759 19.72404282
v -6.4497243 -0.03013926 20.1934001
v -6.64704753 -0.2192443 18.62319882
v -3.42376088 -2.26273008 18.54156729
v -3.45941806 -3.16921461 18.64020581
v -3.22445064 -3.82795401 20.80111726
v -3.15441446 -3.76081169 21.35848401
v -3.13765166 -3.74474728 21.49178178
v -3.11803864 -2.84201158 21.35686201
v -3.08602686 -1.93903169 21.22904261
v -3.04336357 -1.03591263 21.10736203
v -3.37924785 -1.35785111 18.43452396
v -3.48484156 -4.07752104 18.72907183
v -3.46893657 -4.06227269 18.8556121
v -3.34229699 -3.94090588 19.86336679
v -3.29647193 -3.89695492 20.22810995
v -3.28053689 -3.88171037 20.35486403
v -3.30327498 -3.01954878 19.88281818
v -3.27419406 -2.99167361 20.11425344
v -3.32603774 -3.9253134 19.9927677
v -3.30275846 -0.14468278 20.7532745
v -3.31242183 -0.15392516 20.6764609
v -3.01377182 -0.49728116 21.03715537
v -3.56134392 -0.39253545 18.69558924
v -3.34928824 -0.81884892 18.36744617
v -3.35277959 -0.19262169 20.35529674
v -3.4069655 -0.24453591 19.92413244
v -3.45091646 -0.28669027 19.57427831
v -3.46662756 -0.30176402 19.44926769
v -3.42235112 -0.25931486 19.80167754
v -3.57051134 -0.40130337 18.62268641
v -5.92606535 -2.13519536 18.38130025
v -5.98892365 -3.04032737 18.47820037
v -5.710394 -3.61405079 21.32386273
v -5.61711492 -3.52462049 22.06617323
v -5.59480036 -3.50325231 22.24371802
v -5.53421627 -2.6045286 22.09624987
v -5.47626636 -1.70408293 21.96049
v -5.42055524 -0.80225565 21.83481641
v -5.86791047 -1.23103376 18.27512358
v -6.05720656 -3.94643233 18.56432341
v -6.03603069 -3.92614085 18.7328409
v -5.86735884 -3.76447322 20.07497617
v -5.47827046 -0.0064684 20.82812449
v -5.55042744 -0.07562873 20.25390005
v -5.60898972 -0.13172194 19.78795631
v -5.62991128 -0.15178189 19.6214543
v -5.80630979 -3.70598116 20.56074453
v -5.78509976 -3.68563148 20.72953152
v -5.57091757 -0.09526863 20.09081411
v -5.84570978 -3.74372499 20.24729817
v -5.41165637 0.05739954 21.35812469
v -5.42450903 0.04505612 21.25583223
v -5.38820944 -0.26389746 21.76375699
v -5.75606312 -0.272654 18.61770274
v -5.83505226 -0.69216063 18.2082381
v -5.7682661 -0.28433444 18.52059765
v -4.57917825 -2.17714349 18.67645669
v -4.62739172 -3.08268417 18.7765616
v -4.41221033 -3.73994453 20.93978206
v -4.34216435 -3.67282879 21.49713616
v -4.32540629 -3.65676312 21.63044658
v -4.28598384 -2.75550139 21.49320894
v -4.24143253 -1.85343751 21.36392696
v -4.19246088 -0.95078911 21.24150749
v -4.52834738 -1.27271746 18.56867447
v -4.67258639 -3.98952548 18.86774676
v -4.65670386 -3.97429991 18.99427057
v -4.53005573 -3.85289262 20.00202906
v -4.22396215 -0.12808319 20.45700973
v -4.2781528 -0.18000626 20.02584037
v -4.32211389 -0.22216062 19.67599509
v -4.33781644 -0.23721159 19.55097815
v -4.48422656 -3.80896063 20.36678234
v -4.46828171 -3.79369837 20.49352377
v -4.2935321 -0.19477762 19.90339307
v -4.51378288 -3.83731532 20.13142997
v -4.1739562 -0.08016072 20.8549799
v -4.18360977 -0.08941575 20.77817389
v -4.16154762 -0.41224367 21.17115406
v -4.43253249 -0.32799061 18.79731489
v -4.49704759 -0.7338127 18.50145372
v -4.44169896 -0.33677752 18.72439181
v -5.62413558 -2.1575833 18.34605395
v -4.88741922 -2.15429122 18.71243808
v -5.68369864 -3.06293293 18.44257197
v -4.93897284 -3.05960289 18.81292888
v -5.17432901 -1.7264772 21.92524876
v -4.54967254 -1.83058651 21.39990961
v -5.12026203 -0.82452467 21.79975989
v -4.49901816 -0.92808234 21.27729277
v -5.22900834 -2.62713163 22.06062401
v -4.5975716 -2.73240493 21.5295914
v -5.5676103 -1.25327494 18.24007592
v -4.83491604 -1.25001195 18.60447873
v -5.17837705 -0.02865896 20.79311352
v -4.53011741 -0.10541816 20.49275705
v -5.25054606 -0.09783574 20.21888402
v -4.58430173 -0.15733997 20.0615801
v -5.40000439 -3.63703845 21.28762703
v -4.72906454 -3.71646598 20.97677182
v -5.47470129 -3.70863558 20.69330594
v -4.78515649 -3.77022361 20.53051353
v -5.27103555 -0.11747564 20.05579049
v -4.599694 -0.17209488 19.9391328
v -5.30908872 -0.15394034 19.75294281
v -4.62827294 -0.19947535 19.71173609
v -5.53531384 -3.76671897 20.21107006
v -4.83066113 -3.81384562 20.16841974
v -5.49592967 -3.72895869 20.52451642
v -4.80109437 -3.7854922 20.40376957
v -5.57003824 -2.95397786 19.34708403
v -4.85362601 -2.97780435 19.492104
v -5.66287387 -3.04296408 18.60826299
v -4.92335253 -3.04461391 18.93734485
v -5.5569629 -3.7874672 20.03873795
v -4.84692291 -3.82942798 20.03902895
v -5.34267949 -2.73606392 21.15610309
v -4.68290831 -2.81420347 20.85044791
v -5.25094713 -2.6481582 21.88604741
v -4.6140374 -2.74818719 21.39850522
v -5.11177182 0.03517987 21.32311119
v -4.48011588 -0.05747419 20.89073229
v -5.12462449 0.0228567 21.22082885
v -4.48976155 -0.06672163 20.81391362
v -5.0882648 -0.28612725 21.72874096
v -4.46774052 -0.38955714 21.20690645
v -5.33002357 -0.17400029 19.58644459
v -4.64397993 -0.2145453 19.58672168
v -5.45616719 -0.29486102 18.58269303
v -4.73869787 -0.30531926 18.83304829
v -5.53511268 -0.71438662 18.17321954
v -4.80325283 -0.71113882 18.53719724
v -5.46836574 -0.30655791 18.48559048
v -4.74786307 -0.31409478 18.76013408
v -1.79288316 -0.61338341 23.70676462
v -1.80582787 -1.51230829 23.86153305
v -1.80760803 -2.41187211 24.01456308
v -1.79643066 -3.31209762 24.16554852
v -5.22219011 -1.96234324 26.06630563
v -5.26888785 -2.85491802 26.25205153
v -5.18372258 -1.06758597 25.89121283
v -5.15235542 -0.17108777 25.72540921
v -3.49526755 -1.71080627 22.46105629
v -3.5154012 -2.61252474 22.59887086
v -5.75470998 -1.5311005 23.14302373
v -5.79937136 -2.43084777 23.28824486
v -2.53664803 -3.22430071 24.55485705
v -2.20447905 -3.12702608 25.16448721
v -4.52866052 -2.94272253 25.86274807
v -4.08626271 -2.8131622 26.67470348
v -2.20886301 -2.22990034 24.99686422
v -4.05927414 -1.92126558 26.48190275
v -2.20275962 -1.33229381 24.83328485
v -2.18765583 -0.43433302 24.67323289
v -4.03330596 -1.02695872 26.30236146
v -4.00822375 -0.13066928 26.13429564
v -2.48658166 0.36989193 23.92680538
v -4.41122852 0.64190637 25.19049493
v -3.4731181 -0.81078066 22.31392974
v -5.72022976 -0.63203898 22.99216987
v -3.53316953 -3.5161423 22.72586281
v -5.85584667 -3.33138706 23.42691219
v -5.68739812 -1.21509461 24.96682807
v -2.18402119 -1.62307262 23.16743728
v -5.54073908 -1.17215835 25.23595149
v -5.50744563 -0.27505537 25.07371578
v -2.05949641 -0.69145464 23.21743596
v -2.07391604 -1.59081728 23.36952467
v -5.65328862 -0.31775757 24.80604482
v -2.16899742 -0.72351134 23.01644931
v -2.92540935 -3.33817113 23.84131495
v -5.046428 -3.09435702 24.91248211
v -2.75283906 0.29190927 23.43812451
v -4.76584428 0.53807541 24.53966943
v -2.8622009 0.25988674 23.23740861
v -4.91148546 0.49543901 24.27234767
v -2.81222752 -3.30501243 24.04906037
v -4.89568232 -3.05021121 25.18914115
v -4.85520373 -2.15433423 25.02110317
v -5.00343734 -2.19777152 24.74904698
v -2.80647523 -2.40490205 23.90002336
v -2.9177817 -2.43750658 23.69573956
v -4.06379981 -1.64339447 22.76006404
v -5.18620746 -1.59849459 22.84402357
v -3.12106187 -3.15497843 24.86220509
v -3.94423909 -3.01203848 25.55538991
v -2.7712748 -1.26487821 25.13227742
v -2.7530551 -0.36727421 24.97059334
v -3.46480945 -1.09438571 26.00338407
v -3.4428074 -0.19773568 25.83692254
v -3.05123667 0.43685459 24.22378374
v -3.84658142 0.57496522 24.89352923
v -4.03852939 -0.74371046 22.61129525
v -5.15483018 -0.69909399 22.69480436
v -3.50983458 -3.26884885 24.14867817
v -4.46201923 -3.16365273 24.6051113
v -3.31748395 0.35887066 23.73509274
v -4.2011627 0.47113174 24.24270879
v -3.42685939 0.32685445 23.53437684
v -4.34683108 0.42847888 23.97536931
v -3.39664326 -3.23571293 24.35643118
v -4.31126532 -3.11951704 24.8818007
v -4.78966824 -2.37160165 23.78442086
v -3.76345757 -2.44871637 23.50061084
v -3.1101706 -2.25738962 24.69962017
v -3.91962311 -2.11680802 25.38125866
v -5.13639539 0.3642339 25.63007036
v -1.78084956 -0.07752528 23.61379678
v -2.29517836 0.42594845 24.27810186
v -2.07600807 0.32119895 23.7108791
v -4.15631944 0.71658683 25.65834028
v -4.82179452 0.69062592 25.40642628
v -2.17517798 0.10130875 24.57913142
v -3.99358176 0.40460684 26.03848107
v -3.31985717 0.12586653 22.39743126
v -5.52100682 0.31698579 23.15364899
v -3.4591122 -0.2746796 22.22257632
v -5.7036017 -0.09617325 22.90002948
v -5.49105986 0.26037764 24.97915883
v -2.04714603 -0.15550921 23.12503747
v -5.63673837 0.21772099 24.71179152
v -2.15651957 -0.1875406 22.92428108
v -2.34227717 0.24321503 23.22219316
v -5.17640522 0.58679497 24.75559319
v -2.45163395 0.21120894 23.02146461
v -5.32205083 0.54414337 24.48826383
v -2.85983464 0.49290605 24.57507262
v -3.59166349 0.64961784 25.36136192
v -2.73989878 0.16829671 24.87615279
v -3.42885779 0.33762901 25.74146476
v -3.88451029 0.19282792 22.6943995
v -4.95636446 0.25001808 22.85668582
v -4.02387285 -0.20771442 22.51960781
v -5.13886256 -0.16313591 22.60301823
v -4.91188021 -2.75037095 26.90728503
v -4.87113972 -1.85951686 26.71061781
v -1.54401785 -2.33468147 24.49834505
v -1.5283629 -3.23360255 24.65752654
v -4.83643177 -0.96589322 26.52863466
v -4.80696243 -0.06993147 26.35932387
v -1.53353477 -0.53741877 24.18275035
v -1.54507114 -1.43595776 24.34013271
v -2.26859086 -3.14581196 25.04682242
v -4.17164655 -2.83816913 26.5179765
v -2.85300628 -3.07649475 25.35420082
v -3.58723904 -2.90747876 26.21063099
v -3.56857177 -2.01398923 26.02555313
v -2.84657331 -2.18019139 25.18338696
v -4.79139462 0.46526241 26.26324867
v -1.5218121 -0.00166818 24.08922582
v -2.33212953 0.41512962 24.21028645
v -1.92155547 0.36644423 23.99436269
v -4.61607154 0.75085765 25.78397844
v -4.2055125 0.7021672 25.56803951
v -2.8967681 0.48209354 24.50726227
v -3.64085907 0.63520201 25.27106368
v -5.46178537 -1.14902772 25.38089175
v -5.42890501 -0.25206393 25.21785389
v -2.00052278 -0.67419334 23.32567492
v -2.01462421 -1.57344844 23.47835322
v -5.50325968 -2.04465546 25.55043027
v -2.0186517 -2.47367775 23.62720045
v -5.55472094 -2.93864727 25.72744367
v -2.01105251 -3.37495466 23.77163209
v -2.75127653 -3.28716154 24.16094315
v -4.81449424 -3.02644419 25.33813515
v -3.25859525 0.37612437 23.84319
v -2.69394562 0.30915159 23.54621923
v -4.68739918 0.56105168 24.68362535
v -4.1227407 0.4940789 24.38666218
v -3.33567866 -3.21784306 24.46829878
v -4.23008578 -3.0957399 25.03077952
v -5.41260401 0.28334378 25.12312234
v -1.98824421 -0.13826688 23.23314737
v -2.28338784 0.26048012 23.33027776
v -5.09796772 0.60974593 24.89954911
v -5.86952425 -3.03084207 25.14965133
v -5.8128212 -2.13530417 24.98228391
v -2.25110151 -2.54174621 23.20061116
v -2.24742606 -3.44418711 23.33780072
v -5.76801622 -1.23872246 24.81885636
v -2.24456479 -1.64080837 23.05633641
v -5.73347022 -0.34126776 24.65888032
v -2.229207 -0.74116359 22.90594562
v -2.98764992 -3.3563902 23.72710166
v -5.12931147 -3.1186314 24.76036557
v -3.57207008 -3.2870869 24.03446488
v -4.54489067 -3.18791698 24.45300741
v -3.48697661 0.30922498 23.42402751
v -2.92231749 0.24228003 23.12705168
v -4.99156331 0.47198575 24.12537295
v -4.42690736 0.40502816 23.82840978
v -5.71682697 0.19425508 24.5647915
v -2.21666305 -0.2051511 22.81391403
v -2.5117594 0.19359844 22.91111781
v -5.40214513 0.52070025 24.34129418
v -6.44755256 -2.32119177 23.81731892
v -6.39593124 -1.42259331 23.6664094
v -2.71603117 -1.77885828 22.1909966
v -2.72770213 -2.68132449 22.32588601
v -6.3579622 -0.52413403 23.5127164
v -2.69810785 -0.87846955 22.04534277
v -6.5150194 -3.21987626 23.9649642
v -2.73210254 -3.58610351 22.44824474
v -3.47232798 -3.49830659 22.83754821
v -5.77480156 -3.30767064 23.57565568
v -4.05674719 -3.42901468 23.14491143
v -5.19039405 -3.37696509 23.26830005
v -4.03026344 -2.52684832 23.01093804
v -5.14500074 -2.47564896 23.13226689
v -6.34059399 0.01158239 23.41995605
v -2.68500879 -0.3423318 21.9543107
v -3.28479053 0.13611729 22.46178505
v -2.87424288 0.08743949 22.24585623
v -5.88486875 0.37933042 23.45528839
v -5.47430718 0.33065768 23.23936463
v -3.84945472 0.20308754 22.7587634
v -4.90966229 0.26369756 22.94239134
v -6.33732342 -1.46198319 23.44943298
v -6.38828366 -2.36101434 23.59798668
v -5.12757749 -2.87169854 26.17773799
v -4.7705534 -2.76714514 26.83297149
v -4.68518949 -2.74213062 26.98970099
v -4.64821459 -1.85144101 26.79163698
v -4.61593269 -0.95786671 26.60878083
v -4.58763968 -0.06194925 26.43903228
v -6.29966373 -0.56333033 23.29691916
v -6.45476301 -3.26035801 23.74190212
v -6.37370525 -3.23662768 23.89063548
v -5.72821389 -3.04759855 25.07534284
v -5.49458601 -2.97918723 25.50412348
v -5.41341818 -2.95540249 25.6531276
v -5.44415336 -2.08449575 25.33081969
v -5.59238064 -2.12792038 25.05879386
v -5.64534814 -3.02332544 25.22745179
v -4.48849665 0.75598302 25.8330434
v -4.53770711 0.74156339 25.74276034
v -4.57234421 0.4732244 26.34286345
v -5.80649957 0.37005768 23.41406522
v -6.28237396 -0.02753293 23.20442451
v -4.74342154 0.6813304 25.3651854
v -5.01959727 0.60045926 24.85833606
v -5.24368355 0.53484659 24.44705079
v -5.32376203 0.51140473 24.30007607
v -5.09802718 0.57749439 24.71437508
v -5.85319794 0.3563744 23.32836223
v -2.91475088 -1.77965283 22.15574018
v -2.92855499 -2.68211778 22.29023484
v -1.93986041 -3.29509822 24.24098304
v -1.67180751 -3.21659303 24.73297624
v -1.60769063 -3.19781221 24.85063092
v -1.62202708 -2.29950223 24.68823832
v -1.62223426 -1.40114669 24.52797887
v -1.61029112 -0.50279622 24.36958434
v -2.89575688 -0.87925271 22.01027107
v -2.93638697 -3.58692463 22.41199386
v -2.87552739 -3.56909652 22.52368685
v -2.39086261 -3.42718012 23.41323524
v -2.21545224 -3.37578591 23.73519649
v -2.15448922 -3.35795653 23.84707926
v -2.33094846 -2.50709962 23.38709847
v -2.21964768 -2.474509 23.5913848
v -2.32863185 -3.40894208 23.52745613
v -1.96417211 0.3866889 24.10400857
v -2.00112486 0.37588019 24.03620834
v -1.59844794 0.0329202 24.27582447
v -2.95379092 0.09687545 22.28769935
v -2.88243007 -0.34309473 21.91928455
v -2.15558236 0.3306387 23.75271716
v -2.36294664 0.26992367 23.37213101
v -2.53119496 0.2206373 23.06331532
v -2.59131914 0.20301542 22.95296346
v -2.42183755 0.25264719 23.26404387
v -2.98885756 0.08661204 22.22334557
v -5.30293979 -1.58464684 22.90542688
v -5.3427048 -2.4850128 23.04807204
v -4.06424706 -2.99780483 25.61850632
v -3.70724606 -2.89323625 26.27374993
v -3.62185494 -2.86824451 26.43046426
v -3.60261295 -1.97542428 26.24171221
v -3.58155697 -1.0805329 26.06476713
v -3.55892104 -0.18395119 25.89799437
v -5.27093244 -0.68532974 22.75586607
v -5.39144143 -3.38646937 23.18267044
v -5.31039822 -3.36274156 23.33141899
v -4.66490433 -3.17369725 24.51612129
v -3.96252521 0.58870291 24.95451249
v -4.23868891 0.50783809 24.44764291
v -4.46278373 0.4422368 24.03635764
v -4.54286222 0.41878102 23.88938545
v -4.43127614 -3.10528973 24.94490446
v -4.35009976 -3.08150878 25.09389593
v -4.31712041 0.48486689 24.30368699
v -4.58203289 -3.14943933 24.66823024
v -3.70761487 0.66336944 25.42234265
v -3.75681172 0.64894981 25.33204441
v -3.54482246 0.35140211 25.80245055
v -5.02561146 0.2774365 23.00337966
v -5.25483387 -0.14938178 22.66401161
v -5.07231299 0.263776 22.91766402
v -3.94145499 -1.65789887 22.69572544
v -3.96641637 -2.55902775 22.83608056
v -2.99530635 -3.16991047 24.79606735
v -2.72724571 -3.09142552 25.28804537
v -2.66312946 -3.07264344 25.40572029
v -2.65986458 -2.17642991 25.2340638
v -2.64892935 -1.27938134 25.06794388
v -2.63138211 -0.38170902 24.90660141
v -3.91684976 -0.75814907 22.54729067
v -3.99181267 -3.46174827 22.96708323
v -3.93098155 -3.44394419 23.07877116
v -3.44630318 -3.30198098 23.96831955
v -2.92971297 0.42244635 24.15986771
v -3.13708452 0.36172372 23.7792765
v -3.30533506 0.31244241 23.47046588
v -3.36545323 0.29483571 23.36010642
v -3.27088901 -3.25061081 24.29028586
v -3.20991967 -3.23276751 24.40215345
v -3.19596437 0.34445862 23.67118684
v -3.3840642 -3.28377077 24.08253031
v -2.73831727 0.47848768 24.51116166
v -2.77525927 0.46766252 24.44335637
v -2.61836275 0.15388214 24.81223171
v -3.72792375 0.18868435 22.69484738
v -3.90232828 -0.22213785 22.45568925
v -3.7629964 0.17841462 22.630486
v -5.03464508 -1.61648465 22.76432275
v -4.21535776 -1.62540441 22.83976233
v -5.07147922 -2.51717957 22.905437
v -4.24329271 -2.52619168 22.98168632
v -3.31325529 -1.11237451 25.9236706
v -2.92283306 -1.24688182 25.21199089
v -3.29208038 -0.21561314 25.75765443
v -2.90378908 -0.34941193 25.04986399
v -3.33139971 -2.00758852 26.09908477
v -2.93673838 -2.14358245 25.37967968
v -5.00407817 -0.71696892 22.61552613
v -4.18925926 -0.72584818 22.69057349
v -3.69603564 0.55711813 24.81436739
v -3.20175968 0.45469409 24.30295064
v -3.97221326 0.4762394 24.30749022
v -3.40912838 0.39397526 23.9223493
v -3.78843508 -3.03050426 25.4734446
v -3.27685955 -3.13651138 24.94414533
v -4.0742745 -3.11422845 24.94884686
v -3.4914931 -3.19937348 24.55023902
v -4.05064507 0.45327326 24.16353177
v -3.46802214 0.37672155 23.8142647
v -4.19629258 0.41062799 23.89620495
v -3.57738967 0.34470155 23.61354374
v -4.30620858 -3.18214255 24.52318371
v -3.6656389 -3.2503856 24.23061842
v -4.15546985 -3.13798915 24.79985793
v -3.55245928 -3.2172269 24.4383689
v -4.63647247 -2.38977516 23.7038521
v -3.91665144 -2.43054665 23.58119225
v -4.99179105 -2.49383006 23.05168802
v -4.18346617 -2.50866342 23.09151439
v -4.38908666 -3.20640427 24.37105958
v -3.72787029 -3.26860846 24.11640765
v -3.76642323 -2.13497015 25.30066207
v -3.2633572 -2.23923508 24.78019399
v -3.41536303 -2.03217034 25.94498184
v -2.99977825 -2.16204191 25.26396584
v -3.44113921 0.63176443 25.28219502
v -3.01037029 0.51075061 24.65424458
v -3.49033101 0.61735618 25.19190184
v -3.04730723 0.49994063 24.58643676
v -3.27829145 0.31978191 25.66227762
v -2.89044077 0.18615646 24.95532981
v -4.27637992 0.38717221 23.74923529
v -3.63751322 0.32708725 23.50319188
v -4.759126 0.24583908 22.86322697
v -3.99998658 0.22093842 22.83792777
v -4.98831172 -0.18099059 22.52383362
v -4.17442274 -0.18987871 22.59878483
v -4.80582248 0.23217098 22.77751639
v -4.03505638 0.21067755 22.77356892
v 0.24308447 -0.48893202 24.34251131
v 0.23517499 -1.38330339 24.52207032
v 0.23089011 -2.2799762 24.69116096
v 0.23079621 -3.17925154 24.84808278
v 0.48383103 -1.44910838 28.60482365
v 0.48802782 -2.33427913 28.82806793
v 0.48539816 -0.56134268 28.3936824
v 0.49196058 0.32853466 28.1930247
v -1.80559001 -1.18488386 25.32884089
v -1.8320464 -2.07939947 25.50669439
v -2.24405301 -0.69460755 27.60255745
v -2.27526486 -1.58378523 27.80509526
v 0.23589146 -3.00400817 25.67054958
v 0.93687921 -3.01358836 25.66824942
v 0.48293645 -2.50953389 28.00560619
v 1.41653168 -2.52228597 28.00254184
v 0.92519947 -2.11707877 25.49767343
v 1.39685857 -1.63396737 27.79304537
v 0.92203122 -1.22215703 25.31990849
v 0.92620128 -0.32865991 25.13600474
v 1.38862108 -0.7442254 27.59063662
v 1.39024198 0.14666537 27.3943439
v 0.25868581 0.57298264 24.94958575
v 0.49739566 1.05070677 27.20569307
v -1.78654998 -0.29159803 25.14488653
v -2.2226184 0.19602765 27.40618882
v -1.86709723 -2.97527392 25.6774374
v -2.31783073 -2.47125867 28.01478151
v -0.57749668 -0.54683575 28.39717692
v -0.56291273 -1.37239346 24.5246969
v -0.2680317 -0.55107168 28.39613691
v -0.25737458 0.33878288 28.19547668
v -0.31955022 -0.48125091 24.34436105
v -0.33054626 -1.37557294 24.52393778
v -0.56514923 0.34299983 28.19648379
v -0.55064538 -0.47806763 24.34510247
v -0.5845364 -2.99281736 25.67323942
v -0.60971438 -2.49460058 28.00918168
v -0.30320082 0.5806473 24.95143043
v -0.25094753 1.06094234 27.20814
v -0.53399162 0.583804 24.95218449
v -0.55831067 1.06516056 27.20913951
v -0.34567086 -2.99606137 25.67245752
v -0.29158791 -2.49895165 28.00814674
v -0.2827863 -1.6109949 27.79855664
v -0.59561595 -1.60674884 27.79958399
v -0.33597102 -2.09983645 25.50180308
v -0.57085929 -2.09664559 25.50257992
v -1.80168177 -1.05031329 25.96054902
v -2.24796062 -0.82916926 26.9708721
v 0.23990918 -2.86564702 26.31990237
v 0.47892074 -2.64788744 27.35624328
v 0.92593559 -1.08758646 25.95158625
v 0.93009482 -0.19481557 25.76423353
v 1.38470984 -0.87881115 26.95897404
v 1.38635714 0.01281344 26.76610246
v 0.26257425 0.70664478 25.57698709
v 0.49350722 0.91705474 26.57829932
v -1.78266167 -0.15773851 25.77311533
v -2.2265121 0.06217698 26.7779575
v -0.58052283 -2.85445242 26.32259474
v -0.61374321 -2.63293895 27.3598289
v -0.29931488 0.7143183 25.57882165
v -0.25481355 0.92728019 26.58073106
v -0.53010995 0.71747501 25.57958837
v -0.56219828 0.93147817 26.58174829
v -0.34164558 -2.85772553 26.3218179
v -0.29560441 -2.63730141 27.35878889
v -1.36118558 -1.7323655 27.16354883
v -1.13878583 -1.95277317 26.14298512
v 0.23984671 -1.97160966 26.13845819
v 0.47487906 -1.75746732 27.15753401
v 0.49778431 0.86005564 28.07738425
v 0.24920383 0.04355558 24.23138008
v 0.66261111 0.56746251 24.94826486
v 0.25587127 0.47577254 24.49340313
v 1.03533333 1.04337613 27.20391924
v 0.50022135 1.1479156 27.66187063
v 0.9315136 0.20363537 25.02395496
v 1.39502622 0.67839385 27.27963464
v -1.49979961 0.59700903 24.955345
v -1.84459162 1.08276726 27.21335267
v -1.77805882 0.24067195 25.03280133
v -2.21362369 0.72770425 27.29147451
v -0.25066302 0.87028868 28.07984129
v -0.31276995 0.05124428 24.2332197
v -0.55808555 0.87449045 28.08085093
v -0.54359759 0.05438327 24.23396364
v -0.30602937 0.48344985 24.49524781
v -0.24812642 1.15816383 27.66431755
v -0.53682103 0.48662553 24.49599175
v -0.55549534 1.16237572 27.6653196
v 0.66649341 0.70112593 25.57566115
v 1.03144841 0.90970765 26.57652549
v 0.93541385 0.33733548 25.65143475
v 1.39113111 0.54470133 26.65215486
v -1.4959154 0.73067244 25.58274381
v -1.84848104 0.94910132 26.58596651
v -1.77417493 0.37435813 25.66031654
v -2.21750473 0.59402819 26.66398713
v 1.24142187 -2.34457417 28.8256033
v 1.22466682 -1.45921364 28.60239444
v 0.78714632 -2.28758139 24.68934158
v 0.79649071 -3.18697819 24.84622039
v 1.21828793 -0.57137582 28.39128103
v 1.22084564 0.31857363 28.19063092
v 0.79037886 -0.49639551 24.34070965
v 0.78546517 -1.39082762 24.52028131
v 0.80158217 -3.01174242 25.66869478
v 1.23633651 -2.51981754 28.00312637
v 0.80560602 -2.87338886 26.31806022
v 1.23231756 -2.65817489 27.35378624
v 1.21570587 -1.7675789 27.15510986
v 0.79611115 -1.97921106 26.13662869
v 1.22582267 0.85011233 28.07498793
v 0.79585478 0.0360807 24.22958853
v 0.58464359 0.56853035 24.94852297
v 0.58182367 0.47134303 24.49233529
v 0.93433344 1.14197669 27.66043841
v 0.93150537 1.04478557 27.20425073
v 0.588531 0.70218997 25.57590913
v 0.92762647 0.91111457 26.5768671
v -0.10138625 -0.55334021 28.39561565
v -0.09162892 0.33651815 28.19493264
v -0.19509685 -0.48294882 24.34395112
v -0.20541798 -1.37727845 24.52353544
v -0.10932055 -1.44100216 28.60677208
v -0.21449469 -2.27388293 24.69261595
v -0.11517359 -2.32605019 28.83005432
v -0.22212938 -3.17306718 24.84956814
v -0.21703587 -2.99782381 25.67203747
v -0.12026805 -2.50129355 28.00757992
v -0.17503168 0.71262418 25.57841931
v -0.17891414 0.57895444 24.95102556
v -0.08542084 1.05869026 27.20758836
v -0.08929682 0.92500661 26.5802022
v -0.21301685 -2.85947278 26.32138014
v -0.12428937 -2.63964458 27.35823473
v -0.08512004 0.86801636 28.0792846
v -0.18847172 0.04952359 24.23280724
v -0.18174577 0.48177471 24.49484041
v -0.08260068 1.15588265 27.6637811
v -0.77952579 -2.31697861 28.8322153
v -0.76259613 -1.43208621 28.6089027
v -0.70500697 -2.26718616 24.69424049
v -0.72095656 -3.16626033 24.8511952
v -0.74764179 -0.54451408 28.39772096
v -0.69066641 -1.37066518 24.52512455
v -0.73436813 0.34528228 28.19703543
v -0.67770241 -0.47635327 24.34552758
v -0.71587135 -2.99101317 25.67367213
v -0.78461764 -2.49221439 28.00975862
v -0.71184892 -2.85267353 26.3230325
v -0.78862994 -2.63054011 27.36040583
v -0.65698866 0.7191919 25.58000083
v -0.66086843 0.5855462 24.95259695
v -0.72730286 1.06746831 27.20969874
v -0.73118106 0.93379098 26.58230245
v -0.72710011 0.87678302 28.08140256
v -0.6705054 0.05612294 24.23438369
v -0.66370219 0.48835887 24.49640927
v -0.7244884 1.16469106 27.66588642
v -2.1020841 -1.41376972 28.61330058
v -2.07273433 -0.52639876 28.40207329
v -1.68562522 -1.35704643 24.52836855
v -1.71078049 -2.25344848 24.69753763
v -2.05223219 0.36331536 28.20135992
v -1.66723187 -0.46281929 24.34876146
v -2.14171563 -2.2983648 28.83669162
v -1.74377614 -3.15225822 24.85455308
v -1.73868097 -2.97701865 25.67702241
v -2.14680685 -2.47360437 28.01422229
v -1.73466898 -2.83868281 26.32638279
v -2.15082611 -2.61194528 27.36487709
v -1.70182263 -1.94507435 26.14483233
v -2.11103549 -1.72212487 27.16600841
v -2.04343959 0.89478953 28.08571694
v -1.65888083 0.06960758 24.23762011
v -1.42580537 0.59598421 24.95509954
v -1.42863344 0.49879815 24.49893211
v -1.74322087 1.17860208 27.66920887
v -1.74603945 1.08141981 27.21302878
v -1.42192054 0.72965774 25.58250089
v -1.74993203 0.94775513 26.58563503
v -2.24004924 -0.55667151 28.24990108
v -2.271207 -1.44437522 28.45944563
v 0.48705867 -2.36774275 28.6710702
v 1.24045999 -2.37805297 28.66858279
v 1.42065121 -2.38050115 28.66801597
v 1.40090646 -1.49456115 28.44743117
v 1.39261931 -0.60630834 28.23798784
v 1.39423404 0.28384101 28.03814747
v -2.21863298 0.33319064 28.0500101
v -2.31371689 -2.32947006 28.68025058
v -2.14268637 -2.33182209 28.67967871
v -0.78049557 -2.3504321 28.67520744
v -0.28746363 -2.35717442 28.67360062
v -0.11615168 -2.35950368 28.67303887
v -0.27874885 -1.47158868 28.45292726
v -0.59156592 -1.46733124 28.45396473
v -0.60559603 -2.35282336 28.67464822
v 1.0376198 1.1220167 27.5730122
v 0.93378742 1.12342614 27.57336646
v 1.39900279 0.81539615 27.92269932
v -1.74376032 1.16005785 27.58213186
v -2.20964301 0.86471542 27.93455437
v 0.49967723 1.12936505 27.57480121
v -0.08313697 1.13733969 27.57670409
v -0.55603305 1.14381505 27.57825271
v -0.72502279 1.14613039 27.57880688
v -0.24866208 1.13960568 27.57724054
v -1.84230791 1.1614053 27.58245322
v -1.80958334 -1.32231381 24.68381766
v -1.83607579 -2.21832743 24.85464923
v 0.23178549 -3.14529829 25.00745152
v 0.79748145 -3.15302874 25.00560431
v 0.93277778 -3.15487974 25.00516402
v 0.92115814 -2.25599535 24.84562827
v 0.91803781 -1.35959078 24.67487767
v 0.92222915 -0.46534212 24.49448868
v -1.79052133 -0.42826885 24.50336541
v -1.87120284 -3.11655265 25.01434693
v -1.74277947 -3.1183113 25.01391676
v -0.71997001 -3.13229569 25.01056901
v -0.34978122 -3.13733124 25.00936705
v -0.22114094 -3.1391076 25.00894447
v -0.57489667 -2.23556216 24.85052464
v -0.34001235 -2.23876062 24.84975792
v -0.58863806 -3.1340923 25.01014389
v 0.66033175 0.48910662 24.58047761
v 0.58236621 0.49017066 24.5807433
v 0.92756218 0.06710878 24.38315501
v -1.42807991 0.51763463 24.58731735
v -1.78202605 0.10413524 24.39203934
v 0.25640969 0.49462294 24.58180861
v -0.18119129 0.50060613 24.58324336
v -0.53627177 0.5054557 24.58439218
v -0.6631523 0.50717639 24.5848097
v -0.30547481 0.5022876 24.58365329
v -1.50207889 0.51865313 24.58756533
v -2.24715468 -0.80152563 27.10057919
v -2.27840227 -1.69189767 27.29769176
v 0.47974586 -2.61948088 27.48959419
v 1.23314295 -2.62975568 27.48713714
v 1.41334129 -2.63223296 27.48654249
v 1.3937085 -1.74206462 27.28563934
v 1.38551325 -0.85116878 27.08868872
v 1.3871547 0.04030145 26.89512127
v -2.22571912 0.08966247 26.9069662
v -2.32102508 -2.58118922 27.49877963
v -2.14999582 -2.58354378 27.498228
v -0.78781135 -2.6021462 27.49374915
v 0.49430415 0.94449215 26.70713089
v -0.08849665 0.95246299 26.7090287
v -0.56140167 0.95893202 26.71057479
v -0.73039061 0.96123851 26.71113402
v -0.29478463 -2.60888599 27.4921398
v -0.12346603 -2.61122537 27.49157551
v -0.25402311 0.95472266 26.70956515
v -0.61291718 -2.60454758 27.49319245
v 1.0322451 0.93715644 26.70535959
v 0.92841857 0.93856336 26.70570626
v 1.39193041 0.57216151 26.78100413
v -1.7491302 0.9751976 26.71448177
v -2.21670606 0.62147698 26.792844
v -1.84768443 0.97655264 26.71480314
v -1.80252108 -1.07926768 25.82459937
v -1.82893841 -1.97262436 26.00782243
v 0.23903812 -2.89543266 26.18016467
v 0.80473943 -2.90318209 26.17832758
v 0.94003022 -2.90502804 26.17787463
v 0.9282979 -2.01032644 25.99879894
v 0.92510158 -1.11654338 25.81564925
v 0.92925416 -0.22362067 25.62903795
v -1.78350414 -0.18654108 25.63790962
v -1.86393941 -2.86669968 26.18705249
v -1.73553249 -2.86845833 26.18664509
v -0.71271812 -2.88242248 26.18327962
v 0.26173604 0.67788017 25.44197117
v -0.17587004 0.68386716 25.44340592
v -0.53094373 0.68871039 25.44456991
v -0.65782836 0.69044753 25.44496972
v -0.34251921 -2.88748586 26.1820802
v -0.21388478 -2.88924451 26.18164497
v -0.3001466 0.68554609 25.44380825
v -0.58138966 -2.88423427 26.18285198
v 0.66565655 0.67235245 25.4406604
v 0.58769667 0.67341397 25.44090839
v 0.93457114 0.30855315 25.51639352
v -1.42275384 0.70089819 25.44748749
v -1.77500744 0.34558213 25.52527025
v -1.49675155 0.70191162 25.44773041
v -2.24899746 -0.86506335 26.80248998
v -1.80064303 -1.01441414 26.12892608
v -2.28026277 -1.75610849 26.99632818
v -1.8270417 -1.9070876 26.31545388
v 1.38366319 -0.91470271 26.79057167
v 0.92698437 -1.0516911 26.11999368
v 1.38532093 -0.02287568 26.59863382
v 0.9311262 -0.15914037 25.93171735
v 1.39184406 -1.8062805 26.98428841
v 0.93020552 -1.94477197 26.30643038
v -2.22754135 0.02649292 26.61046356
v -1.78162387 -0.12205318 25.94059661
v 0.4924771 0.88142129 26.41103059
v 0.26360848 0.74227318 25.74424064
v -0.09033509 0.88938454 26.41294359
v -0.17399871 0.74826396 25.74568045
v 0.47785156 -2.68476587 27.18312927
v 0.2409858 -2.82877239 26.49301132
v -0.12535839 -2.67653692 27.18511818
v -0.21194814 -2.82258424 26.49450174
v -0.25586186 0.89164294 26.41348004
v -0.29827994 0.74995302 25.74608279
v -0.56323014 0.89584471 26.41448968
v -0.52907627 0.75311226 25.74684698
v -0.61480251 -2.66983636 27.18673259
v -0.57945088 -2.8175702 26.49571635
v -0.29667913 -2.67417604 27.185685
v -0.34058786 -2.82082939 26.49493445
v -1.36224155 -1.76864674 26.99332456
v -1.13772558 -1.91651217 26.31318915
v -2.11209004 -1.75839472 26.99577402
v -1.70076681 -1.90880829 26.31504901
v -0.78970632 -2.66744257 27.18729435
v -0.71078092 -2.81578878 26.49614146
v 0.47382087 -1.79372706 26.98730215
v 0.24090578 -1.93535499 26.30866981
v 1.21465748 -1.80385129 26.98486788
v 0.79716547 -1.94294753 26.30685043
v 1.03040643 0.87407293 26.40927954
v 0.66752693 0.73675432 25.74292988
v 0.92658512 0.87548617 26.40960849
v 0.58956831 0.73782469 25.74318039
v 1.39009822 0.50906914 26.48486082
v 0.93644832 0.37297146 25.81870348
v -0.73222185 0.89814487 26.41504891
v -0.65595577 0.75484433 25.74725691
v -1.75095765 0.91211662 26.41838401
v -1.42088575 0.76528993 25.74977215
v -2.21854378 0.55838714 26.49670574
v -1.77314426 0.40998147 25.82759286
v -1.84950855 0.91346533 26.41869778
v -1.49488853 0.76630716 25.75000748
v 2.10999153 -0.72107201 22.87664076
v 2.12827101 -1.62029168 23.0292229
v 2.14119863 -2.52144333 23.17200217
v 2.14791454 -3.42477875 23.30339958
v 5.24206091 -1.98971865 25.656779
v 5.30133708 -2.88402804 25.83028524
v 5.19581295 -1.09426046 25.48730627
v 5.16082381 -0.19791535 25.32131541
v 1.3297618 -1.27074626 25.07599316
v 1.33401497 -2.16809469 25.24100222
v 2.72910209 -0.894725 26.9487916
v 2.7485541 -1.7879792 27.13413263
v 2.76655555 -3.30752008 23.860822
v 3.24638405 -3.38821283 23.34528572
v 4.68269481 -3.00128417 25.27285775
v 5.32174149 -3.10876147 24.58625204
v 3.22136067 -2.48548725 23.21319244
v 5.26212592 -2.2106982 24.43347506
v 3.19682788 -1.58471516 23.06996781
v 3.17272494 -0.68569792 22.91716046
v 5.21566984 -1.31286646 24.27714029
v 5.18056334 -0.41532446 24.1177589
v 2.68533996 0.28996211 23.25514183
v 4.53669399 0.58582202 24.61942086
v 1.31583829 -0.37342694 24.91224932
v 2.70755172 0.000551 26.77483496
v 1.32704903 -3.06544944 25.40745363
v 2.76556616 -2.67889275 27.33267996
v 4.46826021 -0.97192196 26.26901045
v 1.58197977 -1.52843343 23.61618298
v 4.68008973 -1.00754277 26.04141637
v 4.64790651 -0.11165313 25.87242188
v 1.72486421 -0.65630449 23.29043621
v 1.7410349 -1.55517244 23.44528814
v 4.43723339 -0.0762297 26.09876593
v 1.56667797 -0.62969454 23.46039479
v 2.20496789 -3.21308713 24.46420202
v 3.93477245 -2.87552327 26.07644505
v 2.30072584 0.35463853 23.66838313
v 4.02445675 0.67198048 25.16979098
v 2.14274725 0.3812042 23.83811649
v 3.81406418 0.70737355 25.39583644
v 2.36847056 -3.24057388 24.28852721
v 4.15253235 -2.91214233 25.84248695
v 4.11240517 -2.01733825 25.66877069
v 3.89827549 -1.98134294 25.89883447
v 2.35808459 -2.34030787 24.14071998
v 2.19730323 -2.31327913 24.31346709
v 1.80489003 -1.18069347 25.50411083
v 2.25398224 -0.9847664 26.52068153
v 3.25497611 -3.21493813 24.30092124
v 4.19427425 -3.09385979 24.83276611
v 3.671952 -1.49466743 23.49808548
v 3.64526391 -0.5961335 23.34294255
v 4.74054856 -1.40293191 23.84903275
v 4.70802753 -0.50489521 23.69197682
v 3.15725139 0.3794114 23.6803571
v 4.06478572 0.49638918 24.19420812
v 1.78837726 -0.2838524 25.33802887
v 2.235011 -0.08900962 26.34905793
v 2.69339019 -3.12051024 24.90430884
v 3.44634556 -2.96807866 25.63636353
v 2.77263237 0.44408402 24.0935984
v 3.55254943 0.58253246 24.74456306
v 2.61465536 0.47064842 24.26333429
v 3.34214833 0.61791288 24.97062624
v 2.85689808 -3.1480109 24.72862138
v 3.66411021 -3.00470783 25.40238519
v 2.89666245 -1.98469955 26.02621104
v 2.28614063 -2.15641804 25.16681267
v 3.22981166 -2.31511748 24.15290145
v 4.15345026 -2.19604704 24.67587466
v 5.14428874 0.33699007 25.2236764
v 2.09702468 -0.18554915 22.78186113
v 2.96182724 0.24345668 22.95807998
v 2.34221455 0.22492384 22.94595165
v 4.90491236 0.52392148 24.2237888
v 4.87982636 0.65087673 24.92859333
v 3.15851691 -0.15022188 22.82233529
v 5.16400803 0.11984159 24.02151922
v 1.4816457 0.49238099 24.54841711
v 2.9336035 0.85547051 26.34182851
v 1.30379813 0.16168471 24.81508856
v 2.69388109 0.53522995 26.67550309
v 4.63197464 0.42315233 25.77412244
v 1.71235126 -0.12085629 23.19516568
v 4.42154633 0.45853781 26.0002185
v 1.554348 -0.09428809 23.36492435
v 1.95759316 0.28959646 23.35921065
v 4.36758311 0.73703899 25.47897611
v 1.79961599 0.31617226 23.52894402
v 4.15718675 0.77242826 25.70501398
v 3.4337355 0.33290597 23.38329524
v 4.43300505 0.43447219 23.79857606
v 3.63050742 -0.06075741 23.24760876
v 4.69202259 0.03036953 23.59625081
v 1.95355824 0.58182268 24.97363744
v 2.46169255 0.7660111 25.91661324
v 1.77578903 0.25114158 25.24037468
v 2.2219015 0.44577307 26.25022204
v 5.81703689 -2.97074952 25.27620045
v 5.74916075 -2.07498767 25.11192521
v 2.52196207 -2.58548208 22.76290318
v 2.53513452 -3.48988913 22.88735964
v 5.69747744 -1.17863497 24.94829776
v 5.65974816 -0.28182047 24.78525484
v 2.48461283 -0.78406442 22.47413353
v 2.50494812 -1.68364215 22.6245142
v 3.15377332 -3.37263679 23.44478459
v 5.1984 -3.08801324 24.71877296
v 3.64219893 -3.28006243 23.88487623
v 4.70997754 -3.18059266 24.27867373
v 4.6605539 -2.28131353 24.13103098
v 3.61057779 -2.37914105 23.74379994
v 5.6426311 0.25318996 24.68824085
v 2.47121154 -0.24847452 22.37982203
v 2.90846056 0.25244096 23.01541942
v 2.56532882 0.18740016 22.70623177
v 5.1769752 0.60089576 24.60933205
v 4.83384156 0.53586509 24.30014946
v 3.38037041 0.34188645 23.44063469
v 4.36193741 0.4464158 23.87493166
v 4.79416322 -1.02672213 25.91885773
v 4.7613572 -0.13073381 25.75051609
v 1.81004989 -0.6706305 23.19890565
v 1.8266857 -1.56956677 23.35325909
v 4.8360443 -1.92144018 26.09301175
v 1.83633421 -2.47017185 23.49955818
v 4.88843803 -2.81460201 26.27390682
v 1.83788599 -3.37264059 23.63650229
v 2.45652431 -3.25538825 24.19392725
v 4.2697986 -2.93186194 25.71648693
v 2.85770655 0.42977066 24.0021893
v 2.38579844 0.34032517 23.57697909
v 4.13775561 0.65293017 25.0480522
v 3.66585051 0.56346571 24.62283187
v 2.94494772 -3.1628063 24.63402648
v 3.78137678 -3.02443756 25.27639276
v 4.74529026 0.40408684 25.652371
v 1.79743413 -0.1351785 23.10374899
v 2.04266639 0.27529829 23.26780408
v 4.4808864 0.71796591 25.35723227
v 4.43369143 -2.73813508 26.76251178
v 4.38887854 -1.84624731 26.57345862
v 1.50057787 -2.41371046 23.8603058
v 1.49643636 -3.31523156 24.00336341
v 4.35179705 -0.95233647 26.39414759
v 1.49453632 -1.51371774 23.71013515
v 4.32140157 -0.05675049 26.22321733
v 1.47970676 -0.61508006 23.55383582
v 2.11507499 -3.19797163 24.56079596
v 3.81505326 -2.85538488 26.20507671
v 2.60349792 -3.10539347 25.0008876
v 3.32663207 -2.94795418 25.76498254
v 2.52780451 0.48524012 24.35664627
v 2.05589593 0.39580602 23.93142847
v 3.69838957 0.72683125 25.52012336
v 3.22648004 0.63736679 25.09490303
v 4.30585527 0.47798413 26.12451808
v 1.46748085 -0.07968247 23.45825911
v 1.71276324 0.33077914 23.62225347
v 4.04151814 0.7918847 25.82930849
v 3.47199175 -1.69205329 27.5585913
v 3.44476595 -0.79979735 27.36868539
v 0.81348165 -1.39917802 24.44187607
v 0.81212985 -2.29794348 24.59999478
v 3.4193184 0.09494853 27.19244123
v 0.80236873 -0.50116789 24.28158372
v 3.50126909 -2.58132586 27.76433769
v 0.79631485 -3.19748199 24.75559319
v 1.41495095 -3.08022586 25.31301308
v 2.88263029 -2.69858199 27.20691021
v 1.90337626 -2.98765403 25.75312496
v 2.39420958 -2.79115382 26.76681098
v 1.90073734 -2.09159739 25.58089913
v 2.38338837 -1.898388 26.57769202
v 3.40481211 0.62952373 27.09262353
v 0.7909305 0.03408926 24.18516438
v 1.53229518 0.48385345 24.49399525
v 1.18916368 0.41882278 24.18482277
v 3.3441869 0.90915475 26.57853465
v 3.00106244 0.84411902 26.26934699
v 2.0042085 0.57329894 24.91921558
v 2.52915117 0.75466847 25.84413679
v 3.21601103 -0.80242266 27.38752947
v 3.24075449 -1.69470517 27.5776277
v 5.18324022 -2.9064223 25.72387324
v 5.6989394 -2.99313999 25.16978339
v 5.82228563 -3.01388822 25.03725994
v 5.75432156 -2.11741279 24.87697265
v 5.70258447 -1.22057931 24.71588575
v 5.6648185 -0.32353833 24.55409286
v 3.19180403 0.09233207 27.21118157
v 3.26610524 -2.58401191 27.78369545
v 3.38316969 -2.60371633 27.65791558
v 4.31559488 -2.76051922 26.65609726
v 4.65307301 -2.81726908 26.29349991
v 4.77034211 -2.83698869 26.16751001
v 4.60459891 -1.92405411 26.11227335
v 4.3904765 -1.88804488 26.34233965
v 4.43531533 -2.78065002 26.52746813
v 5.18254308 0.57654927 24.47395175
v 5.1114745 0.58848529 24.55032252
v 5.64770081 0.21151638 24.45735974
v 3.2786843 0.89674175 26.51950488
v 3.17758177 0.62690727 27.11133856
v 4.81432376 0.6384612 24.86958128
v 4.41538949 0.70556176 25.29821262
v 4.09169047 0.76000893 25.64599433
v 3.97601491 0.77946158 25.77028378
v 4.30208367 0.72461207 25.41994634
v 3.21122695 0.90808818 26.5919788
v 0.84458643 -1.36269814 24.63882163
v 0.84357395 -2.26105114 24.79908109
v 2.2677903 -3.40206565 23.4114108
v 2.65501027 -3.4671735 22.99536833
v 2.74762196 -3.48274827 22.89586187
v 2.73090913 -2.57845383 22.7712713
v 2.71164911 -1.6766721 22.63279375
v 2.69019078 -0.77714624 22.48236753
v 0.83330595 -0.46487905 24.47745892
v 0.82829207 -3.15998488 24.95805255
v 0.91619313 -3.17476509 24.86360441
v 1.61631085 -3.29250833 24.1113797
v 1.86971163 -3.33510679 23.8391236
v 1.9577627 -3.34992496 23.74451352
v 1.70685517 -2.40624317 23.87155101
v 1.86763637 -2.43327824 23.69880138
v 1.70620643 -3.30761751 24.01478576
v 2.68518465 0.19102753 22.70881027
v 2.63182224 0.20000421 22.76614972
v 2.67654894 -0.24157025 22.38803832
v 1.25565915 0.43141923 24.24472807
v 0.82182992 0.07033634 24.38080931
v 2.40870306 0.23752663 23.00587719
v 2.10916171 0.28789855 23.32771697
v 1.86611036 0.32876872 23.58885438
v 1.77925777 0.34336801 23.68216889
v 2.02408927 0.30219419 23.41911848
v 1.20500786 0.43995436 24.299155
v 2.35154676 -0.96627279 26.60859358
v 2.36690249 -1.86032913 26.79024019
v 4.2945702 -3.07485503 24.92312762
v 4.81027255 -3.16157145 24.36904789
v 4.93361751 -3.18233486 24.23651937
v 4.88046529 -2.28303042 24.08958514
v 4.83811545 -1.38443449 23.9369448
v 4.80506366 -0.48649269 23.77940809
v 2.3320503 -0.07062608 26.43649932
v 2.37743997 -2.75245096 26.98295488
v 2.49450553 -2.77214906 26.8571826
v 3.42692676 -2.92894815 25.85535416
v 4.16168996 0.51475248 24.28152552
v 3.76275917 0.58183786 24.7101518
v 3.43905826 0.63628503 25.05794617
v 3.32338396 0.65573388 25.18222297
v 3.76440331 -2.98569675 25.49276187
v 3.88167431 -3.00542901 25.36676691
v 3.64945683 0.60089956 24.83188806
v 3.54664563 -2.94908528 25.72673515
v 4.52991466 0.45284055 23.88589599
v 4.45884354 0.46478796 23.96226171
v 4.78894738 0.04874548 23.68357833
v 2.62605873 0.77302924 25.93145672
v 2.3188244 0.46414523 26.33754956
v 2.558602 0.78438326 26.0039357
v 1.70264328 -1.2000778 25.41197803
v 1.71094956 -2.09666077 25.58062837
v 3.14986634 -3.23486524 24.20621499
v 3.53709201 -3.2999946 23.79017252
v 3.62969895 -3.31556178 23.69067112
v 3.59828782 -2.41406092 23.55282871
v 3.56970888 -1.51404417 23.40595268
v 3.54357053 -0.6153989 23.25131077
v 1.68668246 -0.30313171 25.24640721
v 1.71036851 -2.99279459 25.75284662
v 1.79826743 -3.0075786 25.6584086
v 2.4983861 -3.12530919 24.90618642
v 3.05569401 0.36015865 23.58885438
v 2.75615107 0.4105331 23.91068657
v 2.51309989 0.45140327 24.17182398
v 2.42624824 0.46600636 24.26514355
v 2.7517902 -3.16792029 24.6339202
v 2.83983478 -3.18273087 24.53931011
v 2.67107943 0.42482874 24.00208555
v 2.58828184 -3.14042469 24.80959754
v 3.33217718 0.31365322 23.29178746
v 3.27881367 0.32262358 23.34912185
v 3.52893044 -0.08000763 23.15609591
v 1.90265002 0.55405758 24.82770779
v 1.6742141 0.23188758 25.14884918
v 1.85199928 0.56257373 24.88212713
v 2.12731561 -1.00878268 26.40654668
v 1.93155492 -1.15667467 25.61824315
v 2.1402328 -1.90329829 26.58599688
v 1.94234418 -2.05279584 25.78913798
v 4.61388146 -1.42693553 23.73490043
v 3.798621 -1.47065749 23.6122178
v 4.58205313 -0.52876977 23.57846698
v 3.77123673 -0.5722602 23.45645238
v 4.65379703 -2.32600464 23.88534436
v 3.82968197 -2.3701922 23.76132313
v 2.10904024 -0.11288672 26.23554304
v 1.91435008 -0.25997783 25.45153617
v 3.93897897 0.47254118 24.08084252
v 3.28305814 0.40324294 23.79372017
v 3.54004248 0.53962277 24.50947639
v 2.98351457 0.45362246 24.11555743
v 4.06406012 -3.1185403 24.71543027
v 3.38518802 -3.19025636 24.41823936
v 3.65116392 -3.04912566 25.15906198
v 3.07515963 -3.13813086 24.75135473
v 3.42673919 0.55868067 24.63121011
v 2.89844197 0.46792569 24.20695641
v 3.21634315 0.59406235 24.85726063
v 2.74046528 0.49448883 24.37669736
v 3.31613745 -2.99277561 25.51902263
v 2.823604 -3.0958272 25.02162697
v 3.53389576 -3.02939087 25.28505947
v 2.98710777 -3.12332154 24.84596481
v 2.76861785 -2.0089714 25.91083375
v 2.41418207 -2.13214366 25.28217984
v 2.25534551 -1.92265604 26.46231726
v 2.02877925 -2.0673344 25.69626883
v 3.19641605 -2.97263342 25.64765176
v 2.73370936 -3.0807155 25.11822091
v 4.02540819 -2.22031255 24.5604999
v 3.35785057 -2.29084817 24.26826862
v 4.53251214 -2.30559043 24.01565369
v 3.73861511 -2.35487553 23.85916964
v 4.30719734 0.41062799 23.68522311
v 3.559541 0.35674764 23.49665832
v 4.23612876 0.42257287 23.76158124
v 3.50617811 0.36572432 23.55399017
v 4.56619337 0.0065266 23.4828675
v 3.75632714 -0.03690815 23.36098701
v 3.10067107 0.6135074 24.98154755
v 2.65361063 0.50909951 24.47000175
v 2.40334552 0.73080908 25.73077624
v 2.13001621 0.59715453 25.03257865
v 2.09607213 0.42191875 26.13684378
v 1.90160543 0.27498705 25.3537504
v 2.33588896 0.74216057 25.80325017
v 2.07936357 0.60567447 25.08700558
v 4.06736612 -1.08391987 19.41836107
v 4.03803912 -1.98518666 19.55645905
v 4.00009128 -2.8874517 19.68725928
v 3.95214667 -3.79080989 19.80958386
v 7.81201504 -2.77508815 20.92368855
v 7.82868865 -3.67653333 21.06696632
v 7.80901079 -1.8740162 20.77960358
v 7.81779074 -0.97336304 20.63483286
v 4.04861251 -1.63059304 21.7526383
v 4.0107798 -2.52900172 21.90729286
v 6.04636621 -1.47261097 23.01396443
v 6.03022969 -2.36929137 23.18230859
v 4.73543615 -3.75958443 20.11400799
v 4.99290444 -3.87068278 19.46293198
v 7.04539916 -3.70776638 20.76254598
v 7.38829905 -3.85573429 19.89543488
v 5.02350425 -2.96599106 19.34638437
v 7.3789738 -2.95129687 19.77167935
v 5.05045454 -2.06288212 19.21924566
v 5.07426395 -1.16119401 19.08298097
v 7.38062237 -2.04833343 19.63996689
v 7.39173347 -1.14672883 19.5014147
v 4.84690837 -0.15324827 19.56881259
v 7.07876156 -0.10319645 20.19541432
v 4.07788542 -0.73125697 21.60256888
v 6.06475102 -0.57413398 22.85701983
v 3.96301485 -3.42629068 22.06724613
v 6.0166976 -3.26387657 23.36387423
v 7.41861355 -1.70557715 21.76681628
v 3.74490575 -1.8587046 20.29771943
v 7.53228027 -1.75461427 21.47938775
v 7.54256898 -0.8546051 21.33080621
v 3.86071321 -0.9947464 19.94093446
v 3.83025385 -1.89552609 20.08189689
v 7.42952411 -0.80582735 21.61666588
v 3.77583261 -0.95811723 20.15557529
v 4.43409535 -3.62956104 20.87601786
v 6.64407301 -3.53460049 21.77739346
v 4.64052748 -0.06420259 20.09069771
v 6.80390609 0.01540713 20.89046659
v 4.55575885 -0.02761769 20.30505513
v 6.69101178 0.06412668 21.17594669
v 4.52182805 -3.66740862 20.65415773
v 6.76091985 -3.58502428 21.48191565
v 6.76205095 -2.68508217 21.33171717
v 6.64715317 -2.63551619 21.62227077
v 4.56028198 -2.76610767 20.51775513
v 4.47401123 -2.72888384 20.73592084
v 4.6501956 -1.60660461 21.98644964
v 5.44479482 -1.49658802 22.78016321
v 5.35385132 -3.73493429 20.35435795
v 6.42698399 -3.73242031 20.52219855
v 5.65203226 -2.03890127 19.45304814
v 5.67256793 -1.13734728 19.31551191
v 6.77905035 -2.07231807 19.40616568
v 6.79343076 -1.17058063 19.26888249
v 5.44441463 -0.12942431 19.80103102
v 6.48125656 -0.12701155 19.96319209
v 4.6761894 -0.70740138 21.83509729
v 5.46644831 -0.59798324 22.62449142
v 5.05251241 -3.60490837 21.11636782
v 6.02565784 -3.55923924 21.53704856
v 5.23803311 -0.04038116 20.32291741
v 6.20640109 -0.00840291 20.65824183
v 5.15326637 -0.0037988 20.53727736
v 6.09350235 0.04030904 20.94372699
v 5.14024702 -3.64276986 20.89450262
v 6.14250658 -3.60966683 21.24157075
v 5.7593065 -2.53903865 22.09331458
v 4.87207598 -2.6140101 21.50340908
v 5.37843757 -2.83251489 20.22295547
v 6.43368013 -2.83003634 20.3879949
v 7.82756767 -0.43639405 20.54823917
v 4.08153081 -0.54681297 19.33318314
v 4.99526722 -0.21726804 19.19365547
v 4.41245451 -0.17057536 19.39995222
v 7.27634416 -0.18843764 19.69577923
v 7.51321731 -0.08587569 20.36426456
v 5.08725294 -0.6240112 18.99820159
v 7.40200953 -0.60954602 19.41614315
v 4.201021 0.12545281 21.20208852
v 6.21856991 0.26799296 22.37062899
v 4.09203556 -0.19457139 21.51484155
v 6.07657633 -0.03762679 22.76782486
v 7.55267171 -0.31776896 21.24339266
v 3.87512051 -0.45775084 19.85514544
v 7.43975779 -0.26904941 21.5289183
v 3.79033701 -0.42116595 20.06953829
v 4.20607267 -0.08152841 19.92184746
v 7.23835678 0.03273675 21.05931937
v 4.12130531 -0.04493972 20.13620489
v 7.12545867 0.0814563 21.34479947
v 5.59277096 -0.19344788 19.42587516
v 6.67883727 -0.21226159 19.46355826
v 5.68485821 -0.60018598 19.23045671
v 6.80440774 -0.6333801 19.18388929
v 4.79853137 0.14927171 21.43431075
v 5.62106238 0.24417659 22.1384093
v 4.68964462 -0.17074237 21.74710173
v 5.47897961 -0.06144822 22.5355672
v 8.10540272 -3.79593906 20.36721757
v 8.08411931 -2.89249611 20.23560001
v 4.20440291 -2.97561679 19.17060708
v 4.15992309 -3.88046161 19.28416753
v 8.07819369 -1.99018172 20.09890388
v 8.08550535 -1.08888457 19.95784783
v 4.26838283 -1.17065274 18.9100365
v 4.24015941 -2.07240917 19.04535228
v 4.94321226 -3.84923742 19.58859293
v 7.32211513 -3.8271759 20.0627947
v 5.56162648 -3.82458221 19.82894035
v 6.70370313 -3.85181845 19.82244348
v 6.7057825 -2.94744177 19.69990762
v 5.58274984 -2.9206648 19.70629694
v 8.09497167 -0.55177767 19.87204615
v 4.28231377 -0.63346108 18.82545702
v 4.96663135 -0.20491071 19.26606739
v 4.53217496 -0.222234 19.09721335
v 7.6726645 -0.1546729 19.961064
v 7.23820685 -0.1719924 19.79221502
v 5.56413856 -0.18109054 19.49828836
v 6.64070312 -0.19581256 19.55999026
v 7.59348874 -1.78103065 21.32460161
v 7.60344407 -0.88086966 21.17686271
v 3.90642282 -1.01447107 19.82534335
v 3.87621334 -1.91535071 19.96568203
v 7.59415614 -2.6810803 21.47460525
v 3.8365059 -2.81686295 20.10092822
v 7.607129 -3.58094523 21.62722281
v 3.78578952 -3.71902551 20.23025575
v 4.56907679 -3.68780764 20.53468368
v 6.82384394 -3.61217575 21.32280248
v 5.28368452 -0.06007673 20.20748445
v 4.68617699 -0.08389563 19.97525969
v 6.86469893 -0.01082326 20.73673058
v 6.26719204 -0.03465101 20.50450835
v 5.1874926 -3.66314991 20.7750311
v 6.2054313 -3.63683222 21.08245505
v 7.61347278 -0.34400947 21.0896364
v 3.9207735 -0.47745907 19.73969856
v 4.25172377 -0.10121386 19.80640944
v 7.29915089 0.00648105 20.90558082
v 7.36312131 -3.47565549 22.24426712
v 7.35421422 -2.5775454 22.08136085
v 3.65634401 -2.739127 20.55651113
v 3.60257342 -3.63997754 20.69356658
v 7.35612216 -1.67860534 21.92484136
v 3.69798786 -1.83845233 20.41637109
v 7.36736737 -0.77900357 21.77383062
v 3.72916429 -0.93798516 20.27358676
v 4.38586132 -3.60874829 20.9979945
v 6.57983246 -3.50687714 21.9398392
v 5.00427807 -3.58409308 21.23834446
v 5.96142109 -3.53152349 21.69948924
v 5.10666163 0.0162991 20.65512435
v 4.50915473 -0.00751726 20.42290465
v 6.62894233 0.09091123 21.33290394
v 6.0314348 0.06708981 21.10067918
v 7.37767885 -0.24226485 21.68589833
v 3.74372562 -0.40105919 20.18740552
v 4.07470025 -0.02483296 20.25405187
v 7.06339555 0.10823326 21.50175672
v 6.86222671 -2.36525028 23.3254649
v 6.86942513 -1.46859266 23.15557717
v 3.3325441 -1.6807562 21.34048509
v 3.28693254 -2.5797279 21.49066333
v 6.88332287 -0.57014476 22.99785827
v 3.36571576 -0.78115696 21.19265762
v 6.86279605 -3.2597583 23.50945721
v 3.22689977 -3.47786581 21.64355418
v 4.01018261 -3.44663656 21.94797452
v 6.07950973 -3.29099134 23.20502928
v 4.62860221 -3.42199022 22.188327
v 5.46109772 -3.31563769 22.96468692
v 4.66527536 -2.52477084 22.02635698
v 5.48389117 -2.42020227 22.78977377
v 6.89418915 -0.03363884 22.90849882
v 3.38069873 -0.24440686 21.10540601
v 4.2281984 0.11371923 21.13336216
v 3.79374645 0.0963934 20.96451697
v 6.68921581 0.26969467 22.44794615
v 6.25476702 0.25237264 22.27909843
v 4.82570972 0.13753686 21.36558439
v 5.65726139 0.2285588 22.04687874
v 6.66286775 -1.44802915 23.25357297
v 6.6534261 -2.34446409 23.42451082
v 7.6791601 -3.68249754 21.00885509
v 7.95587544 -3.80189948 20.30910128
v 8.02206125 -3.83046545 20.14174146
v 8.00216641 -2.92645315 20.01388664
v 7.99712707 -2.02375794 19.87957417
v 8.00487017 -1.12227733 19.73970995
v 6.67788646 -0.5496888 23.09531255
v 6.65045222 -3.23860267 23.61018081
v 6.71326561 -3.26571872 23.45134092
v 7.21359087 -3.48161211 22.18615084
v 7.39467762 -3.55974786 21.72823235
v 7.45760298 -3.58690945 21.56911159
v 7.38524356 -2.66024098 21.57392699
v 7.27035085 -2.61066362 21.86447047
v 7.27783521 -3.50932786 22.0237051
v 7.62786394 -0.17442034 19.83240197
v 7.58972853 -0.15797131 19.9288365
v 8.01443581 -0.58513501 19.65416132
v 6.60627921 0.2663836 22.41571106
v 6.68900705 -0.01321704 23.00584176
v 7.43028324 -0.08917916 20.33203453
v 7.21622251 0.00318643 20.87334573
v 7.04252903 0.07814017 21.31256185
v 6.98045958 0.10492473 21.46951909
v 7.1554246 0.02942568 21.02708428
v 6.57008336 0.28200266 22.50724668
v 3.43431023 -1.65507618 21.51389264
v 3.38980795 -2.55375561 21.66594592
v 4.10392666 -3.78476217 19.86857441
v 4.31170498 -3.87441642 19.34315681
v 4.36139748 -3.89586178 19.21749334
v 4.40252133 -2.99075001 19.10504375
v 4.43614752 -2.08736905 18.98049746
v 4.46330721 -1.1855443 18.84553468
v 3.46693121 -0.7556022 21.36512132
v 3.33151295 -3.45145829 21.82181255
v 3.37868135 -3.47181177 21.7025384
v 3.75435246 -3.63392729 20.75256092
v 3.89032457 -3.69258888 20.40872161
v 3.93756983 -3.71297905 20.28924503
v 3.85302894 -2.75364912 20.49457137
v 3.93930318 -2.79086915 20.27641071
v 3.80258839 -3.65473245 20.63058175
v 4.64499874 -0.23123599 19.05752742
v 4.61636666 -0.21887613 19.12993808
v 4.47700567 -0.64833492 18.76102226
v 3.87793498 0.09975128 20.99723537
v 3.48179462 -0.21889131 21.27767234
v 4.49664336 -0.16721622 19.43268581
v 4.33591483 -0.09785852 19.83912785
v 4.20549605 -0.04158438 20.16892582
v 4.15889099 -0.02148141 20.28677534
v 4.29026437 -0.07816801 19.95456334
v 3.8507582 0.11149372 21.06595921
v 5.56832894 -1.49165369 22.82818057
v 5.54699872 -2.38857195 22.99450039
v 6.55397278 -3.72736452 20.57155198
v 6.83069317 -3.84675887 19.8718007
v 6.89687583 -3.87533623 19.70443708
v 6.89573713 -2.97055341 19.58386989
v 6.90258257 -2.06739134 19.45417798
v 6.91629368 -1.16567666 19.31663289
v 5.58931503 -0.5930894 22.67224562
v 5.52527248 -3.28346333 23.17288275
v 5.58808524 -3.3105819 23.01403781
v 6.08841177 -3.52647023 21.7488452
v 6.60395628 -0.12212277 20.01088555
v 6.38989491 -0.0297559 20.55219422
v 6.21620333 0.04520162 20.9914154
v 6.15413388 0.07197859 21.14837264
v 6.26949346 -3.60460725 21.29092417
v 6.33242009 -3.63176757 21.13180848
v 6.32909827 -0.00351792 20.70593024
v 6.15265042 -3.55419357 21.58640452
v 6.80153887 -0.20736902 19.51124793
v 6.76340599 -0.19091239 19.60768246
v 6.92712833 -0.62848879 19.23158275
v 5.77995857 0.23344379 22.09456967
v 5.60169767 -0.05655564 22.58325814
v 5.74376399 0.2490679 22.18610023
v 4.52073333 -1.61177553 21.93612959
v 4.48802979 -2.50997798 22.09277307
v 5.22076675 -3.74023553 20.30263352
v 5.42854569 -3.8299037 19.77721718
v 5.4782363 -3.8513402 19.65155624
v 5.5007476 -2.9469787 19.53186837
v 5.52257568 -2.04406208 19.40273063
v 5.54380975 -1.14247392 19.26547021
v 4.54743185 -0.71253308 21.78506065
v 4.44835176 -3.40694051 22.25587166
v 4.495517 -3.42729019 22.13660257
v 4.87119286 -3.58938674 21.18662003
v 5.31582978 -0.13455855 19.7510627
v 5.1550984 -0.06520084 20.1575136
v 5.02467994 -0.0089267 20.48730145
v 4.97807709 0.01117625 20.60515097
v 5.0071656 -3.64805845 20.84278072
v 5.05440707 -3.66844989 20.72330667
v 5.10944984 -0.0455116 20.2729415
v 4.91943005 -3.61020328 21.06464339
v 5.46418548 -0.19857832 19.37590432
v 5.43555244 -0.18622225 19.44831245
v 5.55624806 -0.60530123 19.18047321
v 4.69712045 0.13241275 21.31561354
v 4.56103637 -0.17587028 21.69711317
v 4.66994209 0.14414 21.38433737
v 5.28441518 -1.50298241 22.71782871
v 4.81057335 -1.60020643 22.04877909
v 5.26000258 -2.400012 22.88295923
v 4.78101197 -2.49829373 22.20664222
v 6.61866817 -2.07871119 19.34383244
v 5.81241191 -2.03250815 19.51537632
v 6.63392727 -1.17693579 19.20688833
v 5.83206572 -1.13098832 19.37749596
v 6.60874131 -2.98200232 19.47232999
v 5.79372851 -2.93528813 19.645735
v 5.30694735 -0.60433841 22.56249852
v 4.83569067 -0.70103483 21.89709272
v 6.32196816 -0.13336292 19.90129028
v 5.60370556 -0.12308054 19.86294421
v 6.10790427 -0.04099859 20.44259642
v 5.44297418 -0.05372536 20.26938878
v 6.262116 -3.73898803 20.45812311
v 5.51871805 -3.72834886 20.41843086
v 6.04056078 -3.643405 21.01837708
v 5.35236217 -3.6565746 20.83910148
v 6.04710763 -0.01476187 20.5963375
v 5.39732657 -0.03403359 20.38482427
v 5.93421269 0.03395388 20.88182013
v 5.3125592 0.00254624 20.59918423
v 5.86079175 -3.56582341 21.47296806
v 5.2173804 -3.59832799 21.1804382
v 5.97763606 -3.61624341 21.17749531
v 5.30511596 -3.63618696 20.95858312
v 5.59718592 -2.54550768 22.03030698
v 5.03419561 -2.60754487 21.56641415
v 5.32177059 -2.42666118 22.72676364
v 4.82739246 -2.5183094 22.08936205
v 5.7965531 -3.53809627 21.63541886
v 5.1691448 -3.57751904 21.3024199
v 6.27155829 -2.83649525 20.32498224
v 5.54055056 -2.8260446 20.28595548
v 6.54366445 -2.95391333 19.63689622
v 5.74486409 -2.9142021 19.76930201
v 6.51954886 -0.21860537 19.4016514
v 5.75206189 -0.18710031 19.48778709
v 6.48141345 -0.20215634 19.49808466
v 5.72342759 -0.17474297 19.56019396
v 6.64509088 -0.63972768 19.12196471
v 5.84416559 -0.59382702 19.2923699
v 5.87214577 0.06073844 21.03877484
v 5.26595287 0.02265806 20.71703121
v 5.49797045 0.22219984 21.98496934
v 4.98499939 0.14389582 21.42749125
v 5.31966148 -0.06779579 22.47365275
v 4.84895105 -0.1643948 21.80902125
v 5.46177524 0.23782648 22.0764999
v 4.95782135 0.15562814 21.49622267
v 4.48053815 -1.41575104 15.90487255
v 4.47606088 -2.32615014 15.96290027
v 4.4606898 -3.23686301 16.01778647
v 4.43268432 -4.14785169 16.06903012
v 8.44480366 -3.2384091 15.57169772
v 8.48433018 -4.14942562 15.61538172
v 8.41736879 -2.32768105 15.52160162
v 8.40037002 -1.41727942 15.46598033
v 5.40363176 -2.18391617 17.97993804
v 5.39833368 -3.09307789 18.05672633
v 7.74799084 -2.14494256 18.31068619
v 7.76815074 -3.05368043 18.39106389
v 5.27240198 -4.14490121 16.02372032
v 5.23445983 -4.192663 15.31745067
v 7.64460967 -4.15237356 15.66069279
v 7.59407707 -4.21598087 14.72007662
v 5.24910087 -3.28092025 15.27873515
v 7.56939213 -3.30385097 14.69131706
v 5.25599944 -2.36974052 15.23178437
v 5.25622718 -1.45910356 15.1777446
v 7.55136601 -2.39242199 14.65067843
v 7.53908459 -1.48166357 14.59980548
v 5.28801534 -0.50274308 15.80066962
v 7.5800098 -0.50996871 15.44991592
v 5.40305608 -1.27429012 17.91091941
v 7.73463779 -1.23553159 18.2398621
v 5.38622243 -4.0016361 18.14253434
v 7.79620557 -3.96156681 18.48253625
v 8.47490118 -2.25527671 16.59250308
v 4.51925841 -2.27178268 16.76699239
v 8.45815039 -2.27635263 16.28070656
v 8.44092895 -1.36623441 16.22094676
v 4.51099182 -1.37742269 16.47174611
v 4.50668092 -2.28760796 16.5328774
v 8.45758864 -1.34525591 16.53104157
v 4.52349971 -1.36167964 16.70458197
v 5.31680842 -4.08901423 16.85032437
v 7.70375204 -4.07793856 16.76156968
v 5.31842853 -0.46446533 16.36679038
v 7.62051432 -0.45898316 16.2038841
v 5.33092124 -0.44874126 16.59932132
v 7.63715313 -0.43804389 16.51356645
v 5.30387953 -4.10528487 16.60965684
v 7.68653249 -4.09960912 16.44104572
v 7.66030526 -3.18942132 16.38360252
v 7.67723698 -3.16811007 16.69878223
v 5.31736385 -3.19499964 16.54940234
v 5.33007861 -3.17900103 16.78605788
v 6.0485544 -2.18165271 17.94513709
v 7.10307705 -2.14720982 18.34548587
v 5.93537035 -4.14257575 15.98794642
v 6.98164509 -4.15470408 15.69646669
v 5.90091671 -2.36747579 15.19698469
v 5.89763285 -1.45685022 15.1431347
v 6.90645349 -2.39468672 14.68547684
v 6.89767607 -1.48391565 14.63441538
v 5.92856857 -0.5004948 15.76610653
v 6.93945656 -0.51221699 15.48448027
v 6.04446523 -1.27203805 17.87630698
v 7.09322927 -1.23778367 18.27447073
v 5.97977743 -4.08668624 16.81455174
v 7.04078683 -4.08026655 16.79734231
v 5.95898112 -0.46221578 16.33222729
v 6.97996172 -0.46123145 16.23844718
v 5.97147447 -0.44648792 16.56475823
v 6.99659737 -0.44029344 16.54813207
v 5.96684759 -4.10295688 16.57388548
v 7.02356728 -4.10194218 16.47681961
v 7.0665434 -3.11851753 17.50130801
v 6.01295384 -3.1377437 17.32705151
v 5.93833348 -3.23167057 15.93805402
v 6.9671622 -3.24360153 15.65143143
v 8.39425841 -0.87445882 15.43067583
v 4.47900566 -0.87293551 15.8690569
v 5.26615309 -0.53025893 15.3937139
v 4.82226202 -0.50437773 15.82580434
v 7.55089409 -0.54660801 14.9079291
v 8.04576185 -0.50833152 15.424785
v 5.25378912 -0.91623362 15.14277664
v 7.53397313 -0.93877086 14.56551568
v 5.38319161 -0.3829426 17.57240159
v 7.70677464 -0.35040766 17.80952272
v 5.40044405 -0.73164412 17.872753
v 7.72929795 -0.69292735 18.20131613
v 8.43476736 -0.82347201 16.18475914
v 4.50942391 -0.83465396 16.43526496
v 8.45140744 -0.80252514 16.49449337
v 4.5219182 -0.81892104 16.66783386
v 4.85267584 -0.46610125 16.39192256
v 8.08626701 -0.45734851 16.17875064
v 4.86516697 -0.45037086 16.62445224
v 8.10290329 -0.43640923 16.48843553
v 5.90670633 -0.52801444 15.35915082
v 6.91033896 -0.54885756 14.94249471
v 5.89444578 -0.91398534 15.1082047
v 6.89332058 -0.94101914 14.6000851
v 6.02374927 -0.38069432 17.53783977
v 7.06622077 -0.35265973 17.84408581
v 6.04110672 -0.72939584 17.83818232
v 7.0886454 -0.69517942 18.23588301
v 8.44355173 -4.20075024 14.85631474
v 8.4047059 -3.28887211 14.82528539
v 4.4305809 -3.27475613 15.45733513
v 4.40206522 -4.18639261 15.4990783
v 8.37770246 -2.37760761 14.78320441
v 8.36091752 -1.4669327 14.73160903
v 4.45091477 -1.4530356 15.35346242
v 4.44627555 -2.36364093 15.40846755
v 5.24178161 -4.18344466 15.45376723
v 7.60383122 -4.20370325 14.90162454
v 5.90475094 -4.1811192 15.41799334
v 6.94086601 -4.20602871 14.93739844
v 6.92706254 -3.29406455 14.90501911
v 5.90822395 -3.26956623 15.37760395
v 8.35485019 -0.92406149 14.69716488
v 4.44941644 -0.9101859 15.31828824
v 5.27037258 -0.52495389 15.47225958
v 4.80461831 -0.52658855 15.49739177
v 8.02226622 -0.53790208 14.9874085
v 7.55651353 -0.539538 15.01253943
v 5.91092454 -0.52270561 15.43769396
v 6.9159584 -0.54178628 15.04710251
v 8.44913069 -2.28771044 16.11280016
v 8.43195859 -1.37751505 16.05395637
v 4.50425425 -1.38589708 16.34636098
v 4.49990792 -2.2961317 16.40680653
v 8.47690907 -3.1979944 16.16931469
v 4.48479622 -3.20651435 16.46651698
v 8.51698089 -4.10833909 16.22312925
v 4.4571994 -4.11699315 16.52536583
v 5.29691738 -4.11404773 16.4800535
v 7.67726038 -4.11128704 16.26844032
v 5.95225399 -0.47067879 16.20701044
v 5.31170202 -0.47293213 16.24157352
v 7.61155535 -0.47026127 16.03711513
v 6.97100212 -0.47250955 16.07167948
v 5.95988512 -4.11171974 16.44428087
v 7.01429391 -4.11361503 16.30421421
v 8.42580839 -0.83474632 16.01796739
v 4.50269645 -0.84312329 16.31002787
v 4.84594838 -0.47456805 16.26670445
v 8.0773074 -0.46863041 16.0119842
v 8.55293887 -4.06307737 16.89247367
v 8.51226861 -3.15349307 16.82750499
v 4.51134608 -3.1731026 16.96072431
v 4.48420031 -4.08301459 17.02795013
v 8.48410876 -2.24367977 16.76392171
v 4.52617311 -2.26307548 16.89570375
v 8.46674625 -1.33372982 16.70152901
v 4.5303771 -1.35302432 16.83259747
v 5.32391828 -4.08006412 16.98263906
v 7.713219 -4.06602025 16.93778853
v 5.98688413 -4.07774119 16.94686643
v 7.05025378 -4.06834571 16.97355989
v 5.97834078 -0.43785031 16.69259787
v 5.33778818 -0.4400986 16.72716475
v 7.64629873 -0.42653298 16.68382615
v 7.00574486 -0.42878253 16.71839176
v 8.46055366 -0.79101424 16.6647771
v 4.52878704 -0.81028216 16.79569247
v 4.87203454 -0.44173325 16.75229441
v 8.11205078 -0.42489706 16.65869523
v 8.58476594 -3.06224339 18.17707212
v 8.55583178 -2.15341063 18.09898951
v 4.58002689 -2.19529423 17.89815088
v 4.56578661 -3.10457994 17.97406239
v 8.53807515 -1.24394652 18.02931803
v 4.58393704 -1.28561125 17.82957887
v 8.62666789 -3.97027401 18.26491585
v 4.53956159 -4.01333173 18.05846347
v 5.37927008 -4.01038884 18.01315114
v 7.78694928 -3.97322448 18.31022818
v 6.04224731 -4.00805832 17.97737725
v 7.12398406 -3.97554994 18.3460046
v 6.04342902 -3.09939383 17.89432867
v 7.10713016 -3.06743076 18.25680583
v 8.531794 -0.70133848 17.99102257
v 4.5822853 -0.7429488 17.79151115
v 5.37918721 -0.38798448 17.49785018
v 4.91343863 -0.38961913 17.52298364
v 8.16718749 -0.35549002 17.68510295
v 7.70143923 -0.3571272 17.71023135
v 6.01974487 -0.38573493 17.46328583
v 7.060886 -0.35937548 17.74479443
v 8.40890767 -2.14262469 18.2750211
v 8.43624386 -3.05133725 18.35501418
v 8.3240296 -4.14999243 15.62403072
v 8.28325179 -4.20131453 14.86496373
v 8.273497 -4.21359468 14.68341455
v 8.23748651 -3.30150653 14.65526735
v 8.2122879 -2.39010159 14.61501461
v 8.19639556 -1.47935329 14.56433651
v 8.3919456 -1.23322511 18.20439312
v 8.47562172 -3.95918062 18.44587544
v 8.46636479 -3.97083829 18.27356864
v 8.39263704 -4.06363659 16.90112519
v 8.36595307 -4.09722799 16.40438491
v 8.35667969 -4.10890338 16.23177698
v 8.32839965 -3.18706929 16.34755155
v 8.34533199 -3.1657631 16.66272872
v 8.38317261 -4.07555237 16.72490888
v 7.92773837 -0.54528713 14.8875946
v 7.93335718 -0.53821206 14.99220493
v 8.19052561 -0.93646817 14.53008719
v 8.07827719 -0.35580505 17.68989684
v 8.38584854 -0.6906196 18.16588637
v 7.95685471 -0.50864277 15.42958142
v 7.98839963 -0.46893912 16.01678316
v 8.01399678 -0.43671921 16.49323322
v 8.02314174 -0.4252121 16.66349418
v 7.99735924 -0.45765722 16.1835496
v 8.08361133 -0.34908551 17.78918822
v 4.74507455 -2.18623025 18.01547027
v 4.73262643 -3.09541347 18.09264699
v 4.59539955 -4.14727981 16.06025081
v 4.56478013 -4.18582326 15.49029772
v 4.55745676 -4.19503907 15.35398242
v 4.5833854 -3.2832571 15.31465581
v 4.59743717 -2.37204953 15.2673204
v 4.60125464 -1.46140119 15.21308705
v 4.74808733 -1.27658902 17.94625807
v 4.7092279 -4.0040147 18.17906609
v 4.70227619 -4.01276238 18.04968416
v 4.64691522 -4.08244272 17.01917082
v 4.62687868 -4.10766347 16.6461886
v 4.61991431 -4.1164238 16.51658652
v 4.66436282 -3.18133788 16.8219798
v 4.65164838 -3.19733649 16.58532553
v 4.63980694 -4.0913903 16.88685359
v 4.890655 -0.53158108 15.41397628
v 4.89487448 -0.52627098 15.4925207
v 4.59957918 -0.91852872 15.17807608
v 5.00369291 -0.38930536 17.51811383
v 4.74624012 -0.73394302 17.9080537
v 4.91251819 -0.50406143 15.820932
v 4.93620424 -0.47424922 16.26183464
v 4.95542409 -0.45005835 16.6195837
v 4.96229167 -0.44142074 16.7474246
v 4.94293106 -0.46578621 16.38705276
v 5.00769699 -0.38426096 17.59266524
v 7.23551068 -2.14674296 18.33833868
v 7.25010491 -3.05550107 18.41901751
v 7.11778199 -4.15422583 15.68912086
v 7.07700228 -4.20555046 14.93005261
v 7.06725002 -4.21783061 14.74850216
v 7.0513444 -3.30567034 14.71927194
v 7.03888585 -2.39421859 14.67833092
v 7.02939296 -1.48345258 14.62730742
v 7.22494742 -1.2373244 18.26736277
v 7.26937916 -3.96341655 18.51096559
v 7.2601216 -3.97507169 18.33865498
v 7.18639006 -4.06787253 16.96621533
v 7.07099632 -0.51175139 15.47738243
v 7.10254187 -0.47205028 16.0645829
v 7.12813839 -0.4398291 16.54103296
v 7.13728461 -0.42832199 16.71129392
v 7.15970292 -4.10146393 16.46947505
v 7.15043271 -4.11313678 16.29686712
v 7.11150147 -0.46076838 16.23134934
v 7.17692247 -4.0797883 16.78999649
v 7.04187871 -0.54839829 14.9353956
v 7.04749942 -0.54132322 15.0400072
v 7.02488057 -0.94055987 14.59298599
v 7.19242575 -0.35891621 17.73769785
v 7.22020477 -0.69471383 18.2287839
v 7.19776052 -0.35219667 17.83699049
v 5.90976624 -2.18213855 17.95262462
v 5.90996741 -3.09128002 18.02911939
v 5.79269989 -4.14307931 15.99564398
v 5.76207921 -4.18161516 15.42569216
v 5.75475679 -4.19083603 15.28937686
v 5.76072796 -3.27912365 15.25112568
v 5.76213108 -2.36796289 15.20447601
v 5.75959876 -1.45733732 15.15058427
v 5.90643177 -1.27252389 17.88375402
v 5.90652413 -3.9998142 18.11446179
v 5.89957432 -4.00856188 17.98507733
v 5.84421303 -4.07823715 16.95456525
v 5.79071857 -0.50097684 15.77354472
v 5.81440525 -0.4711659 16.21444736
v 5.8336213 -0.44697882 16.57219642
v 5.84049141 -0.43833236 16.70003732
v 5.82417776 -4.10346043 16.58158303
v 5.81721402 -4.11221824 16.45198095
v 5.82113112 -0.46270289 16.33966421
v 5.83710633 -4.08718726 16.82224803
v 5.76885569 -0.52850028 15.366589
v 5.77307518 -0.52318892 15.44513342
v 5.75657174 -0.91446991 15.11564668
v 5.88189171 -0.38621824 17.47072402
v 5.90323142 -0.72987789 17.84562051
v 5.88589863 -0.38118016 17.54527416
v 6.93114285 -2.14781079 18.35476241
v 6.22048734 -2.18104667 17.93585929
v 6.94243108 -3.05657777 18.43562343
v 6.2240584 -3.09017802 18.01217313
v 6.73451675 -2.3952877 14.69475591
v 6.07284965 -2.36687101 15.18770815
v 6.72668382 -1.48451283 14.64364258
v 6.0686251 -1.45624924 15.13390877
v 6.74367183 -3.3067521 14.7358728
v 6.07481769 -3.27802291 15.23417815
v 6.92223828 -1.23838465 18.28369667
v 6.21545748 -1.27143707 17.86708105
v 6.76868952 -0.51281417 15.49369482
v 6.09933435 -0.49989255 15.75689072
v 6.80023507 -0.47311053 16.08089402
v 6.1230204 -0.47008161 16.19779336
v 6.80489612 -4.15532657 15.70600386
v 6.1121149 -4.14195074 15.97840925
v 6.83754493 -4.11423499 16.31375139
v 6.13663029 -4.11109726 16.43474243
v 6.80919404 -0.46183495 16.24766173
v 6.12974817 -0.4616186 16.32301275
v 6.82583286 -0.44089062 16.55734408
v 6.14224025 -0.44588947 16.55554369
v 6.86403786 -4.08088904 16.80688075
v 6.15652134 -4.08606376 16.80501583
v 6.84681894 -4.10256466 16.48635679
v 6.14359276 -4.10233692 16.5643483
v 6.89274111 -3.11912609 17.51068703
v 6.18674917 -3.13713513 17.31767502
v 6.9333304 -3.06803933 18.26618232
v 6.21722435 -3.09878274 17.88495218
v 6.87350481 -4.0689682 16.98309833
v 6.16363057 -4.07711617 16.93733052
v 6.79336117 -3.2442101 15.66080793
v 6.11212945 -3.23106201 15.928675
v 6.75326278 -3.29467311 14.91439687
v 6.08202054 -3.2689564 15.36822366
v 6.73957254 -0.5494598 14.95170926
v 6.07747274 -0.52741346 15.34993501
v 6.74519325 -0.54238346 15.05631706
v 6.08169222 -0.52210716 15.42848068
v 6.72252696 -0.94162012 14.60930091
v 6.0652299 -0.91338436 15.09899016
v 6.83497845 -0.42938351 16.72760631
v 6.14910909 -0.43724681 16.68338332
v 6.89011896 -0.35997646 17.75401151
v 6.19051191 -0.38513395 17.45407255
v 6.91784926 -0.69577661 18.24510008
v 6.21189085 -0.72879487 17.82896778
v 6.89545309 -0.35326071 17.85330162
v 6.19451631 -0.38009714 17.52862396
v 4.21704144 -1.4141379 10.81405708
v 4.20274485 -2.32384745 10.74740819
v 4.17755889 -3.23331155 10.67760387
v 4.13974231 -4.14242899 10.60413802
v 8.16233224 -3.21719401 10.23771846
v 8.19206031 -4.12604195 10.1568005
v 8.14470719 -2.3079045 10.31225025
v 8.13752458 -1.39827845 10.38127077
v 5.12767143 -2.46798809 12.76552645
v 5.11252968 -3.37901979 12.71763561
v 7.47163483 -2.49987146 13.09982352
v 7.48194505 -3.41125109 13.05556132
v 4.97953588 -4.14242899 10.56012759
v 4.94252461 -4.09303761 9.8539231
v 7.35226452 -4.12604195 10.2008122
v 7.30297309 -4.06025847 9.2602789
v 4.96696252 -3.18474383 9.93988988
v 7.28806699 -3.15251253 9.35614344
v 4.98366491 -2.2757972 10.01762013
v 4.99370595 -1.36635713 10.08824748
v 7.27983868 -2.24391383 9.44014345
v 7.27736708 -1.33464457 9.51391928
v 5.03441607 -0.50424868 10.83577192
v 7.32691472 -0.48841581 10.48860258
v 5.13693089 -1.55749411 12.82117684
v 7.46811753 -1.5892054 13.15365074
v 5.09056116 -4.29061072 12.67875689
v 7.50013817 -4.32338226 13.02240135
v 8.20082571 -2.38280004 11.3830524
v 4.24488181 -2.38007984 11.55143072
v 8.18448738 -2.36098777 11.07128624
v 8.17708778 -1.45108085 11.13616762
v 4.24674737 -1.45378208 11.38088129
v 4.23261399 -2.36370292 11.31733471
v 8.19333628 -1.47276786 11.4462346
v 4.25894908 -1.47006663 11.61369564
v 5.02285266 -4.20023656 11.38665699
v 7.40995443 -4.20303015 11.30158914
v 5.06408247 -0.54384352 11.40184081
v 7.36642352 -0.54114609 11.24250117
v 5.07626742 -0.5601053 11.63435151
v 7.38265241 -0.56280147 11.55215822
v 5.01024197 -4.1834067 11.1460135
v 7.39315747 -4.18061058 10.98109427
v 7.37674766 -3.27086181 11.04827455
v 7.39326438 -3.29289928 11.36342642
v 5.03354814 -3.27360352 11.2104432
v 5.04594944 -3.2901563 11.4470785
v 5.77265133 -2.46798809 12.73172376
v 6.82666347 -2.49987146 13.13362495
v 5.64256278 -4.14242899 10.52537915
v 6.68924174 -4.12604195 10.23555937
v 5.62863974 -2.2757972 9.98381807
v 5.6351695 -1.36635713 10.05463014
v 6.63486922 -2.24391383 9.47394488
v 6.63590163 -1.33464457 9.54753725
v 5.67502561 -0.50424868 10.80219824
v 6.68630392 -0.48841581 10.52217563
v 5.77839603 -1.55749411 12.78756013
v 6.82665335 -1.5892054 13.18726871
v 5.68587924 -4.20023656 11.35190918
v 6.74692976 -4.20303015 11.33633694
v 5.70469232 -0.54384352 11.36826839
v 6.72581335 -0.54114609 11.27607486
v 5.71687822 -0.5601053 11.60077908
v 6.74204161 -0.56280147 11.58573191
v 5.67326823 -4.1834067 11.1112657
v 6.73013406 -4.18061058 11.01584208
v 6.7814998 -3.34656329 12.16487424
v 5.7281228 -3.33045207 11.98902736
v 5.6553351 -3.23331155 10.60015576
v 6.68456046 -3.21719401 10.31516593
v 8.13726711 -0.85568433 10.42030449
v 4.22136783 -0.87152606 10.8525866
v 5.01308996 -0.47579278 10.42885227
v 4.56862005 -0.50424868 10.86018294
v 7.29851195 -0.45051509 9.94666573
v 7.79270663 -0.48841581 10.46419156
v 4.99712582 -0.82379843 10.12762343
v 7.27811229 -0.79212003 9.5539677
v 5.12725613 -0.62815983 12.60734321
v 7.45056397 -0.65343499 12.84799809
v 5.14017838 -1.01471146 12.8573556
v 7.46863943 -1.04638986 13.18944234
v 8.17678413 -0.90842346 11.17431885
v 4.25103834 -0.91111963 11.41874532
v 8.19301365 -0.93008264 11.48402651
v 4.26322582 -0.92738647 11.65129144
v 4.5982855 -0.54384352 11.42625309
v 7.83221669 -0.54114609 11.21809015
v 4.61047203 -0.5601053 11.65876252
v 7.84844558 -0.56280147 11.5277472
v 5.65369981 -0.47579278 10.39527921
v 6.65789989 -0.45051509 9.98023878
v 5.63783847 -0.82379843 10.09404468
v 6.63740154 -0.79212003 9.58754581
v 5.76786946 -0.62815983 12.57376952
v 6.8099538 -0.65343499 12.88157177
v 5.78089862 -1.01471146 12.82377685
v 6.82792868 -1.04638986 13.22301983
v 8.15228329 -4.07295109 9.39780058
v 8.12321755 -3.16499132 9.49137319
v 4.14818887 -3.19411906 10.11720187
v 4.10987443 -4.10257225 10.03423807
v 8.10601319 -2.25626484 9.57391947
v 8.0990406 -1.3469222 9.646964
v 4.18814587 -1.37557674 10.26269629
v 4.17369113 -2.285075 10.19302545
v 4.94966927 -4.10257225 9.99022574
v 7.3124875 -4.07295109 9.4418129
v 5.61269616 -4.10257225 9.95547857
v 6.64946408 -4.07295109 9.47656071
v 6.6454464 -3.16499132 9.5688194
v 5.62596698 -3.19411906 10.03975503
v 8.09882804 -0.80439007 9.68685743
v 4.1925058 -0.83300665 10.30186981
v 5.01720602 -0.48128254 10.50739035
v 4.55140968 -0.48128254 10.53180137
v 7.76978603 -0.45783055 10.02685492
v 7.30399475 -0.45783055 10.05126594
v 5.65781555 -0.48128254 10.47381793
v 6.66338332 -0.45783055 10.08483899
v 8.17568846 -2.34924913 10.90339502
v 8.16833441 -1.43940167 10.96919368
v 4.24017712 -1.44501415 11.25550629
v 4.22600737 -2.35488818 11.19127523
v 8.19364879 -3.25899031 10.83528482
v 4.2010735 -3.26469263 11.1262901
v 8.22390825 -4.16854551 10.76449363
v 4.16365546 -4.17434525 11.06043324
v 5.00344967 -4.17434525 11.01642155
v 7.38411246 -4.16854551 10.80850532
v 5.69813092 -0.53508572 11.24306166
v 5.05752013 -0.53508572 11.27663408
v 7.35768533 -0.52948209 11.07574864
v 6.71707453 -0.52948209 11.10932233
v 5.6664753 -4.17434525 10.98167374
v 6.72108905 -4.16854551 10.84325186
v 8.16804214 -0.89675946 11.00754228
v 4.24447631 -0.90236309 11.29351961
v 4.5917241 -0.53508572 11.30104636
v 7.8234785 -0.52948209 11.05133889
v 8.25898311 -4.21535333 11.43378111
v 8.22813975 -3.30502002 11.49341439
v 4.22697146 -3.29925445 11.62045441
v 4.18999277 -4.2094878 11.56297452
v 8.20980619 -2.39478161 11.55445838
v 4.2516273 -2.38908056 11.6801307
v 8.20226805 -1.4846887 11.61670811
v 4.26565693 -1.47901548 11.74169723
v 5.02978634 -4.2094878 11.51896283
v 7.41918922 -4.21535333 11.47779154
v 5.69281323 -4.2094878 11.48421502
v 6.75616455 -4.21535333 11.51253934
v 5.72357752 -0.56904276 11.7286086
v 5.08296672 -0.56904276 11.76218102
v 7.39157405 -0.57470712 11.722404
v 6.75096452 -0.57470712 11.75597642
v 8.2019353 -0.94199588 11.65429759
v 4.26992607 -0.93632773 11.7791412
v 4.61716975 -0.56904276 11.78659204
v 7.85736786 -0.57470712 11.69799298
v 8.2988563 -3.39940364 12.84285879
v 8.27976866 -2.48815052 12.88940597
v 4.30415862 -2.45918474 12.68248927
v 4.28007339 -3.37012029 12.63370392
v 8.27184717 -1.57754773 12.94437821
v 4.31790231 -1.54873757 12.73859639
v 8.33090098 -4.31133237 12.80610056
v 4.24399458 -4.28155686 12.59339424
v 5.08378152 -4.28155686 12.54938255
v 7.49110835 -4.31133237 12.85011226
v 5.74681568 -4.28155686 12.51463474
v 6.82808494 -4.31133237 12.88486006
v 5.75785024 -3.37012029 12.55625771
v 6.82109084 -3.39940364 12.920305
v 8.27142711 -1.03474358 12.98041779
v 4.32211009 -1.00597011 12.77487258
v 5.12334757 -0.62294463 12.5327994
v 4.65755629 -0.62294463 12.55721042
v 7.91115016 -0.64648518 12.72430582
v 7.44536015 -0.64648518 12.74871683
v 5.76396311 -0.62294463 12.49922698
v 6.80475062 -0.64648518 12.78229052
v 8.13260986 -2.49987146 13.06518326
v 8.15009636 -3.41125109 13.02054402
v 8.03174582 -4.12604195 10.16520215
v 7.99196753 -4.07295109 9.40620222
v 7.98245376 -4.06025847 9.22466885
v 7.95622147 -3.15251253 9.32112741
v 7.94081877 -2.24391383 9.40550319
v 7.93473626 -1.33464457 9.47946753
v 8.12548608 -1.5892054 13.11919899
v 8.17961505 -4.32338226 12.98679194
v 8.17058459 -4.31133237 12.81450157
v 8.09866673 -4.21535333 11.44218212
v 8.07263814 -4.18061058 10.94548486
v 8.0635925 -4.16854551 10.77289464
v 8.04490277 -3.27086181 11.01325851
v 8.06141823 -3.29289928 11.32841039
v 8.08943447 -4.20303015 11.26597972
v 7.67538977 -0.45051509 9.92691449
v 7.68087193 -0.45783055 10.03151407
v 7.93472108 -0.79212003 9.51955644
v 7.82223037 -0.64648518 12.72896686
v 8.12524758 -1.04638986 13.15502982
v 7.70379126 -0.48841581 10.46885197
v 7.73456187 -0.52948209 11.0559974
v 7.75953022 -0.56280147 11.53240698
v 7.76844933 -0.57470712 11.70265149
v 7.74330133 -0.54114609 11.22274993
v 7.82743482 -0.65343499 12.82824685
v 4.46905444 -2.46798809 12.80004272
v 4.44676013 -3.37901979 12.75252765
v 4.30247146 -4.14242899 10.59560985
v 4.27260421 -4.10257225 10.02571053
v 4.26546145 -4.09303761 9.88940662
v 4.3011841 -3.18474383 9.97478192
v 4.32504317 -2.2757972 10.05213767
v 4.33867489 -1.36635713 10.12257586
v 4.48190236 -1.55749411 12.85550586
v 4.41350401 -4.29061072 12.71423978
v 4.40672373 -4.28155686 12.58486544
v 4.35272192 -4.2094878 11.55444572
v 4.33317691 -4.1834067 11.1814964
v 4.32638493 -4.17434525 11.05190444
v 4.38017261 -3.2901563 11.48197054
v 4.36777162 -3.27360352 11.24533524
v 4.34578823 -4.20023656 11.42214115
v 4.63755739 -0.47579278 10.44853202
v 4.64167471 -0.48128254 10.52707137
v 4.34285484 -0.82379843 10.16191196
v 4.74781816 -0.62294463 12.55247979
v 4.48591404 -1.01471146 12.89164413
v 4.6588835 -0.50424868 10.85545231
v 4.68198913 -0.53508572 11.29631573
v 4.70073484 -0.5601053 11.65403189
v 4.7074351 -0.56904276 11.78186267
v 4.68855021 -0.54384352 11.42152246
v 4.75172545 -0.62815983 12.6270236
v 6.95910785 -2.49987146 13.12668273
v 6.96385303 -3.41125109 13.08271278
v 6.82539003 -4.12604195 10.2284242
v 6.78561174 -4.07295109 9.46942554
v 6.77609924 -4.06025847 9.28789153
v 6.76997498 -3.15251253 9.38329554
v 6.76731234 -2.24391383 9.46700392
v 6.76763117 -1.33464457 9.54063362
v 6.95838288 -1.5892054 13.18036444
v 6.97326368 -4.32338226 13.05001462
v 6.96423386 -4.31133237 12.87772426
v 6.8923141 -4.21535333 11.50540481
v 6.81785506 -0.48841581 10.51528212
v 6.84862567 -0.52948209 11.10242819
v 6.87359211 -0.56280147 11.57883776
v 6.88251566 -0.57470712 11.74908227
v 6.86628361 -4.18061058 11.00870754
v 6.8572386 -4.16854551 10.83611733
v 6.85736513 -0.54114609 11.26918071
v 6.88307868 -4.20303015 11.32920241
v 6.7894523 -0.45051509 9.97334527
v 6.79493573 -0.45783055 10.07794485
v 6.76897293 -0.79212003 9.5806504
v 6.93630176 -0.64648518 12.77539638
v 6.95949943 -1.04638986 13.21612442
v 6.94150494 -0.65343499 12.87467636
v 5.63385115 -2.46798809 12.73899747
v 5.62420833 -3.37901979 12.69081943
v 5.49988029 -4.14242899 10.53285719
v 5.47001241 -4.10257225 9.96295661
v 5.46286902 -4.09303761 9.8266527
v 5.47863357 -3.18474383 9.91307496
v 5.48984146 -2.2757972 9.99109305
v 5.49712339 -1.36635713 10.06186399
v 5.64034929 -1.55749411 12.79479462
v 5.61090968 -4.29061072 12.65148649
v 5.6041294 -4.28155686 12.52211341
v 5.55012822 -4.2094878 11.49169243
v 5.53716422 -0.50424868 10.80942387
v 5.56026764 -0.53508572 11.25028729
v 5.57901619 -0.5601053 11.60800345
v 5.58571486 -0.56904276 11.73583297
v 5.53058448 -4.1834067 11.11874311
v 5.52379282 -4.17434525 10.98915115
v 5.56682966 -0.54384352 11.37549275
v 5.54319675 -4.20023656 11.35938786
v 5.51583779 -0.47579278 10.40250421
v 5.51995479 -0.48128254 10.48104293
v 5.49995241 -0.82379843 10.10127158
v 5.62609919 -0.62294463 12.50645134
v 5.64301066 -1.01471146 12.83100375
v 5.63000617 -0.62815983 12.58099515
v 6.65471282 -2.49987146 13.14263579
v 5.94459945 -2.46798809 12.72271165
v 6.65615453 -3.41125109 13.09884045
v 5.93832779 -3.37901979 12.67435774
v 6.46291667 -2.24391383 9.48295699
v 5.80058723 -2.2757972 9.97480723
v 6.46489483 -1.33464457 9.55649875
v 5.80617567 -1.36635713 10.045668
v 6.46227521 -3.15251253 9.39942068
v 5.79275177 -3.18474383 9.89661264
v 6.65564465 -1.5892054 13.19622895
v 5.94940283 -1.55749411 12.77859736
v 6.51552106 -0.48841581 10.53112701
v 5.84580657 -0.50424868 10.79324812
v 6.54629293 -0.52948209 11.11827245
v 5.86891125 -0.53508572 11.23411154
v 6.51247696 -4.12604195 10.24482389
v 5.81932313 -4.14242899 10.51611526
v 6.54432426 -4.16854551 10.85251575
v 5.84323692 -4.17434525 10.97240985
v 6.55503113 -0.54114609 11.28502497
v 5.87547391 -0.54384352 11.35931827
v 6.57125938 -0.56280147 11.59468202
v 5.88765855 -0.5601053 11.59182897
v 6.57016624 -4.20303015 11.34560083
v 5.86264086 -4.20023656 11.3426453
v 6.55336927 -4.18061058 11.02510597
v 5.85002858 -4.1834067 11.10200181
v 6.60768422 -3.34656329 12.1739825
v 5.90193331 -3.33045207 11.97991909
v 6.64727463 -3.39940364 12.92941453
v 5.93166075 -3.37012029 12.54714818
v 6.57940102 -4.21535333 11.5218045
v 5.86957359 -4.2094878 11.47495113
v 6.51074425 -3.21719401 10.3242742
v 5.82914498 -3.23331155 10.59104749
v 6.47163083 -3.16499132 9.57792893
v 5.79977749 -3.19411906 10.03064676
v 6.48712019 -0.45051509 9.98918953
v 5.82448204 -0.47579278 10.3863291
v 6.49260173 -0.45783055 10.09378911
v 5.82859841 -0.48128254 10.46486782
v 6.46659275 -0.79212003 9.59649783
v 5.80863778 -0.82379843 10.08509393
v 6.58018166 -0.57470712 11.76492653
v 5.89435848 -0.56904276 11.71965848
v 6.63396839 -0.64648518 12.79124064
v 5.93474471 -0.62294463 12.49027686
v 6.65711862 -1.04638986 13.23197121
v 5.95169666 -1.01471146 12.81482547
v 6.63917158 -0.65343499 12.89052062
v 5.93865105 -0.62815983 12.56481941
v 0.57623297 -0.95898263 21.81070272
v -0.05298418 -0.86537459 22.19049937
v 0.18586791 -1.06332853 21.18969196
v -0.44335067 -0.96971796 21.56948989
v -0.53622536 -3.67540223 22.08249574
v 0.0929929 -3.76901407 21.70270162
v 0.48335796 -3.66466817 22.32370731
v -0.14585943 -3.57106013 22.70350397
v 0.80239847 -0.89853203 22.17049383
v 1.02855764 -0.83806877 22.53027355
v 0.70952409 -3.60421503 22.68350475
v 0.93568342 -3.54375304 23.04328194
v 0.17317948 -0.80491893 22.55028416
v 0.3993385 -0.74446453 22.91007527
v 0.0803044 -3.51060573 23.06329255
v 0.30646555 -3.45013867 23.42307733
v -0.0402956 -1.12377661 20.82990465
v -0.26645912 -1.18424492 20.47012113
v -0.13317077 -3.82946214 21.34291177
v -0.35933342 -3.88991907 20.98312319
v -0.76238896 -3.73584398 21.7227021
v -0.98855081 -3.7963123 21.36291858
v -0.66951403 -1.0301673 21.20970257
v -0.89567597 -1.09063183 20.84991779
v 0.55041108 -1.11755682 20.96965753
v 0.91495512 -1.17179776 20.74961551
v 0.45753576 -3.82323603 21.48265706
v 0.82208059 -3.87747064 21.26262263
v 0.94077606 -1.01321851 21.59065943
v 0.84790169 -3.71889519 22.10366275
v 1.30532105 -1.06745313 21.37061993
v 1.2124462 -3.77312727 21.88362959
v -0.51040268 -3.51681666 22.92354473
v -0.87494767 -3.46258331 23.14357916
v -0.41752767 -0.81113618 22.41053381
v -0.78207345 -0.75691169 22.63057836
v -0.80789265 -0.91548588 21.78953065
v -0.90076829 -3.62116635 22.30253397
v -1.17243938 -0.8612538 22.00957014
v -1.26531439 -3.56692668 22.5225722
v -1.05721898 -3.43547106 23.25360713
v -0.96434587 -0.72979059 22.74059874
v -1.44758506 -3.53981443 22.63259638
v -1.35471211 -0.83413396 22.11958799
v -0.37953728 -1.21445947 20.29022684
v -0.47241229 -3.92014248 20.80323396
v -1.10162953 -3.82653823 21.18303062
v -1.00875642 -1.12085523 20.67002729
v 1.14164031 -0.8078441 22.7101729
v 1.04876546 -3.51352584 23.22317497
v 0.51242022 -0.71424112 23.08996703
v 0.419546 -3.41992286 23.60297795
v 1.09722675 -1.1989138 20.63959766
v 1.00435253 -3.90459175 21.15260098
v 1.39471846 -3.80024964 21.77360541
v 1.48759268 -1.09457043 21.26059829
v -0.43668521 -3.6487986 22.24084725
v -0.34381052 -0.94311433 21.72784646
v 0.38381592 -3.69126674 22.16534694
v 0.47669124 -0.98558373 21.65234615
v 0.19253376 -3.74240158 21.86104933
v 0.28540932 -1.03672111 21.34804854
v -0.24540329 -3.59766376 22.54514613
v -0.15252757 -0.89197949 22.03214154
v 0.64995154 -1.09096331 21.12800398
v 1.01449574 -1.1451916 20.90796828
v 0.55707717 -3.79663872 21.64101237
v 0.92161995 -3.85086954 21.42097794
v 0.74835917 -3.74550135 21.94530871
v 1.11290368 -3.79972964 21.72526922
v 0.84123433 -1.03982088 21.43230665
v 1.20577885 -1.09405549 21.21226336
v -0.60994567 -3.54343167 22.76518562
v -0.97449019 -3.48919579 22.98522385
v -0.51707098 -0.83774867 22.2521823
v -0.88161566 -0.78351406 22.47222179
v -0.8012283 -3.59455639 22.46088548
v -1.1657725 -3.54032684 22.68093004
v -0.70835353 -0.88887845 21.94787963
v -1.07289876 -0.8346489 22.16792671
v 1.38805 -1.12116394 21.10224298
v 1.29517515 -3.82684188 21.61524884
v 1.10389347 -3.87798432 21.31095502
v 1.19676721 -1.17230891 20.79794664
v -1.25517197 -0.80753286 22.27794203
v -1.34804476 -3.51321333 22.79094915
v -1.06388934 -0.75639801 22.58223964
v -1.15676403 -3.46207596 23.09524423
v 0.64194749 -0.87465746 22.26734714
v 0.41578199 -0.93511819 21.9075497
v 0.86810619 -0.81420559 22.62712307
v 0.32290738 -3.64079866 22.42055429
v 0.54907185 -3.58034299 22.7803492
v 0.77523229 -3.51987847 23.14012766
v 0.10746567 -0.88924789 22.09364606
v 0.33362967 -0.82879223 22.45343844
v 0.55978868 -0.76833656 22.8132207
v 0.24075498 -3.5344727 22.96644556
v 0.01459059 -3.5949271 22.60665319
v 0.46691494 -3.47401577 23.32623414
v 0.02541781 -1.03945523 21.28654527
v -0.20074626 -1.09989318 20.92675037
v -0.42690891 -1.16035391 20.56696052
v -0.29362134 -3.80557619 21.43975116
v -0.06745782 -3.74513823 21.7995486
v -0.51978328 -3.86603818 21.07997523
v -0.37577422 -3.69925402 21.98564623
v -0.60193893 -3.75972361 21.62585512
v -0.82810032 -3.8201856 21.26607286
v -0.50906377 -1.0540406 21.11285053
v -0.28289843 -0.99356849 21.47263911
v -0.73522594 -1.11451019 20.7530708
v 0.98118838 -0.78397712 22.80701989
v 0.88831259 -3.48966645 23.32002828
v -0.84830308 -1.14470955 20.57317525
v -0.94117777 -3.85039256 21.0861849
v -0.63286152 -3.89626411 20.90008854
v -0.53998747 -1.19058491 20.38707635
v 0.67287119 -0.73810936 22.99311878
v 0.57999571 -3.44379616 23.50612337
v -0.27623416 -3.67266178 22.14399901
v -0.18335915 -0.96698257 21.63099315
v 0.22336431 -3.66739976 22.26219646
v 0.31623948 -0.96172055 21.74919439
v 0.03208247 -3.71853081 21.95789632
v 0.12495795 -1.0128516 21.44489678
v -0.08495208 -3.62153579 22.44829535
v 0.00792323 -0.91585026 21.93529202
v -1.06642894 -1.13627438 20.57827405
v -1.15930457 -3.84195485 21.0912875
v -0.53008694 -3.93555656 20.71147819
v -0.4372117 -1.22987103 20.19847613
v -0.66974833 -1.70669939 20.29930601
v -0.72926363 -3.44055089 20.62805385
v -0.64743504 -3.45272224 20.57865615
v -0.58791919 -1.7188796 20.24990957
v -1.05989522 -1.64865902 20.53480261
v -1.11940925 -3.38250166 20.86354539
v -1.03757876 -3.3946806 20.81415528
v -0.9780652 -1.6608329 20.4854049
v -0.90597986 -1.16013376 20.48141821
v -0.99885471 -3.86580918 20.99443166
v -0.69053736 -3.91168832 20.8083315
v -0.59766204 -1.20600785 20.29532818
v -1.54054421 -3.52599071 22.68870604
v -1.44767094 -0.82031277 22.17569891
v -1.05730406 -0.71594789 22.79670714
v -1.15017733 -3.42162963 23.309713
v -1.21206917 -1.20158214 22.8651463
v -1.27158684 -2.93545767 23.19389668
v -1.32235382 -2.94900557 23.11312675
v -1.26283663 -1.21515281 22.78438523
v -1.45412052 -1.26628386 22.48008635
v -1.51363566 -3.00015307 22.80883547
v -1.56440327 -3.01371362 22.72807567
v -1.50488624 -1.2798558 22.39932908
v -1.34812937 -0.79369396 22.33405928
v -1.44100295 -3.49938329 22.84706008
v -1.15684342 -0.74253761 22.6383493
v -1.24972048 -3.44824085 23.15135642
v 0.4772182 -3.40451889 23.69472233
v 0.57009321 -0.69882324 23.18171394
v 1.19931234 -0.79243381 22.80191728
v 1.10643623 -3.49811554 23.31492188
v 1.03886185 -0.76857189 22.8987668
v 1.15942145 -1.25181235 23.02964168
v 1.09990599 -2.98565373 23.358387
v 1.01807566 -2.97347858 23.4077847
v 1.07759143 -1.23963341 23.0790318
v 0.94598668 -3.47424857 23.41177519
v 0.76927377 -1.19375933 23.26513449
v 0.70975784 -2.92761462 23.5938836
v 0.62792798 -2.91543821 23.64327118
v 0.68744312 -1.18159177 23.3145284
v 0.73054481 -0.72268642 23.08486063
v 0.6376706 -3.42836816 23.59787282
v 1.48767792 -3.81407336 21.71749955
v 1.58055261 -1.10839541 21.20448989
v 1.19018747 -1.21273878 20.58348294
v 1.09731104 -3.91842052 21.09648879
v 1.31159714 -1.69886266 20.6992904
v 1.25207915 -3.43273187 21.02804204
v 1.30284645 -3.41917006 21.10880184
v 1.36236286 -1.68529579 20.78005906
v 1.5536447 -1.63416347 21.08434781
v 1.49412798 -3.36801497 21.41309692
v 1.54489575 -3.35445695 21.49385926
v 1.60441199 -1.62059786 21.16510761
v 1.48100882 -1.13499019 21.04613079
v 1.38813366 -3.84067699 21.55913918
v 1.19685151 -3.89182069 21.25484537
v 1.28972651 -1.18613389 20.74183318
v -0.82486453 -1.31307649 17.73767255
v -1.45408193 -1.24161347 18.12225677
v -1.21522936 -1.38129677 17.111668
v -1.84444818 -1.30982869 17.49624843
v -1.93732334 -4.04067551 17.8517454
v -1.30810468 -4.11214485 17.46716877
v -0.91773938 -4.04392458 18.09317332
v -1.5469571 -3.97246282 18.47775122
v -0.59869919 -1.27355883 18.10036226
v -0.37253979 -1.23402852 18.46304059
v -0.69157349 -4.00440186 18.45586177
v -0.46541408 -3.96487408 18.81854389
v -1.22791833 -1.20209202 18.48493889
v -1.00175916 -1.1625693 18.84762354
v -1.32079334 -3.9329401 18.84044093
v -1.09463211 -3.89340726 19.20312052
v -1.44139295 -1.42081189 16.74898461
v -1.66755703 -1.46034853 16.38630249
v -1.53426859 -4.15165998 17.10448285
v -1.76043093 -4.19118523 16.74179694
v -2.16348678 -4.08018305 17.48905696
v -2.38964833 -4.11972095 17.12637863
v -2.07061193 -1.34934635 17.1335663
v -2.29677411 -1.38888045 16.77088165
v -0.8506861 -1.422692 16.88886022
v -0.48614222 -1.46410242 16.6660537
v -0.94356158 -4.15353756 17.24435593
v -0.57901683 -4.19494038 17.02154942
v -0.46032144 -1.35448564 17.51486224
v -0.55319613 -4.08532234 17.87035922
v -0.09577637 -1.39588847 17.29205446
v -0.18865106 -4.12672517 17.6475527
v -1.91149987 -3.93105241 18.70056532
v -2.2760455 -3.88964958 18.92337057
v -1.81862597 -1.20020685 18.34506202
v -2.1831716 -1.15881541 18.56787233
v -2.20899048 -1.26842966 17.71905494
v -2.30186564 -3.99927015 18.07455571
v -2.57353721 -1.22702683 17.94186905
v -2.66641206 -3.95786227 18.29736349
v -2.45831649 -3.8689507 19.03478269
v -2.36544385 -1.13810641 18.67928065
v -2.84868242 -3.93716592 18.40877181
v -2.75580947 -1.20632036 18.0532723
v -1.78063464 -1.48009597 16.20496332
v -1.87350964 -4.21094026 16.56046157
v -2.50272736 -4.1394861 16.945042
v -2.40985346 -1.40864055 16.58954249
v -0.25945728 -1.21426969 18.64438481
v -0.35233204 -3.94511398 18.99988179
v -0.88867744 -1.1428092 19.02896271
v -0.9815515 -3.87365349 19.38446601
v -0.30387036 -1.4848051 16.55464539
v -0.39674497 -4.21564433 16.91014236
v -0.0063788 -4.14742911 17.53614438
v 0.08649493 -1.41658861 17.18064867
v -1.83778304 -4.02328642 18.01136972
v -1.74490866 -1.29243707 17.65587654
v -1.01728174 -4.06131366 17.93353635
v -0.92440626 -1.33046558 17.57804444
v -1.20856421 -4.09474059 17.62678929
v -1.11568842 -1.36390009 17.27129737
v -1.64650072 -3.98985444 18.31811678
v -1.55362524 -1.25900888 17.9626236
v -0.75114596 -1.40531177 17.04848833
v -0.38660176 -1.4467108 16.82567802
v -0.84402001 -4.13614847 17.40398404
v -0.47947779 -4.1775513 17.18117753
v -0.65273865 -4.10271649 17.71072984
v -0.2881939 -4.14411172 17.48791826
v -0.55986333 -1.37187599 17.35523539
v -0.19531857 -1.41327502 17.13242002
v -2.0110435 -3.94845161 18.54092962
v -2.3755877 -3.90704879 18.76373993
v -1.91816833 -1.21760606 18.18543391
v -2.28271348 -1.17620323 18.40824928
v -2.20232565 -3.98187601 18.23418003
v -2.56687017 -3.94047571 18.4569954
v -2.10945176 -1.25103425 17.87868305
v -2.47399659 -1.20963522 18.10149969
v -0.01304742 -1.43397011 17.0210155
v -0.10592211 -4.1648106 17.37651248
v -0.29720395 -4.19824765 17.06976668
v -0.20433013 -1.46741221 16.7142735
v -2.65626948 -1.18893254 18.21290421
v -2.74914243 -3.91977683 18.56839992
v -2.46498764 -1.15550055 18.51965127
v -2.55786185 -3.88634105 18.87514446
v -0.75915017 -1.25533217 18.19843271
v -0.98531646 -1.29485742 17.83574299
v -0.53299155 -1.21580946 18.56110724
v -1.07819051 -4.02570298 18.19123997
v -0.85202581 -3.98618026 18.55392589
v -0.62586505 -3.94664742 18.91660928
v -1.29363238 -1.25984013 18.02418506
v -1.06746799 -1.22031867 18.38687098
v -0.84130882 -1.18079216 18.74955184
v -1.16034284 -3.95115917 18.74237049
v -1.38650691 -3.99068189 18.37968204
v -0.93418288 -3.91163392 19.10505514
v -1.37568001 -1.36307011 17.20973971
v -1.60184393 -1.40257765 16.84704999
v -1.82800658 -1.44210669 16.48436914
v -1.69471909 -4.13342067 17.20254065
v -1.46855581 -4.09391567 17.56523542
v -1.92088079 -4.17295098 16.83986991
v -1.77687205 -4.05887939 17.75367749
v -2.00303644 -4.09841729 17.39098525
v -2.22919751 -4.1379476 17.02831324
v -1.9101608 -1.36757553 17.03549333
v -1.68399594 -1.32803257 17.39818051
v -2.13632329 -1.40711217 16.672815
v -0.41990944 -1.19605189 18.74245273
v -0.51278507 -3.92690251 19.09795224
v -2.24940011 -1.42684443 16.49147457
v -2.34227528 -4.15769252 16.84697535
v -2.03395935 -4.19270855 16.65853454
v -1.94108434 -1.46186932 16.3030325
v -0.72822615 -1.1610346 18.93089479
v -0.82110195 -3.89188142 19.28639557
v -1.67733206 -4.04150043 17.91330307
v -1.58445658 -1.31065993 17.55780609
v -1.17773351 -4.04309207 18.03161059
v -1.08485787 -1.31225031 17.67611362
v -1.36901519 -4.07651646 17.72485974
v -1.27613971 -1.34567723 17.36936402
v -1.48604943 -4.00807604 18.22005013
v -1.39317427 -1.27723427 17.86455695
v -2.46752629 -1.41871923 16.49705543
v -2.56040209 -4.14955973 16.8525562
v -1.93118405 -4.22101895 16.46796945
v -1.83830952 -1.49017213 16.11247247
v -2.070846 -1.97203857 16.18552966
v -2.13036098 -3.72201267 16.41334388
v -2.04853207 -3.73130313 16.3633199
v -1.98901678 -1.98133535 16.13550946
v -2.46099305 -1.92772702 16.42399065
v -2.52050676 -3.6776948 16.65179855
v -2.43867627 -3.68699158 16.60178216
v -2.37916256 -1.93702127 16.37397046
v -2.30707705 -1.43693071 16.39898119
v -2.39995254 -4.16776614 16.75448196
v -2.09163534 -4.20279482 16.56603863
v -1.99875986 -1.47195559 16.21054418
v -2.94164298 -3.92661151 18.4655862
v -2.84876877 -1.19577101 18.11008795
v -2.45840221 -1.12753682 18.73609756
v -2.55127547 -3.85838238 19.09159328
v -2.61316715 -1.61631891 18.77630856
v -2.67268403 -3.36631959 19.00412152
v -2.72345165 -3.37516849 18.92270507
v -2.66393414 -1.62519185 18.69489337
v -2.85521819 -1.65862004 18.38814758
v -2.91473507 -3.40861186 18.61596054
v -2.96550237 -3.41747341 18.53455168
v -2.90598391 -1.66749045 18.30673619
v -2.74922688 -1.17836801 18.26972365
v -2.84210078 -3.90921989 18.62521684
v -2.55794156 -1.14491325 18.57646566
v -2.65081799 -3.87577652 18.93196516
v -0.9238793 -3.86358746 19.47694801
v -0.8310043 -1.13273052 19.12144977
v -0.201785 -1.20419607 18.73687187
v -0.29466135 -3.93504036 19.09236759
v -0.36223597 -1.1859808 18.83493979
v -0.24167621 -1.67598762 18.93761561
v -0.30119167 -3.42595286 19.16542604
v -0.38302208 -3.41666114 19.21544623
v -0.32350599 -1.66668957 18.98763073
v -0.45511114 -3.91681876 19.1904393
v -0.63182405 -1.63166468 19.17607533
v -0.69133966 -3.38164764 19.40389083
v -0.77316936 -3.37234959 19.45390089
v -0.71365438 -1.62238055 19.2260892
v -0.67055269 -1.15094579 19.02338059
v -0.76342675 -3.88179008 19.37888263
v 0.08658017 -4.15798352 17.47933
v 0.17945494 -1.42714429 17.12383049
v -0.21090979 -1.49535824 16.49782721
v -0.30378622 -4.22620379 16.85332672
v -0.08950028 -1.98737042 16.58529643
v -0.14901811 -3.73736224 16.81311066
v -0.09825073 -3.72850321 16.89451825
v -0.03873421 -1.97850128 16.66671161
v 0.15254726 -1.94507435 16.97345362
v 0.09303039 -3.69505225 17.20126531
v 0.14379808 -3.6861907 17.2826767
v 0.20331425 -1.93620521 17.05486247
v 0.07991135 -1.44452325 16.96419732
v -0.01296392 -4.17537513 17.31969683
v -0.20424576 -4.20881471 17.01295483
v -0.11137067 -1.47796662 16.65745405
v 2.6565222 -1.17211153 17.71097529
v 2.0273056 -1.10064978 18.09555572
v 2.26615754 -1.24032675 17.08496821
v 1.63693888 -1.16885994 17.46955117
v 1.54406419 -3.89971308 17.82505068
v 2.17328253 -3.97117484 17.44046772
v 2.56364767 -3.90295709 18.0664748
v 1.93443012 -3.83149787 18.45105523
v 2.88268786 -1.13259388 18.073665
v 3.1088475 -1.09306356 18.4363446
v 2.78981364 -3.86343817 18.42916451
v 3.01597361 -3.82390406 18.79184664
v 2.25346888 -1.06112706 18.45824037
v 2.47962773 -1.02160308 18.82092629
v 2.16059371 -3.79197388 18.81374368
v 2.3867551 -3.75243978 19.1764258
v 2.03999394 -1.27984441 16.72228609
v 1.8138305 -1.31938231 16.35960144
v 1.94711878 -4.01068996 17.0777856
v 1.72095613 -4.05021521 16.71509588
v 1.31790059 -3.93921809 17.46235843
v 1.09173841 -3.97875346 17.09967758
v 1.41077544 -1.20838266 17.10686905
v 1.18461342 -1.2479155 16.7441806
v 2.63070127 -1.28172578 16.8621617
v 2.99524499 -1.32313367 16.63935265
v 2.53782547 -4.01256501 17.21765868
v 2.90237046 -4.05397037 16.99484583
v 3.02106545 -1.21351436 17.48816498
v 2.92819124 -3.94435232 17.84366196
v 3.38561092 -1.25492098 17.26535593
v 3.29273607 -3.98575515 17.62085291
v 1.56988718 -3.79008112 18.67386427
v 1.2053418 -3.7486783 18.89667079
v 1.66276155 -1.05923683 18.31836476
v 1.29821617 -1.01784539 18.54117634
v 1.27239689 -1.1274647 17.69236021
v 1.17952102 -3.8583014 18.04785466
v 0.90785032 -1.08605682 17.91517305
v 0.81497516 -3.81689352 18.27066624
v 1.02307088 -3.72798195 19.0080829
v 1.11594375 -0.99714145 18.65258592
v 0.63270452 -3.7961959 18.38207076
v 0.72557759 -1.0653554 18.02657505
v 1.70075226 -1.33912722 16.1782648
v 1.60787725 -4.06997531 16.53376178
v 0.97865985 -3.99851356 16.91833841
v 1.07153344 -1.26767433 16.5628427
v 3.22193002 -1.07329967 18.61768756
v 3.12905517 -3.80414776 18.97318453
v 2.59270961 -1.00184551 19.00226545
v 2.49983571 -3.73268601 19.35776749
v 3.1775163 -1.34383508 16.52794686
v 3.08464177 -4.07467431 16.88344005
v 3.47500801 -4.00646162 17.50944713
v 3.56788223 -1.27562366 17.15395141
v 1.64360418 -3.88231894 17.98467373
v 1.73647887 -1.15147212 17.62917928
v 2.46410484 -3.92034365 17.9068391
v 2.55698095 -1.18949556 17.55134718
v 2.27282284 -3.9537731 17.60008951
v 2.36569848 -1.22293134 17.24459885
v 1.83488617 -3.84888569 18.29141952
v 1.92776181 -1.11804393 17.93592634
v 2.7302411 -1.26434176 17.02178981
v 3.09478561 -1.30574458 16.79897823
v 2.63736672 -3.99517846 17.37728679
v 3.0019095 -4.03658634 17.15448027
v 2.82864904 -3.96174647 17.68403258
v 3.19319324 -4.00314677 17.46122101
v 2.92152388 -1.2309123 17.3285356
v 3.28606903 -1.27230754 17.10572276
v 1.47034371 -3.80748286 18.51423237
v 1.10579928 -3.76607751 18.73704141
v 1.56321872 -1.07663731 18.15873665
v 1.19867404 -1.03523448 18.38154949
v 1.27906148 -3.84090473 18.20748277
v 0.9145172 -3.79950949 18.43029814
v 1.37193593 -1.11006803 17.85198579
v 1.00739078 -1.0686652 18.07480243
v 3.46833939 -1.29300009 16.99431824
v 3.37546518 -4.02384312 17.34981522
v 3.18418334 -4.05728269 17.04306942
v 3.27705692 -1.32644346 16.68757244
v 0.82511766 -1.04796885 18.18620442
v 0.73224455 -3.77881061 18.54170267
v 1.01640028 -1.01453686 18.49295275
v 0.9235256 -3.74537356 18.8484472
v 2.72223673 -1.11436722 18.17173545
v 2.49607107 -1.15388994 17.80904574
v 2.94839574 -1.0748445 18.53440998
v 2.40319702 -3.88473802 18.16454524
v 2.62936109 -3.84521531 18.52723116
v 2.85552216 -3.8056774 18.88991202
v 2.1877553 -1.11887264 17.99748654
v 2.41391938 -1.07934992 18.36017372
v 2.64007792 -1.03982847 18.72285205
v 2.32104437 -3.81019042 18.71567197
v 2.0948803 -3.84971314 18.35298352
v 2.54720433 -3.77066517 19.07835915
v 2.10570736 -1.22210389 17.18303992
v 1.87954328 -1.26160637 16.82034894
v 1.65338063 -1.30113668 16.45766808
v 1.78666796 -3.99245066 17.17584466
v 2.01283188 -3.95294312 17.53853563
v 1.56050594 -4.03198097 16.81317139
v 1.704515 -3.91791191 17.7269815
v 1.47835077 -3.95744981 17.36429052
v 1.25218946 -3.99698012 17.00161346
v 1.57122609 -1.22660552 17.00879228
v 1.7973908 -1.18706382 17.37148325
v 1.34506376 -1.26614215 16.64611648
v 3.06147825 -1.0550844 18.71575547
v 2.96860245 -3.78593249 19.07125498
v 1.23198686 -1.28587568 16.46477352
v 1.13911217 -4.0167225 16.82027429
v 1.44742786 -4.05174612 16.63183602
v 1.54030223 -1.32090436 16.27633272
v 2.75316074 -1.02006837 18.90419754
v 2.66028526 -3.75091267 19.25969705
v 1.80405547 -3.90053294 17.88660581
v 1.89693047 -1.16969118 17.53110884
v 2.30365371 -3.90212205 18.00491081
v 2.39652887 -1.17128029 17.64941383
v 2.11237187 -3.93554897 17.69816248
v 2.2052475 -1.20470848 17.34266677
v 1.99533746 -3.86710855 18.19335161
v 2.08821263 -1.13626299 17.83785969
v 1.013861 -1.27775428 16.47035564
v 0.92098536 -4.00859477 16.82585768
v 1.55020268 -4.08004893 16.4412684
v 1.64307769 -1.34920591 16.08577395
v 1.41054106 -1.83107235 16.15882734
v 1.35102607 -3.58104772 16.38664283
v 1.43285435 -3.59033311 16.33662011
v 1.49237044 -1.8403666 16.10881094
v 1.02039456 -1.78675953 16.39729086
v 0.96088021 -3.53672478 16.62509876
v 1.04271062 -3.54602663 16.57508237
v 1.10222458 -1.79605125 16.34727067
v 1.17430984 -1.29596575 16.37228013
v 1.08143484 -4.02679866 16.72778091
v 1.3897525 -4.06182734 16.53933884
v 1.48262735 -1.33099064 16.18384313
v 0.53974549 -3.78564655 18.43888894
v 0.63261892 -1.05480226 18.08338943
v 1.02298556 -0.9865668 18.70940031
v 0.93011214 -3.71741109 19.06489728
v 0.86822014 -1.47535396 18.74960877
v 0.80870286 -3.22534957 18.977423
v 0.75793604 -3.23419973 18.89600782
v 0.81745284 -1.48422057 18.66819612
v 0.62616942 -1.51765255 18.36145159
v 0.56665412 -3.2676469 18.58926581
v 0.51588564 -3.27650719 18.5078519
v 0.57540315 -1.52652549 18.2800364
v 0.73216017 -1.03739799 18.24302513
v 0.63928651 -3.76824988 18.59851832
v 0.92344604 -1.0039483 18.5497684
v 0.83056914 -3.73480904 18.90526411
v 2.55750791 -3.72261871 19.45025076
v 2.6503826 -0.99176683 19.09475251
v 3.27960253 -1.06322985 18.71017588
v 3.1867261 -3.79407034 19.06567033
v 3.1191514 -1.04501078 18.80824506
v 3.23971132 -1.5350176 18.91091708
v 3.18019602 -3.28498538 19.13872878
v 3.09836553 -3.27569112 19.1887515
v 3.15788114 -1.52572081 18.96093348
v 3.02627592 -3.77585128 19.16374204
v 2.849563 -1.49070099 19.14937808
v 2.79004771 -3.24067762 19.37719104
v 2.70821785 -3.23138084 19.42720237
v 2.7677322 -1.48140926 19.19939194
v 2.81083452 -1.0099821 18.99668333
v 2.71796062 -3.74082259 19.35218411
v 3.56796763 -4.0170135 17.45263274
v 3.66084216 -1.286173 17.09713323
v 3.2704775 -1.35439202 16.47112615
v 3.17760075 -4.08523125 16.82662566
v 3.39188669 -1.8464004 16.55859538
v 3.33236918 -3.59639475 16.78640961
v 3.38313616 -3.5875332 16.8678172
v 3.44265272 -1.83753632 16.64001056
v 3.63393456 -1.80410433 16.94675256
v 3.574418 -3.55408477 17.17456806
v 3.62518562 -3.54522575 17.25597818
v 3.68470186 -1.79523519 17.02816521
v 3.56129838 -1.30355576 16.93750006
v 3.46842321 -4.03440511 17.29299957
v 3.27714106 -4.06784469 16.98625377
v 3.37001622 -1.3369966 16.63075426
v -1.67041087 -1.47708983 13.97228394
v -2.41126765 -1.4736029 13.97878461
v -1.67693795 -1.48251759 13.23143729
v -2.41779646 -1.47903066 13.23794048
v -2.43058777 -4.23438466 13.25825601
v -1.68973178 -4.23787665 13.25175787
v -1.68320407 -4.23244382 13.99260073
v -2.4240599 -4.22895943 13.99910013
v -1.66663042 -1.47394451 14.40150614
v -1.66285091 -1.4707878 14.83071948
v -1.67942346 -4.22929344 14.4218242
v -1.67564427 -4.226138 14.85103627
v -2.40748878 -1.47045379 14.40800428
v -2.40371022 -1.46730847 14.83721888
v -2.42028071 -4.22581158 14.42832233
v -2.41650215 -4.22265108 14.8575382
v -1.68071967 -1.48566291 12.80221889
v -1.68449997 -1.48882341 12.37300555
v -1.69351192 -4.24101691 12.82253821
v -1.6972908 -4.24416475 12.39331727
v -2.43436917 -4.23751986 12.82903634
v -2.43814994 -4.24068289 12.39982047
v -2.42157882 -1.48217978 12.80872461
v -2.4253558 -1.48533649 12.37950368
v -1.24771638 -1.48453561 13.22767455
v -0.8184915 -1.48656374 13.22390801
v -1.26050943 -4.23988327 13.24799007
v -0.83128501 -4.24190508 13.24422353
v -1.24118773 -1.47911164 13.96851361
v -1.25397998 -4.23445804 13.98883293
v -0.81196332 -1.48113092 13.96475213
v -0.82475762 -4.23647732 13.98506766
v -2.85328431 -4.22692496 14.00286794
v -3.28251031 -4.22490315 14.00663194
v -2.84049206 -1.4715773 13.98255115
v -3.26971679 -1.46956561 13.98631642
v -2.84701645 -1.47701265 13.24170323
v -2.8598106 -4.23236032 13.26202255
v -3.2762456 -1.47499337 13.24547356
v -3.28903438 -4.23033851 13.26578402
v -3.49712077 -4.22390111 14.00852217
v -3.48433137 -1.46855091 13.98820285
v -3.503648 -4.22932887 13.26767299
v -3.49085828 -1.47397487 13.24735367
v -1.68639114 -1.49038215 12.15840267
v -1.69918371 -4.24573615 12.1787182
v -2.44003986 -4.24225681 12.18521759
v -2.42724919 -1.48690661 12.16489828
v -1.66095894 -1.46921641 15.04532742
v -1.67375119 -4.22456661 15.06564421
v -2.40181746 -1.46573834 15.05182682
v -2.41461097 -4.2210898 15.07214487
v -0.60387985 -1.48757085 13.22202284
v -0.61667107 -4.24291979 13.24233963
v -0.6101432 -4.23749202 13.98318375
v -0.59735127 -1.48214562 13.96286697
v -2.42892306 -4.23300558 13.44716367
v -2.41613271 -1.47765285 13.42685068
v -1.6848672 -4.23381784 13.80368294
v -1.67207779 -1.47846132 13.78337248
v -1.68806407 -4.23648491 13.44066301
v -1.67527324 -1.48113471 13.42035128
v -2.42572429 -4.23033598 13.81018108
v -2.41293235 -1.47498957 13.78986935
v -1.24605215 -1.48316032 13.41658348
v -0.81682537 -1.48518086 13.41281821
v -1.25884282 -4.23851178 13.43690027
v -0.82962221 -4.24053359 13.43313626
v -1.25564468 -4.23584471 13.79991894
v -0.82642154 -4.23786146 13.79615493
v -1.24285275 -1.48049452 13.77960468
v -0.81362802 -1.48251 13.77583687
v -2.85494838 -4.2283167 13.81395141
v -3.28417311 -4.22629742 13.81771795
v -2.84215645 -1.47296397 13.79363715
v -3.27138307 -1.47093963 13.79740622
v -2.85814526 -4.23097365 13.45093021
v -3.28737094 -4.22895943 13.45469802
v -2.84535396 -1.47562724 13.43061469
v -3.27457837 -1.4736067 13.43438502
v -0.59901661 -1.48350952 13.77395297
v -0.61180791 -4.23886351 13.79426976
v -0.61500684 -4.24153817 13.43125236
v -0.60221467 -1.48619177 13.41093557
v -3.48919326 -1.47259959 13.4362664
v -3.50198362 -4.22794979 13.45658065
v -3.48599512 -1.46993378 13.7992838
v -3.49878611 -4.22528019 13.81959679
v -1.85555074 -1.47305506 14.4031661
v -1.8593304 -1.47620038 13.97394137
v -1.85176933 -1.46990595 14.83237185
v -1.87212344 -4.23155817 13.99425943
v -1.86834299 -4.22840526 14.42348162
v -1.86456127 -4.22524982 14.8526899
v -2.22235144 -1.47449235 13.97712465
v -2.21856909 -1.47134703 14.40634432
v -2.21478927 -1.46819791 14.83555892
v -2.23136166 -4.22669723 14.4266611
v -2.23514243 -4.22983748 13.99744017
v -2.227585 -4.22354432 14.85587571
v -1.86585763 -1.48162941 13.23309978
v -1.86963793 -1.48475955 12.80387632
v -1.8734176 -1.48791625 12.37466171
v -1.8824275 -4.24011354 12.82419057
v -1.87865004 -4.23698341 13.25341657
v -1.88621238 -4.24326645 12.39498103
v -2.24167124 -4.23525766 13.25659984
v -2.24544664 -4.23841563 12.82737512
v -2.24923089 -4.24157613 12.39816431
v -2.2326566 -1.48306922 12.80706086
v -2.22887804 -1.47990113 13.23628432
v -2.23643801 -1.48622973 12.37784878
v -1.84987784 -1.46833076 15.04698232
v -1.86267215 -4.22368855 15.0672991
v -2.23832792 -1.48777582 12.16324338
v -2.25112049 -4.24313487 12.1835627
v -1.88810403 -4.24484038 12.18038069
v -1.87530988 -1.48949651 12.1600601
v -2.21289841 -1.46662778 15.05016559
v -2.22569224 -4.22197292 15.07048365
v -2.24000433 -4.23388617 13.44550751
v -2.22721207 -1.47853723 13.42519325
v -1.87378799 -4.23292966 13.80534164
v -1.86099621 -1.47758326 13.78502991
v -1.87698471 -4.23559673 13.44232044
v -1.8641923 -1.48024653 13.42200745
v -2.23680397 -4.23122922 13.80852491
v -2.22401583 -1.47587016 13.78821066
v -2.42821233 -1.48770749 12.05544724
v -2.44100679 -4.24305896 12.0757653
v -1.7001467 -4.24653576 12.06925831
v -1.6873546 -1.49118303 12.04894405
v -1.87949726 -1.98587114 11.94909598
v -1.88769458 -3.75155539 11.96211882
v -1.79134419 -3.75200328 11.96126733
v -1.78314735 -1.986338 11.94824829
v -2.33886901 -1.98371522 11.95313201
v -2.34706316 -3.74938049 11.96614978
v -2.25071372 -3.74984356 11.96530209
v -2.24251641 -1.98416816 11.95228052
v -2.23929264 -1.48858555 12.05378349
v -2.25208616 -4.24393196 12.07410281
v -1.88906607 -4.24564758 12.070917
v -1.87627303 -1.49030498 12.05060274
v -3.61309872 -4.22882025 13.26863075
v -3.60030963 -1.47347258 13.2483127
v -3.59378019 -1.46802584 13.98916188
v -3.60657402 -4.22337225 14.00947614
v -3.70205173 -1.9630138 13.90116633
v -3.71025157 -3.72871704 13.9141879
v -3.71110179 -3.72939899 13.81783815
v -3.70290321 -1.96371853 13.80481784
v -3.70610167 -1.96637927 13.44180044
v -3.71430152 -3.73208124 13.45482074
v -3.71515206 -3.7327771 13.35847225
v -3.70695031 -1.96708906 13.34545195
v -3.59864778 -1.47208338 13.43723049
v -3.61143718 -4.22743611 13.45754348
v -3.59544679 -1.46939733 13.80024916
v -3.60823809 -4.22475892 13.82056341
v -2.41364182 -4.22029525 15.18158958
v -2.40085432 -1.46493366 15.16128038
v -1.65999453 -1.46842059 15.15478098
v -1.67278647 -4.22376952 15.17509397
v -1.84891311 -1.46753621 15.15643841
v -1.75393374 -1.96201808 15.2643927
v -1.7621328 -3.72768589 15.277413
v -1.85848429 -3.72723421 15.27826323
v -1.85028255 -1.96155754 15.26523786
v -1.86170647 -4.2228864 15.17675646
v -2.21330517 -1.95984571 15.26842493
v -2.22150375 -3.7255325 15.28144777
v -2.31785161 -3.72506563 15.2822866
v -2.30965271 -1.95939656 15.26926883
v -2.21193431 -1.46581552 15.15961789
v -2.22472815 -4.22116065 15.17994101
v -0.50069264 -4.23799811 13.98222599
v -0.48789944 -1.4826555 13.96191046
v -0.4944243 -1.48808706 13.22106507
v -0.50722011 -4.24343346 13.24138186
v -0.39074849 -1.98269166 13.31635711
v -0.39894755 -3.7483873 13.32937615
v -0.39809653 -3.74769396 13.42572085
v -0.38990175 -1.98199579 13.4127056
v -0.38670131 -1.97932493 13.77571921
v -0.39490045 -3.74501298 13.78874078
v -0.39405086 -3.74431458 13.88508674
v -0.38585346 -1.97861514 13.87206643
v -0.48956431 -1.48402319 13.77299394
v -0.50235766 -4.23937972 13.7933082
v -0.50555557 -4.24205185 13.43029079
v -0.49276229 -1.48670038 13.40997274
v 1.20326614 -1.60480421 12.13381832
v 0.46274468 -1.59673215 12.15587351
v 1.18122716 -1.60324926 11.39325507
v 0.4407038 -1.595181 11.41531153
v 0.41055876 -4.35047427 11.41045185
v 1.1510795 -4.35854126 11.38839792
v 1.17311904 -4.36008988 12.12896117
v 0.43259853 -4.35203301 12.15101383
v 1.21603379 -1.60569998 12.5628811
v 1.22880003 -1.60658942 12.99192997
v 1.18588685 -4.36098059 12.55802015
v 1.19865333 -4.3618713 12.98707155
v 0.47551072 -1.59763172 12.58493123
v 0.4882766 -1.59853255 13.01398136
v 0.44536492 -4.35292372 12.58007281
v 0.4581308 -4.35380937 13.009128
v 1.16845807 -1.60234843 10.96419862
v 1.15569089 -1.60146405 10.53514786
v 1.1383124 -4.35763537 10.95934273
v 1.1255468 -4.35674466 10.53028501
v 0.39779039 -4.34956837 10.98139413
v 0.38502285 -4.34868272 10.55234084
v 0.4279344 -1.59429662 10.98625761
v 0.41517082 -1.59340338 10.55720052
v 1.61025443 -1.6079179 11.38048149
v 2.03928463 -1.61259159 11.3677041
v 1.58010805 -4.36319725 11.37562054
v 2.0091373 -4.36787853 11.36284442
v 1.63229475 -1.60947664 12.12104094
v 1.602149 -4.36475599 12.11618379
v 2.0613248 -1.61414401 12.10826608
v 2.03117699 -4.36942209 12.1034064
v 0.00356873 -4.3473416 12.16379248
v -0.42546317 -4.34267043 12.17656733
v 0.03371444 -1.59206225 12.1686509
v -0.39531591 -1.58739362 12.18142702
v 0.01167886 -1.59051996 11.42808512
v -0.01846965 -4.34579804 11.42322797
v -0.41735655 -1.58584499 11.4408663
v -0.44749883 -4.34112561 11.43600029
v -0.63997597 -4.34034371 12.18296299
v -0.60983433 -1.58505297 12.18781887
v -0.66201495 -4.33879002 11.44239341
v -0.63187244 -1.58350435 11.44725056
v 1.14930663 -1.60100098 10.32062533
v 1.11916048 -4.35628918 10.31576628
v 0.37863958 -4.34823737 10.3378183
v 0.4087839 -1.59295549 10.34267546
v 1.23518532 -1.60704111 13.20645819
v 1.20503949 -4.36231666 13.20159978
v 0.4946624 -1.59898423 13.22850832
v 0.46451558 -4.35426484 13.2236499
v 2.2537991 -1.61492465 11.36131351
v 2.22365445 -4.37021665 11.35645383
v 2.2456943 -4.37176021 12.09701581
v 2.27583974 -1.61648086 12.10187549
v 0.41617915 -4.35088419 11.5992874
v 0.44632281 -1.59558713 11.60414961
v 1.16750054 -4.35968501 11.9401155
v 1.19764385 -1.60438922 11.94498151
v 1.15670259 -4.35892589 11.57723347
v 1.18684715 -1.60364274 11.58209695
v 0.42697857 -4.35162814 11.96216563
v 0.45712405 -1.5963412 11.96703164
v 1.61587403 -1.60832024 11.56931957
v 2.04490629 -1.61299014 11.55654218
v 1.58572939 -4.36360211 11.56445862
v 2.01475563 -4.36827834 11.55168376
v 1.59652861 -4.36436124 11.92734064
v 2.0255577 -4.36902229 11.91456579
v 1.62667468 -1.6090781 11.93220286
v 2.05570456 -1.61374547 11.91942294
v -0.00205102 -4.34695697 11.97494681
v -0.4310815 -4.34228454 11.98772546
v 0.02809496 -1.5916675 11.97981029
v -0.40093773 -1.58699128 11.99258894
v -0.01284859 -4.34619278 11.61206352
v -0.44188025 -4.34152794 11.62484217
v 0.01729668 -1.59090838 11.6169232
v -0.41173434 -1.58623974 11.62970311
v 2.27021856 -1.61606713 11.91303362
v 2.2400736 -4.37135534 11.9081752
v 2.22927374 -4.37060633 11.54529697
v 2.25941981 -1.61532698 11.55015286
v -0.62625166 -1.58391048 11.63609244
v -0.65639543 -4.33919236 11.63122896
v -0.61545251 -1.58466202 11.99897067
v -0.64559684 -4.33994137 11.99410972
v 1.02719896 -1.60364274 12.56850497
v 1.01443177 -1.60274697 12.13944472
v 1.03996725 -1.60453851 12.99754625
v 0.98428523 -4.35803518 12.13458504
v 0.99705233 -4.35892589 12.56364403
v 1.00982141 -4.35981154 12.99269162
v 0.65157541 -1.59878939 12.15024711
v 0.66434476 -1.59969022 12.57930357
v 0.67711124 -1.60058599 13.00835622
v 0.63419822 -4.35497842 12.57444641
v 0.6214308 -4.35407759 12.14538869
v 0.64696248 -4.35586407 13.00350034
v 0.99239248 -1.60119076 11.39888401
v 0.97962529 -1.60027222 10.96982123
v 0.96685921 -1.59938657 10.54077047
v 0.94948215 -4.35557054 10.96496154
v 0.96224696 -4.3564815 11.39402306
v 0.93671054 -4.35467983 10.53591458
v 0.59938996 -4.35250873 11.40482924
v 0.5866274 -4.35162814 10.9757652
v 0.57385603 -4.35074249 10.54671886
v 0.61677138 -1.5963412 10.98062867
v 0.62953722 -1.59721799 11.40968892
v 0.60400316 -1.59546314 10.55157981
v 1.04635214 -1.6049826 13.21207827
v 1.01620394 -4.36027207 13.20721732
v 0.59761934 -1.59498869 10.33705412
v 0.56747291 -4.35027689 10.3321976
v 0.93032548 -4.35422942 10.32139584
v 0.96047329 -1.59895007 10.32625046
v 0.68349621 -1.60103894 13.22288192
v 0.65334777 -4.35631955 13.21802477
v 0.60501217 -4.35292372 11.59366353
v 0.63515816 -1.59763551 11.59852574
v 0.97866547 -4.35763031 11.94574063
v 1.00881083 -1.60234084 11.95060285
v 0.96786775 -4.35687118 11.58285734
v 0.99801397 -1.60158551 11.58771956
v 0.61581298 -4.35368284 11.95654429
v 0.64595561 -1.59839085 11.9614065
v 0.4055291 -1.59272396 10.23326491
v 0.37538078 -4.34800963 10.22840712
v 1.11590516 -4.35606145 10.2063475
v 1.14605115 -1.60076945 10.21121035
v 0.94867629 -2.0932953 10.11084671
v 0.92935838 -3.85893654 10.10773681
v 1.02566465 -3.85997781 10.10486162
v 1.04498215 -2.09435555 10.10797594
v 0.48951196 -2.08829518 10.12452619
v 0.47019765 -3.8539225 10.12141124
v 0.56650376 -3.85497895 10.1185411
v 0.58582166 -2.08934784 10.12165163
v 0.59436295 -1.59477107 10.22763661
v 0.56421558 -4.35004915 10.22277946
v 0.92707151 -4.35400168 10.21197327
v 0.95721821 -1.59872107 10.21683422
v -0.77141625 -4.33760579 11.44565133
v -0.74127461 -1.58232517 11.45050722
v -0.71923365 -1.58385355 12.19107553
v -0.74938019 -4.33913922 12.18621585
v -0.83251132 -2.07731313 12.10080259
v -0.8518316 -3.84297461 12.09769017
v -0.85469841 -3.84274308 12.00137711
v -0.83537908 -2.07710564 12.00449079
v -0.84617894 -2.07634398 11.64161003
v -0.86549858 -3.84200926 11.63849887
v -0.86836619 -3.84179797 11.54218834
v -0.84904512 -2.07615546 11.5452995
v -0.73565643 -1.58271106 11.63935542
v -0.76579918 -4.33800053 11.63449068
v -0.72485468 -1.58344742 12.00223492
v -0.75499932 -4.33874448 11.99737271
v 0.46777509 -4.35450776 13.33305413
v 0.49791756 -1.59920817 13.3379214
v 1.23844127 -1.60726631 13.31586621
v 1.20829575 -4.36254946 13.31100526
v 1.04960856 -1.60521414 13.32149135
v 1.14362962 -2.1012788 13.42286273
v 1.12431021 -3.86689979 13.41974904
v 1.02800189 -3.86585093 13.42262107
v 1.04732414 -2.10021981 13.4257297
v 1.01946163 -4.36049981 13.31663293
v 0.68446608 -2.09626476 13.43653715
v 0.6651473 -3.86191485 13.43342852
v 0.56884274 -3.86084448 13.43629043
v 0.58816238 -2.09522096 13.43940539
v 0.68675153 -1.60125655 13.33229247
v 0.65660439 -4.35654223 13.32743911
v 2.35509536 -4.37294445 12.09376295
v 2.38524206 -1.61767016 12.09862137
v 2.3632049 -1.61612027 11.35805685
v 2.33305567 -4.37140595 11.3531997
v 2.46565504 -2.11223427 11.44658633
v 2.44633571 -3.87789196 11.44347137
v 2.44920442 -3.87810578 11.53977938
v 2.46851964 -2.1124481 11.54289813
v 2.47932044 -2.11319584 11.90577383
v 2.46000112 -3.87884593 11.9026614
v 2.46286793 -3.87904836 11.99897194
v 2.48218568 -2.11339447 12.00208562
v 2.37962183 -1.61725643 11.90977822
v 2.34947418 -4.37254464 11.90491601
v 2.3386759 -4.37180069 11.54203778
v 2.36882229 -1.61651502 11.54689367
v 0.83147598 -1.2077336 -3.91143781
v 0.20119066 -1.21721511 -3.52211157
v 0.44204342 -1.18784572 -4.5414126
v -0.18824319 -1.19732723 -4.15208889
v -0.19713368 -3.9515691 -4.2335357
v 0.43315262 -3.94209265 -4.62285688
v 0.82258509 -3.96197421 -3.99288462
v 0.19229994 -3.97146331 -3.60356091
v 1.05710076 -1.21926222 -3.54644921
v 1.28271992 -1.23077313 -3.18146819
v 1.04821074 -3.97349524 -3.62789602
v 1.27382895 -3.98500867 -3.26291247
v 0.42681244 -1.22873614 -3.15712803
v 0.65243211 -1.24026222 -2.79214195
v 0.41792305 -3.9829818 -3.23857484
v 0.64354269 -3.99449524 -2.87358876
v 0.21642059 -1.17632216 -4.90639361
v -0.00920102 -1.16481505 -5.27138222
v 0.20753033 -3.9305615 -4.98784296
v -0.01809199 -3.91904048 -5.35283156
v -0.42275632 -3.94003036 -4.59852178
v -0.64837809 -3.92852704 -4.96350785
v -0.41386567 -1.18580746 -4.51706737
v -0.63948634 -1.17429276 -4.88205851
v 0.80720596 -1.18235217 -4.76696969
v 1.17236956 -1.17686494 -4.9925293
v 0.7983146 -3.93658645 -4.8484165
v 1.16347835 -3.93109795 -5.07397865
v 1.19663808 -1.20224384 -4.13699743
v 1.18774767 -3.95648065 -4.21844424
v 1.56180295 -1.19675535 -4.36255452
v 1.5529115 -3.9509871 -4.4439988
v -0.17286255 -3.97694168 -3.3780013
v -0.53802639 -3.98243017 -3.15244421
v -0.16397261 -1.22270487 -3.29655195
v -0.52913526 -1.22820348 -3.07099487
v -0.55340331 -1.20282078 -3.92652674
v -0.56229507 -3.95705506 -4.00797861
v -0.91856873 -1.20831307 -3.70096965
v -0.9274597 -3.96254355 -3.78242153
v -0.72060672 -3.98518074 -3.03965807
v -0.71171765 -1.23094646 -2.95821126
v -1.11004082 -3.9652916 -3.66963792
v -1.10115207 -1.21104846 -3.58819111
v -0.12200969 -1.15904062 -5.45386387
v -0.13090074 -3.91328123 -5.53531574
v -0.76118574 -3.92276273 -5.14599456
v -0.75229683 -1.16852972 -5.06454522
v 1.39553168 -1.23653491 -2.99897389
v 1.38664166 -3.99077298 -3.08042576
v 0.76524288 -1.2460278 -2.60965524
v 0.75635302 -4.00025702 -2.69109952
v 1.35495092 -1.17411816 -5.10531038
v 1.34606075 -3.92835497 -5.18675719
v 1.73549437 -3.94824918 -4.55678493
v 1.74438439 -1.19401237 -4.47533559
v -0.097831 -3.95664513 -4.07289669
v -0.08894051 -1.20240326 -3.99144481
v 0.72328028 -3.95689818 -4.15353123
v 0.73217116 -1.20265124 -4.0720743
v 0.53245518 -3.94715604 -4.46222293
v 0.54134666 -1.19291796 -4.38076852
v 0.09299385 -3.96638474 -3.76420752
v 0.10188593 -1.21214793 -3.68275312
v 0.90650809 -1.18743579 -4.60633067
v 1.27167232 -1.18194224 -4.83189029
v 0.89761846 -3.94167007 -4.68778001
v 1.26278017 -3.93617652 -4.91333457
v 1.08844309 -3.95140968 -4.37908832
v 1.453607 -3.94591107 -4.60464541
v 1.0973339 -1.19717287 -4.29763645
v 1.46249797 -1.19167552 -4.52319606
v -0.27216752 -3.97187323 -3.53864537
v -0.63733128 -3.97736679 -3.31308576
v -0.26327672 -1.21763263 -3.4571935
v -0.62844055 -1.22312239 -3.23162882
v -0.46299246 -3.96212603 -3.8473396
v -0.82815567 -3.96762212 -3.62177745
v -0.4541026 -1.20789175 -3.76589025
v -0.81926612 -1.21338531 -3.54032558
v 1.64507831 -1.18892115 -4.63597461
v 1.63618829 -3.94316302 -4.71742901
v 1.44536303 -3.93343101 -5.02611818
v 1.45425368 -1.17919926 -4.94466883
v -1.00184868 -1.21613208 -3.42754956
v -1.01073838 -3.9703651 -3.50899891
v -0.81102326 -1.22587296 -3.11885534
v -0.81991407 -3.98010471 -3.20030974
v 0.89637729 -1.22167878 -3.44717048
v 0.67075236 -1.21015269 -3.81215909
v 1.12199574 -1.23319854 -3.08218947
v 0.66186186 -3.96439836 -3.8936059
v 0.88748585 -3.97591432 -3.5286173
v 1.11310564 -3.98742523 -3.16363881
v 0.36191172 -1.21479855 -3.62139029
v 0.58753571 -1.22632084 -3.25640422
v 0.81315436 -1.23784187 -2.89142574
v 0.57864486 -3.98056019 -3.33785103
v 0.35302198 -3.96903157 -3.70283964
v 0.80426457 -3.99207615 -2.97286749
v 0.28132039 -1.19026607 -4.44212882
v 0.05569692 -1.1787248 -4.80711995
v -0.16992393 -1.16721263 -5.1721035
v 0.04680698 -3.93296288 -4.88857182
v 0.27243077 -3.94450162 -4.52358069
v -0.17881474 -3.92145197 -5.25355031
v -0.03641053 -3.9491323 -4.33281442
v -0.26203396 -3.93762139 -4.69780303
v -0.48765423 -3.92611302 -5.06278151
v -0.25314291 -1.18338711 -4.61635369
v -0.02751889 -1.19488537 -4.25136002
v -0.47876358 -1.17188126 -4.98133217
v 1.23480758 -1.23895526 -2.89970023
v 1.22591637 -3.99320219 -2.98114451
v -0.59157178 -1.16609418 -5.16382141
v -0.60046132 -3.92033605 -5.24526822
v -0.29162183 -3.91568513 -5.43603196
v -0.28273213 -1.16145971 -5.35459021
v 0.92596698 -1.24360492 -2.70893143
v 0.91707522 -3.99784046 -2.79037825
v 0.06289199 -3.95421592 -4.17217794
v 0.0717841 -1.19998417 -4.0907286
v 0.56255625 -3.9593122 -4.05424998
v 0.57144734 -1.20508045 -3.97280064
v 0.37173199 -3.94957512 -4.3629442
v 0.3806228 -1.19533452 -4.28149486
v 0.25371827 -3.96396565 -3.86348371
v 0.26260742 -1.20972378 -3.78202931
v -0.80983143 -1.16559316 -5.15762187
v -0.81872303 -3.91982744 -5.23906362
v -0.18843779 -3.91033834 -5.62839239
v -0.17954659 -1.15610026 -5.54694305
v -0.3971413 -1.65030126 -5.55171037
v -0.40283729 -3.41527067 -5.6039004
v -0.32087031 -3.41403203 -5.65453675
v -0.31517345 -1.64908033 -5.60234419
v -0.78794989 -1.65618197 -5.31030523
v -0.79364572 -3.42113493 -5.36250032
v -0.71167622 -3.41991274 -5.41313414
v -0.70598078 -1.65494839 -5.36093905
v -0.6491101 -1.16316268 -5.25690059
v -0.65800178 -3.9173957 -5.33834487
v -0.34916047 -3.9127549 -5.5291162
v -0.34026887 -1.15852821 -5.44766433
v -1.20315638 -3.96669598 -3.61211881
v -1.19426747 -1.2124655 -3.530672
v -0.80483416 -1.23233693 -2.90069468
v -0.8137237 -3.98656742 -2.9821415
v -0.94455288 -1.72580031 -2.93877506
v -0.95025045 -3.49078996 -2.99096762
v -1.00089755 -3.4881773 -3.07289522
v -0.99519919 -1.72321042 -3.02070012
v -1.18602476 -1.71346702 -3.32939435
v -1.19172059 -3.47845161 -3.38158691
v -1.24236785 -3.47585792 -3.46351197
v -1.23666997 -1.71088219 -3.41132447
v -1.09496423 -1.21753014 -3.37002539
v -1.10385425 -3.97176696 -3.45147727
v -0.90413581 -1.22724824 -3.0613337
v -0.91302789 -3.98149897 -3.1427881
v 0.81388778 -4.00321256 -2.598033
v 0.82277828 -1.24896056 -2.51658365
v 1.45306755 -1.23948032 -2.9059023
v 1.444175 -3.99371587 -2.98735417
v 1.29234416 -1.24190194 -2.80662611
v 1.42799119 -1.73809312 -2.78247066
v 1.42229393 -3.50304481 -2.8346607
v 1.34032411 -3.50428219 -2.78402435
v 1.346022 -1.73931785 -2.73183685
v 1.28345248 -3.99614002 -2.88807292
v 1.03718014 -1.74396244 -2.54106805
v 1.03148423 -3.50893691 -2.59325555
v 0.94951457 -3.51015531 -2.54262679
v 0.95521143 -1.74519729 -2.49043676
v 0.98350206 -1.24653641 -2.61585984
v 0.97461204 -4.00076817 -2.69730413
v 1.82861119 -3.94683467 -4.61429898
v 1.83750184 -1.19260672 -4.53284964
v 1.44806917 -1.1727201 -5.16282696
v 1.43917678 -3.92695312 -5.24427377
v 1.58459528 -1.66844442 -5.15400083
v 1.57889676 -3.4334328 -5.20619339
v 1.62954276 -3.43602775 -5.12427086
v 1.63524017 -1.6710419 -5.07207071
v 1.82606448 -1.68077898 -4.76338154
v 1.82036627 -3.44575218 -4.8155741
v 1.8710129 -3.44834966 -4.73364651
v 1.87670968 -1.68336507 -4.68145395
v 1.73819513 -1.1875193 -4.69349371
v 1.72930353 -3.94176117 -4.77494306
v 1.53847954 -3.93202915 -5.08363728
v 1.54737019 -1.17778981 -5.00219047
v -0.19077986 -1.2077336 -0.73454146
v -0.61972806 -1.21721511 -0.13052631
v -0.79477572 -1.18784572 -1.16316458
v -1.22372526 -1.19732723 -0.55914753
v -1.26362881 -3.9515691 -0.63070861
v -0.83467737 -3.94209265 -1.23472186
v -0.23068104 -3.96197421 -0.80609684
v -0.65963177 -3.97146331 -0.20208802
v 0.15915697 -1.21926222 -0.48620928
v 0.50908456 -1.23077313 -0.23788911
v 0.11925473 -3.97349524 -0.55776782
v 0.46918181 -3.98500867 -0.30944702
v -0.26979762 -1.22873614 0.11779701
v 0.0801336 -1.24026222 0.36612982
v -0.30969738 -3.9829818 0.04624289
v 0.04023131 -3.99449524 0.29456875
v -1.14470734 -1.17632216 -1.41148601
v -1.49463896 -1.16481505 -1.65981946
v -1.18460962 -3.9305615 -1.48304898
v -1.53454567 -3.91904048 -1.73138496
v -1.61356091 -3.94003036 -0.87903193
v -1.96349332 -3.92852704 -1.12736222
v -1.5736572 -1.18580746 -0.80747466
v -1.92358898 -1.17429276 -1.05579988
v -0.54625834 -1.18235217 -1.51310032
v -0.29774135 -1.17686494 -1.86304807
v -0.58616125 -3.93658645 -1.58466582
v -0.33764466 -3.93109795 -1.93460851
v 0.05773557 -1.20224384 -1.08449175
v 0.01783274 -3.95648065 -1.15604776
v 0.30625499 -1.19675535 -1.43442938
v 0.26635213 -3.9509871 -1.50598729
v -0.90814844 -3.97694168 0.14785467
v -1.15666566 -3.98243017 0.49780116
v -0.86824536 -1.22270487 0.21941764
v -1.1167629 -1.22820348 0.56935843
v -1.47223995 -1.20282078 -0.20920421
v -1.51214382 -3.95705506 -0.28076148
v -1.72075812 -1.20831307 0.14074038
v -1.76066278 -3.96254355 0.06917741
v -1.28092095 -3.98518074 0.6727782
v -1.24102009 -1.23094646 0.74433231
v -1.8849206 -3.9652916 0.24415002
v -1.84501816 -1.21104846 0.31571299
v -1.66960082 -1.15904062 -1.78397733
v -1.70950532 -3.91328123 -1.85553271
v -2.13845391 -3.92276273 -1.25152199
v -2.098551 -1.16852972 -1.17996155
v 0.6840499 -1.23653491 -0.11372998
v 0.64414683 -3.99077298 -0.18528915
v 0.25509881 -1.2460278 0.49028896
v 0.21519578 -4.00025702 0.41873358
v -0.17348424 -1.17411816 -2.03802701
v -0.21338613 -3.92835497 -2.10957986
v 0.39061031 -3.94824918 -1.68096117
v 0.43051386 -1.19401237 -1.60940073
v -1.10961476 -3.95664513 -0.5214094
v -1.06970995 -1.20240326 -0.44984833
v -0.38470125 -3.95689818 -0.91539858
v -0.34479517 -1.20265124 -0.84383561
v -0.68066467 -3.94715604 -1.12543214
v -0.64075867 -1.19291796 -1.05386727
v -0.81365301 -3.96638474 -0.31138533
v -0.77374535 -1.21214793 -0.23981983
v -0.39224303 -1.18743579 -1.40380743
v -0.14372628 -1.18194224 -1.75375645
v -0.43214657 -3.94167007 -1.47536914
v -0.18362967 -3.93617652 -1.82531183
v -0.13618506 -3.95140968 -1.26534697
v 0.11233421 -3.94591107 -1.61528397
v -0.09628119 -1.19717287 -1.1937859
v 0.15223689 -1.19167552 -1.54372859
v -1.0621677 -3.97187323 0.03855356
v -1.31068413 -3.97736679 0.38850258
v -1.0222613 -1.21763263 0.11012096
v -1.27077805 -1.22312239 0.46006871
v -1.35812898 -3.96212603 -0.1714686
v -1.60664573 -3.96762212 0.17847472
v -1.31822606 -1.20789175 -0.09990373
v -1.56674186 -1.21338531 0.25004401
v 0.27649258 -1.18892115 -1.71869994
v 0.23659021 -3.94316302 -1.79026038
v -0.05937137 -3.93343101 -2.00028824
v -0.01946775 -1.17919926 -1.9287278
v -1.69100174 -1.21613208 0.4250103
v -1.73090371 -3.9703651 0.35344796
v -1.39503983 -1.22587296 0.6350369
v -1.43494559 -3.98010471 0.56347393
v 0.04977442 -1.22167878 -0.33219049
v -0.30016131 -1.21015269 -0.58051888
v 0.39970059 -1.23319854 -0.083864
v -0.34006478 -3.96439836 -0.65207489
v 0.00987044 -3.97591432 -0.40374713
v 0.35979826 -3.98742523 -0.15541874
v -0.51034788 -1.21479855 -0.284547
v -0.1604138 -1.22632084 -0.03622367
v 0.18951299 -1.23784187 0.21209901
v -0.20031656 -3.98056019 -0.10777905
v -0.55025008 -3.96903157 -0.35610934
v 0.1496126 -3.99207615 0.14054743
v -0.9041559 -1.19026607 -1.0091344
v -1.25409163 -1.1787248 -1.25747102
v -1.60402262 -1.16721263 -1.50579751
v -1.2939955 -3.93296288 -1.32902893
v -0.94405866 -3.94450162 -1.08069358
v -1.64392317 -3.92145197 -1.57734529
v -1.15424451 -3.9491323 -0.78472866
v -1.50418294 -3.93762139 -1.03306401
v -1.85410982 -3.92611302 -1.28138481
v -1.46427686 -1.18338711 -0.96150104
v -1.11434065 -1.19488537 -0.71316759
v -1.81420643 -1.17188126 -1.20982943
v 0.57466715 -1.23895526 0.04029956
v 0.53476396 -3.99320219 -0.03125581
v -1.98916797 -1.16609418 -1.33398476
v -2.02907025 -3.92033605 -1.40554584
v -1.8188817 -3.91568513 -1.70150822
v -1.77898274 -1.16145971 -1.62995285
v 0.36447999 -1.24360492 0.33626511
v 0.3245778 -3.99784046 0.2647072
v -1.00023268 -3.95421592 -0.67543894
v -0.96032708 -1.19998417 -0.60387787
v -0.49408388 -3.9593122 -0.76137473
v -0.45417947 -1.20508045 -0.68981429
v -0.79004667 -3.94957512 -0.97140323
v -0.75014249 -1.19533452 -0.89984469
v -0.70426935 -3.96396565 -0.46541171
v -0.66436398 -1.20972378 -0.39384621
v -2.18778836 -1.16559316 -1.24328925
v -2.22769033 -3.91982744 -1.31484462
v -1.79874442 -3.91033834 -1.91886926
v -1.75883834 -1.15610026 -1.84730629
v -1.96111773 -1.65030126 -1.76697034
v -1.98668436 -3.41527067 -1.81282418
v -1.93090428 -3.41403203 -1.89138378
v -1.90533465 -1.64908033 -1.84552487
v -2.22708587 -1.65618197 -1.39244582
v -2.25265456 -3.42113493 -1.43830599
v -2.19686974 -3.41991274 -1.516858
v -2.17130295 -1.65494839 -1.47100162
v -2.07840818 -1.16316268 -1.39731436
v -2.11831299 -3.9173957 -1.46887354
v -1.90812397 -3.9127549 -1.76483972
v -1.8682201 -1.15852821 -1.69327928
v -1.94828926 -3.96669598 0.33338991
v -1.90838856 -1.2124655 0.40494845
v -1.30439302 -1.23233693 0.83356904
v -1.34429388 -3.98656742 0.7620124
v -1.44791196 -1.72580031 0.85289706
v -1.47348271 -3.49078996 0.80704385
v -1.55203455 -3.4881773 0.75129478
v -1.52646207 -1.72321042 0.79715748
v -1.82242493 -1.71346702 0.58712835
v -1.84799188 -3.47845161 0.5412764
v -1.9265412 -3.47585792 0.48553682
v -1.9009714 -1.71088219 0.5313894
v -1.75437198 -1.21753014 0.51424639
v -1.79427458 -3.97176696 0.44268153
v -1.45840596 -1.22724824 0.72427616
v -1.4983114 -3.98149897 0.65271635
v 0.30442879 -4.00321256 0.48205242
v 0.34433337 -1.24896056 0.55361792
v 0.77328647 -1.23948032 -0.05039848
v 0.73338015 -3.99371587 -0.12196272
v 0.66390526 -1.24190194 0.10362789
v 0.79825173 -1.73809312 0.07305528
v 0.77268154 -3.50304481 0.02720081
v 0.71689846 -3.50428219 0.10576293
v 0.74246652 -1.73931785 0.15160982
v 0.6239995 -3.99614002 0.03206302
v 0.53228019 -1.74396244 0.44758043
v 0.50671272 -3.50893691 0.40172848
v 0.4509249 -3.51015531 0.48027606
v 0.47649553 -1.74519729 0.5261318
v 0.45371565 -1.24653641 0.39959027
v 0.41381435 -4.00076817 0.32803363
v 0.45398276 -3.94683467 -1.77019663
v 0.49388604 -1.19260672 -1.69863619
v -0.11010997 -1.1727201 -2.12726247
v -0.15001375 -3.92695312 -2.19881279
v 0.01907901 -1.66844442 -2.17228887
v -0.00649366 -3.4334328 -2.21814777
v 0.07205525 -3.43602775 -2.16240503
v 0.09762793 -1.6710419 -2.11654359
v 0.39358811 -1.68077898 -1.90652079
v 0.368018 -3.44575218 -1.9523721
v 0.44656648 -3.44834966 -1.89663947
v 0.47213718 -1.68336507 -1.85077804
v 0.33986559 -1.1875193 -1.8079354
v 0.29996148 -3.94176117 -1.87949584
v 0.00399921 -3.93202915 -2.08952623
v 0.04390146 -1.17778981 -2.01796833
v 3.12434699 -1.30617349 -0.52861225
v 2.49983302 -1.31565499 -0.13010183
v 2.72572998 -1.28628434 -1.1528202
v 2.10121522 -1.29576585 -0.75430852
v 2.09113274 -4.05001025 -0.83562122
v 2.7156475 -4.04053128 -1.23412784
v 3.11426483 -4.06041283 -0.60991736
v 2.48975197 -4.06990193 -0.21141453
v 3.35529515 -1.31770211 -0.16696824
v 3.58623699 -1.32921301 0.19466185
v 3.34521267 -4.07193639 -0.24827778
v 3.57615451 -4.0834473 0.11335548
v 2.73077786 -1.32717602 0.23153332
v 2.9617178 -1.33870211 0.59317986
v 2.72069696 -4.08142042 0.15023074
v 2.95163816 -4.09293133 0.51186969
v 2.4947853 -1.27476205 -1.51445916
v 2.26384299 -1.26325494 -1.87610254
v 2.4847044 -4.02900266 -1.59576679
v 2.25375972 -4.01748163 -1.95741524
v 1.8601879 -4.03846898 -1.19725701
v 1.62924369 -4.02696566 -1.55889596
v 1.87026943 -1.28424735 -1.11594241
v 1.63932586 -1.27273265 -1.47758326
v 3.08754828 -1.28079079 -1.38369941
v 3.44936974 -1.27530482 -1.61458304
v 3.07746769 -4.0350276 -1.46501211
v 3.43928789 -4.02953658 -1.69589827
v 3.48616846 -1.30068499 -0.75950348
v 3.47608503 -4.05492181 -0.84081238
v 3.84799023 -1.29519524 -0.99038522
v 3.83790585 -4.04942825 -1.07169032
v 2.12793288 -4.0753803 0.01946846
v 1.76611094 -4.08087132 0.25035589
v 2.13801235 -1.32114475 0.10078242
v 1.77619421 -1.3266421 0.33166036
v 1.73939676 -1.30125814 -0.52342551
v 1.72931159 -4.05549368 -0.60472809
v 1.37757435 -1.30675422 -0.29253808
v 1.36749235 -4.06098471 -0.37385142
v 1.58520211 -4.08361936 0.3658015
v 1.59528396 -1.32938508 0.44710724
v 1.18658225 -4.06373022 -0.2584096
v 1.19666259 -1.30948835 -0.17709437
v 2.14837255 -1.25748177 -2.05691158
v 2.13828849 -4.01171985 -2.13822428
v 1.5137742 -4.02120135 -1.73971006
v 1.52385605 -1.26697087 -1.65839989
v 3.7017098 -1.33497479 0.37547848
v 3.69162764 -4.08921414 0.29416958
v 3.07719156 -1.34446769 0.77399839
v 3.06710782 -4.09869817 0.69268569
v 3.63027968 -1.27255931 -1.73003118
v 3.62019846 -4.02679612 -1.81133629
v 4.01881769 -4.0466878 -1.18713467
v 4.02889859 -1.29245225 -1.1058245
v 2.19277678 -4.05508375 -0.67645111
v 2.20285926 -1.30084315 -0.59513588
v 3.01261794 -4.05533933 -0.76909885
v 3.02270169 -1.30109113 -0.68778173
v 2.81729407 -4.04559466 -1.07496469
v 2.82737592 -1.29135785 -0.99365136
v 2.38810144 -4.06482083 -0.37058717
v 2.39818582 -1.31058782 -0.28927194
v 3.18919327 -1.28587568 -1.2245312
v 3.55101662 -1.28038086 -1.45542179
v 3.17911205 -4.04011122 -1.30584453
v 3.54093319 -4.03461767 -1.5367269
v 3.3744413 -4.0498483 -0.99998565
v 3.73625992 -4.04434969 -1.23086549
v 3.38452094 -1.29561276 -0.91867232
v 3.74634272 -1.29011541 -1.14955469
v 2.02628583 -4.07031186 -0.1397029
v 1.66446311 -4.07580541 0.09118199
v 2.036368 -1.31607251 -0.05838577
v 1.67454606 -1.32156227 0.17249975
v 1.83095895 -4.06056719 -0.44556242
v 1.46913765 -4.06606327 -0.21468195
v 1.84103859 -1.30633164 -0.36424972
v 1.47921823 -1.31182519 -0.13336292
v 3.92725044 -1.2873623 -1.26499777
v 3.91716859 -4.04160418 -1.3463111
v 3.72184155 -4.03186963 -1.65216998
v 3.73192751 -1.27763788 -1.57085981
v 1.29830806 -1.31457197 -0.017923
v 1.28822787 -4.06880625 -0.09923823
v 1.49363517 -1.32431284 0.28793397
v 1.48355111 -4.07854586 0.20662381
v 3.19604471 -1.32011866 -0.06535267
v 2.96509655 -1.30859258 -0.42699226
v 3.4269837 -1.33163716 0.29628438
v 2.95501344 -4.06283698 -0.50830242
v 3.18595938 -4.07435295 -0.14665967
v 3.41689963 -4.08586638 0.21497927
v 2.65908268 -1.31323844 -0.2317212
v 2.89002957 -1.32476073 0.12991711
v 3.12097046 -1.33628176 0.49155037
v 2.87994646 -4.07900134 0.04861137
v 2.6490013 -4.06747272 -0.313032
v 3.11088861 -4.09051477 0.41024906
v 2.56647764 -1.28870596 -1.05119324
v 2.33553422 -1.27716342 -1.41284232
v 2.10459065 -1.26565252 -1.77448064
v 2.32545111 -4.03140403 -1.49415502
v 2.55639563 -4.04294024 -1.13250215
v 2.09450785 -4.01989059 -1.85578322
v 2.25038492 -4.04757092 -0.93723615
v 2.01943708 -4.03606001 -1.29888207
v 1.78849619 -4.02455417 -1.66051786
v 2.02952146 -1.281827 -1.21756557
v 2.26046772 -1.29332652 -0.85592282
v 1.79857947 -1.27032115 -1.57921022
v 3.54245683 -1.33739515 0.47710544
v 3.53237245 -4.09164081 0.3957959
v 1.6831095 -1.26453407 -1.76002432
v 1.6730286 -4.01877721 -1.84133449
v 1.97904073 -4.01412628 -2.03659732
v 1.98912226 -1.25989833 -1.95529221
v 3.23644327 -1.34204607 0.67237207
v 3.22636016 -4.09628161 0.59106632
v 2.35202833 -4.05265708 -0.77807238
v 2.36211271 -1.29842406 -0.69675904
v 2.85336592 -4.05775082 -0.66747569
v 2.86344872 -1.30351907 -0.58616426
v 2.65803983 -4.04801121 -0.97334027
v 2.66812326 -1.2937744 -0.892032
v 2.54735442 -4.06240428 -0.4722078
v 2.55743848 -1.30816367 -0.39089257
v 1.46496355 -1.26403051 -1.75062379
v 1.45488012 -4.01826606 -1.8319289
v 2.07939647 -4.00877696 -2.23045323
v 2.08948005 -1.25454015 -2.14914053
v 1.87183671 -1.74874115 -2.15071699
v 1.86537859 -3.51371056 -2.20282098
v 1.94659466 -3.51247318 -2.25465423
v 1.953055 -1.74751895 -2.20255023
v 1.4846063 -1.75462186 -1.90361586
v 1.4781477 -3.51957355 -1.95571985
v 1.55936709 -3.51835262 -2.00755056
v 1.5658249 -1.75338828 -1.95544657
v 1.62421321 -1.26160257 -1.85224821
v 1.6141293 -4.01583432 -1.93355838
v 1.92014428 -4.01119352 -2.12882628
v 1.93022755 -1.25696809 -2.04751611
v 1.09431968 -4.06513714 -0.19952723
v 1.10440011 -1.31090665 -0.11821895
v 1.50301863 -1.33077555 0.50598455
v 1.49293599 -4.08500604 0.42468198
v 1.36275729 -1.82423893 0.46995129
v 1.35629553 -3.58922985 0.41785362
v 1.30445557 -3.58661718 0.33666555
v 1.31091661 -1.82165031 0.38877587
v 1.1155891 -1.8119069 0.08291319
v 1.10913066 -3.57689149 0.03081109
v 1.05728935 -3.57429781 -0.05036116
v 1.06375056 -1.80932334 0.0017365
v 1.2060451 -1.31597003 0.0409562
v 1.1959642 -4.07020811 -0.04036282
v 1.40137443 -1.32568813 0.34682014
v 1.39128989 -4.07994013 0.26550744
v 3.12600126 -4.10165371 0.78490832
v 3.13608279 -1.34740171 0.86622355
v 3.76060198 -1.33792021 0.46770744
v 3.75051792 -4.09215702 0.38639221
v 3.60134996 -1.34034183 0.56932744
v 3.73733661 -1.83653174 0.59149144
v 3.73087581 -3.6014847 0.53939123
v 3.64965483 -3.60272334 0.59122511
v 3.65611754 -1.83775773 0.64332151
v 3.59126684 -4.09458117 0.4880141
v 3.35010367 -1.8423998 0.83859193
v 3.34364476 -3.6073768 0.78649426
v 3.26242284 -3.6085952 0.83832118
v 3.26888523 -1.84363844 0.89042518
v 3.29533514 -1.34497757 0.76459912
v 3.2852536 -4.09920679 0.68328769
v 4.11108492 -4.04527329 -1.24601135
v 4.12116519 -1.2910466 -1.16470055
v 3.72254881 -1.27116125 -1.7889066
v 3.7124619 -4.02539427 -1.87021171
v 3.85918863 -1.7668843 -1.78207951
v 3.85272529 -3.53187269 -1.83418351
v 3.90456454 -3.53446764 -1.75300998
v 3.91102567 -1.76948178 -1.70089333
v 4.10635113 -1.77921886 -1.39503698
v 4.09989 -3.54419207 -1.44713971
v 4.15173273 -3.54678828 -1.36596808
v 4.15819101 -1.78180622 -1.31385966
v 4.01951672 -1.28596045 -1.32387192
v 4.00943203 -4.04020232 -1.40518652
v 3.8141072 -4.03046777 -1.71104793
v 3.82419063 -1.27622843 -1.62974535
v 3.56635733 -1.54388674 14.63535797
v 2.85231358 -1.5073436 14.8295985
v 3.37167903 -1.54818846 13.92050764
v 2.6576318 -1.51164659 14.11475324
v 2.53072842 -4.26370217 14.16588049
v 3.24477438 -4.30024405 13.97163995
v 3.43945332 -4.29593726 14.68648522
v 2.72540862 -4.25940045 14.88072576
v 3.67914758 -1.54139554 15.04951654
v 3.79193656 -1.53889168 15.46366752
v 3.5522442 -4.29344733 15.10064632
v 3.6650316 -4.2909422 15.51479983
v 2.96510256 -1.50485872 15.24375455
v 3.07788869 -1.50235992 15.65791059
v 2.83819823 -4.25691557 15.29488559
v 2.95098784 -4.25440033 15.70903404
v 3.25888783 -1.55067081 13.50635666
v 3.1460979 -1.55318353 13.09219935
v 3.13198319 -4.30272134 13.55748517
v 3.01919642 -4.30522393 13.1433266
v 2.41793912 -4.26617946 13.75172318
v 2.30514966 -4.26868964 13.33756967
v 2.54484092 -1.51413653 13.70059973
v 2.43205446 -1.51664165 13.28644115
v 3.78536757 -1.56934282 13.80797581
v 4.19905517 -1.59052375 13.69544272
v 3.65846261 -4.32139335 13.85910559
v 4.07215401 -4.34256289 13.74656744
v 3.98004714 -1.56504743 14.52281855
v 3.8531425 -4.31709162 14.57395086
v 4.39373537 -1.58622076 14.41028545
v 4.26683231 -4.33826117 14.46141524
v 2.3117196 -4.23822585 14.99326391
v 1.89802947 -4.21705883 15.10579574
v 2.43862456 -1.48618038 14.94213539
v 2.02493285 -1.46502223 15.05467102
v 2.24394546 -1.49048843 14.22728507
v 2.11704034 -4.24253263 14.27841611
v 1.83025312 -1.46932142 14.33982448
v 1.70335022 -4.22136056 14.39095047
v 1.69118535 -4.20648419 15.16206987
v 1.81808731 -1.45442987 15.11093756
v 1.49650673 -4.21078844 14.44721575
v 1.62340869 -1.45873539 14.39608977
v 3.08970483 -1.55441711 12.88512955
v 2.96280114 -4.3064689 12.93625807
v 2.2487577 -4.2699422 13.13049481
v 2.37565918 -1.51788788 13.07937009
v 3.84833089 -1.53764165 15.67074617
v 3.72142909 -4.28969724 15.72187216
v 3.13428524 -1.50111622 15.86498418
v 3.0073806 -4.25315789 15.91611396
v 4.40589976 -1.60109967 13.63917238
v 4.27899765 -4.35315146 13.69029963
v 4.4736788 -4.34884973 14.40514489
v 4.60058281 -1.59680047 14.35401764
v 2.5803711 -4.2626065 14.34815844
v 2.707274 -1.51055344 14.29703499
v 3.38981079 -4.29702535 14.50419841
v 3.51671449 -1.54496976 14.45307748
v 3.29441849 -4.29913319 14.15391411
v 3.42132029 -1.5470852 14.10279318
v 2.67576672 -4.26049865 14.69843642
v 2.80266979 -1.50844813 14.64731549
v 3.83500852 -1.56826233 13.99025756
v 4.24869959 -1.58943061 13.87772067
v 3.70810514 -4.32031033 14.04138481
v 4.12179305 -4.3414824 13.92885172
v 3.80349997 -4.31819489 14.39166658
v 4.21718978 -4.33935684 14.27912969
v 3.93040304 -1.5661469 14.3405368
v 4.34409506 -1.58730758 14.22799738
v 2.26207675 -4.23933164 14.81097584
v 1.84838742 -4.21815704 14.92351019
v 2.38898061 -1.48727479 14.75984985
v 1.97528827 -1.46610652 14.87238927
v 2.16668287 -4.24143189 14.4606966
v 1.75299274 -4.22027248 14.57323222
v 2.29358593 -1.48939023 14.40956555
v 1.8798947 -1.46822069 14.5221075
v 4.55094028 -1.59788603 14.17173083
v 4.42403342 -4.34992769 14.22285935
v 4.32863922 -4.35205325 13.87258011
v 4.45554418 -1.60001032 13.82145286
v 1.67304916 -1.45764351 14.57837404
v 1.54614736 -4.20970036 14.62949876
v 1.76844431 -1.45552934 14.92865455
v 1.64154125 -4.20756974 14.97977674
v 3.49706605 -1.53206839 15.09905089
v 3.38427422 -1.53456212 14.68489105
v 3.60985345 -1.52957465 15.51319681
v 3.25737116 -4.2866253 14.73601577
v 3.37016204 -4.2841303 15.15017434
v 3.48295039 -4.28162265 15.56432659
v 3.03439416 -1.51666569 14.78006416
v 3.14718409 -1.51417448 15.19422273
v 3.25997149 -1.51167695 15.60837371
v 3.02028039 -4.26622248 15.24535125
v 2.90749109 -4.26871241 14.83119394
v 3.13306716 -4.26373001 15.65950729
v 3.18959592 -1.53886891 13.97004452
v 3.07680725 -1.5413424 13.55588341
v 2.96401827 -1.54384499 13.1417299
v 2.94990356 -4.29339419 13.60701067
v 3.06269222 -4.29091943 14.0211705
v 2.83711205 -4.29589425 13.19286601
v 2.71280931 -4.27300655 14.1163512
v 2.60002128 -4.27550661 13.70218883
v 2.48723166 -4.27801426 13.28803912
v 2.72692497 -1.52345735 13.65106032
v 2.83971554 -1.52094337 14.06522142
v 2.61413473 -1.525965 13.2369106
v 3.66624842 -1.52833474 15.72027546
v 3.53934314 -4.2803878 15.77140651
v 2.55774292 -1.52718467 13.0298408
v 2.43083796 -4.27924405 13.08096932
v 2.78071834 -4.29714428 12.98579495
v 2.90762331 -1.54509375 12.93466137
v 3.31636708 -1.51042819 15.8154511
v 3.18946244 -4.26248757 15.86657962
v 2.76245247 -4.27191593 14.29863168
v 2.88935616 -1.51986794 14.24750064
v 3.20772832 -4.28771338 14.55373149
v 3.33463265 -1.53567045 14.50260424
v 3.1123357 -4.28981617 14.20344972
v 3.23923939 -1.53777197 14.15232247
v 2.8578473 -4.26981315 14.64890839
v 2.984751 -1.5177601 14.59778114
v 2.34689821 -1.51852302 12.97375645
v 2.21999324 -4.27057481 13.02488623
v 2.9340381 -4.3071015 12.83063936
v 3.0609418 -1.55504845 12.77951211
v 2.82843775 -2.04055997 12.7367631
v 2.74711587 -3.80412499 12.76953211
v 2.83997775 -3.80886954 12.74426328
v 2.92130121 -2.04531337 12.71149807
v 2.38569422 -2.01790506 12.8572063
v 2.30437503 -3.78146249 12.88996899
v 2.39723628 -3.78621716 12.86470649
v 2.47855721 -2.02265467 12.83194
v 2.52897894 -1.52782739 12.9242183
v 2.4020743 -4.27987159 12.97535188
v 2.75195658 -4.29778448 12.88017245
v 2.87886027 -1.54573648 12.82904646
v 1.39101629 -4.20538851 14.47591331
v 1.51791856 -1.45334178 14.42478606
v 1.71259687 -1.44902108 15.13963638
v 1.58569586 -4.20107414 15.1907649
v 1.56413204 -1.93858001 15.08706806
v 1.48280796 -3.70217414 15.11983454
v 1.45748962 -3.70270932 15.02686796
v 1.53881292 -1.93914303 14.99410401
v 1.44341729 -1.94125467 14.64382224
v 1.36209511 -3.70483994 14.67659125
v 1.33677488 -3.70538778 14.58362721
v 1.4180988 -1.94181643 14.55085819
v 1.56755887 -1.45223093 14.60707413
v 1.44065707 -4.20429537 14.65819885
v 1.66295703 -1.45010031 14.95735211
v 1.53605302 -4.20216728 15.00848062
v 3.03614426 -4.25254299 16.02172128
v 3.16304669 -1.50047982 15.97059403
v 3.87709298 -1.5370141 15.77635982
v 3.75018865 -4.28906463 15.82748201
v 3.69501303 -1.52770467 15.82589037
v 3.79271783 -2.02604544 15.91127073
v 3.71139501 -3.78960287 15.94403595
v 3.61853249 -3.78485706 15.96930098
v 3.6998569 -2.02129457 15.93653197
v 3.56810712 -4.27975266 15.87701762
v 3.34997304 -2.00338295 16.0317114
v 3.26864863 -3.76695556 16.06447788
v 3.17578865 -3.76219836 16.08973533
v 3.25711084 -1.9986384 16.05697011
v 3.3451298 -1.50978925 15.92106348
v 3.21822547 -4.26183978 15.97219452
v 4.57916908 -4.35423954 14.37645366
v 4.70607689 -1.60219408 14.32531882
v 4.51139637 -1.60650086 13.61047608
v 4.38448793 -4.35854632 13.6616046
v 4.61428475 -2.10534772 13.68140139
v 4.53295876 -3.86893172 13.71416913
v 4.55827789 -3.86838009 13.80713318
v 4.63959913 -2.10479356 13.77437302
v 4.73499554 -2.10268065 14.12464594
v 4.65367146 -3.86624947 14.15741495
v 4.67899311 -3.86569784 14.25037647
v 4.76031625 -2.10212016 14.21760998
v 4.65643089 -1.60327583 14.14303454
v 4.52952719 -4.35533774 14.19416559
v 4.43413109 -4.35745824 13.84388508
v 4.56103605 -1.60540012 13.7927553
v 0.77766664 2.41660969 -6.13756339
v -1.7681443 2.38005643 -5.11015614
v 2.919714 2.3926026 -4.49997941
v 3.84202222 2.26055012 -1.97592024
v 0.41288982 2.30343387 -3.44543967
v -2.01175028 2.22930916 -2.00744428
v -2.39262822 2.06877959 0.87977525
v 0.62806632 2.11216263 -0.18481849
v 3.38442541 2.02731762 1.4571311
v 3.49050687 1.67994931 4.98943744
v 4.18185049 1.31949665 7.84332115
v 4.72992615 1.04460734 10.27963022
v 4.94241928 0.89805188 12.758898
v 4.79129752 0.92824476 15.35789636
v 4.45732971 1.1124063 17.93365971
v 4.03087011 1.3758777 20.20772231
v 0.47423928 1.8387106 3.15670228
v -1.29335356 1.4909836 6.35768196
v 1.41307899 1.46997095 6.62366971
v 2.07214727 1.16717673 9.62285004
v -0.46730423 1.193524 8.77689733
v 2.77728408 1.01284543 12.02574827
v 2.96079245 0.98577209 14.16674874
v 2.67457821 1.06114398 16.3895117
v 2.29319878 1.24432893 18.72095549
v -2.32359567 0.75131281 11.90915764
v -3.59519691 0.57728729 13.60412155
v 0.61900628 0.99816801 11.82051145
v 0.40222085 0.9799363 15.10602474
v 0.46483591 1.11757026 17.50307109
v -2.78064275 0.9123355 17.43699155
v -3.45727099 1.19429072 20.0823258
v -1.02025294 1.30256036 19.81891544
v -1.85251059 1.64432535 22.42178028
v -1.55829119 2.02168868 24.63116204
v 0.92299243 2.0853825 24.74999336
v 2.19050714 2.04355425 24.50494693
v 2.01290668 1.66577782 22.09320957
v 0.79791967 2.42437367 -6.23385368
v -1.87833453 2.38645176 -5.17580171
v 3.04613217 2.40587595 -4.55332964
v 4.01171669 2.28324614 -1.99044615
v 0.42222066 2.30710647 -3.42088822
v 1.95267195 2.24684565 -1.98083939
v -2.14435613 2.22796551 -1.9532704
v 0.12551935 2.16496376 -0.91401697
v -2.58334862 2.05464368 0.94016639
v 4.01305939 2.07672497 1.33822133
v 1.22922498 2.04366132 0.93684963
v -1.06081708 1.79531111 3.86598377
v 2.4589328 1.78857132 3.95940425
v 4.26531627 1.58221557 6.05126006
v 1.12316349 1.46043805 6.78128313
v -1.52572651 1.31870858 7.47412397
v 3.37650929 1.20621867 9.32002602
v 5.13287336 0.99143186 11.09909024
v 0.28965814 1.14409846 9.72380635
v -1.92616163 0.90328622 10.76305603
v -3.24923457 0.65793907 13.54232033
v -4.09528937 0.63033679 15.51714111
v 2.47438833 1.04874616 12.03387062
v -0.21528102 0.96760964 12.55995656
v 4.2238932 0.97653414 14.30810528
v 5.2289318 0.97716074 16.25615194
v 1.49567636 1.03173395 14.73457279
v 3.12099355 1.09684987 16.57702194
v 3.80533327 1.26692058 18.79008862
v 4.22203966 1.48239581 20.82398598
v -1.09423041 0.94475958 15.51383764
v 0.77953164 1.14785076 17.28421963
v -2.55847264 1.10102761 18.50601228
v -3.82821591 1.28575216 20.56638232
v -2.72684811 1.73554008 23.04466102
v -0.75978341 2.10749653 24.91476329
v 1.10113044 2.1827487 25.23401825
v -1.28285846 1.44072223 20.68899916
v 0.27922283 1.34865949 19.5245352
v 2.24834651 1.56263704 21.18828252
v 1.99460585 1.96018384 23.89488659
v -0.01507615 1.75597406 22.66746185
g Group32308
f 2 44 43 1
f 1 43 45 3
f 5 47 46 4
f 4 46 48 6
f 6 48 49 7
f 7 49 50 8
f 10 52 51 9
f 9 51 53 11
f 11 53 47 5
f 12 54 52 10
f 13 55 54 12
f 14 56 55 13
f 15 57 56 14
f 16 58 57 15
f 17 59 58 16
f 18 60 59 17
f 19 61 60 18
f 3 45 61 19
f 21 63 62 20
f 20 62 44 2
f 22 64 63 21
f 23 65 64 22
f 24 66 65 23
f 25 67 66 24
f 26 68 67 25
f 27 69 68 26
f 28 70 69 27
f 29 71 70 28
f 30 72 71 29
f 31 73 72 30
f 32 74 73 31
f 33 75 74 32
f 34 76 75 33
f 35 77 76 34
f 36 78 77 35
f 37 79 78 36
f 38 80 79 37
f 39 81 80 38
f 40 82 81 39
f 41 83 82 40
f 42 84 83 41
f 8 50 84 42
g Group32365
f 85 95 94 93
f 85 97 96 95
f 85 93 98 97
f 86 100 94 99
f 86 102 101 100
f 86 99 103 102
f 87 106 105 104
f 87 104 108 107
f 87 107 109 106
f 88 112 111 110
f 88 110 114 113
f 88 113 115 112
f 89 116 454 453
f 89 118 117 116
f 89 453 449 118
f 90 120 115 119
f 90 119 122 121
f 90 121 123 120
f 91 126 125 124
f 91 124 128 127
f 91 127 117 126
f 92 130 108 129
f 92 129 138 134
f 92 134 133 130
f 133 132 131 130
f 543 514 515 516
f 513 514 543 542
f 134 136 135 133
f 134 138 137 136
f 513 542 540 541
f 138 140 139 137
f 543 96 97 542
f 541 500 501 503
f 140 143 142 141
f 140 138 129 143
f 143 104 105 142
f 143 129 108 104
f 142 144 179 141
f 142 105 145 144
f 145 147 146 144
f 145 149 148 147
f 145 105 106 149
f 149 151 150 148
f 149 106 109 151
f 151 153 152 150
f 151 109 154 153
f 154 109 107 131
f 154 156 155 153
f 154 131 132 156
f 541 503 511 513
f 543 516 544 96
f 156 158 157 155
f 156 132 159 158
f 159 132 133 135
f 159 161 160 158
f 159 135 162 161
f 162 135 136 163
f 162 165 164 161
f 162 163 166 165
f 166 168 167 165
f 166 170 169 168
f 166 163 171 170
f 171 173 172 170
f 171 137 139 173
f 171 163 136 137
f 173 175 174 172
f 173 139 176 175
f 176 178 177 175
f 176 141 179 178
f 176 139 140 141
f 179 181 180 178
f 544 516 517 519
f 544 545 95 96
f 500 541 540 539
f 181 146 183 182
f 181 179 144 146
f 183 184 234 182
f 183 186 185 184
f 183 146 147 186
f 186 188 187 185
f 186 147 148 188
f 188 190 189 187
f 188 148 150 190
f 190 192 191 189
f 190 150 152 192
f 192 193 250 191
f 192 152 194 193
f 194 152 153 155
f 537 496 497 498
f 537 498 500 539
f 194 196 195 193
f 194 155 157 196
f 196 198 197 195
f 196 157 199 198
f 199 157 158 160
f 199 201 200 198
f 199 160 202 201
f 202 160 161 164
f 202 204 203 201
f 202 164 205 204
f 205 164 165 167
f 205 207 206 204
f 205 167 208 207
f 208 167 168 209
f 208 211 210 207
f 208 209 212 211
f 212 214 213 211
f 212 216 215 214
f 212 209 217 216
f 217 219 218 216
f 217 169 220 219
f 217 209 168 169
f 220 222 221 219
f 220 172 174 222
f 220 169 170 172
f 222 224 223 221
f 222 174 225 224
f 225 227 226 224
f 225 177 228 227
f 225 174 175 177
f 228 230 229 227
f 228 180 231 230
f 228 177 178 180
f 231 233 232 230
f 231 182 234 233
f 231 180 181 182
f 234 236 235 233
f 537 539 538 536
f 534 494 495 496
f 534 496 537 536
f 236 239 238 237
f 236 234 184 239
f 239 241 240 238
f 239 184 185 241
f 241 243 242 240
f 241 185 187 243
f 243 245 244 242
f 243 187 189 245
f 245 247 246 244
f 245 189 191 247
f 247 249 248 246
f 247 191 250 249
f 534 536 535 533
f 531 491 492 494
f 531 494 534 533
f 250 252 251 249
f 250 193 195 252
f 252 254 253 251
f 252 195 197 254
f 254 256 255 253
f 254 197 257 256
f 257 197 198 200
f 257 259 258 256
f 257 200 260 259
f 260 200 201 203
f 260 262 261 259
f 260 203 263 262
f 263 203 204 206
f 263 265 264 262
f 263 206 266 265
f 266 206 207 210
f 266 268 267 265
f 266 210 269 268
f 269 210 211 213
f 131 107 108 130
f 350 119 115 113
f 550 116 117 127
f 213 271 270 269
f 213 214 272 271
f 272 110 111 271
f 272 273 114 110
f 272 214 215 273
f 215 275 274 273
f 550 127 128 385
f 457 454 116 550
f 457 550 385 387
f 275 218 277 276
f 275 215 216 218
f 277 279 278 276
f 277 221 223 279
f 277 218 219 221
f 279 281 280 278
f 279 223 282 281
f 282 284 283 281
f 282 226 285 284
f 282 223 224 226
f 285 287 286 284
f 285 229 288 287
f 285 226 227 229
f 288 290 289 287
f 288 232 291 290
f 288 229 230 232
f 291 293 292 290
f 291 235 294 293
f 291 232 233 235
f 294 296 295 293
f 294 237 297 296
f 294 235 236 237
f 297 299 298 296
f 531 533 532 529
f 530 486 488 491
f 297 301 300 299
f 297 237 238 301
f 301 303 302 300
f 301 238 240 303
f 303 305 304 302
f 303 240 242 305
f 305 307 306 304
f 305 242 244 307
f 307 309 308 306
f 307 244 246 309
f 309 311 310 308
f 309 246 248 311
f 530 491 531 529
f 528 484 486 530
f 311 313 312 310
f 311 248 314 313
f 314 248 249 251
f 314 316 315 313
f 314 251 253 316
f 316 318 317 315
f 316 253 255 318
f 318 320 319 317
f 318 255 321 320
f 321 255 256 258
f 321 323 322 320
f 321 258 324 323
f 324 258 259 261
f 324 326 325 323
f 324 261 327 326
f 327 261 262 264
f 327 329 328 326
f 327 264 330 329
f 330 264 265 267
f 457 387 389 456
f 528 530 529 527
f 526 482 484 528
f 267 332 331 330
f 267 268 333 332
f 333 268 269 270
f 333 335 334 332
f 333 270 336 335
f 336 270 271 111
f 336 338 337 335
f 336 111 112 338
f 338 120 123 337
f 338 112 115 120
f 337 339 334 335
f 337 123 340 339
f 340 342 341 339
f 340 344 343 342
f 340 123 121 344
f 344 346 345 343
f 344 121 122 346
f 346 348 347 345
f 346 122 349 348
f 349 122 119 350
f 349 352 351 348
f 349 350 353 352
f 353 350 113 114
f 353 274 354 352
f 353 114 273 274
f 354 355 351 352
f 354 276 278 355
f 354 274 275 276
f 278 280 356 355
f 458 446 447 452
f 511 503 504 506
f 280 358 357 356
f 535 101 532 533
f 549 93 94 100
f 358 283 360 359
f 358 280 281 283
f 360 362 361 359
f 360 286 363 362
f 360 283 284 286
f 363 365 364 362
f 363 289 366 365
f 363 286 287 289
f 366 368 367 365
f 366 292 369 368
f 366 289 290 292
f 369 371 370 368
f 369 295 372 371
f 369 292 293 295
f 372 374 373 371
f 372 298 375 374
f 372 295 296 298
f 375 377 376 374
f 375 379 378 377
f 375 298 299 379
f 526 528 527 525
f 524 480 482 526
f 379 381 380 378
f 379 299 300 381
f 381 382 125 380
f 381 300 302 382
f 382 383 124 125
f 382 302 304 383
f 383 384 128 124
f 383 304 306 384
f 384 386 385 128
f 384 306 308 386
f 386 388 387 385
f 386 308 310 388
f 524 526 525 523
f 524 477 478 480
f 388 390 389 387
f 388 310 312 390
f 390 392 391 389
f 390 312 393 392
f 393 312 313 315
f 393 395 394 392
f 393 315 317 395
f 395 397 396 394
f 395 317 319 397
f 397 399 398 396
f 397 319 400 399
f 400 319 320 322
f 400 402 401 399
f 400 322 403 402
f 403 322 323 325
f 403 405 404 402
f 403 325 406 405
f 406 325 326 328
f 549 100 101 535
f 538 98 93 549
f 538 549 535 536
f 328 408 407 406
f 328 329 409 408
f 409 329 330 331
f 409 411 410 408
f 409 331 412 411
f 412 331 332 334
f 412 341 413 411
f 412 334 339 341
f 413 414 410 411
f 413 416 415 414
f 413 341 342 416
f 416 418 417 415
f 416 342 343 418
f 418 420 419 417
f 418 343 345 420
f 420 422 421 419
f 420 345 347 422
f 422 424 423 421
f 422 347 425 424
f 425 347 348 351
f 425 356 357 424
f 425 351 355 356
f 424 357 426 423
f 426 428 427 423
f 426 359 361 428
f 426 357 358 359
f 361 430 429 428
f 540 98 538 539
f 542 97 98 540
f 545 99 94 95
f 430 364 432 431
f 430 361 362 364
f 432 434 433 431
f 432 367 435 434
f 432 364 365 367
f 435 437 436 434
f 435 370 438 437
f 435 367 368 370
f 438 440 439 437
f 438 373 441 440
f 438 370 371 373
f 441 443 442 440
f 441 376 444 443
f 441 373 374 376
f 444 446 445 443
f 444 448 447 446
f 444 376 377 448
f 448 450 449 447
f 448 377 378 450
f 521 477 524 523
f 521 523 522 520
f 450 451 118 449
f 450 378 380 451
f 451 126 117 118
f 451 380 125 126
f 449 453 452 447
f 521 474 475 477
f 518 474 521 520
f 453 454 455 452
f 455 454 457 456
f 455 459 458 452
f 455 456 460 459
f 460 456 389 391
f 460 462 461 459
f 460 391 463 462
f 463 391 392 394
f 463 465 464 462
f 463 394 396 465
f 465 467 466 464
f 465 396 398 467
f 467 469 468 466
f 467 398 470 469
f 470 398 399 401
f 470 472 471 469
f 470 401 473 472
f 473 401 402 404
f 548 527 529 532
f 548 532 101 102
f 547 525 527 548
f 404 475 474 473
f 404 405 476 475
f 476 405 406 407
f 476 478 477 475
f 476 407 479 478
f 479 407 408 410
f 479 481 480 478
f 479 410 414 481
f 481 483 482 480
f 481 414 415 483
f 483 485 484 482
f 483 415 417 485
f 485 487 486 484
f 485 417 419 487
f 487 489 488 486
f 487 419 421 489
f 489 427 490 488
f 489 421 423 427
f 490 492 491 488
f 490 429 493 492
f 490 427 428 429
f 493 495 494 492
f 493 431 433 495
f 493 429 430 431
f 433 497 496 495
f 547 548 102 103
f 547 522 523 525
f 546 522 547 103
f 497 436 499 498
f 497 433 434 436
f 499 501 500 498
f 499 439 502 501
f 499 436 437 439
f 502 504 503 501
f 502 442 505 504
f 502 439 440 442
f 505 507 506 504
f 505 445 508 507
f 505 442 443 445
f 508 458 459 461
f 508 445 446 458
f 508 461 509 507
f 509 461 462 464
f 509 510 506 507
f 509 464 466 510
f 510 512 511 506
f 510 466 468 512
f 512 514 513 511
f 512 468 515 514
f 515 468 469 471
f 546 103 99 545
f 546 519 520 522
f 544 519 546 545
f 471 517 516 515
f 471 472 518 517
f 518 472 473 474
f 518 520 519 517
g Group32341
f 697 694 713 714
f 698 715 716 695
f 740 739 651 652
f 768 653 654 767
f 742 741 655 656
f 770 657 658 769
f 741 740 652 655
f 769 658 653 768
f 699 697 714 717
f 700 718 715 698
f 694 693 719 713
f 695 716 720 696
f 715 763 764 716
f 561 735 736 562
f 554 765 766 654
f 565 737 738 660
f 783 729 631 790
f 566 739 740 568
f 773 721 701 774
f 571 741 742 572
f 838 671 607 829
f 568 740 741 571
f 718 771 763 715
f 576 743 735 561
f 716 764 772 720
f 562 736 744 578
f 720 772 773
f 578 744 745 722
f 820 661 821
f 830 683 613 835
f 579 694 697
f 580 698 695
f 558 557 673 674
f 551 675 676 552
f 557 555 677 673
f 552 676 678 553
f 585 579 697 699
f 586 700 698 580
f 555 556 679 677
f 553 678 680 554
f 842 647 649 841
f 839 645 643 837
f 680 775 776
f 594 747 748 682
f 579 585 582 581
f 586 580 584 583
f 694 579 581 677
f 580 695 678 584
f 588 596 595 594
f 677 679 747 749
f 694 677 749 750
f 693 694 750 751
f 695 777 778 678
f 593 775 778 597
f 587 593 597 598
f 696 779 777 695
f 559 817 818 560
f 600 791 792
f 563 819 820 659
f 602 793 794 662
f 564 821 822 567
f 841 649 609 825
f 569 823 824 570
f 605 797 798 606
f 567 822 823 569
f 796 797 605
f 575 825 817 559
f 610 799 791 600
f 560 818 826 577
f 827 723 703 828
f 577 826 827 721
f 800 801 724
f 832 705 733 840
f 824 604 645 839
f 573 829 830 684
f 608 803 804 686
f 591 831 832 706
f 616 805 806 708
f 593 833 834 681
f 618 807 808 688
f 589 835 831 591
f 614 809 805 616
f 587 836 833 593
f 612 810 807 618
f 843 600 792 845
f 847 605 606 849
f 851 796 605 847
f 843 853 610 600
f 855 608 686 857
f 837 643 671 838
f 859 861 688 602
f 863 614 616 865
f 867 612 618 869
f 871 873 726 619
f 704 875 871 619
f 800 724 726 792
f 703 723 725 620
f 877 622 663 879
f 859 602 622 877
f 821 661 664 822
f 602 662 663 622
f 754 742 656 665
f 782 666 657 770
f 709 699 717 727
f 710 728 718 700
f 780 781 668
f 627 752 753 670
f 774 701 587 779
f 572 742 754 630
f 711 788 783 730
f 707 760 755 732
f 728 784 771 718
f 634 756 743 576
f 623 558 674 689
f 624 690 675 551
f 637 585 699 709
f 638 710 700 586
f 626 785 786 691
f 574 757 758 685
f 641 787 788 711
f 592 759 760 707
f 585 637 635 582
f 638 586 583 636
f 642 759 761 640
f 639 789 787 641
f 625 837 838 667
f 644 811 812 672
f 570 824 839 629
f 606 798 813 646
f 706 832 840 729
f 708 806 814 734
f 633 841 825 575
f 650 815 799 610
f 881 644 672 883
f 849 606 646 885
f 887 708 734 889
f 853 891 650 610
f 628 669 665 623
f 780 668 666 782
f 711 730 728 710
f 786 684 589 789
f 776 681 563 765
f 789 589 591 787
f 709 727 731 712
f 730 790 784 728
f 626 691 690 624
f 836 611 617 833
f 623 689 692 628
f 835 613 615 831
f 639 641 638 636
f 635 637 642 640
f 629 839 837 625
f 627 811 813 630
f 634 815 816 632
f 631 842 841 633
f 885 646 644 881
f 893 648 650 891
f 652 651 556 555
f 653 553 554 654
f 656 655 557 558
f 657 551 552 658
f 655 652 555 557
f 658 552 553 653
f 654 766 767
f 660 738 739 566
f 659 820 821 564
f 662 794 795
f 879 663 796 851
f 661 601 621 664
f 662 795 796 663
f 665 656 558 623
f 666 624 551 657
f 668 781 785 626
f 670 753 757 574
f 667 838 829 573
f 672 812 803 608
f 883 672 608 855
f 669 752 754 665
f 668 626 624 666
f 674 673 581 582
f 675 583 584 676
f 673 677 581
f 676 584 678
f 775 593 681 776
f 834 687 601 819
f 680 776 765 554
f 682 748 737 565
f 684 830 835 589
f 686 804 809 614
f 681 834 819 563
f 688 808 793 602
f 857 686 614 863
f 861 869 618 688
f 689 674 582 635
f 690 636 583 675
f 691 786 789 639
f 685 758 761 590
f 691 639 636 690
f 689 635 640 692
f 833 617 687 834
f 831 615 705 832
f 829 607 683 830
f 826 723 827
f 840 733 647 842
f 825 609 599 817
f 696 774 779
f 702 746 751 588
f 701 828 836 587
f 704 802 810 612
f 822 603 823
f 823 603 604 824
f 875 704 612 867
f 887 865 616 708
f 828 703 611 836
f 819 601 661 820
f 817 599 818
f 814 732 632 816
f 712 642 637 709
f 710 638 641 711
f 714 713 736 735
f 770 570 629 782
f 717 714 735 743
f 780 625 667 781
f 713 719 744 736
f 779 587 598 777
f 720 773 774 696
f 722 745 746 702
f 721 827 828 701
f 724 801 802 704
f 873 845 792 726
f 724 704 619 726
f 723 826 818 725
f 727 717 743 756
f 775 680 678 778
f 730 783 790
f 732 755 762 632
f 729 840 842 631
f 734 814 816 648
f 889 734 648 893
f 777 598 597 778
f 727 756 762 731
f 787 591 706 788
f 737 556 651 738
f 781 667 573 785
f 766 659 564 767
f 790 631 633 784
f 785 573 684 786
f 784 633 575 771
f 744 719 745
f 801 722 702 802
f 747 679 748
f 749 747 594 595
f 750 749 595 596
f 751 750 596 588
f 752 669 753
f 782 629 625 780
f 760 712 731 755
f 788 706 729 783
f 757 628 692 758
f 759 642 712 760
f 759 592 590 761
f 752 627 630 754
f 756 634 632 762
f 738 651 739
f 753 669 628 757
f 748 679 556 737
f 758 692 640 761
f 746 693 751
f 802 702 588 810
f 745 719 693 746
f 755 731 762
f 763 559 560 764
f 765 563 659 766
f 767 564 567 768
f 769 569 570 770
f 768 567 569 769
f 771 575 559 763
f 764 560 577 772
f 772 577 721 773
f 791 561 562 792
f 793 565 660 794
f 795 566 568 796
f 797 571 572 798
f 796 568 571 797
f 799 576 561 791
f 792 562 578 800
f 800 578 722 801
f 808 682 565 793
f 803 574 685 804
f 805 592 707 806
f 807 594 682 808
f 809 590 592 805
f 810 588 594 807
f 811 627 670 812
f 798 572 630 813
f 806 707 732 814
f 815 634 576 799
f 811 644 646 813
f 815 650 648 816
f 794 660 566 795
f 812 670 574 803
f 804 685 590 809
f 844 846 818 599
f 843 845 846 844
f 848 850 604 603
f 847 849 850 848
f 852 848 603 822
f 851 847 848 852
f 844 599 609 854
f 853 843 844 854
f 856 858 683 607
f 855 857 858 856
f 860 601 687 862
f 861 859 860 862
f 864 866 615 613
f 863 865 866 864
f 868 870 617 611
f 867 869 870 868
f 872 620 725 874
f 873 871 872 874
f 876 703 620 872
f 871 875 876 872
f 878 880 664 621
f 877 879 880 878
f 601 860 878 621
f 859 877 878 860
f 882 884 671 643
f 881 883 884 882
f 850 886 645 604
f 849 885 886 850
f 888 890 733 705
f 887 889 890 888
f 854 609 649 892
f 891 853 854 892
f 645 886 882 643
f 885 881 882 886
f 647 894 892 649
f 893 891 892 894
f 880 852 822 664
f 879 851 852 880
f 884 856 607 671
f 883 855 856 884
f 858 864 613 683
f 857 863 864 858
f 862 687 617 870
f 869 861 862 870
f 876 868 611 703
f 875 867 868 876
f 888 705 615 866
f 865 887 888 866
f 874 725 818 846
f 845 873 874 846
f 890 894 647 733
f 889 893 894 890
g Group32342
f 1041 1038 1057 1058
f 1042 1059 1060 1039
f 1084 1083 995 996
f 1112 997 998 1111
f 1086 1085 999 1000
f 1114 1001 1002 1113
f 1085 1084 996 999
f 1113 1002 997 1112
f 1043 1041 1058 1061
f 1044 1062 1059 1042
f 1038 1037 1063 1057
f 1039 1060 1064 1040
f 1059 1107 1108 1060
f 905 1079 1080 906
f 898 1109 1110 998
f 909 1081 1082 1004
f 1127 1073 975 1134
f 910 1083 1084 912
f 1117 1065 1045 1118
f 915 1085 1086 916
f 1182 1015 951 1173
f 912 1084 1085 915
f 1062 1115 1107 1059
f 920 1087 1079 905
f 1060 1108 1116 1064
f 906 1080 1088 922
f 1064 1116 1117
f 922 1088 1089 1066
f 1164 1005 1165
f 1174 1027 957 1179
f 923 1038 1041
f 924 1042 1039
f 902 901 1017 1018
f 895 1019 1020 896
f 901 899 1021 1017
f 896 1020 1022 897
f 929 923 1041 1043
f 930 1044 1042 924
f 899 900 1023 1021
f 897 1022 1024 898
f 1186 991 993 1185
f 1183 989 987 1181
f 1024 1119 1120
f 938 1091 1092 1026
f 923 929 926 925
f 930 924 928 927
f 1038 923 925 1021
f 924 1039 1022 928
f 932 940 939 938
f 1021 1023 1091 1093
f 1038 1021 1093 1094
f 1037 1038 1094 1095
f 1039 1121 1122 1022
f 937 1119 1122 941
f 931 937 941 942
f 1040 1123 1121 1039
f 903 1161 1162 904
f 944 1135 1136
f 907 1163 1164 1003
f 946 1137 1138 1006
f 908 1165 1166 911
f 1185 993 953 1169
f 913 1167 1168 914
f 949 1141 1142 950
f 911 1166 1167 913
f 1140 1141 949
f 919 1169 1161 903
f 954 1143 1135 944
f 904 1162 1170 921
f 1171 1067 1047 1172
f 921 1170 1171 1065
f 1144 1145 1068
f 1176 1049 1077 1184
f 1168 948 989 1183
f 917 1173 1174 1028
f 952 1147 1148 1030
f 935 1175 1176 1050
f 960 1149 1150 1052
f 937 1177 1178 1025
f 962 1151 1152 1032
f 933 1179 1175 935
f 958 1153 1149 960
f 931 1180 1177 937
f 956 1154 1151 962
f 1187 944 1136 1189
f 1191 949 950 1193
f 1195 1140 949 1191
f 1187 1197 954 944
f 1199 952 1030 1201
f 1181 987 1015 1182
f 1203 1205 1032 946
f 1207 958 960 1209
f 1211 956 962 1213
f 1215 1217 1070 963
f 1048 1219 1215 963
f 1144 1068 1070 1136
f 1047 1067 1069 964
f 1221 966 1007 1223
f 1203 946 966 1221
f 1165 1005 1008 1166
f 946 1006 1007 966
f 1098 1086 1000 1009
f 1126 1010 1001 1114
f 1053 1043 1061 1071
f 1054 1072 1062 1044
f 1124 1125 1012
f 971 1096 1097 1014
f 1118 1045 931 1123
f 916 1086 1098 974
f 1055 1132 1127 1074
f 1051 1104 1099 1076
f 1072 1128 1115 1062
f 978 1100 1087 920
f 967 902 1018 1033
f 968 1034 1019 895
f 981 929 1043 1053
f 982 1054 1044 930
f 970 1129 1130 1035
f 918 1101 1102 1029
f 985 1131 1132 1055
f 936 1103 1104 1051
f 929 981 979 926
f 982 930 927 980
f 986 1103 1105 984
f 983 1133 1131 985
f 969 1181 1182 1011
f 988 1155 1156 1016
f 914 1168 1183 973
f 950 1142 1157 990
f 1050 1176 1184 1073
f 1052 1150 1158 1078
f 977 1185 1169 919
f 994 1159 1143 954
f 1225 988 1016 1227
f 1193 950 990 1229
f 1231 1052 1078 1233
f 1197 1235 994 954
f 972 1013 1009 967
f 1124 1012 1010 1126
f 1055 1074 1072 1054
f 1130 1028 933 1133
f 1120 1025 907 1109
f 1133 933 935 1131
f 1053 1071 1075 1056
f 1074 1134 1128 1072
f 970 1035 1034 968
f 1180 955 961 1177
f 967 1033 1036 972
f 1179 957 959 1175
f 983 985 982 980
f 979 981 986 984
f 973 1183 1181 969
f 971 1155 1157 974
f 978 1159 1160 976
f 975 1186 1185 977
f 1229 990 988 1225
f 1237 992 994 1235
f 996 995 900 899
f 997 897 898 998
f 1000 999 901 902
f 1001 895 896 1002
f 999 996 899 901
f 1002 896 897 997
f 998 1110 1111
f 1004 1082 1083 910
f 1003 1164 1165 908
f 1006 1138 1139
f 1223 1007 1140 1195
f 1005 945 965 1008
f 1006 1139 1140 1007
f 1009 1000 902 967
f 1010 968 895 1001
f 1012 1125 1129 970
f 1014 1097 1101 918
f 1011 1182 1173 917
f 1016 1156 1147 952
f 1227 1016 952 1199
f 1013 1096 1098 1009
f 1012 970 968 1010
f 1018 1017 925 926
f 1019 927 928 1020
f 1017 1021 925
f 1020 928 1022
f 1119 937 1025 1120
f 1178 1031 945 1163
f 1024 1120 1109 898
f 1026 1092 1081 909
f 1028 1174 1179 933
f 1030 1148 1153 958
f 1025 1178 1163 907
f 1032 1152 1137 946
f 1201 1030 958 1207
f 1205 1213 962 1032
f 1033 1018 926 979
f 1034 980 927 1019
f 1035 1130 1133 983
f 1029 1102 1105 934
f 1035 983 980 1034
f 1033 979 984 1036
f 1177 961 1031 1178
f 1175 959 1049 1176
f 1173 951 1027 1174
f 1170 1067 1171
f 1184 1077 991 1186
f 1169 953 943 1161
f 1040 1118 1123
f 1046 1090 1095 932
f 1045 1172 1180 931
f 1048 1146 1154 956
f 1166 947 1167
f 1167 947 948 1168
f 1219 1048 956 1211
f 1231 1209 960 1052
f 1172 1047 955 1180
f 1163 945 1005 1164
f 1161 943 1162
f 1158 1076 976 1160
f 1056 986 981 1053
f 1054 982 985 1055
f 1058 1057 1080 1079
f 1114 914 973 1126
f 1061 1058 1079 1087
f 1124 969 1011 1125
f 1057 1063 1088 1080
f 1123 931 942 1121
f 1064 1117 1118 1040
f 1066 1089 1090 1046
f 1065 1171 1172 1045
f 1068 1145 1146 1048
f 1217 1189 1136 1070
f 1068 1048 963 1070
f 1067 1170 1162 1069
f 1071 1061 1087 1100
f 1119 1024 1022 1122
f 1074 1127 1134
f 1076 1099 1106 976
f 1073 1184 1186 975
f 1078 1158 1160 992
f 1233 1078 992 1237
f 1121 942 941 1122
f 1071 1100 1106 1075
f 1131 935 1050 1132
f 1081 900 995 1082
f 1125 1011 917 1129
f 1110 1003 908 1111
f 1134 975 977 1128
f 1129 917 1028 1130
f 1128 977 919 1115
f 1088 1063 1089
f 1145 1066 1046 1146
f 1091 1023 1092
f 1093 1091 938 939
f 1094 1093 939 940
f 1095 1094 940 932
f 1096 1013 1097
f 1126 973 969 1124
f 1104 1056 1075 1099
f 1132 1050 1073 1127
f 1101 972 1036 1102
f 1103 986 1056 1104
f 1103 936 934 1105
f 1096 971 974 1098
f 1100 978 976 1106
f 1082 995 1083
f 1097 1013 972 1101
f 1092 1023 900 1081
f 1102 1036 984 1105
f 1090 1037 1095
f 1146 1046 932 1154
f 1089 1063 1037 1090
f 1099 1075 1106
f 1107 903 904 1108
f 1109 907 1003 1110
f 1111 908 911 1112
f 1113 913 914 1114
f 1112 911 913 1113
f 1115 919 903 1107
f 1108 904 921 1116
f 1116 921 1065 1117
f 1135 905 906 1136
f 1137 909 1004 1138
f 1139 910 912 1140
f 1141 915 916 1142
f 1140 912 915 1141
f 1143 920 905 1135
f 1136 906 922 1144
f 1144 922 1066 1145
f 1152 1026 909 1137
f 1147 918 1029 1148
f 1149 936 1051 1150
f 1151 938 1026 1152
f 1153 934 936 1149
f 1154 932 938 1151
f 1155 971 1014 1156
f 1142 916 974 1157
f 1150 1051 1076 1158
f 1159 978 920 1143
f 1155 988 990 1157
f 1159 994 992 1160
f 1138 1004 910 1139
f 1156 1014 918 1147
f 1148 1029 934 1153
f 1188 1190 1162 943
f 1187 1189 1190 1188
f 1192 1194 948 947
f 1191 1193 1194 1192
f 1196 1192 947 1166
f 1195 1191 1192 1196
f 1188 943 953 1198
f 1197 1187 1188 1198
f 1200 1202 1027 951
f 1199 1201 1202 1200
f 1204 945 1031 1206
f 1205 1203 1204 1206
f 1208 1210 959 957
f 1207 1209 1210 1208
f 1212 1214 961 955
f 1211 1213 1214 1212
f 1216 964 1069 1218
f 1217 1215 1216 1218
f 1220 1047 964 1216
f 1215 1219 1220 1216
f 1222 1224 1008 965
f 1221 1223 1224 1222
f 945 1204 1222 965
f 1203 1221 1222 1204
f 1226 1228 1015 987
f 1225 1227 1228 1226
f 1194 1230 989 948
f 1193 1229 1230 1194
f 1232 1234 1077 1049
f 1231 1233 1234 1232
f 1198 953 993 1236
f 1235 1197 1198 1236
f 989 1230 1226 987
f 1229 1225 1226 1230
f 991 1238 1236 993
f 1237 1235 1236 1238
f 1224 1196 1166 1008
f 1223 1195 1196 1224
f 1228 1200 951 1015
f 1227 1199 1200 1228
f 1202 1208 957 1027
f 1201 1207 1208 1202
f 1206 1031 961 1214
f 1213 1205 1206 1214
f 1220 1212 955 1047
f 1219 1211 1212 1220
f 1232 1049 959 1210
f 1209 1231 1232 1210
f 1218 1069 1162 1190
f 1189 1217 1218 1190
f 1234 1238 991 1077
f 1233 1237 1238 1234
g Group32343
f 1385 1402 1401 1382
f 1386 1383 1404 1403
f 1428 1340 1339 1427
f 1456 1455 1342 1341
f 1430 1344 1343 1429
f 1458 1457 1346 1345
f 1429 1343 1340 1428
f 1457 1456 1341 1346
f 1387 1405 1402 1385
f 1388 1386 1403 1406
f 1382 1401 1407 1381
f 1383 1384 1408 1404
f 1403 1404 1452 1451
f 1249 1250 1424 1423
f 1242 1342 1454 1453
f 1253 1348 1426 1425
f 1471 1478 1319 1417
f 1254 1256 1428 1427
f 1461 1462 1389 1409
f 1259 1260 1430 1429
f 1526 1517 1295 1359
f 1256 1259 1429 1428
f 1406 1403 1451 1459
f 1264 1249 1423 1431
f 1404 1408 1460 1452
f 1250 1266 1432 1424
f 1461 1460 1408
f 1266 1410 1433 1432
f 1509 1349 1508
f 1518 1523 1301 1371
f 1385 1382 1267
f 1383 1386 1268
f 1246 1362 1361 1245
f 1239 1240 1364 1363
f 1245 1361 1365 1243
f 1240 1241 1366 1364
f 1273 1387 1385 1267
f 1274 1268 1386 1388
f 1243 1365 1367 1244
f 1241 1242 1368 1366
f 1530 1529 1337 1335
f 1527 1525 1331 1333
f 1464 1463 1368
f 1282 1370 1436 1435
f 1267 1269 1270 1273
f 1274 1271 1272 1268
f 1382 1365 1269 1267
f 1268 1272 1366 1383
f 1276 1282 1283 1284
f 1365 1437 1435 1367
f 1382 1438 1437 1365
f 1381 1439 1438 1382
f 1383 1366 1466 1465
f 1281 1285 1466 1463
f 1275 1286 1285 1281
f 1384 1383 1465 1467
f 1247 1248 1506 1505
f 1480 1479 1288
f 1251 1347 1508 1507
f 1290 1350 1482 1481
f 1252 1255 1510 1509
f 1529 1513 1297 1337
f 1257 1258 1512 1511
f 1293 1294 1486 1485
f 1255 1257 1511 1510
f 1293 1485 1484
f 1263 1247 1505 1513
f 1298 1288 1479 1487
f 1248 1265 1514 1506
f 1515 1516 1391 1411
f 1265 1409 1515 1514
f 1412 1489 1488
f 1520 1528 1421 1393
f 1512 1527 1333 1292
f 1261 1372 1518 1517
f 1296 1374 1492 1491
f 1279 1394 1520 1519
f 1304 1396 1494 1493
f 1281 1369 1522 1521
f 1306 1376 1496 1495
f 1277 1279 1519 1523
f 1302 1304 1493 1497
f 1275 1281 1521 1524
f 1300 1306 1495 1498
f 1531 1533 1480 1288
f 1535 1537 1294 1293
f 1539 1535 1293 1484
f 1531 1288 1298 1541
f 1543 1545 1374 1296
f 1525 1526 1359 1331
f 1547 1290 1376 1549
f 1551 1553 1304 1302
f 1555 1557 1306 1300
f 1559 1307 1414 1561
f 1392 1307 1559 1563
f 1488 1480 1414 1412
f 1391 1308 1413 1411
f 1565 1567 1351 1310
f 1547 1565 1310 1290
f 1509 1510 1352 1349
f 1290 1310 1351 1350
f 1442 1353 1344 1430
f 1470 1458 1345 1354
f 1397 1415 1405 1387
f 1398 1388 1406 1416
f 1356 1469 1468
f 1315 1358 1441 1440
f 1462 1467 1275 1389
f 1260 1318 1442 1430
f 1399 1418 1471 1476
f 1395 1420 1443 1448
f 1416 1406 1459 1472
f 1322 1264 1431 1444
f 1311 1377 1362 1246
f 1312 1239 1363 1378
f 1325 1397 1387 1273
f 1326 1274 1388 1398
f 1314 1379 1474 1473
f 1262 1373 1446 1445
f 1329 1399 1476 1475
f 1280 1395 1448 1447
f 1273 1270 1323 1325
f 1326 1324 1271 1274
f 1330 1328 1449 1447
f 1327 1329 1475 1477
f 1313 1355 1526 1525
f 1332 1360 1500 1499
f 1258 1317 1527 1512
f 1294 1334 1501 1486
f 1394 1417 1528 1520
f 1396 1422 1502 1494
f 1321 1263 1513 1529
f 1338 1298 1487 1503
f 1569 1571 1360 1332
f 1537 1573 1334 1294
f 1575 1577 1422 1396
f 1541 1298 1338 1579
f 1316 1311 1353 1357
f 1468 1470 1354 1356
f 1399 1398 1416 1418
f 1474 1477 1277 1372
f 1464 1453 1251 1369
f 1477 1475 1279 1277
f 1397 1400 1419 1415
f 1418 1416 1472 1478
f 1314 1312 1378 1379
f 1524 1521 1305 1299
f 1311 1316 1380 1377
f 1523 1519 1303 1301
f 1327 1324 1326 1329
f 1323 1328 1330 1325
f 1317 1313 1525 1527
f 1315 1318 1501 1499
f 1322 1320 1504 1503
f 1319 1321 1529 1530
f 1573 1569 1332 1334
f 1581 1579 1338 1336
f 1340 1243 1244 1339
f 1341 1342 1242 1241
f 1344 1246 1245 1343
f 1345 1346 1240 1239
f 1343 1245 1243 1340
f 1346 1341 1241 1240
f 1455 1454 1342
f 1348 1254 1427 1426
f 1347 1252 1509 1508
f 1483 1482 1350
f 1567 1539 1484 1351
f 1349 1352 1309 1289
f 1350 1351 1484 1483
f 1353 1311 1246 1344
f 1354 1345 1239 1312
f 1356 1314 1473 1469
f 1358 1262 1445 1441
f 1355 1261 1517 1526
f 1360 1296 1491 1500
f 1571 1543 1296 1360
f 1357 1353 1442 1440
f 1356 1354 1312 1314
f 1362 1270 1269 1361
f 1363 1364 1272 1271
f 1269 1365 1361
f 1366 1272 1364
f 1463 1464 1369 1281
f 1522 1507 1289 1375
f 1368 1242 1453 1464
f 1370 1253 1425 1436
f 1372 1277 1523 1518
f 1374 1302 1497 1492
f 1369 1251 1507 1522
f 1376 1290 1481 1496
f 1545 1551 1302 1374
f 1549 1376 1306 1557
f 1377 1323 1270 1362
f 1378 1363 1271 1324
f 1379 1327 1477 1474
f 1373 1278 1449 1446
f 1379 1378 1324 1327
f 1377 1380 1328 1323
f 1521 1522 1375 1305
f 1519 1520 1393 1303
f 1517 1518 1371 1295
f 1515 1411 1514
f 1528 1530 1335 1421
f 1513 1505 1287 1297
f 1467 1462 1384
f 1390 1276 1439 1434
f 1389 1275 1524 1516
f 1392 1300 1498 1490
f 1511 1291 1510
f 1511 1512 1292 1291
f 1563 1555 1300 1392
f 1575 1396 1304 1553
f 1516 1524 1299 1391
f 1507 1508 1349 1289
f 1506 1287 1505
f 1502 1504 1320 1420
f 1400 1397 1325 1330
f 1398 1399 1329 1326
f 1402 1423 1424 1401
f 1458 1470 1317 1258
f 1405 1431 1423 1402
f 1468 1469 1355 1313
f 1401 1424 1432 1407
f 1467 1465 1286 1275
f 1408 1384 1462 1461
f 1410 1390 1434 1433
f 1409 1389 1516 1515
f 1412 1392 1490 1489
f 1561 1414 1480 1533
f 1412 1414 1307 1392
f 1411 1413 1506 1514
f 1415 1444 1431 1405
f 1463 1466 1366 1368
f 1478 1471 1418
f 1420 1320 1450 1443
f 1417 1319 1530 1528
f 1422 1336 1504 1502
f 1577 1581 1336 1422
f 1465 1466 1285 1286
f 1415 1419 1450 1444
f 1475 1476 1394 1279
f 1425 1426 1339 1244
f 1469 1473 1261 1355
f 1454 1455 1252 1347
f 1478 1472 1321 1319
f 1473 1474 1372 1261
f 1472 1459 1263 1321
f 1433 1407 1432
f 1489 1490 1390 1410
f 1436 1367 1435
f 1437 1283 1282 1435
f 1438 1284 1283 1437
f 1439 1276 1284 1438
f 1441 1357 1440
f 1470 1468 1313 1317
f 1448 1443 1419 1400
f 1476 1471 1417 1394
f 1445 1446 1380 1316
f 1447 1448 1400 1330
f 1447 1449 1278 1280
f 1440 1442 1318 1315
f 1444 1450 1320 1322
f 1427 1339 1426
f 1441 1445 1316 1357
f 1436 1425 1244 1367
f 1446 1449 1328 1380
f 1439 1381 1434
f 1490 1498 1276 1390
f 1433 1434 1381 1407
f 1450 1419 1443
f 1451 1452 1248 1247
f 1453 1454 1347 1251
f 1455 1456 1255 1252
f 1457 1458 1258 1257
f 1456 1457 1257 1255
f 1459 1451 1247 1263
f 1452 1460 1265 1248
f 1460 1461 1409 1265
f 1479 1480 1250 1249
f 1481 1482 1348 1253
f 1483 1484 1256 1254
f 1485 1486 1260 1259
f 1484 1485 1259 1256
f 1487 1479 1249 1264
f 1480 1488 1266 1250
f 1488 1489 1410 1266
f 1496 1481 1253 1370
f 1491 1492 1373 1262
f 1493 1494 1395 1280
f 1495 1496 1370 1282
f 1497 1493 1280 1278
f 1498 1495 1282 1276
f 1499 1500 1358 1315
f 1486 1501 1318 1260
f 1494 1502 1420 1395
f 1503 1487 1264 1322
f 1499 1501 1334 1332
f 1503 1504 1336 1338
f 1482 1483 1254 1348
f 1500 1491 1262 1358
f 1492 1497 1278 1373
f 1532 1287 1506 1534
f 1531 1532 1534 1533
f 1536 1291 1292 1538
f 1535 1536 1538 1537
f 1540 1510 1291 1536
f 1539 1540 1536 1535
f 1532 1542 1297 1287
f 1541 1542 1532 1531
f 1544 1295 1371 1546
f 1543 1544 1546 1545
f 1548 1550 1375 1289
f 1549 1550 1548 1547
f 1552 1301 1303 1554
f 1551 1552 1554 1553
f 1556 1299 1305 1558
f 1555 1556 1558 1557
f 1560 1562 1413 1308
f 1561 1562 1560 1559
f 1564 1560 1308 1391
f 1559 1560 1564 1563
f 1566 1309 1352 1568
f 1565 1566 1568 1567
f 1289 1309 1566 1548
f 1547 1548 1566 1565
f 1570 1331 1359 1572
f 1569 1570 1572 1571
f 1538 1292 1333 1574
f 1537 1538 1574 1573
f 1576 1393 1421 1578
f 1575 1576 1578 1577
f 1542 1580 1337 1297
f 1579 1580 1542 1541
f 1333 1331 1570 1574
f 1573 1574 1570 1569
f 1335 1337 1580 1582
f 1581 1582 1580 1579
f 1568 1352 1510 1540
f 1567 1568 1540 1539
f 1572 1359 1295 1544
f 1571 1572 1544 1543
f 1546 1371 1301 1552
f 1545 1546 1552 1551
f 1550 1558 1305 1375
f 1557 1558 1550 1549
f 1564 1391 1299 1556
f 1563 1564 1556 1555
f 1576 1554 1303 1393
f 1553 1554 1576 1575
f 1562 1534 1506 1413
f 1533 1534 1562 1561
f 1578 1421 1335 1582
f 1577 1578 1582 1581
g Group32344
f 1729 1746 1745 1726
f 1730 1727 1748 1747
f 1772 1684 1683 1771
f 1800 1799 1686 1685
f 1774 1688 1687 1773
f 1802 1801 1690 1689
f 1773 1687 1684 1772
f 1801 1800 1685 1690
f 1731 1749 1746 1729
f 1732 1730 1747 1750
f 1726 1745 1751 1725
f 1727 1728 1752 1748
f 1747 1748 1796 1795
f 1593 1594 1768 1767
f 1586 1686 1798 1797
f 1597 1692 1770 1769
f 1815 1822 1663 1761
f 1598 1600 1772 1771
f 1805 1806 1733 1753
f 1603 1604 1774 1773
f 1870 1861 1639 1703
f 1600 1603 1773 1772
f 1750 1747 1795 1803
f 1608 1593 1767 1775
f 1748 1752 1804 1796
f 1594 1610 1776 1768
f 1805 1804 1752
f 1610 1754 1777 1776
f 1853 1693 1852
f 1862 1867 1645 1715
f 1729 1726 1611
f 1727 1730 1612
f 1590 1706 1705 1589
f 1583 1584 1708 1707
f 1589 1705 1709 1587
f 1584 1585 1710 1708
f 1617 1731 1729 1611
f 1618 1612 1730 1732
f 1587 1709 1711 1588
f 1585 1586 1712 1710
f 1874 1873 1681 1679
f 1871 1869 1675 1677
f 1808 1807 1712
f 1626 1714 1780 1779
f 1611 1613 1614 1617
f 1618 1615 1616 1612
f 1726 1709 1613 1611
f 1612 1616 1710 1727
f 1620 1626 1627 1628
f 1709 1781 1779 1711
f 1726 1782 1781 1709
f 1725 1783 1782 1726
f 1727 1710 1810 1809
f 1625 1629 1810 1807
f 1619 1630 1629 1625
f 1728 1727 1809 1811
f 1591 1592 1850 1849
f 1824 1823 1632
f 1595 1691 1852 1851
f 1634 1694 1826 1825
f 1596 1599 1854 1853
f 1873 1857 1641 1681
f 1601 1602 1856 1855
f 1637 1638 1830 1829
f 1599 1601 1855 1854
f 1637 1829 1828
f 1607 1591 1849 1857
f 1642 1632 1823 1831
f 1592 1609 1858 1850
f 1859 1860 1735 1755
f 1609 1753 1859 1858
f 1756 1833 1832
f 1864 1872 1765 1737
f 1856 1871 1677 1636
f 1605 1716 1862 1861
f 1640 1718 1836 1835
f 1623 1738 1864 1863
f 1648 1740 1838 1837
f 1625 1713 1866 1865
f 1650 1720 1840 1839
f 1621 1623 1863 1867
f 1646 1648 1837 1841
f 1619 1625 1865 1868
f 1644 1650 1839 1842
f 1875 1877 1824 1632
f 1879 1881 1638 1637
f 1883 1879 1637 1828
f 1875 1632 1642 1885
f 1887 1889 1718 1640
f 1869 1870 1703 1675
f 1891 1634 1720 1893
f 1895 1897 1648 1646
f 1899 1901 1650 1644
f 1903 1651 1758 1905
f 1736 1651 1903 1907
f 1832 1824 1758 1756
f 1735 1652 1757 1755
f 1909 1911 1695 1654
f 1891 1909 1654 1634
f 1853 1854 1696 1693
f 1634 1654 1695 1694
f 1786 1697 1688 1774
f 1814 1802 1689 1698
f 1741 1759 1749 1731
f 1742 1732 1750 1760
f 1700 1813 1812
f 1659 1702 1785 1784
f 1806 1811 1619 1733
f 1604 1662 1786 1774
f 1743 1762 1815 1820
f 1739 1764 1787 1792
f 1760 1750 1803 1816
f 1666 1608 1775 1788
f 1655 1721 1706 1590
f 1656 1583 1707 1722
f 1669 1741 1731 1617
f 1670 1618 1732 1742
f 1658 1723 1818 1817
f 1606 1717 1790 1789
f 1673 1743 1820 1819
f 1624 1739 1792 1791
f 1617 1614 1667 1669
f 1670 1668 1615 1618
f 1674 1672 1793 1791
f 1671 1673 1819 1821
f 1657 1699 1870 1869
f 1676 1704 1844 1843
f 1602 1661 1871 1856
f 1638 1678 1845 1830
f 1738 1761 1872 1864
f 1740 1766 1846 1838
f 1665 1607 1857 1873
f 1682 1642 1831 1847
f 1913 1915 1704 1676
f 1881 1917 1678 1638
f 1919 1921 1766 1740
f 1885 1642 1682 1923
f 1660 1655 1697 1701
f 1812 1814 1698 1700
f 1743 1742 1760 1762
f 1818 1821 1621 1716
f 1808 1797 1595 1713
f 1821 1819 1623 1621
f 1741 1744 1763 1759
f 1762 1760 1816 1822
f 1658 1656 1722 1723
f 1868 1865 1649 1643
f 1655 1660 1724 1721
f 1867 1863 1647 1645
f 1671 1668 1670 1673
f 1667 1672 1674 1669
f 1661 1657 1869 1871
f 1659 1662 1845 1843
f 1666 1664 1848 1847
f 1663 1665 1873 1874
f 1917 1913 1676 1678
f 1925 1923 1682 1680
f 1684 1587 1588 1683
f 1685 1686 1586 1585
f 1688 1590 1589 1687
f 1689 1690 1584 1583
f 1687 1589 1587 1684
f 1690 1685 1585 1584
f 1799 1798 1686
f 1692 1598 1771 1770
f 1691 1596 1853 1852
f 1827 1826 1694
f 1911 1883 1828 1695
f 1693 1696 1653 1633
f 1694 1695 1828 1827
f 1697 1655 1590 1688
f 1698 1689 1583 1656
f 1700 1658 1817 1813
f 1702 1606 1789 1785
f 1699 1605 1861 1870
f 1704 1640 1835 1844
f 1915 1887 1640 1704
f 1701 1697 1786 1784
f 1700 1698 1656 1658
f 1706 1614 1613 1705
f 1707 1708 1616 1615
f 1613 1709 1705
f 1710 1616 1708
f 1807 1808 1713 1625
f 1866 1851 1633 1719
f 1712 1586 1797 1808
f 1714 1597 1769 1780
f 1716 1621 1867 1862
f 1718 1646 1841 1836
f 1713 1595 1851 1866
f 1720 1634 1825 1840
f 1889 1895 1646 1718
f 1893 1720 1650 1901
f 1721 1667 1614 1706
f 1722 1707 1615 1668
f 1723 1671 1821 1818
f 1717 1622 1793 1790
f 1723 1722 1668 1671
f 1721 1724 1672 1667
f 1865 1866 1719 1649
f 1863 1864 1737 1647
f 1861 1862 1715 1639
f 1859 1755 1858
f 1872 1874 1679 1765
f 1857 1849 1631 1641
f 1811 1806 1728
f 1734 1620 1783 1778
f 1733 1619 1868 1860
f 1736 1644 1842 1834
f 1855 1635 1854
f 1855 1856 1636 1635
f 1907 1899 1644 1736
f 1919 1740 1648 1897
f 1860 1868 1643 1735
f 1851 1852 1693 1633
f 1850 1631 1849
f 1846 1848 1664 1764
f 1744 1741 1669 1674
f 1742 1743 1673 1670
f 1746 1767 1768 1745
f 1802 1814 1661 1602
f 1749 1775 1767 1746
f 1812 1813 1699 1657
f 1745 1768 1776 1751
f 1811 1809 1630 1619
f 1752 1728 1806 1805
f 1754 1734 1778 1777
f 1753 1733 1860 1859
f 1756 1736 1834 1833
f 1905 1758 1824 1877
f 1756 1758 1651 1736
f 1755 1757 1850 1858
f 1759 1788 1775 1749
f 1807 1810 1710 1712
f 1822 1815 1762
f 1764 1664 1794 1787
f 1761 1663 1874 1872
f 1766 1680 1848 1846
f 1921 1925 1680 1766
f 1809 1810 1629 1630
f 1759 1763 1794 1788
f 1819 1820 1738 1623
f 1769 1770 1683 1588
f 1813 1817 1605 1699
f 1798 1799 1596 1691
f 1822 1816 1665 1663
f 1817 1818 1716 1605
f 1816 1803 1607 1665
f 1777 1751 1776
f 1833 1834 1734 1754
f 1780 1711 1779
f 1781 1627 1626 1779
f 1782 1628 1627 1781
f 1783 1620 1628 1782
f 1785 1701 1784
f 1814 1812 1657 1661
f 1792 1787 1763 1744
f 1820 1815 1761 1738
f 1789 1790 1724 1660
f 1791 1792 1744 1674
f 1791 1793 1622 1624
f 1784 1786 1662 1659
f 1788 1794 1664 1666
f 1771 1683 1770
f 1785 1789 1660 1701
f 1780 1769 1588 1711
f 1790 1793 1672 1724
f 1783 1725 1778
f 1834 1842 1620 1734
f 1777 1778 1725 1751
f 1794 1763 1787
f 1795 1796 1592 1591
f 1797 1798 1691 1595
f 1799 1800 1599 1596
f 1801 1802 1602 1601
f 1800 1801 1601 1599
f 1803 1795 1591 1607
f 1796 1804 1609 1592
f 1804 1805 1753 1609
f 1823 1824 1594 1593
f 1825 1826 1692 1597
f 1827 1828 1600 1598
f 1829 1830 1604 1603
f 1828 1829 1603 1600
f 1831 1823 1593 1608
f 1824 1832 1610 1594
f 1832 1833 1754 1610
f 1840 1825 1597 1714
f 1835 1836 1717 1606
f 1837 1838 1739 1624
f 1839 1840 1714 1626
f 1841 1837 1624 1622
f 1842 1839 1626 1620
f 1843 1844 1702 1659
f 1830 1845 1662 1604
f 1838 1846 1764 1739
f 1847 1831 1608 1666
f 1843 1845 1678 1676
f 1847 1848 1680 1682
f 1826 1827 1598 1692
f 1844 1835 1606 1702
f 1836 1841 1622 1717
f 1876 1631 1850 1878
f 1875 1876 1878 1877
f 1880 1635 1636 1882
f 1879 1880 1882 1881
f 1884 1854 1635 1880
f 1883 1884 1880 1879
f 1876 1886 1641 1631
f 1885 1886 1876 1875
f 1888 1639 1715 1890
f 1887 1888 1890 1889
f 1892 1894 1719 1633
f 1893 1894 1892 1891
f 1896 1645 1647 1898
f 1895 1896 1898 1897
f 1900 1643 1649 1902
f 1899 1900 1902 1901
f 1904 1906 1757 1652
f 1905 1906 1904 1903
f 1908 1904 1652 1735
f 1903 1904 1908 1907
f 1910 1653 1696 1912
f 1909 1910 1912 1911
f 1633 1653 1910 1892
f 1891 1892 1910 1909
f 1914 1675 1703 1916
f 1913 1914 1916 1915
f 1882 1636 1677 1918
f 1881 1882 1918 1917
f 1920 1737 1765 1922
f 1919 1920 1922 1921
f 1886 1924 1681 1641
f 1923 1924 1886 1885
f 1677 1675 1914 1918
f 1917 1918 1914 1913
f 1679 1681 1924 1926
f 1925 1926 1924 1923
f 1912 1696 1854 1884
f 1911 1912 1884 1883
f 1916 1703 1639 1888
f 1915 1916 1888 1887
f 1890 1715 1645 1896
f 1889 1890 1896 1895
f 1894 1902 1649 1719
f 1901 1902 1894 1893
f 1908 1735 1643 1900
f 1907 1908 1900 1899
f 1920 1898 1647 1737
f 1897 1898 1920 1919
f 1906 1878 1850 1757
f 1877 1878 1906 1905
f 1922 1765 1679 1926
f 1921 1922 1926 1925
g Group32345
f 2073 2090 2089 2070
f 2074 2071 2092 2091
f 2116 2028 2027 2115
f 2144 2143 2030 2029
f 2118 2032 2031 2117
f 2146 2145 2034 2033
f 2117 2031 2028 2116
f 2145 2144 2029 2034
f 2075 2093 2090 2073
f 2076 2074 2091 2094
f 2070 2089 2095 2069
f 2071 2072 2096 2092
f 2091 2092 2140 2139
f 1937 1938 2112 2111
f 1930 2030 2142 2141
f 1941 2036 2114 2113
f 2159 2166 2007 2105
f 1942 1944 2116 2115
f 2149 2150 2077 2097
f 1947 1948 2118 2117
f 2214 2205 1983 2047
f 1944 1947 2117 2116
f 2094 2091 2139 2147
f 1952 1937 2111 2119
f 2092 2096 2148 2140
f 1938 1954 2120 2112
f 2149 2148 2096
f 1954 2098 2121 2120
f 2197 2037 2196
f 2206 2211 1989 2059
f 2073 2070 1955
f 2071 2074 1956
f 1934 2050 2049 1933
f 1927 1928 2052 2051
f 1933 2049 2053 1931
f 1928 1929 2054 2052
f 1961 2075 2073 1955
f 1962 1956 2074 2076
f 1931 2053 2055 1932
f 1929 1930 2056 2054
f 2218 2217 2025 2023
f 2215 2213 2019 2021
f 2152 2151 2056
f 1970 2058 2124 2123
f 1955 1957 1958 1961
f 1962 1959 1960 1956
f 2070 2053 1957 1955
f 1956 1960 2054 2071
f 1964 1970 1971 1972
f 2053 2125 2123 2055
f 2070 2126 2125 2053
f 2069 2127 2126 2070
f 2071 2054 2154 2153
f 1969 1973 2154 2151
f 1963 1974 1973 1969
f 2072 2071 2153 2155
f 1935 1936 2194 2193
f 2168 2167 1976
f 1939 2035 2196 2195
f 1978 2038 2170 2169
f 1940 1943 2198 2197
f 2217 2201 1985 2025
f 1945 1946 2200 2199
f 1981 1982 2174 2173
f 1943 1945 2199 2198
f 1981 2173 2172
f 1951 1935 2193 2201
f 1986 1976 2167 2175
f 1936 1953 2202 2194
f 2203 2204 2079 2099
f 1953 2097 2203 2202
f 2100 2177 2176
f 2208 2216 2109 2081
f 2200 2215 2021 1980
f 1949 2060 2206 2205
f 1984 2062 2180 2179
f 1967 2082 2208 2207
f 1992 2084 2182 2181
f 1969 2057 2210 2209
f 1994 2064 2184 2183
f 1965 1967 2207 2211
f 1990 1992 2181 2185
f 1963 1969 2209 2212
f 1988 1994 2183 2186
f 2219 2221 2168 1976
f 2223 2225 1982 1981
f 2227 2223 1981 2172
f 2219 1976 1986 2229
f 2231 2233 2062 1984
f 2213 2214 2047 2019
f 2235 1978 2064 2237
f 2239 2241 1992 1990
f 2243 2245 1994 1988
f 2247 1995 2102 2249
f 2080 1995 2247 2251
f 2176 2168 2102 2100
f 2079 1996 2101 2099
f 2253 2255 2039 1998
f 2235 2253 1998 1978
f 2197 2198 2040 2037
f 1978 1998 2039 2038
f 2130 2041 2032 2118
f 2158 2146 2033 2042
f 2085 2103 2093 2075
f 2086 2076 2094 2104
f 2044 2157 2156
f 2003 2046 2129 2128
f 2150 2155 1963 2077
f 1948 2006 2130 2118
f 2087 2106 2159 2164
f 2083 2108 2131 2136
f 2104 2094 2147 2160
f 2010 1952 2119 2132
f 1999 2065 2050 1934
f 2000 1927 2051 2066
f 2013 2085 2075 1961
f 2014 1962 2076 2086
f 2002 2067 2162 2161
f 1950 2061 2134 2133
f 2017 2087 2164 2163
f 1968 2083 2136 2135
f 1961 1958 2011 2013
f 2014 2012 1959 1962
f 2018 2016 2137 2135
f 2015 2017 2163 2165
f 2001 2043 2214 2213
f 2020 2048 2188 2187
f 1946 2005 2215 2200
f 1982 2022 2189 2174
f 2082 2105 2216 2208
f 2084 2110 2190 2182
f 2009 1951 2201 2217
f 2026 1986 2175 2191
f 2257 2259 2048 2020
f 2225 2261 2022 1982
f 2263 2265 2110 2084
f 2229 1986 2026 2267
f 2004 1999 2041 2045
f 2156 2158 2042 2044
f 2087 2086 2104 2106
f 2162 2165 1965 2060
f 2152 2141 1939 2057
f 2165 2163 1967 1965
f 2085 2088 2107 2103
f 2106 2104 2160 2166
f 2002 2000 2066 2067
f 2212 2209 1993 1987
f 1999 2004 2068 2065
f 2211 2207 1991 1989
f 2015 2012 2014 2017
f 2011 2016 2018 2013
f 2005 2001 2213 2215
f 2003 2006 2189 2187
f 2010 2008 2192 2191
f 2007 2009 2217 2218
f 2261 2257 2020 2022
f 2269 2267 2026 2024
f 2028 1931 1932 2027
f 2029 2030 1930 1929
f 2032 1934 1933 2031
f 2033 2034 1928 1927
f 2031 1933 1931 2028
f 2034 2029 1929 1928
f 2143 2142 2030
f 2036 1942 2115 2114
f 2035 1940 2197 2196
f 2171 2170 2038
f 2255 2227 2172 2039
f 2037 2040 1997 1977
f 2038 2039 2172 2171
f 2041 1999 1934 2032
f 2042 2033 1927 2000
f 2044 2002 2161 2157
f 2046 1950 2133 2129
f 2043 1949 2205 2214
f 2048 1984 2179 2188
f 2259 2231 1984 2048
f 2045 2041 2130 2128
f 2044 2042 2000 2002
f 2050 1958 1957 2049
f 2051 2052 1960 1959
f 1957 2053 2049
f 2054 1960 2052
f 2151 2152 2057 1969
f 2210 2195 1977 2063
f 2056 1930 2141 2152
f 2058 1941 2113 2124
f 2060 1965 2211 2206
f 2062 1990 2185 2180
f 2057 1939 2195 2210
f 2064 1978 2169 2184
f 2233 2239 1990 2062
f 2237 2064 1994 2245
f 2065 2011 1958 2050
f 2066 2051 1959 2012
f 2067 2015 2165 2162
f 2061 1966 2137 2134
f 2067 2066 2012 2015
f 2065 2068 2016 2011
f 2209 2210 2063 1993
f 2207 2208 2081 1991
f 2205 2206 2059 1983
f 2203 2099 2202
f 2216 2218 2023 2109
f 2201 2193 1975 1985
f 2155 2150 2072
f 2078 1964 2127 2122
f 2077 1963 2212 2204
f 2080 1988 2186 2178
f 2199 1979 2198
f 2199 2200 1980 1979
f 2251 2243 1988 2080
f 2263 2084 1992 2241
f 2204 2212 1987 2079
f 2195 2196 2037 1977
f 2194 1975 2193
f 2190 2192 2008 2108
f 2088 2085 2013 2018
f 2086 2087 2017 2014
f 2090 2111 2112 2089
f 2146 2158 2005 1946
f 2093 2119 2111 2090
f 2156 2157 2043 2001
f 2089 2112 2120 2095
f 2155 2153 1974 1963
f 2096 2072 2150 2149
f 2098 2078 2122 2121
f 2097 2077 2204 2203
f 2100 2080 2178 2177
f 2249 2102 2168 2221
f 2100 2102 1995 2080
f 2099 2101 2194 2202
f 2103 2132 2119 2093
f 2151 2154 2054 2056
f 2166 2159 2106
f 2108 2008 2138 2131
f 2105 2007 2218 2216
f 2110 2024 2192 2190
f 2265 2269 2024 2110
f 2153 2154 1973 1974
f 2103 2107 2138 2132
f 2163 2164 2082 1967
f 2113 2114 2027 1932
f 2157 2161 1949 2043
f 2142 2143 1940 2035
f 2166 2160 2009 2007
f 2161 2162 2060 1949
f 2160 2147 1951 2009
f 2121 2095 2120
f 2177 2178 2078 2098
f 2124 2055 2123
f 2125 1971 1970 2123
f 2126 1972 1971 2125
f 2127 1964 1972 2126
f 2129 2045 2128
f 2158 2156 2001 2005
f 2136 2131 2107 2088
f 2164 2159 2105 2082
f 2133 2134 2068 2004
f 2135 2136 2088 2018
f 2135 2137 1966 1968
f 2128 2130 2006 2003
f 2132 2138 2008 2010
f 2115 2027 2114
f 2129 2133 2004 2045
f 2124 2113 1932 2055
f 2134 2137 2016 2068
f 2127 2069 2122
f 2178 2186 1964 2078
f 2121 2122 2069 2095
f 2138 2107 2131
f 2139 2140 1936 1935
f 2141 2142 2035 1939
f 2143 2144 1943 1940
f 2145 2146 1946 1945
f 2144 2145 1945 1943
f 2147 2139 1935 1951
f 2140 2148 1953 1936
f 2148 2149 2097 1953
f 2167 2168 1938 1937
f 2169 2170 2036 1941
f 2171 2172 1944 1942
f 2173 2174 1948 1947
f 2172 2173 1947 1944
f 2175 2167 1937 1952
f 2168 2176 1954 1938
f 2176 2177 2098 1954
f 2184 2169 1941 2058
f 2179 2180 2061 1950
f 2181 2182 2083 1968
f 2183 2184 2058 1970
f 2185 2181 1968 1966
f 2186 2183 1970 1964
f 2187 2188 2046 2003
f 2174 2189 2006 1948
f 2182 2190 2108 2083
f 2191 2175 1952 2010
f 2187 2189 2022 2020
f 2191 2192 2024 2026
f 2170 2171 1942 2036
f 2188 2179 1950 2046
f 2180 2185 1966 2061
f 2220 1975 2194 2222
f 2219 2220 2222 2221
f 2224 1979 1980 2226
f 2223 2224 2226 2225
f 2228 2198 1979 2224
f 2227 2228 2224 2223
f 2220 2230 1985 1975
f 2229 2230 2220 2219
f 2232 1983 2059 2234
f 2231 2232 2234 2233
f 2236 2238 2063 1977
f 2237 2238 2236 2235
f 2240 1989 1991 2242
f 2239 2240 2242 2241
f 2244 1987 1993 2246
f 2243 2244 2246 2245
f 2248 2250 2101 1996
f 2249 2250 2248 2247
f 2252 2248 1996 2079
f 2247 2248 2252 2251
f 2254 1997 2040 2256
f 2253 2254 2256 2255
f 1977 1997 2254 2236
f 2235 2236 2254 2253
f 2258 2019 2047 2260
f 2257 2258 2260 2259
f 2226 1980 2021 2262
f 2225 2226 2262 2261
f 2264 2081 2109 2266
f 2263 2264 2266 2265
f 2230 2268 2025 1985
f 2267 2268 2230 2229
f 2021 2019 2258 2262
f 2261 2262 2258 2257
f 2023 2025 2268 2270
f 2269 2270 2268 2267
f 2256 2040 2198 2228
f 2255 2256 2228 2227
f 2260 2047 1983 2232
f 2259 2260 2232 2231
f 2234 2059 1989 2240
f 2233 2234 2240 2239
f 2238 2246 1993 2063
f 2245 2246 2238 2237
f 2252 2079 1987 2244
f 2251 2252 2244 2243
f 2264 2242 1991 2081
f 2241 2242 2264 2263
f 2250 2222 2194 2101
f 2221 2222 2250 2249
f 2266 2109 2023 2270
f 2265 2266 2270 2269
g Group32346
f 2417 2434 2433 2414
f 2418 2415 2436 2435
f 2460 2372 2371 2459
f 2488 2487 2374 2373
f 2462 2376 2375 2461
f 2490 2489 2378 2377
f 2461 2375 2372 2460
f 2489 2488 2373 2378
f 2419 2437 2434 2417
f 2420 2418 2435 2438
f 2414 2433 2439 2413
f 2415 2416 2440 2436
f 2435 2436 2484 2483
f 2281 2282 2456 2455
f 2274 2374 2486 2485
f 2285 2380 2458 2457
f 2503 2510 2351 2449
f 2286 2288 2460 2459
f 2493 2494 2421 2441
f 2291 2292 2462 2461
f 2558 2549 2327 2391
f 2288 2291 2461 2460
f 2438 2435 2483 2491
f 2296 2281 2455 2463
f 2436 2440 2492 2484
f 2282 2298 2464 2456
f 2493 2492 2440
f 2298 2442 2465 2464
f 2541 2381 2540
f 2550 2555 2333 2403
f 2417 2414 2299
f 2415 2418 2300
f 2278 2394 2393 2277
f 2271 2272 2396 2395
f 2277 2393 2397 2275
f 2272 2273 2398 2396
f 2305 2419 2417 2299
f 2306 2300 2418 2420
f 2275 2397 2399 2276
f 2273 2274 2400 2398
f 2562 2561 2369 2367
f 2559 2557 2363 2365
f 2496 2495 2400
f 2314 2402 2468 2467
f 2299 2301 2302 2305
f 2306 2303 2304 2300
f 2414 2397 2301 2299
f 2300 2304 2398 2415
f 2308 2314 2315 2316
f 2397 2469 2467 2399
f 2414 2470 2469 2397
f 2413 2471 2470 2414
f 2415 2398 2498 2497
f 2313 2317 2498 2495
f 2307 2318 2317 2313
f 2416 2415 2497 2499
f 2279 2280 2538 2537
f 2512 2511 2320
f 2283 2379 2540 2539
f 2322 2382 2514 2513
f 2284 2287 2542 2541
f 2561 2545 2329 2369
f 2289 2290 2544 2543
f 2325 2326 2518 2517
f 2287 2289 2543 2542
f 2325 2517 2516
f 2295 2279 2537 2545
f 2330 2320 2511 2519
f 2280 2297 2546 2538
f 2547 2548 2423 2443
f 2297 2441 2547 2546
f 2444 2521 2520
f 2552 2560 2453 2425
f 2544 2559 2365 2324
f 2293 2404 2550 2549
f 2328 2406 2524 2523
f 2311 2426 2552 2551
f 2336 2428 2526 2525
f 2313 2401 2554 2553
f 2338 2408 2528 2527
f 2309 2311 2551 2555
f 2334 2336 2525 2529
f 2307 2313 2553 2556
f 2332 2338 2527 2530
f 2563 2565 2512 2320
f 2567 2569 2326 2325
f 2571 2567 2325 2516
f 2563 2320 2330 2573
f 2575 2577 2406 2328
f 2557 2558 2391 2363
f 2579 2322 2408 2581
f 2583 2585 2336 2334
f 2587 2589 2338 2332
f 2591 2339 2446 2593
f 2424 2339 2591 2595
f 2520 2512 2446 2444
f 2423 2340 2445 2443
f 2597 2599 2383 2342
f 2579 2597 2342 2322
f 2541 2542 2384 2381
f 2322 2342 2383 2382
f 2474 2385 2376 2462
f 2502 2490 2377 2386
f 2429 2447 2437 2419
f 2430 2420 2438 2448
f 2388 2501 2500
f 2347 2390 2473 2472
f 2494 2499 2307 2421
f 2292 2350 2474 2462
f 2431 2450 2503 2508
f 2427 2452 2475 2480
f 2448 2438 2491 2504
f 2354 2296 2463 2476
f 2343 2409 2394 2278
f 2344 2271 2395 2410
f 2357 2429 2419 2305
f 2358 2306 2420 2430
f 2346 2411 2506 2505
f 2294 2405 2478 2477
f 2361 2431 2508 2507
f 2312 2427 2480 2479
f 2305 2302 2355 2357
f 2358 2356 2303 2306
f 2362 2360 2481 2479
f 2359 2361 2507 2509
f 2345 2387 2558 2557
f 2364 2392 2532 2531
f 2290 2349 2559 2544
f 2326 2366 2533 2518
f 2426 2449 2560 2552
f 2428 2454 2534 2526
f 2353 2295 2545 2561
f 2370 2330 2519 2535
f 2601 2603 2392 2364
f 2569 2605 2366 2326
f 2607 2609 2454 2428
f 2573 2330 2370 2611
f 2348 2343 2385 2389
f 2500 2502 2386 2388
f 2431 2430 2448 2450
f 2506 2509 2309 2404
f 2496 2485 2283 2401
f 2509 2507 2311 2309
f 2429 2432 2451 2447
f 2450 2448 2504 2510
f 2346 2344 2410 2411
f 2556 2553 2337 2331
f 2343 2348 2412 2409
f 2555 2551 2335 2333
f 2359 2356 2358 2361
f 2355 2360 2362 2357
f 2349 2345 2557 2559
f 2347 2350 2533 2531
f 2354 2352 2536 2535
f 2351 2353 2561 2562
f 2605 2601 2364 2366
f 2613 2611 2370 2368
f 2372 2275 2276 2371
f 2373 2374 2274 2273
f 2376 2278 2277 2375
f 2377 2378 2272 2271
f 2375 2277 2275 2372
f 2378 2373 2273 2272
f 2487 2486 2374
f 2380 2286 2459 2458
f 2379 2284 2541 2540
f 2515 2514 2382
f 2599 2571 2516 2383
f 2381 2384 2341 2321
f 2382 2383 2516 2515
f 2385 2343 2278 2376
f 2386 2377 2271 2344
f 2388 2346 2505 2501
f 2390 2294 2477 2473
f 2387 2293 2549 2558
f 2392 2328 2523 2532
f 2603 2575 2328 2392
f 2389 2385 2474 2472
f 2388 2386 2344 2346
f 2394 2302 2301 2393
f 2395 2396 2304 2303
f 2301 2397 2393
f 2398 2304 2396
f 2495 2496 2401 2313
f 2554 2539 2321 2407
f 2400 2274 2485 2496
f 2402 2285 2457 2468
f 2404 2309 2555 2550
f 2406 2334 2529 2524
f 2401 2283 2539 2554
f 2408 2322 2513 2528
f 2577 2583 2334 2406
f 2581 2408 2338 2589
f 2409 2355 2302 2394
f 2410 2395 2303 2356
f 2411 2359 2509 2506
f 2405 2310 2481 2478
f 2411 2410 2356 2359
f 2409 2412 2360 2355
f 2553 2554 2407 2337
f 2551 2552 2425 2335
f 2549 2550 2403 2327
f 2547 2443 2546
f 2560 2562 2367 2453
f 2545 2537 2319 2329
f 2499 2494 2416
f 2422 2308 2471 2466
f 2421 2307 2556 2548
f 2424 2332 2530 2522
f 2543 2323 2542
f 2543 2544 2324 2323
f 2595 2587 2332 2424
f 2607 2428 2336 2585
f 2548 2556 2331 2423
f 2539 2540 2381 2321
f 2538 2319 2537
f 2534 2536 2352 2452
f 2432 2429 2357 2362
f 2430 2431 2361 2358
f 2434 2455 2456 2433
f 2490 2502 2349 2290
f 2437 2463 2455 2434
f 2500 2501 2387 2345
f 2433 2456 2464 2439
f 2499 2497 2318 2307
f 2440 2416 2494 2493
f 2442 2422 2466 2465
f 2441 2421 2548 2547
f 2444 2424 2522 2521
f 2593 2446 2512 2565
f 2444 2446 2339 2424
f 2443 2445 2538 2546
f 2447 2476 2463 2437
f 2495 2498 2398 2400
f 2510 2503 2450
f 2452 2352 2482 2475
f 2449 2351 2562 2560
f 2454 2368 2536 2534
f 2609 2613 2368 2454
f 2497 2498 2317 2318
f 2447 2451 2482 2476
f 2507 2508 2426 2311
f 2457 2458 2371 2276
f 2501 2505 2293 2387
f 2486 2487 2284 2379
f 2510 2504 2353 2351
f 2505 2506 2404 2293
f 2504 2491 2295 2353
f 2465 2439 2464
f 2521 2522 2422 2442
f 2468 2399 2467
f 2469 2315 2314 2467
f 2470 2316 2315 2469
f 2471 2308 2316 2470
f 2473 2389 2472
f 2502 2500 2345 2349
f 2480 2475 2451 2432
f 2508 2503 2449 2426
f 2477 2478 2412 2348
f 2479 2480 2432 2362
f 2479 2481 2310 2312
f 2472 2474 2350 2347
f 2476 2482 2352 2354
f 2459 2371 2458
f 2473 2477 2348 2389
f 2468 2457 2276 2399
f 2478 2481 2360 2412
f 2471 2413 2466
f 2522 2530 2308 2422
f 2465 2466 2413 2439
f 2482 2451 2475
f 2483 2484 2280 2279
f 2485 2486 2379 2283
f 2487 2488 2287 2284
f 2489 2490 2290 2289
f 2488 2489 2289 2287
f 2491 2483 2279 2295
f 2484 2492 2297 2280
f 2492 2493 2441 2297
f 2511 2512 2282 2281
f 2513 2514 2380 2285
f 2515 2516 2288 2286
f 2517 2518 2292 2291
f 2516 2517 2291 2288
f 2519 2511 2281 2296
f 2512 2520 2298 2282
f 2520 2521 2442 2298
f 2528 2513 2285 2402
f 2523 2524 2405 2294
f 2525 2526 2427 2312
f 2527 2528 2402 2314
f 2529 2525 2312 2310
f 2530 2527 2314 2308
f 2531 2532 2390 2347
f 2518 2533 2350 2292
f 2526 2534 2452 2427
f 2535 2519 2296 2354
f 2531 2533 2366 2364
f 2535 2536 2368 2370
f 2514 2515 2286 2380
f 2532 2523 2294 2390
f 2524 2529 2310 2405
f 2564 2319 2538 2566
f 2563 2564 2566 2565
f 2568 2323 2324 2570
f 2567 2568 2570 2569
f 2572 2542 2323 2568
f 2571 2572 2568 2567
f 2564 2574 2329 2319
f 2573 2574 2564 2563
f 2576 2327 2403 2578
f 2575 2576 2578 2577
f 2580 2582 2407 2321
f 2581 2582 2580 2579
f 2584 2333 2335 2586
f 2583 2584 2586 2585
f 2588 2331 2337 2590
f 2587 2588 2590 2589
f 2592 2594 2445 2340
f 2593 2594 2592 2591
f 2596 2592 2340 2423
f 2591 2592 2596 2595
f 2598 2341 2384 2600
f 2597 2598 2600 2599
f 2321 2341 2598 2580
f 2579 2580 2598 2597
f 2602 2363 2391 2604
f 2601 2602 2604 2603
f 2570 2324 2365 2606
f 2569 2570 2606 2605
f 2608 2425 2453 2610
f 2607 2608 2610 2609
f 2574 2612 2369 2329
f 2611 2612 2574 2573
f 2365 2363 2602 2606
f 2605 2606 2602 2601
f 2367 2369 2612 2614
f 2613 2614 2612 2611
f 2600 2384 2542 2572
f 2599 2600 2572 2571
f 2604 2391 2327 2576
f 2603 2604 2576 2575
f 2578 2403 2333 2584
f 2577 2578 2584 2583
f 2582 2590 2337 2407
f 2589 2590 2582 2581
f 2596 2423 2331 2588
f 2595 2596 2588 2587
f 2608 2586 2335 2425
f 2585 2586 2608 2607
f 2594 2566 2538 2445
f 2565 2566 2594 2593
f 2610 2453 2367 2614
f 2609 2610 2614 2613
g Group32347
f 2761 2778 2777 2758
f 2762 2759 2780 2779
f 2804 2716 2715 2803
f 2832 2831 2718 2717
f 2806 2720 2719 2805
f 2834 2833 2722 2721
f 2805 2719 2716 2804
f 2833 2832 2717 2722
f 2763 2781 2778 2761
f 2764 2762 2779 2782
f 2758 2777 2783 2757
f 2759 2760 2784 2780
f 2779 2780 2828 2827
f 2625 2626 2800 2799
f 2618 2718 2830 2829
f 2629 2724 2802 2801
f 2847 2854 2695 2793
f 2630 2632 2804 2803
f 2837 2838 2765 2785
f 2635 2636 2806 2805
f 2902 2893 2671 2735
f 2632 2635 2805 2804
f 2782 2779 2827 2835
f 2640 2625 2799 2807
f 2780 2784 2836 2828
f 2626 2642 2808 2800
f 2837 2836 2784
f 2642 2786 2809 2808
f 2885 2725 2884
f 2894 2899 2677 2747
f 2761 2758 2643
f 2759 2762 2644
f 2622 2738 2737 2621
f 2615 2616 2740 2739
f 2621 2737 2741 2619
f 2616 2617 2742 2740
f 2649 2763 2761 2643
f 2650 2644 2762 2764
f 2619 2741 2743 2620
f 2617 2618 2744 2742
f 2906 2905 2713 2711
f 2903 2901 2707 2709
f 2840 2839 2744
f 2658 2746 2812 2811
f 2643 2645 2646 2649
f 2650 2647 2648 2644
f 2758 2741 2645 2643
f 2644 2648 2742 2759
f 2652 2658 2659 2660
f 2741 2813 2811 2743
f 2758 2814 2813 2741
f 2757 2815 2814 2758
f 2759 2742 2842 2841
f 2657 2661 2842 2839
f 2651 2662 2661 2657
f 2760 2759 2841 2843
f 2623 2624 2882 2881
f 2856 2855 2664
f 2627 2723 2884 2883
f 2666 2726 2858 2857
f 2628 2631 2886 2885
f 2905 2889 2673 2713
f 2633 2634 2888 2887
f 2669 2670 2862 2861
f 2631 2633 2887 2886
f 2669 2861 2860
f 2639 2623 2881 2889
f 2674 2664 2855 2863
f 2624 2641 2890 2882
f 2891 2892 2767 2787
f 2641 2785 2891 2890
f 2788 2865 2864
f 2896 2904 2797 2769
f 2888 2903 2709 2668
f 2637 2748 2894 2893
f 2672 2750 2868 2867
f 2655 2770 2896 2895
f 2680 2772 2870 2869
f 2657 2745 2898 2897
f 2682 2752 2872 2871
f 2653 2655 2895 2899
f 2678 2680 2869 2873
f 2651 2657 2897 2900
f 2676 2682 2871 2874
f 2907 2909 2856 2664
f 2911 2913 2670 2669
f 2915 2911 2669 2860
f 2907 2664 2674 2917
f 2919 2921 2750 2672
f 2901 2902 2735 2707
f 2923 2666 2752 2925
f 2927 2929 2680 2678
f 2931 2933 2682 2676
f 2935 2683 2790 2937
f 2768 2683 2935 2939
f 2864 2856 2790 2788
f 2767 2684 2789 2787
f 2941 2943 2727 2686
f 2923 2941 2686 2666
f 2885 2886 2728 2725
f 2666 2686 2727 2726
f 2818 2729 2720 2806
f 2846 2834 2721 2730
f 2773 2791 2781 2763
f 2774 2764 2782 2792
f 2732 2845 2844
f 2691 2734 2817 2816
f 2838 2843 2651 2765
f 2636 2694 2818 2806
f 2775 2794 2847 2852
f 2771 2796 2819 2824
f 2792 2782 2835 2848
f 2698 2640 2807 2820
f 2687 2753 2738 2622
f 2688 2615 2739 2754
f 2701 2773 2763 2649
f 2702 2650 2764 2774
f 2690 2755 2850 2849
f 2638 2749 2822 2821
f 2705 2775 2852 2851
f 2656 2771 2824 2823
f 2649 2646 2699 2701
f 2702 2700 2647 2650
f 2706 2704 2825 2823
f 2703 2705 2851 2853
f 2689 2731 2902 2901
f 2708 2736 2876 2875
f 2634 2693 2903 2888
f 2670 2710 2877 2862
f 2770 2793 2904 2896
f 2772 2798 2878 2870
f 2697 2639 2889 2905
f 2714 2674 2863 2879
f 2945 2947 2736 2708
f 2913 2949 2710 2670
f 2951 2953 2798 2772
f 2917 2674 2714 2955
f 2692 2687 2729 2733
f 2844 2846 2730 2732
f 2775 2774 2792 2794
f 2850 2853 2653 2748
f 2840 2829 2627 2745
f 2853 2851 2655 2653
f 2773 2776 2795 2791
f 2794 2792 2848 2854
f 2690 2688 2754 2755
f 2900 2897 2681 2675
f 2687 2692 2756 2753
f 2899 2895 2679 2677
f 2703 2700 2702 2705
f 2699 2704 2706 2701
f 2693 2689 2901 2903
f 2691 2694 2877 2875
f 2698 2696 2880 2879
f 2695 2697 2905 2906
f 2949 2945 2708 2710
f 2957 2955 2714 2712
f 2716 2619 2620 2715
f 2717 2718 2618 2617
f 2720 2622 2621 2719
f 2721 2722 2616 2615
f 2719 2621 2619 2716
f 2722 2717 2617 2616
f 2831 2830 2718
f 2724 2630 2803 2802
f 2723 2628 2885 2884
f 2859 2858 2726
f 2943 2915 2860 2727
f 2725 2728 2685 2665
f 2726 2727 2860 2859
f 2729 2687 2622 2720
f 2730 2721 2615 2688
f 2732 2690 2849 2845
f 2734 2638 2821 2817
f 2731 2637 2893 2902
f 2736 2672 2867 2876
f 2947 2919 2672 2736
f 2733 2729 2818 2816
f 2732 2730 2688 2690
f 2738 2646 2645 2737
f 2739 2740 2648 2647
f 2645 2741 2737
f 2742 2648 2740
f 2839 2840 2745 2657
f 2898 2883 2665 2751
f 2744 2618 2829 2840
f 2746 2629 2801 2812
f 2748 2653 2899 2894
f 2750 2678 2873 2868
f 2745 2627 2883 2898
f 2752 2666 2857 2872
f 2921 2927 2678 2750
f 2925 2752 2682 2933
f 2753 2699 2646 2738
f 2754 2739 2647 2700
f 2755 2703 2853 2850
f 2749 2654 2825 2822
f 2755 2754 2700 2703
f 2753 2756 2704 2699
f 2897 2898 2751 2681
f 2895 2896 2769 2679
f 2893 2894 2747 2671
f 2891 2787 2890
f 2904 2906 2711 2797
f 2889 2881 2663 2673
f 2843 2838 2760
f 2766 2652 2815 2810
f 2765 2651 2900 2892
f 2768 2676 2874 2866
f 2887 2667 2886
f 2887 2888 2668 2667
f 2939 2931 2676 2768
f 2951 2772 2680 2929
f 2892 2900 2675 2767
f 2883 2884 2725 2665
f 2882 2663 2881
f 2878 2880 2696 2796
f 2776 2773 2701 2706
f 2774 2775 2705 2702
f 2778 2799 2800 2777
f 2834 2846 2693 2634
f 2781 2807 2799 2778
f 2844 2845 2731 2689
f 2777 2800 2808 2783
f 2843 2841 2662 2651
f 2784 2760 2838 2837
f 2786 2766 2810 2809
f 2785 2765 2892 2891
f 2788 2768 2866 2865
f 2937 2790 2856 2909
f 2788 2790 2683 2768
f 2787 2789 2882 2890
f 2791 2820 2807 2781
f 2839 2842 2742 2744
f 2854 2847 2794
f 2796 2696 2826 2819
f 2793 2695 2906 2904
f 2798 2712 2880 2878
f 2953 2957 2712 2798
f 2841 2842 2661 2662
f 2791 2795 2826 2820
f 2851 2852 2770 2655
f 2801 2802 2715 2620
f 2845 2849 2637 2731
f 2830 2831 2628 2723
f 2854 2848 2697 2695
f 2849 2850 2748 2637
f 2848 2835 2639 2697
f 2809 2783 2808
f 2865 2866 2766 2786
f 2812 2743 2811
f 2813 2659 2658 2811
f 2814 2660 2659 2813
f 2815 2652 2660 2814
f 2817 2733 2816
f 2846 2844 2689 2693
f 2824 2819 2795 2776
f 2852 2847 2793 2770
f 2821 2822 2756 2692
f 2823 2824 2776 2706
f 2823 2825 2654 2656
f 2816 2818 2694 2691
f 2820 2826 2696 2698
f 2803 2715 2802
f 2817 2821 2692 2733
f 2812 2801 2620 2743
f 2822 2825 2704 2756
f 2815 2757 2810
f 2866 2874 2652 2766
f 2809 2810 2757 2783
f 2826 2795 2819
f 2827 2828 2624 2623
f 2829 2830 2723 2627
f 2831 2832 2631 2628
f 2833 2834 2634 2633
f 2832 2833 2633 2631
f 2835 2827 2623 2639
f 2828 2836 2641 2624
f 2836 2837 2785 2641
f 2855 2856 2626 2625
f 2857 2858 2724 2629
f 2859 2860 2632 2630
f 2861 2862 2636 2635
f 2860 2861 2635 2632
f 2863 2855 2625 2640
f 2856 2864 2642 2626
f 2864 2865 2786 2642
f 2872 2857 2629 2746
f 2867 2868 2749 2638
f 2869 2870 2771 2656
f 2871 2872 2746 2658
f 2873 2869 2656 2654
f 2874 2871 2658 2652
f 2875 2876 2734 2691
f 2862 2877 2694 2636
f 2870 2878 2796 2771
f 2879 2863 2640 2698
f 2875 2877 2710 2708
f 2879 2880 2712 2714
f 2858 2859 2630 2724
f 2876 2867 2638 2734
f 2868 2873 2654 2749
f 2908 2663 2882 2910
f 2907 2908 2910 2909
f 2912 2667 2668 2914
f 2911 2912 2914 2913
f 2916 2886 2667 2912
f 2915 2916 2912 2911
f 2908 2918 2673 2663
f 2917 2918 2908 2907
f 2920 2671 2747 2922
f 2919 2920 2922 2921
f 2924 2926 2751 2665
f 2925 2926 2924 2923
f 2928 2677 2679 2930
f 2927 2928 2930 2929
f 2932 2675 2681 2934
f 2931 2932 2934 2933
f 2936 2938 2789 2684
f 2937 2938 2936 2935
f 2940 2936 2684 2767
f 2935 2936 2940 2939
f 2942 2685 2728 2944
f 2941 2942 2944 2943
f 2665 2685 2942 2924
f 2923 2924 2942 2941
f 2946 2707 2735 2948
f 2945 2946 2948 2947
f 2914 2668 2709 2950
f 2913 2914 2950 2949
f 2952 2769 2797 2954
f 2951 2952 2954 2953
f 2918 2956 2713 2673
f 2955 2956 2918 2917
f 2709 2707 2946 2950
f 2949 2950 2946 2945
f 2711 2713 2956 2958
f 2957 2958 2956 2955
f 2944 2728 2886 2916
f 2943 2944 2916 2915
f 2948 2735 2671 2920
f 2947 2948 2920 2919
f 2922 2747 2677 2928
f 2921 2922 2928 2927
f 2926 2934 2681 2751
f 2933 2934 2926 2925
f 2940 2767 2675 2932
f 2939 2940 2932 2931
f 2952 2930 2679 2769
f 2929 2930 2952 2951
f 2938 2910 2882 2789
f 2909 2910 2938 2937
f 2954 2797 2711 2958
f 2953 2954 2958 2957
g Group32348
f 3105 3122 3121 3102
f 3106 3103 3124 3123
f 3148 3060 3059 3147
f 3176 3175 3062 3061
f 3150 3064 3063 3149
f 3178 3177 3066 3065
f 3149 3063 3060 3148
f 3177 3176 3061 3066
f 3107 3125 3122 3105
f 3108 3106 3123 3126
f 3102 3121 3127 3101
f 3103 3104 3128 3124
f 3123 3124 3172 3171
f 2969 2970 3144 3143
f 2962 3062 3174 3173
f 2973 3068 3146 3145
f 3191 3198 3039 3137
f 2974 2976 3148 3147
f 3181 3182 3109 3129
f 2979 2980 3150 3149
f 3246 3237 3015 3079
f 2976 2979 3149 3148
f 3126 3123 3171 3179
f 2984 2969 3143 3151
f 3124 3128 3180 3172
f 2970 2986 3152 3144
f 3181 3180 3128
f 2986 3130 3153 3152
f 3229 3069 3228
f 3238 3243 3021 3091
f 3105 3102 2987
f 3103 3106 2988
f 2966 3082 3081 2965
f 2959 2960 3084 3083
f 2965 3081 3085 2963
f 2960 2961 3086 3084
f 2993 3107 3105 2987
f 2994 2988 3106 3108
f 2963 3085 3087 2964
f 2961 2962 3088 3086
f 3250 3249 3057 3055
f 3247 3245 3051 3053
f 3184 3183 3088
f 3002 3090 3156 3155
f 2987 2989 2990 2993
f 2994 2991 2992 2988
f 3102 3085 2989 2987
f 2988 2992 3086 3103
f 2996 3002 3003 3004
f 3085 3157 3155 3087
f 3102 3158 3157 3085
f 3101 3159 3158 3102
f 3103 3086 3186 3185
f 3001 3005 3186 3183
f 2995 3006 3005 3001
f 3104 3103 3185 3187
f 2967 2968 3226 3225
f 3200 3199 3008
f 2971 3067 3228 3227
f 3010 3070 3202 3201
f 2972 2975 3230 3229
f 3249 3233 3017 3057
f 2977 2978 3232 3231
f 3013 3014 3206 3205
f 2975 2977 3231 3230
f 3013 3205 3204
f 2983 2967 3225 3233
f 3018 3008 3199 3207
f 2968 2985 3234 3226
f 3235 3236 3111 3131
f 2985 3129 3235 3234
f 3132 3209 3208
f 3240 3248 3141 3113
f 3232 3247 3053 3012
f 2981 3092 3238 3237
f 3016 3094 3212 3211
f 2999 3114 3240 3239
f 3024 3116 3214 3213
f 3001 3089 3242 3241
f 3026 3096 3216 3215
f 2997 2999 3239 3243
f 3022 3024 3213 3217
f 2995 3001 3241 3244
f 3020 3026 3215 3218
f 3251 3253 3200 3008
f 3255 3257 3014 3013
f 3259 3255 3013 3204
f 3251 3008 3018 3261
f 3263 3265 3094 3016
f 3245 3246 3079 3051
f 3267 3010 3096 3269
f 3271 3273 3024 3022
f 3275 3277 3026 3020
f 3279 3027 3134 3281
f 3112 3027 3279 3283
f 3208 3200 3134 3132
f 3111 3028 3133 3131
f 3285 3287 3071 3030
f 3267 3285 3030 3010
f 3229 3230 3072 3069
f 3010 3030 3071 3070
f 3162 3073 3064 3150
f 3190 3178 3065 3074
f 3117 3135 3125 3107
f 3118 3108 3126 3136
f 3076 3189 3188
f 3035 3078 3161 3160
f 3182 3187 2995 3109
f 2980 3038 3162 3150
f 3119 3138 3191 3196
f 3115 3140 3163 3168
f 3136 3126 3179 3192
f 3042 2984 3151 3164
f 3031 3097 3082 2966
f 3032 2959 3083 3098
f 3045 3117 3107 2993
f 3046 2994 3108 3118
f 3034 3099 3194 3193
f 2982 3093 3166 3165
f 3049 3119 3196 3195
f 3000 3115 3168 3167
f 2993 2990 3043 3045
f 3046 3044 2991 2994
f 3050 3048 3169 3167
f 3047 3049 3195 3197
f 3033 3075 3246 3245
f 3052 3080 3220 3219
f 2978 3037 3247 3232
f 3014 3054 3221 3206
f 3114 3137 3248 3240
f 3116 3142 3222 3214
f 3041 2983 3233 3249
f 3058 3018 3207 3223
f 3289 3291 3080 3052
f 3257 3293 3054 3014
f 3295 3297 3142 3116
f 3261 3018 3058 3299
f 3036 3031 3073 3077
f 3188 3190 3074 3076
f 3119 3118 3136 3138
f 3194 3197 2997 3092
f 3184 3173 2971 3089
f 3197 3195 2999 2997
f 3117 3120 3139 3135
f 3138 3136 3192 3198
f 3034 3032 3098 3099
f 3244 3241 3025 3019
f 3031 3036 3100 3097
f 3243 3239 3023 3021
f 3047 3044 3046 3049
f 3043 3048 3050 3045
f 3037 3033 3245 3247
f 3035 3038 3221 3219
f 3042 3040 3224 3223
f 3039 3041 3249 3250
f 3293 3289 3052 3054
f 3301 3299 3058 3056
f 3060 2963 2964 3059
f 3061 3062 2962 2961
f 3064 2966 2965 3063
f 3065 3066 2960 2959
f 3063 2965 2963 3060
f 3066 3061 2961 2960
f 3175 3174 3062
f 3068 2974 3147 3146
f 3067 2972 3229 3228
f 3203 3202 3070
f 3287 3259 3204 3071
f 3069 3072 3029 3009
f 3070 3071 3204 3203
f 3073 3031 2966 3064
f 3074 3065 2959 3032
f 3076 3034 3193 3189
f 3078 2982 3165 3161
f 3075 2981 3237 3246
f 3080 3016 3211 3220
f 3291 3263 3016 3080
f 3077 3073 3162 3160
f 3076 3074 3032 3034
f 3082 2990 2989 3081
f 3083 3084 2992 2991
f 2989 3085 3081
f 3086 2992 3084
f 3183 3184 3089 3001
f 3242 3227 3009 3095
f 3088 2962 3173 3184
f 3090 2973 3145 3156
f 3092 2997 3243 3238
f 3094 3022 3217 3212
f 3089 2971 3227 3242
f 3096 3010 3201 3216
f 3265 3271 3022 3094
f 3269 3096 3026 3277
f 3097 3043 2990 3082
f 3098 3083 2991 3044
f 3099 3047 3197 3194
f 3093 2998 3169 3166
f 3099 3098 3044 3047
f 3097 3100 3048 3043
f 3241 3242 3095 3025
f 3239 3240 3113 3023
f 3237 3238 3091 3015
f 3235 3131 3234
f 3248 3250 3055 3141
f 3233 3225 3007 3017
f 3187 3182 3104
f 3110 2996 3159 3154
f 3109 2995 3244 3236
f 3112 3020 3218 3210
f 3231 3011 3230
f 3231 3232 3012 3011
f 3283 3275 3020 3112
f 3295 3116 3024 3273
f 3236 3244 3019 3111
f 3227 3228 3069 3009
f 3226 3007 3225
f 3222 3224 3040 3140
f 3120 3117 3045 3050
f 3118 3119 3049 3046
f 3122 3143 3144 3121
f 3178 3190 3037 2978
f 3125 3151 3143 3122
f 3188 3189 3075 3033
f 3121 3144 3152 3127
f 3187 3185 3006 2995
f 3128 3104 3182 3181
f 3130 3110 3154 3153
f 3129 3109 3236 3235
f 3132 3112 3210 3209
f 3281 3134 3200 3253
f 3132 3134 3027 3112
f 3131 3133 3226 3234
f 3135 3164 3151 3125
f 3183 3186 3086 3088
f 3198 3191 3138
f 3140 3040 3170 3163
f 3137 3039 3250 3248
f 3142 3056 3224 3222
f 3297 3301 3056 3142
f 3185 3186 3005 3006
f 3135 3139 3170 3164
f 3195 3196 3114 2999
f 3145 3146 3059 2964
f 3189 3193 2981 3075
f 3174 3175 2972 3067
f 3198 3192 3041 3039
f 3193 3194 3092 2981
f 3192 3179 2983 3041
f 3153 3127 3152
f 3209 3210 3110 3130
f 3156 3087 3155
f 3157 3003 3002 3155
f 3158 3004 3003 3157
f 3159 2996 3004 3158
f 3161 3077 3160
f 3190 3188 3033 3037
f 3168 3163 3139 3120
f 3196 3191 3137 3114
f 3165 3166 3100 3036
f 3167 3168 3120 3050
f 3167 3169 2998 3000
f 3160 3162 3038 3035
f 3164 3170 3040 3042
f 3147 3059 3146
f 3161 3165 3036 3077
f 3156 3145 2964 3087
f 3166 3169 3048 3100
f 3159 3101 3154
f 3210 3218 2996 3110
f 3153 3154 3101 3127
f 3170 3139 3163
f 3171 3172 2968 2967
f 3173 3174 3067 2971
f 3175 3176 2975 2972
f 3177 3178 2978 2977
f 3176 3177 2977 2975
f 3179 3171 2967 2983
f 3172 3180 2985 2968
f 3180 3181 3129 2985
f 3199 3200 2970 2969
f 3201 3202 3068 2973
f 3203 3204 2976 2974
f 3205 3206 2980 2979
f 3204 3205 2979 2976
f 3207 3199 2969 2984
f 3200 3208 2986 2970
f 3208 3209 3130 2986
f 3216 3201 2973 3090
f 3211 3212 3093 2982
f 3213 3214 3115 3000
f 3215 3216 3090 3002
f 3217 3213 3000 2998
f 3218 3215 3002 2996
f 3219 3220 3078 3035
f 3206 3221 3038 2980
f 3214 3222 3140 3115
f 3223 3207 2984 3042
f 3219 3221 3054 3052
f 3223 3224 3056 3058
f 3202 3203 2974 3068
f 3220 3211 2982 3078
f 3212 3217 2998 3093
f 3252 3007 3226 3254
f 3251 3252 3254 3253
f 3256 3011 3012 3258
f 3255 3256 3258 3257
f 3260 3230 3011 3256
f 3259 3260 3256 3255
f 3252 3262 3017 3007
f 3261 3262 3252 3251
f 3264 3015 3091 3266
f 3263 3264 3266 3265
f 3268 3270 3095 3009
f 3269 3270 3268 3267
f 3272 3021 3023 3274
f 3271 3272 3274 3273
f 3276 3019 3025 3278
f 3275 3276 3278 3277
f 3280 3282 3133 3028
f 3281 3282 3280 3279
f 3284 3280 3028 3111
f 3279 3280 3284 3283
f 3286 3029 3072 3288
f 3285 3286 3288 3287
f 3009 3029 3286 3268
f 3267 3268 3286 3285
f 3290 3051 3079 3292
f 3289 3290 3292 3291
f 3258 3012 3053 3294
f 3257 3258 3294 3293
f 3296 3113 3141 3298
f 3295 3296 3298 3297
f 3262 3300 3057 3017
f 3299 3300 3262 3261
f 3053 3051 3290 3294
f 3293 3294 3290 3289
f 3055 3057 3300 3302
f 3301 3302 3300 3299
f 3288 3072 3230 3260
f 3287 3288 3260 3259
f 3292 3079 3015 3264
f 3291 3292 3264 3263
f 3266 3091 3021 3272
f 3265 3266 3272 3271
f 3270 3278 3025 3095
f 3277 3278 3270 3269
f 3284 3111 3019 3276
f 3283 3284 3276 3275
f 3296 3274 3023 3113
f 3273 3274 3296 3295
f 3282 3254 3226 3133
f 3253 3254 3282 3281
f 3298 3141 3055 3302
f 3297 3298 3302 3301
g Group32349
f 3449 3466 3465 3446
f 3450 3447 3468 3467
f 3492 3404 3403 3491
f 3520 3519 3406 3405
f 3494 3408 3407 3493
f 3522 3521 3410 3409
f 3493 3407 3404 3492
f 3521 3520 3405 3410
f 3451 3469 3466 3449
f 3452 3450 3467 3470
f 3446 3465 3471 3445
f 3447 3448 3472 3468
f 3467 3468 3516 3515
f 3313 3314 3488 3487
f 3306 3406 3518 3517
f 3317 3412 3490 3489
f 3535 3542 3383 3481
f 3318 3320 3492 3491
f 3525 3526 3453 3473
f 3323 3324 3494 3493
f 3590 3581 3359 3423
f 3320 3323 3493 3492
f 3470 3467 3515 3523
f 3328 3313 3487 3495
f 3468 3472 3524 3516
f 3314 3330 3496 3488
f 3525 3524 3472
f 3330 3474 3497 3496
f 3573 3413 3572
f 3582 3587 3365 3435
f 3449 3446 3331
f 3447 3450 3332
f 3310 3426 3425 3309
f 3303 3304 3428 3427
f 3309 3425 3429 3307
f 3304 3305 3430 3428
f 3337 3451 3449 3331
f 3338 3332 3450 3452
f 3307 3429 3431 3308
f 3305 3306 3432 3430
f 3594 3593 3401 3399
f 3591 3589 3395 3397
f 3528 3527 3432
f 3346 3434 3500 3499
f 3331 3333 3334 3337
f 3338 3335 3336 3332
f 3446 3429 3333 3331
f 3332 3336 3430 3447
f 3340 3346 3347 3348
f 3429 3501 3499 3431
f 3446 3502 3501 3429
f 3445 3503 3502 3446
f 3447 3430 3530 3529
f 3345 3349 3530 3527
f 3339 3350 3349 3345
f 3448 3447 3529 3531
f 3311 3312 3570 3569
f 3544 3543 3352
f 3315 3411 3572 3571
f 3354 3414 3546 3545
f 3316 3319 3574 3573
f 3593 3577 3361 3401
f 3321 3322 3576 3575
f 3357 3358 3550 3549
f 3319 3321 3575 3574
f 3357 3549 3548
f 3327 3311 3569 3577
f 3362 3352 3543 3551
f 3312 3329 3578 3570
f 3579 3580 3455 3475
f 3329 3473 3579 3578
f 3476 3553 3552
f 3584 3592 3485 3457
f 3576 3591 3397 3356
f 3325 3436 3582 3581
f 3360 3438 3556 3555
f 3343 3458 3584 3583
f 3368 3460 3558 3557
f 3345 3433 3586 3585
f 3370 3440 3560 3559
f 3341 3343 3583 3587
f 3366 3368 3557 3561
f 3339 3345 3585 3588
f 3364 3370 3559 3562
f 3595 3597 3544 3352
f 3599 3601 3358 3357
f 3603 3599 3357 3548
f 3595 3352 3362 3605
f 3607 3609 3438 3360
f 3589 3590 3423 3395
f 3611 3354 3440 3613
f 3615 3617 3368 3366
f 3619 3621 3370 3364
f 3623 3371 3478 3625
f 3456 3371 3623 3627
f 3552 3544 3478 3476
f 3455 3372 3477 3475
f 3629 3631 3415 3374
f 3611 3629 3374 3354
f 3573 3574 3416 3413
f 3354 3374 3415 3414
f 3506 3417 3408 3494
f 3534 3522 3409 3418
f 3461 3479 3469 3451
f 3462 3452 3470 3480
f 3420 3533 3532
f 3379 3422 3505 3504
f 3526 3531 3339 3453
f 3324 3382 3506 3494
f 3463 3482 3535 3540
f 3459 3484 3507 3512
f 3480 3470 3523 3536
f 3386 3328 3495 3508
f 3375 3441 3426 3310
f 3376 3303 3427 3442
f 3389 3461 3451 3337
f 3390 3338 3452 3462
f 3378 3443 3538 3537
f 3326 3437 3510 3509
f 3393 3463 3540 3539
f 3344 3459 3512 3511
f 3337 3334 3387 3389
f 3390 3388 3335 3338
f 3394 3392 3513 3511
f 3391 3393 3539 3541
f 3377 3419 3590 3589
f 3396 3424 3564 3563
f 3322 3381 3591 3576
f 3358 3398 3565 3550
f 3458 3481 3592 3584
f 3460 3486 3566 3558
f 3385 3327 3577 3593
f 3402 3362 3551 3567
f 3633 3635 3424 3396
f 3601 3637 3398 3358
f 3639 3641 3486 3460
f 3605 3362 3402 3643
f 3380 3375 3417 3421
f 3532 3534 3418 3420
f 3463 3462 3480 3482
f 3538 3541 3341 3436
f 3528 3517 3315 3433
f 3541 3539 3343 3341
f 3461 3464 3483 3479
f 3482 3480 3536 3542
f 3378 3376 3442 3443
f 3588 3585 3369 3363
f 3375 3380 3444 3441
f 3587 3583 3367 3365
f 3391 3388 3390 3393
f 3387 3392 3394 3389
f 3381 3377 3589 3591
f 3379 3382 3565 3563
f 3386 3384 3568 3567
f 3383 3385 3593 3594
f 3637 3633 3396 3398
f 3645 3643 3402 3400
f 3404 3307 3308 3403
f 3405 3406 3306 3305
f 3408 3310 3309 3407
f 3409 3410 3304 3303
f 3407 3309 3307 3404
f 3410 3405 3305 3304
f 3519 3518 3406
f 3412 3318 3491 3490
f 3411 3316 3573 3572
f 3547 3546 3414
f 3631 3603 3548 3415
f 3413 3416 3373 3353
f 3414 3415 3548 3547
f 3417 3375 3310 3408
f 3418 3409 3303 3376
f 3420 3378 3537 3533
f 3422 3326 3509 3505
f 3419 3325 3581 3590
f 3424 3360 3555 3564
f 3635 3607 3360 3424
f 3421 3417 3506 3504
f 3420 3418 3376 3378
f 3426 3334 3333 3425
f 3427 3428 3336 3335
f 3333 3429 3425
f 3430 3336 3428
f 3527 3528 3433 3345
f 3586 3571 3353 3439
f 3432 3306 3517 3528
f 3434 3317 3489 3500
f 3436 3341 3587 3582
f 3438 3366 3561 3556
f 3433 3315 3571 3586
f 3440 3354 3545 3560
f 3609 3615 3366 3438
f 3613 3440 3370 3621
f 3441 3387 3334 3426
f 3442 3427 3335 3388
f 3443 3391 3541 3538
f 3437 3342 3513 3510
f 3443 3442 3388 3391
f 3441 3444 3392 3387
f 3585 3586 3439 3369
f 3583 3584 3457 3367
f 3581 3582 3435 3359
f 3579 3475 3578
f 3592 3594 3399 3485
f 3577 3569 3351 3361
f 3531 3526 3448
f 3454 3340 3503 3498
f 3453 3339 3588 3580
f 3456 3364 3562 3554
f 3575 3355 3574
f 3575 3576 3356 3355
f 3627 3619 3364 3456
f 3639 3460 3368 3617
f 3580 3588 3363 3455
f 3571 3572 3413 3353
f 3570 3351 3569
f 3566 3568 3384 3484
f 3464 3461 3389 3394
f 3462 3463 3393 3390
f 3466 3487 3488 3465
f 3522 3534 3381 3322
f 3469 3495 3487 3466
f 3532 3533 3419 3377
f 3465 3488 3496 3471
f 3531 3529 3350 3339
f 3472 3448 3526 3525
f 3474 3454 3498 3497
f 3473 3453 3580 3579
f 3476 3456 3554 3553
f 3625 3478 3544 3597
f 3476 3478 3371 3456
f 3475 3477 3570 3578
f 3479 3508 3495 3469
f 3527 3530 3430 3432
f 3542 3535 3482
f 3484 3384 3514 3507
f 3481 3383 3594 3592
f 3486 3400 3568 3566
f 3641 3645 3400 3486
f 3529 3530 3349 3350
f 3479 3483 3514 3508
f 3539 3540 3458 3343
f 3489 3490 3403 3308
f 3533 3537 3325 3419
f 3518 3519 3316 3411
f 3542 3536 3385 3383
f 3537 3538 3436 3325
f 3536 3523 3327 3385
f 3497 3471 3496
f 3553 3554 3454 3474
f 3500 3431 3499
f 3501 3347 3346 3499
f 3502 3348 3347 3501
f 3503 3340 3348 3502
f 3505 3421 3504
f 3534 3532 3377 3381
f 3512 3507 3483 3464
f 3540 3535 3481 3458
f 3509 3510 3444 3380
f 3511 3512 3464 3394
f 3511 3513 3342 3344
f 3504 3506 3382 3379
f 3508 3514 3384 3386
f 3491 3403 3490
f 3505 3509 3380 3421
f 3500 3489 3308 3431
f 3510 3513 3392 3444
f 3503 3445 3498
f 3554 3562 3340 3454
f 3497 3498 3445 3471
f 3514 3483 3507
f 3515 3516 3312 3311
f 3517 3518 3411 3315
f 3519 3520 3319 3316
f 3521 3522 3322 3321
f 3520 3521 3321 3319
f 3523 3515 3311 3327
f 3516 3524 3329 3312
f 3524 3525 3473 3329
f 3543 3544 3314 3313
f 3545 3546 3412 3317
f 3547 3548 3320 3318
f 3549 3550 3324 3323
f 3548 3549 3323 3320
f 3551 3543 3313 3328
f 3544 3552 3330 3314
f 3552 3553 3474 3330
f 3560 3545 3317 3434
f 3555 3556 3437 3326
f 3557 3558 3459 3344
f 3559 3560 3434 3346
f 3561 3557 3344 3342
f 3562 3559 3346 3340
f 3563 3564 3422 3379
f 3550 3565 3382 3324
f 3558 3566 3484 3459
f 3567 3551 3328 3386
f 3563 3565 3398 3396
f 3567 3568 3400 3402
f 3546 3547 3318 3412
f 3564 3555 3326 3422
f 3556 3561 3342 3437
f 3596 3351 3570 3598
f 3595 3596 3598 3597
f 3600 3355 3356 3602
f 3599 3600 3602 3601
f 3604 3574 3355 3600
f 3603 3604 3600 3599
f 3596 3606 3361 3351
f 3605 3606 3596 3595
f 3608 3359 3435 3610
f 3607 3608 3610 3609
f 3612 3614 3439 3353
f 3613 3614 3612 3611
f 3616 3365 3367 3618
f 3615 3616 3618 3617
f 3620 3363 3369 3622
f 3619 3620 3622 3621
f 3624 3626 3477 3372
f 3625 3626 3624 3623
f 3628 3624 3372 3455
f 3623 3624 3628 3627
f 3630 3373 3416 3632
f 3629 3630 3632 3631
f 3353 3373 3630 3612
f 3611 3612 3630 3629
f 3634 3395 3423 3636
f 3633 3634 3636 3635
f 3602 3356 3397 3638
f 3601 3602 3638 3637
f 3640 3457 3485 3642
f 3639 3640 3642 3641
f 3606 3644 3401 3361
f 3643 3644 3606 3605
f 3397 3395 3634 3638
f 3637 3638 3634 3633
f 3399 3401 3644 3646
f 3645 3646 3644 3643
f 3632 3416 3574 3604
f 3631 3632 3604 3603
f 3636 3423 3359 3608
f 3635 3636 3608 3607
f 3610 3435 3365 3616
f 3609 3610 3616 3615
f 3614 3622 3369 3439
f 3621 3622 3614 3613
f 3628 3455 3363 3620
f 3627 3628 3620 3619
f 3640 3618 3367 3457
f 3617 3618 3640 3639
f 3626 3598 3570 3477
f 3597 3598 3626 3625
f 3642 3485 3399 3646
f 3641 3642 3646 3645
g Group32350
f 3793 3810 3809 3790
f 3794 3791 3812 3811
f 3836 3748 3747 3835
f 3864 3863 3750 3749
f 3838 3752 3751 3837
f 3866 3865 3754 3753
f 3837 3751 3748 3836
f 3865 3864 3749 3754
f 3795 3813 3810 3793
f 3796 3794 3811 3814
f 3790 3809 3815 3789
f 3791 3792 3816 3812
f 3811 3812 3860 3859
f 3657 3658 3832 3831
f 3650 3750 3862 3861
f 3661 3756 3834 3833
f 3879 3886 3727 3825
f 3662 3664 3836 3835
f 3869 3870 3797 3817
f 3667 3668 3838 3837
f 3934 3925 3703 3767
f 3664 3667 3837 3836
f 3814 3811 3859 3867
f 3672 3657 3831 3839
f 3812 3816 3868 3860
f 3658 3674 3840 3832
f 3869 3868 3816
f 3674 3818 3841 3840
f 3917 3757 3916
f 3926 3931 3709 3779
f 3793 3790 3675
f 3791 3794 3676
f 3654 3770 3769 3653
f 3647 3648 3772 3771
f 3653 3769 3773 3651
f 3648 3649 3774 3772
f 3681 3795 3793 3675
f 3682 3676 3794 3796
f 3651 3773 3775 3652
f 3649 3650 3776 3774
f 3938 3937 3745 3743
f 3935 3933 3739 3741
f 3872 3871 3776
f 3690 3778 3844 3843
f 3675 3677 3678 3681
f 3682 3679 3680 3676
f 3790 3773 3677 3675
f 3676 3680 3774 3791
f 3684 3690 3691 3692
f 3773 3845 3843 3775
f 3790 3846 3845 3773
f 3789 3847 3846 3790
f 3791 3774 3874 3873
f 3689 3693 3874 3871
f 3683 3694 3693 3689
f 3792 3791 3873 3875
f 3655 3656 3914 3913
f 3888 3887 3696
f 3659 3755 3916 3915
f 3698 3758 3890 3889
f 3660 3663 3918 3917
f 3937 3921 3705 3745
f 3665 3666 3920 3919
f 3701 3702 3894 3893
f 3663 3665 3919 3918
f 3701 3893 3892
f 3671 3655 3913 3921
f 3706 3696 3887 3895
f 3656 3673 3922 3914
f 3923 3924 3799 3819
f 3673 3817 3923 3922
f 3820 3897 3896
f 3928 3936 3829 3801
f 3920 3935 3741 3700
f 3669 3780 3926 3925
f 3704 3782 3900 3899
f 3687 3802 3928 3927
f 3712 3804 3902 3901
f 3689 3777 3930 3929
f 3714 3784 3904 3903
f 3685 3687 3927 3931
f 3710 3712 3901 3905
f 3683 3689 3929 3932
f 3708 3714 3903 3906
f 3939 3941 3888 3696
f 3943 3945 3702 3701
f 3947 3943 3701 3892
f 3939 3696 3706 3949
f 3951 3953 3782 3704
f 3933 3934 3767 3739
f 3955 3698 3784 3957
f 3959 3961 3712 3710
f 3963 3965 3714 3708
f 3967 3715 3822 3969
f 3800 3715 3967 3971
f 3896 3888 3822 3820
f 3799 3716 3821 3819
f 3973 3975 3759 3718
f 3955 3973 3718 3698
f 3917 3918 3760 3757
f 3698 3718 3759 3758
f 3850 3761 3752 3838
f 3878 3866 3753 3762
f 3805 3823 3813 3795
f 3806 3796 3814 3824
f 3764 3877 3876
f 3723 3766 3849 3848
f 3870 3875 3683 3797
f 3668 3726 3850 3838
f 3807 3826 3879 3884
f 3803 3828 3851 3856
f 3824 3814 3867 3880
f 3730 3672 3839 3852
f 3719 3785 3770 3654
f 3720 3647 3771 3786
f 3733 3805 3795 3681
f 3734 3682 3796 3806
f 3722 3787 3882 3881
f 3670 3781 3854 3853
f 3737 3807 3884 3883
f 3688 3803 3856 3855
f 3681 3678 3731 3733
f 3734 3732 3679 3682
f 3738 3736 3857 3855
f 3735 3737 3883 3885
f 3721 3763 3934 3933
f 3740 3768 3908 3907
f 3666 3725 3935 3920
f 3702 3742 3909 3894
f 3802 3825 3936 3928
f 3804 3830 3910 3902
f 3729 3671 3921 3937
f 3746 3706 3895 3911
f 3977 3979 3768 3740
f 3945 3981 3742 3702
f 3983 3985 3830 3804
f 3949 3706 3746 3987
f 3724 3719 3761 3765
f 3876 3878 3762 3764
f 3807 3806 3824 3826
f 3882 3885 3685 3780
f 3872 3861 3659 3777
f 3885 3883 3687 3685
f 3805 3808 3827 3823
f 3826 3824 3880 3886
f 3722 3720 3786 3787
f 3932 3929 3713 3707
f 3719 3724 3788 3785
f 3931 3927 3711 3709
f 3735 3732 3734 3737
f 3731 3736 3738 3733
f 3725 3721 3933 3935
f 3723 3726 3909 3907
f 3730 3728 3912 3911
f 3727 3729 3937 3938
f 3981 3977 3740 3742
f 3989 3987 3746 3744
f 3748 3651 3652 3747
f 3749 3750 3650 3649
f 3752 3654 3653 3751
f 3753 3754 3648 3647
f 3751 3653 3651 3748
f 3754 3749 3649 3648
f 3863 3862 3750
f 3756 3662 3835 3834
f 3755 3660 3917 3916
f 3891 3890 3758
f 3975 3947 3892 3759
f 3757 3760 3717 3697
f 3758 3759 3892 3891
f 3761 3719 3654 3752
f 3762 3753 3647 3720
f 3764 3722 3881 3877
f 3766 3670 3853 3849
f 3763 3669 3925 3934
f 3768 3704 3899 3908
f 3979 3951 3704 3768
f 3765 3761 3850 3848
f 3764 3762 3720 3722
f 3770 3678 3677 3769
f 3771 3772 3680 3679
f 3677 3773 3769
f 3774 3680 3772
f 3871 3872 3777 3689
f 3930 3915 3697 3783
f 3776 3650 3861 3872
f 3778 3661 3833 3844
f 3780 3685 3931 3926
f 3782 3710 3905 3900
f 3777 3659 3915 3930
f 3784 3698 3889 3904
f 3953 3959 3710 3782
f 3957 3784 3714 3965
f 3785 3731 3678 3770
f 3786 3771 3679 3732
f 3787 3735 3885 3882
f 3781 3686 3857 3854
f 3787 3786 3732 3735
f 3785 3788 3736 3731
f 3929 3930 3783 3713
f 3927 3928 3801 3711
f 3925 3926 3779 3703
f 3923 3819 3922
f 3936 3938 3743 3829
f 3921 3913 3695 3705
f 3875 3870 3792
f 3798 3684 3847 3842
f 3797 3683 3932 3924
f 3800 3708 3906 3898
f 3919 3699 3918
f 3919 3920 3700 3699
f 3971 3963 3708 3800
f 3983 3804 3712 3961
f 3924 3932 3707 3799
f 3915 3916 3757 3697
f 3914 3695 3913
f 3910 3912 3728 3828
f 3808 3805 3733 3738
f 3806 3807 3737 3734
f 3810 3831 3832 3809
f 3866 3878 3725 3666
f 3813 3839 3831 3810
f 3876 3877 3763 3721
f 3809 3832 3840 3815
f 3875 3873 3694 3683
f 3816 3792 3870 3869
f 3818 3798 3842 3841
f 3817 3797 3924 3923
f 3820 3800 3898 3897
f 3969 3822 3888 3941
f 3820 3822 3715 3800
f 3819 3821 3914 3922
f 3823 3852 3839 3813
f 3871 3874 3774 3776
f 3886 3879 3826
f 3828 3728 3858 3851
f 3825 3727 3938 3936
f 3830 3744 3912 3910
f 3985 3989 3744 3830
f 3873 3874 3693 3694
f 3823 3827 3858 3852
f 3883 3884 3802 3687
f 3833 3834 3747 3652
f 3877 3881 3669 3763
f 3862 3863 3660 3755
f 3886 3880 3729 3727
f 3881 3882 3780 3669
f 3880 3867 3671 3729
f 3841 3815 3840
f 3897 3898 3798 3818
f 3844 3775 3843
f 3845 3691 3690 3843
f 3846 3692 3691 3845
f 3847 3684 3692 3846
f 3849 3765 3848
f 3878 3876 3721 3725
f 3856 3851 3827 3808
f 3884 3879 3825 3802
f 3853 3854 3788 3724
f 3855 3856 3808 3738
f 3855 3857 3686 3688
f 3848 3850 3726 3723
f 3852 3858 3728 3730
f 3835 3747 3834
f 3849 3853 3724 3765
f 3844 3833 3652 3775
f 3854 3857 3736 3788
f 3847 3789 3842
f 3898 3906 3684 3798
f 3841 3842 3789 3815
f 3858 3827 3851
f 3859 3860 3656 3655
f 3861 3862 3755 3659
f 3863 3864 3663 3660
f 3865 3866 3666 3665
f 3864 3865 3665 3663
f 3867 3859 3655 3671
f 3860 3868 3673 3656
f 3868 3869 3817 3673
f 3887 3888 3658 3657
f 3889 3890 3756 3661
f 3891 3892 3664 3662
f 3893 3894 3668 3667
f 3892 3893 3667 3664
f 3895 3887 3657 3672
f 3888 3896 3674 3658
f 3896 3897 3818 3674
f 3904 3889 3661 3778
f 3899 3900 3781 3670
f 3901 3902 3803 3688
f 3903 3904 3778 3690
f 3905 3901 3688 3686
f 3906 3903 3690 3684
f 3907 3908 3766 3723
f 3894 3909 3726 3668
f 3902 3910 3828 3803
f 3911 3895 3672 3730
f 3907 3909 3742 3740
f 3911 3912 3744 3746
f 3890 3891 3662 3756
f 3908 3899 3670 3766
f 3900 3905 3686 3781
f 3940 3695 3914 3942
f 3939 3940 3942 3941
f 3944 3699 3700 3946
f 3943 3944 3946 3945
f 3948 3918 3699 3944
f 3947 3948 3944 3943
f 3940 3950 3705 3695
f 3949 3950 3940 3939
f 3952 3703 3779 3954
f 3951 3952 3954 3953
f 3956 3958 3783 3697
f 3957 3958 3956 3955
f 3960 3709 3711 3962
f 3959 3960 3962 3961
f 3964 3707 3713 3966
f 3963 3964 3966 3965
f 3968 3970 3821 3716
f 3969 3970 3968 3967
f 3972 3968 3716 3799
f 3967 3968 3972 3971
f 3974 3717 3760 3976
f 3973 3974 3976 3975
f 3697 3717 3974 3956
f 3955 3956 3974 3973
f 3978 3739 3767 3980
f 3977 3978 3980 3979
f 3946 3700 3741 3982
f 3945 3946 3982 3981
f 3984 3801 3829 3986
f 3983 3984 3986 3985
f 3950 3988 3745 3705
f 3987 3988 3950 3949
f 3741 3739 3978 3982
f 3981 3982 3978 3977
f 3743 3745 3988 3990
f 3989 3990 3988 3987
f 3976 3760 3918 3948
f 3975 3976 3948 3947
f 3980 3767 3703 3952
f 3979 3980 3952 3951
f 3954 3779 3709 3960
f 3953 3954 3960 3959
f 3958 3966 3713 3783
f 3965 3966 3958 3957
f 3972 3799 3707 3964
f 3971 3972 3964 3963
f 3984 3962 3711 3801
f 3961 3962 3984 3983
f 3970 3942 3914 3821
f 3941 3942 3970 3969
f 3986 3829 3743 3990
f 3985 3986 3990 3989
g Group32351
f 4137 4154 4153 4134
f 4138 4135 4156 4155
f 4180 4092 4091 4179
f 4208 4207 4094 4093
f 4182 4096 4095 4181
f 4210 4209 4098 4097
f 4181 4095 4092 4180
f 4209 4208 4093 4098
f 4139 4157 4154 4137
f 4140 4138 4155 4158
f 4134 4153 4159 4133
f 4135 4136 4160 4156
f 4155 4156 4204 4203
f 4001 4002 4176 4175
f 3994 4094 4206 4205
f 4005 4100 4178 4177
f 4223 4230 4071 4169
f 4006 4008 4180 4179
f 4213 4214 4141 4161
f 4011 4012 4182 4181
f 4278 4269 4047 4111
f 4008 4011 4181 4180
f 4158 4155 4203 4211
f 4016 4001 4175 4183
f 4156 4160 4212 4204
f 4002 4018 4184 4176
f 4213 4212 4160
f 4018 4162 4185 4184
f 4261 4101 4260
f 4270 4275 4053 4123
f 4137 4134 4019
f 4135 4138 4020
f 3998 4114 4113 3997
f 3991 3992 4116 4115
f 3997 4113 4117 3995
f 3992 3993 4118 4116
f 4025 4139 4137 4019
f 4026 4020 4138 4140
f 3995 4117 4119 3996
f 3993 3994 4120 4118
f 4282 4281 4089 4087
f 4279 4277 4083 4085
f 4216 4215 4120
f 4034 4122 4188 4187
f 4019 4021 4022 4025
f 4026 4023 4024 4020
f 4134 4117 4021 4019
f 4020 4024 4118 4135
f 4028 4034 4035 4036
f 4117 4189 4187 4119
f 4134 4190 4189 4117
f 4133 4191 4190 4134
f 4135 4118 4218 4217
f 4033 4037 4218 4215
f 4027 4038 4037 4033
f 4136 4135 4217 4219
f 3999 4000 4258 4257
f 4232 4231 4040
f 4003 4099 4260 4259
f 4042 4102 4234 4233
f 4004 4007 4262 4261
f 4281 4265 4049 4089
f 4009 4010 4264 4263
f 4045 4046 4238 4237
f 4007 4009 4263 4262
f 4045 4237 4236
f 4015 3999 4257 4265
f 4050 4040 4231 4239
f 4000 4017 4266 4258
f 4267 4268 4143 4163
f 4017 4161 4267 4266
f 4164 4241 4240
f 4272 4280 4173 4145
f 4264 4279 4085 4044
f 4013 4124 4270 4269
f 4048 4126 4244 4243
f 4031 4146 4272 4271
f 4056 4148 4246 4245
f 4033 4121 4274 4273
f 4058 4128 4248 4247
f 4029 4031 4271 4275
f 4054 4056 4245 4249
f 4027 4033 4273 4276
f 4052 4058 4247 4250
f 4283 4285 4232 4040
f 4287 4289 4046 4045
f 4291 4287 4045 4236
f 4283 4040 4050 4293
f 4295 4297 4126 4048
f 4277 4278 4111 4083
f 4299 4042 4128 4301
f 4303 4305 4056 4054
f 4307 4309 4058 4052
f 4311 4059 4166 4313
f 4144 4059 4311 4315
f 4240 4232 4166 4164
f 4143 4060 4165 4163
f 4317 4319 4103 4062
f 4299 4317 4062 4042
f 4261 4262 4104 4101
f 4042 4062 4103 4102
f 4194 4105 4096 4182
f 4222 4210 4097 4106
f 4149 4167 4157 4139
f 4150 4140 4158 4168
f 4108 4221 4220
f 4067 4110 4193 4192
f 4214 4219 4027 4141
f 4012 4070 4194 4182
f 4151 4170 4223 4228
f 4147 4172 4195 4200
f 4168 4158 4211 4224
f 4074 4016 4183 4196
f 4063 4129 4114 3998
f 4064 3991 4115 4130
f 4077 4149 4139 4025
f 4078 4026 4140 4150
f 4066 4131 4226 4225
f 4014 4125 4198 4197
f 4081 4151 4228 4227
f 4032 4147 4200 4199
f 4025 4022 4075 4077
f 4078 4076 4023 4026
f 4082 4080 4201 4199
f 4079 4081 4227 4229
f 4065 4107 4278 4277
f 4084 4112 4252 4251
f 4010 4069 4279 4264
f 4046 4086 4253 4238
f 4146 4169 4280 4272
f 4148 4174 4254 4246
f 4073 4015 4265 4281
f 4090 4050 4239 4255
f 4321 4323 4112 4084
f 4289 4325 4086 4046
f 4327 4329 4174 4148
f 4293 4050 4090 4331
f 4068 4063 4105 4109
f 4220 4222 4106 4108
f 4151 4150 4168 4170
f 4226 4229 4029 4124
f 4216 4205 4003 4121
f 4229 4227 4031 4029
f 4149 4152 4171 4167
f 4170 4168 4224 4230
f 4066 4064 4130 4131
f 4276 4273 4057 4051
f 4063 4068 4132 4129
f 4275 4271 4055 4053
f 4079 4076 4078 4081
f 4075 4080 4082 4077
f 4069 4065 4277 4279
f 4067 4070 4253 4251
f 4074 4072 4256 4255
f 4071 4073 4281 4282
f 4325 4321 4084 4086
f 4333 4331 4090 4088
f 4092 3995 3996 4091
f 4093 4094 3994 3993
f 4096 3998 3997 4095
f 4097 4098 3992 3991
f 4095 3997 3995 4092
f 4098 4093 3993 3992
f 4207 4206 4094
f 4100 4006 4179 4178
f 4099 4004 4261 4260
f 4235 4234 4102
f 4319 4291 4236 4103
f 4101 4104 4061 4041
f 4102 4103 4236 4235
f 4105 4063 3998 4096
f 4106 4097 3991 4064
f 4108 4066 4225 4221
f 4110 4014 4197 4193
f 4107 4013 4269 4278
f 4112 4048 4243 4252
f 4323 4295 4048 4112
f 4109 4105 4194 4192
f 4108 4106 4064 4066
f 4114 4022 4021 4113
f 4115 4116 4024 4023
f 4021 4117 4113
f 4118 4024 4116
f 4215 4216 4121 4033
f 4274 4259 4041 4127
f 4120 3994 4205 4216
f 4122 4005 4177 4188
f 4124 4029 4275 4270
f 4126 4054 4249 4244
f 4121 4003 4259 4274
f 4128 4042 4233 4248
f 4297 4303 4054 4126
f 4301 4128 4058 4309
f 4129 4075 4022 4114
f 4130 4115 4023 4076
f 4131 4079 4229 4226
f 4125 4030 4201 4198
f 4131 4130 4076 4079
f 4129 4132 4080 4075
f 4273 4274 4127 4057
f 4271 4272 4145 4055
f 4269 4270 4123 4047
f 4267 4163 4266
f 4280 4282 4087 4173
f 4265 4257 4039 4049
f 4219 4214 4136
f 4142 4028 4191 4186
f 4141 4027 4276 4268
f 4144 4052 4250 4242
f 4263 4043 4262
f 4263 4264 4044 4043
f 4315 4307 4052 4144
f 4327 4148 4056 4305
f 4268 4276 4051 4143
f 4259 4260 4101 4041
f 4258 4039 4257
f 4254 4256 4072 4172
f 4152 4149 4077 4082
f 4150 4151 4081 4078
f 4154 4175 4176 4153
f 4210 4222 4069 4010
f 4157 4183 4175 4154
f 4220 4221 4107 4065
f 4153 4176 4184 4159
f 4219 4217 4038 4027
f 4160 4136 4214 4213
f 4162 4142 4186 4185
f 4161 4141 4268 4267
f 4164 4144 4242 4241
f 4313 4166 4232 4285
f 4164 4166 4059 4144
f 4163 4165 4258 4266
f 4167 4196 4183 4157
f 4215 4218 4118 4120
f 4230 4223 4170
f 4172 4072 4202 4195
f 4169 4071 4282 4280
f 4174 4088 4256 4254
f 4329 4333 4088 4174
f 4217 4218 4037 4038
f 4167 4171 4202 4196
f 4227 4228 4146 4031
f 4177 4178 4091 3996
f 4221 4225 4013 4107
f 4206 4207 4004 4099
f 4230 4224 4073 4071
f 4225 4226 4124 4013
f 4224 4211 4015 4073
f 4185 4159 4184
f 4241 4242 4142 4162
f 4188 4119 4187
f 4189 4035 4034 4187
f 4190 4036 4035 4189
f 4191 4028 4036 4190
f 4193 4109 4192
f 4222 4220 4065 4069
f 4200 4195 4171 4152
f 4228 4223 4169 4146
f 4197 4198 4132 4068
f 4199 4200 4152 4082
f 4199 4201 4030 4032
f 4192 4194 4070 4067
f 4196 4202 4072 4074
f 4179 4091 4178
f 4193 4197 4068 4109
f 4188 4177 3996 4119
f 4198 4201 4080 4132
f 4191 4133 4186
f 4242 4250 4028 4142
f 4185 4186 4133 4159
f 4202 4171 4195
f 4203 4204 4000 3999
f 4205 4206 4099 4003
f 4207 4208 4007 4004
f 4209 4210 4010 4009
f 4208 4209 4009 4007
f 4211 4203 3999 4015
f 4204 4212 4017 4000
f 4212 4213 4161 4017
f 4231 4232 4002 4001
f 4233 4234 4100 4005
f 4235 4236 4008 4006
f 4237 4238 4012 4011
f 4236 4237 4011 4008
f 4239 4231 4001 4016
f 4232 4240 4018 4002
f 4240 4241 4162 4018
f 4248 4233 4005 4122
f 4243 4244 4125 4014
f 4245 4246 4147 4032
f 4247 4248 4122 4034
f 4249 4245 4032 4030
f 4250 4247 4034 4028
f 4251 4252 4110 4067
f 4238 4253 4070 4012
f 4246 4254 4172 4147
f 4255 4239 4016 4074
f 4251 4253 4086 4084
f 4255 4256 4088 4090
f 4234 4235 4006 4100
f 4252 4243 4014 4110
f 4244 4249 4030 4125
f 4284 4039 4258 4286
f 4283 4284 4286 4285
f 4288 4043 4044 4290
f 4287 4288 4290 4289
f 4292 4262 4043 4288
f 4291 4292 4288 4287
f 4284 4294 4049 4039
f 4293 4294 4284 4283
f 4296 4047 4123 4298
f 4295 4296 4298 4297
f 4300 4302 4127 4041
f 4301 4302 4300 4299
f 4304 4053 4055 4306
f 4303 4304 4306 4305
f 4308 4051 4057 4310
f 4307 4308 4310 4309
f 4312 4314 4165 4060
f 4313 4314 4312 4311
f 4316 4312 4060 4143
f 4311 4312 4316 4315
f 4318 4061 4104 4320
f 4317 4318 4320 4319
f 4041 4061 4318 4300
f 4299 4300 4318 4317
f 4322 4083 4111 4324
f 4321 4322 4324 4323
f 4290 4044 4085 4326
f 4289 4290 4326 4325
f 4328 4145 4173 4330
f 4327 4328 4330 4329
f 4294 4332 4089 4049
f 4331 4332 4294 4293
f 4085 4083 4322 4326
f 4325 4326 4322 4321
f 4087 4089 4332 4334
f 4333 4334 4332 4331
f 4320 4104 4262 4292
f 4319 4320 4292 4291
f 4324 4111 4047 4296
f 4323 4324 4296 4295
f 4298 4123 4053 4304
f 4297 4298 4304 4303
f 4302 4310 4057 4127
f 4309 4310 4302 4301
f 4316 4143 4051 4308
f 4315 4316 4308 4307
f 4328 4306 4055 4145
f 4305 4306 4328 4327
f 4314 4286 4258 4165
f 4285 4286 4314 4313
f 4330 4173 4087 4334
f 4329 4330 4334 4333
g Group32352
f 4481 4498 4497 4478
f 4482 4479 4500 4499
f 4524 4436 4435 4523
f 4552 4551 4438 4437
f 4526 4440 4439 4525
f 4554 4553 4442 4441
f 4525 4439 4436 4524
f 4553 4552 4437 4442
f 4483 4501 4498 4481
f 4484 4482 4499 4502
f 4478 4497 4503 4477
f 4479 4480 4504 4500
f 4499 4500 4548 4547
f 4345 4346 4520 4519
f 4338 4438 4550 4549
f 4349 4444 4522 4521
f 4567 4574 4415 4513
f 4350 4352 4524 4523
f 4557 4558 4485 4505
f 4355 4356 4526 4525
f 4622 4613 4391 4455
f 4352 4355 4525 4524
f 4502 4499 4547 4555
f 4360 4345 4519 4527
f 4500 4504 4556 4548
f 4346 4362 4528 4520
f 4557 4556 4504
f 4362 4506 4529 4528
f 4605 4445 4604
f 4614 4619 4397 4467
f 4481 4478 4363
f 4479 4482 4364
f 4342 4458 4457 4341
f 4335 4336 4460 4459
f 4341 4457 4461 4339
f 4336 4337 4462 4460
f 4369 4483 4481 4363
f 4370 4364 4482 4484
f 4339 4461 4463 4340
f 4337 4338 4464 4462
f 4626 4625 4433 4431
f 4623 4621 4427 4429
f 4560 4559 4464
f 4378 4466 4532 4531
f 4363 4365 4366 4369
f 4370 4367 4368 4364
f 4478 4461 4365 4363
f 4364 4368 4462 4479
f 4372 4378 4379 4380
f 4461 4533 4531 4463
f 4478 4534 4533 4461
f 4477 4535 4534 4478
f 4479 4462 4562 4561
f 4377 4381 4562 4559
f 4371 4382 4381 4377
f 4480 4479 4561 4563
f 4343 4344 4602 4601
f 4576 4575 4384
f 4347 4443 4604 4603
f 4386 4446 4578 4577
f 4348 4351 4606 4605
f 4625 4609 4393 4433
f 4353 4354 4608 4607
f 4389 4390 4582 4581
f 4351 4353 4607 4606
f 4389 4581 4580
f 4359 4343 4601 4609
f 4394 4384 4575 4583
f 4344 4361 4610 4602
f 4611 4612 4487 4507
f 4361 4505 4611 4610
f 4508 4585 4584
f 4616 4624 4517 4489
f 4608 4623 4429 4388
f 4357 4468 4614 4613
f 4392 4470 4588 4587
f 4375 4490 4616 4615
f 4400 4492 4590 4589
f 4377 4465 4618 4617
f 4402 4472 4592 4591
f 4373 4375 4615 4619
f 4398 4400 4589 4593
f 4371 4377 4617 4620
f 4396 4402 4591 4594
f 4627 4629 4576 4384
f 4631 4633 4390 4389
f 4635 4631 4389 4580
f 4627 4384 4394 4637
f 4639 4641 4470 4392
f 4621 4622 4455 4427
f 4643 4386 4472 4645
f 4647 4649 4400 4398
f 4651 4653 4402 4396
f 4655 4403 4510 4657
f 4488 4403 4655 4659
f 4584 4576 4510 4508
f 4487 4404 4509 4507
f 4661 4663 4447 4406
f 4643 4661 4406 4386
f 4605 4606 4448 4445
f 4386 4406 4447 4446
f 4538 4449 4440 4526
f 4566 4554 4441 4450
f 4493 4511 4501 4483
f 4494 4484 4502 4512
f 4452 4565 4564
f 4411 4454 4537 4536
f 4558 4563 4371 4485
f 4356 4414 4538 4526
f 4495 4514 4567 4572
f 4491 4516 4539 4544
f 4512 4502 4555 4568
f 4418 4360 4527 4540
f 4407 4473 4458 4342
f 4408 4335 4459 4474
f 4421 4493 4483 4369
f 4422 4370 4484 4494
f 4410 4475 4570 4569
f 4358 4469 4542 4541
f 4425 4495 4572 4571
f 4376 4491 4544 4543
f 4369 4366 4419 4421
f 4422 4420 4367 4370
f 4426 4424 4545 4543
f 4423 4425 4571 4573
f 4409 4451 4622 4621
f 4428 4456 4596 4595
f 4354 4413 4623 4608
f 4390 4430 4597 4582
f 4490 4513 4624 4616
f 4492 4518 4598 4590
f 4417 4359 4609 4625
f 4434 4394 4583 4599
f 4665 4667 4456 4428
f 4633 4669 4430 4390
f 4671 4673 4518 4492
f 4637 4394 4434 4675
f 4412 4407 4449 4453
f 4564 4566 4450 4452
f 4495 4494 4512 4514
f 4570 4573 4373 4468
f 4560 4549 4347 4465
f 4573 4571 4375 4373
f 4493 4496 4515 4511
f 4514 4512 4568 4574
f 4410 4408 4474 4475
f 4620 4617 4401 4395
f 4407 4412 4476 4473
f 4619 4615 4399 4397
f 4423 4420 4422 4425
f 4419 4424 4426 4421
f 4413 4409 4621 4623
f 4411 4414 4597 4595
f 4418 4416 4600 4599
f 4415 4417 4625 4626
f 4669 4665 4428 4430
f 4677 4675 4434 4432
f 4436 4339 4340 4435
f 4437 4438 4338 4337
f 4440 4342 4341 4439
f 4441 4442 4336 4335
f 4439 4341 4339 4436
f 4442 4437 4337 4336
f 4551 4550 4438
f 4444 4350 4523 4522
f 4443 4348 4605 4604
f 4579 4578 4446
f 4663 4635 4580 4447
f 4445 4448 4405 4385
f 4446 4447 4580 4579
f 4449 4407 4342 4440
f 4450 4441 4335 4408
f 4452 4410 4569 4565
f 4454 4358 4541 4537
f 4451 4357 4613 4622
f 4456 4392 4587 4596
f 4667 4639 4392 4456
f 4453 4449 4538 4536
f 4452 4450 4408 4410
f 4458 4366 4365 4457
f 4459 4460 4368 4367
f 4365 4461 4457
f 4462 4368 4460
f 4559 4560 4465 4377
f 4618 4603 4385 4471
f 4464 4338 4549 4560
f 4466 4349 4521 4532
f 4468 4373 4619 4614
f 4470 4398 4593 4588
f 4465 4347 4603 4618
f 4472 4386 4577 4592
f 4641 4647 4398 4470
f 4645 4472 4402 4653
f 4473 4419 4366 4458
f 4474 4459 4367 4420
f 4475 4423 4573 4570
f 4469 4374 4545 4542
f 4475 4474 4420 4423
f 4473 4476 4424 4419
f 4617 4618 4471 4401
f 4615 4616 4489 4399
f 4613 4614 4467 4391
f 4611 4507 4610
f 4624 4626 4431 4517
f 4609 4601 4383 4393
f 4563 4558 4480
f 4486 4372 4535 4530
f 4485 4371 4620 4612
f 4488 4396 4594 4586
f 4607 4387 4606
f 4607 4608 4388 4387
f 4659 4651 4396 4488
f 4671 4492 4400 4649
f 4612 4620 4395 4487
f 4603 4604 4445 4385
f 4602 4383 4601
f 4598 4600 4416 4516
f 4496 4493 4421 4426
f 4494 4495 4425 4422
f 4498 4519 4520 4497
f 4554 4566 4413 4354
f 4501 4527 4519 4498
f 4564 4565 4451 4409
f 4497 4520 4528 4503
f 4563 4561 4382 4371
f 4504 4480 4558 4557
f 4506 4486 4530 4529
f 4505 4485 4612 4611
f 4508 4488 4586 4585
f 4657 4510 4576 4629
f 4508 4510 4403 4488
f 4507 4509 4602 4610
f 4511 4540 4527 4501
f 4559 4562 4462 4464
f 4574 4567 4514
f 4516 4416 4546 4539
f 4513 4415 4626 4624
f 4518 4432 4600 4598
f 4673 4677 4432 4518
f 4561 4562 4381 4382
f 4511 4515 4546 4540
f 4571 4572 4490 4375
f 4521 4522 4435 4340
f 4565 4569 4357 4451
f 4550 4551 4348 4443
f 4574 4568 4417 4415
f 4569 4570 4468 4357
f 4568 4555 4359 4417
f 4529 4503 4528
f 4585 4586 4486 4506
f 4532 4463 4531
f 4533 4379 4378 4531
f 4534 4380 4379 4533
f 4535 4372 4380 4534
f 4537 4453 4536
f 4566 4564 4409 4413
f 4544 4539 4515 4496
f 4572 4567 4513 4490
f 4541 4542 4476 4412
f 4543 4544 4496 4426
f 4543 4545 4374 4376
f 4536 4538 4414 4411
f 4540 4546 4416 4418
f 4523 4435 4522
f 4537 4541 4412 4453
f 4532 4521 4340 4463
f 4542 4545 4424 4476
f 4535 4477 4530
f 4586 4594 4372 4486
f 4529 4530 4477 4503
f 4546 4515 4539
f 4547 4548 4344 4343
f 4549 4550 4443 4347
f 4551 4552 4351 4348
f 4553 4554 4354 4353
f 4552 4553 4353 4351
f 4555 4547 4343 4359
f 4548 4556 4361 4344
f 4556 4557 4505 4361
f 4575 4576 4346 4345
f 4577 4578 4444 4349
f 4579 4580 4352 4350
f 4581 4582 4356 4355
f 4580 4581 4355 4352
f 4583 4575 4345 4360
f 4576 4584 4362 4346
f 4584 4585 4506 4362
f 4592 4577 4349 4466
f 4587 4588 4469 4358
f 4589 4590 4491 4376
f 4591 4592 4466 4378
f 4593 4589 4376 4374
f 4594 4591 4378 4372
f 4595 4596 4454 4411
f 4582 4597 4414 4356
f 4590 4598 4516 4491
f 4599 4583 4360 4418
f 4595 4597 4430 4428
f 4599 4600 4432 4434
f 4578 4579 4350 4444
f 4596 4587 4358 4454
f 4588 4593 4374 4469
f 4628 4383 4602 4630
f 4627 4628 4630 4629
f 4632 4387 4388 4634
f 4631 4632 4634 4633
f 4636 4606 4387 4632
f 4635 4636 4632 4631
f 4628 4638 4393 4383
f 4637 4638 4628 4627
f 4640 4391 4467 4642
f 4639 4640 4642 4641
f 4644 4646 4471 4385
f 4645 4646 4644 4643
f 4648 4397 4399 4650
f 4647 4648 4650 4649
f 4652 4395 4401 4654
f 4651 4652 4654 4653
f 4656 4658 4509 4404
f 4657 4658 4656 4655
f 4660 4656 4404 4487
f 4655 4656 4660 4659
f 4662 4405 4448 4664
f 4661 4662 4664 4663
f 4385 4405 4662 4644
f 4643 4644 4662 4661
f 4666 4427 4455 4668
f 4665 4666 4668 4667
f 4634 4388 4429 4670
f 4633 4634 4670 4669
f 4672 4489 4517 4674
f 4671 4672 4674 4673
f 4638 4676 4433 4393
f 4675 4676 4638 4637
f 4429 4427 4666 4670
f 4669 4670 4666 4665
f 4431 4433 4676 4678
f 4677 4678 4676 4675
f 4664 4448 4606 4636
f 4663 4664 4636 4635
f 4668 4455 4391 4640
f 4667 4668 4640 4639
f 4642 4467 4397 4648
f 4641 4642 4648 4647
f 4646 4654 4401 4471
f 4653 4654 4646 4645
f 4660 4487 4395 4652
f 4659 4660 4652 4651
f 4672 4650 4399 4489
f 4649 4650 4672 4671
f 4658 4630 4602 4509
f 4629 4630 4658 4657
f 4674 4517 4431 4678
f 4673 4674 4678 4677
g Group32353
f 4825 4842 4841 4822
f 4826 4823 4844 4843
f 4868 4780 4779 4867
f 4896 4895 4782 4781
f 4870 4784 4783 4869
f 4898 4897 4786 4785
f 4869 4783 4780 4868
f 4897 4896 4781 4786
f 4827 4845 4842 4825
f 4828 4826 4843 4846
f 4822 4841 4847 4821
f 4823 4824 4848 4844
f 4843 4844 4892 4891
f 4689 4690 4864 4863
f 4682 4782 4894 4893
f 4693 4788 4866 4865
f 4911 4918 4759 4857
f 4694 4696 4868 4867
f 4901 4902 4829 4849
f 4699 4700 4870 4869
f 4966 4957 4735 4799
f 4696 4699 4869 4868
f 4846 4843 4891 4899
f 4704 4689 4863 4871
f 4844 4848 4900 4892
f 4690 4706 4872 4864
f 4901 4900 4848
f 4706 4850 4873 4872
f 4949 4789 4948
f 4958 4963 4741 4811
f 4825 4822 4707
f 4823 4826 4708
f 4686 4802 4801 4685
f 4679 4680 4804 4803
f 4685 4801 4805 4683
f 4680 4681 4806 4804
f 4713 4827 4825 4707
f 4714 4708 4826 4828
f 4683 4805 4807 4684
f 4681 4682 4808 4806
f 4970 4969 4777 4775
f 4967 4965 4771 4773
f 4904 4903 4808
f 4722 4810 4876 4875
f 4707 4709 4710 4713
f 4714 4711 4712 4708
f 4822 4805 4709 4707
f 4708 4712 4806 4823
f 4716 4722 4723 4724
f 4805 4877 4875 4807
f 4822 4878 4877 4805
f 4821 4879 4878 4822
f 4823 4806 4906 4905
f 4721 4725 4906 4903
f 4715 4726 4725 4721
f 4824 4823 4905 4907
f 4687 4688 4946 4945
f 4920 4919 4728
f 4691 4787 4948 4947
f 4730 4790 4922 4921
f 4692 4695 4950 4949
f 4969 4953 4737 4777
f 4697 4698 4952 4951
f 4733 4734 4926 4925
f 4695 4697 4951 4950
f 4733 4925 4924
f 4703 4687 4945 4953
f 4738 4728 4919 4927
f 4688 4705 4954 4946
f 4955 4956 4831 4851
f 4705 4849 4955 4954
f 4852 4929 4928
f 4960 4968 4861 4833
f 4952 4967 4773 4732
f 4701 4812 4958 4957
f 4736 4814 4932 4931
f 4719 4834 4960 4959
f 4744 4836 4934 4933
f 4721 4809 4962 4961
f 4746 4816 4936 4935
f 4717 4719 4959 4963
f 4742 4744 4933 4937
f 4715 4721 4961 4964
f 4740 4746 4935 4938
f 4971 4973 4920 4728
f 4975 4977 4734 4733
f 4979 4975 4733 4924
f 4971 4728 4738 4981
f 4983 4985 4814 4736
f 4965 4966 4799 4771
f 4987 4730 4816 4989
f 4991 4993 4744 4742
f 4995 4997 4746 4740
f 4999 4747 4854 5001
f 4832 4747 4999 5003
f 4928 4920 4854 4852
f 4831 4748 4853 4851
f 5005 5007 4791 4750
f 4987 5005 4750 4730
f 4949 4950 4792 4789
f 4730 4750 4791 4790
f 4882 4793 4784 4870
f 4910 4898 4785 4794
f 4837 4855 4845 4827
f 4838 4828 4846 4856
f 4796 4909 4908
f 4755 4798 4881 4880
f 4902 4907 4715 4829
f 4700 4758 4882 4870
f 4839 4858 4911 4916
f 4835 4860 4883 4888
f 4856 4846 4899 4912
f 4762 4704 4871 4884
f 4751 4817 4802 4686
f 4752 4679 4803 4818
f 4765 4837 4827 4713
f 4766 4714 4828 4838
f 4754 4819 4914 4913
f 4702 4813 4886 4885
f 4769 4839 4916 4915
f 4720 4835 4888 4887
f 4713 4710 4763 4765
f 4766 4764 4711 4714
f 4770 4768 4889 4887
f 4767 4769 4915 4917
f 4753 4795 4966 4965
f 4772 4800 4940 4939
f 4698 4757 4967 4952
f 4734 4774 4941 4926
f 4834 4857 4968 4960
f 4836 4862 4942 4934
f 4761 4703 4953 4969
f 4778 4738 4927 4943
f 5009 5011 4800 4772
f 4977 5013 4774 4734
f 5015 5017 4862 4836
f 4981 4738 4778 5019
f 4756 4751 4793 4797
f 4908 4910 4794 4796
f 4839 4838 4856 4858
f 4914 4917 4717 4812
f 4904 4893 4691 4809
f 4917 4915 4719 4717
f 4837 4840 4859 4855
f 4858 4856 4912 4918
f 4754 4752 4818 4819
f 4964 4961 4745 4739
f 4751 4756 4820 4817
f 4963 4959 4743 4741
f 4767 4764 4766 4769
f 4763 4768 4770 4765
f 4757 4753 4965 4967
f 4755 4758 4941 4939
f 4762 4760 4944 4943
f 4759 4761 4969 4970
f 5013 5009 4772 4774
f 5021 5019 4778 4776
f 4780 4683 4684 4779
f 4781 4782 4682 4681
f 4784 4686 4685 4783
f 4785 4786 4680 4679
f 4783 4685 4683 4780
f 4786 4781 4681 4680
f 4895 4894 4782
f 4788 4694 4867 4866
f 4787 4692 4949 4948
f 4923 4922 4790
f 5007 4979 4924 4791
f 4789 4792 4749 4729
f 4790 4791 4924 4923
f 4793 4751 4686 4784
f 4794 4785 4679 4752
f 4796 4754 4913 4909
f 4798 4702 4885 4881
f 4795 4701 4957 4966
f 4800 4736 4931 4940
f 5011 4983 4736 4800
f 4797 4793 4882 4880
f 4796 4794 4752 4754
f 4802 4710 4709 4801
f 4803 4804 4712 4711
f 4709 4805 4801
f 4806 4712 4804
f 4903 4904 4809 4721
f 4962 4947 4729 4815
f 4808 4682 4893 4904
f 4810 4693 4865 4876
f 4812 4717 4963 4958
f 4814 4742 4937 4932
f 4809 4691 4947 4962
f 4816 4730 4921 4936
f 4985 4991 4742 4814
f 4989 4816 4746 4997
f 4817 4763 4710 4802
f 4818 4803 4711 4764
f 4819 4767 4917 4914
f 4813 4718 4889 4886
f 4819 4818 4764 4767
f 4817 4820 4768 4763
f 4961 4962 4815 4745
f 4959 4960 4833 4743
f 4957 4958 4811 4735
f 4955 4851 4954
f 4968 4970 4775 4861
f 4953 4945 4727 4737
f 4907 4902 4824
f 4830 4716 4879 4874
f 4829 4715 4964 4956
f 4832 4740 4938 4930
f 4951 4731 4950
f 4951 4952 4732 4731
f 5003 4995 4740 4832
f 5015 4836 4744 4993
f 4956 4964 4739 4831
f 4947 4948 4789 4729
f 4946 4727 4945
f 4942 4944 4760 4860
f 4840 4837 4765 4770
f 4838 4839 4769 4766
f 4842 4863 4864 4841
f 4898 4910 4757 4698
f 4845 4871 4863 4842
f 4908 4909 4795 4753
f 4841 4864 4872 4847
f 4907 4905 4726 4715
f 4848 4824 4902 4901
f 4850 4830 4874 4873
f 4849 4829 4956 4955
f 4852 4832 4930 4929
f 5001 4854 4920 4973
f 4852 4854 4747 4832
f 4851 4853 4946 4954
f 4855 4884 4871 4845
f 4903 4906 4806 4808
f 4918 4911 4858
f 4860 4760 4890 4883
f 4857 4759 4970 4968
f 4862 4776 4944 4942
f 5017 5021 4776 4862
f 4905 4906 4725 4726
f 4855 4859 4890 4884
f 4915 4916 4834 4719
f 4865 4866 4779 4684
f 4909 4913 4701 4795
f 4894 4895 4692 4787
f 4918 4912 4761 4759
f 4913 4914 4812 4701
f 4912 4899 4703 4761
f 4873 4847 4872
f 4929 4930 4830 4850
f 4876 4807 4875
f 4877 4723 4722 4875
f 4878 4724 4723 4877
f 4879 4716 4724 4878
f 4881 4797 4880
f 4910 4908 4753 4757
f 4888 4883 4859 4840
f 4916 4911 4857 4834
f 4885 4886 4820 4756
f 4887 4888 4840 4770
f 4887 4889 4718 4720
f 4880 4882 4758 4755
f 4884 4890 4760 4762
f 4867 4779 4866
f 4881 4885 4756 4797
f 4876 4865 4684 4807
f 4886 4889 4768 4820
f 4879 4821 4874
f 4930 4938 4716 4830
f 4873 4874 4821 4847
f 4890 4859 4883
f 4891 4892 4688 4687
f 4893 4894 4787 4691
f 4895 4896 4695 4692
f 4897 4898 4698 4697
f 4896 4897 4697 4695
f 4899 4891 4687 4703
f 4892 4900 4705 4688
f 4900 4901 4849 4705
f 4919 4920 4690 4689
f 4921 4922 4788 4693
f 4923 4924 4696 4694
f 4925 4926 4700 4699
f 4924 4925 4699 4696
f 4927 4919 4689 4704
f 4920 4928 4706 4690
f 4928 4929 4850 4706
f 4936 4921 4693 4810
f 4931 4932 4813 4702
f 4933 4934 4835 4720
f 4935 4936 4810 4722
f 4937 4933 4720 4718
f 4938 4935 4722 4716
f 4939 4940 4798 4755
f 4926 4941 4758 4700
f 4934 4942 4860 4835
f 4943 4927 4704 4762
f 4939 4941 4774 4772
f 4943 4944 4776 4778
f 4922 4923 4694 4788
f 4940 4931 4702 4798
f 4932 4937 4718 4813
f 4972 4727 4946 4974
f 4971 4972 4974 4973
f 4976 4731 4732 4978
f 4975 4976 4978 4977
f 4980 4950 4731 4976
f 4979 4980 4976 4975
f 4972 4982 4737 4727
f 4981 4982 4972 4971
f 4984 4735 4811 4986
f 4983 4984 4986 4985
f 4988 4990 4815 4729
f 4989 4990 4988 4987
f 4992 4741 4743 4994
f 4991 4992 4994 4993
f 4996 4739 4745 4998
f 4995 4996 4998 4997
f 5000 5002 4853 4748
f 5001 5002 5000 4999
f 5004 5000 4748 4831
f 4999 5000 5004 5003
f 5006 4749 4792 5008
f 5005 5006 5008 5007
f 4729 4749 5006 4988
f 4987 4988 5006 5005
f 5010 4771 4799 5012
f 5009 5010 5012 5011
f 4978 4732 4773 5014
f 4977 4978 5014 5013
f 5016 4833 4861 5018
f 5015 5016 5018 5017
f 4982 5020 4777 4737
f 5019 5020 4982 4981
f 4773 4771 5010 5014
f 5013 5014 5010 5009
f 4775 4777 5020 5022
f 5021 5022 5020 5019
f 5008 4792 4950 4980
f 5007 5008 4980 4979
f 5012 4799 4735 4984
f 5011 5012 4984 4983
f 4986 4811 4741 4992
f 4985 4986 4992 4991
f 4990 4998 4745 4815
f 4997 4998 4990 4989
f 5004 4831 4739 4996
f 5003 5004 4996 4995
f 5016 4994 4743 4833
f 4993 4994 5016 5015
f 5002 4974 4946 4853
f 4973 4974 5002 5001
f 5018 4861 4775 5022
f 5017 5018 5022 5021
g Group32354
f 5169 5186 5185 5166
f 5170 5167 5188 5187
f 5212 5124 5123 5211
f 5240 5239 5126 5125
f 5214 5128 5127 5213
f 5242 5241 5130 5129
f 5213 5127 5124 5212
f 5241 5240 5125 5130
f 5171 5189 5186 5169
f 5172 5170 5187 5190
f 5166 5185 5191 5165
f 5167 5168 5192 5188
f 5187 5188 5236 5235
f 5033 5034 5208 5207
f 5026 5126 5238 5237
f 5037 5132 5210 5209
f 5255 5262 5103 5201
f 5038 5040 5212 5211
f 5245 5246 5173 5193
f 5043 5044 5214 5213
f 5310 5301 5079 5143
f 5040 5043 5213 5212
f 5190 5187 5235 5243
f 5048 5033 5207 5215
f 5188 5192 5244 5236
f 5034 5050 5216 5208
f 5245 5244 5192
f 5050 5194 5217 5216
f 5293 5133 5292
f 5302 5307 5085 5155
f 5169 5166 5051
f 5167 5170 5052
f 5030 5146 5145 5029
f 5023 5024 5148 5147
f 5029 5145 5149 5027
f 5024 5025 5150 5148
f 5057 5171 5169 5051
f 5058 5052 5170 5172
f 5027 5149 5151 5028
f 5025 5026 5152 5150
f 5314 5313 5121 5119
f 5311 5309 5115 5117
f 5248 5247 5152
f 5066 5154 5220 5219
f 5051 5053 5054 5057
f 5058 5055 5056 5052
f 5166 5149 5053 5051
f 5052 5056 5150 5167
f 5060 5066 5067 5068
f 5149 5221 5219 5151
f 5166 5222 5221 5149
f 5165 5223 5222 5166
f 5167 5150 5250 5249
f 5065 5069 5250 5247
f 5059 5070 5069 5065
f 5168 5167 5249 5251
f 5031 5032 5290 5289
f 5264 5263 5072
f 5035 5131 5292 5291
f 5074 5134 5266 5265
f 5036 5039 5294 5293
f 5313 5297 5081 5121
f 5041 5042 5296 5295
f 5077 5078 5270 5269
f 5039 5041 5295 5294
f 5077 5269 5268
f 5047 5031 5289 5297
f 5082 5072 5263 5271
f 5032 5049 5298 5290
f 5299 5300 5175 5195
f 5049 5193 5299 5298
f 5196 5273 5272
f 5304 5312 5205 5177
f 5296 5311 5117 5076
f 5045 5156 5302 5301
f 5080 5158 5276 5275
f 5063 5178 5304 5303
f 5088 5180 5278 5277
f 5065 5153 5306 5305
f 5090 5160 5280 5279
f 5061 5063 5303 5307
f 5086 5088 5277 5281
f 5059 5065 5305 5308
f 5084 5090 5279 5282
f 5315 5317 5264 5072
f 5319 5321 5078 5077
f 5323 5319 5077 5268
f 5315 5072 5082 5325
f 5327 5329 5158 5080
f 5309 5310 5143 5115
f 5331 5074 5160 5333
f 5335 5337 5088 5086
f 5339 5341 5090 5084
f 5343 5091 5198 5345
f 5176 5091 5343 5347
f 5272 5264 5198 5196
f 5175 5092 5197 5195
f 5349 5351 5135 5094
f 5331 5349 5094 5074
f 5293 5294 5136 5133
f 5074 5094 5135 5134
f 5226 5137 5128 5214
f 5254 5242 5129 5138
f 5181 5199 5189 5171
f 5182 5172 5190 5200
f 5140 5253 5252
f 5099 5142 5225 5224
f 5246 5251 5059 5173
f 5044 5102 5226 5214
f 5183 5202 5255 5260
f 5179 5204 5227 5232
f 5200 5190 5243 5256
f 5106 5048 5215 5228
f 5095 5161 5146 5030
f 5096 5023 5147 5162
f 5109 5181 5171 5057
f 5110 5058 5172 5182
f 5098 5163 5258 5257
f 5046 5157 5230 5229
f 5113 5183 5260 5259
f 5064 5179 5232 5231
f 5057 5054 5107 5109
f 5110 5108 5055 5058
f 5114 5112 5233 5231
f 5111 5113 5259 5261
f 5097 5139 5310 5309
f 5116 5144 5284 5283
f 5042 5101 5311 5296
f 5078 5118 5285 5270
f 5178 5201 5312 5304
f 5180 5206 5286 5278
f 5105 5047 5297 5313
f 5122 5082 5271 5287
f 5353 5355 5144 5116
f 5321 5357 5118 5078
f 5359 5361 5206 5180
f 5325 5082 5122 5363
f 5100 5095 5137 5141
f 5252 5254 5138 5140
f 5183 5182 5200 5202
f 5258 5261 5061 5156
f 5248 5237 5035 5153
f 5261 5259 5063 5061
f 5181 5184 5203 5199
f 5202 5200 5256 5262
f 5098 5096 5162 5163
f 5308 5305 5089 5083
f 5095 5100 5164 5161
f 5307 5303 5087 5085
f 5111 5108 5110 5113
f 5107 5112 5114 5109
f 5101 5097 5309 5311
f 5099 5102 5285 5283
f 5106 5104 5288 5287
f 5103 5105 5313 5314
f 5357 5353 5116 5118
f 5365 5363 5122 5120
f 5124 5027 5028 5123
f 5125 5126 5026 5025
f 5128 5030 5029 5127
f 5129 5130 5024 5023
f 5127 5029 5027 5124
f 5130 5125 5025 5024
f 5239 5238 5126
f 5132 5038 5211 5210
f 5131 5036 5293 5292
f 5267 5266 5134
f 5351 5323 5268 5135
f 5133 5136 5093 5073
f 5134 5135 5268 5267
f 5137 5095 5030 5128
f 5138 5129 5023 5096
f 5140 5098 5257 5253
f 5142 5046 5229 5225
f 5139 5045 5301 5310
f 5144 5080 5275 5284
f 5355 5327 5080 5144
f 5141 5137 5226 5224
f 5140 5138 5096 5098
f 5146 5054 5053 5145
f 5147 5148 5056 5055
f 5053 5149 5145
f 5150 5056 5148
f 5247 5248 5153 5065
f 5306 5291 5073 5159
f 5152 5026 5237 5248
f 5154 5037 5209 5220
f 5156 5061 5307 5302
f 5158 5086 5281 5276
f 5153 5035 5291 5306
f 5160 5074 5265 5280
f 5329 5335 5086 5158
f 5333 5160 5090 5341
f 5161 5107 5054 5146
f 5162 5147 5055 5108
f 5163 5111 5261 5258
f 5157 5062 5233 5230
f 5163 5162 5108 5111
f 5161 5164 5112 5107
f 5305 5306 5159 5089
f 5303 5304 5177 5087
f 5301 5302 5155 5079
f 5299 5195 5298
f 5312 5314 5119 5205
f 5297 5289 5071 5081
f 5251 5246 5168
f 5174 5060 5223 5218
f 5173 5059 5308 5300
f 5176 5084 5282 5274
f 5295 5075 5294
f 5295 5296 5076 5075
f 5347 5339 5084 5176
f 5359 5180 5088 5337
f 5300 5308 5083 5175
f 5291 5292 5133 5073
f 5290 5071 5289
f 5286 5288 5104 5204
f 5184 5181 5109 5114
f 5182 5183 5113 5110
f 5186 5207 5208 5185
f 5242 5254 5101 5042
f 5189 5215 5207 5186
f 5252 5253 5139 5097
f 5185 5208 5216 5191
f 5251 5249 5070 5059
f 5192 5168 5246 5245
f 5194 5174 5218 5217
f 5193 5173 5300 5299
f 5196 5176 5274 5273
f 5345 5198 5264 5317
f 5196 5198 5091 5176
f 5195 5197 5290 5298
f 5199 5228 5215 5189
f 5247 5250 5150 5152
f 5262 5255 5202
f 5204 5104 5234 5227
f 5201 5103 5314 5312
f 5206 5120 5288 5286
f 5361 5365 5120 5206
f 5249 5250 5069 5070
f 5199 5203 5234 5228
f 5259 5260 5178 5063
f 5209 5210 5123 5028
f 5253 5257 5045 5139
f 5238 5239 5036 5131
f 5262 5256 5105 5103
f 5257 5258 5156 5045
f 5256 5243 5047 5105
f 5217 5191 5216
f 5273 5274 5174 5194
f 5220 5151 5219
f 5221 5067 5066 5219
f 5222 5068 5067 5221
f 5223 5060 5068 5222
f 5225 5141 5224
f 5254 5252 5097 5101
f 5232 5227 5203 5184
f 5260 5255 5201 5178
f 5229 5230 5164 5100
f 5231 5232 5184 5114
f 5231 5233 5062 5064
f 5224 5226 5102 5099
f 5228 5234 5104 5106
f 5211 5123 5210
f 5225 5229 5100 5141
f 5220 5209 5028 5151
f 5230 5233 5112 5164
f 5223 5165 5218
f 5274 5282 5060 5174
f 5217 5218 5165 5191
f 5234 5203 5227
f 5235 5236 5032 5031
f 5237 5238 5131 5035
f 5239 5240 5039 5036
f 5241 5242 5042 5041
f 5240 5241 5041 5039
f 5243 5235 5031 5047
f 5236 5244 5049 5032
f 5244 5245 5193 5049
f 5263 5264 5034 5033
f 5265 5266 5132 5037
f 5267 5268 5040 5038
f 5269 5270 5044 5043
f 5268 5269 5043 5040
f 5271 5263 5033 5048
f 5264 5272 5050 5034
f 5272 5273 5194 5050
f 5280 5265 5037 5154
f 5275 5276 5157 5046
f 5277 5278 5179 5064
f 5279 5280 5154 5066
f 5281 5277 5064 5062
f 5282 5279 5066 5060
f 5283 5284 5142 5099
f 5270 5285 5102 5044
f 5278 5286 5204 5179
f 5287 5271 5048 5106
f 5283 5285 5118 5116
f 5287 5288 5120 5122
f 5266 5267 5038 5132
f 5284 5275 5046 5142
f 5276 5281 5062 5157
f 5316 5071 5290 5318
f 5315 5316 5318 5317
f 5320 5075 5076 5322
f 5319 5320 5322 5321
f 5324 5294 5075 5320
f 5323 5324 5320 5319
f 5316 5326 5081 5071
f 5325 5326 5316 5315
f 5328 5079 5155 5330
f 5327 5328 5330 5329
f 5332 5334 5159 5073
f 5333 5334 5332 5331
f 5336 5085 5087 5338
f 5335 5336 5338 5337
f 5340 5083 5089 5342
f 5339 5340 5342 5341
f 5344 5346 5197 5092
f 5345 5346 5344 5343
f 5348 5344 5092 5175
f 5343 5344 5348 5347
f 5350 5093 5136 5352
f 5349 5350 5352 5351
f 5073 5093 5350 5332
f 5331 5332 5350 5349
f 5354 5115 5143 5356
f 5353 5354 5356 5355
f 5322 5076 5117 5358
f 5321 5322 5358 5357
f 5360 5177 5205 5362
f 5359 5360 5362 5361
f 5326 5364 5121 5081
f 5363 5364 5326 5325
f 5117 5115 5354 5358
f 5357 5358 5354 5353
f 5119 5121 5364 5366
f 5365 5366 5364 5363
f 5352 5136 5294 5324
f 5351 5352 5324 5323
f 5356 5143 5079 5328
f 5355 5356 5328 5327
f 5330 5155 5085 5336
f 5329 5330 5336 5335
f 5334 5342 5089 5159
f 5341 5342 5334 5333
f 5348 5175 5083 5340
f 5347 5348 5340 5339
f 5360 5338 5087 5177
f 5337 5338 5360 5359
f 5346 5318 5290 5197
f 5317 5318 5346 5345
f 5362 5205 5119 5366
f 5361 5362 5366 5365
g Group32355
f 5513 5530 5529 5510
f 5514 5511 5532 5531
f 5556 5468 5467 5555
f 5584 5583 5470 5469
f 5558 5472 5471 5557
f 5586 5585 5474 5473
f 5557 5471 5468 5556
f 5585 5584 5469 5474
f 5515 5533 5530 5513
f 5516 5514 5531 5534
f 5510 5529 5535 5509
f 5511 5512 5536 5532
f 5531 5532 5580 5579
f 5377 5378 5552 5551
f 5370 5470 5582 5581
f 5381 5476 5554 5553
f 5599 5606 5447 5545
f 5382 5384 5556 5555
f 5589 5590 5517 5537
f 5387 5388 5558 5557
f 5654 5645 5423 5487
f 5384 5387 5557 5556
f 5534 5531 5579 5587
f 5392 5377 5551 5559
f 5532 5536 5588 5580
f 5378 5394 5560 5552
f 5589 5588 5536
f 5394 5538 5561 5560
f 5637 5477 5636
f 5646 5651 5429 5499
f 5513 5510 5395
f 5511 5514 5396
f 5374 5490 5489 5373
f 5367 5368 5492 5491
f 5373 5489 5493 5371
f 5368 5369 5494 5492
f 5401 5515 5513 5395
f 5402 5396 5514 5516
f 5371 5493 5495 5372
f 5369 5370 5496 5494
f 5658 5657 5465 5463
f 5655 5653 5459 5461
f 5592 5591 5496
f 5410 5498 5564 5563
f 5395 5397 5398 5401
f 5402 5399 5400 5396
f 5510 5493 5397 5395
f 5396 5400 5494 5511
f 5404 5410 5411 5412
f 5493 5565 5563 5495
f 5510 5566 5565 5493
f 5509 5567 5566 5510
f 5511 5494 5594 5593
f 5409 5413 5594 5591
f 5403 5414 5413 5409
f 5512 5511 5593 5595
f 5375 5376 5634 5633
f 5608 5607 5416
f 5379 5475 5636 5635
f 5418 5478 5610 5609
f 5380 5383 5638 5637
f 5657 5641 5425 5465
f 5385 5386 5640 5639
f 5421 5422 5614 5613
f 5383 5385 5639 5638
f 5421 5613 5612
f 5391 5375 5633 5641
f 5426 5416 5607 5615
f 5376 5393 5642 5634
f 5643 5644 5519 5539
f 5393 5537 5643 5642
f 5540 5617 5616
f 5648 5656 5549 5521
f 5640 5655 5461 5420
f 5389 5500 5646 5645
f 5424 5502 5620 5619
f 5407 5522 5648 5647
f 5432 5524 5622 5621
f 5409 5497 5650 5649
f 5434 5504 5624 5623
f 5405 5407 5647 5651
f 5430 5432 5621 5625
f 5403 5409 5649 5652
f 5428 5434 5623 5626
f 5659 5661 5608 5416
f 5663 5665 5422 5421
f 5667 5663 5421 5612
f 5659 5416 5426 5669
f 5671 5673 5502 5424
f 5653 5654 5487 5459
f 5675 5418 5504 5677
f 5679 5681 5432 5430
f 5683 5685 5434 5428
f 5687 5435 5542 5689
f 5520 5435 5687 5691
f 5616 5608 5542 5540
f 5519 5436 5541 5539
f 5693 5695 5479 5438
f 5675 5693 5438 5418
f 5637 5638 5480 5477
f 5418 5438 5479 5478
f 5570 5481 5472 5558
f 5598 5586 5473 5482
f 5525 5543 5533 5515
f 5526 5516 5534 5544
f 5484 5597 5596
f 5443 5486 5569 5568
f 5590 5595 5403 5517
f 5388 5446 5570 5558
f 5527 5546 5599 5604
f 5523 5548 5571 5576
f 5544 5534 5587 5600
f 5450 5392 5559 5572
f 5439 5505 5490 5374
f 5440 5367 5491 5506
f 5453 5525 5515 5401
f 5454 5402 5516 5526
f 5442 5507 5602 5601
f 5390 5501 5574 5573
f 5457 5527 5604 5603
f 5408 5523 5576 5575
f 5401 5398 5451 5453
f 5454 5452 5399 5402
f 5458 5456 5577 5575
f 5455 5457 5603 5605
f 5441 5483 5654 5653
f 5460 5488 5628 5627
f 5386 5445 5655 5640
f 5422 5462 5629 5614
f 5522 5545 5656 5648
f 5524 5550 5630 5622
f 5449 5391 5641 5657
f 5466 5426 5615 5631
f 5697 5699 5488 5460
f 5665 5701 5462 5422
f 5703 5705 5550 5524
f 5669 5426 5466 5707
f 5444 5439 5481 5485
f 5596 5598 5482 5484
f 5527 5526 5544 5546
f 5602 5605 5405 5500
f 5592 5581 5379 5497
f 5605 5603 5407 5405
f 5525 5528 5547 5543
f 5546 5544 5600 5606
f 5442 5440 5506 5507
f 5652 5649 5433 5427
f 5439 5444 5508 5505
f 5651 5647 5431 5429
f 5455 5452 5454 5457
f 5451 5456 5458 5453
f 5445 5441 5653 5655
f 5443 5446 5629 5627
f 5450 5448 5632 5631
f 5447 5449 5657 5658
f 5701 5697 5460 5462
f 5709 5707 5466 5464
f 5468 5371 5372 5467
f 5469 5470 5370 5369
f 5472 5374 5373 5471
f 5473 5474 5368 5367
f 5471 5373 5371 5468
f 5474 5469 5369 5368
f 5583 5582 5470
f 5476 5382 5555 5554
f 5475 5380 5637 5636
f 5611 5610 5478
f 5695 5667 5612 5479
f 5477 5480 5437 5417
f 5478 5479 5612 5611
f 5481 5439 5374 5472
f 5482 5473 5367 5440
f 5484 5442 5601 5597
f 5486 5390 5573 5569
f 5483 5389 5645 5654
f 5488 5424 5619 5628
f 5699 5671 5424 5488
f 5485 5481 5570 5568
f 5484 5482 5440 5442
f 5490 5398 5397 5489
f 5491 5492 5400 5399
f 5397 5493 5489
f 5494 5400 5492
f 5591 5592 5497 5409
f 5650 5635 5417 5503
f 5496 5370 5581 5592
f 5498 5381 5553 5564
f 5500 5405 5651 5646
f 5502 5430 5625 5620
f 5497 5379 5635 5650
f 5504 5418 5609 5624
f 5673 5679 5430 5502
f 5677 5504 5434 5685
f 5505 5451 5398 5490
f 5506 5491 5399 5452
f 5507 5455 5605 5602
f 5501 5406 5577 5574
f 5507 5506 5452 5455
f 5505 5508 5456 5451
f 5649 5650 5503 5433
f 5647 5648 5521 5431
f 5645 5646 5499 5423
f 5643 5539 5642
f 5656 5658 5463 5549
f 5641 5633 5415 5425
f 5595 5590 5512
f 5518 5404 5567 5562
f 5517 5403 5652 5644
f 5520 5428 5626 5618
f 5639 5419 5638
f 5639 5640 5420 5419
f 5691 5683 5428 5520
f 5703 5524 5432 5681
f 5644 5652 5427 5519
f 5635 5636 5477 5417
f 5634 5415 5633
f 5630 5632 5448 5548
f 5528 5525 5453 5458
f 5526 5527 5457 5454
f 5530 5551 5552 5529
f 5586 5598 5445 5386
f 5533 5559 5551 5530
f 5596 5597 5483 5441
f 5529 5552 5560 5535
f 5595 5593 5414 5403
f 5536 5512 5590 5589
f 5538 5518 5562 5561
f 5537 5517 5644 5643
f 5540 5520 5618 5617
f 5689 5542 5608 5661
f 5540 5542 5435 5520
f 5539 5541 5634 5642
f 5543 5572 5559 5533
f 5591 5594 5494 5496
f 5606 5599 5546
f 5548 5448 5578 5571
f 5545 5447 5658 5656
f 5550 5464 5632 5630
f 5705 5709 5464 5550
f 5593 5594 5413 5414
f 5543 5547 5578 5572
f 5603 5604 5522 5407
f 5553 5554 5467 5372
f 5597 5601 5389 5483
f 5582 5583 5380 5475
f 5606 5600 5449 5447
f 5601 5602 5500 5389
f 5600 5587 5391 5449
f 5561 5535 5560
f 5617 5618 5518 5538
f 5564 5495 5563
f 5565 5411 5410 5563
f 5566 5412 5411 5565
f 5567 5404 5412 5566
f 5569 5485 5568
f 5598 5596 5441 5445
f 5576 5571 5547 5528
f 5604 5599 5545 5522
f 5573 5574 5508 5444
f 5575 5576 5528 5458
f 5575 5577 5406 5408
f 5568 5570 5446 5443
f 5572 5578 5448 5450
f 5555 5467 5554
f 5569 5573 5444 5485
f 5564 5553 5372 5495
f 5574 5577 5456 5508
f 5567 5509 5562
f 5618 5626 5404 5518
f 5561 5562 5509 5535
f 5578 5547 5571
f 5579 5580 5376 5375
f 5581 5582 5475 5379
f 5583 5584 5383 5380
f 5585 5586 5386 5385
f 5584 5585 5385 5383
f 5587 5579 5375 5391
f 5580 5588 5393 5376
f 5588 5589 5537 5393
f 5607 5608 5378 5377
f 5609 5610 5476 5381
f 5611 5612 5384 5382
f 5613 5614 5388 5387
f 5612 5613 5387 5384
f 5615 5607 5377 5392
f 5608 5616 5394 5378
f 5616 5617 5538 5394
f 5624 5609 5381 5498
f 5619 5620 5501 5390
f 5621 5622 5523 5408
f 5623 5624 5498 5410
f 5625 5621 5408 5406
f 5626 5623 5410 5404
f 5627 5628 5486 5443
f 5614 5629 5446 5388
f 5622 5630 5548 5523
f 5631 5615 5392 5450
f 5627 5629 5462 5460
f 5631 5632 5464 5466
f 5610 5611 5382 5476
f 5628 5619 5390 5486
f 5620 5625 5406 5501
f 5660 5415 5634 5662
f 5659 5660 5662 5661
f 5664 5419 5420 5666
f 5663 5664 5666 5665
f 5668 5638 5419 5664
f 5667 5668 5664 5663
f 5660 5670 5425 5415
f 5669 5670 5660 5659
f 5672 5423 5499 5674
f 5671 5672 5674 5673
f 5676 5678 5503 5417
f 5677 5678 5676 5675
f 5680 5429 5431 5682
f 5679 5680 5682 5681
f 5684 5427 5433 5686
f 5683 5684 5686 5685
f 5688 5690 5541 5436
f 5689 5690 5688 5687
f 5692 5688 5436 5519
f 5687 5688 5692 5691
f 5694 5437 5480 5696
f 5693 5694 5696 5695
f 5417 5437 5694 5676
f 5675 5676 5694 5693
f 5698 5459 5487 5700
f 5697 5698 5700 5699
f 5666 5420 5461 5702
f 5665 5666 5702 5701
f 5704 5521 5549 5706
f 5703 5704 5706 5705
f 5670 5708 5465 5425
f 5707 5708 5670 5669
f 5461 5459 5698 5702
f 5701 5702 5698 5697
f 5463 5465 5708 5710
f 5709 5710 5708 5707
f 5696 5480 5638 5668
f 5695 5696 5668 5667
f 5700 5487 5423 5672
f 5699 5700 5672 5671
f 5674 5499 5429 5680
f 5673 5674 5680 5679
f 5678 5686 5433 5503
f 5685 5686 5678 5677
f 5692 5519 5427 5684
f 5691 5692 5684 5683
f 5704 5682 5431 5521
f 5681 5682 5704 5703
f 5690 5662 5634 5541
f 5661 5662 5690 5689
f 5706 5549 5463 5710
f 5705 5706 5710 5709
g Group32356
f 5758 5757 5732 5734
f 5765 5766 5741 5742
f 5763 5764 5738 5736
f 5756 5755 5728 5730
f 5721 5717 5711 5719
f 5722 5721 5719 5720
f 5723 5712 5718 5725
f 5724 5723 5725 5726
f 5727 5713 5716 5729
f 5728 5727 5729 5730
f 5753 5754 5749 5750
f 5731 5715 5714 5733
f 5732 5731 5733 5734
f 5752 5751 5744 5746
f 5737 5716 5713 5735
f 5738 5737 5735 5736
f 5739 5711 5717 5740
f 5762 5761 5724 5726
f 5741 5739 5740 5742
f 5759 5760 5722 5720
f 5743 5718 5712 5745
f 5744 5743 5745 5746
f 5747 5714 5715 5748
f 5749 5747 5748 5750
f 5713 5772 5775 5735
f 5735 5775 5776 5736
f 5771 5716 5737 5777
f 5777 5737 5738 5778
f 5717 5769 5779 5740
f 5740 5779 5780 5742
f 5770 5711 5739 5781
f 5781 5739 5741 5782
f 5773 5718 5743 5783
f 5783 5743 5744 5784
f 5712 5774 5785 5745
f 5745 5785 5786 5746
f 5715 5767 5787 5748
f 5748 5787 5788 5750
f 5768 5714 5747 5789
f 5789 5747 5749 5790
f 5782 5741 5766 5791
f 5742 5780 5792 5765
f 5778 5738 5764 5793
f 5736 5776 5794 5763
f 5790 5749 5754 5795
f 5750 5788 5796 5753
f 5746 5786 5797 5752
f 5784 5744 5751 5798
f 5769 5771 5777 5779
f 5779 5777 5778 5780
f 5772 5770 5781 5775
f 5775 5781 5782 5776
f 5767 5773 5783 5787
f 5787 5783 5784 5788
f 5774 5768 5789 5785
f 5785 5789 5790 5786
f 5776 5782 5791 5794
f 5780 5778 5793 5792
f 5786 5790 5795 5797
f 5788 5784 5798 5796
f 5711 5800 5799 5719
f 5719 5799 5801 5720
f 5802 5717 5721 5803
f 5803 5721 5722 5804
f 5805 5712 5723 5806
f 5806 5723 5724 5807
f 5718 5809 5808 5725
f 5725 5808 5810 5726
f 5811 5713 5727 5812
f 5812 5727 5728 5813
f 5716 5815 5814 5729
f 5729 5814 5816 5730
f 5817 5715 5731 5818
f 5818 5731 5732 5819
f 5714 5821 5820 5733
f 5733 5820 5822 5734
f 5720 5801 5823 5759
f 5804 5722 5760 5824
f 5734 5822 5825 5758
f 5819 5732 5757 5826
f 5730 5816 5827 5756
f 5813 5728 5755 5828
f 5807 5724 5761 5829
f 5726 5810 5830 5762
f 5831 5767 5715 5817
f 5832 5821 5714 5768
f 5717 5802 5833 5769
f 5711 5770 5834 5800
f 5771 5835 5815 5716
f 5772 5713 5811 5836
f 5809 5718 5773 5837
f 5805 5838 5774 5712
f 5773 5767 5831 5837
f 5838 5832 5768 5774
f 5833 5835 5771 5769
f 5770 5772 5836 5834
f 5809 5802 5803 5808
f 5808 5803 5804 5810
f 5800 5805 5806 5799
f 5799 5806 5807 5801
f 5821 5811 5812 5820
f 5820 5812 5813 5822
f 5815 5817 5818 5814
f 5814 5818 5819 5816
f 5810 5804 5824 5830
f 5816 5819 5826 5827
f 5822 5813 5828 5825
f 5801 5807 5829 5823
f 5811 5821 5832 5836
f 5805 5800 5834 5838
f 5817 5815 5835 5831
f 5802 5809 5837 5833
f 5836 5832 5838 5834
f 5831 5835 5833 5837
f 5839 5840 5757 5758
f 5841 5842 5755 5756
f 5843 5846 5845 5844
f 5847 5850 5849 5848
f 5758 5825 5851 5839
f 5826 5757 5840 5852
f 5756 5827 5853 5841
f 5828 5755 5842 5854
f 5844 5849 5850 5843
f 5854 5851 5825 5828
f 5852 5853 5827 5826
f 5848 5840 5839 5847
f 5842 5846 5843 5854
f 5841 5845 5846 5842
f 5840 5848 5849 5852
f 5847 5839 5851 5850
f 5845 5841 5853 5844
f 5854 5843 5850 5851
f 5844 5853 5852 5849
f 5855 5856 5754 5753
f 5857 5858 5751 5752
f 5859 5862 5861 5860
f 5863 5866 5865 5864
f 5795 5754 5856 5867
f 5753 5796 5868 5855
f 5752 5797 5869 5857
f 5798 5751 5858 5870
f 5864 5861 5862 5863
f 5870 5868 5796 5798
f 5867 5869 5797 5795
f 5860 5858 5857 5859
f 5858 5860 5861 5870
f 5856 5866 5863 5867
f 5855 5865 5866 5856
f 5865 5855 5868 5864
f 5859 5857 5869 5862
f 5870 5861 5864 5868
f 5862 5869 5867 5863
f 5871 5872 5761 5762
f 5873 5874 5760 5759
f 5759 5823 5875 5873
f 5876 5879 5878 5877
f 5824 5760 5874 5880
f 5881 5884 5883 5882
f 5829 5761 5872 5885
f 5762 5830 5886 5871
f 5885 5875 5823 5829
f 5882 5878 5879 5881
f 5880 5886 5830 5824
f 5877 5874 5873 5876
f 5876 5873 5875 5879
f 5874 5877 5878 5880
f 5872 5884 5881 5885
f 5871 5883 5884 5872
f 5883 5871 5886 5882
f 5879 5875 5885 5881
f 5880 5878 5882 5886
f 5887 5888 5766 5765
f 5889 5890 5764 5763
f 5891 5894 5893 5892
f 5895 5898 5897 5896
f 5791 5766 5888 5899
f 5765 5792 5900 5887
f 5793 5764 5890 5901
f 5763 5794 5902 5889
f 5896 5893 5894 5895
f 5901 5900 5792 5793
f 5899 5902 5794 5791
f 5892 5890 5889 5891
f 5890 5892 5893 5901
f 5888 5898 5895 5899
f 5887 5897 5898 5888
f 5897 5887 5900 5896
f 5891 5889 5902 5894
f 5901 5893 5896 5900
f 5894 5902 5899 5895
g Group32357
f 5950 5949 5924 5926
f 5957 5958 5933 5934
f 5955 5956 5930 5928
f 5948 5947 5920 5922
f 5913 5909 5903 5911
f 5914 5913 5911 5912
f 5915 5904 5910 5917
f 5916 5915 5917 5918
f 5919 5905 5908 5921
f 5920 5919 5921 5922
f 5945 5946 5941 5942
f 5923 5907 5906 5925
f 5924 5923 5925 5926
f 5944 5943 5936 5938
f 5929 5908 5905 5927
f 5930 5929 5927 5928
f 5931 5903 5909 5932
f 5954 5953 5916 5918
f 5933 5931 5932 5934
f 5951 5952 5914 5912
f 5935 5910 5904 5937
f 5936 5935 5937 5938
f 5939 5906 5907 5940
f 5941 5939 5940 5942
f 5905 5964 5967 5927
f 5927 5967 5968 5928
f 5963 5908 5929 5969
f 5969 5929 5930 5970
f 5909 5961 5971 5932
f 5932 5971 5972 5934
f 5962 5903 5931 5973
f 5973 5931 5933 5974
f 5965 5910 5935 5975
f 5975 5935 5936 5976
f 5904 5966 5977 5937
f 5937 5977 5978 5938
f 5907 5959 5979 5940
f 5940 5979 5980 5942
f 5960 5906 5939 5981
f 5981 5939 5941 5982
f 5974 5933 5958 5983
f 5934 5972 5984 5957
f 5970 5930 5956 5985
f 5928 5968 5986 5955
f 5982 5941 5946 5987
f 5942 5980 5988 5945
f 5938 5978 5989 5944
f 5976 5936 5943 5990
f 5961 5963 5969 5971
f 5971 5969 5970 5972
f 5964 5962 5973 5967
f 5967 5973 5974 5968
f 5959 5965 5975 5979
f 5979 5975 5976 5980
f 5966 5960 5981 5977
f 5977 5981 5982 5978
f 5968 5974 5983 5986
f 5972 5970 5985 5984
f 5978 5982 5987 5989
f 5980 5976 5990 5988
f 5903 5992 5991 5911
f 5911 5991 5993 5912
f 5994 5909 5913 5995
f 5995 5913 5914 5996
f 5997 5904 5915 5998
f 5998 5915 5916 5999
f 5910 6001 6000 5917
f 5917 6000 6002 5918
f 6003 5905 5919 6004
f 6004 5919 5920 6005
f 5908 6007 6006 5921
f 5921 6006 6008 5922
f 6009 5907 5923 6010
f 6010 5923 5924 6011
f 5906 6013 6012 5925
f 5925 6012 6014 5926
f 5912 5993 6015 5951
f 5996 5914 5952 6016
f 5926 6014 6017 5950
f 6011 5924 5949 6018
f 5922 6008 6019 5948
f 6005 5920 5947 6020
f 5999 5916 5953 6021
f 5918 6002 6022 5954
f 6023 5959 5907 6009
f 6024 6013 5906 5960
f 5909 5994 6025 5961
f 5903 5962 6026 5992
f 5963 6027 6007 5908
f 5964 5905 6003 6028
f 6001 5910 5965 6029
f 5997 6030 5966 5904
f 5965 5959 6023 6029
f 6030 6024 5960 5966
f 6025 6027 5963 5961
f 5962 5964 6028 6026
f 6001 5994 5995 6000
f 6000 5995 5996 6002
f 5992 5997 5998 5991
f 5991 5998 5999 5993
f 6013 6003 6004 6012
f 6012 6004 6005 6014
f 6007 6009 6010 6006
f 6006 6010 6011 6008
f 6002 5996 6016 6022
f 6008 6011 6018 6019
f 6014 6005 6020 6017
f 5993 5999 6021 6015
f 6003 6013 6024 6028
f 5997 5992 6026 6030
f 6009 6007 6027 6023
f 5994 6001 6029 6025
f 6028 6024 6030 6026
f 6023 6027 6025 6029
f 6031 6032 5949 5950
f 6033 6034 5947 5948
f 6035 6038 6037 6036
f 6039 6042 6041 6040
f 5950 6017 6043 6031
f 6018 5949 6032 6044
f 5948 6019 6045 6033
f 6020 5947 6034 6046
f 6036 6041 6042 6035
f 6046 6043 6017 6020
f 6044 6045 6019 6018
f 6040 6032 6031 6039
f 6034 6038 6035 6046
f 6033 6037 6038 6034
f 6032 6040 6041 6044
f 6039 6031 6043 6042
f 6037 6033 6045 6036
f 6046 6035 6042 6043
f 6036 6045 6044 6041
f 6047 6048 5946 5945
f 6049 6050 5943 5944
f 6051 6054 6053 6052
f 6055 6058 6057 6056
f 5987 5946 6048 6059
f 5945 5988 6060 6047
f 5944 5989 6061 6049
f 5990 5943 6050 6062
f 6056 6053 6054 6055
f 6062 6060 5988 5990
f 6059 6061 5989 5987
f 6052 6050 6049 6051
f 6050 6052 6053 6062
f 6048 6058 6055 6059
f 6047 6057 6058 6048
f 6057 6047 6060 6056
f 6051 6049 6061 6054
f 6062 6053 6056 6060
f 6054 6061 6059 6055
f 6063 6064 5953 5954
f 6065 6066 5952 5951
f 5951 6015 6067 6065
f 6068 6071 6070 6069
f 6016 5952 6066 6072
f 6073 6076 6075 6074
f 6021 5953 6064 6077
f 5954 6022 6078 6063
f 6077 6067 6015 6021
f 6074 6070 6071 6073
f 6072 6078 6022 6016
f 6069 6066 6065 6068
f 6068 6065 6067 6071
f 6066 6069 6070 6072
f 6064 6076 6073 6077
f 6063 6075 6076 6064
f 6075 6063 6078 6074
f 6071 6067 6077 6073
f 6072 6070 6074 6078
f 6079 6080 5958 5957
f 6081 6082 5956 5955
f 6083 6086 6085 6084
f 6087 6090 6089 6088
f 5983 5958 6080 6091
f 5957 5984 6092 6079
f 5985 5956 6082 6093
f 5955 5986 6094 6081
f 6088 6085 6086 6087
f 6093 6092 5984 5985
f 6091 6094 5986 5983
f 6084 6082 6081 6083
f 6082 6084 6085 6093
f 6080 6090 6087 6091
f 6079 6089 6090 6080
f 6089 6079 6092 6088
f 6083 6081 6094 6086
f 6093 6085 6088 6092
f 6086 6094 6091 6087
g Group32358
f 6142 6141 6116 6118
f 6149 6150 6125 6126
f 6147 6148 6122 6120
f 6140 6139 6112 6114
f 6105 6101 6095 6103
f 6106 6105 6103 6104
f 6107 6096 6102 6109
f 6108 6107 6109 6110
f 6111 6097 6100 6113
f 6112 6111 6113 6114
f 6137 6138 6133 6134
f 6115 6099 6098 6117
f 6116 6115 6117 6118
f 6136 6135 6128 6130
f 6121 6100 6097 6119
f 6122 6121 6119 6120
f 6123 6095 6101 6124
f 6146 6145 6108 6110
f 6125 6123 6124 6126
f 6143 6144 6106 6104
f 6127 6102 6096 6129
f 6128 6127 6129 6130
f 6131 6098 6099 6132
f 6133 6131 6132 6134
f 6097 6156 6159 6119
f 6119 6159 6160 6120
f 6155 6100 6121 6161
f 6161 6121 6122 6162
f 6101 6153 6163 6124
f 6124 6163 6164 6126
f 6154 6095 6123 6165
f 6165 6123 6125 6166
f 6157 6102 6127 6167
f 6167 6127 6128 6168
f 6096 6158 6169 6129
f 6129 6169 6170 6130
f 6099 6151 6171 6132
f 6132 6171 6172 6134
f 6152 6098 6131 6173
f 6173 6131 6133 6174
f 6166 6125 6150 6175
f 6126 6164 6176 6149
f 6162 6122 6148 6177
f 6120 6160 6178 6147
f 6174 6133 6138 6179
f 6134 6172 6180 6137
f 6130 6170 6181 6136
f 6168 6128 6135 6182
f 6153 6155 6161 6163
f 6163 6161 6162 6164
f 6156 6154 6165 6159
f 6159 6165 6166 6160
f 6151 6157 6167 6171
f 6171 6167 6168 6172
f 6158 6152 6173 6169
f 6169 6173 6174 6170
f 6160 6166 6175 6178
f 6164 6162 6177 6176
f 6170 6174 6179 6181
f 6172 6168 6182 6180
f 6095 6184 6183 6103
f 6103 6183 6185 6104
f 6186 6101 6105 6187
f 6187 6105 6106 6188
f 6189 6096 6107 6190
f 6190 6107 6108 6191
f 6102 6193 6192 6109
f 6109 6192 6194 6110
f 6195 6097 6111 6196
f 6196 6111 6112 6197
f 6100 6199 6198 6113
f 6113 6198 6200 6114
f 6201 6099 6115 6202
f 6202 6115 6116 6203
f 6098 6205 6204 6117
f 6117 6204 6206 6118
f 6104 6185 6207 6143
f 6188 6106 6144 6208
f 6118 6206 6209 6142
f 6203 6116 6141 6210
f 6114 6200 6211 6140
f 6197 6112 6139 6212
f 6191 6108 6145 6213
f 6110 6194 6214 6146
f 6215 6151 6099 6201
f 6216 6205 6098 6152
f 6101 6186 6217 6153
f 6095 6154 6218 6184
f 6155 6219 6199 6100
f 6156 6097 6195 6220
f 6193 6102 6157 6221
f 6189 6222 6158 6096
f 6157 6151 6215 6221
f 6222 6216 6152 6158
f 6217 6219 6155 6153
f 6154 6156 6220 6218
f 6193 6186 6187 6192
f 6192 6187 6188 6194
f 6184 6189 6190 6183
f 6183 6190 6191 6185
f 6205 6195 6196 6204
f 6204 6196 6197 6206
f 6199 6201 6202 6198
f 6198 6202 6203 6200
f 6194 6188 6208 6214
f 6200 6203 6210 6211
f 6206 6197 6212 6209
f 6185 6191 6213 6207
f 6195 6205 6216 6220
f 6189 6184 6218 6222
f 6201 6199 6219 6215
f 6186 6193 6221 6217
f 6220 6216 6222 6218
f 6215 6219 6217 6221
f 6223 6224 6141 6142
f 6225 6226 6139 6140
f 6227 6230 6229 6228
f 6231 6234 6233 6232
f 6142 6209 6235 6223
f 6210 6141 6224 6236
f 6140 6211 6237 6225
f 6212 6139 6226 6238
f 6228 6233 6234 6227
f 6238 6235 6209 6212
f 6236 6237 6211 6210
f 6232 6224 6223 6231
f 6226 6230 6227 6238
f 6225 6229 6230 6226
f 6224 6232 6233 6236
f 6231 6223 6235 6234
f 6229 6225 6237 6228
f 6238 6227 6234 6235
f 6228 6237 6236 6233
f 6239 6240 6138 6137
f 6241 6242 6135 6136
f 6243 6246 6245 6244
f 6247 6250 6249 6248
f 6179 6138 6240 6251
f 6137 6180 6252 6239
f 6136 6181 6253 6241
f 6182 6135 6242 6254
f 6248 6245 6246 6247
f 6254 6252 6180 6182
f 6251 6253 6181 6179
f 6244 6242 6241 6243
f 6242 6244 6245 6254
f 6240 6250 6247 6251
f 6239 6249 6250 6240
f 6249 6239 6252 6248
f 6243 6241 6253 6246
f 6254 6245 6248 6252
f 6246 6253 6251 6247
f 6255 6256 6145 6146
f 6257 6258 6144 6143
f 6143 6207 6259 6257
f 6260 6263 6262 6261
f 6208 6144 6258 6264
f 6265 6268 6267 6266
f 6213 6145 6256 6269
f 6146 6214 6270 6255
f 6269 6259 6207 6213
f 6266 6262 6263 6265
f 6264 6270 6214 6208
f 6261 6258 6257 6260
f 6260 6257 6259 6263
f 6258 6261 6262 6264
f 6256 6268 6265 6269
f 6255 6267 6268 6256
f 6267 6255 6270 6266
f 6263 6259 6269 6265
f 6264 6262 6266 6270
f 6271 6272 6150 6149
f 6273 6274 6148 6147
f 6275 6278 6277 6276
f 6279 6282 6281 6280
f 6175 6150 6272 6283
f 6149 6176 6284 6271
f 6177 6148 6274 6285
f 6147 6178 6286 6273
f 6280 6277 6278 6279
f 6285 6284 6176 6177
f 6283 6286 6178 6175
f 6276 6274 6273 6275
f 6274 6276 6277 6285
f 6272 6282 6279 6283
f 6271 6281 6282 6272
f 6281 6271 6284 6280
f 6275 6273 6286 6278
f 6285 6277 6280 6284
f 6278 6286 6283 6279
g Group32359
f 6334 6333 6308 6310
f 6341 6342 6317 6318
f 6339 6340 6314 6312
f 6332 6331 6304 6306
f 6297 6293 6287 6295
f 6298 6297 6295 6296
f 6299 6288 6294 6301
f 6300 6299 6301 6302
f 6303 6289 6292 6305
f 6304 6303 6305 6306
f 6329 6330 6325 6326
f 6307 6291 6290 6309
f 6308 6307 6309 6310
f 6328 6327 6320 6322
f 6313 6292 6289 6311
f 6314 6313 6311 6312
f 6315 6287 6293 6316
f 6338 6337 6300 6302
f 6317 6315 6316 6318
f 6335 6336 6298 6296
f 6319 6294 6288 6321
f 6320 6319 6321 6322
f 6323 6290 6291 6324
f 6325 6323 6324 6326
f 6289 6348 6351 6311
f 6311 6351 6352 6312
f 6347 6292 6313 6353
f 6353 6313 6314 6354
f 6293 6345 6355 6316
f 6316 6355 6356 6318
f 6346 6287 6315 6357
f 6357 6315 6317 6358
f 6349 6294 6319 6359
f 6359 6319 6320 6360
f 6288 6350 6361 6321
f 6321 6361 6362 6322
f 6291 6343 6363 6324
f 6324 6363 6364 6326
f 6344 6290 6323 6365
f 6365 6323 6325 6366
f 6358 6317 6342 6367
f 6318 6356 6368 6341
f 6354 6314 6340 6369
f 6312 6352 6370 6339
f 6366 6325 6330 6371
f 6326 6364 6372 6329
f 6322 6362 6373 6328
f 6360 6320 6327 6374
f 6345 6347 6353 6355
f 6355 6353 6354 6356
f 6348 6346 6357 6351
f 6351 6357 6358 6352
f 6343 6349 6359 6363
f 6363 6359 6360 6364
f 6350 6344 6365 6361
f 6361 6365 6366 6362
f 6352 6358 6367 6370
f 6356 6354 6369 6368
f 6362 6366 6371 6373
f 6364 6360 6374 6372
f 6287 6376 6375 6295
f 6295 6375 6377 6296
f 6378 6293 6297 6379
f 6379 6297 6298 6380
f 6381 6288 6299 6382
f 6382 6299 6300 6383
f 6294 6385 6384 6301
f 6301 6384 6386 6302
f 6387 6289 6303 6388
f 6388 6303 6304 6389
f 6292 6391 6390 6305
f 6305 6390 6392 6306
f 6393 6291 6307 6394
f 6394 6307 6308 6395
f 6290 6397 6396 6309
f 6309 6396 6398 6310
f 6296 6377 6399 6335
f 6380 6298 6336 6400
f 6310 6398 6401 6334
f 6395 6308 6333 6402
f 6306 6392 6403 6332
f 6389 6304 6331 6404
f 6383 6300 6337 6405
f 6302 6386 6406 6338
f 6407 6343 6291 6393
f 6408 6397 6290 6344
f 6293 6378 6409 6345
f 6287 6346 6410 6376
f 6347 6411 6391 6292
f 6348 6289 6387 6412
f 6385 6294 6349 6413
f 6381 6414 6350 6288
f 6349 6343 6407 6413
f 6414 6408 6344 6350
f 6409 6411 6347 6345
f 6346 6348 6412 6410
f 6385 6378 6379 6384
f 6384 6379 6380 6386
f 6376 6381 6382 6375
f 6375 6382 6383 6377
f 6397 6387 6388 6396
f 6396 6388 6389 6398
f 6391 6393 6394 6390
f 6390 6394 6395 6392
f 6386 6380 6400 6406
f 6392 6395 6402 6403
f 6398 6389 6404 6401
f 6377 6383 6405 6399
f 6387 6397 6408 6412
f 6381 6376 6410 6414
f 6393 6391 6411 6407
f 6378 6385 6413 6409
f 6412 6408 6414 6410
f 6407 6411 6409 6413
f 6415 6416 6333 6334
f 6417 6418 6331 6332
f 6419 6422 6421 6420
f 6423 6426 6425 6424
f 6334 6401 6427 6415
f 6402 6333 6416 6428
f 6332 6403 6429 6417
f 6404 6331 6418 6430
f 6420 6425 6426 6419
f 6430 6427 6401 6404
f 6428 6429 6403 6402
f 6424 6416 6415 6423
f 6418 6422 6419 6430
f 6417 6421 6422 6418
f 6416 6424 6425 6428
f 6423 6415 6427 6426
f 6421 6417 6429 6420
f 6430 6419 6426 6427
f 6420 6429 6428 6425
f 6431 6432 6330 6329
f 6433 6434 6327 6328
f 6435 6438 6437 6436
f 6439 6442 6441 6440
f 6371 6330 6432 6443
f 6329 6372 6444 6431
f 6328 6373 6445 6433
f 6374 6327 6434 6446
f 6440 6437 6438 6439
f 6446 6444 6372 6374
f 6443 6445 6373 6371
f 6436 6434 6433 6435
f 6434 6436 6437 6446
f 6432 6442 6439 6443
f 6431 6441 6442 6432
f 6441 6431 6444 6440
f 6435 6433 6445 6438
f 6446 6437 6440 6444
f 6438 6445 6443 6439
f 6447 6448 6337 6338
f 6449 6450 6336 6335
f 6335 6399 6451 6449
f 6452 6455 6454 6453
f 6400 6336 6450 6456
f 6457 6460 6459 6458
f 6405 6337 6448 6461
f 6338 6406 6462 6447
f 6461 6451 6399 6405
f 6458 6454 6455 6457
f 6456 6462 6406 6400
f 6453 6450 6449 6452
f 6452 6449 6451 6455
f 6450 6453 6454 6456
f 6448 6460 6457 6461
f 6447 6459 6460 6448
f 6459 6447 6462 6458
f 6455 6451 6461 6457
f 6456 6454 6458 6462
f 6463 6464 6342 6341
f 6465 6466 6340 6339
f 6467 6470 6469 6468
f 6471 6474 6473 6472
f 6367 6342 6464 6475
f 6341 6368 6476 6463
f 6369 6340 6466 6477
f 6339 6370 6478 6465
f 6472 6469 6470 6471
f 6477 6476 6368 6369
f 6475 6478 6370 6367
f 6468 6466 6465 6467
f 6466 6468 6469 6477
f 6464 6474 6471 6475
f 6463 6473 6474 6464
f 6473 6463 6476 6472
f 6467 6465 6478 6470
f 6477 6469 6472 6476
f 6470 6478 6475 6471
g Group32360
f 6526 6525 6500 6502
f 6533 6534 6509 6510
f 6531 6532 6506 6504
f 6524 6523 6496 6498
f 6489 6485 6479 6487
f 6490 6489 6487 6488
f 6491 6480 6486 6493
f 6492 6491 6493 6494
f 6495 6481 6484 6497
f 6496 6495 6497 6498
f 6521 6522 6517 6518
f 6499 6483 6482 6501
f 6500 6499 6501 6502
f 6520 6519 6512 6514
f 6505 6484 6481 6503
f 6506 6505 6503 6504
f 6507 6479 6485 6508
f 6530 6529 6492 6494
f 6509 6507 6508 6510
f 6527 6528 6490 6488
f 6511 6486 6480 6513
f 6512 6511 6513 6514
f 6515 6482 6483 6516
f 6517 6515 6516 6518
f 6481 6540 6543 6503
f 6503 6543 6544 6504
f 6539 6484 6505 6545
f 6545 6505 6506 6546
f 6485 6537 6547 6508
f 6508 6547 6548 6510
f 6538 6479 6507 6549
f 6549 6507 6509 6550
f 6541 6486 6511 6551
f 6551 6511 6512 6552
f 6480 6542 6553 6513
f 6513 6553 6554 6514
f 6483 6535 6555 6516
f 6516 6555 6556 6518
f 6536 6482 6515 6557
f 6557 6515 6517 6558
f 6550 6509 6534 6559
f 6510 6548 6560 6533
f 6546 6506 6532 6561
f 6504 6544 6562 6531
f 6558 6517 6522 6563
f 6518 6556 6564 6521
f 6514 6554 6565 6520
f 6552 6512 6519 6566
f 6537 6539 6545 6547
f 6547 6545 6546 6548
f 6540 6538 6549 6543
f 6543 6549 6550 6544
f 6535 6541 6551 6555
f 6555 6551 6552 6556
f 6542 6536 6557 6553
f 6553 6557 6558 6554
f 6544 6550 6559 6562
f 6548 6546 6561 6560
f 6554 6558 6563 6565
f 6556 6552 6566 6564
f 6479 6568 6567 6487
f 6487 6567 6569 6488
f 6570 6485 6489 6571
f 6571 6489 6490 6572
f 6573 6480 6491 6574
f 6574 6491 6492 6575
f 6486 6577 6576 6493
f 6493 6576 6578 6494
f 6579 6481 6495 6580
f 6580 6495 6496 6581
f 6484 6583 6582 6497
f 6497 6582 6584 6498
f 6585 6483 6499 6586
f 6586 6499 6500 6587
f 6482 6589 6588 6501
f 6501 6588 6590 6502
f 6488 6569 6591 6527
f 6572 6490 6528 6592
f 6502 6590 6593 6526
f 6587 6500 6525 6594
f 6498 6584 6595 6524
f 6581 6496 6523 6596
f 6575 6492 6529 6597
f 6494 6578 6598 6530
f 6599 6535 6483 6585
f 6600 6589 6482 6536
f 6485 6570 6601 6537
f 6479 6538 6602 6568
f 6539 6603 6583 6484
f 6540 6481 6579 6604
f 6577 6486 6541 6605
f 6573 6606 6542 6480
f 6541 6535 6599 6605
f 6606 6600 6536 6542
f 6601 6603 6539 6537
f 6538 6540 6604 6602
f 6577 6570 6571 6576
f 6576 6571 6572 6578
f 6568 6573 6574 6567
f 6567 6574 6575 6569
f 6589 6579 6580 6588
f 6588 6580 6581 6590
f 6583 6585 6586 6582
f 6582 6586 6587 6584
f 6578 6572 6592 6598
f 6584 6587 6594 6595
f 6590 6581 6596 6593
f 6569 6575 6597 6591
f 6579 6589 6600 6604
f 6573 6568 6602 6606
f 6585 6583 6603 6599
f 6570 6577 6605 6601
f 6604 6600 6606 6602
f 6599 6603 6601 6605
f 6607 6608 6525 6526
f 6609 6610 6523 6524
f 6611 6614 6613 6612
f 6615 6618 6617 6616
f 6526 6593 6619 6607
f 6594 6525 6608 6620
f 6524 6595 6621 6609
f 6596 6523 6610 6622
f 6612 6617 6618 6611
f 6622 6619 6593 6596
f 6620 6621 6595 6594
f 6616 6608 6607 6615
f 6610 6614 6611 6622
f 6609 6613 6614 6610
f 6608 6616 6617 6620
f 6615 6607 6619 6618
f 6613 6609 6621 6612
f 6622 6611 6618 6619
f 6612 6621 6620 6617
f 6623 6624 6522 6521
f 6625 6626 6519 6520
f 6627 6630 6629 6628
f 6631 6634 6633 6632
f 6563 6522 6624 6635
f 6521 6564 6636 6623
f 6520 6565 6637 6625
f 6566 6519 6626 6638
f 6632 6629 6630 6631
f 6638 6636 6564 6566
f 6635 6637 6565 6563
f 6628 6626 6625 6627
f 6626 6628 6629 6638
f 6624 6634 6631 6635
f 6623 6633 6634 6624
f 6633 6623 6636 6632
f 6627 6625 6637 6630
f 6638 6629 6632 6636
f 6630 6637 6635 6631
f 6639 6640 6529 6530
f 6641 6642 6528 6527
f 6527 6591 6643 6641
f 6644 6647 6646 6645
f 6592 6528 6642 6648
f 6649 6652 6651 6650
f 6597 6529 6640 6653
f 6530 6598 6654 6639
f 6653 6643 6591 6597
f 6650 6646 6647 6649
f 6648 6654 6598 6592
f 6645 6642 6641 6644
f 6644 6641 6643 6647
f 6642 6645 6646 6648
f 6640 6652 6649 6653
f 6639 6651 6652 6640
f 6651 6639 6654 6650
f 6647 6643 6653 6649
f 6648 6646 6650 6654
f 6655 6656 6534 6533
f 6657 6658 6532 6531
f 6659 6662 6661 6660
f 6663 6666 6665 6664
f 6559 6534 6656 6667
f 6533 6560 6668 6655
f 6561 6532 6658 6669
f 6531 6562 6670 6657
f 6664 6661 6662 6663
f 6669 6668 6560 6561
f 6667 6670 6562 6559
f 6660 6658 6657 6659
f 6658 6660 6661 6669
f 6656 6666 6663 6667
f 6655 6665 6666 6656
f 6665 6655 6668 6664
f 6659 6657 6670 6662
f 6669 6661 6664 6668
f 6662 6670 6667 6663
g Group32361
f 6718 6717 6692 6694
f 6725 6726 6701 6702
f 6723 6724 6698 6696
f 6716 6715 6688 6690
f 6681 6677 6671 6679
f 6682 6681 6679 6680
f 6683 6672 6678 6685
f 6684 6683 6685 6686
f 6687 6673 6676 6689
f 6688 6687 6689 6690
f 6713 6714 6709 6710
f 6691 6675 6674 6693
f 6692 6691 6693 6694
f 6712 6711 6704 6706
f 6697 6676 6673 6695
f 6698 6697 6695 6696
f 6699 6671 6677 6700
f 6722 6721 6684 6686
f 6701 6699 6700 6702
f 6719 6720 6682 6680
f 6703 6678 6672 6705
f 6704 6703 6705 6706
f 6707 6674 6675 6708
f 6709 6707 6708 6710
f 6673 6732 6735 6695
f 6695 6735 6736 6696
f 6731 6676 6697 6737
f 6737 6697 6698 6738
f 6677 6729 6739 6700
f 6700 6739 6740 6702
f 6730 6671 6699 6741
f 6741 6699 6701 6742
f 6733 6678 6703 6743
f 6743 6703 6704 6744
f 6672 6734 6745 6705
f 6705 6745 6746 6706
f 6675 6727 6747 6708
f 6708 6747 6748 6710
f 6728 6674 6707 6749
f 6749 6707 6709 6750
f 6742 6701 6726 6751
f 6702 6740 6752 6725
f 6738 6698 6724 6753
f 6696 6736 6754 6723
f 6750 6709 6714 6755
f 6710 6748 6756 6713
f 6706 6746 6757 6712
f 6744 6704 6711 6758
f 6729 6731 6737 6739
f 6739 6737 6738 6740
f 6732 6730 6741 6735
f 6735 6741 6742 6736
f 6727 6733 6743 6747
f 6747 6743 6744 6748
f 6734 6728 6749 6745
f 6745 6749 6750 6746
f 6736 6742 6751 6754
f 6740 6738 6753 6752
f 6746 6750 6755 6757
f 6748 6744 6758 6756
f 6671 6760 6759 6679
f 6679 6759 6761 6680
f 6762 6677 6681 6763
f 6763 6681 6682 6764
f 6765 6672 6683 6766
f 6766 6683 6684 6767
f 6678 6769 6768 6685
f 6685 6768 6770 6686
f 6771 6673 6687 6772
f 6772 6687 6688 6773
f 6676 6775 6774 6689
f 6689 6774 6776 6690
f 6777 6675 6691 6778
f 6778 6691 6692 6779
f 6674 6781 6780 6693
f 6693 6780 6782 6694
f 6680 6761 6783 6719
f 6764 6682 6720 6784
f 6694 6782 6785 6718
f 6779 6692 6717 6786
f 6690 6776 6787 6716
f 6773 6688 6715 6788
f 6767 6684 6721 6789
f 6686 6770 6790 6722
f 6791 6727 6675 6777
f 6792 6781 6674 6728
f 6677 6762 6793 6729
f 6671 6730 6794 6760
f 6731 6795 6775 6676
f 6732 6673 6771 6796
f 6769 6678 6733 6797
f 6765 6798 6734 6672
f 6733 6727 6791 6797
f 6798 6792 6728 6734
f 6793 6795 6731 6729
f 6730 6732 6796 6794
f 6769 6762 6763 6768
f 6768 6763 6764 6770
f 6760 6765 6766 6759
f 6759 6766 6767 6761
f 6781 6771 6772 6780
f 6780 6772 6773 6782
f 6775 6777 6778 6774
f 6774 6778 6779 6776
f 6770 6764 6784 6790
f 6776 6779 6786 6787
f 6782 6773 6788 6785
f 6761 6767 6789 6783
f 6771 6781 6792 6796
f 6765 6760 6794 6798
f 6777 6775 6795 6791
f 6762 6769 6797 6793
f 6796 6792 6798 6794
f 6791 6795 6793 6797
f 6799 6800 6717 6718
f 6801 6802 6715 6716
f 6803 6806 6805 6804
f 6807 6810 6809 6808
f 6718 6785 6811 6799
f 6786 6717 6800 6812
f 6716 6787 6813 6801
f 6788 6715 6802 6814
f 6804 6809 6810 6803
f 6814 6811 6785 6788
f 6812 6813 6787 6786
f 6808 6800 6799 6807
f 6802 6806 6803 6814
f 6801 6805 6806 6802
f 6800 6808 6809 6812
f 6807 6799 6811 6810
f 6805 6801 6813 6804
f 6814 6803 6810 6811
f 6804 6813 6812 6809
f 6815 6816 6714 6713
f 6817 6818 6711 6712
f 6819 6822 6821 6820
f 6823 6826 6825 6824
f 6755 6714 6816 6827
f 6713 6756 6828 6815
f 6712 6757 6829 6817
f 6758 6711 6818 6830
f 6824 6821 6822 6823
f 6830 6828 6756 6758
f 6827 6829 6757 6755
f 6820 6818 6817 6819
f 6818 6820 6821 6830
f 6816 6826 6823 6827
f 6815 6825 6826 6816
f 6825 6815 6828 6824
f 6819 6817 6829 6822
f 6830 6821 6824 6828
f 6822 6829 6827 6823
f 6831 6832 6721 6722
f 6833 6834 6720 6719
f 6719 6783 6835 6833
f 6836 6839 6838 6837
f 6784 6720 6834 6840
f 6841 6844 6843 6842
f 6789 6721 6832 6845
f 6722 6790 6846 6831
f 6845 6835 6783 6789
f 6842 6838 6839 6841
f 6840 6846 6790 6784
f 6837 6834 6833 6836
f 6836 6833 6835 6839
f 6834 6837 6838 6840
f 6832 6844 6841 6845
f 6831 6843 6844 6832
f 6843 6831 6846 6842
f 6839 6835 6845 6841
f 6840 6838 6842 6846
f 6847 6848 6726 6725
f 6849 6850 6724 6723
f 6851 6854 6853 6852
f 6855 6858 6857 6856
f 6751 6726 6848 6859
f 6725 6752 6860 6847
f 6753 6724 6850 6861
f 6723 6754 6862 6849
f 6856 6853 6854 6855
f 6861 6860 6752 6753
f 6859 6862 6754 6751
f 6852 6850 6849 6851
f 6850 6852 6853 6861
f 6848 6858 6855 6859
f 6847 6857 6858 6848
f 6857 6847 6860 6856
f 6851 6849 6862 6854
f 6861 6853 6856 6860
f 6854 6862 6859 6855
g Group32362
f 6910 6909 6884 6886
f 6917 6918 6893 6894
f 6915 6916 6890 6888
f 6908 6907 6880 6882
f 6873 6869 6863 6871
f 6874 6873 6871 6872
f 6875 6864 6870 6877
f 6876 6875 6877 6878
f 6879 6865 6868 6881
f 6880 6879 6881 6882
f 6905 6906 6901 6902
f 6883 6867 6866 6885
f 6884 6883 6885 6886
f 6904 6903 6896 6898
f 6889 6868 6865 6887
f 6890 6889 6887 6888
f 6891 6863 6869 6892
f 6914 6913 6876 6878
f 6893 6891 6892 6894
f 6911 6912 6874 6872
f 6895 6870 6864 6897
f 6896 6895 6897 6898
f 6899 6866 6867 6900
f 6901 6899 6900 6902
f 6865 6924 6927 6887
f 6887 6927 6928 6888
f 6923 6868 6889 6929
f 6929 6889 6890 6930
f 6869 6921 6931 6892
f 6892 6931 6932 6894
f 6922 6863 6891 6933
f 6933 6891 6893 6934
f 6925 6870 6895 6935
f 6935 6895 6896 6936
f 6864 6926 6937 6897
f 6897 6937 6938 6898
f 6867 6919 6939 6900
f 6900 6939 6940 6902
f 6920 6866 6899 6941
f 6941 6899 6901 6942
f 6934 6893 6918 6943
f 6894 6932 6944 6917
f 6930 6890 6916 6945
f 6888 6928 6946 6915
f 6942 6901 6906 6947
f 6902 6940 6948 6905
f 6898 6938 6949 6904
f 6936 6896 6903 6950
f 6921 6923 6929 6931
f 6931 6929 6930 6932
f 6924 6922 6933 6927
f 6927 6933 6934 6928
f 6919 6925 6935 6939
f 6939 6935 6936 6940
f 6926 6920 6941 6937
f 6937 6941 6942 6938
f 6928 6934 6943 6946
f 6932 6930 6945 6944
f 6938 6942 6947 6949
f 6940 6936 6950 6948
f 6863 6952 6951 6871
f 6871 6951 6953 6872
f 6954 6869 6873 6955
f 6955 6873 6874 6956
f 6957 6864 6875 6958
f 6958 6875 6876 6959
f 6870 6961 6960 6877
f 6877 6960 6962 6878
f 6963 6865 6879 6964
f 6964 6879 6880 6965
f 6868 6967 6966 6881
f 6881 6966 6968 6882
f 6969 6867 6883 6970
f 6970 6883 6884 6971
f 6866 6973 6972 6885
f 6885 6972 6974 6886
f 6872 6953 6975 6911
f 6956 6874 6912 6976
f 6886 6974 6977 6910
f 6971 6884 6909 6978
f 6882 6968 6979 6908
f 6965 6880 6907 6980
f 6959 6876 6913 6981
f 6878 6962 6982 6914
f 6983 6919 6867 6969
f 6984 6973 6866 6920
f 6869 6954 6985 6921
f 6863 6922 6986 6952
f 6923 6987 6967 6868
f 6924 6865 6963 6988
f 6961 6870 6925 6989
f 6957 6990 6926 6864
f 6925 6919 6983 6989
f 6990 6984 6920 6926
f 6985 6987 6923 6921
f 6922 6924 6988 6986
f 6961 6954 6955 6960
f 6960 6955 6956 6962
f 6952 6957 6958 6951
f 6951 6958 6959 6953
f 6973 6963 6964 6972
f 6972 6964 6965 6974
f 6967 6969 6970 6966
f 6966 6970 6971 6968
f 6962 6956 6976 6982
f 6968 6971 6978 6979
f 6974 6965 6980 6977
f 6953 6959 6981 6975
f 6963 6973 6984 6988
f 6957 6952 6986 6990
f 6969 6967 6987 6983
f 6954 6961 6989 6985
f 6988 6984 6990 6986
f 6983 6987 6985 6989
f 6991 6992 6909 6910
f 6993 6994 6907 6908
f 6995 6998 6997 6996
f 6999 7002 7001 7000
f 6910 6977 7003 6991
f 6978 6909 6992 7004
f 6908 6979 7005 6993
f 6980 6907 6994 7006
f 6996 7001 7002 6995
f 7006 7003 6977 6980
f 7004 7005 6979 6978
f 7000 6992 6991 6999
f 6994 6998 6995 7006
f 6993 6997 6998 6994
f 6992 7000 7001 7004
f 6999 6991 7003 7002
f 6997 6993 7005 6996
f 7006 6995 7002 7003
f 6996 7005 7004 7001
f 7007 7008 6906 6905
f 7009 7010 6903 6904
f 7011 7014 7013 7012
f 7015 7018 7017 7016
f 6947 6906 7008 7019
f 6905 6948 7020 7007
f 6904 6949 7021 7009
f 6950 6903 7010 7022
f 7016 7013 7014 7015
f 7022 7020 6948 6950
f 7019 7021 6949 6947
f 7012 7010 7009 7011
f 7010 7012 7013 7022
f 7008 7018 7015 7019
f 7007 7017 7018 7008
f 7017 7007 7020 7016
f 7011 7009 7021 7014
f 7022 7013 7016 7020
f 7014 7021 7019 7015
f 7023 7024 6913 6914
f 7025 7026 6912 6911
f 6911 6975 7027 7025
f 7028 7031 7030 7029
f 6976 6912 7026 7032
f 7033 7036 7035 7034
f 6981 6913 7024 7037
f 6914 6982 7038 7023
f 7037 7027 6975 6981
f 7034 7030 7031 7033
f 7032 7038 6982 6976
f 7029 7026 7025 7028
f 7028 7025 7027 7031
f 7026 7029 7030 7032
f 7024 7036 7033 7037
f 7023 7035 7036 7024
f 7035 7023 7038 7034
f 7031 7027 7037 7033
f 7032 7030 7034 7038
f 7039 7040 6918 6917
f 7041 7042 6916 6915
f 7043 7046 7045 7044
f 7047 7050 7049 7048
f 6943 6918 7040 7051
f 6917 6944 7052 7039
f 6945 6916 7042 7053
f 6915 6946 7054 7041
f 7048 7045 7046 7047
f 7053 7052 6944 6945
f 7051 7054 6946 6943
f 7044 7042 7041 7043
f 7042 7044 7045 7053
f 7040 7050 7047 7051
f 7039 7049 7050 7040
f 7049 7039 7052 7048
f 7043 7041 7054 7046
f 7053 7045 7048 7052
f 7046 7054 7051 7047
g Group32363
f 7102 7101 7076 7078
f 7109 7110 7085 7086
f 7107 7108 7082 7080
f 7100 7099 7072 7074
f 7065 7061 7055 7063
f 7066 7065 7063 7064
f 7067 7056 7062 7069
f 7068 7067 7069 7070
f 7071 7057 7060 7073
f 7072 7071 7073 7074
f 7097 7098 7093 7094
f 7075 7059 7058 7077
f 7076 7075 7077 7078
f 7096 7095 7088 7090
f 7081 7060 7057 7079
f 7082 7081 7079 7080
f 7083 7055 7061 7084
f 7106 7105 7068 7070
f 7085 7083 7084 7086
f 7103 7104 7066 7064
f 7087 7062 7056 7089
f 7088 7087 7089 7090
f 7091 7058 7059 7092
f 7093 7091 7092 7094
f 7057 7116 7119 7079
f 7079 7119 7120 7080
f 7115 7060 7081 7121
f 7121 7081 7082 7122
f 7061 7113 7123 7084
f 7084 7123 7124 7086
f 7114 7055 7083 7125
f 7125 7083 7085 7126
f 7117 7062 7087 7127
f 7127 7087 7088 7128
f 7056 7118 7129 7089
f 7089 7129 7130 7090
f 7059 7111 7131 7092
f 7092 7131 7132 7094
f 7112 7058 7091 7133
f 7133 7091 7093 7134
f 7126 7085 7110 7135
f 7086 7124 7136 7109
f 7122 7082 7108 7137
f 7080 7120 7138 7107
f 7134 7093 7098 7139
f 7094 7132 7140 7097
f 7090 7130 7141 7096
f 7128 7088 7095 7142
f 7113 7115 7121 7123
f 7123 7121 7122 7124
f 7116 7114 7125 7119
f 7119 7125 7126 7120
f 7111 7117 7127 7131
f 7131 7127 7128 7132
f 7118 7112 7133 7129
f 7129 7133 7134 7130
f 7120 7126 7135 7138
f 7124 7122 7137 7136
f 7130 7134 7139 7141
f 7132 7128 7142 7140
f 7055 7144 7143 7063
f 7063 7143 7145 7064
f 7146 7061 7065 7147
f 7147 7065 7066 7148
f 7149 7056 7067 7150
f 7150 7067 7068 7151
f 7062 7153 7152 7069
f 7069 7152 7154 7070
f 7155 7057 7071 7156
f 7156 7071 7072 7157
f 7060 7159 7158 7073
f 7073 7158 7160 7074
f 7161 7059 7075 7162
f 7162 7075 7076 7163
f 7058 7165 7164 7077
f 7077 7164 7166 7078
f 7064 7145 7167 7103
f 7148 7066 7104 7168
f 7078 7166 7169 7102
f 7163 7076 7101 7170
f 7074 7160 7171 7100
f 7157 7072 7099 7172
f 7151 7068 7105 7173
f 7070 7154 7174 7106
f 7175 7111 7059 7161
f 7176 7165 7058 7112
f 7061 7146 7177 7113
f 7055 7114 7178 7144
f 7115 7179 7159 7060
f 7116 7057 7155 7180
f 7153 7062 7117 7181
f 7149 7182 7118 7056
f 7117 7111 7175 7181
f 7182 7176 7112 7118
f 7177 7179 7115 7113
f 7114 7116 7180 7178
f 7153 7146 7147 7152
f 7152 7147 7148 7154
f 7144 7149 7150 7143
f 7143 7150 7151 7145
f 7165 7155 7156 7164
f 7164 7156 7157 7166
f 7159 7161 7162 7158
f 7158 7162 7163 7160
f 7154 7148 7168 7174
f 7160 7163 7170 7171
f 7166 7157 7172 7169
f 7145 7151 7173 7167
f 7155 7165 7176 7180
f 7149 7144 7178 7182
f 7161 7159 7179 7175
f 7146 7153 7181 7177
f 7180 7176 7182 7178
f 7175 7179 7177 7181
f 7183 7184 7101 7102
f 7185 7186 7099 7100
f 7187 7190 7189 7188
f 7191 7194 7193 7192
f 7102 7169 7195 7183
f 7170 7101 7184 7196
f 7100 7171 7197 7185
f 7172 7099 7186 7198
f 7188 7193 7194 7187
f 7198 7195 7169 7172
f 7196 7197 7171 7170
f 7192 7184 7183 7191
f 7186 7190 7187 7198
f 7185 7189 7190 7186
f 7184 7192 7193 7196
f 7191 7183 7195 7194
f 7189 7185 7197 7188
f 7198 7187 7194 7195
f 7188 7197 7196 7193
f 7199 7200 7098 7097
f 7201 7202 7095 7096
f 7203 7206 7205 7204
f 7207 7210 7209 7208
f 7139 7098 7200 7211
f 7097 7140 7212 7199
f 7096 7141 7213 7201
f 7142 7095 7202 7214
f 7208 7205 7206 7207
f 7214 7212 7140 7142
f 7211 7213 7141 7139
f 7204 7202 7201 7203
f 7202 7204 7205 7214
f 7200 7210 7207 7211
f 7199 7209 7210 7200
f 7209 7199 7212 7208
f 7203 7201 7213 7206
f 7214 7205 7208 7212
f 7206 7213 7211 7207
f 7215 7216 7105 7106
f 7217 7218 7104 7103
f 7103 7167 7219 7217
f 7220 7223 7222 7221
f 7168 7104 7218 7224
f 7225 7228 7227 7226
f 7173 7105 7216 7229
f 7106 7174 7230 7215
f 7229 7219 7167 7173
f 7226 7222 7223 7225
f 7224 7230 7174 7168
f 7221 7218 7217 7220
f 7220 7217 7219 7223
f 7218 7221 7222 7224
f 7216 7228 7225 7229
f 7215 7227 7228 7216
f 7227 7215 7230 7226
f 7223 7219 7229 7225
f 7224 7222 7226 7230
f 7231 7232 7110 7109
f 7233 7234 7108 7107
f 7235 7238 7237 7236
f 7239 7242 7241 7240
f 7135 7110 7232 7243
f 7109 7136 7244 7231
f 7137 7108 7234 7245
f 7107 7138 7246 7233
f 7240 7237 7238 7239
f 7245 7244 7136 7137
f 7243 7246 7138 7135
f 7236 7234 7233 7235
f 7234 7236 7237 7245
f 7232 7242 7239 7243
f 7231 7241 7242 7232
f 7241 7231 7244 7240
f 7235 7233 7246 7238
f 7245 7237 7240 7244
f 7238 7246 7243 7239
g Group32364
f 7294 7293 7268 7270
f 7301 7302 7277 7278
f 7299 7300 7274 7272
f 7292 7291 7264 7266
f 7257 7253 7247 7255
f 7258 7257 7255 7256
f 7259 7248 7254 7261
f 7260 7259 7261 7262
f 7263 7249 7252 7265
f 7264 7263 7265 7266
f 7289 7290 7285 7286
f 7267 7251 7250 7269
f 7268 7267 7269 7270
f 7288 7287 7280 7282
f 7273 7252 7249 7271
f 7274 7273 7271 7272
f 7275 7247 7253 7276
f 7298 7297 7260 7262
f 7277 7275 7276 7278
f 7295 7296 7258 7256
f 7279 7254 7248 7281
f 7280 7279 7281 7282
f 7283 7250 7251 7284
f 7285 7283 7284 7286
f 7249 7308 7311 7271
f 7271 7311 7312 7272
f 7307 7252 7273 7313
f 7313 7273 7274 7314
f 7253 7305 7315 7276
f 7276 7315 7316 7278
f 7306 7247 7275 7317
f 7317 7275 7277 7318
f 7309 7254 7279 7319
f 7319 7279 7280 7320
f 7248 7310 7321 7281
f 7281 7321 7322 7282
f 7251 7303 7323 7284
f 7284 7323 7324 7286
f 7304 7250 7283 7325
f 7325 7283 7285 7326
f 7318 7277 7302 7327
f 7278 7316 7328 7301
f 7314 7274 7300 7329
f 7272 7312 7330 7299
f 7326 7285 7290 7331
f 7286 7324 7332 7289
f 7282 7322 7333 7288
f 7320 7280 7287 7334
f 7305 7307 7313 7315
f 7315 7313 7314 7316
f 7308 7306 7317 7311
f 7311 7317 7318 7312
f 7303 7309 7319 7323
f 7323 7319 7320 7324
f 7310 7304 7325 7321
f 7321 7325 7326 7322
f 7312 7318 7327 7330
f 7316 7314 7329 7328
f 7322 7326 7331 7333
f 7324 7320 7334 7332
f 7247 7336 7335 7255
f 7255 7335 7337 7256
f 7338 7253 7257 7339
f 7339 7257 7258 7340
f 7341 7248 7259 7342
f 7342 7259 7260 7343
f 7254 7345 7344 7261
f 7261 7344 7346 7262
f 7347 7249 7263 7348
f 7348 7263 7264 7349
f 7252 7351 7350 7265
f 7265 7350 7352 7266
f 7353 7251 7267 7354
f 7354 7267 7268 7355
f 7250 7357 7356 7269
f 7269 7356 7358 7270
f 7256 7337 7359 7295
f 7340 7258 7296 7360
f 7270 7358 7361 7294
f 7355 7268 7293 7362
f 7266 7352 7363 7292
f 7349 7264 7291 7364
f 7343 7260 7297 7365
f 7262 7346 7366 7298
f 7367 7303 7251 7353
f 7368 7357 7250 7304
f 7253 7338 7369 7305
f 7247 7306 7370 7336
f 7307 7371 7351 7252
f 7308 7249 7347 7372
f 7345 7254 7309 7373
f 7341 7374 7310 7248
f 7309 7303 7367 7373
f 7374 7368 7304 7310
f 7369 7371 7307 7305
f 7306 7308 7372 7370
f 7345 7338 7339 7344
f 7344 7339 7340 7346
f 7336 7341 7342 7335
f 7335 7342 7343 7337
f 7357 7347 7348 7356
f 7356 7348 7349 7358
f 7351 7353 7354 7350
f 7350 7354 7355 7352
f 7346 7340 7360 7366
f 7352 7355 7362 7363
f 7358 7349 7364 7361
f 7337 7343 7365 7359
f 7347 7357 7368 7372
f 7341 7336 7370 7374
f 7353 7351 7371 7367
f 7338 7345 7373 7369
f 7372 7368 7374 7370
f 7367 7371 7369 7373
f 7375 7376 7293 7294
f 7377 7378 7291 7292
f 7379 7382 7381 7380
f 7383 7386 7385 7384
f 7294 7361 7387 7375
f 7362 7293 7376 7388
f 7292 7363 7389 7377
f 7364 7291 7378 7390
f 7380 7385 7386 7379
f 7390 7387 7361 7364
f 7388 7389 7363 7362
f 7384 7376 7375 7383
f 7378 7382 7379 7390
f 7377 7381 7382 7378
f 7376 7384 7385 7388
f 7383 7375 7387 7386
f 7381 7377 7389 7380
f 7390 7379 7386 7387
f 7380 7389 7388 7385
f 7391 7392 7290 7289
f 7393 7394 7287 7288
f 7395 7398 7397 7396
f 7399 7402 7401 7400
f 7331 7290 7392 7403
f 7289 7332 7404 7391
f 7288 7333 7405 7393
f 7334 7287 7394 7406
f 7400 7397 7398 7399
f 7406 7404 7332 7334
f 7403 7405 7333 7331
f 7396 7394 7393 7395
f 7394 7396 7397 7406
f 7392 7402 7399 7403
f 7391 7401 7402 7392
f 7401 7391 7404 7400
f 7395 7393 7405 7398
f 7406 7397 7400 7404
f 7398 7405 7403 7399
f 7407 7408 7297 7298
f 7409 7410 7296 7295
f 7295 7359 7411 7409
f 7412 7415 7414 7413
f 7360 7296 7410 7416
f 7417 7420 7419 7418
f 7365 7297 7408 7421
f 7298 7366 7422 7407
f 7421 7411 7359 7365
f 7418 7414 7415 7417
f 7416 7422 7366 7360
f 7413 7410 7409 7412
f 7412 7409 7411 7415
f 7410 7413 7414 7416
f 7408 7420 7417 7421
f 7407 7419 7420 7408
f 7419 7407 7422 7418
f 7415 7411 7421 7417
f 7416 7414 7418 7422
f 7423 7424 7302 7301
f 7425 7426 7300 7299
f 7427 7430 7429 7428
f 7431 7434 7433 7432
f 7327 7302 7424 7435
f 7301 7328 7436 7423
f 7329 7300 7426 7437
f 7299 7330 7438 7425
f 7432 7429 7430 7431
f 7437 7436 7328 7329
f 7435 7438 7330 7327
f 7428 7426 7425 7427
f 7426 7428 7429 7437
f 7424 7434 7431 7435
f 7423 7433 7434 7424
f 7433 7423 7436 7432
f 7427 7425 7438 7430
f 7437 7429 7432 7436
f 7430 7438 7435 7431
g Group5998
f 52 54 55
f 52 55 7439
f 7439 55 56
f 7439 56 57
f 51 52 7440
f 7440 52 7439
f 53 51 7440
f 47 53 7440
f 7439 57 7441
f 7441 57 58
f 7441 58 59
f 7441 59 7442
f 7442 59 60
f 7442 60 61
f 7440 7439 7443
f 7443 7439 7441
f 7443 7441 7442
f 47 7440 7444
f 7444 7440 7443
f 46 47 7444
f 48 46 7444
f 49 48 7445
f 7445 48 7444
f 50 49 7445
f 7444 7443 7446
f 7446 7443 7442
f 7445 7444 7446
f 7446 7442 7447
f 7447 7442 61
f 7447 61 45
f 7447 45 43
f 7447 43 7448
f 7448 43 44
f 7448 44 7449
f 7449 44 62
f 7449 62 7450
f 7450 62 63
f 7450 63 7451
f 7451 63 64
f 7451 64 7452
f 7452 64 65
f 7452 65 7453
f 7453 65 66
f 7453 66 7454
f 7454 66 67
f 7454 67 68
f 7446 7447 7455
f 7455 7447 7448
f 7445 7446 7455
f 84 50 7445
f 84 7445 7455
f 83 84 7456
f 7456 84 7455
f 7456 7455 7457
f 7457 7455 7448
f 7457 7448 7449
f 82 83 7456
f 7457 7449 7458
f 7458 7449 7450
f 7456 7457 7459
f 7459 7457 7458
f 82 7456 7459
f 81 82 7459
f 7458 7450 7460
f 7460 7450 7451
f 7460 7451 7461
f 7461 7451 7452
f 7461 7452 7462
f 7462 7452 7453
f 7462 7453 7463
f 7463 7453 7454
f 80 81 7464
f 7464 81 7459
f 79 80 7465
f 7465 80 7464
f 78 79 7465
f 7464 7459 7466
f 7466 7459 7458
f 7466 7458 7460
f 7466 7460 7461
f 7466 7461 7467
f 7467 7461 7462
f 7465 7464 7466
f 7465 7466 7467
f 7467 7462 7468
f 7468 7462 7463
f 78 7465 7469
f 7469 7465 7467
f 7469 7467 7468
f 77 78 7469
f 76 77 7470
f 7470 77 7469
f 75 76 7470
f 7470 7469 7471
f 7471 7469 7468
f 7471 7468 7463
f 75 7470 7472
f 7472 7470 7471
f 74 75 7472
f 73 74 7473
f 7473 74 7472
f 72 73 7473
f 71 72 7473
f 70 71 7474
f 7474 71 7473
f 69 70 7475
f 7475 70 7474
f 68 69 7475
f 7474 7473 7472
f 7454 68 7476
f 7476 68 7475
f 7463 7454 7476
f 7471 7463 7476
f 7472 7471 7476
f 7474 7472 7476
f 7475 7474 7476
f 13 12 10
f 7477 13 10
f 14 13 7477
f 15 14 7477
f 7478 10 9
f 7477 10 7478
f 7478 9 11
f 7478 11 5
f 7479 15 7477
f 16 15 7479
f 17 16 7479
f 7480 17 7479
f 18 17 7480
f 19 18 7480
f 7481 7477 7478
f 7479 7477 7481
f 7482 7479 7481
f 7480 7479 7482
f 7483 7478 5
f 7481 7478 7483
f 7483 5 4
f 7483 4 6
f 7484 7481 7483
f 7482 7481 7484
f 7485 6 7
f 7483 6 7485
f 7484 7483 7485
f 7485 7 8
f 7486 19 7480
f 3 19 7486
f 7486 7480 7482
f 7487 7482 7484
f 7486 7482 7487
f 7487 7484 7485
f 1 3 7486
f 7488 7485 8
f 7487 7485 7488
f 7488 8 42
f 7488 42 41
f 7489 7487 7488
f 7486 7487 7489
f 1 7486 7489
f 7490 1 7489
f 2 1 7490
f 20 2 7490
f 7491 7489 7488
f 7490 7489 7491
f 7492 7488 41
f 7491 7488 7492
f 7492 41 40
f 7492 40 39
f 7493 7490 7491
f 20 7490 7493
f 7494 20 7493
f 21 20 7494
f 22 21 7494
f 7495 7491 7492
f 7493 7491 7495
f 7496 7492 39
f 7495 7492 7496
f 7496 39 38
f 7497 38 37
f 7496 38 7497
f 7498 37 36
f 7497 37 7498
f 7498 36 35
f 7499 7493 7495
f 7494 7493 7499
f 7500 7495 7496
f 7499 7495 7500
f 7500 7496 7497
f 7501 7494 7499
f 22 7494 7501
f 7502 22 7501
f 23 22 7502
f 24 23 7502
f 7503 7499 7500
f 7501 7499 7503
f 7504 7501 7503
f 7502 7501 7504
f 7505 7502 7504
f 24 7502 7505
f 7506 24 7505
f 25 24 7506
f 26 25 7506
f 7507 7500 7497
f 7503 7500 7507
f 7507 7497 7498
f 7508 7503 7507
f 7504 7503 7508
f 7505 7504 7508
f 7509 7498 35
f 7507 7498 7509
f 7508 7507 7509
f 7510 35 34
f 7509 35 7510
f 7510 34 33
f 7511 33 32
f 7510 33 7511
f 7511 32 31
f 7512 31 30
f 7511 31 7512
f 7512 30 29
f 7513 29 28
f 7512 29 7513
f 7513 28 27
f 7514 7510 7511
f 7509 7510 7514
f 7515 7509 7514
f 7508 7509 7515
f 7505 7508 7515
f 7516 7505 7515
f 7506 7505 7516
f 26 7506 7516
f 7517 26 7516
f 27 26 7517
f 7513 27 7517
f 7518 7511 7512
f 7514 7511 7518
f 7512 7513 7517
f 7518 7512 7517
f 7518 7517 7516
f 7518 7516 7515
f 7518 7515 7514

 