# File exported by ZBrush version 2021
# www.zbrush.com
#Vertex Count 3833
#Face Count 3831
#Auto scale x=1.000000 y=1.000000 z=1.000000
#Auto offset x=0.000000 y=0.000000 z=0.000000
v 0.01412391 4.08001709 -0.16908711
v 0.01488876 4.0043106 -0.20407015
v 0.01541709 4.00641632 0.12275099
v 0.01577377 4.08055114 0.0803554
v 0.01502418 3.95737838 0.11997342
v 0.0069065 2.96790313 0.02236384
v 0.00629997 2.94779968 -0.04258209
v 0.01532173 4.12420272 0.01812785
v 0.01413917 4.1355133 -0.0427683
v 0.01386261 4.12351608 -0.10957282
v 0.01452827 3.95038223 -0.19713813
v 0.00804328 2.9950447 -0.09347218
v 0.00775909 3.03121948 0.07576417
v 0.008358 3.0431633 -0.09866851
v -0.05027008 4.07955169 -0.1685546
v -0.04823494 4.00429916 -0.20389598
v -0.04738235 4.00513076 0.12278199
v -0.04837799 4.07889175 0.08038735
v -0.04738235 3.95621109 0.12018156
v -0.04917144 4.12269592 0.01833194
v -0.05039405 4.13424301 -0.04253894
v -0.05088424 4.12257766 -0.10898715
v -0.04673385 2.99531555 -0.09323436
v -0.04932212 2.94821929 -0.0418213
v -0.04744148 3.03194046 0.07701158
v -0.0482788 2.9685707 0.02342408
v -0.0481472 3.95044708 -0.1970703
v -0.04679489 3.0434494 -0.09844738
v 0.06209373 2.96726226 0.02130216
v 0.0619297 2.94734954 -0.04334408
v 0.07852172 4.07957077 -0.1684907
v 0.07861518 4.1228218 -0.10942405
v 0.0772171 3.9503746 -0.19681209
v 0.07802581 4.00416183 -0.2034592
v 0.07983017 4.12420272 0.01726645
v 0.07993698 4.08135986 0.07945632
v 0.06295585 3.03044128 0.07451939
v 0.06353187 3.04289245 -0.09889084
v 0.06280136 2.9947586 -0.09370809
v 0.07821273 4.00758361 0.12233519
v 0.07743644 3.95849609 0.11972546
v 0.07871246 4.13508606 -0.04380852
v 0.016222 3.98904037 -0.16403824
v 0.01613044 4.04429626 -0.13361197
v 0.00728416 2.98812103 -0.02865248
v 0.00994682 3.02745056 -0.06588298
v 0.00679588 3.00850296 0.01598185
v 0.01663017 4.08169937 -0.03845292
v 0.01722145 4.07217407 0.00292366
v 0.01628685 4.07185363 -0.0894708
v 0.01588821 3.9386177 -0.16023355
v 0.01678848 4.04396438 0.05063414
v 0.01597976 3.98945999 0.0867629
v 0.01552391 3.94363784 0.08582687
v 0.00685501 3.06933975 0.05282664
v 0.01024627 3.07334137 -0.07067447
v 0.05383491 2.98773193 -0.02929383
v 0.05292701 3.00790023 0.01508921
v 0.07007026 4.07313537 -0.09004885
v 0.07000351 4.04498672 -0.13432627
v 0.06946182 3.989151 -0.16447311
v 0.06875419 3.93854904 -0.16045349
v 0.07051086 4.04553222 0.0508368
v 0.07090377 4.0739479 0.00295609
v 0.05297279 3.0686531 0.05177831
v 0.05666732 3.07315444 -0.07085818
v 0.05601692 3.02725219 -0.06608134
v 0.07020568 4.08305358 -0.0395208
v 0.06888961 3.99054336 0.08690977
v 0.06808471 3.94452285 0.08574223
v -0.04788208 3.98909378 -0.16442126
v -0.0487194 4.04433441 -0.13384908
v -0.04879188 2.98855209 -0.02788168
v -0.04553031 3.02769088 -0.06564408
v -0.04789352 4.0812149 -0.0384038
v -0.04743003 4.07149124 0.00349515
v -0.0484848 4.07183456 -0.08940762
v -0.04789543 4.04286193 0.05126953
v -0.04771614 3.98836517 0.08715796
v -0.04776191 3.94254684 0.08614587
v -0.04868316 3.07019805 0.0540893
v -0.04874992 3.00923919 0.01705664
v -0.04776191 3.93862915 -0.16046923
v -0.04563903 3.07355499 -0.07045
v -0.04743003 3.17758941 0.08381247
v -0.0485382 3.20765686 0.05915379
v 0.00890922 3.17715454 0.0827291
v 0.06524086 3.17669296 0.08164215
v 0.05536651 3.20665741 0.05714178
v 0.00821113 3.20713424 0.05805397
v -0.04742622 3.33003234 0.09093141
v -0.04838562 3.35150528 0.06445407
v 0.01010513 3.32987213 0.09001541
v 0.06763649 3.32972717 0.08909726
v 0.05786132 3.35110092 0.06275129
v 0.00964736 3.35128402 0.06352543
v -0.04741668 3.48042678 0.09795761
v -0.04823494 3.49348831 0.06968689
v 0.01128006 3.48061752 0.09720778
v 0.06999206 3.48079299 0.09645557
v 0.06029892 3.49364852 0.06829023
v 0.01106262 3.49356079 0.06892275
v -0.04739761 3.6270523 0.10480618
v -0.04808425 3.63187027 0.07478523
v 0.01244735 3.62750625 0.10421657
v 0.07229614 3.6279869 0.10362672
v 0.06270217 3.63258743 0.07368874
v 0.01243019 3.63226318 0.07418704
v -0.04739379 3.78935623 0.11238718
v -0.04792594 3.78505706 0.08043098
v 0.01371383 3.79016494 0.11197519
v 0.074831 3.7909584 0.11156368
v 0.06535148 3.78637313 0.07966589
v 0.0139656 3.78577804 0.0800116
v 0.06675148 3.79581069 -0.14607602
v 0.07496452 3.80078887 -0.18048375
v 0.01351738 3.80083465 -0.18050164
v -0.04792976 3.80091857 -0.1805194
v -0.04741668 3.79591751 -0.14611119
v 0.01496505 3.79588317 -0.14609044
v 0.06484794 3.65925216 -0.13186162
v 0.07281112 3.65754699 -0.1650632
v 0.01255226 3.65765762 -0.16503614
v -0.04772377 3.65776062 -0.16500955
v -0.04707336 3.65942764 -0.13181155
v 0.0140686 3.65933227 -0.13183862
v 0.06267547 3.5038681 -0.11568611
v 0.07035064 3.4945755 -0.14751988
v 0.01142692 3.49473571 -0.14744025
v -0.04747772 3.49487304 -0.14736038
v -0.0466957 3.50407791 -0.11554163
v 0.01305389 3.50395584 -0.11562138
v 0.0605297 3.35050582 -0.09972387
v 0.06791687 3.33376312 -0.13020306
v 0.01034545 3.33395385 -0.13007336
v -0.04723548 3.33414077 -0.12994474
v -0.04632377 3.35078811 -0.09948521
v 0.01205062 3.35060882 -0.09961587
v 0.05864524 3.21577072 -0.08570236
v 0.06579589 3.1924591 -0.11499244
v 0.00937271 3.19269943 -0.11481708
v -0.04702568 3.19291687 -0.11464327
v -0.0459938 3.21609115 -0.08538049
v 0.01116943 3.21590805 -0.0855562
v 0.08750343 2.94718933 -0.04369336
v 0.08729744 2.96696853 0.02081698
v 0.11284828 4.12187194 -0.10908252
v 0.11211013 4.07899475 -0.16781371
v 0.11015129 4.00401306 -0.20295804
v 0.1088581 3.95035934 -0.19661098
v 0.11315345 4.08151245 0.07874131
v 0.11372375 4.12366867 0.01660174
v 0.08818626 3.03012466 0.07395052
v 0.10553932 3.80073547 -0.18047398
v 0.08873748 3.04278945 -0.09899216
v 0.08765411 2.9946556 -0.09381681
v 0.10995674 4.00813674 0.12208175
v 0.10885429 3.95909118 0.11961126
v 0.11276054 4.13430786 -0.04475766
v 0.10513305 3.7913475 0.11136126
v 0.09144592 3.17647934 0.08113718
v 0.09486007 3.32966232 0.08866381
v 0.09821891 3.48085403 0.09609317
v 0.1014862 3.62820053 0.10333848
v 0.1023674 3.65748214 -0.1650781
v 0.09873962 3.49448776 -0.14755779
v 0.09517478 3.33366775 -0.1302641
v 0.09204673 3.19234848 -0.1150735
v 0.13265037 4.00055313 -0.19405084
v 0.13565063 4.07117462 -0.16014558
v 0.10951614 2.9564743 -0.04071885
v 0.11000824 3.00216674 -0.08742529
v 0.10901451 2.97620773 0.01889485
v 0.13736724 4.12238693 -0.04593306
v 0.13765716 4.11252975 0.01319259
v 0.13722419 4.11063385 -0.10473781
v 0.13111686 3.94755935 -0.18815285
v 0.13590049 4.07383346 0.07214617
v 0.13200187 4.00463867 0.1138544
v 0.10971069 3.03875351 0.06806254
v 0.12780952 3.79952621 -0.17237967
v 0.11305427 3.18331527 0.0749154
v 0.111063 3.04980087 -0.09249991
v 0.13086891 3.95619583 0.11155057
v 0.11652755 3.33459472 0.08208704
v 0.11997795 3.48394012 0.08916354
v 0.12333679 3.62946319 0.09606194
v 0.12704467 3.79057693 0.1036992
v 0.12464523 3.65785598 -0.1572842
v 0.12104415 3.49663162 -0.14010554
v 0.11750412 3.33753967 -0.12315481
v 0.11437797 3.19775009 -0.10826319
v -0.08550834 4.00419616 -0.20347183
v -0.08904457 4.07878112 -0.16773194
v -0.08423233 4.00432586 0.12268447
v -0.08674049 4.07756805 0.08002448
v -0.08388137 3.9555664 0.12031388
v -0.08963203 4.13271331 -0.0428372
v -0.08826637 4.12100219 0.01813834
v -0.09032249 4.12118148 -0.10829371
v -0.07654953 2.99544906 -0.09310621
v -0.07987594 2.94843292 -0.0414024
v -0.08275413 3.78887939 0.11262559
v -0.07844924 2.9689064 0.02400583
v -0.08490943 3.95050048 -0.19689959
v -0.07763671 3.03234481 0.07769298
v -0.0835762 3.80099105 -0.18053025
v -0.07696533 3.04356765 -0.0983271
v -0.07861709 3.17781448 0.08441448
v -0.07965469 3.33006668 0.09144592
v -0.08066558 3.48033142 0.09838271
v -0.08166122 3.62677383 0.10514378
v -0.0823307 3.65784835 -0.16499358
v -0.08090782 3.49495697 -0.14731687
v -0.07951164 3.33423996 -0.12987119
v -0.07826805 3.19303131 -0.11454457
v -0.10879325 4.07059478 -0.15976768
v -0.10412597 4.0007019 -0.19457274
v -0.09664726 2.97863006 0.02286881
v -0.09600067 3.04155349 0.07275199
v -0.10856628 4.10873413 0.01480883
v -0.11054992 4.11977767 -0.04404074
v -0.11096954 4.10908126 -0.10355669
v -0.09485817 3.05067443 -0.0917198
v -0.09443283 3.00307083 -0.08658665
v -0.10254859 4.00010681 0.11459994
v -0.10593795 4.06888961 0.07351946
v -0.10215187 3.95204925 0.11245846
v -0.10306358 3.9477539 -0.18849843
v -0.09785652 2.95798111 -0.03790122
v -0.09619522 3.1985054 -0.10766142
v -0.1010456 3.78766632 0.10528802
v -0.09696769 3.18502807 0.07900977
v -0.09799575 3.33516693 0.0855596
v -0.0989933 3.48334503 0.09201932
v -0.09995842 3.62777328 0.09831762
v -0.10165596 3.79983139 -0.17250579
v -0.10036277 3.65825271 -0.15723747
v -0.09890365 3.49716186 -0.13986533
v -0.09745597 3.33818054 -0.12272149
v -0.09242439 3.9892807 -0.16519612
v -0.09430122 4.04498672 -0.13467949
v -0.10455513 3.99316406 -0.17539423
v -0.10841369 4.05391693 -0.14355987
v -0.09669494 3.06108856 0.06106853
v -0.09695625 2.99938964 0.01962536
v -0.0823307 3.0278244 -0.06548398
v -0.08609008 2.98884201 -0.02737075
v -0.10923004 4.09405517 -0.04241854
v -0.10787391 4.08471298 0.00814408
v -0.09329605 4.081604 -0.03908187
v -0.09303474 4.07187271 0.00428265
v -0.10978889 4.08559417 -0.09456795
v -0.0942955 4.07277679 -0.08973985
v -0.09404182 3.01957702 -0.07251709
v -0.09449386 3.06602096 -0.07743841
v -0.09173011 3.98767471 0.08769798
v -0.09314537 4.04257965 0.05222177
v -0.10613441 4.0515747 0.05976033
v -0.10311889 3.99176025 0.09687995
v -0.10261917 3.94509124 0.09514617
v -0.09135246 3.94182205 0.08639121
v -0.10322952 3.94166183 -0.17021006
v -0.09769821 2.9785881 -0.03078919
v -0.09591293 3.21033859 -0.09273511
v -0.10155677 3.78549194 0.08899354
v -0.09029769 3.78455734 0.08071589
v -0.08561897 3.00969314 0.01777142
v -0.0916996 3.9386177 -0.16085881
v -0.08553886 3.070755 0.05492663
v -0.09020233 3.79598617 -0.14612227
v -0.08280944 3.07371139 -0.07030063
v -0.09763526 3.2003746 0.06643843
v -0.08645629 3.20799636 0.0598886
v -0.09860611 3.34616851 0.0720582
v -0.08741951 3.35163879 0.06507921
v -0.0995655 3.49004745 0.07760381
v -0.08836364 3.49342727 0.07020211
v -0.10051345 3.63027954 0.08301019
v -0.08928299 3.63159561 0.0751934
v -0.10169982 3.79728698 -0.15495747
v -0.08881759 3.65946579 -0.13179236
v -0.10034561 3.65906906 -0.14030724
v -0.08722114 3.50416564 -0.11548918
v -0.09878921 3.50180816 -0.12364012
v -0.08563804 3.35090255 -0.09939748
v -0.09725379 3.34666824 -0.10718709
v -0.08426666 3.21621322 -0.08526343
v 0.13617324 4.05432891 -0.14379698
v 0.13315582 3.99290847 -0.1747455
v 0.1105442 3.01987838 -0.07241672
v 0.10925102 2.97841262 -0.03313642
v 0.09972572 2.98739624 -0.02992516
v 0.09831047 3.00730514 0.01420992
v 0.10811042 2.99791717 0.01548975
v 0.13768196 4.08817291 0.00657647
v 0.13755798 4.09635162 -0.0444234
v 0.13750839 4.08691787 -0.09558647
v 0.12512779 4.07537841 -0.09106057
v 0.12494278 4.0462265 -0.13572257
v 0.1314392 3.94145202 -0.16979616
v 0.12340354 3.98929977 -0.16535645
v 0.12213897 3.93846511 -0.16079789
v 0.1251564 4.04761123 0.0515449
v 0.1257286 4.07659149 0.00335496
v 0.13189315 3.99598693 0.09589576
v 0.13585281 4.05612945 0.05822324
v 0.09835815 3.06795501 0.05074429
v 0.1083126 3.0597763 0.05539202
v 0.1188755 3.79578781 -0.14605993
v 0.12814331 3.7970314 -0.15482848
v 0.11190414 3.19887542 0.06204986
v 0.11159324 3.06602859 -0.0774793
v 0.10238266 3.07300186 -0.07104235
v 0.10132789 3.02709579 -0.0662747
v 0.13064003 3.94912719 0.09423446
v 0.12484741 4.0851593 -0.04132801
v 0.12232971 3.99167251 0.0872693
v 0.12109375 3.94542694 0.08561396
v 0.11698341 3.78698349 0.07931661
v 0.11558342 3.34547042 0.06858348
v 0.10193443 3.20624542 0.05623722
v 0.10569381 3.35091781 0.06198477
v 0.11919212 3.49045181 0.0747466
v 0.10939788 3.49372863 0.06765842
v 0.12273025 3.6318016 0.08074998
v 0.11299514 3.63289642 0.07318973
v 0.1266365 3.78826904 0.08739996
v 0.11576271 3.65916442 -0.13188201
v 0.1250019 3.65873336 -0.14035135
v 0.1122055 3.50375747 -0.11575347
v 0.12143707 3.50136566 -0.12387758
v 0.10870361 3.35038375 -0.09983223
v 0.11792373 3.3460884 -0.1076197
v 0.10563087 3.2156105 -0.08584672
v 0.11483001 3.20970153 -0.09324544
v 0.01427078 4.13352203 -0.04107791
v 0.07883071 4.13321304 -0.0408805
v -0.05027008 4.13228607 -0.04027324
v 0.07025337 4.08196258 -0.04161673
v 0.0166397 4.08061981 -0.04195147
v -0.04789352 4.08011245 -0.04108578
v 0.11284828 4.13259124 -0.04030686
v 0.13743209 4.12098312 -0.03852254
v -0.0894432 4.13081741 -0.03925591
v -0.1103363 4.11819076 -0.03667026
v -0.10904693 4.09262085 -0.03686434
v -0.09320449 4.08047866 -0.03973037
v 0.13758468 4.09511184 -0.03831464
v 0.12488365 4.08403015 -0.04055577
v -0.03916549 3.23379898 -0.0145083
v -0.08463478 3.22703933 -0.0145083
v -0.12922859 3.21588134 -0.0145083
v -0.17251777 3.2003746 -0.0145083
v -0.2140522 3.18076324 -0.0145083
v -0.25348281 3.15712738 -0.0145083
v -0.29041481 3.12974548 -0.0145083
v -0.32445526 3.09888076 -0.0145083
v -0.35533142 3.06481552 -0.01450854
v -0.38270568 3.02788925 -0.01450806
v -0.40634918 2.98845291 -0.01450854
v -0.42599868 2.94691085 -0.01450854
v -0.44148826 2.9036293 -0.01450854
v -0.4526596 2.85902404 -0.01450878
v -0.45939254 2.81357193 -0.01450878
v -0.46164512 2.76766204 -0.01450854
v -0.45939254 2.72176742 -0.01450878
v -0.4526596 2.67628097 -0.01450854
v -0.44148826 2.63169097 -0.01450878
v -0.42599868 2.58842086 -0.01450878
v -0.40634918 2.54685974 -0.01450926
v -0.38270568 2.50744247 -0.01450926
v -0.35533142 2.47053146 -0.01450926
v -0.32445526 2.43647384 -0.01450926
v -0.29041481 2.40560531 -0.01450854
v -0.25348281 2.37821197 -0.01450926
v -0.2140522 2.35458374 -0.01450926
v -0.17251777 2.33493042 -0.01450878
v -0.12922859 2.31942367 -0.01450949
v -0.08463478 2.30827331 -0.01450926
v -0.03916549 2.30152511 -0.01450949
v 0.00673675 2.29925537 -0.01450926
v 0.05265045 2.30152511 -0.01450949
v 0.09811782 2.30827331 -0.01450926
v 0.14269638 2.31942367 -0.01450949
v 0.18598556 2.33493042 -0.01450926
v 0.22753143 2.35458374 -0.01450878
v 0.2669506 2.37821197 -0.01450926
v 0.30387496 2.40560531 -0.01450926
v 0.33794021 2.43647384 -0.01450878
v 0.36881637 2.47053146 -0.01450926
v 0.39619445 2.50744247 -0.01450878
v 0.41981506 2.54685974 -0.01450878
v 0.43947029 2.58842086 -0.01450926
v 0.45494842 2.63169097 -0.01450878
v 0.46612739 2.67628097 -0.01450878
v 0.47287368 2.72176742 -0.01450878
v 0.47513008 2.76766204 -0.01450878
v 0.47287368 2.81357193 -0.01450854
v 0.46612739 2.85902404 -0.01450854
v 0.45494842 2.9036293 -0.01450854
v 0.43947029 2.94691085 -0.0145083
v 0.41981506 2.98845291 -0.01450854
v 0.39619445 3.02788925 -0.0145083
v 0.36881637 3.06481552 -0.0145083
v 0.33794021 3.09888076 -0.0145083
v 0.30387496 3.12974548 -0.0145083
v 0.2669506 3.15712738 -0.01450854
v 0.22753143 3.18072128 -0.0145083
v 0.18598556 3.2003746 -0.0145083
v 0.14269638 3.21588134 -0.0145083
v 0.09811782 3.22703933 -0.0145083
v 0.05265045 3.23379898 -0.0145083
v 0.00673675 3.23604202 -0.0145083
v -0.02985 3.13916778 -0.05396205
v -0.06608009 3.13378524 -0.05396205
v -0.1016159 3.12487411 -0.05396205
v -0.13610458 3.11252212 -0.05396205
v -0.16922569 3.0968666 -0.05396205
v -0.20064926 3.07804489 -0.05396205
v -0.23007392 3.05620193 -0.05396205
v -0.25722312 3.03162384 -0.05396205
v -0.28181266 3.00446701 -0.05396205
v -0.30364036 2.9750595 -0.05396205
v -0.32246208 2.94361877 -0.05396205
v -0.33813667 2.91052627 -0.05396205
v -0.3504734 2.87603759 -0.05396205
v -0.35938262 2.8404808 -0.05396205
v -0.364748 2.80426788 -0.05396252
v -0.36654663 2.76766204 -0.05396252
v -0.364748 2.73108291 -0.05396252
v -0.35938262 2.69482421 -0.05396252
v -0.3504734 2.65931701 -0.05396252
v -0.33813667 2.62482452 -0.05396252
v -0.32246208 2.59169006 -0.05396252
v -0.30364036 2.56027221 -0.05396252
v -0.28181266 2.53084564 -0.05396252
v -0.25722312 2.50372314 -0.05396252
v -0.23007392 2.47911071 -0.05396229
v -0.20064926 2.45727157 -0.05396252
v -0.16922569 2.43847274 -0.05396252
v -0.13610458 2.42278289 -0.05396252
v -0.1016159 2.41044235 -0.05396252
v -0.06608009 2.40153503 -0.05396252
v -0.02985 2.39618301 -0.05396252
v 0.00673675 2.39438247 -0.05396252
v 0.04333305 2.39618301 -0.05396252
v 0.07956695 2.40153503 -0.05396252
v 0.11510849 2.41044235 -0.05396252
v 0.14958953 2.42278289 -0.05396252
v 0.18269729 2.43847274 -0.05396252
v 0.21411895 2.45727157 -0.05396252
v 0.24354171 2.47911071 -0.05396229
v 0.27069091 2.50372314 -0.05396252
v 0.29528999 2.53084564 -0.05396252
v 0.31710815 2.56027221 -0.05396252
v 0.33594894 2.59169006 -0.05396252
v 0.35160446 2.62482452 -0.05396252
v 0.36395835 2.65931701 -0.05396252
v 0.37284469 2.69482421 -0.05396229
v 0.37821388 2.73108291 -0.05396229
v 0.38001823 2.76766204 -0.05396205
v 0.37821388 2.80426788 -0.05396205
v 0.37284469 2.8404808 -0.05396205
v 0.36395835 2.87603759 -0.05396205
v 0.35160446 2.91052627 -0.05396205
v 0.33594894 2.94361877 -0.05396205
v 0.31710815 2.9750595 -0.05396205
v 0.29528999 3.00446701 -0.05396205
v 0.27069091 3.03162384 -0.05396205
v 0.24354171 3.05620193 -0.05396205
v 0.21411895 3.07804489 -0.05396205
v 0.18269729 3.0968666 -0.05396205
v 0.14958953 3.11252212 -0.05396205
v 0.11510849 3.12487411 -0.05396205
v 0.07956695 3.13378524 -0.05396205
v 0.04333305 3.13916778 -0.05396205
v 0.00673675 3.14093017 -0.05396205
v -0.02985 3.13916778 0.02494376
v -0.06608009 3.13378524 0.02494376
v -0.1016159 3.12487411 0.024944
v -0.13610458 3.11252212 0.02494376
v -0.16922569 3.0968666 0.02494376
v -0.20064926 3.07804489 0.024944
v -0.23007392 3.05620193 0.02494376
v -0.25722312 3.03162384 0.02494376
v -0.28181266 3.00446701 0.02494353
v -0.30364036 2.9750328 0.02494353
v -0.32246208 2.94361877 0.02494353
v -0.33813667 2.91052627 0.02494353
v -0.3504734 2.87603759 0.02494329
v -0.35938262 2.8404808 0.02494353
v -0.364748 2.80426788 0.02494329
v -0.36654663 2.76766204 0.02494329
v -0.364748 2.73108291 0.02494353
v -0.35938262 2.69482421 0.02494353
v -0.3504734 2.65931701 0.02494329
v -0.33813667 2.62482452 0.02494353
v -0.32246208 2.59169006 0.02494376
v -0.30364036 2.56028747 0.02494281
v -0.28181266 2.53084564 0.02494353
v -0.25722312 2.50372314 0.02494257
v -0.23007392 2.47911071 0.02494281
v -0.20064926 2.45727157 0.02494257
v -0.16922569 2.43847274 0.02494281
v -0.13610458 2.42278289 0.02494257
v -0.1016159 2.41044235 0.02494257
v -0.06608009 2.40153503 0.02494281
v -0.02985 2.39618301 0.02494305
v 0.00673675 2.39438247 0.02494257
v 0.04333305 2.39618301 0.02494305
v 0.07956695 2.40153503 0.02494281
v 0.11510849 2.41044235 0.02494257
v 0.14958953 2.42278289 0.02494257
v 0.18269729 2.43847274 0.02494305
v 0.21411895 2.45727157 0.02494257
v 0.24354171 2.47911071 0.02494281
v 0.27069091 2.50372314 0.02494281
v 0.29528999 2.53084564 0.02494305
v 0.31710815 2.56028747 0.02494281
v 0.33594894 2.59169006 0.02494281
v 0.35160446 2.62482452 0.02494353
v 0.36395835 2.65931701 0.02494329
v 0.37284469 2.69482421 0.02494329
v 0.37821388 2.73108291 0.02494353
v 0.38001823 2.76766204 0.02494353
v 0.37821388 2.80426788 0.02494353
v 0.37284469 2.8404808 0.02494353
v 0.36395835 2.87603759 0.02494376
v 0.35160446 2.91052627 0.02494353
v 0.33594894 2.94361877 0.02494353
v 0.31710815 2.9750328 0.02494353
v 0.29528999 3.00446701 0.02494376
v 0.27069091 3.03162384 0.02494353
v 0.24354171 3.05620193 0.02494353
v 0.21411895 3.07804489 0.024944
v 0.18269729 3.0968666 0.02494376
v 0.14958953 3.11252212 0.024944
v 0.11510849 3.12487411 0.024944
v 0.07956695 3.13378524 0.02494376
v 0.04333305 3.13916778 0.02494376
v 0.00673675 3.14093017 0.02494376
v 0.00673675 3.19967651 -0.04815894
v -0.01157951 3.14050293 -0.05396205
v -0.03560447 3.1976242 -0.04815894
v -0.01625251 3.23549652 -0.0145083
v -0.01445198 3.1991539 -0.04815894
v 0.04908943 3.1976242 -0.04815894
v 0.02504921 3.14050293 -0.05396205
v 0.02971267 3.23549652 -0.0145083
v 0.02793693 3.1991539 -0.04815894
v 0.09101295 3.19140625 -0.04815894
v 0.06150436 3.13690185 -0.05396205
v 0.07546424 3.23100662 -0.01450854
v 0.07012176 3.19501495 -0.04815894
v 0.13214492 3.18108749 -0.04815894
v 0.0974369 3.12974929 -0.05396205
v 0.12054443 3.22201919 -0.0145083
v 0.11171531 3.18674087 -0.04815894
v 0.17206573 3.16682815 -0.04815894
v 0.1325016 3.11913681 -0.05396205
v 0.1645317 3.20867157 -0.0145083
v 0.15229034 3.17444992 -0.04815894
v 0.21038627 3.14869308 -0.04815894
v 0.16633606 3.10510635 -0.05396205
v 0.20699501 3.19109344 -0.0145083
v 0.19145393 3.15821456 -0.04815894
v 0.24675369 3.12687683 -0.04815894
v 0.19865036 3.08784103 -0.05396205
v 0.2475357 3.16944122 -0.0145083
v 0.22884559 3.13821411 -0.04815894
v 0.28080749 3.1016159 -0.04815894
v 0.22909927 3.06749725 -0.05396205
v 0.28576469 3.14389801 -0.0145083
v 0.26409149 3.11465835 -0.04815894
v 0.31221389 3.07313537 -0.04815894
v 0.25741386 3.04425811 -0.05396205
v 0.32128143 3.11471939 -0.0145083
v 0.29685974 3.08777618 -0.04815894
v 0.34070777 3.04174041 -0.04815894
v 0.28332519 3.01836395 -0.05396205
v 0.35379409 3.0822258 -0.0145083
v 0.32684707 3.05779647 -0.04815894
v 0.3659439 3.00769043 -0.04815894
v 0.30656433 2.99003219 -0.05396205
v 0.38295555 3.04667663 -0.0145083
v 0.35374641 3.02502441 -0.04815894
v 0.38774681 2.97129821 -0.04815894
v 0.32691955 2.95956802 -0.05396205
v 0.4084835 3.00847244 -0.01450854
v 0.37729835 2.98975372 -0.04815894
v 0.40587425 2.93299865 -0.04815894
v 0.34418487 2.92727279 -0.05396205
v 0.43015098 2.96791076 -0.01450854
v 0.39728546 2.95236587 -0.04815894
v 0.42015457 2.89308166 -0.04815894
v 0.35820198 2.89340972 -0.05396205
v 0.44774246 2.92546081 -0.01450854
v 0.41349601 2.91321945 -0.04815894
v 0.43046569 2.85195922 -0.04815894
v 0.36883163 2.85838317 -0.05396205
v 0.46109199 2.88146209 -0.01450854
v 0.42581749 2.87264251 -0.04815894
v 0.43668365 2.81000518 -0.04815894
v 0.375988 2.82242965 -0.05396205
v 0.4700489 2.83637237 -0.01450854
v 0.43408966 2.83105087 -0.04815894
v 0.43875694 2.76766204 -0.04815894
v 0.37956619 2.78596878 -0.05396205
v 0.47455406 2.79064941 -0.01450878
v 0.43824195 2.78886413 -0.04815894
v 0.43668365 2.72530746 -0.04815894
v 0.37956619 2.7493515 -0.05396252
v 0.47455406 2.7447052 -0.01450878
v 0.43824195 2.74646377 -0.04815894
v 0.43046569 2.68338012 -0.04815894
v 0.375988 2.71286773 -0.05396252
v 0.4700489 2.69893646 -0.01450926
v 0.43408966 2.70426178 -0.04815894
v 0.42015457 2.64225769 -0.04815894
v 0.36883163 2.6769638 -0.05396252
v 0.46109199 2.65384292 -0.01450926
v 0.42581749 2.66270828 -0.04815894
v 0.40587425 2.60232162 -0.04815894
v 0.35820198 2.64189147 -0.05396229
v 0.44774246 2.60988998 -0.01450926
v 0.41349601 2.6221199 -0.04815894
v 0.38774681 2.56399917 -0.04815894
v 0.34418487 2.60807418 -0.05396229
v 0.43015098 2.56740188 -0.01450878
v 0.39728546 2.58294677 -0.04815894
v 0.3659439 2.52763366 -0.04815894
v 0.32691955 2.57574462 -0.05396252
v 0.4084835 2.52687835 -0.01450878
v 0.37729835 2.5455513 -0.04815894
v 0.34070777 2.49359893 -0.04815894
v 0.30656433 2.54528045 -0.05396252
v 0.38295555 2.48862075 -0.01450878
v 0.35374641 2.51028823 -0.04815894
v 0.31221389 2.46217727 -0.04815894
v 0.28332519 2.51698303 -0.05396252
v 0.35379409 2.45312118 -0.01450878
v 0.32684707 2.47751617 -0.04815894
v 0.28080749 2.43370437 -0.04815894
v 0.25741386 2.49108123 -0.05396252
v 0.32128143 2.42061233 -0.01450926
v 0.29685974 2.44753646 -0.04815894
v 0.24675369 2.40844345 -0.04815894
v 0.22909927 2.46783447 -0.05396252
v 0.28576469 2.39146423 -0.01450878
v 0.26409149 2.42065429 -0.04815894
v 0.21038627 2.38664627 -0.04815894
v 0.19865036 2.44749832 -0.05396252
v 0.2475357 2.36590957 -0.01450926
v 0.22884559 2.39709472 -0.04815894
v 0.17206573 2.3685112 -0.04815894
v 0.16633606 2.43019485 -0.05396252
v 0.20699501 2.34425735 -0.01450878
v 0.19145393 2.37712478 -0.04815894
v 0.13214492 2.35425186 -0.04815894
v 0.1325016 2.41621398 -0.05396252
v 0.1645317 2.32664108 -0.01450926
v 0.15229034 2.36088943 -0.04815894
v 0.09101295 2.34394836 -0.04815894
v 0.0974369 2.40557479 -0.05396252
v 0.12054443 2.31330871 -0.01450949
v 0.11171531 2.3485794 -0.04815894
v 0.04908943 2.3377304 -0.04815894
v 0.06150436 2.39841461 -0.05396252
v 0.07546424 2.30434799 -0.01450926
v 0.07012176 2.34031677 -0.04815894
v 0.00673675 2.33564376 -0.04815894
v 0.02504921 2.39481735 -0.05396252
v 0.02971267 2.29984283 -0.01450878
v 0.02793693 2.33616256 -0.04815894
v -0.03560447 2.3377304 -0.04815894
v -0.01157951 2.39481735 -0.05396252
v -0.01625251 2.29984283 -0.01450878
v -0.01445198 2.33616256 -0.04815894
v -0.07755279 2.34394836 -0.04815894
v -0.04803276 2.39841461 -0.05396252
v -0.06197929 2.30434799 -0.01450926
v -0.05665397 2.34031677 -0.04815894
v -0.11867141 2.35425186 -0.04815894
v -0.0839653 2.40557479 -0.05396252
v -0.10707664 2.31330871 -0.01450949
v -0.09824562 2.3485794 -0.04815894
v -0.15859794 2.3685112 -0.04815894
v -0.11901664 2.41621398 -0.05396252
v -0.15104675 2.32664108 -0.01450926
v -0.13880157 2.36088943 -0.04815894
v -0.19691276 2.38664627 -0.04815894
v -0.1528511 2.43019485 -0.05396252
v -0.1935234 2.34425735 -0.01450949
v -0.17798233 2.37712478 -0.04815894
v -0.23328208 2.40844345 -0.04815894
v -0.18516731 2.44749832 -0.05396252
v -0.23405075 2.36590957 -0.01450926
v -0.2153759 2.39709472 -0.04815894
v -0.26733017 2.43370437 -0.04815894
v -0.21562767 2.46783447 -0.05396252
v -0.27227973 2.39146423 -0.01450878
v -0.2506237 2.42065429 -0.04815894
v -0.29874992 2.46217727 -0.04815894
v -0.24394607 2.49108123 -0.05396252
v -0.30781173 2.42061233 -0.01450926
v -0.28339958 2.44753646 -0.04815894
v -0.327219 2.49359893 -0.04815894
v -0.26985359 2.51698303 -0.05396252
v -0.34030914 2.45312118 -0.01450878
v -0.31337547 2.47751617 -0.04815894
v -0.35247993 2.52763366 -0.04815894
v -0.29309082 2.54528045 -0.05396252
v -0.36947822 2.48862075 -0.01450878
v -0.34027862 2.51028823 -0.04815894
v -0.3742752 2.56399917 -0.04815894
v -0.3134346 2.57574462 -0.05396252
v -0.39502334 2.52687835 -0.01450878
v -0.3638134 2.5455513 -0.04815894
v -0.39240646 2.60232162 -0.04815894
v -0.33070564 2.60807418 -0.05396252
v -0.41667938 2.56740188 -0.01450878
v -0.38380813 2.58294677 -0.04815894
v -0.4066925 2.64225769 -0.04815894
v -0.34473609 2.64189147 -0.05396252
v -0.43427085 2.60988998 -0.01450926
v -0.40003585 2.6221199 -0.04815894
v -0.41698455 2.68338012 -0.04815894
v -0.35536766 2.6769638 -0.05396252
v -0.44760704 2.65384292 -0.01450854
v -0.41233634 2.66270828 -0.04815894
v -0.42321014 2.72530746 -0.04815894
v -0.36250114 2.71286773 -0.05396252
v -0.45658111 2.69893646 -0.01450878
v -0.4206047 2.70426178 -0.04815894
v -0.42528724 2.76766204 -0.04815894
v -0.36609458 2.7493515 -0.05396252
v -0.46108627 2.74465942 -0.01450878
v -0.42476463 2.74646377 -0.04815894
v -0.42321014 2.81000518 -0.04815894
v -0.36609458 2.78596878 -0.05396252
v -0.46108627 2.79064941 -0.01450878
v -0.42476463 2.78886413 -0.04815894
v -0.41698455 2.85195922 -0.04815894
v -0.36250114 2.82242965 -0.05396205
v -0.45658111 2.83638 -0.01450878
v -0.4206047 2.83105087 -0.04815894
v -0.4066925 2.89308166 -0.04815894
v -0.35536766 2.85838317 -0.05396205
v -0.44760704 2.88146209 -0.01450854
v -0.41233634 2.87264251 -0.04815894
v -0.39240646 2.93299865 -0.04815894
v -0.34473609 2.89340972 -0.05396205
v -0.43427085 2.92546081 -0.01450854
v -0.40003585 2.91321945 -0.04815894
v -0.3742752 2.97129821 -0.04815894
v -0.33070564 2.92727279 -0.05396205
v -0.41667938 2.96791076 -0.01450878
v -0.38380813 2.95236587 -0.04815894
v -0.35247993 3.00769043 -0.04815894
v -0.3134346 2.95956802 -0.05396205
v -0.39502334 3.00847244 -0.0145083
v -0.3638134 2.98975372 -0.04815894
v -0.327219 3.04174041 -0.04815894
v -0.29309082 2.99003219 -0.05396205
v -0.36947822 3.04667663 -0.01450854
v -0.34027862 3.02502441 -0.04815894
v -0.29874992 3.07313537 -0.04815894
v -0.26985359 3.01836395 -0.05396205
v -0.34030914 3.0822258 -0.0145083
v -0.31337547 3.05779647 -0.04815894
v -0.26733017 3.1016159 -0.04815894
v -0.24394607 3.04425811 -0.05396205
v -0.30781173 3.11471939 -0.0145083
v -0.28339958 3.08777618 -0.04815894
v -0.23328208 3.12687683 -0.04815894
v -0.21562767 3.06749725 -0.05396205
v -0.27227973 3.14387512 -0.0145083
v -0.2506237 3.11465835 -0.04815894
v -0.19691276 3.14869308 -0.04815894
v -0.18516731 3.08784103 -0.05396205
v -0.23405075 3.16944122 -0.0145083
v -0.2153759 3.13821411 -0.04815894
v -0.15859794 3.16682815 -0.04815894
v -0.1528511 3.10510635 -0.05396205
v -0.1935234 3.19109344 -0.0145083
v -0.17798233 3.15821456 -0.04815894
v -0.11867141 3.18108749 -0.04815894
v -0.11901664 3.11913681 -0.05396205
v -0.15104675 3.20867157 -0.0145083
v -0.13880157 3.17444992 -0.04815894
v -0.07755279 3.19140625 -0.04815894
v -0.0839653 3.12974929 -0.05396205
v -0.10707664 3.22201919 -0.0145083
v -0.09824562 3.18674087 -0.04815894
v -0.04803276 3.13690185 -0.05396205
v -0.06197929 3.23100662 -0.01450854
v -0.05665397 3.19501495 -0.04815894
v -0.03560447 3.1976242 0.01914352
v -0.07755279 3.19140625 0.0191428
v -0.04803276 3.13690185 0.02494376
v -0.05665397 3.19501495 0.01914304
v -0.11867141 3.18108749 0.01914304
v -0.0839653 3.12974929 0.02494353
v -0.09824562 3.18674087 0.0191428
v -0.15859794 3.16682815 0.0191428
v -0.11901664 3.11913681 0.02494376
v -0.13880157 3.17444992 0.01914304
v -0.19691276 3.14869308 0.01914328
v -0.1528511 3.10510635 0.02494353
v -0.17798233 3.15821456 0.01914304
v -0.23328208 3.12687683 0.01914328
v -0.18516731 3.08784103 0.02494353
v -0.2153759 3.13821411 0.01914256
v -0.26733017 3.1016159 0.01914328
v -0.21562767 3.06749725 0.02494329
v -0.2506237 3.11465835 0.01914233
v -0.29874992 3.07313537 0.01914304
v -0.24394607 3.04425811 0.02494353
v -0.28339958 3.08777618 0.01914304
v -0.327219 3.04174041 0.01914233
v -0.26985359 3.01836395 0.02494329
v -0.31337547 3.05779647 0.01914185
v -0.35247993 3.00769043 0.01914304
v -0.29309082 2.99003219 0.02494329
v -0.34027862 3.02502441 0.01914113
v -0.3742752 2.97129821 0.0191428
v -0.3134346 2.95956802 0.02494353
v -0.3638134 2.98976135 0.0191428
v -0.39240646 2.93299865 0.01914256
v -0.33070564 2.92727279 0.02494353
v -0.38380813 2.95236587 0.0191428
v -0.4066925 2.89308166 0.01914256
v -0.34473609 2.89340972 0.02494353
v -0.40003585 2.91321563 0.01914304
v -0.41698455 2.85195922 0.0191428
v -0.35536766 2.85838317 0.02494353
v -0.41233634 2.87264251 0.0191428
v -0.42321014 2.81001663 0.01914304
v -0.36250114 2.82242965 0.02494376
v -0.4206047 2.83105087 0.0191428
v -0.42528724 2.76766204 0.01914233
v -0.36609458 2.78596878 0.02494329
v -0.42476463 2.78886413 0.0191428
v -0.42321014 2.72530746 0.01914233
v -0.36609458 2.7493515 0.02494353
v -0.42476463 2.74646377 0.0191428
v -0.41698455 2.68338012 0.01914209
v -0.36250114 2.71286773 0.02494353
v -0.4206047 2.70426178 0.01914304
v -0.4066925 2.64225769 0.01914256
v -0.35536766 2.6769638 0.02494376
v -0.41233634 2.66270828 0.01914233
v -0.39240646 2.60232162 0.01914233
v -0.34473609 2.64190673 0.02494353
v -0.40003585 2.6221199 0.01914233
v -0.3742752 2.56399917 0.01914185
v -0.33070564 2.60807418 0.02494353
v -0.38380813 2.58294677 0.01914089
v -0.35247993 2.52763366 0.01914256
v -0.3134346 2.57574844 0.02494281
v -0.3638134 2.5455513 0.0191428
v -0.327219 2.49359512 0.01914256
v -0.29309082 2.54528045 0.02494353
v -0.34027862 2.51028823 0.01914185
v -0.29874992 2.46216964 0.01914113
v -0.26985359 2.51698303 0.02494281
v -0.31337547 2.47751617 0.01914233
v -0.26733017 2.43370437 0.01914233
v -0.24394607 2.49108123 0.02494281
v -0.28339958 2.44753646 0.01914113
v -0.23328208 2.40844345 0.01914089
v -0.21562767 2.4678421 0.02494305
v -0.2506237 2.42065429 0.01914256
v -0.19691276 2.38664627 0.0191428
v -0.18516731 2.44749832 0.02494305
v -0.2153759 2.39709472 0.01914233
v -0.15859794 2.3685112 0.01914185
v -0.1528511 2.43019485 0.02494281
v -0.17798233 2.37712478 0.01914256
v -0.11867141 2.35425186 0.01914233
v -0.11901664 2.41621017 0.02494353
v -0.13880157 2.36088943 0.01914185
v -0.07755279 2.34394836 0.01914137
v -0.0839653 2.40557479 0.02494305
v -0.09824562 2.3485794 0.01914233
v -0.03560447 2.3377304 0.01914233
v -0.04803276 2.39841461 0.02494257
v -0.05665397 2.34031677 0.0191428
v 0.00673675 2.33564376 0.01914233
v -0.01157951 2.39481735 0.02494257
v -0.01445198 2.33616256 0.01914233
v 0.04908943 2.3377304 0.01914233
v 0.02504921 2.39481735 0.02494257
v 0.02793693 2.33616256 0.01914233
v 0.09101295 2.34394836 0.01914137
v 0.06150436 2.39841461 0.02494257
v 0.07012176 2.34031677 0.0191428
v 0.13214492 2.35425186 0.01914233
v 0.0974369 2.40557479 0.02494305
v 0.11171531 2.3485794 0.01914233
v 0.17206573 2.3685112 0.01914185
v 0.1325016 2.41621017 0.02494353
v 0.15229034 2.36088943 0.01914185
v 0.21038627 2.38664627 0.01914256
v 0.16633606 2.43019485 0.02494281
v 0.19145393 2.37712478 0.01914233
v 0.24675369 2.40844345 0.01914089
v 0.19865036 2.44749832 0.02494257
v 0.22884559 2.39709472 0.01914137
v 0.28080749 2.43370437 0.01914209
v 0.22909927 2.4678421 0.02494353
v 0.26409149 2.42065429 0.01914256
v 0.31221389 2.46216964 0.01914185
v 0.25741386 2.49108123 0.02494281
v 0.29685974 2.44753646 0.01914256
v 0.34070777 2.49359512 0.01914209
v 0.28332519 2.51698303 0.02494281
v 0.32684707 2.47751617 0.01914185
v 0.3659439 2.52763366 0.01914185
v 0.30656433 2.54528045 0.02494281
v 0.35374641 2.51028823 0.01914161
v 0.38774681 2.56399917 0.01914256
v 0.32691955 2.57574844 0.02494353
v 0.37729835 2.5455513 0.01914256
v 0.40587425 2.60235595 0.0191428
v 0.34418487 2.60807418 0.02494329
v 0.39728546 2.58294677 0.01914233
v 0.42015457 2.64225769 0.0191428
v 0.35820198 2.64190673 0.02494353
v 0.41349601 2.6221199 0.0191428
v 0.43046569 2.68338012 0.01914185
v 0.36883163 2.6769638 0.02494353
v 0.42581749 2.66270828 0.0191428
v 0.43668365 2.72530746 0.01914233
v 0.375988 2.71286773 0.02494376
v 0.43408966 2.70426178 0.0191428
v 0.43875694 2.76766204 0.01914256
v 0.37956619 2.7493515 0.02494329
v 0.43824195 2.74646377 0.0191428
v 0.43668365 2.81001663 0.01914328
v 0.37956619 2.78596878 0.02494376
v 0.43824195 2.78886413 0.01914209
v 0.43046569 2.85195922 0.0191428
v 0.375988 2.82242965 0.02494376
v 0.43408966 2.83105087 0.01914185
v 0.42015457 2.89308166 0.01914256
v 0.36883163 2.85838317 0.02494376
v 0.42581749 2.87264251 0.01914304
v 0.40587425 2.93298339 0.01914209
v 0.35820198 2.89340972 0.02494353
v 0.41349601 2.91321945 0.01914256
v 0.38774681 2.97129821 0.0191428
v 0.34418487 2.92727279 0.02494329
v 0.39728546 2.95236587 0.01914256
v 0.3659439 3.00769043 0.0191428
v 0.32691955 2.95956802 0.02494376
v 0.37729835 2.98975372 0.01914256
v 0.34070777 3.04174041 0.01914256
v 0.30656433 2.99003219 0.02494353
v 0.35374641 3.02502441 0.01914233
v 0.31221389 3.07315444 0.01914233
v 0.28332519 3.01836395 0.02494329
v 0.32684707 3.05779647 0.01914256
v 0.28080749 3.1016159 0.01914256
v 0.25741386 3.04425811 0.024944
v 0.29685974 3.08777618 0.0191428
v 0.24675369 3.12687683 0.01914352
v 0.22909927 3.06749725 0.02494329
v 0.26409149 3.11465835 0.0191428
v 0.21038627 3.14869308 0.01914304
v 0.19865036 3.08784103 0.02494353
v 0.22884559 3.13821411 0.01914256
v 0.17206573 3.16682815 0.01914304
v 0.16633606 3.10510635 0.02494353
v 0.19145393 3.15821456 0.0191428
v 0.13214492 3.18108749 0.01914304
v 0.1325016 3.11913681 0.02494376
v 0.15229034 3.17444992 0.01914304
v 0.09101295 3.19140625 0.01914304
v 0.0974369 3.12974929 0.02494353
v 0.11171531 3.18674087 0.01914304
v 0.04908943 3.1976242 0.01914352
v 0.06150436 3.13690185 0.02494353
v 0.07012176 3.19501495 0.01914352
v 0.00673675 3.19967651 0.01914352
v 0.02504921 3.14050293 0.02494376
v 0.02793693 3.1991539 0.01914376
v -0.01157951 3.14050293 0.02494353
v -0.01445198 3.1991539 0.01914376
v -0.02766609 3.11686706 -0.01450854
v -0.06171798 3.11183166 -0.01450783
v -0.04476547 3.11476516 -0.01450854
v -0.09511184 3.10343933 -0.01450783
v -0.07852363 3.10805511 -0.0145083
v -0.12755584 3.09187698 -0.01450806
v -0.11148262 3.09806442 -0.0145083
v -0.15868187 3.0771408 -0.01450783
v -0.14329528 3.08487701 -0.01450854
v -0.18821716 3.05942535 -0.01450783
v -0.17367363 3.06864547 -0.01450854
v -0.21587753 3.03892135 -0.01450783
v -0.2022953 3.04950714 -0.0145083
v -0.24138832 3.01579284 -0.01450783
v -0.22892379 3.02769088 -0.01450878
v -0.26451492 2.99026107 -0.01450806
v -0.25327301 3.00333404 -0.01450854
v -0.28502464 2.96259689 -0.01450783
v -0.27511978 2.97670745 -0.01450854
v -0.30273628 2.93308639 -0.01450783
v -0.29424285 2.94805908 -0.0145083
v -0.31745529 2.9019432 -0.01450783
v -0.31047248 2.91769027 -0.0145083
v -0.3290596 2.86953353 -0.01450806
v -0.32365417 2.88587951 -0.0145083
v -0.33743286 2.83612823 -0.01450878
v -0.33366012 2.85292434 -0.01450854
v -0.34248542 2.80206298 -0.01450854
v -0.3403778 2.81914138 -0.01450926
v -0.34416008 2.76766204 -0.01450878
v -0.3437519 2.78490066 -0.01450878
v -0.34248542 2.73327636 -0.01450854
v -0.3437519 2.75044632 -0.01450878
v -0.33743286 2.69921112 -0.01450878
v -0.3403778 2.71616745 -0.01450854
v -0.3290596 2.66581344 -0.01450854
v -0.33366012 2.68240356 -0.01450878
v -0.31745529 2.63337326 -0.01450878
v -0.32365417 2.64943313 -0.01450926
v -0.30273628 2.60226059 -0.01450902
v -0.31047248 2.61763 -0.01450926
v -0.28502464 2.57271575 -0.01450878
v -0.29424285 2.5872612 -0.01450878
v -0.26451492 2.54505157 -0.01450854
v -0.27511978 2.55861282 -0.01450878
v -0.24138832 2.51952362 -0.01450949
v -0.25327301 2.53201293 -0.01450878
v -0.21587753 2.49641418 -0.01450878
v -0.22892379 2.50765609 -0.01450878
v -0.18821716 2.47589111 -0.01450878
v -0.2022953 2.48581314 -0.01450926
v -0.15868187 2.45817565 -0.01450949
v -0.17367363 2.46668243 -0.01450878
v -0.12755584 2.44347381 -0.01450926
v -0.14329528 2.45044708 -0.01450926
v -0.09511184 2.43187332 -0.01450878
v -0.11148262 2.43727111 -0.01450878
v -0.06171798 2.42348098 -0.01450878
v -0.07852363 2.42726516 -0.01450949
v -0.02766609 2.41843795 -0.01450926
v -0.04476547 2.42054748 -0.01450878
v 0.00673675 2.41674804 -0.01450949
v -0.0104866 2.41716766 -0.01450878
v 0.04113388 2.41843795 -0.01450926
v 0.02395248 2.41716766 -0.01450878
v 0.07520675 2.42348098 -0.01450878
v 0.05822563 2.42054748 -0.01450878
v 0.10860443 2.43187332 -0.01450878
v 0.09199714 2.42726516 -0.01450949
v 0.14102745 2.44347381 -0.01450926
v 0.12495422 2.43727111 -0.01450878
v 0.17215347 2.45817565 -0.01450949
v 0.15676689 2.45044708 -0.01450926
v 0.20168876 2.47589111 -0.01450878
v 0.18713569 2.46668243 -0.01450926
v 0.22934913 2.49641418 -0.01450878
v 0.2157669 2.48581314 -0.01450926
v 0.25485992 2.51952362 -0.01450878
v 0.24238395 2.50765609 -0.01450878
v 0.27799987 2.54505157 -0.01450878
v 0.26674079 2.53201293 -0.01450878
v 0.29850959 2.57271575 -0.01450878
v 0.28858757 2.55861282 -0.01450854
v 0.31620788 2.60226059 -0.01450926
v 0.30771827 2.5872612 -0.01450878
v 0.33093452 2.63337326 -0.01450926
v 0.32395744 2.61763 -0.01450949
v 0.34252739 2.66581344 -0.01450878
v 0.33712196 2.64943313 -0.01450902
v 0.35089492 2.69921112 -0.01450878
v 0.347126 2.68240356 -0.01450878
v 0.3559513 2.73327636 -0.01450854
v 0.35384941 2.71616745 -0.01450878
v 0.35764503 2.76766204 -0.01450878
v 0.35721969 2.75044632 -0.01450878
v 0.3559513 2.80206298 -0.01450878
v 0.35721969 2.78490066 -0.01450878
v 0.35089492 2.83612823 -0.01450878
v 0.35384941 2.81914138 -0.01450878
v 0.34252739 2.86953353 -0.01450854
v 0.347126 2.85292434 -0.01450854
v 0.33093452 2.9019432 -0.01450854
v 0.33712196 2.88587951 -0.01450878
v 0.31620788 2.93308639 -0.01450783
v 0.32395744 2.91769027 -0.01450854
v 0.29850959 2.96259689 -0.01450806
v 0.30771827 2.94805908 -0.0145083
v 0.27799987 2.99026107 -0.01450783
v 0.28858757 2.97670745 -0.01450854
v 0.25485992 3.01579284 -0.01450783
v 0.26674079 3.00333404 -0.01450854
v 0.22934913 3.03892135 -0.01450783
v 0.24238395 3.02769088 -0.01450854
v 0.20168876 3.05942535 -0.01450783
v 0.2157669 3.04950714 -0.0145083
v 0.17215347 3.0771408 -0.01450783
v 0.18713569 3.06864547 -0.01450854
v 0.14102745 3.09187698 -0.01450806
v 0.15676689 3.08487701 -0.01450854
v 0.10860443 3.10343933 -0.01450783
v 0.12495422 3.09806442 -0.0145083
v 0.07520675 3.11183166 -0.01450806
v 0.09199714 3.10805511 -0.0145083
v 0.04113388 3.11686706 -0.01450806
v 0.05822563 3.11476516 -0.0145083
v 0.00673675 3.11857223 -0.01450783
v 0.02395248 3.11814498 -0.0145083
v -0.0104866 3.11814498 -0.0145083
v 0.00673675 3.22488021 -0.0330742
v -0.00386619 3.19955062 -0.04815846
v -0.01569747 3.22431182 -0.0330742
v -0.00476074 3.23590087 -0.0145083
v -0.00447845 3.22472381 -0.0330742
v 0.00673675 3.16894149 -0.05628067
v -0.00242424 3.14082336 -0.05396109
v -0.0129528 3.16844177 -0.05628067
v -0.00311088 3.16878891 -0.05628067
v -0.02071762 3.13991928 -0.05396109
v -0.03259086 3.16697692 -0.05628091
v -0.02504348 3.19852829 -0.04815894
v -0.02277755 3.16785049 -0.05628067
v -0.03807067 3.22267532 -0.0330742
v -0.02772712 3.23480224 -0.0145083
v -0.0268917 3.22362518 -0.0330742
v 0.05155563 3.22267532 -0.0330742
v 0.03851699 3.19852829 -0.04815846
v 0.02916908 3.22431182 -0.0330742
v 0.04118919 3.23480224 -0.0145083
v 0.04038047 3.22362518 -0.0330742
v 0.04606056 3.16697692 -0.05628091
v 0.03420257 3.13991928 -0.05396109
v 0.02641487 3.16844177 -0.05628091
v 0.0362606 3.16785049 -0.05628067
v 0.01590919 3.14082336 -0.05396109
v 0.01734352 3.19955062 -0.04815894
v 0.01658248 3.16878891 -0.05628067
v 0.01823234 3.23590087 -0.0145083
v 0.0179634 3.22472381 -0.0330742
v 0.09592628 3.21607971 -0.0330742
v 0.0805931 3.19333267 -0.04815846
v 0.07382202 3.21990203 -0.0330742
v 0.08681297 3.22914123 -0.01450854
v 0.08489799 3.21812439 -0.0330742
v 0.08502578 3.16122436 -0.05628091
v 0.07055854 3.1354599 -0.05396109
v 0.06560325 3.16456985 -0.05628067
v 0.07533645 3.16303634 -0.05628067
v 0.05242729 3.13816452 -0.05396109
v 0.05962562 3.19644165 -0.04815894
v 0.05586051 3.16592407 -0.05628067
v 0.06407547 3.23252868 -0.0145083
v 0.06270217 3.2214241 -0.0330742
v 0.13946151 3.20516967 -0.0330742
v 0.12197113 3.18403625 -0.04815846
v 0.11782836 3.21117019 -0.03307396
v 0.13166046 3.21909332 -0.0145083
v 0.12868309 3.20827484 -0.03307396
v 0.12322235 3.15164566 -0.05628067
v 0.10630226 3.12743377 -0.05396109
v 0.10423851 3.15690612 -0.05628067
v 0.11375999 3.15436935 -0.05628067
v 0.0885353 3.13188171 -0.05396109
v 0.10139083 3.18920135 -0.04815894
v 0.09465408 3.15917205 -0.05628067
v 0.10935783 3.22467041 -0.0145083
v 0.1069107 3.21377182 -0.03307396
v 0.18169403 3.19004821 -0.0330742
v 0.16221809 3.17074585 -0.04815846
v 0.1607666 3.19814682 -0.0330742
v 0.17531013 3.2046585 -0.0145083
v 0.17128944 3.19422912 -0.0330742
v 0.16028404 3.13838577 -0.05628067
v 0.14108276 3.11593246 -0.05396109
v 0.14191818 3.14547729 -0.05628091
v 0.15115165 3.14203262 -0.05628067
v 0.12383079 3.1221199 -0.05396109
v 0.14226532 3.17788314 -0.04815894
v 0.13260841 3.14865493 -0.05628067
v 0.15366745 3.21240615 -0.0145083
v 0.1501522 3.20177841 -0.0330742
v 0.22226333 3.17087173 -0.0330742
v 0.20097541 3.15355682 -0.04815846
v 0.20222091 3.18098449 -0.0330742
v 0.21732139 3.18603515 -0.01450854
v 0.21230125 3.17606735 -0.0330742
v 0.19587898 3.12154007 -0.05628067
v 0.17456436 3.10109329 -0.05396109
v 0.17830467 3.13039779 -0.05628091
v 0.18714332 3.12606811 -0.05628091
v 0.15800857 3.10892868 -0.05396109
v 0.18181419 3.16262817 -0.04815894
v 0.16934013 3.13450622 -0.05628067
v 0.19655036 3.195858 -0.01450854
v 0.19201469 3.18562316 -0.0330742
v 0.26075363 3.1478157 -0.0330742
v 0.23786735 3.13266754 -0.04815846
v 0.24177742 3.159832 -0.0330742
v 0.25731849 3.16336822 -0.01450854
v 0.25134277 3.15393829 -0.0330742
v 0.22966194 3.10128784 -0.05628067
v 0.20643997 3.0830307 -0.05396109
v 0.21301651 3.11183166 -0.05628067
v 0.22141265 3.10668945 -0.05628067
v 0.19073867 3.09247207 -0.05396109
v 0.21967315 3.14358902 -0.04815894
v 0.20452308 3.11680603 -0.05628067
v 0.23760986 3.17519378 -0.0145083
v 0.23209762 3.16546249 -0.0330742
v 0.296772 3.12107849 -0.0330742
v 0.27254295 3.10824585 -0.04815846
v 0.27907943 3.13488769 -0.0330742
v 0.29490852 3.13690185 -0.0145083
v 0.28802108 3.12807846 -0.0330742
v 0.26128768 3.07784652 -0.05628067
v 0.23639679 3.06193542 -0.05396109
v 0.24577331 3.08995819 -0.05628091
v 0.25360298 3.08398056 -0.05628067
v 0.22167587 3.0728569 -0.05396109
v 0.25550079 3.12088012 -0.04815894
v 0.23777961 3.09571075 -0.05628067
v 0.27644729 3.15061569 -0.01450854
v 0.26999664 3.14147567 -0.0330742
v 0.33002471 3.09095001 -0.0330742
v 0.30463218 3.08055877 -0.04815846
v 0.31378173 3.10641479 -0.0330742
v 0.32970237 3.10690689 -0.0145083
v 0.32198524 3.09879303 -0.0330742
v 0.29047393 3.0513916 -0.05628067
v 0.26413154 3.03803253 -0.05396109
v 0.27621078 3.06498718 -0.05628091
v 0.28342056 3.05828857 -0.05628067
v 0.25055694 3.05029296 -0.05396157
v 0.28892517 3.09478759 -0.04815894
v 0.26883888 3.0715065 -0.05628067
v 0.31267929 3.12234115 -0.0145083
v 0.30536842 3.11384582 -0.0330742
v 0.36016273 3.05770111 -0.0330742
v 0.33385658 3.0498619 -0.04815846
v 0.34548568 3.07471084 -0.0330742
v 0.36141204 3.07361984 -0.01450854
v 0.35293769 3.06630706 -0.0330742
v 0.31690979 3.02221679 -0.05628067
v 0.28939247 3.01148605 -0.05396157
v 0.30404472 3.03713607 -0.05628091
v 0.31057739 3.02975845 -0.05628067
v 0.27709579 3.02508163 -0.05396109
v 0.31962966 3.06554412 -0.04815894
v 0.29734611 3.04435348 -0.05628067
v 0.34597015 3.09064102 -0.0145083
v 0.3378601 3.08292388 -0.0330742
v 0.38687896 3.02169418 -0.0330742
v 0.35995483 3.01641082 -0.04815846
v 0.37396049 3.0400238 -0.0330742
v 0.38968658 3.03736114 -0.01450878
v 0.3805294 3.0309143 -0.0330742
v 0.34036636 2.9906044 -0.05628067
v 0.3119297 2.98261642 -0.05396109
v 0.32903671 3.00667953 -0.05628067
v 0.33479881 2.99872589 -0.05628067
v 0.30101585 2.99731445 -0.05396109
v 0.34733009 3.03345871 -0.04815894
v 0.32306861 3.01452255 -0.05628091
v 0.37598991 3.05585479 -0.0145083
v 0.36717224 3.04895782 -0.0330742
v 0.40994262 2.98318862 -0.0330742
v 0.38262939 2.98060989 -0.04815846
v 0.39889526 3.00272369 -0.0330742
v 0.41428375 2.99853897 -0.0145083
v 0.40452957 2.99302291 -0.0330742
v 0.36061477 2.95683288 -0.05628067
v 0.33152961 2.95164489 -0.05396109
v 0.35089874 2.9739685 -0.05628091
v 0.35585975 2.96544647 -0.05628067
v 0.32211685 2.96737289 -0.05396109
v 0.37173843 2.99877548 -0.04815894
v 0.34573555 2.9823265 -0.05628067
v 0.40245819 3.0182724 -0.0145083
v 0.39299392 3.01227188 -0.0330742
v 0.42913627 2.94261932 -0.0330742
v 0.40170097 2.94273757 -0.04815894
v 0.42004585 2.96315383 -0.0330742
v 0.43494224 2.95748138 -0.01450854
v 0.42471885 2.9529457 -0.0330742
v 0.37745285 2.92123031 -0.05628067
v 0.34799575 2.91894531 -0.05396109
v 0.36947059 2.93921661 -0.05628091
v 0.37356185 2.9302864 -0.05628067
v 0.34016418 2.93549728 -0.05396109
v 0.39263725 2.9618988 -0.04815894
v 0.36514282 2.94805908 -0.05628067
v 0.42511558 2.97827148 -0.0145083
v 0.41511154 2.97322464 -0.0330742
v 0.44426155 2.90038681 -0.0330742
v 0.41695785 2.90318679 -0.04815846
v 0.43720245 2.92168045 -0.0330742
v 0.45148277 2.91458129 -0.01450854
v 0.44085884 2.91106796 -0.0330742
v 0.3907051 2.88415908 -0.05628091
v 0.36117744 2.88475799 -0.05396157
v 0.38453483 2.90282821 -0.05628091
v 0.38773536 2.89352417 -0.05628067
v 0.35500335 2.90201187 -0.05396109
v 0.40981674 2.92314147 -0.04815894
v 0.38110923 2.91206359 -0.05628091
v 0.44373321 2.93623352 -0.01450854
v 0.4332962 2.93219757 -0.0330742
v 0.45514679 2.85684204 -0.0330742
v 0.42827224 2.86232376 -0.04815846
v 0.45023345 2.8787651 -0.0330742
v 0.46374893 2.8702774 -0.01450878
v 0.45283126 2.86782836 -0.0330742
v 0.40029525 2.84595489 -0.05628067
v 0.37095069 2.84946441 -0.05396109
v 0.39596176 2.86515045 -0.05628091
v 0.39824867 2.855587 -0.05628067
v 0.36649131 2.86722564 -0.05396157
v 0.42311668 2.88288116 -0.04815894
v 0.39345741 2.87467956 -0.05628067
v 0.45815277 2.89258956 -0.01450854
v 0.44737434 2.88959884 -0.0330742
v 0.46174049 2.81248474 -0.0330742
v 0.43550491 2.82054138 -0.04815846
v 0.458992 2.83474731 -0.0330742
v 0.47161483 2.82501602 -0.01450878
v 0.46050071 2.82362747 -0.0330742
v 0.40606689 2.80699539 -0.05628067
v 0.37720871 2.81337738 -0.05396157
v 0.40366172 2.82653808 -0.05628091
v 0.4049797 2.81679916 -0.05628067
v 0.3745346 2.83147049 -0.05396109
v 0.43239212 2.84150314 -0.04815894
v 0.40207672 2.83625412 -0.05628067
v 0.46822929 2.84775924 -0.01450878
v 0.457201 2.84580993 -0.0330742
v 0.46393013 2.76766204 -0.0330742
v 0.43863868 2.77828979 -0.04815846
v 0.4633789 2.7900772 -0.0330742
v 0.47498703 2.77913284 -0.01450854
v 0.46380043 2.77890014 -0.0330742
v 0.40798759 2.76766204 -0.05628067
v 0.3799076 2.77682495 -0.05396157
v 0.40751266 2.78734207 -0.05628091
v 0.40787696 2.77751541 -0.05628091
v 0.37901306 2.79512405 -0.05396109
v 0.43758773 2.79945373 -0.04815894
v 0.40691375 2.79717636 -0.05628067
v 0.47384834 2.80210113 -0.01450854
v 0.46269989 2.80128479 -0.0330742
v 0.46174049 2.72285461 -0.0330742
v 0.43758773 2.73588562 -0.04815846
v 0.4633789 2.74522781 -0.0330742
v 0.47384834 2.73320388 -0.01450854
v 0.46269989 2.73402023 -0.0330742
v 0.40606689 2.72832489 -0.05628091
v 0.37901306 2.7402153 -0.05396205
v 0.40751266 2.74795532 -0.05628091
v 0.40691375 2.73812866 -0.05628091
v 0.3799076 2.75849151 -0.05396157
v 0.43863868 2.75704956 -0.04815894
v 0.40787696 2.75779724 -0.05628091
v 0.47498703 2.75616455 -0.01450854
v 0.46380043 2.75645065 -0.0330742
v 0.45514679 2.67846298 -0.0330742
v 0.43239212 2.69380188 -0.04815846
v 0.458992 2.7005577 -0.0330742
v 0.46822929 2.68759155 -0.01450926
v 0.457201 2.68949508 -0.0330742
v 0.40029525 2.68938064 -0.05628091
v 0.3745346 2.70384216 -0.05396205
v 0.40366172 2.70878219 -0.05628091
v 0.40207672 2.6990509 -0.05628091
v 0.37720871 2.72197341 -0.05396205
v 0.43550491 2.71477508 -0.04815894
v 0.4049797 2.71855545 -0.05628091
v 0.47161483 2.71033859 -0.01450854
v 0.46050071 2.71168518 -0.0330742
v 0.44426155 2.63493728 -0.0330742
v 0.42310905 2.65243148 -0.04815846
v 0.45023345 2.65658187 -0.0330742
v 0.45815277 2.64275741 -0.01450878
v 0.44737434 2.64572143 -0.0330742
v 0.3907051 2.65119552 -0.05628091
v 0.36649131 2.66812133 -0.05396205
v 0.39596176 2.6701622 -0.05628091
v 0.39345741 2.66063308 -0.05628091
v 0.37095069 2.68588638 -0.05396205
v 0.42827224 2.67298889 -0.04815894
v 0.39824867 2.67974853 -0.05628091
v 0.46374893 2.66504287 -0.01450878
v 0.45283126 2.66747665 -0.0330742
v 0.42913627 2.59269332 -0.0330742
v 0.40981674 2.61218643 -0.04815846
v 0.43720245 2.61362457 -0.0330742
v 0.44373321 2.59908676 -0.01450854
v 0.4332962 2.60311508 -0.0330742
v 0.37745285 2.61411666 -0.05628091
v 0.35500335 2.63333511 -0.05396205
v 0.38453483 2.63248443 -0.05628091
v 0.38110923 2.62326049 -0.05628091
v 0.36117744 2.65058136 -0.05396205
v 0.41695785 2.63214874 -0.04815894
v 0.38773536 2.64180374 -0.05628091
v 0.45148277 2.62073898 -0.01450878
v 0.44085884 2.62425231 -0.0330742
v 0.40994262 2.55215072 -0.0330742
v 0.39263725 2.57342147 -0.04815846
v 0.42004585 2.57218551 -0.0330742
v 0.42511558 2.55706787 -0.01450878
v 0.41511154 2.56209564 -0.0330742
v 0.36061477 2.57852172 -0.05628091
v 0.34016418 2.59981918 -0.05396205
v 0.36947059 2.59610366 -0.05628091
v 0.36514282 2.5872612 -0.05628091
v 0.34799575 2.61639785 -0.05396205
v 0.40170097 2.59256744 -0.04815894
v 0.37356185 2.60506057 -0.05628091
v 0.43494224 2.57783889 -0.01450878
v 0.42471885 2.58236694 -0.0330742
v 0.38687896 2.51366043 -0.0330742
v 0.37173843 2.53652572 -0.04815894
v 0.39889526 2.53261566 -0.0330742
v 0.40245819 2.5170784 -0.01450878
v 0.39299392 2.52308273 -0.0330742
v 0.34036636 2.54474258 -0.05628091
v 0.32211685 2.5679779 -0.05396205
v 0.35089874 2.56138229 -0.05628091
v 0.34573555 2.55298996 -0.05628091
v 0.33152961 2.58366394 -0.05396205
v 0.38262939 2.55474472 -0.04815894
v 0.35585975 2.56989669 -0.05628091
v 0.41428375 2.53681182 -0.01450878
v 0.40452957 2.54231643 -0.0330742
v 0.36016273 2.47760772 -0.0330742
v 0.34733009 2.50185394 -0.04815846
v 0.37396049 2.49531555 -0.0330742
v 0.37598991 2.47949218 -0.01450926
v 0.36717224 2.48638153 -0.0330742
v 0.31690979 2.51310348 -0.05628091
v 0.30101585 2.53801727 -0.05396205
v 0.32903671 2.5286293 -0.05628091
v 0.32306861 2.5207901 -0.05628091
v 0.3119297 2.55270385 -0.05396205
v 0.35995483 2.51888656 -0.04815894
v 0.33479881 2.53662109 -0.05628091
v 0.38968658 2.49795532 -0.01450878
v 0.3805294 2.50442504 -0.0330742
v 0.33002471 2.44437789 -0.0330742
v 0.31962966 2.46976852 -0.04815846
v 0.34548568 2.46063995 -0.0330742
v 0.34597015 2.44469833 -0.01450878
v 0.3378601 2.45241546 -0.0330742
v 0.29047393 2.48392105 -0.05628091
v 0.27709579 2.51026535 -0.05396252
v 0.30404472 2.49820327 -0.05628091
v 0.29734611 2.49098587 -0.05628091
v 0.28939247 2.52386093 -0.05396252
v 0.33385658 2.48548507 -0.04815894
v 0.31057739 2.50556564 -0.05628091
v 0.36141204 2.46173477 -0.01450878
v 0.35293769 2.46904754 -0.0330742
v 0.296772 2.41423416 -0.0330742
v 0.28892517 2.44052505 -0.04815846
v 0.31378173 2.42888641 -0.0330742
v 0.31267929 2.41301345 -0.01450878
v 0.30536842 2.42147064 -0.0330742
v 0.26128768 2.45750427 -0.05628091
v 0.25054931 2.48501205 -0.05396252
v 0.27621078 2.47035598 -0.05628091
v 0.26883888 2.46384429 -0.05628091
v 0.26413154 2.49732208 -0.05396205
v 0.30463218 2.45475387 -0.04815894
v 0.28342056 2.47705078 -0.05628091
v 0.32970237 2.42844772 -0.01450949
v 0.32198524 2.43654632 -0.0330742
v 0.26075363 2.38753128 -0.0330742
v 0.25550079 2.41444397 -0.04815894
v 0.27907943 2.40042114 -0.0330742
v 0.27644729 2.38473892 -0.01450878
v 0.26999664 2.39386367 -0.03307443
v 0.22966194 2.43401336 -0.05628091
v 0.22167587 2.46245575 -0.05396205
v 0.24577331 2.44537353 -0.05628138
v 0.23777961 2.43960189 -0.05628091
v 0.23639679 2.47337722 -0.05396252
v 0.27254295 2.42707443 -0.04815894
v 0.25360298 2.45132064 -0.05628091
v 0.29490852 2.39841461 -0.01450949
v 0.28802108 2.40722274 -0.0330742
v 0.22226333 2.36447525 -0.0330742
v 0.21967315 2.39176559 -0.04815894
v 0.24177742 2.37551879 -0.0330742
v 0.23760986 2.36012649 -0.01450926
v 0.23209762 2.36985015 -0.0330742
v 0.19587898 2.41379928 -0.05628091
v 0.19073867 2.44288253 -0.05396252
v 0.21301651 2.42348098 -0.05628091
v 0.20452308 2.41853332 -0.05628091
v 0.20643997 2.45229339 -0.05396205
v 0.23786735 2.40268707 -0.04815894
v 0.22141265 2.42866134 -0.05628091
v 0.25731849 2.37192916 -0.01450926
v 0.25134277 2.38138198 -0.0330742
v 0.18169403 2.34526443 -0.0330742
v 0.18181419 2.37272262 -0.04815846
v 0.20222091 2.35437011 -0.0330742
v 0.19655036 2.33945083 -0.01450949
v 0.19201469 2.34968185 -0.0330742
v 0.16028404 2.39696884 -0.05628091
v 0.15800857 2.4263916 -0.05396252
v 0.17830467 2.40493011 -0.05628091
v 0.16934013 2.40082931 -0.05628114
v 0.17456436 2.43424987 -0.05396252
v 0.20097541 2.38175582 -0.04815894
v 0.18714332 2.40924072 -0.05628091
v 0.21732139 2.34927749 -0.01450926
v 0.21230125 2.35928726 -0.0330742
v 0.13946151 2.33014679 -0.0330742
v 0.14226532 2.3574562 -0.04815846
v 0.1607666 2.33717346 -0.0330742
v 0.15366745 2.32291412 -0.01450949
v 0.1501522 2.33353424 -0.03307467
v 0.12322235 2.38368225 -0.05628091
v 0.12383079 2.41322708 -0.05396229
v 0.14191818 2.38986969 -0.05628091
v 0.13260841 2.38666534 -0.05628091
v 0.14108276 2.41941452 -0.05396205
v 0.16221809 2.36459732 -0.04815894
v 0.15115165 2.39328765 -0.05628091
v 0.17531013 2.33063888 -0.01450949
v 0.17128944 2.34112167 -0.0330742
v 0.09592628 2.31923675 -0.0330742
v 0.10139083 2.34614944 -0.04815894
v 0.11782836 2.3241806 -0.0330742
v 0.10935783 2.31066894 -0.01450949
v 0.1069107 2.32157516 -0.0330742
v 0.08502578 2.37412643 -0.05628091
v 0.0885353 2.40344238 -0.05396252
v 0.10423851 2.37843322 -0.05628091
v 0.09465408 2.37614822 -0.05628091
v 0.10630226 2.4079132 -0.05396252
v 0.12197113 2.35128021 -0.04815894
v 0.11375999 2.38093948 -0.05628091
v 0.13166046 2.3162651 -0.01450926
v 0.12868309 2.32702255 -0.0330742
v 0.05155563 2.31266403 -0.0330742
v 0.05962562 2.33887863 -0.04815894
v 0.07382202 2.31541061 -0.0330742
v 0.06407547 2.30279159 -0.01450926
v 0.06270217 2.31389617 -0.0330742
v 0.04606056 2.36834335 -0.05628091
v 0.05242729 2.39718246 -0.05396252
v 0.06560325 2.37074661 -0.05628138
v 0.05586051 2.36942291 -0.05628091
v 0.07055854 2.39988708 -0.05396252
v 0.0805931 2.34197998 -0.04815894
v 0.07533645 2.37231826 -0.05628138
v 0.08681297 2.30616378 -0.01450878
v 0.08489799 2.31719589 -0.0330742
v 0.00673675 2.31047058 -0.0330742
v 0.01734352 2.33574676 -0.04815894
v 0.02916908 2.31100845 -0.0330742
v 0.01823234 2.29942321 -0.01450949
v 0.0179634 2.31060409 -0.03307443
v 0.00673675 2.3664093 -0.05628138
v 0.01590919 2.39448547 -0.05396205
v 0.02641487 2.36688613 -0.05628138
v 0.01658248 2.36652374 -0.05628091
v 0.03420257 2.39539337 -0.05396229
v 0.03851699 2.33682632 -0.04815894
v 0.0362606 2.36750412 -0.05628091
v 0.04118919 2.30054855 -0.01450878
v 0.04038047 2.31169128 -0.0330742
v -0.03807067 2.31266403 -0.0330742
v -0.02504348 2.33682632 -0.04815894
v -0.01569747 2.31100845 -0.0330742
v -0.02772712 2.30054855 -0.01450878
v -0.0268917 2.31169128 -0.0330742
v -0.03259086 2.36834335 -0.05628091
v -0.02071762 2.39539337 -0.05396229
v -0.0129528 2.36688613 -0.05628138
v -0.02277755 2.36750412 -0.05628091
v -0.00242424 2.39448547 -0.05396205
v -0.00386619 2.33574676 -0.04815894
v -0.00311088 2.36652374 -0.05628091
v -0.00476074 2.29942321 -0.01450949
v -0.00447845 2.31060409 -0.03307443
v -0.08245849 2.31923675 -0.0330742
v -0.06712341 2.34197998 -0.04815894
v -0.06035423 2.31541061 -0.0330742
v -0.07334137 2.30616378 -0.01450878
v -0.07142639 2.31719589 -0.0330742
v -0.07154083 2.37412643 -0.05628091
v -0.05708694 2.39988708 -0.05396252
v -0.05214119 2.37074661 -0.05628138
v -0.06186103 2.37231826 -0.05628091
v -0.0389595 2.39718246 -0.05396252
v -0.04613876 2.33887863 -0.04815894
v -0.04237365 2.36942291 -0.05628091
v -0.05059623 2.30279159 -0.01450926
v -0.04923057 2.31389617 -0.0330742
v -0.12597656 2.33014679 -0.03307443
v -0.10848426 2.35128021 -0.04815846
v -0.10435295 2.3241806 -0.0330742
v -0.11818885 2.3162651 -0.01450926
v -0.11520195 2.32702255 -0.03307491
v -0.10973739 2.38368225 -0.05628091
v -0.09283256 2.4079132 -0.05396252
v -0.0907669 2.37843322 -0.05628091
v -0.10027504 2.38093948 -0.05628091
v -0.07505035 2.40344238 -0.05396252
v -0.08792114 2.34614944 -0.04815894
v -0.08116912 2.37614822 -0.05628091
v -0.09589386 2.31066894 -0.01450949
v -0.0934391 2.32157516 -0.0330742
v -0.16822624 2.34526443 -0.0330742
v -0.14874076 2.36459732 -0.04815846
v -0.14728164 2.33717346 -0.0330742
v -0.16182518 2.33063888 -0.01450949
v -0.15780448 2.34112167 -0.0330742
v -0.14681816 2.39696884 -0.05628091
v -0.12761306 2.41941452 -0.05396205
v -0.12843513 2.38986969 -0.05628091
v -0.13766479 2.39328765 -0.05628091
v -0.11034774 2.41322708 -0.05396229
v -0.12878036 2.3574562 -0.04815894
v -0.11913681 2.38666534 -0.05628091
v -0.14018631 2.32291412 -0.01450949
v -0.13668251 2.33353424 -0.03307467
v -0.20877838 2.36447525 -0.0330742
v -0.18751525 2.38175582 -0.04815846
v -0.18873214 2.35437011 -0.0330742
v -0.2038536 2.34927749 -0.01450926
v -0.19882965 2.35928726 -0.0330742
v -0.182415 2.41379928 -0.05628091
v -0.16109848 2.43424987 -0.05396229
v -0.16481971 2.40493011 -0.05628091
v -0.17367553 2.40924072 -0.05628091
v -0.14452362 2.4263916 -0.05396252
v -0.16833686 2.37272262 -0.04815894
v -0.15587806 2.40082931 -0.05628091
v -0.18306541 2.33945083 -0.01450949
v -0.17854499 2.34968185 -0.0330742
v -0.24726486 2.38753128 -0.0330742
v -0.22439765 2.40268707 -0.04815894
v -0.22831726 2.37551879 -0.0330742
v -0.24385261 2.37192916 -0.01450949
v -0.23785591 2.38138198 -0.0330742
v -0.21618652 2.43401336 -0.05628091
v -0.19297218 2.45229339 -0.05396205
v -0.19954681 2.42348098 -0.05628091
v -0.20792579 2.42866134 -0.05628091
v -0.17725181 2.44288253 -0.05396252
v -0.20621299 2.39176559 -0.04815894
v -0.19103622 2.41853332 -0.05628091
v -0.2241249 2.36012649 -0.01450926
v -0.21861267 2.36985015 -0.0330742
v -0.28330421 2.41423416 -0.0330742
v -0.25905418 2.42707443 -0.04815894
v -0.26561737 2.40042114 -0.0330742
v -0.28143882 2.39841461 -0.01450926
v -0.27454757 2.40722274 -0.0330742
v -0.24781608 2.45750427 -0.05628091
v -0.22291374 2.47337722 -0.05396252
v -0.23228645 2.4453926 -0.05628091
v -0.24013519 2.45132064 -0.05628091
v -0.20820426 2.46245575 -0.05396205
v -0.24202156 2.41444397 -0.04815894
v -0.22430801 2.43960189 -0.05628091
v -0.26296043 2.38473892 -0.01450926
v -0.25652885 2.39386367 -0.0330742
v -0.3165512 2.44437789 -0.0330742
v -0.29116821 2.45475387 -0.04815894
v -0.30029678 2.42890167 -0.0330742
v -0.31623458 2.42844772 -0.01450926
v -0.30851745 2.43654632 -0.0330742
v -0.27699089 2.48392105 -0.05628091
v -0.25065994 2.49732208 -0.05396205
v -0.26273918 2.47035598 -0.05628091
v -0.2699356 2.47705078 -0.05628091
v -0.23707771 2.48501205 -0.05396252
v -0.27545166 2.44052505 -0.04815894
v -0.25535392 2.46384429 -0.05628091
v -0.29920196 2.41301345 -0.01450878
v -0.291893 2.42147064 -0.0330742
v -0.34668922 2.47760772 -0.0330742
v -0.32039451 2.48548507 -0.04815846
v -0.33202552 2.46063995 -0.0330742
v -0.34792518 2.46173477 -0.01450854
v -0.33944892 2.46904754 -0.0330742
v -0.30343818 2.51310348 -0.05628091
v -0.27592086 2.52386093 -0.05396252
v -0.29057312 2.49820327 -0.05628091
v -0.29709243 2.50556564 -0.05628091
v -0.26361084 2.51026535 -0.05396252
v -0.30615806 2.46976852 -0.04815894
v -0.28386879 2.49098587 -0.05628091
v -0.33248519 2.44469833 -0.01450926
v -0.3243885 2.45241546 -0.0330742
v -0.3734188 2.51366043 -0.0330742
v -0.3464756 2.51888656 -0.04815846
v -0.36049079 2.49531555 -0.0330742
v -0.3762207 2.49795532 -0.01450878
v -0.3670578 2.50442504 -0.0330742
v -0.3269062 2.54474258 -0.05628091
v -0.29844474 2.55270385 -0.05396205
v -0.31555175 2.5286293 -0.05628091
v -0.32131385 2.53662109 -0.05628091
v -0.28753089 2.53801727 -0.05396205
v -0.33384513 2.50185394 -0.04815894
v -0.30958175 2.5207901 -0.05628091
v -0.36251258 2.47949218 -0.01450926
v -0.353693 2.48638153 -0.0330742
v -0.39647483 2.55215072 -0.0330742
v -0.36916732 2.55474472 -0.04815846
v -0.3854103 2.53261566 -0.0330742
v -0.40079689 2.53681182 -0.01450878
v -0.39106941 2.54231643 -0.0330742
v -0.34714317 2.57852172 -0.05628091
v -0.31805229 2.58366394 -0.05396205
v -0.33743286 2.56138229 -0.05628091
v -0.34238815 2.56989669 -0.05628091
v -0.30863189 2.5679779 -0.05396205
v -0.35825347 2.53652572 -0.04815894
v -0.33227157 2.55298996 -0.05628091
v -0.38897895 2.5170784 -0.01450878
v -0.37953376 2.52308273 -0.0330742
v -0.41566467 2.59269332 -0.0330742
v -0.38822555 2.59256744 -0.04815846
v -0.40656662 2.57218551 -0.0330742
v -0.42145538 2.57783889 -0.01450902
v -0.4112339 2.58236694 -0.0330742
v -0.36396789 2.61411666 -0.05628091
v -0.33452796 2.61639785 -0.05396205
v -0.35598564 2.59610366 -0.05628091
v -0.36009597 2.60506057 -0.05628091
v -0.32669258 2.59981918 -0.05396205
v -0.37915611 2.57342147 -0.04815894
v -0.35167503 2.5872612 -0.05628091
v -0.41163063 2.55708313 -0.01450878
v -0.40164184 2.56209564 -0.0330742
v -0.43076896 2.63493728 -0.0330742
v -0.40349006 2.63214874 -0.04815846
v -0.42374229 2.61362457 -0.0330742
v -0.43801498 2.62073898 -0.01450878
v -0.42739105 2.62425231 -0.0330742
v -0.37724494 2.65119552 -0.05628091
v -0.34770965 2.65058136 -0.05396205
v -0.37106704 2.63248443 -0.05628091
v -0.37426948 2.64180374 -0.05628091
v -0.34154319 2.63333511 -0.05396205
v -0.3963356 2.61218643 -0.04815894
v -0.36762428 2.62326049 -0.05628091
v -0.43026161 2.59908676 -0.01450878
v -0.41983032 2.60311508 -0.0330742
v -0.44168472 2.67846298 -0.0330742
v -0.41478729 2.67298889 -0.04815846
v -0.43676185 2.65658187 -0.0330742
v -0.45026397 2.66504287 -0.01450878
v -0.43935012 2.66747665 -0.0330742
v -0.3868103 2.68938064 -0.05628091
v -0.357481 2.68588638 -0.05396205
v -0.38249206 2.6701622 -0.05628091
v -0.3847599 2.67974853 -0.05628091
v -0.35302734 2.66812133 -0.05396205
v -0.40964508 2.65243148 -0.04815894
v -0.3799858 2.66063308 -0.05628091
v -0.44469261 2.64275741 -0.01450878
v -0.43390655 2.64572143 -0.0330742
v -0.44825744 2.72285461 -0.0330742
v -0.42204093 2.71477508 -0.04815846
v -0.44550514 2.7005577 -0.0330742
v -0.45813179 2.71033859 -0.01450783
v -0.44703292 2.71168518 -0.0330742
v -0.39258384 2.72832489 -0.05628091
v -0.36374664 2.72197341 -0.05396205
v -0.39017295 2.70878219 -0.05628091
v -0.39150619 2.71855545 -0.05628091
v -0.36104965 2.70384216 -0.05396205
v -0.41893196 2.69380188 -0.04815894
v -0.38861465 2.69908523 -0.05628091
v -0.45475769 2.68759155 -0.01450878
v -0.44373893 2.68949508 -0.0330742
v -0.45046234 2.76766204 -0.0330742
v -0.42515373 2.75704956 -0.04815846
v -0.44991493 2.74522781 -0.0330742
v -0.46150589 2.75616455 -0.01450878
v -0.4503231 2.75645065 -0.0330742
v -0.39452362 2.76766204 -0.05628091
v -0.36644363 2.75849151 -0.05396205
v -0.39403152 2.74795532 -0.05628091
v -0.39439201 2.75779724 -0.05628091
v -0.36554718 2.7402153 -0.05396205
v -0.42411422 2.73588562 -0.04815894
v -0.39342498 2.73812866 -0.05628067
v -0.46038436 2.73320388 -0.01450854
v -0.44921684 2.73402023 -0.0330742
v -0.44825744 2.81248474 -0.0330742
v -0.42411422 2.79945373 -0.04815846
v -0.44991493 2.7900772 -0.0330742
v -0.46038436 2.80210113 -0.01450854
v -0.44921684 2.80128479 -0.0330742
v -0.39258384 2.80699539 -0.05628091
v -0.36554718 2.79512405 -0.05396205
v -0.39403152 2.78734207 -0.05628091
v -0.39342498 2.79717636 -0.05628091
v -0.36644363 2.77681732 -0.05396205
v -0.42515373 2.77828979 -0.04815894
v -0.39439201 2.77751541 -0.05628091
v -0.46150589 2.77913284 -0.01450878
v -0.4503231 2.77890014 -0.0330742
v -0.44168472 2.85684204 -0.0330742
v -0.41893196 2.84150314 -0.04815846
v -0.44550514 2.83474731 -0.0330742
v -0.45475769 2.84775924 -0.01450878
v -0.44373893 2.84580993 -0.0330742
v -0.3868103 2.84595489 -0.05628067
v -0.36104965 2.83147049 -0.05396109
v -0.39017295 2.82653808 -0.05628091
v -0.38861465 2.83625412 -0.05628091
v -0.36374664 2.81337738 -0.05396157
v -0.42204093 2.82054138 -0.04815894
v -0.39150619 2.81679916 -0.05628091
v -0.45813179 2.82501602 -0.01450878
v -0.44703292 2.82362747 -0.0330742
v -0.43076896 2.90038681 -0.0330742
v -0.40964508 2.88288116 -0.04815846
v -0.43676185 2.8787651 -0.0330742
v -0.44469261 2.89258956 -0.0145083
v -0.43390655 2.88959884 -0.0330742
v -0.37724494 2.88415908 -0.05628091
v -0.35302734 2.86722564 -0.05396157
v -0.38249206 2.86515045 -0.05628091
v -0.3799858 2.87467956 -0.05628067
v -0.357481 2.84946441 -0.05396109
v -0.41478729 2.86232376 -0.04815894
v -0.3847599 2.855587 -0.05628067
v -0.45026397 2.8702774 -0.0145083
v -0.43935012 2.86782836 -0.0330742
v -0.41566467 2.94261932 -0.0330742
v -0.3963356 2.92314147 -0.04815846
v -0.42374229 2.92168045 -0.0330742
v -0.43026161 2.93623352 -0.0145083
v -0.41983032 2.93219757 -0.0330742
v -0.36396789 2.92123031 -0.05628067
v -0.34154319 2.90201187 -0.05396109
v -0.37106704 2.90282821 -0.05628091
v -0.36762428 2.91206359 -0.05628091
v -0.34770965 2.88475799 -0.05396157
v -0.40349006 2.90318679 -0.04815894
v -0.37426948 2.89352417 -0.05628067
v -0.43801498 2.91458129 -0.0145083
v -0.42739105 2.91106796 -0.0330742
v -0.39647483 2.98318862 -0.0330742
v -0.37915611 2.9618988 -0.04815894
v -0.40656662 2.96315383 -0.0330742
v -0.41163063 2.97827148 -0.01450854
v -0.40164184 2.97322464 -0.0330742
v -0.34714317 2.95683288 -0.05628091
v -0.32669258 2.93549728 -0.05396109
v -0.35598564 2.93921661 -0.05628091
v -0.35167503 2.94805908 -0.05628067
v -0.33452796 2.91894531 -0.05396157
v -0.38822555 2.94273757 -0.04815894
v -0.36009597 2.9302864 -0.05628091
v -0.42145538 2.95748138 -0.01450854
v -0.4112339 2.9529457 -0.0330742
v -0.3734188 3.02169418 -0.0330742
v -0.35825347 2.99877548 -0.04815846
v -0.3854103 3.00272369 -0.0330742
v -0.38897895 3.0182724 -0.01450854
v -0.37953376 3.01227188 -0.0330742
v -0.3269062 2.9906044 -0.05628067
v -0.30863189 2.96737289 -0.05396157
v -0.33743286 2.9739685 -0.05628067
v -0.33227157 2.9823265 -0.05628067
v -0.31805229 2.95164489 -0.05396109
v -0.36916732 2.98060989 -0.04815894
v -0.34238815 2.96544647 -0.05628067
v -0.40079689 2.99853897 -0.0145083
v -0.39106941 2.99302291 -0.0330742
v -0.34668922 3.05770111 -0.0330742
v -0.33384513 3.03345871 -0.04815846
v -0.36049079 3.0400238 -0.0330742
v -0.36251258 3.05585479 -0.01450854
v -0.353693 3.04895782 -0.0330742
v -0.30343818 3.02221679 -0.05628067
v -0.28753089 2.99731445 -0.05396109
v -0.31555175 3.00667953 -0.05628067
v -0.30958175 3.01452255 -0.05628091
v -0.29844474 2.98261642 -0.05396109
v -0.3464756 3.01641082 -0.04815894
v -0.32131385 2.99872589 -0.05628067
v -0.3762207 3.03736114 -0.0145083
v -0.3670578 3.0309143 -0.0330742
v -0.3165512 3.09095001 -0.0330742
v -0.30615806 3.06558609 -0.04815846
v -0.33202552 3.07471084 -0.0330742
v -0.33248519 3.09064102 -0.0145083
v -0.3243885 3.08292388 -0.0330742
v -0.27699089 3.0513916 -0.05628067
v -0.26361084 3.02508163 -0.05396109
v -0.29057312 3.03713607 -0.05628067
v -0.28386879 3.04435348 -0.05628067
v -0.27592086 3.01148605 -0.05396109
v -0.32039451 3.04985427 -0.04815894
v -0.29709243 3.02975845 -0.05628067
v -0.34792518 3.07361984 -0.01450854
v -0.33944892 3.06630706 -0.0330742
v -0.28330421 3.12107849 -0.0330742
v -0.27544021 3.09478759 -0.04815846
v -0.30029678 3.10641479 -0.0330742
v -0.29920196 3.12234115 -0.0145083
v -0.291893 3.11384582 -0.0330742
v -0.24781608 3.07784652 -0.05628067
v -0.23707771 3.05029296 -0.05396109
v -0.26273918 3.06498718 -0.05628067
v -0.25534248 3.0715065 -0.05628067
v -0.25065994 3.03803253 -0.05396157
v -0.29116821 3.08055877 -0.04815894
v -0.2699356 3.05828857 -0.05628067
v -0.31623458 3.10690689 -0.0145083
v -0.30851745 3.09879303 -0.0330742
v -0.24726486 3.1478157 -0.0330742
v -0.24202156 3.12088012 -0.04815846
v -0.26561737 3.13488769 -0.0330742
v -0.26296043 3.15061569 -0.01450854
v -0.25652885 3.14147567 -0.0330742
v -0.21618652 3.10128784 -0.05628067
v -0.20820426 3.0728569 -0.05396109
v -0.23228645 3.08995819 -0.05628091
v -0.22430801 3.09571075 -0.05628067
v -0.22291374 3.06193542 -0.05396109
v -0.25905418 3.10824585 -0.04815894
v -0.24013519 3.08398056 -0.05628067
v -0.28143882 3.13690185 -0.0145083
v -0.27454757 3.12807846 -0.0330742
v -0.20877838 3.17087173 -0.0330742
v -0.20621299 3.14357376 -0.04815846
v -0.22831726 3.159832 -0.0330742
v -0.2241249 3.17519378 -0.0145083
v -0.21861267 3.16546249 -0.0330742
v -0.182415 3.12154007 -0.05628067
v -0.17725181 3.09247207 -0.05396109
v -0.19954681 3.11183166 -0.05628067
v -0.19103622 3.11680603 -0.05628067
v -0.19297218 3.0830307 -0.05396109
v -0.22439765 3.13266754 -0.04815894
v -0.20792579 3.10668945 -0.05628067
v -0.24385261 3.16336822 -0.01450854
v -0.23785591 3.15393829 -0.0330742
v -0.16822624 3.19004821 -0.0330742
v -0.16833686 3.16262817 -0.04815846
v -0.18873214 3.18098449 -0.0330742
v -0.18306541 3.195858 -0.0145083
v -0.17854499 3.18562316 -0.0330742
v -0.14681816 3.13838577 -0.05628067
v -0.14452362 3.10892868 -0.05396109
v -0.16481971 3.13039779 -0.05628091
v -0.15587806 3.13450622 -0.05628067
v -0.16109848 3.10109329 -0.05396109
v -0.18751525 3.15355682 -0.04815894
v -0.17367553 3.12606811 -0.05628067
v -0.2038536 3.18603515 -0.01450854
v -0.19882965 3.17606735 -0.0330742
v -0.12597656 3.20516967 -0.0330742
v -0.12878036 3.17788314 -0.04815846
v -0.14728164 3.19814682 -0.0330742
v -0.14018631 3.21240615 -0.0145083
v -0.13668251 3.20177841 -0.0330742
v -0.10973739 3.15164566 -0.05628067
v -0.11034774 3.1221199 -0.05396109
v -0.12843513 3.14547729 -0.05628067
v -0.11913681 3.14865493 -0.05628067
v -0.12761306 3.11593246 -0.05396109
v -0.14874076 3.17074585 -0.04815894
v -0.13766479 3.14203262 -0.05628067
v -0.16182518 3.2046585 -0.0145083
v -0.15780448 3.19422912 -0.03307396
v -0.08245849 3.21607971 -0.0330742
v -0.08792114 3.18920135 -0.04815846
v -0.10435295 3.21117019 -0.0330742
v -0.09589386 3.22467041 -0.01450854
v -0.0934391 3.21377182 -0.0330742
v -0.07154083 3.16122436 -0.05628067
v -0.07505035 3.13188171 -0.05396109
v -0.0907669 3.15690612 -0.05628067
v -0.08116912 3.15917205 -0.05628067
v -0.09283256 3.12743377 -0.05396109
v -0.10848426 3.18403625 -0.04815894
v -0.10027504 3.15436935 -0.05628067
v -0.11818885 3.21909332 -0.0145083
v -0.11520195 3.20827484 -0.0330742
v -0.04613876 3.19644165 -0.04815846
v -0.06035423 3.21990203 -0.0330742
v -0.05059623 3.23252868 -0.0145083
v -0.04923057 3.2214241 -0.0330742
v -0.0389595 3.13816452 -0.05396109
v -0.05214119 3.16456985 -0.05628067
v -0.04237365 3.16592407 -0.05628067
v -0.05708694 3.1354599 -0.05396109
v -0.06712341 3.19333267 -0.04815894
v -0.06186103 3.16303634 -0.05628067
v -0.07334137 3.22914123 -0.01450854
v -0.07142639 3.21812439 -0.0330742
v -0.03259086 3.16697692 0.02726477
v -0.04613876 3.19644165 0.01914352
v -0.05214119 3.16456985 0.02726501
v -0.0389595 3.13816452 0.024944
v -0.04237365 3.16592407 0.02726501
v -0.03807067 3.22267532 0.00405854
v -0.06035423 3.21990203 0.00405877
v -0.04923057 3.2214241 0.00405877
v -0.08245849 3.21607971 0.0040583
v -0.06712341 3.19333267 0.01914352
v -0.07142639 3.21812439 0.00405877
v -0.07154083 3.16122436 0.02726477
v -0.05708694 3.1354599 0.02494376
v -0.06186103 3.16303634 0.02726501
v -0.08792114 3.18920135 0.01914304
v -0.0907669 3.15690612 0.02726453
v -0.07505035 3.13188171 0.024944
v -0.08116912 3.15917205 0.02726477
v -0.10435295 3.21117019 0.00405877
v -0.0934391 3.21377182 0.00405854
v -0.12597656 3.20516967 0.0040583
v -0.10848426 3.18403625 0.01914304
v -0.11520195 3.20827484 0.00405854
v -0.10973739 3.15164566 0.02726429
v -0.09283256 3.12743377 0.02494376
v -0.10027504 3.15436935 0.02726477
v -0.12878036 3.17788314 0.01914304
v -0.12843513 3.14547729 0.02726477
v -0.11034774 3.1221199 0.02494353
v -0.11913681 3.14865493 0.02726477
v -0.14728164 3.19814682 0.00405877
v -0.13668251 3.20177841 0.00405854
v -0.16822624 3.19004821 0.00405877
v -0.14874076 3.17074585 0.01914352
v -0.15780448 3.19422912 0.00405877
v -0.14681816 3.13838577 0.02726501
v -0.12761306 3.11593246 0.02494376
v -0.13766479 3.14203262 0.02726477
v -0.16833686 3.16262817 0.01914376
v -0.16481971 3.13039779 0.02726501
v -0.14452362 3.10892868 0.02494353
v -0.15587806 3.13448333 0.02726477
v -0.18873214 3.18098449 0.00405877
v -0.17854499 3.18562316 0.00405854
v -0.20877838 3.17087173 0.00405877
v -0.18751525 3.15355682 0.01914256
v -0.19882965 3.17606735 0.0040583
v -0.182415 3.12154007 0.02726477
v -0.16109848 3.10109329 0.02494376
v -0.17367553 3.12606811 0.02726501
v -0.20621299 3.14357376 0.01914352
v -0.19954681 3.11183166 0.02726501
v -0.17725181 3.09244918 0.02494353
v -0.19103622 3.11680603 0.02726477
v -0.22831726 3.159832 0.00405854
v -0.21861267 3.16546249 0.00405854
v -0.24726486 3.1478157 0.00405854
v -0.22439765 3.13266754 0.01914304
v -0.23785591 3.15393829 0.0040583
v -0.21618652 3.10128784 0.02726477
v -0.19297218 3.0830307 0.02494376
v -0.20792579 3.10668945 0.02726501
v -0.24202156 3.12088012 0.01914304
v -0.23228645 3.08996582 0.02726501
v -0.20820426 3.0728569 0.02494353
v -0.22430801 3.09571075 0.02726477
v -0.26561737 3.13488769 0.00405877
v -0.25652885 3.14147567 0.00405854
v -0.28330421 3.12107849 0.00405877
v -0.25905418 3.10824585 0.01914352
v -0.27454757 3.12807846 0.00405854
v -0.24781608 3.07784652 0.02726477
v -0.22291374 3.06193542 0.02494329
v -0.24013519 3.08398056 0.02726501
v -0.27544021 3.09478759 0.01914304
v -0.26273918 3.06498718 0.02726405
v -0.23707771 3.05029296 0.02494353
v -0.25534248 3.0715065 0.02726501
v -0.30029678 3.10641479 0.0040583
v -0.291893 3.11384582 0.0040583
v -0.3165512 3.09095001 0.0040583
v -0.29116821 3.08055877 0.01914304
v -0.30851745 3.09879303 0.00405877
v -0.27699089 3.0513916 0.02726429
v -0.25065994 3.03803253 0.02494353
v -0.2699356 3.05828857 0.02726477
v -0.30615806 3.06558609 0.01914233
v -0.29057312 3.03713607 0.02726453
v -0.26361084 3.02508163 0.02494353
v -0.28386879 3.04435348 0.02726453
v -0.33202552 3.07471084 0.00405854
v -0.3243885 3.08292388 0.00405854
v -0.34668922 3.05770111 0.0040583
v -0.32039451 3.0498619 0.01914256
v -0.33944892 3.06630706 0.0040583
v -0.30343818 3.02221679 0.02726405
v -0.27592086 3.01148605 0.02494353
v -0.29709243 3.02973938 0.02726477
v -0.33384513 3.03345871 0.01914256
v -0.31555175 3.00667953 0.02726453
v -0.28753089 2.99731445 0.02494376
v -0.30958175 3.01452255 0.02726429
v -0.36049079 3.0400238 0.00405877
v -0.353693 3.04895782 0.0040583
v -0.3734188 3.02169418 0.00405854
v -0.3464756 3.01641082 0.01914304
v -0.3670578 3.0309143 0.0040583
v -0.3269062 2.9906044 0.02726429
v -0.29844474 2.98261642 0.02494376
v -0.32131385 2.99872589 0.02726477
v -0.35825347 2.99877548 0.0191428
v -0.33743286 2.9739685 0.02726429
v -0.30863189 2.96737289 0.02494353
v -0.33227157 2.9823265 0.02726477
v -0.3854103 3.00272369 0.00405877
v -0.37953376 3.01227188 0.00405854
v -0.39647483 2.98318862 0.00405854
v -0.36916732 2.98060989 0.01914233
v -0.39106941 2.99302291 0.0040583
v -0.34714317 2.95683288 0.02726453
v -0.31805229 2.95164489 0.02494376
v -0.34238815 2.96544647 0.02726429
v -0.37915611 2.9618988 0.01914304
v -0.35598564 2.93921661 0.02726405
v -0.32669258 2.93549728 0.02494329
v -0.35167503 2.94805908 0.02726453
v -0.40656662 2.96315383 0.00405877
v -0.40164184 2.97322464 0.00405877
v -0.41566467 2.94261932 0.00405877
v -0.38822555 2.94273757 0.01914256
v -0.4112339 2.9529457 0.00405782
v -0.36396789 2.92123031 0.02726405
v -0.33452796 2.91894531 0.02494353
v -0.36009597 2.9302864 0.02726501
v -0.3963356 2.92314147 0.0191428
v -0.37106704 2.90282821 0.02726405
v -0.34154319 2.90201187 0.02494353
v -0.36762428 2.91206359 0.02726453
v -0.42374229 2.92168045 0.00405854
v -0.41983032 2.93219757 0.0040583
v -0.43076896 2.90038681 0.00405877
v -0.40349006 2.90319442 0.01914304
v -0.42739105 2.91106796 0.00405854
v -0.37724494 2.88415908 0.02726477
v -0.34770965 2.88475799 0.02494329
v -0.37426948 2.89352417 0.02726405
v -0.40964508 2.88288116 0.0191428
v -0.38249206 2.86515045 0.02726453
v -0.35302734 2.86722564 0.02494329
v -0.3799858 2.87467956 0.02726429
v -0.43676185 2.8787651 0.0040583
v -0.43390655 2.88959884 0.0040583
v -0.44168472 2.85687637 0.00405877
v -0.41478729 2.86232376 0.01914304
v -0.43935012 2.86782836 0.00405877
v -0.3868103 2.84595489 0.02726405
v -0.357481 2.84946441 0.02494353
v -0.3847599 2.855587 0.02726405
v -0.41893196 2.84153747 0.01914256
v -0.39017295 2.82653808 0.02726405
v -0.36104965 2.83147049 0.02494376
v -0.38861465 2.83625412 0.02726477
v -0.44550514 2.83474731 0.0040583
v -0.44373893 2.84580993 0.0040583
v -0.44825744 2.81248474 0.00405877
v -0.42204093 2.82054138 0.0191428
v -0.44703292 2.82362747 0.0040583
v -0.39258384 2.80699539 0.02726429
v -0.36374664 2.81337356 0.02494353
v -0.39150619 2.81679916 0.02726501
v -0.42411422 2.79945373 0.01914233
v -0.39403152 2.78735351 0.02726405
v -0.36554718 2.79512405 0.02494353
v -0.39342498 2.79717636 0.02726429
v -0.44991493 2.79011154 0.00405854
v -0.44921684 2.80128479 0.00405782
v -0.45046234 2.76766204 0.00405877
v -0.42515373 2.77828979 0.01914185
v -0.4503231 2.77890014 0.00405782
v -0.39452362 2.76766204 0.02726405
v -0.36644363 2.77682495 0.02494329
v -0.39439201 2.77751541 0.02726405
v -0.42515373 2.75704956 0.01914233
v -0.39403152 2.74795532 0.02726429
v -0.36644363 2.75849151 0.02494353
v -0.39439201 2.75779724 0.02726477
v -0.44991493 2.74522781 0.0040583
v -0.4503231 2.75645065 0.00405758
v -0.44825744 2.72285461 0.0040583
v -0.42411422 2.73588562 0.01914304
v -0.44921684 2.73402023 0.00405782
v -0.39258384 2.72832489 0.02726453
v -0.36554718 2.7402153 0.02494353
v -0.39342498 2.73812866 0.02726453
v -0.42204093 2.71476364 0.01914304
v -0.39017295 2.70878219 0.02726477
v -0.36374664 2.72197341 0.02494353
v -0.39150619 2.71855545 0.02726453
v -0.44550514 2.7005577 0.0040583
v -0.44703292 2.71168518 0.00405782
v -0.44168472 2.67847824 0.0040583
v -0.41893196 2.69380188 0.01914185
v -0.44373893 2.68949508 0.00405758
v -0.3868103 2.68938064 0.02726405
v -0.36104965 2.70384216 0.02494305
v -0.38861465 2.69908523 0.02726477
v -0.41478729 2.67298889 0.01914233
v -0.38249206 2.6701622 0.02726429
v -0.357481 2.68588638 0.02494353
v -0.3847599 2.67974853 0.02726429
v -0.43676185 2.65655517 0.0040571
v -0.43935012 2.66747665 0.00405782
v -0.43076896 2.63493728 0.00405734
v -0.40964508 2.6524353 0.01914209
v -0.43390655 2.64572143 0.00405758
v -0.37724494 2.65119552 0.02726382
v -0.35302734 2.6681137 0.02494353
v -0.3799858 2.66063308 0.02726405
v -0.40349006 2.63214874 0.01914256
v -0.37106704 2.63248443 0.02726382
v -0.34770965 2.65058136 0.02494329
v -0.37426948 2.64178085 0.02726477
v -0.42374229 2.61362457 0.00405734
v -0.42739105 2.62425231 0.0040571
v -0.41566467 2.59269332 0.00405734
v -0.3963356 2.61218643 0.01914256
v -0.41983032 2.60311126 0.0040571
v -0.36396789 2.61411666 0.02726477
v -0.34154319 2.63333511 0.02494376
v -0.36762428 2.62326049 0.02726429
v -0.38822555 2.59259033 0.01914328
v -0.35598564 2.59610366 0.02726405
v -0.33452796 2.61639404 0.02494329
v -0.36009597 2.60506057 0.02726405
v -0.40656662 2.57218551 0.0040583
v -0.4112339 2.58236694 0.00405734
v -0.39647483 2.55215072 0.00405734
v -0.37915611 2.57342147 0.01914256
v -0.40164184 2.56209564 0.0040571
v -0.34714317 2.57852172 0.02726477
v -0.32669258 2.59981918 0.02494376
v -0.35167503 2.5872612 0.02726477
v -0.36916732 2.55469894 0.01914256
v -0.33743286 2.56138229 0.02726405
v -0.31805229 2.58366394 0.02494305
v -0.34238815 2.56989669 0.02726429
v -0.3854103 2.53261566 0.0040571
v -0.39106941 2.54231643 0.0040571
v -0.3734188 2.51366806 0.0040571
v -0.35825347 2.53653335 0.01914137
v -0.37953376 2.52305984 0.0040571
v -0.3269062 2.54474258 0.02726405
v -0.30863189 2.5679779 0.02494353
v -0.33227157 2.55298996 0.02726405
v -0.3464756 2.51888656 0.01914233
v -0.31555175 2.5286293 0.02726405
v -0.29844474 2.55273056 0.02494281
v -0.32131385 2.53662109 0.02726382
v -0.36049079 2.49531555 0.00405663
v -0.3670578 2.50442504 0.00405615
v -0.34668922 2.47760772 0.00405734
v -0.33384513 2.50185394 0.01914233
v -0.353693 2.48638153 0.00405615
v -0.30343818 2.51308441 0.02726405
v -0.28753089 2.53801727 0.02494305
v -0.30958175 2.5207901 0.02726405
v -0.32039451 2.48548507 0.01914233
v -0.29057312 2.49820327 0.02726382
v -0.27592086 2.52386093 0.02494281
v -0.29709243 2.50556564 0.02726429
v -0.33202552 2.46063995 0.0040571
v -0.33944892 2.46904754 0.0040571
v -0.3165512 2.44438934 0.0040571
v -0.30615806 2.46976852 0.01914185
v -0.3243885 2.45241546 0.0040571
v -0.27699089 2.48392105 0.02726453
v -0.26361084 2.51026535 0.02494281
v -0.28386879 2.49098587 0.02726405
v -0.29116821 2.45475387 0.0191428
v -0.26273918 2.47035598 0.02726405
v -0.25065994 2.49732208 0.02494281
v -0.2699356 2.47705078 0.02726405
v -0.30029678 2.42892837 0.0040571
v -0.30851745 2.43655014 0.0040571
v -0.28330421 2.41423416 0.0040571
v -0.27545166 2.44052505 0.01914233
v -0.291893 2.42147064 0.00405687
v -0.24781608 2.45750045 0.02726405
v -0.23707771 2.48500442 0.02494281
v -0.25535392 2.46384429 0.02726405
v -0.25905418 2.42707443 0.01914233
v -0.23228645 2.44537353 0.02726405
v -0.22291374 2.47337722 0.02494305
v -0.24013519 2.45132064 0.02726382
v -0.26561737 2.40042114 0.0040571
v -0.27454757 2.40722274 0.00405591
v -0.24726486 2.38753128 0.00405615
v -0.24202156 2.41444015 0.01914233
v -0.25652885 2.39386367 0.00405615
v -0.21618652 2.43401336 0.02726429
v -0.20820426 2.46245575 0.02494257
v -0.22430801 2.43960189 0.02726405
v -0.22439765 2.40268707 0.01914233
v -0.19954681 2.42348098 0.02726405
v -0.19297218 2.45229339 0.02494257
v -0.20792579 2.42866134 0.02726382
v -0.22831726 2.37551879 0.0040571
v -0.23785591 2.38138198 0.00405687
v -0.20877838 2.36447525 0.0040571
v -0.20621299 2.39176559 0.01914233
v -0.21861267 2.36985015 0.0040571
v -0.182415 2.41379928 0.02726405
v -0.17725181 2.44288253 0.02494305
v -0.19103622 2.41853332 0.02726405
v -0.18751525 2.38175582 0.01914256
v -0.16481971 2.40493011 0.02726429
v -0.16109848 2.43424987 0.02494305
v -0.17367553 2.40924072 0.02726382
v -0.18873214 2.35437011 0.0040571
v -0.19882965 2.35928726 0.0040571
v -0.16822624 2.34526443 0.0040571
v -0.16833686 2.37272262 0.0191428
v -0.17854499 2.34968185 0.0040571
v -0.14681816 2.39696884 0.02726405
v -0.14452362 2.4263916 0.02494281
v -0.15587806 2.40082931 0.02726405
v -0.14874076 2.36459732 0.01914233
v -0.12843513 2.38986969 0.02726405
v -0.12761306 2.41936874 0.02494281
v -0.13766479 2.39328765 0.02726405
v -0.14728164 2.33717346 0.00405591
v -0.15780448 2.34112167 0.0040571
v -0.12597656 2.33014679 0.00405687
v -0.12878036 2.3574562 0.01914209
v -0.13668251 2.33353424 0.0040571
v -0.10973739 2.38368225 0.02726382
v -0.11034774 2.41322708 0.02494281
v -0.11913681 2.38666534 0.02726405
v -0.10848426 2.35128021 0.01914233
v -0.0907669 2.37843322 0.02726405
v -0.09283256 2.4079132 0.02494281
v -0.10027504 2.38093948 0.02726405
v -0.10435295 2.3241806 0.00405687
v -0.11520195 2.32702255 0.00405615
v -0.08245849 2.31926345 0.0040571
v -0.08792114 2.34614944 0.01914185
v -0.0934391 2.32159042 0.0040571
v -0.07154083 2.37412643 0.02726405
v -0.07505035 2.40344238 0.02494257
v -0.08116912 2.37614822 0.02726405
v -0.06712341 2.34197998 0.01914185
v -0.05214119 2.37074661 0.02726382
v -0.05708694 2.39988708 0.02494257
v -0.06186103 2.37231826 0.02726405
v -0.06035423 2.31541061 0.00405687
v -0.07142639 2.31719589 0.0040571
v -0.03807067 2.31266403 0.00405663
v -0.04613876 2.33887863 0.01914185
v -0.04923057 2.31389617 0.00405615
v -0.03259086 2.36834335 0.02726405
v -0.0389595 2.39718246 0.02494281
v -0.04237365 2.36942291 0.02726382
v -0.02504348 2.33682632 0.01914185
v -0.0129528 2.36688613 0.02726382
v -0.02071762 2.39539337 0.02494257
v -0.02277755 2.36750412 0.02726429
v -0.01569747 2.31100845 0.0040571
v -0.0268917 2.31169128 0.0040571
v 0.00673675 2.31047058 0.00405615
v -0.00386619 2.33574676 0.01914233
v -0.00447845 2.31060409 0.0040571
v 0.00673675 2.3664093 0.02726405
v -0.00242424 2.39448547 0.02494257
v -0.00311088 2.36652374 0.02726405
v 0.01734352 2.33574676 0.01914233
v 0.02641487 2.36688613 0.02726382
v 0.01590919 2.39448547 0.02494257
v 0.01658248 2.36652374 0.02726405
v 0.02916908 2.31100845 0.0040571
v 0.0179634 2.31060409 0.0040571
v 0.05155563 2.31266403 0.00405663
v 0.03851699 2.33682632 0.01914185
v 0.04038047 2.31169128 0.0040571
v 0.04606056 2.36834335 0.02726405
v 0.03420257 2.39539337 0.02494257
v 0.0362606 2.36750412 0.02726429
v 0.05962562 2.33887863 0.01914113
v 0.06560325 2.37074661 0.02726382
v 0.05242729 2.39718246 0.02494281
v 0.05586051 2.36942291 0.02726382
v 0.07382202 2.31541061 0.00405687
v 0.06270217 2.31389617 0.00405615
v 0.09592628 2.31926345 0.0040571
v 0.0805931 2.34197998 0.01914185
v 0.08489799 2.31719589 0.0040571
v 0.08502578 2.37412643 0.02726405
v 0.07055854 2.39988708 0.02494257
v 0.07533645 2.37231826 0.02726405
v 0.10139083 2.34614944 0.01914185
v 0.10423851 2.37843322 0.02726405
v 0.0885353 2.40344238 0.02494257
v 0.09465408 2.37614822 0.02726405
v 0.11782836 2.3241806 0.00405687
v 0.1069107 2.32159042 0.0040571
v 0.13946151 2.33014679 0.00405687
v 0.12197113 2.35128021 0.01914066
v 0.12868309 2.32702255 0.00405615
v 0.12322235 2.38368225 0.02726382
v 0.10630226 2.4079132 0.02494281
v 0.11375999 2.38093948 0.02726405
v 0.14226532 2.3574562 0.01914209
v 0.14191818 2.38986969 0.02726405
v 0.12383079 2.41322708 0.02494281
v 0.13260841 2.38666534 0.02726405
v 0.1607666 2.33717346 0.00405615
v 0.1501522 2.33353424 0.0040571
v 0.18169403 2.34526443 0.0040571
v 0.16221809 2.36459732 0.01914209
v 0.17128944 2.34112167 0.0040571
v 0.16028404 2.39696884 0.02726405
v 0.14108276 2.41936874 0.02494281
v 0.15115165 2.39328765 0.02726405
v 0.18181419 2.37272262 0.0191428
v 0.17830467 2.40493011 0.02726453
v 0.15800857 2.4263916 0.02494281
v 0.16934013 2.40082931 0.02726405
v 0.20222091 2.35437011 0.0040571
v 0.19201469 2.34968185 0.0040571
v 0.22226333 2.36447525 0.00405687
v 0.20097541 2.38175582 0.01914209
v 0.21230125 2.35928726 0.0040571
v 0.19587898 2.41379928 0.02726429
v 0.17456436 2.43424987 0.02494281
v 0.18714332 2.40924072 0.02726429
v 0.21967315 2.39176559 0.01914185
v 0.21301651 2.42348098 0.02726382
v 0.19073867 2.44288253 0.02494305
v 0.20452308 2.41853332 0.02726405
v 0.24177742 2.37551879 0.0040571
v 0.23209762 2.36985015 0.0040571
v 0.26075363 2.38753128 0.00405615
v 0.23786735 2.40268707 0.01914233
v 0.25134277 2.38138198 0.0040571
v 0.22966194 2.43401336 0.02726429
v 0.20643997 2.45229339 0.02494281
v 0.22141265 2.42866134 0.02726405
v 0.25550079 2.41444015 0.01914209
v 0.24577331 2.44537353 0.02726405
v 0.22167587 2.46245575 0.02494281
v 0.23777961 2.43960189 0.02726405
v 0.27907943 2.40042114 0.0040571
v 0.26999664 2.39386367 0.00405615
v 0.296772 2.41423416 0.00405615
v 0.27254295 2.42707443 0.0191428
v 0.28802108 2.40722274 0.0040571
v 0.26128768 2.45750045 0.02726405
v 0.23639679 2.47337722 0.02494281
v 0.25360298 2.45132064 0.02726405
v 0.28892517 2.44052505 0.01914233
v 0.27621078 2.47035598 0.02726405
v 0.25055694 2.48500442 0.02494281
v 0.26883888 2.46384429 0.02726405
v 0.31378173 2.42888641 0.0040571
v 0.30536842 2.42146301 0.0040571
v 0.33002471 2.44438934 0.0040571
v 0.30463218 2.45475387 0.01914113
v 0.32198524 2.43655014 0.0040571
v 0.29047393 2.48392105 0.02726429
v 0.26413154 2.49732208 0.02494281
v 0.28342056 2.47705078 0.02726405
v 0.31962966 2.46976852 0.01914233
v 0.30404472 2.49820327 0.02726405
v 0.27709579 2.51026535 0.02494281
v 0.29734611 2.49098587 0.02726405
v 0.34548568 2.46063995 0.0040571
v 0.3378601 2.45241546 0.00405687
v 0.36016273 2.47760772 0.0040571
v 0.33385658 2.48548507 0.01914233
v 0.35293769 2.46904754 0.0040571
v 0.31690979 2.51308441 0.02726405
v 0.28939247 2.52386093 0.02494281
v 0.31057739 2.50556564 0.02726382
v 0.34733009 2.50185394 0.01914233
v 0.32903671 2.5286293 0.02726405
v 0.30101585 2.53801727 0.02494257
v 0.32306861 2.5207901 0.02726429
v 0.37396049 2.49531555 0.0040571
v 0.36717224 2.48638153 0.0040571
v 0.38687896 2.51366806 0.00405734
v 0.35995483 2.51888656 0.01914304
v 0.3805294 2.50442504 0.0040571
v 0.34036636 2.54474258 0.02726453
v 0.3119297 2.55273056 0.02494281
v 0.33479881 2.53662109 0.02726405
v 0.37173843 2.53653335 0.01914233
v 0.35089874 2.56138229 0.02726405
v 0.32211685 2.5679779 0.02494305
v 0.34573555 2.55298996 0.02726405
v 0.39889526 2.53261566 0.0040571
v 0.39299392 2.52305984 0.0040571
v 0.40994262 2.55215072 0.0040571
v 0.38262939 2.55474472 0.0191428
v 0.40452957 2.54231643 0.0040571
v 0.36061477 2.57852172 0.02726405
v 0.33152961 2.58366394 0.02494305
v 0.35585975 2.56989669 0.02726429
v 0.39263725 2.57342147 0.01914185
v 0.36947059 2.59610366 0.02726405
v 0.34016418 2.59981918 0.02494353
v 0.36514282 2.5872612 0.02726429
v 0.42004585 2.57218551 0.00405854
v 0.41511154 2.56209564 0.0040571
v 0.42913627 2.59269332 0.0040571
v 0.40170097 2.59259033 0.01914185
v 0.42471885 2.58236694 0.00405734
v 0.37745285 2.61411666 0.02726477
v 0.34799575 2.61639404 0.02494281
v 0.37356185 2.60506057 0.02726405
v 0.40981674 2.61218643 0.01914256
v 0.38453483 2.63248443 0.02726382
v 0.35500335 2.63333511 0.02494329
v 0.38110923 2.62326049 0.02726382
v 0.43720245 2.61362457 0.00405615
v 0.4332962 2.60311126 0.0040571
v 0.44426155 2.63493728 0.00405615
v 0.41695785 2.63214874 0.01914304
v 0.44085884 2.62425231 0.00405734
v 0.3907051 2.65119552 0.02726382
v 0.36117744 2.65058136 0.02494353
v 0.38773536 2.64178085 0.02726477
v 0.42311668 2.6524353 0.0191428
v 0.39596176 2.6701622 0.02726405
v 0.36649131 2.6681137 0.02494353
v 0.39345741 2.66063308 0.02726429
v 0.45023345 2.65655517 0.0040571
v 0.44737434 2.64572143 0.00405734
v 0.45514679 2.67847824 0.0040583
v 0.42827224 2.67298889 0.01914185
v 0.45283126 2.66747665 0.00405758
v 0.40029525 2.68938446 0.02726405
v 0.37095069 2.68588638 0.02494353
v 0.39824867 2.67974853 0.02726405
v 0.43239212 2.69380188 0.01914233
v 0.40366172 2.70878219 0.02726429
v 0.3745346 2.70384216 0.02494353
v 0.40207672 2.6990509 0.02726429
v 0.458992 2.7005577 0.00405854
v 0.457201 2.68949508 0.00405782
v 0.46174049 2.72285461 0.00405877
v 0.43550491 2.71476364 0.01914304
v 0.46050071 2.71168518 0.00405782
v 0.40606689 2.72832489 0.02726453
v 0.37720871 2.72197341 0.02494305
v 0.4049797 2.71855545 0.02726501
v 0.43758773 2.73588562 0.01914352
v 0.40751266 2.74795532 0.02726501
v 0.37901306 2.7402153 0.024944
v 0.40691375 2.73812866 0.02726429
v 0.4633789 2.74522781 0.0040583
v 0.46269989 2.73402023 0.00405782
v 0.46393013 2.76766204 0.00405854
v 0.43863868 2.75704956 0.01914209
v 0.46380043 2.75645065 0.00405758
v 0.40798759 2.76766204 0.02726405
v 0.3799076 2.75850296 0.02494353
v 0.40787696 2.75779724 0.02726501
v 0.43863868 2.77828979 0.01914256
v 0.40751266 2.78735351 0.02726405
v 0.3799076 2.77682495 0.02494353
v 0.40787696 2.77751541 0.02726429
v 0.4633789 2.79011154 0.00405854
v 0.46380043 2.77890014 0.0040583
v 0.46174049 2.81248474 0.00405854
v 0.43758773 2.79945373 0.01914185
v 0.46269989 2.80128479 0.00405734
v 0.40606689 2.80699539 0.02726429
v 0.37901306 2.79512405 0.024944
v 0.40691375 2.79717636 0.02726405
v 0.43550491 2.82054138 0.01914256
v 0.40366172 2.82653808 0.02726453
v 0.37720871 2.81337356 0.02494353
v 0.4049797 2.81679916 0.02726477
v 0.458992 2.83475494 0.00405854
v 0.46050071 2.82362747 0.00405782
v 0.45514679 2.85687637 0.00405877
v 0.43239212 2.84153747 0.01914233
v 0.457201 2.84580993 0.00405854
v 0.40029525 2.84595489 0.02726405
v 0.3745346 2.83147049 0.02494329
v 0.40207672 2.83625412 0.02726405
v 0.42827224 2.86232376 0.01914256
v 0.39596176 2.86515045 0.02726405
v 0.37095069 2.84946441 0.02494305
v 0.39824867 2.855587 0.02726405
v 0.45023345 2.8787651 0.00405877
v 0.45283126 2.86782836 0.00405782
v 0.44426155 2.90038681 0.00405877
v 0.42311668 2.88288116 0.01914185
v 0.44737434 2.88959884 0.00405806
v 0.3907051 2.88415908 0.02726405
v 0.36649131 2.86722564 0.02494376
v 0.39345741 2.87467956 0.02726453
v 0.41695785 2.90319442 0.01914304
v 0.38453483 2.90282821 0.02726405
v 0.36117744 2.88475799 0.02494353
v 0.38773536 2.89352417 0.02726429
v 0.43720245 2.92168045 0.00405854
v 0.44085884 2.91106796 0.00405782
v 0.42913627 2.94261932 0.00405877
v 0.40981674 2.92314147 0.0191428
v 0.4332962 2.93219757 0.0040583
v 0.37745285 2.92123031 0.02726405
v 0.35500335 2.90201187 0.02494353
v 0.38110923 2.91206359 0.02726453
v 0.40170097 2.94273757 0.01914256
v 0.36947059 2.93921661 0.02726405
v 0.34799575 2.91894531 0.02494353
v 0.37356185 2.93027114 0.02726429
v 0.42004585 2.96315383 0.00405877
v 0.42471885 2.9529457 0.0040583
v 0.40994262 2.98318862 0.00405806
v 0.39263725 2.9618988 0.01914256
v 0.41511154 2.97322464 0.00405806
v 0.36061477 2.95683288 0.02726429
v 0.34016418 2.93549728 0.02494329
v 0.36514282 2.94805908 0.02726429
v 0.38262939 2.98060989 0.01914304
v 0.35089874 2.9739685 0.02726429
v 0.33152961 2.95164489 0.02494376
v 0.35585975 2.96544647 0.02726477
v 0.39889526 3.00272369 0.0040583
v 0.40452957 2.99302291 0.0040583
v 0.38687896 3.02169418 0.00405854
v 0.37173843 2.99877548 0.0191428
v 0.39299392 3.01227188 0.0040583
v 0.34036636 2.9906044 0.02726405
v 0.32211685 2.96737289 0.02494376
v 0.34573555 2.9823265 0.02726477
v 0.35995483 3.01641082 0.01914256
v 0.32903671 3.00667953 0.02726405
v 0.3119297 2.98261642 0.02494353
v 0.33479881 2.99872589 0.02726477
v 0.37396049 3.0400238 0.00405877
v 0.3805294 3.0309143 0.00405877
v 0.36016273 3.05770111 0.00405877
v 0.34733009 3.03345871 0.01914233
v 0.36717224 3.04895782 0.00405854
v 0.31690979 3.02221679 0.02726405
v 0.30101585 2.99731445 0.02494353
v 0.32306861 3.01452255 0.02726477
v 0.33385658 3.0498619 0.01914256
v 0.30404472 3.03713607 0.02726405
v 0.28939247 3.01148605 0.02494376
v 0.31057739 3.02973938 0.02726477
v 0.34548568 3.07471084 0.00405877
v 0.35293769 3.06630706 0.00405854
v 0.33002471 3.09095001 0.00405877
v 0.31962966 3.06558609 0.01914233
v 0.3378601 3.08294296 0.0040583
v 0.29047393 3.0513916 0.02726453
v 0.27709579 3.02508163 0.02494353
v 0.29734611 3.04435348 0.02726477
v 0.30463218 3.08055877 0.01914352
v 0.27621078 3.06498718 0.02726429
v 0.26413154 3.03803253 0.02494376
v 0.28342056 3.05828857 0.02726501
v 0.31378173 3.10641479 0.00405877
v 0.32198524 3.09879303 0.0040583
v 0.296772 3.12107849 0.00405854
v 0.28892517 3.09478759 0.01914352
v 0.30536842 3.11384582 0.0040583
v 0.26128768 3.07784652 0.02726501
v 0.25055694 3.05029296 0.02494353
v 0.26883888 3.0715065 0.02726477
v 0.27254295 3.10824585 0.01914328
v 0.24577331 3.08995819 0.02726477
v 0.23639679 3.06193542 0.02494376
v 0.25360298 3.08398056 0.02726477
v 0.27907943 3.13488769 0.00405854
v 0.28802108 3.12807846 0.0040583
v 0.26075363 3.1478157 0.0040583
v 0.25550079 3.12088012 0.01914352
v 0.26999664 3.14147567 0.00405877
v 0.22966194 3.10128784 0.02726477
v 0.22167587 3.0728569 0.02494353
v 0.23777961 3.09571075 0.02726477
v 0.23786735 3.13266754 0.01914256
v 0.21301651 3.11183166 0.02726501
v 0.20643997 3.0830307 0.02494376
v 0.22141265 3.10668945 0.02726501
v 0.24177742 3.159832 0.0040583
v 0.25134277 3.15393829 0.00405854
v 0.22226333 3.17087173 0.00405854
v 0.21967315 3.14357376 0.01914304
v 0.23209762 3.16546249 0.00405877
v 0.19587898 3.12154007 0.02726477
v 0.19073867 3.09244918 0.02494353
v 0.20452308 3.11680603 0.02726501
v 0.20097541 3.15355682 0.01914233
v 0.17830467 3.13039779 0.02726477
v 0.17456436 3.10109329 0.02494376
v 0.18714332 3.12606811 0.02726501
v 0.20222091 3.18098449 0.00405877
v 0.21230125 3.17606735 0.0040583
v 0.18169403 3.19004821 0.00405854
v 0.18181419 3.16262817 0.01914376
v 0.19201469 3.18562316 0.00405854
v 0.16028404 3.13838577 0.02726477
v 0.15800857 3.10892868 0.02494353
v 0.16934013 3.13450622 0.02726477
v 0.16221809 3.17074585 0.01914352
v 0.14191818 3.14547729 0.02726477
v 0.14108276 3.11593246 0.02494376
v 0.15115165 3.14203262 0.02726501
v 0.1607666 3.19814682 0.00405854
v 0.17128944 3.19422912 0.00405854
v 0.13946151 3.20516967 0.0040583
v 0.14226532 3.17788314 0.01914304
v 0.1501522 3.20177841 0.00405877
v 0.12322235 3.15164566 0.02726429
v 0.12383079 3.1221199 0.02494353
v 0.13260841 3.14865493 0.02726477
v 0.12197113 3.18403625 0.01914304
v 0.10423851 3.15690612 0.02726453
v 0.10630226 3.12743377 0.02494376
v 0.11375999 3.15436935 0.02726477
v 0.11782836 3.21117019 0.00405877
v 0.12868309 3.20827484 0.00405877
v 0.09592628 3.21607971 0.0040583
v 0.10139083 3.18920135 0.01914304
v 0.1069107 3.21377182 0.00405877
v 0.08502578 3.16122436 0.02726477
v 0.0885353 3.13188171 0.024944
v 0.09465408 3.15917205 0.02726477
v 0.0805931 3.19333267 0.01914352
v 0.06560325 3.16456985 0.02726501
v 0.07055854 3.1354599 0.02494376
v 0.07533645 3.16302108 0.02726453
v 0.07382202 3.21990203 0.00405877
v 0.08489799 3.21812439 0.00405877
v 0.05155563 3.22267532 0.00405854
v 0.05962562 3.19644165 0.01914352
v 0.06270217 3.2214241 0.00405877
v 0.04606056 3.16697692 0.02726477
v 0.05242729 3.13816452 0.024944
v 0.05586051 3.16592407 0.02726501
v 0.03851699 3.19852829 0.01914304
v 0.02641487 3.16844177 0.02726501
v 0.03420257 3.13991928 0.02494376
v 0.0362606 3.16785049 0.02726501
v 0.02916908 3.22431182 0.00405877
v 0.04038047 3.22362518 0.00405877
v 0.00673675 3.22488021 0.00405854
v 0.01734352 3.19955062 0.01914352
v 0.0179634 3.22472381 0.00405877
v 0.00673675 3.16894149 0.02726501
v 0.01590919 3.14082336 0.02494376
v 0.01658248 3.16878891 0.02726477
v -0.00386619 3.19955062 0.01914352
v -0.0129528 3.16844177 0.02726501
v -0.00242424 3.14082336 0.02494376
v -0.00311088 3.16878891 0.02726477
v -0.01569747 3.22431182 0.00405877
v -0.00447845 3.22472381 0.00405877
v -0.02504348 3.19852829 0.01914304
v -0.0268917 3.22362518 0.00405877
v -0.02071762 3.13991928 0.02494376
v -0.02277755 3.16785049 0.02726501
v -0.02820015 3.12244415 -0.03771644
v -0.03621482 3.11593246 -0.01450806
v -0.04557418 3.12031936 -0.03771644
v -0.03690147 3.12147522 -0.03771644
v -0.02820015 3.12244415 0.00869935
v -0.04557418 3.12031936 0.00869935
v -0.03690147 3.12147522 0.00869911
v -0.0628128 3.11732864 0.00869983
v -0.05324745 3.11341857 -0.0145083
v -0.05420494 3.11891937 0.00869864
v -0.0628128 3.11732864 -0.03771644
v -0.05420494 3.11891937 -0.03771644
v -0.07014083 3.11003494 -0.0145083
v -0.07987594 3.11349868 -0.03771644
v -0.07137489 3.11550903 -0.03771644
v -0.07987594 3.11349868 0.00869935
v -0.07137489 3.11550903 0.00869935
v -0.09675025 3.10881805 0.00869935
v -0.08686065 3.10585022 -0.0145083
v -0.08834266 3.11123657 0.00869935
v -0.09675025 3.10881805 -0.03771644
v -0.08834266 3.11123657 -0.03771644
v -0.10333252 3.10087585 -0.0145083
v -0.11337471 3.1033287 -0.03771644
v -0.10508918 3.10618972 -0.03771644
v -0.11337471 3.1033287 0.00869935
v -0.10508918 3.10618972 0.00869935
v -0.12968444 3.09701919 0.00869935
v -0.11955642 3.09505844 -0.0145083
v -0.12156295 3.10028457 0.00869864
v -0.12968444 3.09701919 -0.03771644
v -0.12156295 3.10028457 -0.03771644
v -0.13545608 3.08846664 -0.01450806
v -0.14568328 3.08995819 -0.03771644
v -0.13773536 3.09357452 -0.03771644
v -0.14568328 3.08995819 0.0086984
v -0.13773536 3.09357452 0.00869935
v -0.16131019 3.08208084 0.0086984
v -0.1510353 3.08108902 -0.01450854
v -0.15354538 3.0860939 0.00869864
v -0.16131019 3.08208084 -0.03771644
v -0.15354538 3.0860939 -0.03771644
v -0.16622352 3.07296752 -0.01450783
v -0.17654609 3.07343673 -0.03771644
v -0.16897964 3.07784652 -0.03771644
v -0.17654609 3.07343673 0.0086984
v -0.16897964 3.07784652 0.00869864
v -0.19132614 3.06410217 0.00869911
v -0.18099975 3.06412506 -0.0145083
v -0.1839981 3.06883621 0.00869864
v -0.19132614 3.06410217 -0.03771644
v -0.1839981 3.06883621 -0.03771644
v -0.19532585 3.05457687 -0.01450806
v -0.20562171 3.05399704 -0.03771644
v -0.19854354 3.05912399 -0.03771644
v -0.20562171 3.05399704 0.00869983
v -0.19854354 3.05912399 0.00869864
v -0.21941375 3.04325103 0.00869911
v -0.20915603 3.04428482 -0.0145083
v -0.21258926 3.04870605 0.0086984
v -0.21941375 3.04325103 -0.03771644
v -0.21258926 3.04870605 -0.03771644
v -0.22245979 3.03336715 -0.01450783
v -0.23267555 3.03182983 -0.03771644
v -0.22611618 3.03762435 -0.03771644
v -0.23267555 3.03182983 0.00869935
v -0.22611618 3.03762435 0.00869935
v -0.24534988 3.01976776 0.00869935
v -0.23522567 3.02181243 -0.01450854
v -0.23908424 3.02584838 0.00869935
v -0.24534988 3.01976776 -0.03771644
v -0.23908424 3.02584838 -0.03771644
v -0.24740982 3.00964736 -0.01450783
v -0.25740814 3.00707626 -0.03771644
v -0.25146102 3.01348495 -0.03771644
v -0.25740814 3.00707626 0.00869911
v -0.25146102 3.01348495 0.00869864
v -0.26883316 2.99383163 0.00869935
v -0.25897979 2.99686813 -0.01450854
v -0.26320648 3.00054168 0.00869864
v -0.26883316 2.99383163 -0.03771644
v -0.26320648 3.00054168 -0.03771644
v -0.2699089 2.98355102 -0.01450806
v -0.27960395 2.9800148 -0.03771644
v -0.27431488 2.98701095 -0.03771644
v -0.27960395 2.9800148 0.00869935
v -0.27431488 2.98701095 0.00869911
v -0.28968429 2.96570587 0.00869911
v -0.28015136 2.9697113 -0.01450854
v -0.28474044 2.97291946 0.00869911
v -0.28968429 2.96570587 -0.03771644
v -0.28474044 2.97291946 -0.03771644
v -0.28972816 2.95537948 -0.01450783
v -0.29904747 2.95093154 -0.03771644
v -0.29444694 2.95838546 -0.03771644
v -0.29904747 2.95093154 0.00869935
v -0.29444694 2.95838546 0.00869864
v -0.30766868 2.9357109 0.00869983
v -0.29858779 2.94062042 -0.01450854
v -0.30345344 2.9433937 0.00869935
v -0.30766868 2.9357109 -0.03771644
v -0.30345344 2.9433937 -0.03771644
v -0.30670547 2.92544174 -0.01450806
v -0.31553649 2.92007446 -0.03771621
v -0.31170463 2.92796325 -0.03771644
v -0.31553649 2.92008209 0.00869935
v -0.31170463 2.92796325 0.00869911
v -0.32263183 2.90410614 0.00869983
v -0.31407356 2.9098587 -0.01450854
v -0.31918716 2.91213226 0.00869888
v -0.32263183 2.90410614 -0.03771644
v -0.31918716 2.91213226 -0.03771644
v -0.320652 2.89396286 -0.01450806
v -0.32892227 2.88776779 -0.03771644
v -0.32586669 2.89597702 -0.03771644
v -0.32892227 2.88776779 0.00869983
v -0.32586669 2.89597702 0.00869911
v -0.33442115 2.87115097 0.00869864
v -0.32645797 2.87775039 -0.0145083
v -0.33177566 2.87949371 0.00869911
v -0.33442115 2.87115097 -0.03771621
v -0.33177566 2.87949371 -0.03771644
v -0.33146667 2.8612442 -0.01450854
v -0.33908844 2.85429 -0.03771644
v -0.33685112 2.86272811 -0.03771644
v -0.33908844 2.85429 0.0086984
v -0.33685112 2.86272811 0.00869864
v -0.34291458 2.83723068 0.0086984
v -0.33563804 2.84455108 -0.01450878
v -0.34109878 2.84577179 0.00869864
v -0.34291458 2.83723068 -0.03771644
v -0.34109878 2.84577179 -0.03771644
v -0.33899688 2.82764434 -0.01450878
v -0.3459053 2.81998062 -0.03771644
v -0.34451675 2.82862472 -0.03771644
v -0.3459053 2.81998062 0.0086984
v -0.34451675 2.82862472 0.00869864
v -0.34805107 2.80260086 0.0086984
v -0.34153175 2.81061554 -0.01450878
v -0.3470745 2.81130218 0.00869864
v -0.34805107 2.80260086 -0.03771644
v -0.3470745 2.81130218 -0.03771644
v -0.34321594 2.7934761 -0.01450878
v -0.34932327 2.78516006 -0.03771644
v -0.34880828 2.79388427 -0.03771644
v -0.34932327 2.78516006 0.00869864
v -0.34880828 2.79388427 0.00869864
v -0.34976387 2.76766204 0.0086984
v -0.34406471 2.7762947 -0.01450854
v -0.34966468 2.77641296 0.0086984
v -0.34976387 2.76766204 -0.03771644
v -0.34966468 2.77641296 -0.03771644
v -0.34406471 2.7590599 -0.01450949
v -0.34932327 2.75016021 -0.03771644
v -0.34966468 2.75893402 -0.03771644
v -0.34932327 2.75016021 0.0086984
v -0.34966468 2.75893402 0.00869864
v -0.34805107 2.73271179 0.00869864
v -0.34321594 2.74185562 -0.01450854
v -0.34880828 2.74142837 0.0086984
v -0.34805107 2.73271179 -0.03771644
v -0.34880828 2.74142837 -0.03771644
v -0.34153175 2.72469711 -0.01450878
v -0.3459053 2.71535873 -0.03771644
v -0.3470745 2.72400665 -0.03771644
v -0.3459053 2.71535873 0.0086984
v -0.3470745 2.72400665 0.0086984
v -0.34291458 2.6981163 0.0086984
v -0.33899688 2.70766449 -0.01450878
v -0.34451675 2.70672988 0.0086984
v -0.34291458 2.6981163 -0.03771644
v -0.34451675 2.70672988 -0.03771644
v -0.33563804 2.69079208 -0.01450878
v -0.33908844 2.68104171 -0.03771644
v -0.34109878 2.68953323 -0.03771644
v -0.33908844 2.68104171 0.0086984
v -0.34109878 2.68956756 0.00869935
v -0.33442115 2.66416168 0.00869911
v -0.33146667 2.67406845 -0.01450926
v -0.33685112 2.67258071 0.00869864
v -0.33442115 2.66416931 -0.03771644
v -0.33685112 2.67256927 -0.03771644
v -0.32645797 2.65759277 -0.01450878
v -0.32892227 2.64756393 -0.03771644
v -0.33177566 2.65584182 -0.03771644
v -0.32892227 2.64756393 0.0086984
v -0.33177566 2.65583801 0.0086984
v -0.32263183 2.63123321 0.0086984
v -0.320652 2.64137649 -0.01450878
v -0.32586669 2.63936615 0.0086984
v -0.32263183 2.63123321 -0.03771644
v -0.32586669 2.63936615 -0.03771644
v -0.31407356 2.62545013 -0.01450878
v -0.31553649 2.615242 -0.03771644
v -0.31918716 2.62320709 -0.03771644
v -0.31553649 2.615242 0.0086984
v -0.31918716 2.62320709 0.00869911
v -0.30766868 2.59959411 0.00869864
v -0.30670547 2.60989761 -0.01450854
v -0.31170463 2.60739135 0.00869864
v -0.30766868 2.59959411 -0.03771644
v -0.31170463 2.60739135 -0.03771644
v -0.29858779 2.59469986 -0.01450878
v -0.29904747 2.5844078 -0.03771644
v -0.30345344 2.59194564 -0.03771644
v -0.29904747 2.5844078 0.00869792
v -0.30345344 2.59194564 0.0086984
v -0.28968429 2.56959915 0.00869792
v -0.28972816 2.57992553 -0.01450878
v -0.29444694 2.57693481 0.0086984
v -0.28968429 2.56960678 -0.03771644
v -0.29444694 2.57693481 -0.03771644
v -0.28015136 2.56560897 -0.01450878
v -0.27960395 2.55528259 -0.03771644
v -0.28474044 2.56238937 -0.03771644
v -0.27960395 2.55528259 0.0086984
v -0.28474044 2.56238937 0.0086984
v -0.26883316 2.54150772 0.00869792
v -0.2699089 2.55176925 -0.01450926
v -0.27431488 2.54833984 0.0086984
v -0.26883316 2.54150772 -0.03771644
v -0.27431488 2.54833984 -0.03771644
v -0.25897979 2.53845977 -0.01450926
v -0.25740814 2.52823638 -0.03771644
v -0.26320648 2.53482055 -0.03771644
v -0.25740814 2.52823638 0.00869816
v -0.26320648 2.53481292 0.0086984
v -0.24534988 2.51557159 0.00869792
v -0.24740982 2.52569961 -0.01450878
v -0.25146102 2.52181625 0.0086984
v -0.24534988 2.51557159 -0.03771644
v -0.25146102 2.52186203 -0.03771644
v -0.23522567 2.51350784 -0.01450878
v -0.23267555 2.50352096 -0.03771644
v -0.23908424 2.50946426 -0.03771644
v -0.23267555 2.50352096 0.00869816
v -0.23908424 2.50946426 0.0086984
v -0.21941375 2.49210357 0.00869792
v -0.22245979 2.50195694 -0.01450926
v -0.22611618 2.49772644 0.0086984
v -0.21941375 2.49208831 -0.03771644
v -0.22611618 2.49772644 -0.03771644
v -0.20915603 2.49101638 -0.01450878
v -0.20562171 2.48131561 -0.03771644
v -0.21258926 2.48660659 -0.03771644
v -0.20562171 2.48131561 0.00869816
v -0.21258926 2.48660659 0.0086984
v -0.19132614 2.47126007 0.00869816
v -0.19532585 2.48077774 -0.01450878
v -0.19854354 2.47618866 0.00869792
v -0.19132614 2.47126007 -0.03771644
v -0.19854354 2.47618866 -0.03771644
v -0.18099975 2.47119522 -0.01450878
v -0.17654609 2.46186828 -0.03771644
v -0.1839981 2.46646881 -0.03771644
v -0.17654609 2.46186828 0.00869792
v -0.1839981 2.46646881 0.0086984
v -0.16131019 2.45324325 0.00869816
v -0.16622352 2.46233749 -0.01450902
v -0.16897964 2.45745849 0.0086984
v -0.16131019 2.45324707 -0.03771644
v -0.16897964 2.45745849 -0.03771644
v -0.1510353 2.45423126 -0.01450854
v -0.14568328 2.4453926 -0.03771644
v -0.15354538 2.44922637 -0.03771644
v -0.14568328 2.4453926 0.00869792
v -0.15354538 2.44922637 0.0086984
v -0.12968444 2.43828964 0.00869792
v -0.13545608 2.44687271 -0.01450878
v -0.13773536 2.44173049 0.00869792
v -0.12968444 2.43828964 -0.03771644
v -0.13773536 2.44173049 -0.03771644
v -0.11955642 2.44028091 -0.01450949
v -0.11337471 2.43199539 -0.03771644
v -0.12156295 2.43504715 -0.03771644
v -0.11337471 2.43199539 0.00869792
v -0.12156295 2.43507003 0.0086984
v -0.09675025 2.42649841 0.0086984
v -0.10333252 2.4344635 -0.01450926
v -0.10508918 2.42916107 0.00869792
v -0.09675025 2.42649841 -0.03771644
v -0.10508918 2.42916107 -0.03771644
v -0.08686065 2.42947006 -0.01450949
v -0.07987594 2.42184829 -0.03771644
v -0.08834266 2.42407608 -0.03771644
v -0.07987594 2.42184829 0.00869792
v -0.08834266 2.42407608 0.00869792
v -0.0628128 2.41802597 0.00869792
v -0.07014083 2.42527771 -0.01450854
v -0.07137489 2.41983413 0.0086984
v -0.0628128 2.41802597 -0.03771644
v -0.07137489 2.41983413 -0.03771644
v -0.05324745 2.42192077 -0.01450878
v -0.04557418 2.41501998 -0.03771644
v -0.05420494 2.41640853 -0.03771644
v -0.04557418 2.41501998 0.00869816
v -0.05420494 2.41640853 0.0086984
v -0.02820015 2.4128952 0.00869792
v -0.03621482 2.41936874 -0.01450878
v -0.03690147 2.41384124 0.00869792
v -0.02820015 2.4128952 -0.03771644
v -0.03690147 2.41384124 -0.03771644
v -0.01906776 2.41771316 -0.01450949
v -0.01074791 2.41159439 -0.03771644
v -0.0194931 2.41212463 -0.03771644
v -0.01074791 2.4115982 0.00869792
v -0.0194931 2.41212463 0.0086984
v 0.00673675 2.4111557 0.00869792
v -0.0018692 2.41685867 -0.01450878
v -0.00201416 2.41124725 0.0086984
v 0.00673675 2.4111557 -0.03771644
v -0.00201416 2.41124725 -0.03771644
v 0.0153408 2.41685867 -0.01450926
v 0.02423667 2.41159439 -0.03771644
v 0.01548004 2.41124725 -0.03771644
v 0.02423667 2.4115982 0.00869792
v 0.01548004 2.41124725 0.00869792
v 0.0416851 2.4128952 0.00869792
v 0.03256034 2.41771316 -0.01450949
v 0.0329647 2.41212463 0.0086984
v 0.0416851 2.4128952 -0.03771644
v 0.0329647 2.41212463 -0.03771644
v 0.04969978 2.41936874 -0.01450949
v 0.05904579 2.41501998 -0.03771644
v 0.05037117 2.41384124 -0.03771644
v 0.05904579 2.41501998 0.00869816
v 0.05037117 2.41384124 0.00869792
v 0.0762844 2.41802597 0.00869792
v 0.0667324 2.42192077 -0.01450878
v 0.06769561 2.41640853 0.00869792
v 0.0762844 2.41802597 -0.03771644
v 0.06769561 2.41640853 -0.03771644
v 0.08362579 2.42527771 -0.01450854
v 0.0933609 2.42184829 -0.03771644
v 0.08484268 2.41983413 -0.03771644
v 0.0933609 2.42184829 0.00869792
v 0.08484268 2.41983413 0.0086984
v 0.11021804 2.42649841 0.0086984
v 0.10033226 2.42947006 -0.01450926
v 0.10182762 2.42407608 0.00869792
v 0.11021804 2.42649841 -0.03771644
v 0.10182762 2.42407608 -0.03771644
v 0.11681747 2.4344635 -0.01450926
v 0.12684249 2.43199539 -0.03771644
v 0.11857414 2.42916107 -0.03771644
v 0.12684249 2.43199539 0.00869792
v 0.11857414 2.42916107 0.0086984
v 0.14317131 2.43828964 0.00869792
v 0.13301658 2.44028091 -0.01450949
v 0.13504791 2.43507003 0.0086984
v 0.14317131 2.43828964 -0.03771644
v 0.13504791 2.43504715 -0.03771644
v 0.14894294 2.44687271 -0.01450878
v 0.15916633 2.4453926 -0.03771644
v 0.15120315 2.44173049 -0.03771644
v 0.15916633 2.4453926 0.00869792
v 0.15120315 2.44173049 0.00869816
v 0.17479515 2.45324325 0.0086984
v 0.16450309 2.45423126 -0.01450902
v 0.16703033 2.44922637 0.0086984
v 0.17479515 2.45324707 -0.03771644
v 0.16703033 2.44922637 -0.03771644
v 0.1796875 2.46233749 -0.01450878
v 0.19000625 2.46186828 -0.03771644
v 0.1824646 2.45745849 -0.03771644
v 0.19000625 2.46186828 0.00869792
v 0.1824646 2.45745849 0.0086984
v 0.20479202 2.47126007 0.00869792
v 0.19447135 2.47119522 -0.01450878
v 0.19746971 2.46646881 0.00869816
v 0.20479202 2.47126007 -0.03771644
v 0.19746971 2.46646881 -0.03771644
v 0.20879554 2.48077774 -0.01450926
v 0.21910667 2.48131561 -0.03771644
v 0.21200752 2.47618866 -0.03771644
v 0.21910667 2.48131561 0.00869792
v 0.21200752 2.47618866 0.00869816
v 0.23289871 2.49210357 0.00869792
v 0.22262764 2.49101638 -0.01450878
v 0.22607231 2.48660659 0.0086984
v 0.23289871 2.49208831 -0.03771644
v 0.22607231 2.48660659 -0.03771644
v 0.23594474 2.50195694 -0.01450878
v 0.24614715 2.50352096 -0.03771644
v 0.23960113 2.49772644 -0.03771644
v 0.24614715 2.50352096 0.00869792
v 0.23960113 2.49772644 0.0086984
v 0.25882148 2.51557159 0.00869792
v 0.24869728 2.51350784 -0.01450878
v 0.25255584 2.50946426 0.0086984
v 0.25882148 2.51557159 -0.03771644
v 0.25255584 2.50946426 -0.03771644
v 0.2608757 2.52569961 -0.01450878
v 0.27089309 2.52823638 -0.03771644
v 0.26492881 2.52181625 -0.03771644
v 0.27089309 2.52823638 0.0086984
v 0.26492881 2.52181625 0.0086984
v 0.28231811 2.54150772 0.00869816
v 0.27244758 2.53845977 -0.01450878
v 0.27667427 2.53481292 0.0086984
v 0.28231811 2.54150772 -0.03771644
v 0.27667427 2.53482055 -0.03771644
v 0.28337287 2.55176925 -0.01450854
v 0.29308128 2.55528259 -0.03771644
v 0.28778648 2.54833984 -0.03771644
v 0.29308128 2.55528259 0.00869816
v 0.28778648 2.54833984 0.00869792
v 0.30316734 2.56959915 0.00869792
v 0.29363822 2.56560897 -0.01450926
v 0.29821205 2.56238937 0.0086984
v 0.30316734 2.56960678 -0.03771644
v 0.29821205 2.56238937 -0.03771644
v 0.30319213 2.57992553 -0.01450878
v 0.31250953 2.5844078 -0.03771644
v 0.3079319 2.57693481 -0.03771644
v 0.31250953 2.5844078 0.0086984
v 0.3079319 2.57693481 0.0086984
v 0.32113266 2.59959411 0.00869792
v 0.31205177 2.59469986 -0.01450878
v 0.31691551 2.59194564 0.0086984
v 0.32113266 2.59959411 -0.03771644
v 0.31691551 2.59194564 -0.03771644
v 0.32016563 2.60989761 -0.01450878
v 0.32899856 2.615242 -0.03771644
v 0.32517433 2.60739135 -0.03771644
v 0.32899856 2.615242 0.00869792
v 0.32517433 2.60739135 0.0086984
v 0.33610343 2.63123321 0.0086984
v 0.32753753 2.62545013 -0.01450902
v 0.33265304 2.62320709 0.0086984
v 0.33610343 2.63123321 -0.03771644
v 0.33265304 2.62320709 -0.03771644
v 0.33413696 2.64137649 -0.01450878
v 0.34238815 2.64756393 -0.03771644
v 0.33935546 2.63936615 -0.03771644
v 0.34238815 2.64756393 0.00869935
v 0.33935546 2.63936615 0.0086984
v 0.34788703 2.66416168 0.0086984
v 0.33992958 2.65759277 -0.01450878
v 0.34523773 2.65583801 0.00869864
v 0.34788703 2.66416931 -0.03771644
v 0.34523773 2.65584182 -0.03771644
v 0.34492683 2.67406845 -0.01450878
v 0.35254859 2.68104171 -0.03771644
v 0.35032463 2.67256927 -0.03771644
v 0.35254859 2.68104171 0.00869816
v 0.35032463 2.67258071 0.0086984
v 0.35639762 2.6981163 0.00869864
v 0.3491249 2.69077301 -0.01450926
v 0.35458374 2.68956756 0.00869864
v 0.35639762 2.6981163 -0.03771644
v 0.35458374 2.68953323 -0.03771644
v 0.35248374 2.70766449 -0.01450878
v 0.3593769 2.71535873 -0.03771644
v 0.35799026 2.70672988 -0.03771644
v 0.3593769 2.71535873 0.0086984
v 0.35799026 2.70672988 0.00869888
v 0.36151886 2.73271179 0.00869864
v 0.35500335 2.72469711 -0.01450854
v 0.36055946 2.72400665 0.0086984
v 0.36151886 2.73271179 -0.03771644
v 0.36055946 2.72400665 -0.03771644
v 0.35669136 2.74185562 -0.01450878
v 0.36281204 2.75016021 -0.03771644
v 0.36226844 2.74142837 -0.03771644
v 0.36281204 2.75016021 0.0086984
v 0.36226844 2.74142837 0.00869935
v 0.36323356 2.76766204 0.0086984
v 0.35754203 2.7590599 -0.01450878
v 0.36312484 2.75893402 0.0086984
v 0.36323356 2.76766204 -0.03771644
v 0.36312484 2.75893402 -0.03771644
v 0.35754203 2.7762947 -0.01450854
v 0.36281204 2.78516006 -0.03771644
v 0.36312484 2.77641296 -0.03771644
v 0.36281204 2.78516006 0.0086984
v 0.36312484 2.77641296 0.00869864
v 0.36151886 2.80260086 0.00869911
v 0.35669136 2.7934761 -0.01450854
v 0.36226844 2.79388427 0.0086984
v 0.36151886 2.80260086 -0.03771644
v 0.36226844 2.79388427 -0.03771644
v 0.35500335 2.81061554 -0.01450878
v 0.3593769 2.81998062 -0.03771644
v 0.36055946 2.81130218 -0.03771644
v 0.3593769 2.81998062 0.0086984
v 0.36055946 2.81130218 0.00869864
v 0.35639762 2.83723068 0.00869911
v 0.35248374 2.82764434 -0.01450878
v 0.35799026 2.82862472 0.00869864
v 0.35639762 2.83723068 -0.03771644
v 0.35799026 2.82862472 -0.03771644
v 0.3491249 2.84455108 -0.01450854
v 0.35254859 2.85429 -0.03771644
v 0.35458374 2.84577179 -0.03771644
v 0.35254859 2.85429 0.0086984
v 0.35458374 2.84577179 0.00869911
v 0.34788703 2.87115097 0.00869911
v 0.34492683 2.8612442 -0.01450854
v 0.35032463 2.86272811 0.0086984
v 0.34788703 2.87115097 -0.03771644
v 0.35032463 2.86272811 -0.03771644
v 0.33992958 2.87775039 -0.01450854
v 0.34238815 2.88776779 -0.03771644
v 0.34523773 2.87949371 -0.03771644
v 0.34238815 2.88776779 0.0086984
v 0.34523773 2.87949371 0.00869864
v 0.33610343 2.90410614 0.00869935
v 0.33413696 2.89396286 -0.01450854
v 0.33935546 2.89597702 0.0086984
v 0.33610343 2.90410614 -0.03771644
v 0.33935546 2.89597702 -0.03771644
v 0.32753753 2.9098587 -0.01450806
v 0.32899856 2.92008209 -0.03771644
v 0.33265304 2.91213226 -0.03771644
v 0.32899856 2.92007446 0.00869864
v 0.33265304 2.91213226 0.00869935
v 0.32113266 2.9357109 0.00869864
v 0.32016563 2.92544174 -0.01450854
v 0.32517433 2.92796325 0.00869864
v 0.32113266 2.9357109 -0.03771644
v 0.32517433 2.92796325 -0.03771644
v 0.31205177 2.94062042 -0.01450806
v 0.31250953 2.95093154 -0.03771644
v 0.31691551 2.9433937 -0.03771644
v 0.31250953 2.95093154 0.00869935
v 0.31691551 2.9433937 0.0086984
v 0.30316734 2.96570587 0.00869983
v 0.30319213 2.95537948 -0.01450854
v 0.3079319 2.95838546 0.00869935
v 0.30316734 2.96570587 -0.03771644
v 0.3079319 2.95838546 -0.03771644
v 0.29363822 2.9697113 -0.01450783
v 0.29308128 2.9800148 -0.03771644
v 0.29821205 2.97291946 -0.03771644
v 0.29308128 2.9800148 0.00869935
v 0.29821205 2.97291946 0.00869888
v 0.28231811 2.99383163 0.00869935
v 0.28337287 2.98355102 -0.01450854
v 0.28778648 2.98701095 0.00869935
v 0.28231811 2.99383163 -0.03771644
v 0.28778648 2.98701095 -0.03771644
v 0.27244758 2.99686431 -0.01450806
v 0.27089309 3.00707626 -0.03771644
v 0.27667427 3.00054168 -0.03771644
v 0.27089309 3.00707626 0.00869983
v 0.27667427 3.00054168 0.00869864
v 0.25882148 3.01976776 0.00869935
v 0.2608757 3.00964736 -0.01450854
v 0.26492881 3.01348495 0.00869864
v 0.25882148 3.01976776 -0.03771644
v 0.26492881 3.01348495 -0.03771644
v 0.24869728 3.02181243 -0.01450783
v 0.24614715 3.03182983 -0.03771644
v 0.25255584 3.02584838 -0.03771644
v 0.24614715 3.03182983 0.00869935
v 0.25255584 3.02584838 0.00869888
v 0.23289871 3.04325103 0.00869935
v 0.23594474 3.03336715 -0.0145083
v 0.23960113 3.03762435 0.00870007
v 0.23289871 3.04325103 -0.03771644
v 0.23960113 3.03762435 -0.03771644
v 0.22262764 3.04428482 -0.01450806
v 0.21910667 3.05399704 -0.03771644
v 0.22607231 3.04870605 -0.03771644
v 0.21910667 3.05399704 0.00869888
v 0.22607231 3.04870605 0.00869911
v 0.20479202 3.06410217 0.00869935
v 0.20879554 3.05457687 -0.0145083
v 0.21200752 3.05912399 0.0086984
v 0.20479202 3.06410217 -0.03771644
v 0.21200752 3.05912399 -0.03771644
v 0.19447135 3.06412506 -0.01450783
v 0.19000625 3.07343673 -0.03771644
v 0.19746971 3.06883621 -0.03771644
v 0.19000625 3.07343673 0.0086984
v 0.19746971 3.06883621 0.0086984
v 0.17479515 3.08208084 0.00869911
v 0.1796875 3.07300186 -0.01450854
v 0.1824646 3.07784652 0.00869911
v 0.17479515 3.08208084 -0.03771644
v 0.1824646 3.07784652 -0.03771644
v 0.16450309 3.08108902 -0.01450783
v 0.15916633 3.08995819 -0.03771644
v 0.16703033 3.0860939 -0.03771644
v 0.15916633 3.08995819 0.0086984
v 0.16703033 3.0860939 0.00869935
v 0.14317131 3.09701919 0.00869935
v 0.14894294 3.08846664 -0.0145083
v 0.15120315 3.09357452 0.00869864
v 0.14317131 3.09701919 -0.03771621
v 0.15120315 3.09357452 -0.03771644
v 0.13301658 3.09505844 -0.01450783
v 0.12684249 3.1033287 -0.03771644
v 0.13504791 3.10028457 -0.03771644
v 0.12684249 3.1033287 0.00869864
v 0.13504791 3.10028457 0.00869935
v 0.11021804 3.10881805 0.00869935
v 0.11681747 3.10087585 -0.0145083
v 0.11857414 3.10618972 0.00869864
v 0.11021804 3.10881805 -0.03771644
v 0.11857414 3.10618972 -0.03771644
v 0.10033226 3.10585022 -0.01450806
v 0.0933609 3.11349868 -0.03771644
v 0.10182762 3.11123657 -0.03771644
v 0.0933609 3.11349868 0.00869983
v 0.10182762 3.11123657 0.00869935
v 0.0762844 3.11732864 0.00869983
v 0.08362579 3.11003494 -0.0145083
v 0.08484268 3.11550903 0.00869935
v 0.0762844 3.11732864 -0.03771644
v 0.08484268 3.11550903 -0.03771644
v 0.0667324 3.11341857 -0.01450806
v 0.05904579 3.12031936 -0.03771644
v 0.06769561 3.11891937 -0.03771644
v 0.05904579 3.12031936 0.00869935
v 0.06769561 3.11891937 0.00869864
v 0.0416851 3.12244415 0.00869935
v 0.04969978 3.11593246 -0.0145083
v 0.05037117 3.12147522 0.00869911
v 0.0416851 3.12244415 -0.03771644
v 0.05037117 3.12147522 -0.03771644
v 0.03256034 3.11763763 -0.01450783
v 0.02423667 3.12374496 -0.03771644
v 0.0329647 3.1231842 -0.03771644
v 0.02423667 3.12374496 0.00869911
v 0.0329647 3.1231842 0.0086984
v 0.00673675 3.12415695 0.00869864
v 0.0153408 3.11845397 -0.0145083
v 0.01548004 3.12405395 0.0086984
v 0.00673675 3.12415695 -0.03771644
v 0.01548004 3.12405395 -0.03771644
v -0.0018692 3.11845397 -0.01450783
v -0.01074791 3.12374496 -0.03771644
v -0.00201416 3.12405395 -0.03771644
v -0.01074791 3.12374496 0.00869911
v -0.00201416 3.12405395 0.0086984
v -0.01906776 3.11763763 -0.01450854
v -0.0194931 3.1231842 0.0086984
v -0.0194931 3.1231842 -0.03771644
v -2.42554092 -4.1355133 0.20406866
v 2.42554092 -4.1355133 0.20406889
v -0.00000762 -0.76090621 0.20406866
v -2.050951 -4.1355133 0.20406889
v -0.00000762 -1.28207397 0.20406866
v 2.05093765 -4.1355133 0.20406889
v -2.15143394 -3.75413513 0.20406913
v -1.81916427 -3.81304168 0.20406913
v 1.81916427 -3.81304168 0.20406913
v 2.15142631 -3.75413513 0.20406889
v -0.00000762 -1.28207397 -0.14638
v -1.81916427 -3.81304168 -0.14637976
v -2.15143394 -3.75413894 -0.14637976
v -0.00000762 -0.76090621 -0.14637965
v 2.15142631 -3.75413894 -0.14637965
v 1.81916427 -3.81304168 -0.14637988
v -2.050951 -4.13551712 -0.14637988
v 2.05093765 -4.13551712 -0.14637965
v -2.42554092 -4.13551712 -0.14637965
v 2.42554092 -4.13551712 -0.14637965
v -0.43029785 -1.3595581 -0.14637965
v -0.36383819 -1.78827285 -0.14637988
v -0.86056518 -1.95820236 -0.14637965
v -0.72767639 -2.29446411 -0.14637988
v -1.29085731 -2.55685424 -0.14637965
v -1.09148979 -2.80063629 -0.14638024
v -1.72114753 -3.15548706 -0.14637976
v -1.45532608 -3.30682754 -0.14638
v -1.45532608 -3.30683136 0.20406842
v -1.09148979 -2.80063629 0.20406842
v -0.72767639 -2.29445266 0.20406913
v -0.36383819 -1.78826904 0.20406889
v -0.43029785 -1.3595581 0.20406913
v -0.86056518 -1.95820236 0.20406866
v -1.29085731 -2.55685043 0.20406889
v -1.72114753 -3.15548324 0.20406842
v 0.36382675 -1.78827285 -0.14637988
v 0.4302864 -1.3595581 -0.14637965
v 0.72766304 -2.29446411 -0.14637988
v 0.86057853 -1.95820236 -0.14637965
v 1.09149932 -2.80063629 -0.14638036
v 1.29084396 -2.55685424 -0.14637976
v 1.45533561 -3.30682754 -0.14638
v 1.72113418 -3.15548706 -0.14637976
v 1.72113418 -3.15548324 0.20406842
v 1.29084396 -2.55685043 0.20406889
v 0.86057853 -1.95820236 0.20406866
v 0.4302864 -1.3595581 0.20406913
v 0.36382675 -1.78826904 0.20406889
v 0.72766304 -2.29445266 0.20406913
v 1.09149932 -2.80063629 0.20406889
v 1.45533561 -3.30683136 0.20406866
v -1.23056411 -4.13551712 -0.14637965
v -1.09148979 -3.81304168 -0.14637976
v -0.41020011 -4.13551712 -0.14637965
v -0.36383819 -3.81304168 -0.14637976
v 0.41018867 -4.13551712 -0.14637965
v 0.36382675 -3.81304168 -0.14637976
v 1.23057365 -4.13551712 -0.14637965
v 1.09149932 -3.81304168 -0.14637976
v 1.09149932 -3.81304168 0.20406889
v 0.36382675 -3.81304168 0.20406889
v -0.36383819 -3.81304168 0.20406889
v -1.09148979 -3.81304168 0.20406889
v -1.23056411 -4.1355133 0.20406889
v -0.41020011 -4.1355133 0.20406889
v 0.41018867 -4.1355133 0.20406889
v 1.23057365 -4.1355133 0.20406889
v 1.98529052 -3.78358459 0.20406866
v 1.58824539 -3.23116684 0.20406889
v 1.19118118 -2.67875671 0.20406913
v 0.79411888 -2.12632751 0.20406842
v 0.39705467 -1.5738945 0.20406889
v -2.23823547 -4.13551712 -0.14637965
v -1.98530197 -3.7835884 -0.14638048
v -2.23823547 -4.1355133 0.20406889
v -1.98530197 -3.78358459 0.20406937
v 1.98529052 -3.7835884 -0.14638048
v 2.23824119 -4.13551712 -0.14637976
v 2.23824119 -4.1355133 0.20406889
v -0.39706611 -1.5738945 -0.14637988
v -0.00000762 -1.021492 -0.14637976
v -0.79413032 -2.12632751 -0.14637988
v -1.19117546 -2.67875671 -0.14637988
v -1.58823776 -3.23116684 -0.14638024
v -0.39706611 -1.5738945 0.20406889
v -0.00000762 -1.021492 0.20406889
v -0.79413032 -2.12632751 0.20406842
v -1.19117546 -2.67875671 0.20406913
v -1.58823776 -3.23116684 0.20406866
v 0.39705467 -1.5738945 -0.14637988
v 0.79411888 -2.12632751 -0.14637988
v 1.19118118 -2.67875671 -0.14638
v 1.58824539 -3.23116684 -0.14638024
v -2.28848457 -3.94481277 0.20406913
v -2.28848457 -3.94481658 -0.14637988
v 2.28849411 -3.94481277 0.20406866
v 2.28849411 -3.94481658 -0.14637988
v -1.16103172 -3.97427749 -0.14638
v -1.9350624 -3.97427749 -0.14638012
v -0.38701248 -3.97427749 -0.14638
v 0.38701629 -3.97427749 -0.14638
v 1.16103363 -3.97427749 -0.14638
v 1.93505096 -3.97427749 -0.14637976
v -1.16103172 -3.97427368 0.20406889
v -1.9350624 -3.97427368 0.20406889
v -0.38701248 -3.97427368 0.20406889
v 0.38701629 -3.97427368 0.20406889
v 1.16103363 -3.97427368 0.20406889
v 1.93505096 -3.97427368 0.20406889
v -2.11176681 -3.9595375 -0.14638024
v -2.11176681 -3.95954132 0.20406889
v 2.11177063 -3.9595375 -0.14638036
v 2.11177063 -3.95954132 0.20406889
v -0.43029785 -1.3595581 0.0288431
v -0.00000762 -0.7609024 0.0288431
v -0.86056518 -1.95820236 0.0288431
v -1.29085731 -2.55684661 0.02884286
v -1.72114753 -3.15548324 0.02884286
v -2.15143394 -3.75413894 0.02884548
v 1.72113418 -3.15548324 0.02884286
v 2.15142631 -3.75413894 0.02884525
v 1.29084396 -2.55684661 0.02884286
v 0.86057853 -1.95820236 0.0288431
v 0.4302864 -1.3595581 0.0288431
v -1.23056411 -4.13550567 0.02884572
v -2.050951 -4.13550567 0.02884548
v -0.41020011 -4.13550567 0.02884572
v 0.41018867 -4.13550567 0.02884572
v 1.23057365 -4.13550567 0.02884572
v 2.05093765 -4.13550567 0.02884548
v -2.23823547 -4.13550567 0.02884501
v -2.42554092 -4.13550567 0.02884548
v 2.23824119 -4.13550567 0.02884548
v 2.42554092 -4.13550567 0.02884525
v -2.28848457 -3.94480514 0.02884286
v 2.28849411 -3.94480514 0.02884286
v -2.42554092 -0.56050109 0.20406913
v 2.42554092 -0.56050109 0.20406913
v -0.00000762 2.81409454 0.20406961
v -2.050951 -0.56050109 0.20406913
v -0.00000762 2.29293441 0.20406961
v 2.05093765 -0.56050109 0.20406889
v -2.15143394 -0.17915344 0.20406913
v -1.81916427 -0.23803329 0.20406889
v 1.81916427 -0.23803329 0.20406842
v 2.15142631 -0.17915344 0.20406913
v -0.00000762 2.29293441 -0.14637965
v -1.81916427 -0.23803329 -0.14637976
v -2.15143394 -0.17915725 -0.14637965
v -0.00000762 2.81409454 -0.14637953
v 2.15142631 -0.17915725 -0.14637965
v 1.81916427 -0.23803329 -0.14637976
v -2.050951 -0.56051254 -0.14637965
v 2.05093765 -0.56051254 -0.14637965
v -2.42554092 -0.56051254 -0.14637965
v 2.42554092 -0.56051254 -0.14637965
v -0.43029785 2.21543884 -0.14637965
v -0.36383819 1.78673172 -0.14637965
v -0.86056518 1.6167984 -0.14637965
v -0.72767639 1.28055572 -0.14637976
v -1.29085731 1.01815033 -0.14637965
v -1.09148979 0.77433776 -0.14637976
v -1.72114753 0.41949462 -0.14637965
v -1.45532608 0.26815033 -0.14637976
v -1.45532608 0.26815795 0.20406889
v -1.09148979 0.77433776 0.20406937
v -0.72767639 1.28055572 0.20406889
v -0.36383819 1.78673172 0.20406866
v -0.43029785 2.21543884 0.20406961
v -0.86056518 1.6167984 0.20406913
v -1.29085731 1.01815033 0.20406937
v -1.72114753 0.41949462 0.20406937
v 0.36382675 1.78673172 -0.14637976
v 0.4302864 2.21543884 -0.14637965
v 0.72766304 1.28055572 -0.14637976
v 0.86057853 1.6167984 -0.14637965
v 1.09149932 0.77433776 -0.14637976
v 1.29084396 1.01815033 -0.14637965
v 1.45533561 0.26815033 -0.14637976
v 1.72113418 0.41949462 -0.14637965
v 1.72113418 0.41949462 0.20406889
v 1.29084396 1.01815033 0.20406889
v 0.86057853 1.6167984 0.20406913
v 0.4302864 2.21543884 0.20406961
v 0.36382675 1.78673172 0.20406866
v 0.72766304 1.28055572 0.20406889
v 1.09149932 0.77433776 0.20406937
v 1.45533561 0.26815795 0.20406961
v -1.23056411 -0.56051254 -0.14637965
v -1.09148979 -0.23803329 -0.14637976
v -0.41020011 -0.56051254 -0.14637965
v -0.36383819 -0.23803329 -0.14637976
v 0.41018867 -0.56051254 -0.14637965
v 0.36382675 -0.23803329 -0.14637976
v 1.23057365 -0.56051254 -0.14637965
v 1.09149932 -0.23803329 -0.14637976
v 1.09149932 -0.23803329 0.20406842
v 0.36382675 -0.23803329 0.20406889
v -0.36383819 -0.23803329 0.20406889
v -1.09148979 -0.23803329 0.20406889
v -1.23056411 -0.56050109 0.20406913
v -0.41020011 -0.56050109 0.20406913
v 0.41018867 -0.56050109 0.20406913
v 1.23057365 -0.56050109 0.20406866
v 1.98529052 -0.2085762 0.20406913
v 1.58824539 0.34382629 0.20406889
v 1.19118118 0.89623642 0.20406913
v 0.79411888 1.4486618 0.20406961
v 0.39705467 2.001091 0.20406913
v -2.23823547 -0.56051254 -0.14637965
v -1.98530197 -0.2085762 -0.14637976
v -2.23823547 -0.56050109 0.20406913
v -1.98530197 -0.2085762 0.20406913
v 1.98529052 -0.2085762 -0.14637965
v 2.23824119 -0.56051254 -0.14637965
v 2.23824119 -0.56050109 0.20406889
v -0.39706611 2.001091 -0.14637965
v -0.00000762 2.55349731 -0.14637965
v -0.79413032 1.4486618 -0.14637976
v -1.19117546 0.89623642 -0.14637976
v -1.58823776 0.34382629 -0.14637965
v -0.39706611 2.001091 0.20406913
v -0.00000762 2.55349731 0.20406985
v -0.79413032 1.4486618 0.20406889
v -1.19117546 0.89623642 0.20406889
v -1.58823776 0.34382629 0.20406889
v 0.39705467 2.001091 -0.14637965
v 0.79411888 1.4486618 -0.14637976
v 1.19118118 0.89623642 -0.14637976
v 1.58824539 0.34382629 -0.14637965
v -2.28848457 -0.36983108 0.20406842
v -2.28848457 -0.36982727 -0.14637965
v 2.28849411 -0.36982727 0.20406866
v 2.28849411 -0.36982727 -0.14637965
v -1.16103172 -0.39926147 -0.14637976
v -1.9350624 -0.39926147 -0.14637976
v -0.38701248 -0.39926147 -0.14637976
v 0.38701629 -0.39926147 -0.14637976
v 1.16103363 -0.39926147 -0.14637976
v 1.93505096 -0.39926147 -0.14637976
v -1.16103172 -0.39928054 0.20406937
v -1.9350624 -0.39928054 0.20406937
v -0.38701248 -0.39928054 0.20406961
v 0.38701629 -0.39928054 0.20406961
v 1.16103363 -0.39928054 0.20406889
v 1.93505096 -0.39928054 0.20406889
v -2.11176681 -0.38457489 -0.14637976
v -2.11176681 -0.38456344 0.20406913
v 2.11177063 -0.38457489 -0.14637976
v 2.11177063 -0.38456344 0.20406913
v -0.43029785 2.21543884 0.0288431
v -0.00000762 2.81409454 0.02884334
v -0.86056518 1.6167984 0.02884358
v -1.29085731 1.01815033 0.0288431
v -1.72114753 0.41949462 0.02884334
v -2.15143394 -0.17915725 0.02884572
v 1.72113418 0.41949462 0.0288431
v 2.15142631 -0.17915725 0.02884572
v 1.29084396 1.01815033 0.02884334
v 0.86057853 1.6167984 0.02884334
v 0.4302864 2.21543884 0.02884334
v -1.23056411 -0.56050872 0.02884596
v -2.050951 -0.56050872 0.02884596
v -0.41020011 -0.56050872 0.02884572
v 0.41018867 -0.56050872 0.02884572
v 1.23057365 -0.56050872 0.02884572
v 2.05093765 -0.56050872 0.02884572
v -2.23823547 -0.56050872 0.02884596
v -2.42554092 -0.56050872 0.02884596
v 2.23824119 -0.56050872 0.02884572
v 2.42554092 -0.56050872 0.02884572
v -2.28848457 -0.36982727 0.0288431
v 2.28849411 -0.36982727 0.0288431
v -2.42554092 -2.3388977 0.20406842
v 2.42554092 -2.3388977 0.20406842
v -0.00000762 1.03570175 0.20407009
v -2.050951 -2.3388977 0.20406842
v -0.00000762 0.51454544 0.20406889
v 2.05093765 -2.3388977 0.20406842
v -2.15143394 -1.95751953 0.20406889
v -1.81916427 -2.01641845 0.20406913
v 1.81916427 -2.01641845 0.20406866
v 2.15142631 -1.95751953 0.20406889
v -0.00000762 0.51453399 -0.14637976
v -1.81916427 -2.01642227 -0.14637976
v -2.15143394 -1.95751571 -0.14637965
v -0.00000762 1.03570175 -0.14637965
v 2.15142631 -1.95751571 -0.14637965
v 1.81916427 -2.01642227 -0.14638024
v -2.050951 -2.3388977 -0.14637988
v 2.05093765 -2.3388977 -0.14637965
v -2.42554092 -2.3388977 -0.14637988
v 2.42554092 -2.3388977 -0.14637965
v -0.43029785 0.43706512 -0.14637965
v -0.36383819 0.008358 -0.14637976
v -0.86056518 -0.16158294 -0.14637965
v -0.72767639 -0.49785232 -0.14637976
v -1.29085731 -0.76023483 -0.14637965
v -1.09148979 -1.00401306 -0.14637965
v -1.72114753 -1.35886383 -0.14637965
v -1.45532608 -1.51022338 -0.14637976
v -1.45532608 -1.5102272 0.20406866
v -1.09148979 -1.00401306 0.20406913
v -0.72767639 -0.49785614 0.20406889
v -0.36383819 0.008358 0.20406889
v -0.43029785 0.43707275 0.20406889
v -0.86056518 -0.16156768 0.20406889
v -1.29085731 -0.76023483 0.20406889
v -1.72114753 -1.35886383 0.20406889
v 0.36382675 0.008358 -0.14637976
v 0.4302864 0.43706512 -0.14637965
v 0.72766304 -0.49785232 -0.14637976
v 0.86057853 -0.16158294 -0.14637965
v 1.09149932 -1.00401306 -0.14637965
v 1.29084396 -0.76023483 -0.14637965
v 1.45533561 -1.51022338 -0.14637976
v 1.72113418 -1.35886383 -0.14637965
v 1.72113418 -1.35886383 0.20406889
v 1.29084396 -0.76023483 0.20406913
v 0.86057853 -0.16156768 0.20406913
v 0.4302864 0.43707275 0.20406889
v 0.36382675 0.008358 0.20406889
v 0.72766304 -0.49785614 0.20406889
v 1.09149932 -1.00401306 0.20406937
v 1.45533561 -1.5102272 0.20406866
v -1.23056411 -2.3388977 -0.14637965
v -1.09148979 -2.01642227 -0.14637988
v -0.41020011 -2.3388977 -0.14637965
v -0.36383819 -2.01642227 -0.14638024
v 0.41018867 -2.3388977 -0.14637965
v 0.36382675 -2.01642227 -0.14638024
v 1.23057365 -2.3388977 -0.14637988
v 1.09149932 -2.01642227 -0.14638024
v 1.09149932 -2.01641845 0.20406913
v 0.36382675 -2.01641845 0.20406913
v -0.36383819 -2.01641845 0.20406913
v -1.09148979 -2.01641845 0.20406913
v -1.23056411 -2.3388977 0.20406842
v -0.41020011 -2.3388977 0.20406842
v 0.41018867 -2.3388977 0.20406842
v 1.23057365 -2.3388977 0.20406842
v 1.98529052 -1.98698425 0.20406913
v 1.58824539 -1.43455123 0.20406842
v 1.19118118 -0.88212204 0.20406866
v 0.79411888 -0.32971954 0.20406889
v 0.39705467 0.22269439 0.20406937
v -2.23823547 -2.3388977 -0.14637988
v -1.98530197 -1.98698425 -0.14637988
v -2.23823547 -2.3388977 0.20406842
v -1.98530197 -1.98698425 0.20406866
v 1.98529052 -1.98698425 -0.14637976
v 2.23824119 -2.3388977 -0.14637965
v 2.23824119 -2.3388977 0.20406842
v -0.39706611 0.22269821 -0.14637965
v -0.00000762 0.77513122 -0.14637976
v -0.79413032 -0.32971954 -0.14637976
v -1.19117546 -0.88212585 -0.14637976
v -1.58823776 -1.43455123 -0.14637988
v -0.39706611 0.22269439 0.20406937
v -0.00000762 0.77513122 0.20406937
v -0.79413032 -0.32971954 0.20406889
v -1.19117546 -0.88212204 0.20406889
v -1.58823776 -1.43455123 0.20406913
v 0.39705467 0.22269821 -0.14637965
v 0.79411888 -0.32971954 -0.14637976
v 1.19118118 -0.88212585 -0.14637988
v 1.58824539 -1.43455123 -0.14637976
v -2.28848457 -2.14819335 0.20406866
v -2.28848457 -2.14819335 -0.14637965
v 2.28849411 -2.14819335 0.20406913
v 2.28849411 -2.14819335 -0.14637965
v -1.16103172 -2.17765808 -0.14638012
v -1.9350624 -2.17765808 -0.14638012
v -0.38701248 -2.17765808 -0.14638036
v 0.38701629 -2.17765808 -0.14638036
v 1.16103363 -2.17765808 -0.14638036
v 1.93505096 -2.17765808 -0.14638012
v -1.16103172 -2.17765808 0.20406889
v -1.9350624 -2.17765808 0.20406889
v -0.38701248 -2.17765808 0.20406889
v 0.38701629 -2.17765808 0.20406889
v 1.16103363 -2.17765808 0.20406889
v 1.93505096 -2.17765808 0.20406889
v -2.11176681 -2.16292572 -0.14637976
v -2.11176681 -2.16292572 0.20406866
v 2.11177063 -2.16292572 -0.14638024
v 2.11177063 -2.16292572 0.20406842
v -0.43029785 0.43705749 0.0288431
v -0.00000762 1.0356903 0.02884286
v -0.86056518 -0.16157913 0.02884286
v -1.29085731 -0.76023483 0.0288431
v -1.72114753 -1.35886001 0.02884286
v -2.15143394 -1.95751953 0.02884572
v 1.72113418 -1.35886001 0.0288431
v 2.15142631 -1.95751953 0.02884572
v 1.29084396 -0.76023483 0.02884286
v 0.86057853 -0.16157913 0.02884286
v 0.4302864 0.43705749 0.0288431
v -1.23056411 -2.33889389 0.02884548
v -2.050951 -2.33889389 0.02884572
v -0.41020011 -2.33889389 0.02884548
v 0.41018867 -2.33889389 0.02884548
v 1.23057365 -2.33889389 0.02884572
v 2.05093765 -2.33889389 0.02884572
v -2.23823547 -2.33889389 0.02884572
v -2.42554092 -2.33889389 0.02884572
v 2.23824119 -2.33889389 0.02884572
v 2.42554092 -2.33889389 0.02884572
v -2.28848457 -2.14819717 0.0288431
v 2.28849411 -2.14819717 0.02884286
g Group46946
f 2 1 31 34
f 3 40 36 4
f 3 5 41 40
f 7 6 26 24
f 9 42 32 10
f 10 1 15 22
f 2 11 27 16
f 4 8 20 18
f 12 39 30 7
f 6 13 25 26
f 11 117 118 27
f 14 12 23 28
f 5 111 112 41
f 16 15 1 2
f 17 3 4 18
f 17 19 5 3
f 21 9 10 22
f 23 12 7 24
f 19 109 111 5
f 30 29 6 7
f 32 31 1 10
f 34 33 11 2
f 36 35 8 4
f 29 37 13 6
f 33 116 117 11
f 38 39 12 14
f 43 61 60 44
f 46 45 57 67
f 45 73 82 47
f 48 50 59 68
f 50 77 72 44
f 43 71 83 51
f 52 78 76 49
f 53 52 63 69
f 53 69 70 54
f 47 82 81 55
f 51 83 119 120
f 56 84 74 46
f 54 70 113 114
f 57 45 47 58
f 59 50 44 60
f 61 43 51 62
f 63 52 49 64
f 58 47 55 65
f 62 51 120 115
f 66 56 46 67
f 71 43 44 72
f 74 73 45 46
f 75 77 50 48
f 79 78 52 53
f 79 53 54 80
f 80 54 114 110
f 87 13 37 88
f 85 25 13 87
f 90 89 65 55
f 86 90 55 81
f 93 87 88 94
f 91 85 87 93
f 96 95 89 90
f 92 96 90 86
f 99 93 94 100
f 97 91 93 99
f 102 101 95 96
f 98 102 96 92
f 105 99 100 106
f 103 97 99 105
f 108 107 101 102
f 104 108 102 98
f 111 105 106 112
f 109 103 105 111
f 114 113 107 108
f 110 114 108 104
f 117 123 124 118
f 116 122 123 117
f 120 119 125 126
f 115 120 126 121
f 123 129 130 124
f 122 128 129 123
f 126 125 131 132
f 121 126 132 127
f 129 135 136 130
f 128 134 135 129
f 132 131 137 138
f 127 132 138 133
f 135 141 142 136
f 134 140 141 135
f 138 137 143 144
f 133 138 144 139
f 141 14 28 142
f 140 38 14 141
f 144 143 84 56
f 139 144 56 66
f 145 146 29 30
f 147 148 31 32
f 149 150 33 34
f 151 152 35 36
f 146 153 37 29
f 150 154 116 33
f 155 156 39 38
f 34 31 148 149
f 40 157 151 36
f 40 41 158 157
f 42 159 147 32
f 39 156 145 30
f 41 112 160 158
f 88 37 153 161
f 94 88 161 162
f 100 94 162 163
f 106 100 163 164
f 112 106 164 160
f 154 165 122 116
f 165 166 128 122
f 166 167 134 128
f 167 168 140 134
f 168 155 38 140
f 349 296 305 350
f 340 350 305 64
f 348 342 76 252
f 222 249 251 198
f 347 250 221 346
f 345 199 20 339
f 343 152 175 344
f 338 35 152 343
f 342 341 49 76
f 341 340 64 49
f 339 20 8 337
f 337 8 35 338
f 313 336 335 314
f 333 335 336 334
f 331 333 334 332
f 329 331 332 330
f 310 329 330 311
f 327 320 328 326
f 325 327 326 324
f 323 325 324 321
f 322 323 321 312
f 316 328 320 319
f 306 316 319 318
f 171 173 146 145
f 176 170 148 147
f 169 177 150 149
f 173 180 153 146
f 177 181 154 150
f 170 169 149 148
f 174 176 147 159
f 180 182 161 153
f 182 185 162 161
f 185 186 163 162
f 186 187 164 163
f 187 188 160 164
f 181 189 165 154
f 189 190 166 165
f 190 191 167 166
f 191 192 168 167
f 145 156 172 171
f 151 157 179 178
f 152 151 178 175
f 156 155 183 172
f 157 158 184 179
f 158 160 188 184
f 155 168 192 183
f 193 194 15 16
f 195 17 18 196
f 195 197 19 17
f 198 21 22 200
f 201 23 24 202
f 197 203 109 19
f 24 26 204 202
f 22 15 194 200
f 16 27 205 193
f 18 20 199 196
f 26 25 206 204
f 27 118 207 205
f 28 23 201 208
f 209 206 25 85
f 210 209 85 91
f 211 210 91 97
f 212 211 97 103
f 203 212 103 109
f 118 124 213 207
f 124 130 214 213
f 130 136 215 214
f 136 142 216 215
f 142 28 208 216
f 243 244 217 218
f 245 246 219 220
f 253 249 222 223
f 244 253 223 217
f 255 256 224 225
f 259 260 226 227
f 260 261 228 226
f 250 259 227 221
f 263 243 218 229
f 264 255 225 230
f 246 264 230 219
f 256 265 231 224
f 261 266 232 228
f 273 245 220 233
f 275 273 233 234
f 277 275 234 235
f 279 277 235 236
f 266 279 236 232
f 281 263 229 237
f 283 281 237 238
f 285 283 238 239
f 287 285 239 240
f 265 287 240 231
f 227 226 195 196
f 226 228 197 195
f 230 225 201 202
f 228 232 203 197
f 221 227 196 199
f 225 224 208 201
f 224 231 216 208
f 194 193 218 217
f 204 206 220 219
f 199 345 346 221
f 198 200 223 222
f 200 194 217 223
f 193 205 229 218
f 202 204 219 230
f 206 209 233 220
f 209 210 234 233
f 210 211 235 234
f 211 212 236 235
f 212 203 232 236
f 205 207 237 229
f 207 213 238 237
f 213 214 239 238
f 214 215 240 239
f 215 216 231 240
f 241 71 72 242
f 159 317 297 174
f 42 68 317 159
f 247 248 73 74
f 9 48 68 42
f 251 254 77 75
f 21 75 48 9
f 198 251 75 21
f 257 258 78 79
f 347 346 345 348
f 348 345 339 342
f 257 79 80 262
f 342 339 337 341
f 341 337 338 340
f 344 349 350 343
f 340 338 343 350
f 307 306 318 304
f 292 291 315 293
f 262 80 110 267
f 73 248 268 82
f 77 254 242 72
f 71 241 269 83
f 78 258 252 76
f 82 268 270 81
f 83 269 271 119
f 84 272 247 74
f 291 313 314 315
f 274 86 81 270
f 308 322 312 309
f 276 92 86 274
f 303 310 311 301
f 278 98 92 276
f 294 308 309 295
f 280 104 98 278
f 296 307 304 305
f 267 110 104 280
f 302 303 301 290
f 119 271 282 125
f 299 300 289 298
f 125 282 284 131
f 317 299 298 297
f 131 284 286 137
f 293 294 295 292
f 137 286 288 143
f 300 302 290 289
f 143 288 272 84
f 244 243 241 242
f 250 347 348 252
f 249 253 254 251
f 247 272 256 255
f 258 257 260 259
f 257 262 261 260
f 252 258 259 250
f 248 247 255 264
f 272 288 265 256
f 262 267 266 261
f 264 246 268 248
f 253 244 242 254
f 243 263 269 241
f 246 245 270 268
f 263 281 271 269
f 245 273 274 270
f 273 275 276 274
f 275 277 278 276
f 277 279 280 278
f 279 266 267 280
f 281 283 282 271
f 283 285 284 282
f 285 287 286 284
f 287 265 288 286
f 289 290 169 170
f 291 292 171 172
f 293 57 58 294
f 292 295 173 171
f 296 349 344 175
f 297 298 176 174
f 298 289 170 176
f 299 59 60 300
f 290 301 177 169
f 302 61 62 303
f 304 63 64 305
f 306 307 178 179
f 307 296 175 178
f 294 58 65 308
f 295 309 180 173
f 303 62 115 310
f 301 311 181 177
f 309 312 182 180
f 313 291 172 183
f 314 66 67 315
f 316 306 179 184
f 61 302 300 60
f 67 57 293 315
f 68 59 299 317
f 69 63 304 318
f 69 318 319 70
f 70 319 320 113
f 312 321 185 182
f 89 322 308 65
f 95 323 322 89
f 321 324 186 185
f 101 325 323 95
f 324 326 187 186
f 107 327 325 101
f 326 328 188 187
f 113 320 327 107
f 328 316 184 188
f 310 115 121 329
f 311 330 189 181
f 329 121 127 331
f 330 332 190 189
f 331 127 133 333
f 332 334 191 190
f 333 133 139 335
f 334 336 192 191
f 335 139 66 314
f 336 313 183 192
g Group2490
f 414 1119 1123 1122
f 1119 543 1120 1123
f 1123 1120 547 1121
f 1122 1123 1121 546
f 543 1124 1127 1120
f 1124 478 1125 1127
f 1127 1125 544 1126
f 1120 1127 1126 547
f 547 1126 1131 1130
f 1126 544 1128 1131
f 1131 1128 415 1129
f 1130 1131 1129 545
f 546 1121 1134 1133
f 1121 547 1130 1134
f 1134 1130 545 1132
f 1133 1134 1132 351
f 413 1135 1139 1138
f 1135 548 1136 1139
f 1139 1136 551 1137
f 1138 1139 1137 550
f 548 1140 1143 1136
f 1140 477 1141 1143
f 1143 1141 549 1142
f 1136 1143 1142 551
f 551 1142 1146 1145
f 1142 549 1144 1146
f 1146 1144 478 1124
f 1145 1146 1124 543
f 550 1137 1148 1147
f 1137 551 1145 1148
f 1148 1145 543 1119
f 1147 1148 1119 414
f 412 1149 1153 1152
f 1149 552 1150 1153
f 1153 1150 555 1151
f 1152 1153 1151 554
f 552 1154 1157 1150
f 1154 476 1155 1157
f 1157 1155 553 1156
f 1150 1157 1156 555
f 555 1156 1160 1159
f 1156 553 1158 1160
f 1160 1158 477 1140
f 1159 1160 1140 548
f 554 1151 1162 1161
f 1151 555 1159 1162
f 1162 1159 548 1135
f 1161 1162 1135 413
f 411 1163 1167 1166
f 1163 556 1164 1167
f 1167 1164 559 1165
f 1166 1167 1165 558
f 556 1168 1171 1164
f 1168 475 1169 1171
f 1171 1169 557 1170
f 1164 1171 1170 559
f 559 1170 1174 1173
f 1170 557 1172 1174
f 1174 1172 476 1154
f 1173 1174 1154 552
f 558 1165 1176 1175
f 1165 559 1173 1176
f 1176 1173 552 1149
f 1175 1176 1149 412
f 410 1177 1181 1180
f 1177 560 1178 1181
f 1181 1178 563 1179
f 1180 1181 1179 562
f 560 1182 1185 1178
f 1182 474 1183 1185
f 1185 1183 561 1184
f 1178 1185 1184 563
f 563 1184 1188 1187
f 1184 561 1186 1188
f 1188 1186 475 1168
f 1187 1188 1168 556
f 562 1179 1190 1189
f 1179 563 1187 1190
f 1190 1187 556 1163
f 1189 1190 1163 411
f 409 1191 1195 1194
f 1191 564 1192 1195
f 1195 1192 567 1193
f 1194 1195 1193 566
f 564 1196 1199 1192
f 1196 473 1197 1199
f 1199 1197 565 1198
f 1192 1199 1198 567
f 567 1198 1202 1201
f 1198 565 1200 1202
f 1202 1200 474 1182
f 1201 1202 1182 560
f 566 1193 1204 1203
f 1193 567 1201 1204
f 1204 1201 560 1177
f 1203 1204 1177 410
f 408 1205 1209 1208
f 1205 568 1206 1209
f 1209 1206 571 1207
f 1208 1209 1207 570
f 568 1210 1213 1206
f 1210 472 1211 1213
f 1213 1211 569 1212
f 1206 1213 1212 571
f 571 1212 1216 1215
f 1212 569 1214 1216
f 1216 1214 473 1196
f 1215 1216 1196 564
f 570 1207 1218 1217
f 1207 571 1215 1218
f 1218 1215 564 1191
f 1217 1218 1191 409
f 407 1219 1223 1222
f 1219 572 1220 1223
f 1223 1220 575 1221
f 1222 1223 1221 574
f 572 1224 1227 1220
f 1224 471 1225 1227
f 1227 1225 573 1226
f 1220 1227 1226 575
f 575 1226 1230 1229
f 1226 573 1228 1230
f 1230 1228 472 1210
f 1229 1230 1210 568
f 574 1221 1232 1231
f 1221 575 1229 1232
f 1232 1229 568 1205
f 1231 1232 1205 408
f 406 1233 1237 1236
f 1233 576 1234 1237
f 1237 1234 579 1235
f 1236 1237 1235 578
f 576 1238 1241 1234
f 1238 470 1239 1241
f 1241 1239 577 1240
f 1234 1241 1240 579
f 579 1240 1244 1243
f 1240 577 1242 1244
f 1244 1242 471 1224
f 1243 1244 1224 572
f 578 1235 1246 1245
f 1235 579 1243 1246
f 1246 1243 572 1219
f 1245 1246 1219 407
f 405 1247 1251 1250
f 1247 580 1248 1251
f 1251 1248 583 1249
f 1250 1251 1249 582
f 580 1252 1255 1248
f 1252 469 1253 1255
f 1255 1253 581 1254
f 1248 1255 1254 583
f 583 1254 1258 1257
f 1254 581 1256 1258
f 1258 1256 470 1238
f 1257 1258 1238 576
f 582 1249 1260 1259
f 1249 583 1257 1260
f 1260 1257 576 1233
f 1259 1260 1233 406
f 404 1261 1265 1264
f 1261 584 1262 1265
f 1265 1262 587 1263
f 1264 1265 1263 586
f 584 1266 1269 1262
f 1266 468 1267 1269
f 1269 1267 585 1268
f 1262 1269 1268 587
f 587 1268 1272 1271
f 1268 585 1270 1272
f 1272 1270 469 1252
f 1271 1272 1252 580
f 586 1263 1274 1273
f 1263 587 1271 1274
f 1274 1271 580 1247
f 1273 1274 1247 405
f 403 1275 1279 1278
f 1275 588 1276 1279
f 1279 1276 591 1277
f 1278 1279 1277 590
f 588 1280 1283 1276
f 1280 467 1281 1283
f 1283 1281 589 1282
f 1276 1283 1282 591
f 591 1282 1286 1285
f 1282 589 1284 1286
f 1286 1284 468 1266
f 1285 1286 1266 584
f 590 1277 1288 1287
f 1277 591 1285 1288
f 1288 1285 584 1261
f 1287 1288 1261 404
f 402 1289 1293 1292
f 1289 592 1290 1293
f 1293 1290 595 1291
f 1292 1293 1291 594
f 592 1294 1297 1290
f 1294 466 1295 1297
f 1297 1295 593 1296
f 1290 1297 1296 595
f 595 1296 1300 1299
f 1296 593 1298 1300
f 1300 1298 467 1280
f 1299 1300 1280 588
f 594 1291 1302 1301
f 1291 595 1299 1302
f 1302 1299 588 1275
f 1301 1302 1275 403
f 401 1303 1307 1306
f 1303 596 1304 1307
f 1307 1304 599 1305
f 1306 1307 1305 598
f 596 1308 1311 1304
f 1308 465 1309 1311
f 1311 1309 597 1310
f 1304 1311 1310 599
f 599 1310 1314 1313
f 1310 597 1312 1314
f 1314 1312 466 1294
f 1313 1314 1294 592
f 598 1305 1316 1315
f 1305 599 1313 1316
f 1316 1313 592 1289
f 1315 1316 1289 402
f 400 1317 1321 1320
f 1317 600 1318 1321
f 1321 1318 603 1319
f 1320 1321 1319 602
f 600 1322 1325 1318
f 1322 464 1323 1325
f 1325 1323 601 1324
f 1318 1325 1324 603
f 603 1324 1328 1327
f 1324 601 1326 1328
f 1328 1326 465 1308
f 1327 1328 1308 596
f 602 1319 1330 1329
f 1319 603 1327 1330
f 1330 1327 596 1303
f 1329 1330 1303 401
f 399 1331 1335 1334
f 1331 604 1332 1335
f 1335 1332 607 1333
f 1334 1335 1333 606
f 604 1336 1339 1332
f 1336 463 1337 1339
f 1339 1337 605 1338
f 1332 1339 1338 607
f 607 1338 1342 1341
f 1338 605 1340 1342
f 1342 1340 464 1322
f 1341 1342 1322 600
f 606 1333 1344 1343
f 1333 607 1341 1344
f 1344 1341 600 1317
f 1343 1344 1317 400
f 398 1345 1349 1348
f 1345 608 1346 1349
f 1349 1346 611 1347
f 1348 1349 1347 610
f 608 1350 1353 1346
f 1350 462 1351 1353
f 1353 1351 609 1352
f 1346 1353 1352 611
f 611 1352 1356 1355
f 1352 609 1354 1356
f 1356 1354 463 1336
f 1355 1356 1336 604
f 610 1347 1358 1357
f 1347 611 1355 1358
f 1358 1355 604 1331
f 1357 1358 1331 399
f 397 1359 1363 1362
f 1359 612 1360 1363
f 1363 1360 615 1361
f 1362 1363 1361 614
f 612 1364 1367 1360
f 1364 461 1365 1367
f 1367 1365 613 1366
f 1360 1367 1366 615
f 615 1366 1370 1369
f 1366 613 1368 1370
f 1370 1368 462 1350
f 1369 1370 1350 608
f 614 1361 1372 1371
f 1361 615 1369 1372
f 1372 1369 608 1345
f 1371 1372 1345 398
f 396 1373 1377 1376
f 1373 616 1374 1377
f 1377 1374 619 1375
f 1376 1377 1375 618
f 616 1378 1381 1374
f 1378 460 1379 1381
f 1381 1379 617 1380
f 1374 1381 1380 619
f 619 1380 1384 1383
f 1380 617 1382 1384
f 1384 1382 461 1364
f 1383 1384 1364 612
f 618 1375 1386 1385
f 1375 619 1383 1386
f 1386 1383 612 1359
f 1385 1386 1359 397
f 395 1387 1391 1390
f 1387 620 1388 1391
f 1391 1388 623 1389
f 1390 1391 1389 622
f 620 1392 1395 1388
f 1392 459 1393 1395
f 1395 1393 621 1394
f 1388 1395 1394 623
f 623 1394 1398 1397
f 1394 621 1396 1398
f 1398 1396 460 1378
f 1397 1398 1378 616
f 622 1389 1400 1399
f 1389 623 1397 1400
f 1400 1397 616 1373
f 1399 1400 1373 396
f 394 1401 1405 1404
f 1401 624 1402 1405
f 1405 1402 627 1403
f 1404 1405 1403 626
f 624 1406 1409 1402
f 1406 458 1407 1409
f 1409 1407 625 1408
f 1402 1409 1408 627
f 627 1408 1412 1411
f 1408 625 1410 1412
f 1412 1410 459 1392
f 1411 1412 1392 620
f 626 1403 1414 1413
f 1403 627 1411 1414
f 1414 1411 620 1387
f 1413 1414 1387 395
f 393 1415 1419 1418
f 1415 628 1416 1419
f 1419 1416 631 1417
f 1418 1419 1417 630
f 628 1420 1423 1416
f 1420 457 1421 1423
f 1423 1421 629 1422
f 1416 1423 1422 631
f 631 1422 1426 1425
f 1422 629 1424 1426
f 1426 1424 458 1406
f 1425 1426 1406 624
f 630 1417 1428 1427
f 1417 631 1425 1428
f 1428 1425 624 1401
f 1427 1428 1401 394
f 392 1429 1433 1432
f 1429 632 1430 1433
f 1433 1430 635 1431
f 1432 1433 1431 634
f 632 1434 1437 1430
f 1434 456 1435 1437
f 1437 1435 633 1436
f 1430 1437 1436 635
f 635 1436 1440 1439
f 1436 633 1438 1440
f 1440 1438 457 1420
f 1439 1440 1420 628
f 634 1431 1442 1441
f 1431 635 1439 1442
f 1442 1439 628 1415
f 1441 1442 1415 393
f 391 1443 1447 1446
f 1443 636 1444 1447
f 1447 1444 639 1445
f 1446 1447 1445 638
f 636 1448 1451 1444
f 1448 455 1449 1451
f 1451 1449 637 1450
f 1444 1451 1450 639
f 639 1450 1454 1453
f 1450 637 1452 1454
f 1454 1452 456 1434
f 1453 1454 1434 632
f 638 1445 1456 1455
f 1445 639 1453 1456
f 1456 1453 632 1429
f 1455 1456 1429 392
f 390 1457 1461 1460
f 1457 640 1458 1461
f 1461 1458 643 1459
f 1460 1461 1459 642
f 640 1462 1465 1458
f 1462 454 1463 1465
f 1465 1463 641 1464
f 1458 1465 1464 643
f 643 1464 1468 1467
f 1464 641 1466 1468
f 1468 1466 455 1448
f 1467 1468 1448 636
f 642 1459 1470 1469
f 1459 643 1467 1470
f 1470 1467 636 1443
f 1469 1470 1443 391
f 389 1471 1475 1474
f 1471 644 1472 1475
f 1475 1472 647 1473
f 1474 1475 1473 646
f 644 1476 1479 1472
f 1476 453 1477 1479
f 1479 1477 645 1478
f 1472 1479 1478 647
f 647 1478 1482 1481
f 1478 645 1480 1482
f 1482 1480 454 1462
f 1481 1482 1462 640
f 646 1473 1484 1483
f 1473 647 1481 1484
f 1484 1481 640 1457
f 1483 1484 1457 390
f 388 1485 1489 1488
f 1485 648 1486 1489
f 1489 1486 651 1487
f 1488 1489 1487 650
f 648 1490 1493 1486
f 1490 452 1491 1493
f 1493 1491 649 1492
f 1486 1493 1492 651
f 651 1492 1496 1495
f 1492 649 1494 1496
f 1496 1494 453 1476
f 1495 1496 1476 644
f 650 1487 1498 1497
f 1487 651 1495 1498
f 1498 1495 644 1471
f 1497 1498 1471 389
f 387 1499 1503 1502
f 1499 652 1500 1503
f 1503 1500 655 1501
f 1502 1503 1501 654
f 652 1504 1507 1500
f 1504 451 1505 1507
f 1507 1505 653 1506
f 1500 1507 1506 655
f 655 1506 1510 1509
f 1506 653 1508 1510
f 1510 1508 452 1490
f 1509 1510 1490 648
f 654 1501 1512 1511
f 1501 655 1509 1512
f 1512 1509 648 1485
f 1511 1512 1485 388
f 386 1513 1517 1516
f 1513 656 1514 1517
f 1517 1514 659 1515
f 1516 1517 1515 658
f 656 1518 1521 1514
f 1518 450 1519 1521
f 1521 1519 657 1520
f 1514 1521 1520 659
f 659 1520 1524 1523
f 1520 657 1522 1524
f 1524 1522 451 1504
f 1523 1524 1504 652
f 658 1515 1526 1525
f 1515 659 1523 1526
f 1526 1523 652 1499
f 1525 1526 1499 387
f 385 1527 1531 1530
f 1527 660 1528 1531
f 1531 1528 663 1529
f 1530 1531 1529 662
f 660 1532 1535 1528
f 1532 449 1533 1535
f 1535 1533 661 1534
f 1528 1535 1534 663
f 663 1534 1538 1537
f 1534 661 1536 1538
f 1538 1536 450 1518
f 1537 1538 1518 656
f 662 1529 1540 1539
f 1529 663 1537 1540
f 1540 1537 656 1513
f 1539 1540 1513 386
f 384 1541 1545 1544
f 1541 664 1542 1545
f 1545 1542 667 1543
f 1544 1545 1543 666
f 664 1546 1549 1542
f 1546 448 1547 1549
f 1549 1547 665 1548
f 1542 1549 1548 667
f 667 1548 1552 1551
f 1548 665 1550 1552
f 1552 1550 449 1532
f 1551 1552 1532 660
f 666 1543 1554 1553
f 1543 667 1551 1554
f 1554 1551 660 1527
f 1553 1554 1527 385
f 383 1555 1559 1558
f 1555 668 1556 1559
f 1559 1556 671 1557
f 1558 1559 1557 670
f 668 1560 1563 1556
f 1560 447 1561 1563
f 1563 1561 669 1562
f 1556 1563 1562 671
f 671 1562 1566 1565
f 1562 669 1564 1566
f 1566 1564 448 1546
f 1565 1566 1546 664
f 670 1557 1568 1567
f 1557 671 1565 1568
f 1568 1565 664 1541
f 1567 1568 1541 384
f 382 1569 1573 1572
f 1569 672 1570 1573
f 1573 1570 675 1571
f 1572 1573 1571 674
f 672 1574 1577 1570
f 1574 446 1575 1577
f 1577 1575 673 1576
f 1570 1577 1576 675
f 675 1576 1580 1579
f 1576 673 1578 1580
f 1580 1578 447 1560
f 1579 1580 1560 668
f 674 1571 1582 1581
f 1571 675 1579 1582
f 1582 1579 668 1555
f 1581 1582 1555 383
f 381 1583 1587 1586
f 1583 676 1584 1587
f 1587 1584 679 1585
f 1586 1587 1585 678
f 676 1588 1591 1584
f 1588 445 1589 1591
f 1591 1589 677 1590
f 1584 1591 1590 679
f 679 1590 1594 1593
f 1590 677 1592 1594
f 1594 1592 446 1574
f 1593 1594 1574 672
f 678 1585 1596 1595
f 1585 679 1593 1596
f 1596 1593 672 1569
f 1595 1596 1569 382
f 380 1597 1601 1600
f 1597 680 1598 1601
f 1601 1598 683 1599
f 1600 1601 1599 682
f 680 1602 1605 1598
f 1602 444 1603 1605
f 1605 1603 681 1604
f 1598 1605 1604 683
f 683 1604 1608 1607
f 1604 681 1606 1608
f 1608 1606 445 1588
f 1607 1608 1588 676
f 682 1599 1610 1609
f 1599 683 1607 1610
f 1610 1607 676 1583
f 1609 1610 1583 381
f 379 1611 1615 1614
f 1611 684 1612 1615
f 1615 1612 687 1613
f 1614 1615 1613 686
f 684 1616 1619 1612
f 1616 443 1617 1619
f 1619 1617 685 1618
f 1612 1619 1618 687
f 687 1618 1622 1621
f 1618 685 1620 1622
f 1622 1620 444 1602
f 1621 1622 1602 680
f 686 1613 1624 1623
f 1613 687 1621 1624
f 1624 1621 680 1597
f 1623 1624 1597 380
f 378 1625 1629 1628
f 1625 688 1626 1629
f 1629 1626 691 1627
f 1628 1629 1627 690
f 688 1630 1633 1626
f 1630 442 1631 1633
f 1633 1631 689 1632
f 1626 1633 1632 691
f 691 1632 1636 1635
f 1632 689 1634 1636
f 1636 1634 443 1616
f 1635 1636 1616 684
f 690 1627 1638 1637
f 1627 691 1635 1638
f 1638 1635 684 1611
f 1637 1638 1611 379
f 377 1639 1643 1642
f 1639 692 1640 1643
f 1643 1640 695 1641
f 1642 1643 1641 694
f 692 1644 1647 1640
f 1644 441 1645 1647
f 1647 1645 693 1646
f 1640 1647 1646 695
f 695 1646 1650 1649
f 1646 693 1648 1650
f 1650 1648 442 1630
f 1649 1650 1630 688
f 694 1641 1652 1651
f 1641 695 1649 1652
f 1652 1649 688 1625
f 1651 1652 1625 378
f 376 1653 1657 1656
f 1653 696 1654 1657
f 1657 1654 699 1655
f 1656 1657 1655 698
f 696 1658 1661 1654
f 1658 440 1659 1661
f 1661 1659 697 1660
f 1654 1661 1660 699
f 699 1660 1664 1663
f 1660 697 1662 1664
f 1664 1662 441 1644
f 1663 1664 1644 692
f 698 1655 1666 1665
f 1655 699 1663 1666
f 1666 1663 692 1639
f 1665 1666 1639 377
f 375 1667 1671 1670
f 1667 700 1668 1671
f 1671 1668 703 1669
f 1670 1671 1669 702
f 700 1672 1675 1668
f 1672 439 1673 1675
f 1675 1673 701 1674
f 1668 1675 1674 703
f 703 1674 1678 1677
f 1674 701 1676 1678
f 1678 1676 440 1658
f 1677 1678 1658 696
f 702 1669 1680 1679
f 1669 703 1677 1680
f 1680 1677 696 1653
f 1679 1680 1653 376
f 374 1681 1685 1684
f 1681 704 1682 1685
f 1685 1682 707 1683
f 1684 1685 1683 706
f 704 1686 1689 1682
f 1686 438 1687 1689
f 1689 1687 705 1688
f 1682 1689 1688 707
f 707 1688 1692 1691
f 1688 705 1690 1692
f 1692 1690 439 1672
f 1691 1692 1672 700
f 706 1683 1694 1693
f 1683 707 1691 1694
f 1694 1691 700 1667
f 1693 1694 1667 375
f 373 1695 1699 1698
f 1695 708 1696 1699
f 1699 1696 711 1697
f 1698 1699 1697 710
f 708 1700 1703 1696
f 1700 437 1701 1703
f 1703 1701 709 1702
f 1696 1703 1702 711
f 711 1702 1706 1705
f 1702 709 1704 1706
f 1706 1704 438 1686
f 1705 1706 1686 704
f 710 1697 1708 1707
f 1697 711 1705 1708
f 1708 1705 704 1681
f 1707 1708 1681 374
f 372 1709 1713 1712
f 1709 712 1710 1713
f 1713 1710 715 1711
f 1712 1713 1711 714
f 712 1714 1717 1710
f 1714 436 1715 1717
f 1717 1715 713 1716
f 1710 1717 1716 715
f 715 1716 1720 1719
f 1716 713 1718 1720
f 1720 1718 437 1700
f 1719 1720 1700 708
f 714 1711 1722 1721
f 1711 715 1719 1722
f 1722 1719 708 1695
f 1721 1722 1695 373
f 371 1723 1727 1726
f 1723 716 1724 1727
f 1727 1724 719 1725
f 1726 1727 1725 718
f 716 1728 1731 1724
f 1728 435 1729 1731
f 1731 1729 717 1730
f 1724 1731 1730 719
f 719 1730 1734 1733
f 1730 717 1732 1734
f 1734 1732 436 1714
f 1733 1734 1714 712
f 718 1725 1736 1735
f 1725 719 1733 1736
f 1736 1733 712 1709
f 1735 1736 1709 372
f 370 1737 1741 1740
f 1737 720 1738 1741
f 1741 1738 723 1739
f 1740 1741 1739 722
f 720 1742 1745 1738
f 1742 434 1743 1745
f 1745 1743 721 1744
f 1738 1745 1744 723
f 723 1744 1748 1747
f 1744 721 1746 1748
f 1748 1746 435 1728
f 1747 1748 1728 716
f 722 1739 1750 1749
f 1739 723 1747 1750
f 1750 1747 716 1723
f 1749 1750 1723 371
f 369 1751 1755 1754
f 1751 724 1752 1755
f 1755 1752 727 1753
f 1754 1755 1753 726
f 724 1756 1759 1752
f 1756 433 1757 1759
f 1759 1757 725 1758
f 1752 1759 1758 727
f 727 1758 1762 1761
f 1758 725 1760 1762
f 1762 1760 434 1742
f 1761 1762 1742 720
f 726 1753 1764 1763
f 1753 727 1761 1764
f 1764 1761 720 1737
f 1763 1764 1737 370
f 368 1765 1769 1768
f 1765 728 1766 1769
f 1769 1766 731 1767
f 1768 1769 1767 730
f 728 1770 1773 1766
f 1770 432 1771 1773
f 1773 1771 729 1772
f 1766 1773 1772 731
f 731 1772 1776 1775
f 1772 729 1774 1776
f 1776 1774 433 1756
f 1775 1776 1756 724
f 730 1767 1778 1777
f 1767 731 1775 1778
f 1778 1775 724 1751
f 1777 1778 1751 369
f 367 1779 1783 1782
f 1779 732 1780 1783
f 1783 1780 735 1781
f 1782 1783 1781 734
f 732 1784 1787 1780
f 1784 431 1785 1787
f 1787 1785 733 1786
f 1780 1787 1786 735
f 735 1786 1790 1789
f 1786 733 1788 1790
f 1790 1788 432 1770
f 1789 1790 1770 728
f 734 1781 1792 1791
f 1781 735 1789 1792
f 1792 1789 728 1765
f 1791 1792 1765 368
f 366 1793 1797 1796
f 1793 736 1794 1797
f 1797 1794 739 1795
f 1796 1797 1795 738
f 736 1798 1801 1794
f 1798 430 1799 1801
f 1801 1799 737 1800
f 1794 1801 1800 739
f 739 1800 1804 1803
f 1800 737 1802 1804
f 1804 1802 431 1784
f 1803 1804 1784 732
f 738 1795 1806 1805
f 1795 739 1803 1806
f 1806 1803 732 1779
f 1805 1806 1779 367
f 365 1807 1811 1810
f 1807 740 1808 1811
f 1811 1808 743 1809
f 1810 1811 1809 742
f 740 1812 1815 1808
f 1812 429 1813 1815
f 1815 1813 741 1814
f 1808 1815 1814 743
f 743 1814 1818 1817
f 1814 741 1816 1818
f 1818 1816 430 1798
f 1817 1818 1798 736
f 742 1809 1820 1819
f 1809 743 1817 1820
f 1820 1817 736 1793
f 1819 1820 1793 366
f 364 1821 1825 1824
f 1821 744 1822 1825
f 1825 1822 747 1823
f 1824 1825 1823 746
f 744 1826 1829 1822
f 1826 428 1827 1829
f 1829 1827 745 1828
f 1822 1829 1828 747
f 747 1828 1832 1831
f 1828 745 1830 1832
f 1832 1830 429 1812
f 1831 1832 1812 740
f 746 1823 1834 1833
f 1823 747 1831 1834
f 1834 1831 740 1807
f 1833 1834 1807 365
f 363 1835 1839 1838
f 1835 748 1836 1839
f 1839 1836 751 1837
f 1838 1839 1837 750
f 748 1840 1843 1836
f 1840 427 1841 1843
f 1843 1841 749 1842
f 1836 1843 1842 751
f 751 1842 1846 1845
f 1842 749 1844 1846
f 1846 1844 428 1826
f 1845 1846 1826 744
f 750 1837 1848 1847
f 1837 751 1845 1848
f 1848 1845 744 1821
f 1847 1848 1821 364
f 362 1849 1853 1852
f 1849 752 1850 1853
f 1853 1850 755 1851
f 1852 1853 1851 754
f 752 1854 1857 1850
f 1854 426 1855 1857
f 1857 1855 753 1856
f 1850 1857 1856 755
f 755 1856 1860 1859
f 1856 753 1858 1860
f 1860 1858 427 1840
f 1859 1860 1840 748
f 754 1851 1862 1861
f 1851 755 1859 1862
f 1862 1859 748 1835
f 1861 1862 1835 363
f 361 1863 1867 1866
f 1863 756 1864 1867
f 1867 1864 759 1865
f 1866 1867 1865 758
f 756 1868 1871 1864
f 1868 425 1869 1871
f 1871 1869 757 1870
f 1864 1871 1870 759
f 759 1870 1874 1873
f 1870 757 1872 1874
f 1874 1872 426 1854
f 1873 1874 1854 752
f 758 1865 1876 1875
f 1865 759 1873 1876
f 1876 1873 752 1849
f 1875 1876 1849 362
f 360 1877 1881 1880
f 1877 760 1878 1881
f 1881 1878 763 1879
f 1880 1881 1879 762
f 760 1882 1885 1878
f 1882 424 1883 1885
f 1885 1883 761 1884
f 1878 1885 1884 763
f 763 1884 1888 1887
f 1884 761 1886 1888
f 1888 1886 425 1868
f 1887 1888 1868 756
f 762 1879 1890 1889
f 1879 763 1887 1890
f 1890 1887 756 1863
f 1889 1890 1863 361
f 359 1891 1895 1894
f 1891 764 1892 1895
f 1895 1892 767 1893
f 1894 1895 1893 766
f 764 1896 1899 1892
f 1896 423 1897 1899
f 1899 1897 765 1898
f 1892 1899 1898 767
f 767 1898 1902 1901
f 1898 765 1900 1902
f 1902 1900 424 1882
f 1901 1902 1882 760
f 766 1893 1904 1903
f 1893 767 1901 1904
f 1904 1901 760 1877
f 1903 1904 1877 360
f 358 1905 1909 1908
f 1905 768 1906 1909
f 1909 1906 771 1907
f 1908 1909 1907 770
f 768 1910 1913 1906
f 1910 422 1911 1913
f 1913 1911 769 1912
f 1906 1913 1912 771
f 771 1912 1916 1915
f 1912 769 1914 1916
f 1916 1914 423 1896
f 1915 1916 1896 764
f 770 1907 1918 1917
f 1907 771 1915 1918
f 1918 1915 764 1891
f 1917 1918 1891 359
f 357 1919 1923 1922
f 1919 772 1920 1923
f 1923 1920 775 1921
f 1922 1923 1921 774
f 772 1924 1927 1920
f 1924 421 1925 1927
f 1927 1925 773 1926
f 1920 1927 1926 775
f 775 1926 1930 1929
f 1926 773 1928 1930
f 1930 1928 422 1910
f 1929 1930 1910 768
f 774 1921 1932 1931
f 1921 775 1929 1932
f 1932 1929 768 1905
f 1931 1932 1905 358
f 356 1933 1937 1936
f 1933 776 1934 1937
f 1937 1934 779 1935
f 1936 1937 1935 778
f 776 1938 1941 1934
f 1938 420 1939 1941
f 1941 1939 777 1940
f 1934 1941 1940 779
f 779 1940 1944 1943
f 1940 777 1942 1944
f 1944 1942 421 1924
f 1943 1944 1924 772
f 778 1935 1946 1945
f 1935 779 1943 1946
f 1946 1943 772 1919
f 1945 1946 1919 357
f 355 1947 1951 1950
f 1947 780 1948 1951
f 1951 1948 783 1949
f 1950 1951 1949 782
f 780 1952 1955 1948
f 1952 419 1953 1955
f 1955 1953 781 1954
f 1948 1955 1954 783
f 783 1954 1958 1957
f 1954 781 1956 1958
f 1958 1956 420 1938
f 1957 1958 1938 776
f 782 1949 1960 1959
f 1949 783 1957 1960
f 1960 1957 776 1933
f 1959 1960 1933 356
f 354 1961 1965 1964
f 1961 784 1962 1965
f 1965 1962 787 1963
f 1964 1965 1963 786
f 784 1966 1969 1962
f 1966 418 1967 1969
f 1969 1967 785 1968
f 1962 1969 1968 787
f 787 1968 1972 1971
f 1968 785 1970 1972
f 1972 1970 419 1952
f 1971 1972 1952 780
f 786 1963 1974 1973
f 1963 787 1971 1974
f 1974 1971 780 1947
f 1973 1974 1947 355
f 353 1975 1979 1978
f 1975 788 1976 1979
f 1979 1976 791 1977
f 1978 1979 1977 790
f 788 1980 1983 1976
f 1980 417 1981 1983
f 1983 1981 789 1982
f 1976 1983 1982 791
f 791 1982 1986 1985
f 1982 789 1984 1986
f 1986 1984 418 1966
f 1985 1986 1966 784
f 790 1977 1988 1987
f 1977 791 1985 1988
f 1988 1985 784 1961
f 1987 1988 1961 354
f 352 1989 1993 1992
f 1989 792 1990 1993
f 1993 1990 795 1991
f 1992 1993 1991 794
f 792 1994 1997 1990
f 1994 416 1995 1997
f 1997 1995 793 1996
f 1990 1997 1996 795
f 795 1996 2000 1999
f 1996 793 1998 2000
f 2000 1998 417 1980
f 1999 2000 1980 788
f 794 1991 2002 2001
f 1991 795 1999 2002
f 2002 1999 788 1975
f 2001 2002 1975 353
f 351 1132 2006 2005
f 1132 545 2003 2006
f 2006 2003 798 2004
f 2005 2006 2004 797
f 545 1129 2009 2003
f 1129 415 2007 2009
f 2009 2007 796 2008
f 2003 2009 2008 798
f 798 2008 2012 2011
f 2008 796 2010 2012
f 2012 2010 416 1994
f 2011 2012 1994 792
f 797 2004 2014 2013
f 2004 798 2011 2014
f 2014 2011 792 1989
f 2013 2014 1989 352
f 479 2015 2019 2018
f 2015 799 2016 2019
f 2019 2016 802 2017
f 2018 2019 2017 801
f 799 2020 2022 2016
f 2020 351 2005 2022
f 2022 2005 797 2021
f 2016 2022 2021 802
f 802 2021 2025 2024
f 2021 797 2013 2025
f 2025 2013 352 2023
f 2024 2025 2023 800
f 801 2017 2028 2027
f 2017 802 2024 2028
f 2028 2024 800 2026
f 2027 2028 2026 480
f 480 2026 2032 2031
f 2026 800 2029 2032
f 2032 2029 805 2030
f 2031 2032 2030 804
f 800 2023 2034 2029
f 2023 352 1992 2034
f 2034 1992 794 2033
f 2029 2034 2033 805
f 805 2033 2037 2036
f 2033 794 2001 2037
f 2037 2001 353 2035
f 2036 2037 2035 803
f 804 2030 2040 2039
f 2030 805 2036 2040
f 2040 2036 803 2038
f 2039 2040 2038 481
f 481 2038 2044 2043
f 2038 803 2041 2044
f 2044 2041 808 2042
f 2043 2044 2042 807
f 803 2035 2046 2041
f 2035 353 1978 2046
f 2046 1978 790 2045
f 2041 2046 2045 808
f 808 2045 2049 2048
f 2045 790 1987 2049
f 2049 1987 354 2047
f 2048 2049 2047 806
f 807 2042 2052 2051
f 2042 808 2048 2052
f 2052 2048 806 2050
f 2051 2052 2050 482
f 482 2050 2056 2055
f 2050 806 2053 2056
f 2056 2053 811 2054
f 2055 2056 2054 810
f 806 2047 2058 2053
f 2047 354 1964 2058
f 2058 1964 786 2057
f 2053 2058 2057 811
f 811 2057 2061 2060
f 2057 786 1973 2061
f 2061 1973 355 2059
f 2060 2061 2059 809
f 810 2054 2064 2063
f 2054 811 2060 2064
f 2064 2060 809 2062
f 2063 2064 2062 483
f 483 2062 2068 2067
f 2062 809 2065 2068
f 2068 2065 814 2066
f 2067 2068 2066 813
f 809 2059 2070 2065
f 2059 355 1950 2070
f 2070 1950 782 2069
f 2065 2070 2069 814
f 814 2069 2073 2072
f 2069 782 1959 2073
f 2073 1959 356 2071
f 2072 2073 2071 812
f 813 2066 2076 2075
f 2066 814 2072 2076
f 2076 2072 812 2074
f 2075 2076 2074 484
f 484 2074 2080 2079
f 2074 812 2077 2080
f 2080 2077 817 2078
f 2079 2080 2078 816
f 812 2071 2082 2077
f 2071 356 1936 2082
f 2082 1936 778 2081
f 2077 2082 2081 817
f 817 2081 2085 2084
f 2081 778 1945 2085
f 2085 1945 357 2083
f 2084 2085 2083 815
f 816 2078 2088 2087
f 2078 817 2084 2088
f 2088 2084 815 2086
f 2087 2088 2086 485
f 485 2086 2092 2091
f 2086 815 2089 2092
f 2092 2089 820 2090
f 2091 2092 2090 819
f 815 2083 2094 2089
f 2083 357 1922 2094
f 2094 1922 774 2093
f 2089 2094 2093 820
f 820 2093 2097 2096
f 2093 774 1931 2097
f 2097 1931 358 2095
f 2096 2097 2095 818
f 819 2090 2100 2099
f 2090 820 2096 2100
f 2100 2096 818 2098
f 2099 2100 2098 486
f 486 2098 2104 2103
f 2098 818 2101 2104
f 2104 2101 823 2102
f 2103 2104 2102 822
f 818 2095 2106 2101
f 2095 358 1908 2106
f 2106 1908 770 2105
f 2101 2106 2105 823
f 823 2105 2109 2108
f 2105 770 1917 2109
f 2109 1917 359 2107
f 2108 2109 2107 821
f 822 2102 2112 2111
f 2102 823 2108 2112
f 2112 2108 821 2110
f 2111 2112 2110 487
f 487 2110 2116 2115
f 2110 821 2113 2116
f 2116 2113 826 2114
f 2115 2116 2114 825
f 821 2107 2118 2113
f 2107 359 1894 2118
f 2118 1894 766 2117
f 2113 2118 2117 826
f 826 2117 2121 2120
f 2117 766 1903 2121
f 2121 1903 360 2119
f 2120 2121 2119 824
f 825 2114 2124 2123
f 2114 826 2120 2124
f 2124 2120 824 2122
f 2123 2124 2122 488
f 488 2122 2128 2127
f 2122 824 2125 2128
f 2128 2125 829 2126
f 2127 2128 2126 828
f 824 2119 2130 2125
f 2119 360 1880 2130
f 2130 1880 762 2129
f 2125 2130 2129 829
f 829 2129 2133 2132
f 2129 762 1889 2133
f 2133 1889 361 2131
f 2132 2133 2131 827
f 828 2126 2136 2135
f 2126 829 2132 2136
f 2136 2132 827 2134
f 2135 2136 2134 489
f 489 2134 2140 2139
f 2134 827 2137 2140
f 2140 2137 832 2138
f 2139 2140 2138 831
f 827 2131 2142 2137
f 2131 361 1866 2142
f 2142 1866 758 2141
f 2137 2142 2141 832
f 832 2141 2145 2144
f 2141 758 1875 2145
f 2145 1875 362 2143
f 2144 2145 2143 830
f 831 2138 2148 2147
f 2138 832 2144 2148
f 2148 2144 830 2146
f 2147 2148 2146 490
f 490 2146 2152 2151
f 2146 830 2149 2152
f 2152 2149 835 2150
f 2151 2152 2150 834
f 830 2143 2154 2149
f 2143 362 1852 2154
f 2154 1852 754 2153
f 2149 2154 2153 835
f 835 2153 2157 2156
f 2153 754 1861 2157
f 2157 1861 363 2155
f 2156 2157 2155 833
f 834 2150 2160 2159
f 2150 835 2156 2160
f 2160 2156 833 2158
f 2159 2160 2158 491
f 491 2158 2164 2163
f 2158 833 2161 2164
f 2164 2161 838 2162
f 2163 2164 2162 837
f 833 2155 2166 2161
f 2155 363 1838 2166
f 2166 1838 750 2165
f 2161 2166 2165 838
f 838 2165 2169 2168
f 2165 750 1847 2169
f 2169 1847 364 2167
f 2168 2169 2167 836
f 837 2162 2172 2171
f 2162 838 2168 2172
f 2172 2168 836 2170
f 2171 2172 2170 492
f 492 2170 2176 2175
f 2170 836 2173 2176
f 2176 2173 841 2174
f 2175 2176 2174 840
f 836 2167 2178 2173
f 2167 364 1824 2178
f 2178 1824 746 2177
f 2173 2178 2177 841
f 841 2177 2181 2180
f 2177 746 1833 2181
f 2181 1833 365 2179
f 2180 2181 2179 839
f 840 2174 2184 2183
f 2174 841 2180 2184
f 2184 2180 839 2182
f 2183 2184 2182 493
f 493 2182 2188 2187
f 2182 839 2185 2188
f 2188 2185 844 2186
f 2187 2188 2186 843
f 839 2179 2190 2185
f 2179 365 1810 2190
f 2190 1810 742 2189
f 2185 2190 2189 844
f 844 2189 2193 2192
f 2189 742 1819 2193
f 2193 1819 366 2191
f 2192 2193 2191 842
f 843 2186 2196 2195
f 2186 844 2192 2196
f 2196 2192 842 2194
f 2195 2196 2194 494
f 494 2194 2200 2199
f 2194 842 2197 2200
f 2200 2197 847 2198
f 2199 2200 2198 846
f 842 2191 2202 2197
f 2191 366 1796 2202
f 2202 1796 738 2201
f 2197 2202 2201 847
f 847 2201 2205 2204
f 2201 738 1805 2205
f 2205 1805 367 2203
f 2204 2205 2203 845
f 846 2198 2208 2207
f 2198 847 2204 2208
f 2208 2204 845 2206
f 2207 2208 2206 495
f 495 2206 2212 2211
f 2206 845 2209 2212
f 2212 2209 850 2210
f 2211 2212 2210 849
f 845 2203 2214 2209
f 2203 367 1782 2214
f 2214 1782 734 2213
f 2209 2214 2213 850
f 850 2213 2217 2216
f 2213 734 1791 2217
f 2217 1791 368 2215
f 2216 2217 2215 848
f 849 2210 2220 2219
f 2210 850 2216 2220
f 2220 2216 848 2218
f 2219 2220 2218 496
f 496 2218 2224 2223
f 2218 848 2221 2224
f 2224 2221 853 2222
f 2223 2224 2222 852
f 848 2215 2226 2221
f 2215 368 1768 2226
f 2226 1768 730 2225
f 2221 2226 2225 853
f 853 2225 2229 2228
f 2225 730 1777 2229
f 2229 1777 369 2227
f 2228 2229 2227 851
f 852 2222 2232 2231
f 2222 853 2228 2232
f 2232 2228 851 2230
f 2231 2232 2230 497
f 497 2230 2236 2235
f 2230 851 2233 2236
f 2236 2233 856 2234
f 2235 2236 2234 855
f 851 2227 2238 2233
f 2227 369 1754 2238
f 2238 1754 726 2237
f 2233 2238 2237 856
f 856 2237 2241 2240
f 2237 726 1763 2241
f 2241 1763 370 2239
f 2240 2241 2239 854
f 855 2234 2244 2243
f 2234 856 2240 2244
f 2244 2240 854 2242
f 2243 2244 2242 498
f 498 2242 2248 2247
f 2242 854 2245 2248
f 2248 2245 859 2246
f 2247 2248 2246 858
f 854 2239 2250 2245
f 2239 370 1740 2250
f 2250 1740 722 2249
f 2245 2250 2249 859
f 859 2249 2253 2252
f 2249 722 1749 2253
f 2253 1749 371 2251
f 2252 2253 2251 857
f 858 2246 2256 2255
f 2246 859 2252 2256
f 2256 2252 857 2254
f 2255 2256 2254 499
f 499 2254 2260 2259
f 2254 857 2257 2260
f 2260 2257 862 2258
f 2259 2260 2258 861
f 857 2251 2262 2257
f 2251 371 1726 2262
f 2262 1726 718 2261
f 2257 2262 2261 862
f 862 2261 2265 2264
f 2261 718 1735 2265
f 2265 1735 372 2263
f 2264 2265 2263 860
f 861 2258 2268 2267
f 2258 862 2264 2268
f 2268 2264 860 2266
f 2267 2268 2266 500
f 500 2266 2272 2271
f 2266 860 2269 2272
f 2272 2269 865 2270
f 2271 2272 2270 864
f 860 2263 2274 2269
f 2263 372 1712 2274
f 2274 1712 714 2273
f 2269 2274 2273 865
f 865 2273 2277 2276
f 2273 714 1721 2277
f 2277 1721 373 2275
f 2276 2277 2275 863
f 864 2270 2280 2279
f 2270 865 2276 2280
f 2280 2276 863 2278
f 2279 2280 2278 501
f 501 2278 2284 2283
f 2278 863 2281 2284
f 2284 2281 868 2282
f 2283 2284 2282 867
f 863 2275 2286 2281
f 2275 373 1698 2286
f 2286 1698 710 2285
f 2281 2286 2285 868
f 868 2285 2289 2288
f 2285 710 1707 2289
f 2289 1707 374 2287
f 2288 2289 2287 866
f 867 2282 2292 2291
f 2282 868 2288 2292
f 2292 2288 866 2290
f 2291 2292 2290 502
f 502 2290 2296 2295
f 2290 866 2293 2296
f 2296 2293 871 2294
f 2295 2296 2294 870
f 866 2287 2298 2293
f 2287 374 1684 2298
f 2298 1684 706 2297
f 2293 2298 2297 871
f 871 2297 2301 2300
f 2297 706 1693 2301
f 2301 1693 375 2299
f 2300 2301 2299 869
f 870 2294 2304 2303
f 2294 871 2300 2304
f 2304 2300 869 2302
f 2303 2304 2302 503
f 503 2302 2308 2307
f 2302 869 2305 2308
f 2308 2305 874 2306
f 2307 2308 2306 873
f 869 2299 2310 2305
f 2299 375 1670 2310
f 2310 1670 702 2309
f 2305 2310 2309 874
f 874 2309 2313 2312
f 2309 702 1679 2313
f 2313 1679 376 2311
f 2312 2313 2311 872
f 873 2306 2316 2315
f 2306 874 2312 2316
f 2316 2312 872 2314
f 2315 2316 2314 504
f 504 2314 2320 2319
f 2314 872 2317 2320
f 2320 2317 877 2318
f 2319 2320 2318 876
f 872 2311 2322 2317
f 2311 376 1656 2322
f 2322 1656 698 2321
f 2317 2322 2321 877
f 877 2321 2325 2324
f 2321 698 1665 2325
f 2325 1665 377 2323
f 2324 2325 2323 875
f 876 2318 2328 2327
f 2318 877 2324 2328
f 2328 2324 875 2326
f 2327 2328 2326 505
f 505 2326 2332 2331
f 2326 875 2329 2332
f 2332 2329 880 2330
f 2331 2332 2330 879
f 875 2323 2334 2329
f 2323 377 1642 2334
f 2334 1642 694 2333
f 2329 2334 2333 880
f 880 2333 2337 2336
f 2333 694 1651 2337
f 2337 1651 378 2335
f 2336 2337 2335 878
f 879 2330 2340 2339
f 2330 880 2336 2340
f 2340 2336 878 2338
f 2339 2340 2338 506
f 506 2338 2344 2343
f 2338 878 2341 2344
f 2344 2341 883 2342
f 2343 2344 2342 882
f 878 2335 2346 2341
f 2335 378 1628 2346
f 2346 1628 690 2345
f 2341 2346 2345 883
f 883 2345 2349 2348
f 2345 690 1637 2349
f 2349 1637 379 2347
f 2348 2349 2347 881
f 882 2342 2352 2351
f 2342 883 2348 2352
f 2352 2348 881 2350
f 2351 2352 2350 507
f 507 2350 2356 2355
f 2350 881 2353 2356
f 2356 2353 886 2354
f 2355 2356 2354 885
f 881 2347 2358 2353
f 2347 379 1614 2358
f 2358 1614 686 2357
f 2353 2358 2357 886
f 886 2357 2361 2360
f 2357 686 1623 2361
f 2361 1623 380 2359
f 2360 2361 2359 884
f 885 2354 2364 2363
f 2354 886 2360 2364
f 2364 2360 884 2362
f 2363 2364 2362 508
f 508 2362 2368 2367
f 2362 884 2365 2368
f 2368 2365 889 2366
f 2367 2368 2366 888
f 884 2359 2370 2365
f 2359 380 1600 2370
f 2370 1600 682 2369
f 2365 2370 2369 889
f 889 2369 2373 2372
f 2369 682 1609 2373
f 2373 1609 381 2371
f 2372 2373 2371 887
f 888 2366 2376 2375
f 2366 889 2372 2376
f 2376 2372 887 2374
f 2375 2376 2374 509
f 509 2374 2380 2379
f 2374 887 2377 2380
f 2380 2377 892 2378
f 2379 2380 2378 891
f 887 2371 2382 2377
f 2371 381 1586 2382
f 2382 1586 678 2381
f 2377 2382 2381 892
f 892 2381 2385 2384
f 2381 678 1595 2385
f 2385 1595 382 2383
f 2384 2385 2383 890
f 891 2378 2388 2387
f 2378 892 2384 2388
f 2388 2384 890 2386
f 2387 2388 2386 510
f 510 2386 2392 2391
f 2386 890 2389 2392
f 2392 2389 895 2390
f 2391 2392 2390 894
f 890 2383 2394 2389
f 2383 382 1572 2394
f 2394 1572 674 2393
f 2389 2394 2393 895
f 895 2393 2397 2396
f 2393 674 1581 2397
f 2397 1581 383 2395
f 2396 2397 2395 893
f 894 2390 2400 2399
f 2390 895 2396 2400
f 2400 2396 893 2398
f 2399 2400 2398 511
f 511 2398 2404 2403
f 2398 893 2401 2404
f 2404 2401 898 2402
f 2403 2404 2402 897
f 893 2395 2406 2401
f 2395 383 1558 2406
f 2406 1558 670 2405
f 2401 2406 2405 898
f 898 2405 2409 2408
f 2405 670 1567 2409
f 2409 1567 384 2407
f 2408 2409 2407 896
f 897 2402 2412 2411
f 2402 898 2408 2412
f 2412 2408 896 2410
f 2411 2412 2410 512
f 512 2410 2416 2415
f 2410 896 2413 2416
f 2416 2413 901 2414
f 2415 2416 2414 900
f 896 2407 2418 2413
f 2407 384 1544 2418
f 2418 1544 666 2417
f 2413 2418 2417 901
f 901 2417 2421 2420
f 2417 666 1553 2421
f 2421 1553 385 2419
f 2420 2421 2419 899
f 900 2414 2424 2423
f 2414 901 2420 2424
f 2424 2420 899 2422
f 2423 2424 2422 513
f 513 2422 2428 2427
f 2422 899 2425 2428
f 2428 2425 904 2426
f 2427 2428 2426 903
f 899 2419 2430 2425
f 2419 385 1530 2430
f 2430 1530 662 2429
f 2425 2430 2429 904
f 904 2429 2433 2432
f 2429 662 1539 2433
f 2433 1539 386 2431
f 2432 2433 2431 902
f 903 2426 2436 2435
f 2426 904 2432 2436
f 2436 2432 902 2434
f 2435 2436 2434 514
f 514 2434 2440 2439
f 2434 902 2437 2440
f 2440 2437 907 2438
f 2439 2440 2438 906
f 902 2431 2442 2437
f 2431 386 1516 2442
f 2442 1516 658 2441
f 2437 2442 2441 907
f 907 2441 2445 2444
f 2441 658 1525 2445
f 2445 1525 387 2443
f 2444 2445 2443 905
f 906 2438 2448 2447
f 2438 907 2444 2448
f 2448 2444 905 2446
f 2447 2448 2446 515
f 515 2446 2452 2451
f 2446 905 2449 2452
f 2452 2449 910 2450
f 2451 2452 2450 909
f 905 2443 2454 2449
f 2443 387 1502 2454
f 2454 1502 654 2453
f 2449 2454 2453 910
f 910 2453 2457 2456
f 2453 654 1511 2457
f 2457 1511 388 2455
f 2456 2457 2455 908
f 909 2450 2460 2459
f 2450 910 2456 2460
f 2460 2456 908 2458
f 2459 2460 2458 516
f 516 2458 2464 2463
f 2458 908 2461 2464
f 2464 2461 913 2462
f 2463 2464 2462 912
f 908 2455 2466 2461
f 2455 388 1488 2466
f 2466 1488 650 2465
f 2461 2466 2465 913
f 913 2465 2469 2468
f 2465 650 1497 2469
f 2469 1497 389 2467
f 2468 2469 2467 911
f 912 2462 2472 2471
f 2462 913 2468 2472
f 2472 2468 911 2470
f 2471 2472 2470 517
f 517 2470 2476 2475
f 2470 911 2473 2476
f 2476 2473 916 2474
f 2475 2476 2474 915
f 911 2467 2478 2473
f 2467 389 1474 2478
f 2478 1474 646 2477
f 2473 2478 2477 916
f 916 2477 2481 2480
f 2477 646 1483 2481
f 2481 1483 390 2479
f 2480 2481 2479 914
f 915 2474 2484 2483
f 2474 916 2480 2484
f 2484 2480 914 2482
f 2483 2484 2482 518
f 518 2482 2488 2487
f 2482 914 2485 2488
f 2488 2485 919 2486
f 2487 2488 2486 918
f 914 2479 2490 2485
f 2479 390 1460 2490
f 2490 1460 642 2489
f 2485 2490 2489 919
f 919 2489 2493 2492
f 2489 642 1469 2493
f 2493 1469 391 2491
f 2492 2493 2491 917
f 918 2486 2496 2495
f 2486 919 2492 2496
f 2496 2492 917 2494
f 2495 2496 2494 519
f 519 2494 2500 2499
f 2494 917 2497 2500
f 2500 2497 922 2498
f 2499 2500 2498 921
f 917 2491 2502 2497
f 2491 391 1446 2502
f 2502 1446 638 2501
f 2497 2502 2501 922
f 922 2501 2505 2504
f 2501 638 1455 2505
f 2505 1455 392 2503
f 2504 2505 2503 920
f 921 2498 2508 2507
f 2498 922 2504 2508
f 2508 2504 920 2506
f 2507 2508 2506 520
f 520 2506 2512 2511
f 2506 920 2509 2512
f 2512 2509 925 2510
f 2511 2512 2510 924
f 920 2503 2514 2509
f 2503 392 1432 2514
f 2514 1432 634 2513
f 2509 2514 2513 925
f 925 2513 2517 2516
f 2513 634 1441 2517
f 2517 1441 393 2515
f 2516 2517 2515 923
f 924 2510 2520 2519
f 2510 925 2516 2520
f 2520 2516 923 2518
f 2519 2520 2518 521
f 521 2518 2524 2523
f 2518 923 2521 2524
f 2524 2521 928 2522
f 2523 2524 2522 927
f 923 2515 2526 2521
f 2515 393 1418 2526
f 2526 1418 630 2525
f 2521 2526 2525 928
f 928 2525 2529 2528
f 2525 630 1427 2529
f 2529 1427 394 2527
f 2528 2529 2527 926
f 927 2522 2532 2531
f 2522 928 2528 2532
f 2532 2528 926 2530
f 2531 2532 2530 522
f 522 2530 2536 2535
f 2530 926 2533 2536
f 2536 2533 931 2534
f 2535 2536 2534 930
f 926 2527 2538 2533
f 2527 394 1404 2538
f 2538 1404 626 2537
f 2533 2538 2537 931
f 931 2537 2541 2540
f 2537 626 1413 2541
f 2541 1413 395 2539
f 2540 2541 2539 929
f 930 2534 2544 2543
f 2534 931 2540 2544
f 2544 2540 929 2542
f 2543 2544 2542 523
f 523 2542 2548 2547
f 2542 929 2545 2548
f 2548 2545 934 2546
f 2547 2548 2546 933
f 929 2539 2550 2545
f 2539 395 1390 2550
f 2550 1390 622 2549
f 2545 2550 2549 934
f 934 2549 2553 2552
f 2549 622 1399 2553
f 2553 1399 396 2551
f 2552 2553 2551 932
f 933 2546 2556 2555
f 2546 934 2552 2556
f 2556 2552 932 2554
f 2555 2556 2554 524
f 524 2554 2560 2559
f 2554 932 2557 2560
f 2560 2557 937 2558
f 2559 2560 2558 936
f 932 2551 2562 2557
f 2551 396 1376 2562
f 2562 1376 618 2561
f 2557 2562 2561 937
f 937 2561 2565 2564
f 2561 618 1385 2565
f 2565 1385 397 2563
f 2564 2565 2563 935
f 936 2558 2568 2567
f 2558 937 2564 2568
f 2568 2564 935 2566
f 2567 2568 2566 525
f 525 2566 2572 2571
f 2566 935 2569 2572
f 2572 2569 940 2570
f 2571 2572 2570 939
f 935 2563 2574 2569
f 2563 397 1362 2574
f 2574 1362 614 2573
f 2569 2574 2573 940
f 940 2573 2577 2576
f 2573 614 1371 2577
f 2577 1371 398 2575
f 2576 2577 2575 938
f 939 2570 2580 2579
f 2570 940 2576 2580
f 2580 2576 938 2578
f 2579 2580 2578 526
f 526 2578 2584 2583
f 2578 938 2581 2584
f 2584 2581 943 2582
f 2583 2584 2582 942
f 938 2575 2586 2581
f 2575 398 1348 2586
f 2586 1348 610 2585
f 2581 2586 2585 943
f 943 2585 2589 2588
f 2585 610 1357 2589
f 2589 1357 399 2587
f 2588 2589 2587 941
f 942 2582 2592 2591
f 2582 943 2588 2592
f 2592 2588 941 2590
f 2591 2592 2590 527
f 527 2590 2596 2595
f 2590 941 2593 2596
f 2596 2593 946 2594
f 2595 2596 2594 945
f 941 2587 2598 2593
f 2587 399 1334 2598
f 2598 1334 606 2597
f 2593 2598 2597 946
f 946 2597 2601 2600
f 2597 606 1343 2601
f 2601 1343 400 2599
f 2600 2601 2599 944
f 945 2594 2604 2603
f 2594 946 2600 2604
f 2604 2600 944 2602
f 2603 2604 2602 528
f 528 2602 2608 2607
f 2602 944 2605 2608
f 2608 2605 949 2606
f 2607 2608 2606 948
f 944 2599 2610 2605
f 2599 400 1320 2610
f 2610 1320 602 2609
f 2605 2610 2609 949
f 949 2609 2613 2612
f 2609 602 1329 2613
f 2613 1329 401 2611
f 2612 2613 2611 947
f 948 2606 2616 2615
f 2606 949 2612 2616
f 2616 2612 947 2614
f 2615 2616 2614 529
f 529 2614 2620 2619
f 2614 947 2617 2620
f 2620 2617 952 2618
f 2619 2620 2618 951
f 947 2611 2622 2617
f 2611 401 1306 2622
f 2622 1306 598 2621
f 2617 2622 2621 952
f 952 2621 2625 2624
f 2621 598 1315 2625
f 2625 1315 402 2623
f 2624 2625 2623 950
f 951 2618 2628 2627
f 2618 952 2624 2628
f 2628 2624 950 2626
f 2627 2628 2626 530
f 530 2626 2632 2631
f 2626 950 2629 2632
f 2632 2629 955 2630
f 2631 2632 2630 954
f 950 2623 2634 2629
f 2623 402 1292 2634
f 2634 1292 594 2633
f 2629 2634 2633 955
f 955 2633 2637 2636
f 2633 594 1301 2637
f 2637 1301 403 2635
f 2636 2637 2635 953
f 954 2630 2640 2639
f 2630 955 2636 2640
f 2640 2636 953 2638
f 2639 2640 2638 531
f 531 2638 2644 2643
f 2638 953 2641 2644
f 2644 2641 958 2642
f 2643 2644 2642 957
f 953 2635 2646 2641
f 2635 403 1278 2646
f 2646 1278 590 2645
f 2641 2646 2645 958
f 958 2645 2649 2648
f 2645 590 1287 2649
f 2649 1287 404 2647
f 2648 2649 2647 956
f 957 2642 2652 2651
f 2642 958 2648 2652
f 2652 2648 956 2650
f 2651 2652 2650 532
f 532 2650 2656 2655
f 2650 956 2653 2656
f 2656 2653 961 2654
f 2655 2656 2654 960
f 956 2647 2658 2653
f 2647 404 1264 2658
f 2658 1264 586 2657
f 2653 2658 2657 961
f 961 2657 2661 2660
f 2657 586 1273 2661
f 2661 1273 405 2659
f 2660 2661 2659 959
f 960 2654 2664 2663
f 2654 961 2660 2664
f 2664 2660 959 2662
f 2663 2664 2662 533
f 533 2662 2668 2667
f 2662 959 2665 2668
f 2668 2665 964 2666
f 2667 2668 2666 963
f 959 2659 2670 2665
f 2659 405 1250 2670
f 2670 1250 582 2669
f 2665 2670 2669 964
f 964 2669 2673 2672
f 2669 582 1259 2673
f 2673 1259 406 2671
f 2672 2673 2671 962
f 963 2666 2676 2675
f 2666 964 2672 2676
f 2676 2672 962 2674
f 2675 2676 2674 534
f 534 2674 2680 2679
f 2674 962 2677 2680
f 2680 2677 967 2678
f 2679 2680 2678 966
f 962 2671 2682 2677
f 2671 406 1236 2682
f 2682 1236 578 2681
f 2677 2682 2681 967
f 967 2681 2685 2684
f 2681 578 1245 2685
f 2685 1245 407 2683
f 2684 2685 2683 965
f 966 2678 2688 2687
f 2678 967 2684 2688
f 2688 2684 965 2686
f 2687 2688 2686 535
f 535 2686 2692 2691
f 2686 965 2689 2692
f 2692 2689 970 2690
f 2691 2692 2690 969
f 965 2683 2694 2689
f 2683 407 1222 2694
f 2694 1222 574 2693
f 2689 2694 2693 970
f 970 2693 2697 2696
f 2693 574 1231 2697
f 2697 1231 408 2695
f 2696 2697 2695 968
f 969 2690 2700 2699
f 2690 970 2696 2700
f 2700 2696 968 2698
f 2699 2700 2698 536
f 536 2698 2704 2703
f 2698 968 2701 2704
f 2704 2701 973 2702
f 2703 2704 2702 972
f 968 2695 2706 2701
f 2695 408 1208 2706
f 2706 1208 570 2705
f 2701 2706 2705 973
f 973 2705 2709 2708
f 2705 570 1217 2709
f 2709 1217 409 2707
f 2708 2709 2707 971
f 972 2702 2712 2711
f 2702 973 2708 2712
f 2712 2708 971 2710
f 2711 2712 2710 537
f 537 2710 2716 2715
f 2710 971 2713 2716
f 2716 2713 976 2714
f 2715 2716 2714 975
f 971 2707 2718 2713
f 2707 409 1194 2718
f 2718 1194 566 2717
f 2713 2718 2717 976
f 976 2717 2721 2720
f 2717 566 1203 2721
f 2721 1203 410 2719
f 2720 2721 2719 974
f 975 2714 2724 2723
f 2714 976 2720 2724
f 2724 2720 974 2722
f 2723 2724 2722 538
f 538 2722 2728 2727
f 2722 974 2725 2728
f 2728 2725 979 2726
f 2727 2728 2726 978
f 974 2719 2730 2725
f 2719 410 1180 2730
f 2730 1180 562 2729
f 2725 2730 2729 979
f 979 2729 2733 2732
f 2729 562 1189 2733
f 2733 1189 411 2731
f 2732 2733 2731 977
f 978 2726 2736 2735
f 2726 979 2732 2736
f 2736 2732 977 2734
f 2735 2736 2734 539
f 539 2734 2740 2739
f 2734 977 2737 2740
f 2740 2737 982 2738
f 2739 2740 2738 981
f 977 2731 2742 2737
f 2731 411 1166 2742
f 2742 1166 558 2741
f 2737 2742 2741 982
f 982 2741 2745 2744
f 2741 558 1175 2745
f 2745 1175 412 2743
f 2744 2745 2743 980
f 981 2738 2748 2747
f 2738 982 2744 2748
f 2748 2744 980 2746
f 2747 2748 2746 540
f 540 2746 2752 2751
f 2746 980 2749 2752
f 2752 2749 985 2750
f 2751 2752 2750 984
f 980 2743 2754 2749
f 2743 412 1152 2754
f 2754 1152 554 2753
f 2749 2754 2753 985
f 985 2753 2757 2756
f 2753 554 1161 2757
f 2757 1161 413 2755
f 2756 2757 2755 983
f 984 2750 2760 2759
f 2750 985 2756 2760
f 2760 2756 983 2758
f 2759 2760 2758 541
f 541 2758 2764 2763
f 2758 983 2761 2764
f 2764 2761 988 2762
f 2763 2764 2762 987
f 983 2755 2766 2761
f 2755 413 1138 2766
f 2766 1138 550 2765
f 2761 2766 2765 988
f 988 2765 2769 2768
f 2765 550 1147 2769
f 2769 1147 414 2767
f 2768 2769 2767 986
f 987 2762 2772 2771
f 2762 988 2768 2772
f 2772 2768 986 2770
f 2771 2772 2770 542
f 542 2770 2776 2775
f 2770 986 2773 2776
f 2776 2773 990 2774
f 2775 2776 2774 989
f 986 2767 2778 2773
f 2767 414 1122 2778
f 2778 1122 546 2777
f 2773 2778 2777 990
f 990 2777 2780 2779
f 2777 546 1133 2780
f 2780 1133 351 2020
f 2779 2780 2020 799
f 989 2774 2782 2781
f 2774 990 2779 2782
f 2782 2779 799 2015
f 2781 2782 2015 479
f 415 2783 2786 2007
f 2783 991 2784 2786
f 2786 2784 993 2785
f 2007 2786 2785 796
f 991 2787 2789 2784
f 2787 479 2018 2789
f 2789 2018 801 2788
f 2784 2789 2788 993
f 993 2788 2792 2791
f 2788 801 2027 2792
f 2792 2027 480 2790
f 2791 2792 2790 992
f 796 2785 2794 2010
f 2785 993 2791 2794
f 2794 2791 992 2793
f 2010 2794 2793 416
f 416 2793 2797 1995
f 2793 992 2795 2797
f 2797 2795 995 2796
f 1995 2797 2796 793
f 992 2790 2799 2795
f 2790 480 2031 2799
f 2799 2031 804 2798
f 2795 2799 2798 995
f 995 2798 2802 2801
f 2798 804 2039 2802
f 2802 2039 481 2800
f 2801 2802 2800 994
f 793 2796 2804 1998
f 2796 995 2801 2804
f 2804 2801 994 2803
f 1998 2804 2803 417
f 417 2803 2807 1981
f 2803 994 2805 2807
f 2807 2805 997 2806
f 1981 2807 2806 789
f 994 2800 2809 2805
f 2800 481 2043 2809
f 2809 2043 807 2808
f 2805 2809 2808 997
f 997 2808 2812 2811
f 2808 807 2051 2812
f 2812 2051 482 2810
f 2811 2812 2810 996
f 789 2806 2814 1984
f 2806 997 2811 2814
f 2814 2811 996 2813
f 1984 2814 2813 418
f 418 2813 2817 1967
f 2813 996 2815 2817
f 2817 2815 999 2816
f 1967 2817 2816 785
f 996 2810 2819 2815
f 2810 482 2055 2819
f 2819 2055 810 2818
f 2815 2819 2818 999
f 999 2818 2822 2821
f 2818 810 2063 2822
f 2822 2063 483 2820
f 2821 2822 2820 998
f 785 2816 2824 1970
f 2816 999 2821 2824
f 2824 2821 998 2823
f 1970 2824 2823 419
f 419 2823 2827 1953
f 2823 998 2825 2827
f 2827 2825 1001 2826
f 1953 2827 2826 781
f 998 2820 2829 2825
f 2820 483 2067 2829
f 2829 2067 813 2828
f 2825 2829 2828 1001
f 1001 2828 2832 2831
f 2828 813 2075 2832
f 2832 2075 484 2830
f 2831 2832 2830 1000
f 781 2826 2834 1956
f 2826 1001 2831 2834
f 2834 2831 1000 2833
f 1956 2834 2833 420
f 420 2833 2837 1939
f 2833 1000 2835 2837
f 2837 2835 1003 2836
f 1939 2837 2836 777
f 1000 2830 2839 2835
f 2830 484 2079 2839
f 2839 2079 816 2838
f 2835 2839 2838 1003
f 1003 2838 2842 2841
f 2838 816 2087 2842
f 2842 2087 485 2840
f 2841 2842 2840 1002
f 777 2836 2844 1942
f 2836 1003 2841 2844
f 2844 2841 1002 2843
f 1942 2844 2843 421
f 421 2843 2847 1925
f 2843 1002 2845 2847
f 2847 2845 1005 2846
f 1925 2847 2846 773
f 1002 2840 2849 2845
f 2840 485 2091 2849
f 2849 2091 819 2848
f 2845 2849 2848 1005
f 1005 2848 2852 2851
f 2848 819 2099 2852
f 2852 2099 486 2850
f 2851 2852 2850 1004
f 773 2846 2854 1928
f 2846 1005 2851 2854
f 2854 2851 1004 2853
f 1928 2854 2853 422
f 422 2853 2857 1911
f 2853 1004 2855 2857
f 2857 2855 1007 2856
f 1911 2857 2856 769
f 1004 2850 2859 2855
f 2850 486 2103 2859
f 2859 2103 822 2858
f 2855 2859 2858 1007
f 1007 2858 2862 2861
f 2858 822 2111 2862
f 2862 2111 487 2860
f 2861 2862 2860 1006
f 769 2856 2864 1914
f 2856 1007 2861 2864
f 2864 2861 1006 2863
f 1914 2864 2863 423
f 423 2863 2867 1897
f 2863 1006 2865 2867
f 2867 2865 1009 2866
f 1897 2867 2866 765
f 1006 2860 2869 2865
f 2860 487 2115 2869
f 2869 2115 825 2868
f 2865 2869 2868 1009
f 1009 2868 2872 2871
f 2868 825 2123 2872
f 2872 2123 488 2870
f 2871 2872 2870 1008
f 765 2866 2874 1900
f 2866 1009 2871 2874
f 2874 2871 1008 2873
f 1900 2874 2873 424
f 424 2873 2877 1883
f 2873 1008 2875 2877
f 2877 2875 1011 2876
f 1883 2877 2876 761
f 1008 2870 2879 2875
f 2870 488 2127 2879
f 2879 2127 828 2878
f 2875 2879 2878 1011
f 1011 2878 2882 2881
f 2878 828 2135 2882
f 2882 2135 489 2880
f 2881 2882 2880 1010
f 761 2876 2884 1886
f 2876 1011 2881 2884
f 2884 2881 1010 2883
f 1886 2884 2883 425
f 425 2883 2887 1869
f 2883 1010 2885 2887
f 2887 2885 1013 2886
f 1869 2887 2886 757
f 1010 2880 2889 2885
f 2880 489 2139 2889
f 2889 2139 831 2888
f 2885 2889 2888 1013
f 1013 2888 2892 2891
f 2888 831 2147 2892
f 2892 2147 490 2890
f 2891 2892 2890 1012
f 757 2886 2894 1872
f 2886 1013 2891 2894
f 2894 2891 1012 2893
f 1872 2894 2893 426
f 426 2893 2897 1855
f 2893 1012 2895 2897
f 2897 2895 1015 2896
f 1855 2897 2896 753
f 1012 2890 2899 2895
f 2890 490 2151 2899
f 2899 2151 834 2898
f 2895 2899 2898 1015
f 1015 2898 2902 2901
f 2898 834 2159 2902
f 2902 2159 491 2900
f 2901 2902 2900 1014
f 753 2896 2904 1858
f 2896 1015 2901 2904
f 2904 2901 1014 2903
f 1858 2904 2903 427
f 427 2903 2907 1841
f 2903 1014 2905 2907
f 2907 2905 1017 2906
f 1841 2907 2906 749
f 1014 2900 2909 2905
f 2900 491 2163 2909
f 2909 2163 837 2908
f 2905 2909 2908 1017
f 1017 2908 2912 2911
f 2908 837 2171 2912
f 2912 2171 492 2910
f 2911 2912 2910 1016
f 749 2906 2914 1844
f 2906 1017 2911 2914
f 2914 2911 1016 2913
f 1844 2914 2913 428
f 428 2913 2917 1827
f 2913 1016 2915 2917
f 2917 2915 1019 2916
f 1827 2917 2916 745
f 1016 2910 2919 2915
f 2910 492 2175 2919
f 2919 2175 840 2918
f 2915 2919 2918 1019
f 1019 2918 2922 2921
f 2918 840 2183 2922
f 2922 2183 493 2920
f 2921 2922 2920 1018
f 745 2916 2924 1830
f 2916 1019 2921 2924
f 2924 2921 1018 2923
f 1830 2924 2923 429
f 429 2923 2927 1813
f 2923 1018 2925 2927
f 2927 2925 1021 2926
f 1813 2927 2926 741
f 1018 2920 2929 2925
f 2920 493 2187 2929
f 2929 2187 843 2928
f 2925 2929 2928 1021
f 1021 2928 2932 2931
f 2928 843 2195 2932
f 2932 2195 494 2930
f 2931 2932 2930 1020
f 741 2926 2934 1816
f 2926 1021 2931 2934
f 2934 2931 1020 2933
f 1816 2934 2933 430
f 430 2933 2937 1799
f 2933 1020 2935 2937
f 2937 2935 1023 2936
f 1799 2937 2936 737
f 1020 2930 2939 2935
f 2930 494 2199 2939
f 2939 2199 846 2938
f 2935 2939 2938 1023
f 1023 2938 2942 2941
f 2938 846 2207 2942
f 2942 2207 495 2940
f 2941 2942 2940 1022
f 737 2936 2944 1802
f 2936 1023 2941 2944
f 2944 2941 1022 2943
f 1802 2944 2943 431
f 431 2943 2947 1785
f 2943 1022 2945 2947
f 2947 2945 1025 2946
f 1785 2947 2946 733
f 1022 2940 2949 2945
f 2940 495 2211 2949
f 2949 2211 849 2948
f 2945 2949 2948 1025
f 1025 2948 2952 2951
f 2948 849 2219 2952
f 2952 2219 496 2950
f 2951 2952 2950 1024
f 733 2946 2954 1788
f 2946 1025 2951 2954
f 2954 2951 1024 2953
f 1788 2954 2953 432
f 432 2953 2957 1771
f 2953 1024 2955 2957
f 2957 2955 1027 2956
f 1771 2957 2956 729
f 1024 2950 2959 2955
f 2950 496 2223 2959
f 2959 2223 852 2958
f 2955 2959 2958 1027
f 1027 2958 2962 2961
f 2958 852 2231 2962
f 2962 2231 497 2960
f 2961 2962 2960 1026
f 729 2956 2964 1774
f 2956 1027 2961 2964
f 2964 2961 1026 2963
f 1774 2964 2963 433
f 433 2963 2967 1757
f 2963 1026 2965 2967
f 2967 2965 1029 2966
f 1757 2967 2966 725
f 1026 2960 2969 2965
f 2960 497 2235 2969
f 2969 2235 855 2968
f 2965 2969 2968 1029
f 1029 2968 2972 2971
f 2968 855 2243 2972
f 2972 2243 498 2970
f 2971 2972 2970 1028
f 725 2966 2974 1760
f 2966 1029 2971 2974
f 2974 2971 1028 2973
f 1760 2974 2973 434
f 434 2973 2977 1743
f 2973 1028 2975 2977
f 2977 2975 1031 2976
f 1743 2977 2976 721
f 1028 2970 2979 2975
f 2970 498 2247 2979
f 2979 2247 858 2978
f 2975 2979 2978 1031
f 1031 2978 2982 2981
f 2978 858 2255 2982
f 2982 2255 499 2980
f 2981 2982 2980 1030
f 721 2976 2984 1746
f 2976 1031 2981 2984
f 2984 2981 1030 2983
f 1746 2984 2983 435
f 435 2983 2987 1729
f 2983 1030 2985 2987
f 2987 2985 1033 2986
f 1729 2987 2986 717
f 1030 2980 2989 2985
f 2980 499 2259 2989
f 2989 2259 861 2988
f 2985 2989 2988 1033
f 1033 2988 2992 2991
f 2988 861 2267 2992
f 2992 2267 500 2990
f 2991 2992 2990 1032
f 717 2986 2994 1732
f 2986 1033 2991 2994
f 2994 2991 1032 2993
f 1732 2994 2993 436
f 436 2993 2997 1715
f 2993 1032 2995 2997
f 2997 2995 1035 2996
f 1715 2997 2996 713
f 1032 2990 2999 2995
f 2990 500 2271 2999
f 2999 2271 864 2998
f 2995 2999 2998 1035
f 1035 2998 3002 3001
f 2998 864 2279 3002
f 3002 2279 501 3000
f 3001 3002 3000 1034
f 713 2996 3004 1718
f 2996 1035 3001 3004
f 3004 3001 1034 3003
f 1718 3004 3003 437
f 437 3003 3007 1701
f 3003 1034 3005 3007
f 3007 3005 1037 3006
f 1701 3007 3006 709
f 1034 3000 3009 3005
f 3000 501 2283 3009
f 3009 2283 867 3008
f 3005 3009 3008 1037
f 1037 3008 3012 3011
f 3008 867 2291 3012
f 3012 2291 502 3010
f 3011 3012 3010 1036
f 709 3006 3014 1704
f 3006 1037 3011 3014
f 3014 3011 1036 3013
f 1704 3014 3013 438
f 438 3013 3017 1687
f 3013 1036 3015 3017
f 3017 3015 1039 3016
f 1687 3017 3016 705
f 1036 3010 3019 3015
f 3010 502 2295 3019
f 3019 2295 870 3018
f 3015 3019 3018 1039
f 1039 3018 3022 3021
f 3018 870 2303 3022
f 3022 2303 503 3020
f 3021 3022 3020 1038
f 705 3016 3024 1690
f 3016 1039 3021 3024
f 3024 3021 1038 3023
f 1690 3024 3023 439
f 439 3023 3027 1673
f 3023 1038 3025 3027
f 3027 3025 1041 3026
f 1673 3027 3026 701
f 1038 3020 3029 3025
f 3020 503 2307 3029
f 3029 2307 873 3028
f 3025 3029 3028 1041
f 1041 3028 3032 3031
f 3028 873 2315 3032
f 3032 2315 504 3030
f 3031 3032 3030 1040
f 701 3026 3034 1676
f 3026 1041 3031 3034
f 3034 3031 1040 3033
f 1676 3034 3033 440
f 440 3033 3037 1659
f 3033 1040 3035 3037
f 3037 3035 1043 3036
f 1659 3037 3036 697
f 1040 3030 3039 3035
f 3030 504 2319 3039
f 3039 2319 876 3038
f 3035 3039 3038 1043
f 1043 3038 3042 3041
f 3038 876 2327 3042
f 3042 2327 505 3040
f 3041 3042 3040 1042
f 697 3036 3044 1662
f 3036 1043 3041 3044
f 3044 3041 1042 3043
f 1662 3044 3043 441
f 441 3043 3047 1645
f 3043 1042 3045 3047
f 3047 3045 1045 3046
f 1645 3047 3046 693
f 1042 3040 3049 3045
f 3040 505 2331 3049
f 3049 2331 879 3048
f 3045 3049 3048 1045
f 1045 3048 3052 3051
f 3048 879 2339 3052
f 3052 2339 506 3050
f 3051 3052 3050 1044
f 693 3046 3054 1648
f 3046 1045 3051 3054
f 3054 3051 1044 3053
f 1648 3054 3053 442
f 442 3053 3057 1631
f 3053 1044 3055 3057
f 3057 3055 1047 3056
f 1631 3057 3056 689
f 1044 3050 3059 3055
f 3050 506 2343 3059
f 3059 2343 882 3058
f 3055 3059 3058 1047
f 1047 3058 3062 3061
f 3058 882 2351 3062
f 3062 2351 507 3060
f 3061 3062 3060 1046
f 689 3056 3064 1634
f 3056 1047 3061 3064
f 3064 3061 1046 3063
f 1634 3064 3063 443
f 443 3063 3067 1617
f 3063 1046 3065 3067
f 3067 3065 1049 3066
f 1617 3067 3066 685
f 1046 3060 3069 3065
f 3060 507 2355 3069
f 3069 2355 885 3068
f 3065 3069 3068 1049
f 1049 3068 3072 3071
f 3068 885 2363 3072
f 3072 2363 508 3070
f 3071 3072 3070 1048
f 685 3066 3074 1620
f 3066 1049 3071 3074
f 3074 3071 1048 3073
f 1620 3074 3073 444
f 444 3073 3077 1603
f 3073 1048 3075 3077
f 3077 3075 1051 3076
f 1603 3077 3076 681
f 1048 3070 3079 3075
f 3070 508 2367 3079
f 3079 2367 888 3078
f 3075 3079 3078 1051
f 1051 3078 3082 3081
f 3078 888 2375 3082
f 3082 2375 509 3080
f 3081 3082 3080 1050
f 681 3076 3084 1606
f 3076 1051 3081 3084
f 3084 3081 1050 3083
f 1606 3084 3083 445
f 445 3083 3087 1589
f 3083 1050 3085 3087
f 3087 3085 1053 3086
f 1589 3087 3086 677
f 1050 3080 3089 3085
f 3080 509 2379 3089
f 3089 2379 891 3088
f 3085 3089 3088 1053
f 1053 3088 3092 3091
f 3088 891 2387 3092
f 3092 2387 510 3090
f 3091 3092 3090 1052
f 677 3086 3094 1592
f 3086 1053 3091 3094
f 3094 3091 1052 3093
f 1592 3094 3093 446
f 446 3093 3097 1575
f 3093 1052 3095 3097
f 3097 3095 1055 3096
f 1575 3097 3096 673
f 1052 3090 3099 3095
f 3090 510 2391 3099
f 3099 2391 894 3098
f 3095 3099 3098 1055
f 1055 3098 3102 3101
f 3098 894 2399 3102
f 3102 2399 511 3100
f 3101 3102 3100 1054
f 673 3096 3104 1578
f 3096 1055 3101 3104
f 3104 3101 1054 3103
f 1578 3104 3103 447
f 447 3103 3107 1561
f 3103 1054 3105 3107
f 3107 3105 1057 3106
f 1561 3107 3106 669
f 1054 3100 3109 3105
f 3100 511 2403 3109
f 3109 2403 897 3108
f 3105 3109 3108 1057
f 1057 3108 3112 3111
f 3108 897 2411 3112
f 3112 2411 512 3110
f 3111 3112 3110 1056
f 669 3106 3114 1564
f 3106 1057 3111 3114
f 3114 3111 1056 3113
f 1564 3114 3113 448
f 448 3113 3117 1547
f 3113 1056 3115 3117
f 3117 3115 1059 3116
f 1547 3117 3116 665
f 1056 3110 3119 3115
f 3110 512 2415 3119
f 3119 2415 900 3118
f 3115 3119 3118 1059
f 1059 3118 3122 3121
f 3118 900 2423 3122
f 3122 2423 513 3120
f 3121 3122 3120 1058
f 665 3116 3124 1550
f 3116 1059 3121 3124
f 3124 3121 1058 3123
f 1550 3124 3123 449
f 449 3123 3127 1533
f 3123 1058 3125 3127
f 3127 3125 1061 3126
f 1533 3127 3126 661
f 1058 3120 3129 3125
f 3120 513 2427 3129
f 3129 2427 903 3128
f 3125 3129 3128 1061
f 1061 3128 3132 3131
f 3128 903 2435 3132
f 3132 2435 514 3130
f 3131 3132 3130 1060
f 661 3126 3134 1536
f 3126 1061 3131 3134
f 3134 3131 1060 3133
f 1536 3134 3133 450
f 450 3133 3137 1519
f 3133 1060 3135 3137
f 3137 3135 1063 3136
f 1519 3137 3136 657
f 1060 3130 3139 3135
f 3130 514 2439 3139
f 3139 2439 906 3138
f 3135 3139 3138 1063
f 1063 3138 3142 3141
f 3138 906 2447 3142
f 3142 2447 515 3140
f 3141 3142 3140 1062
f 657 3136 3144 1522
f 3136 1063 3141 3144
f 3144 3141 1062 3143
f 1522 3144 3143 451
f 451 3143 3147 1505
f 3143 1062 3145 3147
f 3147 3145 1065 3146
f 1505 3147 3146 653
f 1062 3140 3149 3145
f 3140 515 2451 3149
f 3149 2451 909 3148
f 3145 3149 3148 1065
f 1065 3148 3152 3151
f 3148 909 2459 3152
f 3152 2459 516 3150
f 3151 3152 3150 1064
f 653 3146 3154 1508
f 3146 1065 3151 3154
f 3154 3151 1064 3153
f 1508 3154 3153 452
f 452 3153 3157 1491
f 3153 1064 3155 3157
f 3157 3155 1067 3156
f 1491 3157 3156 649
f 1064 3150 3159 3155
f 3150 516 2463 3159
f 3159 2463 912 3158
f 3155 3159 3158 1067
f 1067 3158 3162 3161
f 3158 912 2471 3162
f 3162 2471 517 3160
f 3161 3162 3160 1066
f 649 3156 3164 1494
f 3156 1067 3161 3164
f 3164 3161 1066 3163
f 1494 3164 3163 453
f 453 3163 3167 1477
f 3163 1066 3165 3167
f 3167 3165 1069 3166
f 1477 3167 3166 645
f 1066 3160 3169 3165
f 3160 517 2475 3169
f 3169 2475 915 3168
f 3165 3169 3168 1069
f 1069 3168 3172 3171
f 3168 915 2483 3172
f 3172 2483 518 3170
f 3171 3172 3170 1068
f 645 3166 3174 1480
f 3166 1069 3171 3174
f 3174 3171 1068 3173
f 1480 3174 3173 454
f 454 3173 3177 1463
f 3173 1068 3175 3177
f 3177 3175 1071 3176
f 1463 3177 3176 641
f 1068 3170 3179 3175
f 3170 518 2487 3179
f 3179 2487 918 3178
f 3175 3179 3178 1071
f 1071 3178 3182 3181
f 3178 918 2495 3182
f 3182 2495 519 3180
f 3181 3182 3180 1070
f 641 3176 3184 1466
f 3176 1071 3181 3184
f 3184 3181 1070 3183
f 1466 3184 3183 455
f 455 3183 3187 1449
f 3183 1070 3185 3187
f 3187 3185 1073 3186
f 1449 3187 3186 637
f 1070 3180 3189 3185
f 3180 519 2499 3189
f 3189 2499 921 3188
f 3185 3189 3188 1073
f 1073 3188 3192 3191
f 3188 921 2507 3192
f 3192 2507 520 3190
f 3191 3192 3190 1072
f 637 3186 3194 1452
f 3186 1073 3191 3194
f 3194 3191 1072 3193
f 1452 3194 3193 456
f 456 3193 3197 1435
f 3193 1072 3195 3197
f 3197 3195 1075 3196
f 1435 3197 3196 633
f 1072 3190 3199 3195
f 3190 520 2511 3199
f 3199 2511 924 3198
f 3195 3199 3198 1075
f 1075 3198 3202 3201
f 3198 924 2519 3202
f 3202 2519 521 3200
f 3201 3202 3200 1074
f 633 3196 3204 1438
f 3196 1075 3201 3204
f 3204 3201 1074 3203
f 1438 3204 3203 457
f 457 3203 3207 1421
f 3203 1074 3205 3207
f 3207 3205 1077 3206
f 1421 3207 3206 629
f 1074 3200 3209 3205
f 3200 521 2523 3209
f 3209 2523 927 3208
f 3205 3209 3208 1077
f 1077 3208 3212 3211
f 3208 927 2531 3212
f 3212 2531 522 3210
f 3211 3212 3210 1076
f 629 3206 3214 1424
f 3206 1077 3211 3214
f 3214 3211 1076 3213
f 1424 3214 3213 458
f 458 3213 3217 1407
f 3213 1076 3215 3217
f 3217 3215 1079 3216
f 1407 3217 3216 625
f 1076 3210 3219 3215
f 3210 522 2535 3219
f 3219 2535 930 3218
f 3215 3219 3218 1079
f 1079 3218 3222 3221
f 3218 930 2543 3222
f 3222 2543 523 3220
f 3221 3222 3220 1078
f 625 3216 3224 1410
f 3216 1079 3221 3224
f 3224 3221 1078 3223
f 1410 3224 3223 459
f 459 3223 3227 1393
f 3223 1078 3225 3227
f 3227 3225 1081 3226
f 1393 3227 3226 621
f 1078 3220 3229 3225
f 3220 523 2547 3229
f 3229 2547 933 3228
f 3225 3229 3228 1081
f 1081 3228 3232 3231
f 3228 933 2555 3232
f 3232 2555 524 3230
f 3231 3232 3230 1080
f 621 3226 3234 1396
f 3226 1081 3231 3234
f 3234 3231 1080 3233
f 1396 3234 3233 460
f 460 3233 3237 1379
f 3233 1080 3235 3237
f 3237 3235 1083 3236
f 1379 3237 3236 617
f 1080 3230 3239 3235
f 3230 524 2559 3239
f 3239 2559 936 3238
f 3235 3239 3238 1083
f 1083 3238 3242 3241
f 3238 936 2567 3242
f 3242 2567 525 3240
f 3241 3242 3240 1082
f 617 3236 3244 1382
f 3236 1083 3241 3244
f 3244 3241 1082 3243
f 1382 3244 3243 461
f 461 3243 3247 1365
f 3243 1082 3245 3247
f 3247 3245 1085 3246
f 1365 3247 3246 613
f 1082 3240 3249 3245
f 3240 525 2571 3249
f 3249 2571 939 3248
f 3245 3249 3248 1085
f 1085 3248 3252 3251
f 3248 939 2579 3252
f 3252 2579 526 3250
f 3251 3252 3250 1084
f 613 3246 3254 1368
f 3246 1085 3251 3254
f 3254 3251 1084 3253
f 1368 3254 3253 462
f 462 3253 3257 1351
f 3253 1084 3255 3257
f 3257 3255 1087 3256
f 1351 3257 3256 609
f 1084 3250 3259 3255
f 3250 526 2583 3259
f 3259 2583 942 3258
f 3255 3259 3258 1087
f 1087 3258 3262 3261
f 3258 942 2591 3262
f 3262 2591 527 3260
f 3261 3262 3260 1086
f 609 3256 3264 1354
f 3256 1087 3261 3264
f 3264 3261 1086 3263
f 1354 3264 3263 463
f 463 3263 3267 1337
f 3263 1086 3265 3267
f 3267 3265 1089 3266
f 1337 3267 3266 605
f 1086 3260 3269 3265
f 3260 527 2595 3269
f 3269 2595 945 3268
f 3265 3269 3268 1089
f 1089 3268 3272 3271
f 3268 945 2603 3272
f 3272 2603 528 3270
f 3271 3272 3270 1088
f 605 3266 3274 1340
f 3266 1089 3271 3274
f 3274 3271 1088 3273
f 1340 3274 3273 464
f 464 3273 3277 1323
f 3273 1088 3275 3277
f 3277 3275 1091 3276
f 1323 3277 3276 601
f 1088 3270 3279 3275
f 3270 528 2607 3279
f 3279 2607 948 3278
f 3275 3279 3278 1091
f 1091 3278 3282 3281
f 3278 948 2615 3282
f 3282 2615 529 3280
f 3281 3282 3280 1090
f 601 3276 3284 1326
f 3276 1091 3281 3284
f 3284 3281 1090 3283
f 1326 3284 3283 465
f 465 3283 3287 1309
f 3283 1090 3285 3287
f 3287 3285 1093 3286
f 1309 3287 3286 597
f 1090 3280 3289 3285
f 3280 529 2619 3289
f 3289 2619 951 3288
f 3285 3289 3288 1093
f 1093 3288 3292 3291
f 3288 951 2627 3292
f 3292 2627 530 3290
f 3291 3292 3290 1092
f 597 3286 3294 1312
f 3286 1093 3291 3294
f 3294 3291 1092 3293
f 1312 3294 3293 466
f 466 3293 3297 1295
f 3293 1092 3295 3297
f 3297 3295 1095 3296
f 1295 3297 3296 593
f 1092 3290 3299 3295
f 3290 530 2631 3299
f 3299 2631 954 3298
f 3295 3299 3298 1095
f 1095 3298 3302 3301
f 3298 954 2639 3302
f 3302 2639 531 3300
f 3301 3302 3300 1094
f 593 3296 3304 1298
f 3296 1095 3301 3304
f 3304 3301 1094 3303
f 1298 3304 3303 467
f 467 3303 3307 1281
f 3303 1094 3305 3307
f 3307 3305 1097 3306
f 1281 3307 3306 589
f 1094 3300 3309 3305
f 3300 531 2643 3309
f 3309 2643 957 3308
f 3305 3309 3308 1097
f 1097 3308 3312 3311
f 3308 957 2651 3312
f 3312 2651 532 3310
f 3311 3312 3310 1096
f 589 3306 3314 1284
f 3306 1097 3311 3314
f 3314 3311 1096 3313
f 1284 3314 3313 468
f 468 3313 3317 1267
f 3313 1096 3315 3317
f 3317 3315 1099 3316
f 1267 3317 3316 585
f 1096 3310 3319 3315
f 3310 532 2655 3319
f 3319 2655 960 3318
f 3315 3319 3318 1099
f 1099 3318 3322 3321
f 3318 960 2663 3322
f 3322 2663 533 3320
f 3321 3322 3320 1098
f 585 3316 3324 1270
f 3316 1099 3321 3324
f 3324 3321 1098 3323
f 1270 3324 3323 469
f 469 3323 3327 1253
f 3323 1098 3325 3327
f 3327 3325 1101 3326
f 1253 3327 3326 581
f 1098 3320 3329 3325
f 3320 533 2667 3329
f 3329 2667 963 3328
f 3325 3329 3328 1101
f 1101 3328 3332 3331
f 3328 963 2675 3332
f 3332 2675 534 3330
f 3331 3332 3330 1100
f 581 3326 3334 1256
f 3326 1101 3331 3334
f 3334 3331 1100 3333
f 1256 3334 3333 470
f 470 3333 3337 1239
f 3333 1100 3335 3337
f 3337 3335 1103 3336
f 1239 3337 3336 577
f 1100 3330 3339 3335
f 3330 534 2679 3339
f 3339 2679 966 3338
f 3335 3339 3338 1103
f 1103 3338 3342 3341
f 3338 966 2687 3342
f 3342 2687 535 3340
f 3341 3342 3340 1102
f 577 3336 3344 1242
f 3336 1103 3341 3344
f 3344 3341 1102 3343
f 1242 3344 3343 471
f 471 3343 3347 1225
f 3343 1102 3345 3347
f 3347 3345 1105 3346
f 1225 3347 3346 573
f 1102 3340 3349 3345
f 3340 535 2691 3349
f 3349 2691 969 3348
f 3345 3349 3348 1105
f 1105 3348 3352 3351
f 3348 969 2699 3352
f 3352 2699 536 3350
f 3351 3352 3350 1104
f 573 3346 3354 1228
f 3346 1105 3351 3354
f 3354 3351 1104 3353
f 1228 3354 3353 472
f 472 3353 3357 1211
f 3353 1104 3355 3357
f 3357 3355 1107 3356
f 1211 3357 3356 569
f 1104 3350 3359 3355
f 3350 536 2703 3359
f 3359 2703 972 3358
f 3355 3359 3358 1107
f 1107 3358 3362 3361
f 3358 972 2711 3362
f 3362 2711 537 3360
f 3361 3362 3360 1106
f 569 3356 3364 1214
f 3356 1107 3361 3364
f 3364 3361 1106 3363
f 1214 3364 3363 473
f 473 3363 3367 1197
f 3363 1106 3365 3367
f 3367 3365 1109 3366
f 1197 3367 3366 565
f 1106 3360 3369 3365
f 3360 537 2715 3369
f 3369 2715 975 3368
f 3365 3369 3368 1109
f 1109 3368 3372 3371
f 3368 975 2723 3372
f 3372 2723 538 3370
f 3371 3372 3370 1108
f 565 3366 3374 1200
f 3366 1109 3371 3374
f 3374 3371 1108 3373
f 1200 3374 3373 474
f 474 3373 3377 1183
f 3373 1108 3375 3377
f 3377 3375 1111 3376
f 1183 3377 3376 561
f 1108 3370 3379 3375
f 3370 538 2727 3379
f 3379 2727 978 3378
f 3375 3379 3378 1111
f 1111 3378 3382 3381
f 3378 978 2735 3382
f 3382 2735 539 3380
f 3381 3382 3380 1110
f 561 3376 3384 1186
f 3376 1111 3381 3384
f 3384 3381 1110 3383
f 1186 3384 3383 475
f 475 3383 3387 1169
f 3383 1110 3385 3387
f 3387 3385 1113 3386
f 1169 3387 3386 557
f 1110 3380 3389 3385
f 3380 539 2739 3389
f 3389 2739 981 3388
f 3385 3389 3388 1113
f 1113 3388 3392 3391
f 3388 981 2747 3392
f 3392 2747 540 3390
f 3391 3392 3390 1112
f 557 3386 3394 1172
f 3386 1113 3391 3394
f 3394 3391 1112 3393
f 1172 3394 3393 476
f 476 3393 3397 1155
f 3393 1112 3395 3397
f 3397 3395 1115 3396
f 1155 3397 3396 553
f 1112 3390 3399 3395
f 3390 540 2751 3399
f 3399 2751 984 3398
f 3395 3399 3398 1115
f 1115 3398 3402 3401
f 3398 984 2759 3402
f 3402 2759 541 3400
f 3401 3402 3400 1114
f 553 3396 3404 1158
f 3396 1115 3401 3404
f 3404 3401 1114 3403
f 1158 3404 3403 477
f 477 3403 3407 1141
f 3403 1114 3405 3407
f 3407 3405 1117 3406
f 1141 3407 3406 549
f 1114 3400 3409 3405
f 3400 541 2763 3409
f 3409 2763 987 3408
f 3405 3409 3408 1117
f 1117 3408 3412 3411
f 3408 987 2771 3412
f 3412 2771 542 3410
f 3411 3412 3410 1116
f 549 3406 3414 1144
f 3406 1117 3411 3414
f 3414 3411 1116 3413
f 1144 3414 3413 478
f 478 3413 3417 1125
f 3413 1116 3415 3417
f 3417 3415 1118 3416
f 1125 3417 3416 544
f 1116 3410 3419 3415
f 3410 542 2775 3419
f 3419 2775 989 3418
f 3415 3419 3418 1118
f 1118 3418 3421 3420
f 3418 989 2781 3421
f 3421 2781 479 2787
f 3420 3421 2787 991
f 544 3416 3422 1128
f 3416 1118 3420 3422
f 3422 3420 991 2783
f 1128 3422 2783 415
g Group6211
f 3430 3451 3450 3434
f 3451 3452 3448 3450
f 3452 3453 3446 3448
f 3453 3454 3444 3446
f 3454 3427 3433 3444
f 3427 3471 3459 3433
f 3471 3472 3461 3459
f 3472 3473 3463 3461
f 3473 3474 3465 3463
f 3474 3431 3438 3465
f 3431 3483 3482 3438
f 3483 3484 3480 3482
f 3484 3485 3478 3480
f 3485 3486 3476 3478
f 3486 3430 3434 3476
f 3432 3491 3492 3467
f 3491 3431 3474 3492
f 3467 3492 3493 3468
f 3492 3474 3473 3493
f 3468 3493 3494 3469
f 3493 3473 3472 3494
f 3469 3494 3495 3470
f 3494 3472 3471 3495
f 3443 3503 3504 3436
f 3503 3444 3433 3504
f 3445 3505 3503 3443
f 3505 3446 3444 3503
f 3447 3506 3505 3445
f 3506 3448 3446 3505
f 3449 3507 3506 3447
f 3507 3450 3448 3506
f 3435 3497 3507 3449
f 3497 3434 3450 3507
f 3454 3508 3509 3427
f 3508 3455 3425 3509
f 3453 3510 3508 3454
f 3510 3456 3455 3508
f 3452 3511 3510 3453
f 3511 3457 3456 3510
f 3451 3512 3511 3452
f 3512 3458 3457 3511
f 3430 3499 3512 3451
f 3499 3429 3458 3512
f 3459 3513 3504 3433
f 3513 3460 3436 3504
f 3461 3514 3513 3459
f 3514 3462 3460 3513
f 3463 3515 3514 3461
f 3515 3464 3462 3514
f 3465 3516 3515 3463
f 3516 3466 3464 3515
f 3438 3500 3516 3465
f 3500 3437 3466 3516
f 3470 3495 3509 3425
f 3495 3471 3427 3509
f 3475 3521 3522 3439
f 3521 3476 3434 3522
f 3477 3523 3521 3475
f 3523 3478 3476 3521
f 3479 3524 3523 3477
f 3524 3480 3478 3523
f 3481 3525 3524 3479
f 3525 3482 3480 3524
f 3440 3526 3525 3481
f 3526 3438 3482 3525
f 3486 3527 3528 3430
f 3527 3487 3426 3528
f 3485 3529 3527 3486
f 3529 3488 3487 3527
f 3484 3530 3529 3485
f 3530 3489 3488 3529
f 3483 3531 3530 3484
f 3531 3490 3489 3530
f 3431 3532 3531 3483
f 3532 3428 3490 3531
f 3496 3533 3518 3441
f 3533 3497 3435 3518
f 3439 3522 3533 3496
f 3522 3434 3497 3533
f 3499 3534 3517 3429
f 3534 3498 3423 3517
f 3430 3528 3534 3499
f 3528 3426 3498 3534
f 3500 3535 3520 3437
f 3535 3501 3442 3520
f 3438 3526 3535 3500
f 3526 3440 3501 3535
f 3502 3536 3519 3424
f 3536 3491 3432 3519
f 3428 3532 3536 3502
f 3532 3431 3491 3536
f 3455 3537 3538 3425
f 3537 3443 3436 3538
f 3456 3539 3537 3455
f 3539 3445 3443 3537
f 3457 3540 3539 3456
f 3540 3447 3445 3539
f 3458 3541 3540 3457
f 3541 3449 3447 3540
f 3429 3542 3541 3458
f 3542 3435 3449 3541
f 3467 3543 3544 3432
f 3543 3466 3437 3544
f 3468 3545 3543 3467
f 3545 3464 3466 3543
f 3469 3546 3545 3468
f 3546 3462 3464 3545
f 3470 3547 3546 3469
f 3547 3460 3462 3546
f 3425 3538 3547 3470
f 3538 3436 3460 3547
f 3487 3548 3549 3426
f 3548 3475 3439 3549
f 3488 3550 3548 3487
f 3550 3477 3475 3548
f 3489 3551 3550 3488
f 3551 3479 3477 3550
f 3490 3552 3551 3489
f 3552 3481 3479 3551
f 3428 3553 3552 3490
f 3553 3440 3481 3552
f 3498 3554 3555 3423
f 3554 3496 3441 3555
f 3426 3549 3554 3498
f 3549 3439 3496 3554
f 3502 3556 3553 3428
f 3556 3501 3440 3553
f 3424 3557 3556 3502
f 3557 3442 3501 3556
f 3517 3558 3542 3429
f 3558 3518 3435 3542
f 3423 3555 3558 3517
f 3555 3441 3518 3558
f 3519 3559 3557 3424
f 3559 3520 3442 3557
f 3432 3544 3559 3519
f 3544 3437 3520 3559
g Group20309
f 3567 3588 3587 3571
f 3588 3589 3585 3587
f 3589 3590 3583 3585
f 3590 3591 3581 3583
f 3591 3564 3570 3581
f 3564 3608 3596 3570
f 3608 3609 3598 3596
f 3609 3610 3600 3598
f 3610 3611 3602 3600
f 3611 3568 3575 3602
f 3568 3620 3619 3575
f 3620 3621 3617 3619
f 3621 3622 3615 3617
f 3622 3623 3613 3615
f 3623 3567 3571 3613
f 3569 3628 3629 3604
f 3628 3568 3611 3629
f 3604 3629 3630 3605
f 3629 3611 3610 3630
f 3605 3630 3631 3606
f 3630 3610 3609 3631
f 3606 3631 3632 3607
f 3631 3609 3608 3632
f 3580 3640 3641 3573
f 3640 3581 3570 3641
f 3582 3642 3640 3580
f 3642 3583 3581 3640
f 3584 3643 3642 3582
f 3643 3585 3583 3642
f 3586 3644 3643 3584
f 3644 3587 3585 3643
f 3572 3634 3644 3586
f 3634 3571 3587 3644
f 3591 3645 3646 3564
f 3645 3592 3562 3646
f 3590 3647 3645 3591
f 3647 3593 3592 3645
f 3589 3648 3647 3590
f 3648 3594 3593 3647
f 3588 3649 3648 3589
f 3649 3595 3594 3648
f 3567 3636 3649 3588
f 3636 3566 3595 3649
f 3596 3650 3641 3570
f 3650 3597 3573 3641
f 3598 3651 3650 3596
f 3651 3599 3597 3650
f 3600 3652 3651 3598
f 3652 3601 3599 3651
f 3602 3653 3652 3600
f 3653 3603 3601 3652
f 3575 3637 3653 3602
f 3637 3574 3603 3653
f 3607 3632 3646 3562
f 3632 3608 3564 3646
f 3612 3658 3659 3576
f 3658 3613 3571 3659
f 3614 3660 3658 3612
f 3660 3615 3613 3658
f 3616 3661 3660 3614
f 3661 3617 3615 3660
f 3618 3662 3661 3616
f 3662 3619 3617 3661
f 3577 3663 3662 3618
f 3663 3575 3619 3662
f 3623 3664 3665 3567
f 3664 3624 3563 3665
f 3622 3666 3664 3623
f 3666 3625 3624 3664
f 3621 3667 3666 3622
f 3667 3626 3625 3666
f 3620 3668 3667 3621
f 3668 3627 3626 3667
f 3568 3669 3668 3620
f 3669 3565 3627 3668
f 3633 3670 3655 3578
f 3670 3634 3572 3655
f 3576 3659 3670 3633
f 3659 3571 3634 3670
f 3636 3671 3654 3566
f 3671 3635 3560 3654
f 3567 3665 3671 3636
f 3665 3563 3635 3671
f 3637 3672 3657 3574
f 3672 3638 3579 3657
f 3575 3663 3672 3637
f 3663 3577 3638 3672
f 3639 3673 3656 3561
f 3673 3628 3569 3656
f 3565 3669 3673 3639
f 3669 3568 3628 3673
f 3592 3674 3675 3562
f 3674 3580 3573 3675
f 3593 3676 3674 3592
f 3676 3582 3580 3674
f 3594 3677 3676 3593
f 3677 3584 3582 3676
f 3595 3678 3677 3594
f 3678 3586 3584 3677
f 3566 3679 3678 3595
f 3679 3572 3586 3678
f 3604 3680 3681 3569
f 3680 3603 3574 3681
f 3605 3682 3680 3604
f 3682 3601 3603 3680
f 3606 3683 3682 3605
f 3683 3599 3601 3682
f 3607 3684 3683 3606
f 3684 3597 3599 3683
f 3562 3675 3684 3607
f 3675 3573 3597 3684
f 3624 3685 3686 3563
f 3685 3612 3576 3686
f 3625 3687 3685 3624
f 3687 3614 3612 3685
f 3626 3688 3687 3625
f 3688 3616 3614 3687
f 3627 3689 3688 3626
f 3689 3618 3616 3688
f 3565 3690 3689 3627
f 3690 3577 3618 3689
f 3635 3691 3692 3560
f 3691 3633 3578 3692
f 3563 3686 3691 3635
f 3686 3576 3633 3691
f 3639 3693 3690 3565
f 3693 3638 3577 3690
f 3561 3694 3693 3639
f 3694 3579 3638 3693
f 3654 3695 3679 3566
f 3695 3655 3572 3679
f 3560 3692 3695 3654
f 3692 3578 3655 3695
f 3656 3696 3694 3561
f 3696 3657 3579 3694
f 3569 3681 3696 3656
f 3681 3574 3657 3696
g Group62188
f 3704 3725 3724 3708
f 3725 3726 3722 3724
f 3726 3727 3720 3722
f 3727 3728 3718 3720
f 3728 3701 3707 3718
f 3701 3745 3733 3707
f 3745 3746 3735 3733
f 3746 3747 3737 3735
f 3747 3748 3739 3737
f 3748 3705 3712 3739
f 3705 3757 3756 3712
f 3757 3758 3754 3756
f 3758 3759 3752 3754
f 3759 3760 3750 3752
f 3760 3704 3708 3750
f 3706 3765 3766 3741
f 3765 3705 3748 3766
f 3741 3766 3767 3742
f 3766 3748 3747 3767
f 3742 3767 3768 3743
f 3767 3747 3746 3768
f 3743 3768 3769 3744
f 3768 3746 3745 3769
f 3717 3777 3778 3710
f 3777 3718 3707 3778
f 3719 3779 3777 3717
f 3779 3720 3718 3777
f 3721 3780 3779 3719
f 3780 3722 3720 3779
f 3723 3781 3780 3721
f 3781 3724 3722 3780
f 3709 3771 3781 3723
f 3771 3708 3724 3781
f 3728 3782 3783 3701
f 3782 3729 3699 3783
f 3727 3784 3782 3728
f 3784 3730 3729 3782
f 3726 3785 3784 3727
f 3785 3731 3730 3784
f 3725 3786 3785 3726
f 3786 3732 3731 3785
f 3704 3773 3786 3725
f 3773 3703 3732 3786
f 3733 3787 3778 3707
f 3787 3734 3710 3778
f 3735 3788 3787 3733
f 3788 3736 3734 3787
f 3737 3789 3788 3735
f 3789 3738 3736 3788
f 3739 3790 3789 3737
f 3790 3740 3738 3789
f 3712 3774 3790 3739
f 3774 3711 3740 3790
f 3744 3769 3783 3699
f 3769 3745 3701 3783
f 3749 3795 3796 3713
f 3795 3750 3708 3796
f 3751 3797 3795 3749
f 3797 3752 3750 3795
f 3753 3798 3797 3751
f 3798 3754 3752 3797
f 3755 3799 3798 3753
f 3799 3756 3754 3798
f 3714 3800 3799 3755
f 3800 3712 3756 3799
f 3760 3801 3802 3704
f 3801 3761 3700 3802
f 3759 3803 3801 3760
f 3803 3762 3761 3801
f 3758 3804 3803 3759
f 3804 3763 3762 3803
f 3757 3805 3804 3758
f 3805 3764 3763 3804
f 3705 3806 3805 3757
f 3806 3702 3764 3805
f 3770 3807 3792 3715
f 3807 3771 3709 3792
f 3713 3796 3807 3770
f 3796 3708 3771 3807
f 3773 3808 3791 3703
f 3808 3772 3697 3791
f 3704 3802 3808 3773
f 3802 3700 3772 3808
f 3774 3809 3794 3711
f 3809 3775 3716 3794
f 3712 3800 3809 3774
f 3800 3714 3775 3809
f 3776 3810 3793 3698
f 3810 3765 3706 3793
f 3702 3806 3810 3776
f 3806 3705 3765 3810
f 3729 3811 3812 3699
f 3811 3717 3710 3812
f 3730 3813 3811 3729
f 3813 3719 3717 3811
f 3731 3814 3813 3730
f 3814 3721 3719 3813
f 3732 3815 3814 3731
f 3815 3723 3721 3814
f 3703 3816 3815 3732
f 3816 3709 3723 3815
f 3741 3817 3818 3706
f 3817 3740 3711 3818
f 3742 3819 3817 3741
f 3819 3738 3740 3817
f 3743 3820 3819 3742
f 3820 3736 3738 3819
f 3744 3821 3820 3743
f 3821 3734 3736 3820
f 3699 3812 3821 3744
f 3812 3710 3734 3821
f 3761 3822 3823 3700
f 3822 3749 3713 3823
f 3762 3824 3822 3761
f 3824 3751 3749 3822
f 3763 3825 3824 3762
f 3825 3753 3751 3824
f 3764 3826 3825 3763
f 3826 3755 3753 3825
f 3702 3827 3826 3764
f 3827 3714 3755 3826
f 3772 3828 3829 3697
f 3828 3770 3715 3829
f 3700 3823 3828 3772
f 3823 3713 3770 3828
f 3776 3830 3827 3702
f 3830 3775 3714 3827
f 3698 3831 3830 3776
f 3831 3716 3775 3830
f 3791 3832 3816 3703
f 3832 3792 3709 3816
f 3697 3829 3832 3791
f 3829 3715 3792 3832
f 3793 3833 3831 3698
f 3833 3794 3716 3831
f 3706 3818 3833 3793
f 3818 3711 3794 3833

 