# File exported by ZBrush version 2021
# www.zbrush.com
#Vertex Count 4065
#Face Count 4092
#Auto scale x=1.000000 y=1.000000 z=1.000000
#Auto offset x=0.000000 y=0.000000 z=0.000000
v -0.01793289 4.71440601 -1.29366755
v -0.01684188 4.60691547 -1.34334421
v -0.01610946 4.60989475 -0.8792417
v -0.01559448 4.71514606 -0.93944561
v -0.01665496 4.54022884 -0.88318562
v -0.02817916 3.13515758 -1.02179694
v -0.0290451 3.10657882 -1.11402249
v -0.01623535 4.77717113 -1.02781117
v -0.01790237 4.79318523 -1.11428785
v -0.01831817 4.7762022 -1.20915353
v -0.01735687 4.5303297 -1.33350157
v -0.02658462 3.1736927 -1.18628954
v -0.02696991 3.22503566 -0.9459654
v -0.02611923 3.24203395 -1.19366943
v -0.10937118 4.71371936 -1.292912
v -0.10648727 4.60688114 -1.3430984
v -0.10528564 4.60805416 -0.87919724
v -0.10669326 4.71280765 -0.93940103
v -0.10528564 4.53860759 -0.88289034
v -0.10781478 4.77500248 -1.02752149
v -0.1095581 4.79139614 -1.11396253
v -0.11024856 4.77483654 -1.20832288
v -0.10436248 3.17406654 -1.18595075
v -0.10803222 3.10718536 -1.11294186
v -0.10535812 3.22609043 -0.9441955
v -0.10654068 3.13608837 -1.02029025
v -0.10637664 4.5304079 -1.33340525
v -0.10446167 3.24241161 -1.19335472
v 0.05017471 3.13422679 -1.02330386
v 0.04994583 3.10598754 -1.11510551
v 0.07350158 4.71374416 -1.29282093
v 0.0736351 4.77519512 -1.20894312
v 0.07165145 4.53029346 -1.3330388
v 0.07280349 4.60667133 -1.34247803
v 0.07536697 4.77715587 -1.02903413
v 0.07552719 4.71630191 -0.94072341
v 0.05141449 3.22397327 -0.94773256
v 0.0522232 3.24166584 -1.1939857
v 0.05119705 3.1733036 -1.18662512
v 0.07306671 4.61152935 -0.87983262
v 0.07197952 4.54184627 -0.88353693
v 0.07378387 4.79257679 -1.11576545
v -0.01496124 4.58520603 -1.28649711
v -0.01507949 4.66365718 -1.24329114
v -0.02766418 3.16384887 -1.09424305
v -0.02387619 3.21970081 -1.14711153
v -0.02835083 3.19280719 -1.03085947
v -0.01437377 4.71679401 -1.10815966
v -0.01353836 4.70326328 -1.04940211
v -0.01485443 4.70279026 -1.18060743
v -0.01542663 4.51359844 -1.28109431
v -0.01414871 4.66318225 -0.98165214
v -0.01529693 4.58580493 -0.93034553
v -0.01595306 4.52073001 -0.93167543
v -0.0282669 3.27920818 -0.97853815
v -0.02345275 3.28488445 -1.15391457
v 0.03845977 3.16333007 -1.09515225
v 0.03716659 3.19196414 -1.0321269
v 0.06151962 4.70460987 -1.1814289
v 0.06141281 4.66465091 -1.24430644
v 0.06064987 4.58534717 -1.28711509
v 0.05964279 4.51352024 -1.28140759
v 0.0621376 4.66545391 -0.98136436
v 0.0626831 4.70575809 -1.04935574
v 0.03724288 3.27822399 -0.98002576
v 0.04246521 3.28462505 -1.15417671
v 0.04154968 3.21944141 -1.1473943
v 0.06171035 4.71868419 -1.10967624
v 0.05982208 4.58731937 -0.93013835
v 0.05868148 4.52198314 -0.93179631
v -0.10599517 4.58531856 -1.28704273
v -0.10717392 4.66375827 -1.24362683
v -0.10727691 3.1644802 -1.09314906
v -0.10264968 3.22002315 -1.14677298
v -0.10600662 4.71611499 -1.10809016
v -0.10534668 4.70228481 -1.04859006
v -0.10684204 4.7027769 -1.18051827
v -0.10602569 4.66162776 -0.98074936
v -0.1057434 4.58424663 -0.92978656
v -0.10581207 4.5191946 -0.93122232
v -0.10712814 3.28040027 -0.97674477
v -0.10722732 3.19382381 -1.02933216
v -0.10581207 4.51362133 -1.28143024
v -0.10281753 3.28518199 -1.15359675
v -0.10534668 3.43291759 -0.93453621
v -0.10692215 3.47560215 -0.96955263
v -0.02534866 3.43227481 -0.93607533
v 0.05465316 3.43164539 -0.93761897
v 0.04062271 3.47420406 -0.9724102
v -0.02632522 3.4748373 -0.97111475
v -0.10533523 3.64935302 -0.92442774
v -0.10670089 3.679883 -0.96202576
v -0.0236473 3.64914321 -0.92572784
v 0.05804443 3.64895629 -0.92703151
v 0.04415512 3.67930889 -0.96444475
v -0.02429199 3.67957019 -0.96334481
v -0.10532379 3.86297226 -0.91444838
v -0.10648727 3.88150405 -0.9545964
v -0.02196502 3.86321067 -0.91551506
v 0.06139373 3.86345672 -0.91658246
v 0.04764938 3.88172721 -0.95657837
v -0.02228927 3.88162612 -0.95568037
v -0.10530853 4.0711584 -0.90472376
v -0.10627746 4.07800579 -0.94735574
v -0.02032852 4.07182788 -0.90556097
v 0.0646553 4.07249927 -0.90639889
v 0.05104827 4.0790205 -0.94891262
v -0.02033233 4.07856082 -0.94820582
v -0.10529708 4.30164241 -0.89395916
v -0.10604858 4.29554081 -0.9393388
v -0.01852035 4.30277347 -0.89454281
v 0.06826782 4.30392551 -0.89512825
v 0.05481338 4.29742717 -0.94042623
v -0.0181694 4.29657077 -0.93993401
v 0.05680465 4.31083583 -1.26099145
v 0.06845855 4.31785678 -1.30985164
v -0.01880264 4.31798076 -1.30987668
v -0.10605621 4.31808567 -1.30990266
v -0.10531616 4.31099605 -1.26104056
v -0.01675415 4.31091022 -1.26101195
v 0.05409622 4.11689472 -1.24080371
v 0.06538772 4.11447238 -1.28795337
v -0.02018737 4.1146326 -1.28791582
v -0.10576248 4.11479663 -1.28787708
v -0.10484314 4.11712741 -1.24073457
v -0.018013 4.11700153 -1.24077343
v 0.05101394 3.89622879 -1.2178359
v 0.06189727 3.88305282 -1.26304006
v -0.02175903 3.88326454 -1.26292765
v -0.10541534 3.88347816 -1.26281404
v -0.10430526 3.89653205 -1.21763026
v -0.01945877 3.89635276 -1.21774172
v 0.047966 3.67844295 -1.19516801
v 0.0584526 3.65466117 -1.23845076
v -0.0233078 3.65493774 -1.23826575
v -0.10507583 3.65521049 -1.23808276
v -0.10377121 3.67883777 -1.19482827
v -0.02088546 3.67861843 -1.19501376
v 0.0452919 3.48711681 -1.17525637
v 0.05543136 3.45403194 -1.21684944
v -0.02467346 3.45435428 -1.21660077
v -0.10477447 3.45466709 -1.21635425
v -0.10330581 3.48760128 -1.17479801
v -0.02213287 3.48734188 -1.17504799
v 0.086277 3.10570526 -1.11560022
v 0.08597564 3.13379955 -1.02399241
v 0.12224197 4.77381992 -1.20845794
v 0.121212 4.71295261 -1.29185891
v 0.11842727 4.60648632 -1.3417654
v 0.11660003 4.53028965 -1.33275342
v 0.12268447 4.71654033 -0.94173872
v 0.12350082 4.77638721 -1.0299803
v 0.08723831 3.22349834 -0.94854164
v 0.11187362 4.31780529 -1.30983805
v 0.08800506 3.24150371 -1.1941291
v 0.086483 3.17313385 -1.1867789
v 0.11815643 4.61234951 -0.88019132
v 0.11658859 4.54267406 -0.88369905
v 0.12212753 4.79149723 -1.11711144
v 0.11128997 4.30447292 -0.89541542
v 0.09185791 3.43134403 -0.93833553
v 0.09670257 3.64886665 -0.92764711
v 0.10147094 3.86356544 -0.91709709
v 0.10612869 4.0728178 -0.90680933
v 0.10735702 4.11439609 -1.28797388
v 0.10222625 3.8829422 -1.26309394
v 0.09716415 3.65453529 -1.23853731
v 0.0927124 3.45388507 -1.21696484
v 0.15036773 4.60153484 -1.32911825
v 0.15462493 4.70183849 -1.28097009
v 0.11753082 3.118927 -1.11137688
v 0.11822891 3.18382835 -1.17770266
v 0.11682128 3.14694881 -1.02672267
v 0.15707016 4.77457523 -1.11878287
v 0.1574707 4.76054668 -1.03482115
v 0.15686416 4.75786304 -1.20228874
v 0.14820098 4.52630901 -1.32074141
v 0.15498352 4.70561885 -0.95110344
v 0.1494522 4.60737705 -0.89187538
v 0.11780166 3.23575878 -0.95690131
v 0.14350509 4.31610775 -1.29834342
v 0.12253952 3.4410448 -0.94717049
v 0.1197319 3.25144863 -1.1849091
v 0.14785003 4.53859424 -0.89514565
v 0.12749099 3.6558876 -0.93698704
v 0.13238143 3.86794471 -0.92693674
v 0.13714599 4.07459354 -0.91714131
v 0.14242172 4.30338001 -0.90629541
v 0.13901519 4.11490917 -1.27690696
v 0.1339035 3.88596725 -1.25251293
v 0.12885284 3.66002845 -1.22844088
v 0.12442779 3.4615488 -1.20729279
v -0.15941238 4.60673046 -1.3424952
v -0.16444778 4.71265506 -1.29174375
v -0.15761947 4.60692882 -0.87933707
v -0.16117477 4.71090412 -0.93991756
v -0.15711593 4.53766346 -0.8827033
v -0.16527938 4.78921413 -1.11438632
v -0.16332626 4.77262973 -1.02779758
v -0.16624832 4.77285099 -1.20733821
v -0.14669799 3.17428398 -1.18577003
v -0.15143585 3.1075077 -1.11234784
v -0.15550994 4.30097484 -0.89362001
v -0.14939498 3.13660144 -1.01946544
v -0.15856933 4.53047847 -1.3331623
v -0.14823532 3.22666835 -0.94322681
v -0.15668869 4.31816005 -1.30991816
v -0.1472969 3.24260997 -1.1931833
v -0.14963913 3.43326282 -0.93368208
v -0.15109634 3.6494503 -0.92369699
v -0.15254592 3.86283493 -0.91384458
v -0.15394973 4.07077503 -0.90424394
v -0.15491104 4.11489582 -1.28785479
v -0.15288925 3.88360214 -1.26275289
v -0.15090179 3.65535926 -1.23797929
v -0.14914703 3.45484066 -1.21621441
v -0.19248962 4.70103359 -1.28043413
v -0.18587112 4.60177326 -1.32985758
v -0.17523193 3.15039348 -1.02107858
v -0.17432403 3.23972225 -0.95024204
v -0.19216537 4.75516414 -1.03252363
v -0.19498443 4.7708559 -1.1160953
v -0.19556045 4.7556982 -1.20061063
v -0.17269516 3.25269603 -1.183802
v -0.1720848 3.18511581 -1.17651188
v -0.18361282 4.600955 -0.89081776
v -0.18843841 4.69862842 -0.94915425
v -0.18305587 4.53267765 -0.89385783
v -0.18434143 4.52657222 -1.32123327
v -0.17695999 3.12107467 -1.10737681
v -0.17459869 3.46261692 -1.20643806
v -0.18147659 4.29923725 -0.90403902
v -0.17570114 3.44346332 -0.94135677
v -0.17713928 3.65666961 -0.9320569
v -0.17855835 3.86710166 -0.92288255
v -0.17994308 4.07218837 -0.9139384
v -0.18234634 4.31653118 -1.29852223
v -0.1805191 4.11547946 -1.27683997
v -0.17844772 3.88671493 -1.25217056
v -0.17639923 3.66094207 -1.22782528
v -0.16923522 4.58555698 -1.28814172
v -0.17191696 4.66463756 -1.24480831
v -0.18645858 4.59106349 -1.30262398
v -0.19194412 4.6773386 -1.25741779
v -0.17530441 3.26747036 -0.96683287
v -0.17568206 3.17988395 -1.02568543
v -0.15491104 3.22023105 -1.14654564
v -0.16025543 3.16489601 -1.09242248
v -0.1931076 4.73435115 -1.11379015
v -0.19118118 4.72107601 -1.04199004
v -0.17047882 4.71667003 -1.1090523
v -0.17010116 4.70283985 -1.04747438
v -0.19390869 4.72231578 -1.18784701
v -0.1719017 4.70413303 -1.18098962
v -0.17152786 3.20852375 -1.15653193
v -0.17218017 3.27448368 -1.16352224
v -0.16825103 4.58327579 -0.92901945
v -0.17027664 4.66121387 -0.9793967
v -0.1887207 4.67398548 -0.96869301
v -0.18443298 4.58906841 -0.91597962
v -0.18371963 4.5228281 -0.91844213
v -0.16771698 4.51813983 -0.93087482
v -0.1845932 4.5179224 -1.29526281
v -0.17671585 3.15030193 -1.09727716
v -0.17419815 3.47938633 -1.18524372
v -0.1822052 4.29617404 -0.92717814
v -0.16622543 4.29482173 -0.93893492
v -0.15958023 3.19451046 -1.0283184
v -0.16822433 4.51358509 -1.28198289
v -0.1594696 3.28118991 -0.97555434
v -0.16609191 4.31105899 -1.2610569
v -0.15557861 3.28538608 -1.15338528
v -0.17663192 3.46528339 -0.95920836
v -0.16076278 3.47611141 -0.96850907
v -0.17802047 3.6722908 -0.95122897
v -0.16212844 3.68009281 -0.96113801
v -0.17938995 3.87661361 -0.94335317
v -0.1634674 3.88141822 -0.95386338
v -0.18072891 4.07574367 -0.9356774
v -0.16477966 4.07762241 -0.9467765
v -0.18240737 4.31290531 -1.27360296
v -0.16411209 4.11721706 -1.24070668
v -0.18047714 4.11664485 -1.25279855
v -0.16184234 3.89665985 -1.21755456
v -0.17827606 3.8933506 -1.22912895
v -0.15961837 3.67899799 -1.19470429
v -0.17610549 3.67298317 -1.20576608
v -0.15764999 3.48777294 -1.17463302
v 0.15539169 4.6779356 -1.25775456
v 0.15109634 4.59072971 -1.30170226
v 0.11897659 3.20893192 -1.1563903
v 0.11715698 3.15006351 -1.1006093
v 0.10362243 3.16282463 -1.09604859
v 0.10160827 3.19112682 -1.03337442
v 0.11553955 3.17774772 -1.03155958
v 0.15752792 4.72597789 -1.04421579
v 0.15734863 4.73762035 -1.11663758
v 0.15726852 4.72422504 -1.18929231
v 0.13969039 4.70781612 -1.18286585
v 0.13944244 4.66642856 -1.2462871
v 0.14863967 4.51764202 -1.29467475
v 0.13725662 4.58560657 -1.28837013
v 0.13544845 4.51341915 -1.28189683
v 0.13973236 4.66840648 -0.98035764
v 0.14054107 4.70954036 -1.04879081
v 0.14928436 4.59508228 -0.91737771
v 0.15491104 4.68049526 -0.97087466
v 0.10167694 3.2772417 -0.98149371
v 0.11581802 3.26558971 -0.97489559
v 0.13081359 4.31077289 -1.26096773
v 0.14396286 4.31254673 -1.27342033
v 0.12090301 3.46315288 -0.96544015
v 0.12046051 3.27450275 -1.16357922
v 0.10738372 3.284379 -1.15443861
v 0.10589218 3.2191801 -1.14766907
v 0.14751815 4.52852344 -0.91973614
v 0.13930511 4.72168254 -1.11224269
v 0.13571167 4.58895397 -0.92962706
v 0.13396453 4.52326107 -0.93197846
v 0.12813568 4.29828739 -0.94092154
v 0.1261444 3.67129898 -0.95616149
v 0.10676193 3.47358226 -0.97369492
v 0.11208725 3.67904758 -0.96553337
v 0.13127899 3.87721443 -0.94741106
v 0.1173439 3.88183975 -0.95747518
v 0.13628387 4.07791805 -0.93888473
v 0.12246322 4.07948207 -0.94962072
v 0.14182281 4.30009365 -0.92944085
v 0.12638473 4.11679363 -1.24083507
v 0.1395111 4.11614894 -1.25286066
v 0.12134552 3.89607811 -1.21792984
v 0.134449 3.89269256 -1.22946739
v 0.11637496 3.67826557 -1.19532096
v 0.12945556 3.67216491 -1.20638001
v 0.11200332 3.48691654 -1.17546081
v 0.12507247 3.47853374 -1.18596708
v -0.01772308 4.79039287 -1.11188805
v 0.07395553 4.78993129 -1.11160683
v -0.10937118 4.78862094 -1.11074638
v 0.06176376 4.71714496 -1.11265325
v -0.0143547 4.71527385 -1.11312711
v -0.10601043 4.71455478 -1.11189818
v 0.1222496 4.78903484 -1.11079204
v 0.15717315 4.77256488 -1.10825765
v -0.16501998 4.78654575 -1.10929966
v -0.19468307 4.7686243 -1.10562861
v -0.19285965 4.73230266 -1.10590469
v -0.17035293 4.71503353 -1.10997498
v 0.15738678 4.73583698 -1.1079638
v 0.13934326 4.72010517 -1.11114561
v -0.0936203 3.51272106 -1.07415711
v -0.15818405 3.5031538 -1.074157
v -0.22150421 3.48729038 -1.07415711
v -0.28296279 3.46529674 -1.07415711
v -0.34196472 3.43740177 -1.07415711
v -0.39795303 3.40383625 -1.07415711
v -0.45038223 3.36495304 -1.07415711
v -0.49874496 3.32111644 -1.07415711
v -0.54257965 3.27275562 -1.07415735
v -0.58146667 3.2203226 -1.07415676
v -0.61502075 3.16435051 -1.07415723
v -0.64292526 3.10533332 -1.07415711
v -0.6649208 3.04387474 -1.07415723
v -0.6807785 2.98055839 -1.07415747
v -0.6903572 2.91599082 -1.07415747
v -0.69355392 2.85079765 -1.07415735
v -0.6903572 2.78560638 -1.07415759
v -0.6807785 2.72104072 -1.07415747
v -0.6649208 2.65772438 -1.07415759
v -0.64292526 2.59625816 -1.07415759
v -0.61502075 2.53725242 -1.07415759
v -0.58146667 2.48127174 -1.07415759
v -0.54257965 2.42884445 -1.07415759
v -0.49874496 2.38048553 -1.07415759
v -0.45038223 2.33665275 -1.07415747
v -0.39795303 2.29776382 -1.07415759
v -0.34196472 2.2641983 -1.07415759
v -0.28296279 2.23630142 -1.07415759
v -0.22150421 2.21430397 -1.07415771
v -0.15818405 2.19845008 -1.07415759
v -0.0936203 2.18887138 -1.07415759
v -0.02842712 2.18566513 -1.07415759
v 0.03676605 2.18887138 -1.07415759
v 0.10133743 2.19845008 -1.07415759
v 0.16465377 2.21430397 -1.07415771
v 0.22611236 2.23630142 -1.07415759
v 0.28511428 2.2641983 -1.07415759
v 0.3411026 2.29776382 -1.07415759
v 0.39352798 2.33665275 -1.07415759
v 0.44189453 2.38048553 -1.07415759
v 0.48572921 2.42884445 -1.07415759
v 0.52461624 2.48127174 -1.07415759
v 0.5581665 2.53725242 -1.07415759
v 0.58607482 2.59625816 -1.07415759
v 0.60807037 2.65771484 -1.07415747
v 0.62392807 2.72104072 -1.07415759
v 0.63350677 2.78560638 -1.07415747
v 0.6367073 2.85079765 -1.07415759
v 0.63350677 2.91599082 -1.07415747
v 0.62392807 2.98055839 -1.07415711
v 0.60807037 3.04387474 -1.07415735
v 0.58607482 3.10533332 -1.07415711
v 0.5581665 3.16435051 -1.07415723
v 0.52461624 3.2203226 -1.07415711
v 0.48572921 3.27275371 -1.07415711
v 0.44189453 3.32111644 -1.07415711
v 0.39352798 3.36495304 -1.07415711
v 0.3411026 3.40383625 -1.07415711
v 0.28511428 3.43738842 -1.07415711
v 0.22611236 3.46529674 -1.074157
v 0.16465377 3.48729038 -1.07415711
v 0.10133743 3.5031538 -1.07415711
v 0.03676605 3.51272106 -1.07415711
v -0.02842712 3.51592922 -1.07415711
v -0.0803833 3.37832927 -1.1301819
v -0.13183593 3.37069797 -1.1301819
v -0.18229675 3.35805988 -1.1301819
v -0.23127746 3.34052372 -1.1301819
v -0.27830505 3.31828784 -1.1301819
v -0.32292175 3.29154491 -1.1301819
v -0.36471176 3.2605524 -1.1301819
v -0.40325546 3.22562122 -1.1301819
v -0.43818283 3.18708419 -1.1301819
v -0.46917343 3.14529895 -1.1301819
v -0.49591445 3.10067749 -1.1301819
v -0.51816177 3.05365371 -1.1301819
v -0.53568649 3.00467109 -1.1301819
v -0.54832458 2.95421028 -1.1301819
v -0.55595397 2.90275955 -1.1301825
v -0.55850982 2.85079956 -1.1301825
v -0.55595397 2.79883956 -1.1301825
v -0.54832458 2.74738693 -1.1301825
v -0.53568649 2.69692421 -1.1301825
v -0.51816177 2.64794731 -1.1301825
v -0.49591445 2.60092544 -1.1301825
v -0.46917343 2.5562973 -1.1301825
v -0.43818283 2.51451873 -1.1301825
v -0.40325546 2.47598075 -1.1301825
v -0.36471176 2.44104385 -1.1301825
v -0.32292175 2.41005516 -1.1301825
v -0.27830505 2.38331604 -1.1301825
v -0.23127746 2.36106491 -1.1301825
v -0.18229675 2.34354591 -1.1301825
v -0.13183593 2.3309021 -1.1301825
v -0.0803833 2.32327461 -1.1301825
v -0.02842712 2.32072067 -1.1301825
v 0.02352905 2.32327461 -1.1301825
v 0.0749855 2.3309021 -1.1301825
v 0.12545013 2.34354591 -1.1301825
v 0.17442703 2.36106491 -1.1301825
v 0.22145462 2.38331604 -1.1301825
v 0.2660675 2.41005516 -1.1301825
v 0.30785369 2.44104385 -1.1301825
v 0.3463974 2.47598075 -1.1301825
v 0.38133621 2.51451873 -1.1301825
v 0.41231918 2.5562973 -1.1301825
v 0.43906402 2.60091972 -1.1301825
v 0.46130371 2.64794731 -1.1301825
v 0.47883224 2.69692421 -1.1301825
v 0.49147033 2.74738693 -1.1301825
v 0.49910354 2.79883956 -1.1301825
v 0.50165939 2.85079956 -1.1301819
v 0.49910354 2.90275955 -1.1301819
v 0.49147033 2.95421028 -1.1301819
v 0.47883224 3.00467109 -1.1301819
v 0.46130371 3.05365371 -1.1301819
v 0.43906402 3.10067749 -1.1301819
v 0.41231918 3.14529895 -1.1301819
v 0.38133621 3.18708419 -1.1301819
v 0.3463974 3.22562122 -1.1301819
v 0.30785369 3.2605524 -1.1301819
v 0.2660675 3.29154491 -1.1301819
v 0.22145462 3.31828784 -1.1301819
v 0.17442703 3.34052372 -1.1301819
v 0.12545013 3.35805988 -1.1301819
v 0.0749855 3.37069797 -1.1301819
v 0.02352905 3.37832927 -1.1301819
v -0.02842712 3.38087749 -1.1301819
v -0.0803833 3.37832927 -1.01813185
v -0.13183593 3.37069797 -1.01813161
v -0.18229675 3.35805416 -1.01813161
v -0.23127746 3.34052372 -1.01813197
v -0.27830505 3.31828784 -1.01813197
v -0.32292175 3.29154491 -1.01813197
v -0.36471176 3.2605524 -1.01813197
v -0.40325546 3.22562122 -1.01813197
v -0.43818283 3.18708419 -1.01813185
v -0.46917343 3.14529895 -1.01813197
v -0.49591445 3.10067749 -1.01813173
v -0.51816177 3.05365371 -1.01813197
v -0.53568649 3.00467109 -1.01813197
v -0.54832458 2.95421028 -1.01813221
v -0.55595397 2.90275955 -1.01813185
v -0.55850982 2.85079765 -1.01813197
v -0.55595397 2.79883766 -1.01813197
v -0.54832458 2.74739074 -1.01813197
v -0.53568649 2.6969223 -1.01813209
v -0.51816177 2.6479454 -1.01813197
v -0.49591445 2.60092735 -1.01813197
v -0.46917343 2.55629921 -1.01813304
v -0.43818283 2.51452064 -1.01813304
v -0.40325546 2.47598266 -1.01813399
v -0.36471176 2.44104385 -1.01813328
v -0.32292175 2.41005325 -1.01813399
v -0.27830505 2.38331413 -1.01813292
v -0.23127746 2.36106491 -1.01813399
v -0.18229675 2.34354591 -1.01813375
v -0.13183593 2.330904 -1.01813399
v -0.0803833 2.3232727 -1.01813316
v -0.02842712 2.32072067 -1.01813399
v 0.02352905 2.3232727 -1.01813316
v 0.0749855 2.330904 -1.01813399
v 0.12545013 2.34354591 -1.01813375
v 0.17442703 2.36106491 -1.01813399
v 0.22145462 2.38331413 -1.01813292
v 0.2660675 2.41005325 -1.01813375
v 0.30785369 2.44104385 -1.01813328
v 0.3463974 2.47598075 -1.01813304
v 0.38133621 2.51452255 -1.01813375
v 0.41231918 2.55629921 -1.01813292
v 0.43906402 2.60091972 -1.0181334
v 0.46130371 2.6479454 -1.0181328
v 0.47883224 2.6969223 -1.01813197
v 0.49147033 2.74739074 -1.01813197
v 0.49910354 2.79883766 -1.01813197
v 0.50165939 2.85079765 -1.01813209
v 0.49910354 2.90275955 -1.01813185
v 0.49147033 2.95421028 -1.01813209
v 0.47883224 3.00467109 -1.01813197
v 0.46130371 3.05365371 -1.01813197
v 0.43906402 3.10067749 -1.01813173
v 0.41231918 3.14529895 -1.01813197
v 0.38133621 3.18708419 -1.01813185
v 0.3463974 3.22562122 -1.01813185
v 0.30785369 3.2605524 -1.01813185
v 0.2660675 3.29154491 -1.01813197
v 0.22145462 3.31828784 -1.01813185
v 0.17442703 3.34052372 -1.01813173
v 0.12545013 3.35805416 -1.01813161
v 0.0749855 3.37069797 -1.01813161
v 0.02352905 3.37832927 -1.01813185
v -0.02842712 3.38087558 -1.01813197
v -0.02842712 3.46429348 -1.12194287
v -0.05443573 3.38024234 -1.1301819
v -0.08855819 3.46133899 -1.12194287
v -0.06106567 3.51512813 -1.07415711
v -0.0585289 3.46355915 -1.12194287
v 0.03171157 3.46133899 -1.12194287
v -0.0024147 3.38024234 -1.1301819
v 0.00420761 3.51512813 -1.07415711
v 0.00167083 3.46355915 -1.12194287
v 0.091259 3.45250988 -1.12194287
v 0.04935455 3.375144 -1.1301819
v 0.0691719 3.50873661 -1.07415723
v 0.0615921 3.45764446 -1.12194287
v 0.14966201 3.43788242 -1.12194287
v 0.10037231 3.36499118 -1.1301819
v 0.13319015 3.49599933 -1.074157
v 0.12064361 3.44590663 -1.12194287
v 0.20635223 3.41760158 -1.12194287
v 0.15015411 3.34989643 -1.1301819
v 0.195652 3.47705555 -1.07415711
v 0.17825698 3.42843341 -1.12194287
v 0.26076889 3.39185428 -1.12194287
v 0.19821167 3.32998752 -1.1301819
v 0.25595474 3.45207119 -1.07415711
v 0.23387908 3.40538692 -1.12194287
v 0.31241607 3.36089801 -1.12194287
v 0.24409103 3.30546855 -1.1301819
v 0.31351852 3.42130756 -1.07415711
v 0.28697204 3.37700367 -1.12194287
v 0.36077117 3.32503795 -1.12194287
v 0.28734588 3.27656841 -1.1301819
v 0.36779022 3.38504314 -1.07415711
v 0.33703231 3.34356975 -1.12194287
v 0.40537643 3.28460407 -1.12194287
v 0.32755661 3.24356365 -1.1301819
v 0.41825103 3.34362506 -1.07415711
v 0.38356781 3.30536937 -1.12194287
v 0.44581222 3.23999118 -1.12194287
v 0.36434173 3.20677661 -1.1301819
v 0.46440887 3.29747676 -1.07415711
v 0.42614364 3.26279926 -1.12194287
v 0.481678 3.19164562 -1.12194287
v 0.39733505 3.16656494 -1.1301819
v 0.50581359 3.24702167 -1.07415711
v 0.46434021 3.21626377 -1.12194287
v 0.51262664 3.13999271 -1.12194287
v 0.42623901 3.12331962 -1.1301819
v 0.54207611 3.19274616 -1.07415735
v 0.49778747 3.16619491 -1.12194287
v 0.53836822 3.0855751 -1.12194287
v 0.45076751 3.07744216 -1.1301819
v 0.57284927 3.13517856 -1.07415723
v 0.52616882 3.11310195 -1.12194287
v 0.55865097 3.0288887 -1.12194287
v 0.47066879 3.02937889 -1.1301819
v 0.59782409 3.07487487 -1.07415735
v 0.54920578 3.05748748 -1.12194287
v 0.57328033 2.97048378 -1.12194287
v 0.48576736 2.97960472 -1.1301819
v 0.61677932 3.01241302 -1.07415747
v 0.56668853 2.99986839 -1.12194287
v 0.58211135 2.91093635 -1.12194287
v 0.49591445 2.92857742 -1.1301819
v 0.62951278 2.94839477 -1.07415735
v 0.57843017 2.94081878 -1.12194287
v 0.58507156 2.85079956 -1.12194287
v 0.5010147 2.87681388 -1.1301819
v 0.63590621 2.88344001 -1.07415759
v 0.58432769 2.88089752 -1.12194287
v 0.58211135 2.79066085 -1.12194287
v 0.5010147 2.82479286 -1.1301825
v 0.63590621 2.81816291 -1.07415771
v 0.58432769 2.82069587 -1.12194287
v 0.57328033 2.73111343 -1.12194287
v 0.49591445 2.77301597 -1.1301825
v 0.62951278 2.75320625 -1.07415759
v 0.57843017 2.76077842 -1.12194287
v 0.55865097 2.67270851 -1.12194287
v 0.48576736 2.72199058 -1.1301825
v 0.61677932 2.68918418 -1.07415771
v 0.56668853 2.70173263 -1.12194287
v 0.53836822 2.61602592 -1.12194287
v 0.47066879 2.6722126 -1.1301825
v 0.59782409 2.62673187 -1.07415759
v 0.54920578 2.64411354 -1.12194287
v 0.51262664 2.56159973 -1.12194287
v 0.45076751 2.62416267 -1.1301825
v 0.57284927 2.56641578 -1.07415759
v 0.52616882 2.58850097 -1.12194287
v 0.481678 2.50995063 -1.12194287
v 0.42623901 2.57828521 -1.1301825
v 0.54207611 2.50884819 -1.07415747
v 0.49778747 2.53539848 -1.12194287
v 0.44581222 2.46160316 -1.12194287
v 0.39733505 2.53503608 -1.1301825
v 0.50581359 2.45457267 -1.07415747
v 0.46434021 2.4853363 -1.12194287
v 0.40537643 2.416996 -1.12194287
v 0.36434173 2.49481582 -1.1301825
v 0.46440887 2.40412712 -1.07415759
v 0.42614364 2.43879699 -1.12194287
v 0.36077117 2.37656402 -1.12194287
v 0.32755661 2.4580307 -1.1301825
v 0.41825103 2.35796546 -1.07415759
v 0.38356781 2.39622688 -1.12194287
v 0.31241607 2.34069442 -1.12194287
v 0.28734588 2.42503356 -1.1301825
v 0.36779022 2.31655883 -1.07415759
v 0.33703231 2.35803413 -1.12194287
v 0.26076889 2.30974197 -1.12194287
v 0.24409103 2.39613151 -1.1301825
v 0.31351852 2.28028869 -1.07415759
v 0.28697204 2.32458305 -1.12194287
v 0.20635223 2.28399658 -1.12194287
v 0.19821167 2.37160873 -1.1301825
v 0.25595474 2.24952697 -1.07415759
v 0.23387908 2.29620933 -1.12194287
v 0.14966201 2.26372528 -1.12194287
v 0.15015411 2.35169792 -1.1301825
v 0.195652 2.22454452 -1.07415759
v 0.17825698 2.27316665 -1.12194287
v 0.091259 2.24909019 -1.12194287
v 0.10037231 2.33660507 -1.1301825
v 0.13319015 2.20559692 -1.07415771
v 0.12064361 2.25569343 -1.12194287
v 0.03171157 2.24026107 -1.12194287
v 0.04935455 2.32645225 -1.1301825
v 0.0691719 2.19286537 -1.07415771
v 0.0615921 2.24394607 -1.12194287
v -0.02842712 2.23730659 -1.12194287
v -0.0024147 2.32135772 -1.1301825
v 0.00420761 2.1864624 -1.07415747
v 0.00167083 2.23803901 -1.12194287
v -0.08855819 2.24026107 -1.12194287
v -0.05443573 2.32135772 -1.1301825
v -0.06106567 2.1864624 -1.07415747
v -0.0585289 2.23803901 -1.12194287
v -0.14811706 2.24909019 -1.12194287
v -0.1062088 2.32645225 -1.1301825
v -0.12602233 2.19286537 -1.07415771
v -0.11844635 2.24394607 -1.12194287
v -0.20652008 2.26372528 -1.12194287
v -0.15722656 2.33660507 -1.1301825
v -0.19004058 2.20559692 -1.07415771
v -0.17749023 2.25569343 -1.12194287
v -0.26320266 2.28399658 -1.12194287
v -0.20700836 2.35169792 -1.1301825
v -0.25250244 2.22454452 -1.07415759
v -0.2351036 2.27316665 -1.12194287
v -0.31762695 2.30974197 -1.12194287
v -0.25506591 2.37160873 -1.1301825
v -0.31280517 2.24952697 -1.07415759
v -0.29073333 2.29620933 -1.12194287
v -0.36926651 2.34069442 -1.12194287
v -0.30094146 2.39613151 -1.1301825
v -0.37037658 2.28028869 -1.07415759
v -0.34382629 2.32458305 -1.12194287
v -0.41762161 2.37656402 -1.12194287
v -0.34419632 2.42503356 -1.1301825
v -0.42464828 2.31655883 -1.07415759
v -0.39388275 2.35803413 -1.12194287
v -0.46223449 2.416996 -1.12194287
v -0.38440704 2.4580307 -1.1301825
v -0.47510528 2.35797309 -1.07415759
v -0.44042587 2.39622688 -1.12194287
v -0.50266265 2.46160316 -1.12194287
v -0.42119216 2.49482345 -1.1301825
v -0.5212593 2.40412712 -1.07415759
v -0.48299789 2.43879699 -1.12194287
v -0.53853225 2.50995063 -1.12194287
v -0.45419311 2.53503608 -1.1301825
v -0.56266784 2.45457267 -1.07415771
v -0.52119445 2.4853363 -1.12194287
v -0.56948089 2.56159973 -1.12194287
v -0.48309326 2.57828521 -1.1301825
v -0.59893417 2.50884819 -1.07415759
v -0.5546379 2.53539848 -1.12194287
v -0.59522247 2.61602592 -1.12194287
v -0.50761032 2.62416267 -1.1301825
v -0.62969589 2.56641578 -1.07415759
v -0.58301925 2.58850097 -1.12194287
v -0.61550521 2.67270851 -1.12194287
v -0.52751922 2.6722126 -1.1301825
v -0.65467834 2.62673187 -1.07415759
v -0.60606002 2.64411354 -1.12194287
v -0.63013076 2.73111343 -1.12194287
v -0.54262542 2.72199058 -1.1301825
v -0.67362594 2.68918418 -1.07415723
v -0.62353897 2.70173263 -1.12194287
v -0.63896942 2.79066085 -1.12194287
v -0.5527687 2.77301597 -1.1301825
v -0.6863594 2.75320625 -1.07415759
v -0.6352806 2.76077842 -1.12194287
v -0.64192199 2.85079956 -1.12194287
v -0.55786895 2.82479286 -1.1301825
v -0.69275665 2.81816101 -1.07415771
v -0.64118194 2.82069587 -1.12194287
v -0.63896942 2.91093635 -1.12194287
v -0.55786895 2.87681007 -1.1301825
v -0.69275665 2.88344001 -1.07415747
v -0.64118194 2.88089752 -1.12194287
v -0.63013076 2.97048378 -1.12194287
v -0.5527687 2.92857742 -1.1301819
v -0.6863594 2.94839477 -1.07415759
v -0.6352806 2.94081878 -1.12194287
v -0.61550521 3.0288887 -1.12194287
v -0.54262542 2.97960472 -1.1301819
v -0.67362594 3.01241111 -1.07415723
v -0.62353897 2.99986839 -1.12194287
v -0.59522247 3.0855751 -1.12194287
v -0.52751922 3.02937889 -1.1301819
v -0.65467834 3.07487487 -1.07415723
v -0.60606002 3.05748748 -1.12194287
v -0.56948089 3.13999271 -1.12194287
v -0.50761032 3.07744216 -1.1301819
v -0.62969589 3.13517856 -1.07415735
v -0.58301925 3.11310195 -1.12194287
v -0.53853225 3.19164562 -1.12194287
v -0.48309326 3.12331962 -1.1301819
v -0.59893417 3.19274616 -1.07415711
v -0.5546379 3.16619491 -1.12194287
v -0.50266265 3.23999118 -1.12194287
v -0.45419311 3.16656494 -1.1301819
v -0.56266784 3.24702167 -1.07415723
v -0.52119445 3.21626377 -1.12194287
v -0.46223449 3.28460407 -1.12194287
v -0.42119216 3.20677661 -1.1301819
v -0.5212593 3.29747676 -1.07415711
v -0.48299789 3.26279926 -1.12194287
v -0.41762161 3.32503795 -1.12194287
v -0.38440704 3.24356365 -1.1301819
v -0.47510147 3.34362506 -1.07415711
v -0.44042587 3.30536937 -1.12194287
v -0.36926651 3.36089801 -1.12194287
v -0.34419632 3.27656841 -1.1301819
v -0.42464828 3.38504123 -1.07415711
v -0.39388275 3.34356975 -1.12194287
v -0.31762695 3.39185428 -1.12194287
v -0.30094146 3.30546855 -1.1301819
v -0.37036895 3.42130756 -1.07415711
v -0.34382629 3.37700367 -1.12194287
v -0.26320266 3.41760158 -1.12194287
v -0.25506591 3.32998752 -1.1301819
v -0.31280517 3.45207119 -1.07415711
v -0.29073333 3.40538692 -1.12194287
v -0.20652008 3.43788242 -1.12194287
v -0.20700836 3.34989643 -1.1301819
v -0.25250244 3.47705555 -1.07415711
v -0.2351036 3.42843341 -1.12194287
v -0.14811706 3.45250988 -1.12194287
v -0.15722656 3.36499118 -1.1301819
v -0.19004058 3.49599933 -1.07415711
v -0.17749023 3.44590663 -1.12194287
v -0.1062088 3.375144 -1.1301819
v -0.12602233 3.50873661 -1.07415723
v -0.11844635 3.45764446 -1.12194287
v -0.08855819 3.4613409 -1.0263704
v -0.14811706 3.45250988 -1.02637076
v -0.1062088 3.375144 -1.01813185
v -0.11844635 3.45764446 -1.02637076
v -0.20652008 3.43788242 -1.02637076
v -0.15722656 3.36498737 -1.01813197
v -0.17749023 3.44590663 -1.02637064
v -0.26320266 3.41760158 -1.02637088
v -0.20700836 3.34989643 -1.01813221
v -0.2351036 3.42843341 -1.02637076
v -0.31762695 3.39185237 -1.02637064
v -0.25506591 3.32998752 -1.01813197
v -0.29073333 3.40538501 -1.02637064
v -0.36926651 3.36089801 -1.02637076
v -0.30094146 3.30546855 -1.01813161
v -0.34382629 3.37700557 -1.026371
v -0.41762161 3.32503795 -1.02637088
v -0.34419632 3.27657032 -1.01813185
v -0.39388275 3.34356594 -1.02637159
v -0.46223449 3.28460407 -1.02637064
v -0.38440704 3.24356555 -1.01813209
v -0.44042587 3.30536937 -1.02637076
v -0.50266265 3.23999118 -1.02637124
v -0.42119216 3.20677661 -1.01813185
v -0.48299789 3.26279926 -1.02637183
v -0.53853225 3.19164753 -1.02637076
v -0.45419311 3.16656494 -1.01813221
v -0.52119445 3.21626186 -1.02637195
v -0.56948089 3.13999271 -1.02637088
v -0.48309326 3.12331962 -1.01813197
v -0.5546379 3.16619682 -1.026371
v -0.59522247 3.0855751 -1.026371
v -0.50761032 3.07744216 -1.01813197
v -0.58301925 3.11309814 -1.02637076
v -0.61550521 3.02889061 -1.026371
v -0.52751922 3.02937889 -1.01813185
v -0.60606002 3.05748176 -1.02637064
v -0.63013458 2.97048759 -1.02637088
v -0.54262542 2.97960472 -1.01813197
v -0.62353897 2.99986839 -1.026371
v -0.63896942 2.91093254 -1.02637076
v -0.5527687 2.92857742 -1.01813197
v -0.6352806 2.94081878 -1.02637064
v -0.64192199 2.85079765 -1.02637147
v -0.55786895 2.87681198 -1.01813185
v -0.64118194 2.88089942 -1.026371
v -0.63896942 2.79066085 -1.02637136
v -0.55786895 2.82479286 -1.01813185
v -0.64118194 2.82069778 -1.02637076
v -0.63013458 2.73111343 -1.02637159
v -0.5527687 2.77301597 -1.01813209
v -0.6352806 2.76077652 -1.02637076
v -0.61550521 2.67270851 -1.02637088
v -0.54262542 2.72199058 -1.01813185
v -0.62353897 2.70173263 -1.02637124
v -0.59522247 2.61602783 -1.02637159
v -0.52751922 2.6722126 -1.01813209
v -0.60606002 2.64411354 -1.02637124
v -0.56948089 2.56160354 -1.02637147
v -0.50761032 2.62416458 -1.01813185
v -0.58301925 2.58849716 -1.02637219
v -0.53853225 2.50995445 -1.02637088
v -0.48309326 2.57828521 -1.01813399
v -0.5546379 2.53539657 -1.02637076
v -0.50266265 2.46160316 -1.02637076
v -0.45419311 2.53503608 -1.01813304
v -0.52119445 2.48533821 -1.02637147
v -0.46223449 2.416996 -1.02637195
v -0.42119216 2.49481391 -1.01813352
v -0.48299789 2.4387989 -1.026371
v -0.41762161 2.37656593 -1.02637159
v -0.38440704 2.45802879 -1.01813399
v -0.44042587 2.39622688 -1.02637183
v -0.36926651 2.34069442 -1.02637219
v -0.34419632 2.42503166 -1.01813256
v -0.39388275 2.35803794 -1.02637076
v -0.31762695 2.30974388 -1.02637076
v -0.30094146 2.39613151 -1.01813304
v -0.34382629 2.32458686 -1.02637147
v -0.26320266 2.28399848 -1.02637183
v -0.25506591 2.37160873 -1.0181334
v -0.29073333 2.29621315 -1.02637076
v -0.20652008 2.26372337 -1.02637147
v -0.20700836 2.35169982 -1.01813328
v -0.2351036 2.27317047 -1.02637171
v -0.14811706 2.24909591 -1.02637183
v -0.15722656 2.33660697 -1.01813387
v -0.17749023 2.25569343 -1.02637124
v -0.08855819 2.24025726 -1.02637147
v -0.1062088 2.32645607 -1.01813364
v -0.11844635 2.24394226 -1.02637076
v -0.02842712 2.23730468 -1.02637124
v -0.05443573 2.32135963 -1.01813375
v -0.0585289 2.23804283 -1.02637124
v 0.03171157 2.24025726 -1.02637147
v -0.0024147 2.32135963 -1.01813375
v 0.00167083 2.23804283 -1.02637124
v 0.091259 2.24909591 -1.02637183
v 0.04935455 2.32645607 -1.01813364
v 0.0615921 2.24394226 -1.02637076
v 0.14966201 2.26372337 -1.02637147
v 0.10037231 2.33660697 -1.01813387
v 0.12064361 2.25569343 -1.02637124
v 0.20635223 2.28399848 -1.02637183
v 0.15015411 2.35169982 -1.01813328
v 0.17825698 2.27317047 -1.02637171
v 0.26076889 2.30974388 -1.02637076
v 0.19821167 2.37160873 -1.0181334
v 0.23387908 2.29621315 -1.02637076
v 0.31241607 2.34069442 -1.02637231
v 0.24409103 2.39613151 -1.01813399
v 0.28697204 2.32458686 -1.02637183
v 0.36077117 2.37656593 -1.02637159
v 0.28734588 2.42503166 -1.01813256
v 0.33703231 2.35803794 -1.02637064
v 0.40537643 2.416996 -1.02637147
v 0.32755661 2.45802879 -1.01813399
v 0.38356781 2.39622688 -1.026371
v 0.44581222 2.46160316 -1.02637147
v 0.36434173 2.49481391 -1.01813352
v 0.42614364 2.4387989 -1.02637171
v 0.481678 2.50995445 -1.02637159
v 0.39733505 2.53503608 -1.0181334
v 0.46434021 2.48533821 -1.02637171
v 0.51262664 2.56160354 -1.026371
v 0.42623901 2.57828521 -1.0181328
v 0.49778747 2.53539657 -1.026371
v 0.53836822 2.61602783 -1.02637076
v 0.45076751 2.62416267 -1.01813232
v 0.52616882 2.58849716 -1.02637124
v 0.55865097 2.67270851 -1.02637076
v 0.47066879 2.6722126 -1.01813197
v 0.54920578 2.64411354 -1.026371
v 0.57328033 2.73111343 -1.02637183
v 0.48576736 2.72199058 -1.01813197
v 0.56668853 2.70173263 -1.02637076
v 0.58211135 2.79066085 -1.02637136
v 0.49591445 2.77301597 -1.01813197
v 0.57843017 2.76077652 -1.02637076
v 0.58507156 2.85079765 -1.02637124
v 0.5010147 2.82479286 -1.01813185
v 0.58432769 2.82069778 -1.026371
v 0.58211135 2.91093254 -1.02637064
v 0.5010147 2.87681198 -1.01813197
v 0.58432769 2.88089942 -1.02637159
v 0.57328033 2.97048759 -1.02637076
v 0.49591445 2.92857742 -1.01813197
v 0.57843017 2.94081878 -1.02637159
v 0.55865097 3.02889061 -1.02637088
v 0.48576736 2.97960472 -1.01813197
v 0.56668853 2.99986839 -1.02637076
v 0.53836822 3.08557319 -1.02637147
v 0.47066879 3.02937889 -1.01813197
v 0.54920578 3.05748367 -1.026371
v 0.51262664 3.13999271 -1.026371
v 0.45076751 3.07744216 -1.01813209
v 0.52616882 3.11309814 -1.02637088
v 0.481678 3.19164753 -1.02637064
v 0.42623901 3.12331962 -1.01813185
v 0.49778747 3.16619491 -1.02637088
v 0.44581222 3.23999118 -1.026371
v 0.39733505 3.16656494 -1.01813197
v 0.46434021 3.21626186 -1.02637124
v 0.40537643 3.28460598 -1.02637124
v 0.36434173 3.20677661 -1.01813185
v 0.42614364 3.26279926 -1.026371
v 0.36077117 3.32503795 -1.02637088
v 0.32755661 3.24356555 -1.01813197
v 0.38356781 3.30536937 -1.026371
v 0.31241607 3.36089801 -1.02637064
v 0.28734588 3.27657032 -1.01813161
v 0.33703231 3.34356594 -1.026371
v 0.26076889 3.39185237 -1.02637064
v 0.24409103 3.30546855 -1.01813197
v 0.28697204 3.37700557 -1.026371
v 0.20635223 3.41760158 -1.02637076
v 0.19821167 3.32998752 -1.01813197
v 0.23387908 3.40538501 -1.02637064
v 0.14966201 3.43788242 -1.02637088
v 0.15015411 3.34989643 -1.01813197
v 0.17825698 3.42843341 -1.02637076
v 0.091259 3.45250988 -1.02637076
v 0.10037231 3.36498737 -1.01813185
v 0.12064361 3.44590663 -1.02637064
v 0.03171157 3.4613409 -1.0263704
v 0.04935455 3.375144 -1.01813185
v 0.0615921 3.45764446 -1.0263704
v -0.02842712 3.46429538 -1.02637052
v -0.0024147 3.38024234 -1.01813197
v 0.00167083 3.46355915 -1.02637028
v -0.05443573 3.38024234 -1.01813197
v -0.0585289 3.46355915 -1.02637028
v -0.07726669 3.34669971 -1.07415723
v -0.12564086 3.33952999 -1.0741564
v -0.10154724 3.34371471 -1.07415711
v -0.17307663 3.32764339 -1.0741564
v -0.14950943 3.33417224 -1.07415711
v -0.21912002 3.31117534 -1.0741564
v -0.19629669 3.31997585 -1.07415711
v -0.26332855 3.29026699 -1.0741564
v -0.24147796 3.30125904 -1.07415723
v -0.30527114 3.26512622 -1.07415628
v -0.28460693 3.27820491 -1.07415723
v -0.34454727 3.23598957 -1.0741564
v -0.32526397 3.25103855 -1.07415711
v -0.38077926 3.20315074 -1.0741564
v -0.36307525 3.22002315 -1.07415747
v -0.41361999 3.1669197 -1.0741564
v -0.39764785 3.18544578 -1.07415723
v -0.44275665 3.12764167 -1.0741564
v -0.42866897 3.14764308 -1.07415723
v -0.46789169 3.08569335 -1.0741564
v -0.45583725 3.10698127 -1.07415711
v -0.48880004 3.04148674 -1.0741564
v -0.47888946 3.06385231 -1.07415711
v -0.50527572 2.99545288 -1.0741564
v -0.49760055 3.01867866 -1.074157
v -0.5171585 2.9480133 -1.07415735
v -0.51179885 2.97187995 -1.07415747
v -0.52433395 2.89963722 -1.07415723
v -0.5213356 2.92391777 -1.07415759
v -0.52672958 2.85079765 -1.07415759
v -0.52613067 2.87524795 -1.07415759
v -0.52433395 2.80195999 -1.07415735
v -0.52613067 2.82635116 -1.07415759
v -0.5171585 2.7535839 -1.07415759
v -0.5213356 2.77768898 -1.07415747
v -0.50527572 2.70614814 -1.07415747
v -0.51179885 2.72971916 -1.07415759
v -0.48880004 2.66010284 -1.07415759
v -0.49760055 2.68292236 -1.07415759
v -0.46789169 2.61590385 -1.07415759
v -0.47888946 2.63774681 -1.07415759
v -0.44275665 2.57396316 -1.07415771
v -0.45583725 2.59461975 -1.07415759
v -0.41361999 2.5346775 -1.07415747
v -0.42866897 2.55395507 -1.07415771
v -0.38077926 2.49844169 -1.07415771
v -0.39764785 2.51615715 -1.07415759
v -0.34454727 2.46560859 -1.07415759
v -0.36307525 2.48157501 -1.07415759
v -0.30527114 2.43647766 -1.07415759
v -0.32526397 2.45056152 -1.07415759
v -0.26332855 2.4113388 -1.07415771
v -0.28460693 2.42339706 -1.07415759
v -0.21912002 2.39042854 -1.07415747
v -0.24147796 2.40033721 -1.07415759
v -0.17307663 2.37395286 -1.07415759
v -0.19629669 2.38161659 -1.07415747
v -0.12564086 2.36206817 -1.07415747
v -0.14950943 2.36742782 -1.07415771
v -0.07726669 2.35489463 -1.07415759
v -0.10154724 2.35788345 -1.07415747
v -0.02842712 2.35249328 -1.07415771
v -0.05288314 2.35309982 -1.07415759
v 0.02041626 2.35489463 -1.07415759
v -0.00397491 2.35309982 -1.07415759
v 0.06879425 2.36206817 -1.07415747
v 0.04469299 2.35788345 -1.07415747
v 0.11622619 2.37395286 -1.07415759
v 0.09265136 2.36742782 -1.07415771
v 0.16226577 2.39042854 -1.07415747
v 0.13945007 2.38161659 -1.07415747
v 0.20647811 2.4113388 -1.07415771
v 0.18462753 2.40033721 -1.07415759
v 0.2484169 2.43647766 -1.07415759
v 0.22774887 2.42339706 -1.07415759
v 0.28770065 2.46560859 -1.07415759
v 0.26840972 2.45056152 -1.07415747
v 0.32392883 2.49844169 -1.07415759
v 0.30621337 2.48157501 -1.07415759
v 0.35676956 2.5346775 -1.07415759
v 0.34078979 2.51615715 -1.07415759
v 0.3859024 2.57396316 -1.07415759
v 0.37181854 2.55395317 -1.07415747
v 0.41104126 2.61590385 -1.07415759
v 0.398983 2.59461975 -1.07415747
v 0.4319458 2.66010284 -1.07415759
v 0.42203521 2.63774681 -1.07415771
v 0.44842529 2.70614814 -1.07415759
v 0.44075012 2.68292236 -1.07415759
v 0.46030426 2.7535839 -1.07415735
v 0.45494461 2.72971916 -1.07415759
v 0.46747589 2.80195999 -1.07415747
v 0.46448516 2.77768898 -1.07415759
v 0.46987915 2.85079765 -1.07415759
v 0.46928405 2.82634925 -1.07415759
v 0.46747589 2.89963722 -1.07415747
v 0.46928405 2.87524795 -1.07415759
v 0.46030426 2.9480133 -1.07415747
v 0.46448516 2.92391777 -1.07415759
v 0.44842529 2.99545288 -1.07415711
v 0.45494461 2.97187995 -1.07415747
v 0.4319458 3.04149055 -1.07415723
v 0.44075012 3.01867866 -1.07415759
v 0.41104126 3.08569335 -1.0741564
v 0.42203521 3.06385231 -1.07415711
v 0.3859024 3.12764167 -1.07415664
v 0.398983 3.10698127 -1.07415711
v 0.35676956 3.1669197 -1.0741564
v 0.37181854 3.14764308 -1.07415711
v 0.32392883 3.20315074 -1.07415628
v 0.34078979 3.18544578 -1.07415723
v 0.28770065 3.23598957 -1.07415628
v 0.30621337 3.22002315 -1.07415723
v 0.2484169 3.26512622 -1.07415628
v 0.26840972 3.25103855 -1.07415711
v 0.20647811 3.29026699 -1.0741564
v 0.22774887 3.27820491 -1.07415711
v 0.16226577 3.31117534 -1.07415676
v 0.18462753 3.30125904 -1.07415723
v 0.11622619 3.32764339 -1.0741564
v 0.13945007 3.31997585 -1.07415711
v 0.06879425 3.33952999 -1.0741564
v 0.09265136 3.33417224 -1.07415711
v 0.02041626 3.34669971 -1.0741564
v 0.04469299 3.34371471 -1.07415711
v -0.02842712 3.34909915 -1.0741564
v -0.00397491 3.34850025 -1.07415711
v -0.05288314 3.34850025 -1.07415711
v -0.02842712 3.5000391 -1.10052192
v -0.04347991 3.46411037 -1.12194275
v -0.06028366 3.4992609 -1.10052192
v -0.04475021 3.51572513 -1.07415711
v -0.04436111 3.49984455 -1.10052192
v -0.02842712 3.42060184 -1.13347685
v -0.04143905 3.380723 -1.13018119
v -0.05638885 3.41991138 -1.13347756
v -0.0424118 3.42043209 -1.13347685
v -0.06742095 3.37944316 -1.13018119
v -0.0842781 3.41786098 -1.13347756
v -0.0735588 3.46263217 -1.12194287
v -0.07034301 3.41906261 -1.13347685
v -0.0920639 3.49691677 -1.10052192
v -0.07735824 3.5141325 -1.074157
v -0.07618713 3.49828243 -1.10052192
v 0.03520965 3.49691677 -1.10052192
v 0.01670455 3.46263027 -1.12194275
v 0.00342941 3.4992609 -1.10052192
v 0.02050018 3.5141325 -1.074157
v 0.01934051 3.49828243 -1.10052192
v 0.02742767 3.41786098 -1.13347685
v 0.01057052 3.37944316 -1.13018119
v -0.0004692 3.41991138 -1.13347756
v 0.01349258 3.41906261 -1.13347685
v -0.01541519 3.380723 -1.13018119
v -0.01336669 3.46411037 -1.12194287
v -0.01444244 3.42043209 -1.13347685
v -0.01210403 3.51572513 -1.07415711
v -0.01248931 3.49984455 -1.10052192
v 0.09823608 3.48756504 -1.10052192
v 0.07645797 3.45526218 -1.12194275
v 0.06684112 3.49301815 -1.10052192
v 0.08528518 3.50613308 -1.07415723
v 0.08256912 3.49049091 -1.10052192
v 0.08273315 3.40965938 -1.13347685
v 0.06219482 3.37307834 -1.13018119
v 0.05517959 3.41443729 -1.13347756
v 0.06899261 3.41221523 -1.13347685
v 0.03646087 3.37689876 -1.13018119
v 0.04667282 3.45967769 -1.12194287
v 0.0413208 3.41631412 -1.13347685
v 0.05299377 3.51092243 -1.07415711
v 0.05104827 3.49515628 -1.10052192
v 0.16003418 3.47209072 -1.10052192
v 0.1352005 3.44207286 -1.12194275
v 0.12932586 3.48059177 -1.1005218
v 0.14897537 3.49184131 -1.07415711
v 0.14473342 3.47651195 -1.1005218
v 0.13698196 3.39606571 -1.13347685
v 0.11295318 3.3616724 -1.13018119
v 0.11002349 3.40352344 -1.13347756
v 0.1235466 3.39996624 -1.13347685
v 0.08771514 3.36799716 -1.13018119
v 0.10599517 3.44938373 -1.12194287
v 0.09641647 3.4067583 -1.13347685
v 0.11730575 3.49976825 -1.07415711
v 0.11382675 3.48427295 -1.1005218
v 0.22002792 3.4506216 -1.10052192
v 0.19236755 3.42318439 -1.12194275
v 0.19029617 3.4620924 -1.10052192
v 0.21095275 3.47136592 -1.07415711
v 0.20523452 3.45653629 -1.10052192
v 0.18962478 3.37722492 -1.13347685
v 0.16234588 3.34535884 -1.13018119
v 0.16353225 3.38729763 -1.13347756
v 0.17664337 3.38242054 -1.13347685
v 0.1378479 3.35412693 -1.13018119
v 0.1640129 3.43332958 -1.12194287
v 0.15031433 3.39183712 -1.13347685
v 0.18021392 3.4823637 -1.074157
v 0.17522811 3.46727085 -1.10052192
v 0.27762222 3.42338085 -1.10052192
v 0.247406 3.39879131 -1.12194275
v 0.24916458 3.43770885 -1.10052192
v 0.27062606 3.44491672 -1.07415723
v 0.26347732 3.43072414 -1.10052192
v 0.24017334 3.35331821 -1.13347685
v 0.20990371 3.32427692 -1.13018119
v 0.2151947 3.36588764 -1.13347756
v 0.22776413 3.35975933 -1.13347685
v 0.1863861 3.33540439 -1.13018119
v 0.22018432 3.41165828 -1.12194287
v 0.20248031 3.37172031 -1.13347685
v 0.24111557 3.45887279 -1.07415735
v 0.23467636 3.44434642 -1.10052192
v 0.33227539 3.39063167 -1.10052192
v 0.29979324 3.36911678 -1.12194275
v 0.30535125 3.40766811 -1.10052192
v 0.32741928 3.41273784 -1.07415723
v 0.31892013 3.39931392 -1.10052192
v 0.28814315 3.32457256 -1.13347685
v 0.25516891 3.29863452 -1.13018119
v 0.26450729 3.33953189 -1.13347756
v 0.27641296 3.33220005 -1.13347685
v 0.23285293 3.31201458 -1.13018119
v 0.27396392 3.38459682 -1.12194287
v 0.25242996 3.34657192 -1.13347685
v 0.29941558 3.42952823 -1.07415711
v 0.29158783 3.41570377 -1.10052192
v 0.38344955 3.35267353 -1.10052192
v 0.34901428 3.33444881 -1.12194275
v 0.35832595 3.37227726 -1.10052192
v 0.38079071 3.37516117 -1.07415711
v 0.37100982 3.36262416 -1.10052192
v 0.33305358 3.29126262 -1.13347685
v 0.29769897 3.26868534 -1.13018119
v 0.31100463 3.30845928 -1.13347756
v 0.32213592 3.29999828 -1.13347685
v 0.27679824 3.28419017 -1.13018119
v 0.3248291 3.35238933 -1.12194287
v 0.29967117 3.31665325 -1.13347685
v 0.35456085 3.39460277 -1.07415723
v 0.34541702 3.3816061 -1.10052192
v 0.43066024 3.30988025 -1.10052192
v 0.39460372 3.29511928 -1.12194275
v 0.40757751 3.33185291 -1.10052192
v 0.43021011 3.33251857 -1.074157
v 0.4192543 3.32101726 -1.10052192
v 0.37448883 3.25371456 -1.13347685
v 0.33708572 3.23470592 -1.13018119
v 0.35423278 3.27299785 -1.13347756
v 0.36447525 3.26348209 -1.13347685
v 0.31781005 3.25217533 -1.13018119
v 0.37229156 3.3153429 -1.12194287
v 0.34376144 3.28225803 -1.13347685
v 0.40602111 3.35443782 -1.07415711
v 0.39564514 3.34241771 -1.10052192
v 0.4734497 3.26268482 -1.10052192
v 0.43611526 3.25152111 -1.12194275
v 0.45262908 3.28680133 -1.10052192
v 0.47521972 3.28525447 -1.07415723
v 0.46318817 3.27487468 -1.10052192
v 0.41203689 3.21228122 -1.13347685
v 0.37295532 3.19703388 -1.13018119
v 0.39376831 3.23345661 -1.13347756
v 0.40303039 3.22298336 -1.13347685
v 0.35548782 3.21631717 -1.13018119
v 0.41590118 3.27383136 -1.12194287
v 0.38425064 3.24369335 -1.13347685
v 0.45329284 3.3094263 -1.07415711
v 0.44178772 3.29847621 -1.10052192
v 0.51139831 3.21149921 -1.10052192
v 0.47315979 3.20405674 -1.12194275
v 0.49304962 3.23756313 -1.10052192
v 0.51537704 3.2337923 -1.07415759
v 0.502388 3.22463703 -1.10052192
v 0.44534683 3.16736412 -1.13347685
v 0.40496063 3.1560316 -1.13018119
v 0.42924499 3.19023323 -1.13347756
v 0.43743515 3.17890167 -1.13347685
v 0.38946151 3.17691612 -1.13018119
v 0.45522308 3.22824573 -1.12194287
v 0.42077255 3.20136165 -1.13347685
v 0.49592971 3.26001071 -1.07415711
v 0.48340606 3.25023937 -1.10052192
v 0.54415512 3.156847 -1.10052192
v 0.50536727 3.15318965 -1.12194275
v 0.52844619 3.18457984 -1.10052192
v 0.55029678 3.17864418 -1.07415711
v 0.53647232 3.17081069 -1.10052192
v 0.47409057 3.11940193 -1.13347685
v 0.43278884 3.11206817 -1.13018119
v 0.46031189 3.14373302 -1.13347756
v 0.46735382 3.13165378 -1.13347685
v 0.41941833 3.13439083 -1.13018119
v 0.48988723 3.17901611 -1.12194287
v 0.45297241 3.15564441 -1.13347685
v 0.53351593 3.2066431 -1.07415711
v 0.52008819 3.19814586 -1.10052192
v 0.57139968 3.09925079 -1.10052192
v 0.53243637 3.09941101 -1.12194287
v 0.55848312 3.12839126 -1.10052192
v 0.57964706 3.12034034 -1.07415711
v 0.56512451 3.11390495 -1.10052192
v 0.49800109 3.0688591 -1.13347685
v 0.45618438 3.06560897 -1.13018119
v 0.48666763 3.0944252 -1.13347756
v 0.49249649 3.08171272 -1.13347685
v 0.44505691 3.08912658 -1.13018119
v 0.51956558 3.12663459 -1.12194287
v 0.4805336 3.106987 -1.13347685
v 0.56568527 3.1498537 -1.07415711
v 0.55149459 3.14270305 -1.10052192
v 0.5928688 3.03926467 -1.10052192
v 0.55411148 3.04323768 -1.12194275
v 0.58286666 3.06953239 -1.10052192
v 0.60313415 3.05943107 -1.07415735
v 0.58805084 3.05444717 -1.10052192
v 0.51684188 3.01620292 -1.13347685
v 0.4749031 3.01708221 -1.13018119
v 0.50806808 3.04275894 -1.13347756
v 0.51261901 3.02952957 -1.13347685
v 0.46613693 3.04157829 -1.13018119
v 0.54396057 3.07159233 -1.12194287
v 0.50319671 3.05586814 -1.13347685
v 0.59214019 3.09018516 -1.07415723
v 0.57731628 3.08445739 -1.10052192
v 0.60834503 2.97746276 -1.10052192
v 0.57016372 2.98522186 -1.12194275
v 0.60136032 3.00855445 -1.10052192
v 0.62054443 2.99653434 -1.07415747
v 0.6050415 2.9930439 -1.10052192
v 0.53042984 2.96196746 -1.13347685
v 0.48877716 2.96694374 -1.13018119
v 0.52430343 2.98924827 -1.13347756
v 0.52752685 2.97564315 -1.13347685
v 0.4824562 2.99217796 -1.13018119
v 0.56285095 3.01442527 -1.12194287
v 0.52073669 3.00277328 -1.13347685
v 0.61260986 3.02819824 -1.07415747
v 0.59730148 3.0239582 -1.10052192
v 0.61769485 2.91443443 -1.10052192
v 0.58045578 2.92589378 -1.12194275
v 0.6137886 2.94606018 -1.10052192
v 0.63170623 2.93221283 -1.07415747
v 0.61593627 2.93028068 -1.10052192
v 0.53863143 2.90665054 -1.13347756
v 0.49766922 2.91568756 -1.13018119
v 0.53521347 2.934412 -1.13347756
v 0.5370903 2.92054748 -1.13347685
v 0.4938507 2.94142341 -1.13018119
v 0.57603454 2.95567894 -1.12194287
v 0.53298568 2.94820976 -1.13347685
v 0.62691879 2.96451568 -1.07415735
v 0.61125946 2.96179962 -1.10052192
v 0.62081909 2.85079956 -1.10052192
v 0.58488082 2.86585998 -1.12194275
v 0.62003326 2.88265037 -1.10052192
v 0.63650512 2.86711502 -1.07415747
v 0.62062835 2.86673927 -1.10052192
v 0.5413742 2.85079956 -1.13347685
v 0.50149536 2.86381149 -1.13018119
v 0.54069137 2.87875938 -1.13347756
v 0.54120254 2.86478614 -1.13347685
v 0.50022506 2.88979148 -1.13018119
v 0.58340454 2.89593124 -1.12194287
v 0.53983688 2.89272308 -1.13347685
v 0.63490676 2.89972686 -1.07415747
v 0.61906051 2.89855766 -1.10052192
v 0.61769485 2.78716087 -1.10052192
v 0.58340454 2.80566978 -1.12194275
v 0.62003326 2.8189392 -1.10052192
v 0.63490676 2.80187034 -1.07415723
v 0.61906051 2.80303573 -1.10052192
v 0.53863143 2.79494857 -1.13347756
v 0.50022506 2.81180763 -1.13018202
v 0.54069137 2.82283973 -1.13347756
v 0.53983688 2.80888176 -1.13347756
v 0.50149536 2.83779144 -1.13018119
v 0.58488082 2.83574295 -1.12194287
v 0.54120254 2.83681869 -1.13347756
v 0.63650512 2.83447456 -1.07415723
v 0.62062835 2.83486938 -1.10052192
v 0.60834503 2.72413826 -1.10052192
v 0.57603454 2.74592018 -1.12194275
v 0.6137886 2.75552558 -1.10052192
v 0.62691879 2.73708725 -1.07415759
v 0.61125946 2.7397995 -1.10052192
v 0.53042984 2.73963928 -1.13347756
v 0.4938507 2.76016998 -1.13018214
v 0.53521347 2.76718902 -1.13347756
v 0.53298568 2.75337982 -1.13347756
v 0.49766922 2.78591537 -1.13018202
v 0.58045578 2.7756977 -1.12194287
v 0.5370903 2.78105354 -1.13347756
v 0.63170623 2.76937675 -1.07415723
v 0.61593627 2.77132606 -1.10052192
v 0.5928688 2.66232872 -1.10052192
v 0.56284332 2.68717575 -1.12194275
v 0.60136032 2.69304084 -1.10052192
v 0.61260986 2.67339897 -1.07415759
v 0.59730148 2.677639 -1.10052192
v 0.51684188 2.68538665 -1.13347756
v 0.4824562 2.70942306 -1.1301819
v 0.52430343 2.71235084 -1.13347756
v 0.52073669 2.69882774 -1.13347756
v 0.48877716 2.73465538 -1.1301819
v 0.57016372 2.71637344 -1.12194287
v 0.52752685 2.72594833 -1.13347804
v 0.62054443 2.70506286 -1.07415747
v 0.6050415 2.7085495 -1.10052192
v 0.57139968 2.6023426 -1.10052192
v 0.54396057 2.63000679 -1.12194275
v 0.58286666 2.63207435 -1.10052192
v 0.59214019 2.61141395 -1.07415747
v 0.57731628 2.6171379 -1.10052192
v 0.49800109 2.63274765 -1.13347756
v 0.46613693 2.66002273 -1.13018202
v 0.50806808 2.65884017 -1.13347756
v 0.50319671 2.64572906 -1.13347756
v 0.4749031 2.6845169 -1.13018202
v 0.55411148 2.65834999 -1.12194287
v 0.51261901 2.67205619 -1.13347756
v 0.60313415 2.64216041 -1.07415759
v 0.58805084 2.64714622 -1.10052192
v 0.54415512 2.54475021 -1.10052192
v 0.51956558 2.57496261 -1.12194275
v 0.55848312 2.57321167 -1.10052192
v 0.56568527 2.55174636 -1.07415747
v 0.55149459 2.5588932 -1.10052192
v 0.47409057 2.58219337 -1.13347756
v 0.44505691 2.61247062 -1.1301819
v 0.48666763 2.60717582 -1.13347756
v 0.4805336 2.59461593 -1.13347756
v 0.45618438 2.63599014 -1.1301819
v 0.53243637 2.60217857 -1.12194287
v 0.49249649 2.6198883 -1.13347756
v 0.57964706 2.58126258 -1.07415759
v 0.56512451 2.58769989 -1.10052192
v 0.51139831 2.49010086 -1.10052192
v 0.48988723 2.52257728 -1.12194287
v 0.52844619 2.51701927 -1.10052204
v 0.53351593 2.49495697 -1.07415759
v 0.52008819 2.5034523 -1.10052192
v 0.44534683 2.534235 -1.13347756
v 0.41941833 2.56721115 -1.13018202
v 0.46031189 2.55785942 -1.13347756
v 0.45297241 2.54595565 -1.13347756
v 0.43278884 2.58952522 -1.13018202
v 0.50536727 2.54841613 -1.12194287
v 0.46735382 2.56994438 -1.13347756
v 0.55029678 2.52296257 -1.07415759
v 0.53647232 2.5307846 -1.10052192
v 0.4734497 2.43891716 -1.10052192
v 0.45522308 2.47335434 -1.12194275
v 0.49304962 2.46403884 -1.10052192
v 0.49592971 2.44158935 -1.07415759
v 0.48340606 2.45135879 -1.10052192
v 0.41203689 2.48931694 -1.13347756
v 0.38946151 2.5246849 -1.1301819
v 0.42924499 2.51136398 -1.13347756
v 0.42077255 2.50024223 -1.13347756
v 0.40496063 2.54556655 -1.1301819
v 0.47315979 2.49753379 -1.12194287
v 0.43743515 2.52270698 -1.13347756
v 0.51537704 2.46781349 -1.07415747
v 0.502388 2.47696495 -1.10052192
v 0.43066024 2.39171409 -1.10052192
v 0.41590118 2.42777633 -1.12194275
v 0.45262908 2.4147911 -1.10052192
v 0.45329284 2.39216423 -1.07415759
v 0.44178772 2.40312194 -1.10052192
v 0.37448883 2.44788742 -1.13347768
v 0.35548782 2.4852848 -1.1301825
v 0.39376831 2.46813774 -1.13347768
v 0.38425064 2.45788955 -1.13347756
v 0.37295532 2.50456237 -1.1301825
v 0.43611526 2.45008277 -1.12194287
v 0.40303039 2.47861862 -1.13347756
v 0.47521972 2.41634559 -1.07415759
v 0.46318817 2.42672729 -1.10052192
v 0.38344955 2.34893035 -1.10052204
v 0.37229156 2.38625526 -1.12194275
v 0.40757751 2.36973381 -1.10052192
v 0.40602111 2.34716415 -1.07415747
v 0.39564514 2.35918617 -1.10052192
v 0.33305358 2.41033935 -1.13347768
v 0.31780624 2.44942474 -1.1301825
v 0.35423278 2.42860031 -1.13347756
v 0.34376144 2.41934394 -1.13347768
v 0.33708572 2.46688652 -1.1301819
v 0.39460372 2.40647506 -1.12194287
v 0.36447525 2.43811798 -1.13347756
v 0.43021011 2.36907196 -1.07415759
v 0.4192543 2.38058471 -1.10052192
v 0.33227539 2.31097221 -1.10052192
v 0.3248291 2.34921073 -1.12194287
v 0.35832595 2.32932472 -1.10052192
v 0.35456085 2.3069992 -1.07415759
v 0.34541702 2.31999015 -1.10052204
v 0.28814315 2.37702369 -1.13347804
v 0.27679824 2.41740989 -1.13018202
v 0.31100463 2.39313316 -1.13347816
v 0.29967117 2.38494491 -1.13347756
v 0.29769897 2.43290901 -1.1301825
v 0.34901428 2.36715126 -1.12194287
v 0.32213592 2.40159606 -1.1334778
v 0.38079071 2.32644271 -1.07415771
v 0.37100982 2.33896827 -1.10052192
v 0.27762222 2.27822113 -1.10052192
v 0.27396392 2.31700325 -1.12194287
v 0.30535125 2.29393005 -1.10052192
v 0.29941558 2.27207565 -1.07415759
v 0.29158783 2.2858982 -1.10052204
v 0.24017334 2.34827995 -1.13347768
v 0.23285293 2.38958358 -1.1301825
v 0.26450729 2.36206817 -1.13347768
v 0.25242996 2.3550167 -1.13347756
v 0.25516891 2.402956 -1.13018202
v 0.29979324 2.33249092 -1.12194287
v 0.27641296 2.36940002 -1.13347768
v 0.32741928 2.28886032 -1.07415759
v 0.31892013 2.30228042 -1.10052192
v 0.22002792 2.25097274 -1.10052192
v 0.22018432 2.28993988 -1.12194275
v 0.24916458 2.26388549 -1.10052192
v 0.24111557 2.24272728 -1.07415771
v 0.23467636 2.25725174 -1.10052192
v 0.18962478 2.32437133 -1.13347768
v 0.1863861 2.36619377 -1.13018226
v 0.2151947 2.33570289 -1.13347756
v 0.20248031 2.32988357 -1.13347756
v 0.20990371 2.37732315 -1.1301825
v 0.247406 2.30280876 -1.12194287
v 0.22776413 2.34183692 -1.13347768
v 0.27062606 2.25668525 -1.07415759
v 0.26347732 2.27087783 -1.10052192
v 0.16003418 2.22950744 -1.10052192
v 0.1640129 2.26826286 -1.12194275
v 0.19029617 2.23950958 -1.10052192
v 0.18021392 2.21923446 -1.07415771
v 0.17522811 2.23432159 -1.10052204
v 0.13698196 2.30553627 -1.1334778
v 0.1378479 2.34747505 -1.1301825
v 0.16353225 2.31430053 -1.13347768
v 0.15031433 2.30975532 -1.13347768
v 0.16234588 2.35624122 -1.1301819
v 0.19236755 2.27840805 -1.12194287
v 0.17664337 2.31917762 -1.13347804
v 0.21095275 2.23023223 -1.07415771
v 0.20523452 2.24505996 -1.10052204
v 0.09823608 2.21402359 -1.10052204
v 0.10599517 2.25221252 -1.12194275
v 0.12932586 2.22101402 -1.10052204
v 0.11730575 2.201828 -1.07415759
v 0.11382675 2.21732902 -1.10052192
v 0.08273315 2.29194068 -1.13347768
v 0.08771514 2.3336029 -1.1301825
v 0.11002349 2.2980709 -1.13347804
v 0.09641647 2.29484367 -1.13347756
v 0.11295318 2.33992385 -1.13018226
v 0.1352005 2.2595272 -1.12194287
v 0.1235466 2.30163002 -1.13347756
v 0.14897537 2.20976257 -1.07415759
v 0.14473342 2.22507476 -1.10052192
v 0.03520965 2.20468902 -1.10052204
v 0.04667282 2.24191665 -1.12194287
v 0.06684112 2.20858764 -1.10052192
v 0.05299377 2.19067573 -1.07415759
v 0.05104827 2.20643425 -1.10052204
v 0.02742767 2.2837429 -1.1334778
v 0.03646087 2.32469749 -1.1301825
v 0.05517959 2.28716087 -1.13347804
v 0.0413208 2.28527832 -1.1334778
v 0.06219482 2.32852363 -1.1301825
v 0.07645797 2.24633026 -1.12194287
v 0.06899261 2.28938102 -1.13347816
v 0.08528518 2.19546127 -1.07415747
v 0.08256912 2.21110916 -1.10052192
v -0.02842712 2.20156097 -1.10052204
v -0.01336669 2.23748588 -1.12194287
v 0.00342941 2.2023468 -1.10052204
v -0.01210403 2.18587112 -1.07415759
v -0.01248931 2.2017498 -1.10052204
v -0.02842712 2.2809925 -1.13347804
v -0.01541519 2.32088089 -1.1301819
v -0.0004692 2.28168487 -1.13347816
v -0.01444244 2.28116798 -1.13347768
v 0.01057052 2.32216262 -1.13018226
v 0.01670455 2.23896408 -1.12194299
v 0.01349258 2.28253746 -1.13347768
v 0.02050018 2.18746757 -1.07415759
v 0.01934051 2.20331764 -1.10052204
v -0.0920639 2.20468902 -1.10052204
v -0.0735588 2.23896408 -1.12194287
v -0.06028366 2.2023468 -1.10052204
v -0.07735824 2.18746757 -1.07415759
v -0.07618713 2.20331764 -1.10052204
v -0.0842781 2.2837429 -1.1334778
v -0.06742095 2.32216262 -1.13018226
v -0.05638885 2.28168487 -1.13347816
v -0.07034301 2.28253746 -1.13347768
v -0.04143905 2.32088089 -1.1301819
v -0.04347991 2.23748588 -1.12194287
v -0.0424118 2.28116798 -1.13347768
v -0.04475021 2.18587112 -1.07415759
v -0.04436111 2.2017498 -1.10052204
v -0.1550827 2.21402359 -1.10052204
v -0.13330841 2.24633026 -1.12194287
v -0.12369155 2.20858573 -1.10052204
v -0.14213943 2.19546127 -1.07415747
v -0.13942337 2.21110916 -1.10052204
v -0.13959121 2.29194068 -1.13347768
v -0.11905288 2.32852363 -1.1301825
v -0.11203384 2.28716087 -1.13347804
v -0.12583923 2.28938102 -1.13347756
v -0.09331512 2.32469749 -1.1301825
v -0.10352325 2.24191665 -1.12194299
v -0.09817504 2.28527832 -1.1334778
v -0.1098442 2.19067573 -1.07415759
v -0.10790252 2.20643425 -1.10052204
v -0.21688842 2.22950744 -1.10052204
v -0.19205093 2.2595272 -1.12194275
v -0.1861763 2.22101402 -1.10052204
v -0.20582962 2.20976257 -1.07415759
v -0.20158767 2.22507476 -1.10052204
v -0.19383239 2.30553627 -1.1334778
v -0.16980743 2.33992385 -1.13018226
v -0.16687393 2.2980709 -1.13347804
v -0.18040084 2.30163002 -1.13347756
v -0.14456939 2.3336029 -1.1301825
v -0.16284179 2.25221252 -1.12194287
v -0.15327072 2.29484367 -1.13347756
v -0.17415618 2.201828 -1.07415759
v -0.17067718 2.21732902 -1.10052192
v -0.27688217 2.25097274 -1.10052192
v -0.2492218 2.27840805 -1.12194275
v -0.24715042 2.23950958 -1.10052192
v -0.26779937 2.23023223 -1.07415771
v -0.26208496 2.24505996 -1.10052192
v -0.24647903 2.32437133 -1.13347768
v -0.21920394 2.35624122 -1.1301819
v -0.2203865 2.31430053 -1.13347768
v -0.23349762 2.31917762 -1.13347804
v -0.19470214 2.34747505 -1.1301825
v -0.22087097 2.26826286 -1.12194287
v -0.20716476 2.30975532 -1.13347768
v -0.23706436 2.21923446 -1.07415771
v -0.23208236 2.23432159 -1.10052204
v -0.33447647 2.27822113 -1.10052192
v -0.30426406 2.30280876 -1.12194275
v -0.30601501 2.26388549 -1.10052192
v -0.3274765 2.25668525 -1.07415759
v -0.32033538 2.27087783 -1.10052192
v -0.29703521 2.34827995 -1.13347768
v -0.26675796 2.37732315 -1.1301825
v -0.27205276 2.33570289 -1.13347756
v -0.28461837 2.34183692 -1.13347768
v -0.24323654 2.36619377 -1.13018226
v -0.27703857 2.28993988 -1.12194287
v -0.25933837 2.32988357 -1.13347756
v -0.297966 2.24272728 -1.07415771
v -0.29152679 2.25725174 -1.10052192
v -0.38912582 2.31097221 -1.10052192
v -0.35664367 2.33249092 -1.12194287
v -0.3622055 2.29393005 -1.10052192
v -0.38427352 2.28886032 -1.07415759
v -0.37577056 2.30228042 -1.10052204
v -0.34498977 2.37702369 -1.13347768
v -0.31202316 2.402956 -1.1301819
v -0.32136535 2.36206817 -1.13347816
v -0.33326339 2.36940002 -1.13347768
v -0.28971099 2.38958358 -1.1301825
v -0.33081817 2.31700325 -1.12194287
v -0.30928421 2.3550167 -1.13347756
v -0.35626983 2.27207565 -1.07415759
v -0.34843826 2.2858982 -1.10052204
v -0.44029998 2.34893035 -1.10052204
v -0.40587234 2.36715126 -1.12194287
v -0.4151802 2.32932472 -1.10052192
v -0.43763732 2.32644271 -1.07415759
v -0.42786407 2.33896827 -1.10052204
v -0.38990402 2.41033935 -1.13347768
v -0.3545494 2.43290901 -1.1301825
v -0.36785888 2.39313507 -1.1334778
v -0.37899017 2.40159606 -1.1334778
v -0.33364868 2.41740989 -1.13018202
v -0.38167953 2.34921073 -1.12194287
v -0.35651779 2.38494491 -1.13347756
v -0.4114151 2.3069992 -1.07415759
v -0.40226745 2.31999015 -1.10052192
v -0.48751449 2.39171409 -1.10052192
v -0.45145797 2.40647506 -1.12194287
v -0.46443557 2.36974906 -1.10052192
v -0.48706436 2.36907196 -1.07415759
v -0.47610092 2.38058471 -1.10052192
v -0.43133544 2.44788742 -1.13347768
v -0.39393997 2.46688652 -1.1301819
v -0.41108322 2.42860031 -1.13347756
v -0.42132568 2.43811798 -1.13347756
v -0.37465667 2.44942474 -1.1301825
v -0.42914581 2.38625526 -1.12194287
v -0.40060806 2.41934394 -1.13347768
v -0.46287536 2.34716415 -1.07415759
v -0.45249939 2.35918617 -1.10052192
v -0.53030014 2.43891716 -1.10052192
v -0.49296951 2.45008277 -1.12194275
v -0.50948715 2.4147911 -1.10052192
v -0.53207016 2.41635513 -1.07415735
v -0.52004241 2.42672729 -1.10052192
v -0.46889114 2.48931694 -1.13347756
v -0.42980957 2.50456237 -1.1301825
v -0.45061874 2.46813774 -1.13347768
v -0.45988464 2.47861862 -1.13347756
v -0.41233444 2.4852848 -1.1301825
v -0.4727478 2.42777633 -1.12194287
v -0.44110488 2.45789718 -1.13347768
v -0.5101509 2.39216423 -1.07415759
v -0.49863815 2.40312194 -1.10052192
v -0.56825637 2.49010086 -1.10052192
v -0.53001022 2.49753379 -1.12194275
v -0.54990387 2.46403884 -1.10052192
v -0.57223129 2.46781349 -1.07415759
v -0.55923461 2.47696495 -1.10052192
v -0.50220108 2.534235 -1.13347756
v -0.46181106 2.54556655 -1.1301819
v -0.48610305 2.51136398 -1.13347756
v -0.49428558 2.52270698 -1.13347768
v -0.44631576 2.5246849 -1.1301819
v -0.51207351 2.47335434 -1.12194287
v -0.4776268 2.50024223 -1.13347756
v -0.55277633 2.44158935 -1.07415759
v -0.54025268 2.45135879 -1.10052192
v -0.60100555 2.54475402 -1.10052204
v -0.56222152 2.54841613 -1.12194275
v -0.58530426 2.51701927 -1.10052204
v -0.60715103 2.52296066 -1.07415759
v -0.59332275 2.5307846 -1.10052192
v -0.53094482 2.58219337 -1.13347756
v -0.48964309 2.58952522 -1.13018202
v -0.51716232 2.55785942 -1.13347756
v -0.52420425 2.56994438 -1.13347756
v -0.47626495 2.56721115 -1.13018214
v -0.54674148 2.52257728 -1.12194287
v -0.50983047 2.54595565 -1.13347756
v -0.59036636 2.49495697 -1.07415759
v -0.57694625 2.5034523 -1.10052192
v -0.6282463 2.6023426 -1.10052192
v -0.58929443 2.60217857 -1.12194275
v -0.61533355 2.57321167 -1.10052192
v -0.63649368 2.58126258 -1.07415747
v -0.62197113 2.58769989 -1.10052192
v -0.55485916 2.63274765 -1.13347756
v -0.513031 2.63599014 -1.1301819
v -0.54351806 2.60717582 -1.13347756
v -0.54934692 2.6198883 -1.13347756
v -0.50190734 2.61247062 -1.13018214
v -0.57641983 2.57496261 -1.12194287
v -0.53738784 2.59461593 -1.13347756
v -0.62253952 2.55175209 -1.07415759
v -0.60834884 2.5588932 -1.10052192
v -0.6497116 2.66232872 -1.10052192
v -0.61095809 2.65834999 -1.12194275
v -0.63972091 2.63207435 -1.10052192
v -0.6599884 2.64216041 -1.07415759
v -0.64490127 2.64714622 -1.10052192
v -0.57369232 2.68538665 -1.13347756
v -0.53175735 2.6845169 -1.13018202
v -0.56492233 2.65884017 -1.13347756
v -0.56946945 2.67205619 -1.13347756
v -0.52298736 2.66002273 -1.13018202
v -0.600811 2.63000679 -1.12194287
v -0.56004715 2.64572906 -1.13347756
v -0.64899063 2.61141777 -1.07415747
v -0.63416671 2.6171379 -1.10052192
v -0.66519928 2.72413826 -1.10052192
v -0.62701797 2.71637344 -1.12194275
v -0.65821456 2.69304084 -1.10052192
v -0.67739486 2.70506286 -1.07415747
v -0.66189956 2.7085495 -1.10052192
v -0.58728408 2.73963928 -1.13347756
v -0.54562759 2.73465538 -1.1301819
v -0.58115005 2.71235084 -1.13347756
v -0.58438491 2.72594833 -1.13347804
v -0.53930664 2.70942306 -1.1301819
v -0.61969757 2.68717575 -1.12194287
v -0.57758712 2.69882774 -1.13347756
v -0.66946411 2.67339897 -1.07415759
v -0.65415573 2.677639 -1.10052192
v -0.67454528 2.78716087 -1.10052192
v -0.63730621 2.7756977 -1.12194275
v -0.67064285 2.75552558 -1.10052192
v -0.68855667 2.76937675 -1.0741564
v -0.67279052 2.77132606 -1.10052192
v -0.59548568 2.79494857 -1.13347756
v -0.55452346 2.78591537 -1.1301819
v -0.59206008 2.76718902 -1.13347756
v -0.59394073 2.78105354 -1.13347756
v -0.55070495 2.76016998 -1.13018202
v -0.63288879 2.74592018 -1.12194287
v -0.58983993 2.75339126 -1.13347756
v -0.68376541 2.73708725 -1.07415759
v -0.6681137 2.7397995 -1.10052192
v -0.67766952 2.85079956 -1.10052192
v -0.64173507 2.83574295 -1.12194275
v -0.67689132 2.8189392 -1.10052192
v -0.69336319 2.83447456 -1.07415759
v -0.67747497 2.83486938 -1.10052192
v -0.59823226 2.85079956 -1.13347709
v -0.55835342 2.83779144 -1.1301819
v -0.59754562 2.82283973 -1.13347756
v -0.59805679 2.83681869 -1.13347756
v -0.5570755 2.81180763 -1.13018202
v -0.6402626 2.80566978 -1.12194287
v -0.5966835 2.80888176 -1.13347709
v -0.6917572 2.80187034 -1.07415723
v -0.67591095 2.80303573 -1.10052204
v -0.67454528 2.91443443 -1.10052192
v -0.6402626 2.89593124 -1.12194275
v -0.67689132 2.88265037 -1.10052192
v -0.6917572 2.89972686 -1.07415723
v -0.67591095 2.89855766 -1.10052192
v -0.59548568 2.90665054 -1.13347756
v -0.5570755 2.88979148 -1.1301819
v -0.59754562 2.87875938 -1.13347756
v -0.5966835 2.89271926 -1.13347756
v -0.55835342 2.86380958 -1.1301819
v -0.64173507 2.86585998 -1.12194287
v -0.59805679 2.86478614 -1.13347768
v -0.69336319 2.86711502 -1.07415759
v -0.67747497 2.86673927 -1.10052192
v -0.66519928 2.97746276 -1.10052192
v -0.63288879 2.95567894 -1.12194275
v -0.67064285 2.94606018 -1.10052192
v -0.68376541 2.96451568 -1.07415735
v -0.6681137 2.96179962 -1.10052192
v -0.58728408 2.96196746 -1.13347685
v -0.55070495 2.94142341 -1.13018119
v -0.59206008 2.934412 -1.13347756
v -0.58983993 2.94820976 -1.13347685
v -0.55452346 2.91568565 -1.13018119
v -0.63730621 2.92589378 -1.12194287
v -0.59394073 2.92054557 -1.13347756
v -0.68855667 2.93221283 -1.07415747
v -0.67279052 2.93028068 -1.10052192
v -0.6497116 3.03926467 -1.10052192
v -0.61969757 3.01442527 -1.12194275
v -0.65821456 3.00855445 -1.10052192
v -0.66946411 3.02820015 -1.07415711
v -0.65415573 3.0239582 -1.10052192
v -0.57369232 3.01620292 -1.13347685
v -0.53930664 2.99217796 -1.13018119
v -0.58115005 2.98924827 -1.13347756
v -0.57758712 3.00277328 -1.13347685
v -0.54562759 2.96694374 -1.13018119
v -0.62701797 2.98522186 -1.12194287
v -0.58438491 2.97564315 -1.13347685
v -0.67739486 2.99653434 -1.07415711
v -0.66189956 2.9930439 -1.10052192
v -0.6282463 3.09925079 -1.10052192
v -0.600811 3.07159233 -1.12194275
v -0.63972091 3.06953239 -1.10052192
v -0.64899063 3.09018516 -1.07415711
v -0.63416671 3.08445739 -1.10052192
v -0.55485916 3.0688591 -1.13347685
v -0.52298736 3.04157829 -1.13018119
v -0.56492233 3.04275894 -1.13347756
v -0.56004715 3.05586814 -1.13347685
v -0.53175735 3.01708221 -1.13018119
v -0.61095809 3.04323768 -1.12194287
v -0.56946945 3.02952957 -1.13347685
v -0.6599884 3.05944252 -1.07415711
v -0.64490127 3.05444717 -1.10052192
v -0.60100555 3.156847 -1.10052192
v -0.57641983 3.12663459 -1.12194287
v -0.61533355 3.12839126 -1.10052192
v -0.62253952 3.1498537 -1.07415735
v -0.60834884 3.14270305 -1.10052192
v -0.53094482 3.11940193 -1.13347685
v -0.50190734 3.08912658 -1.13018119
v -0.54351806 3.0944252 -1.13347756
v -0.53738784 3.106987 -1.13347685
v -0.513031 3.06560897 -1.13018119
v -0.58929443 3.09941101 -1.12194287
v -0.54934692 3.08171272 -1.13347685
v -0.63649368 3.12034034 -1.07415747
v -0.62197113 3.11390495 -1.10052192
v -0.56825637 3.21149921 -1.10052192
v -0.54674148 3.17901611 -1.12194275
v -0.58530426 3.18457984 -1.10052192
v -0.59036636 3.2066431 -1.07415711
v -0.57694625 3.19814586 -1.10052192
v -0.50220108 3.16736412 -1.13347685
v -0.47626495 3.13439083 -1.13018119
v -0.51716232 3.14373302 -1.13347756
v -0.50983047 3.15564441 -1.13347685
v -0.48964309 3.11206817 -1.13018119
v -0.56222152 3.15318965 -1.12194287
v -0.52420425 3.13165378 -1.13347685
v -0.60715103 3.17864418 -1.07415711
v -0.59332275 3.17081069 -1.10052192
v -0.53030014 3.26268482 -1.10052192
v -0.51207351 3.22824573 -1.12194275
v -0.54990387 3.23756313 -1.10052192
v -0.55277633 3.26001071 -1.07415723
v -0.54025268 3.25023937 -1.10052192
v -0.46889114 3.21228122 -1.13347685
v -0.44631576 3.17691612 -1.13018119
v -0.48610305 3.19023323 -1.13347756
v -0.4776268 3.20136165 -1.13347685
v -0.46181106 3.1560316 -1.13018119
v -0.53001022 3.20405674 -1.12194287
v -0.49428558 3.17890167 -1.13347685
v -0.57223129 3.2337923 -1.07415711
v -0.55923461 3.22463703 -1.10052192
v -0.48751449 3.30988025 -1.10052192
v -0.4727478 3.27383136 -1.12194275
v -0.50948715 3.28680133 -1.10052192
v -0.5101509 3.3094263 -1.07415711
v -0.49863815 3.29847621 -1.10052192
v -0.43133544 3.25371456 -1.13347685
v -0.41233444 3.21631717 -1.13018119
v -0.45061874 3.23345661 -1.13347756
v -0.44110488 3.24370861 -1.13347685
v -0.42980957 3.19703388 -1.13018119
v -0.49296951 3.25152111 -1.12194287
v -0.45988464 3.22298336 -1.13347685
v -0.53207016 3.28525447 -1.07415723
v -0.52004241 3.27487468 -1.10052192
v -0.44029998 3.35267353 -1.10052192
v -0.42914199 3.3153429 -1.12194275
v -0.46443557 3.33185291 -1.10052192
v -0.46287536 3.35443973 -1.07415711
v -0.45249939 3.34241771 -1.10052192
v -0.38990402 3.29126262 -1.13347685
v -0.37465667 3.25217533 -1.13018119
v -0.41108322 3.27299785 -1.13347756
v -0.40060806 3.28225803 -1.13347685
v -0.39393997 3.23470592 -1.13018119
v -0.45145797 3.29512119 -1.12194287
v -0.42132568 3.26348209 -1.13347685
v -0.48706436 3.33251857 -1.074157
v -0.47610092 3.32101726 -1.10052192
v -0.38912582 3.39063167 -1.10052192
v -0.38167953 3.35238933 -1.12194275
v -0.4151802 3.37227726 -1.10052192
v -0.4114151 3.39460277 -1.07415735
v -0.40226745 3.3816061 -1.10052192
v -0.34498977 3.32457256 -1.13347685
v -0.33364868 3.28419017 -1.13018119
v -0.36785888 3.30845928 -1.13347756
v -0.35651779 3.31665325 -1.13347685
v -0.3545494 3.26868534 -1.13018119
v -0.40587234 3.33444881 -1.12194287
v -0.37899017 3.29999828 -1.13347685
v -0.43763732 3.37516117 -1.07415711
v -0.42786407 3.36262416 -1.10052192
v -0.33447647 3.42338085 -1.10052192
v -0.33081817 3.38459491 -1.12194275
v -0.3622055 3.40766811 -1.10052192
v -0.35626983 3.42952823 -1.07415711
v -0.34843826 3.41570377 -1.10052192
v -0.29703521 3.35331821 -1.13347685
v -0.28971099 3.31201458 -1.13018119
v -0.32136535 3.33953189 -1.13347756
v -0.30928421 3.34657192 -1.13347685
v -0.31202316 3.29863452 -1.13018119
v -0.35664367 3.36911678 -1.12194287
v -0.33326339 3.33220005 -1.13347685
v -0.38427352 3.41273784 -1.07415723
v -0.37577056 3.39931392 -1.10052192
v -0.27688217 3.4506216 -1.10052192
v -0.27703857 3.41165828 -1.12194275
v -0.30601501 3.43770885 -1.10052192
v -0.297966 3.45887279 -1.07415711
v -0.29152679 3.44434642 -1.10052192
v -0.24647903 3.37722492 -1.13347685
v -0.24323654 3.33540439 -1.13018119
v -0.27205276 3.36588764 -1.13347756
v -0.25933837 3.37172031 -1.13347685
v -0.26675796 3.32427692 -1.13018119
v -0.30426406 3.39879131 -1.12194287
v -0.28461837 3.35975933 -1.13347685
v -0.3274765 3.44491672 -1.07415723
v -0.32033538 3.43072414 -1.10052192
v -0.21688842 3.47209072 -1.10052192
v -0.22087097 3.43332958 -1.12194275
v -0.24715042 3.4620924 -1.10052192
v -0.23706436 3.4823637 -1.07415711
v -0.23208236 3.46727085 -1.10052192
v -0.19383239 3.39606571 -1.13347685
v -0.19470214 3.35412693 -1.13018119
v -0.2203865 3.38729763 -1.13347756
v -0.20716476 3.39183712 -1.13347685
v -0.21920394 3.34535884 -1.13018119
v -0.2492218 3.42318439 -1.12194287
v -0.23349762 3.38242054 -1.13347685
v -0.26779937 3.47136592 -1.07415711
v -0.26208496 3.45653629 -1.1005218
v -0.1550827 3.48756504 -1.10052192
v -0.16284179 3.44938373 -1.12194275
v -0.1861763 3.48059177 -1.10052192
v -0.17415618 3.49976825 -1.07415723
v -0.17067718 3.48427295 -1.10052192
v -0.13959121 3.40965938 -1.13347685
v -0.14456939 3.36799716 -1.13018119
v -0.16687393 3.40352344 -1.13347756
v -0.15327072 3.4067583 -1.13347685
v -0.16980743 3.3616724 -1.13018119
v -0.19205093 3.44207286 -1.12194287
v -0.18040084 3.39996624 -1.13347685
v -0.20582962 3.49184131 -1.07415711
v -0.20158767 3.47651195 -1.10052192
v -0.10352325 3.45967769 -1.12194275
v -0.12369155 3.49301815 -1.10052192
v -0.1098442 3.51092243 -1.07415711
v -0.10790252 3.49515628 -1.10052192
v -0.09331512 3.37689876 -1.13018119
v -0.11203384 3.41443729 -1.13347756
v -0.09817504 3.41631412 -1.13347685
v -0.11905288 3.37307834 -1.13018119
v -0.13330841 3.45526218 -1.12194287
v -0.12583923 3.41221523 -1.13347685
v -0.14213943 3.50613308 -1.07415723
v -0.13942337 3.49049091 -1.10052192
v -0.0842781 3.41786098 -1.01483702
v -0.10352325 3.45967769 -1.0263704
v -0.11203384 3.41443729 -1.01483678
v -0.09331512 3.37689876 -1.01813161
v -0.09817504 3.41631794 -1.01483678
v -0.0920639 3.49691677 -1.04779207
v -0.12369155 3.49301815 -1.04779171
v -0.10790252 3.49515628 -1.0477916
v -0.1550827 3.48756504 -1.04779207
v -0.13330841 3.45526218 -1.0263704
v -0.13942337 3.49049091 -1.0477916
v -0.13959121 3.40965747 -1.0148369
v -0.11905288 3.37307834 -1.01813173
v -0.12583923 3.41221523 -1.01483678
v -0.16284179 3.44938373 -1.02637076
v -0.16687393 3.40352344 -1.01483738
v -0.14456939 3.36799716 -1.01813197
v -0.15327072 3.4067583 -1.01483702
v -0.1861763 3.48059177 -1.0477916
v -0.17067718 3.48427295 -1.04779207
v -0.21688842 3.47209262 -1.04779207
v -0.19205093 3.44207286 -1.02637076
v -0.20158767 3.47651195 -1.04779195
v -0.19383239 3.39606571 -1.01483714
v -0.16980743 3.3616743 -1.01813185
v -0.18040084 3.39996433 -1.01483702
v -0.22087097 3.43333149 -1.02637076
v -0.2203865 3.38729763 -1.01483702
v -0.19470214 3.35412502 -1.01813185
v -0.20716476 3.39183712 -1.01483702
v -0.24715042 3.4620924 -1.04779171
v -0.23208236 3.46727085 -1.0477916
v -0.27688217 3.4506216 -1.04779171
v -0.2492218 3.42318439 -1.02637028
v -0.26208496 3.45653629 -1.04779171
v -0.24647903 3.37722683 -1.01483678
v -0.21920394 3.34535884 -1.01813197
v -0.23349762 3.38242054 -1.01483702
v -0.27703857 3.41165828 -1.02637028
v -0.27205276 3.36588573 -1.01483678
v -0.24323654 3.33540439 -1.01813185
v -0.25933837 3.37171649 -1.0148369
v -0.30601501 3.43771076 -1.04779148
v -0.29152679 3.44434642 -1.04779195
v -0.33447647 3.42338085 -1.0477916
v -0.30426406 3.39879322 -1.02637124
v -0.32033538 3.43072032 -1.04779219
v -0.29703521 3.35332012 -1.01483702
v -0.26675796 3.32427501 -1.01813173
v -0.28461837 3.35975933 -1.01483678
v -0.33081817 3.38459491 -1.0263704
v -0.32136535 3.33953189 -1.01483678
v -0.28971099 3.31201267 -1.01813197
v -0.30928421 3.34657192 -1.01483702
v -0.3622055 3.40766811 -1.04779207
v -0.34843826 3.41570377 -1.04779171
v -0.38912582 3.39063358 -1.04779183
v -0.35664367 3.36911678 -1.02637052
v -0.37577056 3.39931774 -1.04779207
v -0.34498977 3.32457256 -1.0148369
v -0.31202316 3.29863643 -1.01813173
v -0.33326339 3.33220005 -1.01483678
v -0.38167953 3.35238933 -1.02637052
v -0.36785888 3.30847644 -1.01483678
v -0.33364868 3.28419208 -1.01813221
v -0.35651779 3.31665325 -1.0148369
v -0.4151802 3.37227726 -1.04779171
v -0.40226745 3.3816061 -1.04779171
v -0.44029998 3.35267353 -1.04779171
v -0.40587234 3.33445262 -1.0263704
v -0.42786407 3.36262416 -1.04779171
v -0.38990402 3.29126453 -1.0148369
v -0.3545494 3.26868534 -1.01813197
v -0.37899017 3.29999637 -1.01483678
v -0.42914199 3.3153429 -1.02637064
v -0.41108322 3.27299976 -1.0148375
v -0.37465667 3.25217533 -1.01813161
v -0.40060806 3.28225612 -1.01483678
v -0.46443557 3.33185291 -1.04779195
v -0.45249939 3.34241771 -1.04779207
v -0.48751449 3.30988216 -1.04779207
v -0.45145797 3.29512119 -1.02637076
v -0.47610092 3.32101726 -1.04779148
v -0.43133544 3.25371456 -1.01483726
v -0.39393997 3.23470783 -1.01813197
v -0.42132568 3.26347827 -1.01483702
v -0.4727478 3.27383136 -1.02637147
v -0.45061874 3.23345661 -1.01483726
v -0.41233444 3.21631526 -1.01813221
v -0.44110488 3.24369335 -1.01483702
v -0.50948715 3.28680133 -1.0477916
v -0.49863815 3.29847812 -1.04779195
v -0.53030014 3.26268291 -1.04779195
v -0.49296951 3.25152111 -1.026371
v -0.52004241 3.27487468 -1.04779207
v -0.46889114 3.21228122 -1.01483738
v -0.42980957 3.19703388 -1.01813197
v -0.45988464 3.22298145 -1.01483714
v -0.51207351 3.22824573 -1.026371
v -0.48610305 3.19023323 -1.01483738
v -0.44631576 3.17691612 -1.01813161
v -0.4776268 3.20136356 -1.01483702
v -0.54990387 3.23756313 -1.04779148
v -0.54025268 3.25023937 -1.04779207
v -0.56825637 3.21149921 -1.04779195
v -0.53001022 3.20405864 -1.026371
v -0.55923461 3.22463512 -1.04779219
v -0.50220108 3.16736221 -1.01483726
v -0.46181106 3.15603351 -1.01813197
v -0.49428558 3.17889404 -1.01483702
v -0.54674148 3.17901611 -1.02637064
v -0.51716232 3.14373302 -1.01483726
v -0.47626495 3.13439083 -1.01813185
v -0.50983047 3.15564441 -1.01483702
v -0.58530426 3.18457984 -1.04779171
v -0.57694625 3.19814777 -1.04779195
v -0.60100555 3.15684509 -1.0477916
v -0.56222152 3.15318775 -1.026371
v -0.59332275 3.17081451 -1.04779219
v -0.53094482 3.11940193 -1.01483726
v -0.48964309 3.11206817 -1.01813185
v -0.52420425 3.13165569 -1.01483726
v -0.57641983 3.12663459 -1.02637076
v -0.54351806 3.0944252 -1.01483738
v -0.50190734 3.08912658 -1.01813209
v -0.53738784 3.106987 -1.0148369
v -0.61533355 3.12838745 -1.0477916
v -0.60834884 3.14270496 -1.0477916
v -0.6282463 3.09925079 -1.04779171
v -0.58929443 3.09941482 -1.026371
v -0.62197113 3.11390686 -1.04779219
v -0.55485916 3.06885719 -1.01483726
v -0.513031 3.06560707 -1.01813197
v -0.54934692 3.08171463 -1.01483678
v -0.600811 3.07159233 -1.02637088
v -0.56492233 3.04275894 -1.01483726
v -0.52298736 3.04157066 -1.01813197
v -0.56004715 3.05586051 -1.0148369
v -0.63972091 3.06953239 -1.04779195
v -0.63416671 3.0844593 -1.04779207
v -0.6497116 3.03926467 -1.04779148
v -0.61095809 3.04323959 -1.02637076
v -0.64490127 3.0544548 -1.0477916
v -0.57369232 3.01620483 -1.01483702
v -0.53175735 3.01708221 -1.01813197
v -0.56946945 3.02953147 -1.01483726
v -0.61969757 3.01442909 -1.02637076
v -0.58115005 2.98924827 -1.01483726
v -0.53930664 2.99217796 -1.01813221
v -0.57758712 3.00277328 -1.01483726
v -0.65821456 3.00855636 -1.04779207
v -0.65415573 3.0239582 -1.04779207
v -0.66519928 2.97746467 -1.0477916
v -0.62701797 2.98522186 -1.02637076
v -0.66189956 2.9930439 -1.0477916
v -0.58728408 2.96196746 -1.01483714
v -0.54562759 2.96694183 -1.01813197
v -0.58438491 2.97564125 -1.01483702
v -0.63288879 2.95567894 -1.02637124
v -0.59206008 2.93441009 -1.01483738
v -0.55070495 2.94142341 -1.01813173
v -0.58983993 2.94821167 -1.01483714
v -0.67064285 2.94606018 -1.04779207
v -0.6681137 2.96179962 -1.04779207
v -0.67454528 2.91443634 -1.0477916
v -0.63730621 2.92589187 -1.02637076
v -0.67279052 2.93028068 -1.04779207
v -0.59548568 2.90665054 -1.01483738
v -0.55452346 2.91568565 -1.01813197
v -0.59394073 2.92054557 -1.01483678
v -0.6402626 2.89592933 -1.02637124
v -0.59754562 2.87876129 -1.01483738
v -0.5570755 2.8897953 -1.01813185
v -0.5966835 2.89272117 -1.01483714
v -0.67689132 2.88265419 -1.04779171
v -0.67591095 2.89855957 -1.04779219
v -0.67766952 2.85079956 -1.0477916
v -0.64173507 2.86585998 -1.02637183
v -0.67747497 2.86673736 -1.04779219
v -0.59823226 2.85079956 -1.0148375
v -0.55835342 2.86381149 -1.01813197
v -0.59805679 2.86478614 -1.01483714
v -0.64173507 2.83573913 -1.02637147
v -0.59754562 2.82283783 -1.01483702
v -0.55835342 2.83779335 -1.01813185
v -0.59805679 2.83681869 -1.01483702
v -0.67689132 2.8189373 -1.04779195
v -0.67747497 2.83486747 -1.04779255
v -0.67454528 2.78716468 -1.04779207
v -0.6402626 2.80566978 -1.02637052
v -0.67591095 2.80303955 -1.04779231
v -0.59548568 2.79494285 -1.01483702
v -0.5570755 2.81181144 -1.01813197
v -0.5966835 2.80888176 -1.01483702
v -0.63730621 2.7756977 -1.02637076
v -0.59206008 2.76718902 -1.01483702
v -0.55452346 2.78591346 -1.01813197
v -0.59394073 2.78105545 -1.01483726
v -0.67064285 2.75552749 -1.04779195
v -0.67279052 2.77132606 -1.04779219
v -0.66519928 2.72414016 -1.04779207
v -0.63288879 2.74591636 -1.02637183
v -0.6681137 2.7397995 -1.04779231
v -0.58728408 2.73963737 -1.0148375
v -0.55070495 2.76016807 -1.01813209
v -0.58983993 2.75339126 -1.0148369
v -0.62701797 2.71637725 -1.02637159
v -0.58115005 2.71235084 -1.01483738
v -0.54562759 2.73465728 -1.01813209
v -0.58438491 2.72594833 -1.01483714
v -0.65821456 2.69304275 -1.04779291
v -0.66189956 2.7085495 -1.04779219
v -0.6497116 2.66233062 -1.04779279
v -0.61969757 2.68717575 -1.02637147
v -0.65415573 2.67764091 -1.04779255
v -0.57369232 2.68538475 -1.0148375
v -0.53930664 2.70942115 -1.01813209
v -0.57758712 2.69882583 -1.01483726
v -0.61095809 2.65834808 -1.02637088
v -0.56492233 2.65883827 -1.0148375
v -0.53175735 2.68451499 -1.01813197
v -0.56946945 2.67205238 -1.01483702
v -0.63972091 2.63207817 -1.04779279
v -0.64490127 2.64714622 -1.04779291
v -0.6282463 2.6023426 -1.04779279
v -0.600811 2.63000679 -1.026371
v -0.63416671 2.61713981 -1.04779291
v -0.55485916 2.63274574 -1.01483702
v -0.52298736 2.66002082 -1.01813197
v -0.56004715 2.64572906 -1.01483714
v -0.58929443 2.6021862 -1.02637052
v -0.54351806 2.60717392 -1.01483726
v -0.513031 2.63599205 -1.01813197
v -0.54934692 2.61989021 -1.01483726
v -0.61533355 2.57320785 -1.04779207
v -0.62197113 2.58769989 -1.04779279
v -0.60100555 2.54475402 -1.04779279
v -0.57641983 2.57496261 -1.026371
v -0.60834884 2.5588932 -1.04779291
v -0.53094482 2.58219337 -1.0148369
v -0.50190734 2.61247062 -1.01813197
v -0.53738784 2.59461593 -1.01483702
v -0.56222152 2.54841423 -1.026371
v -0.51716232 2.55785942 -1.01483726
v -0.48964309 2.58952331 -1.01813268
v -0.52420425 2.56994247 -1.01483714
v -0.58530426 2.51701927 -1.04779303
v -0.59332275 2.5307846 -1.04779291
v -0.56825637 2.49010276 -1.04779291
v -0.54674148 2.52258491 -1.02637195
v -0.57694625 2.50345039 -1.04779315
v -0.50220108 2.534235 -1.0148375
v -0.47626495 2.56720924 -1.01813304
v -0.50983047 2.54595375 -1.01483726
v -0.53001022 2.49753379 -1.02637136
v -0.48610305 2.51136779 -1.01483738
v -0.46181106 2.54556846 -1.01813399
v -0.49428558 2.52270317 -1.01483774
v -0.54990387 2.46403884 -1.04779326
v -0.55923461 2.47696495 -1.04779362
v -0.53030014 2.43891906 -1.04779279
v -0.51207351 2.47335624 -1.026371
v -0.54025268 2.45135879 -1.04779398
v -0.46889114 2.48931121 -1.0148375
v -0.44631576 2.52468109 -1.01813304
v -0.4776268 2.50024223 -1.01483726
v -0.49296951 2.45008468 -1.026371
v -0.45061874 2.46813964 -1.01483738
v -0.42980957 2.50456428 -1.01813399
v -0.45988464 2.4786148 -1.01483702
v -0.50948715 2.41479301 -1.04779291
v -0.52004241 2.42673111 -1.04779291
v -0.48751449 2.391716 -1.04779291
v -0.4727478 2.42777442 -1.02637183
v -0.49863815 2.40312385 -1.04779291
v -0.43133544 2.44788742 -1.01483738
v -0.41233444 2.48528671 -1.01813352
v -0.44110488 2.4579029 -1.0148375
v -0.45145797 2.40647697 -1.02637076
v -0.41108322 2.42860603 -1.01483738
v -0.39393997 2.46688652 -1.01813352
v -0.42132568 2.43811988 -1.0148375
v -0.46443557 2.36974906 -1.04779291
v -0.47610092 2.38058471 -1.04779291
v -0.44029998 2.34893226 -1.04779291
v -0.42914581 2.38625526 -1.02637124
v -0.45249939 2.35918998 -1.04779303
v -0.38990402 2.41033935 -1.01483726
v -0.37465667 2.44942283 -1.01813304
v -0.40060806 2.41934585 -1.01483738
v -0.40587234 2.36715126 -1.026371
v -0.36785888 2.39313316 -1.01483726
v -0.3545494 2.43290901 -1.01813352
v -0.37899017 2.40159606 -1.0148375
v -0.4151802 2.32932472 -1.04779291
v -0.42786407 2.33896827 -1.04779398
v -0.38912582 2.31097221 -1.04779374
v -0.38167953 2.34921264 -1.02637147
v -0.40226745 2.31999015 -1.04779362
v -0.34498977 2.37702179 -1.01483726
v -0.33364868 2.41740989 -1.01813399
v -0.35651779 2.384943 -1.0148375
v -0.35664367 2.3324871 -1.026371
v -0.32136535 2.36206817 -1.0148375
v -0.31202316 2.4029541 -1.01813375
v -0.33326339 2.36940002 -1.01483786
v -0.3622055 2.29392814 -1.04779291
v -0.37577056 2.30228042 -1.04779303
v -0.33447647 2.27822303 -1.04779291
v -0.33081817 2.31700325 -1.02637124
v -0.34843826 2.2858982 -1.04779291
v -0.29703521 2.34828376 -1.01483726
v -0.28971099 2.38958358 -1.01813352
v -0.30928421 2.35501861 -1.01483726
v -0.30426406 2.30280685 -1.026371
v -0.27205276 2.33570289 -1.01483714
v -0.26675796 2.37732315 -1.0181328
v -0.28461837 2.34183502 -1.01483738
v -0.30601501 2.26388549 -1.04779291
v -0.32033538 2.27087593 -1.04779291
v -0.27688217 2.25097084 -1.04779291
v -0.27703857 2.28994178 -1.02637076
v -0.29152679 2.25725364 -1.04779291
v -0.24647903 2.32436943 -1.0148375
v -0.24323654 2.36619186 -1.0181334
v -0.25933837 2.32988548 -1.0148375
v -0.2492218 2.27840805 -1.02637124
v -0.2203865 2.31430053 -1.0148375
v -0.21920394 2.35623931 -1.01813399
v -0.23349762 2.31918716 -1.01483738
v -0.24715042 2.23950958 -1.04779398
v -0.26208496 2.24505615 -1.04779291
v -0.21688842 2.22950744 -1.04779303
v -0.22087097 2.26826477 -1.02637147
v -0.23208236 2.23431968 -1.04779291
v -0.19383239 2.30553627 -1.0148375
v -0.19470214 2.34747695 -1.01813375
v -0.20716476 2.30975532 -1.0148375
v -0.19205093 2.2595272 -1.02637124
v -0.16687393 2.2980709 -1.0148375
v -0.16980743 2.33992576 -1.01813328
v -0.18040084 2.30163002 -1.0148375
v -0.1861763 2.22101593 -1.04779303
v -0.20158767 2.22507667 -1.04779374
v -0.1550827 2.21402549 -1.04779291
v -0.16284179 2.25221061 -1.02637183
v -0.17067718 2.21733093 -1.04779279
v -0.13959121 2.29194068 -1.01483738
v -0.14456939 2.33360099 -1.01813423
v -0.15327072 2.29484367 -1.01483738
v -0.13330841 2.24633216 -1.02637171
v -0.11203384 2.28716278 -1.01483774
v -0.11905288 2.32852363 -1.01813375
v -0.12583923 2.28938102 -1.0148375
v -0.12369155 2.20859146 -1.04779303
v -0.13942337 2.21110916 -1.04779291
v -0.0920639 2.20468711 -1.04779326
v -0.10352325 2.24191665 -1.02637171
v -0.10790252 2.20643043 -1.0477935
v -0.0842781 2.28374099 -1.0148375
v -0.09331512 2.3246994 -1.01813256
v -0.09817504 2.28527832 -1.01483726
v -0.0735588 2.23896408 -1.02637159
v -0.05638885 2.28168678 -1.0148375
v -0.06742095 2.32216072 -1.01813387
v -0.07034301 2.28253936 -1.01483738
v -0.06028366 2.2023487 -1.04779303
v -0.07618713 2.20331764 -1.04779303
v -0.02842712 2.20155715 -1.04779398
v -0.04347991 2.23748588 -1.026371
v -0.04436111 2.2017498 -1.04779291
v -0.02842712 2.2809925 -1.01483738
v -0.04143905 2.32088089 -1.01813399
v -0.0424118 2.28116798 -1.0148375
v -0.01336669 2.23748588 -1.026371
v -0.0004692 2.28168678 -1.0148375
v -0.01541519 2.32088089 -1.01813399
v -0.01444244 2.28116798 -1.0148375
v 0.00342941 2.2023487 -1.04779303
v -0.01248931 2.2017498 -1.04779291
v 0.03520965 2.20468711 -1.04779326
v 0.01670455 2.23896408 -1.02637159
v 0.01934051 2.20331764 -1.04779303
v 0.02742767 2.28374099 -1.0148375
v 0.01057052 2.32216072 -1.01813387
v 0.01349258 2.28253936 -1.01483738
v 0.04667282 2.24191474 -1.02637183
v 0.05517959 2.28716278 -1.01483774
v 0.03646087 2.3246994 -1.01813256
v 0.0413208 2.28527832 -1.01483726
v 0.06684112 2.20859146 -1.04779303
v 0.05104827 2.20643043 -1.0477935
v 0.09823608 2.21402549 -1.04779291
v 0.07645797 2.24633216 -1.02637171
v 0.08256912 2.21110916 -1.04779291
v 0.08273315 2.29194068 -1.01483738
v 0.06219482 2.32852363 -1.01813375
v 0.06899261 2.28938102 -1.0148375
v 0.10599517 2.25221061 -1.02637183
v 0.11002349 2.2980709 -1.0148375
v 0.08771514 2.33360099 -1.01813423
v 0.09641647 2.29484367 -1.01483738
v 0.12932586 2.22101593 -1.04779303
v 0.11382675 2.21733093 -1.04779279
v 0.16003418 2.22950744 -1.04779303
v 0.1352005 2.2595272 -1.02637255
v 0.14473342 2.22507667 -1.04779374
v 0.13698196 2.30553627 -1.0148375
v 0.11295318 2.33992576 -1.01813328
v 0.1235466 2.30163002 -1.0148375
v 0.1640129 2.26826477 -1.02637147
v 0.16353225 2.31430053 -1.0148375
v 0.1378479 2.34747695 -1.01813375
v 0.15031433 2.30975532 -1.0148375
v 0.19029617 2.23950958 -1.04779398
v 0.17522811 2.23431968 -1.04779291
v 0.22002792 2.25097084 -1.04779291
v 0.19236755 2.27841377 -1.02637159
v 0.20523452 2.24505615 -1.04779291
v 0.18962478 2.32436943 -1.0148375
v 0.16234588 2.35623931 -1.01813399
v 0.17664337 2.31918716 -1.01483738
v 0.22018432 2.28994178 -1.02637076
v 0.2151947 2.33570289 -1.01483714
v 0.1863861 2.36619186 -1.0181334
v 0.20248031 2.32988548 -1.0148375
v 0.24916458 2.26388549 -1.04779291
v 0.23467636 2.25725364 -1.04779291
v 0.27762222 2.27822303 -1.04779303
v 0.247406 2.30281066 -1.02637147
v 0.26347732 2.27087593 -1.04779291
v 0.24017334 2.34828376 -1.01483726
v 0.20990371 2.37732315 -1.0181328
v 0.22776413 2.34183502 -1.01483738
v 0.27396392 2.31700325 -1.02637159
v 0.26450729 2.36206817 -1.01483774
v 0.23285293 2.38958358 -1.01813352
v 0.25242996 2.35501861 -1.01483738
v 0.30535125 2.29392814 -1.04779291
v 0.29158783 2.2858982 -1.04779291
v 0.33227539 2.31097221 -1.04779374
v 0.29979324 2.3324871 -1.026371
v 0.31892013 2.30228042 -1.04779291
v 0.28814315 2.37702179 -1.01483738
v 0.25516891 2.4029541 -1.01813375
v 0.27641296 2.36940002 -1.0148375
v 0.3248291 2.34921264 -1.02637147
v 0.31100463 2.39313316 -1.01483726
v 0.27679824 2.41740989 -1.01813328
v 0.29967117 2.384943 -1.0148375
v 0.35832595 2.32932472 -1.04779291
v 0.34541702 2.31999015 -1.04779398
v 0.38344955 2.34893226 -1.04779374
v 0.34901428 2.36715126 -1.02637076
v 0.37100982 2.33896827 -1.04779291
v 0.33305358 2.41033935 -1.01483738
v 0.29769897 2.43290901 -1.01813352
v 0.32213592 2.40159606 -1.0148375
v 0.37229156 2.38625526 -1.02637124
v 0.35423278 2.42860603 -1.01483738
v 0.31781005 2.44942283 -1.01813304
v 0.34376144 2.41934585 -1.01483738
v 0.40757751 2.36973571 -1.04779303
v 0.39564514 2.35918998 -1.04779291
v 0.43066024 2.391716 -1.04779303
v 0.39460372 2.40647506 -1.02637183
v 0.4192543 2.38058471 -1.04779291
v 0.37448883 2.44788742 -1.01483714
v 0.33708572 2.46688652 -1.01813256
v 0.36447525 2.43811988 -1.0148375
v 0.41590118 2.42777442 -1.02637159
v 0.39376831 2.46813964 -1.0148375
v 0.35548782 2.4852848 -1.01813399
v 0.38425064 2.45788955 -1.01483726
v 0.45262908 2.41479301 -1.04779291
v 0.44178772 2.40312385 -1.04779303
v 0.4734497 2.43891906 -1.04779303
v 0.43611526 2.45008468 -1.02637136
v 0.46318817 2.42673111 -1.04779291
v 0.41203689 2.48931121 -1.01483726
v 0.37295532 2.50456428 -1.01813364
v 0.40303039 2.4786148 -1.01483774
v 0.45522308 2.47335624 -1.02637147
v 0.42924499 2.51136779 -1.01483738
v 0.38946151 2.52468109 -1.01813399
v 0.42077255 2.50024414 -1.01483738
v 0.49304962 2.46403884 -1.04779303
v 0.48340606 2.45135879 -1.04779303
v 0.51139831 2.49010276 -1.04779279
v 0.47315979 2.49753379 -1.02637076
v 0.502388 2.47696495 -1.04779303
v 0.44534683 2.534235 -1.01483726
v 0.40496063 2.54556846 -1.01813316
v 0.43743515 2.52270507 -1.0148375
v 0.48988723 2.52258491 -1.02637136
v 0.46031189 2.55785942 -1.01483738
v 0.41941833 2.56720924 -1.01813328
v 0.45297241 2.54595375 -1.01483738
v 0.52844619 2.51701927 -1.04779291
v 0.52008819 2.50345039 -1.04779315
v 0.54415512 2.54475021 -1.04779291
v 0.50536727 2.54841423 -1.02637076
v 0.53647232 2.5307846 -1.04779303
v 0.47409057 2.58219337 -1.0148375
v 0.43278884 2.58952331 -1.0181328
v 0.46735382 2.56994247 -1.01483738
v 0.51956558 2.57496643 -1.02637147
v 0.48666763 2.60717392 -1.0148375
v 0.44505691 2.61247062 -1.01813292
v 0.4805336 2.59461593 -1.01483738
v 0.55848312 2.57320976 -1.04779183
v 0.55149459 2.5588932 -1.04779303
v 0.57139968 2.6023426 -1.04779291
v 0.53243637 2.6021862 -1.02637183
v 0.56512451 2.58769989 -1.04779267
v 0.49800109 2.63274383 -1.01483738
v 0.45618438 2.63599205 -1.01813352
v 0.49249649 2.61989021 -1.0148375
v 0.54396057 2.63000679 -1.026371
v 0.50806808 2.65884017 -1.01483774
v 0.46613693 2.66002082 -1.01813221
v 0.50319671 2.64572906 -1.0148375
v 0.58286666 2.63207626 -1.04779386
v 0.57731628 2.61713981 -1.04779279
v 0.5928688 2.66233062 -1.04779386
v 0.55411148 2.65834808 -1.02637076
v 0.58805084 2.64714622 -1.04779279
v 0.51684188 2.68538475 -1.0148375
v 0.4749031 2.68451499 -1.01813197
v 0.51261901 2.67205238 -1.0148369
v 0.56285095 2.68717575 -1.02637064
v 0.52430343 2.71234893 -1.01483726
v 0.4824562 2.70942115 -1.01813161
v 0.52073669 2.69882583 -1.01483714
v 0.60136032 2.69304275 -1.04779291
v 0.59730148 2.677639 -1.04779279
v 0.60834503 2.72414016 -1.04779195
v 0.57016372 2.71637725 -1.02637183
v 0.6050415 2.7085495 -1.04779255
v 0.53042984 2.73963737 -1.01483786
v 0.48877716 2.73465728 -1.01813197
v 0.52752685 2.72594833 -1.01483714
v 0.57603454 2.74591636 -1.02637124
v 0.53521347 2.76719093 -1.01483714
v 0.4938507 2.76016807 -1.01813197
v 0.53298568 2.75337791 -1.01483714
v 0.6137886 2.75552749 -1.0477916
v 0.61125946 2.7397995 -1.04779231
v 0.61769485 2.78716659 -1.04779148
v 0.58045578 2.7756977 -1.0263704
v 0.61593627 2.77132606 -1.04779231
v 0.53863143 2.79494285 -1.0148369
v 0.49766922 2.78591346 -1.01813221
v 0.5370903 2.78105354 -1.01483678
v 0.58340454 2.80566978 -1.0263704
v 0.54069137 2.82283783 -1.01483678
v 0.50022506 2.81181144 -1.01813197
v 0.53983688 2.80888176 -1.01483702
v 0.62003326 2.8189373 -1.04779195
v 0.61906051 2.80303764 -1.04779219
v 0.62081909 2.85079956 -1.04779219
v 0.58488082 2.83573913 -1.02637147
v 0.62062835 2.83486747 -1.04779255
v 0.5413742 2.85079765 -1.01483738
v 0.50149536 2.83779335 -1.01813185
v 0.54120254 2.83681869 -1.01483678
v 0.58488082 2.86585998 -1.02637076
v 0.54069137 2.87876129 -1.01483726
v 0.50149536 2.86381149 -1.01813173
v 0.54120254 2.86478614 -1.01483714
v 0.62003326 2.88265419 -1.04779171
v 0.62062835 2.86673736 -1.04779219
v 0.61769485 2.91443443 -1.04779219
v 0.58340454 2.89592933 -1.02637183
v 0.61906051 2.89855957 -1.04779267
v 0.53863143 2.90665054 -1.01483738
v 0.50022506 2.8897953 -1.01813197
v 0.53983688 2.89272117 -1.01483726
v 0.58045578 2.92589187 -1.026371
v 0.53521347 2.93441009 -1.01483702
v 0.49766922 2.91568565 -1.01813197
v 0.5370903 2.92054557 -1.01483702
v 0.6137886 2.94606399 -1.04779171
v 0.61593627 2.93028068 -1.04779219
v 0.60834503 2.97746467 -1.04779148
v 0.57603454 2.95567894 -1.02637124
v 0.61125946 2.96179962 -1.04779219
v 0.53042984 2.96196556 -1.0148375
v 0.4938507 2.94142341 -1.01813185
v 0.53298568 2.94821167 -1.01483726
v 0.57016372 2.98522186 -1.02637064
v 0.52430343 2.98924827 -1.01483714
v 0.48877716 2.96694183 -1.01813209
v 0.52752685 2.97564315 -1.01483714
v 0.60136032 3.00855827 -1.0477916
v 0.6050415 2.9930439 -1.04779231
v 0.5928688 3.03926467 -1.0477916
v 0.56285095 3.01442909 -1.02637147
v 0.59730148 3.0239582 -1.04779231
v 0.51684188 3.01620483 -1.0148375
v 0.4824562 2.99217414 -1.01813185
v 0.52073669 3.00277328 -1.01483702
v 0.55411148 3.04323959 -1.02637076
v 0.50806808 3.04275894 -1.01483738
v 0.4749031 3.01708221 -1.01813197
v 0.51261901 3.02953147 -1.01483714
v 0.58286666 3.06953239 -1.04779195
v 0.58805084 3.05445098 -1.04779231
v 0.57139968 3.09925079 -1.0477916
v 0.54396057 3.07159233 -1.026371
v 0.57731628 3.0844593 -1.04779207
v 0.49800109 3.06885719 -1.01483726
v 0.46613693 3.04157066 -1.01813209
v 0.50319671 3.05586051 -1.01483702
v 0.53243637 3.09941482 -1.026371
v 0.48666763 3.0944252 -1.0148375
v 0.45618438 3.06560707 -1.01813221
v 0.49249649 3.08171081 -1.01483702
v 0.55848312 3.12838745 -1.04779148
v 0.56512451 3.11390686 -1.04779207
v 0.54415512 3.156847 -1.04779219
v 0.51956558 3.12663459 -1.026371
v 0.55149459 3.14270496 -1.04779231
v 0.47409057 3.11940383 -1.01483726
v 0.44505691 3.08912658 -1.01813197
v 0.4805336 3.106987 -1.01483714
v 0.50536727 3.15318775 -1.02637076
v 0.46031189 3.14373493 -1.01483714
v 0.43278884 3.11207008 -1.01813161
v 0.46735382 3.13165569 -1.0148369
v 0.52844619 3.18457984 -1.04779207
v 0.53647232 3.17081451 -1.04779207
v 0.51139831 3.21150112 -1.04779195
v 0.48988723 3.17901611 -1.02637076
v 0.52008819 3.19814777 -1.04779207
v 0.44534683 3.16736221 -1.0148375
v 0.41941833 3.13439083 -1.01813197
v 0.45297241 3.15564441 -1.0148369
v 0.47315979 3.20405864 -1.026371
v 0.42924499 3.19023323 -1.01483738
v 0.40496063 3.15603351 -1.01813197
v 0.43743515 3.17889404 -1.01483702
v 0.49304962 3.23756313 -1.0477916
v 0.502388 3.22463512 -1.0477916
v 0.4734497 3.26268291 -1.04779171
v 0.45522308 3.22824573 -1.02637124
v 0.48340606 3.25023937 -1.04779171
v 0.41203689 3.21228122 -1.01483738
v 0.38946151 3.17691612 -1.01813197
v 0.42077255 3.20136356 -1.01483702
v 0.43611526 3.25152111 -1.026371
v 0.39376831 3.23345661 -1.01483738
v 0.37295532 3.19703388 -1.01813209
v 0.40303039 3.22298145 -1.01483726
v 0.45262908 3.28680133 -1.04779171
v 0.46318817 3.27487468 -1.04779195
v 0.43066024 3.30988407 -1.0477916
v 0.41590118 3.27383136 -1.02637124
v 0.44178772 3.29848194 -1.04779207
v 0.37448883 3.25371456 -1.01483714
v 0.35548782 3.21631526 -1.01813209
v 0.38425064 3.24369335 -1.01483702
v 0.39460372 3.29511928 -1.02637052
v 0.35423278 3.27299976 -1.01483702
v 0.33708572 3.23470783 -1.01813197
v 0.36447525 3.26348209 -1.01483678
v 0.40757751 3.331851 -1.0477916
v 0.4192543 3.32101726 -1.04779207
v 0.38344955 3.35267353 -1.04779171
v 0.37229156 3.3153429 -1.02637028
v 0.39564514 3.34241771 -1.04779207
v 0.33305358 3.29126453 -1.01483666
v 0.31781005 3.25217533 -1.01813161
v 0.34376144 3.28225612 -1.0148369
v 0.34901428 3.33445262 -1.02637052
v 0.31100463 3.30845928 -1.01483702
v 0.29769897 3.26868534 -1.01813197
v 0.32213592 3.29999446 -1.0148369
v 0.35832595 3.37227726 -1.04779195
v 0.37100982 3.36262607 -1.04779219
v 0.33227539 3.39063358 -1.04779207
v 0.3248291 3.35238933 -1.0263704
v 0.34541702 3.3816061 -1.0477916
v 0.28814315 3.32457256 -1.0148369
v 0.27679824 3.28419208 -1.01813197
v 0.29967117 3.31665325 -1.0148369
v 0.29979324 3.36911678 -1.026371
v 0.26450729 3.33953189 -1.01483678
v 0.25516891 3.29863643 -1.01813185
v 0.27641296 3.33220005 -1.01483678
v 0.30535125 3.40766811 -1.04779219
v 0.31892013 3.39931392 -1.04779195
v 0.27762222 3.42338085 -1.04779195
v 0.27396392 3.38459491 -1.02637052
v 0.29158783 3.41570377 -1.04779171
v 0.24017334 3.35332012 -1.01483702
v 0.23285293 3.31201267 -1.01813197
v 0.25242996 3.34657192 -1.01483666
v 0.247406 3.39879322 -1.02637147
v 0.2151947 3.36588573 -1.01483702
v 0.20990371 3.32427501 -1.01813161
v 0.22776413 3.35975933 -1.01483678
v 0.24916458 3.43771076 -1.04779171
v 0.26347732 3.43072032 -1.04779219
v 0.22002792 3.4506216 -1.04779171
v 0.22018432 3.41165828 -1.02637028
v 0.23467636 3.44434642 -1.04779219
v 0.18962478 3.37722683 -1.01483702
v 0.1863861 3.33540439 -1.01813197
v 0.20248031 3.37172031 -1.01483702
v 0.19236755 3.42318439 -1.0263704
v 0.16353225 3.38729572 -1.0148369
v 0.16234588 3.34535884 -1.01813185
v 0.17664337 3.38242054 -1.0148369
v 0.19029617 3.4620924 -1.04779148
v 0.20523452 3.45653629 -1.04779207
v 0.16003418 3.47209262 -1.04779207
v 0.1640129 3.43333149 -1.02637076
v 0.17522811 3.46727085 -1.0477916
v 0.13698196 3.39606571 -1.01483714
v 0.1378479 3.35412502 -1.01813185
v 0.15031433 3.39183712 -1.01483702
v 0.1352005 3.44207286 -1.02637076
v 0.11002349 3.40352344 -1.01483738
v 0.11295318 3.3616743 -1.01813185
v 0.1235466 3.39996433 -1.01483702
v 0.12932586 3.48059177 -1.0477916
v 0.14473342 3.47651195 -1.0477916
v 0.09823608 3.48756504 -1.04779219
v 0.10599517 3.44938373 -1.02637064
v 0.11382675 3.48427295 -1.04779171
v 0.08273315 3.40965747 -1.01483702
v 0.08771514 3.36799716 -1.01813197
v 0.09641647 3.4067583 -1.01483702
v 0.07645797 3.45526218 -1.0263704
v 0.05517959 3.41443729 -1.01483678
v 0.06219482 3.37307834 -1.01813173
v 0.06899261 3.41221141 -1.01483702
v 0.06684112 3.49301815 -1.04779171
v 0.08256912 3.49049091 -1.0477916
v 0.03520965 3.49691677 -1.04779207
v 0.04667282 3.45967769 -1.0263704
v 0.05104827 3.49515628 -1.0477916
v 0.02742767 3.41786098 -1.01483702
v 0.03646087 3.37689876 -1.01813161
v 0.0413208 3.41631794 -1.01483678
v 0.01670455 3.46263027 -1.02637076
v -0.0004692 3.41991138 -1.01483678
v 0.01057052 3.37944316 -1.01813161
v 0.01349258 3.41906261 -1.01483678
v 0.00342941 3.4992609 -1.04779148
v 0.01934051 3.49828243 -1.0477916
v -0.02842712 3.5000391 -1.04779195
v -0.01336669 3.46411037 -1.0263704
v -0.01248931 3.49984455 -1.0477916
v -0.02842712 3.42060184 -1.01483678
v -0.01541519 3.380723 -1.01813197
v -0.01444244 3.42043209 -1.0148369
v -0.04347991 3.46411037 -1.0263704
v -0.05638885 3.41991138 -1.01483678
v -0.04143905 3.380723 -1.01813197
v -0.0424118 3.42043209 -1.0148369
v -0.06028366 3.4992609 -1.04779148
v -0.04436111 3.49984455 -1.0477916
v -0.0735588 3.46263027 -1.02637076
v -0.07618713 3.49828243 -1.0477916
v -0.06742095 3.37944316 -1.01813161
v -0.07034301 3.41906261 -1.01483678
v -0.07804489 3.35460376 -1.107113
v -0.08942794 3.34535694 -1.0741564
v -0.1027069 3.35156917 -1.107113
v -0.09040069 3.35324382 -1.107113
v -0.07804489 3.35460376 -1.04120147
v -0.1027069 3.35156917 -1.04120135
v -0.09040069 3.35324382 -1.04120171
v -0.12719345 3.34731769 -1.04120123
v -0.11361694 3.34176731 -1.07415711
v -0.11497497 3.34958553 -1.04120183
v -0.12719345 3.34731388 -1.107113
v -0.11497497 3.34958553 -1.107113
v -0.13760757 3.33700084 -1.07415676
v -0.15143585 3.34187412 -1.107113
v -0.13934326 3.34474277 -1.107113
v -0.15143585 3.34187603 -1.04120171
v -0.13934326 3.34474277 -1.04120147
v -0.17537689 3.3352499 -1.04120159
v -0.16133117 3.33104801 -1.07415711
v -0.16344833 3.33870983 -1.04120171
v -0.17537689 3.3352499 -1.107113
v -0.16344833 3.33870983 -1.107113
v -0.18473815 3.32395839 -1.07415676
v -0.19898223 3.32745838 -1.107113
v -0.18722915 3.33149433 -1.107113
v -0.19898223 3.32745838 -1.04120171
v -0.18722915 3.33149433 -1.04120171
v -0.22215652 3.318511 -1.04120147
v -0.20776367 3.31571102 -1.07415711
v -0.21062469 3.32312297 -1.04120183
v -0.22215652 3.318511 -1.107113
v -0.21062469 3.32312107 -1.107113
v -0.23035812 3.30635738 -1.07415676
v -0.24487304 3.30844402 -1.107113
v -0.23357772 3.31361675 -1.107113
v -0.24487304 3.30844402 -1.04120194
v -0.23357772 3.31361675 -1.04120147
v -0.26707077 3.29727649 -1.04120194
v -0.2524681 3.29590129 -1.07415723
v -0.25604248 3.30299472 -1.04120183
v -0.26707077 3.29727649 -1.107113
v -0.25604248 3.30299472 -1.107113
v -0.27404403 3.28436756 -1.0741564
v -0.28869247 3.28501796 -1.107113
v -0.27795791 3.29127216 -1.107113
v -0.28869247 3.28501796 -1.04120194
v -0.27795791 3.29127407 -1.04120183
v -0.30968093 3.27172946 -1.04120171
v -0.29502105 3.27180194 -1.07415711
v -0.29926681 3.27850055 -1.04120194
v -0.30968093 3.27172946 -1.107113
v -0.29926681 3.27850055 -1.10711312
v -0.31535339 3.25820446 -1.0741564
v -0.32999801 3.25742244 -1.107113
v -0.31992721 3.26469707 -1.107113
v -0.32999801 3.25742244 -1.04120123
v -0.31992721 3.26469707 -1.04120194
v -0.34958648 3.24213886 -1.04120171
v -0.33500289 3.24363422 -1.07415711
v -0.33988952 3.24989414 -1.04120206
v -0.34958648 3.24213695 -1.107113
v -0.33988952 3.24989986 -1.107113
v -0.35390472 3.22811603 -1.0741564
v -0.36840438 3.22590351 -1.107113
v -0.35909271 3.23413372 -1.107113
v -0.36840438 3.22590541 -1.04120159
v -0.35909271 3.23413944 -1.04120147
v -0.3863945 3.20876598 -1.04120147
v -0.37203216 3.21170139 -1.07415723
v -0.37750625 3.21745395 -1.04120147
v -0.3863945 3.20876598 -1.107113
v -0.37750625 3.21745395 -1.107113
v -0.38932418 3.19439983 -1.0741564
v -0.40353393 3.19077396 -1.107113
v -0.39507293 3.19987392 -1.107113
v -0.40353393 3.19077396 -1.04120171
v -0.39507293 3.19987773 -1.04120183
v -0.41975784 3.17196655 -1.04120147
v -0.40574646 3.17627906 -1.07415735
v -0.41176223 3.18146896 -1.04120194
v -0.41975784 3.17196655 -1.107113
v -0.41176223 3.18146514 -1.107113
v -0.42126464 3.15736961 -1.0741564
v -0.43505096 3.15236949 -1.107113
v -0.42752838 3.16226768 -1.107113
v -0.43505096 3.15236949 -1.04120147
v -0.42752838 3.16226577 -1.04120171
v -0.44935989 3.13205623 -1.04120171
v -0.43583297 3.13772487 -1.07415747
v -0.44232559 3.14230251 -1.04120171
v -0.44935989 3.13205623 -1.10711312
v -0.44232559 3.14230251 -1.107113
v -0.44942474 3.11739158 -1.0741564
v -0.46265792 3.11106109 -1.107113
v -0.45613479 3.12164878 -1.107113
v -0.46265792 3.11106109 -1.04120147
v -0.45613479 3.12164878 -1.04120183
v -0.4749031 3.0894432 -1.04120123
v -0.46199417 3.09641647 -1.07415711
v -0.46891021 3.10032653 -1.04120171
v -0.4749031 3.0894432 -1.107113
v -0.46891021 3.10032463 -1.107113
v -0.473526 3.07485008 -1.07415676
v -0.48607254 3.06724548 -1.10711252
v -0.48062133 3.07842063 -1.107113
v -0.48607254 3.06724548 -1.04120147
v -0.48062133 3.07842063 -1.04120171
v -0.49614334 3.0445404 -1.04120111
v -0.48398208 3.05272865 -1.07415747
v -0.49124527 3.05595016 -1.04120171
v -0.49614334 3.0445404 -1.107113
v -0.49124527 3.05595016 -1.107113
v -0.49334335 3.0301361 -1.0741564
v -0.50508117 3.02134323 -1.107113
v -0.50075149 3.03299903 -1.10711312
v -0.50508117 3.02134704 -1.04120111
v -0.50075149 3.03300285 -1.04120171
v -0.51287841 2.99776077 -1.04120183
v -0.50157547 3.00710868 -1.07415711
v -0.50912475 3.00960159 -1.04120171
v -0.51287841 2.99776077 -1.10711252
v -0.50912475 3.0096035 -1.107113
v -0.50867843 2.98370552 -1.07415723
v -0.51950454 2.97380065 -1.107113
v -0.51633834 2.98581695 -1.107113
v -0.51950454 2.97380065 -1.04120194
v -0.51633834 2.98581886 -1.04120171
v -0.52494812 2.94956207 -1.04120242
v -0.51462554 2.9599781 -1.07415759
v -0.52237319 2.96171951 -1.04120183
v -0.52494812 2.94956398 -1.107113
v -0.52237319 2.96171951 -1.107113
v -0.51939392 2.9359951 -1.07415747
v -0.52919387 2.92508506 -1.10711312
v -0.52722168 2.93735313 -1.10711312
v -0.52919387 2.92508506 -1.04120194
v -0.52722168 2.93735122 -1.04120183
v -0.532238 2.90041923 -1.04120206
v -0.52298355 2.91179466 -1.07415747
v -0.53086853 2.91276931 -1.04120183
v -0.532238 2.90042495 -1.10711312
v -0.53086853 2.91276931 -1.107113
v -0.52538681 2.88746452 -1.07415759
v -0.53406143 2.87564086 -1.10711312
v -0.5333023 2.88804435 -1.107113
v -0.53406143 2.87564086 -1.04120194
v -0.5333023 2.88804245 -1.04120171
v -0.53467941 2.85079765 -1.04120206
v -0.52657699 2.86302566 -1.07415747
v -0.53452301 2.86322212 -1.04120206
v -0.53467941 2.85079765 -1.10711312
v -0.53452301 2.86322212 -1.107113
v -0.52657699 2.83856582 -1.07415759
v -0.53406143 2.82595634 -1.107113
v -0.53452301 2.83837318 -1.10711312
v -0.53406143 2.82595634 -1.04120194
v -0.53452301 2.83837318 -1.04120183
v -0.532238 2.80117225 -1.04120171
v -0.52538681 2.81414413 -1.07415735
v -0.5333023 2.81355285 -1.04120194
v -0.532238 2.80117225 -1.107113
v -0.5333023 2.81355094 -1.10711312
v -0.52298355 2.78980636 -1.07415735
v -0.52919387 2.77651405 -1.107113
v -0.53086853 2.78883171 -1.10711312
v -0.52919387 2.77651405 -1.04120242
v -0.53086853 2.78883171 -1.04120194
v -0.52494812 2.75203704 -1.04120206
v -0.51939392 2.76560401 -1.07415759
v -0.52722168 2.7642498 -1.04120183
v -0.52494812 2.75203895 -1.107113
v -0.52722168 2.7642517 -1.107113
v -0.51462554 2.74163055 -1.07415759
v -0.51950454 2.72779083 -1.10711312
v -0.52237319 2.7398796 -1.10711312
v -0.51950454 2.72778892 -1.04120206
v -0.52237319 2.7398796 -1.04120171
v -0.51287841 2.70384407 -1.04120159
v -0.50867843 2.7178936 -1.07415759
v -0.51633834 2.71578216 -1.04120171
v -0.51287841 2.70384407 -1.107113
v -0.51633834 2.71578216 -1.10711312
v -0.50157547 2.69448852 -1.07415759
v -0.50508117 2.68025398 -1.10711312
v -0.50912475 2.69200134 -1.10711312
v -0.50508117 2.68025207 -1.04120194
v -0.50912475 2.69200325 -1.04120206
v -0.49614334 2.65706062 -1.04120194
v -0.49334335 2.67146492 -1.07415759
v -0.50075149 2.66859817 -1.04120194
v -0.49614334 2.65706253 -1.10711312
v -0.50075149 2.66859817 -1.10711312
v -0.48398208 2.64887237 -1.07415771
v -0.48607254 2.63435554 -1.10711312
v -0.49124527 2.64565277 -1.10711312
v -0.48607254 2.63435363 -1.04120218
v -0.49124527 2.64564704 -1.04120171
v -0.4749031 2.61215972 -1.04120171
v -0.473526 2.62675094 -1.07415747
v -0.48062133 2.62317848 -1.04120171
v -0.4749031 2.61215591 -1.107113
v -0.48062133 2.62318038 -1.107113
v -0.46199417 2.60518455 -1.07415747
v -0.46265792 2.59053993 -1.10711312
v -0.46891021 2.60127639 -1.107113
v -0.46265792 2.59053993 -1.04120278
v -0.46891021 2.60127639 -1.04120194
v -0.44935989 2.56954193 -1.04120278
v -0.44942474 2.58420562 -1.07415759
v -0.45613479 2.57995414 -1.04120194
v -0.44935989 2.56954574 -1.107113
v -0.45613479 2.57995224 -1.107113
v -0.43583297 2.56386947 -1.07415759
v -0.43505096 2.54922676 -1.10711312
v -0.44232559 2.55929565 -1.107113
v -0.43505096 2.54922485 -1.04120254
v -0.44232559 2.55929565 -1.04120206
v -0.41975784 2.52963638 -1.04120278
v -0.42126464 2.54423141 -1.07415747
v -0.42752838 2.53933334 -1.04120218
v -0.41975784 2.52963829 -1.107113
v -0.42752838 2.53933334 -1.107113
v -0.40574646 2.52531814 -1.07415759
v -0.40353393 2.51082801 -1.10711312
v -0.41176223 2.52013969 -1.10711312
v -0.40353393 2.5108242 -1.04120278
v -0.41176223 2.52013588 -1.04120206
v -0.3863945 2.49283218 -1.0412029
v -0.38932418 2.50719833 -1.07415735
v -0.39507293 2.5017147 -1.04120218
v -0.3863945 2.49283027 -1.107113
v -0.39507293 2.50171852 -1.10711312
v -0.37203216 2.4899044 -1.07415759
v -0.36840438 2.47569274 -1.10711312
v -0.37750625 2.48414611 -1.107113
v -0.36840438 2.47569084 -1.04120254
v -0.37750625 2.4841423 -1.04120206
v -0.34958648 2.45946312 -1.0412029
v -0.35390472 2.47347831 -1.07415759
v -0.35909271 2.46746444 -1.0412023
v -0.34958648 2.45946121 -1.10711312
v -0.35909271 2.46746254 -1.10711312
v -0.33500289 2.45796203 -1.07415759
v -0.32999801 2.44418144 -1.10711312
v -0.33988952 2.4516983 -1.10711312
v -0.32999801 2.44417953 -1.04120278
v -0.33988952 2.4516983 -1.04120194
v -0.30968093 2.42987251 -1.04120278
v -0.31535339 2.4433918 -1.07415735
v -0.31992721 2.43689918 -1.04120242
v -0.30968093 2.42987251 -1.10711312
v -0.31992721 2.43689727 -1.10711312
v -0.29502105 2.42980384 -1.07415747
v -0.28869247 2.41657257 -1.10711312
v -0.29926681 2.42309188 -1.10711312
v -0.28869247 2.41657066 -1.04120278
v -0.29926681 2.42309188 -1.04120194
v -0.26707077 2.40432357 -1.04120278
v -0.27404403 2.41722869 -1.07415759
v -0.27795791 2.41031646 -1.04120194
v -0.26707077 2.40432357 -1.10711312
v -0.27795791 2.41031456 -1.107113
v -0.2524681 2.40569686 -1.07415747
v -0.24487304 2.39314842 -1.107113
v -0.25604248 2.39860725 -1.10711312
v -0.24487304 2.39314651 -1.04120266
v -0.25604248 2.39860725 -1.0412023
v -0.22215652 2.38309097 -1.04120278
v -0.23035812 2.39524841 -1.07415759
v -0.23357772 2.38797569 -1.04120278
v -0.22215652 2.38308906 -1.10711312
v -0.23357772 2.3879795 -1.10711312
v -0.20776367 2.38588523 -1.07415771
v -0.19898223 2.37413978 -1.107113
v -0.21062469 2.37846756 -1.10711312
v -0.19898223 2.37414169 -1.04120278
v -0.21062469 2.37847137 -1.04120194
v -0.17537689 2.36635398 -1.04120242
v -0.18473815 2.37763977 -1.07415759
v -0.18722915 2.37010574 -1.04120278
v -0.17537689 2.36635017 -1.107113
v -0.18722915 2.37010383 -1.10711312
v -0.16133117 2.37054634 -1.07415771
v -0.15143585 2.35972404 -1.10711312
v -0.16344833 2.36289215 -1.10711312
v -0.15143585 2.35972404 -1.0412029
v -0.16344833 2.36289215 -1.04120242
v -0.12719345 2.35428619 -1.04120278
v -0.13760757 2.36459922 -1.07415747
v -0.13934326 2.35684585 -1.04120206
v -0.12719345 2.35428428 -1.10711312
v -0.13934326 2.35685348 -1.107113
v -0.11361694 2.35982513 -1.07415759
v -0.1027069 2.35003471 -1.10711312
v -0.11497497 2.35200691 -1.10711312
v -0.1027069 2.3500328 -1.04120266
v -0.11497497 2.35200119 -1.0412023
v -0.07804489 2.34699249 -1.04120266
v -0.08942794 2.35623931 -1.07415759
v -0.09040069 2.34836006 -1.04120254
v -0.07804489 2.3469963 -1.10711312
v -0.09040069 2.34836006 -1.10711312
v -0.06508255 2.35384368 -1.07415771
v -0.05326461 2.34515953 -1.10711312
v -0.06567001 2.34592628 -1.10711312
v -0.05326461 2.34516143 -1.04120302
v -0.06567001 2.34592437 -1.04120266
v -0.02842712 2.3445549 -1.04120278
v -0.04065322 2.35264778 -1.07415747
v -0.04085159 2.34470176 -1.04120194
v -0.02842712 2.3445549 -1.10711312
v -0.04085159 2.34470176 -1.10711312
v -0.0161972 2.35264968 -1.07415747
v -0.00358963 2.34515953 -1.10711312
v -0.01600265 2.34470176 -1.10711312
v -0.00358963 2.34516143 -1.04120302
v -0.01600265 2.34470176 -1.04120266
v 0.02119827 2.34699249 -1.04120266
v 0.00823211 2.35384368 -1.07415771
v 0.00881195 2.34592437 -1.04120266
v 0.02119827 2.3469963 -1.10711312
v 0.00881195 2.34592628 -1.10711312
v 0.03256988 2.35623931 -1.07415771
v 0.04585647 2.35003471 -1.10711312
v 0.03354644 2.34836006 -1.10711312
v 0.04585647 2.3500328 -1.04120266
v 0.03354644 2.34836006 -1.04120254
v 0.0703392 2.35428619 -1.04120278
v 0.05676269 2.35982513 -1.07415759
v 0.05812454 2.35200691 -1.04120242
v 0.0703392 2.35428428 -1.10711312
v 0.05812454 2.35200691 -1.10711312
v 0.08075714 2.36459922 -1.07415747
v 0.0945816 2.35972404 -1.10711312
v 0.08249282 2.35685348 -1.10711312
v 0.0945816 2.35972404 -1.0412029
v 0.08249282 2.35684585 -1.04120206
v 0.11853027 2.36635398 -1.04120242
v 0.10448074 2.37054634 -1.07415759
v 0.10660171 2.36289215 -1.04120242
v 0.11853027 2.36635017 -1.107113
v 0.10660171 2.36289215 -1.10711312
v 0.12788772 2.37763977 -1.07415759
v 0.14212799 2.37413978 -1.107113
v 0.1303749 2.37010383 -1.10711312
v 0.14212799 2.37414169 -1.04120278
v 0.1303749 2.37010192 -1.04120218
v 0.16530609 2.38309097 -1.04120278
v 0.15090942 2.38588523 -1.07415771
v 0.15377426 2.37847137 -1.04120194
v 0.16530609 2.38308906 -1.10711312
v 0.15377426 2.37846756 -1.10711312
v 0.1735115 2.39524841 -1.07415759
v 0.18802261 2.39314842 -1.107113
v 0.17673111 2.3879795 -1.10711312
v 0.18802261 2.39314651 -1.04120266
v 0.17673111 2.38797569 -1.04120278
v 0.21022033 2.40432357 -1.04120278
v 0.19561767 2.40569686 -1.07415747
v 0.19918823 2.39860725 -1.0412023
v 0.21022033 2.40432357 -1.10711312
v 0.19918823 2.39860153 -1.107113
v 0.21718597 2.41722869 -1.07415759
v 0.23183441 2.41657257 -1.10711312
v 0.22110748 2.41031456 -1.10711312
v 0.23183441 2.41657066 -1.04120278
v 0.22110748 2.41031646 -1.04120194
v 0.2528305 2.42987251 -1.04120278
v 0.2381668 2.42980384 -1.07415747
v 0.24241638 2.42309188 -1.04120266
v 0.2528305 2.42987251 -1.10711312
v 0.24241638 2.42309188 -1.10711312
v 0.25850677 2.4433918 -1.07415747
v 0.27314376 2.44418144 -1.10711312
v 0.26307678 2.43689727 -1.10711312
v 0.27314376 2.44417953 -1.04120278
v 0.26307678 2.43689918 -1.04120242
v 0.29273223 2.45946312 -1.0412029
v 0.27814865 2.45796203 -1.07415759
v 0.28303527 2.4516983 -1.04120194
v 0.29273223 2.45946121 -1.10711312
v 0.28303527 2.4516983 -1.10711312
v 0.29705429 2.47347831 -1.07415759
v 0.31155014 2.47569274 -1.10711312
v 0.30223846 2.46746254 -1.10711312
v 0.31155014 2.47569084 -1.04120266
v 0.30223846 2.46746444 -1.04120242
v 0.32954788 2.49283218 -1.0412029
v 0.3151741 2.4899044 -1.07415759
v 0.320652 2.4841423 -1.04120194
v 0.32954788 2.49283027 -1.107113
v 0.320652 2.48414611 -1.107113
v 0.33246994 2.50719833 -1.07415759
v 0.3466835 2.51082801 -1.10711312
v 0.3382225 2.5017147 -1.107113
v 0.3466835 2.5108242 -1.04120242
v 0.3382225 2.5017147 -1.04120194
v 0.36290741 2.52963638 -1.04120266
v 0.34889221 2.52531814 -1.07415759
v 0.3549118 2.52013588 -1.04120206
v 0.36290741 2.52963829 -1.107113
v 0.3549118 2.52013969 -1.10711312
v 0.36440658 2.54423141 -1.07415747
v 0.3781929 2.54922676 -1.10711312
v 0.37067413 2.53933525 -1.10711312
v 0.3781929 2.54922485 -1.04120278
v 0.37067413 2.53933334 -1.04120278
v 0.39250564 2.56954193 -1.04120278
v 0.37898254 2.56386947 -1.07415759
v 0.38547897 2.55929565 -1.04120242
v 0.39250564 2.56954574 -1.10711312
v 0.38547897 2.55929565 -1.10711312
v 0.39257049 2.58420562 -1.07415759
v 0.40579986 2.59053993 -1.10711312
v 0.39928436 2.57995224 -1.10711312
v 0.40579986 2.59053993 -1.04120242
v 0.39928436 2.57995414 -1.04120194
v 0.41804504 2.61215972 -1.04120278
v 0.40514373 2.60518455 -1.07415747
v 0.41205215 2.60127639 -1.04120194
v 0.41804504 2.61215782 -1.10711312
v 0.41205215 2.60127639 -1.10711312
v 0.41666793 2.62675094 -1.07415759
v 0.42921447 2.63435554 -1.10711312
v 0.4237709 2.62318038 -1.107113
v 0.42921447 2.63435363 -1.04120278
v 0.4237709 2.62317848 -1.04120242
v 0.43928909 2.65706062 -1.04120254
v 0.42713165 2.64887237 -1.07415759
v 0.43439483 2.64564895 -1.04120218
v 0.43928909 2.65706253 -1.10711312
v 0.43439483 2.64565277 -1.10711312
v 0.43648529 2.6714611 -1.07415759
v 0.44822692 2.68025398 -1.10711312
v 0.44390106 2.66859817 -1.10711312
v 0.44822692 2.68025207 -1.04120171
v 0.44390106 2.66859817 -1.04120194
v 0.45602035 2.70384216 -1.04120206
v 0.44472885 2.69448852 -1.07415747
v 0.45227432 2.69200134 -1.04120171
v 0.45602035 2.70384407 -1.10711312
v 0.45227432 2.69200134 -1.10711312
v 0.451828 2.7178936 -1.07415759
v 0.46264648 2.72779083 -1.10711312
v 0.4594841 2.71578216 -1.10711312
v 0.46264648 2.72779083 -1.04120254
v 0.4594841 2.71578216 -1.04120206
v 0.46809768 2.75203704 -1.04120171
v 0.4577713 2.74161338 -1.07415759
v 0.46552658 2.7398796 -1.04120171
v 0.46809768 2.75203895 -1.10711312
v 0.46552658 2.7398796 -1.10711312
v 0.46253967 2.76560401 -1.07415747
v 0.47233963 2.77651405 -1.10711312
v 0.47036743 2.7642517 -1.107113
v 0.47233963 2.77651405 -1.04120194
v 0.47036743 2.7642517 -1.04120147
v 0.47538375 2.80117225 -1.04120171
v 0.46613311 2.78980255 -1.07415735
v 0.47401428 2.78883171 -1.04120206
v 0.47538375 2.80117225 -1.107113
v 0.47401428 2.78883171 -1.107113
v 0.46852493 2.81414413 -1.07415759
v 0.47721481 2.82595634 -1.107113
v 0.47645187 2.81355094 -1.10711312
v 0.47721481 2.82595634 -1.04120206
v 0.47645187 2.81355285 -1.04120171
v 0.47782135 2.85079765 -1.04120218
v 0.46973037 2.83856582 -1.07415759
v 0.47766876 2.83837318 -1.04120218
v 0.47782135 2.85079765 -1.10711312
v 0.47766876 2.83837318 -1.107113
v 0.46973037 2.86302566 -1.07415747
v 0.47721481 2.87564086 -1.10711312
v 0.47766876 2.86322212 -1.10711312
v 0.47721481 2.87564086 -1.04120194
v 0.47766876 2.86322212 -1.04120171
v 0.47538375 2.90041732 -1.04120171
v 0.46852493 2.88746452 -1.07415747
v 0.47645187 2.88804245 -1.04120194
v 0.47538375 2.90041732 -1.107113
v 0.47645187 2.88804435 -1.107113
v 0.46613311 2.91179466 -1.07415747
v 0.47233963 2.92508506 -1.10711312
v 0.47401428 2.91276931 -1.107113
v 0.47233963 2.92508506 -1.04120218
v 0.47401428 2.91276931 -1.04120183
v 0.46809768 2.94956016 -1.04120171
v 0.46253967 2.9359951 -1.07415747
v 0.47036743 2.93735122 -1.04120171
v 0.46809768 2.94956398 -1.107113
v 0.47036743 2.93735313 -1.107113
v 0.4577713 2.9599781 -1.07415747
v 0.46264648 2.97380065 -1.10711312
v 0.46552658 2.96171951 -1.107113
v 0.46264648 2.97380065 -1.04120194
v 0.46552658 2.96171951 -1.04120171
v 0.45602035 2.99776077 -1.04120171
v 0.451828 2.98370361 -1.07415735
v 0.4594841 2.98581886 -1.04120194
v 0.45602035 2.99776077 -1.107113
v 0.4594841 2.98581695 -1.10711312
v 0.44472885 3.00710868 -1.07415747
v 0.44822692 3.02134323 -1.10711312
v 0.45227432 3.0096035 -1.107113
v 0.44822692 3.02134704 -1.04120194
v 0.45227432 3.00960159 -1.04120183
v 0.43928909 3.0445404 -1.04120135
v 0.43648529 3.0301361 -1.07415723
v 0.44390106 3.03300285 -1.04120206
v 0.43928909 3.0445404 -1.107113
v 0.44390106 3.03299903 -1.10711312
v 0.42713165 3.05272865 -1.0741564
v 0.42921447 3.06724548 -1.107113
v 0.43439483 3.05595016 -1.107113
v 0.42921447 3.06724548 -1.04120171
v 0.43439483 3.05595016 -1.04120171
v 0.41804504 3.08944129 -1.04120183
v 0.41666793 3.07485008 -1.07415711
v 0.4237709 3.07842063 -1.04120183
v 0.41804504 3.0894432 -1.107113
v 0.4237709 3.07842063 -1.107113
v 0.40514373 3.09641838 -1.07415664
v 0.40579986 3.11106109 -1.107113
v 0.41205215 3.10032463 -1.107113
v 0.40579986 3.11106109 -1.04120147
v 0.41205215 3.10032653 -1.04120218
v 0.39250564 3.13205432 -1.04120123
v 0.39257049 3.11739158 -1.07415723
v 0.39928436 3.12164878 -1.04120171
v 0.39250564 3.13205623 -1.107113
v 0.39928436 3.12164878 -1.107113
v 0.37898254 3.13772487 -1.07415628
v 0.3781929 3.15236949 -1.107113
v 0.38547897 3.14230251 -1.107113
v 0.3781929 3.15236949 -1.04120159
v 0.38547897 3.14230251 -1.04120171
v 0.36290741 3.17196655 -1.04120135
v 0.36440658 3.15736961 -1.07415735
v 0.37067413 3.16226768 -1.04120147
v 0.36290741 3.17196655 -1.107113
v 0.37067413 3.16226768 -1.107113
v 0.34889221 3.17627906 -1.0741564
v 0.3466835 3.19077396 -1.107113
v 0.3549118 3.18146514 -1.107113
v 0.3466835 3.19077396 -1.04120123
v 0.3549118 3.18146896 -1.04120194
v 0.32954788 3.20876598 -1.04120123
v 0.33246994 3.19439983 -1.07415735
v 0.3382225 3.19987773 -1.04120194
v 0.32954788 3.20876598 -1.107113
v 0.3382225 3.19987392 -1.107113
v 0.3151741 3.21170139 -1.0741564
v 0.31155014 3.22590351 -1.107113
v 0.320652 3.21745395 -1.10711312
v 0.31155014 3.22590541 -1.04120147
v 0.320652 3.21745395 -1.04120159
v 0.29273223 3.24213886 -1.04120171
v 0.29705429 3.22811603 -1.07415711
v 0.30223846 3.23413944 -1.04120063
v 0.29273223 3.24213695 -1.107113
v 0.30223846 3.23413372 -1.107113
v 0.27814865 3.24363422 -1.0741564
v 0.27314376 3.25742244 -1.107113
v 0.28303527 3.24989986 -1.107113
v 0.27314376 3.25742244 -1.04120147
v 0.28303527 3.24989414 -1.04120171
v 0.2528305 3.27172946 -1.04120147
v 0.25850677 3.25820446 -1.07415711
v 0.26307678 3.26469707 -1.04120206
v 0.2528305 3.27172946 -1.107113
v 0.26307678 3.26469707 -1.107113
v 0.2381668 3.27180194 -1.0741564
v 0.23183441 3.28501796 -1.107113
v 0.24241638 3.27850055 -1.107113
v 0.23183441 3.28501796 -1.04120194
v 0.24241638 3.27850055 -1.04120194
v 0.21022033 3.29727649 -1.04120171
v 0.21718597 3.28436946 -1.07415723
v 0.22110748 3.29127407 -1.04120159
v 0.21022033 3.29727649 -1.107113
v 0.22110748 3.29127216 -1.10711312
v 0.19561767 3.29590129 -1.0741564
v 0.18802261 3.30844402 -1.107113
v 0.19919204 3.30299472 -1.107113
v 0.18802261 3.30844402 -1.04120194
v 0.19919204 3.30299472 -1.04120171
v 0.16530609 3.318511 -1.04120171
v 0.1735115 3.30635738 -1.07415711
v 0.17673111 3.31361675 -1.04120194
v 0.16530609 3.318511 -1.10711264
v 0.17673111 3.31361675 -1.107113
v 0.15090942 3.31571102 -1.0741564
v 0.14212799 3.32745838 -1.107113
v 0.15377426 3.32312107 -1.107113
v 0.14212799 3.32745647 -1.04120194
v 0.15377426 3.32312297 -1.04120171
v 0.11853027 3.3352499 -1.04120147
v 0.12788772 3.32395839 -1.074157
v 0.1303749 3.33149433 -1.04120194
v 0.11853027 3.3352499 -1.107113
v 0.1303749 3.33149433 -1.107113
v 0.10448074 3.33104801 -1.07415628
v 0.0945816 3.34187412 -1.107113
v 0.10660171 3.33870983 -1.107113
v 0.0945816 3.34187412 -1.04120135
v 0.10660171 3.33870983 -1.04120171
v 0.0703392 3.34731769 -1.04120123
v 0.08075714 3.33700084 -1.07415711
v 0.08249282 3.34474277 -1.04120147
v 0.0703392 3.34731388 -1.107113
v 0.08249282 3.34474277 -1.107113
v 0.05676269 3.34176731 -1.0741564
v 0.04585647 3.35156917 -1.107113
v 0.05812454 3.34958553 -1.107113
v 0.04585647 3.35156917 -1.04120135
v 0.05812454 3.34958553 -1.04120183
v 0.02119827 3.35460376 -1.04120147
v 0.03256988 3.34535694 -1.07415711
v 0.03354644 3.35324382 -1.04120171
v 0.02119827 3.35460376 -1.107113
v 0.03354644 3.35324382 -1.107113
v 0.00823211 3.34775447 -1.0741564
v -0.00358963 3.356431 -1.107113
v 0.00881195 3.35568141 -1.10711312
v -0.00358963 3.356431 -1.04120171
v 0.00881195 3.35568141 -1.04120206
v -0.02842712 3.35704326 -1.04120194
v -0.0161972 3.3489561 -1.07415711
v -0.01600265 3.35689449 -1.04120194
v -0.02842712 3.35704326 -1.107113
v -0.01600265 3.35689449 -1.107113
v -0.04065322 3.34895229 -1.07415628
v -0.05326461 3.356431 -1.107113
v -0.04085159 3.35689449 -1.107113
v -0.05326461 3.356431 -1.04120171
v -0.04085159 3.35689449 -1.04120194
v -0.06508255 3.34775447 -1.07415723
v -0.06567001 3.35568141 -1.04120206
v -0.06567001 3.35568141 -1.10711312
v 0 -0.98821258 1.42684972
v 0.58964538 -0.98821258 1.38785445
v 0.57829284 -0.87317562 1.38785445
v 0.54473114 -0.76256942 1.38785445
v 0.49024963 -0.66061973 1.38785445
v 0.41693115 -0.57127857 1.38785445
v 0.32757568 -0.49795723 1.38785445
v 0.22564697 -0.44345951 1.38785445
v 0.11503601 -0.40993118 1.38785445
v 0 -0.39856433 1.38785445
v -0.11504364 -0.40993118 1.38785445
v -0.22564697 -0.44345951 1.38785445
v -0.32757568 -0.49795723 1.38785445
v -0.41693878 -0.57127857 1.38785445
v -0.49024963 -0.66061973 1.38785445
v -0.54473114 -0.76256942 1.38785493
v -0.57830047 -0.87317562 1.38785493
v -0.58964538 -0.98821258 1.38785493
v -0.57830047 -1.10324764 1.38785493
v -0.54473114 -1.21385479 1.38785493
v -0.49024963 -1.31580543 1.38785445
v -0.41693878 -1.40514278 1.38785445
v -0.32757568 -1.47846698 1.38785445
v -0.22564697 -1.53296184 1.38785445
v -0.11504364 -1.56649208 1.38785445
v 0 -1.57785987 1.38785445
v 0.11503601 -1.56649208 1.38785445
v 0.22564697 -1.53296184 1.38785445
v 0.32757568 -1.47846698 1.38785445
v 0.41693115 -1.40514278 1.38785445
v 0.49024963 -1.31580543 1.38785445
v 0.54473114 -1.21385479 1.38785445
v 0.57829284 -1.10324764 1.38785445
v 1.15659332 -0.98821258 1.27237069
v 1.13439178 -0.76256942 1.27237069
v 1.06855011 -0.54559326 1.27237069
v 0.96167755 -0.3456459 1.27237069
v 0.81784057 -0.1703577 1.27237069
v 0.64258575 -0.02651691 1.27237069
v 0.44261169 0.08034229 1.27237069
v 0.22564697 0.14616107 1.27237069
v 0 0.16840648 1.27237069
v -0.22564697 0.14616107 1.27237069
v -0.44261169 0.08034229 1.27237069
v -0.64259338 -0.02651691 1.27237069
v -0.81784057 -0.1703577 1.27237069
v -0.96168518 -0.3456459 1.27237069
v -1.06855773 -0.54559326 1.27237069
v -1.13439178 -0.76256942 1.27237069
v -1.15660095 -0.98821258 1.27237069
v -1.13439178 -1.21385479 1.27237069
v -1.06855773 -1.43083286 1.27237069
v -0.96168518 -1.63078689 1.27237069
v -0.81784057 -1.80607128 1.27237069
v -0.64259338 -1.94990539 1.27237069
v -0.44261169 -2.0567646 1.27237069
v -0.22564697 -2.12257766 1.27237069
v 0 -2.14482498 1.27237069
v 0.22564697 -2.12257766 1.27237069
v 0.44261169 -2.0567646 1.27237069
v 0.64258575 -1.94990539 1.27237069
v 0.81784057 -1.80607128 1.27237069
v 0.96167755 -1.63078689 1.27237069
v 1.06855011 -1.43083286 1.27237069
v 1.13439178 -1.21385479 1.27237069
v 1.67912292 -0.98821258 1.08483302
v 1.6468811 -0.66061973 1.08483302
v 1.55132293 -0.3456459 1.08483302
v 1.39611816 -0.05531978 1.08483302
v 1.18733215 0.19912815 1.08483302
v 0.93285369 0.4079256 1.08483302
v 0.64258575 0.56311416 1.08483302
v 0.32757568 0.65867137 1.08483302
v 0 0.6909275 1.08483302
v -0.32757568 0.65867137 1.08483302
v -0.64259338 0.56311416 1.08483302
v -0.93286132 0.4079256 1.08483302
v -1.18733215 0.19912815 1.08483302
v -1.39612579 -0.05531978 1.08483302
v -1.55132293 -0.3456459 1.08483302
v -1.64688873 -0.66061973 1.08483302
v -1.67911529 -0.98821258 1.08483302
v -1.64688873 -1.31580543 1.08483302
v -1.55132293 -1.63078689 1.08483302
v -1.39612579 -1.92110633 1.08483302
v -1.18733215 -2.17555046 1.08483302
v -0.93286132 -2.38434886 1.08483302
v -0.64259338 -2.53953456 1.08483302
v -0.32757568 -2.63507938 1.08483302
v 0 -2.6673479 1.08483302
v 0.32757568 -2.63507938 1.08483302
v 0.64258575 -2.53953456 1.08483302
v 0.93285369 -2.38434886 1.08483302
v 1.18733215 -2.17555046 1.08483302
v 1.39611816 -1.92110633 1.08483302
v 1.55132293 -1.63078689 1.08483302
v 1.6468811 -1.31580543 1.08483302
v 2.13713073 -0.98821258 0.83244895
v 2.09605407 -0.57127857 0.83244895
v 1.97445678 -0.1703577 0.83244848
v 1.77696991 0.19912815 0.83244895
v 1.51116943 0.52296447 0.83244895
v 1.18733215 0.78874588 0.83244895
v 0.81784057 0.98624229 0.83244848
v 0.41693115 1.10785675 0.83244848
v 0 1.14892864 0.83244895
v -0.41693878 1.10785293 0.83244895
v -0.81784057 0.98624229 0.83244943
v -1.18733215 0.78874588 0.83244895
v -1.51116943 0.52296447 0.83244848
v -1.77696991 0.19912815 0.83244848
v -1.97446441 -0.1703577 0.83244848
v -2.09605407 -0.57127857 0.83244895
v -2.13713836 -0.98821258 0.83244895
v -2.09605407 -1.40514278 0.83244895
v -1.97446441 -1.80607128 0.83244848
v -1.77696991 -2.17555046 0.83244848
v -1.51116943 -2.49938488 0.83244848
v -1.18733215 -2.76517391 0.83244895
v -0.81784057 -2.96266174 0.83244943
v -0.41693878 -3.08427524 0.83244895
v 0 -3.12534618 0.83244895
v 0.41693115 -3.08427524 0.83244848
v 0.81784057 -2.96266174 0.83244848
v 1.18733215 -2.76517391 0.83244895
v 1.51116943 -2.49938488 0.83244895
v 1.77696991 -2.17555046 0.83244895
v 1.97445678 -1.80607128 0.83244848
v 2.09605407 -1.40514278 0.83244895
v 2.51299285 -0.98821258 0.52491903
v 2.46472168 -0.49795723 0.52491903
v 2.32170105 -0.02651691 0.52491903
v 2.08950042 0.4079256 0.52491903
v 1.77696991 0.78874588 0.52491903
v 1.39611816 1.10128974 0.52491903
v 0.96167755 1.33350086 0.52491903
v 0.49024963 1.47651958 0.52491903
v 0 1.5248146 0.52491903
v -0.49024963 1.47651958 0.52491903
v -0.96168518 1.33350086 0.52491903
v -1.39612579 1.10128974 0.52491951
v -1.77696991 0.78874588 0.52491951
v -2.08950042 0.4079256 0.52491951
v -2.32170105 -0.02651691 0.52491951
v -2.46472168 -0.49795723 0.52491951
v -2.51299285 -0.98821258 0.52491951
v -2.46472168 -1.47846698 0.52491951
v -2.32170105 -1.94990539 0.52491951
v -2.08950042 -2.38434886 0.52491951
v -1.77696991 -2.76517391 0.52491951
v -1.39612579 -3.07770443 0.52491951
v -0.96168518 -3.30992412 0.52491903
v -0.49024963 -3.45290184 0.52491903
v 0 -3.50121879 0.52491903
v 0.49024963 -3.45290184 0.52491903
v 0.96167755 -3.30992412 0.52491903
v 1.39611816 -3.07770443 0.52491903
v 1.77696991 -2.76517391 0.52491903
v 2.08950042 -2.38434886 0.52491903
v 2.32170105 -1.94990539 0.52491903
v 2.46472168 -1.47846698 0.52491903
v 2.79229736 -0.98821258 0.17405939
v 2.73864746 -0.44345951 0.17405939
v 2.57975769 0.08034229 0.17405939
v 2.32170105 0.56311416 0.17405939
v 1.97445678 0.98624229 0.17405939
v 1.55132293 1.33350086 0.17405962
v 1.06855011 1.59154987 0.17405962
v 0.54473114 1.75043106 0.17405962
v 0 1.80406284 0.17405962
v -0.54473114 1.75043106 0.17405962
v -1.06855773 1.59154987 0.17405986
v -1.55132293 1.33350086 0.17405962
v -1.97446441 0.98624229 0.17405986
v -2.32170105 0.56311416 0.17405986
v -2.57976532 0.08034229 0.17405986
v -2.73863983 -0.44345951 0.17405986
v -2.79229736 -0.98821258 0.17405986
v -2.73863983 -1.53296184 0.17405986
v -2.57976532 -2.0567646 0.17405986
v -2.32170105 -2.53953456 0.17405986
v -1.97446441 -2.96266174 0.17405986
v -1.55132293 -3.30992412 0.17405962
v -1.06855773 -3.56796836 0.17405986
v -0.54473114 -3.72684669 0.17405962
v 0 -3.78048038 0.17405962
v 0.54473114 -3.72684669 0.17405962
v 1.06855011 -3.56796836 0.17405962
v 1.55132293 -3.30992412 0.17405962
v 1.97445678 -2.96266174 0.17405939
v 2.32170105 -2.53953456 0.17405939
v 2.57975769 -2.0567646 0.17405939
v 2.73864746 -1.53296184 0.17405939
v 2.96429443 -0.98821258 -0.20664358
v 2.90733337 -0.40993118 -0.20664358
v 2.73864746 0.14616107 -0.20664358
v 2.46472168 0.65867137 -0.20664358
v 2.09605407 1.10785675 -0.20664358
v 1.6468811 1.47651958 -0.20664358
v 1.13439178 1.75043106 -0.20664334
v 0.57829284 1.919137 -0.20664358
v 0 1.97607421 -0.20664334
v -0.57830047 1.919137 -0.20664334
v -1.13439178 1.75043106 -0.20664334
v -1.64688873 1.47651958 -0.20664334
v -2.09605407 1.10785675 -0.20664358
v -2.46472168 0.65867137 -0.20664334
v -2.73863983 0.14616107 -0.20664334
v -2.90733337 -0.40993118 -0.20664334
v -2.96429443 -0.98821258 -0.20664334
v -2.90733337 -1.56649208 -0.20664334
v -2.73863983 -2.12257766 -0.20664334
v -2.46472168 -2.63507938 -0.20664334
v -2.09605407 -3.08427524 -0.20664358
v -1.64688873 -3.45290184 -0.20664334
v -1.13439178 -3.72684669 -0.20664334
v -0.57830047 -3.89555454 -0.20664334
v 0 -3.95249748 -0.20664334
v 0.57829284 -3.89555454 -0.20664358
v 1.13439178 -3.72684669 -0.20664334
v 1.6468811 -3.45290184 -0.20664358
v 2.09605407 -3.08427524 -0.20664358
v 2.46472168 -2.63507938 -0.20664358
v 2.73864746 -2.12257766 -0.20664358
v 2.90733337 -1.56649208 -0.20664358
v 3.02236175 -0.98821258 -0.60256075
v 2.96429443 -0.39856433 -0.60256075
v 2.79229736 0.16840648 -0.60256075
v 2.51299285 0.6909275 -0.60256075
v 2.13713073 1.14892864 -0.60256075
v 1.67912292 1.5248146 -0.60256075
v 1.15659332 1.80406284 -0.60256063
v 0.58964538 1.97607421 -0.60256063
v 0 2.03417682 -0.60256052
v -0.58964538 1.97607421 -0.60256052
v -1.15660095 1.80406284 -0.60256052
v -1.67912292 1.5248146 -0.6025604
v -2.13713836 1.14892864 -0.60256052
v -2.51299285 0.6909275 -0.60256052
v -2.79229736 0.16840648 -0.6025604
v -2.96429443 -0.39856433 -0.6025604
v -3.02235412 -0.98821258 -0.6025604
v -2.96429443 -1.57785987 -0.6025604
v -2.79229736 -2.14482498 -0.6025604
v -2.51299285 -2.6673479 -0.60256052
v -2.13713836 -3.12534618 -0.60256052
v -1.67911529 -3.50121879 -0.6025604
v -1.15660095 -3.78048038 -0.60256052
v -0.58964538 -3.95249748 -0.60256052
v 0 -4.01059246 -0.60256052
v 0.58964538 -3.95249748 -0.60256063
v 1.15659332 -3.78048038 -0.60256063
v 1.67912292 -3.50121879 -0.60256075
v 2.13713073 -3.12534618 -0.60256075
v 2.51299285 -2.6673479 -0.60256075
v 2.79229736 -2.14482498 -0.60256075
v 2.96429443 -1.57785987 -0.60256075
v 0.31720733 -4.19562816 -0.40812623
v 0.9394226 -4.07183742 -0.40812623
v 1.52552795 -3.82907581 -0.40812623
v 2.05298614 -3.47664928 -0.40812623
v 2.50157165 -3.02802276 -0.40812623
v 2.85403442 -2.50056457 -0.40812623
v 3.09679412 -1.91448116 -0.40812623
v 3.22053527 -1.29226779 -0.40812623
v 3.22053527 -0.65785408 -0.40812623
v 3.09679412 -0.03564357 -0.40812623
v 2.85403442 0.55043697 -0.40812623
v 2.50157165 1.07793712 -0.40812623
v 2.05298614 1.52652645 -0.40812623
v 1.52552795 1.87896156 -0.40812623
v 0.9394226 2.12174892 -0.40812623
v 0.31720733 2.24551105 -0.40812623
v -0.31720733 2.24551105 -0.40812623
v -0.9394226 2.12174892 -0.40812623
v -1.52553558 1.87896156 -0.40812623
v -2.05299377 1.52652645 -0.40812623
v -2.50157928 1.07793712 -0.40812623
v -2.85404205 0.55043697 -0.40812623
v -3.09679412 -0.03564357 -0.40812623
v -3.22053527 -0.65785408 -0.40812623
v -3.22053527 -1.29226779 -0.40812623
v -3.09679412 -1.91448116 -0.40812623
v -2.85404205 -2.50056457 -0.40812623
v -2.50157928 -3.02802276 -0.40812623
v -2.05299377 -3.47664928 -0.40812623
v -1.52553558 -3.82907581 -0.40812623
v -0.9394226 -4.07183742 -0.40812623
v -0.31720733 -4.19562816 -0.40812623
v 0.9394226 -4.07183742 -1.4268496
v 0.31720733 -4.19562816 -1.4268496
v 0 -0.97506046 -1.4268496
v 1.52552795 -3.82907581 -1.4268496
v 2.05298614 -3.47664928 -1.4268496
v 2.50157165 -3.02802276 -1.4268496
v 2.85403442 -2.50056457 -1.4268496
v 3.09679412 -1.91448116 -1.42684948
v 3.22053527 -1.29226779 -1.42684948
v 3.22053527 -0.65785408 -1.42684948
v 3.09679412 -0.03564357 -1.42684948
v 2.85403442 0.55043697 -1.4268496
v 2.50157165 1.07793712 -1.4268496
v 2.05298614 1.52652645 -1.4268496
v 1.52552795 1.87896156 -1.4268496
v 0.9394226 2.12174892 -1.4268496
v 0.31720733 2.24551105 -1.4268496
v -0.31720733 2.24551105 -1.4268496
v -0.9394226 2.12174892 -1.4268496
v -1.52553558 1.87896156 -1.42684972
v -2.05299377 1.52652645 -1.4268496
v -2.50157928 1.07793712 -1.42684972
v -2.85404205 0.55043697 -1.42684972
v -3.09679412 -0.03564357 -1.4268496
v -3.22053527 -0.65785408 -1.4268496
v -3.22053527 -1.29226779 -1.4268496
v -3.09679412 -1.91448116 -1.4268496
v -2.85404205 -2.50056457 -1.42684972
v -2.50157928 -3.02802276 -1.42684972
v -2.05299377 -3.47664928 -1.4268496
v -1.52553558 -3.82907581 -1.42684972
v -0.9394226 -4.07183742 -1.4268496
v -0.31720733 -4.19562816 -1.4268496
v 0.37607574 -4.79318428 -1.42684972
v 1.11373138 -4.64642334 -1.4268496
v 1.11373138 -4.64642334 -0.7435832
v 0.37607574 -4.79318428 -0.74358332
v 1.80854797 -4.35863208 -1.4268496
v 1.80854797 -4.35863208 -0.74358332
v 2.43392181 -3.94079494 -1.4268496
v 2.43392181 -3.94079494 -0.74358332
v 2.96574401 -3.40893459 -1.42684948
v 2.96574401 -3.40893459 -0.74358332
v 3.38359832 -2.78362274 -1.42684948
v 3.38359832 -2.78362274 -0.7435832
v 3.67138671 -2.08878898 -1.42684948
v 3.67138671 -2.08878898 -0.7435832
v 3.81809997 -1.35111999 -1.42684948
v 3.81809997 -1.35111999 -0.7435832
v 3.81809997 -0.59900474 -1.42684948
v 3.81809997 -0.59900474 -0.7435832
v 3.67138671 0.13865566 -1.42684948
v 3.67138671 0.13865566 -0.7435832
v 3.38359832 0.83348655 -1.42684948
v 3.38359832 0.83348655 -0.7435832
v 2.96574401 1.45885086 -1.42684948
v 2.96574401 1.45885086 -0.74358332
v 2.43391418 1.99067878 -1.4268496
v 2.43391418 1.99067878 -0.74358332
v 1.80854797 2.4085102 -1.4268496
v 1.80854797 2.4085102 -0.74358332
v 1.11373138 2.69634437 -1.4268496
v 1.11373138 2.69634437 -0.7435832
v 0.37603759 2.84306526 -1.42684972
v 0.37603759 2.84306526 -0.74358332
v -0.37603759 2.84306335 -1.4268496
v -0.37603759 2.84306335 -0.7435832
v -1.11373138 2.6963377 -1.42684948
v -1.11373138 2.6963377 -0.7435832
v -1.8085556 2.40850734 -1.4268496
v -1.8085556 2.40850734 -0.7435832
v -2.43391418 1.99067878 -1.42684972
v -2.43391418 1.99067878 -0.7435832
v -2.96574401 1.45885562 -1.42684972
v -2.96574401 1.45885562 -0.7435832
v -3.38354492 0.83348655 -1.4268496
v -3.38359832 0.83348655 -0.7435832
v -3.67139434 0.13865566 -1.4268496
v -3.67139434 0.13865566 -0.7435832
v -3.81809997 -0.59900474 -1.42684972
v -3.81809997 -0.59900474 -0.74358332
v -3.81809997 -1.35111999 -1.42684972
v -3.81809997 -1.35111999 -0.74358332
v -3.67139434 -2.08878231 -1.4268496
v -3.67139434 -2.08878231 -0.7435832
v -3.38354492 -2.78362274 -1.4268496
v -3.38354492 -2.78362274 -0.7435832
v -2.96574401 -3.4089384 -1.42684972
v -2.96574401 -3.4089384 -0.7435832
v -2.43392181 -3.94079494 -1.42684972
v -2.43392181 -3.94079494 -0.7435832
v -1.80854797 -4.35863208 -1.4268496
v -1.80854797 -4.35863208 -0.7435832
v -1.11373138 -4.64642334 -1.42684948
v -1.11373138 -4.64642334 -0.7435832
v -0.37607574 -4.79318428 -1.4268496
v -0.37607574 -4.79318428 -0.7435832
v 0 -0.97506046 0.00113439
v 0.30358123 -4.05745983 -0.09712958
v 0.89908599 -3.9389801 -0.09712958
v 1.46006012 -3.7066307 -0.09712958
v 1.96492004 -3.36932754 -0.09712958
v 2.39425659 -2.93994903 -0.09712958
v 2.73159027 -2.43511962 -0.09712958
v 2.96392822 -1.87417888 -0.09712958
v 3.08236694 -1.278656 -0.09712958
v 3.08236694 -0.67146587 -0.09712958
v 2.96392822 -0.07594966 -0.09712958
v 2.73159027 0.48498725 -0.09712958
v 2.39425659 0.98986148 -0.09712958
v 1.96492004 1.4192028 -0.09712958
v 1.46006012 1.75652122 -0.09712958
v 0.89908599 1.9888935 -0.09712958
v 0.30358123 2.10734176 -0.09712958
v -0.30358123 2.10734176 -0.09712982
v -0.89908599 1.9888935 -0.09712982
v -1.46006012 1.75652122 -0.09712958
v -1.96492004 1.4192028 -0.09712958
v -2.39425659 0.98986148 -0.09712958
v -2.73158264 0.48498725 -0.09712958
v -2.96392822 -0.07594966 -0.09712958
v -3.08237457 -0.67146587 -0.09712958
v -3.08237457 -1.278656 -0.09712958
v -2.96392822 -1.87417888 -0.09712958
v -2.73158264 -2.43511962 -0.09712958
v -2.39425659 -2.93994903 -0.09712958
v -1.96492004 -3.36932754 -0.09712958
v -1.46006012 -3.7066307 -0.09712958
v -0.89908599 -3.9389801 -0.09712982
v -0.30358123 -4.05745983 -0.09712982
v 0.28722381 -3.89122104 -0.04701495
v 0.8505783 -3.77912426 -0.04701495
v -0.28722381 -3.89122104 -0.04701495
v 1.38131713 -3.55931568 -0.04701495
v 1.85891723 -3.24020195 -0.04701495
v 2.26512146 -2.83398342 -0.04701495
v 2.5842514 -2.35637569 -0.04701519
v 2.80406951 -1.82568836 -0.04701495
v 2.91614532 -1.26228332 -0.04701495
v 2.91614532 -0.6878395 -0.04701495
v 2.80406951 -0.1244421 -0.04701495
v 2.5842514 0.40624618 -0.04701519
v 2.26512146 0.88388538 -0.04701495
v 1.85891723 1.29007434 -0.04701495
v 1.38131713 1.60919189 -0.04701495
v 0.85062408 1.82903575 -0.04701495
v 0.28722381 1.94110107 -0.04701495
v -0.28722381 1.94110107 -0.04701495
v -0.85062408 1.82903575 -0.04701495
v -1.38132476 1.60919189 -0.04701495
v -1.85891723 1.29007434 -0.04701495
v -2.26512146 0.88388538 -0.04701495
v -2.58425903 0.40624618 -0.04701495
v -2.80406951 -0.1244421 -0.04701519
v -2.91615295 -0.6878395 -0.04701519
v -2.91615295 -1.26228332 -0.04701519
v -2.80406951 -1.82568836 -0.04701519
v -2.58425903 -2.35637569 -0.04701495
v -2.26512146 -2.83398342 -0.04701495
v -1.85891723 -3.24020195 -0.04701495
v -1.38132476 -3.55931568 -0.04701495
v -0.85062408 -3.77912426 -0.04701495
v 0.67954254 -3.21516609 0.00113439
v 0.22943115 -3.30472183 0.00113439
v 1.10349273 -3.03957271 0.00113439
v 1.48508453 -2.78464603 0.00113439
v 1.80954742 -2.4601202 0.00113439
v 2.0644989 -2.07856941 0.00113439
v 2.24015045 -1.6546154 0.00113439
v 2.32966613 -1.20451927 0.00113439
v 2.32966613 -0.74561023 0.00113439
v 2.24015045 -0.29552459 0.00113439
v 2.0644989 0.12843322 0.00113439
v 1.80954742 0.5100069 0.00113439
v 1.48508453 0.83451175 0.00113439
v 1.10349273 1.08945369 0.00113439
v 0.67955017 1.26508331 0.00113439
v 0.22943115 1.35460186 0.00113439
v -0.22943878 1.35460186 0.00113415
v -0.67955017 1.26508331 0.00113439
v -1.10349273 1.08945369 0.00113439
v -1.48508453 0.83450698 0.00113439
v -1.80955505 0.5100069 0.00113439
v -2.0644989 0.12843322 0.00113439
v -2.24015045 -0.29552459 0.00113439
v -2.32966613 -0.74561023 0.00113439
v -2.32966613 -1.20451927 0.00113439
v -2.24015045 -1.6546154 0.00113439
v -2.0644989 -2.07856941 0.00113439
v -1.80955505 -2.4601202 0.00113439
v -1.48508453 -2.78464317 0.00113439
v -1.10349273 -3.03957271 0.00113439
v -0.67955017 -3.21516609 0.00113439
v -0.22943878 -3.30472183 0.00113415
v 0.26766967 -3.69285297 -0.0224595
v 0.79275512 -3.58838081 -0.0224595
v -0.2676773 -3.69285297 -0.0224595
v 1.28734588 -3.38352775 -0.0224595
v 1.73248291 -3.08612346 -0.0224595
v 2.11105346 -2.70753192 -0.0224595
v 2.40847015 -2.2624216 -0.0224595
v 2.61334991 -1.76782989 -0.0224595
v 2.71779632 -1.24275112 -0.0224595
v 2.71779632 -0.70738029 -0.0224595
v 2.61334991 -0.18230438 -0.0224595
v 2.40847015 0.31228065 -0.0224595
v 2.11105346 0.75743103 -0.0224595
v 1.73248291 1.13599777 -0.0224595
v 1.28734588 1.43340396 -0.0224595
v 0.79275512 1.63829326 -0.0224595
v 0.26766967 1.74273109 -0.0224595
v -0.2676773 1.74273109 -0.0224595
v -0.79276275 1.63829326 -0.0224595
v -1.28734588 1.43340396 -0.0224595
v -1.73248291 1.13599109 -0.0224595
v -2.11106109 0.75743103 -0.0224595
v -2.40847015 0.31228065 -0.0224595
v -2.61334991 -0.18230438 -0.0224595
v -2.71779632 -0.70738029 -0.0224595
v -2.71779632 -1.24275112 -0.0224595
v -2.61334991 -1.76782989 -0.0224595
v -2.40847015 -2.2624216 -0.0224595
v -2.11106109 -2.70753192 -0.0224595
v -1.73248291 -3.08612346 -0.0224595
v -1.28734588 -3.38352775 -0.0224595
v -0.79276275 -3.58838081 -0.0224595
v 0.31720733 -4.19562816 -0.26894462
v 0.9394226 -4.07183742 -0.26894462
v 1.52552795 -3.82907581 -0.26894462
v 2.05298614 -3.47664928 -0.26894462
v 2.50157165 -3.02802276 -0.26894462
v 2.85403442 -2.50056457 -0.26894462
v 3.09679412 -1.91448116 -0.26894462
v 3.22053527 -1.29226779 -0.26894462
v 3.22053527 -0.65785408 -0.26894462
v 3.09679412 -0.03564357 -0.26894462
v 2.85403442 0.55043697 -0.26894462
v 2.50157165 1.07793712 -0.26894462
v 2.05298614 1.52652645 -0.26894462
v 1.52552795 1.87896156 -0.26894462
v 0.9394226 2.12174892 -0.26894462
v 0.31720733 2.24551105 -0.26894462
v -0.31720733 2.24551105 -0.26894462
v -0.9394226 2.12174892 -0.26894462
v -1.52553558 1.87896156 -0.26894462
v -2.05299377 1.52652645 -0.26894486
v -2.50157928 1.07793712 -0.26894486
v -2.85404205 0.55043697 -0.26894486
v -3.09679412 -0.03564357 -0.26894486
v -3.22053527 -0.65785408 -0.26894486
v -3.22053527 -1.29226779 -0.26894486
v -3.09679412 -1.91448116 -0.26894486
v -2.85404205 -2.50056457 -0.26894486
v -2.50157928 -3.02802276 -0.26894486
v -2.05299377 -3.47664928 -0.26894486
v -1.52553558 -3.82907581 -0.26894462
v -0.9394226 -4.07183742 -0.26894462
v -0.31720733 -4.19562816 -0.26894462
v 0.92312622 -4.01825618 -0.15815806
v 0.31170654 -4.1399126 -0.15815806
v 1.49911499 -3.77969837 -0.15815806
v 2.0174942 -3.43337154 -0.15815806
v 2.45828247 -2.99250602 -0.15815806
v 2.80465698 -2.47417163 -0.15815806
v 3.04319763 -1.89822769 -0.15815806
v 3.16482543 -1.28678321 -0.15815806
v 3.16482543 -0.66334629 -0.15815806
v 3.04319763 -0.05190372 -0.15815806
v 2.80465698 0.52404213 -0.15815806
v 2.45828247 1.04241752 -0.15815806
v 2.0174942 1.48324108 -0.15815806
v 1.49911499 1.82958698 -0.15815806
v 0.92312622 2.06816959 -0.15815806
v 0.31170654 2.18978691 -0.15815806
v -0.31171417 2.18978691 -0.15815806
v -0.92313385 2.06816959 -0.15815806
v -1.49911499 1.82958698 -0.15815806
v -2.0174942 1.48324108 -0.15815806
v -2.45828247 1.04241752 -0.15815806
v -2.80466461 0.52404213 -0.15815806
v -3.04320526 -0.05190372 -0.15815782
v -3.16483306 -0.66334629 -0.15815806
v -3.16483306 -1.28678321 -0.15815806
v -3.04320526 -1.89822769 -0.15815782
v -2.80466461 -2.47417163 -0.15815806
v -2.45828247 -2.99250602 -0.15815806
v -2.0174942 -3.43337154 -0.15815806
v -1.49911499 -3.77969837 -0.15815806
v -0.92313385 -4.01825618 -0.15815806
v -0.31171417 -4.1399126 -0.15815806
v 0.35805511 -4.61033725 -0.57250118
v 1.06035614 -4.47060203 -0.57250118
v 0.97496032 -4.18905353 -0.40812623
v 0.329216 -4.31753444 -0.40812623
v 1.72194671 -4.19659233 -0.57250118
v 1.58324432 -3.93710708 -0.40812623
v 2.31737518 -3.79876613 -0.57250118
v 2.13069915 -3.5713377 -0.40812623
v 2.82369232 -3.2923727 -0.5725013
v 2.59625244 -3.10572719 -0.40812623
v 3.22151947 -2.69700813 -0.57250118
v 2.96207428 -2.55831623 -0.40812623
v 3.49554443 -2.03545188 -0.57250118
v 3.21400451 -1.95003891 -0.40812623
v 3.63523864 -1.33311271 -0.57250118
v 3.34246063 -1.3042736 -0.40812623
v 3.63523864 -0.61701774 -0.57250118
v 3.34246063 -0.64584827 -0.40812623
v 3.49554443 0.08531189 -0.57250118
v 3.21400451 -0.00009536 -0.40812623
v 3.22151947 0.7468729 -0.57250118
v 2.96207428 0.608181 -0.40812623
v 2.82369232 1.34228897 -0.5725013
v 2.59625244 1.15564346 -0.40812623
v 2.31737518 1.84864521 -0.57250118
v 2.13069915 1.62120914 -0.40812623
v 1.72194671 2.24646472 -0.57250118
v 1.58324432 1.98698902 -0.40812623
v 1.06035614 2.52051639 -0.57250118
v 0.97496032 2.23896694 -0.40812623
v 0.35804748 2.6602087 -0.57250118
v 0.329216 2.36741352 -0.40812623
v -0.35804748 2.6602087 -0.57250118
v -0.32922363 2.36741352 -0.40812623
v -1.06036377 2.52051448 -0.57250118
v -0.97496795 2.23896694 -0.40812623
v -1.72194671 2.24646472 -0.57250118
v -1.58324432 1.98698902 -0.40812623
v -2.3173294 1.84864521 -0.57250118
v -2.13069915 1.62120914 -0.40812623
v -2.82368469 1.34229564 -0.57250118
v -2.59626007 1.15564346 -0.40812623
v -3.2215271 0.7468729 -0.57250118
v -2.9620285 0.608181 -0.40812623
v -3.49554443 0.08531189 -0.57250118
v -3.21400451 -0.00009536 -0.40812623
v -3.6352539 -0.61701774 -0.57250118
v -3.34246063 -0.64584827 -0.40812623
v -3.6352539 -1.33311271 -0.57250118
v -3.34246063 -1.3042736 -0.40812623
v -3.49554443 -2.03544712 -0.57250118
v -3.21400451 -1.95003891 -0.40812623
v -3.2215271 -2.69700813 -0.57250118
v -2.9620285 -2.55831623 -0.40812623
v -2.82368469 -3.29237842 -0.57250118
v -2.59626007 -3.10572719 -0.40812623
v -2.31737518 -3.79876613 -0.57250118
v -2.13069915 -3.5713377 -0.40812623
v -1.72194671 -4.19659233 -0.57250118
v -1.58324432 -3.93710708 -0.40812623
v -1.06036377 -4.47060203 -0.57250118
v -0.97496795 -4.18905353 -0.40812623
v -0.35805511 -4.61033725 -0.57250118
v -0.32922363 -4.31753444 -0.40812623
g Group49974
f 2 1 31 34
f 3 40 36 4
f 3 5 41 40
f 7 6 26 24
f 9 42 32 10
f 10 1 15 22
f 2 11 27 16
f 4 8 20 18
f 12 39 30 7
f 6 13 25 26
f 11 117 118 27
f 14 12 23 28
f 5 111 112 41
f 16 15 1 2
f 17 3 4 18
f 17 19 5 3
f 21 9 10 22
f 23 12 7 24
f 19 109 111 5
f 30 29 6 7
f 32 31 1 10
f 34 33 11 2
f 36 35 8 4
f 29 37 13 6
f 33 116 117 11
f 38 39 12 14
f 43 61 60 44
f 46 45 57 67
f 45 73 82 47
f 48 50 59 68
f 50 77 72 44
f 43 71 83 51
f 52 78 76 49
f 53 52 63 69
f 53 69 70 54
f 47 82 81 55
f 51 83 119 120
f 56 84 74 46
f 54 70 113 114
f 57 45 47 58
f 59 50 44 60
f 61 43 51 62
f 63 52 49 64
f 58 47 55 65
f 62 51 120 115
f 66 56 46 67
f 71 43 44 72
f 74 73 45 46
f 75 77 50 48
f 79 78 52 53
f 79 53 54 80
f 80 54 114 110
f 87 13 37 88
f 85 25 13 87
f 90 89 65 55
f 86 90 55 81
f 93 87 88 94
f 91 85 87 93
f 96 95 89 90
f 92 96 90 86
f 99 93 94 100
f 97 91 93 99
f 102 101 95 96
f 98 102 96 92
f 105 99 100 106
f 103 97 99 105
f 108 107 101 102
f 104 108 102 98
f 111 105 106 112
f 109 103 105 111
f 114 113 107 108
f 110 114 108 104
f 117 123 124 118
f 116 122 123 117
f 120 119 125 126
f 115 120 126 121
f 123 129 130 124
f 122 128 129 123
f 126 125 131 132
f 121 126 132 127
f 129 135 136 130
f 128 134 135 129
f 132 131 137 138
f 127 132 138 133
f 135 141 142 136
f 134 140 141 135
f 138 137 143 144
f 133 138 144 139
f 141 14 28 142
f 140 38 14 141
f 144 143 84 56
f 139 144 56 66
f 145 146 29 30
f 147 148 31 32
f 149 150 33 34
f 151 152 35 36
f 146 153 37 29
f 150 154 116 33
f 155 156 39 38
f 34 31 148 149
f 40 157 151 36
f 40 41 158 157
f 42 159 147 32
f 39 156 145 30
f 41 112 160 158
f 88 37 153 161
f 94 88 161 162
f 100 94 162 163
f 106 100 163 164
f 112 106 164 160
f 154 165 122 116
f 165 166 128 122
f 166 167 134 128
f 167 168 140 134
f 168 155 38 140
f 349 296 305 350
f 340 350 305 64
f 348 342 76 252
f 222 249 251 198
f 347 250 221 346
f 345 199 20 339
f 343 152 175 344
f 338 35 152 343
f 342 341 49 76
f 341 340 64 49
f 339 20 8 337
f 337 8 35 338
f 313 336 335 314
f 333 335 336 334
f 331 333 334 332
f 329 331 332 330
f 310 329 330 311
f 327 320 328 326
f 325 327 326 324
f 323 325 324 321
f 322 323 321 312
f 316 328 320 319
f 306 316 319 318
f 171 173 146 145
f 176 170 148 147
f 169 177 150 149
f 173 180 153 146
f 177 181 154 150
f 170 169 149 148
f 174 176 147 159
f 180 182 161 153
f 182 185 162 161
f 185 186 163 162
f 186 187 164 163
f 187 188 160 164
f 181 189 165 154
f 189 190 166 165
f 190 191 167 166
f 191 192 168 167
f 145 156 172 171
f 151 157 179 178
f 152 151 178 175
f 156 155 183 172
f 157 158 184 179
f 158 160 188 184
f 155 168 192 183
f 193 194 15 16
f 195 17 18 196
f 195 197 19 17
f 198 21 22 200
f 201 23 24 202
f 197 203 109 19
f 24 26 204 202
f 22 15 194 200
f 16 27 205 193
f 18 20 199 196
f 26 25 206 204
f 27 118 207 205
f 28 23 201 208
f 209 206 25 85
f 210 209 85 91
f 211 210 91 97
f 212 211 97 103
f 203 212 103 109
f 118 124 213 207
f 124 130 214 213
f 130 136 215 214
f 136 142 216 215
f 142 28 208 216
f 243 244 217 218
f 245 246 219 220
f 253 249 222 223
f 244 253 223 217
f 255 256 224 225
f 259 260 226 227
f 260 261 228 226
f 250 259 227 221
f 263 243 218 229
f 264 255 225 230
f 246 264 230 219
f 256 265 231 224
f 261 266 232 228
f 273 245 220 233
f 275 273 233 234
f 277 275 234 235
f 279 277 235 236
f 266 279 236 232
f 281 263 229 237
f 283 281 237 238
f 285 283 238 239
f 287 285 239 240
f 265 287 240 231
f 227 226 195 196
f 226 228 197 195
f 230 225 201 202
f 228 232 203 197
f 221 227 196 199
f 225 224 208 201
f 224 231 216 208
f 194 193 218 217
f 204 206 220 219
f 199 345 346 221
f 198 200 223 222
f 200 194 217 223
f 193 205 229 218
f 202 204 219 230
f 206 209 233 220
f 209 210 234 233
f 210 211 235 234
f 211 212 236 235
f 212 203 232 236
f 205 207 237 229
f 207 213 238 237
f 213 214 239 238
f 214 215 240 239
f 215 216 231 240
f 241 71 72 242
f 159 317 297 174
f 42 68 317 159
f 247 248 73 74
f 9 48 68 42
f 251 254 77 75
f 21 75 48 9
f 198 251 75 21
f 257 258 78 79
f 347 346 345 348
f 348 345 339 342
f 257 79 80 262
f 342 339 337 341
f 341 337 338 340
f 344 349 350 343
f 340 338 343 350
f 307 306 318 304
f 292 291 315 293
f 262 80 110 267
f 73 248 268 82
f 77 254 242 72
f 71 241 269 83
f 78 258 252 76
f 82 268 270 81
f 83 269 271 119
f 84 272 247 74
f 291 313 314 315
f 274 86 81 270
f 308 322 312 309
f 276 92 86 274
f 303 310 311 301
f 278 98 92 276
f 294 308 309 295
f 280 104 98 278
f 296 307 304 305
f 267 110 104 280
f 302 303 301 290
f 119 271 282 125
f 299 300 289 298
f 125 282 284 131
f 317 299 298 297
f 131 284 286 137
f 293 294 295 292
f 137 286 288 143
f 300 302 290 289
f 143 288 272 84
f 244 243 241 242
f 250 347 348 252
f 249 253 254 251
f 247 272 256 255
f 258 257 260 259
f 257 262 261 260
f 252 258 259 250
f 248 247 255 264
f 272 288 265 256
f 262 267 266 261
f 264 246 268 248
f 253 244 242 254
f 243 263 269 241
f 246 245 270 268
f 263 281 271 269
f 245 273 274 270
f 273 275 276 274
f 275 277 278 276
f 277 279 280 278
f 279 266 267 280
f 281 283 282 271
f 283 285 284 282
f 285 287 286 284
f 287 265 288 286
f 289 290 169 170
f 291 292 171 172
f 293 57 58 294
f 292 295 173 171
f 296 349 344 175
f 297 298 176 174
f 298 289 170 176
f 299 59 60 300
f 290 301 177 169
f 302 61 62 303
f 304 63 64 305
f 306 307 178 179
f 307 296 175 178
f 294 58 65 308
f 295 309 180 173
f 303 62 115 310
f 301 311 181 177
f 309 312 182 180
f 313 291 172 183
f 314 66 67 315
f 316 306 179 184
f 61 302 300 60
f 67 57 293 315
f 68 59 299 317
f 69 63 304 318
f 69 318 319 70
f 70 319 320 113
f 312 321 185 182
f 89 322 308 65
f 95 323 322 89
f 321 324 186 185
f 101 325 323 95
f 324 326 187 186
f 107 327 325 101
f 326 328 188 187
f 113 320 327 107
f 328 316 184 188
f 310 115 121 329
f 311 330 189 181
f 329 121 127 331
f 330 332 190 189
f 331 127 133 333
f 332 334 191 190
f 333 133 139 335
f 334 336 192 191
f 335 139 66 314
f 336 313 183 192
g Group5518
f 414 1119 1123 1122
f 1119 543 1120 1123
f 1123 1120 547 1121
f 1122 1123 1121 546
f 543 1124 1127 1120
f 1124 478 1125 1127
f 1127 1125 544 1126
f 1120 1127 1126 547
f 547 1126 1131 1130
f 1126 544 1128 1131
f 1131 1128 415 1129
f 1130 1131 1129 545
f 546 1121 1134 1133
f 1121 547 1130 1134
f 1134 1130 545 1132
f 1133 1134 1132 351
f 413 1135 1139 1138
f 1135 548 1136 1139
f 1139 1136 551 1137
f 1138 1139 1137 550
f 548 1140 1143 1136
f 1140 477 1141 1143
f 1143 1141 549 1142
f 1136 1143 1142 551
f 551 1142 1146 1145
f 1142 549 1144 1146
f 1146 1144 478 1124
f 1145 1146 1124 543
f 550 1137 1148 1147
f 1137 551 1145 1148
f 1148 1145 543 1119
f 1147 1148 1119 414
f 412 1149 1153 1152
f 1149 552 1150 1153
f 1153 1150 555 1151
f 1152 1153 1151 554
f 552 1154 1157 1150
f 1154 476 1155 1157
f 1157 1155 553 1156
f 1150 1157 1156 555
f 555 1156 1160 1159
f 1156 553 1158 1160
f 1160 1158 477 1140
f 1159 1160 1140 548
f 554 1151 1162 1161
f 1151 555 1159 1162
f 1162 1159 548 1135
f 1161 1162 1135 413
f 411 1163 1167 1166
f 1163 556 1164 1167
f 1167 1164 559 1165
f 1166 1167 1165 558
f 556 1168 1171 1164
f 1168 475 1169 1171
f 1171 1169 557 1170
f 1164 1171 1170 559
f 559 1170 1174 1173
f 1170 557 1172 1174
f 1174 1172 476 1154
f 1173 1174 1154 552
f 558 1165 1176 1175
f 1165 559 1173 1176
f 1176 1173 552 1149
f 1175 1176 1149 412
f 410 1177 1181 1180
f 1177 560 1178 1181
f 1181 1178 563 1179
f 1180 1181 1179 562
f 560 1182 1185 1178
f 1182 474 1183 1185
f 1185 1183 561 1184
f 1178 1185 1184 563
f 563 1184 1188 1187
f 1184 561 1186 1188
f 1188 1186 475 1168
f 1187 1188 1168 556
f 562 1179 1190 1189
f 1179 563 1187 1190
f 1190 1187 556 1163
f 1189 1190 1163 411
f 409 1191 1195 1194
f 1191 564 1192 1195
f 1195 1192 567 1193
f 1194 1195 1193 566
f 564 1196 1199 1192
f 1196 473 1197 1199
f 1199 1197 565 1198
f 1192 1199 1198 567
f 567 1198 1202 1201
f 1198 565 1200 1202
f 1202 1200 474 1182
f 1201 1202 1182 560
f 566 1193 1204 1203
f 1193 567 1201 1204
f 1204 1201 560 1177
f 1203 1204 1177 410
f 408 1205 1209 1208
f 1205 568 1206 1209
f 1209 1206 571 1207
f 1208 1209 1207 570
f 568 1210 1213 1206
f 1210 472 1211 1213
f 1213 1211 569 1212
f 1206 1213 1212 571
f 571 1212 1216 1215
f 1212 569 1214 1216
f 1216 1214 473 1196
f 1215 1216 1196 564
f 570 1207 1218 1217
f 1207 571 1215 1218
f 1218 1215 564 1191
f 1217 1218 1191 409
f 407 1219 1223 1222
f 1219 572 1220 1223
f 1223 1220 575 1221
f 1222 1223 1221 574
f 572 1224 1227 1220
f 1224 471 1225 1227
f 1227 1225 573 1226
f 1220 1227 1226 575
f 575 1226 1230 1229
f 1226 573 1228 1230
f 1230 1228 472 1210
f 1229 1230 1210 568
f 574 1221 1232 1231
f 1221 575 1229 1232
f 1232 1229 568 1205
f 1231 1232 1205 408
f 406 1233 1237 1236
f 1233 576 1234 1237
f 1237 1234 579 1235
f 1236 1237 1235 578
f 576 1238 1241 1234
f 1238 470 1239 1241
f 1241 1239 577 1240
f 1234 1241 1240 579
f 579 1240 1244 1243
f 1240 577 1242 1244
f 1244 1242 471 1224
f 1243 1244 1224 572
f 578 1235 1246 1245
f 1235 579 1243 1246
f 1246 1243 572 1219
f 1245 1246 1219 407
f 405 1247 1251 1250
f 1247 580 1248 1251
f 1251 1248 583 1249
f 1250 1251 1249 582
f 580 1252 1255 1248
f 1252 469 1253 1255
f 1255 1253 581 1254
f 1248 1255 1254 583
f 583 1254 1258 1257
f 1254 581 1256 1258
f 1258 1256 470 1238
f 1257 1258 1238 576
f 582 1249 1260 1259
f 1249 583 1257 1260
f 1260 1257 576 1233
f 1259 1260 1233 406
f 404 1261 1265 1264
f 1261 584 1262 1265
f 1265 1262 587 1263
f 1264 1265 1263 586
f 584 1266 1269 1262
f 1266 468 1267 1269
f 1269 1267 585 1268
f 1262 1269 1268 587
f 587 1268 1272 1271
f 1268 585 1270 1272
f 1272 1270 469 1252
f 1271 1272 1252 580
f 586 1263 1274 1273
f 1263 587 1271 1274
f 1274 1271 580 1247
f 1273 1274 1247 405
f 403 1275 1279 1278
f 1275 588 1276 1279
f 1279 1276 591 1277
f 1278 1279 1277 590
f 588 1280 1283 1276
f 1280 467 1281 1283
f 1283 1281 589 1282
f 1276 1283 1282 591
f 591 1282 1286 1285
f 1282 589 1284 1286
f 1286 1284 468 1266
f 1285 1286 1266 584
f 590 1277 1288 1287
f 1277 591 1285 1288
f 1288 1285 584 1261
f 1287 1288 1261 404
f 402 1289 1293 1292
f 1289 592 1290 1293
f 1293 1290 595 1291
f 1292 1293 1291 594
f 592 1294 1297 1290
f 1294 466 1295 1297
f 1297 1295 593 1296
f 1290 1297 1296 595
f 595 1296 1300 1299
f 1296 593 1298 1300
f 1300 1298 467 1280
f 1299 1300 1280 588
f 594 1291 1302 1301
f 1291 595 1299 1302
f 1302 1299 588 1275
f 1301 1302 1275 403
f 401 1303 1307 1306
f 1303 596 1304 1307
f 1307 1304 599 1305
f 1306 1307 1305 598
f 596 1308 1311 1304
f 1308 465 1309 1311
f 1311 1309 597 1310
f 1304 1311 1310 599
f 599 1310 1314 1313
f 1310 597 1312 1314
f 1314 1312 466 1294
f 1313 1314 1294 592
f 598 1305 1316 1315
f 1305 599 1313 1316
f 1316 1313 592 1289
f 1315 1316 1289 402
f 400 1317 1321 1320
f 1317 600 1318 1321
f 1321 1318 603 1319
f 1320 1321 1319 602
f 600 1322 1325 1318
f 1322 464 1323 1325
f 1325 1323 601 1324
f 1318 1325 1324 603
f 603 1324 1328 1327
f 1324 601 1326 1328
f 1328 1326 465 1308
f 1327 1328 1308 596
f 602 1319 1330 1329
f 1319 603 1327 1330
f 1330 1327 596 1303
f 1329 1330 1303 401
f 399 1331 1335 1334
f 1331 604 1332 1335
f 1335 1332 607 1333
f 1334 1335 1333 606
f 604 1336 1339 1332
f 1336 463 1337 1339
f 1339 1337 605 1338
f 1332 1339 1338 607
f 607 1338 1342 1341
f 1338 605 1340 1342
f 1342 1340 464 1322
f 1341 1342 1322 600
f 606 1333 1344 1343
f 1333 607 1341 1344
f 1344 1341 600 1317
f 1343 1344 1317 400
f 398 1345 1349 1348
f 1345 608 1346 1349
f 1349 1346 611 1347
f 1348 1349 1347 610
f 608 1350 1353 1346
f 1350 462 1351 1353
f 1353 1351 609 1352
f 1346 1353 1352 611
f 611 1352 1356 1355
f 1352 609 1354 1356
f 1356 1354 463 1336
f 1355 1356 1336 604
f 610 1347 1358 1357
f 1347 611 1355 1358
f 1358 1355 604 1331
f 1357 1358 1331 399
f 397 1359 1363 1362
f 1359 612 1360 1363
f 1363 1360 615 1361
f 1362 1363 1361 614
f 612 1364 1367 1360
f 1364 461 1365 1367
f 1367 1365 613 1366
f 1360 1367 1366 615
f 615 1366 1370 1369
f 1366 613 1368 1370
f 1370 1368 462 1350
f 1369 1370 1350 608
f 614 1361 1372 1371
f 1361 615 1369 1372
f 1372 1369 608 1345
f 1371 1372 1345 398
f 396 1373 1377 1376
f 1373 616 1374 1377
f 1377 1374 619 1375
f 1376 1377 1375 618
f 616 1378 1381 1374
f 1378 460 1379 1381
f 1381 1379 617 1380
f 1374 1381 1380 619
f 619 1380 1384 1383
f 1380 617 1382 1384
f 1384 1382 461 1364
f 1383 1384 1364 612
f 618 1375 1386 1385
f 1375 619 1383 1386
f 1386 1383 612 1359
f 1385 1386 1359 397
f 395 1387 1391 1390
f 1387 620 1388 1391
f 1391 1388 623 1389
f 1390 1391 1389 622
f 620 1392 1395 1388
f 1392 459 1393 1395
f 1395 1393 621 1394
f 1388 1395 1394 623
f 623 1394 1398 1397
f 1394 621 1396 1398
f 1398 1396 460 1378
f 1397 1398 1378 616
f 622 1389 1400 1399
f 1389 623 1397 1400
f 1400 1397 616 1373
f 1399 1400 1373 396
f 394 1401 1405 1404
f 1401 624 1402 1405
f 1405 1402 627 1403
f 1404 1405 1403 626
f 624 1406 1409 1402
f 1406 458 1407 1409
f 1409 1407 625 1408
f 1402 1409 1408 627
f 627 1408 1412 1411
f 1408 625 1410 1412
f 1412 1410 459 1392
f 1411 1412 1392 620
f 626 1403 1414 1413
f 1403 627 1411 1414
f 1414 1411 620 1387
f 1413 1414 1387 395
f 393 1415 1419 1418
f 1415 628 1416 1419
f 1419 1416 631 1417
f 1418 1419 1417 630
f 628 1420 1423 1416
f 1420 457 1421 1423
f 1423 1421 629 1422
f 1416 1423 1422 631
f 631 1422 1426 1425
f 1422 629 1424 1426
f 1426 1424 458 1406
f 1425 1426 1406 624
f 630 1417 1428 1427
f 1417 631 1425 1428
f 1428 1425 624 1401
f 1427 1428 1401 394
f 392 1429 1433 1432
f 1429 632 1430 1433
f 1433 1430 635 1431
f 1432 1433 1431 634
f 632 1434 1437 1430
f 1434 456 1435 1437
f 1437 1435 633 1436
f 1430 1437 1436 635
f 635 1436 1440 1439
f 1436 633 1438 1440
f 1440 1438 457 1420
f 1439 1440 1420 628
f 634 1431 1442 1441
f 1431 635 1439 1442
f 1442 1439 628 1415
f 1441 1442 1415 393
f 391 1443 1447 1446
f 1443 636 1444 1447
f 1447 1444 639 1445
f 1446 1447 1445 638
f 636 1448 1451 1444
f 1448 455 1449 1451
f 1451 1449 637 1450
f 1444 1451 1450 639
f 639 1450 1454 1453
f 1450 637 1452 1454
f 1454 1452 456 1434
f 1453 1454 1434 632
f 638 1445 1456 1455
f 1445 639 1453 1456
f 1456 1453 632 1429
f 1455 1456 1429 392
f 390 1457 1461 1460
f 1457 640 1458 1461
f 1461 1458 643 1459
f 1460 1461 1459 642
f 640 1462 1465 1458
f 1462 454 1463 1465
f 1465 1463 641 1464
f 1458 1465 1464 643
f 643 1464 1468 1467
f 1464 641 1466 1468
f 1468 1466 455 1448
f 1467 1468 1448 636
f 642 1459 1470 1469
f 1459 643 1467 1470
f 1470 1467 636 1443
f 1469 1470 1443 391
f 389 1471 1475 1474
f 1471 644 1472 1475
f 1475 1472 647 1473
f 1474 1475 1473 646
f 644 1476 1479 1472
f 1476 453 1477 1479
f 1479 1477 645 1478
f 1472 1479 1478 647
f 647 1478 1482 1481
f 1478 645 1480 1482
f 1482 1480 454 1462
f 1481 1482 1462 640
f 646 1473 1484 1483
f 1473 647 1481 1484
f 1484 1481 640 1457
f 1483 1484 1457 390
f 388 1485 1489 1488
f 1485 648 1486 1489
f 1489 1486 651 1487
f 1488 1489 1487 650
f 648 1490 1493 1486
f 1490 452 1491 1493
f 1493 1491 649 1492
f 1486 1493 1492 651
f 651 1492 1496 1495
f 1492 649 1494 1496
f 1496 1494 453 1476
f 1495 1496 1476 644
f 650 1487 1498 1497
f 1487 651 1495 1498
f 1498 1495 644 1471
f 1497 1498 1471 389
f 387 1499 1503 1502
f 1499 652 1500 1503
f 1503 1500 655 1501
f 1502 1503 1501 654
f 652 1504 1507 1500
f 1504 451 1505 1507
f 1507 1505 653 1506
f 1500 1507 1506 655
f 655 1506 1510 1509
f 1506 653 1508 1510
f 1510 1508 452 1490
f 1509 1510 1490 648
f 654 1501 1512 1511
f 1501 655 1509 1512
f 1512 1509 648 1485
f 1511 1512 1485 388
f 386 1513 1517 1516
f 1513 656 1514 1517
f 1517 1514 659 1515
f 1516 1517 1515 658
f 656 1518 1521 1514
f 1518 450 1519 1521
f 1521 1519 657 1520
f 1514 1521 1520 659
f 659 1520 1524 1523
f 1520 657 1522 1524
f 1524 1522 451 1504
f 1523 1524 1504 652
f 658 1515 1526 1525
f 1515 659 1523 1526
f 1526 1523 652 1499
f 1525 1526 1499 387
f 385 1527 1531 1530
f 1527 660 1528 1531
f 1531 1528 663 1529
f 1530 1531 1529 662
f 660 1532 1535 1528
f 1532 449 1533 1535
f 1535 1533 661 1534
f 1528 1535 1534 663
f 663 1534 1538 1537
f 1534 661 1536 1538
f 1538 1536 450 1518
f 1537 1538 1518 656
f 662 1529 1540 1539
f 1529 663 1537 1540
f 1540 1537 656 1513
f 1539 1540 1513 386
f 384 1541 1545 1544
f 1541 664 1542 1545
f 1545 1542 667 1543
f 1544 1545 1543 666
f 664 1546 1549 1542
f 1546 448 1547 1549
f 1549 1547 665 1548
f 1542 1549 1548 667
f 667 1548 1552 1551
f 1548 665 1550 1552
f 1552 1550 449 1532
f 1551 1552 1532 660
f 666 1543 1554 1553
f 1543 667 1551 1554
f 1554 1551 660 1527
f 1553 1554 1527 385
f 383 1555 1559 1558
f 1555 668 1556 1559
f 1559 1556 671 1557
f 1558 1559 1557 670
f 668 1560 1563 1556
f 1560 447 1561 1563
f 1563 1561 669 1562
f 1556 1563 1562 671
f 671 1562 1566 1565
f 1562 669 1564 1566
f 1566 1564 448 1546
f 1565 1566 1546 664
f 670 1557 1568 1567
f 1557 671 1565 1568
f 1568 1565 664 1541
f 1567 1568 1541 384
f 382 1569 1573 1572
f 1569 672 1570 1573
f 1573 1570 675 1571
f 1572 1573 1571 674
f 672 1574 1577 1570
f 1574 446 1575 1577
f 1577 1575 673 1576
f 1570 1577 1576 675
f 675 1576 1580 1579
f 1576 673 1578 1580
f 1580 1578 447 1560
f 1579 1580 1560 668
f 674 1571 1582 1581
f 1571 675 1579 1582
f 1582 1579 668 1555
f 1581 1582 1555 383
f 381 1583 1587 1586
f 1583 676 1584 1587
f 1587 1584 679 1585
f 1586 1587 1585 678
f 676 1588 1591 1584
f 1588 445 1589 1591
f 1591 1589 677 1590
f 1584 1591 1590 679
f 679 1590 1594 1593
f 1590 677 1592 1594
f 1594 1592 446 1574
f 1593 1594 1574 672
f 678 1585 1596 1595
f 1585 679 1593 1596
f 1596 1593 672 1569
f 1595 1596 1569 382
f 380 1597 1601 1600
f 1597 680 1598 1601
f 1601 1598 683 1599
f 1600 1601 1599 682
f 680 1602 1605 1598
f 1602 444 1603 1605
f 1605 1603 681 1604
f 1598 1605 1604 683
f 683 1604 1608 1607
f 1604 681 1606 1608
f 1608 1606 445 1588
f 1607 1608 1588 676
f 682 1599 1610 1609
f 1599 683 1607 1610
f 1610 1607 676 1583
f 1609 1610 1583 381
f 379 1611 1615 1614
f 1611 684 1612 1615
f 1615 1612 687 1613
f 1614 1615 1613 686
f 684 1616 1619 1612
f 1616 443 1617 1619
f 1619 1617 685 1618
f 1612 1619 1618 687
f 687 1618 1622 1621
f 1618 685 1620 1622
f 1622 1620 444 1602
f 1621 1622 1602 680
f 686 1613 1624 1623
f 1613 687 1621 1624
f 1624 1621 680 1597
f 1623 1624 1597 380
f 378 1625 1629 1628
f 1625 688 1626 1629
f 1629 1626 691 1627
f 1628 1629 1627 690
f 688 1630 1633 1626
f 1630 442 1631 1633
f 1633 1631 689 1632
f 1626 1633 1632 691
f 691 1632 1636 1635
f 1632 689 1634 1636
f 1636 1634 443 1616
f 1635 1636 1616 684
f 690 1627 1638 1637
f 1627 691 1635 1638
f 1638 1635 684 1611
f 1637 1638 1611 379
f 377 1639 1643 1642
f 1639 692 1640 1643
f 1643 1640 695 1641
f 1642 1643 1641 694
f 692 1644 1647 1640
f 1644 441 1645 1647
f 1647 1645 693 1646
f 1640 1647 1646 695
f 695 1646 1650 1649
f 1646 693 1648 1650
f 1650 1648 442 1630
f 1649 1650 1630 688
f 694 1641 1652 1651
f 1641 695 1649 1652
f 1652 1649 688 1625
f 1651 1652 1625 378
f 376 1653 1657 1656
f 1653 696 1654 1657
f 1657 1654 699 1655
f 1656 1657 1655 698
f 696 1658 1661 1654
f 1658 440 1659 1661
f 1661 1659 697 1660
f 1654 1661 1660 699
f 699 1660 1664 1663
f 1660 697 1662 1664
f 1664 1662 441 1644
f 1663 1664 1644 692
f 698 1655 1666 1665
f 1655 699 1663 1666
f 1666 1663 692 1639
f 1665 1666 1639 377
f 375 1667 1671 1670
f 1667 700 1668 1671
f 1671 1668 703 1669
f 1670 1671 1669 702
f 700 1672 1675 1668
f 1672 439 1673 1675
f 1675 1673 701 1674
f 1668 1675 1674 703
f 703 1674 1678 1677
f 1674 701 1676 1678
f 1678 1676 440 1658
f 1677 1678 1658 696
f 702 1669 1680 1679
f 1669 703 1677 1680
f 1680 1677 696 1653
f 1679 1680 1653 376
f 374 1681 1685 1684
f 1681 704 1682 1685
f 1685 1682 707 1683
f 1684 1685 1683 706
f 704 1686 1689 1682
f 1686 438 1687 1689
f 1689 1687 705 1688
f 1682 1689 1688 707
f 707 1688 1692 1691
f 1688 705 1690 1692
f 1692 1690 439 1672
f 1691 1692 1672 700
f 706 1683 1694 1693
f 1683 707 1691 1694
f 1694 1691 700 1667
f 1693 1694 1667 375
f 373 1695 1699 1698
f 1695 708 1696 1699
f 1699 1696 711 1697
f 1698 1699 1697 710
f 708 1700 1703 1696
f 1700 437 1701 1703
f 1703 1701 709 1702
f 1696 1703 1702 711
f 711 1702 1706 1705
f 1702 709 1704 1706
f 1706 1704 438 1686
f 1705 1706 1686 704
f 710 1697 1708 1707
f 1697 711 1705 1708
f 1708 1705 704 1681
f 1707 1708 1681 374
f 372 1709 1713 1712
f 1709 712 1710 1713
f 1713 1710 715 1711
f 1712 1713 1711 714
f 712 1714 1717 1710
f 1714 436 1715 1717
f 1717 1715 713 1716
f 1710 1717 1716 715
f 715 1716 1720 1719
f 1716 713 1718 1720
f 1720 1718 437 1700
f 1719 1720 1700 708
f 714 1711 1722 1721
f 1711 715 1719 1722
f 1722 1719 708 1695
f 1721 1722 1695 373
f 371 1723 1727 1726
f 1723 716 1724 1727
f 1727 1724 719 1725
f 1726 1727 1725 718
f 716 1728 1731 1724
f 1728 435 1729 1731
f 1731 1729 717 1730
f 1724 1731 1730 719
f 719 1730 1734 1733
f 1730 717 1732 1734
f 1734 1732 436 1714
f 1733 1734 1714 712
f 718 1725 1736 1735
f 1725 719 1733 1736
f 1736 1733 712 1709
f 1735 1736 1709 372
f 370 1737 1741 1740
f 1737 720 1738 1741
f 1741 1738 723 1739
f 1740 1741 1739 722
f 720 1742 1745 1738
f 1742 434 1743 1745
f 1745 1743 721 1744
f 1738 1745 1744 723
f 723 1744 1748 1747
f 1744 721 1746 1748
f 1748 1746 435 1728
f 1747 1748 1728 716
f 722 1739 1750 1749
f 1739 723 1747 1750
f 1750 1747 716 1723
f 1749 1750 1723 371
f 369 1751 1755 1754
f 1751 724 1752 1755
f 1755 1752 727 1753
f 1754 1755 1753 726
f 724 1756 1759 1752
f 1756 433 1757 1759
f 1759 1757 725 1758
f 1752 1759 1758 727
f 727 1758 1762 1761
f 1758 725 1760 1762
f 1762 1760 434 1742
f 1761 1762 1742 720
f 726 1753 1764 1763
f 1753 727 1761 1764
f 1764 1761 720 1737
f 1763 1764 1737 370
f 368 1765 1769 1768
f 1765 728 1766 1769
f 1769 1766 731 1767
f 1768 1769 1767 730
f 728 1770 1773 1766
f 1770 432 1771 1773
f 1773 1771 729 1772
f 1766 1773 1772 731
f 731 1772 1776 1775
f 1772 729 1774 1776
f 1776 1774 433 1756
f 1775 1776 1756 724
f 730 1767 1778 1777
f 1767 731 1775 1778
f 1778 1775 724 1751
f 1777 1778 1751 369
f 367 1779 1783 1782
f 1779 732 1780 1783
f 1783 1780 735 1781
f 1782 1783 1781 734
f 732 1784 1787 1780
f 1784 431 1785 1787
f 1787 1785 733 1786
f 1780 1787 1786 735
f 735 1786 1790 1789
f 1786 733 1788 1790
f 1790 1788 432 1770
f 1789 1790 1770 728
f 734 1781 1792 1791
f 1781 735 1789 1792
f 1792 1789 728 1765
f 1791 1792 1765 368
f 366 1793 1797 1796
f 1793 736 1794 1797
f 1797 1794 739 1795
f 1796 1797 1795 738
f 736 1798 1801 1794
f 1798 430 1799 1801
f 1801 1799 737 1800
f 1794 1801 1800 739
f 739 1800 1804 1803
f 1800 737 1802 1804
f 1804 1802 431 1784
f 1803 1804 1784 732
f 738 1795 1806 1805
f 1795 739 1803 1806
f 1806 1803 732 1779
f 1805 1806 1779 367
f 365 1807 1811 1810
f 1807 740 1808 1811
f 1811 1808 743 1809
f 1810 1811 1809 742
f 740 1812 1815 1808
f 1812 429 1813 1815
f 1815 1813 741 1814
f 1808 1815 1814 743
f 743 1814 1818 1817
f 1814 741 1816 1818
f 1818 1816 430 1798
f 1817 1818 1798 736
f 742 1809 1820 1819
f 1809 743 1817 1820
f 1820 1817 736 1793
f 1819 1820 1793 366
f 364 1821 1825 1824
f 1821 744 1822 1825
f 1825 1822 747 1823
f 1824 1825 1823 746
f 744 1826 1829 1822
f 1826 428 1827 1829
f 1829 1827 745 1828
f 1822 1829 1828 747
f 747 1828 1832 1831
f 1828 745 1830 1832
f 1832 1830 429 1812
f 1831 1832 1812 740
f 746 1823 1834 1833
f 1823 747 1831 1834
f 1834 1831 740 1807
f 1833 1834 1807 365
f 363 1835 1839 1838
f 1835 748 1836 1839
f 1839 1836 751 1837
f 1838 1839 1837 750
f 748 1840 1843 1836
f 1840 427 1841 1843
f 1843 1841 749 1842
f 1836 1843 1842 751
f 751 1842 1846 1845
f 1842 749 1844 1846
f 1846 1844 428 1826
f 1845 1846 1826 744
f 750 1837 1848 1847
f 1837 751 1845 1848
f 1848 1845 744 1821
f 1847 1848 1821 364
f 362 1849 1853 1852
f 1849 752 1850 1853
f 1853 1850 755 1851
f 1852 1853 1851 754
f 752 1854 1857 1850
f 1854 426 1855 1857
f 1857 1855 753 1856
f 1850 1857 1856 755
f 755 1856 1860 1859
f 1856 753 1858 1860
f 1860 1858 427 1840
f 1859 1860 1840 748
f 754 1851 1862 1861
f 1851 755 1859 1862
f 1862 1859 748 1835
f 1861 1862 1835 363
f 361 1863 1867 1866
f 1863 756 1864 1867
f 1867 1864 759 1865
f 1866 1867 1865 758
f 756 1868 1871 1864
f 1868 425 1869 1871
f 1871 1869 757 1870
f 1864 1871 1870 759
f 759 1870 1874 1873
f 1870 757 1872 1874
f 1874 1872 426 1854
f 1873 1874 1854 752
f 758 1865 1876 1875
f 1865 759 1873 1876
f 1876 1873 752 1849
f 1875 1876 1849 362
f 360 1877 1881 1880
f 1877 760 1878 1881
f 1881 1878 763 1879
f 1880 1881 1879 762
f 760 1882 1885 1878
f 1882 424 1883 1885
f 1885 1883 761 1884
f 1878 1885 1884 763
f 763 1884 1888 1887
f 1884 761 1886 1888
f 1888 1886 425 1868
f 1887 1888 1868 756
f 762 1879 1890 1889
f 1879 763 1887 1890
f 1890 1887 756 1863
f 1889 1890 1863 361
f 359 1891 1895 1894
f 1891 764 1892 1895
f 1895 1892 767 1893
f 1894 1895 1893 766
f 764 1896 1899 1892
f 1896 423 1897 1899
f 1899 1897 765 1898
f 1892 1899 1898 767
f 767 1898 1902 1901
f 1898 765 1900 1902
f 1902 1900 424 1882
f 1901 1902 1882 760
f 766 1893 1904 1903
f 1893 767 1901 1904
f 1904 1901 760 1877
f 1903 1904 1877 360
f 358 1905 1909 1908
f 1905 768 1906 1909
f 1909 1906 771 1907
f 1908 1909 1907 770
f 768 1910 1913 1906
f 1910 422 1911 1913
f 1913 1911 769 1912
f 1906 1913 1912 771
f 771 1912 1916 1915
f 1912 769 1914 1916
f 1916 1914 423 1896
f 1915 1916 1896 764
f 770 1907 1918 1917
f 1907 771 1915 1918
f 1918 1915 764 1891
f 1917 1918 1891 359
f 357 1919 1923 1922
f 1919 772 1920 1923
f 1923 1920 775 1921
f 1922 1923 1921 774
f 772 1924 1927 1920
f 1924 421 1925 1927
f 1927 1925 773 1926
f 1920 1927 1926 775
f 775 1926 1930 1929
f 1926 773 1928 1930
f 1930 1928 422 1910
f 1929 1930 1910 768
f 774 1921 1932 1931
f 1921 775 1929 1932
f 1932 1929 768 1905
f 1931 1932 1905 358
f 356 1933 1937 1936
f 1933 776 1934 1937
f 1937 1934 779 1935
f 1936 1937 1935 778
f 776 1938 1941 1934
f 1938 420 1939 1941
f 1941 1939 777 1940
f 1934 1941 1940 779
f 779 1940 1944 1943
f 1940 777 1942 1944
f 1944 1942 421 1924
f 1943 1944 1924 772
f 778 1935 1946 1945
f 1935 779 1943 1946
f 1946 1943 772 1919
f 1945 1946 1919 357
f 355 1947 1951 1950
f 1947 780 1948 1951
f 1951 1948 783 1949
f 1950 1951 1949 782
f 780 1952 1955 1948
f 1952 419 1953 1955
f 1955 1953 781 1954
f 1948 1955 1954 783
f 783 1954 1958 1957
f 1954 781 1956 1958
f 1958 1956 420 1938
f 1957 1958 1938 776
f 782 1949 1960 1959
f 1949 783 1957 1960
f 1960 1957 776 1933
f 1959 1960 1933 356
f 354 1961 1965 1964
f 1961 784 1962 1965
f 1965 1962 787 1963
f 1964 1965 1963 786
f 784 1966 1969 1962
f 1966 418 1967 1969
f 1969 1967 785 1968
f 1962 1969 1968 787
f 787 1968 1972 1971
f 1968 785 1970 1972
f 1972 1970 419 1952
f 1971 1972 1952 780
f 786 1963 1974 1973
f 1963 787 1971 1974
f 1974 1971 780 1947
f 1973 1974 1947 355
f 353 1975 1979 1978
f 1975 788 1976 1979
f 1979 1976 791 1977
f 1978 1979 1977 790
f 788 1980 1983 1976
f 1980 417 1981 1983
f 1983 1981 789 1982
f 1976 1983 1982 791
f 791 1982 1986 1985
f 1982 789 1984 1986
f 1986 1984 418 1966
f 1985 1986 1966 784
f 790 1977 1988 1987
f 1977 791 1985 1988
f 1988 1985 784 1961
f 1987 1988 1961 354
f 352 1989 1993 1992
f 1989 792 1990 1993
f 1993 1990 795 1991
f 1992 1993 1991 794
f 792 1994 1997 1990
f 1994 416 1995 1997
f 1997 1995 793 1996
f 1990 1997 1996 795
f 795 1996 2000 1999
f 1996 793 1998 2000
f 2000 1998 417 1980
f 1999 2000 1980 788
f 794 1991 2002 2001
f 1991 795 1999 2002
f 2002 1999 788 1975
f 2001 2002 1975 353
f 351 1132 2006 2005
f 1132 545 2003 2006
f 2006 2003 798 2004
f 2005 2006 2004 797
f 545 1129 2009 2003
f 1129 415 2007 2009
f 2009 2007 796 2008
f 2003 2009 2008 798
f 798 2008 2012 2011
f 2008 796 2010 2012
f 2012 2010 416 1994
f 2011 2012 1994 792
f 797 2004 2014 2013
f 2004 798 2011 2014
f 2014 2011 792 1989
f 2013 2014 1989 352
f 479 2015 2019 2018
f 2015 799 2016 2019
f 2019 2016 802 2017
f 2018 2019 2017 801
f 799 2020 2022 2016
f 2020 351 2005 2022
f 2022 2005 797 2021
f 2016 2022 2021 802
f 802 2021 2025 2024
f 2021 797 2013 2025
f 2025 2013 352 2023
f 2024 2025 2023 800
f 801 2017 2028 2027
f 2017 802 2024 2028
f 2028 2024 800 2026
f 2027 2028 2026 480
f 480 2026 2032 2031
f 2026 800 2029 2032
f 2032 2029 805 2030
f 2031 2032 2030 804
f 800 2023 2034 2029
f 2023 352 1992 2034
f 2034 1992 794 2033
f 2029 2034 2033 805
f 805 2033 2037 2036
f 2033 794 2001 2037
f 2037 2001 353 2035
f 2036 2037 2035 803
f 804 2030 2040 2039
f 2030 805 2036 2040
f 2040 2036 803 2038
f 2039 2040 2038 481
f 481 2038 2044 2043
f 2038 803 2041 2044
f 2044 2041 808 2042
f 2043 2044 2042 807
f 803 2035 2046 2041
f 2035 353 1978 2046
f 2046 1978 790 2045
f 2041 2046 2045 808
f 808 2045 2049 2048
f 2045 790 1987 2049
f 2049 1987 354 2047
f 2048 2049 2047 806
f 807 2042 2052 2051
f 2042 808 2048 2052
f 2052 2048 806 2050
f 2051 2052 2050 482
f 482 2050 2056 2055
f 2050 806 2053 2056
f 2056 2053 811 2054
f 2055 2056 2054 810
f 806 2047 2058 2053
f 2047 354 1964 2058
f 2058 1964 786 2057
f 2053 2058 2057 811
f 811 2057 2061 2060
f 2057 786 1973 2061
f 2061 1973 355 2059
f 2060 2061 2059 809
f 810 2054 2064 2063
f 2054 811 2060 2064
f 2064 2060 809 2062
f 2063 2064 2062 483
f 483 2062 2068 2067
f 2062 809 2065 2068
f 2068 2065 814 2066
f 2067 2068 2066 813
f 809 2059 2070 2065
f 2059 355 1950 2070
f 2070 1950 782 2069
f 2065 2070 2069 814
f 814 2069 2073 2072
f 2069 782 1959 2073
f 2073 1959 356 2071
f 2072 2073 2071 812
f 813 2066 2076 2075
f 2066 814 2072 2076
f 2076 2072 812 2074
f 2075 2076 2074 484
f 484 2074 2080 2079
f 2074 812 2077 2080
f 2080 2077 817 2078
f 2079 2080 2078 816
f 812 2071 2082 2077
f 2071 356 1936 2082
f 2082 1936 778 2081
f 2077 2082 2081 817
f 817 2081 2085 2084
f 2081 778 1945 2085
f 2085 1945 357 2083
f 2084 2085 2083 815
f 816 2078 2088 2087
f 2078 817 2084 2088
f 2088 2084 815 2086
f 2087 2088 2086 485
f 485 2086 2092 2091
f 2086 815 2089 2092
f 2092 2089 820 2090
f 2091 2092 2090 819
f 815 2083 2094 2089
f 2083 357 1922 2094
f 2094 1922 774 2093
f 2089 2094 2093 820
f 820 2093 2097 2096
f 2093 774 1931 2097
f 2097 1931 358 2095
f 2096 2097 2095 818
f 819 2090 2100 2099
f 2090 820 2096 2100
f 2100 2096 818 2098
f 2099 2100 2098 486
f 486 2098 2104 2103
f 2098 818 2101 2104
f 2104 2101 823 2102
f 2103 2104 2102 822
f 818 2095 2106 2101
f 2095 358 1908 2106
f 2106 1908 770 2105
f 2101 2106 2105 823
f 823 2105 2109 2108
f 2105 770 1917 2109
f 2109 1917 359 2107
f 2108 2109 2107 821
f 822 2102 2112 2111
f 2102 823 2108 2112
f 2112 2108 821 2110
f 2111 2112 2110 487
f 487 2110 2116 2115
f 2110 821 2113 2116
f 2116 2113 826 2114
f 2115 2116 2114 825
f 821 2107 2118 2113
f 2107 359 1894 2118
f 2118 1894 766 2117
f 2113 2118 2117 826
f 826 2117 2121 2120
f 2117 766 1903 2121
f 2121 1903 360 2119
f 2120 2121 2119 824
f 825 2114 2124 2123
f 2114 826 2120 2124
f 2124 2120 824 2122
f 2123 2124 2122 488
f 488 2122 2128 2127
f 2122 824 2125 2128
f 2128 2125 829 2126
f 2127 2128 2126 828
f 824 2119 2130 2125
f 2119 360 1880 2130
f 2130 1880 762 2129
f 2125 2130 2129 829
f 829 2129 2133 2132
f 2129 762 1889 2133
f 2133 1889 361 2131
f 2132 2133 2131 827
f 828 2126 2136 2135
f 2126 829 2132 2136
f 2136 2132 827 2134
f 2135 2136 2134 489
f 489 2134 2140 2139
f 2134 827 2137 2140
f 2140 2137 832 2138
f 2139 2140 2138 831
f 827 2131 2142 2137
f 2131 361 1866 2142
f 2142 1866 758 2141
f 2137 2142 2141 832
f 832 2141 2145 2144
f 2141 758 1875 2145
f 2145 1875 362 2143
f 2144 2145 2143 830
f 831 2138 2148 2147
f 2138 832 2144 2148
f 2148 2144 830 2146
f 2147 2148 2146 490
f 490 2146 2152 2151
f 2146 830 2149 2152
f 2152 2149 835 2150
f 2151 2152 2150 834
f 830 2143 2154 2149
f 2143 362 1852 2154
f 2154 1852 754 2153
f 2149 2154 2153 835
f 835 2153 2157 2156
f 2153 754 1861 2157
f 2157 1861 363 2155
f 2156 2157 2155 833
f 834 2150 2160 2159
f 2150 835 2156 2160
f 2160 2156 833 2158
f 2159 2160 2158 491
f 491 2158 2164 2163
f 2158 833 2161 2164
f 2164 2161 838 2162
f 2163 2164 2162 837
f 833 2155 2166 2161
f 2155 363 1838 2166
f 2166 1838 750 2165
f 2161 2166 2165 838
f 838 2165 2169 2168
f 2165 750 1847 2169
f 2169 1847 364 2167
f 2168 2169 2167 836
f 837 2162 2172 2171
f 2162 838 2168 2172
f 2172 2168 836 2170
f 2171 2172 2170 492
f 492 2170 2176 2175
f 2170 836 2173 2176
f 2176 2173 841 2174
f 2175 2176 2174 840
f 836 2167 2178 2173
f 2167 364 1824 2178
f 2178 1824 746 2177
f 2173 2178 2177 841
f 841 2177 2181 2180
f 2177 746 1833 2181
f 2181 1833 365 2179
f 2180 2181 2179 839
f 840 2174 2184 2183
f 2174 841 2180 2184
f 2184 2180 839 2182
f 2183 2184 2182 493
f 493 2182 2188 2187
f 2182 839 2185 2188
f 2188 2185 844 2186
f 2187 2188 2186 843
f 839 2179 2190 2185
f 2179 365 1810 2190
f 2190 1810 742 2189
f 2185 2190 2189 844
f 844 2189 2193 2192
f 2189 742 1819 2193
f 2193 1819 366 2191
f 2192 2193 2191 842
f 843 2186 2196 2195
f 2186 844 2192 2196
f 2196 2192 842 2194
f 2195 2196 2194 494
f 494 2194 2200 2199
f 2194 842 2197 2200
f 2200 2197 847 2198
f 2199 2200 2198 846
f 842 2191 2202 2197
f 2191 366 1796 2202
f 2202 1796 738 2201
f 2197 2202 2201 847
f 847 2201 2205 2204
f 2201 738 1805 2205
f 2205 1805 367 2203
f 2204 2205 2203 845
f 846 2198 2208 2207
f 2198 847 2204 2208
f 2208 2204 845 2206
f 2207 2208 2206 495
f 495 2206 2212 2211
f 2206 845 2209 2212
f 2212 2209 850 2210
f 2211 2212 2210 849
f 845 2203 2214 2209
f 2203 367 1782 2214
f 2214 1782 734 2213
f 2209 2214 2213 850
f 850 2213 2217 2216
f 2213 734 1791 2217
f 2217 1791 368 2215
f 2216 2217 2215 848
f 849 2210 2220 2219
f 2210 850 2216 2220
f 2220 2216 848 2218
f 2219 2220 2218 496
f 496 2218 2224 2223
f 2218 848 2221 2224
f 2224 2221 853 2222
f 2223 2224 2222 852
f 848 2215 2226 2221
f 2215 368 1768 2226
f 2226 1768 730 2225
f 2221 2226 2225 853
f 853 2225 2229 2228
f 2225 730 1777 2229
f 2229 1777 369 2227
f 2228 2229 2227 851
f 852 2222 2232 2231
f 2222 853 2228 2232
f 2232 2228 851 2230
f 2231 2232 2230 497
f 497 2230 2236 2235
f 2230 851 2233 2236
f 2236 2233 856 2234
f 2235 2236 2234 855
f 851 2227 2238 2233
f 2227 369 1754 2238
f 2238 1754 726 2237
f 2233 2238 2237 856
f 856 2237 2241 2240
f 2237 726 1763 2241
f 2241 1763 370 2239
f 2240 2241 2239 854
f 855 2234 2244 2243
f 2234 856 2240 2244
f 2244 2240 854 2242
f 2243 2244 2242 498
f 498 2242 2248 2247
f 2242 854 2245 2248
f 2248 2245 859 2246
f 2247 2248 2246 858
f 854 2239 2250 2245
f 2239 370 1740 2250
f 2250 1740 722 2249
f 2245 2250 2249 859
f 859 2249 2253 2252
f 2249 722 1749 2253
f 2253 1749 371 2251
f 2252 2253 2251 857
f 858 2246 2256 2255
f 2246 859 2252 2256
f 2256 2252 857 2254
f 2255 2256 2254 499
f 499 2254 2260 2259
f 2254 857 2257 2260
f 2260 2257 862 2258
f 2259 2260 2258 861
f 857 2251 2262 2257
f 2251 371 1726 2262
f 2262 1726 718 2261
f 2257 2262 2261 862
f 862 2261 2265 2264
f 2261 718 1735 2265
f 2265 1735 372 2263
f 2264 2265 2263 860
f 861 2258 2268 2267
f 2258 862 2264 2268
f 2268 2264 860 2266
f 2267 2268 2266 500
f 500 2266 2272 2271
f 2266 860 2269 2272
f 2272 2269 865 2270
f 2271 2272 2270 864
f 860 2263 2274 2269
f 2263 372 1712 2274
f 2274 1712 714 2273
f 2269 2274 2273 865
f 865 2273 2277 2276
f 2273 714 1721 2277
f 2277 1721 373 2275
f 2276 2277 2275 863
f 864 2270 2280 2279
f 2270 865 2276 2280
f 2280 2276 863 2278
f 2279 2280 2278 501
f 501 2278 2284 2283
f 2278 863 2281 2284
f 2284 2281 868 2282
f 2283 2284 2282 867
f 863 2275 2286 2281
f 2275 373 1698 2286
f 2286 1698 710 2285
f 2281 2286 2285 868
f 868 2285 2289 2288
f 2285 710 1707 2289
f 2289 1707 374 2287
f 2288 2289 2287 866
f 867 2282 2292 2291
f 2282 868 2288 2292
f 2292 2288 866 2290
f 2291 2292 2290 502
f 502 2290 2296 2295
f 2290 866 2293 2296
f 2296 2293 871 2294
f 2295 2296 2294 870
f 866 2287 2298 2293
f 2287 374 1684 2298
f 2298 1684 706 2297
f 2293 2298 2297 871
f 871 2297 2301 2300
f 2297 706 1693 2301
f 2301 1693 375 2299
f 2300 2301 2299 869
f 870 2294 2304 2303
f 2294 871 2300 2304
f 2304 2300 869 2302
f 2303 2304 2302 503
f 503 2302 2308 2307
f 2302 869 2305 2308
f 2308 2305 874 2306
f 2307 2308 2306 873
f 869 2299 2310 2305
f 2299 375 1670 2310
f 2310 1670 702 2309
f 2305 2310 2309 874
f 874 2309 2313 2312
f 2309 702 1679 2313
f 2313 1679 376 2311
f 2312 2313 2311 872
f 873 2306 2316 2315
f 2306 874 2312 2316
f 2316 2312 872 2314
f 2315 2316 2314 504
f 504 2314 2320 2319
f 2314 872 2317 2320
f 2320 2317 877 2318
f 2319 2320 2318 876
f 872 2311 2322 2317
f 2311 376 1656 2322
f 2322 1656 698 2321
f 2317 2322 2321 877
f 877 2321 2325 2324
f 2321 698 1665 2325
f 2325 1665 377 2323
f 2324 2325 2323 875
f 876 2318 2328 2327
f 2318 877 2324 2328
f 2328 2324 875 2326
f 2327 2328 2326 505
f 505 2326 2332 2331
f 2326 875 2329 2332
f 2332 2329 880 2330
f 2331 2332 2330 879
f 875 2323 2334 2329
f 2323 377 1642 2334
f 2334 1642 694 2333
f 2329 2334 2333 880
f 880 2333 2337 2336
f 2333 694 1651 2337
f 2337 1651 378 2335
f 2336 2337 2335 878
f 879 2330 2340 2339
f 2330 880 2336 2340
f 2340 2336 878 2338
f 2339 2340 2338 506
f 506 2338 2344 2343
f 2338 878 2341 2344
f 2344 2341 883 2342
f 2343 2344 2342 882
f 878 2335 2346 2341
f 2335 378 1628 2346
f 2346 1628 690 2345
f 2341 2346 2345 883
f 883 2345 2349 2348
f 2345 690 1637 2349
f 2349 1637 379 2347
f 2348 2349 2347 881
f 882 2342 2352 2351
f 2342 883 2348 2352
f 2352 2348 881 2350
f 2351 2352 2350 507
f 507 2350 2356 2355
f 2350 881 2353 2356
f 2356 2353 886 2354
f 2355 2356 2354 885
f 881 2347 2358 2353
f 2347 379 1614 2358
f 2358 1614 686 2357
f 2353 2358 2357 886
f 886 2357 2361 2360
f 2357 686 1623 2361
f 2361 1623 380 2359
f 2360 2361 2359 884
f 885 2354 2364 2363
f 2354 886 2360 2364
f 2364 2360 884 2362
f 2363 2364 2362 508
f 508 2362 2368 2367
f 2362 884 2365 2368
f 2368 2365 889 2366
f 2367 2368 2366 888
f 884 2359 2370 2365
f 2359 380 1600 2370
f 2370 1600 682 2369
f 2365 2370 2369 889
f 889 2369 2373 2372
f 2369 682 1609 2373
f 2373 1609 381 2371
f 2372 2373 2371 887
f 888 2366 2376 2375
f 2366 889 2372 2376
f 2376 2372 887 2374
f 2375 2376 2374 509
f 509 2374 2380 2379
f 2374 887 2377 2380
f 2380 2377 892 2378
f 2379 2380 2378 891
f 887 2371 2382 2377
f 2371 381 1586 2382
f 2382 1586 678 2381
f 2377 2382 2381 892
f 892 2381 2385 2384
f 2381 678 1595 2385
f 2385 1595 382 2383
f 2384 2385 2383 890
f 891 2378 2388 2387
f 2378 892 2384 2388
f 2388 2384 890 2386
f 2387 2388 2386 510
f 510 2386 2392 2391
f 2386 890 2389 2392
f 2392 2389 895 2390
f 2391 2392 2390 894
f 890 2383 2394 2389
f 2383 382 1572 2394
f 2394 1572 674 2393
f 2389 2394 2393 895
f 895 2393 2397 2396
f 2393 674 1581 2397
f 2397 1581 383 2395
f 2396 2397 2395 893
f 894 2390 2400 2399
f 2390 895 2396 2400
f 2400 2396 893 2398
f 2399 2400 2398 511
f 511 2398 2404 2403
f 2398 893 2401 2404
f 2404 2401 898 2402
f 2403 2404 2402 897
f 893 2395 2406 2401
f 2395 383 1558 2406
f 2406 1558 670 2405
f 2401 2406 2405 898
f 898 2405 2409 2408
f 2405 670 1567 2409
f 2409 1567 384 2407
f 2408 2409 2407 896
f 897 2402 2412 2411
f 2402 898 2408 2412
f 2412 2408 896 2410
f 2411 2412 2410 512
f 512 2410 2416 2415
f 2410 896 2413 2416
f 2416 2413 901 2414
f 2415 2416 2414 900
f 896 2407 2418 2413
f 2407 384 1544 2418
f 2418 1544 666 2417
f 2413 2418 2417 901
f 901 2417 2421 2420
f 2417 666 1553 2421
f 2421 1553 385 2419
f 2420 2421 2419 899
f 900 2414 2424 2423
f 2414 901 2420 2424
f 2424 2420 899 2422
f 2423 2424 2422 513
f 513 2422 2428 2427
f 2422 899 2425 2428
f 2428 2425 904 2426
f 2427 2428 2426 903
f 899 2419 2430 2425
f 2419 385 1530 2430
f 2430 1530 662 2429
f 2425 2430 2429 904
f 904 2429 2433 2432
f 2429 662 1539 2433
f 2433 1539 386 2431
f 2432 2433 2431 902
f 903 2426 2436 2435
f 2426 904 2432 2436
f 2436 2432 902 2434
f 2435 2436 2434 514
f 514 2434 2440 2439
f 2434 902 2437 2440
f 2440 2437 907 2438
f 2439 2440 2438 906
f 902 2431 2442 2437
f 2431 386 1516 2442
f 2442 1516 658 2441
f 2437 2442 2441 907
f 907 2441 2445 2444
f 2441 658 1525 2445
f 2445 1525 387 2443
f 2444 2445 2443 905
f 906 2438 2448 2447
f 2438 907 2444 2448
f 2448 2444 905 2446
f 2447 2448 2446 515
f 515 2446 2452 2451
f 2446 905 2449 2452
f 2452 2449 910 2450
f 2451 2452 2450 909
f 905 2443 2454 2449
f 2443 387 1502 2454
f 2454 1502 654 2453
f 2449 2454 2453 910
f 910 2453 2457 2456
f 2453 654 1511 2457
f 2457 1511 388 2455
f 2456 2457 2455 908
f 909 2450 2460 2459
f 2450 910 2456 2460
f 2460 2456 908 2458
f 2459 2460 2458 516
f 516 2458 2464 2463
f 2458 908 2461 2464
f 2464 2461 913 2462
f 2463 2464 2462 912
f 908 2455 2466 2461
f 2455 388 1488 2466
f 2466 1488 650 2465
f 2461 2466 2465 913
f 913 2465 2469 2468
f 2465 650 1497 2469
f 2469 1497 389 2467
f 2468 2469 2467 911
f 912 2462 2472 2471
f 2462 913 2468 2472
f 2472 2468 911 2470
f 2471 2472 2470 517
f 517 2470 2476 2475
f 2470 911 2473 2476
f 2476 2473 916 2474
f 2475 2476 2474 915
f 911 2467 2478 2473
f 2467 389 1474 2478
f 2478 1474 646 2477
f 2473 2478 2477 916
f 916 2477 2481 2480
f 2477 646 1483 2481
f 2481 1483 390 2479
f 2480 2481 2479 914
f 915 2474 2484 2483
f 2474 916 2480 2484
f 2484 2480 914 2482
f 2483 2484 2482 518
f 518 2482 2488 2487
f 2482 914 2485 2488
f 2488 2485 919 2486
f 2487 2488 2486 918
f 914 2479 2490 2485
f 2479 390 1460 2490
f 2490 1460 642 2489
f 2485 2490 2489 919
f 919 2489 2493 2492
f 2489 642 1469 2493
f 2493 1469 391 2491
f 2492 2493 2491 917
f 918 2486 2496 2495
f 2486 919 2492 2496
f 2496 2492 917 2494
f 2495 2496 2494 519
f 519 2494 2500 2499
f 2494 917 2497 2500
f 2500 2497 922 2498
f 2499 2500 2498 921
f 917 2491 2502 2497
f 2491 391 1446 2502
f 2502 1446 638 2501
f 2497 2502 2501 922
f 922 2501 2505 2504
f 2501 638 1455 2505
f 2505 1455 392 2503
f 2504 2505 2503 920
f 921 2498 2508 2507
f 2498 922 2504 2508
f 2508 2504 920 2506
f 2507 2508 2506 520
f 520 2506 2512 2511
f 2506 920 2509 2512
f 2512 2509 925 2510
f 2511 2512 2510 924
f 920 2503 2514 2509
f 2503 392 1432 2514
f 2514 1432 634 2513
f 2509 2514 2513 925
f 925 2513 2517 2516
f 2513 634 1441 2517
f 2517 1441 393 2515
f 2516 2517 2515 923
f 924 2510 2520 2519
f 2510 925 2516 2520
f 2520 2516 923 2518
f 2519 2520 2518 521
f 521 2518 2524 2523
f 2518 923 2521 2524
f 2524 2521 928 2522
f 2523 2524 2522 927
f 923 2515 2526 2521
f 2515 393 1418 2526
f 2526 1418 630 2525
f 2521 2526 2525 928
f 928 2525 2529 2528
f 2525 630 1427 2529
f 2529 1427 394 2527
f 2528 2529 2527 926
f 927 2522 2532 2531
f 2522 928 2528 2532
f 2532 2528 926 2530
f 2531 2532 2530 522
f 522 2530 2536 2535
f 2530 926 2533 2536
f 2536 2533 931 2534
f 2535 2536 2534 930
f 926 2527 2538 2533
f 2527 394 1404 2538
f 2538 1404 626 2537
f 2533 2538 2537 931
f 931 2537 2541 2540
f 2537 626 1413 2541
f 2541 1413 395 2539
f 2540 2541 2539 929
f 930 2534 2544 2543
f 2534 931 2540 2544
f 2544 2540 929 2542
f 2543 2544 2542 523
f 523 2542 2548 2547
f 2542 929 2545 2548
f 2548 2545 934 2546
f 2547 2548 2546 933
f 929 2539 2550 2545
f 2539 395 1390 2550
f 2550 1390 622 2549
f 2545 2550 2549 934
f 934 2549 2553 2552
f 2549 622 1399 2553
f 2553 1399 396 2551
f 2552 2553 2551 932
f 933 2546 2556 2555
f 2546 934 2552 2556
f 2556 2552 932 2554
f 2555 2556 2554 524
f 524 2554 2560 2559
f 2554 932 2557 2560
f 2560 2557 937 2558
f 2559 2560 2558 936
f 932 2551 2562 2557
f 2551 396 1376 2562
f 2562 1376 618 2561
f 2557 2562 2561 937
f 937 2561 2565 2564
f 2561 618 1385 2565
f 2565 1385 397 2563
f 2564 2565 2563 935
f 936 2558 2568 2567
f 2558 937 2564 2568
f 2568 2564 935 2566
f 2567 2568 2566 525
f 525 2566 2572 2571
f 2566 935 2569 2572
f 2572 2569 940 2570
f 2571 2572 2570 939
f 935 2563 2574 2569
f 2563 397 1362 2574
f 2574 1362 614 2573
f 2569 2574 2573 940
f 940 2573 2577 2576
f 2573 614 1371 2577
f 2577 1371 398 2575
f 2576 2577 2575 938
f 939 2570 2580 2579
f 2570 940 2576 2580
f 2580 2576 938 2578
f 2579 2580 2578 526
f 526 2578 2584 2583
f 2578 938 2581 2584
f 2584 2581 943 2582
f 2583 2584 2582 942
f 938 2575 2586 2581
f 2575 398 1348 2586
f 2586 1348 610 2585
f 2581 2586 2585 943
f 943 2585 2589 2588
f 2585 610 1357 2589
f 2589 1357 399 2587
f 2588 2589 2587 941
f 942 2582 2592 2591
f 2582 943 2588 2592
f 2592 2588 941 2590
f 2591 2592 2590 527
f 527 2590 2596 2595
f 2590 941 2593 2596
f 2596 2593 946 2594
f 2595 2596 2594 945
f 941 2587 2598 2593
f 2587 399 1334 2598
f 2598 1334 606 2597
f 2593 2598 2597 946
f 946 2597 2601 2600
f 2597 606 1343 2601
f 2601 1343 400 2599
f 2600 2601 2599 944
f 945 2594 2604 2603
f 2594 946 2600 2604
f 2604 2600 944 2602
f 2603 2604 2602 528
f 528 2602 2608 2607
f 2602 944 2605 2608
f 2608 2605 949 2606
f 2607 2608 2606 948
f 944 2599 2610 2605
f 2599 400 1320 2610
f 2610 1320 602 2609
f 2605 2610 2609 949
f 949 2609 2613 2612
f 2609 602 1329 2613
f 2613 1329 401 2611
f 2612 2613 2611 947
f 948 2606 2616 2615
f 2606 949 2612 2616
f 2616 2612 947 2614
f 2615 2616 2614 529
f 529 2614 2620 2619
f 2614 947 2617 2620
f 2620 2617 952 2618
f 2619 2620 2618 951
f 947 2611 2622 2617
f 2611 401 1306 2622
f 2622 1306 598 2621
f 2617 2622 2621 952
f 952 2621 2625 2624
f 2621 598 1315 2625
f 2625 1315 402 2623
f 2624 2625 2623 950
f 951 2618 2628 2627
f 2618 952 2624 2628
f 2628 2624 950 2626
f 2627 2628 2626 530
f 530 2626 2632 2631
f 2626 950 2629 2632
f 2632 2629 955 2630
f 2631 2632 2630 954
f 950 2623 2634 2629
f 2623 402 1292 2634
f 2634 1292 594 2633
f 2629 2634 2633 955
f 955 2633 2637 2636
f 2633 594 1301 2637
f 2637 1301 403 2635
f 2636 2637 2635 953
f 954 2630 2640 2639
f 2630 955 2636 2640
f 2640 2636 953 2638
f 2639 2640 2638 531
f 531 2638 2644 2643
f 2638 953 2641 2644
f 2644 2641 958 2642
f 2643 2644 2642 957
f 953 2635 2646 2641
f 2635 403 1278 2646
f 2646 1278 590 2645
f 2641 2646 2645 958
f 958 2645 2649 2648
f 2645 590 1287 2649
f 2649 1287 404 2647
f 2648 2649 2647 956
f 957 2642 2652 2651
f 2642 958 2648 2652
f 2652 2648 956 2650
f 2651 2652 2650 532
f 532 2650 2656 2655
f 2650 956 2653 2656
f 2656 2653 961 2654
f 2655 2656 2654 960
f 956 2647 2658 2653
f 2647 404 1264 2658
f 2658 1264 586 2657
f 2653 2658 2657 961
f 961 2657 2661 2660
f 2657 586 1273 2661
f 2661 1273 405 2659
f 2660 2661 2659 959
f 960 2654 2664 2663
f 2654 961 2660 2664
f 2664 2660 959 2662
f 2663 2664 2662 533
f 533 2662 2668 2667
f 2662 959 2665 2668
f 2668 2665 964 2666
f 2667 2668 2666 963
f 959 2659 2670 2665
f 2659 405 1250 2670
f 2670 1250 582 2669
f 2665 2670 2669 964
f 964 2669 2673 2672
f 2669 582 1259 2673
f 2673 1259 406 2671
f 2672 2673 2671 962
f 963 2666 2676 2675
f 2666 964 2672 2676
f 2676 2672 962 2674
f 2675 2676 2674 534
f 534 2674 2680 2679
f 2674 962 2677 2680
f 2680 2677 967 2678
f 2679 2680 2678 966
f 962 2671 2682 2677
f 2671 406 1236 2682
f 2682 1236 578 2681
f 2677 2682 2681 967
f 967 2681 2685 2684
f 2681 578 1245 2685
f 2685 1245 407 2683
f 2684 2685 2683 965
f 966 2678 2688 2687
f 2678 967 2684 2688
f 2688 2684 965 2686
f 2687 2688 2686 535
f 535 2686 2692 2691
f 2686 965 2689 2692
f 2692 2689 970 2690
f 2691 2692 2690 969
f 965 2683 2694 2689
f 2683 407 1222 2694
f 2694 1222 574 2693
f 2689 2694 2693 970
f 970 2693 2697 2696
f 2693 574 1231 2697
f 2697 1231 408 2695
f 2696 2697 2695 968
f 969 2690 2700 2699
f 2690 970 2696 2700
f 2700 2696 968 2698
f 2699 2700 2698 536
f 536 2698 2704 2703
f 2698 968 2701 2704
f 2704 2701 973 2702
f 2703 2704 2702 972
f 968 2695 2706 2701
f 2695 408 1208 2706
f 2706 1208 570 2705
f 2701 2706 2705 973
f 973 2705 2709 2708
f 2705 570 1217 2709
f 2709 1217 409 2707
f 2708 2709 2707 971
f 972 2702 2712 2711
f 2702 973 2708 2712
f 2712 2708 971 2710
f 2711 2712 2710 537
f 537 2710 2716 2715
f 2710 971 2713 2716
f 2716 2713 976 2714
f 2715 2716 2714 975
f 971 2707 2718 2713
f 2707 409 1194 2718
f 2718 1194 566 2717
f 2713 2718 2717 976
f 976 2717 2721 2720
f 2717 566 1203 2721
f 2721 1203 410 2719
f 2720 2721 2719 974
f 975 2714 2724 2723
f 2714 976 2720 2724
f 2724 2720 974 2722
f 2723 2724 2722 538
f 538 2722 2728 2727
f 2722 974 2725 2728
f 2728 2725 979 2726
f 2727 2728 2726 978
f 974 2719 2730 2725
f 2719 410 1180 2730
f 2730 1180 562 2729
f 2725 2730 2729 979
f 979 2729 2733 2732
f 2729 562 1189 2733
f 2733 1189 411 2731
f 2732 2733 2731 977
f 978 2726 2736 2735
f 2726 979 2732 2736
f 2736 2732 977 2734
f 2735 2736 2734 539
f 539 2734 2740 2739
f 2734 977 2737 2740
f 2740 2737 982 2738
f 2739 2740 2738 981
f 977 2731 2742 2737
f 2731 411 1166 2742
f 2742 1166 558 2741
f 2737 2742 2741 982
f 982 2741 2745 2744
f 2741 558 1175 2745
f 2745 1175 412 2743
f 2744 2745 2743 980
f 981 2738 2748 2747
f 2738 982 2744 2748
f 2748 2744 980 2746
f 2747 2748 2746 540
f 540 2746 2752 2751
f 2746 980 2749 2752
f 2752 2749 985 2750
f 2751 2752 2750 984
f 980 2743 2754 2749
f 2743 412 1152 2754
f 2754 1152 554 2753
f 2749 2754 2753 985
f 985 2753 2757 2756
f 2753 554 1161 2757
f 2757 1161 413 2755
f 2756 2757 2755 983
f 984 2750 2760 2759
f 2750 985 2756 2760
f 2760 2756 983 2758
f 2759 2760 2758 541
f 541 2758 2764 2763
f 2758 983 2761 2764
f 2764 2761 988 2762
f 2763 2764 2762 987
f 983 2755 2766 2761
f 2755 413 1138 2766
f 2766 1138 550 2765
f 2761 2766 2765 988
f 988 2765 2769 2768
f 2765 550 1147 2769
f 2769 1147 414 2767
f 2768 2769 2767 986
f 987 2762 2772 2771
f 2762 988 2768 2772
f 2772 2768 986 2770
f 2771 2772 2770 542
f 542 2770 2776 2775
f 2770 986 2773 2776
f 2776 2773 990 2774
f 2775 2776 2774 989
f 986 2767 2778 2773
f 2767 414 1122 2778
f 2778 1122 546 2777
f 2773 2778 2777 990
f 990 2777 2780 2779
f 2777 546 1133 2780
f 2780 1133 351 2020
f 2779 2780 2020 799
f 989 2774 2782 2781
f 2774 990 2779 2782
f 2782 2779 799 2015
f 2781 2782 2015 479
f 415 2783 2786 2007
f 2783 991 2784 2786
f 2786 2784 993 2785
f 2007 2786 2785 796
f 991 2787 2789 2784
f 2787 479 2018 2789
f 2789 2018 801 2788
f 2784 2789 2788 993
f 993 2788 2792 2791
f 2788 801 2027 2792
f 2792 2027 480 2790
f 2791 2792 2790 992
f 796 2785 2794 2010
f 2785 993 2791 2794
f 2794 2791 992 2793
f 2010 2794 2793 416
f 416 2793 2797 1995
f 2793 992 2795 2797
f 2797 2795 995 2796
f 1995 2797 2796 793
f 992 2790 2799 2795
f 2790 480 2031 2799
f 2799 2031 804 2798
f 2795 2799 2798 995
f 995 2798 2802 2801
f 2798 804 2039 2802
f 2802 2039 481 2800
f 2801 2802 2800 994
f 793 2796 2804 1998
f 2796 995 2801 2804
f 2804 2801 994 2803
f 1998 2804 2803 417
f 417 2803 2807 1981
f 2803 994 2805 2807
f 2807 2805 997 2806
f 1981 2807 2806 789
f 994 2800 2809 2805
f 2800 481 2043 2809
f 2809 2043 807 2808
f 2805 2809 2808 997
f 997 2808 2812 2811
f 2808 807 2051 2812
f 2812 2051 482 2810
f 2811 2812 2810 996
f 789 2806 2814 1984
f 2806 997 2811 2814
f 2814 2811 996 2813
f 1984 2814 2813 418
f 418 2813 2817 1967
f 2813 996 2815 2817
f 2817 2815 999 2816
f 1967 2817 2816 785
f 996 2810 2819 2815
f 2810 482 2055 2819
f 2819 2055 810 2818
f 2815 2819 2818 999
f 999 2818 2822 2821
f 2818 810 2063 2822
f 2822 2063 483 2820
f 2821 2822 2820 998
f 785 2816 2824 1970
f 2816 999 2821 2824
f 2824 2821 998 2823
f 1970 2824 2823 419
f 419 2823 2827 1953
f 2823 998 2825 2827
f 2827 2825 1001 2826
f 1953 2827 2826 781
f 998 2820 2829 2825
f 2820 483 2067 2829
f 2829 2067 813 2828
f 2825 2829 2828 1001
f 1001 2828 2832 2831
f 2828 813 2075 2832
f 2832 2075 484 2830
f 2831 2832 2830 1000
f 781 2826 2834 1956
f 2826 1001 2831 2834
f 2834 2831 1000 2833
f 1956 2834 2833 420
f 420 2833 2837 1939
f 2833 1000 2835 2837
f 2837 2835 1003 2836
f 1939 2837 2836 777
f 1000 2830 2839 2835
f 2830 484 2079 2839
f 2839 2079 816 2838
f 2835 2839 2838 1003
f 1003 2838 2842 2841
f 2838 816 2087 2842
f 2842 2087 485 2840
f 2841 2842 2840 1002
f 777 2836 2844 1942
f 2836 1003 2841 2844
f 2844 2841 1002 2843
f 1942 2844 2843 421
f 421 2843 2847 1925
f 2843 1002 2845 2847
f 2847 2845 1005 2846
f 1925 2847 2846 773
f 1002 2840 2849 2845
f 2840 485 2091 2849
f 2849 2091 819 2848
f 2845 2849 2848 1005
f 1005 2848 2852 2851
f 2848 819 2099 2852
f 2852 2099 486 2850
f 2851 2852 2850 1004
f 773 2846 2854 1928
f 2846 1005 2851 2854
f 2854 2851 1004 2853
f 1928 2854 2853 422
f 422 2853 2857 1911
f 2853 1004 2855 2857
f 2857 2855 1007 2856
f 1911 2857 2856 769
f 1004 2850 2859 2855
f 2850 486 2103 2859
f 2859 2103 822 2858
f 2855 2859 2858 1007
f 1007 2858 2862 2861
f 2858 822 2111 2862
f 2862 2111 487 2860
f 2861 2862 2860 1006
f 769 2856 2864 1914
f 2856 1007 2861 2864
f 2864 2861 1006 2863
f 1914 2864 2863 423
f 423 2863 2867 1897
f 2863 1006 2865 2867
f 2867 2865 1009 2866
f 1897 2867 2866 765
f 1006 2860 2869 2865
f 2860 487 2115 2869
f 2869 2115 825 2868
f 2865 2869 2868 1009
f 1009 2868 2872 2871
f 2868 825 2123 2872
f 2872 2123 488 2870
f 2871 2872 2870 1008
f 765 2866 2874 1900
f 2866 1009 2871 2874
f 2874 2871 1008 2873
f 1900 2874 2873 424
f 424 2873 2877 1883
f 2873 1008 2875 2877
f 2877 2875 1011 2876
f 1883 2877 2876 761
f 1008 2870 2879 2875
f 2870 488 2127 2879
f 2879 2127 828 2878
f 2875 2879 2878 1011
f 1011 2878 2882 2881
f 2878 828 2135 2882
f 2882 2135 489 2880
f 2881 2882 2880 1010
f 761 2876 2884 1886
f 2876 1011 2881 2884
f 2884 2881 1010 2883
f 1886 2884 2883 425
f 425 2883 2887 1869
f 2883 1010 2885 2887
f 2887 2885 1013 2886
f 1869 2887 2886 757
f 1010 2880 2889 2885
f 2880 489 2139 2889
f 2889 2139 831 2888
f 2885 2889 2888 1013
f 1013 2888 2892 2891
f 2888 831 2147 2892
f 2892 2147 490 2890
f 2891 2892 2890 1012
f 757 2886 2894 1872
f 2886 1013 2891 2894
f 2894 2891 1012 2893
f 1872 2894 2893 426
f 426 2893 2897 1855
f 2893 1012 2895 2897
f 2897 2895 1015 2896
f 1855 2897 2896 753
f 1012 2890 2899 2895
f 2890 490 2151 2899
f 2899 2151 834 2898
f 2895 2899 2898 1015
f 1015 2898 2902 2901
f 2898 834 2159 2902
f 2902 2159 491 2900
f 2901 2902 2900 1014
f 753 2896 2904 1858
f 2896 1015 2901 2904
f 2904 2901 1014 2903
f 1858 2904 2903 427
f 427 2903 2907 1841
f 2903 1014 2905 2907
f 2907 2905 1017 2906
f 1841 2907 2906 749
f 1014 2900 2909 2905
f 2900 491 2163 2909
f 2909 2163 837 2908
f 2905 2909 2908 1017
f 1017 2908 2912 2911
f 2908 837 2171 2912
f 2912 2171 492 2910
f 2911 2912 2910 1016
f 749 2906 2914 1844
f 2906 1017 2911 2914
f 2914 2911 1016 2913
f 1844 2914 2913 428
f 428 2913 2917 1827
f 2913 1016 2915 2917
f 2917 2915 1019 2916
f 1827 2917 2916 745
f 1016 2910 2919 2915
f 2910 492 2175 2919
f 2919 2175 840 2918
f 2915 2919 2918 1019
f 1019 2918 2922 2921
f 2918 840 2183 2922
f 2922 2183 493 2920
f 2921 2922 2920 1018
f 745 2916 2924 1830
f 2916 1019 2921 2924
f 2924 2921 1018 2923
f 1830 2924 2923 429
f 429 2923 2927 1813
f 2923 1018 2925 2927
f 2927 2925 1021 2926
f 1813 2927 2926 741
f 1018 2920 2929 2925
f 2920 493 2187 2929
f 2929 2187 843 2928
f 2925 2929 2928 1021
f 1021 2928 2932 2931
f 2928 843 2195 2932
f 2932 2195 494 2930
f 2931 2932 2930 1020
f 741 2926 2934 1816
f 2926 1021 2931 2934
f 2934 2931 1020 2933
f 1816 2934 2933 430
f 430 2933 2937 1799
f 2933 1020 2935 2937
f 2937 2935 1023 2936
f 1799 2937 2936 737
f 1020 2930 2939 2935
f 2930 494 2199 2939
f 2939 2199 846 2938
f 2935 2939 2938 1023
f 1023 2938 2942 2941
f 2938 846 2207 2942
f 2942 2207 495 2940
f 2941 2942 2940 1022
f 737 2936 2944 1802
f 2936 1023 2941 2944
f 2944 2941 1022 2943
f 1802 2944 2943 431
f 431 2943 2947 1785
f 2943 1022 2945 2947
f 2947 2945 1025 2946
f 1785 2947 2946 733
f 1022 2940 2949 2945
f 2940 495 2211 2949
f 2949 2211 849 2948
f 2945 2949 2948 1025
f 1025 2948 2952 2951
f 2948 849 2219 2952
f 2952 2219 496 2950
f 2951 2952 2950 1024
f 733 2946 2954 1788
f 2946 1025 2951 2954
f 2954 2951 1024 2953
f 1788 2954 2953 432
f 432 2953 2957 1771
f 2953 1024 2955 2957
f 2957 2955 1027 2956
f 1771 2957 2956 729
f 1024 2950 2959 2955
f 2950 496 2223 2959
f 2959 2223 852 2958
f 2955 2959 2958 1027
f 1027 2958 2962 2961
f 2958 852 2231 2962
f 2962 2231 497 2960
f 2961 2962 2960 1026
f 729 2956 2964 1774
f 2956 1027 2961 2964
f 2964 2961 1026 2963
f 1774 2964 2963 433
f 433 2963 2967 1757
f 2963 1026 2965 2967
f 2967 2965 1029 2966
f 1757 2967 2966 725
f 1026 2960 2969 2965
f 2960 497 2235 2969
f 2969 2235 855 2968
f 2965 2969 2968 1029
f 1029 2968 2972 2971
f 2968 855 2243 2972
f 2972 2243 498 2970
f 2971 2972 2970 1028
f 725 2966 2974 1760
f 2966 1029 2971 2974
f 2974 2971 1028 2973
f 1760 2974 2973 434
f 434 2973 2977 1743
f 2973 1028 2975 2977
f 2977 2975 1031 2976
f 1743 2977 2976 721
f 1028 2970 2979 2975
f 2970 498 2247 2979
f 2979 2247 858 2978
f 2975 2979 2978 1031
f 1031 2978 2982 2981
f 2978 858 2255 2982
f 2982 2255 499 2980
f 2981 2982 2980 1030
f 721 2976 2984 1746
f 2976 1031 2981 2984
f 2984 2981 1030 2983
f 1746 2984 2983 435
f 435 2983 2987 1729
f 2983 1030 2985 2987
f 2987 2985 1033 2986
f 1729 2987 2986 717
f 1030 2980 2989 2985
f 2980 499 2259 2989
f 2989 2259 861 2988
f 2985 2989 2988 1033
f 1033 2988 2992 2991
f 2988 861 2267 2992
f 2992 2267 500 2990
f 2991 2992 2990 1032
f 717 2986 2994 1732
f 2986 1033 2991 2994
f 2994 2991 1032 2993
f 1732 2994 2993 436
f 436 2993 2997 1715
f 2993 1032 2995 2997
f 2997 2995 1035 2996
f 1715 2997 2996 713
f 1032 2990 2999 2995
f 2990 500 2271 2999
f 2999 2271 864 2998
f 2995 2999 2998 1035
f 1035 2998 3002 3001
f 2998 864 2279 3002
f 3002 2279 501 3000
f 3001 3002 3000 1034
f 713 2996 3004 1718
f 2996 1035 3001 3004
f 3004 3001 1034 3003
f 1718 3004 3003 437
f 437 3003 3007 1701
f 3003 1034 3005 3007
f 3007 3005 1037 3006
f 1701 3007 3006 709
f 1034 3000 3009 3005
f 3000 501 2283 3009
f 3009 2283 867 3008
f 3005 3009 3008 1037
f 1037 3008 3012 3011
f 3008 867 2291 3012
f 3012 2291 502 3010
f 3011 3012 3010 1036
f 709 3006 3014 1704
f 3006 1037 3011 3014
f 3014 3011 1036 3013
f 1704 3014 3013 438
f 438 3013 3017 1687
f 3013 1036 3015 3017
f 3017 3015 1039 3016
f 1687 3017 3016 705
f 1036 3010 3019 3015
f 3010 502 2295 3019
f 3019 2295 870 3018
f 3015 3019 3018 1039
f 1039 3018 3022 3021
f 3018 870 2303 3022
f 3022 2303 503 3020
f 3021 3022 3020 1038
f 705 3016 3024 1690
f 3016 1039 3021 3024
f 3024 3021 1038 3023
f 1690 3024 3023 439
f 439 3023 3027 1673
f 3023 1038 3025 3027
f 3027 3025 1041 3026
f 1673 3027 3026 701
f 1038 3020 3029 3025
f 3020 503 2307 3029
f 3029 2307 873 3028
f 3025 3029 3028 1041
f 1041 3028 3032 3031
f 3028 873 2315 3032
f 3032 2315 504 3030
f 3031 3032 3030 1040
f 701 3026 3034 1676
f 3026 1041 3031 3034
f 3034 3031 1040 3033
f 1676 3034 3033 440
f 440 3033 3037 1659
f 3033 1040 3035 3037
f 3037 3035 1043 3036
f 1659 3037 3036 697
f 1040 3030 3039 3035
f 3030 504 2319 3039
f 3039 2319 876 3038
f 3035 3039 3038 1043
f 1043 3038 3042 3041
f 3038 876 2327 3042
f 3042 2327 505 3040
f 3041 3042 3040 1042
f 697 3036 3044 1662
f 3036 1043 3041 3044
f 3044 3041 1042 3043
f 1662 3044 3043 441
f 441 3043 3047 1645
f 3043 1042 3045 3047
f 3047 3045 1045 3046
f 1645 3047 3046 693
f 1042 3040 3049 3045
f 3040 505 2331 3049
f 3049 2331 879 3048
f 3045 3049 3048 1045
f 1045 3048 3052 3051
f 3048 879 2339 3052
f 3052 2339 506 3050
f 3051 3052 3050 1044
f 693 3046 3054 1648
f 3046 1045 3051 3054
f 3054 3051 1044 3053
f 1648 3054 3053 442
f 442 3053 3057 1631
f 3053 1044 3055 3057
f 3057 3055 1047 3056
f 1631 3057 3056 689
f 1044 3050 3059 3055
f 3050 506 2343 3059
f 3059 2343 882 3058
f 3055 3059 3058 1047
f 1047 3058 3062 3061
f 3058 882 2351 3062
f 3062 2351 507 3060
f 3061 3062 3060 1046
f 689 3056 3064 1634
f 3056 1047 3061 3064
f 3064 3061 1046 3063
f 1634 3064 3063 443
f 443 3063 3067 1617
f 3063 1046 3065 3067
f 3067 3065 1049 3066
f 1617 3067 3066 685
f 1046 3060 3069 3065
f 3060 507 2355 3069
f 3069 2355 885 3068
f 3065 3069 3068 1049
f 1049 3068 3072 3071
f 3068 885 2363 3072
f 3072 2363 508 3070
f 3071 3072 3070 1048
f 685 3066 3074 1620
f 3066 1049 3071 3074
f 3074 3071 1048 3073
f 1620 3074 3073 444
f 444 3073 3077 1603
f 3073 1048 3075 3077
f 3077 3075 1051 3076
f 1603 3077 3076 681
f 1048 3070 3079 3075
f 3070 508 2367 3079
f 3079 2367 888 3078
f 3075 3079 3078 1051
f 1051 3078 3082 3081
f 3078 888 2375 3082
f 3082 2375 509 3080
f 3081 3082 3080 1050
f 681 3076 3084 1606
f 3076 1051 3081 3084
f 3084 3081 1050 3083
f 1606 3084 3083 445
f 445 3083 3087 1589
f 3083 1050 3085 3087
f 3087 3085 1053 3086
f 1589 3087 3086 677
f 1050 3080 3089 3085
f 3080 509 2379 3089
f 3089 2379 891 3088
f 3085 3089 3088 1053
f 1053 3088 3092 3091
f 3088 891 2387 3092
f 3092 2387 510 3090
f 3091 3092 3090 1052
f 677 3086 3094 1592
f 3086 1053 3091 3094
f 3094 3091 1052 3093
f 1592 3094 3093 446
f 446 3093 3097 1575
f 3093 1052 3095 3097
f 3097 3095 1055 3096
f 1575 3097 3096 673
f 1052 3090 3099 3095
f 3090 510 2391 3099
f 3099 2391 894 3098
f 3095 3099 3098 1055
f 1055 3098 3102 3101
f 3098 894 2399 3102
f 3102 2399 511 3100
f 3101 3102 3100 1054
f 673 3096 3104 1578
f 3096 1055 3101 3104
f 3104 3101 1054 3103
f 1578 3104 3103 447
f 447 3103 3107 1561
f 3103 1054 3105 3107
f 3107 3105 1057 3106
f 1561 3107 3106 669
f 1054 3100 3109 3105
f 3100 511 2403 3109
f 3109 2403 897 3108
f 3105 3109 3108 1057
f 1057 3108 3112 3111
f 3108 897 2411 3112
f 3112 2411 512 3110
f 3111 3112 3110 1056
f 669 3106 3114 1564
f 3106 1057 3111 3114
f 3114 3111 1056 3113
f 1564 3114 3113 448
f 448 3113 3117 1547
f 3113 1056 3115 3117
f 3117 3115 1059 3116
f 1547 3117 3116 665
f 1056 3110 3119 3115
f 3110 512 2415 3119
f 3119 2415 900 3118
f 3115 3119 3118 1059
f 1059 3118 3122 3121
f 3118 900 2423 3122
f 3122 2423 513 3120
f 3121 3122 3120 1058
f 665 3116 3124 1550
f 3116 1059 3121 3124
f 3124 3121 1058 3123
f 1550 3124 3123 449
f 449 3123 3127 1533
f 3123 1058 3125 3127
f 3127 3125 1061 3126
f 1533 3127 3126 661
f 1058 3120 3129 3125
f 3120 513 2427 3129
f 3129 2427 903 3128
f 3125 3129 3128 1061
f 1061 3128 3132 3131
f 3128 903 2435 3132
f 3132 2435 514 3130
f 3131 3132 3130 1060
f 661 3126 3134 1536
f 3126 1061 3131 3134
f 3134 3131 1060 3133
f 1536 3134 3133 450
f 450 3133 3137 1519
f 3133 1060 3135 3137
f 3137 3135 1063 3136
f 1519 3137 3136 657
f 1060 3130 3139 3135
f 3130 514 2439 3139
f 3139 2439 906 3138
f 3135 3139 3138 1063
f 1063 3138 3142 3141
f 3138 906 2447 3142
f 3142 2447 515 3140
f 3141 3142 3140 1062
f 657 3136 3144 1522
f 3136 1063 3141 3144
f 3144 3141 1062 3143
f 1522 3144 3143 451
f 451 3143 3147 1505
f 3143 1062 3145 3147
f 3147 3145 1065 3146
f 1505 3147 3146 653
f 1062 3140 3149 3145
f 3140 515 2451 3149
f 3149 2451 909 3148
f 3145 3149 3148 1065
f 1065 3148 3152 3151
f 3148 909 2459 3152
f 3152 2459 516 3150
f 3151 3152 3150 1064
f 653 3146 3154 1508
f 3146 1065 3151 3154
f 3154 3151 1064 3153
f 1508 3154 3153 452
f 452 3153 3157 1491
f 3153 1064 3155 3157
f 3157 3155 1067 3156
f 1491 3157 3156 649
f 1064 3150 3159 3155
f 3150 516 2463 3159
f 3159 2463 912 3158
f 3155 3159 3158 1067
f 1067 3158 3162 3161
f 3158 912 2471 3162
f 3162 2471 517 3160
f 3161 3162 3160 1066
f 649 3156 3164 1494
f 3156 1067 3161 3164
f 3164 3161 1066 3163
f 1494 3164 3163 453
f 453 3163 3167 1477
f 3163 1066 3165 3167
f 3167 3165 1069 3166
f 1477 3167 3166 645
f 1066 3160 3169 3165
f 3160 517 2475 3169
f 3169 2475 915 3168
f 3165 3169 3168 1069
f 1069 3168 3172 3171
f 3168 915 2483 3172
f 3172 2483 518 3170
f 3171 3172 3170 1068
f 645 3166 3174 1480
f 3166 1069 3171 3174
f 3174 3171 1068 3173
f 1480 3174 3173 454
f 454 3173 3177 1463
f 3173 1068 3175 3177
f 3177 3175 1071 3176
f 1463 3177 3176 641
f 1068 3170 3179 3175
f 3170 518 2487 3179
f 3179 2487 918 3178
f 3175 3179 3178 1071
f 1071 3178 3182 3181
f 3178 918 2495 3182
f 3182 2495 519 3180
f 3181 3182 3180 1070
f 641 3176 3184 1466
f 3176 1071 3181 3184
f 3184 3181 1070 3183
f 1466 3184 3183 455
f 455 3183 3187 1449
f 3183 1070 3185 3187
f 3187 3185 1073 3186
f 1449 3187 3186 637
f 1070 3180 3189 3185
f 3180 519 2499 3189
f 3189 2499 921 3188
f 3185 3189 3188 1073
f 1073 3188 3192 3191
f 3188 921 2507 3192
f 3192 2507 520 3190
f 3191 3192 3190 1072
f 637 3186 3194 1452
f 3186 1073 3191 3194
f 3194 3191 1072 3193
f 1452 3194 3193 456
f 456 3193 3197 1435
f 3193 1072 3195 3197
f 3197 3195 1075 3196
f 1435 3197 3196 633
f 1072 3190 3199 3195
f 3190 520 2511 3199
f 3199 2511 924 3198
f 3195 3199 3198 1075
f 1075 3198 3202 3201
f 3198 924 2519 3202
f 3202 2519 521 3200
f 3201 3202 3200 1074
f 633 3196 3204 1438
f 3196 1075 3201 3204
f 3204 3201 1074 3203
f 1438 3204 3203 457
f 457 3203 3207 1421
f 3203 1074 3205 3207
f 3207 3205 1077 3206
f 1421 3207 3206 629
f 1074 3200 3209 3205
f 3200 521 2523 3209
f 3209 2523 927 3208
f 3205 3209 3208 1077
f 1077 3208 3212 3211
f 3208 927 2531 3212
f 3212 2531 522 3210
f 3211 3212 3210 1076
f 629 3206 3214 1424
f 3206 1077 3211 3214
f 3214 3211 1076 3213
f 1424 3214 3213 458
f 458 3213 3217 1407
f 3213 1076 3215 3217
f 3217 3215 1079 3216
f 1407 3217 3216 625
f 1076 3210 3219 3215
f 3210 522 2535 3219
f 3219 2535 930 3218
f 3215 3219 3218 1079
f 1079 3218 3222 3221
f 3218 930 2543 3222
f 3222 2543 523 3220
f 3221 3222 3220 1078
f 625 3216 3224 1410
f 3216 1079 3221 3224
f 3224 3221 1078 3223
f 1410 3224 3223 459
f 459 3223 3227 1393
f 3223 1078 3225 3227
f 3227 3225 1081 3226
f 1393 3227 3226 621
f 1078 3220 3229 3225
f 3220 523 2547 3229
f 3229 2547 933 3228
f 3225 3229 3228 1081
f 1081 3228 3232 3231
f 3228 933 2555 3232
f 3232 2555 524 3230
f 3231 3232 3230 1080
f 621 3226 3234 1396
f 3226 1081 3231 3234
f 3234 3231 1080 3233
f 1396 3234 3233 460
f 460 3233 3237 1379
f 3233 1080 3235 3237
f 3237 3235 1083 3236
f 1379 3237 3236 617
f 1080 3230 3239 3235
f 3230 524 2559 3239
f 3239 2559 936 3238
f 3235 3239 3238 1083
f 1083 3238 3242 3241
f 3238 936 2567 3242
f 3242 2567 525 3240
f 3241 3242 3240 1082
f 617 3236 3244 1382
f 3236 1083 3241 3244
f 3244 3241 1082 3243
f 1382 3244 3243 461
f 461 3243 3247 1365
f 3243 1082 3245 3247
f 3247 3245 1085 3246
f 1365 3247 3246 613
f 1082 3240 3249 3245
f 3240 525 2571 3249
f 3249 2571 939 3248
f 3245 3249 3248 1085
f 1085 3248 3252 3251
f 3248 939 2579 3252
f 3252 2579 526 3250
f 3251 3252 3250 1084
f 613 3246 3254 1368
f 3246 1085 3251 3254
f 3254 3251 1084 3253
f 1368 3254 3253 462
f 462 3253 3257 1351
f 3253 1084 3255 3257
f 3257 3255 1087 3256
f 1351 3257 3256 609
f 1084 3250 3259 3255
f 3250 526 2583 3259
f 3259 2583 942 3258
f 3255 3259 3258 1087
f 1087 3258 3262 3261
f 3258 942 2591 3262
f 3262 2591 527 3260
f 3261 3262 3260 1086
f 609 3256 3264 1354
f 3256 1087 3261 3264
f 3264 3261 1086 3263
f 1354 3264 3263 463
f 463 3263 3267 1337
f 3263 1086 3265 3267
f 3267 3265 1089 3266
f 1337 3267 3266 605
f 1086 3260 3269 3265
f 3260 527 2595 3269
f 3269 2595 945 3268
f 3265 3269 3268 1089
f 1089 3268 3272 3271
f 3268 945 2603 3272
f 3272 2603 528 3270
f 3271 3272 3270 1088
f 605 3266 3274 1340
f 3266 1089 3271 3274
f 3274 3271 1088 3273
f 1340 3274 3273 464
f 464 3273 3277 1323
f 3273 1088 3275 3277
f 3277 3275 1091 3276
f 1323 3277 3276 601
f 1088 3270 3279 3275
f 3270 528 2607 3279
f 3279 2607 948 3278
f 3275 3279 3278 1091
f 1091 3278 3282 3281
f 3278 948 2615 3282
f 3282 2615 529 3280
f 3281 3282 3280 1090
f 601 3276 3284 1326
f 3276 1091 3281 3284
f 3284 3281 1090 3283
f 1326 3284 3283 465
f 465 3283 3287 1309
f 3283 1090 3285 3287
f 3287 3285 1093 3286
f 1309 3287 3286 597
f 1090 3280 3289 3285
f 3280 529 2619 3289
f 3289 2619 951 3288
f 3285 3289 3288 1093
f 1093 3288 3292 3291
f 3288 951 2627 3292
f 3292 2627 530 3290
f 3291 3292 3290 1092
f 597 3286 3294 1312
f 3286 1093 3291 3294
f 3294 3291 1092 3293
f 1312 3294 3293 466
f 466 3293 3297 1295
f 3293 1092 3295 3297
f 3297 3295 1095 3296
f 1295 3297 3296 593
f 1092 3290 3299 3295
f 3290 530 2631 3299
f 3299 2631 954 3298
f 3295 3299 3298 1095
f 1095 3298 3302 3301
f 3298 954 2639 3302
f 3302 2639 531 3300
f 3301 3302 3300 1094
f 593 3296 3304 1298
f 3296 1095 3301 3304
f 3304 3301 1094 3303
f 1298 3304 3303 467
f 467 3303 3307 1281
f 3303 1094 3305 3307
f 3307 3305 1097 3306
f 1281 3307 3306 589
f 1094 3300 3309 3305
f 3300 531 2643 3309
f 3309 2643 957 3308
f 3305 3309 3308 1097
f 1097 3308 3312 3311
f 3308 957 2651 3312
f 3312 2651 532 3310
f 3311 3312 3310 1096
f 589 3306 3314 1284
f 3306 1097 3311 3314
f 3314 3311 1096 3313
f 1284 3314 3313 468
f 468 3313 3317 1267
f 3313 1096 3315 3317
f 3317 3315 1099 3316
f 1267 3317 3316 585
f 1096 3310 3319 3315
f 3310 532 2655 3319
f 3319 2655 960 3318
f 3315 3319 3318 1099
f 1099 3318 3322 3321
f 3318 960 2663 3322
f 3322 2663 533 3320
f 3321 3322 3320 1098
f 585 3316 3324 1270
f 3316 1099 3321 3324
f 3324 3321 1098 3323
f 1270 3324 3323 469
f 469 3323 3327 1253
f 3323 1098 3325 3327
f 3327 3325 1101 3326
f 1253 3327 3326 581
f 1098 3320 3329 3325
f 3320 533 2667 3329
f 3329 2667 963 3328
f 3325 3329 3328 1101
f 1101 3328 3332 3331
f 3328 963 2675 3332
f 3332 2675 534 3330
f 3331 3332 3330 1100
f 581 3326 3334 1256
f 3326 1101 3331 3334
f 3334 3331 1100 3333
f 1256 3334 3333 470
f 470 3333 3337 1239
f 3333 1100 3335 3337
f 3337 3335 1103 3336
f 1239 3337 3336 577
f 1100 3330 3339 3335
f 3330 534 2679 3339
f 3339 2679 966 3338
f 3335 3339 3338 1103
f 1103 3338 3342 3341
f 3338 966 2687 3342
f 3342 2687 535 3340
f 3341 3342 3340 1102
f 577 3336 3344 1242
f 3336 1103 3341 3344
f 3344 3341 1102 3343
f 1242 3344 3343 471
f 471 3343 3347 1225
f 3343 1102 3345 3347
f 3347 3345 1105 3346
f 1225 3347 3346 573
f 1102 3340 3349 3345
f 3340 535 2691 3349
f 3349 2691 969 3348
f 3345 3349 3348 1105
f 1105 3348 3352 3351
f 3348 969 2699 3352
f 3352 2699 536 3350
f 3351 3352 3350 1104
f 573 3346 3354 1228
f 3346 1105 3351 3354
f 3354 3351 1104 3353
f 1228 3354 3353 472
f 472 3353 3357 1211
f 3353 1104 3355 3357
f 3357 3355 1107 3356
f 1211 3357 3356 569
f 1104 3350 3359 3355
f 3350 536 2703 3359
f 3359 2703 972 3358
f 3355 3359 3358 1107
f 1107 3358 3362 3361
f 3358 972 2711 3362
f 3362 2711 537 3360
f 3361 3362 3360 1106
f 569 3356 3364 1214
f 3356 1107 3361 3364
f 3364 3361 1106 3363
f 1214 3364 3363 473
f 473 3363 3367 1197
f 3363 1106 3365 3367
f 3367 3365 1109 3366
f 1197 3367 3366 565
f 1106 3360 3369 3365
f 3360 537 2715 3369
f 3369 2715 975 3368
f 3365 3369 3368 1109
f 1109 3368 3372 3371
f 3368 975 2723 3372
f 3372 2723 538 3370
f 3371 3372 3370 1108
f 565 3366 3374 1200
f 3366 1109 3371 3374
f 3374 3371 1108 3373
f 1200 3374 3373 474
f 474 3373 3377 1183
f 3373 1108 3375 3377
f 3377 3375 1111 3376
f 1183 3377 3376 561
f 1108 3370 3379 3375
f 3370 538 2727 3379
f 3379 2727 978 3378
f 3375 3379 3378 1111
f 1111 3378 3382 3381
f 3378 978 2735 3382
f 3382 2735 539 3380
f 3381 3382 3380 1110
f 561 3376 3384 1186
f 3376 1111 3381 3384
f 3384 3381 1110 3383
f 1186 3384 3383 475
f 475 3383 3387 1169
f 3383 1110 3385 3387
f 3387 3385 1113 3386
f 1169 3387 3386 557
f 1110 3380 3389 3385
f 3380 539 2739 3389
f 3389 2739 981 3388
f 3385 3389 3388 1113
f 1113 3388 3392 3391
f 3388 981 2747 3392
f 3392 2747 540 3390
f 3391 3392 3390 1112
f 557 3386 3394 1172
f 3386 1113 3391 3394
f 3394 3391 1112 3393
f 1172 3394 3393 476
f 476 3393 3397 1155
f 3393 1112 3395 3397
f 3397 3395 1115 3396
f 1155 3397 3396 553
f 1112 3390 3399 3395
f 3390 540 2751 3399
f 3399 2751 984 3398
f 3395 3399 3398 1115
f 1115 3398 3402 3401
f 3398 984 2759 3402
f 3402 2759 541 3400
f 3401 3402 3400 1114
f 553 3396 3404 1158
f 3396 1115 3401 3404
f 3404 3401 1114 3403
f 1158 3404 3403 477
f 477 3403 3407 1141
f 3403 1114 3405 3407
f 3407 3405 1117 3406
f 1141 3407 3406 549
f 1114 3400 3409 3405
f 3400 541 2763 3409
f 3409 2763 987 3408
f 3405 3409 3408 1117
f 1117 3408 3412 3411
f 3408 987 2771 3412
f 3412 2771 542 3410
f 3411 3412 3410 1116
f 549 3406 3414 1144
f 3406 1117 3411 3414
f 3414 3411 1116 3413
f 1144 3414 3413 478
f 478 3413 3417 1125
f 3413 1116 3415 3417
f 3417 3415 1118 3416
f 1125 3417 3416 544
f 1116 3410 3419 3415
f 3410 542 2775 3419
f 3419 2775 989 3418
f 3415 3419 3418 1118
f 1118 3418 3421 3420
f 3418 989 2781 3421
f 3421 2781 479 2787
f 3420 3421 2787 991
f 544 3416 3422 1128
f 3416 1118 3420 3422
f 3422 3420 991 2783
f 1128 3422 2783 415
g Group19424
f 3423 3424 3425
f 3423 3425 3426
f 3423 3426 3427
f 3423 3427 3428
f 3423 3428 3429
f 3423 3429 3430
f 3423 3430 3431
f 3423 3431 3432
f 3423 3432 3433
f 3423 3433 3434
f 3423 3434 3435
f 3423 3435 3436
f 3423 3436 3437
f 3423 3437 3438
f 3423 3438 3439
f 3423 3439 3440
f 3423 3440 3441
f 3423 3441 3442
f 3423 3442 3443
f 3423 3443 3444
f 3423 3444 3445
f 3423 3445 3446
f 3423 3446 3447
f 3423 3447 3448
f 3423 3448 3449
f 3423 3449 3450
f 3423 3450 3451
f 3423 3451 3452
f 3423 3452 3453
f 3423 3453 3454
f 3423 3454 3455
f 3423 3455 3424
f 3424 3456 3457 3425
f 3425 3457 3458 3426
f 3426 3458 3459 3427
f 3427 3459 3460 3428
f 3428 3460 3461 3429
f 3429 3461 3462 3430
f 3430 3462 3463 3431
f 3431 3463 3464 3432
f 3432 3464 3465 3433
f 3433 3465 3466 3434
f 3434 3466 3467 3435
f 3435 3467 3468 3436
f 3436 3468 3469 3437
f 3437 3469 3470 3438
f 3438 3470 3471 3439
f 3439 3471 3472 3440
f 3440 3472 3473 3441
f 3441 3473 3474 3442
f 3442 3474 3475 3443
f 3443 3475 3476 3444
f 3444 3476 3477 3445
f 3445 3477 3478 3446
f 3446 3478 3479 3447
f 3447 3479 3480 3448
f 3448 3480 3481 3449
f 3449 3481 3482 3450
f 3450 3482 3483 3451
f 3451 3483 3484 3452
f 3452 3484 3485 3453
f 3453 3485 3486 3454
f 3454 3486 3487 3455
f 3455 3487 3456 3424
f 3456 3488 3489 3457
f 3457 3489 3490 3458
f 3458 3490 3491 3459
f 3459 3491 3492 3460
f 3460 3492 3493 3461
f 3461 3493 3494 3462
f 3462 3494 3495 3463
f 3463 3495 3496 3464
f 3464 3496 3497 3465
f 3465 3497 3498 3466
f 3466 3498 3499 3467
f 3467 3499 3500 3468
f 3468 3500 3501 3469
f 3469 3501 3502 3470
f 3470 3502 3503 3471
f 3471 3503 3504 3472
f 3472 3504 3505 3473
f 3473 3505 3506 3474
f 3474 3506 3507 3475
f 3475 3507 3508 3476
f 3476 3508 3509 3477
f 3477 3509 3510 3478
f 3478 3510 3511 3479
f 3479 3511 3512 3480
f 3480 3512 3513 3481
f 3481 3513 3514 3482
f 3482 3514 3515 3483
f 3483 3515 3516 3484
f 3484 3516 3517 3485
f 3485 3517 3518 3486
f 3486 3518 3519 3487
f 3487 3519 3488 3456
f 3488 3520 3521 3489
f 3489 3521 3522 3490
f 3490 3522 3523 3491
f 3491 3523 3524 3492
f 3492 3524 3525 3493
f 3493 3525 3526 3494
f 3494 3526 3527 3495
f 3495 3527 3528 3496
f 3496 3528 3529 3497
f 3497 3529 3530 3498
f 3498 3530 3531 3499
f 3499 3531 3532 3500
f 3500 3532 3533 3501
f 3501 3533 3534 3502
f 3502 3534 3535 3503
f 3503 3535 3536 3504
f 3504 3536 3537 3505
f 3505 3537 3538 3506
f 3506 3538 3539 3507
f 3507 3539 3540 3508
f 3508 3540 3541 3509
f 3509 3541 3542 3510
f 3510 3542 3543 3511
f 3511 3543 3544 3512
f 3512 3544 3545 3513
f 3513 3545 3546 3514
f 3514 3546 3547 3515
f 3515 3547 3548 3516
f 3516 3548 3549 3517
f 3517 3549 3550 3518
f 3518 3550 3551 3519
f 3519 3551 3520 3488
f 3520 3552 3553 3521
f 3521 3553 3554 3522
f 3522 3554 3555 3523
f 3523 3555 3556 3524
f 3524 3556 3557 3525
f 3525 3557 3558 3526
f 3526 3558 3559 3527
f 3527 3559 3560 3528
f 3528 3560 3561 3529
f 3529 3561 3562 3530
f 3530 3562 3563 3531
f 3531 3563 3564 3532
f 3532 3564 3565 3533
f 3533 3565 3566 3534
f 3534 3566 3567 3535
f 3535 3567 3568 3536
f 3536 3568 3569 3537
f 3537 3569 3570 3538
f 3538 3570 3571 3539
f 3539 3571 3572 3540
f 3540 3572 3573 3541
f 3541 3573 3574 3542
f 3542 3574 3575 3543
f 3543 3575 3576 3544
f 3544 3576 3577 3545
f 3545 3577 3578 3546
f 3546 3578 3579 3547
f 3547 3579 3580 3548
f 3548 3580 3581 3549
f 3549 3581 3582 3550
f 3550 3582 3583 3551
f 3551 3583 3552 3520
f 3552 3584 3585 3553
f 3553 3585 3586 3554
f 3554 3586 3587 3555
f 3555 3587 3588 3556
f 3556 3588 3589 3557
f 3557 3589 3590 3558
f 3558 3590 3591 3559
f 3559 3591 3592 3560
f 3560 3592 3593 3561
f 3561 3593 3594 3562
f 3562 3594 3595 3563
f 3563 3595 3596 3564
f 3564 3596 3597 3565
f 3565 3597 3598 3566
f 3566 3598 3599 3567
f 3567 3599 3600 3568
f 3568 3600 3601 3569
f 3569 3601 3602 3570
f 3570 3602 3603 3571
f 3571 3603 3604 3572
f 3572 3604 3605 3573
f 3573 3605 3606 3574
f 3574 3606 3607 3575
f 3575 3607 3608 3576
f 3576 3608 3609 3577
f 3577 3609 3610 3578
f 3578 3610 3611 3579
f 3579 3611 3612 3580
f 3580 3612 3613 3581
f 3581 3613 3614 3582
f 3582 3614 3615 3583
f 3583 3615 3584 3552
f 3584 3616 3617 3585
f 3585 3617 3618 3586
f 3586 3618 3619 3587
f 3587 3619 3620 3588
f 3588 3620 3621 3589
f 3589 3621 3622 3590
f 3590 3622 3623 3591
f 3591 3623 3624 3592
f 3592 3624 3625 3593
f 3593 3625 3626 3594
f 3594 3626 3627 3595
f 3595 3627 3628 3596
f 3596 3628 3629 3597
f 3597 3629 3630 3598
f 3598 3630 3631 3599
f 3599 3631 3632 3600
f 3600 3632 3633 3601
f 3601 3633 3634 3602
f 3602 3634 3635 3603
f 3603 3635 3636 3604
f 3604 3636 3637 3605
f 3605 3637 3638 3606
f 3606 3638 3639 3607
f 3607 3639 3640 3608
f 3608 3640 3641 3609
f 3609 3641 3642 3610
f 3610 3642 3643 3611
f 3611 3643 3644 3612
f 3612 3644 3645 3613
f 3613 3645 3646 3614
f 3614 3646 3647 3615
f 3615 3647 3616 3584
f 3616 3648 3649 3617
f 3617 3649 3650 3618
f 3618 3650 3651 3619
f 3619 3651 3652 3620
f 3620 3652 3653 3621
f 3621 3653 3654 3622
f 3622 3654 3655 3623
f 3623 3655 3656 3624
f 3624 3656 3657 3625
f 3625 3657 3658 3626
f 3626 3658 3659 3627
f 3627 3659 3660 3628
f 3628 3660 3661 3629
f 3629 3661 3662 3630
f 3630 3662 3663 3631
f 3631 3663 3664 3632
f 3632 3664 3665 3633
f 3633 3665 3666 3634
f 3634 3666 3667 3635
f 3635 3667 3668 3636
f 3636 3668 3669 3637
f 3637 3669 3670 3638
f 3638 3670 3671 3639
f 3639 3671 3672 3640
f 3640 3672 3673 3641
f 3641 3673 3674 3642
f 3642 3674 3675 3643
f 3643 3675 3676 3644
f 3644 3676 3677 3645
f 3645 3677 3678 3646
f 3646 3678 3679 3647
f 3647 3679 3648 3616
g Group19429
f 3714 3713 3712
f 3714 3712 3715
f 3714 3715 3716
f 3714 3716 3717
f 3714 3717 3718
f 3714 3718 3719
f 3714 3719 3720
f 3714 3720 3721
f 3714 3721 3722
f 3714 3722 3723
f 3714 3723 3724
f 3714 3724 3725
f 3714 3725 3726
f 3714 3726 3727
f 3714 3727 3728
f 3714 3728 3729
f 3714 3729 3730
f 3714 3730 3731
f 3714 3731 3732
f 3714 3732 3733
f 3714 3733 3734
f 3714 3734 3735
f 3714 3735 3736
f 3714 3736 3737
f 3714 3737 3738
f 3714 3738 3739
f 3714 3739 3740
f 3714 3740 3741
f 3714 3741 3742
f 3714 3742 3743
f 3714 3743 3744
f 3714 3744 3713
g Group19434
f 3748 3747 3746 3745
g Group19429
f 3712 3713 3745 3746
g Group19434
f 3747 3750 3749 3746
g Group19429
f 3715 3712 3746 3749
g Group19434
f 3750 3752 3751 3749
g Group19429
f 3716 3715 3749 3751
g Group19434
f 3752 3754 3753 3751
g Group19429
f 3717 3716 3751 3753
g Group19434
f 3754 3756 3755 3753
g Group19429
f 3718 3717 3753 3755
g Group19434
f 3756 3758 3757 3755
g Group19429
f 3719 3718 3755 3757
g Group19434
f 3758 3760 3759 3757
g Group19429
f 3720 3719 3757 3759
g Group19434
f 3760 3762 3761 3759
g Group19429
f 3721 3720 3759 3761
g Group19434
f 3762 3764 3763 3761
g Group19429
f 3722 3721 3761 3763
g Group19434
f 3764 3766 3765 3763
g Group19429
f 3723 3722 3763 3765
g Group19434
f 3766 3768 3767 3765
g Group19429
f 3724 3723 3765 3767
g Group19434
f 3768 3770 3769 3767
g Group19429
f 3725 3724 3767 3769
g Group19434
f 3770 3772 3771 3769
g Group19429
f 3726 3725 3769 3771
g Group19434
f 3772 3774 3773 3771
g Group19429
f 3727 3726 3771 3773
g Group19434
f 3774 3776 3775 3773
g Group19429
f 3728 3727 3773 3775
g Group19434
f 3776 3778 3777 3775
g Group19429
f 3729 3728 3775 3777
g Group19434
f 3778 3780 3779 3777
g Group19429
f 3730 3729 3777 3779
g Group19434
f 3780 3782 3781 3779
g Group19429
f 3731 3730 3779 3781
g Group19434
f 3782 3784 3783 3781
g Group19429
f 3732 3731 3781 3783
g Group19434
f 3784 3786 3785 3783
g Group19429
f 3733 3732 3783 3785
g Group19434
f 3786 3788 3787 3785
g Group19429
f 3734 3733 3785 3787
g Group19434
f 3788 3790 3789 3787
g Group19429
f 3735 3734 3787 3789
g Group19434
f 3790 3792 3791 3789
g Group19429
f 3736 3735 3789 3791
g Group19434
f 3792 3794 3793 3791
g Group19429
f 3737 3736 3791 3793
g Group19434
f 3794 3796 3795 3793
g Group19429
f 3738 3737 3793 3795
g Group19434
f 3796 3798 3797 3795
g Group19429
f 3739 3738 3795 3797
g Group19434
f 3798 3800 3799 3797
g Group19429
f 3740 3739 3797 3799
g Group19434
f 3800 3802 3801 3799
g Group19429
f 3741 3740 3799 3801
g Group19434
f 3802 3804 3803 3801
g Group19429
f 3742 3741 3801 3803
g Group19434
f 3804 3806 3805 3803
g Group19429
f 3743 3742 3803 3805
g Group19434
f 3806 3808 3807 3805
g Group19429
f 3744 3743 3805 3807
g Group19434
f 3808 3748 3745 3807
g Group19429
f 3713 3744 3807 3745
g Group19439
f 3811 3810 3842 3843
f 3810 3841 3844 3842
f 3843 3845 3812 3811
f 3845 3846 3813 3812
f 3846 3847 3814 3813
f 3847 3848 3815 3814
f 3848 3849 3816 3815
f 3849 3850 3817 3816
f 3850 3851 3818 3817
f 3851 3852 3819 3818
f 3852 3853 3820 3819
f 3853 3854 3821 3820
f 3854 3855 3822 3821
f 3855 3856 3823 3822
f 3856 3857 3824 3823
f 3857 3858 3825 3824
f 3858 3859 3826 3825
f 3859 3860 3827 3826
f 3860 3861 3828 3827
f 3861 3862 3829 3828
f 3862 3863 3830 3829
f 3863 3864 3831 3830
f 3864 3865 3832 3831
f 3865 3866 3833 3832
f 3866 3867 3834 3833
f 3867 3868 3835 3834
f 3868 3869 3836 3835
f 3869 3870 3837 3836
f 3870 3871 3838 3837
f 3871 3872 3839 3838
f 3872 3873 3840 3839
f 3873 3844 3841 3840
f 3874 3875 3809
f 3876 3874 3809
f 3877 3876 3809
f 3878 3877 3809
f 3879 3878 3809
f 3880 3879 3809
f 3881 3880 3809
f 3882 3881 3809
f 3883 3882 3809
f 3884 3883 3809
f 3885 3884 3809
f 3886 3885 3809
f 3887 3886 3809
f 3888 3887 3809
f 3889 3888 3809
f 3890 3889 3809
f 3891 3890 3809
f 3892 3891 3809
f 3893 3892 3809
f 3894 3893 3809
f 3895 3894 3809
f 3896 3895 3809
f 3897 3896 3809
f 3898 3897 3809
f 3899 3898 3809
f 3900 3899 3809
f 3901 3900 3809
f 3902 3901 3809
f 3903 3902 3809
f 3904 3903 3809
f 3905 3904 3809
f 3875 3905 3809
f 3843 3842 3906 3907
f 3842 3844 3908 3906
f 3907 3909 3845 3843
f 3909 3910 3846 3845
f 3910 3911 3847 3846
f 3911 3912 3848 3847
f 3912 3913 3849 3848
f 3913 3914 3850 3849
f 3914 3915 3851 3850
f 3915 3916 3852 3851
f 3916 3917 3853 3852
f 3917 3918 3854 3853
f 3918 3919 3855 3854
f 3919 3920 3856 3855
f 3920 3921 3857 3856
f 3921 3922 3858 3857
f 3922 3923 3859 3858
f 3923 3924 3860 3859
f 3924 3925 3861 3860
f 3925 3926 3862 3861
f 3926 3927 3863 3862
f 3927 3928 3864 3863
f 3928 3929 3865 3864
f 3929 3930 3866 3865
f 3930 3931 3867 3866
f 3931 3932 3868 3867
f 3932 3933 3869 3868
f 3933 3934 3870 3869
f 3934 3935 3871 3870
f 3935 3936 3872 3871
f 3936 3937 3873 3872
f 3937 3908 3844 3873
f 3907 3906 3875 3874
f 3906 3908 3905 3875
f 3874 3876 3909 3907
f 3876 3877 3910 3909
f 3877 3878 3911 3910
f 3878 3879 3912 3911
f 3879 3880 3913 3912
f 3880 3881 3914 3913
f 3881 3882 3915 3914
f 3882 3883 3916 3915
f 3883 3884 3917 3916
f 3884 3885 3918 3917
f 3885 3886 3919 3918
f 3886 3887 3920 3919
f 3887 3888 3921 3920
f 3888 3889 3922 3921
f 3889 3890 3923 3922
f 3890 3891 3924 3923
f 3891 3892 3925 3924
f 3892 3893 3926 3925
f 3893 3894 3927 3926
f 3894 3895 3928 3927
f 3895 3896 3929 3928
f 3896 3897 3930 3929
f 3897 3898 3931 3930
f 3898 3899 3932 3931
f 3899 3900 3933 3932
f 3900 3901 3934 3933
f 3901 3902 3935 3934
f 3902 3903 3936 3935
f 3903 3904 3937 3936
f 3904 3905 3908 3937
f 3681 3680 3938 3939
f 3682 3681 3939 3940
f 3683 3682 3940 3941
f 3684 3683 3941 3942
f 3685 3684 3942 3943
f 3686 3685 3943 3944
f 3687 3686 3944 3945
f 3688 3687 3945 3946
f 3689 3688 3946 3947
f 3690 3689 3947 3948
f 3691 3690 3948 3949
f 3692 3691 3949 3950
f 3693 3692 3950 3951
f 3694 3693 3951 3952
f 3695 3694 3952 3953
f 3696 3695 3953 3954
f 3697 3696 3954 3955
f 3698 3697 3955 3956
f 3699 3698 3956 3957
f 3700 3699 3957 3958
f 3701 3700 3958 3959
f 3702 3701 3959 3960
f 3703 3702 3960 3961
f 3704 3703 3961 3962
f 3705 3704 3962 3963
f 3706 3705 3963 3964
f 3707 3706 3964 3965
f 3708 3707 3965 3966
f 3709 3708 3966 3967
f 3710 3709 3967 3968
f 3711 3710 3968 3969
f 3680 3711 3969 3938
f 3810 3811 3970 3971
f 3811 3812 3972 3970
f 3812 3813 3973 3972
f 3813 3814 3974 3973
f 3814 3815 3975 3974
f 3815 3816 3976 3975
f 3816 3817 3977 3976
f 3817 3818 3978 3977
f 3818 3819 3979 3978
f 3819 3820 3980 3979
f 3820 3821 3981 3980
f 3821 3822 3982 3981
f 3822 3823 3983 3982
f 3823 3824 3984 3983
f 3824 3825 3985 3984
f 3825 3826 3986 3985
f 3826 3827 3987 3986
f 3827 3828 3988 3987
f 3828 3829 3989 3988
f 3829 3830 3990 3989
f 3830 3831 3991 3990
f 3831 3832 3992 3991
f 3832 3833 3993 3992
f 3833 3834 3994 3993
f 3834 3835 3995 3994
f 3835 3836 3996 3995
f 3836 3837 3997 3996
f 3837 3838 3998 3997
f 3838 3839 3999 3998
f 3839 3840 4000 3999
f 3840 3841 4001 4000
f 3971 4001 3841 3810
f 3971 3970 3939 3938
f 3970 3972 3940 3939
f 3972 3973 3941 3940
f 3973 3974 3942 3941
f 3974 3975 3943 3942
f 3975 3976 3944 3943
f 3976 3977 3945 3944
f 3977 3978 3946 3945
f 3978 3979 3947 3946
f 3979 3980 3948 3947
f 3980 3981 3949 3948
f 3981 3982 3950 3949
f 3982 3983 3951 3950
f 3983 3984 3952 3951
f 3984 3985 3953 3952
f 3985 3986 3954 3953
f 3986 3987 3955 3954
f 3987 3988 3956 3955
f 3988 3989 3957 3956
f 3989 3990 3958 3957
f 3990 3991 3959 3958
f 3991 3992 3960 3959
f 3992 3993 3961 3960
f 3993 3994 3962 3961
f 3994 3995 3963 3962
f 3995 3996 3964 3963
f 3996 3997 3965 3964
f 3997 3998 3966 3965
f 3998 3999 3967 3966
f 3999 4000 3968 3967
f 4000 4001 3969 3968
f 3938 3969 4001 3971
g Group19444
f 4002 4003 3747 3748
f 3680 3681 4004 4005
f 4003 4006 3750 3747
f 3681 3682 4007 4004
f 4006 4008 3752 3750
f 3682 3683 4009 4007
f 4008 4010 3754 3752
f 3683 3684 4011 4009
f 4010 4012 3756 3754
f 3684 3685 4013 4011
f 4012 4014 3758 3756
f 3685 3686 4015 4013
f 4014 4016 3760 3758
f 3686 3687 4017 4015
f 4016 4018 3762 3760
f 3687 3688 4019 4017
f 4018 4020 3764 3762
f 3688 3689 4021 4019
f 4020 4022 3766 3764
f 3689 3690 4023 4021
f 4022 4024 3768 3766
f 3690 3691 4025 4023
f 4024 4026 3770 3768
f 3691 3692 4027 4025
f 4026 4028 3772 3770
f 3692 3693 4029 4027
f 4028 4030 3774 3772
f 3693 3694 4031 4029
f 4030 4032 3776 3774
f 3694 3695 4033 4031
f 4032 4034 3778 3776
f 3695 3696 4035 4033
f 4034 4036 3780 3778
f 3696 3697 4037 4035
f 4036 4038 3782 3780
f 3697 3698 4039 4037
f 4038 4040 3784 3782
f 3698 3699 4041 4039
f 4040 4042 3786 3784
f 3699 3700 4043 4041
f 4042 4044 3788 3786
f 3700 3701 4045 4043
f 4044 4046 3790 3788
f 3701 3702 4047 4045
f 4046 4048 3792 3790
f 3702 3703 4049 4047
f 4048 4050 3794 3792
f 3703 3704 4051 4049
f 4050 4052 3796 3794
f 3704 3705 4053 4051
f 4052 4054 3798 3796
f 3705 3706 4055 4053
f 4054 4056 3800 3798
f 3706 3707 4057 4055
f 4056 4058 3802 3800
f 3707 3708 4059 4057
f 4058 4060 3804 3802
f 3708 3709 4061 4059
f 4060 4062 3806 3804
f 3709 3710 4063 4061
f 4062 4064 3808 3806
f 3710 3711 4065 4063
f 4064 4002 3748 3808
f 3711 3680 4005 4065
f 4003 4002 4005 4004
f 4004 4007 4006 4003
f 4007 4009 4008 4006
f 4009 4011 4010 4008
f 4011 4013 4012 4010
f 4013 4015 4014 4012
f 4015 4017 4016 4014
f 4017 4019 4018 4016
f 4019 4021 4020 4018
f 4021 4023 4022 4020
f 4023 4025 4024 4022
f 4025 4027 4026 4024
f 4027 4029 4028 4026
f 4029 4031 4030 4028
f 4031 4033 4032 4030
f 4033 4035 4034 4032
f 4035 4037 4036 4034
f 4037 4039 4038 4036
f 4039 4041 4040 4038
f 4041 4043 4042 4040
f 4043 4045 4044 4042
f 4045 4047 4046 4044
f 4047 4049 4048 4046
f 4049 4051 4050 4048
f 4051 4053 4052 4050
f 4053 4055 4054 4052
f 4055 4057 4056 4054
f 4057 4059 4058 4056
f 4059 4061 4060 4058
f 4061 4063 4062 4060
f 4063 4065 4064 4062
f 4002 4064 4065 4005

 