# File exported by ZBrush version 2021
# www.zbrush.com
#Vertex Count 5038
#Face Count 5044
#Auto scale x=1.000000 y=1.000000 z=1.000000
#Auto offset x=0.000000 y=0.000000 z=0.000000
v 0.01732754 4.233078 -0.12059652
v 0.01802182 4.16687011 -0.15120822
v 0.01844906 4.16867828 0.13478106
v 0.01877713 4.23354339 0.09768253
v 0.01812863 4.12575912 0.1323511
v 0.01100277 3.25992965 0.04693549
v 0.01049923 3.24229812 -0.00989562
v 0.01839566 4.27177047 0.04322993
v 0.01737332 4.28163147 -0.01005899
v 0.01709866 4.27119064 -0.0685172
v 0.01769375 4.1196556 -0.14514273
v 0.01200985 3.28366851 -0.05442792
v 0.01175046 3.31530761 0.09366458
v 0.01229214 3.32577896 -0.05897551
v -0.0390079 4.23266983 -0.12013113
v -0.03722262 4.16681671 -0.15105688
v -0.03648257 4.16754913 0.13480848
v -0.03734469 4.23211288 0.09770989
v -0.03648257 4.12475585 0.13253301
v -0.03805422 4.27045059 0.04340797
v -0.03910708 4.28053283 -0.00985837
v -0.03954196 4.27035141 -0.06800532
v -0.03591799 3.28389358 -0.05421942
v -0.03817629 3.24267196 -0.00922983
v -0.03655123 3.31595611 0.09475517
v -0.03724551 3.26049804 0.04786431
v -0.03715395 4.1197052 -0.14508372
v -0.03599429 3.32601928 -0.05878168
v 0.0592966 3.25935745 0.04600673
v 0.0591669 3.2419548 -0.01056307
v 0.07368564 4.23268127 -0.12007474
v 0.07377719 4.27054595 -0.0683875
v 0.07255649 4.11962509 -0.14485794
v 0.07325077 4.16670227 -0.1506744
v 0.07483005 4.27175903 0.04247582
v 0.0749216 4.23426055 0.09689468
v 0.06009006 3.31465148 0.09257584
v 0.06057071 3.3255577 -0.05917054
v 0.05992984 3.28342056 -0.05463504
v 0.07341861 4.16968917 0.13441747
v 0.07274723 4.1267662 0.13213461
v 0.07386875 4.28125762 -0.0109694
v 0.01916623 4.15348434 -0.11617779
v 0.01908993 4.20180511 -0.08955317
v 0.0113461 3.27761077 0.00229305
v 0.01368069 3.31203079 -0.03028583
v 0.01090359 3.29543304 0.04135143
v 0.01954007 4.23456192 -0.00628268
v 0.02002835 4.22624588 0.02992475
v 0.01924252 4.22594833 -0.05092626
v 0.01889157 4.10937118 -0.11284869
v 0.01970028 4.20152664 0.07167398
v 0.01896023 4.15385818 0.10328978
v 0.01857876 4.11374664 0.10247021
v 0.01097989 3.34869766 0.0735923
v 0.01394009 3.35218429 -0.03447794
v 0.05209446 3.2772789 0.00173246
v 0.05128574 3.29492569 0.04057055
v 0.0662775 4.22708129 -0.05143261
v 0.06623935 4.20243454 -0.09017926
v 0.06577396 4.15357208 -0.11655861
v 0.06514072 4.1092987 -0.1130414
v 0.06669712 4.20291519 0.07185095
v 0.06700992 4.22775268 0.02995348
v 0.05134677 3.34808731 0.07267606
v 0.05455112 3.35201644 -0.03463947
v 0.05398654 3.31186294 -0.03046017
v 0.06642246 4.23573684 -0.00721746
v 0.0652399 4.15478515 0.10341751
v 0.06456089 4.11450958 0.10239619
v -0.0369327 4.15355682 -0.11651402
v -0.03762698 4.20187759 -0.08976054
v -0.0377109 3.27799224 0.00296694
v -0.03487277 3.31222915 -0.0300768
v -0.0369327 4.23415374 -0.00624007
v -0.03655123 4.22561264 0.03042572
v -0.03743624 4.22594833 -0.05087131
v -0.03694033 4.20057296 0.07222986
v -0.03677249 4.15287399 0.10363441
v -0.03682589 4.11281585 0.10274994
v -0.03761935 3.34941864 0.07469761
v -0.03768801 3.29607391 0.04229241
v -0.03682589 4.10937118 -0.11305576
v -0.03497958 3.35237121 -0.03428185
v -0.03655123 3.44340133 0.10070747
v -0.03749728 3.46970748 0.07912951
v 0.01275754 3.44301223 0.09975916
v 0.0620737 3.44262313 0.09880799
v 0.05342197 3.46884918 0.07736861
v 0.01217007 3.46924209 0.07816684
v -0.03650546 3.57678604 0.10693639
v -0.03734469 3.59559631 0.08376765
v 0.01383328 3.57664108 0.1061353
v 0.06414127 3.57653427 0.10533231
v 0.05557346 3.59523773 0.08227711
v 0.01341366 3.5954132 0.08295482
v -0.03649783 3.70840454 0.1130864
v -0.03722262 3.71983337 0.088346
v 0.01487088 3.70856857 0.11242884
v 0.06623172 3.70871734 0.1117708
v 0.05777072 3.71996307 0.0871247
v 0.01463437 3.71992111 0.08767771
v -0.03649783 3.83671188 0.11907857
v -0.03710818 3.84092712 0.09280765
v 0.01588559 3.83711242 0.11856287
v 0.068223 3.83753967 0.11804646
v 0.05983829 3.84155654 0.09184807
v 0.01583981 3.84127044 0.0922839
v -0.03649783 3.97872924 0.12571233
v -0.03696322 3.97499465 0.09774804
v 0.01696133 3.97945022 0.12535256
v 0.07045841 3.9801445 0.12499135
v 0.06216526 3.97613525 0.0970779
v 0.01719784 3.97563552 0.09738147
v 0.06338596 3.98439788 -0.10046088
v 0.07060337 3.98871231 -0.13056951
v 0.01681637 3.98879623 -0.13058471
v -0.03696322 3.98886489 -0.13060057
v -0.03649783 3.98449325 -0.10049122
v 0.01806759 3.98444747 -0.10047352
v 0.06171512 3.86490631 -0.08802062
v 0.06868076 3.86341476 -0.11707502
v 0.01597714 3.86351013 -0.11705219
v -0.03678011 3.86360168 -0.11702841
v -0.03621554 3.86502456 -0.08797794
v 0.0172894 3.86493682 -0.08800166
v 0.05983066 3.72892379 -0.0738675
v 0.0665369 3.72078323 -0.10172313
v 0.01498532 3.72093963 -0.10165387
v -0.03656649 3.72105407 -0.10158389
v -0.03590273 3.72912216 -0.07374066
v 0.01638913 3.72898483 -0.07380962
v 0.05795383 3.59469604 -0.05989909
v 0.06440067 3.58005523 -0.08657068
v 0.01403164 3.58023452 -0.08645695
v -0.03637576 3.58041 -0.08634382
v -0.03555178 3.59495163 -0.0596897
v 0.01551938 3.59480667 -0.05980348
v 0.05630588 3.47679901 -0.04762899
v 0.0625391 3.45640564 -0.07325989
v 0.01319241 3.45660781 -0.07310628
v -0.03619265 3.45682907 -0.07295459
v -0.03526949 3.47711563 -0.04734665
v 0.01476407 3.47694397 -0.04750067
v 0.08158206 3.24178314 -0.01086753
v 0.08135318 3.25909423 0.04558283
v 0.1037302 4.26970672 -0.06808835
v 0.10308933 4.23220825 -0.11948186
v 0.10135746 4.16660308 -0.15023541
v 0.10023593 4.11962509 -0.14468199
v 0.10401248 4.2344284 0.09626919
v 0.10449314 4.27129364 0.04189294
v 0.08215427 3.3143692 0.09207725
v 0.09732151 3.98869323 -0.13056105
v 0.08262729 3.32545471 -0.05925899
v 0.08168888 3.28332519 -0.0547297
v 0.10122013 4.17022323 0.13419646
v 0.10023593 4.12726211 0.13203471
v 0.1036539 4.2806015 -0.01179915
v 0.09697055 3.980484 0.12481492
v 0.08498477 3.44243621 0.0983662
v 0.08799839 3.57647705 0.10495251
v 0.09092807 3.70877838 0.11145371
v 0.0937891 3.8377304 0.11779326
v 0.09455204 3.8633461 -0.11708796
v 0.09138584 3.72074127 -0.10175645
v 0.0882883 3.57997512 -0.08662414
v 0.08551883 3.4563179 -0.07333046
v 0.12105655 4.16353607 -0.14244204
v 0.12366581 4.22533798 -0.11277192
v 0.10080051 3.24991607 -0.00826543
v 0.10125064 3.28990554 -0.04913651
v 0.10038852 3.26719284 0.04390043
v 0.12517643 4.27017974 -0.01282882
v 0.12543582 4.26152801 0.03891027
v 0.12506198 4.25986862 -0.06428718
v 0.11973667 4.1171875 -0.13727998
v 0.1239252 4.22767257 0.09049844
v 0.12049198 4.1671524 0.12699598
v 0.10097599 3.32191085 0.08692562
v 0.11680698 3.98765182 -0.12347805
v 0.10392093 3.44840621 0.09292203
v 0.1021738 3.33158493 -0.05357712
v 0.11950016 4.12474441 0.12498086
v 0.10693454 3.58081054 0.09919756
v 0.10997867 3.71147537 0.10539025
v 0.1128931 3.83883667 0.11142653
v 0.11615085 3.97982406 0.11810988
v 0.11406803 3.8636856 -0.11026835
v 0.11090946 3.72260665 -0.09523636
v 0.10778141 3.58334732 -0.08040255
v 0.10506534 3.46105194 -0.06737029
v -0.06982302 4.16672134 -0.15068501
v -0.07294344 4.23201751 -0.11941105
v -0.06874728 4.16687774 0.13472265
v -0.07091403 4.23093414 0.09739172
v -0.06841921 4.12417984 0.13264817
v -0.07344698 4.27919769 -0.01011985
v -0.07224154 4.26897049 0.04323786
v -0.07406497 4.26911926 -0.06739825
v -0.06199526 3.28403091 -0.05410778
v -0.06493258 3.24289703 -0.00886374
v -0.06745028 3.97834014 0.12592119
v -0.06365847 3.26080322 0.04837209
v -0.06931948 4.11974334 -0.14493411
v -0.06294131 3.31632614 0.09535211
v -0.06815218 3.98890686 -0.1306104
v -0.0623691 3.32612991 -0.05867618
v -0.06382632 3.4436264 0.10123366
v -0.0647037 3.576828 0.107387
v -0.0656116 3.70832061 0.11345785
v -0.06645846 3.83646011 0.11937445
v -0.06707644 3.86365509 -0.11701452
v -0.06580996 3.72113037 -0.10154616
v -0.06458926 3.58050537 -0.08628004
v -0.0635364 3.45693206 -0.07286828
v -0.09020113 4.22485733 -0.11244171
v -0.08616519 4.16370773 -0.14289742
v -0.07958865 3.26932907 0.0473786
v -0.0790317 3.32434845 0.0910291
v -0.0900104 4.25819015 0.0403257
v -0.09175753 4.26786804 -0.01117271
v -0.09212374 4.25854492 -0.0632531
v -0.07805514 3.33234787 -0.05289501
v -0.07764315 3.290699 -0.04840308
v -0.08476901 4.16317749 0.12764757
v -0.08774447 4.22336959 0.0916996
v -0.0844028 4.12110519 0.12577456
v -0.08518099 4.11734008 -0.13758307
v -0.08066439 3.25123214 -0.00580012
v -0.07919192 3.46170425 -0.06684386
v -0.08345675 3.97725296 0.11950057
v -0.07987093 3.44989776 0.09650474
v -0.0807712 3.58127975 0.10223537
v -0.08163332 3.71097946 0.10788863
v -0.08248019 3.83735656 0.1134004
v -0.08396792 3.98792266 -0.12358802
v -0.0828464 3.86400604 -0.11022704
v -0.08158755 3.72307205 -0.09502536
v -0.08031344 3.58393859 -0.08002317
v -0.07591128 4.15368652 -0.11719107
v -0.07753634 4.20243454 -0.09048837
v -0.08652377 4.1571083 -0.12611585
v -0.08988833 4.21025085 -0.09825861
v -0.07964968 3.34145736 0.0808056
v -0.07986331 3.28748703 0.04453909
v -0.06707644 3.31235122 -0.02993708
v -0.07035708 3.27825927 0.00341463
v -0.09062075 4.24538421 -0.00975221
v -0.08942294 4.2372055 0.03449279
v -0.07666659 4.23447799 -0.00683254
v -0.07642245 4.22597122 0.03111267
v -0.0911014 4.23797988 -0.05538743
v -0.07753634 4.22675323 -0.05116182
v -0.07731509 3.30514144 -0.03609067
v -0.07770419 3.34576797 -0.04039853
v -0.07528567 4.15228653 0.10410714
v -0.07656741 4.20031738 0.07306337
v -0.08791995 4.20820236 0.0796597
v -0.08526492 4.15583801 0.11214226
v -0.0848453 4.11504745 0.11062544
v -0.07498049 4.11215972 0.1029638
v -0.08535647 4.11200332 -0.12157958
v -0.08049655 3.2692604 0.00042331
v -0.07894015 3.47204208 -0.05378353
v -0.08387637 3.97536468 0.10524147
v -0.07401156 3.97453689 0.09799701
v -0.06996035 3.29650116 0.04291671
v -0.07527041 4.10935592 -0.11339598
v -0.06987643 3.34992218 0.07543134
v -0.07396578 3.9845314 -0.10050123
v -0.06747317 3.35250473 -0.03415125
v -0.08043551 3.46335983 0.08550393
v -0.0707004 3.47003173 0.07977277
v -0.08132052 3.59093093 0.09042108
v -0.07150149 3.59571838 0.08431458
v -0.08215975 3.71684265 0.09527456
v -0.07233309 3.71976852 0.08879751
v -0.08299136 3.83953476 0.10000461
v -0.07314944 3.84069824 0.09316486
v -0.08402133 3.98569107 -0.10823231
v -0.07275271 3.86509323 -0.08796078
v -0.08282351 3.86473846 -0.09541231
v -0.07135653 3.72916793 -0.07369411
v -0.08145785 3.72712326 -0.08082634
v -0.06996798 3.59504318 -0.0596131
v -0.0801227 3.59134292 -0.06643015
v -0.06875491 3.47721862 -0.04724472
v 0.12414646 4.21062088 -0.09846621
v 0.12150669 4.15686416 -0.12554746
v 0.10170841 3.30537796 -0.03600335
v 0.10057926 3.26909256 -0.00162994
v 0.0922327 3.27696991 0.00118053
v 0.09099674 3.29440307 0.03980159
v 0.09957981 3.28617095 0.04091984
v 0.12545871 4.24021911 0.03312063
v 0.12534427 4.24739837 -0.01150703
v 0.12532138 4.23913574 -0.05627852
v 0.11446476 4.22904205 -0.05231809
v 0.11429691 4.2035408 -0.09139955
v 0.11997318 4.11183166 -0.12121725
v 0.11297702 4.15371322 -0.11733228
v 0.1118555 4.10923004 -0.11334306
v 0.11452579 4.20475769 0.07247126
v 0.11499881 4.23008728 0.03030133
v 0.12039279 4.15955352 0.11128085
v 0.12385654 4.21220397 0.07831507
v 0.09102726 3.34748458 0.0717715
v 0.09976291 3.34029007 0.07583725
v 0.10898685 3.98438262 -0.10044622
v 0.11712741 3.98544693 -0.10811966
v 0.10290622 3.46205139 0.08166372
v 0.10262394 3.34577941 -0.04043358
v 0.09455966 3.35187912 -0.03480082
v 0.09363651 3.31169891 -0.03062927
v 0.11930179 4.11854553 0.10982769
v 0.11425113 4.23759079 -0.00879842
v 0.11202335 4.15579986 0.10373294
v 0.11093235 4.11532211 0.10228365
v 0.10736942 3.97666931 0.09677261
v 0.10610294 3.59030532 0.08738124
v 0.09418582 3.46847534 0.0765773
v 0.09745121 3.59506988 0.08160662
v 0.10931491 3.7172203 0.09277385
v 0.10070133 3.72003555 0.08657223
v 0.11238956 3.84089279 0.09802764
v 0.1038599 3.84183502 0.09141182
v 0.11577701 3.97778701 0.10384768
v 0.10627841 3.86483383 -0.08803963
v 0.11436557 3.86444091 -0.0954504
v 0.10318088 3.72883987 -0.07392555
v 0.11122989 3.72673034 -0.08103501
v 0.10011386 3.59460067 -0.05999338
v 0.10815525 3.59084701 -0.06680816
v 0.09741306 3.47668075 -0.04775494
v 0.10544681 3.47154235 -0.05422955
v 0.0174725 4.27993392 -0.00858014
v 0.07396793 4.27962493 -0.00840705
v -0.0390079 4.27883148 -0.00787645
v 0.06644535 4.23477935 -0.0090515
v 0.01954007 4.2336235 -0.00934356
v -0.03694033 4.23319244 -0.00858616
v 0.10373783 4.27910232 -0.00790488
v 0.12524509 4.26895141 -0.00634318
v -0.07330966 4.27754211 -0.00698506
v -0.09157443 4.2664833 -0.00472271
v -0.0904529 4.24412918 -0.00489294
v -0.0765903 4.23349762 -0.00740116
v 0.12536716 4.2462883 -0.00616198
v 0.11425113 4.23659515 -0.00812244
v -0.02930331 3.49258804 0.01467013
v -0.06907534 3.48670196 0.01467025
v -0.10811495 3.47692871 0.01467013
v -0.1459949 3.46335601 0.01467007
v -0.18232607 3.44617462 0.01467019
v -0.21683406 3.4254837 0.01467007
v -0.24913692 3.40151596 0.01467013
v -0.27892971 3.3745079 0.01467013
v -0.30596828 3.3447113 0.01467007
v -0.32991695 3.31241607 0.01467037
v -0.35057759 3.27790832 0.01467007
v -0.3677895 3.24154281 0.01467007
v -0.38135457 3.20366287 0.01467007
v -0.39112019 3.16465377 0.01467001
v -0.39701008 3.1248703 0.01467007
v -0.39897084 3.0846939 0.01467007
v -0.39701008 3.04450988 0.01467001
v -0.39112019 3.00473785 0.01467007
v -0.38135457 2.96570587 0.01467001
v -0.3677895 2.92783737 0.01467001
v -0.35057759 2.89148712 0.01467001
v -0.32991695 2.856987 0.01467001
v -0.30596828 2.82468414 0.01467001
v -0.27892971 2.79488372 0.01467001
v -0.24913692 2.76786041 0.01467007
v -0.21683406 2.74390029 0.01467001
v -0.18232607 2.72321701 0.01467007
v -0.1459949 2.70602798 0.01467001
v -0.10811495 2.69247436 0.01467001
v -0.06907534 2.68270492 0.01467001
v -0.02930331 2.67680358 0.01467001
v 0.01087307 2.67482376 0.01467001
v 0.05106449 2.67680358 0.01467001
v 0.09083652 2.68270492 0.01467001
v 0.12987613 2.69247436 0.01467001
v 0.16775608 2.70602798 0.01467001
v 0.20407962 2.72321701 0.01467007
v 0.23858737 2.74390029 0.01467001
v 0.27089023 2.76786041 0.01467007
v 0.30068397 2.79488372 0.01467001
v 0.32772254 2.82468414 0.01467001
v 0.35167121 2.856987 0.01467001
v 0.37233924 2.89148712 0.01467001
v 0.38954353 2.92783737 0.01467001
v 0.40310859 2.96570587 0.01467007
v 0.41288185 3.00473785 0.01467007
v 0.41877174 3.04450988 0.01467007
v 0.42073249 3.0846939 0.01467001
v 0.41877174 3.1248703 0.01467007
v 0.41288185 3.16465377 0.01467007
v 0.40310859 3.20366287 0.01467007
v 0.38954353 3.24154281 0.01467007
v 0.37233924 3.27790832 0.01467007
v 0.35167121 3.31241607 0.01467013
v 0.32772254 3.3447113 0.01467013
v 0.30068397 3.3745079 0.01467013
v 0.27089023 3.40151596 0.01467013
v 0.23858737 3.4254837 0.01467007
v 0.20407962 3.44616317 0.01467013
v 0.16775608 3.46335601 0.01467025
v 0.12987613 3.47692871 0.01467013
v 0.09083652 3.48670196 0.01467013
v 0.05106449 3.49258804 0.01467013
v 0.01087307 3.49456405 0.01467013
v -0.02113986 3.40977096 -0.01985335
v -0.05284762 3.40506362 -0.01985335
v -0.0839374 3.39728927 -0.01985329
v -0.11411166 3.38648605 -0.01985329
v -0.14311099 3.3727684 -0.01985335
v -0.17059969 3.35628509 -0.01985335
v -0.1963489 3.3371849 -0.01985335
v -0.22009944 3.31567382 -0.01985329
v -0.24160671 3.29192733 -0.01985329
v -0.2607336 3.2661705 -0.01985329
v -0.27721309 3.23867416 -0.01985329
v -0.29091548 3.2096939 -0.01985335
v -0.30171108 3.17952728 -0.01985335
v -0.30950069 3.14841461 -0.01985329
v -0.31418514 3.11671829 -0.01985365
v -0.31577205 3.0846939 -0.01985347
v -0.31418514 3.05268859 -0.01985365
v -0.30950069 3.02096557 -0.01985353
v -0.30171108 2.98987579 -0.01985347
v -0.29091548 2.95969772 -0.01985359
v -0.27721309 2.93070983 -0.01985418
v -0.2607336 2.90322494 -0.01985389
v -0.24160671 2.87747573 -0.01985353
v -0.22009944 2.85372924 -0.01985353
v -0.1963489 2.83219528 -0.01985359
v -0.17059969 2.81310653 -0.01985347
v -0.14311099 2.79662323 -0.01985365
v -0.11411166 2.78290939 -0.01985353
v -0.0839374 2.77211761 -0.01985365
v -0.05284762 2.76432037 -0.01985353
v -0.02113986 2.75962448 -0.01985365
v 0.01087307 2.75805282 -0.01985353
v 0.04288601 2.75962448 -0.01985365
v 0.0746088 2.76432037 -0.01985353
v 0.10569858 2.77211761 -0.01985365
v 0.13587284 2.78290939 -0.01985353
v 0.16487216 2.79662323 -0.01985365
v 0.19234561 2.81310653 -0.01985347
v 0.21811008 2.83219528 -0.01985359
v 0.24184513 2.85372924 -0.01985353
v 0.26336765 2.87747573 -0.01985353
v 0.28245639 2.90322494 -0.01985389
v 0.29896736 2.93070602 -0.01985353
v 0.31265449 2.95969772 -0.01985359
v 0.32346534 2.98987579 -0.01985347
v 0.33126258 3.02096557 -0.01985353
v 0.33595466 3.05268859 -0.01985365
v 0.33752632 3.0846939 -0.01985335
v 0.33595466 3.11671829 -0.01985335
v 0.33126258 3.14841461 -0.01985329
v 0.32346534 3.17952728 -0.01985335
v 0.31265449 3.2096939 -0.01985335
v 0.29896736 3.23867416 -0.01985329
v 0.28245639 3.2661705 -0.01985329
v 0.26336765 3.29192733 -0.01985329
v 0.24184513 3.31567382 -0.01985329
v 0.21811008 3.3371849 -0.01985335
v 0.19234561 3.35628509 -0.01985335
v 0.16487216 3.3727684 -0.01985335
v 0.13587284 3.38648605 -0.01985329
v 0.10569858 3.39728927 -0.01985329
v 0.0746088 3.40506362 -0.01985335
v 0.04288601 3.40977096 -0.01985335
v 0.01087307 3.4113388 -0.01985335
v -0.02113986 3.40977096 0.04919451
v -0.05284762 3.40507888 0.04919457
v -0.0839374 3.39728164 0.04919451
v -0.11411166 3.38648223 0.04919445
v -0.14311099 3.37276077 0.04919451
v -0.17059969 3.35628128 0.04919379
v -0.1963489 3.3371849 0.04919439
v -0.22009944 3.31567382 0.04919379
v -0.24160671 3.29192733 0.04919451
v -0.2607336 3.2661705 0.04919451
v -0.27721309 3.23867416 0.04919451
v -0.29091548 3.20969772 0.04919391
v -0.30171108 3.17952728 0.04919451
v -0.30950069 3.14842605 0.04919379
v -0.31418514 3.11671447 0.04919457
v -0.31577205 3.0846939 0.04919451
v -0.31418514 3.05268859 0.04919445
v -0.30950069 3.0209732 0.04919445
v -0.30171108 2.98986816 0.04919415
v -0.29091548 2.9596939 0.04919379
v -0.27721309 2.93071746 0.04919415
v -0.2607336 2.90322113 0.04919332
v -0.24160671 2.87747192 0.04919332
v -0.22009944 2.85372924 0.04919302
v -0.1963489 2.83219909 0.04919332
v -0.17059969 2.81309509 0.04919314
v -0.14311099 2.79662323 0.04919332
v -0.11411166 2.7829132 0.04919302
v -0.0839374 2.77211761 0.0491932
v -0.05284762 2.76433181 0.04919308
v -0.02113986 2.75962448 0.04919332
v 0.01087307 2.75805664 0.04919314
v 0.04288601 2.75962448 0.04919332
v 0.0746088 2.76433181 0.04919308
v 0.10569858 2.77211761 0.0491932
v 0.13587284 2.7829132 0.04919302
v 0.16487216 2.79662323 0.04919332
v 0.19234561 2.81309509 0.04919314
v 0.21811008 2.83219909 0.04919332
v 0.24184513 2.85372924 0.04919344
v 0.26336765 2.87747573 0.04919314
v 0.28245639 2.90321731 0.04919344
v 0.29896736 2.93070983 0.04919338
v 0.31265449 2.9596939 0.0491935
v 0.32346534 2.98986816 0.04919415
v 0.33126258 3.0209732 0.04919445
v 0.33595466 3.05268859 0.04919445
v 0.33752632 3.0846939 0.04919391
v 0.33595466 3.11671447 0.04919457
v 0.33126258 3.14842605 0.04919379
v 0.32346534 3.17952728 0.04919451
v 0.31265449 3.20969772 0.04919391
v 0.29896736 3.23867416 0.04919451
v 0.28245639 3.2661705 0.04919451
v 0.26336765 3.29192733 0.04919427
v 0.24184513 3.31567382 0.04919391
v 0.21811008 3.3371849 0.04919439
v 0.19234561 3.35628128 0.04919379
v 0.16487216 3.37276077 0.04919451
v 0.13587284 3.38648223 0.04919445
v 0.10569858 3.39728164 0.04919451
v 0.0746088 3.40507888 0.04919457
v 0.04288601 3.40977096 0.04919451
v 0.01087307 3.4113388 0.04919451
v 0.01087307 3.46273422 -0.01477599
v -0.00514102 3.41096496 -0.01985335
v -0.02616763 3.4609375 -0.01477599
v -0.00923037 3.49407196 0.01467007
v -0.00770449 3.46227645 -0.01477611
v 0.04792881 3.4609375 -0.01477599
v 0.02690243 3.41096496 -0.01985335
v 0.03098416 3.49407196 0.01467007
v 0.02942013 3.46227645 -0.01477611
v 0.08464908 3.45547485 -0.01477593
v 0.05880832 3.40780639 -0.01985335
v 0.07101535 3.49014282 0.01467013
v 0.06634616 3.45864105 -0.01477593
v 0.12061405 3.44645309 -0.01477599
v 0.09024906 3.40156173 -0.01985335
v 0.11046695 3.48228454 0.01467025
v 0.10273838 3.45139312 -0.01477593
v 0.1555643 3.43396377 -0.01477599
v 0.12090396 3.39225006 -0.01985329
v 0.14896488 3.47061538 0.01467013
v 0.13821506 3.44064712 -0.01477593
v 0.18908023 3.41811752 -0.01477599
v 0.15054416 3.37998199 -0.01985329
v 0.1861124 3.45520019 0.01467007
v 0.17251682 3.42643356 -0.01477599
v 0.2209177 3.39904785 -0.01477599
v 0.17878818 3.3648796 -0.01985329
v 0.22158145 3.43626403 0.01467019
v 0.2052164 3.40894699 -0.01477599
v 0.25070285 3.3769226 -0.01477599
v 0.20545291 3.34706878 -0.01985335
v 0.25504398 3.41390228 0.01467019
v 0.2360773 3.38835144 -0.01477599
v 0.2781763 3.352005 -0.01477599
v 0.23024082 3.32674026 -0.01985341
v 0.28613376 3.38838195 0.01467007
v 0.26474857 3.36481094 -0.01477593
v 0.30310249 3.32452011 -0.01477605
v 0.25291538 3.30405044 -0.01985329
v 0.31456184 3.35996246 0.01467013
v 0.29098606 3.33857727 -0.01477599
v 0.3252201 3.29473877 -0.01477599
v 0.27323246 3.27928543 -0.01985329
v 0.34010505 3.32886886 0.01467013
v 0.31453132 3.30990219 -0.01477599
v 0.34430122 3.26290893 -0.01477593
v 0.29106235 3.25262069 -0.01985329
v 0.36244392 3.29541015 0.01467001
v 0.33512306 3.27903747 -0.01477599
v 0.36013984 3.22936248 -0.01477599
v 0.30616951 3.22436904 -0.01985335
v 0.38141822 3.25993728 0.01467007
v 0.35261726 3.24634552 -0.01477599
v 0.37266731 3.19443512 -0.01477593
v 0.31842994 3.19473266 -0.01985329
v 0.39678382 3.22279739 0.01467007
v 0.36683082 3.21204757 -0.01477599
v 0.38165473 3.15843963 -0.01477599
v 0.32774543 3.16407775 -0.01985329
v 0.40844917 3.18428802 0.01467001
v 0.37761116 3.17655563 -0.01477599
v 0.38710975 3.12175369 -0.01477599
v 0.33397865 3.13262558 -0.01985335
v 0.4163227 3.14483261 0.01467007
v 0.38482093 3.14016723 -0.01477599
v 0.38891029 3.0846939 -0.01477593
v 0.33713722 3.10071945 -0.01985335
v 0.42024421 3.1048088 0.01467001
v 0.38849067 3.10324478 -0.01477593
v 0.38710975 3.04764175 -0.01477599
v 0.33713722 3.06868743 -0.01985347
v 0.42024421 3.06459808 0.01467001
v 0.38849067 3.06613922 -0.01477599
v 0.38165473 3.01094436 -0.01477599
v 0.33397865 3.03676986 -0.01985359
v 0.4163227 3.02455902 0.01467001
v 0.38482093 3.02922439 -0.01477599
v 0.37266731 2.97496032 -0.01477599
v 0.32774543 3.00532531 -0.01985359
v 0.40844917 2.98511123 0.01466995
v 0.37761116 2.99285125 -0.01477599
v 0.36013984 2.94001388 -0.01477599
v 0.31842994 2.97463989 -0.01985353
v 0.39678382 2.94661712 0.01467001
v 0.36683082 2.95734024 -0.01477611
v 0.34430122 2.90649414 -0.01477599
v 0.30616951 2.94503021 -0.01985353
v 0.38141822 2.90945816 0.01467001
v 0.35261726 2.92306137 -0.01477599
v 0.3252201 2.87466812 -0.01477599
v 0.29106235 2.91677093 -0.01985353
v 0.36244392 2.87397766 0.01467007
v 0.33512306 2.89033508 -0.01477617
v 0.30310249 2.84486007 -0.01477599
v 0.27323246 2.89011383 -0.01985365
v 0.34010505 2.84053039 0.01467007
v 0.31453132 2.85948562 -0.01477599
v 0.2781763 2.81737136 -0.01477599
v 0.25291538 2.86533737 -0.01985365
v 0.31456184 2.80944061 0.01467001
v 0.29098606 2.83081817 -0.01477599
v 0.25070285 2.79247283 -0.01477599
v 0.23024082 2.84266662 -0.01985359
v 0.28613376 2.78100204 0.01467001
v 0.26474857 2.80459594 -0.01477605
v 0.2209177 2.77035522 -0.01477599
v 0.20545291 2.82232666 -0.01985353
v 0.25504398 2.75548172 0.01467001
v 0.2360773 2.78105163 -0.01477599
v 0.18908023 2.75127792 -0.01477599
v 0.17878818 2.80451583 -0.01985389
v 0.22158145 2.73313522 0.01467001
v 0.2052164 2.76042556 -0.01477611
v 0.1555643 2.73542404 -0.01477599
v 0.15054416 2.78940582 -0.01985377
v 0.1861124 2.7141838 0.01467001
v 0.17251682 2.74294662 -0.01477599
v 0.12061405 2.72291564 -0.01477599
v 0.12090396 2.77714157 -0.01985365
v 0.14896488 2.69878387 0.01467001
v 0.13821506 2.72873687 -0.01477599
v 0.08464908 2.71390533 -0.01477599
v 0.09024906 2.76783752 -0.01985365
v 0.11046695 2.6871109 0.01467001
v 0.10273838 2.71797561 -0.01477599
v 0.04792881 2.70846939 -0.01477599
v 0.05880832 2.76159286 -0.01985353
v 0.07101535 2.67926406 0.01467001
v 0.06634616 2.71073532 -0.01477599
v 0.01087307 2.70664978 -0.01477605
v 0.02690243 2.75844574 -0.01985365
v 0.03098416 2.67531585 0.01467001
v 0.02942013 2.70710754 -0.01477599
v -0.02616763 2.70846939 -0.01477599
v -0.00514102 2.75844574 -0.01985365
v -0.00923037 2.67531585 0.01467001
v -0.00770449 2.70710754 -0.01477599
v -0.0628879 2.71390533 -0.01477599
v -0.03705477 2.76159286 -0.01985353
v -0.04925417 2.67926406 0.01467001
v -0.04459261 2.71073532 -0.01477599
v -0.09885287 2.72291564 -0.01477599
v -0.06849551 2.76783752 -0.01985365
v -0.08870577 2.6871109 0.01467001
v -0.08098483 2.71797561 -0.01477599
v -0.13381075 2.73542404 -0.01477599
v -0.09918093 2.77714157 -0.01985365
v -0.12721133 2.69878387 0.01467001
v -0.11649966 2.72873687 -0.01477599
v -0.16732668 2.75127792 -0.01477599
v -0.12879061 2.78940582 -0.01985377
v -0.16435885 2.7141838 0.01467001
v -0.1507709 2.74294662 -0.01477599
v -0.19916415 2.77035522 -0.01477599
v -0.15707278 2.80451583 -0.01985389
v -0.1998279 2.73313522 0.01467001
v -0.18349337 2.76042556 -0.01477611
v -0.22894954 2.79247283 -0.01477599
v -0.18370699 2.82232666 -0.01985353
v -0.23329067 2.75548172 0.01467001
v -0.21432399 2.78105163 -0.01477599
v -0.25646114 2.81737136 -0.01477599
v -0.20847225 2.84266662 -0.01985359
v -0.26438808 2.78101348 0.01467001
v -0.24299526 2.80459594 -0.01477605
v -0.28134822 2.84486007 -0.01477599
v -0.23116207 2.86533737 -0.01985377
v -0.29283809 2.80944061 0.01467001
v -0.26924037 2.83081817 -0.01477599
v -0.30345821 2.87466812 -0.01477599
v -0.25147151 2.89011383 -0.01985365
v -0.31834316 2.84053039 0.01467001
v -0.29277706 2.85948562 -0.01477599
v -0.32253933 2.90649414 -0.01477599
v -0.26930141 2.91677093 -0.01985353
v -0.34068226 2.87397766 0.01467001
v -0.31339931 2.89033508 -0.01477617
v -0.33838582 2.94001388 -0.01477599
v -0.28440761 2.94503021 -0.01985353
v -0.35965657 2.90945816 0.01467001
v -0.33085537 2.92306137 -0.01477599
v -0.35090565 2.97496032 -0.01477599
v -0.29668331 2.97463989 -0.01985353
v -0.3750298 2.94661712 0.01467001
v -0.34507679 2.95734024 -0.01477611
v -0.35993123 3.01094436 -0.01477599
v -0.30599117 3.00532531 -0.01985359
v -0.38668751 2.98511123 0.01467007
v -0.3558495 2.99285125 -0.01477599
v -0.36535573 3.04764175 -0.01477599
v -0.31223201 3.03676986 -0.01985359
v -0.39456105 3.02455902 0.01467001
v -0.36309742 3.02922439 -0.01477599
v -0.36718678 3.0846939 -0.01477593
v -0.31538295 3.06868743 -0.01985347
v -0.39849782 3.06459808 0.01466995
v -0.36672902 3.06613922 -0.01477599
v -0.36535573 3.12175369 -0.01477599
v -0.31538295 3.10071945 -0.01985353
v -0.39849782 3.1048088 0.01467007
v -0.36672902 3.10324478 -0.01477593
v -0.35993123 3.15843963 -0.01477599
v -0.31223201 3.13262558 -0.01985335
v -0.39456105 3.14483261 0.01467001
v -0.36309742 3.14016723 -0.01477599
v -0.35090565 3.19443512 -0.01477593
v -0.30599117 3.16407775 -0.01985329
v -0.38668751 3.18428802 0.01467007
v -0.3558495 3.17655563 -0.01477599
v -0.33838582 3.22936248 -0.01477599
v -0.29668331 3.19473266 -0.01985329
v -0.3750298 3.22279739 0.01467007
v -0.34507679 3.21204757 -0.01477599
v -0.32253933 3.26290893 -0.01477593
v -0.28440761 3.22436904 -0.01985335
v -0.35965657 3.25993728 0.01467001
v -0.33085537 3.24634552 -0.01477599
v -0.30345821 3.29473877 -0.01477599
v -0.26930141 3.25262069 -0.01985329
v -0.34068226 3.29541015 0.01467001
v -0.31339931 3.27903747 -0.01477599
v -0.28134822 3.32452011 -0.01477605
v -0.25147151 3.27928543 -0.01985329
v -0.31834316 3.32886886 0.01467007
v -0.29277706 3.30990219 -0.01477599
v -0.25646114 3.352005 -0.01477599
v -0.23116207 3.30405044 -0.01985329
v -0.29283809 3.35996246 0.01467013
v -0.26924037 3.33857727 -0.01477599
v -0.22894954 3.3769226 -0.01477599
v -0.20847225 3.32674026 -0.01985341
v -0.26438045 3.38838195 0.01467007
v -0.24299526 3.36481094 -0.01477593
v -0.19916415 3.39904785 -0.01477599
v -0.18370699 3.34706878 -0.01985335
v -0.23329067 3.41390228 0.01467019
v -0.21432399 3.38835144 -0.01477599
v -0.16732668 3.41811752 -0.01477599
v -0.15707278 3.3648796 -0.01985329
v -0.19982028 3.43626403 0.01467019
v -0.18349337 3.40894699 -0.01477599
v -0.13381075 3.43396377 -0.01477599
v -0.12879061 3.37998199 -0.01985329
v -0.16435885 3.45520019 0.01467007
v -0.1507709 3.42643356 -0.01477599
v -0.09885287 3.44645309 -0.01477599
v -0.09918093 3.39225006 -0.01985329
v -0.12721133 3.47061538 0.01467013
v -0.11649966 3.44064712 -0.01477593
v -0.0628879 3.45547485 -0.01477593
v -0.06849551 3.40156173 -0.01985335
v -0.08870577 3.48228454 0.01467025
v -0.08098483 3.45139312 -0.01477593
v -0.03705477 3.40780639 -0.01985335
v -0.04925417 3.49014282 0.01467013
v -0.04459261 3.45864105 -0.01477593
v -0.02616763 3.4609375 0.04411727
v -0.0628879 3.45547485 0.04411733
v -0.03705477 3.40780639 0.04919457
v -0.04459261 3.45864105 0.04411727
v -0.09885287 3.44645309 0.04411727
v -0.06849551 3.40156173 0.04919445
v -0.08098483 3.45139312 0.04411733
v -0.13381075 3.43396377 0.04411727
v -0.09918093 3.39225769 0.04919379
v -0.11649966 3.44064712 0.04411727
v -0.16732668 3.41812133 0.04411727
v -0.12879061 3.37998199 0.04919391
v -0.1507709 3.42644119 0.04411727
v -0.19916415 3.3990364 0.04411727
v -0.15707278 3.36488342 0.04919457
v -0.18349337 3.40894699 0.04411727
v -0.22894954 3.37692642 0.04411721
v -0.18370699 3.34706497 0.04919385
v -0.21432399 3.38835144 0.04411625
v -0.25646114 3.35201263 0.04411727
v -0.20847225 3.32673263 0.04919385
v -0.24299526 3.36481094 0.04411721
v -0.28134822 3.32452011 0.04411703
v -0.23116207 3.30405044 0.04919451
v -0.26924037 3.33857345 0.04411625
v -0.30345821 3.29473114 0.04411727
v -0.25147151 3.27928543 0.04919379
v -0.29277706 3.309906 0.04411619
v -0.32253933 3.26290893 0.04411715
v -0.26930141 3.25261688 0.04919445
v -0.31339931 3.27904129 0.04411721
v -0.33838582 3.22936248 0.04411721
v -0.28440761 3.22436904 0.04919451
v -0.33085537 3.2463417 0.04411727
v -0.35090565 3.1944313 0.04411727
v -0.29668331 3.19473648 0.04919445
v -0.34507679 3.21204757 0.04411733
v -0.35993123 3.15843963 0.04411721
v -0.30599117 3.16407012 0.04919379
v -0.3558495 3.17655181 0.04411721
v -0.36535573 3.12174987 0.04411733
v -0.31223201 3.13262558 0.04919427
v -0.36309742 3.14016723 0.04411733
v -0.36718678 3.08469772 0.04411697
v -0.31538295 3.10071945 0.04919451
v -0.36672902 3.10324478 0.04411721
v -0.36535573 3.04763412 0.04411703
v -0.31538295 3.06868362 0.04919469
v -0.36672902 3.06615066 0.04411727
v -0.35993123 3.01094055 0.04411625
v -0.31223201 3.03676986 0.04919433
v -0.36309742 3.02922439 0.04411721
v -0.35090565 2.97494506 0.04411721
v -0.30599117 3.00532531 0.04919439
v -0.3558495 2.99283981 0.04411703
v -0.33838582 2.94001388 0.04411625
v -0.29668331 2.97463607 0.04919379
v -0.34507679 2.95733642 0.04411703
v -0.32253933 2.90648651 0.04411655
v -0.28440761 2.94503021 0.04919415
v -0.33085537 2.92306137 0.04411608
v -0.30345821 2.87466049 0.04411721
v -0.26930141 2.9167633 0.04919314
v -0.31339931 2.89034652 0.04411733
v -0.28134822 2.84485626 0.04411721
v -0.25147151 2.89011764 0.04919338
v -0.29277706 2.85948181 0.04411637
v -0.25646114 2.81737518 0.04411619
v -0.23116207 2.86532592 0.0491932
v -0.26924037 2.83082199 0.04411703
v -0.22894954 2.79246521 0.04411625
v -0.20847225 2.84266281 0.04919302
v -0.24299526 2.80457305 0.04411625
v -0.19916415 2.77035141 0.04411613
v -0.18370699 2.82232666 0.0491935
v -0.21432399 2.78105163 0.04411727
v -0.16732668 2.75127792 0.04411727
v -0.15707278 2.80451583 0.04919338
v -0.18349337 2.76043319 0.04411697
v -0.13381075 2.73542022 0.04411619
v -0.12879061 2.78940963 0.04919332
v -0.1507709 2.74294662 0.04411727
v -0.09885287 2.72291946 0.04411637
v -0.09918093 2.77714157 0.04919332
v -0.11649966 2.72874069 0.04411625
v -0.0628879 2.71390914 0.04411619
v -0.06849551 2.76783752 0.0491932
v -0.08098483 2.71797561 0.04411703
v -0.02616763 2.7084732 0.04411625
v -0.03705477 2.76158905 0.04919314
v -0.04459261 2.71073913 0.04411721
v 0.01087307 2.70664978 0.04411703
v -0.00514102 2.75844574 0.04919308
v -0.00770449 2.70711135 0.04411703
v 0.04792881 2.7084732 0.04411625
v 0.02690243 2.75844574 0.04919308
v 0.02942013 2.70711135 0.04411703
v 0.08464908 2.71390914 0.04411619
v 0.05880832 2.76158905 0.04919314
v 0.06634616 2.71073913 0.04411721
v 0.12061405 2.72291946 0.04411637
v 0.09024906 2.76783752 0.0491932
v 0.10273838 2.71797561 0.04411703
v 0.1555643 2.73542022 0.04411619
v 0.12090396 2.77714157 0.04919332
v 0.13821506 2.72874069 0.04411625
v 0.18908023 2.75127792 0.04411727
v 0.15054416 2.78940963 0.0491932
v 0.17251682 2.74294662 0.04411727
v 0.2209177 2.77035141 0.0441159
v 0.17878818 2.80451583 0.04919314
v 0.2052164 2.76043319 0.04411625
v 0.25070285 2.79246521 0.04411625
v 0.20545291 2.82232666 0.0491935
v 0.2360773 2.78105163 0.04411727
v 0.2781763 2.81737518 0.04411697
v 0.23024082 2.84266281 0.04919302
v 0.26474857 2.80457305 0.04411703
v 0.30310249 2.84485626 0.04411685
v 0.25291538 2.86532592 0.0491932
v 0.29098606 2.83082199 0.04411625
v 0.3252201 2.87465667 0.04411625
v 0.27323246 2.89011764 0.04919332
v 0.31453132 2.85948181 0.04411625
v 0.34430122 2.90648651 0.04411721
v 0.29106235 2.9167633 0.04919344
v 0.33512306 2.89033889 0.04411697
v 0.36013984 2.94001388 0.04411727
v 0.30616951 2.94503021 0.04919356
v 0.35261726 2.92306137 0.04411685
v 0.37266731 2.97494506 0.04411727
v 0.31842994 2.97463607 0.04919379
v 0.36683082 2.95733642 0.04411721
v 0.38165473 3.01094055 0.04411625
v 0.32774543 3.00532531 0.04919439
v 0.37761116 2.99284362 0.04411727
v 0.38710975 3.04763412 0.04411703
v 0.33397865 3.03676986 0.04919451
v 0.38482093 3.02922439 0.04411721
v 0.38891029 3.08469772 0.04411697
v 0.33713722 3.06868362 0.04919445
v 0.38849067 3.06613922 0.04411715
v 0.38710975 3.12174987 0.04411733
v 0.33713722 3.10071945 0.04919391
v 0.38849067 3.10324478 0.04411625
v 0.38165473 3.15843963 0.04411727
v 0.33397865 3.13262558 0.04919427
v 0.38482093 3.14016723 0.04411625
v 0.37266731 3.1944313 0.04411727
v 0.32774543 3.16407012 0.04919379
v 0.37761116 3.17655181 0.04411727
v 0.36013984 3.22935867 0.04411625
v 0.31842994 3.19473648 0.04919445
v 0.36683082 3.21204757 0.04411709
v 0.34430122 3.26290893 0.04411715
v 0.30616951 3.22436904 0.04919379
v 0.35261726 3.2463417 0.04411721
v 0.3252201 3.29473114 0.04411727
v 0.29106235 3.25261688 0.04919445
v 0.33512306 3.2790451 0.04411727
v 0.30310249 3.32452011 0.04411715
v 0.27323246 3.27928543 0.04919457
v 0.31453132 3.30990982 0.04411697
v 0.2781763 3.35201263 0.04411697
v 0.25291538 3.30405044 0.04919451
v 0.29098606 3.33857727 0.04411727
v 0.25070285 3.37692642 0.04411721
v 0.23024082 3.32673263 0.04919451
v 0.26474857 3.36481094 0.04411715
v 0.2209177 3.3990364 0.04411727
v 0.20545291 3.34706497 0.04919463
v 0.2360773 3.38835144 0.04411721
v 0.18908023 3.41812133 0.04411727
v 0.17878818 3.36488342 0.04919451
v 0.2052164 3.40894699 0.04411727
v 0.1555643 3.43396377 0.04411727
v 0.15054416 3.37998199 0.04919391
v 0.17251682 3.42644119 0.04411727
v 0.12061405 3.44645309 0.04411721
v 0.12090396 3.39225769 0.04919379
v 0.13821506 3.44064712 0.04411727
v 0.08464908 3.45547485 0.04411733
v 0.09024906 3.40156173 0.04919445
v 0.10273838 3.45139312 0.04411733
v 0.04792881 3.4609375 0.04411727
v 0.05880832 3.40780639 0.04919457
v 0.06634616 3.45864105 0.04411727
v 0.01087307 3.46273803 0.04411727
v 0.02690243 3.41096496 0.04919379
v 0.02942013 3.46227645 0.04411727
v -0.00514102 3.41096496 0.04919379
v -0.00770449 3.46227645 0.04411727
v -0.01924014 3.39026641 0.01467007
v -0.04903292 3.38585281 0.01467049
v -0.03417086 3.38843536 0.01467013
v -0.07826876 3.37852859 0.01467049
v -0.06373477 3.38256835 0.01467013
v -0.10663485 3.36837768 0.01467108
v -0.09258151 3.37382125 0.01467007
v -0.13388705 3.35550689 0.01467049
v -0.12041354 3.36228942 0.01467007
v -0.15970492 3.34000015 0.0146712
v -0.14697146 3.34806823 0.01467007
v -0.18391299 3.32205581 0.01467049
v -0.17205691 3.33132553 0.01467013
v -0.2062366 3.30181884 0.01467055
v -0.19534945 3.31222915 0.01467007
v -0.22649288 3.27949142 0.01467043
v -0.21665096 3.29091644 0.01467007
v -0.24445247 3.25528717 0.01467049
v -0.23578548 3.26760101 0.01467007
v -0.25992488 3.22943496 0.01467108
v -0.25249385 3.24256515 0.01467013
v -0.27283382 3.20219421 0.01467043
v -0.26671505 3.21600723 0.01467013
v -0.28298091 3.17385101 0.0146712
v -0.27825069 3.18815612 0.01467025
v -0.29028224 3.14458847 0.01467007
v -0.28698635 3.15931701 0.01467007
v -0.29471492 3.11479187 0.01467007
v -0.29286861 3.12975311 0.01467001
v -0.29619503 3.0846939 0.01467001
v -0.29582119 3.0997734 0.01467007
v -0.29471492 3.05458831 0.01467007
v -0.29582119 3.06962966 0.01467001
v -0.29028224 3.02479171 0.01467007
v -0.29286861 3.03965759 0.01467007
v -0.28298091 2.99555969 0.01467007
v -0.28698635 3.01007843 0.01467001
v -0.27283382 2.96718215 0.01467001
v -0.27825069 2.98123931 0.01467001
v -0.25992488 2.93994522 0.01467001
v -0.26671505 2.95340347 0.01467001
v -0.24445247 2.91411972 0.01467001
v -0.25249385 2.9268341 0.01467001
v -0.22649288 2.88989639 0.01467007
v -0.23578548 2.90177917 0.01466989
v -0.2062366 2.86756134 0.01467001
v -0.21665096 2.878479 0.01467007
v -0.18391299 2.84732437 0.01467001
v -0.19534945 2.85717773 0.01467001
v -0.15970492 2.82938003 0.01467001
v -0.17205691 2.83805847 0.01467001
v -0.13388705 2.81389236 0.01467001
v -0.14697146 2.82134246 0.01467001
v -0.10663485 2.80101394 0.01467001
v -0.12041354 2.80711364 0.01467001
v -0.07826876 2.7908554 0.01467001
v -0.09258151 2.795578 0.01467007
v -0.04903292 2.78353881 0.01467007
v -0.06373477 2.78683471 0.01466995
v -0.01924014 2.77910232 0.01467007
v -0.03417086 2.78095245 0.01467007
v 0.01087307 2.77762985 0.01466995
v -0.0042026 2.77799987 0.01467001
v 0.04095578 2.77910232 0.01467007
v 0.02594113 2.77799987 0.01467001
v 0.0707941 2.78353881 0.01467007
v 0.05593204 2.78095245 0.01467007
v 0.10002231 2.7908554 0.01467001
v 0.08550357 2.78683471 0.01466995
v 0.12839603 2.80101394 0.01467001
v 0.11429691 2.795578 0.01467007
v 0.15561008 2.81389236 0.01467001
v 0.14217472 2.80711364 0.01467001
v 0.18147373 2.82938003 0.01467001
v 0.16872501 2.82134246 0.01467001
v 0.20566654 2.84732437 0.01467001
v 0.19381046 2.83805847 0.01467001
v 0.2280054 2.86756134 0.01467001
v 0.21708774 2.85717773 0.01467001
v 0.24825382 2.88989639 0.01467001
v 0.23840427 2.878479 0.01467007
v 0.26616764 2.91411972 0.01467001
v 0.25750064 2.90177154 0.01467007
v 0.2816782 2.93994522 0.01467001
v 0.27425479 2.9268341 0.01467007
v 0.29454898 2.96718215 0.01467001
v 0.28846836 2.95340347 0.01467001
v 0.30474281 2.99555969 0.01467001
v 0.30000495 2.98123931 0.01467001
v 0.31203651 3.02479171 0.01467007
v 0.30874824 3.01007843 0.01467001
v 0.31646919 3.05458831 0.01467007
v 0.31462287 3.03965759 0.01467001
v 0.31795692 3.0846939 0.01467001
v 0.31758308 3.06962966 0.01467001
v 0.31646919 3.11479187 0.01467007
v 0.31758308 3.0997734 0.01467007
v 0.31203651 3.14458847 0.01467007
v 0.31462287 3.12975311 0.01467001
v 0.30474281 3.17385101 0.01467013
v 0.30874824 3.15931701 0.01467007
v 0.29454898 3.20219421 0.01467007
v 0.30000495 3.18815231 0.01467001
v 0.2816782 3.22943496 0.01467108
v 0.28846836 3.21600723 0.01467013
v 0.26616764 3.25528717 0.01467037
v 0.27425479 3.24256515 0.01467013
v 0.24825382 3.27949142 0.01467043
v 0.25750064 3.26760101 0.01467013
v 0.2280054 3.30181884 0.0146712
v 0.23840427 3.29091644 0.01467007
v 0.20566654 3.32205581 0.0146712
v 0.21708774 3.31222915 0.01467007
v 0.18147373 3.34000015 0.0146712
v 0.19381046 3.33132553 0.01467013
v 0.15561008 3.35550689 0.01467049
v 0.16872501 3.34806823 0.01467007
v 0.12839603 3.36837768 0.01467037
v 0.14217472 3.36228942 0.01467007
v 0.10002231 3.37852859 0.01467049
v 0.11429691 3.37382125 0.01467007
v 0.0707941 3.38585281 0.01467049
v 0.08550357 3.38256835 0.01467013
v 0.04095578 3.39026641 0.01467067
v 0.05593204 3.38843536 0.01467013
v 0.01087307 3.39174652 0.01467049
v 0.02594113 3.39138031 0.01467007
v -0.0042026 3.39138031 0.01467007
v 0.01087307 3.48476791 -0.00157612
v 0.00159573 3.46263122 -0.01477599
v -0.00875735 3.48429107 -0.00157612
v 0.00081753 3.49443817 0.01467013
v 0.00103879 3.4846611 -0.00157612
v 0.01087307 3.43582153 -0.02188336
v 0.00286221 3.41124725 -0.01985287
v -0.00634646 3.43538665 -0.02188438
v 0.00224423 3.43571853 -0.02188384
v -0.01313662 3.41043853 -0.01985287
v -0.02355074 3.43413162 -0.02188444
v -0.01694369 3.46171188 -0.01477599
v -0.01496768 3.43487548 -0.02188372
v -0.02831912 3.4828453 -0.00157612
v -0.01927065 3.49345016 0.01467025
v -0.01854586 3.48368835 -0.00157612
v 0.05007267 3.4828453 -0.00157612
v 0.03868985 3.46171188 -0.01477587
v 0.03051114 3.48429107 -0.00157612
v 0.04102444 3.49345016 0.01467025
v 0.04030728 3.48368835 -0.00157612
v 0.04530429 3.43413162 -0.02188342
v 0.03490567 3.41043853 -0.01985287
v 0.02810025 3.43538665 -0.02188438
v 0.03668332 3.43487548 -0.02188372
v 0.01889157 3.41124725 -0.01985287
v 0.02016568 3.46263122 -0.01477599
v 0.01950955 3.43571853 -0.02188384
v 0.02093625 3.49443817 0.01467013
v 0.02072262 3.4846611 -0.00157612
v 0.08894443 3.47707366 -0.00157612
v 0.07549381 3.45716095 -0.01477593
v 0.06958866 3.48043823 -0.00157612
v 0.08095645 3.48851776 0.01467007
v 0.07927799 3.47888946 -0.00157618
v 0.07936954 3.42907333 -0.0218836
v 0.06672 3.40652084 -0.01985293
v 0.0624094 3.43201446 -0.02188438
v 0.07090854 3.43064498 -0.02188342
v 0.05087375 3.4088974 -0.01985293
v 0.05714511 3.45991134 -0.01477599
v 0.05386447 3.43317794 -0.0218836
v 0.06105136 3.49146652 0.01467007
v 0.05983829 3.48177337 -0.00157612
v 0.12701511 3.46754837 -0.00157606
v 0.11169529 3.44905471 -0.01477599
v 0.10810184 3.47278213 -0.00157606
v 0.12020206 3.47972869 0.01467013
v 0.11759281 3.47027206 -0.00157612
v 0.11279392 3.42068862 -0.02188342
v 0.09800052 3.39951705 -0.01985293
v 0.09619998 3.42530059 -0.02188438
v 0.10451602 3.42309188 -0.02188342
v 0.08244419 3.40341186 -0.01985293
v 0.09370517 3.45355224 -0.01477599
v 0.08782291 3.42728042 -0.0218833
v 0.10067081 3.48460006 0.01467013
v 0.09853458 3.47505188 -0.00157612
v 0.1639719 3.45433044 -0.00157612
v 0.14692783 3.43740463 -0.01477593
v 0.14564609 3.46140289 -0.00157612
v 0.15838718 3.46710205 0.01467013
v 0.15485477 3.45796203 -0.00157612
v 0.14524173 3.40910339 -0.02188342
v 0.12843418 3.38946533 -0.01985293
v 0.12915897 3.41528701 -0.02188432
v 0.13724613 3.41229629 -0.02188342
v 0.11334323 3.39486312 -0.01985305
v 0.12945652 3.44366073 -0.01477599
v 0.12099552 3.41807556 -0.02188366
v 0.1394205 3.47387695 0.01467025
v 0.13635349 3.46457672 -0.00157612
v 0.19948673 3.43752288 -0.00157606
v 0.18083286 3.42237472 -0.01477593
v 0.18193149 3.44636154 -0.00157612
v 0.19515323 3.45079803 0.01467007
v 0.19075107 3.44205093 -0.00157612
v 0.17636966 3.39434814 -0.02188342
v 0.15773868 3.37646102 -0.01985293
v 0.16099643 3.40210723 -0.02188432
v 0.16873264 3.39832687 -0.02188342
v 0.1432352 3.38332366 -0.01985293
v 0.16406345 3.43031692 -0.01477599
v 0.15316104 3.40568924 -0.02188342
v 0.17698001 3.45938873 0.01467007
v 0.1730051 3.45045471 -0.00157612
v 0.2331705 3.41734695 -0.00157624
v 0.21311283 3.40408706 -0.01477593
v 0.21654605 3.42784118 -0.00157612
v 0.23014926 3.43097305 0.01467007
v 0.2249155 3.4227066 -0.00157618
v 0.2059412 3.37664413 -0.0218836
v 0.18563938 3.36065292 -0.01985293
v 0.19139957 3.38585662 -0.02188432
v 0.19874668 3.3813591 -0.02188372
v 0.17187595 3.36890411 -0.01985293
v 0.19719791 3.41361618 -0.01477599
v 0.18396091 3.39020919 -0.02188336
v 0.2128992 3.44131469 0.01467013
v 0.20807743 3.43278884 -0.00157612
v 0.26467227 3.39396667 -0.00157612
v 0.24345493 3.38272857 -0.01477593
v 0.24919986 3.40603637 -0.00157612
v 0.26305484 3.40781784 0.01467013
v 0.25701236 3.40008926 -0.00157612
v 0.23364353 3.35611343 -0.02188348
v 0.21186161 3.34220504 -0.01985293
v 0.2200098 3.36670684 -0.02188438
v 0.22689151 3.36148834 -0.02188342
v 0.19896793 3.35177612 -0.01985293
v 0.22856235 3.39377975 -0.01477599
v 0.21307468 3.37178421 -0.02188342
v 0.24688053 3.41980361 0.01467007
v 0.24122715 3.41180419 -0.00157612
v 0.29377079 3.36759948 -0.00157612
v 0.27155399 3.35848999 -0.01477593
v 0.27954196 3.38113403 -0.00157612
v 0.29349613 3.38154983 0.01467007
v 0.28672885 3.37445068 -0.00157612
v 0.25916385 3.33298492 -0.02188372
v 0.23610019 3.32126617 -0.01985293
v 0.24668216 3.34484863 -0.02188438
v 0.25300693 3.33899688 -0.0218836
v 0.22424411 3.33203506 -0.01985293
v 0.25779819 3.3709526 -0.01477599
v 0.24025058 3.35057449 -0.0218839
v 0.27859592 3.39505004 0.01467013
v 0.27218723 3.38763809 -0.00157612
v 0.3201313 3.3385086 -0.00157612
v 0.29714393 3.33162307 -0.01477599
v 0.30734443 3.35337066 -0.00157612
v 0.32122993 3.35243225 0.01467007
v 0.31380653 3.34601593 -0.00157612
v 0.28231144 3.30743789 -0.02188342
v 0.25821781 3.29804229 -0.01985287
v 0.27105045 3.32051086 -0.02188438
v 0.27674961 3.3140335 -0.02188336
v 0.24745273 3.30993652 -0.01985293
v 0.28467655 3.34537506 -0.01477599
v 0.2651453 3.32680511 -0.02188348
v 0.3077259 3.36732101 0.01467013
v 0.30064582 3.36055374 -0.00157612
v 0.34354591 3.30695724 -0.00157618
v 0.31995582 3.30237579 -0.01477599
v 0.33221626 3.32302475 -0.00157612
v 0.34597969 3.32070159 0.01467001
v 0.33797645 3.31504821 -0.00157612
v 0.3028202 3.27976989 -0.02188336
v 0.27794742 3.27278518 -0.01985293
v 0.29287815 3.29386901 -0.02188438
v 0.29795265 3.28686904 -0.02188342
v 0.26838016 3.28565216 -0.01985269
v 0.30892372 3.31728363 -0.01477599
v 0.28766727 3.30072403 -0.02188336
v 0.33400154 3.3368721 0.01467007
v 0.32628059 3.33084106 -0.00157612
v 0.36369514 3.27328109 -0.00157612
v 0.33982276 3.27103424 -0.01477593
v 0.35401344 3.29037475 -0.00157612
v 0.36748695 3.2867279 0.01467013
v 0.35894966 3.28189086 -0.00157612
v 0.32055854 3.25020599 -0.02188402
v 0.29509162 3.24569702 -0.01985293
v 0.31203651 3.26521301 -0.02188438
v 0.31638526 3.25777435 -0.02188342
v 0.28687381 3.25946426 -0.01985293
v 0.33027076 3.28695297 -0.01477599
v 0.30753517 3.2725296 -0.02188342
v 0.35716438 3.30397796 0.01467007
v 0.34888649 3.29873275 -0.00157612
v 0.38051033 3.23779296 -0.00157612
v 0.35649299 3.23788833 -0.01477599
v 0.37252998 3.25575256 -0.00157618
v 0.38556098 3.2508049 0.01467007
v 0.37662696 3.24682235 -0.00157618
v 0.33527565 3.21907806 -0.02188342
v 0.30950355 3.21706008 -0.01985293
v 0.32829475 3.2348175 -0.02188444
v 0.33186531 3.22698974 -0.02188348
v 0.3026371 3.23155593 -0.01985299
v 0.34857368 3.25466156 -0.01477599
v 0.32451057 3.24256515 -0.0218839
v 0.37697792 3.26897811 0.01467013
v 0.368227 3.26458358 -0.00157612
v 0.39373207 3.20083236 -0.00157624
v 0.3698368 3.20327758 -0.01477593
v 0.38757515 3.2194786 -0.00157612
v 0.40006446 3.21324539 0.01467007
v 0.39076423 3.21017837 -0.00157618
v 0.34689521 3.18661499 -0.0218839
v 0.3210392 3.1871643 -0.01985293
v 0.34150123 3.20298385 -0.02188438
v 0.34429359 3.19483184 -0.02188342
v 0.31563758 3.20225906 -0.01985293
v 0.3635807 3.22075653 -0.01477599
v 0.33846473 3.21107482 -0.0218833
v 0.3932743 3.23221588 0.01467007
v 0.38414192 3.22867965 -0.00157612
v 0.40324592 3.16274261 -0.00157606
v 0.37975502 3.16753006 -0.01477593
v 0.39895057 3.18190765 -0.00157618
v 0.4107685 3.17450332 0.01467007
v 0.40124702 3.17235946 -0.00157612
v 0.35527229 3.15319824 -0.02188348
v 0.32959175 3.15626907 -0.01985293
v 0.35148048 3.17002868 -0.02188438
v 0.35344886 3.16161727 -0.02188354
v 0.32570076 3.17181396 -0.01985293
v 0.37522316 3.18552017 -0.01477599
v 0.34926796 3.17834091 -0.02188348
v 0.40590095 3.19399642 0.01467007
v 0.39644813 3.19139862 -0.00157612
v 0.40901374 3.12390136 -0.00157618
v 0.38608741 3.13097 -0.01477599
v 0.406641 3.14338684 -0.00157612
v 0.41765785 3.13486862 0.01467007
v 0.40795326 3.13366699 -0.00157612
v 0.36030769 3.11912536 -0.02188438
v 0.33508491 3.12467575 -0.01985293
v 0.35819435 3.13621521 -0.02188438
v 0.35936927 3.12768554 -0.02188342
v 0.33270454 3.14054107 -0.01985299
v 0.38337135 3.14931869 -0.01477599
v 0.35681343 3.14471817 -0.02188348
v 0.41473579 3.15477371 0.01467001
v 0.40506935 3.15310287 -0.00157618
v 0.41095161 3.08469772 -0.00157612
v 0.38881111 3.09398651 -0.01477593
v 0.41047859 3.10432815 -0.00157606
v 0.42061805 3.09474945 0.01467007
v 0.41083717 3.09451293 -0.00157612
v 0.36200141 3.08469772 -0.02188354
v 0.33741951 3.09272003 -0.01985293
v 0.36155891 3.10192489 -0.02188438
v 0.3618946 3.09331131 -0.0218833
v 0.33665657 3.10871887 -0.01985293
v 0.38788795 3.11251449 -0.01477599
v 0.36104774 3.11053085 -0.02188402
v 0.41962623 3.1148529 0.01467007
v 0.40989112 3.11412429 -0.00157612
v 0.40901374 3.04547119 -0.00157612
v 0.38788795 3.05688476 -0.01477599
v 0.41047859 3.06505966 -0.00157612
v 0.41962623 3.05455398 0.01467007
v 0.40989112 3.0552597 -0.00157612
v 0.36030769 3.05027771 -0.02188444
v 0.33665657 3.06067657 -0.01985335
v 0.36155891 3.06747818 -0.02188438
v 0.36104774 3.05886459 -0.02188438
v 0.33741951 3.07669448 -0.01985293
v 0.38881111 3.07542419 -0.01477599
v 0.3618946 3.0760765 -0.02188438
v 0.42061805 3.07464981 0.01467007
v 0.41083717 3.07487487 -0.00157612
v 0.40324592 3.00664138 -0.00157612
v 0.38337135 3.02005767 -0.01477599
v 0.406641 3.0259819 -0.00157612
v 0.41473579 3.01462936 0.01467001
v 0.40506935 3.01630401 -0.00157612
v 0.35527229 3.01620483 -0.02188438
v 0.33270454 3.02885818 -0.01985335
v 0.35819435 3.03316497 -0.02188438
v 0.35681343 3.02467727 -0.02188438
v 0.33508491 3.04471969 -0.01985329
v 0.38608741 3.03842926 -0.01477599
v 0.35936927 3.04172134 -0.02188438
v 0.41765785 3.03452301 0.01467007
v 0.40795326 3.03573226 -0.00157612
v 0.39373207 2.96855926 -0.00157612
v 0.37522316 2.9838562 -0.01477593
v 0.39895057 2.98747253 -0.00157612
v 0.40590095 2.97537994 0.01467001
v 0.39644813 2.97798156 -0.00157612
v 0.34689521 2.98277282 -0.02188438
v 0.32570076 2.99758911 -0.01985335
v 0.35148048 2.9993782 -0.02188438
v 0.34926796 2.99104309 -0.02188438
v 0.32959175 3.01314163 -0.01985335
v 0.37975502 3.00186538 -0.01477599
v 0.35344886 3.00775528 -0.02188444
v 0.4107685 2.99489593 0.01467007
v 0.40124702 2.99703979 -0.00157612
v 0.38051033 2.93159866 -0.00157612
v 0.3635807 2.94864273 -0.01477593
v 0.38757515 2.94992446 -0.00157606
v 0.3932743 2.93718338 0.01467007
v 0.38414192 2.94071579 -0.00157612
v 0.33527565 2.95033264 -0.02188438
v 0.31563758 2.96713256 -0.01985335
v 0.34150123 2.96640777 -0.02188438
v 0.33846473 2.95833206 -0.02188432
v 0.3210392 2.98223114 -0.01985341
v 0.3698368 2.96609878 -0.01477599
v 0.34429359 2.97454834 -0.02188438
v 0.40006446 2.95613098 0.01467007
v 0.39076423 2.95920181 -0.00157618
v 0.36369514 2.89610672 -0.00157612
v 0.34857368 2.91471099 -0.01477593
v 0.37252998 2.91365814 -0.00157612
v 0.37697792 2.90039825 0.01467007
v 0.368227 2.90481948 -0.00157606
v 0.32055854 2.91918182 -0.02188438
v 0.3026371 2.93783187 -0.01985335
v 0.32829475 2.93457794 -0.02188444
v 0.32451057 2.92683029 -0.02188438
v 0.30950355 2.95232772 -0.01985335
v 0.35649299 2.93148422 -0.01477611
v 0.33186531 2.9424057 -0.02188438
v 0.38556098 2.91859817 0.01467001
v 0.37662696 2.92259216 -0.00157612
v 0.34354591 2.86242294 -0.00157612
v 0.33027076 2.88243484 -0.01477599
v 0.35401344 2.8790245 -0.00157618
v 0.35716438 2.86541366 0.01467001
v 0.34888649 2.87066268 -0.00157612
v 0.3028202 2.88962554 -0.02188438
v 0.28687381 2.90994262 -0.01985335
v 0.31203651 2.90417861 -0.02188438
v 0.30753517 2.89684677 -0.02188438
v 0.29509162 2.92370605 -0.01985335
v 0.33982276 2.8983612 -0.01477617
v 0.31638526 2.91162109 -0.02188438
v 0.36748695 2.88267135 0.01467001
v 0.35894966 2.88749694 -0.00157612
v 0.3201313 2.83088684 -0.00157606
v 0.30892372 2.85211181 -0.01477599
v 0.33221626 2.84636306 -0.00157612
v 0.33400154 2.83253097 0.01467001
v 0.32628059 2.83855438 -0.00157612
v 0.28231144 2.86194229 -0.02188444
v 0.26838016 2.88372802 -0.01985335
v 0.29287815 2.87553024 -0.02188438
v 0.28766727 2.86867141 -0.02188438
v 0.27794742 2.896595 -0.01985335
v 0.31995582 2.8670082 -0.01477611
v 0.29795265 2.88251876 -0.02188438
v 0.34597969 2.84869003 0.01467007
v 0.33797645 2.85433578 -0.00157606
v 0.29377079 2.80179595 -0.00157618
v 0.28467655 2.82402801 -0.01477599
v 0.30734443 2.81602096 -0.00157612
v 0.3077259 2.80207443 0.01467001
v 0.30064582 2.80883026 -0.00157612
v 0.25916385 2.83641815 -0.02188438
v 0.24745273 2.8594551 -0.01985359
v 0.27105045 2.84889221 -0.02188438
v 0.2651453 2.84257125 -0.02188438
v 0.25821781 2.87133789 -0.01985353
v 0.29714393 2.83776855 -0.01477599
v 0.27674961 2.85535812 -0.02188444
v 0.32122993 2.81697464 0.01467001
v 0.31380653 2.82337951 -0.00157612
v 0.26467227 2.77542877 -0.00157618
v 0.25779819 2.79843521 -0.01477599
v 0.27954196 2.78824996 -0.00157612
v 0.27859592 2.77434921 0.01467001
v 0.27218723 2.78174591 -0.00157612
v 0.23364353 2.81327438 -0.02188438
v 0.22424411 2.83736038 -0.01985365
v 0.24668216 2.82453155 -0.02188438
v 0.24025058 2.81882858 -0.02188438
v 0.23610019 2.84811019 -0.01985329
v 0.27155399 2.81089782 -0.01477599
v 0.25300693 2.83039093 -0.02188438
v 0.29349613 2.78783798 0.01467001
v 0.28672885 2.7949295 -0.00157612
v 0.2331705 2.75204086 -0.00157612
v 0.22856235 2.77560424 -0.01477611
v 0.24919986 2.76335144 -0.00157612
v 0.24688053 2.74958801 0.01467001
v 0.24122715 2.7576065 -0.00157624
v 0.2059412 2.79275131 -0.02188456
v 0.19896793 2.81762695 -0.01985341
v 0.2200098 2.80268096 -0.02188456
v 0.21307468 2.79762268 -0.02188438
v 0.21186161 2.82720184 -0.01985383
v 0.24345493 2.78665161 -0.01477599
v 0.22689151 2.80788421 -0.02188438
v 0.26305484 2.76157379 0.01467001
v 0.25701236 2.7692871 -0.00157618
v 0.19948673 2.73186111 -0.00157612
v 0.19719791 2.75575256 -0.01477599
v 0.21654605 2.741539 -0.00157612
v 0.2128992 2.72807312 0.01467001
v 0.20807743 2.73658371 -0.00157618
v 0.17636966 2.77502441 -0.02188444
v 0.17187595 2.80048751 -0.01985359
v 0.19139957 2.783535 -0.02188438
v 0.18396091 2.77919006 -0.02188438
v 0.18563938 2.80872726 -0.01985335
v 0.21311283 2.76531219 -0.01477611
v 0.19874668 2.78804397 -0.02188438
v 0.23014926 2.73841857 0.01467001
v 0.2249155 2.74668121 -0.00157612
v 0.1639719 2.71507263 -0.00157618
v 0.16406345 2.73907852 -0.01477593
v 0.18193149 2.72303009 -0.00157612
v 0.17698001 2.70999145 0.01467001
v 0.1730051 2.71893692 -0.00157618
v 0.14524173 2.76030349 -0.02188444
v 0.1432352 2.78606414 -0.01985347
v 0.16099643 2.76728057 -0.02188438
v 0.15316104 2.7636795 -0.02188438
v 0.15773868 2.79293823 -0.01985353
v 0.18083286 2.74700546 -0.01477599
v 0.16873264 2.77105331 -0.02188438
v 0.19515323 2.71860122 0.01467001
v 0.19075107 2.72734069 -0.00157612
v 0.12701511 2.70183944 -0.00157612
v 0.12945652 2.72573089 -0.01477599
v 0.14564609 2.70800781 -0.00157618
v 0.1394205 2.69551086 0.01467001
v 0.13635349 2.70479965 -0.00157612
v 0.11279392 2.74869155 -0.02188444
v 0.11334323 2.77453613 -0.01985365
v 0.12915897 2.75410461 -0.02188444
v 0.12099552 2.75128555 -0.02188438
v 0.12843418 2.77993774 -0.01985335
v 0.14692783 2.73197174 -0.01477599
v 0.13724613 2.75709152 -0.0218845
v 0.15838718 2.70228195 0.01467001
v 0.15485477 2.71142196 -0.00157618
v 0.08894443 2.69228744 -0.00157612
v 0.09370517 2.71583175 -0.01477599
v 0.10810184 2.69660568 -0.00157618
v 0.10067081 2.68478775 0.01467001
v 0.09853458 2.69433975 -0.00157612
v 0.07936954 2.74031066 -0.02188438
v 0.08244419 2.76598739 -0.01985353
v 0.09619998 2.74410247 -0.02188456
v 0.08782291 2.74210357 -0.02188444
v 0.09800052 2.7698822 -0.01985347
v 0.11169529 2.72033309 -0.01477599
v 0.10451602 2.74629592 -0.02188438
v 0.12020206 2.68967819 0.01467007
v 0.11759281 2.69911575 -0.00157612
v 0.05007267 2.68654251 -0.00157618
v 0.05714511 2.70949554 -0.01477599
v 0.06958866 2.68894195 -0.00157612
v 0.06105136 2.67790985 0.01467001
v 0.05983829 2.68761825 -0.00157612
v 0.04530429 2.73526001 -0.02188444
v 0.05087375 2.76049423 -0.01985353
v 0.0624094 2.73736572 -0.02188456
v 0.05386447 2.73620986 -0.02188438
v 0.06672 2.76285171 -0.01985359
v 0.07549381 2.71220779 -0.01477599
v 0.07090854 2.73872757 -0.02188456
v 0.08095645 2.68086242 0.01467001
v 0.07927799 2.69049453 -0.00157612
v 0.01087307 2.68461608 -0.00157618
v 0.02016568 2.70675277 -0.01477599
v 0.03051114 2.68510437 -0.00157618
v 0.02093625 2.67496109 0.01467001
v 0.02072262 2.68473434 -0.00157618
v 0.01087307 2.73357391 -0.0218845
v 0.01889157 2.75815963 -0.01985335
v 0.02810025 2.73399734 -0.02188456
v 0.01950955 2.73368072 -0.02188438
v 0.03490567 2.75894546 -0.01985341
v 0.03868985 2.70767211 -0.01477676
v 0.03668332 2.73451232 -0.02188444
v 0.04102444 2.67593002 0.01467007
v 0.04030728 2.6857109 -0.00157618
v -0.02831912 2.68654251 -0.00157618
v -0.01694369 2.70767211 -0.01477599
v -0.00875735 2.68510437 -0.00157618
v -0.01927065 2.67593002 0.01467007
v -0.01854586 2.6857109 -0.00157618
v -0.02355074 2.73526001 -0.02188444
v -0.01313662 2.75894546 -0.01985341
v -0.00634646 2.73399734 -0.02188456
v -0.01496768 2.73451232 -0.02188444
v 0.00286221 2.75815963 -0.01985335
v 0.00159573 2.70675277 -0.01477599
v 0.00224423 2.73368072 -0.02188438
v 0.00081753 2.67496109 0.01467001
v 0.00103879 2.68473434 -0.00157618
v -0.06717562 2.69228744 -0.00157612
v -0.05377078 2.71220779 -0.01477599
v -0.04782748 2.68894195 -0.00157612
v -0.05919528 2.68086242 0.01467001
v -0.05752444 2.69049453 -0.00157618
v -0.05761599 2.74031066 -0.02188438
v -0.04496645 2.76285171 -0.01985359
v -0.04065585 2.73736572 -0.02188456
v -0.04915499 2.73872757 -0.02188438
v -0.02911257 2.76049423 -0.01985353
v -0.03539156 2.70949554 -0.01477611
v -0.0321033 2.73620986 -0.02188438
v -0.03929019 2.67790985 0.01467001
v -0.03808474 2.68761825 -0.00157612
v -0.10526156 2.70183944 -0.00157612
v -0.08997225 2.72033309 -0.01477599
v -0.08634829 2.69660568 -0.00157618
v -0.09844851 2.68967819 0.01467007
v -0.09583926 2.69911575 -0.00157618
v -0.09104037 2.74869155 -0.02188444
v -0.07623934 2.7698822 -0.01985347
v -0.07443881 2.74410247 -0.02188456
v -0.08280062 2.74629592 -0.02188438
v -0.06069064 2.76598739 -0.01985353
v -0.07195162 2.71583175 -0.01477599
v -0.06606173 2.74210357 -0.02188444
v -0.07892489 2.68478775 0.01467001
v -0.0767734 2.69433975 -0.00157612
v -0.14221072 2.71507263 -0.00157618
v -0.12518191 2.73197174 -0.01477599
v -0.12393069 2.70800781 -0.00157618
v -0.13663363 2.70228195 0.01467001
v -0.13309359 2.71142196 -0.00157612
v -0.12348818 2.76030349 -0.02188444
v -0.10666537 2.77993774 -0.01985335
v -0.10740542 2.75410461 -0.02188444
v -0.11549258 2.75709152 -0.0218845
v -0.09158968 2.77453613 -0.01985365
v -0.10769534 2.72573089 -0.01477599
v -0.09928011 2.75128555 -0.02188438
v -0.1177051 2.69551086 0.01467001
v -0.11463809 2.70479965 -0.00157612
v -0.17773318 2.73186111 -0.00157612
v -0.15911746 2.74700546 -0.01477593
v -0.16017031 2.72303009 -0.00157612
v -0.17339205 2.71860122 0.01467001
v -0.16899752 2.72734069 -0.00157612
v -0.15465426 2.77502441 -0.02188444
v -0.1359775 2.79293823 -0.01985353
v -0.13923525 2.76728057 -0.02188438
v -0.14697146 2.77105331 -0.02188438
v -0.12147402 2.78606414 -0.01985347
v -0.1423099 2.73907852 -0.01477611
v -0.13142275 2.7636795 -0.02188438
v -0.15521884 2.70999145 0.01467001
v -0.15123629 2.71893692 -0.00157618
v -0.21140956 2.75204086 -0.00157612
v -0.19140505 2.76531219 -0.01477611
v -0.1947925 2.741539 -0.00157612
v -0.20838832 2.73841857 0.01467001
v -0.20316195 2.74668121 -0.00157612
v -0.18418765 2.79275131 -0.02188438
v -0.16388583 2.80872726 -0.01985329
v -0.16964602 2.783535 -0.02188456
v -0.1769855 2.78804397 -0.02188438
v -0.1501224 2.80048751 -0.01985359
v -0.17544436 2.75575256 -0.01477599
v -0.1621921 2.77919006 -0.02188438
v -0.19115328 2.72807312 0.01467001
v -0.18632388 2.73658371 -0.00157618
v -0.24291133 2.77542877 -0.00157618
v -0.22173976 2.78665161 -0.01477599
v -0.22745418 2.76335144 -0.00157612
v -0.2412939 2.7615776 0.01467007
v -0.23526668 2.7692871 -0.00157618
v -0.21188259 2.81327438 -0.02188438
v -0.19010806 2.82720184 -0.01985383
v -0.1982944 2.80268096 -0.02188444
v -0.20513033 2.80788421 -0.02188438
v -0.17720675 2.81762695 -0.01985341
v -0.20679354 2.77560424 -0.01477611
v -0.1913135 2.79762268 -0.02188438
v -0.22512722 2.74958801 0.01467001
v -0.21950435 2.7576065 -0.00157612
v -0.27201747 2.80179595 -0.00157618
v -0.24979305 2.81089782 -0.01477599
v -0.25778865 2.78826522 -0.00157612
v -0.27174282 2.78783798 0.01467001
v -0.26496791 2.7949295 -0.00157612
v -0.23741054 2.83641815 -0.02188438
v -0.21438503 2.84811019 -0.01985329
v -0.22492885 2.82453155 -0.02188438
v -0.23124599 2.83039093 -0.02188438
v -0.20248293 2.83736038 -0.01985365
v -0.2360754 2.79843521 -0.01477599
v -0.21848201 2.81882858 -0.02188438
v -0.25684261 2.77434921 0.01467001
v -0.25044155 2.78174591 -0.00157612
v -0.29837703 2.83088684 -0.00157606
v -0.27538204 2.83776855 -0.01477587
v -0.28558254 2.81602096 -0.00157612
v -0.29947567 2.81697464 0.01467007
v -0.29209041 2.82337951 -0.00157612
v -0.26055049 2.86194229 -0.02188444
v -0.2364645 2.87133789 -0.01985353
v -0.24929714 2.84889221 -0.02188444
v -0.2549963 2.85535812 -0.02188444
v -0.22569179 2.8594551 -0.01985359
v -0.26290798 2.82402801 -0.01477599
v -0.24343013 2.84257507 -0.02188438
v -0.28597164 2.80207443 0.01467001
v -0.27888393 2.80883026 -0.00157612
v -0.32178401 2.86242294 -0.00157612
v -0.2981863 2.86700439 -0.01477599
v -0.31046199 2.84636306 -0.00157612
v -0.32422542 2.84869003 0.01467001
v -0.31622219 2.85433578 -0.00157606
v -0.28106594 2.88962554 -0.02188438
v -0.25617885 2.896595 -0.01985335
v -0.27116298 2.87553024 -0.02188438
v -0.27619838 2.88251876 -0.02188438
v -0.24662685 2.88372802 -0.01985335
v -0.28716945 2.85211181 -0.01477599
v -0.2658987 2.86867141 -0.02188438
v -0.31223201 2.83253097 0.01467001
v -0.30451107 2.83855438 -0.00157612
v -0.34197163 2.89610672 -0.00157612
v -0.31806087 2.8983612 -0.01477617
v -0.33229732 2.8790245 -0.00157612
v -0.34573292 2.88267135 0.01467001
v -0.33723378 2.88749694 -0.00157612
v -0.29880428 2.91918182 -0.02188438
v -0.27333736 2.92370605 -0.01985335
v -0.29028224 2.90417861 -0.02188438
v -0.29463863 2.91162109 -0.02188438
v -0.26510524 2.90994262 -0.01985341
v -0.30850887 2.88243484 -0.01477599
v -0.2857809 2.89684677 -0.02188438
v -0.33540272 2.86541366 0.01467001
v -0.32712459 2.87066268 -0.00157612
v -0.35874867 2.93159866 -0.00157612
v -0.33474659 2.93148422 -0.01477599
v -0.3508141 2.91365814 -0.00157612
v -0.36383748 2.91859817 0.01467001
v -0.35490346 2.92259216 -0.00157612
v -0.31352138 2.95033264 -0.02188438
v -0.28775692 2.95232772 -0.01985335
v -0.30654048 2.93457794 -0.02188444
v -0.31014156 2.9424057 -0.02188438
v -0.28088283 2.93783187 -0.01985341
v -0.32681179 2.91471099 -0.01477599
v -0.30274105 2.92683029 -0.02188438
v -0.35522389 2.90039825 0.01467001
v -0.3464806 2.90481948 -0.00157606
v -0.37197041 2.96855926 -0.00157612
v -0.34806752 2.96609878 -0.01477599
v -0.36582112 2.94992446 -0.00157606
v -0.37830281 2.95613098 0.01467007
v -0.36900258 2.95920181 -0.00157618
v -0.32513332 2.98277282 -0.02188438
v -0.29929256 2.98223114 -0.01985341
v -0.31973171 2.96640777 -0.02188438
v -0.3225317 2.97454834 -0.02188438
v -0.29388332 2.96713256 -0.01985335
v -0.34182667 2.94864273 -0.01477599
v -0.31671047 2.95833206 -0.02188432
v -0.37152028 2.93718338 0.01467007
v -0.36238789 2.94071579 -0.00157612
v -0.38153004 3.00664138 -0.00157612
v -0.35798573 3.00186538 -0.01477599
v -0.37719655 2.98747253 -0.00157612
v -0.38906025 2.99489593 0.01467007
v -0.37948536 2.99703979 -0.00157612
v -0.33351063 3.01620483 -0.02188438
v -0.30783748 3.01314163 -0.01985335
v -0.32972621 2.9993782 -0.02188438
v -0.33173275 3.00775528 -0.02188444
v -0.30394649 2.99758911 -0.01985335
v -0.35350728 2.9838562 -0.01477599
v -0.32750606 2.99104309 -0.02188438
v -0.38414692 2.97537994 0.01467001
v -0.37472462 2.97798156 -0.00157612
v -0.38729023 3.04547119 -0.00157612
v -0.36433339 3.03842926 -0.01477593
v -0.38487935 3.0259819 -0.00157612
v -0.39589619 3.03452301 0.01467049
v -0.3861916 3.03573226 -0.00157612
v -0.33856129 3.05027771 -0.02188444
v -0.31331539 3.04471969 -0.01985329
v -0.33643269 3.03316497 -0.02188438
v -0.33760762 3.04172134 -0.02188438
v -0.31098079 3.02885818 -0.01985335
v -0.36161732 3.02005767 -0.01477599
v -0.33509755 3.02467727 -0.02188438
v -0.39297413 3.01462936 0.01467001
v -0.38330769 3.01630401 -0.00157612
v -0.38918995 3.08469772 -0.00157612
v -0.36704945 3.07542419 -0.01477599
v -0.38872456 3.06505966 -0.00157612
v -0.39887166 3.07464981 0.01467001
v -0.38907551 3.07487487 -0.00157612
v -0.34023976 3.08469772 -0.02188414
v -0.31567287 3.07669448 -0.01985341
v -0.33984303 3.06747818 -0.02188438
v -0.34014821 3.0760765 -0.02188438
v -0.31489467 3.06067657 -0.01985335
v -0.36612629 3.05688476 -0.01477599
v -0.33929371 3.05886459 -0.02188414
v -0.39790272 3.05455398 0.01467007
v -0.38812947 3.0552597 -0.00157612
v -0.38729023 3.12390136 -0.00157618
v -0.36612629 3.11251449 -0.01477593
v -0.38872456 3.10432815 -0.00157606
v -0.39790272 3.1148529 0.01467007
v -0.38812947 3.11412429 -0.00157612
v -0.33856129 3.11912536 -0.02188438
v -0.31489467 3.10871887 -0.01985329
v -0.33984303 3.10192489 -0.02188438
v -0.33929371 3.11051559 -0.02188438
v -0.31567287 3.09272003 -0.01985335
v -0.36704945 3.09398651 -0.01477599
v -0.34014821 3.09331131 -0.02188438
v -0.39887166 3.09474945 0.01467001
v -0.38907551 3.09451293 -0.00157612
v -0.38153004 3.16274261 -0.00157606
v -0.36161732 3.14931869 -0.01477599
v -0.38487935 3.14338684 -0.00157612
v -0.39297413 3.15477371 0.01467007
v -0.38330769 3.15310287 -0.00157618
v -0.33351063 3.15319824 -0.02188348
v -0.31098079 3.14054107 -0.01985299
v -0.33643269 3.13621521 -0.02188438
v -0.33509755 3.14471817 -0.02188348
v -0.31331539 3.12467575 -0.01985293
v -0.36433339 3.13097 -0.01477599
v -0.33760762 3.12768173 -0.02188438
v -0.39589619 3.13486862 0.01467007
v -0.3861916 3.13366699 -0.00157612
v -0.37197041 3.20083236 -0.00157624
v -0.35350728 3.18552017 -0.01477599
v -0.37719655 3.18190765 -0.00157618
v -0.38414692 3.19399642 0.01467013
v -0.37472462 3.19139862 -0.00157612
v -0.32513332 3.18661499 -0.0218839
v -0.30394649 3.17181396 -0.01985293
v -0.32972621 3.17002868 -0.02188438
v -0.32750606 3.17834091 -0.02188348
v -0.30783748 3.15626907 -0.01985293
v -0.35798573 3.16753006 -0.01477599
v -0.33173275 3.16161727 -0.02188354
v -0.38906025 3.17450332 0.01467007
v -0.37948536 3.17235946 -0.00157612
v -0.35874867 3.23779296 -0.00157612
v -0.34182667 3.22075653 -0.01477593
v -0.36582112 3.2194786 -0.00157612
v -0.37152028 3.23221588 0.01467013
v -0.36238789 3.22867965 -0.00157612
v -0.31352138 3.21907806 -0.02188342
v -0.29388332 3.20225906 -0.01985293
v -0.31973171 3.20298385 -0.02188438
v -0.31671047 3.21107482 -0.0218833
v -0.29929256 3.1871643 -0.01985293
v -0.34806752 3.20327758 -0.01477599
v -0.3225317 3.19483184 -0.02188342
v -0.37830281 3.21325302 0.01467007
v -0.36900258 3.21017837 -0.00157618
v -0.34197163 3.27328109 -0.00157612
v -0.32681179 3.25466156 -0.01477599
v -0.3508141 3.25575256 -0.00157618
v -0.35522389 3.26897811 0.01467007
v -0.3464806 3.26458358 -0.00157612
v -0.29880428 3.25020599 -0.02188402
v -0.28088283 3.23155593 -0.01985299
v -0.30654048 3.2348175 -0.02188444
v -0.30274105 3.24256515 -0.0218839
v -0.28775692 3.21706008 -0.01985293
v -0.33474659 3.23788833 -0.01477599
v -0.31014156 3.22698974 -0.02188348
v -0.36383748 3.2508049 0.01467001
v -0.35490346 3.24682235 -0.00157618
v -0.32178401 3.30695724 -0.00157618
v -0.30850887 3.28695297 -0.01477593
v -0.33229732 3.29037475 -0.00157612
v -0.33540272 3.30397796 0.01467007
v -0.32712459 3.29873275 -0.00157612
v -0.28106594 3.27976989 -0.02188336
v -0.26510524 3.25946426 -0.01985293
v -0.29028224 3.26521301 -0.02188438
v -0.2857809 3.2725296 -0.02188342
v -0.27333736 3.24569702 -0.01985293
v -0.31806087 3.27103424 -0.01477599
v -0.29463863 3.25777435 -0.02188342
v -0.34573292 3.2867279 0.01467013
v -0.33723378 3.28189086 -0.00157612
v -0.29837703 3.3385086 -0.00157612
v -0.28716945 3.31728363 -0.01477599
v -0.31046199 3.32302475 -0.00157612
v -0.31223201 3.3368721 0.01467007
v -0.30451107 3.33084106 -0.00157612
v -0.26055049 3.30743789 -0.02188342
v -0.24662685 3.28565216 -0.01985269
v -0.27116298 3.29386901 -0.02188438
v -0.2658987 3.30072403 -0.02188336
v -0.25617885 3.27278518 -0.01985293
v -0.2981863 3.30237579 -0.01477599
v -0.27619838 3.28686904 -0.02188342
v -0.32422542 3.32070159 0.01467007
v -0.31622219 3.31504821 -0.00157612
v -0.27201747 3.36759948 -0.00157612
v -0.26290798 3.34537506 -0.01477587
v -0.28558254 3.35337066 -0.00157612
v -0.28597164 3.36732101 0.01467013
v -0.27888393 3.36055374 -0.00157612
v -0.23741054 3.33298492 -0.02188372
v -0.22569179 3.30993652 -0.01985293
v -0.24929714 3.32051086 -0.02188438
v -0.24343013 3.32682418 -0.02188348
v -0.2364645 3.29804229 -0.01985287
v -0.27538204 3.33162307 -0.01477599
v -0.2549963 3.3140335 -0.02188336
v -0.29947567 3.35243225 0.01467007
v -0.29209041 3.34601593 -0.00157612
v -0.24291133 3.39396667 -0.00157612
v -0.2360754 3.3709526 -0.01477593
v -0.25778865 3.38113403 -0.00157612
v -0.25684261 3.39505004 0.01467013
v -0.25044155 3.38763809 -0.00157612
v -0.21188259 3.35611343 -0.02188348
v -0.20248293 3.33203506 -0.01985293
v -0.22492885 3.34484863 -0.02188438
v -0.21848201 3.35057449 -0.0218839
v -0.21438503 3.32126617 -0.01985293
v -0.24979305 3.3584938 -0.01477599
v -0.23124599 3.33899688 -0.0218836
v -0.27174282 3.38154983 0.01467007
v -0.26496791 3.37445068 -0.00157612
v -0.21140956 3.41734695 -0.00157624
v -0.20679354 3.39377975 -0.01477599
v -0.22745418 3.40603637 -0.00157612
v -0.22512722 3.41980361 0.01467007
v -0.21950435 3.41180419 -0.00157612
v -0.18418765 3.37664413 -0.0218836
v -0.17720675 3.35177612 -0.01985293
v -0.1982944 3.36670684 -0.02188438
v -0.1913135 3.37178421 -0.02188342
v -0.19010806 3.34220504 -0.01985293
v -0.22173976 3.38272857 -0.01477599
v -0.20513033 3.36148834 -0.02188342
v -0.2412939 3.40781784 0.01467013
v -0.23526668 3.40008926 -0.00157612
v -0.17773318 3.43752288 -0.00157606
v -0.17544436 3.41361618 -0.01477593
v -0.1947925 3.42784118 -0.00157612
v -0.19115328 3.44131469 0.01467013
v -0.18632388 3.43278884 -0.00157612
v -0.15465426 3.39434814 -0.02188342
v -0.1501224 3.36890411 -0.01985293
v -0.16964602 3.38585662 -0.02188432
v -0.1621921 3.39020919 -0.02188336
v -0.16388583 3.36065292 -0.01985293
v -0.19140505 3.40408706 -0.01477599
v -0.1769855 3.3813591 -0.02188372
v -0.20838832 3.43097305 0.01467007
v -0.20316195 3.4227066 -0.00157618
v -0.14221072 3.45433044 -0.00157612
v -0.1423099 3.43031692 -0.01477587
v -0.16017031 3.44636154 -0.00157612
v -0.15521884 3.45938873 0.01467013
v -0.15123629 3.45045471 -0.00157612
v -0.12348818 3.40910339 -0.02188342
v -0.12147402 3.38332366 -0.01985293
v -0.13923525 3.40210723 -0.02188432
v -0.13142275 3.40568924 -0.02188342
v -0.1359775 3.37646102 -0.01985293
v -0.15911746 3.42237472 -0.01477599
v -0.14697146 3.39832687 -0.02188342
v -0.17339205 3.45079803 0.01467007
v -0.16899752 3.44205093 -0.00157612
v -0.10526156 3.46754837 -0.00157606
v -0.10769534 3.44366073 -0.01477587
v -0.12393069 3.46140289 -0.00157612
v -0.1177051 3.47387695 0.01467013
v -0.11463809 3.46457672 -0.00157612
v -0.09104037 3.42068862 -0.02188342
v -0.09158968 3.39486312 -0.01985305
v -0.10740542 3.41528701 -0.02188432
v -0.09928011 3.41807556 -0.02188366
v -0.10666537 3.38946533 -0.01985293
v -0.12518191 3.43740463 -0.01477599
v -0.11549258 3.41229629 -0.02188342
v -0.13663363 3.46710205 0.01467013
v -0.13309359 3.45796203 -0.00157612
v -0.06717562 3.47707366 -0.00157612
v -0.07195162 3.45355224 -0.01477599
v -0.08634829 3.47278213 -0.00157612
v -0.07892489 3.48460006 0.01467007
v -0.0767734 3.47505188 -0.00157612
v -0.05761599 3.42907333 -0.0218836
v -0.06069064 3.40341186 -0.01985293
v -0.07443881 3.42530059 -0.02188438
v -0.06606173 3.42728042 -0.0218833
v -0.07623934 3.39951705 -0.01985293
v -0.08997225 3.44905471 -0.01477599
v -0.08280062 3.42309188 -0.02188342
v -0.09844851 3.47972869 0.01467013
v -0.09583926 3.47027206 -0.00157612
v -0.03539156 3.45991134 -0.01477593
v -0.04782748 3.48043823 -0.00157612
v -0.03929019 3.49146652 0.01467007
v -0.03808474 3.48177337 -0.00157612
v -0.02911257 3.4088974 -0.01985293
v -0.04065585 3.43201446 -0.02188438
v -0.0321033 3.43317794 -0.0218836
v -0.04496645 3.40652084 -0.01985293
v -0.05377078 3.45716095 -0.01477593
v -0.04915499 3.43064498 -0.02188342
v -0.05919528 3.48851776 0.01467007
v -0.05752444 3.47888946 -0.00157618
v -0.02355074 3.43413543 0.05122458
v -0.03539156 3.45991516 0.04411727
v -0.04065585 3.43201065 0.0512247
v -0.02911257 3.4088974 0.04919457
v -0.0321033 3.4331932 0.05122464
v -0.02831912 3.48284149 0.03091728
v -0.04782748 3.48043823 0.0309174
v -0.03808474 3.48177337 0.03091746
v -0.06717562 3.47707366 0.03091716
v -0.05377078 3.45716476 0.04411733
v -0.05752444 3.47889328 0.03091746
v -0.05761599 3.42907333 0.05122458
v -0.04496645 3.40652084 0.04919457
v -0.04915499 3.43064498 0.05122458
v -0.07195162 3.45357132 0.04411727
v -0.07443881 3.42529296 0.05122447
v -0.06069064 3.40340805 0.04919403
v -0.06606173 3.42728042 0.05122458
v -0.08634829 3.47278213 0.0309174
v -0.0767734 3.47507858 0.03091728
v -0.10526156 3.46754455 0.03091728
v -0.08997225 3.44905471 0.04411733
v -0.09583926 3.47027206 0.03091728
v -0.09104037 3.42069244 0.05122458
v -0.07623934 3.39951705 0.04919379
v -0.08280062 3.42309951 0.05122458
v -0.10769534 3.44366073 0.04411727
v -0.10740542 3.41528701 0.05122464
v -0.09158968 3.39486312 0.04919451
v -0.09928011 3.41808319 0.05122464
v -0.12393069 3.46139907 0.03091746
v -0.11463809 3.4645729 0.03091746
v -0.14221072 3.45433044 0.0309174
v -0.12518191 3.43740463 0.04411733
v -0.13309359 3.45796203 0.0309174
v -0.12348818 3.40910339 0.05122458
v -0.10666537 3.38946533 0.04919391
v -0.11549258 3.41229629 0.05122458
v -0.1423099 3.43031692 0.04411733
v -0.13923525 3.40210723 0.0512247
v -0.12147402 3.38332366 0.04919379
v -0.13142275 3.40568924 0.05122464
v -0.16017031 3.44636154 0.03091746
v -0.15123629 3.45045471 0.03091728
v -0.17773318 3.43752288 0.0309174
v -0.15911746 3.42237091 0.04411703
v -0.16899752 3.44205093 0.03091722
v -0.15465426 3.39434814 0.05122458
v -0.1359775 3.37645721 0.04919457
v -0.14697146 3.39832305 0.05122464
v -0.17544436 3.41361999 0.04411733
v -0.16964602 3.38585662 0.0512247
v -0.1501224 3.36890792 0.04919433
v -0.1621921 3.39020919 0.05122464
v -0.1947925 3.42784118 0.03091728
v -0.18632388 3.43282318 0.03091746
v -0.21140956 3.41733932 0.03091728
v -0.19140505 3.40409088 0.04411727
v -0.20316195 3.4227066 0.03091728
v -0.18418765 3.37664794 0.05122464
v -0.16388583 3.36065292 0.04919451
v -0.1769855 3.38135528 0.05122458
v -0.20679354 3.39377975 0.04411727
v -0.1982944 3.36671829 0.05122464
v -0.17720675 3.35177993 0.04919379
v -0.1913135 3.37178039 0.0512247
v -0.22745418 3.40603637 0.0309174
v -0.21950435 3.41180038 0.0309174
v -0.24291133 3.39396286 0.03091746
v -0.22173976 3.38274765 0.04411727
v -0.23526668 3.40008926 0.03091746
v -0.21188259 3.35611343 0.0512247
v -0.19010806 3.34220504 0.04919445
v -0.20513033 3.36148834 0.05122464
v -0.2360754 3.3709526 0.04411733
v -0.22492885 3.34486007 0.05122447
v -0.20248293 3.33203506 0.04919457
v -0.21848201 3.35057067 0.05122464
v -0.25778865 3.3811264 0.03091728
v -0.25044155 3.38764953 0.03091728
v -0.27201747 3.36759185 0.03091728
v -0.24979305 3.35849762 0.04411721
v -0.26496791 3.37445449 0.03091746
v -0.23741054 3.33298111 0.05122458
v -0.21438503 3.32126617 0.04919451
v -0.23124599 3.33899307 0.05122464
v -0.26290798 3.34537124 0.04411697
v -0.24929714 3.32051086 0.05122458
v -0.22569179 3.30993652 0.04919379
v -0.24343013 3.3268013 0.05122458
v -0.28558254 3.35337066 0.0309174
v -0.27888393 3.36055755 0.03091728
v -0.29837703 3.3385086 0.03091728
v -0.27538204 3.33162307 0.04411721
v -0.29209041 3.34601211 0.03091728
v -0.26055049 3.30743789 0.05122447
v -0.2364645 3.29804229 0.04919451
v -0.2549963 3.31402969 0.05122458
v -0.28716945 3.317276 0.04411715
v -0.27116298 3.29385376 0.05122447
v -0.24662685 3.28565216 0.04919463
v -0.2658987 3.30072021 0.05122464
v -0.31046199 3.32302475 0.03091746
v -0.30451107 3.33084106 0.03091728
v -0.32178401 3.30695724 0.03091728
v -0.2981863 3.30237579 0.04411721
v -0.31622219 3.31505584 0.03091722
v -0.28106594 3.27976989 0.05122458
v -0.25617885 3.27278518 0.04919451
v -0.27619838 3.28686904 0.05122458
v -0.30850887 3.28694915 0.04411733
v -0.29028224 3.26521301 0.05122453
v -0.26510524 3.25946426 0.04919391
v -0.2857809 3.27253723 0.05122464
v -0.33229732 3.29037475 0.03091734
v -0.32712459 3.29873657 0.03091728
v -0.34197163 3.27326965 0.03091746
v -0.31806087 3.27102661 0.04411721
v -0.33723378 3.28189086 0.03091728
v -0.29880428 3.25020599 0.05122458
v -0.27333736 3.24569702 0.04919451
v -0.29463863 3.25777435 0.05122458
v -0.32681179 3.25466156 0.04411727
v -0.30654048 3.23482132 0.05122447
v -0.28088283 3.23155593 0.04919379
v -0.30274105 3.24256134 0.05122464
v -0.3508141 3.25574874 0.0309174
v -0.3464806 3.26458358 0.0309174
v -0.35874867 3.23779678 0.0309174
v -0.33474659 3.23788833 0.04411721
v -0.35490346 3.24682235 0.0309171
v -0.31352138 3.21907806 0.05122458
v -0.28775692 3.21705627 0.04919451
v -0.31014156 3.22698593 0.05122458
v -0.34182667 3.22075653 0.04411727
v -0.31973171 3.20298385 0.05122458
v -0.29388332 3.20224762 0.04919391
v -0.31671047 3.21106338 0.05122464
v -0.36582112 3.2194786 0.03091728
v -0.36238789 3.22867965 0.03091728
v -0.37197041 3.20083618 0.03091746
v -0.34806752 3.2032814 0.04411721
v -0.36900258 3.210186 0.0309174
v -0.32513332 3.18661499 0.05122458
v -0.29929256 3.1871643 0.04919415
v -0.3225317 3.19483184 0.05122458
v -0.35350728 3.18552398 0.04411727
v -0.32972621 3.17002487 0.05122447
v -0.30394649 3.17181396 0.04919379
v -0.32750606 3.17833709 0.05122453
v -0.37719655 3.18190765 0.03091728
v -0.37472462 3.19139862 0.03091728
v -0.38153004 3.16274261 0.0309174
v -0.35798573 3.16752624 0.04411727
v -0.37948536 3.17235565 0.0309174
v -0.33351063 3.15319824 0.05122458
v -0.30783748 3.15626907 0.04919397
v -0.33173275 3.16161346 0.05122458
v -0.36161732 3.14932251 0.04411697
v -0.33643269 3.13622283 0.05122447
v -0.31098079 3.14054107 0.04919451
v -0.33509755 3.1447258 0.05122458
v -0.38487935 3.1434021 0.03091728
v -0.38330769 3.15309524 0.03091728
v -0.38729023 3.12390518 0.0309174
v -0.36433339 3.13097 0.04411733
v -0.3861916 3.13366699 0.03091728
v -0.33856129 3.11912155 0.05122447
v -0.31331539 3.12467575 0.04919451
v -0.33760762 3.12768173 0.05122458
v -0.36612629 3.11252212 0.04411703
v -0.33984303 3.10192489 0.05122447
v -0.31489467 3.10871887 0.04919451
v -0.33929371 3.1105194 0.05122458
v -0.38872456 3.10433578 0.0309174
v -0.38812947 3.11412429 0.03091722
v -0.38918995 3.0846939 0.0309174
v -0.36704945 3.09397125 0.04411613
v -0.38907551 3.09451293 0.03091651
v -0.34023976 3.08469772 0.05122435
v -0.31567287 3.09271621 0.04919451
v -0.34014821 3.09331131 0.05122453
v -0.36704945 3.07541656 0.04411649
v -0.33984303 3.06747436 0.05122458
v -0.31567287 3.07669067 0.04919415
v -0.34014821 3.0760765 0.05122458
v -0.38872456 3.06506347 0.03091728
v -0.38907551 3.07487487 0.03091716
v -0.38729023 3.04548263 0.03091728
v -0.36612629 3.05688095 0.04411721
v -0.38812947 3.05525589 0.03091651
v -0.33856129 3.05027771 0.05122458
v -0.31489467 3.06068038 0.04919445
v -0.33929371 3.05886077 0.05122458
v -0.36433339 3.03841018 0.04411727
v -0.33643269 3.03316497 0.05122458
v -0.31331539 3.04470443 0.04919415
v -0.33760762 3.04172134 0.05122458
v -0.38487935 3.0259819 0.03091728
v -0.3861916 3.03573226 0.03091722
v -0.38153004 3.00664138 0.03091722
v -0.36161732 3.02005767 0.04411619
v -0.38330769 3.01630401 0.03091651
v -0.33351063 3.01620864 0.05122447
v -0.31098079 3.02885818 0.04919379
v -0.33509755 3.02467727 0.05122464
v -0.35798573 3.00186538 0.04411625
v -0.32972621 2.9993782 0.05122447
v -0.30783748 3.013134 0.04919379
v -0.33173275 3.00775528 0.05122458
v -0.37719655 2.98747253 0.03091639
v -0.37948536 2.99703979 0.03091663
v -0.37197041 2.96855926 0.03091645
v -0.35350728 2.9838562 0.04411655
v -0.37472462 2.97798538 0.03091645
v -0.32513332 2.98277282 0.05122447
v -0.30394649 2.99757766 0.04919379
v -0.32750606 2.99105072 0.05122458
v -0.34806752 2.96609878 0.04411721
v -0.31973171 2.96642303 0.05122447
v -0.29929256 2.98223495 0.04919391
v -0.3225317 2.97454834 0.05122458
v -0.36582112 2.94990921 0.03091645
v -0.36900258 2.95919799 0.03091639
v -0.35874867 2.93159103 0.03091651
v -0.34182667 2.94865036 0.04411715
v -0.36238789 2.94070053 0.03091639
v -0.31352138 2.95033264 0.05122458
v -0.29388332 2.96712493 0.04919391
v -0.31671047 2.95832824 0.05122458
v -0.33474659 2.93149948 0.04411727
v -0.30654048 2.93457412 0.05122458
v -0.28775692 2.95232009 0.04919421
v -0.31014156 2.94241333 0.05122458
v -0.3508141 2.91364288 0.03091728
v -0.35490346 2.92257309 0.03091639
v -0.34197163 2.89611053 0.03091633
v -0.32681179 2.91471099 0.04411721
v -0.3464806 2.90481948 0.03091639
v -0.29880428 2.919178 0.05122458
v -0.28088283 2.93783187 0.04919451
v -0.30274105 2.92682647 0.05122458
v -0.31806087 2.8983612 0.04411721
v -0.29028224 2.9041748 0.05122458
v -0.27333736 2.92370224 0.04919344
v -0.29463863 2.91162109 0.05122458
v -0.33229732 2.87902069 0.03091615
v -0.33723378 2.88750839 0.03091639
v -0.32178401 2.86242294 0.03091639
v -0.30850887 2.88244628 0.04411619
v -0.32712459 2.8706665 0.03091609
v -0.28106594 2.88962554 0.05122447
v -0.26510524 2.90994262 0.04919344
v -0.2857809 2.89684677 0.05122458
v -0.2981863 2.86700439 0.04411697
v -0.27116298 2.87553024 0.05122447
v -0.25617885 2.89661026 0.04919314
v -0.27619838 2.88250732 0.05122399
v -0.31046199 2.84636306 0.03091609
v -0.31622219 2.85433197 0.03091603
v -0.29837703 2.83088684 0.03091645
v -0.28716945 2.852108 0.04411721
v -0.30451107 2.83855438 0.03091591
v -0.26055049 2.86193847 0.05122405
v -0.24662685 2.88372421 0.04919338
v -0.2658987 2.86867141 0.05122453
v -0.27538204 2.83777618 0.04411715
v -0.24929714 2.84889984 0.05122441
v -0.2364645 2.87134552 0.04919314
v -0.2549963 2.85534286 0.05122458
v -0.28558254 2.81602096 0.03091639
v -0.29209041 2.82337951 0.03091639
v -0.27201747 2.80179977 0.03091639
v -0.26290798 2.82403183 0.04411619
v -0.27888393 2.80883026 0.03091639
v -0.23741054 2.83642196 0.05122447
v -0.22569179 2.8594551 0.0491932
v -0.24343013 2.84257507 0.05122435
v -0.24979305 2.81089782 0.04411727
v -0.22492885 2.82453537 0.05122447
v -0.21438503 2.84811782 0.0491932
v -0.23124599 2.83039093 0.05122447
v -0.25778865 2.78826522 0.03091639
v -0.26496791 2.7949295 0.03091639
v -0.24291133 2.77542877 0.03091639
v -0.2360754 2.79843139 0.04411703
v -0.25044155 2.78175354 0.03091615
v -0.21188259 2.81327438 0.05122458
v -0.20248293 2.83736038 0.04919338
v -0.21848201 2.81883239 0.05122447
v -0.22173976 2.78665161 0.04411721
v -0.1982944 2.80267334 0.05122458
v -0.19010806 2.82719039 0.0491932
v -0.20513033 2.80788421 0.05122393
v -0.22745418 2.76335525 0.03091639
v -0.23526668 2.76929855 0.03091585
v -0.21140956 2.75204467 0.03091603
v -0.20679354 2.77561187 0.04411637
v -0.21950435 2.75760269 0.03091603
v -0.18418765 2.79273986 0.05122458
v -0.17720675 2.81762695 0.0491932
v -0.1913135 2.79762268 0.05122411
v -0.19140505 2.76530075 0.04411703
v -0.16964602 2.78352737 0.05122441
v -0.16388583 2.80871963 0.04919314
v -0.1769855 2.78804397 0.05122363
v -0.1947925 2.74154663 0.03091639
v -0.20316195 2.74668121 0.03091615
v -0.17773318 2.73186492 0.03091639
v -0.17544436 2.75575256 0.04411703
v -0.18632388 2.73658371 0.03091639
v -0.15465426 2.77503204 0.05122458
v -0.1501224 2.80048751 0.04919326
v -0.1621921 2.77917861 0.05122458
v -0.15911746 2.74700546 0.04411649
v -0.13923525 2.76728057 0.05122458
v -0.1359775 2.7929306 0.04919344
v -0.14697146 2.77105331 0.05122447
v -0.16017031 2.72302246 0.03091639
v -0.16899752 2.72734451 0.03091639
v -0.14221072 2.71507263 0.03091639
v -0.1423099 2.73907852 0.04411721
v -0.15123629 2.71893692 0.03091639
v -0.12348818 2.76029968 0.05122447
v -0.12147402 2.78606796 0.04919332
v -0.13142275 2.76370239 0.05122447
v -0.12518191 2.73197174 0.04411703
v -0.10740542 2.75409698 0.05122399
v -0.10666537 2.77993392 0.04919314
v -0.11549258 2.75709915 0.05122447
v -0.12393069 2.70800399 0.03091591
v -0.13309359 2.71143722 0.03091639
v -0.10526156 2.70183944 0.03091615
v -0.10769534 2.72572708 0.04411703
v -0.11463809 2.70480346 0.03091639
v -0.09104037 2.74869155 0.05122393
v -0.09158968 2.77453613 0.04919314
v -0.09928011 2.75128936 0.05122381
v -0.08997225 2.72033309 0.04411703
v -0.07443881 2.74409103 0.05122441
v -0.07623934 2.7698822 0.04919332
v -0.08280062 2.74629592 0.05122435
v -0.08634829 2.69660949 0.03091615
v -0.09583926 2.69911575 0.03091603
v -0.06717562 2.6923027 0.03091639
v -0.07195162 2.71583175 0.04411625
v -0.0767734 2.69433212 0.03091645
v -0.05761599 2.74030685 0.05122447
v -0.06069064 2.76598358 0.04919308
v -0.06606173 2.74209594 0.05122441
v -0.05377078 2.71220779 0.04411625
v -0.04065585 2.73737335 0.05122435
v -0.04496645 2.7628479 0.04919314
v -0.04915499 2.73873138 0.05122447
v -0.04782748 2.68896484 0.03091615
v -0.05752444 2.69049835 0.03091639
v -0.02831912 2.68654632 0.03091603
v -0.03539156 2.70949173 0.04411625
v -0.03808474 2.68761825 0.03091603
v -0.02355074 2.73525619 0.05122447
v -0.02911257 2.76049804 0.04919344
v -0.0321033 2.73620986 0.05122453
v -0.01694369 2.70767211 0.04411625
v -0.00634646 2.73398971 0.05122441
v -0.01313662 2.75893402 0.0491932
v -0.01496768 2.73451614 0.05122447
v -0.00875735 2.68510437 0.03091615
v -0.01854586 2.6857109 0.03091615
v 0.01087307 2.68461608 0.03091585
v 0.00159573 2.70674896 0.04411697
v 0.00103879 2.68473434 0.03091639
v 0.01087307 2.73357009 0.05122447
v 0.00286221 2.75815582 0.04919308
v 0.00224423 2.73366928 0.05122375
v 0.02016568 2.70674896 0.04411697
v 0.02810025 2.73398971 0.05122441
v 0.01889157 2.75815582 0.04919308
v 0.01950955 2.73366928 0.05122375
v 0.03051114 2.68510437 0.03091615
v 0.02072262 2.68473434 0.03091639
v 0.05007267 2.68654632 0.03091603
v 0.03868985 2.70767211 0.04411625
v 0.04030728 2.6857109 0.03091615
v 0.04530429 2.73525619 0.05122447
v 0.03490567 2.75893402 0.0491932
v 0.03668332 2.73451614 0.05122447
v 0.05714511 2.70949173 0.04411625
v 0.0624094 2.73737335 0.05122435
v 0.05087375 2.76049804 0.04919344
v 0.05386447 2.73620986 0.05122453
v 0.06958866 2.68896484 0.03091615
v 0.05983829 2.68761825 0.03091603
v 0.08894443 2.6923027 0.03091639
v 0.07549381 2.71220779 0.04411625
v 0.07927799 2.69049835 0.03091639
v 0.07936954 2.74030685 0.05122447
v 0.06672 2.7628479 0.04919314
v 0.07090854 2.73873138 0.05122447
v 0.09370517 2.71583175 0.04411625
v 0.09619998 2.74409103 0.05122441
v 0.08244419 2.76598358 0.04919308
v 0.08782291 2.74209594 0.05122441
v 0.10810184 2.69660949 0.03091615
v 0.09853458 2.69433212 0.03091645
v 0.12701511 2.70183944 0.03091615
v 0.11169529 2.72033309 0.04411584
v 0.11759281 2.69911575 0.03091603
v 0.11279392 2.74869155 0.05122393
v 0.09800052 2.7698822 0.04919332
v 0.10451602 2.74629592 0.05122435
v 0.12945652 2.72572708 0.04411703
v 0.12915897 2.75409698 0.05122399
v 0.11334323 2.77453613 0.04919314
v 0.12099552 2.75128936 0.05122381
v 0.14564609 2.70800399 0.03091591
v 0.13635349 2.70480346 0.03091639
v 0.1639719 2.71507263 0.03091639
v 0.14692783 2.73198318 0.04411625
v 0.15485477 2.71143722 0.03091639
v 0.14524173 2.76029968 0.05122447
v 0.12843418 2.77993392 0.04919314
v 0.13724613 2.75709915 0.05122447
v 0.16406345 2.73907852 0.04411721
v 0.16099643 2.76728057 0.05122458
v 0.1432352 2.78606796 0.04919332
v 0.15316104 2.76370239 0.05122447
v 0.18193149 2.72302246 0.03091639
v 0.1730051 2.71893692 0.03091639
v 0.19948673 2.73186492 0.03091615
v 0.18083286 2.74700546 0.04411625
v 0.19075107 2.72734451 0.03091639
v 0.17636966 2.77503204 0.05122458
v 0.15773868 2.7929306 0.04919344
v 0.16873264 2.77105331 0.05122447
v 0.19719791 2.75575256 0.04411625
v 0.19139957 2.78352737 0.05122441
v 0.17187595 2.80048751 0.04919326
v 0.18396091 2.77917861 0.05122447
v 0.21654605 2.74154663 0.03091639
v 0.20807743 2.73658371 0.03091639
v 0.2331705 2.75204467 0.03091603
v 0.21311283 2.76530075 0.04411715
v 0.2249155 2.74668121 0.03091639
v 0.2059412 2.79273986 0.05122447
v 0.18563938 2.80871963 0.04919314
v 0.19874668 2.78804397 0.05122393
v 0.22856235 2.77561187 0.04411637
v 0.2200098 2.80267334 0.05122458
v 0.19896793 2.81763076 0.04919332
v 0.21307468 2.79762268 0.05122411
v 0.24919986 2.76335525 0.03091639
v 0.24122715 2.75760269 0.03091591
v 0.26467227 2.77542877 0.03091603
v 0.24345493 2.78665161 0.04411727
v 0.25701236 2.76929855 0.03091639
v 0.23364353 2.81327438 0.05122441
v 0.21186161 2.82719039 0.0491932
v 0.22689151 2.80788421 0.05122393
v 0.25779819 2.79843139 0.04411703
v 0.24668216 2.82453537 0.05122464
v 0.22424411 2.83736038 0.04919338
v 0.24025058 2.81883239 0.05122447
v 0.27954196 2.78826522 0.03091615
v 0.27218723 2.78175354 0.03091639
v 0.29377079 2.80179977 0.03091615
v 0.27155399 2.81089782 0.04411619
v 0.28672885 2.7949295 0.03091639
v 0.25916385 2.83642196 0.05122458
v 0.23610019 2.84811782 0.04919344
v 0.25300693 2.83039093 0.05122447
v 0.28467655 2.82403183 0.04411625
v 0.27105045 2.84889984 0.05122381
v 0.24745273 2.8594551 0.04919308
v 0.2651453 2.84257507 0.05122458
v 0.30734443 2.81602096 0.03091639
v 0.30064582 2.80883026 0.03091615
v 0.3201313 2.83088684 0.03091615
v 0.29714393 2.83777618 0.04411655
v 0.31380653 2.82337951 0.03091639
v 0.28231144 2.86193847 0.05122458
v 0.25821781 2.87134552 0.04919314
v 0.27674961 2.85534286 0.05122381
v 0.30892372 2.85210418 0.04411697
v 0.29287815 2.87553024 0.05122447
v 0.26838016 2.88372421 0.04919308
v 0.28766727 2.86867141 0.05122447
v 0.33221626 2.84636306 0.03091615
v 0.32628059 2.83855438 0.03091615
v 0.34354591 2.86242294 0.03091645
v 0.31995582 2.86700439 0.04411727
v 0.33797645 2.85433197 0.03091615
v 0.3028202 2.88962554 0.05122458
v 0.27794742 2.89661026 0.04919332
v 0.29795265 2.88251876 0.05122447
v 0.33027076 2.88244628 0.04411703
v 0.31203651 2.9041748 0.05122447
v 0.28687381 2.90994644 0.04919332
v 0.30753517 2.89684677 0.05122447
v 0.35401344 2.87903213 0.03091639
v 0.34888649 2.8706665 0.03091609
v 0.36369514 2.89611053 0.03091633
v 0.33982276 2.8983612 0.04411721
v 0.35894966 2.88750839 0.03091615
v 0.32055854 2.919178 0.05122441
v 0.29509162 2.92370224 0.04919344
v 0.31638526 2.91162109 0.05122447
v 0.34857368 2.91471099 0.04411655
v 0.32829475 2.93457412 0.05122441
v 0.3026371 2.93783569 0.04919338
v 0.32451057 2.92682647 0.05122447
v 0.37252998 2.91364288 0.03091728
v 0.368227 2.90481948 0.03091615
v 0.38051033 2.93159103 0.03091639
v 0.35649299 2.93149566 0.04411619
v 0.37662696 2.92257309 0.03091651
v 0.33527565 2.95033264 0.05122447
v 0.30950355 2.95232009 0.0491932
v 0.33186531 2.94241333 0.05122447
v 0.3635807 2.94865036 0.04411715
v 0.34150123 2.96642303 0.05122411
v 0.31563758 2.96712493 0.04919379
v 0.33846473 2.95832824 0.05122447
v 0.38757515 2.94990921 0.03091597
v 0.38414192 2.94070053 0.03091645
v 0.39373207 2.96856308 0.03091597
v 0.3698368 2.96609878 0.04411727
v 0.39076423 2.95919799 0.03091639
v 0.34689521 2.98277282 0.05122417
v 0.3210392 2.98223495 0.04919391
v 0.34429359 2.97454834 0.05122458
v 0.37522316 2.98386383 0.04411727
v 0.35148048 2.9993782 0.05122458
v 0.32570076 2.99757766 0.04919451
v 0.34926796 2.99105072 0.05122458
v 0.39895057 2.98747253 0.03091639
v 0.39644813 2.97798538 0.03091645
v 0.40324592 3.00664138 0.03091722
v 0.37975502 3.00186538 0.04411619
v 0.40124702 2.99703979 0.03091663
v 0.35527229 3.01620864 0.05122417
v 0.32959175 3.013134 0.04919451
v 0.35344886 3.00775528 0.05122464
v 0.38337135 3.02005767 0.04411709
v 0.35819435 3.03316497 0.05122453
v 0.33270454 3.02885818 0.04919451
v 0.35681343 3.02467727 0.05122458
v 0.406641 3.0259819 0.0309174
v 0.40506935 3.01630401 0.03091651
v 0.40901374 3.04548263 0.03091752
v 0.38608741 3.03841018 0.04411733
v 0.40795326 3.03573226 0.03091645
v 0.36030769 3.05027771 0.05122458
v 0.33508491 3.04470443 0.04919379
v 0.35936927 3.04172134 0.05122458
v 0.38788795 3.05688095 0.04411727
v 0.36155891 3.06747436 0.05122464
v 0.33665657 3.06068038 0.04919445
v 0.36104774 3.05886077 0.05122458
v 0.41047859 3.06506347 0.03091728
v 0.40989112 3.05525589 0.03091722
v 0.41095161 3.0846939 0.03091722
v 0.38881111 3.07541656 0.04411649
v 0.41083717 3.07487487 0.03091716
v 0.36200141 3.08469772 0.05122447
v 0.33741951 3.07669067 0.04919415
v 0.3618946 3.0760765 0.05122458
v 0.38881111 3.09397506 0.04411721
v 0.36155891 3.10192489 0.05122453
v 0.33741951 3.09271621 0.04919451
v 0.3618946 3.09331131 0.05122453
v 0.41047859 3.10433578 0.0309174
v 0.41083717 3.09451293 0.03091651
v 0.40901374 3.12390136 0.03091651
v 0.38788795 3.11252212 0.04411619
v 0.40989112 3.11412429 0.03091645
v 0.36030769 3.11912155 0.05122447
v 0.33665657 3.10871887 0.04919379
v 0.36104774 3.11052703 0.05122458
v 0.38608741 3.13097 0.04411721
v 0.35819435 3.13622283 0.05122458
v 0.33508491 3.12467575 0.04919451
v 0.35936927 3.12768173 0.05122458
v 0.406641 3.14340972 0.0309174
v 0.40795326 3.13366699 0.03091722
v 0.40324592 3.16274261 0.03091752
v 0.38337135 3.14932251 0.04411697
v 0.40506935 3.15309524 0.03091716
v 0.35527229 3.15319824 0.05122447
v 0.33270454 3.14054107 0.04919451
v 0.35681343 3.1447258 0.05122458
v 0.37975502 3.16752624 0.04411727
v 0.35148048 3.17002487 0.05122447
v 0.32959175 3.15626907 0.04919379
v 0.35344886 3.16161727 0.05122458
v 0.39895057 3.18190765 0.0309174
v 0.40124702 3.17235565 0.03091722
v 0.39373207 3.20083618 0.0309174
v 0.37522316 3.18552398 0.04411655
v 0.39644813 3.19139862 0.03091722
v 0.34689521 3.18661499 0.05122447
v 0.32570076 3.17181015 0.04919451
v 0.34926796 3.17833709 0.05122453
v 0.3698368 3.2032814 0.04411721
v 0.34150123 3.20298385 0.05122447
v 0.3210392 3.1871643 0.04919415
v 0.34429359 3.19483184 0.05122458
v 0.38757515 3.2194786 0.03091728
v 0.39076423 3.21017456 0.03091675
v 0.38051033 3.23779678 0.0309174
v 0.3635807 3.22075653 0.04411721
v 0.38414192 3.22867965 0.03091728
v 0.33527565 3.21907806 0.05122458
v 0.31563758 3.20224762 0.04919391
v 0.33846473 3.21106338 0.05122458
v 0.35649299 3.23788833 0.04411721
v 0.32829475 3.23482132 0.05122447
v 0.30950355 3.21705627 0.04919415
v 0.33186531 3.22698593 0.05122458
v 0.37252998 3.25574874 0.03091746
v 0.37662696 3.24682235 0.03091728
v 0.36369514 3.27327346 0.03091716
v 0.34857368 3.25466156 0.04411721
v 0.368227 3.26458358 0.03091722
v 0.32055854 3.2502098 0.05122458
v 0.3026371 3.23155593 0.04919379
v 0.32451057 3.24256134 0.05122458
v 0.33982276 3.27102661 0.04411727
v 0.31203651 3.26522827 0.05122458
v 0.29509162 3.24570465 0.04919457
v 0.31638526 3.25777435 0.05122464
v 0.35401344 3.29037475 0.03091728
v 0.35894966 3.28189086 0.03091728
v 0.34354591 3.30695724 0.03091728
v 0.33027076 3.28694915 0.04411733
v 0.34888649 3.29873657 0.03091728
v 0.3028202 3.27976989 0.05122447
v 0.28687381 3.25946426 0.04919391
v 0.30753517 3.27253723 0.05122464
v 0.31995582 3.30237579 0.04411721
v 0.29287815 3.29385376 0.05122447
v 0.27794742 3.27278518 0.04919451
v 0.29795265 3.28686904 0.05122458
v 0.33221626 3.32302475 0.03091746
v 0.33797645 3.31505584 0.0309174
v 0.3201313 3.3385086 0.0309174
v 0.30892372 3.317276 0.04411703
v 0.32628059 3.33084106 0.0309174
v 0.28231144 3.30743789 0.05122458
v 0.26838016 3.28565216 0.04919391
v 0.28766727 3.30072021 0.05122464
v 0.29714393 3.33162307 0.04411721
v 0.27105045 3.32051086 0.05122447
v 0.25821781 3.29804229 0.04919445
v 0.27674961 3.31402969 0.05122458
v 0.30734443 3.35337066 0.0309174
v 0.31380653 3.34601211 0.03091728
v 0.29377079 3.36759948 0.03091746
v 0.28467655 3.34537124 0.04411697
v 0.30064582 3.36055755 0.03091728
v 0.25916385 3.33298111 0.05122458
v 0.24745273 3.30993652 0.04919379
v 0.2651453 3.3268013 0.05122458
v 0.27155399 3.35848617 0.04411727
v 0.24668216 3.34485626 0.05122464
v 0.23610019 3.32126617 0.04919451
v 0.25300693 3.33899307 0.05122464
v 0.27954196 3.3811264 0.0309174
v 0.28672885 3.37445449 0.03091728
v 0.26467227 3.39396286 0.03091746
v 0.25779819 3.3709526 0.04411733
v 0.27218723 3.38764953 0.03091728
v 0.23364353 3.35611343 0.0512247
v 0.22424411 3.33203506 0.04919457
v 0.24025058 3.35057067 0.05122458
v 0.24345493 3.38274765 0.04411727
v 0.2200098 3.36670684 0.05122464
v 0.21186161 3.34220504 0.04919445
v 0.22689151 3.36149215 0.05122458
v 0.24919986 3.40603637 0.03091728
v 0.25701236 3.40008926 0.03091651
v 0.2331705 3.41733932 0.03091728
v 0.22856235 3.39377975 0.04411727
v 0.24122715 3.41180038 0.0309174
v 0.2059412 3.37664794 0.05122464
v 0.19896793 3.35177993 0.04919445
v 0.21307468 3.37178039 0.0512247
v 0.21311283 3.40409088 0.04411715
v 0.19139957 3.38585662 0.0512247
v 0.18563938 3.36065292 0.04919451
v 0.19874668 3.38135528 0.05122464
v 0.21654605 3.42784118 0.03091722
v 0.2249155 3.4227066 0.03091728
v 0.19948673 3.43752288 0.03091728
v 0.19719791 3.41361999 0.04411733
v 0.20807743 3.43282318 0.03091746
v 0.17636966 3.39434814 0.05122458
v 0.17187595 3.36890792 0.04919433
v 0.18396091 3.39020919 0.05122464
v 0.18083286 3.42237091 0.04411667
v 0.16099643 3.40210723 0.05122458
v 0.15773868 3.37645721 0.04919457
v 0.16873264 3.39832305 0.05122464
v 0.18193149 3.44636154 0.03091746
v 0.19075107 3.44205093 0.03091722
v 0.1639719 3.45433044 0.0309174
v 0.16406345 3.43031692 0.04411733
v 0.1730051 3.45045471 0.03091728
v 0.14524173 3.40910339 0.05122458
v 0.1432352 3.38332366 0.04919379
v 0.15316104 3.40568924 0.05122458
v 0.14692783 3.43740463 0.04411733
v 0.12915897 3.41528701 0.05122464
v 0.12843418 3.38946533 0.04919391
v 0.13724613 3.41229629 0.05122458
v 0.14564609 3.46139907 0.03091746
v 0.15485477 3.45796203 0.03091728
v 0.12701511 3.46754455 0.03091728
v 0.12945652 3.44366073 0.04411727
v 0.13635349 3.4645729 0.0309174
v 0.11279392 3.42069244 0.05122458
v 0.11334323 3.39486312 0.04919451
v 0.12099552 3.41808319 0.05122464
v 0.11169529 3.44905471 0.04411733
v 0.09619998 3.42529296 0.05122447
v 0.09800052 3.39951705 0.04919379
v 0.10451602 3.42309951 0.05122458
v 0.10810184 3.47278213 0.0309174
v 0.11759281 3.47027206 0.03091752
v 0.08894443 3.47707366 0.03091716
v 0.09370517 3.45357132 0.04411727
v 0.09853458 3.47507858 0.0309174
v 0.07936954 3.42907333 0.05122458
v 0.08244419 3.40340805 0.04919403
v 0.08782291 3.42728042 0.05122458
v 0.07549381 3.45716476 0.04411733
v 0.0624094 3.43201065 0.0512247
v 0.06672 3.40652084 0.04919457
v 0.07090854 3.43064498 0.05122458
v 0.06958866 3.48043823 0.0309174
v 0.07927799 3.47889328 0.03091746
v 0.05007267 3.48284149 0.03091728
v 0.05714511 3.45991516 0.04411727
v 0.05983829 3.48177337 0.03091746
v 0.04530429 3.43413543 0.05122458
v 0.05087375 3.4088974 0.04919457
v 0.05386447 3.4331932 0.05122464
v 0.03868985 3.46171188 0.04411733
v 0.02810025 3.43538665 0.05122458
v 0.03490567 3.41043853 0.04919451
v 0.03668332 3.43487548 0.05122458
v 0.03051114 3.48429107 0.03091746
v 0.04030728 3.48368072 0.03091746
v 0.01087307 3.48477172 0.03091728
v 0.02016568 3.46263122 0.04411727
v 0.02072262 3.4846611 0.03091734
v 0.01087307 3.43582153 0.0512247
v 0.01889157 3.41124343 0.04919451
v 0.01950955 3.43571853 0.05122464
v 0.00159573 3.46263122 0.04411727
v -0.00634646 3.43538665 0.05122458
v 0.00286221 3.41124343 0.04919451
v 0.00224423 3.43571853 0.05122464
v -0.00875735 3.48429107 0.03091746
v 0.00103879 3.4846611 0.03091734
v -0.01694369 3.46171188 0.04411733
v -0.01854586 3.48368072 0.03091746
v -0.01313662 3.41043853 0.04919451
v -0.01496768 3.43487548 0.05122458
v -0.01971316 3.39514923 -0.0056374
v -0.02670931 3.3894577 0.0146712
v -0.03489565 3.39328384 -0.0056374
v -0.02733492 3.39431381 -0.0056374
v -0.01971316 3.39514923 0.03497844
v -0.03489565 3.39328002 0.0349785
v -0.02733492 3.39431762 0.03497839
v -0.0499866 3.39066314 0.0349785
v -0.04161715 3.38724136 0.01467013
v -0.04245638 3.39206695 0.03497833
v -0.0499866 3.39067459 -0.00563752
v -0.04245638 3.39207077 -0.0056374
v -0.05641055 3.38430023 0.01467037
v -0.06493258 3.38731384 -0.00563752
v -0.05749392 3.38908004 -0.0056374
v -0.06493258 3.38731384 0.03497827
v -0.05749392 3.38908004 0.0349785
v -0.0796802 3.38323211 0.03497839
v -0.07102084 3.3806343 0.01467013
v -0.07232546 3.38537216 0.03497839
v -0.0796802 3.38323211 -0.00563746
v -0.07232546 3.3853569 -0.0056374
v -0.08544802 3.37626647 0.01467037
v -0.09420657 3.37841415 -0.00563752
v -0.08699679 3.38090896 -0.00563752
v -0.09420657 3.37841033 0.03497779
v -0.08699679 3.38090896 0.03497827
v -0.10850405 3.37290573 0.0349785
v -0.09964633 3.37117004 0.01467007
v -0.10141634 3.37574768 0.03497827
v -0.10850405 3.37290573 -0.0056374
v -0.10141634 3.37574768 -0.0056374
v -0.11354708 3.36540222 0.01467043
v -0.12248873 3.3666954 -0.00563812
v -0.11556124 3.36991119 -0.00563794
v -0.12248873 3.3666954 0.03497785
v -0.11556124 3.36989593 0.0349785
v -0.13616824 3.3598175 0.03497779
v -0.12719607 3.35897445 0.01467007
v -0.12937808 3.3633461 0.03497785
v -0.13616824 3.3598175 -0.00563734
v -0.12937808 3.36334228 -0.00563758
v -0.14050173 3.3518753 0.0146712
v -0.14952731 3.35227203 -0.00563752
v -0.14287447 3.35611724 -0.0056374
v -0.14952731 3.35226821 0.03497779
v -0.14287447 3.35611724 0.03497833
v -0.16242098 3.34407806 0.03497839
v -0.15338778 3.34413909 0.01467013
v -0.15604281 3.34825515 0.03497779
v -0.16242098 3.34407806 -0.00563734
v -0.15604281 3.34825134 -0.0056374
v -0.16593051 3.33575058 0.01467055
v -0.17495608 3.33526229 -0.005638
v -0.16874575 3.33975601 -0.00563812
v -0.17495608 3.33525848 0.03497862
v -0.16874575 3.33974838 0.03497797
v -0.18703341 3.32583618 0.03497839
v -0.17804598 3.32676696 0.01467013
v -0.18106722 3.3306427 0.03497761
v -0.18703341 3.32584381 -0.00563752
v -0.18106722 3.33063888 -0.00563806
v -0.18967318 3.31719589 0.01467055
v -0.19861483 3.31585311 -0.00563758
v -0.19290041 3.32090759 -0.00563746
v -0.19861483 3.31585311 0.03497839
v -0.19290041 3.3209114 0.0349785
v -0.2097311 3.30527877 0.03497844
v -0.20085024 3.30710601 0.01467007
v -0.20425295 3.31064605 0.0349785
v -0.2097311 3.30528259 -0.00563776
v -0.20425295 3.31064605 -0.00563752
v -0.21151638 3.29642486 0.01467055
v -0.22027492 3.29419326 -0.0056374
v -0.21506404 3.29979705 -0.0056374
v -0.22027492 3.29418945 0.03497839
v -0.21506404 3.29979324 0.03497767
v -0.23029995 3.28260803 0.03497844
v -0.22164821 3.28525543 0.01467007
v -0.22536373 3.28845214 0.03497779
v -0.23029995 3.28261947 -0.00563746
v -0.22536373 3.28844833 -0.0056374
v -0.23118495 3.27361297 0.01467108
v -0.23970699 3.27053833 -0.00563752
v -0.23506069 3.27661895 -0.00563812
v -0.23970699 3.27053833 0.03497844
v -0.23506069 3.27661895 0.03497839
v -0.24854183 3.25801086 0.03497833
v -0.24018001 3.26150894 0.01467007
v -0.24417781 3.26433563 0.03497839
v -0.24854183 3.25801086 -0.00563746
v -0.24417781 3.26433181 -0.00563752
v -0.24855709 3.24897766 0.0146712
v -0.25668239 3.24507141 -0.00563806
v -0.25267696 3.25159072 -0.0056374
v -0.25668239 3.24507522 0.03497844
v -0.25267696 3.25159454 0.03497785
v -0.26426601 3.23175048 0.0349785
v -0.25630092 3.23604965 0.01467013
v -0.26055812 3.23844909 0.03497839
v -0.26426601 3.2317543 -0.0056374
v -0.26055812 3.23844909 -0.00563806
v -0.26342678 3.22275924 0.01467037
v -0.27110958 3.21807479 -0.00563722
v -0.26776027 3.22496032 -0.00563806
v -0.27110958 3.21808242 0.03497839
v -0.26776027 3.22496032 0.03497833
v -0.27733516 3.20409774 0.03497856
v -0.26985836 3.20912933 0.01467007
v -0.27432918 3.21110916 0.03497785
v -0.27733516 3.20409393 -0.00563734
v -0.27432918 3.21110916 -0.00563752
v -0.27562618 3.19519805 0.01467108
v -0.2828741 3.18977737 -0.0056374
v -0.28019619 3.19697189 -0.00563782
v -0.2828741 3.189785 0.03497862
v -0.28019619 3.19696426 0.03497779
v -0.28765773 3.17525482 0.03497767
v -0.28068447 3.18101882 0.01467007
v -0.2853384 3.18254852 0.03497839
v -0.28765773 3.17525482 -0.00563722
v -0.2853384 3.18255233 -0.00563752
v -0.28505611 3.16659545 0.01467007
v -0.29173183 3.16048049 -0.00563812
v -0.2897787 3.16790008 -0.00563806
v -0.29173183 3.16048049 0.03497767
v -0.2897787 3.16790008 0.03497821
v -0.29508876 3.14555358 0.03497743
v -0.28874874 3.15198135 0.01467001
v -0.29350185 3.15303802 0.03497839
v -0.29508876 3.14556121 -0.00563794
v -0.29350185 3.15304184 -0.00563812
v -0.29166317 3.13719558 0.01467007
v -0.29771328 3.1304779 -0.00563812
v -0.2965002 3.13803863 -0.00563758
v -0.29771328 3.13048172 0.03497767
v -0.2965002 3.138031 0.03497839
v -0.29957485 3.11526489 0.03497761
v -0.29387569 3.12229538 0.01467007
v -0.29873561 3.12288284 0.03497827
v -0.29957485 3.1152687 -0.00563764
v -0.29873561 3.12288284 -0.0056374
v -0.29536342 3.10729599 0.01467001
v -0.30069637 3.10000228 -0.00563794
v -0.30023098 3.10763931 -0.00563812
v -0.30069637 3.09999847 0.03497827
v -0.30023098 3.10763168 0.03497839
v -0.30107021 3.0846939 0.03497755
v -0.29610347 3.09223556 0.01467007
v -0.30097866 3.09234619 0.03497755
v -0.30107021 3.0846939 -0.00563764
v -0.30097866 3.09234619 -0.0056374
v -0.29610347 3.07716369 0.01467007
v -0.30069637 3.06937408 -0.00563812
v -0.30097866 3.07704925 -0.00563752
v -0.30069637 3.06938171 0.03497761
v -0.30097866 3.07703781 0.03497779
v -0.29957485 3.05411529 0.03497839
v -0.29536342 3.06210708 0.01467001
v -0.30023098 3.0617485 0.03497833
v -0.29957485 3.05412292 -0.005638
v -0.30023098 3.06174469 -0.0056374
v -0.29387569 3.04711151 0.01467001
v -0.29771328 3.03891754 -0.00563812
v -0.29873561 3.04650497 -0.00563812
v -0.29771328 3.03891754 0.03497743
v -0.29873561 3.04651641 0.03497767
v -0.29508876 3.02384185 0.03497755
v -0.29166317 3.03219986 0.01467001
v -0.2965002 3.03137588 0.03497827
v -0.29508876 3.02384185 -0.00563812
v -0.2965002 3.03137207 -0.00563752
v -0.28874874 3.01742172 0.01467001
v -0.29173183 3.00889587 -0.0056374
v -0.29350185 3.01633071 -0.0056374
v -0.29173183 3.00889205 0.03497755
v -0.29350185 3.01633071 0.03497827
v -0.28765773 2.99414444 0.03497839
v -0.28505611 3.00279617 0.01467007
v -0.2897787 3.00150299 0.03497827
v -0.28765773 2.99415206 -0.00563812
v -0.2897787 3.00150299 -0.00563752
v -0.28068447 2.98837661 0.01467001
v -0.2828741 2.97959899 -0.00563752
v -0.2853384 2.9868431 -0.00563812
v -0.2828741 2.97959899 0.03497779
v -0.2853384 2.9868431 0.03497755
v -0.27733516 2.96530914 0.03497767
v -0.27562618 2.9741745 0.01467007
v -0.28019619 2.97242355 0.03497767
v -0.27733516 2.96530914 -0.00563812
v -0.28019619 2.9724121 -0.00563806
v -0.26985836 2.96028137 0.01466995
v -0.27110958 2.95132446 -0.00563752
v -0.27432918 2.95827865 -0.00563812
v -0.27110958 2.95131683 0.03497755
v -0.27432918 2.95827865 0.03497767
v -0.26426601 2.93763732 0.03497779
v -0.26342678 2.94664001 0.01467007
v -0.26776027 2.94442749 0.03497827
v -0.26426601 2.93763732 -0.00563812
v -0.26776027 2.94443893 -0.0056374
v -0.25630092 2.93333816 0.01467007
v -0.25668239 2.92431259 -0.00563782
v -0.26055812 2.93094253 -0.00563752
v -0.25668239 2.9243164 0.03497719
v -0.26055812 2.93093872 0.03497767
v -0.24854183 2.91137695 0.03497725
v -0.24855709 2.92041015 0.01467001
v -0.25267696 2.91778564 0.03497767
v -0.24854183 2.91137695 -0.00563782
v -0.25267696 2.91778183 -0.00563764
v -0.24018001 2.90789032 0.01467001
v -0.23970699 2.89885711 -0.0056374
v -0.24417781 2.905056 -0.00563812
v -0.23970699 2.89886093 0.03497743
v -0.24417781 2.905056 0.03497755
v -0.23029995 2.8867836 0.03497719
v -0.23118495 2.89577484 0.01467007
v -0.23506069 2.89276886 0.03497755
v -0.23029995 2.8867836 -0.00563812
v -0.23506069 2.89276886 -0.00563752
v -0.22164821 2.88414001 0.01467007
v -0.22027492 2.87520599 -0.0056374
v -0.22536373 2.88094329 -0.00563794
v -0.22027492 2.87519073 0.03497725
v -0.22536373 2.88092804 0.03497755
v -0.2097311 2.86410903 0.03497719
v -0.21151638 2.87295532 0.01467001
v -0.21506404 2.86957931 0.03497755
v -0.2097311 2.86410522 -0.00563812
v -0.21506404 2.86957931 -0.00563806
v -0.20085024 2.86230087 0.01467001
v -0.19861483 2.85354995 -0.00563812
v -0.20425295 2.85876464 -0.0056374
v -0.19861483 2.85354995 0.03497743
v -0.20425295 2.85875701 0.03497755
v -0.18703341 2.84355163 0.03497713
v -0.18967318 2.85218811 0.01467001
v -0.19290041 2.84848022 0.03497743
v -0.18703341 2.84354782 -0.00563794
v -0.19290041 2.84848022 -0.00563812
v -0.17804598 2.84262847 0.01467001
v -0.17495608 2.83413314 -0.00563746
v -0.18106722 2.83876419 -0.00563794
v -0.17495608 2.83413314 0.03497719
v -0.18106722 2.83876419 0.03497779
v -0.16242098 2.82530975 0.03497725
v -0.16593051 2.83364486 0.01467007
v -0.16874575 2.82963943 0.03497743
v -0.16242098 2.82531738 -0.00563812
v -0.16874575 2.82963943 -0.00563812
v -0.15338778 2.82526779 0.01467007
v -0.14952731 2.81711959 -0.00563752
v -0.15604281 2.82114028 -0.0056374
v -0.14952731 2.81711196 0.03497725
v -0.15604281 2.82114028 0.03497755
v -0.13616824 2.80956649 0.03497725
v -0.14050173 2.81752777 0.01467001
v -0.14287447 2.81325912 0.03497767
v -0.13616824 2.80957031 -0.00563812
v -0.14287447 2.81325912 -0.0056374
v -0.12719607 2.81041336 0.01467001
v -0.12248873 2.80268859 -0.00563746
v -0.12937808 2.80605316 -0.00563806
v -0.12248873 2.80268859 0.03497743
v -0.12937808 2.80604553 0.03497755
v -0.10850405 2.7964859 0.03497725
v -0.11354708 2.80398178 0.01467007
v -0.11556124 2.79948806 0.03497725
v -0.10850405 2.7964859 -0.00563758
v -0.11556124 2.79948806 -0.00563812
v -0.09964633 2.79820251 0.01467001
v -0.09420657 2.79096984 -0.00563812
v -0.10141634 2.79362487 -0.00563806
v -0.09420657 2.79096603 0.03497725
v -0.10141634 2.79362869 0.03497785
v -0.0796802 2.78616714 0.03497743
v -0.08544802 2.79312133 0.01467001
v -0.08699679 2.78848648 0.03497719
v -0.0796802 2.78616333 -0.00563812
v -0.08699679 2.78848648 -0.00563812
v -0.07102084 2.78874969 0.01466995
v -0.06493258 2.7820816 -0.00563812
v -0.07232546 2.78403472 -0.00563806
v -0.06493258 2.7820816 0.03497713
v -0.07232546 2.78403472 0.03497743
v -0.0499866 2.7787323 0.03497725
v -0.05641055 2.78508377 0.01467007
v -0.05749392 2.78030777 0.03497755
v -0.0499866 2.77872848 -0.00563794
v -0.05749392 2.78031539 -0.00563812
v -0.04161715 2.78215026 0.01467007
v -0.03489565 2.77611541 -0.00563812
v -0.04245638 2.77732849 -0.00563812
v -0.03489565 2.77611541 0.03497743
v -0.04245638 2.77732849 0.03497743
v -0.01971316 2.77424621 0.03497737
v -0.02670931 2.7799263 0.01467001
v -0.02733492 2.77509307 0.03497743
v -0.01971316 2.7742424 -0.00563806
v -0.02733492 2.77509307 -0.00563812
v -0.01171755 2.77846145 0.01466995
v -0.00440096 2.77311706 -0.0056374
v -0.01208376 2.77359008 -0.00563764
v -0.00440096 2.77310943 0.03497719
v -0.01208376 2.77358627 0.03497743
v 0.01087307 2.77274322 0.03497719
v 0.00333523 2.7777214 0.01467007
v 0.00322842 2.77282714 0.03497767
v 0.01087307 2.77274322 -0.00563812
v 0.00322842 2.77282714 -0.00563812
v 0.01841092 2.7777214 0.01467007
v 0.02617001 2.77311706 -0.0056374
v 0.01852536 2.77282714 -0.00563812
v 0.02617001 2.77310943 0.03497719
v 0.01852536 2.77282714 0.03497743
v 0.04147458 2.77424621 0.03497737
v 0.03347897 2.77846145 0.01466995
v 0.03379941 2.77358627 0.03497743
v 0.04147458 2.7742424 -0.00563806
v 0.03379941 2.77359008 -0.00563764
v 0.04846286 2.7799263 0.01467001
v 0.05665683 2.77611541 -0.00563812
v 0.04905033 2.77509307 -0.00563812
v 0.05665683 2.77611541 0.03497743
v 0.04905033 2.77509307 0.03497743
v 0.07174015 2.7787323 0.03497725
v 0.0633707 2.78215026 0.01467007
v 0.06420993 2.77732849 0.03497743
v 0.07174015 2.77872848 -0.00563794
v 0.06420993 2.77732849 -0.00563812
v 0.0781641 2.78508377 0.01467007
v 0.08665561 2.7820816 -0.00563812
v 0.07921695 2.78031539 -0.00563812
v 0.08665561 2.7820816 0.03497713
v 0.07921695 2.78030777 0.03497755
v 0.10143375 2.78616714 0.03497743
v 0.09277439 2.78874969 0.01467001
v 0.09408664 2.78403472 0.03497743
v 0.10143375 2.78616333 -0.00563812
v 0.09408664 2.78403472 -0.00563806
v 0.10720157 2.79312133 0.01467001
v 0.11596012 2.79096984 -0.00563812
v 0.10875797 2.78848648 -0.00563812
v 0.11596012 2.79096603 0.03497725
v 0.10875797 2.78848648 0.03497755
v 0.13026523 2.7964859 0.03497725
v 0.12136936 2.79820251 0.01467001
v 0.12313938 2.79362869 0.03497785
v 0.13026523 2.7964859 -0.00563758
v 0.12313938 2.79362487 -0.00563806
v 0.13531589 2.80398178 0.01467007
v 0.14424991 2.80268859 -0.00563746
v 0.13728427 2.79948806 -0.00563812
v 0.14424991 2.80268859 0.03497743
v 0.13728427 2.79948806 0.03497725
v 0.15792942 2.80956649 0.03497725
v 0.14891147 2.81041336 0.01467001
v 0.15113163 2.80604553 0.03497755
v 0.15792942 2.80957031 -0.00563812
v 0.15113163 2.8060379 -0.00563806
v 0.16220951 2.81752777 0.01467001
v 0.17124271 2.81711959 -0.00563752
v 0.16462802 2.81325912 -0.0056374
v 0.17124271 2.81711196 0.03497725
v 0.16462802 2.81325912 0.03497767
v 0.18418216 2.82530975 0.03497725
v 0.17514896 2.82526779 0.01467007
v 0.17776584 2.82114028 0.03497743
v 0.18418216 2.82531738 -0.00563812
v 0.17776584 2.82114028 -0.0056374
v 0.18768405 2.83364486 0.01467007
v 0.19670963 2.83413314 -0.00563746
v 0.1904993 2.82963943 -0.00563812
v 0.19670963 2.83413314 0.03497719
v 0.1904993 2.82963943 0.03497743
v 0.20879459 2.84355163 0.03497713
v 0.19979953 2.84262847 0.01467001
v 0.20279026 2.83876419 0.03497779
v 0.20879459 2.84354782 -0.00563794
v 0.20279026 2.83876419 -0.00563794
v 0.21143436 2.85218811 0.01467001
v 0.22037601 2.85354995 -0.00563812
v 0.21465396 2.84848022 -0.00563812
v 0.22037601 2.85354995 0.03497743
v 0.21465396 2.84848022 0.03497743
v 0.23145389 2.86410903 0.03497719
v 0.22261142 2.86230087 0.01467001
v 0.2260065 2.85875701 0.03497833
v 0.23145389 2.86410522 -0.00563812
v 0.2260065 2.85876464 -0.0056374
v 0.23327732 2.87295532 0.01467001
v 0.24202823 2.87520599 -0.0056374
v 0.23681736 2.86957931 -0.00563806
v 0.24202823 2.87519073 0.03497743
v 0.23681736 2.86957931 0.03497827
v 0.25201511 2.8867836 0.03497743
v 0.24337101 2.88414001 0.01467007
v 0.24708652 2.88092804 0.03497755
v 0.25201511 2.8867836 -0.00563812
v 0.24708652 2.88094329 -0.00563794
v 0.25293827 2.89577484 0.01467007
v 0.26142215 2.89885711 -0.0056374
v 0.25682163 2.89276886 -0.00563752
v 0.26142215 2.89886093 0.03497719
v 0.25682163 2.89276886 0.03497725
v 0.27025699 2.91137695 0.03497725
v 0.26194095 2.90789032 0.01467001
v 0.26593875 2.905056 0.03497749
v 0.27025699 2.91137695 -0.00563782
v 0.26593875 2.905056 -0.00563812
v 0.2703104 2.92041015 0.01467001
v 0.27844333 2.92431259 -0.00563782
v 0.2744379 2.91778183 -0.00563764
v 0.27844333 2.9243164 0.03497743
v 0.2744379 2.91778564 0.03497767
v 0.2859888 2.93764114 0.03497719
v 0.27805423 2.93333816 0.01467007
v 0.28231906 2.93093872 0.03497767
v 0.2859888 2.93763732 -0.00563812
v 0.28231906 2.93094253 -0.00563752
v 0.28514194 2.94664001 0.01467001
v 0.29286289 2.95132446 -0.00563752
v 0.28951358 2.94443893 -0.0056374
v 0.29286289 2.95131683 0.03497719
v 0.28951358 2.94442367 0.03497743
v 0.29909706 2.96530914 0.03497743
v 0.2916193 2.96028137 0.01467001
v 0.29609108 2.95827865 0.03497755
v 0.29909706 2.96530914 -0.00563812
v 0.29609108 2.95827865 -0.00563812
v 0.29738807 2.97417068 0.01467007
v 0.30459022 2.97959899 -0.00563752
v 0.30195045 2.9724121 -0.00563806
v 0.30459022 2.97959899 0.03497833
v 0.30195045 2.97242355 0.03497767
v 0.30939674 2.99414444 0.03497761
v 0.30244636 2.98837661 0.01467007
v 0.30710029 2.9868431 0.03497839
v 0.30939674 2.99415206 -0.00563812
v 0.30710029 2.9868431 -0.00563812
v 0.306818 3.00279617 0.01467007
v 0.31349372 3.00889587 -0.0056374
v 0.3115406 3.00150299 -0.00563752
v 0.31349372 3.00889205 0.03497743
v 0.3115406 3.00150299 0.03497755
v 0.31684303 3.02384185 0.03497767
v 0.31046485 3.0174179 0.01467001
v 0.31526374 3.01633071 0.03497827
v 0.31684303 3.02384185 -0.00563812
v 0.31526374 3.01633071 -0.0056374
v 0.31341743 3.03219986 0.01467007
v 0.31946754 3.03891754 -0.00563812
v 0.31823921 3.03137207 -0.00563752
v 0.31946754 3.03891754 0.03497761
v 0.31823921 3.03137588 0.0349785
v 0.32132148 3.05411529 0.03497839
v 0.31563758 3.04710769 0.01467007
v 0.32048988 3.04651641 0.03497755
v 0.32132148 3.05412292 -0.005638
v 0.32048988 3.04650497 -0.00563812
v 0.31711769 3.06210708 0.01467001
v 0.32245826 3.06937408 -0.00563812
v 0.32199287 3.06174469 -0.0056374
v 0.32245826 3.06938552 0.03497755
v 0.32199287 3.0617485 0.03497833
v 0.3228321 3.0846939 0.03497755
v 0.31785774 3.07716369 0.01467007
v 0.32274055 3.07703399 0.03497755
v 0.3228321 3.0846939 -0.00563764
v 0.32274055 3.07704925 -0.00563752
v 0.31785774 3.09223556 0.01467007
v 0.32245826 3.10000228 -0.00563794
v 0.32274055 3.09234619 -0.0056374
v 0.32245826 3.09999847 0.03497827
v 0.32274055 3.09234619 0.03497833
v 0.32132148 3.11526489 0.03497839
v 0.31711769 3.10729599 0.01467007
v 0.32199287 3.10763931 0.03497761
v 0.32132148 3.1152687 -0.00563764
v 0.32199287 3.10763931 -0.00563812
v 0.31563758 3.12229538 0.01467007
v 0.31946754 3.1304779 -0.00563812
v 0.32048988 3.12288284 -0.0056374
v 0.31946754 3.13048172 0.03497767
v 0.32048988 3.12288284 0.03497839
v 0.31684303 3.14555358 0.03497839
v 0.31341743 3.13719558 0.01467007
v 0.31823921 3.138031 0.03497839
v 0.31684303 3.14556121 -0.00563794
v 0.31823921 3.13803863 -0.00563758
v 0.31046485 3.15198135 0.01467007
v 0.31349372 3.16048049 -0.00563812
v 0.31526374 3.15304184 -0.00563812
v 0.31349372 3.16048049 0.03497767
v 0.31526374 3.15303802 0.03497839
v 0.30939674 3.17525482 0.03497791
v 0.306818 3.16659545 0.01467007
v 0.3115406 3.16790008 0.03497821
v 0.30939674 3.17525482 -0.00563812
v 0.3115406 3.16790008 -0.00563806
v 0.30244636 3.18101882 0.01467007
v 0.30459022 3.18977737 -0.0056374
v 0.30710029 3.18255233 -0.00563752
v 0.30459022 3.189785 0.03497809
v 0.30710029 3.18254852 0.03497839
v 0.29909706 3.20409774 0.0349785
v 0.29738807 3.19519805 0.01467007
v 0.30195045 3.19696426 0.03497755
v 0.29909706 3.20409393 -0.00563734
v 0.30195045 3.19697189 -0.00563782
v 0.2916193 3.20912933 0.01467049
v 0.29286289 3.21807479 -0.00563794
v 0.29609108 3.21110916 -0.00563752
v 0.29286289 3.21808242 0.03497791
v 0.29609108 3.21110916 0.03497785
v 0.2859888 3.23175048 0.03497767
v 0.28514194 3.22275924 0.01467013
v 0.28951358 3.22496032 0.03497833
v 0.2859888 3.2317543 -0.0056374
v 0.28951358 3.22496032 -0.00563806
v 0.27805423 3.23604965 0.01467043
v 0.27844333 3.24507141 -0.00563806
v 0.28231906 3.23844909 -0.00563806
v 0.27844333 3.24507522 0.03497844
v 0.28231906 3.23844909 0.03497755
v 0.27025699 3.25801086 0.0349785
v 0.2703104 3.24897766 0.01467007
v 0.2744379 3.25159454 0.03497785
v 0.27025699 3.25801086 -0.00563746
v 0.2744379 3.25159072 -0.0056374
v 0.26194095 3.26150894 0.01467061
v 0.26142215 3.27053833 -0.00563752
v 0.26593875 3.26433181 -0.00563752
v 0.26142215 3.27053833 0.03497839
v 0.26593875 3.26433563 0.03497839
v 0.25201511 3.28260803 0.03497844
v 0.25293827 3.27361297 0.01467001
v 0.25682163 3.27661895 0.0349785
v 0.25201511 3.28261947 -0.00563746
v 0.25682163 3.27661895 -0.00563812
v 0.24337101 3.28525543 0.01467049
v 0.24202823 3.29419326 -0.0056374
v 0.24708652 3.28844833 -0.0056374
v 0.24202823 3.29418945 0.03497856
v 0.24708652 3.28845214 0.03497779
v 0.23145389 3.30527877 0.03497856
v 0.23327732 3.29642486 0.01467007
v 0.23681736 3.29979324 0.03497767
v 0.23145389 3.30528259 -0.00563776
v 0.23681736 3.29979705 -0.0056374
v 0.22261142 3.30710601 0.0146709
v 0.22037601 3.31585693 -0.00563806
v 0.2260065 3.31064605 -0.00563752
v 0.22037601 3.31585311 0.0349785
v 0.2260065 3.31064605 0.03497839
v 0.20879459 3.32583618 0.03497839
v 0.21143436 3.31719589 0.01467013
v 0.21465396 3.3209114 0.03497868
v 0.20879459 3.32584381 -0.00563752
v 0.21465396 3.32090759 -0.00563746
v 0.19979953 3.32676696 0.01467049
v 0.19670963 3.33526229 -0.005638
v 0.20279026 3.33063888 -0.00563734
v 0.19670963 3.33525848 0.0349785
v 0.20279026 3.3306427 0.03497839
v 0.18418216 3.34407806 0.0349785
v 0.18768405 3.33575058 0.01467007
v 0.1904993 3.33974838 0.03497761
v 0.18418216 3.34407806 -0.00563734
v 0.1904993 3.33975601 -0.00563812
v 0.17514896 3.34413909 0.0146712
v 0.17124271 3.35227203 -0.00563752
v 0.17776584 3.34825134 -0.0056374
v 0.17124271 3.35226821 0.03497779
v 0.17776584 3.34825515 0.03497779
v 0.15792942 3.3598175 0.03497785
v 0.16220951 3.3518753 0.01467007
v 0.16462802 3.35611724 0.03497839
v 0.15792942 3.3598175 -0.00563734
v 0.16462802 3.35611724 -0.0056374
v 0.14891147 3.35897445 0.01467096
v 0.14424991 3.3666954 -0.00563812
v 0.15113925 3.36334228 -0.00563758
v 0.14424991 3.3666954 0.03497785
v 0.15113925 3.3633461 0.03497785
v 0.13026523 3.37290573 0.03497839
v 0.13531589 3.36540222 0.01467013
v 0.13728427 3.36989593 0.03497767
v 0.13026523 3.37290573 -0.00563722
v 0.13728427 3.36991119 -0.00563794
v 0.12136936 3.37117004 0.01467049
v 0.11596012 3.37841415 -0.00563752
v 0.12313938 3.37574768 -0.0056374
v 0.11596012 3.37841033 0.03497761
v 0.12313938 3.37574768 0.03497827
v 0.10143375 3.3832283 0.0349785
v 0.10720157 3.37626647 0.01467025
v 0.10875797 3.38090896 0.03497827
v 0.10143375 3.38323211 -0.00563746
v 0.10875797 3.38090896 -0.00563752
v 0.09277439 3.3806343 0.0146712
v 0.08665561 3.38731384 -0.00563752
v 0.09408664 3.3853569 -0.0056374
v 0.08665561 3.38731384 0.03497844
v 0.09408664 3.38537216 0.03497839
v 0.07174015 3.39066314 0.0349785
v 0.0781641 3.38430023 0.01467013
v 0.07921695 3.38908004 0.0349785
v 0.07174015 3.39067459 -0.00563752
v 0.07921695 3.38908004 -0.0056374
v 0.0633707 3.38724136 0.01467108
v 0.05665683 3.39328384 -0.0056374
v 0.06420993 3.39207077 -0.0056374
v 0.05665683 3.39328002 0.0349785
v 0.06420993 3.39206695 0.03497833
v 0.04147458 3.39514923 0.03497844
v 0.04846286 3.3894577 0.01467013
v 0.04905033 3.39431762 0.03497839
v 0.04147458 3.39514923 -0.0056374
v 0.04905033 3.39431381 -0.0056374
v 0.03347897 3.3909378 0.01467096
v 0.02617001 3.39627456 -0.0056374
v 0.03379941 3.39580917 -0.0056374
v 0.02617001 3.39627456 0.03497809
v 0.03379941 3.39580917 0.03497755
v 0.01087307 3.3966484 0.03497779
v 0.01841092 3.39166259 0.01467013
v 0.01852536 3.39655685 0.03497773
v 0.01087307 3.3966484 -0.0056374
v 0.01852536 3.39655685 -0.0056374
v 0.00333523 3.39166259 0.0146712
v -0.00440096 3.39627456 -0.0056374
v 0.00322842 3.39655685 -0.0056374
v -0.00440096 3.39627456 0.03497809
v 0.00322842 3.39655685 0.03497773
v -0.01171755 3.3909378 0.01467007
v -0.01208376 3.39580917 0.03497755
v -0.01208376 3.39580917 -0.0056374
v -0.41168141 2.6076622 -0.2262519
v -0.65261006 2.56478881 -0.22675377
v -0.88889241 2.49379348 -0.2273544
v -1.11826443 2.39537048 -0.22804737
v -1.33840251 2.27043914 -0.22882795
v -1.54736399 2.12024307 -0.2296862
v -1.7429893 1.94618606 -0.23061549
v -1.923455 1.74996948 -0.2316057
v -2.08703684 1.53347015 -0.23264926
v -2.23212456 1.29878997 -0.23373454
v -2.35736107 1.04818344 -0.23485171
v -2.46149849 0.78406143 -0.23598998
v -2.54356074 0.5089569 -0.23713725
v -2.60274195 0.22553634 -0.23828476
v -2.63847804 -0.06346511 -0.23941922
v -2.65042567 -0.35529327 -0.24053126
v -0.16837191 2.62200927 -0.22585463
v -0.4126122 2.60992431 0.27544063
v -0.65354085 2.56705856 0.27551001
v -0.88981556 2.49607086 0.27546972
v -1.11914944 2.39764785 0.2753176
v -1.33932566 2.27272796 0.27505701
v -1.54824137 2.12252426 0.27468937
v -1.74390482 1.94846725 0.27421921
v -1.92437052 1.75225067 0.27364867
v -2.08794474 1.53575897 0.27298659
v -2.23303246 1.30109405 0.27223676
v -2.3582766 1.0504837 0.27140802
v -2.46241402 0.78634643 0.27050775
v -2.54443812 0.51126098 0.26954406
v -2.60361933 0.22781753 0.26852506
v -2.63935542 -0.06118011 0.26746529
v -2.65131831 -0.35300445 0.26636976
v -0.1693027 2.62426757 0.27525967
v -0.18498873 3.16541671 -0.23543185
v -0.29017543 2.61841964 -0.22604054
v -0.47262501 3.14846038 -0.23549622
v -0.32896328 3.16117858 -0.23544824
v -3.11930561 -0.35543823 -0.24873715
v -3.10516834 -0.01033783 -0.247433
v -2.64743495 -0.2092247 -0.23997849
v -3.11573505 -0.18267822 -0.24808406
v -3.06292438 0.33143234 -0.24614137
v -2.62358546 0.08156204 -0.23885411
v -3.08751392 0.16117477 -0.24678474
v -2.99293994 0.66659545 -0.24487465
v -2.57605433 0.36813354 -0.2377122
v -3.0313692 0.50005722 -0.24550432
v -2.89591693 0.99192428 -0.24364495
v -2.5053451 0.64770507 -0.23656266
v -2.94775104 0.83069229 -0.24425506
v -2.77279377 1.30427551 -0.24246496
v -2.41215539 0.91765594 -0.23541873
v -2.83755207 1.14992141 -0.24304831
v -2.6247909 1.60065078 -0.24134475
v -2.297333 1.17533493 -0.23429006
v -2.70184016 1.45464706 -0.24189704
v -2.45323586 1.87817001 -0.24029684
v -2.16201043 1.41826629 -0.23318713
v -2.54182124 1.74193191 -0.24081164
v -2.25984978 2.13419723 -0.23932945
v -2.00746226 1.64412689 -0.232122
v -2.35915398 2.00903701 -0.23980206
v -2.04647898 2.36623764 -0.23845273
v -1.83522868 1.85071945 -0.23110359
v -2.1555407 2.25336074 -0.23887914
v -1.81520152 2.57204437 -0.23767513
v -1.64694285 2.03608322 -0.23014229
v -1.93293833 2.47254943 -0.2380504
v -1.56821513 2.74967956 -0.2370029
v -1.44444346 2.19841384 -0.22924691
v -1.69350504 2.66449737 -0.23732501
v -1.30792307 2.89740371 -0.23644465
v -1.22960734 2.33614349 -0.22842669
v -1.43955302 2.82737731 -0.23670929
v -1.03676533 3.01382827 -0.23600512
v -1.00457692 2.44795227 -0.22768944
v -1.17354702 2.95960998 -0.23620945
v -0.75742268 3.09776306 -0.23568755
v -0.77147603 2.53277206 -0.22704166
v -0.8979485 3.05988693 -0.23583072
v -0.53257679 2.5897789 -0.22649043
v -0.61556172 3.12732315 -0.23557585
v -0.47262501 3.15073013 0.26555413
v -0.75742268 3.10004806 0.26536268
v -0.53349995 2.5920372 0.27548903
v -0.61556172 3.12957382 0.26547378
v -1.03676533 3.01607513 0.2650451
v -0.77239918 2.53504562 0.27550381
v -0.8979485 3.06217956 0.26521962
v -1.30792307 2.8996849 0.26460522
v -1.00548481 2.45023345 0.27540797
v -1.17354702 2.9618721 0.26483982
v -1.56821513 2.75195312 0.26404732
v -1.23051524 2.33842086 0.27520126
v -1.43955302 2.82964706 0.26434081
v -1.81520152 2.57432174 0.26337546
v -1.44532084 2.20069885 0.27488654
v -1.69350504 2.6667633 0.26372546
v -2.04647898 2.36849212 0.26259774
v -1.64786601 2.03836441 0.27446645
v -1.93293833 2.47481155 0.26299899
v -2.25984978 2.13645172 0.26172059
v -1.83613658 1.85300827 0.27394574
v -2.1555407 2.2556076 0.26217144
v -2.45323586 1.88044357 0.26075381
v -2.00837779 1.64640808 0.27332919
v -2.35915398 2.01128768 0.26124829
v -2.6247909 1.60292434 0.25970453
v -2.16288781 1.42055511 0.272623
v -2.54182124 1.74420166 0.26023906
v -2.77279377 1.30655288 0.25858491
v -2.29820275 1.17762374 0.27183312
v -2.70184016 1.45692062 0.25915354
v -2.89591693 0.99420166 0.25740402
v -2.41303277 0.91994094 0.27096694
v -2.83755207 1.15219879 0.25800222
v -2.99293994 0.66887283 0.25617593
v -2.50623774 0.65000915 0.2700333
v -2.94775104 0.83296966 0.25679558
v -3.06292438 0.33370971 0.25490874
v -2.57696223 0.37041473 0.26904004
v -3.0313692 0.50233078 0.25554579
v -3.10516834 -0.00807952 0.2536177
v -2.62445521 0.08385086 0.26799911
v -3.08751392 0.16345214 0.25426572
v -3.11930561 -0.35316467 0.25231379
v -2.64834284 -0.20691299 0.26692074
v -3.11573505 -0.18042373 0.25296586
v -0.18498873 3.16770935 0.26561874
v -0.29110622 2.62067413 0.2753641
v -0.32896328 3.16344451 0.26560205
v 0.41166877 2.60982894 0.25221842
v 0.65260696 2.56695938 0.2523958
v 0.88888168 2.49597168 0.25245994
v 1.11825943 2.39755249 0.25240868
v 1.33843612 2.27262878 0.25224512
v 1.54735946 2.12242889 0.25196832
v 1.74298477 1.94837188 0.25158184
v 1.92345142 1.7521553 0.25109022
v 2.08703327 1.5356636 0.25049704
v 2.23212146 1.30099868 0.24980896
v 2.35735797 1.05037689 0.24903196
v 2.46150684 0.78625488 0.2481746
v 2.54356098 0.51116561 0.2472431
v 2.60274219 0.22772598 0.2462477
v 2.63847827 -0.06127548 0.24519866
v 2.65042591 -0.35310363 0.24410551
v 0.16836643 2.62416839 0.25192993
v 0.41259956 2.60754394 -0.2494744
v 0.65353775 2.56468963 -0.24986833
v 0.88981246 2.49368667 -0.25036484
v 1.11913681 2.39525222 -0.25095623
v 1.3393135 2.27034378 -0.25164014
v 1.54822921 2.120121 -0.25240778
v 1.74390029 1.94608306 -0.25325238
v 1.92435932 1.74986648 -0.25416517
v 2.08794117 1.53337097 -0.25513887
v 2.23302936 1.29869079 -0.25616282
v 2.35826587 1.04807663 -0.25722765
v 2.46240711 0.78394317 -0.25832343
v 2.54443836 0.50885772 -0.25943869
v 2.60361957 0.22543335 -0.26056176
v 2.63935565 -0.06356811 -0.26168632
v 2.65132618 -0.35539627 -0.26279562
v 0.16929721 2.62188339 -0.24918514
v 0.18498325 3.16770172 0.26561373
v 0.29016971 2.62057495 0.25208777
v 0.47261428 3.1507225 0.26555007
v 0.32895851 3.16344451 0.26559776
v 3.11930561 -0.35316467 0.25230974
v 3.10516834 -0.00807952 0.25361436
v 2.64744281 -0.20701217 0.24465507
v 3.11576557 -0.18042373 0.25296253
v 3.06291675 0.3337059 0.25490564
v 2.6235857 0.0837593 0.24572819
v 3.08751392 0.16345214 0.25426238
v 2.99293994 0.66887664 0.25617164
v 2.57604694 0.37032318 0.24675267
v 3.03136158 0.50232696 0.25554221
v 2.89591693 0.99420166 0.25740069
v 2.50534534 0.6499176 0.24771684
v 2.94774341 0.83296966 0.25679129
v 2.77279377 1.30655288 0.25858134
v 2.41214466 0.91984558 0.24861258
v 2.83755207 1.15219879 0.25799769
v 2.62478351 1.6029129 0.25970095
v 2.29732227 1.17753219 0.24943202
v 2.7018404 1.45692062 0.25914925
v 2.45322895 1.88044357 0.26074975
v 2.16200733 1.42045974 0.25016468
v 2.5418291 1.74420166 0.26023548
v 2.25984668 2.13645172 0.26171678
v 2.00745868 1.64631271 0.25080603
v 2.35915088 2.0112915 0.26124471
v 2.04647541 2.36849212 0.26259464
v 1.83522415 1.85292434 0.25134891
v 2.1555376 2.2556076 0.2621681
v 1.81519699 2.57431793 0.2633714
v 1.64693832 2.03826904 0.25178831
v 1.93293476 2.47481155 0.26299542
v 1.56820297 2.75195312 0.26404255
v 1.4444313 2.2006073 0.25211972
v 1.69350051 2.66677475 0.26372021
v 1.30791091 2.8996849 0.26460117
v 1.22959518 2.3383255 0.25234073
v 1.43954086 2.82964706 0.26433652
v 1.03676223 3.01608276 0.26504081
v 1.00456619 2.45013427 0.25244849
v 1.17353439 2.9618721 0.26483601
v 0.75742721 3.10005188 0.26535791
v 0.77147293 2.53495788 0.2524423
v 0.8979454 3.06217956 0.26521486
v 0.5325737 2.59195327 0.25232142
v 0.61555862 3.12957382 0.26546949
v 0.47261428 3.14846038 -0.23550003
v 0.75742721 3.09775924 -0.2356916
v 0.53349685 2.58966445 -0.24965888
v 0.61555862 3.12732315 -0.23558026
v 1.03676223 3.01382827 -0.23600906
v 0.77239608 2.53266906 -0.25010377
v 0.8979454 3.05989074 -0.23583531
v 1.30791091 2.89740371 -0.2364493
v 1.00548172 2.44785308 -0.25064891
v 1.17353439 2.95960998 -0.2362138
v 1.56820297 2.74968338 -0.23700797
v 1.23050308 2.33602142 -0.2512868
v 1.43954086 2.82737731 -0.23671412
v 1.81519699 2.57204437 -0.23767852
v 1.44530868 2.19829177 -0.25201332
v 1.69350051 2.66449737 -0.237329
v 2.04647541 2.36623382 -0.23845589
v 1.64786148 2.03598403 -0.25282055
v 1.93293476 2.47254562 -0.23805385
v 2.25983905 2.13417434 -0.23933261
v 1.83612442 1.85062027 -0.25370025
v 2.1555376 2.25333786 -0.23888278
v 2.45322895 1.87817001 -0.24030047
v 2.00837421 1.64402008 -0.25464475
v 2.35915088 2.00902175 -0.23980623
v 2.62478351 1.60065078 -0.24134928
v 2.16288471 1.41816711 -0.25564551
v 2.5418291 1.74193191 -0.24081522
v 2.77279377 1.30427551 -0.24246901
v 2.29819202 1.17523193 -0.25669068
v 2.7018404 1.45464706 -0.2419008
v 2.89591693 0.9919281 -0.24364978
v 2.41302967 0.91755294 -0.25777262
v 2.83755207 1.14992141 -0.2430523
v 2.99293994 0.66662216 -0.24487847
v 2.50623798 0.64760589 -0.2588796
v 2.94774341 0.83069992 -0.24425858
v 3.06291675 0.33143234 -0.24614477
v 2.57696247 0.36801147 -0.25999957
v 3.0313692 0.50005722 -0.24550795
v 3.10516834 -0.01033783 -0.2474364
v 2.62445545 0.08143615 -0.26112431
v 3.08751392 0.16117477 -0.24678856
v 3.11930561 -0.35544204 -0.24874043
v 2.64834308 -0.20932388 -0.2622435
v 3.11576557 -0.18267822 -0.24808746
v 0.18498325 3.16541671 -0.23543649
v 0.29109287 2.61829757 -0.24931699
v 0.32895851 3.16117858 -0.23545247
v 2.65440082 -1.03054046 0.23846286
v 2.61868 -1.31965255 0.23771017
v 2.55949878 -1.60315704 0.2369706
v 2.47749042 -1.87833404 0.23625224
v 2.37336444 -2.14255142 0.23556178
v 2.24818897 -2.39322662 0.23490518
v 2.10312366 -2.62797927 0.23429006
v 1.93960285 -2.84452819 0.23372072
v 1.75917434 -3.04082107 0.23320382
v 1.56358718 -3.2149086 0.23274582
v 1.35474014 -3.36515426 0.23234766
v 1.13463974 -3.49012374 0.23201531
v 0.90534591 -3.58858108 0.23175138
v 0.66915512 -3.65959167 0.23155945
v 0.42827034 -3.7024765 0.23144
v 0.1850748 -3.71681404 0.2313947
v 2.66634082 -0.73863983 0.23922246
v 2.65440082 -1.0339241 -0.26323443
v 2.61866474 -1.32304382 -0.26455879
v 2.55949878 -1.6065216 -0.26585829
v 2.47748279 -1.88172149 -0.26711744
v 2.37335681 -2.14592361 -0.26832753
v 2.24818897 -2.39659118 -0.26947444
v 2.10312366 -2.6313591 -0.27054899
v 1.93960285 -2.84791183 -0.27153855
v 1.75917434 -3.04417419 -0.2724356
v 1.56358718 -3.21827697 -0.27323073
v 1.35473251 -3.36853027 -0.27391618
v 1.13463974 -3.49349975 -0.27448582
v 0.90534591 -3.59193801 -0.27493393
v 0.66915512 -3.66296768 -0.27525496
v 0.42827034 -3.70583725 -0.27544885
v 0.1850748 -3.72019386 -0.27551001
v 2.66633319 -0.74201202 -0.26189619
v 3.11929798 -0.75850296 0.25077837
v 2.6633501 -0.88475799 0.23884218
v 3.10516834 -1.10361099 0.24947446
v 3.11573505 -0.93124389 0.25012487
v 0.18498325 -4.27934837 0.23747438
v 0.47261428 -4.26240348 0.23753851
v 0.306818 -3.71322822 0.23140734
v 0.32895851 -4.27510643 0.23749035
v 0.75741958 -4.21170234 0.2377302
v 0.54915237 -3.68457794 0.23148983
v 0.61555862 -4.24123954 0.23761814
v 1.03676223 -4.1277523 0.23804706
v 0.78795242 -3.62756347 0.23164671
v 0.8979454 -4.17383384 0.23787301
v 1.30791091 -4.01133918 0.2384867
v 1.02096939 -3.54272842 0.23187464
v 1.17349624 -4.07354164 0.23825138
v 1.56820297 -3.86362648 0.23904484
v 1.2459526 -3.43088531 0.23217314
v 1.43954086 -3.94130897 0.23875087
v 1.81519699 -3.68598175 0.23971551
v 1.46072006 -3.29310607 0.23253911
v 1.69350051 -3.7784481 0.23936694
v 2.04647541 -3.48015976 0.24049371
v 1.66315841 -3.1307373 0.23296707
v 1.93293476 -3.58647918 0.24009221
v 2.25985431 -3.24811554 0.24137038
v 1.85139846 -2.94532775 0.23345583
v 2.1555376 -3.36727142 0.24092072
v 2.45322895 -2.9921112 0.24233859
v 2.02357196 -2.73866272 0.23399895
v 2.35914325 -3.12295532 0.24184387
v 2.62478351 -2.71457672 0.24338716
v 2.17805194 -2.51275253 0.2345919
v 2.54182148 -2.85586929 0.24285286
v 2.77278614 -2.41821289 0.24450629
v 2.31333637 -2.26973342 0.23522776
v 2.7018404 -2.56858444 0.24393767
v 2.8959093 -2.10586929 0.24568694
v 2.42810535 -2.01197052 0.23590225
v 2.83754444 -2.26385498 0.24509042
v 2.99293994 -1.78054046 0.24691647
v 2.52131366 -1.7419548 0.23660796
v 2.94774341 -1.94463348 0.24629586
v 3.06291675 -1.44538116 0.24818247
v 2.59198474 -1.46227645 0.237338
v 3.03136158 -1.61399841 0.24754566
v 2.63950061 -1.17561721 0.23808521
v 3.08751392 -1.27512359 0.24882549
v 3.10516834 -1.10586547 -0.25157576
v 3.06291675 -1.44765472 -0.25286728
v 2.63950061 -1.17900085 -0.26389938
v 3.08751392 -1.27737426 -0.25222402
v 2.99293994 -1.78281021 -0.25413411
v 2.59198474 -1.46566009 -0.26521188
v 3.03136158 -1.61627578 -0.25350445
v 2.8959093 -2.10814285 -0.25536358
v 2.52131366 -1.74532318 -0.26649344
v 2.94774341 -1.94691085 -0.25475406
v 2.77278614 -2.42049408 -0.25654417
v 2.42809772 -2.01534652 -0.26772946
v 2.83754444 -2.26612472 -0.25596052
v 2.62478351 -2.71685409 -0.25766331
v 2.31333637 -2.2731018 -0.26890915
v 2.7018404 -2.57085418 -0.25711196
v 2.45322895 -2.99438095 -0.25871163
v 2.17805194 -2.51611328 -0.2700212
v 2.54182148 -2.85813903 -0.25819712
v 2.25984668 -3.25038909 -0.25967937
v 2.02357196 -2.74202346 -0.2710542
v 2.35914325 -3.12522888 -0.25920617
v 2.04647541 -3.48243331 -0.2605561
v 1.85139083 -2.94869613 -0.27199924
v 2.1555376 -3.36955261 -0.2601298
v 1.81519699 -3.68827056 -0.26133406
v 1.66315841 -3.13410949 -0.27284669
v 1.93293476 -3.58875274 -0.26095789
v 1.56820297 -3.86588478 -0.26200509
v 1.46067428 -3.29647445 -0.27358794
v 1.69350051 -3.78069877 -0.26168352
v 1.30791091 -4.01361274 -0.26256412
v 1.24594497 -3.43424606 -0.27421659
v 1.43954086 -3.94358634 -0.26229888
v 1.03676223 -4.13001823 -0.26300323
v 1.02096939 -3.54608917 -0.27472633
v 1.17349624 -4.07581138 -0.2627986
v 0.75741958 -4.21398735 -0.26332056
v 0.78795242 -3.63093566 -0.27511018
v 0.8979454 -4.17610359 -0.26317769
v 0.47261428 -4.26466178 -0.26351219
v 0.54914474 -3.68795394 -0.27536767
v 0.61555862 -4.2435131 -0.26343256
v 0.18498325 -4.28162956 -0.26357597
v 0.306818 -3.71658515 -0.27549618
v 0.32895851 -4.27737999 -0.26356023
v 3.11929798 -0.76075744 -0.25027221
v 2.6633501 -0.88814163 -0.26256626
v 3.11573505 -0.93352127 -0.2509244
v -2.64966273 -1.03054046 0.23846167
v -2.6139419 -1.31965255 0.23771017
v -2.55476832 -1.60315704 0.2369706
v -2.4727447 -1.87833404 0.23625224
v -2.36864495 -2.14255142 0.23556178
v -2.24345421 -2.39322662 0.23490613
v -2.09838891 -2.62797927 0.23429006
v -1.93486857 -2.84452819 0.23372072
v -1.75444102 -3.04082107 0.23320382
v -1.55885386 -3.2149086 0.23274558
v -1.35001444 -3.36515426 0.23234766
v -1.12989926 -3.49012374 0.23201578
v -0.90061879 -3.58858108 0.23175138
v -0.66442799 -3.65959167 0.23155945
v -0.42358326 -3.7024765 0.23144
v -0.18035006 -3.71681404 0.2313947
v -2.66164088 -0.73863983 0.23922246
v -2.6496551 -1.0339241 -0.26323443
v -2.6139419 -1.32304382 -0.26455867
v -2.55476069 -1.6065216 -0.26585793
v -2.4727447 -1.88171768 -0.26711797
v -2.36862969 -2.14592361 -0.26832753
v -2.24344658 -2.39659118 -0.26947456
v -2.09838128 -2.6313591 -0.27054911
v -1.93486857 -2.84791183 -0.27153855
v -1.75444102 -3.04417419 -0.27243566
v -1.55885386 -3.21827697 -0.27323079
v -1.35000681 -3.36853027 -0.27391618
v -1.12989926 -3.49349975 -0.274486
v -0.90061116 -3.59193801 -0.27493393
v -0.66442036 -3.66296768 -0.27525496
v -0.42353749 -3.70583725 -0.27544885
v -0.18034243 -3.72019386 -0.27551001
v -2.6615951 -0.74201583 -0.26189607
v -3.11456775 -0.75850296 0.25077837
v -2.65861964 -0.88475799 0.23884195
v -3.10042285 -1.10361099 0.24947446
v -3.11102771 -0.93124389 0.25012511
v -0.18025851 -4.27934837 0.23747438
v -0.46787953 -4.26240348 0.23753851
v -0.30208492 -3.71322822 0.23140734
v -0.32422542 -4.27510643 0.23749035
v -0.75268483 -4.21170234 0.2377302
v -0.54440999 -3.68457794 0.23148983
v -0.61081624 -4.24123954 0.23761814
v -1.03204274 -4.1277523 0.23804706
v -0.78325581 -3.62756347 0.23164671
v -0.89324879 -4.17383384 0.23787301
v -1.30317759 -4.01133918 0.23848646
v -1.01627278 -3.54272842 0.23187464
v -1.16880154 -4.07354164 0.23825138
v -1.56346964 -3.86362648 0.2390446
v -1.24122691 -3.43088531 0.23217314
v -1.43480753 -3.94130897 0.23875111
v -1.81046366 -3.68598175 0.23971599
v -1.45598673 -3.29310607 0.23253911
v -1.68876719 -3.7784481 0.23936694
v -2.04177928 -3.48015976 0.24049395
v -1.65842509 -3.1307373 0.23296707
v -1.92820048 -3.58647918 0.24009245
v -2.25511193 -3.24811554 0.24137109
v -1.84666514 -2.94532775 0.23345607
v -2.15079522 -3.36727142 0.24092072
v -2.44849038 -2.9921112 0.24233883
v -2.01883769 -2.73866272 0.23399919
v -2.35441613 -3.12295532 0.2418434
v -2.62005305 -2.71457672 0.24338692
v -2.17331719 -2.51275253 0.2345919
v -2.53708338 -2.85586929 0.24285215
v -2.76805591 -2.41821289 0.24450629
v -2.30860161 -2.26973342 0.23522824
v -2.69709467 -2.56858444 0.24393791
v -2.89118671 -2.10586929 0.24568694
v -2.42341256 -2.01197052 0.23590201
v -2.83281421 -2.26385498 0.24509042
v -2.98820209 -1.78054046 0.24691551
v -2.51657557 -1.7419548 0.23660796
v -2.94305133 -1.94463348 0.24629563
v -3.0581789 -1.44538116 0.24818247
v -2.5872848 -1.46227645 0.23733776
v -3.02663135 -1.61399841 0.24754518
v -2.63476252 -1.17561721 0.23808544
v -3.08278369 -1.27512359 0.24882596
v -3.10042285 -1.10586547 -0.25157576
v -3.0581789 -1.44765472 -0.25286704
v -2.63475489 -1.17900085 -0.26389926
v -3.08278369 -1.27737426 -0.25222379
v -2.98820209 -1.78281021 -0.25413411
v -2.58723139 -1.46566009 -0.26521199
v -3.02663135 -1.61627578 -0.25350463
v -2.89118671 -2.10814285 -0.25536364
v -2.51657557 -1.74532318 -0.26649326
v -2.94305133 -1.94691085 -0.25475412
v -2.76805591 -2.42049408 -0.25654417
v -2.42336678 -2.01534652 -0.26772946
v -2.83281421 -2.26612472 -0.25596058
v -2.62005305 -2.71685409 -0.25766336
v -2.30860161 -2.2731018 -0.26890903
v -2.69709467 -2.57085418 -0.25711196
v -2.44849038 -2.99438095 -0.25871163
v -2.17331719 -2.51611328 -0.27002114
v -2.53708338 -2.85813903 -0.25819689
v -2.25511193 -3.25038909 -0.25967937
v -2.01883769 -2.74202346 -0.27105408
v -2.35441613 -3.12522888 -0.25920623
v -2.04177928 -3.48243331 -0.26055628
v -1.84666514 -2.94869613 -0.27199941
v -2.15079522 -3.36955261 -0.2601298
v -1.81046366 -3.68827056 -0.26133418
v -1.65842509 -3.13410949 -0.27284675
v -1.92820048 -3.58875274 -0.26095819
v -1.56346964 -3.86588478 -0.26200521
v -1.4559791 -3.29647445 -0.27358794
v -1.68876719 -3.78069877 -0.26168364
v -1.30317759 -4.01361274 -0.26256424
v -1.24121928 -3.43424606 -0.27421647
v -1.43480753 -3.94358634 -0.26229882
v -1.03204274 -4.13001823 -0.26300323
v -1.01623463 -3.54608917 -0.27472645
v -1.16880154 -4.07581138 -0.26279836
v -0.75268483 -4.21398735 -0.26332056
v -0.78325581 -3.63093566 -0.2751103
v -0.89324879 -4.17610359 -0.26317769
v -0.46787953 -4.26466178 -0.26351219
v -0.54440999 -3.68795394 -0.27536767
v -0.61081624 -4.2435131 -0.26343256
v -0.18025851 -4.28162956 -0.26357597
v -0.30208492 -3.71658515 -0.27549618
v -0.32422542 -4.27737999 -0.26356023
v -3.11456775 -0.76075744 -0.25027209
v -2.65861201 -0.88814163 -0.26256632
v -3.11102771 -0.93352127 -0.25092417
v -0.17706942 2.90602874 -0.23086029
v -0.31045436 2.90210342 -0.23095732
v -0.44351124 2.89031601 -0.23108357
v -2.88239765 -0.03569793 -0.2436077
v -2.89220142 -0.1953392 -0.24421507
v -2.89550495 -0.35537719 -0.24482017
v -2.84324359 0.28089523 -0.24239105
v -2.86604785 0.12316894 -0.24299913
v -2.77843952 0.59135437 -0.24118143
v -2.81402301 0.43708801 -0.24178487
v -2.68856501 0.89271163 -0.2399913
v -2.73657703 0.74335861 -0.240583
v -2.57448267 1.18203353 -0.2388311
v -2.63449549 1.03904724 -0.23940664
v -2.43737435 1.45656204 -0.23771232
v -2.50874781 1.32130813 -0.23826593
v -2.27844262 1.71363449 -0.23664599
v -2.36052727 1.58744049 -0.23717242
v -2.0992968 1.9507904 -0.23564273
v -2.19127678 1.83484649 -0.23613631
v -1.90159678 2.16571807 -0.23471146
v -2.00264811 2.06115722 -0.23516756
v -1.68734812 2.35638427 -0.23386186
v -1.79642558 2.26420593 -0.23427534
v -1.45851969 2.52091598 -0.23310071
v -1.57463145 2.44201278 -0.23346895
v -1.21737742 2.65776825 -0.23243671
v -1.33932566 2.59289169 -0.23275524
v -0.96620869 2.76560211 -0.23187565
v -1.09287381 2.71538543 -0.23214256
v -0.707412 2.8433609 -0.23142302
v -0.83760762 2.80828094 -0.23163527
v -0.57594227 2.87071991 -0.23123902
v -0.44396901 2.89260482 0.27027314
v -0.57639241 2.87299346 0.27025455
v -0.70783162 2.84563064 0.27020663
v -0.83801198 2.81055831 0.2701289
v -0.96662068 2.76786041 0.27002185
v -1.09333157 2.71765136 0.26988476
v -1.21778941 2.66003418 0.26971882
v -1.33978343 2.59516906 0.26952451
v -1.4589622 2.52319335 0.26930302
v -1.57503581 2.44428634 0.26905268
v -1.68779063 2.35865783 0.26877683
v -1.79686045 2.26648712 0.26847261
v -1.90204691 2.16799926 0.26814502
v -2.00308299 2.06343841 0.26779168
v -2.09970879 1.95306778 0.26741451
v -2.19171929 1.83712387 0.26701492
v -2.27884697 1.71591186 0.26659315
v -2.36096978 1.58971786 0.2661497
v -2.43777108 1.45883941 0.26568669
v -2.5091598 1.32358932 0.26520603
v -2.57492518 1.18431091 0.26470583
v -2.634938 1.04133606 0.26419061
v -2.68900752 0.89498901 0.26365917
v -2.73702716 0.74563598 0.26311391
v -2.77884388 0.59363174 0.26255673
v -2.81445789 0.43934631 0.26198738
v -2.8436861 0.2831726 0.2614085
v -2.86648273 0.12545394 0.26082104
v -2.88284015 -0.03341674 0.26022714
v -2.89263629 -0.19305801 0.25962799
v -2.89591693 -0.353096 0.25902313
v -0.17753481 2.90829467 0.27022069
v -0.31089687 2.90436554 0.2702617
v 0.17641544 2.88729095 0.25855439
v 0.30895423 2.88339233 0.25862807
v 0.44117164 2.87168884 0.25867193
v 2.86442279 -0.0355072 0.24927276
v 2.87413501 -0.19412231 0.24867671
v 2.87739276 -0.35314178 0.24807757
v 2.82552051 0.27904129 0.2504391
v 2.84817218 0.12232971 0.24986022
v 2.76112842 0.58752059 0.25156492
v 2.79643726 0.43422699 0.25100821
v 2.6718111 0.88693618 0.2526409
v 2.71953296 0.73852539 0.2521097
v 2.55847644 1.17439651 0.25365537
v 2.61810016 1.03233718 0.25315588
v 2.42221546 1.44715118 0.25459784
v 2.49313068 1.31278228 0.25413602
v 2.26431751 1.70256805 0.25546044
v 2.34589099 1.57719421 0.25503963
v 2.08629322 1.93819427 0.25623482
v 2.17773914 1.8230133 0.25585931
v 1.88991165 2.15175247 0.25691312
v 1.99031543 2.047863 0.25658625
v 1.67700576 2.34117889 0.25748914
v 1.78541183 2.24960708 0.25721401
v 1.44965744 2.50466918 0.25795644
v 1.56502914 2.42627716 0.2577359
v 1.21003341 2.64063644 0.25831121
v 1.33122634 2.57617569 0.25814837
v 0.96047592 2.74776458 0.25855082
v 1.0863533 2.69787216 0.2584452
v 0.70335006 2.82502746 0.25867074
v 0.83269882 2.79018402 0.25862544
v 0.57275009 2.85222244 0.25868672
v 0.44163703 2.86940383 -0.24270921
v 0.57322311 2.84994506 -0.24284309
v 0.70381546 2.82274627 -0.24300521
v 0.83317184 2.78791046 -0.2431963
v 0.96094131 2.74548721 -0.24341505
v 1.08681869 2.69559478 -0.24366045
v 1.21050643 2.63835907 -0.24393349
v 1.33169174 2.57390213 -0.24423217
v 1.45013046 2.502388 -0.24455678
v 1.56549453 2.42398834 -0.2449041
v 1.67747879 2.33890152 -0.2452771
v 1.78587722 2.24732208 -0.24567186
v 1.89037704 2.14947128 -0.24608886
v 1.99078083 2.045578 -0.24652713
v 2.08675861 1.93590927 -0.24698478
v 2.17820453 1.82073211 -0.2474609
v 2.2647829 1.70028686 -0.24795573
v 2.34635639 1.57489395 -0.24846595
v 2.42267322 1.44486999 -0.2489916
v 2.49359607 1.31049728 -0.24953109
v 2.55894184 1.17211532 -0.25008291
v 2.61855793 1.03003311 -0.25064641
v 2.67226123 0.88462829 -0.25121957
v 2.71999836 0.7362442 -0.25180137
v 2.76158618 0.58523559 -0.25238984
v 2.79691028 0.43193435 -0.2529844
v 2.8259859 0.27675247 -0.25358241
v 2.84862995 0.1200447 -0.25418442
v 2.86488056 -0.03781127 -0.2547878
v 2.87459278 -0.19640731 -0.25539034
v 2.87785053 -0.35542297 -0.25599139
v 0.17689609 2.88501358 -0.24252909
v 0.30941963 2.88111114 -0.24260485
v 2.89672565 -0.74873733 0.24509996
v 2.8934679 -0.90842056 0.24458187
v 2.88368701 -1.06770706 0.24406379
v 0.45083808 -3.98727607 0.23454159
v 0.31807136 -3.99902534 0.23450177
v 0.18501377 -4.00294685 0.23448699
v 0.7140541 -3.94042778 0.23469775
v 0.58291244 -3.96772956 0.23460739
v 0.97219467 -3.8628292 0.23495358
v 0.84392929 -3.90542793 0.23481291
v 1.22276687 -3.75524711 0.23530739
v 1.09856796 -3.81272697 0.23511833
v 1.46332168 -3.61870575 0.23575443
v 1.3444252 -3.69051742 0.23551887
v 1.69154739 -3.45452499 0.23629087
v 1.57912063 -3.53997802 0.23601168
v 1.90530777 -3.26429748 0.23691171
v 1.80038833 -3.36254119 0.23659199
v 2.10249042 -3.0498085 0.23761194
v 2.00608539 -3.15994644 0.23725336
v 2.28122425 -2.81319809 0.23838347
v 2.19425678 -2.93413543 0.23798912
v 2.43971729 -2.55669403 0.23921936
v 2.36310291 -2.68727111 0.23879331
v 2.57652759 -2.28277206 0.240112
v 2.51092243 -2.42174911 0.23965853
v 2.69032001 -1.99406814 0.24105089
v 2.63637256 -2.14008712 0.24057573
v 2.77995777 -1.69338226 0.24202913
v 2.73823261 -1.84505844 0.24153536
v 2.84463214 -1.38359832 0.24303644
v 2.8154726 -1.53945159 0.24253028
v 2.86739826 -1.22622299 0.24354809
v 2.88368701 -1.07053375 -0.25730437
v 2.86739826 -1.22905349 -0.25796049
v 2.84462451 -1.38642501 -0.25861209
v 2.8154726 -1.54226303 -0.25925719
v 2.77995777 -1.69620895 -0.25989449
v 2.73823261 -1.84786987 -0.26052224
v 2.69032001 -1.9968872 -0.26113885
v 2.63636493 -2.14290237 -0.26174312
v 2.57652759 -2.28557205 -0.26233393
v 2.51092243 -2.42455291 -0.26290822
v 2.43971729 -2.55949783 -0.26346677
v 2.36310291 -2.69009017 -0.26400691
v 2.28122425 -2.81600189 -0.26452785
v 2.19425678 -2.93694686 -0.26502782
v 2.10249042 -3.05263137 -0.26550602
v 2.00608539 -3.16277694 -0.26596206
v 1.90530014 -3.26709365 -0.266393
v 1.80038833 -3.36536407 -0.26679927
v 1.69154739 -3.45732879 -0.26717943
v 1.57912063 -3.54278945 -0.26753318
v 1.46332168 -3.62151336 -0.26785737
v 1.3444252 -3.69332122 -0.26815444
v 1.22276687 -3.75805091 -0.26842171
v 1.09856796 -3.8155384 -0.26865923
v 0.97219467 -3.86564445 -0.26886546
v 0.84392929 -3.90822792 -0.26904064
v 0.71403884 -3.94323158 -0.26918429
v 0.58291244 -3.97052574 -0.26929682
v 0.45083808 -3.99009132 -0.26937705
v 0.31807136 -4.00184059 -0.26942485
v 0.18501377 -4.00575447 -0.26943987
v 2.89672565 -0.75154495 -0.25598353
v 2.8934679 -0.91123199 -0.2566449
v -2.87999439 -0.90751266 0.24436372
v -2.88325214 -0.74833679 0.24487704
v -2.87022876 -1.06629943 0.24385136
v -0.31293392 -3.98819541 0.23438376
v -0.44522023 -3.97647666 0.23442429
v -0.1802814 -3.99210548 0.23436945
v -0.57689595 -3.95698738 0.23448818
v -0.70762562 -3.92976951 0.23457855
v -0.83706593 -3.89488792 0.2346937
v -0.96492695 -3.85242652 0.23483151
v -1.09092068 -3.80248451 0.23499435
v -1.21468424 -3.74519157 0.23518198
v -1.33596873 -3.68066406 0.23539227
v -1.45449137 -3.60908889 0.2356252
v -1.56990122 -3.5306015 0.23587936
v -1.6819694 -3.44543457 0.23615688
v -1.79045939 -3.35374832 0.23645418
v -1.89505076 -3.25580596 0.23677152
v -1.99549174 -3.1518135 0.2371084
v -2.09159159 -3.04203033 0.23746436
v -2.18306756 -2.92671966 0.23783797
v -2.26972222 -2.8061676 0.23822802
v -2.35134148 -2.6806488 0.23863428
v -2.42773079 -2.55049514 0.23905605
v -2.49870753 -2.41598129 0.23949021
v -2.56411433 -2.27745437 0.2399382
v -2.62377619 -2.1352272 0.24039787
v -2.67750239 -1.98968124 0.2408685
v -2.72524738 -1.84114837 0.24134868
v -2.76689624 -1.68997573 0.2418372
v -2.80226612 -1.53652572 0.24233239
v -2.83131885 -1.38117218 0.2428345
v -2.8540163 -1.22431182 0.24334138
v -2.85400867 -1.22714996 -0.25818544
v -2.87022876 -1.06913757 -0.25752884
v -2.83131885 -1.38401794 -0.25883728
v -2.80225849 -1.53936386 -0.25948286
v -2.76689624 -1.69281768 -0.26012057
v -2.72524738 -1.84396362 -0.26074868
v -2.67750239 -1.99252319 -0.26136559
v -2.62376856 -2.13807296 -0.26197052
v -2.56411433 -2.28029251 -0.2625612
v -2.49870753 -2.41881561 -0.26313573
v -2.42773079 -2.55332946 -0.26369464
v -2.35134148 -2.68348312 -0.26423484
v -2.26972222 -2.80901336 -0.26475638
v -2.18305993 -2.92956543 -0.2652564
v -2.09159159 -3.04486846 -0.26573497
v -1.99548411 -3.15464019 -0.266191
v -1.89504313 -3.25864028 -0.26662242
v -1.79045939 -3.35658264 -0.26702874
v -1.6819694 -3.44826126 -0.26740896
v -1.56990122 -3.53343582 -0.26776212
v -1.45449137 -3.61192321 -0.26808732
v -1.33596873 -3.68349075 -0.26838439
v -1.21468424 -3.74802589 -0.26865202
v -1.09091305 -3.80531501 -0.26888924
v -0.96492695 -3.85526466 -0.2690956
v -0.8370583 -3.89772224 -0.26927053
v -0.70762562 -3.93260765 -0.2694146
v -0.57689595 -3.9598217 -0.26952701
v -0.44522023 -3.97929573 -0.26960748
v -0.31293392 -3.99101448 -0.26965481
v -0.1802814 -3.99492454 -0.26966983
v -2.87999439 -0.9103508 -0.25686901
v -2.88325214 -0.75120163 -0.25620806
v 2.88780689 -0.56425476 -0.25598722
v 2.88759326 -0.56169128 0.24650806
v 2.65884113 -0.55634689 0.24153131
v 2.65923786 -0.55922699 -0.26232141
v -2.8897295 -0.54230117 -0.25019782
v -2.65570521 -0.53792953 -0.25062125
v -2.65618586 -0.53512191 0.25354951
v -2.88994312 -0.53974914 0.2523424
v 0.00026822 -3.72019386 -0.27551001
v 0.00026822 -4.00028038 -0.26955616
v 0.00026822 -3.99746131 0.23442739
v 0.00026822 -3.71681404 0.2313947
v -0.00635409 2.89812851 0.26457899
v -0.0058887 2.89586639 -0.23650318
v -0.00510287 2.62194442 -0.23713654
v -0.00603365 2.62422561 0.26397818
v 1.08675003 1.20298767 -0.1552692
v 0.95348739 1.32157516 -0.15505236
v 0.81120681 1.42393493 -0.15489172
v 0.66125869 1.50905227 -0.15478855
v 0.50504684 1.57613372 -0.15474551
v 0.344141 1.62452316 -0.15476077
v 0.18006229 1.653759 -0.15483492
v 0.01440548 1.66356277 -0.15496784
v -0.15129733 1.65380859 -0.15515792
v -0.31536006 1.62465286 -0.15540367
v -0.47626423 1.57632064 -0.15570229
v -0.63242268 1.50928497 -0.15605062
v -0.78236317 1.4242134 -0.15644604
v -0.92462849 1.32191467 -0.15688425
v -1.05782437 1.20338439 -0.1573615
v -1.18072629 1.06975174 -0.15787279
v 1.2096672 1.0693016 -0.15554052
v 1.08628463 1.20506668 0.18643564
v 0.95303726 1.3236618 0.18704241
v 0.81074905 1.42599868 0.18758338
v 0.66080856 1.51113128 0.18805497
v 0.50463485 1.57819747 0.18845266
v 0.34372901 1.62659835 0.18877214
v 0.17961978 1.65583801 0.18900936
v 0.01396298 1.66564941 0.18916291
v -0.15170168 1.65589523 0.18923276
v -0.31577968 1.62671279 0.18921512
v -0.47667622 1.57838439 0.18911308
v -0.63287282 1.51136398 0.18892639
v -0.78279805 1.42630004 0.18865674
v -0.925071 1.32399368 0.18830579
v -1.05826687 1.20545196 0.18787974
v -1.18113064 1.07180786 0.18737953
v 1.20921707 1.07138824 0.18577069
v 1.41981124 1.34060287 -0.16243678
v 1.14956283 1.13796615 -0.15539842
v 1.27450943 1.49865722 -0.16183984
v 1.34877395 1.42176055 -0.16213035
v -1.40657115 1.34060287 -0.16243749
v -1.26124644 1.49865722 -0.16184043
v -1.12063717 1.13837814 -0.1576128
v -1.33551096 1.42176437 -0.16213113
v -1.10370755 1.63882827 -0.16131091
v -0.99245381 1.26461792 -0.15711778
v -1.18391537 1.57106018 -0.16156679
v -0.93550038 1.75983047 -0.16085314
v -0.85454487 1.37516784 -0.15666002
v -1.02084279 1.70180892 -0.16107279
v -0.75817799 1.86043548 -0.16047298
v -0.70825886 1.46895217 -0.15624243
v -0.84786915 1.81274032 -0.16065371
v -0.57352376 1.93972015 -0.16017359
v -0.55502247 1.54509735 -0.15587019
v -0.66667103 1.90281295 -0.16031301
v -0.38330006 1.99691009 -0.15995723
v -0.39631581 1.60285186 -0.15554672
v -0.47899556 1.97111892 -0.16005486
v -0.18927645 2.0314331 -0.15982729
v -0.23360347 1.64164733 -0.15527397
v -0.28662776 2.01701736 -0.15988165
v 0.00661587 2.04297637 -0.1597836
v -0.06856417 1.66113281 -0.15505594
v -0.09145999 2.04008865 -0.15979445
v 0.20250797 2.0314331 -0.15982729
v 0.09732151 1.66109466 -0.15489441
v 0.10468387 2.04008865 -0.15979456
v 0.3965168 1.99690628 -0.15995782
v 0.26240634 1.6415596 -0.15479016
v 0.29985237 2.01701736 -0.15988141
v 0.58680343 1.93972015 -0.16017347
v 0.42510414 1.60270309 -0.1547451
v 0.49225235 1.97111892 -0.16005474
v 0.77143478 1.86043548 -0.16047269
v 0.58384323 1.54490661 -0.15475934
v 0.6798973 1.90281295 -0.16031259
v 0.94873428 1.75982666 -0.16085296
v 0.7371025 1.46869659 -0.15483313
v 0.86113357 1.81274032 -0.16065299
v 1.11696243 1.63882827 -0.16131037
v 0.88339614 1.37484741 -0.15496522
v 1.03408432 1.70180892 -0.16107255
v 1.0213356 1.26424789 -0.15515428
v 1.19717788 1.57106018 -0.16156619
v 1.27450943 1.50019455 0.17942589
v 1.11696243 1.6403923 0.17995542
v 1.02087783 1.26633834 0.18674629
v 1.19717788 1.57260131 0.17969888
v 0.94873428 1.76136779 0.18041247
v 0.88295364 1.37693405 0.18732112
v 1.03408432 1.70335006 0.1801936
v 0.77143478 1.86198425 0.18079274
v 0.73666 1.47078323 0.18782919
v 0.86113357 1.81428527 0.18061274
v 0.58680343 1.9412651 0.18109244
v 0.58340072 1.54697036 0.18826359
v 0.6798973 1.90435028 0.18095296
v 0.3965168 1.99844741 0.18130797
v 0.42464637 1.60476303 0.18862193
v 0.49225235 1.97265625 0.18121093
v 0.20250797 2.03297805 0.18143862
v 0.26196384 1.64364624 0.18890065
v 0.29985237 2.01858139 0.18138378
v 0.00661587 2.04453659 0.18148201
v 0.09688663 1.6631813 0.18909686
v 0.10468387 2.04163742 0.18147128
v -0.18927645 2.03297805 0.18143862
v -0.06897616 1.66319656 0.18920844
v -0.09145999 2.04165267 0.18147128
v -0.38330006 1.99844741 0.18130773
v -0.23404598 1.64371871 0.18923538
v -0.28662776 2.01857757 0.18138378
v -0.57352376 1.9412651 0.1810922
v -0.3967278 1.60492706 0.18917506
v -0.47899556 1.97266006 0.18121117
v -0.75817799 1.86198425 0.18079274
v -0.55545735 1.54718399 0.18903106
v -0.66667103 1.90435028 0.18095272
v -0.93550038 1.76137161 0.18041223
v -0.70871663 1.47103118 0.1888017
v -0.84786915 1.81428527 0.18061226
v -1.10370755 1.6403923 0.17995518
v -0.85494923 1.37723541 0.1884908
v -1.02084279 1.70335388 0.18019336
v -1.26124644 1.50019455 0.17942589
v -0.9928658 1.26668167 0.18810147
v -1.18391537 1.57260131 0.17969888
v -1.40657115 1.34215164 0.1788277
v -1.12107968 1.14044189 0.18763846
v -1.33551096 1.42332458 0.17913502
v 1.41981124 1.34214782 0.17882818
v 1.14915084 1.14005279 0.18610972
v 1.34877395 1.42332458 0.17913526
v 1.48327255 0.72866439 0.16881889
v 1.58210372 0.56878662 0.16844576
v 1.66740799 0.39805984 0.16802734
v 1.7383461 0.2181282 0.16756671
v 1.79426193 0.03071594 0.16706794
v 1.83457565 -0.16234588 0.16653579
v 1.85895156 -0.35924148 0.16597718
v 1.86712265 -0.55802917 0.16539543
v 1.8590126 -0.75683212 0.1647982
v 1.83467483 -0.9536972 0.16418999
v 1.79442977 -1.1467514 0.16357654
v 1.73853683 -1.33414077 0.16296404
v 1.66763687 -1.51405334 0.16235679
v 1.58238601 -1.68474197 0.16176337
v 1.48361587 -1.84459686 0.16118973
v 1.37223434 -1.99204635 0.16063827
v 1.3718605 0.87616348 0.16914314
v 1.48371505 0.72659683 -0.17288559
v 1.58254623 0.56669235 -0.17364758
v 1.66786575 0.39597702 -0.17444795
v 1.7387886 0.21603775 -0.17527777
v 1.79470443 0.02862548 -0.17612993
v 1.83501815 -0.16444015 -0.17699593
v 1.85938644 -0.36132812 -0.17786717
v 1.867527 -0.560112 -0.17873507
v 1.85942459 -0.75889587 -0.17959225
v 1.83511734 -0.95578765 -0.18042939
v 1.7948265 -1.14884185 -0.18123924
v 1.73897171 -1.3362236 -0.18201369
v 1.66807937 -1.51613616 -0.18274515
v 1.58282089 -1.68682479 -0.18342638
v 1.48402023 -1.84666824 -0.18405187
v 1.37267684 -1.99413681 -0.18461364
v 1.37231063 0.87406921 -0.17216813
v 1.59798812 1.1283493 0.17801755
v 1.42908859 0.80406951 0.16898816
v 1.72969436 0.9539833 0.17735856
v 1.66563797 1.04310226 0.17769545
v 1.59799575 -2.263031 0.16520279
v 1.72969436 -2.08864212 0.16586226
v 1.42940139 -1.91995239 0.16090983
v 1.66563797 -2.17776489 0.16552513
v 1.84654617 -1.89961242 0.16657584
v 1.53464126 -1.76612091 0.16147464
v 1.79005813 -1.99586105 0.16621249
v 1.94736194 -1.69776916 0.16733855
v 1.62677383 -1.6006546 0.16205924
v 1.89902877 -1.80017852 0.16695159
v 2.03120899 -1.48502349 0.16814297
v 1.70494461 -1.42514038 0.16265839
v 1.99145984 -1.59263992 0.16773599
v 2.09728717 -1.2634468 0.16898006
v 1.76839065 -1.24126434 0.16326946
v 2.06654071 -1.37521362 0.16855806
v 2.14497852 -1.0351715 0.16984218
v 1.81651687 -1.05081176 0.16388291
v 2.12347888 -1.15001297 0.16940826
v 2.17374134 -0.80238723 0.17072218
v 1.84887313 -0.8556137 0.1644954
v 2.16173267 -0.91919326 0.17028063
v 2.18335437 -0.56732177 0.17161005
v 1.86509323 -0.65754699 0.16509908
v 2.18093586 -0.68499755 0.17116564
v 2.17374134 -0.33227157 0.17249888
v 1.86507034 -0.45850753 0.16568917
v 2.18093586 -0.44966125 0.1720547
v 2.14497852 -0.0994873 0.17337769
v 1.84878158 -0.26045227 0.16625922
v 2.16173267 -0.21546554 0.17293947
v 2.09728717 0.1287918 0.17424076
v 1.81640243 -0.0652275 0.16680544
v 2.12347888 0.01535034 0.17381137
v 2.03120899 0.35036468 0.17507785
v 1.7682228 0.12525177 0.1673209
v 2.06654071 0.24055481 0.174663
v 1.94735431 0.5630989 0.17588156
v 1.70472335 0.30913925 0.16780012
v 1.99145984 0.45798111 0.17548459
v 1.84654617 0.76495361 0.17664402
v 1.62649154 0.4846878 0.16824263
v 1.89902877 0.66551971 0.17626851
v 1.53433609 0.65019607 0.1686396
v 1.79005813 0.86118316 0.1770088
v 1.72969436 0.95242691 -0.16390663
v 1.84654617 0.76340866 -0.16462093
v 1.53474807 0.6481018 -0.17326146
v 1.79005813 0.85964202 -0.1642571
v 1.94735431 0.56156158 -0.16538393
v 1.62693405 0.48259735 -0.17404323
v 1.89902877 0.66397476 -0.1649968
v 2.03120899 0.34882354 -0.1661877
v 1.70518112 0.30705261 -0.17485982
v 1.99145984 0.45642089 -0.16578096
v 2.09728717 0.12725067 -0.1670255
v 1.76865768 0.12316131 -0.17570167
v 2.06654071 0.23899078 -0.16660249
v 2.14497852 -0.10105133 -0.16788739
v 1.81681442 -0.06731796 -0.17656129
v 2.12347888 0.0138092 -0.16745346
v 2.17374134 -0.3338356 -0.16876715
v 1.84923172 -0.26252365 -0.17743086
v 2.16173267 -0.21701049 -0.1683256
v 2.18335437 -0.56887054 -0.1696549
v 1.86552047 -0.46059799 -0.17830181
v 2.18093586 -0.45119857 -0.16921043
v 2.17374134 -0.80392456 -0.17054367
v 1.8655281 -0.65963363 -0.1791656
v 2.18093586 -0.68654632 -0.17009985
v 2.14497852 -1.03671264 -0.17142301
v 1.84927749 -0.85770797 -0.18001425
v 2.16173267 -0.92075347 -0.17098492
v 2.09728717 -1.26499557 -0.17228537
v 1.81695175 -1.0528984 -0.18083864
v 2.12347888 -1.1515541 -0.17185717
v 2.03120899 -1.48656845 -0.17312306
v 1.76883316 -1.24335098 -0.18163162
v 2.06654071 -1.37676239 -0.17270797
v 1.94736194 -1.69930648 -0.17392659
v 1.70537185 -1.42723083 -0.18238586
v 1.99145984 -1.59418106 -0.17352962
v 1.84654617 -1.90118026 -0.17468947
v 1.62720871 -1.60274124 -0.18309223
v 1.89902877 -1.80172348 -0.17431396
v 1.72969436 -2.09018707 -0.17540383
v 1.53507614 -1.76819992 -0.18374604
v 1.79005813 -1.99740219 -0.17505335
v 1.59799575 -2.26456451 -0.17606264
v 1.42985916 -1.92203903 -0.18434119
v 1.66563797 -2.1793251 -0.17574054
v 1.59798812 1.12680435 -0.16324806
v 1.42953872 0.80197525 -0.17252093
v 1.66563797 1.04155731 -0.16356968
v 1.10225296 -2.32060623 0.15729636
v 0.96900558 -2.43920135 0.15708011
v 0.82671737 -2.5415306 0.15692037
v 0.67673873 -2.62666702 0.15681666
v 0.5205574 -2.69375991 0.15677279
v 0.35965156 -2.74214935 0.15678781
v 0.1955347 -2.77137756 0.15686291
v 0.02988553 -2.78116989 0.15699595
v -0.1357944 -2.77143478 0.15718549
v -0.29985714 -2.74225235 0.15743202
v -0.46075367 -2.69392395 0.15773028
v -0.61691975 -2.62689971 0.15807837
v -0.76688313 -2.54184341 0.15847367
v -0.90911793 -2.43953704 0.15891212
v -1.04234433 -2.32100677 0.15938872
v -1.16521573 -2.18735122 0.15990036
v 1.22518539 -2.18692016 0.15756863
v 1.10179519 -2.32269287 -0.18440789
v 0.96854782 -2.44128418 -0.18501418
v 0.82625961 -2.54362106 -0.18555575
v 0.67631912 -2.62875747 -0.18602746
v 0.52011489 -2.69582366 -0.18642485
v 0.35920906 -2.74423599 -0.18674409
v 0.19512271 -2.7734642 -0.18698173
v 0.02946591 -2.78324127 -0.18713522
v -0.13622927 -2.77350997 -0.18720477
v -0.30029201 -2.74433898 -0.18718797
v -0.46118855 -2.69599914 -0.18708545
v -0.61735463 -2.6289711 -0.18689858
v -0.76728749 -2.54390335 -0.18662911
v -0.90956044 -2.44161987 -0.18627816
v -1.04275631 -2.32307434 -0.18585199
v -1.16565823 -2.18943023 -0.18535178
v 1.22472 -2.1890068 -0.1837421
v 1.43531417 -2.45822525 0.16446489
v 1.16507339 -2.25556564 0.15742677
v 1.28998947 -2.61625289 0.16386812
v 1.36425399 -2.53938293 0.16415876
v -1.39106822 -2.45822906 0.16446512
v -1.2457664 -2.61625671 0.16386812
v -1.10515713 -2.25597763 0.15964001
v -1.32003855 -2.53938293 0.16415876
v -1.08822751 -2.75645065 0.16333836
v -0.97695088 -2.38222122 0.15914601
v -1.16843533 -2.68866348 0.1635949
v -0.91999745 -2.87743377 0.16288107
v -0.83903431 -2.49277114 0.15868705
v -1.00533986 -2.81941986 0.16310066
v -0.74269795 -2.97805404 0.16249984
v -0.69275593 -2.58657074 0.15826982
v -0.83239674 -2.93035888 0.16268152
v -0.55805134 -3.0573349 0.1622011
v -0.53954243 -2.66271972 0.15789789
v -0.65120625 -3.02040863 0.16234105
v -0.3677895 -3.11452102 0.16198486
v -0.38080525 -2.72046661 0.15757387
v -0.46351552 -3.08872604 0.16208261
v -0.17376589 -3.14904785 0.16185516
v -0.21812343 -2.75924301 0.15730184
v -0.27110958 -3.13464736 0.1619088
v 0.02212643 -3.16059875 0.16181081
v -0.05305361 -2.77873611 0.15708392
v -0.07595706 -3.15770721 0.16182106
v 0.2180109 -3.14904785 0.1618554
v 0.11280918 -2.77871704 0.15692204
v 0.12020206 -3.15770721 0.1618213
v 0.41203498 -3.11451339 0.16198509
v 0.27788639 -2.75917434 0.15681809
v 0.31536293 -3.13463974 0.16190904
v 0.60226059 -3.0573349 0.1622011
v 0.44060707 -2.72032165 0.15677303
v 0.50771713 -3.0887146 0.16208261
v 0.78691482 -2.97805786 0.16249984
v 0.59936142 -2.6625061 0.15678733
v 0.69541549 -3.02040863 0.16234105
v 0.96424484 -2.87743377 0.16288107
v 0.75258255 -2.58631897 0.15686005
v 0.87660598 -2.93035888 0.16268128
v 1.13244247 -2.75645065 0.16333812
v 0.89892196 -2.49246597 0.15699309
v 1.04958725 -2.81941986 0.16310042
v 1.03684616 -2.38187408 0.15718263
v 1.21264267 -2.68866729 0.16359418
v 1.28998947 -2.61781692 -0.17739719
v 1.13244247 -2.75800323 -0.17792689
v 1.03638076 -2.38393783 -0.18471878
v 1.21264267 -2.69021987 -0.17767101
v 0.96424484 -2.87899398 -0.17838436
v 0.8984642 -2.49453353 -0.18529295
v 1.04958725 -2.82097244 -0.17816531
v 0.78691482 -2.97960662 -0.17876476
v 0.75217056 -2.58839416 -0.18580073
v 0.87660598 -2.93190383 -0.17858451
v 0.60226059 -3.05888366 -0.17906445
v 0.59891128 -2.66458892 -0.18623548
v 0.69541549 -3.02194595 -0.17892468
v 0.41203498 -3.11606216 -0.17928022
v 0.44015693 -2.72238922 -0.186594
v 0.50771713 -3.09028244 -0.17918288
v 0.2180109 -3.15058898 -0.17941033
v 0.2774744 -2.76124572 -0.18687278
v 0.31536293 -3.13618469 -0.17935633
v 0.02212643 -3.16213607 -0.1794539
v 0.11239719 -2.7807846 -0.18706864
v 0.12020206 -3.15925216 -0.17944318
v -0.17376589 -3.15059661 -0.17941087
v -0.05349612 -2.78081893 -0.18718063
v -0.07595706 -3.15925216 -0.17944341
v -0.3677895 -3.11606597 -0.17928034
v -0.21853542 -2.76134109 -0.18720728
v -0.27110958 -3.13618469 -0.17935633
v -0.55805134 -3.05888748 -0.17906403
v -0.38125538 -2.72253036 -0.18714731
v -0.46351552 -3.09028244 -0.17918294
v -0.74269795 -2.97959899 -0.17876499
v -0.53994679 -2.66478347 -0.18700313
v -0.65120625 -3.02194595 -0.17892468
v -0.91999745 -2.87899017 -0.17838448
v -0.69320607 -2.58864975 -0.18677431
v -0.83239674 -2.93190383 -0.17858427
v -1.08822751 -2.75800323 -0.17792719
v -0.83947682 -2.49485015 -0.18646311
v -1.00533986 -2.82097244 -0.17816531
v -1.2457664 -2.61781692 -0.17739743
v -0.97738575 -2.38430023 -0.18607395
v -1.16843533 -2.69022369 -0.17767107
v -1.39106822 -2.45976638 -0.17680019
v -1.10556912 -2.25806427 -0.18561118
v -1.32003855 -2.54092407 -0.17710673
v 1.43531417 -2.45976638 -0.17680019
v 1.16462326 -2.25764846 -0.18408221
v 1.36425399 -2.54092407 -0.17710709
v -1.45226359 0.7445259 0.16887873
v -1.55109477 0.58464431 0.16850632
v -1.63637614 0.41391754 0.16808766
v -1.70733714 0.23396682 0.16762632
v -1.7632606 0.04657363 0.16712802
v -1.80357432 -0.14650726 0.16659611
v -1.82794261 -0.34338378 0.16603726
v -1.83612132 -0.54216384 0.16545599
v -1.82797312 -0.74096679 0.16485804
v -1.80366587 -0.9378395 0.16424983
v -1.7633903 -1.13090133 0.16363638
v -1.7075355 -1.31829834 0.16302365
v -1.63664317 -1.49819183 0.16241711
v -1.55138468 -1.66890335 0.16182392
v -1.45258402 -1.82873535 0.16124886
v -1.34119486 -1.97619247 0.16069835
v -1.3408668 0.89202499 0.1692025
v -1.45272135 0.74243545 -0.17282569
v -1.55155253 0.58255386 -0.17358779
v -1.63682627 0.41183471 -0.17438846
v -1.7077949 0.23189926 -0.17521792
v -1.76367259 0.04448318 -0.17607003
v -1.80402445 -0.14857482 -0.17693597
v -1.82835459 -0.34547042 -0.17780733
v -1.83652567 -0.54425811 -0.17867511
v -1.82841563 -0.74306106 -0.1795324
v -1.80411601 -0.93992614 -0.18036961
v -1.76382517 -1.13298034 -0.18117934
v -1.70797801 -1.32035827 -0.18195414
v -1.63707804 -1.50027465 -0.18268543
v -1.55182719 -1.6709671 -0.18336629
v -1.45302653 -1.8308258 -0.18399179
v -1.341645 -1.97827148 -0.1845538
v -1.34127879 0.88993072 -0.17210805
v -1.56695628 1.144207 0.1780774
v -1.39804911 0.81990814 0.16904753
v -1.69869303 0.96982574 0.17741912
v -1.63460612 1.05896377 0.17775505
v -1.56699442 -2.24716949 0.1652624
v -1.69870066 -2.07279205 0.16592162
v -1.39840769 -1.90410995 0.16096967
v -1.63460612 -2.16192245 0.16558474
v -1.81550669 -1.8837738 0.1666364
v -1.5036323 -1.75027465 0.16153353
v -1.75902628 -1.97999954 0.16627258
v -1.91635966 -1.68192672 0.16739839
v -1.59575724 -1.58479309 0.16211861
v -1.8679893 -1.7843399 0.16701191
v -2.0002067 -1.4691658 0.1682021
v -1.67393565 -1.40928268 0.16271871
v -1.96045756 -1.57678222 0.16779583
v -2.06628489 -1.24759674 0.16903942
v -1.73739695 -1.22542572 0.16332954
v -2.03550028 -1.35935592 0.16861695
v -2.11394524 -1.01931762 0.1699025
v -1.78550791 -1.03495788 0.16394323
v -2.09243798 -1.13415527 0.16946858
v -2.14270806 -0.78652572 0.17078274
v -1.81783366 -0.83976364 0.16455477
v -2.13069176 -0.90335083 0.17034047
v -2.15234398 -0.55146789 0.17167037
v -1.83408427 -0.64169311 0.1651594
v -2.1499331 -0.66914367 0.17122525
v -2.14270806 -0.31643295 0.17255801
v -1.83407664 -0.4426651 0.16574949
v -2.1499331 -0.43382263 0.17211502
v -2.11393761 -0.08364486 0.17343848
v -1.81774973 -0.24459457 0.16631978
v -2.13069176 -0.19961166 0.17299956
v -2.06627726 0.14465332 0.17430013
v -1.78536295 -0.04936981 0.16686576
v -2.09243798 0.03121185 0.17387145
v -2.0002067 0.36623001 0.17513817
v -1.73721385 0.1410942 0.16738098
v -2.03550028 0.25641632 0.17472356
v -1.91635966 0.57896041 0.17594188
v -1.67372965 0.32500076 0.16786044
v -1.96045756 0.47381973 0.17554444
v -1.81550669 0.78081131 0.1767041
v -1.59549021 0.50052642 0.16830295
v -1.8679893 0.68137359 0.17632859
v -1.50329661 0.66603469 0.16869872
v -1.75902628 0.87704086 0.17706793
v -1.69869303 0.9682846 -0.16384691
v -1.81550669 0.77926635 -0.16456097
v -1.50374674 0.66396713 -0.17320156
v -1.75902628 0.87549972 -0.16419744
v -1.91635966 0.57742309 -0.16532367
v -1.59594035 0.49843978 -0.17398357
v -1.8679893 0.67983245 -0.16493666
v -2.0002067 0.36468887 -0.16612762
v -1.67414927 0.3229103 -0.17479986
v -1.96045756 0.47227096 -0.16572153
v -2.06627726 0.1430931 -0.16696506
v -1.73766398 0.13899993 -0.17564159
v -2.03550028 0.25485229 -0.16654294
v -2.11393761 -0.08518981 -0.16782766
v -1.78581309 -0.05145263 -0.17650145
v -2.09243798 0.02965164 -0.16739338
v -2.14270806 -0.31797409 -0.16870695
v -1.81819987 -0.24665832 -0.17737114
v -2.13069176 -0.20114898 -0.16826546
v -2.15234398 -0.55300903 -0.16959524
v -1.834481 -0.44475555 -0.1782419
v -2.1499331 -0.43536377 -0.16915059
v -2.14270806 -0.78807067 -0.17048353
v -1.83449626 -0.64378356 -0.17910575
v -2.1499331 -0.67070388 -0.17004007
v -2.11394524 -1.02086257 -0.17136365
v -1.81827616 -0.84184265 -0.17995423
v -2.13069176 -0.90489578 -0.1709246
v -2.06628489 -1.24913787 -0.17222565
v -1.7859199 -1.03704834 -0.18077868
v -2.09243798 -1.13571929 -0.17179709
v -2.0002067 -1.47071838 -0.17306309
v -1.73779368 -1.22749328 -0.18157178
v -2.03550028 -1.36089325 -0.17264825
v -1.91635966 -1.68346786 -0.17386692
v -1.67434001 -1.41136932 -0.18232578
v -1.96045756 -1.57832717 -0.17346984
v -1.81550669 -1.88531112 -0.17462933
v -1.59616923 -1.58688354 -0.18303245
v -1.86799693 -1.78588104 -0.17425394
v -1.69869303 -2.07432937 -0.17534399
v -1.50403666 -1.75234603 -0.18368607
v -1.75902628 -1.98154449 -0.17499357
v -1.56699442 -2.24870681 -0.17600262
v -1.3988502 -1.90616989 -0.18428111
v -1.63460612 -2.16346359 -0.17568016
v -1.56695628 1.14266586 -0.16318804
v -1.39849925 0.81781768 -0.17246121
v -1.63460612 1.05741882 -0.1635099
v 1.31949234 1.21110916 -0.15914481
v 1.25368881 1.28630447 -0.15891683
v 1.18484878 1.3575325 -0.15870314
v -1.16415524 1.3577156 -0.15970236
v -1.23295664 1.28648757 -0.15997415
v -1.29875254 1.21131134 -0.16025853
v -1.01823353 1.48755264 -0.15919762
v -1.09252286 1.42477798 -0.15944314
v -0.86239552 1.59962844 -0.15874916
v -0.94146657 1.54588699 -0.1589666
v -0.69814992 1.69282531 -0.15836209
v -0.78122639 1.64863967 -0.15854829
v -0.52709126 1.76625442 -0.15803939
v -0.61337208 1.73205566 -0.15819251
v -0.35085225 1.81920623 -0.15778356
v -0.43951344 1.79533004 -0.15790301
v -0.17114138 1.85118103 -0.15759819
v -0.26132106 1.83785629 -0.15768212
v 0.01033139 1.86187362 -0.15748447
v -0.0805118 1.85921096 -0.15753245
v 0.19180393 1.85116577 -0.15744429
v 0.10116672 1.85917663 -0.15745526
v 0.37150764 1.81915664 -0.15747696
v 0.28198337 1.83781051 -0.15745097
v 0.54775619 1.76616287 -0.15758204
v 0.46017646 1.79525375 -0.15752023
v 0.71885299 1.69270706 -0.15775954
v 0.63407516 1.73196029 -0.15766173
v 0.88310623 1.59949111 -0.15800756
v 0.80189895 1.64850616 -0.15787476
v 1.03892135 1.48740005 -0.1583231
v 0.96214675 1.54574585 -0.15815669
v 1.11323928 1.42460632 -0.1585052
v 1.18465042 1.35931778 0.18277186
v 1.11304855 1.42640686 0.18306368
v 1.03872299 1.48920822 0.18333786
v 0.96194076 1.54753112 0.18359559
v 0.88286209 1.60129928 0.18383544
v 0.80170822 1.65031433 0.18405693
v 0.71861648 1.69450759 0.18425959
v 0.63383865 1.73376846 0.18444222
v 0.54756546 1.76797485 0.1846053
v 0.45997047 1.7970581 0.18474882
v 0.37130928 1.82096481 0.18487066
v 0.28176975 1.83959579 0.18497198
v 0.1915903 1.85295105 0.18505281
v 0.10096836 1.8609848 0.18511098
v 0.01012539 1.86367797 0.18514889
v -0.08071017 1.86099243 0.18516439
v -0.17133975 1.85298538 0.18515843
v -0.26151943 1.83963775 0.18513125
v -0.35108876 1.82101059 0.18508237
v -0.43971943 1.79711914 0.18501251
v -0.52728962 1.76805877 0.18492025
v -0.61357045 1.73386001 0.18480891
v -0.69838643 1.69461441 0.18467491
v -0.78143239 1.65044403 0.18452137
v -0.86258626 1.60143661 0.18434733
v -0.94167256 1.54769897 0.18415397
v -1.01843953 1.48935699 0.18394178
v -1.09272122 1.42658615 0.18370956
v -1.1643536 1.3595047 0.18346017
v -1.23314738 1.28829574 0.18319338
v -1.29898905 1.21311187 0.18290942
v 1.31928634 1.21290969 0.18214196
v 1.25348281 1.28810882 0.18246454
v 1.48131942 0.99824905 0.1734392
v 1.54357528 0.91978836 0.17320293
v 1.60255813 0.8377304 0.17295306
v 1.60274887 -1.96273803 0.16345137
v 1.54375839 -2.04476928 0.16314452
v 1.48151016 -2.12322235 0.16284793
v 1.71025466 -1.78876876 0.16409295
v 1.65829086 -1.87734985 0.16376727
v 1.80308151 -1.60298538 0.16476887
v 1.75855636 -1.69724273 0.16442698
v 1.88023757 -1.4071846 0.16547077
v 1.84366226 -1.50623321 0.16511625
v 1.94102954 -1.20324707 0.16619175
v 1.91272449 -1.30611801 0.16582864
v 1.98486805 -0.99312591 0.16692704
v 1.96511554 -1.09883117 0.1665582
v 2.01136493 -0.77888488 0.16766613
v 2.00030994 -0.88641357 0.16729587
v 2.02019977 -0.56253051 0.16840475
v 2.01799488 -0.67084503 0.16803568
v 2.01134967 -0.34618377 0.16913455
v 2.01798725 -0.45422363 0.1687712
v 1.98483753 -0.13193893 0.1698479
v 2.00027942 -0.23867797 0.16949361
v 1.94095325 0.07820892 0.17053955
v 1.96503925 -0.02622604 0.17019623
v 1.88013839 0.28214645 0.17120236
v 1.91263294 0.18105316 0.17087596
v 1.80293655 0.47795486 0.17182987
v 1.84355545 0.38118362 0.17152088
v 1.71012496 0.66375351 0.17241519
v 1.75842666 0.57222747 0.17212742
v 1.65811538 0.7523384 0.1726908
v 1.60281753 0.83591461 -0.16853874
v 1.65836715 0.75051116 -0.16890257
v 1.71033859 0.66192627 -0.1692776
v 1.75864028 0.57040023 -0.16966408
v 1.80317306 0.47613525 -0.17006009
v 1.84376144 0.37936019 -0.17046457
v 1.88035965 0.28033065 -0.17087739
v 1.91284656 0.17923736 -0.17129659
v 1.94118976 0.07636261 -0.17172223
v 1.96528339 -0.02804565 -0.17215222
v 1.98504352 -0.13375854 -0.17258632
v 2.00050067 -0.24049758 -0.17302274
v 2.01155567 -0.34799957 -0.17346143
v 2.01823139 -0.45606231 -0.17390066
v 2.02042102 -0.56435775 -0.17433923
v 2.01823902 -0.67266845 -0.17477691
v 2.01157856 -0.78070449 -0.17521148
v 2.00055408 -0.88822937 -0.17564332
v 1.98511219 -0.9949646 -0.17606949
v 1.96532154 -1.10065841 -0.17649048
v 1.94127368 -1.20507049 -0.17690473
v 1.91293048 -1.30792999 -0.17731159
v 1.8804512 -1.40900421 -0.17770999
v 1.84386825 -1.50805282 -0.17809826
v 1.8032875 -1.60480117 -0.17847609
v 1.75879287 -1.69906997 -0.17884242
v 1.71049118 -1.790596 -0.17919677
v 1.65851211 -1.87916564 -0.17953783
v 1.60295486 -1.96455764 -0.17986506
v 1.54401016 -2.04659271 -0.18017751
v 1.4817543 -2.12504577 -0.18047398
v 1.48157119 0.99642181 -0.16784983
v 1.54382705 0.91794586 -0.16818761
v 1.33205032 -2.32492446 0.16107648
v 1.26636886 -2.39993286 0.16084951
v 1.19774246 -2.47098922 0.1606397
v -1.14582181 -2.47117614 0.16166752
v -1.2144401 -2.40013122 0.16193836
v -1.28011393 -2.32512283 0.16222256
v -1.0002129 -2.60073852 0.1611635
v -1.07434964 -2.53809738 0.16140836
v -0.84477162 -2.71253967 0.16071575
v -0.92362904 -2.6589241 0.16093248
v -0.68090748 -2.8055191 0.16032785
v -0.76380848 -2.7614479 0.16051381
v -0.51025319 -2.87877655 0.16000407
v -0.59632039 -2.84465789 0.16015738
v -0.33443379 -2.93161392 0.15974754
v -0.4228661 -2.9077835 0.15986651
v -0.15511965 -2.96351242 0.15956085
v -0.24510097 -2.95019531 0.15964525
v 0.02594113 -2.97415924 0.15944498
v -0.06469607 -2.97150421 0.15949362
v 0.20697116 -2.96348953 0.15940231
v 0.1165781 -2.97149658 0.15941399
v 0.38627815 -2.93154144 0.15943139
v 0.2969532 -2.95014572 0.15940731
v 0.5621376 -2.87868118 0.15953415
v 0.47475814 -2.90770721 0.15947336
v 0.73281478 -2.80539703 0.15970772
v 0.64817428 -2.84456253 0.15961164
v 0.89663314 -2.71239852 0.15995138
v 0.81567001 -2.76131439 0.15982121
v 1.05212783 -2.60056304 0.160263
v 0.97553634 -2.65877151 0.1600992
v 1.12627029 -2.53792953 0.160443
v 1.19749832 -2.4728012 -0.18084186
v 1.12602615 -2.53974151 -0.1811338
v 1.05191421 -2.60237884 -0.18140906
v 0.97533035 -2.66058349 -0.18166744
v 0.89644241 -2.71420288 -0.18190789
v 0.81545639 -2.76311874 -0.1821298
v 0.73257064 -2.8072052 -0.18233335
v 0.64797592 -2.84637069 -0.18251687
v 0.56189346 -2.88048934 -0.18268114
v 0.47452163 -2.90951919 -0.18282389
v 0.38607978 -2.93335342 -0.18294733
v 0.2967472 -2.9519577 -0.18304938
v 0.20675754 -2.96530151 -0.1831308
v 0.11633396 -2.97330474 -0.18319016
v 0.02570462 -2.9759674 -0.18322831
v -0.06493258 -2.97330856 -0.1832453
v -0.15532565 -2.96531677 -0.18324011
v -0.24529933 -2.95200347 -0.18321365
v -0.33463215 -2.93340683 -0.18316555
v -0.4230721 -2.90958023 -0.18309629
v -0.51044392 -2.8805809 -0.18300527
v -0.59652638 -2.84646987 -0.18289387
v -0.68111348 -2.80733108 -0.18276143
v -0.76399922 -2.76324081 -0.1826086
v -0.84496235 -2.71434402 -0.18243521
v -0.92386555 -2.66072464 -0.18224233
v -1.00045704 -2.60255432 -0.18203038
v -1.074548 -2.53990173 -0.18179976
v -1.1460278 -2.47298812 -0.18155157
v -1.21467661 -2.40193939 -0.1812852
v -1.28031992 -2.32693481 -0.18100196
v 1.3318367 -2.32673645 -0.180211
v 1.26616287 -2.40173721 -0.18053418
v -1.51380991 0.93690872 0.17330831
v -1.45151591 1.01542282 0.17354553
v -1.57286906 0.85478973 0.17305725
v -1.51399302 -2.03026199 0.16322797
v -1.57304453 -1.94817352 0.16353601
v -1.45170664 -2.10879135 0.16293138
v -1.62861704 -1.8626976 0.16385287
v -1.68064189 -1.77403259 0.16417878
v -1.72901225 -1.68244171 0.16451329
v -1.77352213 -1.5880928 0.16485422
v -1.81416392 -1.49125289 0.16520303
v -1.85075449 -1.39211654 0.1655578
v -1.88330149 -1.2909584 0.16591614
v -1.91161418 -1.18801879 0.16627997
v -1.9357078 -1.08351135 0.16664665
v -1.95552134 -0.97771453 0.16701501
v -1.97096324 -0.87087631 0.16738671
v -1.98198771 -0.76325988 0.16775745
v -1.9886558 -0.65512847 0.16812795
v -1.99087595 -0.54672241 0.16849678
v -1.98864817 -0.43833541 0.16886419
v -1.98198008 -0.33020019 0.16922801
v -1.97090983 -0.22258377 0.1695885
v -1.95544505 -0.11574935 0.1699447
v -1.93563914 -0.00994491 0.17029422
v -1.91154551 0.09455871 0.17063802
v -1.88316416 0.19752502 0.17097324
v -1.85066294 0.29868698 0.17130154
v -1.81401896 0.39782333 0.1716215
v -1.77340769 0.49467086 0.1719312
v -1.72883677 0.5890274 0.1722297
v -1.68048167 0.68064117 0.17251747
v -1.62845683 0.76928329 0.17279452
v -1.62869334 0.76746749 -0.16879516
v -1.57308268 0.8529663 -0.16843175
v -1.68072581 0.67881393 -0.16917026
v -1.72905802 0.58720779 -0.16955643
v -1.77362132 0.49285125 -0.16995221
v -1.8142631 0.39600753 -0.17035722
v -1.85086894 0.29686737 -0.17076969
v -1.8834083 0.19570159 -0.17118883
v -1.91178202 0.09274673 -0.17161458
v -1.93588328 -0.01176834 -0.17204451
v -1.95570445 -0.11756897 -0.17247855
v -1.97110819 -0.22439956 -0.17291498
v -1.98217845 -0.3320198 -0.17335379
v -1.98885417 -0.44015502 -0.17379277
v -1.99107432 -0.54854202 -0.17423152
v -1.98886179 -0.6569519 -0.17466944
v -1.98223185 -0.76508331 -0.1751042
v -1.97116923 -0.87269973 -0.17553573
v -1.9557197 -0.97953033 -0.17596238
v -1.93592143 -1.08533096 -0.17638337
v -1.91182017 -1.18983459 -0.17679792
v -1.88349986 -1.29277801 -0.17720443
v -1.85096812 -1.39395523 -0.17760318
v -1.81436991 -1.49306869 -0.17799192
v -1.77372813 -1.5899353 -0.17837005
v -1.72921061 -1.68426132 -0.17873615
v -1.68084788 -1.77587509 -0.17909091
v -1.62882304 -1.86451339 -0.17943221
v -1.5732429 -1.94998931 -0.17975992
v -1.51423716 -2.03207778 -0.18007236
v -1.45191264 -2.11060714 -0.18036902
v -1.51405406 0.93506622 -0.16808068
v -1.4517219 1.01360702 -0.1677429
v 1.40269851 -2.2313652 -0.18033546
v 1.40274429 -2.22956848 0.16191333
v 1.29470443 -2.09478378 0.15901988
v 1.2946434 -2.09685134 -0.18415439
v -1.37101817 1.11795425 -0.16379308
v -1.25656199 0.98483276 -0.16459506
v -1.25657725 0.98690033 0.17879575
v -1.37101817 1.11977005 0.17848748
v -1.25464701 -2.0826416 -0.18494808
v -1.36711192 -2.21753311 -0.18068188
v -1.36687541 -2.21572113 0.1625809
v -1.25423502 -2.08055877 0.16030377
v 1.39765548 1.10911178 0.17793387
v 1.39785385 1.10729599 -0.16335415
v 1.28831863 0.97489547 -0.16358113
v 1.28785324 0.97698593 0.1777305
g Group50540
f 2 1 31 34
f 3 40 36 4
f 3 5 41 40
f 7 6 26 24
f 9 42 32 10
f 10 1 15 22
f 2 11 27 16
f 4 8 20 18
f 12 39 30 7
f 6 13 25 26
f 11 117 118 27
f 14 12 23 28
f 5 111 112 41
f 16 15 1 2
f 17 3 4 18
f 17 19 5 3
f 21 9 10 22
f 23 12 7 24
f 19 109 111 5
f 30 29 6 7
f 32 31 1 10
f 34 33 11 2
f 36 35 8 4
f 29 37 13 6
f 33 116 117 11
f 38 39 12 14
f 43 61 60 44
f 46 45 57 67
f 45 73 82 47
f 48 50 59 68
f 50 77 72 44
f 43 71 83 51
f 52 78 76 49
f 53 52 63 69
f 53 69 70 54
f 47 82 81 55
f 51 83 119 120
f 56 84 74 46
f 54 70 113 114
f 57 45 47 58
f 59 50 44 60
f 61 43 51 62
f 63 52 49 64
f 58 47 55 65
f 62 51 120 115
f 66 56 46 67
f 71 43 44 72
f 74 73 45 46
f 75 77 50 48
f 79 78 52 53
f 79 53 54 80
f 80 54 114 110
f 87 13 37 88
f 85 25 13 87
f 90 89 65 55
f 86 90 55 81
f 93 87 88 94
f 91 85 87 93
f 96 95 89 90
f 92 96 90 86
f 99 93 94 100
f 97 91 93 99
f 102 101 95 96
f 98 102 96 92
f 105 99 100 106
f 103 97 99 105
f 108 107 101 102
f 104 108 102 98
f 111 105 106 112
f 109 103 105 111
f 114 113 107 108
f 110 114 108 104
f 117 123 124 118
f 116 122 123 117
f 120 119 125 126
f 115 120 126 121
f 123 129 130 124
f 122 128 129 123
f 126 125 131 132
f 121 126 132 127
f 129 135 136 130
f 128 134 135 129
f 132 131 137 138
f 127 132 138 133
f 135 141 142 136
f 134 140 141 135
f 138 137 143 144
f 133 138 144 139
f 141 14 28 142
f 140 38 14 141
f 144 143 84 56
f 139 144 56 66
f 145 146 29 30
f 147 148 31 32
f 149 150 33 34
f 151 152 35 36
f 146 153 37 29
f 150 154 116 33
f 155 156 39 38
f 34 31 148 149
f 40 157 151 36
f 40 41 158 157
f 42 159 147 32
f 39 156 145 30
f 41 112 160 158
f 88 37 153 161
f 94 88 161 162
f 100 94 162 163
f 106 100 163 164
f 112 106 164 160
f 154 165 122 116
f 165 166 128 122
f 166 167 134 128
f 167 168 140 134
f 168 155 38 140
f 349 296 305 350
f 340 350 305 64
f 348 342 76 252
f 222 249 251 198
f 347 250 221 346
f 345 199 20 339
f 343 152 175 344
f 338 35 152 343
f 342 341 49 76
f 341 340 64 49
f 339 20 8 337
f 337 8 35 338
f 313 336 335 314
f 333 335 336 334
f 331 333 334 332
f 329 331 332 330
f 310 329 330 311
f 327 320 328 326
f 325 327 326 324
f 323 325 324 321
f 322 323 321 312
f 316 328 320 319
f 306 316 319 318
f 171 173 146 145
f 176 170 148 147
f 169 177 150 149
f 173 180 153 146
f 177 181 154 150
f 170 169 149 148
f 174 176 147 159
f 180 182 161 153
f 182 185 162 161
f 185 186 163 162
f 186 187 164 163
f 187 188 160 164
f 181 189 165 154
f 189 190 166 165
f 190 191 167 166
f 191 192 168 167
f 145 156 172 171
f 151 157 179 178
f 152 151 178 175
f 156 155 183 172
f 157 158 184 179
f 158 160 188 184
f 155 168 192 183
f 193 194 15 16
f 195 17 18 196
f 195 197 19 17
f 198 21 22 200
f 201 23 24 202
f 197 203 109 19
f 24 26 204 202
f 22 15 194 200
f 16 27 205 193
f 18 20 199 196
f 26 25 206 204
f 27 118 207 205
f 28 23 201 208
f 209 206 25 85
f 210 209 85 91
f 211 210 91 97
f 212 211 97 103
f 203 212 103 109
f 118 124 213 207
f 124 130 214 213
f 130 136 215 214
f 136 142 216 215
f 142 28 208 216
f 243 244 217 218
f 245 246 219 220
f 253 249 222 223
f 244 253 223 217
f 255 256 224 225
f 259 260 226 227
f 260 261 228 226
f 250 259 227 221
f 263 243 218 229
f 264 255 225 230
f 246 264 230 219
f 256 265 231 224
f 261 266 232 228
f 273 245 220 233
f 275 273 233 234
f 277 275 234 235
f 279 277 235 236
f 266 279 236 232
f 281 263 229 237
f 283 281 237 238
f 285 283 238 239
f 287 285 239 240
f 265 287 240 231
f 227 226 195 196
f 226 228 197 195
f 230 225 201 202
f 228 232 203 197
f 221 227 196 199
f 225 224 208 201
f 224 231 216 208
f 194 193 218 217
f 204 206 220 219
f 199 345 346 221
f 198 200 223 222
f 200 194 217 223
f 193 205 229 218
f 202 204 219 230
f 206 209 233 220
f 209 210 234 233
f 210 211 235 234
f 211 212 236 235
f 212 203 232 236
f 205 207 237 229
f 207 213 238 237
f 213 214 239 238
f 214 215 240 239
f 215 216 231 240
f 241 71 72 242
f 159 317 297 174
f 42 68 317 159
f 247 248 73 74
f 9 48 68 42
f 251 254 77 75
f 21 75 48 9
f 198 251 75 21
f 257 258 78 79
f 347 346 345 348
f 348 345 339 342
f 257 79 80 262
f 342 339 337 341
f 341 337 338 340
f 344 349 350 343
f 340 338 343 350
f 307 306 318 304
f 292 291 315 293
f 262 80 110 267
f 73 248 268 82
f 77 254 242 72
f 71 241 269 83
f 78 258 252 76
f 82 268 270 81
f 83 269 271 119
f 84 272 247 74
f 291 313 314 315
f 274 86 81 270
f 308 322 312 309
f 276 92 86 274
f 303 310 311 301
f 278 98 92 276
f 294 308 309 295
f 280 104 98 278
f 296 307 304 305
f 267 110 104 280
f 302 303 301 290
f 119 271 282 125
f 299 300 289 298
f 125 282 284 131
f 317 299 298 297
f 131 284 286 137
f 293 294 295 292
f 137 286 288 143
f 300 302 290 289
f 143 288 272 84
f 244 243 241 242
f 250 347 348 252
f 249 253 254 251
f 247 272 256 255
f 258 257 260 259
f 257 262 261 260
f 252 258 259 250
f 248 247 255 264
f 272 288 265 256
f 262 267 266 261
f 264 246 268 248
f 253 244 242 254
f 243 263 269 241
f 246 245 270 268
f 263 281 271 269
f 245 273 274 270
f 273 275 276 274
f 275 277 278 276
f 277 279 280 278
f 279 266 267 280
f 281 283 282 271
f 283 285 284 282
f 285 287 286 284
f 287 265 288 286
f 289 290 169 170
f 291 292 171 172
f 293 57 58 294
f 292 295 173 171
f 296 349 344 175
f 297 298 176 174
f 298 289 170 176
f 299 59 60 300
f 290 301 177 169
f 302 61 62 303
f 304 63 64 305
f 306 307 178 179
f 307 296 175 178
f 294 58 65 308
f 295 309 180 173
f 303 62 115 310
f 301 311 181 177
f 309 312 182 180
f 313 291 172 183
f 314 66 67 315
f 316 306 179 184
f 61 302 300 60
f 67 57 293 315
f 68 59 299 317
f 69 63 304 318
f 69 318 319 70
f 70 319 320 113
f 312 321 185 182
f 89 322 308 65
f 95 323 322 89
f 321 324 186 185
f 101 325 323 95
f 324 326 187 186
f 107 327 325 101
f 326 328 188 187
f 113 320 327 107
f 328 316 184 188
f 310 115 121 329
f 311 330 189 181
f 329 121 127 331
f 330 332 190 189
f 331 127 133 333
f 332 334 191 190
f 333 133 139 335
f 334 336 192 191
f 335 139 66 314
f 336 313 183 192
g Group6084
f 414 1119 1123 1122
f 1119 543 1120 1123
f 1123 1120 547 1121
f 1122 1123 1121 546
f 543 1124 1127 1120
f 1124 478 1125 1127
f 1127 1125 544 1126
f 1120 1127 1126 547
f 547 1126 1131 1130
f 1126 544 1128 1131
f 1131 1128 415 1129
f 1130 1131 1129 545
f 546 1121 1134 1133
f 1121 547 1130 1134
f 1134 1130 545 1132
f 1133 1134 1132 351
f 413 1135 1139 1138
f 1135 548 1136 1139
f 1139 1136 551 1137
f 1138 1139 1137 550
f 548 1140 1143 1136
f 1140 477 1141 1143
f 1143 1141 549 1142
f 1136 1143 1142 551
f 551 1142 1146 1145
f 1142 549 1144 1146
f 1146 1144 478 1124
f 1145 1146 1124 543
f 550 1137 1148 1147
f 1137 551 1145 1148
f 1148 1145 543 1119
f 1147 1148 1119 414
f 412 1149 1153 1152
f 1149 552 1150 1153
f 1153 1150 555 1151
f 1152 1153 1151 554
f 552 1154 1157 1150
f 1154 476 1155 1157
f 1157 1155 553 1156
f 1150 1157 1156 555
f 555 1156 1160 1159
f 1156 553 1158 1160
f 1160 1158 477 1140
f 1159 1160 1140 548
f 554 1151 1162 1161
f 1151 555 1159 1162
f 1162 1159 548 1135
f 1161 1162 1135 413
f 411 1163 1167 1166
f 1163 556 1164 1167
f 1167 1164 559 1165
f 1166 1167 1165 558
f 556 1168 1171 1164
f 1168 475 1169 1171
f 1171 1169 557 1170
f 1164 1171 1170 559
f 559 1170 1174 1173
f 1170 557 1172 1174
f 1174 1172 476 1154
f 1173 1174 1154 552
f 558 1165 1176 1175
f 1165 559 1173 1176
f 1176 1173 552 1149
f 1175 1176 1149 412
f 410 1177 1181 1180
f 1177 560 1178 1181
f 1181 1178 563 1179
f 1180 1181 1179 562
f 560 1182 1185 1178
f 1182 474 1183 1185
f 1185 1183 561 1184
f 1178 1185 1184 563
f 563 1184 1188 1187
f 1184 561 1186 1188
f 1188 1186 475 1168
f 1187 1188 1168 556
f 562 1179 1190 1189
f 1179 563 1187 1190
f 1190 1187 556 1163
f 1189 1190 1163 411
f 409 1191 1195 1194
f 1191 564 1192 1195
f 1195 1192 567 1193
f 1194 1195 1193 566
f 564 1196 1199 1192
f 1196 473 1197 1199
f 1199 1197 565 1198
f 1192 1199 1198 567
f 567 1198 1202 1201
f 1198 565 1200 1202
f 1202 1200 474 1182
f 1201 1202 1182 560
f 566 1193 1204 1203
f 1193 567 1201 1204
f 1204 1201 560 1177
f 1203 1204 1177 410
f 408 1205 1209 1208
f 1205 568 1206 1209
f 1209 1206 571 1207
f 1208 1209 1207 570
f 568 1210 1213 1206
f 1210 472 1211 1213
f 1213 1211 569 1212
f 1206 1213 1212 571
f 571 1212 1216 1215
f 1212 569 1214 1216
f 1216 1214 473 1196
f 1215 1216 1196 564
f 570 1207 1218 1217
f 1207 571 1215 1218
f 1218 1215 564 1191
f 1217 1218 1191 409
f 407 1219 1223 1222
f 1219 572 1220 1223
f 1223 1220 575 1221
f 1222 1223 1221 574
f 572 1224 1227 1220
f 1224 471 1225 1227
f 1227 1225 573 1226
f 1220 1227 1226 575
f 575 1226 1230 1229
f 1226 573 1228 1230
f 1230 1228 472 1210
f 1229 1230 1210 568
f 574 1221 1232 1231
f 1221 575 1229 1232
f 1232 1229 568 1205
f 1231 1232 1205 408
f 406 1233 1237 1236
f 1233 576 1234 1237
f 1237 1234 579 1235
f 1236 1237 1235 578
f 576 1238 1241 1234
f 1238 470 1239 1241
f 1241 1239 577 1240
f 1234 1241 1240 579
f 579 1240 1244 1243
f 1240 577 1242 1244
f 1244 1242 471 1224
f 1243 1244 1224 572
f 578 1235 1246 1245
f 1235 579 1243 1246
f 1246 1243 572 1219
f 1245 1246 1219 407
f 405 1247 1251 1250
f 1247 580 1248 1251
f 1251 1248 583 1249
f 1250 1251 1249 582
f 580 1252 1255 1248
f 1252 469 1253 1255
f 1255 1253 581 1254
f 1248 1255 1254 583
f 583 1254 1258 1257
f 1254 581 1256 1258
f 1258 1256 470 1238
f 1257 1258 1238 576
f 582 1249 1260 1259
f 1249 583 1257 1260
f 1260 1257 576 1233
f 1259 1260 1233 406
f 404 1261 1265 1264
f 1261 584 1262 1265
f 1265 1262 587 1263
f 1264 1265 1263 586
f 584 1266 1269 1262
f 1266 468 1267 1269
f 1269 1267 585 1268
f 1262 1269 1268 587
f 587 1268 1272 1271
f 1268 585 1270 1272
f 1272 1270 469 1252
f 1271 1272 1252 580
f 586 1263 1274 1273
f 1263 587 1271 1274
f 1274 1271 580 1247
f 1273 1274 1247 405
f 403 1275 1279 1278
f 1275 588 1276 1279
f 1279 1276 591 1277
f 1278 1279 1277 590
f 588 1280 1283 1276
f 1280 467 1281 1283
f 1283 1281 589 1282
f 1276 1283 1282 591
f 591 1282 1286 1285
f 1282 589 1284 1286
f 1286 1284 468 1266
f 1285 1286 1266 584
f 590 1277 1288 1287
f 1277 591 1285 1288
f 1288 1285 584 1261
f 1287 1288 1261 404
f 402 1289 1293 1292
f 1289 592 1290 1293
f 1293 1290 595 1291
f 1292 1293 1291 594
f 592 1294 1297 1290
f 1294 466 1295 1297
f 1297 1295 593 1296
f 1290 1297 1296 595
f 595 1296 1300 1299
f 1296 593 1298 1300
f 1300 1298 467 1280
f 1299 1300 1280 588
f 594 1291 1302 1301
f 1291 595 1299 1302
f 1302 1299 588 1275
f 1301 1302 1275 403
f 401 1303 1307 1306
f 1303 596 1304 1307
f 1307 1304 599 1305
f 1306 1307 1305 598
f 596 1308 1311 1304
f 1308 465 1309 1311
f 1311 1309 597 1310
f 1304 1311 1310 599
f 599 1310 1314 1313
f 1310 597 1312 1314
f 1314 1312 466 1294
f 1313 1314 1294 592
f 598 1305 1316 1315
f 1305 599 1313 1316
f 1316 1313 592 1289
f 1315 1316 1289 402
f 400 1317 1321 1320
f 1317 600 1318 1321
f 1321 1318 603 1319
f 1320 1321 1319 602
f 600 1322 1325 1318
f 1322 464 1323 1325
f 1325 1323 601 1324
f 1318 1325 1324 603
f 603 1324 1328 1327
f 1324 601 1326 1328
f 1328 1326 465 1308
f 1327 1328 1308 596
f 602 1319 1330 1329
f 1319 603 1327 1330
f 1330 1327 596 1303
f 1329 1330 1303 401
f 399 1331 1335 1334
f 1331 604 1332 1335
f 1335 1332 607 1333
f 1334 1335 1333 606
f 604 1336 1339 1332
f 1336 463 1337 1339
f 1339 1337 605 1338
f 1332 1339 1338 607
f 607 1338 1342 1341
f 1338 605 1340 1342
f 1342 1340 464 1322
f 1341 1342 1322 600
f 606 1333 1344 1343
f 1333 607 1341 1344
f 1344 1341 600 1317
f 1343 1344 1317 400
f 398 1345 1349 1348
f 1345 608 1346 1349
f 1349 1346 611 1347
f 1348 1349 1347 610
f 608 1350 1353 1346
f 1350 462 1351 1353
f 1353 1351 609 1352
f 1346 1353 1352 611
f 611 1352 1356 1355
f 1352 609 1354 1356
f 1356 1354 463 1336
f 1355 1356 1336 604
f 610 1347 1358 1357
f 1347 611 1355 1358
f 1358 1355 604 1331
f 1357 1358 1331 399
f 397 1359 1363 1362
f 1359 612 1360 1363
f 1363 1360 615 1361
f 1362 1363 1361 614
f 612 1364 1367 1360
f 1364 461 1365 1367
f 1367 1365 613 1366
f 1360 1367 1366 615
f 615 1366 1370 1369
f 1366 613 1368 1370
f 1370 1368 462 1350
f 1369 1370 1350 608
f 614 1361 1372 1371
f 1361 615 1369 1372
f 1372 1369 608 1345
f 1371 1372 1345 398
f 396 1373 1377 1376
f 1373 616 1374 1377
f 1377 1374 619 1375
f 1376 1377 1375 618
f 616 1378 1381 1374
f 1378 460 1379 1381
f 1381 1379 617 1380
f 1374 1381 1380 619
f 619 1380 1384 1383
f 1380 617 1382 1384
f 1384 1382 461 1364
f 1383 1384 1364 612
f 618 1375 1386 1385
f 1375 619 1383 1386
f 1386 1383 612 1359
f 1385 1386 1359 397
f 395 1387 1391 1390
f 1387 620 1388 1391
f 1391 1388 623 1389
f 1390 1391 1389 622
f 620 1392 1395 1388
f 1392 459 1393 1395
f 1395 1393 621 1394
f 1388 1395 1394 623
f 623 1394 1398 1397
f 1394 621 1396 1398
f 1398 1396 460 1378
f 1397 1398 1378 616
f 622 1389 1400 1399
f 1389 623 1397 1400
f 1400 1397 616 1373
f 1399 1400 1373 396
f 394 1401 1405 1404
f 1401 624 1402 1405
f 1405 1402 627 1403
f 1404 1405 1403 626
f 624 1406 1409 1402
f 1406 458 1407 1409
f 1409 1407 625 1408
f 1402 1409 1408 627
f 627 1408 1412 1411
f 1408 625 1410 1412
f 1412 1410 459 1392
f 1411 1412 1392 620
f 626 1403 1414 1413
f 1403 627 1411 1414
f 1414 1411 620 1387
f 1413 1414 1387 395
f 393 1415 1419 1418
f 1415 628 1416 1419
f 1419 1416 631 1417
f 1418 1419 1417 630
f 628 1420 1423 1416
f 1420 457 1421 1423
f 1423 1421 629 1422
f 1416 1423 1422 631
f 631 1422 1426 1425
f 1422 629 1424 1426
f 1426 1424 458 1406
f 1425 1426 1406 624
f 630 1417 1428 1427
f 1417 631 1425 1428
f 1428 1425 624 1401
f 1427 1428 1401 394
f 392 1429 1433 1432
f 1429 632 1430 1433
f 1433 1430 635 1431
f 1432 1433 1431 634
f 632 1434 1437 1430
f 1434 456 1435 1437
f 1437 1435 633 1436
f 1430 1437 1436 635
f 635 1436 1440 1439
f 1436 633 1438 1440
f 1440 1438 457 1420
f 1439 1440 1420 628
f 634 1431 1442 1441
f 1431 635 1439 1442
f 1442 1439 628 1415
f 1441 1442 1415 393
f 391 1443 1447 1446
f 1443 636 1444 1447
f 1447 1444 639 1445
f 1446 1447 1445 638
f 636 1448 1451 1444
f 1448 455 1449 1451
f 1451 1449 637 1450
f 1444 1451 1450 639
f 639 1450 1454 1453
f 1450 637 1452 1454
f 1454 1452 456 1434
f 1453 1454 1434 632
f 638 1445 1456 1455
f 1445 639 1453 1456
f 1456 1453 632 1429
f 1455 1456 1429 392
f 390 1457 1461 1460
f 1457 640 1458 1461
f 1461 1458 643 1459
f 1460 1461 1459 642
f 640 1462 1465 1458
f 1462 454 1463 1465
f 1465 1463 641 1464
f 1458 1465 1464 643
f 643 1464 1468 1467
f 1464 641 1466 1468
f 1468 1466 455 1448
f 1467 1468 1448 636
f 642 1459 1470 1469
f 1459 643 1467 1470
f 1470 1467 636 1443
f 1469 1470 1443 391
f 389 1471 1475 1474
f 1471 644 1472 1475
f 1475 1472 647 1473
f 1474 1475 1473 646
f 644 1476 1479 1472
f 1476 453 1477 1479
f 1479 1477 645 1478
f 1472 1479 1478 647
f 647 1478 1482 1481
f 1478 645 1480 1482
f 1482 1480 454 1462
f 1481 1482 1462 640
f 646 1473 1484 1483
f 1473 647 1481 1484
f 1484 1481 640 1457
f 1483 1484 1457 390
f 388 1485 1489 1488
f 1485 648 1486 1489
f 1489 1486 651 1487
f 1488 1489 1487 650
f 648 1490 1493 1486
f 1490 452 1491 1493
f 1493 1491 649 1492
f 1486 1493 1492 651
f 651 1492 1496 1495
f 1492 649 1494 1496
f 1496 1494 453 1476
f 1495 1496 1476 644
f 650 1487 1498 1497
f 1487 651 1495 1498
f 1498 1495 644 1471
f 1497 1498 1471 389
f 387 1499 1503 1502
f 1499 652 1500 1503
f 1503 1500 655 1501
f 1502 1503 1501 654
f 652 1504 1507 1500
f 1504 451 1505 1507
f 1507 1505 653 1506
f 1500 1507 1506 655
f 655 1506 1510 1509
f 1506 653 1508 1510
f 1510 1508 452 1490
f 1509 1510 1490 648
f 654 1501 1512 1511
f 1501 655 1509 1512
f 1512 1509 648 1485
f 1511 1512 1485 388
f 386 1513 1517 1516
f 1513 656 1514 1517
f 1517 1514 659 1515
f 1516 1517 1515 658
f 656 1518 1521 1514
f 1518 450 1519 1521
f 1521 1519 657 1520
f 1514 1521 1520 659
f 659 1520 1524 1523
f 1520 657 1522 1524
f 1524 1522 451 1504
f 1523 1524 1504 652
f 658 1515 1526 1525
f 1515 659 1523 1526
f 1526 1523 652 1499
f 1525 1526 1499 387
f 385 1527 1531 1530
f 1527 660 1528 1531
f 1531 1528 663 1529
f 1530 1531 1529 662
f 660 1532 1535 1528
f 1532 449 1533 1535
f 1535 1533 661 1534
f 1528 1535 1534 663
f 663 1534 1538 1537
f 1534 661 1536 1538
f 1538 1536 450 1518
f 1537 1538 1518 656
f 662 1529 1540 1539
f 1529 663 1537 1540
f 1540 1537 656 1513
f 1539 1540 1513 386
f 384 1541 1545 1544
f 1541 664 1542 1545
f 1545 1542 667 1543
f 1544 1545 1543 666
f 664 1546 1549 1542
f 1546 448 1547 1549
f 1549 1547 665 1548
f 1542 1549 1548 667
f 667 1548 1552 1551
f 1548 665 1550 1552
f 1552 1550 449 1532
f 1551 1552 1532 660
f 666 1543 1554 1553
f 1543 667 1551 1554
f 1554 1551 660 1527
f 1553 1554 1527 385
f 383 1555 1559 1558
f 1555 668 1556 1559
f 1559 1556 671 1557
f 1558 1559 1557 670
f 668 1560 1563 1556
f 1560 447 1561 1563
f 1563 1561 669 1562
f 1556 1563 1562 671
f 671 1562 1566 1565
f 1562 669 1564 1566
f 1566 1564 448 1546
f 1565 1566 1546 664
f 670 1557 1568 1567
f 1557 671 1565 1568
f 1568 1565 664 1541
f 1567 1568 1541 384
f 382 1569 1573 1572
f 1569 672 1570 1573
f 1573 1570 675 1571
f 1572 1573 1571 674
f 672 1574 1577 1570
f 1574 446 1575 1577
f 1577 1575 673 1576
f 1570 1577 1576 675
f 675 1576 1580 1579
f 1576 673 1578 1580
f 1580 1578 447 1560
f 1579 1580 1560 668
f 674 1571 1582 1581
f 1571 675 1579 1582
f 1582 1579 668 1555
f 1581 1582 1555 383
f 381 1583 1587 1586
f 1583 676 1584 1587
f 1587 1584 679 1585
f 1586 1587 1585 678
f 676 1588 1591 1584
f 1588 445 1589 1591
f 1591 1589 677 1590
f 1584 1591 1590 679
f 679 1590 1594 1593
f 1590 677 1592 1594
f 1594 1592 446 1574
f 1593 1594 1574 672
f 678 1585 1596 1595
f 1585 679 1593 1596
f 1596 1593 672 1569
f 1595 1596 1569 382
f 380 1597 1601 1600
f 1597 680 1598 1601
f 1601 1598 683 1599
f 1600 1601 1599 682
f 680 1602 1605 1598
f 1602 444 1603 1605
f 1605 1603 681 1604
f 1598 1605 1604 683
f 683 1604 1608 1607
f 1604 681 1606 1608
f 1608 1606 445 1588
f 1607 1608 1588 676
f 682 1599 1610 1609
f 1599 683 1607 1610
f 1610 1607 676 1583
f 1609 1610 1583 381
f 379 1611 1615 1614
f 1611 684 1612 1615
f 1615 1612 687 1613
f 1614 1615 1613 686
f 684 1616 1619 1612
f 1616 443 1617 1619
f 1619 1617 685 1618
f 1612 1619 1618 687
f 687 1618 1622 1621
f 1618 685 1620 1622
f 1622 1620 444 1602
f 1621 1622 1602 680
f 686 1613 1624 1623
f 1613 687 1621 1624
f 1624 1621 680 1597
f 1623 1624 1597 380
f 378 1625 1629 1628
f 1625 688 1626 1629
f 1629 1626 691 1627
f 1628 1629 1627 690
f 688 1630 1633 1626
f 1630 442 1631 1633
f 1633 1631 689 1632
f 1626 1633 1632 691
f 691 1632 1636 1635
f 1632 689 1634 1636
f 1636 1634 443 1616
f 1635 1636 1616 684
f 690 1627 1638 1637
f 1627 691 1635 1638
f 1638 1635 684 1611
f 1637 1638 1611 379
f 377 1639 1643 1642
f 1639 692 1640 1643
f 1643 1640 695 1641
f 1642 1643 1641 694
f 692 1644 1647 1640
f 1644 441 1645 1647
f 1647 1645 693 1646
f 1640 1647 1646 695
f 695 1646 1650 1649
f 1646 693 1648 1650
f 1650 1648 442 1630
f 1649 1650 1630 688
f 694 1641 1652 1651
f 1641 695 1649 1652
f 1652 1649 688 1625
f 1651 1652 1625 378
f 376 1653 1657 1656
f 1653 696 1654 1657
f 1657 1654 699 1655
f 1656 1657 1655 698
f 696 1658 1661 1654
f 1658 440 1659 1661
f 1661 1659 697 1660
f 1654 1661 1660 699
f 699 1660 1664 1663
f 1660 697 1662 1664
f 1664 1662 441 1644
f 1663 1664 1644 692
f 698 1655 1666 1665
f 1655 699 1663 1666
f 1666 1663 692 1639
f 1665 1666 1639 377
f 375 1667 1671 1670
f 1667 700 1668 1671
f 1671 1668 703 1669
f 1670 1671 1669 702
f 700 1672 1675 1668
f 1672 439 1673 1675
f 1675 1673 701 1674
f 1668 1675 1674 703
f 703 1674 1678 1677
f 1674 701 1676 1678
f 1678 1676 440 1658
f 1677 1678 1658 696
f 702 1669 1680 1679
f 1669 703 1677 1680
f 1680 1677 696 1653
f 1679 1680 1653 376
f 374 1681 1685 1684
f 1681 704 1682 1685
f 1685 1682 707 1683
f 1684 1685 1683 706
f 704 1686 1689 1682
f 1686 438 1687 1689
f 1689 1687 705 1688
f 1682 1689 1688 707
f 707 1688 1692 1691
f 1688 705 1690 1692
f 1692 1690 439 1672
f 1691 1692 1672 700
f 706 1683 1694 1693
f 1683 707 1691 1694
f 1694 1691 700 1667
f 1693 1694 1667 375
f 373 1695 1699 1698
f 1695 708 1696 1699
f 1699 1696 711 1697
f 1698 1699 1697 710
f 708 1700 1703 1696
f 1700 437 1701 1703
f 1703 1701 709 1702
f 1696 1703 1702 711
f 711 1702 1706 1705
f 1702 709 1704 1706
f 1706 1704 438 1686
f 1705 1706 1686 704
f 710 1697 1708 1707
f 1697 711 1705 1708
f 1708 1705 704 1681
f 1707 1708 1681 374
f 372 1709 1713 1712
f 1709 712 1710 1713
f 1713 1710 715 1711
f 1712 1713 1711 714
f 712 1714 1717 1710
f 1714 436 1715 1717
f 1717 1715 713 1716
f 1710 1717 1716 715
f 715 1716 1720 1719
f 1716 713 1718 1720
f 1720 1718 437 1700
f 1719 1720 1700 708
f 714 1711 1722 1721
f 1711 715 1719 1722
f 1722 1719 708 1695
f 1721 1722 1695 373
f 371 1723 1727 1726
f 1723 716 1724 1727
f 1727 1724 719 1725
f 1726 1727 1725 718
f 716 1728 1731 1724
f 1728 435 1729 1731
f 1731 1729 717 1730
f 1724 1731 1730 719
f 719 1730 1734 1733
f 1730 717 1732 1734
f 1734 1732 436 1714
f 1733 1734 1714 712
f 718 1725 1736 1735
f 1725 719 1733 1736
f 1736 1733 712 1709
f 1735 1736 1709 372
f 370 1737 1741 1740
f 1737 720 1738 1741
f 1741 1738 723 1739
f 1740 1741 1739 722
f 720 1742 1745 1738
f 1742 434 1743 1745
f 1745 1743 721 1744
f 1738 1745 1744 723
f 723 1744 1748 1747
f 1744 721 1746 1748
f 1748 1746 435 1728
f 1747 1748 1728 716
f 722 1739 1750 1749
f 1739 723 1747 1750
f 1750 1747 716 1723
f 1749 1750 1723 371
f 369 1751 1755 1754
f 1751 724 1752 1755
f 1755 1752 727 1753
f 1754 1755 1753 726
f 724 1756 1759 1752
f 1756 433 1757 1759
f 1759 1757 725 1758
f 1752 1759 1758 727
f 727 1758 1762 1761
f 1758 725 1760 1762
f 1762 1760 434 1742
f 1761 1762 1742 720
f 726 1753 1764 1763
f 1753 727 1761 1764
f 1764 1761 720 1737
f 1763 1764 1737 370
f 368 1765 1769 1768
f 1765 728 1766 1769
f 1769 1766 731 1767
f 1768 1769 1767 730
f 728 1770 1773 1766
f 1770 432 1771 1773
f 1773 1771 729 1772
f 1766 1773 1772 731
f 731 1772 1776 1775
f 1772 729 1774 1776
f 1776 1774 433 1756
f 1775 1776 1756 724
f 730 1767 1778 1777
f 1767 731 1775 1778
f 1778 1775 724 1751
f 1777 1778 1751 369
f 367 1779 1783 1782
f 1779 732 1780 1783
f 1783 1780 735 1781
f 1782 1783 1781 734
f 732 1784 1787 1780
f 1784 431 1785 1787
f 1787 1785 733 1786
f 1780 1787 1786 735
f 735 1786 1790 1789
f 1786 733 1788 1790
f 1790 1788 432 1770
f 1789 1790 1770 728
f 734 1781 1792 1791
f 1781 735 1789 1792
f 1792 1789 728 1765
f 1791 1792 1765 368
f 366 1793 1797 1796
f 1793 736 1794 1797
f 1797 1794 739 1795
f 1796 1797 1795 738
f 736 1798 1801 1794
f 1798 430 1799 1801
f 1801 1799 737 1800
f 1794 1801 1800 739
f 739 1800 1804 1803
f 1800 737 1802 1804
f 1804 1802 431 1784
f 1803 1804 1784 732
f 738 1795 1806 1805
f 1795 739 1803 1806
f 1806 1803 732 1779
f 1805 1806 1779 367
f 365 1807 1811 1810
f 1807 740 1808 1811
f 1811 1808 743 1809
f 1810 1811 1809 742
f 740 1812 1815 1808
f 1812 429 1813 1815
f 1815 1813 741 1814
f 1808 1815 1814 743
f 743 1814 1818 1817
f 1814 741 1816 1818
f 1818 1816 430 1798
f 1817 1818 1798 736
f 742 1809 1820 1819
f 1809 743 1817 1820
f 1820 1817 736 1793
f 1819 1820 1793 366
f 364 1821 1825 1824
f 1821 744 1822 1825
f 1825 1822 747 1823
f 1824 1825 1823 746
f 744 1826 1829 1822
f 1826 428 1827 1829
f 1829 1827 745 1828
f 1822 1829 1828 747
f 747 1828 1832 1831
f 1828 745 1830 1832
f 1832 1830 429 1812
f 1831 1832 1812 740
f 746 1823 1834 1833
f 1823 747 1831 1834
f 1834 1831 740 1807
f 1833 1834 1807 365
f 363 1835 1839 1838
f 1835 748 1836 1839
f 1839 1836 751 1837
f 1838 1839 1837 750
f 748 1840 1843 1836
f 1840 427 1841 1843
f 1843 1841 749 1842
f 1836 1843 1842 751
f 751 1842 1846 1845
f 1842 749 1844 1846
f 1846 1844 428 1826
f 1845 1846 1826 744
f 750 1837 1848 1847
f 1837 751 1845 1848
f 1848 1845 744 1821
f 1847 1848 1821 364
f 362 1849 1853 1852
f 1849 752 1850 1853
f 1853 1850 755 1851
f 1852 1853 1851 754
f 752 1854 1857 1850
f 1854 426 1855 1857
f 1857 1855 753 1856
f 1850 1857 1856 755
f 755 1856 1860 1859
f 1856 753 1858 1860
f 1860 1858 427 1840
f 1859 1860 1840 748
f 754 1851 1862 1861
f 1851 755 1859 1862
f 1862 1859 748 1835
f 1861 1862 1835 363
f 361 1863 1867 1866
f 1863 756 1864 1867
f 1867 1864 759 1865
f 1866 1867 1865 758
f 756 1868 1871 1864
f 1868 425 1869 1871
f 1871 1869 757 1870
f 1864 1871 1870 759
f 759 1870 1874 1873
f 1870 757 1872 1874
f 1874 1872 426 1854
f 1873 1874 1854 752
f 758 1865 1876 1875
f 1865 759 1873 1876
f 1876 1873 752 1849
f 1875 1876 1849 362
f 360 1877 1881 1880
f 1877 760 1878 1881
f 1881 1878 763 1879
f 1880 1881 1879 762
f 760 1882 1885 1878
f 1882 424 1883 1885
f 1885 1883 761 1884
f 1878 1885 1884 763
f 763 1884 1888 1887
f 1884 761 1886 1888
f 1888 1886 425 1868
f 1887 1888 1868 756
f 762 1879 1890 1889
f 1879 763 1887 1890
f 1890 1887 756 1863
f 1889 1890 1863 361
f 359 1891 1895 1894
f 1891 764 1892 1895
f 1895 1892 767 1893
f 1894 1895 1893 766
f 764 1896 1899 1892
f 1896 423 1897 1899
f 1899 1897 765 1898
f 1892 1899 1898 767
f 767 1898 1902 1901
f 1898 765 1900 1902
f 1902 1900 424 1882
f 1901 1902 1882 760
f 766 1893 1904 1903
f 1893 767 1901 1904
f 1904 1901 760 1877
f 1903 1904 1877 360
f 358 1905 1909 1908
f 1905 768 1906 1909
f 1909 1906 771 1907
f 1908 1909 1907 770
f 768 1910 1913 1906
f 1910 422 1911 1913
f 1913 1911 769 1912
f 1906 1913 1912 771
f 771 1912 1916 1915
f 1912 769 1914 1916
f 1916 1914 423 1896
f 1915 1916 1896 764
f 770 1907 1918 1917
f 1907 771 1915 1918
f 1918 1915 764 1891
f 1917 1918 1891 359
f 357 1919 1923 1922
f 1919 772 1920 1923
f 1923 1920 775 1921
f 1922 1923 1921 774
f 772 1924 1927 1920
f 1924 421 1925 1927
f 1927 1925 773 1926
f 1920 1927 1926 775
f 775 1926 1930 1929
f 1926 773 1928 1930
f 1930 1928 422 1910
f 1929 1930 1910 768
f 774 1921 1932 1931
f 1921 775 1929 1932
f 1932 1929 768 1905
f 1931 1932 1905 358
f 356 1933 1937 1936
f 1933 776 1934 1937
f 1937 1934 779 1935
f 1936 1937 1935 778
f 776 1938 1941 1934
f 1938 420 1939 1941
f 1941 1939 777 1940
f 1934 1941 1940 779
f 779 1940 1944 1943
f 1940 777 1942 1944
f 1944 1942 421 1924
f 1943 1944 1924 772
f 778 1935 1946 1945
f 1935 779 1943 1946
f 1946 1943 772 1919
f 1945 1946 1919 357
f 355 1947 1951 1950
f 1947 780 1948 1951
f 1951 1948 783 1949
f 1950 1951 1949 782
f 780 1952 1955 1948
f 1952 419 1953 1955
f 1955 1953 781 1954
f 1948 1955 1954 783
f 783 1954 1958 1957
f 1954 781 1956 1958
f 1958 1956 420 1938
f 1957 1958 1938 776
f 782 1949 1960 1959
f 1949 783 1957 1960
f 1960 1957 776 1933
f 1959 1960 1933 356
f 354 1961 1965 1964
f 1961 784 1962 1965
f 1965 1962 787 1963
f 1964 1965 1963 786
f 784 1966 1969 1962
f 1966 418 1967 1969
f 1969 1967 785 1968
f 1962 1969 1968 787
f 787 1968 1972 1971
f 1968 785 1970 1972
f 1972 1970 419 1952
f 1971 1972 1952 780
f 786 1963 1974 1973
f 1963 787 1971 1974
f 1974 1971 780 1947
f 1973 1974 1947 355
f 353 1975 1979 1978
f 1975 788 1976 1979
f 1979 1976 791 1977
f 1978 1979 1977 790
f 788 1980 1983 1976
f 1980 417 1981 1983
f 1983 1981 789 1982
f 1976 1983 1982 791
f 791 1982 1986 1985
f 1982 789 1984 1986
f 1986 1984 418 1966
f 1985 1986 1966 784
f 790 1977 1988 1987
f 1977 791 1985 1988
f 1988 1985 784 1961
f 1987 1988 1961 354
f 352 1989 1993 1992
f 1989 792 1990 1993
f 1993 1990 795 1991
f 1992 1993 1991 794
f 792 1994 1997 1990
f 1994 416 1995 1997
f 1997 1995 793 1996
f 1990 1997 1996 795
f 795 1996 2000 1999
f 1996 793 1998 2000
f 2000 1998 417 1980
f 1999 2000 1980 788
f 794 1991 2002 2001
f 1991 795 1999 2002
f 2002 1999 788 1975
f 2001 2002 1975 353
f 351 1132 2006 2005
f 1132 545 2003 2006
f 2006 2003 798 2004
f 2005 2006 2004 797
f 545 1129 2009 2003
f 1129 415 2007 2009
f 2009 2007 796 2008
f 2003 2009 2008 798
f 798 2008 2012 2011
f 2008 796 2010 2012
f 2012 2010 416 1994
f 2011 2012 1994 792
f 797 2004 2014 2013
f 2004 798 2011 2014
f 2014 2011 792 1989
f 2013 2014 1989 352
f 479 2015 2019 2018
f 2015 799 2016 2019
f 2019 2016 802 2017
f 2018 2019 2017 801
f 799 2020 2022 2016
f 2020 351 2005 2022
f 2022 2005 797 2021
f 2016 2022 2021 802
f 802 2021 2025 2024
f 2021 797 2013 2025
f 2025 2013 352 2023
f 2024 2025 2023 800
f 801 2017 2028 2027
f 2017 802 2024 2028
f 2028 2024 800 2026
f 2027 2028 2026 480
f 480 2026 2032 2031
f 2026 800 2029 2032
f 2032 2029 805 2030
f 2031 2032 2030 804
f 800 2023 2034 2029
f 2023 352 1992 2034
f 2034 1992 794 2033
f 2029 2034 2033 805
f 805 2033 2037 2036
f 2033 794 2001 2037
f 2037 2001 353 2035
f 2036 2037 2035 803
f 804 2030 2040 2039
f 2030 805 2036 2040
f 2040 2036 803 2038
f 2039 2040 2038 481
f 481 2038 2044 2043
f 2038 803 2041 2044
f 2044 2041 808 2042
f 2043 2044 2042 807
f 803 2035 2046 2041
f 2035 353 1978 2046
f 2046 1978 790 2045
f 2041 2046 2045 808
f 808 2045 2049 2048
f 2045 790 1987 2049
f 2049 1987 354 2047
f 2048 2049 2047 806
f 807 2042 2052 2051
f 2042 808 2048 2052
f 2052 2048 806 2050
f 2051 2052 2050 482
f 482 2050 2056 2055
f 2050 806 2053 2056
f 2056 2053 811 2054
f 2055 2056 2054 810
f 806 2047 2058 2053
f 2047 354 1964 2058
f 2058 1964 786 2057
f 2053 2058 2057 811
f 811 2057 2061 2060
f 2057 786 1973 2061
f 2061 1973 355 2059
f 2060 2061 2059 809
f 810 2054 2064 2063
f 2054 811 2060 2064
f 2064 2060 809 2062
f 2063 2064 2062 483
f 483 2062 2068 2067
f 2062 809 2065 2068
f 2068 2065 814 2066
f 2067 2068 2066 813
f 809 2059 2070 2065
f 2059 355 1950 2070
f 2070 1950 782 2069
f 2065 2070 2069 814
f 814 2069 2073 2072
f 2069 782 1959 2073
f 2073 1959 356 2071
f 2072 2073 2071 812
f 813 2066 2076 2075
f 2066 814 2072 2076
f 2076 2072 812 2074
f 2075 2076 2074 484
f 484 2074 2080 2079
f 2074 812 2077 2080
f 2080 2077 817 2078
f 2079 2080 2078 816
f 812 2071 2082 2077
f 2071 356 1936 2082
f 2082 1936 778 2081
f 2077 2082 2081 817
f 817 2081 2085 2084
f 2081 778 1945 2085
f 2085 1945 357 2083
f 2084 2085 2083 815
f 816 2078 2088 2087
f 2078 817 2084 2088
f 2088 2084 815 2086
f 2087 2088 2086 485
f 485 2086 2092 2091
f 2086 815 2089 2092
f 2092 2089 820 2090
f 2091 2092 2090 819
f 815 2083 2094 2089
f 2083 357 1922 2094
f 2094 1922 774 2093
f 2089 2094 2093 820
f 820 2093 2097 2096
f 2093 774 1931 2097
f 2097 1931 358 2095
f 2096 2097 2095 818
f 819 2090 2100 2099
f 2090 820 2096 2100
f 2100 2096 818 2098
f 2099 2100 2098 486
f 486 2098 2104 2103
f 2098 818 2101 2104
f 2104 2101 823 2102
f 2103 2104 2102 822
f 818 2095 2106 2101
f 2095 358 1908 2106
f 2106 1908 770 2105
f 2101 2106 2105 823
f 823 2105 2109 2108
f 2105 770 1917 2109
f 2109 1917 359 2107
f 2108 2109 2107 821
f 822 2102 2112 2111
f 2102 823 2108 2112
f 2112 2108 821 2110
f 2111 2112 2110 487
f 487 2110 2116 2115
f 2110 821 2113 2116
f 2116 2113 826 2114
f 2115 2116 2114 825
f 821 2107 2118 2113
f 2107 359 1894 2118
f 2118 1894 766 2117
f 2113 2118 2117 826
f 826 2117 2121 2120
f 2117 766 1903 2121
f 2121 1903 360 2119
f 2120 2121 2119 824
f 825 2114 2124 2123
f 2114 826 2120 2124
f 2124 2120 824 2122
f 2123 2124 2122 488
f 488 2122 2128 2127
f 2122 824 2125 2128
f 2128 2125 829 2126
f 2127 2128 2126 828
f 824 2119 2130 2125
f 2119 360 1880 2130
f 2130 1880 762 2129
f 2125 2130 2129 829
f 829 2129 2133 2132
f 2129 762 1889 2133
f 2133 1889 361 2131
f 2132 2133 2131 827
f 828 2126 2136 2135
f 2126 829 2132 2136
f 2136 2132 827 2134
f 2135 2136 2134 489
f 489 2134 2140 2139
f 2134 827 2137 2140
f 2140 2137 832 2138
f 2139 2140 2138 831
f 827 2131 2142 2137
f 2131 361 1866 2142
f 2142 1866 758 2141
f 2137 2142 2141 832
f 832 2141 2145 2144
f 2141 758 1875 2145
f 2145 1875 362 2143
f 2144 2145 2143 830
f 831 2138 2148 2147
f 2138 832 2144 2148
f 2148 2144 830 2146
f 2147 2148 2146 490
f 490 2146 2152 2151
f 2146 830 2149 2152
f 2152 2149 835 2150
f 2151 2152 2150 834
f 830 2143 2154 2149
f 2143 362 1852 2154
f 2154 1852 754 2153
f 2149 2154 2153 835
f 835 2153 2157 2156
f 2153 754 1861 2157
f 2157 1861 363 2155
f 2156 2157 2155 833
f 834 2150 2160 2159
f 2150 835 2156 2160
f 2160 2156 833 2158
f 2159 2160 2158 491
f 491 2158 2164 2163
f 2158 833 2161 2164
f 2164 2161 838 2162
f 2163 2164 2162 837
f 833 2155 2166 2161
f 2155 363 1838 2166
f 2166 1838 750 2165
f 2161 2166 2165 838
f 838 2165 2169 2168
f 2165 750 1847 2169
f 2169 1847 364 2167
f 2168 2169 2167 836
f 837 2162 2172 2171
f 2162 838 2168 2172
f 2172 2168 836 2170
f 2171 2172 2170 492
f 492 2170 2176 2175
f 2170 836 2173 2176
f 2176 2173 841 2174
f 2175 2176 2174 840
f 836 2167 2178 2173
f 2167 364 1824 2178
f 2178 1824 746 2177
f 2173 2178 2177 841
f 841 2177 2181 2180
f 2177 746 1833 2181
f 2181 1833 365 2179
f 2180 2181 2179 839
f 840 2174 2184 2183
f 2174 841 2180 2184
f 2184 2180 839 2182
f 2183 2184 2182 493
f 493 2182 2188 2187
f 2182 839 2185 2188
f 2188 2185 844 2186
f 2187 2188 2186 843
f 839 2179 2190 2185
f 2179 365 1810 2190
f 2190 1810 742 2189
f 2185 2190 2189 844
f 844 2189 2193 2192
f 2189 742 1819 2193
f 2193 1819 366 2191
f 2192 2193 2191 842
f 843 2186 2196 2195
f 2186 844 2192 2196
f 2196 2192 842 2194
f 2195 2196 2194 494
f 494 2194 2200 2199
f 2194 842 2197 2200
f 2200 2197 847 2198
f 2199 2200 2198 846
f 842 2191 2202 2197
f 2191 366 1796 2202
f 2202 1796 738 2201
f 2197 2202 2201 847
f 847 2201 2205 2204
f 2201 738 1805 2205
f 2205 1805 367 2203
f 2204 2205 2203 845
f 846 2198 2208 2207
f 2198 847 2204 2208
f 2208 2204 845 2206
f 2207 2208 2206 495
f 495 2206 2212 2211
f 2206 845 2209 2212
f 2212 2209 850 2210
f 2211 2212 2210 849
f 845 2203 2214 2209
f 2203 367 1782 2214
f 2214 1782 734 2213
f 2209 2214 2213 850
f 850 2213 2217 2216
f 2213 734 1791 2217
f 2217 1791 368 2215
f 2216 2217 2215 848
f 849 2210 2220 2219
f 2210 850 2216 2220
f 2220 2216 848 2218
f 2219 2220 2218 496
f 496 2218 2224 2223
f 2218 848 2221 2224
f 2224 2221 853 2222
f 2223 2224 2222 852
f 848 2215 2226 2221
f 2215 368 1768 2226
f 2226 1768 730 2225
f 2221 2226 2225 853
f 853 2225 2229 2228
f 2225 730 1777 2229
f 2229 1777 369 2227
f 2228 2229 2227 851
f 852 2222 2232 2231
f 2222 853 2228 2232
f 2232 2228 851 2230
f 2231 2232 2230 497
f 497 2230 2236 2235
f 2230 851 2233 2236
f 2236 2233 856 2234
f 2235 2236 2234 855
f 851 2227 2238 2233
f 2227 369 1754 2238
f 2238 1754 726 2237
f 2233 2238 2237 856
f 856 2237 2241 2240
f 2237 726 1763 2241
f 2241 1763 370 2239
f 2240 2241 2239 854
f 855 2234 2244 2243
f 2234 856 2240 2244
f 2244 2240 854 2242
f 2243 2244 2242 498
f 498 2242 2248 2247
f 2242 854 2245 2248
f 2248 2245 859 2246
f 2247 2248 2246 858
f 854 2239 2250 2245
f 2239 370 1740 2250
f 2250 1740 722 2249
f 2245 2250 2249 859
f 859 2249 2253 2252
f 2249 722 1749 2253
f 2253 1749 371 2251
f 2252 2253 2251 857
f 858 2246 2256 2255
f 2246 859 2252 2256
f 2256 2252 857 2254
f 2255 2256 2254 499
f 499 2254 2260 2259
f 2254 857 2257 2260
f 2260 2257 862 2258
f 2259 2260 2258 861
f 857 2251 2262 2257
f 2251 371 1726 2262
f 2262 1726 718 2261
f 2257 2262 2261 862
f 862 2261 2265 2264
f 2261 718 1735 2265
f 2265 1735 372 2263
f 2264 2265 2263 860
f 861 2258 2268 2267
f 2258 862 2264 2268
f 2268 2264 860 2266
f 2267 2268 2266 500
f 500 2266 2272 2271
f 2266 860 2269 2272
f 2272 2269 865 2270
f 2271 2272 2270 864
f 860 2263 2274 2269
f 2263 372 1712 2274
f 2274 1712 714 2273
f 2269 2274 2273 865
f 865 2273 2277 2276
f 2273 714 1721 2277
f 2277 1721 373 2275
f 2276 2277 2275 863
f 864 2270 2280 2279
f 2270 865 2276 2280
f 2280 2276 863 2278
f 2279 2280 2278 501
f 501 2278 2284 2283
f 2278 863 2281 2284
f 2284 2281 868 2282
f 2283 2284 2282 867
f 863 2275 2286 2281
f 2275 373 1698 2286
f 2286 1698 710 2285
f 2281 2286 2285 868
f 868 2285 2289 2288
f 2285 710 1707 2289
f 2289 1707 374 2287
f 2288 2289 2287 866
f 867 2282 2292 2291
f 2282 868 2288 2292
f 2292 2288 866 2290
f 2291 2292 2290 502
f 502 2290 2296 2295
f 2290 866 2293 2296
f 2296 2293 871 2294
f 2295 2296 2294 870
f 866 2287 2298 2293
f 2287 374 1684 2298
f 2298 1684 706 2297
f 2293 2298 2297 871
f 871 2297 2301 2300
f 2297 706 1693 2301
f 2301 1693 375 2299
f 2300 2301 2299 869
f 870 2294 2304 2303
f 2294 871 2300 2304
f 2304 2300 869 2302
f 2303 2304 2302 503
f 503 2302 2308 2307
f 2302 869 2305 2308
f 2308 2305 874 2306
f 2307 2308 2306 873
f 869 2299 2310 2305
f 2299 375 1670 2310
f 2310 1670 702 2309
f 2305 2310 2309 874
f 874 2309 2313 2312
f 2309 702 1679 2313
f 2313 1679 376 2311
f 2312 2313 2311 872
f 873 2306 2316 2315
f 2306 874 2312 2316
f 2316 2312 872 2314
f 2315 2316 2314 504
f 504 2314 2320 2319
f 2314 872 2317 2320
f 2320 2317 877 2318
f 2319 2320 2318 876
f 872 2311 2322 2317
f 2311 376 1656 2322
f 2322 1656 698 2321
f 2317 2322 2321 877
f 877 2321 2325 2324
f 2321 698 1665 2325
f 2325 1665 377 2323
f 2324 2325 2323 875
f 876 2318 2328 2327
f 2318 877 2324 2328
f 2328 2324 875 2326
f 2327 2328 2326 505
f 505 2326 2332 2331
f 2326 875 2329 2332
f 2332 2329 880 2330
f 2331 2332 2330 879
f 875 2323 2334 2329
f 2323 377 1642 2334
f 2334 1642 694 2333
f 2329 2334 2333 880
f 880 2333 2337 2336
f 2333 694 1651 2337
f 2337 1651 378 2335
f 2336 2337 2335 878
f 879 2330 2340 2339
f 2330 880 2336 2340
f 2340 2336 878 2338
f 2339 2340 2338 506
f 506 2338 2344 2343
f 2338 878 2341 2344
f 2344 2341 883 2342
f 2343 2344 2342 882
f 878 2335 2346 2341
f 2335 378 1628 2346
f 2346 1628 690 2345
f 2341 2346 2345 883
f 883 2345 2349 2348
f 2345 690 1637 2349
f 2349 1637 379 2347
f 2348 2349 2347 881
f 882 2342 2352 2351
f 2342 883 2348 2352
f 2352 2348 881 2350
f 2351 2352 2350 507
f 507 2350 2356 2355
f 2350 881 2353 2356
f 2356 2353 886 2354
f 2355 2356 2354 885
f 881 2347 2358 2353
f 2347 379 1614 2358
f 2358 1614 686 2357
f 2353 2358 2357 886
f 886 2357 2361 2360
f 2357 686 1623 2361
f 2361 1623 380 2359
f 2360 2361 2359 884
f 885 2354 2364 2363
f 2354 886 2360 2364
f 2364 2360 884 2362
f 2363 2364 2362 508
f 508 2362 2368 2367
f 2362 884 2365 2368
f 2368 2365 889 2366
f 2367 2368 2366 888
f 884 2359 2370 2365
f 2359 380 1600 2370
f 2370 1600 682 2369
f 2365 2370 2369 889
f 889 2369 2373 2372
f 2369 682 1609 2373
f 2373 1609 381 2371
f 2372 2373 2371 887
f 888 2366 2376 2375
f 2366 889 2372 2376
f 2376 2372 887 2374
f 2375 2376 2374 509
f 509 2374 2380 2379
f 2374 887 2377 2380
f 2380 2377 892 2378
f 2379 2380 2378 891
f 887 2371 2382 2377
f 2371 381 1586 2382
f 2382 1586 678 2381
f 2377 2382 2381 892
f 892 2381 2385 2384
f 2381 678 1595 2385
f 2385 1595 382 2383
f 2384 2385 2383 890
f 891 2378 2388 2387
f 2378 892 2384 2388
f 2388 2384 890 2386
f 2387 2388 2386 510
f 510 2386 2392 2391
f 2386 890 2389 2392
f 2392 2389 895 2390
f 2391 2392 2390 894
f 890 2383 2394 2389
f 2383 382 1572 2394
f 2394 1572 674 2393
f 2389 2394 2393 895
f 895 2393 2397 2396
f 2393 674 1581 2397
f 2397 1581 383 2395
f 2396 2397 2395 893
f 894 2390 2400 2399
f 2390 895 2396 2400
f 2400 2396 893 2398
f 2399 2400 2398 511
f 511 2398 2404 2403
f 2398 893 2401 2404
f 2404 2401 898 2402
f 2403 2404 2402 897
f 893 2395 2406 2401
f 2395 383 1558 2406
f 2406 1558 670 2405
f 2401 2406 2405 898
f 898 2405 2409 2408
f 2405 670 1567 2409
f 2409 1567 384 2407
f 2408 2409 2407 896
f 897 2402 2412 2411
f 2402 898 2408 2412
f 2412 2408 896 2410
f 2411 2412 2410 512
f 512 2410 2416 2415
f 2410 896 2413 2416
f 2416 2413 901 2414
f 2415 2416 2414 900
f 896 2407 2418 2413
f 2407 384 1544 2418
f 2418 1544 666 2417
f 2413 2418 2417 901
f 901 2417 2421 2420
f 2417 666 1553 2421
f 2421 1553 385 2419
f 2420 2421 2419 899
f 900 2414 2424 2423
f 2414 901 2420 2424
f 2424 2420 899 2422
f 2423 2424 2422 513
f 513 2422 2428 2427
f 2422 899 2425 2428
f 2428 2425 904 2426
f 2427 2428 2426 903
f 899 2419 2430 2425
f 2419 385 1530 2430
f 2430 1530 662 2429
f 2425 2430 2429 904
f 904 2429 2433 2432
f 2429 662 1539 2433
f 2433 1539 386 2431
f 2432 2433 2431 902
f 903 2426 2436 2435
f 2426 904 2432 2436
f 2436 2432 902 2434
f 2435 2436 2434 514
f 514 2434 2440 2439
f 2434 902 2437 2440
f 2440 2437 907 2438
f 2439 2440 2438 906
f 902 2431 2442 2437
f 2431 386 1516 2442
f 2442 1516 658 2441
f 2437 2442 2441 907
f 907 2441 2445 2444
f 2441 658 1525 2445
f 2445 1525 387 2443
f 2444 2445 2443 905
f 906 2438 2448 2447
f 2438 907 2444 2448
f 2448 2444 905 2446
f 2447 2448 2446 515
f 515 2446 2452 2451
f 2446 905 2449 2452
f 2452 2449 910 2450
f 2451 2452 2450 909
f 905 2443 2454 2449
f 2443 387 1502 2454
f 2454 1502 654 2453
f 2449 2454 2453 910
f 910 2453 2457 2456
f 2453 654 1511 2457
f 2457 1511 388 2455
f 2456 2457 2455 908
f 909 2450 2460 2459
f 2450 910 2456 2460
f 2460 2456 908 2458
f 2459 2460 2458 516
f 516 2458 2464 2463
f 2458 908 2461 2464
f 2464 2461 913 2462
f 2463 2464 2462 912
f 908 2455 2466 2461
f 2455 388 1488 2466
f 2466 1488 650 2465
f 2461 2466 2465 913
f 913 2465 2469 2468
f 2465 650 1497 2469
f 2469 1497 389 2467
f 2468 2469 2467 911
f 912 2462 2472 2471
f 2462 913 2468 2472
f 2472 2468 911 2470
f 2471 2472 2470 517
f 517 2470 2476 2475
f 2470 911 2473 2476
f 2476 2473 916 2474
f 2475 2476 2474 915
f 911 2467 2478 2473
f 2467 389 1474 2478
f 2478 1474 646 2477
f 2473 2478 2477 916
f 916 2477 2481 2480
f 2477 646 1483 2481
f 2481 1483 390 2479
f 2480 2481 2479 914
f 915 2474 2484 2483
f 2474 916 2480 2484
f 2484 2480 914 2482
f 2483 2484 2482 518
f 518 2482 2488 2487
f 2482 914 2485 2488
f 2488 2485 919 2486
f 2487 2488 2486 918
f 914 2479 2490 2485
f 2479 390 1460 2490
f 2490 1460 642 2489
f 2485 2490 2489 919
f 919 2489 2493 2492
f 2489 642 1469 2493
f 2493 1469 391 2491
f 2492 2493 2491 917
f 918 2486 2496 2495
f 2486 919 2492 2496
f 2496 2492 917 2494
f 2495 2496 2494 519
f 519 2494 2500 2499
f 2494 917 2497 2500
f 2500 2497 922 2498
f 2499 2500 2498 921
f 917 2491 2502 2497
f 2491 391 1446 2502
f 2502 1446 638 2501
f 2497 2502 2501 922
f 922 2501 2505 2504
f 2501 638 1455 2505
f 2505 1455 392 2503
f 2504 2505 2503 920
f 921 2498 2508 2507
f 2498 922 2504 2508
f 2508 2504 920 2506
f 2507 2508 2506 520
f 520 2506 2512 2511
f 2506 920 2509 2512
f 2512 2509 925 2510
f 2511 2512 2510 924
f 920 2503 2514 2509
f 2503 392 1432 2514
f 2514 1432 634 2513
f 2509 2514 2513 925
f 925 2513 2517 2516
f 2513 634 1441 2517
f 2517 1441 393 2515
f 2516 2517 2515 923
f 924 2510 2520 2519
f 2510 925 2516 2520
f 2520 2516 923 2518
f 2519 2520 2518 521
f 521 2518 2524 2523
f 2518 923 2521 2524
f 2524 2521 928 2522
f 2523 2524 2522 927
f 923 2515 2526 2521
f 2515 393 1418 2526
f 2526 1418 630 2525
f 2521 2526 2525 928
f 928 2525 2529 2528
f 2525 630 1427 2529
f 2529 1427 394 2527
f 2528 2529 2527 926
f 927 2522 2532 2531
f 2522 928 2528 2532
f 2532 2528 926 2530
f 2531 2532 2530 522
f 522 2530 2536 2535
f 2530 926 2533 2536
f 2536 2533 931 2534
f 2535 2536 2534 930
f 926 2527 2538 2533
f 2527 394 1404 2538
f 2538 1404 626 2537
f 2533 2538 2537 931
f 931 2537 2541 2540
f 2537 626 1413 2541
f 2541 1413 395 2539
f 2540 2541 2539 929
f 930 2534 2544 2543
f 2534 931 2540 2544
f 2544 2540 929 2542
f 2543 2544 2542 523
f 523 2542 2548 2547
f 2542 929 2545 2548
f 2548 2545 934 2546
f 2547 2548 2546 933
f 929 2539 2550 2545
f 2539 395 1390 2550
f 2550 1390 622 2549
f 2545 2550 2549 934
f 934 2549 2553 2552
f 2549 622 1399 2553
f 2553 1399 396 2551
f 2552 2553 2551 932
f 933 2546 2556 2555
f 2546 934 2552 2556
f 2556 2552 932 2554
f 2555 2556 2554 524
f 524 2554 2560 2559
f 2554 932 2557 2560
f 2560 2557 937 2558
f 2559 2560 2558 936
f 932 2551 2562 2557
f 2551 396 1376 2562
f 2562 1376 618 2561
f 2557 2562 2561 937
f 937 2561 2565 2564
f 2561 618 1385 2565
f 2565 1385 397 2563
f 2564 2565 2563 935
f 936 2558 2568 2567
f 2558 937 2564 2568
f 2568 2564 935 2566
f 2567 2568 2566 525
f 525 2566 2572 2571
f 2566 935 2569 2572
f 2572 2569 940 2570
f 2571 2572 2570 939
f 935 2563 2574 2569
f 2563 397 1362 2574
f 2574 1362 614 2573
f 2569 2574 2573 940
f 940 2573 2577 2576
f 2573 614 1371 2577
f 2577 1371 398 2575
f 2576 2577 2575 938
f 939 2570 2580 2579
f 2570 940 2576 2580
f 2580 2576 938 2578
f 2579 2580 2578 526
f 526 2578 2584 2583
f 2578 938 2581 2584
f 2584 2581 943 2582
f 2583 2584 2582 942
f 938 2575 2586 2581
f 2575 398 1348 2586
f 2586 1348 610 2585
f 2581 2586 2585 943
f 943 2585 2589 2588
f 2585 610 1357 2589
f 2589 1357 399 2587
f 2588 2589 2587 941
f 942 2582 2592 2591
f 2582 943 2588 2592
f 2592 2588 941 2590
f 2591 2592 2590 527
f 527 2590 2596 2595
f 2590 941 2593 2596
f 2596 2593 946 2594
f 2595 2596 2594 945
f 941 2587 2598 2593
f 2587 399 1334 2598
f 2598 1334 606 2597
f 2593 2598 2597 946
f 946 2597 2601 2600
f 2597 606 1343 2601
f 2601 1343 400 2599
f 2600 2601 2599 944
f 945 2594 2604 2603
f 2594 946 2600 2604
f 2604 2600 944 2602
f 2603 2604 2602 528
f 528 2602 2608 2607
f 2602 944 2605 2608
f 2608 2605 949 2606
f 2607 2608 2606 948
f 944 2599 2610 2605
f 2599 400 1320 2610
f 2610 1320 602 2609
f 2605 2610 2609 949
f 949 2609 2613 2612
f 2609 602 1329 2613
f 2613 1329 401 2611
f 2612 2613 2611 947
f 948 2606 2616 2615
f 2606 949 2612 2616
f 2616 2612 947 2614
f 2615 2616 2614 529
f 529 2614 2620 2619
f 2614 947 2617 2620
f 2620 2617 952 2618
f 2619 2620 2618 951
f 947 2611 2622 2617
f 2611 401 1306 2622
f 2622 1306 598 2621
f 2617 2622 2621 952
f 952 2621 2625 2624
f 2621 598 1315 2625
f 2625 1315 402 2623
f 2624 2625 2623 950
f 951 2618 2628 2627
f 2618 952 2624 2628
f 2628 2624 950 2626
f 2627 2628 2626 530
f 530 2626 2632 2631
f 2626 950 2629 2632
f 2632 2629 955 2630
f 2631 2632 2630 954
f 950 2623 2634 2629
f 2623 402 1292 2634
f 2634 1292 594 2633
f 2629 2634 2633 955
f 955 2633 2637 2636
f 2633 594 1301 2637
f 2637 1301 403 2635
f 2636 2637 2635 953
f 954 2630 2640 2639
f 2630 955 2636 2640
f 2640 2636 953 2638
f 2639 2640 2638 531
f 531 2638 2644 2643
f 2638 953 2641 2644
f 2644 2641 958 2642
f 2643 2644 2642 957
f 953 2635 2646 2641
f 2635 403 1278 2646
f 2646 1278 590 2645
f 2641 2646 2645 958
f 958 2645 2649 2648
f 2645 590 1287 2649
f 2649 1287 404 2647
f 2648 2649 2647 956
f 957 2642 2652 2651
f 2642 958 2648 2652
f 2652 2648 956 2650
f 2651 2652 2650 532
f 532 2650 2656 2655
f 2650 956 2653 2656
f 2656 2653 961 2654
f 2655 2656 2654 960
f 956 2647 2658 2653
f 2647 404 1264 2658
f 2658 1264 586 2657
f 2653 2658 2657 961
f 961 2657 2661 2660
f 2657 586 1273 2661
f 2661 1273 405 2659
f 2660 2661 2659 959
f 960 2654 2664 2663
f 2654 961 2660 2664
f 2664 2660 959 2662
f 2663 2664 2662 533
f 533 2662 2668 2667
f 2662 959 2665 2668
f 2668 2665 964 2666
f 2667 2668 2666 963
f 959 2659 2670 2665
f 2659 405 1250 2670
f 2670 1250 582 2669
f 2665 2670 2669 964
f 964 2669 2673 2672
f 2669 582 1259 2673
f 2673 1259 406 2671
f 2672 2673 2671 962
f 963 2666 2676 2675
f 2666 964 2672 2676
f 2676 2672 962 2674
f 2675 2676 2674 534
f 534 2674 2680 2679
f 2674 962 2677 2680
f 2680 2677 967 2678
f 2679 2680 2678 966
f 962 2671 2682 2677
f 2671 406 1236 2682
f 2682 1236 578 2681
f 2677 2682 2681 967
f 967 2681 2685 2684
f 2681 578 1245 2685
f 2685 1245 407 2683
f 2684 2685 2683 965
f 966 2678 2688 2687
f 2678 967 2684 2688
f 2688 2684 965 2686
f 2687 2688 2686 535
f 535 2686 2692 2691
f 2686 965 2689 2692
f 2692 2689 970 2690
f 2691 2692 2690 969
f 965 2683 2694 2689
f 2683 407 1222 2694
f 2694 1222 574 2693
f 2689 2694 2693 970
f 970 2693 2697 2696
f 2693 574 1231 2697
f 2697 1231 408 2695
f 2696 2697 2695 968
f 969 2690 2700 2699
f 2690 970 2696 2700
f 2700 2696 968 2698
f 2699 2700 2698 536
f 536 2698 2704 2703
f 2698 968 2701 2704
f 2704 2701 973 2702
f 2703 2704 2702 972
f 968 2695 2706 2701
f 2695 408 1208 2706
f 2706 1208 570 2705
f 2701 2706 2705 973
f 973 2705 2709 2708
f 2705 570 1217 2709
f 2709 1217 409 2707
f 2708 2709 2707 971
f 972 2702 2712 2711
f 2702 973 2708 2712
f 2712 2708 971 2710
f 2711 2712 2710 537
f 537 2710 2716 2715
f 2710 971 2713 2716
f 2716 2713 976 2714
f 2715 2716 2714 975
f 971 2707 2718 2713
f 2707 409 1194 2718
f 2718 1194 566 2717
f 2713 2718 2717 976
f 976 2717 2721 2720
f 2717 566 1203 2721
f 2721 1203 410 2719
f 2720 2721 2719 974
f 975 2714 2724 2723
f 2714 976 2720 2724
f 2724 2720 974 2722
f 2723 2724 2722 538
f 538 2722 2728 2727
f 2722 974 2725 2728
f 2728 2725 979 2726
f 2727 2728 2726 978
f 974 2719 2730 2725
f 2719 410 1180 2730
f 2730 1180 562 2729
f 2725 2730 2729 979
f 979 2729 2733 2732
f 2729 562 1189 2733
f 2733 1189 411 2731
f 2732 2733 2731 977
f 978 2726 2736 2735
f 2726 979 2732 2736
f 2736 2732 977 2734
f 2735 2736 2734 539
f 539 2734 2740 2739
f 2734 977 2737 2740
f 2740 2737 982 2738
f 2739 2740 2738 981
f 977 2731 2742 2737
f 2731 411 1166 2742
f 2742 1166 558 2741
f 2737 2742 2741 982
f 982 2741 2745 2744
f 2741 558 1175 2745
f 2745 1175 412 2743
f 2744 2745 2743 980
f 981 2738 2748 2747
f 2738 982 2744 2748
f 2748 2744 980 2746
f 2747 2748 2746 540
f 540 2746 2752 2751
f 2746 980 2749 2752
f 2752 2749 985 2750
f 2751 2752 2750 984
f 980 2743 2754 2749
f 2743 412 1152 2754
f 2754 1152 554 2753
f 2749 2754 2753 985
f 985 2753 2757 2756
f 2753 554 1161 2757
f 2757 1161 413 2755
f 2756 2757 2755 983
f 984 2750 2760 2759
f 2750 985 2756 2760
f 2760 2756 983 2758
f 2759 2760 2758 541
f 541 2758 2764 2763
f 2758 983 2761 2764
f 2764 2761 988 2762
f 2763 2764 2762 987
f 983 2755 2766 2761
f 2755 413 1138 2766
f 2766 1138 550 2765
f 2761 2766 2765 988
f 988 2765 2769 2768
f 2765 550 1147 2769
f 2769 1147 414 2767
f 2768 2769 2767 986
f 987 2762 2772 2771
f 2762 988 2768 2772
f 2772 2768 986 2770
f 2771 2772 2770 542
f 542 2770 2776 2775
f 2770 986 2773 2776
f 2776 2773 990 2774
f 2775 2776 2774 989
f 986 2767 2778 2773
f 2767 414 1122 2778
f 2778 1122 546 2777
f 2773 2778 2777 990
f 990 2777 2780 2779
f 2777 546 1133 2780
f 2780 1133 351 2020
f 2779 2780 2020 799
f 989 2774 2782 2781
f 2774 990 2779 2782
f 2782 2779 799 2015
f 2781 2782 2015 479
f 415 2783 2786 2007
f 2783 991 2784 2786
f 2786 2784 993 2785
f 2007 2786 2785 796
f 991 2787 2789 2784
f 2787 479 2018 2789
f 2789 2018 801 2788
f 2784 2789 2788 993
f 993 2788 2792 2791
f 2788 801 2027 2792
f 2792 2027 480 2790
f 2791 2792 2790 992
f 796 2785 2794 2010
f 2785 993 2791 2794
f 2794 2791 992 2793
f 2010 2794 2793 416
f 416 2793 2797 1995
f 2793 992 2795 2797
f 2797 2795 995 2796
f 1995 2797 2796 793
f 992 2790 2799 2795
f 2790 480 2031 2799
f 2799 2031 804 2798
f 2795 2799 2798 995
f 995 2798 2802 2801
f 2798 804 2039 2802
f 2802 2039 481 2800
f 2801 2802 2800 994
f 793 2796 2804 1998
f 2796 995 2801 2804
f 2804 2801 994 2803
f 1998 2804 2803 417
f 417 2803 2807 1981
f 2803 994 2805 2807
f 2807 2805 997 2806
f 1981 2807 2806 789
f 994 2800 2809 2805
f 2800 481 2043 2809
f 2809 2043 807 2808
f 2805 2809 2808 997
f 997 2808 2812 2811
f 2808 807 2051 2812
f 2812 2051 482 2810
f 2811 2812 2810 996
f 789 2806 2814 1984
f 2806 997 2811 2814
f 2814 2811 996 2813
f 1984 2814 2813 418
f 418 2813 2817 1967
f 2813 996 2815 2817
f 2817 2815 999 2816
f 1967 2817 2816 785
f 996 2810 2819 2815
f 2810 482 2055 2819
f 2819 2055 810 2818
f 2815 2819 2818 999
f 999 2818 2822 2821
f 2818 810 2063 2822
f 2822 2063 483 2820
f 2821 2822 2820 998
f 785 2816 2824 1970
f 2816 999 2821 2824
f 2824 2821 998 2823
f 1970 2824 2823 419
f 419 2823 2827 1953
f 2823 998 2825 2827
f 2827 2825 1001 2826
f 1953 2827 2826 781
f 998 2820 2829 2825
f 2820 483 2067 2829
f 2829 2067 813 2828
f 2825 2829 2828 1001
f 1001 2828 2832 2831
f 2828 813 2075 2832
f 2832 2075 484 2830
f 2831 2832 2830 1000
f 781 2826 2834 1956
f 2826 1001 2831 2834
f 2834 2831 1000 2833
f 1956 2834 2833 420
f 420 2833 2837 1939
f 2833 1000 2835 2837
f 2837 2835 1003 2836
f 1939 2837 2836 777
f 1000 2830 2839 2835
f 2830 484 2079 2839
f 2839 2079 816 2838
f 2835 2839 2838 1003
f 1003 2838 2842 2841
f 2838 816 2087 2842
f 2842 2087 485 2840
f 2841 2842 2840 1002
f 777 2836 2844 1942
f 2836 1003 2841 2844
f 2844 2841 1002 2843
f 1942 2844 2843 421
f 421 2843 2847 1925
f 2843 1002 2845 2847
f 2847 2845 1005 2846
f 1925 2847 2846 773
f 1002 2840 2849 2845
f 2840 485 2091 2849
f 2849 2091 819 2848
f 2845 2849 2848 1005
f 1005 2848 2852 2851
f 2848 819 2099 2852
f 2852 2099 486 2850
f 2851 2852 2850 1004
f 773 2846 2854 1928
f 2846 1005 2851 2854
f 2854 2851 1004 2853
f 1928 2854 2853 422
f 422 2853 2857 1911
f 2853 1004 2855 2857
f 2857 2855 1007 2856
f 1911 2857 2856 769
f 1004 2850 2859 2855
f 2850 486 2103 2859
f 2859 2103 822 2858
f 2855 2859 2858 1007
f 1007 2858 2862 2861
f 2858 822 2111 2862
f 2862 2111 487 2860
f 2861 2862 2860 1006
f 769 2856 2864 1914
f 2856 1007 2861 2864
f 2864 2861 1006 2863
f 1914 2864 2863 423
f 423 2863 2867 1897
f 2863 1006 2865 2867
f 2867 2865 1009 2866
f 1897 2867 2866 765
f 1006 2860 2869 2865
f 2860 487 2115 2869
f 2869 2115 825 2868
f 2865 2869 2868 1009
f 1009 2868 2872 2871
f 2868 825 2123 2872
f 2872 2123 488 2870
f 2871 2872 2870 1008
f 765 2866 2874 1900
f 2866 1009 2871 2874
f 2874 2871 1008 2873
f 1900 2874 2873 424
f 424 2873 2877 1883
f 2873 1008 2875 2877
f 2877 2875 1011 2876
f 1883 2877 2876 761
f 1008 2870 2879 2875
f 2870 488 2127 2879
f 2879 2127 828 2878
f 2875 2879 2878 1011
f 1011 2878 2882 2881
f 2878 828 2135 2882
f 2882 2135 489 2880
f 2881 2882 2880 1010
f 761 2876 2884 1886
f 2876 1011 2881 2884
f 2884 2881 1010 2883
f 1886 2884 2883 425
f 425 2883 2887 1869
f 2883 1010 2885 2887
f 2887 2885 1013 2886
f 1869 2887 2886 757
f 1010 2880 2889 2885
f 2880 489 2139 2889
f 2889 2139 831 2888
f 2885 2889 2888 1013
f 1013 2888 2892 2891
f 2888 831 2147 2892
f 2892 2147 490 2890
f 2891 2892 2890 1012
f 757 2886 2894 1872
f 2886 1013 2891 2894
f 2894 2891 1012 2893
f 1872 2894 2893 426
f 426 2893 2897 1855
f 2893 1012 2895 2897
f 2897 2895 1015 2896
f 1855 2897 2896 753
f 1012 2890 2899 2895
f 2890 490 2151 2899
f 2899 2151 834 2898
f 2895 2899 2898 1015
f 1015 2898 2902 2901
f 2898 834 2159 2902
f 2902 2159 491 2900
f 2901 2902 2900 1014
f 753 2896 2904 1858
f 2896 1015 2901 2904
f 2904 2901 1014 2903
f 1858 2904 2903 427
f 427 2903 2907 1841
f 2903 1014 2905 2907
f 2907 2905 1017 2906
f 1841 2907 2906 749
f 1014 2900 2909 2905
f 2900 491 2163 2909
f 2909 2163 837 2908
f 2905 2909 2908 1017
f 1017 2908 2912 2911
f 2908 837 2171 2912
f 2912 2171 492 2910
f 2911 2912 2910 1016
f 749 2906 2914 1844
f 2906 1017 2911 2914
f 2914 2911 1016 2913
f 1844 2914 2913 428
f 428 2913 2917 1827
f 2913 1016 2915 2917
f 2917 2915 1019 2916
f 1827 2917 2916 745
f 1016 2910 2919 2915
f 2910 492 2175 2919
f 2919 2175 840 2918
f 2915 2919 2918 1019
f 1019 2918 2922 2921
f 2918 840 2183 2922
f 2922 2183 493 2920
f 2921 2922 2920 1018
f 745 2916 2924 1830
f 2916 1019 2921 2924
f 2924 2921 1018 2923
f 1830 2924 2923 429
f 429 2923 2927 1813
f 2923 1018 2925 2927
f 2927 2925 1021 2926
f 1813 2927 2926 741
f 1018 2920 2929 2925
f 2920 493 2187 2929
f 2929 2187 843 2928
f 2925 2929 2928 1021
f 1021 2928 2932 2931
f 2928 843 2195 2932
f 2932 2195 494 2930
f 2931 2932 2930 1020
f 741 2926 2934 1816
f 2926 1021 2931 2934
f 2934 2931 1020 2933
f 1816 2934 2933 430
f 430 2933 2937 1799
f 2933 1020 2935 2937
f 2937 2935 1023 2936
f 1799 2937 2936 737
f 1020 2930 2939 2935
f 2930 494 2199 2939
f 2939 2199 846 2938
f 2935 2939 2938 1023
f 1023 2938 2942 2941
f 2938 846 2207 2942
f 2942 2207 495 2940
f 2941 2942 2940 1022
f 737 2936 2944 1802
f 2936 1023 2941 2944
f 2944 2941 1022 2943
f 1802 2944 2943 431
f 431 2943 2947 1785
f 2943 1022 2945 2947
f 2947 2945 1025 2946
f 1785 2947 2946 733
f 1022 2940 2949 2945
f 2940 495 2211 2949
f 2949 2211 849 2948
f 2945 2949 2948 1025
f 1025 2948 2952 2951
f 2948 849 2219 2952
f 2952 2219 496 2950
f 2951 2952 2950 1024
f 733 2946 2954 1788
f 2946 1025 2951 2954
f 2954 2951 1024 2953
f 1788 2954 2953 432
f 432 2953 2957 1771
f 2953 1024 2955 2957
f 2957 2955 1027 2956
f 1771 2957 2956 729
f 1024 2950 2959 2955
f 2950 496 2223 2959
f 2959 2223 852 2958
f 2955 2959 2958 1027
f 1027 2958 2962 2961
f 2958 852 2231 2962
f 2962 2231 497 2960
f 2961 2962 2960 1026
f 729 2956 2964 1774
f 2956 1027 2961 2964
f 2964 2961 1026 2963
f 1774 2964 2963 433
f 433 2963 2967 1757
f 2963 1026 2965 2967
f 2967 2965 1029 2966
f 1757 2967 2966 725
f 1026 2960 2969 2965
f 2960 497 2235 2969
f 2969 2235 855 2968
f 2965 2969 2968 1029
f 1029 2968 2972 2971
f 2968 855 2243 2972
f 2972 2243 498 2970
f 2971 2972 2970 1028
f 725 2966 2974 1760
f 2966 1029 2971 2974
f 2974 2971 1028 2973
f 1760 2974 2973 434
f 434 2973 2977 1743
f 2973 1028 2975 2977
f 2977 2975 1031 2976
f 1743 2977 2976 721
f 1028 2970 2979 2975
f 2970 498 2247 2979
f 2979 2247 858 2978
f 2975 2979 2978 1031
f 1031 2978 2982 2981
f 2978 858 2255 2982
f 2982 2255 499 2980
f 2981 2982 2980 1030
f 721 2976 2984 1746
f 2976 1031 2981 2984
f 2984 2981 1030 2983
f 1746 2984 2983 435
f 435 2983 2987 1729
f 2983 1030 2985 2987
f 2987 2985 1033 2986
f 1729 2987 2986 717
f 1030 2980 2989 2985
f 2980 499 2259 2989
f 2989 2259 861 2988
f 2985 2989 2988 1033
f 1033 2988 2992 2991
f 2988 861 2267 2992
f 2992 2267 500 2990
f 2991 2992 2990 1032
f 717 2986 2994 1732
f 2986 1033 2991 2994
f 2994 2991 1032 2993
f 1732 2994 2993 436
f 436 2993 2997 1715
f 2993 1032 2995 2997
f 2997 2995 1035 2996
f 1715 2997 2996 713
f 1032 2990 2999 2995
f 2990 500 2271 2999
f 2999 2271 864 2998
f 2995 2999 2998 1035
f 1035 2998 3002 3001
f 2998 864 2279 3002
f 3002 2279 501 3000
f 3001 3002 3000 1034
f 713 2996 3004 1718
f 2996 1035 3001 3004
f 3004 3001 1034 3003
f 1718 3004 3003 437
f 437 3003 3007 1701
f 3003 1034 3005 3007
f 3007 3005 1037 3006
f 1701 3007 3006 709
f 1034 3000 3009 3005
f 3000 501 2283 3009
f 3009 2283 867 3008
f 3005 3009 3008 1037
f 1037 3008 3012 3011
f 3008 867 2291 3012
f 3012 2291 502 3010
f 3011 3012 3010 1036
f 709 3006 3014 1704
f 3006 1037 3011 3014
f 3014 3011 1036 3013
f 1704 3014 3013 438
f 438 3013 3017 1687
f 3013 1036 3015 3017
f 3017 3015 1039 3016
f 1687 3017 3016 705
f 1036 3010 3019 3015
f 3010 502 2295 3019
f 3019 2295 870 3018
f 3015 3019 3018 1039
f 1039 3018 3022 3021
f 3018 870 2303 3022
f 3022 2303 503 3020
f 3021 3022 3020 1038
f 705 3016 3024 1690
f 3016 1039 3021 3024
f 3024 3021 1038 3023
f 1690 3024 3023 439
f 439 3023 3027 1673
f 3023 1038 3025 3027
f 3027 3025 1041 3026
f 1673 3027 3026 701
f 1038 3020 3029 3025
f 3020 503 2307 3029
f 3029 2307 873 3028
f 3025 3029 3028 1041
f 1041 3028 3032 3031
f 3028 873 2315 3032
f 3032 2315 504 3030
f 3031 3032 3030 1040
f 701 3026 3034 1676
f 3026 1041 3031 3034
f 3034 3031 1040 3033
f 1676 3034 3033 440
f 440 3033 3037 1659
f 3033 1040 3035 3037
f 3037 3035 1043 3036
f 1659 3037 3036 697
f 1040 3030 3039 3035
f 3030 504 2319 3039
f 3039 2319 876 3038
f 3035 3039 3038 1043
f 1043 3038 3042 3041
f 3038 876 2327 3042
f 3042 2327 505 3040
f 3041 3042 3040 1042
f 697 3036 3044 1662
f 3036 1043 3041 3044
f 3044 3041 1042 3043
f 1662 3044 3043 441
f 441 3043 3047 1645
f 3043 1042 3045 3047
f 3047 3045 1045 3046
f 1645 3047 3046 693
f 1042 3040 3049 3045
f 3040 505 2331 3049
f 3049 2331 879 3048
f 3045 3049 3048 1045
f 1045 3048 3052 3051
f 3048 879 2339 3052
f 3052 2339 506 3050
f 3051 3052 3050 1044
f 693 3046 3054 1648
f 3046 1045 3051 3054
f 3054 3051 1044 3053
f 1648 3054 3053 442
f 442 3053 3057 1631
f 3053 1044 3055 3057
f 3057 3055 1047 3056
f 1631 3057 3056 689
f 1044 3050 3059 3055
f 3050 506 2343 3059
f 3059 2343 882 3058
f 3055 3059 3058 1047
f 1047 3058 3062 3061
f 3058 882 2351 3062
f 3062 2351 507 3060
f 3061 3062 3060 1046
f 689 3056 3064 1634
f 3056 1047 3061 3064
f 3064 3061 1046 3063
f 1634 3064 3063 443
f 443 3063 3067 1617
f 3063 1046 3065 3067
f 3067 3065 1049 3066
f 1617 3067 3066 685
f 1046 3060 3069 3065
f 3060 507 2355 3069
f 3069 2355 885 3068
f 3065 3069 3068 1049
f 1049 3068 3072 3071
f 3068 885 2363 3072
f 3072 2363 508 3070
f 3071 3072 3070 1048
f 685 3066 3074 1620
f 3066 1049 3071 3074
f 3074 3071 1048 3073
f 1620 3074 3073 444
f 444 3073 3077 1603
f 3073 1048 3075 3077
f 3077 3075 1051 3076
f 1603 3077 3076 681
f 1048 3070 3079 3075
f 3070 508 2367 3079
f 3079 2367 888 3078
f 3075 3079 3078 1051
f 1051 3078 3082 3081
f 3078 888 2375 3082
f 3082 2375 509 3080
f 3081 3082 3080 1050
f 681 3076 3084 1606
f 3076 1051 3081 3084
f 3084 3081 1050 3083
f 1606 3084 3083 445
f 445 3083 3087 1589
f 3083 1050 3085 3087
f 3087 3085 1053 3086
f 1589 3087 3086 677
f 1050 3080 3089 3085
f 3080 509 2379 3089
f 3089 2379 891 3088
f 3085 3089 3088 1053
f 1053 3088 3092 3091
f 3088 891 2387 3092
f 3092 2387 510 3090
f 3091 3092 3090 1052
f 677 3086 3094 1592
f 3086 1053 3091 3094
f 3094 3091 1052 3093
f 1592 3094 3093 446
f 446 3093 3097 1575
f 3093 1052 3095 3097
f 3097 3095 1055 3096
f 1575 3097 3096 673
f 1052 3090 3099 3095
f 3090 510 2391 3099
f 3099 2391 894 3098
f 3095 3099 3098 1055
f 1055 3098 3102 3101
f 3098 894 2399 3102
f 3102 2399 511 3100
f 3101 3102 3100 1054
f 673 3096 3104 1578
f 3096 1055 3101 3104
f 3104 3101 1054 3103
f 1578 3104 3103 447
f 447 3103 3107 1561
f 3103 1054 3105 3107
f 3107 3105 1057 3106
f 1561 3107 3106 669
f 1054 3100 3109 3105
f 3100 511 2403 3109
f 3109 2403 897 3108
f 3105 3109 3108 1057
f 1057 3108 3112 3111
f 3108 897 2411 3112
f 3112 2411 512 3110
f 3111 3112 3110 1056
f 669 3106 3114 1564
f 3106 1057 3111 3114
f 3114 3111 1056 3113
f 1564 3114 3113 448
f 448 3113 3117 1547
f 3113 1056 3115 3117
f 3117 3115 1059 3116
f 1547 3117 3116 665
f 1056 3110 3119 3115
f 3110 512 2415 3119
f 3119 2415 900 3118
f 3115 3119 3118 1059
f 1059 3118 3122 3121
f 3118 900 2423 3122
f 3122 2423 513 3120
f 3121 3122 3120 1058
f 665 3116 3124 1550
f 3116 1059 3121 3124
f 3124 3121 1058 3123
f 1550 3124 3123 449
f 449 3123 3127 1533
f 3123 1058 3125 3127
f 3127 3125 1061 3126
f 1533 3127 3126 661
f 1058 3120 3129 3125
f 3120 513 2427 3129
f 3129 2427 903 3128
f 3125 3129 3128 1061
f 1061 3128 3132 3131
f 3128 903 2435 3132
f 3132 2435 514 3130
f 3131 3132 3130 1060
f 661 3126 3134 1536
f 3126 1061 3131 3134
f 3134 3131 1060 3133
f 1536 3134 3133 450
f 450 3133 3137 1519
f 3133 1060 3135 3137
f 3137 3135 1063 3136
f 1519 3137 3136 657
f 1060 3130 3139 3135
f 3130 514 2439 3139
f 3139 2439 906 3138
f 3135 3139 3138 1063
f 1063 3138 3142 3141
f 3138 906 2447 3142
f 3142 2447 515 3140
f 3141 3142 3140 1062
f 657 3136 3144 1522
f 3136 1063 3141 3144
f 3144 3141 1062 3143
f 1522 3144 3143 451
f 451 3143 3147 1505
f 3143 1062 3145 3147
f 3147 3145 1065 3146
f 1505 3147 3146 653
f 1062 3140 3149 3145
f 3140 515 2451 3149
f 3149 2451 909 3148
f 3145 3149 3148 1065
f 1065 3148 3152 3151
f 3148 909 2459 3152
f 3152 2459 516 3150
f 3151 3152 3150 1064
f 653 3146 3154 1508
f 3146 1065 3151 3154
f 3154 3151 1064 3153
f 1508 3154 3153 452
f 452 3153 3157 1491
f 3153 1064 3155 3157
f 3157 3155 1067 3156
f 1491 3157 3156 649
f 1064 3150 3159 3155
f 3150 516 2463 3159
f 3159 2463 912 3158
f 3155 3159 3158 1067
f 1067 3158 3162 3161
f 3158 912 2471 3162
f 3162 2471 517 3160
f 3161 3162 3160 1066
f 649 3156 3164 1494
f 3156 1067 3161 3164
f 3164 3161 1066 3163
f 1494 3164 3163 453
f 453 3163 3167 1477
f 3163 1066 3165 3167
f 3167 3165 1069 3166
f 1477 3167 3166 645
f 1066 3160 3169 3165
f 3160 517 2475 3169
f 3169 2475 915 3168
f 3165 3169 3168 1069
f 1069 3168 3172 3171
f 3168 915 2483 3172
f 3172 2483 518 3170
f 3171 3172 3170 1068
f 645 3166 3174 1480
f 3166 1069 3171 3174
f 3174 3171 1068 3173
f 1480 3174 3173 454
f 454 3173 3177 1463
f 3173 1068 3175 3177
f 3177 3175 1071 3176
f 1463 3177 3176 641
f 1068 3170 3179 3175
f 3170 518 2487 3179
f 3179 2487 918 3178
f 3175 3179 3178 1071
f 1071 3178 3182 3181
f 3178 918 2495 3182
f 3182 2495 519 3180
f 3181 3182 3180 1070
f 641 3176 3184 1466
f 3176 1071 3181 3184
f 3184 3181 1070 3183
f 1466 3184 3183 455
f 455 3183 3187 1449
f 3183 1070 3185 3187
f 3187 3185 1073 3186
f 1449 3187 3186 637
f 1070 3180 3189 3185
f 3180 519 2499 3189
f 3189 2499 921 3188
f 3185 3189 3188 1073
f 1073 3188 3192 3191
f 3188 921 2507 3192
f 3192 2507 520 3190
f 3191 3192 3190 1072
f 637 3186 3194 1452
f 3186 1073 3191 3194
f 3194 3191 1072 3193
f 1452 3194 3193 456
f 456 3193 3197 1435
f 3193 1072 3195 3197
f 3197 3195 1075 3196
f 1435 3197 3196 633
f 1072 3190 3199 3195
f 3190 520 2511 3199
f 3199 2511 924 3198
f 3195 3199 3198 1075
f 1075 3198 3202 3201
f 3198 924 2519 3202
f 3202 2519 521 3200
f 3201 3202 3200 1074
f 633 3196 3204 1438
f 3196 1075 3201 3204
f 3204 3201 1074 3203
f 1438 3204 3203 457
f 457 3203 3207 1421
f 3203 1074 3205 3207
f 3207 3205 1077 3206
f 1421 3207 3206 629
f 1074 3200 3209 3205
f 3200 521 2523 3209
f 3209 2523 927 3208
f 3205 3209 3208 1077
f 1077 3208 3212 3211
f 3208 927 2531 3212
f 3212 2531 522 3210
f 3211 3212 3210 1076
f 629 3206 3214 1424
f 3206 1077 3211 3214
f 3214 3211 1076 3213
f 1424 3214 3213 458
f 458 3213 3217 1407
f 3213 1076 3215 3217
f 3217 3215 1079 3216
f 1407 3217 3216 625
f 1076 3210 3219 3215
f 3210 522 2535 3219
f 3219 2535 930 3218
f 3215 3219 3218 1079
f 1079 3218 3222 3221
f 3218 930 2543 3222
f 3222 2543 523 3220
f 3221 3222 3220 1078
f 625 3216 3224 1410
f 3216 1079 3221 3224
f 3224 3221 1078 3223
f 1410 3224 3223 459
f 459 3223 3227 1393
f 3223 1078 3225 3227
f 3227 3225 1081 3226
f 1393 3227 3226 621
f 1078 3220 3229 3225
f 3220 523 2547 3229
f 3229 2547 933 3228
f 3225 3229 3228 1081
f 1081 3228 3232 3231
f 3228 933 2555 3232
f 3232 2555 524 3230
f 3231 3232 3230 1080
f 621 3226 3234 1396
f 3226 1081 3231 3234
f 3234 3231 1080 3233
f 1396 3234 3233 460
f 460 3233 3237 1379
f 3233 1080 3235 3237
f 3237 3235 1083 3236
f 1379 3237 3236 617
f 1080 3230 3239 3235
f 3230 524 2559 3239
f 3239 2559 936 3238
f 3235 3239 3238 1083
f 1083 3238 3242 3241
f 3238 936 2567 3242
f 3242 2567 525 3240
f 3241 3242 3240 1082
f 617 3236 3244 1382
f 3236 1083 3241 3244
f 3244 3241 1082 3243
f 1382 3244 3243 461
f 461 3243 3247 1365
f 3243 1082 3245 3247
f 3247 3245 1085 3246
f 1365 3247 3246 613
f 1082 3240 3249 3245
f 3240 525 2571 3249
f 3249 2571 939 3248
f 3245 3249 3248 1085
f 1085 3248 3252 3251
f 3248 939 2579 3252
f 3252 2579 526 3250
f 3251 3252 3250 1084
f 613 3246 3254 1368
f 3246 1085 3251 3254
f 3254 3251 1084 3253
f 1368 3254 3253 462
f 462 3253 3257 1351
f 3253 1084 3255 3257
f 3257 3255 1087 3256
f 1351 3257 3256 609
f 1084 3250 3259 3255
f 3250 526 2583 3259
f 3259 2583 942 3258
f 3255 3259 3258 1087
f 1087 3258 3262 3261
f 3258 942 2591 3262
f 3262 2591 527 3260
f 3261 3262 3260 1086
f 609 3256 3264 1354
f 3256 1087 3261 3264
f 3264 3261 1086 3263
f 1354 3264 3263 463
f 463 3263 3267 1337
f 3263 1086 3265 3267
f 3267 3265 1089 3266
f 1337 3267 3266 605
f 1086 3260 3269 3265
f 3260 527 2595 3269
f 3269 2595 945 3268
f 3265 3269 3268 1089
f 1089 3268 3272 3271
f 3268 945 2603 3272
f 3272 2603 528 3270
f 3271 3272 3270 1088
f 605 3266 3274 1340
f 3266 1089 3271 3274
f 3274 3271 1088 3273
f 1340 3274 3273 464
f 464 3273 3277 1323
f 3273 1088 3275 3277
f 3277 3275 1091 3276
f 1323 3277 3276 601
f 1088 3270 3279 3275
f 3270 528 2607 3279
f 3279 2607 948 3278
f 3275 3279 3278 1091
f 1091 3278 3282 3281
f 3278 948 2615 3282
f 3282 2615 529 3280
f 3281 3282 3280 1090
f 601 3276 3284 1326
f 3276 1091 3281 3284
f 3284 3281 1090 3283
f 1326 3284 3283 465
f 465 3283 3287 1309
f 3283 1090 3285 3287
f 3287 3285 1093 3286
f 1309 3287 3286 597
f 1090 3280 3289 3285
f 3280 529 2619 3289
f 3289 2619 951 3288
f 3285 3289 3288 1093
f 1093 3288 3292 3291
f 3288 951 2627 3292
f 3292 2627 530 3290
f 3291 3292 3290 1092
f 597 3286 3294 1312
f 3286 1093 3291 3294
f 3294 3291 1092 3293
f 1312 3294 3293 466
f 466 3293 3297 1295
f 3293 1092 3295 3297
f 3297 3295 1095 3296
f 1295 3297 3296 593
f 1092 3290 3299 3295
f 3290 530 2631 3299
f 3299 2631 954 3298
f 3295 3299 3298 1095
f 1095 3298 3302 3301
f 3298 954 2639 3302
f 3302 2639 531 3300
f 3301 3302 3300 1094
f 593 3296 3304 1298
f 3296 1095 3301 3304
f 3304 3301 1094 3303
f 1298 3304 3303 467
f 467 3303 3307 1281
f 3303 1094 3305 3307
f 3307 3305 1097 3306
f 1281 3307 3306 589
f 1094 3300 3309 3305
f 3300 531 2643 3309
f 3309 2643 957 3308
f 3305 3309 3308 1097
f 1097 3308 3312 3311
f 3308 957 2651 3312
f 3312 2651 532 3310
f 3311 3312 3310 1096
f 589 3306 3314 1284
f 3306 1097 3311 3314
f 3314 3311 1096 3313
f 1284 3314 3313 468
f 468 3313 3317 1267
f 3313 1096 3315 3317
f 3317 3315 1099 3316
f 1267 3317 3316 585
f 1096 3310 3319 3315
f 3310 532 2655 3319
f 3319 2655 960 3318
f 3315 3319 3318 1099
f 1099 3318 3322 3321
f 3318 960 2663 3322
f 3322 2663 533 3320
f 3321 3322 3320 1098
f 585 3316 3324 1270
f 3316 1099 3321 3324
f 3324 3321 1098 3323
f 1270 3324 3323 469
f 469 3323 3327 1253
f 3323 1098 3325 3327
f 3327 3325 1101 3326
f 1253 3327 3326 581
f 1098 3320 3329 3325
f 3320 533 2667 3329
f 3329 2667 963 3328
f 3325 3329 3328 1101
f 1101 3328 3332 3331
f 3328 963 2675 3332
f 3332 2675 534 3330
f 3331 3332 3330 1100
f 581 3326 3334 1256
f 3326 1101 3331 3334
f 3334 3331 1100 3333
f 1256 3334 3333 470
f 470 3333 3337 1239
f 3333 1100 3335 3337
f 3337 3335 1103 3336
f 1239 3337 3336 577
f 1100 3330 3339 3335
f 3330 534 2679 3339
f 3339 2679 966 3338
f 3335 3339 3338 1103
f 1103 3338 3342 3341
f 3338 966 2687 3342
f 3342 2687 535 3340
f 3341 3342 3340 1102
f 577 3336 3344 1242
f 3336 1103 3341 3344
f 3344 3341 1102 3343
f 1242 3344 3343 471
f 471 3343 3347 1225
f 3343 1102 3345 3347
f 3347 3345 1105 3346
f 1225 3347 3346 573
f 1102 3340 3349 3345
f 3340 535 2691 3349
f 3349 2691 969 3348
f 3345 3349 3348 1105
f 1105 3348 3352 3351
f 3348 969 2699 3352
f 3352 2699 536 3350
f 3351 3352 3350 1104
f 573 3346 3354 1228
f 3346 1105 3351 3354
f 3354 3351 1104 3353
f 1228 3354 3353 472
f 472 3353 3357 1211
f 3353 1104 3355 3357
f 3357 3355 1107 3356
f 1211 3357 3356 569
f 1104 3350 3359 3355
f 3350 536 2703 3359
f 3359 2703 972 3358
f 3355 3359 3358 1107
f 1107 3358 3362 3361
f 3358 972 2711 3362
f 3362 2711 537 3360
f 3361 3362 3360 1106
f 569 3356 3364 1214
f 3356 1107 3361 3364
f 3364 3361 1106 3363
f 1214 3364 3363 473
f 473 3363 3367 1197
f 3363 1106 3365 3367
f 3367 3365 1109 3366
f 1197 3367 3366 565
f 1106 3360 3369 3365
f 3360 537 2715 3369
f 3369 2715 975 3368
f 3365 3369 3368 1109
f 1109 3368 3372 3371
f 3368 975 2723 3372
f 3372 2723 538 3370
f 3371 3372 3370 1108
f 565 3366 3374 1200
f 3366 1109 3371 3374
f 3374 3371 1108 3373
f 1200 3374 3373 474
f 474 3373 3377 1183
f 3373 1108 3375 3377
f 3377 3375 1111 3376
f 1183 3377 3376 561
f 1108 3370 3379 3375
f 3370 538 2727 3379
f 3379 2727 978 3378
f 3375 3379 3378 1111
f 1111 3378 3382 3381
f 3378 978 2735 3382
f 3382 2735 539 3380
f 3381 3382 3380 1110
f 561 3376 3384 1186
f 3376 1111 3381 3384
f 3384 3381 1110 3383
f 1186 3384 3383 475
f 475 3383 3387 1169
f 3383 1110 3385 3387
f 3387 3385 1113 3386
f 1169 3387 3386 557
f 1110 3380 3389 3385
f 3380 539 2739 3389
f 3389 2739 981 3388
f 3385 3389 3388 1113
f 1113 3388 3392 3391
f 3388 981 2747 3392
f 3392 2747 540 3390
f 3391 3392 3390 1112
f 557 3386 3394 1172
f 3386 1113 3391 3394
f 3394 3391 1112 3393
f 1172 3394 3393 476
f 476 3393 3397 1155
f 3393 1112 3395 3397
f 3397 3395 1115 3396
f 1155 3397 3396 553
f 1112 3390 3399 3395
f 3390 540 2751 3399
f 3399 2751 984 3398
f 3395 3399 3398 1115
f 1115 3398 3402 3401
f 3398 984 2759 3402
f 3402 2759 541 3400
f 3401 3402 3400 1114
f 553 3396 3404 1158
f 3396 1115 3401 3404
f 3404 3401 1114 3403
f 1158 3404 3403 477
f 477 3403 3407 1141
f 3403 1114 3405 3407
f 3407 3405 1117 3406
f 1141 3407 3406 549
f 1114 3400 3409 3405
f 3400 541 2763 3409
f 3409 2763 987 3408
f 3405 3409 3408 1117
f 1117 3408 3412 3411
f 3408 987 2771 3412
f 3412 2771 542 3410
f 3411 3412 3410 1116
f 549 3406 3414 1144
f 3406 1117 3411 3414
f 3414 3411 1116 3413
f 1144 3414 3413 478
f 478 3413 3417 1125
f 3413 1116 3415 3417
f 3417 3415 1118 3416
f 1125 3417 3416 544
f 1116 3410 3419 3415
f 3410 542 2775 3419
f 3419 2775 989 3418
f 3415 3419 3418 1118
f 1118 3418 3421 3420
f 3418 989 2781 3421
f 3421 2781 479 2787
f 3420 3421 2787 991
f 544 3416 3422 1128
f 3416 1118 3420 3422
f 3422 3420 991 2783
f 1128 3422 2783 415
g Group23431
f 3458 3553 3440 3423
f 3457 3951 3952 3460
f 3460 3952 3953 3459
f 3439 3456 3553 3458
f 3463 3550 3455 3438
f 3437 3454 3550 3463
f 3466 3547 3454 3437
f 3436 3453 3547 3466
f 3469 3544 3453 3436
f 3435 3452 3544 3469
f 3472 3541 3452 3435
f 3434 3451 3541 3472
f 3475 3538 3451 3434
f 3433 3450 3538 3475
f 3478 3535 3450 3433
f 3481 3532 3449 3432
f 3431 3448 3532 3481
f 3484 3529 3448 3431
f 3430 3447 3529 3484
f 3462 3954 3955 3464
f 3464 3955 3956 3461
f 3465 3957 3958 3467
f 3467 3958 3954 3462
f 3487 3526 3447 3430
f 3429 3446 3526 3487
f 3468 3959 3960 3470
f 3470 3960 3957 3465
f 3471 3961 3962 3473
f 3473 3962 3959 3468
f 3490 3523 3446 3429
f 3428 3445 3523 3490
f 3474 3963 3964 3476
f 3476 3964 3961 3471
f 3477 3965 3966 3479
f 3479 3966 3963 3474
f 3493 3520 3445 3428
f 3427 3444 3520 3493
f 3480 3967 3968 3482
f 3482 3968 3965 3477
f 3483 3969 3970 3485
f 3485 3970 3967 3480
f 3496 3517 3444 3427
f 3426 3443 3517 3496
f 3486 3971 3972 3488
f 3488 3972 3969 3483
f 3489 3973 3974 3491
f 3491 3974 3971 3486
f 3499 3514 3443 3426
f 3425 3442 3514 3499
f 3492 3975 3976 3494
f 3494 3976 3973 3489
f 3495 3977 3978 3497
f 3497 3978 3975 3492
f 3502 3511 3442 3425
f 3424 3441 3511 3502
f 3498 3979 3980 3500
f 3500 3980 3977 3495
f 3501 3981 3982 3503
f 3503 3982 3979 3498
f 3504 3508 3441 3424
f 3423 3440 3508 3504
f 3459 3953 3983 3505
f 3505 3983 3981 3501
f 3440 3984 3985 3508
f 3506 3459 3505 3509
f 3509 3505 3501 3507
f 3508 3985 3986 3441
f 3441 3986 3987 3511
f 3507 3501 3503 3512
f 3512 3503 3498 3510
f 3511 3987 3988 3442
f 3442 3988 3989 3514
f 3510 3498 3500 3515
f 3515 3500 3495 3513
f 3514 3989 3990 3443
f 3443 3990 3991 3517
f 3513 3495 3497 3518
f 3518 3497 3492 3516
f 3517 3991 3992 3444
f 3444 3992 3993 3520
f 3516 3492 3494 3521
f 3521 3494 3489 3519
f 3520 3993 3994 3445
f 3445 3994 3995 3523
f 3519 3489 3491 3524
f 3524 3491 3486 3522
f 3523 3995 3996 3446
f 3446 3996 3997 3526
f 3522 3486 3488 3527
f 3527 3488 3483 3525
f 3526 3997 3998 3447
f 3447 3998 3999 3529
f 3525 3483 3485 3530
f 3530 3485 3480 3528
f 3529 3999 4000 3448
f 3448 4000 4001 3532
f 3528 3480 3482 3533
f 3533 3482 3477 3531
f 3532 4001 4002 3449
f 3449 4002 4003 3535
f 3531 3477 3479 3536
f 3536 3479 3474 3534
f 3535 4003 4004 3450
f 3450 4004 4005 3538
f 3534 3474 3476 3539
f 3539 3476 3471 3537
f 3538 4005 4006 3451
f 3451 4006 4007 3541
f 3537 3471 3473 3542
f 3542 3473 3468 3540
f 3541 4007 4008 3452
f 3452 4008 4009 3544
f 3540 3468 3470 3545
f 3545 3470 3465 3543
f 3544 4009 4010 3453
f 3453 4010 4011 3547
f 3543 3465 3467 3548
f 3548 3467 3462 3546
f 3547 4011 4012 3454
f 3454 4012 4013 3550
f 3546 3462 3464 3551
f 3551 3464 3461 3549
f 3550 4013 4014 3455
f 3456 4015 4016 3553
f 3552 3457 3460 3554
f 3554 3460 3459 3506
f 3553 4016 3984 3440
f 3552 4015 3951 3457
f 3590 3685 3572 3555
f 3589 4017 4018 3592
f 3592 4018 4019 3591
f 3571 3588 3685 3590
f 3595 3682 3587 3570
f 3569 3586 3682 3595
f 3598 3679 3586 3569
f 3568 3585 3679 3598
f 3601 3676 3585 3568
f 3567 3584 3676 3601
f 3604 3673 3584 3567
f 3566 3583 3673 3604
f 3607 3670 3583 3566
f 3565 3582 3670 3607
f 3610 3667 3582 3565
f 3613 3664 3581 3564
f 3563 3580 3664 3613
f 3616 3661 3580 3563
f 3562 3579 3661 3616
f 3594 4020 4021 3596
f 3596 4021 4022 3593
f 3597 4023 4024 3599
f 3599 4024 4020 3594
f 3619 3658 3579 3562
f 3561 3578 3658 3619
f 3600 4025 4026 3602
f 3602 4026 4023 3597
f 3603 4027 4028 3605
f 3605 4028 4025 3600
f 3622 3655 3578 3561
f 3560 3577 3655 3622
f 3606 4029 4030 3608
f 3608 4030 4027 3603
f 3609 4031 4032 3611
f 3611 4032 4029 3606
f 3625 3652 3577 3560
f 3559 3576 3652 3625
f 3612 4033 4034 3614
f 3614 4034 4031 3609
f 3615 4035 4036 3617
f 3617 4036 4033 3612
f 3628 3649 3576 3559
f 3558 3575 3649 3628
f 3618 4037 4038 3620
f 3620 4038 4035 3615
f 3621 4039 4040 3623
f 3623 4040 4037 3618
f 3631 3646 3575 3558
f 3557 3574 3646 3631
f 3624 4041 4042 3626
f 3626 4042 4039 3621
f 3627 4043 4044 3629
f 3629 4044 4041 3624
f 3634 3643 3574 3557
f 3556 3573 3643 3634
f 3630 4045 4046 3632
f 3632 4046 4043 3627
f 3633 4047 4048 3635
f 3635 4048 4045 3630
f 3636 3640 3573 3556
f 3555 3572 3640 3636
f 3591 4019 4049 3637
f 3637 4049 4047 3633
f 3572 4050 4051 3640
f 3638 3591 3637 3641
f 3641 3637 3633 3639
f 3640 4051 4052 3573
f 3573 4052 4053 3643
f 3639 3633 3635 3644
f 3644 3635 3630 3642
f 3643 4053 4054 3574
f 3574 4054 4055 3646
f 3642 3630 3632 3647
f 3647 3632 3627 3645
f 3646 4055 4056 3575
f 3575 4056 4057 3649
f 3645 3627 3629 3650
f 3650 3629 3624 3648
f 3649 4057 4058 3576
f 3576 4058 4059 3652
f 3648 3624 3626 3653
f 3653 3626 3621 3651
f 3652 4059 4060 3577
f 3577 4060 4061 3655
f 3651 3621 3623 3656
f 3656 3623 3618 3654
f 3655 4061 4062 3578
f 3578 4062 4063 3658
f 3654 3618 3620 3659
f 3659 3620 3615 3657
f 3658 4063 4064 3579
f 3579 4064 4065 3661
f 3657 3615 3617 3662
f 3662 3617 3612 3660
f 3661 4065 4066 3580
f 3580 4066 4067 3664
f 3660 3612 3614 3665
f 3665 3614 3609 3663
f 3664 4067 4068 3581
f 3581 4068 4069 3667
f 3663 3609 3611 3668
f 3668 3611 3606 3666
f 3667 4069 4070 3582
f 3582 4070 4071 3670
f 3666 3606 3608 3671
f 3671 3608 3603 3669
f 3670 4071 4072 3583
f 3583 4072 4073 3673
f 3669 3603 3605 3674
f 3674 3605 3600 3672
f 3673 4073 4074 3584
f 3584 4074 4075 3676
f 3672 3600 3602 3677
f 3677 3602 3597 3675
f 3676 4075 4076 3585
f 3585 4076 4077 3679
f 3675 3597 3599 3680
f 3680 3599 3594 3678
f 3679 4077 4078 3586
f 3586 4078 4079 3682
f 3678 3594 3596 3683
f 3683 3596 3593 3681
f 3682 4079 4080 3587
f 3588 4081 4082 3685
f 3684 3589 3592 3686
f 3686 3592 3591 3638
f 3685 4082 4050 3572
f 3684 4081 4017 3589
f 3722 3817 3704 3687
f 3721 4083 4084 3724
f 3724 4084 4085 3723
f 3703 3720 3817 3722
f 3727 3814 3719 3702
f 3701 3718 3814 3727
f 3730 3811 3718 3701
f 3700 3717 3811 3730
f 3733 3808 3717 3700
f 3699 3716 3808 3733
f 3736 3805 3716 3699
f 3698 3715 3805 3736
f 3739 3802 3715 3698
f 3697 3714 3802 3739
f 3742 3799 3714 3697
f 3696 3713 3799 3742
f 3745 3796 3713 3696
f 3695 3712 3796 3745
f 3748 3793 3712 3695
f 3694 3711 3793 3748
f 3726 4086 4087 3728
f 3728 4087 4088 3725
f 3729 4089 4090 3731
f 3731 4090 4086 3726
f 3751 3790 3711 3694
f 3693 3710 3790 3751
f 3732 4091 4092 3734
f 3734 4092 4089 3729
f 3735 4093 4094 3737
f 3737 4094 4091 3732
f 3754 3787 3710 3693
f 3692 3709 3787 3754
f 3738 4095 4096 3740
f 3740 4096 4093 3735
f 3741 4097 4098 3743
f 3743 4098 4095 3738
f 3691 3708 3784 3757
f 3744 4099 4100 3746
f 3746 4100 4097 3741
f 3747 4101 4102 3749
f 3749 4102 4099 3744
f 3760 3781 3708 3691
f 3690 3707 3781 3760
f 3750 4103 4104 3752
f 3752 4104 4101 3747
f 3753 4105 4106 3755
f 3755 4106 4103 3750
f 3763 3778 3707 3690
f 3689 3706 3778 3763
f 3756 4107 4108 3758
f 3758 4108 4105 3753
f 3759 4109 4110 3761
f 3761 4110 4107 3756
f 3766 3775 3706 3689
f 3688 3705 3775 3766
f 3762 4111 4112 3764
f 3764 4112 4109 3759
f 3765 4113 4114 3767
f 3767 4114 4111 3762
f 3768 3772 3705 3688
f 3687 3704 3772 3768
f 3723 4085 4115 3769
f 3769 4115 4113 3765
f 3704 4116 4117 3772
f 3770 3723 3769 3773
f 3773 3769 3765 3771
f 3772 4117 4118 3705
f 3705 4118 4119 3775
f 3771 3765 3767 3776
f 3776 3767 3762 3774
f 3775 4119 4120 3706
f 3706 4120 4121 3778
f 3774 3762 3764 3779
f 3779 3764 3759 3777
f 3778 4121 4122 3707
f 3707 4122 4123 3781
f 3777 3759 3761 3782
f 3782 3761 3756 3780
f 3781 4123 4124 3708
f 3708 4124 4125 3784
f 3780 3756 3758 3785
f 3785 3758 3753 3783
f 3784 4125 4126 3709
f 3709 4126 4127 3787
f 3783 3753 3755 3788
f 3788 3755 3750 3786
f 3787 4127 4128 3710
f 3710 4128 4129 3790
f 3786 3750 3752 3791
f 3791 3752 3747 3789
f 3790 4129 4130 3711
f 3711 4130 4131 3793
f 3789 3747 3749 3794
f 3794 3749 3744 3792
f 3793 4131 4132 3712
f 3712 4132 4133 3796
f 3792 3744 3746 3797
f 3797 3746 3741 3795
f 3796 4133 4134 3713
f 3713 4134 4135 3799
f 3795 3741 3743 3800
f 3800 3743 3738 3798
f 3799 4135 4136 3714
f 3714 4136 4137 3802
f 3798 3738 3740 3803
f 3803 3740 3735 3801
f 3802 4137 4138 3715
f 3715 4138 4139 3805
f 3801 3735 3737 3806
f 3806 3737 3732 3804
f 3805 4139 4140 3716
f 3716 4140 4141 3808
f 3804 3732 3734 3809
f 3809 3734 3729 3807
f 3808 4141 4142 3717
f 3717 4142 4143 3811
f 3807 3729 3731 3812
f 3812 3731 3726 3810
f 3811 4143 4144 3718
f 3718 4144 4145 3814
f 3810 3726 3728 3815
f 3815 3728 3725 3813
f 3814 4145 4146 3719
f 3720 4147 4148 3817
f 3816 3721 3724 3818
f 3818 3724 3723 3770
f 3817 4148 4116 3704
f 3816 4147 4083 3721
f 3854 3819 3836 3949
f 3853 3856 4149 4150
f 3856 3855 4151 4149
f 3835 3854 3949 3852
f 3859 3834 3851 3946
f 3833 3859 3946 3850
f 3862 3833 3850 3943
f 3832 3862 3943 3849
f 3865 3832 3849 3940
f 3831 3865 3940 3848
f 3868 3831 3848 3937
f 3830 3868 3937 3847
f 3871 3830 3847 3934
f 3829 3871 3934 3846
f 3874 3829 3846 3931
f 3828 3874 3931 3845
f 3877 3828 3845 3928
f 3827 3877 3928 3844
f 3880 3827 3844 3925
f 3826 3880 3925 3843
f 3858 3860 4152 4153
f 3860 3857 4154 4152
f 3861 3863 4155 4156
f 3863 3858 4153 4155
f 3883 3826 3843 3922
f 3825 3883 3922 3842
f 3864 3866 4157 4158
f 3866 3861 4156 4157
f 3867 3869 4159 4160
f 3869 3864 4158 4159
f 3886 3825 3842 3919
f 3824 3886 3919 3841
f 3870 3872 4161 4162
f 3872 3867 4160 4161
f 3873 3875 4163 4164
f 3875 3870 4162 4163
f 3823 3889 3916 3840
f 3876 3878 4165 4166
f 3878 3873 4164 4165
f 3879 3881 4167 4168
f 3881 3876 4166 4167
f 3892 3823 3840 3913
f 3822 3892 3913 3839
f 3882 3884 4169 4170
f 3884 3879 4168 4169
f 3885 3887 4171 4172
f 3887 3882 4170 4171
f 3895 3822 3839 3910
f 3821 3895 3910 3838
f 3888 3890 4173 4174
f 3890 3885 4172 4173
f 3891 3893 4175 4176
f 3893 3888 4174 4175
f 3898 3821 3838 3907
f 3820 3898 3907 3837
f 3894 3896 4177 4178
f 3896 3891 4176 4177
f 3897 3899 4179 4180
f 3899 3894 4178 4179
f 3900 3820 3837 3904
f 3819 3900 3904 3836
f 3855 3901 4181 4151
f 3901 3897 4180 4181
f 3836 3904 4182 4183
f 3902 3905 3901 3855
f 3905 3903 3897 3901
f 3904 3837 4184 4182
f 3837 3907 4185 4184
f 3903 3908 3899 3897
f 3908 3906 3894 3899
f 3907 3838 4186 4185
f 3838 3910 4187 4186
f 3906 3911 3896 3894
f 3911 3909 3891 3896
f 3910 3839 4188 4187
f 3839 3913 4189 4188
f 3909 3914 3893 3891
f 3914 3912 3888 3893
f 3913 3840 4190 4189
f 3840 3916 4191 4190
f 3912 3917 3890 3888
f 3917 3915 3885 3890
f 3916 3841 4192 4191
f 3841 3919 4193 4192
f 3915 3920 3887 3885
f 3920 3918 3882 3887
f 3919 3842 4194 4193
f 3842 3922 4195 4194
f 3918 3923 3884 3882
f 3923 3921 3879 3884
f 3922 3843 4196 4195
f 3843 3925 4197 4196
f 3921 3926 3881 3879
f 3926 3924 3876 3881
f 3925 3844 4198 4197
f 3844 3928 4199 4198
f 3924 3929 3878 3876
f 3929 3927 3873 3878
f 3928 3845 4200 4199
f 3845 3931 4201 4200
f 3927 3932 3875 3873
f 3932 3930 3870 3875
f 3931 3846 4202 4201
f 3846 3934 4203 4202
f 3930 3935 3872 3870
f 3935 3933 3867 3872
f 3934 3847 4204 4203
f 3847 3937 4205 4204
f 3933 3938 3869 3867
f 3938 3936 3864 3869
f 3937 3848 4206 4205
f 3848 3940 4207 4206
f 3936 3941 3866 3864
f 3941 3939 3861 3866
f 3940 3849 4208 4207
f 3849 3943 4209 4208
f 3939 3944 3863 3861
f 3944 3942 3858 3863
f 3943 3850 4210 4209
f 3850 3946 4211 4210
f 3942 3947 3860 3858
f 3947 3945 3857 3860
f 3946 3851 4212 4211
f 3852 3949 4213 4214
f 3948 3950 3856 3853
f 3950 3902 3855 3856
f 3949 3836 4183 4213
f 3948 3853 4150 4214
f 3951 3439 3458 3952
f 3952 3458 3423 3953
f 3954 3437 3463 3955
f 3955 3463 3438 3956
f 3957 3436 3466 3958
f 3958 3466 3437 3954
f 3959 3435 3469 3960
f 3960 3469 3436 3957
f 3961 3434 3472 3962
f 3962 3472 3435 3959
f 3963 3433 3475 3964
f 3964 3475 3434 3961
f 3965 3432 3478 3966
f 3966 3478 3433 3963
f 3967 3431 3481 3968
f 3968 3481 3432 3965
f 3969 3430 3484 3970
f 3970 3484 3431 3967
f 3971 3429 3487 3972
f 3972 3487 3430 3969
f 3973 3428 3490 3974
f 3974 3490 3429 3971
f 3975 3427 3493 3976
f 3976 3493 3428 3973
f 3977 3426 3496 3978
f 3978 3496 3427 3975
f 3979 3425 3499 3980
f 3980 3499 3426 3977
f 3981 3424 3502 3982
f 3982 3502 3425 3979
f 3953 3423 3504 3983
f 3983 3504 3424 3981
f 3984 3506 3509 3985
f 3985 3509 3507 3986
f 3986 3507 3512 3987
f 3987 3512 3510 3988
f 3988 3510 3515 3989
f 3989 3515 3513 3990
f 3990 3513 3518 3991
f 3991 3518 3516 3992
f 3992 3516 3521 3993
f 3993 3521 3519 3994
f 3994 3519 3524 3995
f 3995 3524 3522 3996
f 3996 3522 3527 3997
f 3997 3527 3525 3998
f 3998 3525 3530 3999
f 3999 3530 3528 4000
f 4000 3528 3533 4001
f 4001 3533 3531 4002
f 4002 3531 3536 4003
f 4003 3536 3534 4004
f 4004 3534 3539 4005
f 4005 3539 3537 4006
f 4006 3537 3542 4007
f 4007 3542 3540 4008
f 4008 3540 3545 4009
f 4009 3545 3543 4010
f 4010 3543 3548 4011
f 4011 3548 3546 4012
f 4012 3546 3551 4013
f 4013 3551 3549 4014
f 4015 3552 3554 4016
f 4016 3554 3506 3984
f 4014 3549 3461 3956
f 4017 3571 3590 4018
f 4018 3590 3555 4019
f 4020 3569 3595 4021
f 4021 3595 3570 4022
f 4023 3568 3598 4024
f 4024 3598 3569 4020
f 4025 3567 3601 4026
f 4026 3601 3568 4023
f 4027 3566 3604 4028
f 4028 3604 3567 4025
f 4029 3565 3607 4030
f 4030 3607 3566 4027
f 4031 3564 3610 4032
f 4032 3610 3565 4029
f 4033 3563 3613 4034
f 4034 3613 3564 4031
f 4035 3562 3616 4036
f 4036 3616 3563 4033
f 4037 3561 3619 4038
f 4038 3619 3562 4035
f 4039 3560 3622 4040
f 4040 3622 3561 4037
f 4041 3559 3625 4042
f 4042 3625 3560 4039
f 4043 3558 3628 4044
f 4044 3628 3559 4041
f 4045 3557 3631 4046
f 4046 3631 3558 4043
f 4047 3556 3634 4048
f 4048 3634 3557 4045
f 4019 3555 3636 4049
f 4049 3636 3556 4047
f 4050 3638 3641 4051
f 4051 3641 3639 4052
f 4052 3639 3644 4053
f 4053 3644 3642 4054
f 4054 3642 3647 4055
f 4055 3647 3645 4056
f 4056 3645 3650 4057
f 4057 3650 3648 4058
f 4058 3648 3653 4059
f 4059 3653 3651 4060
f 4060 3651 3656 4061
f 4061 3656 3654 4062
f 4062 3654 3659 4063
f 4063 3659 3657 4064
f 4064 3657 3662 4065
f 4065 3662 3660 4066
f 4066 3660 3665 4067
f 4067 3665 3663 4068
f 4068 3663 3668 4069
f 4069 3668 3666 4070
f 4070 3666 3671 4071
f 4071 3671 3669 4072
f 4072 3669 3674 4073
f 4073 3674 3672 4074
f 4074 3672 3677 4075
f 4075 3677 3675 4076
f 4076 3675 3680 4077
f 4077 3680 3678 4078
f 4078 3678 3683 4079
f 4079 3683 3681 4080
f 4081 3684 3686 4082
f 4082 3686 3638 4050
f 4080 3681 3593 4022
f 4083 3703 3722 4084
f 4084 3722 3687 4085
f 4086 3701 3727 4087
f 4087 3727 3702 4088
f 4089 3700 3730 4090
f 4090 3730 3701 4086
f 4091 3699 3733 4092
f 4092 3733 3700 4089
f 4093 3698 3736 4094
f 4094 3736 3699 4091
f 4095 3697 3739 4096
f 4096 3739 3698 4093
f 4097 3696 3742 4098
f 4098 3742 3697 4095
f 4099 3695 3745 4100
f 4100 3745 3696 4097
f 4101 3694 3748 4102
f 4102 3748 3695 4099
f 4103 3693 3751 4104
f 4104 3751 3694 4101
f 4105 3692 3754 4106
f 4106 3754 3693 4103
f 4107 3691 3757 4108
f 4108 3757 3692 4105
f 4109 3690 3760 4110
f 4110 3760 3691 4107
f 4111 3689 3763 4112
f 4112 3763 3690 4109
f 4113 3688 3766 4114
f 4114 3766 3689 4111
f 4085 3687 3768 4115
f 4115 3768 3688 4113
f 4116 3770 3773 4117
f 4117 3773 3771 4118
f 4118 3771 3776 4119
f 4119 3776 3774 4120
f 4120 3774 3779 4121
f 4121 3779 3777 4122
f 4122 3777 3782 4123
f 4123 3782 3780 4124
f 4124 3780 3785 4125
f 4125 3785 3783 4126
f 4126 3783 3788 4127
f 4127 3788 3786 4128
f 4128 3786 3791 4129
f 4129 3791 3789 4130
f 4130 3789 3794 4131
f 4131 3794 3792 4132
f 4132 3792 3797 4133
f 4133 3797 3795 4134
f 4134 3795 3800 4135
f 4135 3800 3798 4136
f 4136 3798 3803 4137
f 4137 3803 3801 4138
f 4138 3801 3806 4139
f 4139 3806 3804 4140
f 4140 3804 3809 4141
f 4141 3809 3807 4142
f 4142 3807 3812 4143
f 4143 3812 3810 4144
f 4144 3810 3815 4145
f 4145 3815 3813 4146
f 4147 3816 3818 4148
f 4148 3818 3770 4116
f 4146 3813 3725 4088
f 4150 4149 3854 3835
f 4149 4151 3819 3854
f 4153 4152 3859 3833
f 4152 4154 3834 3859
f 4156 4155 3862 3832
f 4155 4153 3833 3862
f 4158 4157 3865 3831
f 4157 4156 3832 3865
f 4160 4159 3868 3830
f 4159 4158 3831 3868
f 4162 4161 3871 3829
f 4161 4160 3830 3871
f 4164 4163 3874 3828
f 4163 4162 3829 3874
f 4166 4165 3877 3827
f 4165 4164 3828 3877
f 4168 4167 3880 3826
f 4167 4166 3827 3880
f 4170 4169 3883 3825
f 4169 4168 3826 3883
f 4172 4171 3886 3824
f 4171 4170 3825 3886
f 4174 4173 3889 3823
f 4173 4172 3824 3889
f 4176 4175 3892 3822
f 4175 4174 3823 3892
f 4178 4177 3895 3821
f 4177 4176 3822 3895
f 4180 4179 3898 3820
f 4179 4178 3821 3898
f 4151 4181 3900 3819
f 4181 4180 3820 3900
f 4183 4182 3905 3902
f 4182 4184 3903 3905
f 4184 4185 3908 3903
f 4185 4186 3906 3908
f 4186 4187 3911 3906
f 4187 4188 3909 3911
f 4188 4189 3914 3909
f 4189 4190 3912 3914
f 4190 4191 3917 3912
f 4191 4192 3915 3917
f 4192 4193 3920 3915
f 4193 4194 3918 3920
f 4194 4195 3923 3918
f 4195 4196 3921 3923
f 4196 4197 3926 3921
f 4197 4198 3924 3926
f 4198 4199 3929 3924
f 4199 4200 3927 3929
f 4200 4201 3932 3927
f 4201 4202 3930 3932
f 4202 4203 3935 3930
f 4203 4204 3933 3935
f 4204 4205 3938 3933
f 4205 4206 3936 3938
f 4206 4207 3941 3936
f 4207 4208 3939 3941
f 4208 4209 3944 3939
f 4209 4210 3942 3944
f 4210 4211 3947 3942
f 4211 4212 3945 3947
f 4214 4213 3950 3948
f 4213 4183 3902 3950
f 4212 4154 3857 3945
f 3852 4214 4219 4220
f 3835 3852 4220 4221
f 4150 3835 4221 4222
f 4214 4150 4222 4219
f 4083 4147 4215 4216
f 3703 4083 4216 4217
f 3720 3703 4217 4218
f 4147 3720 4218 4215
f 3951 4015 4227 4228
f 3439 3951 4228 4229
f 3456 3439 4229 4230
f 4015 3456 4230 4227
f 4212 3851 4223 4224
f 4154 4212 4224 4225
f 3834 4154 4225 4226
f 3851 3834 4226 4223
f 4216 4215 4080 4022
f 4217 4216 4022 3570
f 4218 4217 3570 3587
f 4215 4218 3587 4080
f 4220 4219 3956 3438
f 4221 4220 3438 3455
f 4222 4221 3455 4014
f 4219 4222 4014 3956
f 4224 4223 3719 4146
f 4225 4224 4146 4088
f 4226 4225 4088 3702
f 4223 4226 3702 3719
f 4228 4227 4017 4081
f 4229 4228 4081 3588
f 4230 4229 3588 3571
f 4227 4230 3571 4017
f 4266 4361 4248 4231
f 4265 4759 4760 4268
f 4268 4760 4761 4267
f 4247 4264 4361 4266
f 4271 4358 4263 4246
f 4245 4262 4358 4271
f 4274 4355 4262 4245
f 4244 4261 4355 4274
f 4277 4352 4261 4244
f 4243 4260 4352 4277
f 4280 4349 4260 4243
f 4242 4259 4349 4280
f 4283 4346 4259 4242
f 4241 4258 4346 4283
f 4286 4343 4258 4241
f 4240 4257 4343 4286
f 4289 4340 4257 4240
f 4239 4256 4340 4289
f 4292 4337 4256 4239
f 4238 4255 4337 4292
f 4270 4762 4763 4272
f 4272 4763 4764 4269
f 4273 4765 4766 4275
f 4275 4766 4762 4270
f 4295 4334 4255 4238
f 4237 4254 4334 4295
f 4276 4767 4768 4278
f 4278 4768 4765 4273
f 4279 4769 4770 4281
f 4281 4770 4767 4276
f 4298 4331 4254 4237
f 4236 4253 4331 4298
f 4282 4771 4772 4284
f 4284 4772 4769 4279
f 4285 4773 4774 4287
f 4287 4774 4771 4282
f 4301 4328 4253 4236
f 4235 4252 4328 4301
f 4288 4775 4776 4290
f 4290 4776 4773 4285
f 4291 4777 4778 4293
f 4293 4778 4775 4288
f 4304 4325 4252 4235
f 4234 4251 4325 4304
f 4294 4779 4780 4296
f 4296 4780 4777 4291
f 4297 4781 4782 4299
f 4299 4782 4779 4294
f 4307 4322 4251 4234
f 4233 4250 4322 4307
f 4300 4783 4784 4302
f 4302 4784 4781 4297
f 4303 4785 4786 4305
f 4305 4786 4783 4300
f 4310 4319 4250 4233
f 4232 4249 4319 4310
f 4306 4787 4788 4308
f 4308 4788 4785 4303
f 4309 4789 4790 4311
f 4311 4790 4787 4306
f 4312 4316 4249 4232
f 4231 4248 4316 4312
f 4267 4761 4791 4313
f 4313 4791 4789 4309
f 4248 4792 4793 4316
f 4314 4267 4313 4317
f 4317 4313 4309 4315
f 4316 4793 4794 4249
f 4249 4794 4795 4319
f 4315 4309 4311 4320
f 4320 4311 4306 4318
f 4319 4795 4796 4250
f 4250 4796 4797 4322
f 4318 4306 4308 4323
f 4323 4308 4303 4321
f 4322 4797 4798 4251
f 4251 4798 4799 4325
f 4321 4303 4305 4326
f 4326 4305 4300 4324
f 4325 4799 4800 4252
f 4252 4800 4801 4328
f 4324 4300 4302 4329
f 4329 4302 4297 4327
f 4328 4801 4802 4253
f 4253 4802 4803 4331
f 4327 4297 4299 4332
f 4332 4299 4294 4330
f 4331 4803 4804 4254
f 4254 4804 4805 4334
f 4330 4294 4296 4335
f 4335 4296 4291 4333
f 4334 4805 4806 4255
f 4255 4806 4807 4337
f 4333 4291 4293 4338
f 4338 4293 4288 4336
f 4337 4807 4808 4256
f 4256 4808 4809 4340
f 4336 4288 4290 4341
f 4341 4290 4285 4339
f 4340 4809 4810 4257
f 4257 4810 4811 4343
f 4339 4285 4287 4344
f 4344 4287 4282 4342
f 4343 4811 4812 4258
f 4258 4812 4813 4346
f 4342 4282 4284 4347
f 4347 4284 4279 4345
f 4346 4813 4814 4259
f 4259 4814 4815 4349
f 4345 4279 4281 4350
f 4350 4281 4276 4348
f 4349 4815 4816 4260
f 4260 4816 4817 4352
f 4348 4276 4278 4353
f 4353 4278 4273 4351
f 4352 4817 4818 4261
f 4261 4818 4819 4355
f 4351 4273 4275 4356
f 4356 4275 4270 4354
f 4355 4819 4820 4262
f 4262 4820 4821 4358
f 4354 4270 4272 4359
f 4359 4272 4269 4357
f 4358 4821 4822 4263
f 4264 4823 4824 4361
f 4360 4265 4268 4362
f 4362 4268 4267 4314
f 4361 4824 4792 4248
f 4360 4823 4759 4265
f 4398 4493 4380 4363
f 4397 4825 4826 4400
f 4400 4826 4827 4399
f 4379 4396 4493 4398
f 4403 4490 4395 4378
f 4377 4394 4490 4403
f 4406 4487 4394 4377
f 4376 4393 4487 4406
f 4409 4484 4393 4376
f 4375 4392 4484 4409
f 4412 4481 4392 4375
f 4374 4391 4481 4412
f 4415 4478 4391 4374
f 4373 4390 4478 4415
f 4418 4475 4390 4373
f 4372 4389 4475 4418
f 4421 4472 4389 4372
f 4371 4388 4472 4421
f 4424 4469 4388 4371
f 4370 4387 4469 4424
f 4402 4828 4829 4404
f 4404 4829 4830 4401
f 4405 4831 4832 4407
f 4407 4832 4828 4402
f 4427 4466 4387 4370
f 4369 4386 4466 4427
f 4408 4833 4834 4410
f 4410 4834 4831 4405
f 4411 4835 4836 4413
f 4413 4836 4833 4408
f 4430 4463 4386 4369
f 4368 4385 4463 4430
f 4414 4837 4838 4416
f 4416 4838 4835 4411
f 4417 4839 4840 4419
f 4419 4840 4837 4414
f 4433 4460 4385 4368
f 4367 4384 4460 4433
f 4420 4841 4842 4422
f 4422 4842 4839 4417
f 4423 4843 4844 4425
f 4425 4844 4841 4420
f 4436 4457 4384 4367
f 4366 4383 4457 4436
f 4426 4845 4846 4428
f 4428 4846 4843 4423
f 4429 4847 4848 4431
f 4431 4848 4845 4426
f 4439 4454 4383 4366
f 4365 4382 4454 4439
f 4432 4849 4850 4434
f 4434 4850 4847 4429
f 4435 4851 4852 4437
f 4437 4852 4849 4432
f 4442 4451 4382 4365
f 4364 4381 4451 4442
f 4438 4853 4854 4440
f 4440 4854 4851 4435
f 4441 4855 4856 4443
f 4443 4856 4853 4438
f 4444 4448 4381 4364
f 4363 4380 4448 4444
f 4399 4827 4857 4445
f 4445 4857 4855 4441
f 4380 4858 4859 4448
f 4446 4399 4445 4449
f 4448 4859 4860 4381
f 4381 4860 4861 4451
f 4447 4441 4443 4452
f 4452 4443 4438 4450
f 4451 4861 4862 4382
f 4382 4862 4863 4454
f 4450 4438 4440 4455
f 4455 4440 4435 4453
f 4454 4863 4864 4383
f 4383 4864 4865 4457
f 4453 4435 4437 4458
f 4458 4437 4432 4456
f 4457 4865 4866 4384
f 4384 4866 4867 4460
f 4456 4432 4434 4461
f 4461 4434 4429 4459
f 4460 4867 4868 4385
f 4385 4868 4869 4463
f 4459 4429 4431 4464
f 4464 4431 4426 4462
f 4463 4869 4870 4386
f 4386 4870 4871 4466
f 4462 4426 4428 4467
f 4467 4428 4423 4465
f 4466 4871 4872 4387
f 4387 4872 4873 4469
f 4465 4423 4425 4470
f 4470 4425 4420 4468
f 4469 4873 4874 4388
f 4388 4874 4875 4472
f 4468 4420 4422 4473
f 4473 4422 4417 4471
f 4472 4875 4876 4389
f 4389 4876 4877 4475
f 4471 4417 4419 4476
f 4476 4419 4414 4474
f 4475 4877 4878 4390
f 4390 4878 4879 4478
f 4474 4414 4416 4479
f 4479 4416 4411 4477
f 4478 4879 4880 4391
f 4391 4880 4881 4481
f 4477 4411 4413 4482
f 4482 4413 4408 4480
f 4481 4881 4882 4392
f 4392 4882 4883 4484
f 4480 4408 4410 4485
f 4485 4410 4405 4483
f 4484 4883 4884 4393
f 4393 4884 4885 4487
f 4488 4407 4402 4486
f 4487 4885 4886 4394
f 4394 4886 4887 4490
f 4486 4402 4404 4491
f 4491 4404 4401 4489
f 4490 4887 4888 4395
f 4396 4889 4890 4493
f 4492 4397 4400 4494
f 4494 4400 4399 4446
f 4493 4890 4858 4380
f 4492 4889 4825 4397
f 4530 4625 4512 4495
f 4529 4891 4892 4532
f 4532 4892 4893 4531
f 4511 4528 4625 4530
f 4535 4622 4527 4510
f 4509 4526 4622 4535
f 4538 4619 4526 4509
f 4508 4525 4619 4538
f 4541 4616 4525 4508
f 4507 4524 4616 4541
f 4544 4613 4524 4507
f 4506 4523 4613 4544
f 4547 4610 4523 4506
f 4505 4522 4610 4547
f 4550 4607 4522 4505
f 4504 4521 4607 4550
f 4553 4604 4521 4504
f 4503 4520 4604 4553
f 4556 4601 4520 4503
f 4502 4519 4601 4556
f 4534 4894 4895 4536
f 4536 4895 4896 4533
f 4537 4897 4898 4539
f 4539 4898 4894 4534
f 4559 4598 4519 4502
f 4501 4518 4598 4559
f 4540 4899 4900 4542
f 4542 4900 4897 4537
f 4543 4901 4902 4545
f 4545 4902 4899 4540
f 4562 4595 4518 4501
f 4500 4517 4595 4562
f 4546 4903 4904 4548
f 4548 4904 4901 4543
f 4549 4905 4906 4551
f 4551 4906 4903 4546
f 4565 4592 4517 4500
f 4499 4516 4592 4565
f 4552 4907 4908 4554
f 4554 4908 4905 4549
f 4555 4909 4910 4557
f 4557 4910 4907 4552
f 4568 4589 4516 4499
f 4498 4515 4589 4568
f 4558 4911 4912 4560
f 4560 4912 4909 4555
f 4561 4913 4914 4563
f 4563 4914 4911 4558
f 4571 4586 4515 4498
f 4497 4514 4586 4571
f 4564 4915 4916 4566
f 4566 4916 4913 4561
f 4567 4917 4918 4569
f 4569 4918 4915 4564
f 4574 4583 4514 4497
f 4496 4513 4583 4574
f 4570 4919 4920 4572
f 4572 4920 4917 4567
f 4573 4921 4922 4575
f 4575 4922 4919 4570
f 4576 4580 4513 4496
f 4495 4512 4580 4576
f 4531 4893 4923 4577
f 4577 4923 4921 4573
f 4512 4924 4925 4580
f 4578 4531 4577 4581
f 4581 4577 4573 4579
f 4580 4925 4926 4513
f 4513 4926 4927 4583
f 4579 4573 4575 4584
f 4584 4575 4570 4582
f 4583 4927 4928 4514
f 4514 4928 4929 4586
f 4582 4570 4572 4587
f 4587 4572 4567 4585
f 4586 4929 4930 4515
f 4515 4930 4931 4589
f 4585 4567 4569 4590
f 4590 4569 4564 4588
f 4589 4931 4932 4516
f 4516 4932 4933 4592
f 4588 4564 4566 4593
f 4593 4566 4561 4591
f 4592 4933 4934 4517
f 4517 4934 4935 4595
f 4591 4561 4563 4596
f 4596 4563 4558 4594
f 4595 4935 4936 4518
f 4518 4936 4937 4598
f 4594 4558 4560 4599
f 4599 4560 4555 4597
f 4598 4937 4938 4519
f 4519 4938 4939 4601
f 4597 4555 4557 4602
f 4602 4557 4552 4600
f 4601 4939 4940 4520
f 4520 4940 4941 4604
f 4600 4552 4554 4605
f 4605 4554 4549 4603
f 4604 4941 4942 4521
f 4521 4942 4943 4607
f 4603 4549 4551 4608
f 4608 4551 4546 4606
f 4607 4943 4944 4522
f 4522 4944 4945 4610
f 4606 4546 4548 4611
f 4611 4548 4543 4609
f 4610 4945 4946 4523
f 4523 4946 4947 4613
f 4609 4543 4545 4614
f 4614 4545 4540 4612
f 4613 4947 4948 4524
f 4524 4948 4949 4616
f 4612 4540 4542 4617
f 4617 4542 4537 4615
f 4616 4949 4950 4525
f 4525 4950 4951 4619
f 4615 4537 4539 4620
f 4620 4539 4534 4618
f 4619 4951 4952 4526
f 4526 4952 4953 4622
f 4618 4534 4536 4623
f 4623 4536 4533 4621
f 4622 4953 4954 4527
f 4528 4955 4956 4625
f 4624 4529 4532 4626
f 4626 4532 4531 4578
f 4625 4956 4924 4512
f 4624 4955 4891 4529
f 4662 4627 4644 4757
f 4661 4664 4957 4958
f 4664 4663 4959 4957
f 4643 4662 4757 4660
f 4667 4642 4659 4754
f 4641 4667 4754 4658
f 4670 4641 4658 4751
f 4640 4670 4751 4657
f 4673 4640 4657 4748
f 4639 4673 4748 4656
f 4676 4639 4656 4745
f 4638 4676 4745 4655
f 4679 4638 4655 4742
f 4637 4679 4742 4654
f 4682 4637 4654 4739
f 4636 4682 4739 4653
f 4685 4636 4653 4736
f 4635 4685 4736 4652
f 4688 4635 4652 4733
f 4634 4688 4733 4651
f 4666 4668 4960 4961
f 4668 4665 4962 4960
f 4669 4671 4963 4964
f 4671 4666 4961 4963
f 4691 4634 4651 4730
f 4633 4691 4730 4650
f 4672 4674 4965 4966
f 4674 4669 4964 4965
f 4675 4677 4967 4968
f 4677 4672 4966 4967
f 4694 4633 4650 4727
f 4632 4694 4727 4649
f 4678 4680 4969 4970
f 4680 4675 4968 4969
f 4681 4683 4971 4972
f 4683 4678 4970 4971
f 4697 4632 4649 4724
f 4631 4697 4724 4648
f 4684 4686 4973 4974
f 4686 4681 4972 4973
f 4687 4689 4975 4976
f 4689 4684 4974 4975
f 4700 4631 4648 4721
f 4630 4700 4721 4647
f 4690 4692 4977 4978
f 4692 4687 4976 4977
f 4693 4695 4979 4980
f 4695 4690 4978 4979
f 4703 4630 4647 4718
f 4629 4703 4718 4646
f 4696 4698 4981 4982
f 4698 4693 4980 4981
f 4699 4701 4983 4984
f 4701 4696 4982 4983
f 4706 4629 4646 4715
f 4628 4706 4715 4645
f 4702 4704 4985 4986
f 4704 4699 4984 4985
f 4705 4707 4987 4988
f 4707 4702 4986 4987
f 4708 4628 4645 4712
f 4627 4708 4712 4644
f 4663 4709 4989 4959
f 4709 4705 4988 4989
f 4644 4712 4990 4991
f 4710 4713 4709 4663
f 4712 4645 4992 4990
f 4645 4715 4993 4992
f 4711 4716 4707 4705
f 4716 4714 4702 4707
f 4715 4646 4994 4993
f 4646 4718 4995 4994
f 4714 4719 4704 4702
f 4719 4717 4699 4704
f 4718 4647 4996 4995
f 4647 4721 4997 4996
f 4717 4722 4701 4699
f 4722 4720 4696 4701
f 4721 4648 4998 4997
f 4648 4724 4999 4998
f 4720 4725 4698 4696
f 4725 4723 4693 4698
f 4724 4649 5000 4999
f 4649 4727 5001 5000
f 4723 4728 4695 4693
f 4728 4726 4690 4695
f 4727 4650 5002 5001
f 4650 4730 5003 5002
f 4726 4731 4692 4690
f 4731 4729 4687 4692
f 4730 4651 5004 5003
f 4651 4733 5005 5004
f 4729 4734 4689 4687
f 4734 4732 4684 4689
f 4733 4652 5006 5005
f 4652 4736 5007 5006
f 4732 4737 4686 4684
f 4737 4735 4681 4686
f 4736 4653 5008 5007
f 4653 4739 5009 5008
f 4735 4740 4683 4681
f 4740 4738 4678 4683
f 4739 4654 5010 5009
f 4654 4742 5011 5010
f 4738 4743 4680 4678
f 4743 4741 4675 4680
f 4742 4655 5012 5011
f 4655 4745 5013 5012
f 4741 4746 4677 4675
f 4746 4744 4672 4677
f 4745 4656 5014 5013
f 4656 4748 5015 5014
f 4744 4749 4674 4672
f 4749 4747 4669 4674
f 4748 4657 5016 5015
f 4657 4751 5017 5016
f 4752 4750 4666 4671
f 4751 4658 5018 5017
f 4658 4754 5019 5018
f 4750 4755 4668 4666
f 4755 4753 4665 4668
f 4754 4659 5020 5019
f 4660 4757 5021 5022
f 4756 4758 4664 4661
f 4758 4710 4663 4664
f 4757 4644 4991 5021
f 4756 4661 4958 5022
f 4759 4247 4266 4760
f 4760 4266 4231 4761
f 4762 4245 4271 4763
f 4763 4271 4246 4764
f 4765 4244 4274 4766
f 4766 4274 4245 4762
f 4767 4243 4277 4768
f 4768 4277 4244 4765
f 4769 4242 4280 4770
f 4770 4280 4243 4767
f 4771 4241 4283 4772
f 4772 4283 4242 4769
f 4773 4240 4286 4774
f 4774 4286 4241 4771
f 4775 4239 4289 4776
f 4776 4289 4240 4773
f 4777 4238 4292 4778
f 4778 4292 4239 4775
f 4779 4237 4295 4780
f 4780 4295 4238 4777
f 4781 4236 4298 4782
f 4782 4298 4237 4779
f 4783 4235 4301 4784
f 4784 4301 4236 4781
f 4785 4234 4304 4786
f 4786 4304 4235 4783
f 4787 4233 4307 4788
f 4788 4307 4234 4785
f 4789 4232 4310 4790
f 4790 4310 4233 4787
f 4761 4231 4312 4791
f 4791 4312 4232 4789
f 4792 4314 4317 4793
f 4793 4317 4315 4794
f 4794 4315 4320 4795
f 4795 4320 4318 4796
f 4796 4318 4323 4797
f 4797 4323 4321 4798
f 4798 4321 4326 4799
f 4799 4326 4324 4800
f 4800 4324 4329 4801
f 4801 4329 4327 4802
f 4802 4327 4332 4803
f 4803 4332 4330 4804
f 4804 4330 4335 4805
f 4805 4335 4333 4806
f 4806 4333 4338 4807
f 4807 4338 4336 4808
f 4808 4336 4341 4809
f 4809 4341 4339 4810
f 4810 4339 4344 4811
f 4811 4344 4342 4812
f 4812 4342 4347 4813
f 4813 4347 4345 4814
f 4814 4345 4350 4815
f 4815 4350 4348 4816
f 4816 4348 4353 4817
f 4817 4353 4351 4818
f 4818 4351 4356 4819
f 4819 4356 4354 4820
f 4820 4354 4359 4821
f 4821 4359 4357 4822
f 4823 4360 4362 4824
f 4824 4362 4314 4792
f 4822 4357 4269 4764
f 4825 4379 4398 4826
f 4826 4398 4363 4827
f 4828 4377 4403 4829
f 4829 4403 4378 4830
f 4831 4376 4406 4832
f 4832 4406 4377 4828
f 4833 4375 4409 4834
f 4834 4409 4376 4831
f 4835 4374 4412 4836
f 4836 4412 4375 4833
f 4837 4373 4415 4838
f 4838 4415 4374 4835
f 4839 4372 4418 4840
f 4840 4418 4373 4837
f 4841 4371 4421 4842
f 4842 4421 4372 4839
f 4843 4370 4424 4844
f 4844 4424 4371 4841
f 4845 4369 4427 4846
f 4846 4427 4370 4843
f 4847 4368 4430 4848
f 4848 4430 4369 4845
f 4849 4367 4433 4850
f 4850 4433 4368 4847
f 4851 4366 4436 4852
f 4852 4436 4367 4849
f 4853 4365 4439 4854
f 4854 4439 4366 4851
f 4855 4364 4442 4856
f 4856 4442 4365 4853
f 4827 4363 4444 4857
f 4857 4444 4364 4855
f 4858 4446 4449 4859
f 4859 4449 4447 4860
f 4860 4447 4452 4861
f 4861 4452 4450 4862
f 4862 4450 4455 4863
f 4863 4455 4453 4864
f 4864 4453 4458 4865
f 4865 4458 4456 4866
f 4866 4456 4461 4867
f 4867 4461 4459 4868
f 4868 4459 4464 4869
f 4869 4464 4462 4870
f 4870 4462 4467 4871
f 4871 4467 4465 4872
f 4872 4465 4470 4873
f 4873 4470 4468 4874
f 4874 4468 4473 4875
f 4875 4473 4471 4876
f 4876 4471 4476 4877
f 4877 4476 4474 4878
f 4878 4474 4479 4879
f 4879 4479 4477 4880
f 4880 4477 4482 4881
f 4881 4482 4480 4882
f 4882 4480 4485 4883
f 4883 4485 4483 4884
f 4884 4483 4488 4885
f 4885 4488 4486 4886
f 4886 4486 4491 4887
f 4887 4491 4489 4888
f 4889 4492 4494 4890
f 4890 4494 4446 4858
f 4888 4489 4401 4830
f 4891 4511 4530 4892
f 4892 4530 4495 4893
f 4894 4509 4535 4895
f 4895 4535 4510 4896
f 4897 4508 4538 4898
f 4898 4538 4509 4894
f 4899 4507 4541 4900
f 4900 4541 4508 4897
f 4901 4506 4544 4902
f 4902 4544 4507 4899
f 4903 4505 4547 4904
f 4904 4547 4506 4901
f 4905 4504 4550 4906
f 4906 4550 4505 4903
f 4907 4503 4553 4908
f 4908 4553 4504 4905
f 4909 4502 4556 4910
f 4910 4556 4503 4907
f 4911 4501 4559 4912
f 4912 4559 4502 4909
f 4913 4500 4562 4914
f 4914 4562 4501 4911
f 4915 4499 4565 4916
f 4916 4565 4500 4913
f 4917 4498 4568 4918
f 4918 4568 4499 4915
f 4919 4497 4571 4920
f 4920 4571 4498 4917
f 4921 4496 4574 4922
f 4922 4574 4497 4919
f 4893 4495 4576 4923
f 4923 4576 4496 4921
f 4924 4578 4581 4925
f 4925 4581 4579 4926
f 4926 4579 4584 4927
f 4927 4584 4582 4928
f 4928 4582 4587 4929
f 4929 4587 4585 4930
f 4930 4585 4590 4931
f 4931 4590 4588 4932
f 4932 4588 4593 4933
f 4933 4593 4591 4934
f 4934 4591 4596 4935
f 4935 4596 4594 4936
f 4936 4594 4599 4937
f 4937 4599 4597 4938
f 4938 4597 4602 4939
f 4939 4602 4600 4940
f 4940 4600 4605 4941
f 4941 4605 4603 4942
f 4942 4603 4608 4943
f 4943 4608 4606 4944
f 4944 4606 4611 4945
f 4945 4611 4609 4946
f 4946 4609 4614 4947
f 4947 4614 4612 4948
f 4948 4612 4617 4949
f 4949 4617 4615 4950
f 4950 4615 4620 4951
f 4951 4620 4618 4952
f 4952 4618 4623 4953
f 4953 4623 4621 4954
f 4955 4624 4626 4956
f 4956 4626 4578 4924
f 4954 4621 4533 4896
f 4958 4957 4662 4643
f 4957 4959 4627 4662
f 4961 4960 4667 4641
f 4960 4962 4642 4667
f 4964 4963 4670 4640
f 4963 4961 4641 4670
f 4966 4965 4673 4639
f 4965 4964 4640 4673
f 4968 4967 4676 4638
f 4967 4966 4639 4676
f 4970 4969 4679 4637
f 4969 4968 4638 4679
f 4972 4971 4682 4636
f 4971 4970 4637 4682
f 4974 4973 4685 4635
f 4973 4972 4636 4685
f 4976 4975 4688 4634
f 4975 4974 4635 4688
f 4978 4977 4691 4633
f 4977 4976 4634 4691
f 4980 4979 4694 4632
f 4979 4978 4633 4694
f 4982 4981 4697 4631
f 4981 4980 4632 4697
f 4984 4983 4700 4630
f 4983 4982 4631 4700
f 4986 4985 4703 4629
f 4985 4984 4630 4703
f 4988 4987 4706 4628
f 4987 4986 4629 4706
f 4959 4989 4708 4627
f 4989 4988 4628 4708
f 4991 4990 4713 4710
f 4990 4992 4711 4713
f 4992 4993 4716 4711
f 4993 4994 4714 4716
f 4994 4995 4719 4714
f 4995 4996 4717 4719
f 4996 4997 4722 4717
f 4997 4998 4720 4722
f 4998 4999 4725 4720
f 4999 5000 4723 4725
f 5000 5001 4728 4723
f 5001 5002 4726 4728
f 5002 5003 4731 4726
f 5003 5004 4729 4731
f 5004 5005 4734 4729
f 5005 5006 4732 4734
f 5006 5007 4737 4732
f 5007 5008 4735 4737
f 5008 5009 4740 4735
f 5009 5010 4738 4740
f 5010 5011 4743 4738
f 5011 5012 4741 4743
f 5012 5013 4746 4741
f 5013 5014 4744 4746
f 5014 5015 4749 4744
f 5015 5016 4747 4749
f 5016 5017 4752 4747
f 5017 5018 4750 4752
f 5018 5019 4755 4750
f 5019 5020 4753 4755
f 5022 5021 4758 4756
f 5021 4991 4710 4758
f 5020 4962 4665 4753
f 4660 5022 5027 5028
f 4643 4660 5028 5029
f 4958 4643 5029 5030
f 5022 4958 5030 5027
f 4891 4955 5023 5024
f 4511 4891 5024 5025
f 4528 4511 5025 5026
f 4955 4528 5026 5023
f 4759 4823 5035 5036
f 4247 4759 5036 5037
f 4264 4247 5037 5038
f 4823 4264 5038 5035
f 5020 4659 5031 5032
f 4962 5020 5032 5033
f 4642 4962 5033 5034
f 4659 4642 5034 5031
f 5024 5023 4888 4830
f 5025 5024 4830 4378
f 5026 5025 4378 4395
f 5023 5026 4395 4888
f 5028 5027 4764 4246
f 5029 5028 4246 4263
f 5030 5029 4263 4822
f 5027 5030 4822 4764
f 5032 5031 4527 4954
f 5033 5032 4954 4896
f 5034 5033 4896 4510
f 5031 5034 4510 4527
f 5036 5035 4825 4889
f 5037 5036 4889 4396
f 5038 5037 4396 4379
f 5035 5038 4379 4825
f 4447 4449 3581 3667
f 4441 4447 3667 3610
f 4445 4441 3610 3564
f 4449 4445 3564 3581
f 4709 4713 3432 3449
f 4705 4709 3449 3535
f 4711 4705 3535 3478
f 4713 4711 3478 3432
f 4488 4483 3784 3709
f 4407 4488 3709 3692
f 4405 4407 3692 3757
f 4483 4405 3757 3784
f 4669 4747 3916 3889
f 4671 4669 3889 3824
f 4752 4671 3824 3841
f 4747 4752 3841 3916

 