# File exported by ZBrush version 2021
# www.zbrush.com
#Vertex Count 7344
#Face Count 8040
#Auto scale x=1.000000 y=1.000000 z=1.000000
#Auto offset x=0.000000 y=0.000000 z=0.000000
v -1.61533033 2.78771591 1.12653935
v -2.12895917 3.14321947 0.18700929
v -1.00982356 2.58561611 1.84008014
v -0.34960749 2.49421739 2.219002
v 2.07008886 3.12972688 0.18805038
v 1.58583629 2.8061583 1.06932091
v 0.9854744 2.59529542 1.80196344
v 0.32791942 2.49732637 2.20561647
v -1.23374009 -3.28812122 0.7069956
v -1.56381845 -3.54126429 0.06145139
v -0.78955251 -3.1263206 1.21656119
v -0.29039919 -3.05145978 1.48716342
v 1.48532223 -3.54055213 0.03888911
v 1.15830123 -3.30241489 0.66613179
v 0.72136741 -3.13424706 1.18934059
v 0.22574141 -3.05398988 1.47760403
v -1.60070025 -3.894562 0.06072043
v -1.69075942 -3.57013297 0.0703758
v -1.31496155 -3.29068756 0.79085409
v -1.25680255 -3.60597538 0.72883987
v -0.83794748 -3.12079715 1.34066712
v -0.80419296 -3.42500042 1.24850285
v -0.30568313 -3.04308223 1.63255703
v -0.2966085 -3.34166789 1.5243808
v 1.17520594 -3.62323236 0.68830663
v 1.24039673 -3.30707597 0.74790448
v 1.5957936 -3.56335091 0.07371032
v 1.50220894 -3.90274739 0.04927371
v 0.73170334 -3.43491077 1.22042894
v 0.77227371 -3.13010597 1.31098318
v 0.22790259 -3.3448553 1.51450312
v 0.24370113 -3.04606747 1.6221112
v -0.90236628 -0.94803869 1.52826488
v -1.42842626 -0.99105042 0.91672998
v -0.32079342 -0.92851549 1.85301709
v -1.83125162 -1.02981984 0.21878799
v 1.37638711 -0.99491262 0.86769014
v 0.85670226 -0.95011556 1.49559736
v 0.27829617 -0.92917352 1.84154522
v 1.75209963 -1.05444967 0.21531382
v 2.18037438 -0.3096717 0.20590472
v 1.66778206 -0.28904217 1.17096412
v 2.28357243 0.49696171 0.20446774
v 1.73473036 0.42862638 1.23817515
v 0.34160277 -0.28713148 2.37810254
v -0.37072899 -0.28671187 2.39237809
v 0.35706156 0.35411003 2.49945998
v -0.37954154 0.35371828 2.51437044
v 1.03454971 -0.28790444 1.94753432
v 1.07529294 0.37798598 2.0496571
v -1.06662213 -0.28666555 1.98819279
v -1.70886194 -0.28706702 1.22708761
v -1.10048866 0.37681767 2.09212875
v -1.76847171 0.42635929 1.29702401
v -2.24293398 -0.27963236 0.22652868
v -2.34020853 0.48565459 0.22314737
v 1.58744525 -1.65135049 0.1838034
v 1.25232267 -1.55978953 0.74576973
v 0.25023168 -1.44928574 1.62495279
v -0.30029138 -1.44830143 1.63529241
v 0.7801693 -1.48462665 1.31320619
v -0.83347404 -1.48150181 1.3426454
v -1.31119382 -1.5537467 0.79156386
v -1.67207789 -1.65923738 0.17570805
v -1.63872754 2.85959792 1.15258109
v -2.15851569 3.22470164 0.2050708
v -1.63895261 2.9397962 1.15284168
v -2.15884876 3.31428241 0.20516419
v -1.0235759 2.65073776 1.87864244
v -1.02370476 2.72557449 1.87902855
v -0.35392516 2.55615425 2.26421451
v -0.35395944 2.62856388 2.26466751
v 2.10114073 3.21515655 0.20690496
v 1.60962998 2.87852168 1.09482264
v 2.10152864 3.30902504 0.20700755
v 1.60988211 2.95920634 1.09507322
v 0.99989879 2.66073489 1.8398559
v 1.00005292 2.73582792 1.84023511
v 0.33289533 2.5593779 2.25059247
v 0.33295497 2.63187146 2.25104475
v 2.15304684 0.76947104 0.21221736
v 1.64918649 0.67565196 1.14228427
v 2.08291506 1.05758023 0.20767518
v 1.59919893 0.93753916 1.0859996
v 0.34001848 0.57806217 2.33175635
v -0.3632439 0.57726699 2.34583425
v 0.33016279 0.81530457 2.23380971
v -0.3531306 0.81413775 2.24737834
v 1.02375459 0.60910451 1.90827918
v 0.99354183 0.85410457 1.82571518
v -1.04973399 0.60663646 1.94836771
v -1.68228864 0.67100006 1.19973599
v -1.01923799 0.85046929 1.86434984
v -1.63088297 0.93067109 1.14290845
v -2.22004675 0.76426881 0.19977143
v -2.14440631 1.06989729 0.20613215
v -1.48481822 -3.88010239 0.02336331
v -1.52669179 -3.6708312 0.05230192
v -1.20904326 -3.41337227 0.68173474
v -1.17200791 -3.60672712 0.64243751
v -1.42916774 -3.65071058 0.03555956
v -1.14195132 -3.41231584 0.6140843
v -0.77473485 -3.24752497 1.1789329
v -0.75353503 -3.43527531 1.12063229
v -0.73463195 -3.25380396 1.07876694
v -0.28571942 -3.17060065 1.44266903
v -0.2806178 -3.35534024 1.37457776
v -0.27305096 -3.17949771 1.32549989
v 1.08944726 -3.62174797 0.60405445
v 1.13232576 -3.42755627 0.63923019
v 1.46543598 -3.68418932 -0.0046111
v 1.39949178 -3.89484834 -0.00976528
v 1.06518566 -3.42487669 0.57379543
v 1.37343013 -3.66405677 -0.02798115
v 0.67834997 -3.44368243 1.09509718
v 0.70513564 -3.25566935 1.15133285
v 0.66315436 -3.26075148 1.0536499
v 0.20902855 -3.35803484 1.36560988
v 0.2200278 -3.17323136 1.43289828
v 0.205162 -3.18172836 1.3166486
v -1.56142556 -1.64918994 0.14887419
v -1.73058784 -1.00567388 0.18695317
v -1.35038733 -0.94989401 0.83395868
v -1.22493124 -1.54514193 0.70273339
v -0.78206753 -1.4769715 1.21101486
v -0.85599613 -0.9110127 1.40580737
v -0.30610817 -0.89311391 1.7095226
v -0.28399393 -1.44523072 1.48100459
v 0.72613531 -1.47942173 1.18396914
v 0.80810296 -0.91244471 1.37547314
v 1.29758799 -0.95298248 0.78665864
v 1.16513383 -1.55038058 0.65868747
v 1.58997118 -0.25092658 1.08580911
v 2.07974433 -0.26500952 0.1903782
v 1.64471662 -1.01481342 0.18718776
v 1.65234971 0.4140734 1.1474781
v 2.17560839 0.48733526 0.18742148
v -0.35657492 -0.25282421 2.24196338
v 0.32526376 -0.25306341 2.22853565
v 0.26127669 -0.89356428 1.69887971
v -0.36480358 0.34295767 2.35399961
v 0.34003365 0.34343311 2.33988261
v 0.98710048 -0.25245952 1.8215506
v 1.02539455 0.36589136 1.91514599
v -1.63189089 -0.24970054 1.14004087
v -1.02130472 -0.25176504 1.85984861
v -1.68749475 0.41117411 1.20422136
v -1.05293548 0.36441633 1.95536887
v -2.13640141 -0.24307671 0.20528218
v -2.23435878 0.4725826 0.17576749
v 1.4744929 -1.6449356 0.13439054
v 0.23123729 -1.44599592 1.47150826
v -2.02792787 3.19549918 0.12538307
v -2.05826163 3.2783575 0.14362666
v -1.55775594 2.91279935 1.06291425
v -1.53370177 2.83969616 1.03658783
v -2.05853486 3.34367585 0.14364378
v -1.55780267 2.97063279 1.06296575
v -0.97587955 2.70746064 1.74593949
v -0.96169418 2.6411941 1.70695877
v -0.97590273 2.76166534 1.74602234
v -0.33889538 2.61477875 2.10863494
v -0.33441749 2.55158877 2.06293749
v -0.33889514 2.66729688 2.1087327
v 1.50327038 2.85822773 0.98123413
v 1.52777993 2.93180584 1.00692904
v 2.00118374 3.26897788 0.14509725
v 1.96923124 3.18209934 0.12624907
v 1.52775335 2.99003028 1.00711321
v 2.00131297 3.33843255 0.14543113
v 0.93508827 2.65076375 1.6711663
v 0.94995844 2.71732688 1.70945811
v 0.94999885 2.77170062 1.70953476
v 0.3104889 2.5546298 2.05036878
v 0.31564846 2.61792087 2.09582424
v 0.31566894 2.67049694 2.09591817
v 1.57315838 0.64077037 1.06051552
v 2.05310416 0.73019188 0.17845124
v 1.51691472 0.93193393 0.99842029
v 1.98239886 1.04998111 0.14668992
v -0.34947428 0.54866546 2.20072197
v 0.32411736 0.54952359 2.18732142
v -0.3380765 0.81302464 2.09180426
v 0.312848 0.81422108 2.07904219
v 0.9776234 0.57849323 1.7865225
v 0.9434809 0.85154557 1.69531023
v -1.60778892 0.63565129 1.11601746
v -1.00579834 0.57582968 1.82464695
v -1.54984402 0.92474746 1.05319452
v -0.97145587 0.84780466 1.73165583
v -2.11952209 0.73316729 0.17001833
v -2.04423594 1.06199026 0.14458528
v -2.16245627 3.80869817 -1.08861672
v -2.22595024 3.25922083 -0.14915244
v -1.62148916 4.34189605 -1.80210745
v -0.60317033 4.67075586 -2.1810038
v 2.16790628 3.24620103 -0.15038107
v 2.11139726 3.77051544 -1.03140151
v 1.59599268 4.23125314 -1.6617465
v 0.61146169 4.6585679 -2.1676197
v -1.49923861 -3.99261522 -0.76522046
v -1.60199081 -3.66530561 -0.11974324
v -1.09288263 -4.30279922 -1.27475011
v -0.42128714 -4.487185 -1.54533386
v 1.51356482 -3.6441791 -0.0970314
v 1.40494751 -3.96974206 -0.72435867
v 1.014665 -4.28502893 -1.24753129
v 0.35441294 -4.48042726 -1.53577482
v -1.64059186 -4.02925443 -0.12404586
v -1.73633098 -3.70326304 -0.12913496
v -1.63436794 -4.07977199 -0.84956067
v -1.53741633 -4.40775919 -0.79210394
v -1.19881868 -4.42889118 -1.39933836
v -1.12358129 -4.76228952 -1.31173467
v -0.46061795 -4.63810539 -1.69121265
v -0.43495878 -4.97360086 -1.58759725
v 1.43524968 -4.3844223 -0.75159853
v 1.53845262 -4.05689907 -0.80663836
v 1.64196229 -3.69930243 -0.132392
v 1.53630471 -4.02617502 -0.11263711
v 1.03878343 -4.74307918 -1.28367769
v 1.12242198 -4.40996265 -1.36967182
v 0.36183616 -4.96626138 -1.57772541
v 0.39757579 -4.63084507 -1.68077409
v -1.34860599 -1.32667553 -1.55119967
v -1.82600009 -1.23284912 -0.93970638
v -0.50854659 -1.383381 -1.87592852
v -1.94688201 -1.12020671 -0.24147693
v 1.75322282 -1.22601759 -0.89067012
v 1.29982113 -1.3212428 -1.51853346
v 0.47728088 -1.38129293 -1.86445736
v 1.86495351 -1.14569771 -0.23835519
v 2.31077599 -0.35367724 -0.21810798
v 2.30055284 -0.33072525 -1.18282079
v 2.4150722 0.49885514 -0.20495048
v 2.4314773 0.6702485 -1.23828256
v 0.67370915 -0.32426008 -2.38986301
v -0.67581456 -0.32339987 -2.40413022
v 0.72566181 0.92646741 -2.49946665
v -0.7131589 0.93082827 -2.51437044
v 1.76618683 -0.32726374 -1.95933032
v 1.8820163 0.82450866 -2.04970192
v -1.79646027 -0.32502335 -1.99996614
v -2.36846923 -0.32788929 -1.23890972
v -1.90113377 0.83563166 -2.09215188
v -2.4922142 0.6829217 -1.29709756
v -2.38629746 -0.32179045 -0.23829551
v -2.48377156 0.49107664 -0.22376731
v 1.67734444 -1.76987695 -0.21545198
v 1.54560756 -1.89246285 -0.77737122
v 0.40603539 -2.13276362 -1.65649843
v -0.45051324 -2.13616132 -1.66683995
v 1.12916612 -2.0404632 -1.34477031
v -1.18767726 -2.04938077 -1.37421536
v -1.62321233 -1.90425086 -0.82317262
v -1.75945282 -1.77506327 -0.2074507
v -2.20850253 3.93397617 -1.11335682
v -2.26729989 3.36171388 -0.16591206
v -2.20849728 4.04197597 -1.11231446
v -2.26730036 3.45528769 -0.16470302
v -1.65995466 4.49555301 -1.83936655
v -1.65995883 4.61775207 -1.83845055
v -0.6177876 4.84262895 -2.22491264
v -0.61778122 4.97360086 -2.2240622
v 2.2113161 3.35356593 -0.16787137
v 2.15727019 3.89413356 -1.05560076
v 2.21135973 3.45166873 -0.16660858
v 2.15729427 4.00113105 -1.05454969
v 1.64262521 4.45063781 -1.7821592
v 1.64379763 4.5839467 -1.79965901
v 0.62803226 4.82975101 -2.21129059
v 0.62806284 4.96039485 -2.21044063
v 2.28067112 0.78857845 -0.20872329
v 2.25161719 0.97984063 -1.13850832
v 2.20238971 1.09094774 -0.20000173
v 2.14924883 1.30962848 -1.07809853
v 0.66007614 1.28689253 -2.32789087
v -0.65200793 1.29153704 -2.34196567
v 0.6238985 1.6739391 -2.22582578
v -0.61706572 1.67909562 -2.23939347
v 1.72471356 1.16572439 -1.90444719
v 1.63487374 1.53959548 -1.78099012
v -1.7446829 1.17760288 -1.94452226
v -2.3088808 0.99372196 -1.1959418
v -1.65567517 1.54410564 -1.85639154
v -2.20334339 1.32546281 -1.13499891
v -2.34021878 0.77933949 -0.19637951
v -2.26285719 1.10332846 -0.19828525
v -1.50662088 -3.97705555 -0.08622901
v -1.56051409 -3.79036831 -0.1123831
v -1.45971131 -4.12067222 -0.74175524
v -1.40075814 -4.31441259 -0.70520526
v -1.45422232 -3.75402736 -0.09524782
v -1.35385918 -4.0506277 -0.67371255
v -1.06201398 -4.43225574 -1.23891699
v -1.01754677 -4.62697362 -1.18336677
v -0.98052275 -4.33197784 -1.13835918
v -0.40984556 -4.61676597 -1.502635
v -0.39574763 -4.81170368 -1.43729472
v -0.37990173 -4.4976015 -1.38507008
v 1.30023157 -4.29117822 -0.66682338
v 1.36379253 -4.09445095 -0.69923144
v 1.47577154 -3.75074768 -0.05529384
v 1.40793371 -3.95925283 -0.05308236
v 1.260167 -4.02514982 -0.63338911
v 1.37409961 -3.7087965 -0.0314902
v 0.93101084 -4.60909462 -1.15783262
v 0.98204362 -4.41329574 -1.21131467
v 0.89951294 -4.31444072 -1.11322879
v 0.31899371 -4.80493068 -1.42832624
v 0.34148672 -4.60953712 -1.49286282
v 0.30870181 -4.49097633 -1.37621498
v -1.63119459 -1.75409555 -0.18040406
v -1.82414901 -1.08795964 -0.20924869
v -1.68833136 -1.16133379 -0.85619282
v -1.48077404 -1.85666394 -0.73401469
v -1.07617592 -1.98389458 -1.24225819
v -1.23839592 -1.24067926 -1.42800116
v -0.46738085 -1.28810703 -1.73169457
v -0.4092805 -2.05926036 -1.51222479
v 1.01511788 -1.97541749 -1.21520006
v 1.18726873 -1.23549354 -1.39766299
v 1.61686813 -1.15473723 -0.80888742
v 1.40435743 -1.84500289 -0.68995183
v 2.14353108 -0.27971431 -1.09705531
v 2.1946547 -0.30650398 -0.20193405
v 1.7371211 -1.09766566 -0.20961581
v 2.26066684 0.6264581 -1.14793479
v 2.29032611 0.48491784 -0.18806964
v -0.62455058 -0.26228874 -2.25311708
v 0.61636674 -0.2630018 -2.23969411
v 0.43143689 -1.2861433 -1.72104942
v -0.65677356 0.85703766 -2.35435819
v 0.66214519 0.85341632 -2.34024572
v 1.62966454 -0.2698265 -1.83274126
v 1.73196327 0.76370239 -1.91554486
v -2.20983743 -0.27722314 -1.1512618
v -1.66264116 -0.26798206 -1.87102365
v -2.32038474 0.63711875 -1.20465612
v -1.75455045 0.77300667 -1.95575213
v -2.25986552 -0.28316831 -0.21651928
v -2.34169268 0.46689644 -0.17664742
v 1.53695201 -1.74409246 -0.16582174
v 0.36021974 -2.05605816 -1.50272405
v -2.08581757 3.25377583 -0.08717601
v -2.12690854 3.35643887 -0.10410417
v -2.04997849 3.90344357 -1.02331543
v -2.00470447 3.77869749 -0.99830555
v -2.12692761 3.42350268 -0.10317906
v -2.04976582 3.97934246 -1.02243685
v -1.52823042 4.41883325 -1.70629453
v -1.49099326 4.26726388 -1.66863119
v -1.52805638 4.50405407 -1.705446
v -0.56784266 4.73519611 -2.06896328
v -0.5538063 4.56654834 -2.02458429
v -0.5677672 4.82605457 -2.06813025
v 1.95473229 3.74244713 -0.94295501
v 1.99989163 3.86547732 -0.96733415
v 2.07087111 3.34826326 -0.10569908
v 2.0277543 3.24091148 -0.08822739
v 1.99965572 3.94091463 -0.96658653
v 2.0709021 3.41991829 -0.10502913
v 1.46679055 4.20583295 -1.59448957
v 1.50473022 4.3544116 -1.63431739
v 1.50734782 4.46424055 -1.66195142
v 0.555619 4.55550766 -2.01201701
v 0.57153612 4.72349739 -2.05615329
v 0.57148724 4.81413793 -2.05531668
v 2.10154151 0.90521758 -1.05743718
v 2.15508174 0.73728346 -0.17559576
v 1.99145114 1.26434838 -0.99079573
v 2.06157398 1.05983614 -0.13928473
v -0.60377711 1.17841744 -2.1975584
v 0.60558927 1.17456126 -2.18415999
v -0.56711202 1.59559929 -2.08410406
v 0.56745308 1.59115088 -2.0713427
v 1.59493184 1.06889653 -1.78339147
v 1.50081491 1.46604001 -1.67737686
v -2.15835952 0.91683101 -1.11293184
v -1.6181941 1.07881736 -1.82150995
v -2.04463982 1.27839851 -1.04556858
v -1.52389586 1.47507417 -1.72398102
v -2.21671867 0.73795557 -0.16713674
v -2.12215995 1.07148587 -0.13701325
v 2.36876797 2.25033903 -0.66327679
v 2.33639979 2.24450278 -0.62387305
v 2.34652686 2.24639725 -0.59010738
v 2.3640716 2.23974013 -0.48909562
v 2.36809182 2.22095608 -0.26029563
v 2.37019634 2.25887799 -0.76213467
v 2.26463747 2.23918247 -0.62625408
v 2.22087574 2.24137878 -0.69332408
v 2.21936988 2.24774551 -0.77109003
v 2.26273345 2.25655961 -0.83483058
v 2.32757186 2.26103591 -0.82670086
v 2.36809802 2.23183107 -0.59967714
v 2.33084106 2.22814869 -0.58595424
v 2.38402676 2.22481489 -0.49650803
v 2.35003399 2.22173929 -0.48606583
v 2.35465884 2.20349216 -0.26240339
v 2.38703203 2.20522213 -0.26134005
v 2.336483 2.25488734 -0.74625849
v 2.33814287 2.25099158 -0.69889223
v 2.31311845 2.25610685 -0.7822113
v 2.2782073 2.25387644 -0.7885428
v 2.253937 2.24893498 -0.75262433
v 2.25473547 2.24531745 -0.70868122
v 2.28010392 2.24401283 -0.66959524
v 2.31159353 2.24626231 -0.66737031
v 2.33068084 2.22452545 -0.83036297
v 2.3926258 2.20127034 -0.5006926
v 2.39485478 2.18123245 -0.26314854
v 2.37636804 2.18585562 -0.76936775
v 2.37477731 2.17729735 -0.67050576
v 2.3717525 2.21382427 -0.6669563
v 2.37323927 2.22236394 -0.76578027
v 2.33385276 2.18802189 -0.83401519
v 2.26903152 2.18356585 -0.84227508
v 2.26587557 2.2200644 -0.83858346
v 2.22556233 2.17475009 -0.77861452
v 2.22243857 2.21125483 -0.77490067
v 2.22694134 2.16837644 -0.70084607
v 2.22386264 2.20487904 -0.69711297
v 2.27058744 2.16616177 -0.63368767
v 2.26759123 2.20267391 -0.62997806
v 2.34263014 2.18186235 -0.75355345
v 2.34421086 2.17796897 -0.70618665
v 2.31760931 2.17324352 -0.67471677
v 2.34234261 2.17146515 -0.63116461
v 2.28612566 2.17099118 -0.67699706
v 2.2608211 2.17230248 -0.71613317
v 2.26009583 2.17593336 -0.76008373
v 2.2844274 2.18087387 -0.79595428
v 2.31932854 2.18309044 -0.78955245
v 2.35304784 2.16551804 -0.59815549
v 2.37192511 2.18450617 -0.6043626
v 2.33469915 2.1801958 -0.59074872
v 2.33276248 2.20416975 -0.58834809
v 2.38782 2.17641949 -0.50127309
v 2.37652182 2.20887422 -0.6044681
v 2.37049675 2.15772962 -0.49722123
v 2.35387277 2.17264461 -0.49094969
v 2.35829496 2.15375065 -0.26733329
v 2.35644817 2.178586 -0.26449245
v 2.39059233 2.15647649 -0.26613047
v 2.37413048 2.1383059 -0.26845803
v 2.3519895 2.19717025 -0.48823726
v 2.39198923 2.2162559 -0.38773658
v 2.40022826 2.19248843 -0.39075377
v 2.39567828 2.1676681 -0.39250609
v 2.37871122 2.14921546 -0.39152467
v 2.36241006 2.16438031 -0.38772627
v 2.36054563 2.18907666 -0.38494625
v 2.35865926 2.21382641 -0.38282424
v 2.37245726 2.23157477 -0.38339144
v 2.26094102 2.14369154 0.07452325
v 2.26367473 2.17674207 0.07727737
v 2.28328609 2.18368935 0.0083511
v 2.28090357 2.15097093 0.0046279
v 2.32231998 2.18403172 0.02216739
v 2.29440927 2.17691636 0.08599783
v 2.30167388 2.14543342 0.08618848
v 2.32994508 2.15292096 0.02095389
v 2.29577231 2.20671606 0.01442629
v 2.27073168 2.18002224 0.09891711
v 2.29681563 2.17908597 -0.01723569
v 2.29839348 2.15419459 -0.01927742
v 2.33002591 2.17971539 -0.00524911
v 2.33680772 2.15569973 -0.0060706
v 2.30908012 2.19600629 -0.01280466
v 2.3304646 2.19048357 -0.12768568
v 2.33210396 2.16589522 -0.12976895
v 2.36178207 2.19145321 -0.1191096
v 2.36925411 2.16762304 -0.11948084
v 2.34349703 2.2073965 -0.12221166
v 2.28763866 2.11879801 0.0018056
v 2.26795291 2.11139702 0.0706545
v 2.32649684 2.12138629 0.0159149
v 2.29852318 2.11382579 0.07965855
v 2.30311131 2.09702396 0.00340431
v 2.2755723 2.10548639 0.09138199
v 2.30017042 2.12939214 -0.0222304
v 2.33328628 2.13124442 -0.01007762
v 2.31462144 2.11382079 -0.02103364
v 2.33390665 2.14137959 -0.13258232
v 2.36514568 2.14332389 -0.12386658
v 2.34920501 2.12579345 -0.13031657
v 2.27323079 2.14150548 0.09502096
v 2.22297072 2.14407753 0.03456042
v 2.21780872 2.39278316 0.08718244
v 2.22596359 2.46317768 0.06856438
v 2.25161385 2.46155595 0.06710571
v 2.24261903 2.39274072 0.08761263
v 2.27263712 2.43628454 0.02513356
v 2.26777505 2.39591407 0.03754212
v 2.28705358 2.41556596 -0.02881341
v 2.28600096 2.39717268 -0.02518535
v 2.27112698 2.41439795 -0.04241405
v 2.27073431 2.39725017 -0.03915161
v 2.24921226 2.41505718 -0.05382669
v 2.24823761 2.39668989 -0.05033588
v 2.22753429 2.43195605 -0.02261945
v 2.22604465 2.39683198 -0.02218987
v 2.21259355 2.46426439 0.04485891
v 2.2064476 2.39263629 0.06003004
v 2.26585626 2.47505164 -0.03973877
v 2.28594422 2.47561883 -0.03001704
v 2.29846119 2.44911599 -0.03434553
v 2.29508256 2.42524552 -0.04884025
v 2.27718615 2.42528653 -0.064024
v 2.25696682 2.42467093 -0.07340167
v 2.2446599 2.44832992 -0.06925221
v 2.24797725 2.47507929 -0.05481772
v 2.33622884 2.51208853 -0.41895109
v 2.36050677 2.51386499 -0.4185552
v 2.37312388 2.48762226 -0.42523905
v 2.3655703 2.46290326 -0.43368977
v 2.34170126 2.46149087 -0.43808263
v 2.31741809 2.45969414 -0.43827486
v 2.30503964 2.48310113 -0.43186986
v 2.31237649 2.51067566 -0.42334085
v 2.31880426 2.53539967 -0.70982861
v 2.30968141 2.53896784 -0.7601695
v 2.3360722 2.54160594 -0.76663696
v 2.34527373 2.53799057 -0.71588218
v 2.34940886 2.51533055 -0.77170836
v 2.35847687 2.51174783 -0.72152167
v 2.34065747 2.48969674 -0.77103614
v 2.34947848 2.48620414 -0.72204941
v 2.31431436 2.48704314 -0.76431345
v 2.32293534 2.48364687 -0.71643692
v 2.22465539 2.47409606 -0.69463509
v 2.2260077 2.47919774 -0.75420743
v 2.21270895 2.50297045 -0.75071525
v 2.21167945 2.49774026 -0.68920588
v 2.22149944 2.5310893 -0.74960643
v 2.22046852 2.52587175 -0.68837076
v 2.269809 2.53066277 -0.69924706
v 2.26016545 2.53437614 -0.7521522
v 2.33479261 2.52536106 -0.57701367
v 2.32654261 2.53175902 -0.65988701
v 2.35309267 2.53429889 -0.66551369
v 2.36148476 2.52780556 -0.58173322
v 2.3662033 2.50808692 -0.6716786
v 2.37457633 2.50161385 -0.58827644
v 2.3570218 2.48263573 -0.67335701
v 2.36524629 2.47628235 -0.59138268
v 2.33031797 2.48017811 -0.66883522
v 2.33837509 2.47397542 -0.58847808
v 2.27739548 2.47088432 -0.60738629
v 2.24348425 2.4715197 -0.64628112
v 2.23114609 2.4950087 -0.63827627
v 2.26454615 2.49446988 -0.6009677
v 2.23982572 2.52321386 -0.63854008
v 2.27364969 2.5224204 -0.59784561
v 2.30757451 2.52306556 -0.57457882
v 2.27760291 2.52701258 -0.64879161
v 2.3194704 2.54338216 -0.80277776
v 2.32597303 2.51690912 -0.81181955
v 2.32470274 2.4913423 -0.80502891
v 2.26880407 2.48792457 -0.817164
v 2.26384854 2.51319026 -0.8258602
v 2.26371479 2.53993821 -0.81453102
v 2.29848384 2.49490165 -0.57793098
v 2.31134343 2.47154092 -0.5841633
v 2.2337017 2.50917863 -0.80458599
v 2.24450016 2.48452067 -0.79991585
v 2.24014639 2.53658819 -0.79723638
v 2.32580828 2.29850387 -0.73216015
v 2.32072162 2.29442405 -0.68861353
v 2.31075477 2.30009317 -0.76428628
v 2.26886677 2.48284053 -0.75713306
v 2.28367853 2.29900789 -0.77569556
v 2.26085281 2.29527282 -0.7519744
v 2.25733113 2.29210114 -0.71746754
v 2.27395916 2.29040646 -0.6825155
v 2.29875445 2.29167294 -0.67554187
v 2.34334325 2.30068922 -0.73543518
v 2.3544228 2.28056621 -0.73982602
v 2.34439659 2.27354383 -0.66639655
v 2.33480453 2.29449224 -0.6726793
v 2.32080674 2.30291891 -0.78321862
v 2.32805252 2.28325867 -0.79574745
v 2.27895236 2.3006308 -0.79894715
v 2.2791624 2.28094339 -0.81405192
v 2.24460125 2.29456877 -0.76361441
v 2.2395997 2.27439975 -0.7737382
v 2.23988843 2.28983569 -0.71324127
v 2.2335031 2.26890444 -0.71384531
v 2.26390266 2.28761839 -0.66342699
v 2.26150345 2.2662251 -0.65568339
v 2.30091428 2.28970789 -0.65103167
v 2.30469274 2.26834344 -0.64112007
v 2.30133676 2.47506594 -0.63503849
v 2.2684977 2.48480129 -0.78060787
v 2.31958627 2.38205552 -0.72387552
v 2.31456995 2.37804794 -0.68029385
v 2.29259657 2.37545371 -0.66715222
v 2.2677567 2.37434482 -0.67405486
v 2.25104117 2.37611556 -0.70897436
v 2.25450587 2.37923216 -0.74350935
v 2.27732539 2.38279533 -0.76730853
v 2.30445694 2.38371801 -0.75597566
v 2.30624628 2.47841715 -0.67017906
v 2.31114888 2.48249959 -0.71376639
v 2.29596924 2.48402547 -0.74583846
v 2.24615836 2.47903657 -0.73330736
v 2.24278736 2.47586584 -0.69877398
v 2.25955033 2.47424602 -0.66387808
v 2.28435492 2.47560381 -0.65701144
v 2.30326223 2.49071908 -0.81768518
v 2.30089187 2.51611852 -0.82592278
v 2.29792523 2.54281783 -0.81626331
v 2.32156705 2.49860191 -0.27213084
v 2.34470224 2.50000357 -0.26881849
v 2.3572731 2.47369623 -0.27501198
v 2.35085082 2.44926428 -0.2856853
v 2.32862353 2.44832634 -0.29368275
v 2.30545854 2.44689583 -0.29674047
v 2.29311728 2.47036862 -0.29081511
v 2.29936504 2.49766635 -0.28011086
v 2.29962635 2.4870522 -0.15394918
v 2.32162952 2.4881463 -0.14840196
v 2.33416175 2.4617846 -0.15419681
v 2.3288536 2.43758988 -0.1665484
v 2.30823802 2.4370315 -0.17728567
v 2.28617453 2.43590092 -0.18254326
v 2.27386975 2.45942854 -0.17700465
v 2.27903747 2.48649478 -0.16465528
v 2.23428845 2.14255499 0.06162185
v 2.26482677 2.15612793 -0.07473824
v 2.24275612 2.15229034 -0.04713479
v 2.25162553 2.25600051 0.0737386
v 2.22688412 2.25514721 0.07312463
v 2.21554374 2.25591611 0.0460233
v 2.23524332 2.26232242 -0.03590925
v 2.25736904 2.26436734 -0.0637543
v 2.27953577 2.26478838 -0.05087634
v 2.29505085 2.26483392 -0.03847334
v 2.27712607 2.26075696 0.0233092
v 2.35627389 2.25858426 -0.7420119
v 2.34620809 2.25155568 -0.66858559
v 2.3299303 2.26128339 -0.7979533
v 2.28105139 2.25896287 -0.81627941
v 2.24146628 2.25242424 -0.7759912
v 2.23534274 2.24692511 -0.71609979
v 2.26331281 2.24424529 -0.65792262
v 2.30649399 2.24635911 -0.64333409
v 2.32512784 2.25093865 -0.69303387
v 2.33027029 2.254956 -0.73660093
v 2.3152368 2.25662708 -0.76875335
v 2.28813862 2.25571203 -0.78017747
v 2.26525664 2.25215888 -0.75645411
v 2.2616899 2.24903702 -0.72192966
v 2.2783029 2.24725151 -0.68695205
v 2.30312228 2.24835085 -0.67996531
v 2.25071096 1.89232003 0.03604618
v 2.27528715 1.89555108 0.03713806
v 2.29328823 1.83314466 0.00352824
v 2.2680881 1.82794296 0.00386357
v 2.30062794 1.90421092 -0.01205612
v 2.3108437 1.86762762 -0.03211928
v 2.31882977 1.91597414 -0.07351364
v 2.32237291 1.89881253 -0.08068075
v 2.30371832 1.91618013 -0.08766533
v 2.30644249 1.90007793 -0.09426296
v 2.28135585 1.91555929 -0.09914751
v 2.28483533 1.89838528 -0.106218
v 2.25940823 1.90773606 -0.07209204
v 2.26565742 1.87381076 -0.07951297
v 2.23943734 1.8955158 0.00907833
v 2.25506758 1.82908392 -0.02007067
v 2.32946252 1.84038221 -0.09372884
v 2.3095262 1.83986294 -0.10379435
v 2.3382461 1.86861276 -0.09240379
v 2.33165526 1.89383804 -0.10206468
v 2.31394314 1.89391994 -0.11750411
v 2.29384303 1.89334487 -0.12716805
v 2.28492474 1.8679465 -0.12814675
v 2.29186892 1.83994007 -0.119175
v 2.36683583 1.85297024 -0.21154056
v 2.34492516 1.8519268 -0.21745988
v 2.37551045 1.8813411 -0.21173359
v 2.36682629 1.90623259 -0.21932193
v 2.34634637 1.90571665 -0.23034896
v 2.32435584 1.90462875 -0.23592244
v 2.31553912 1.87910425 -0.23547112
v 2.32449841 1.85141444 -0.22851562
v 2.37209653 1.90083885 -0.77314555
v 2.39864254 1.90338325 -0.77875101
v 2.39017844 1.90707373 -0.82967245
v 2.36370253 1.90447771 -0.82364869
v 2.40727949 1.93181729 -0.77880626
v 2.39887905 1.93547284 -0.82914537
v 2.39413452 1.95531737 -0.77464461
v 2.38590645 1.95887184 -0.82377028
v 2.36753583 1.95280134 -0.76940852
v 2.35949587 1.95625412 -0.81741583
v 2.26903033 1.94337916 -0.74898779
v 2.26015758 1.91754853 -0.74879699
v 2.26199245 1.92283964 -0.81030553
v 2.27109384 1.94853711 -0.80855482
v 2.27349495 1.89146852 -0.75334096
v 2.27540874 1.89674556 -0.81457048
v 2.32297325 1.89618277 -0.76338899
v 2.31408977 1.89996516 -0.81646525
v 2.3861649 1.89062833 -0.64003008
v 2.41291642 1.89302408 -0.64429891
v 2.40573096 1.8996253 -0.7282409
v 2.37911415 1.89712929 -0.72306209
v 2.42161846 1.92152774 -0.64528363
v 2.41434836 1.92809736 -0.72883194
v 2.40833091 1.94525921 -0.64373284
v 2.40109396 1.95169866 -0.72583788
v 2.38142705 1.94298851 -0.64120489
v 2.37434315 1.94927799 -0.72169196
v 2.32069921 1.94000661 -0.66097444
v 2.3118422 1.91410374 -0.65971982
v 2.2789464 1.91473662 -0.69755351
v 2.28726863 1.94073021 -0.70035791
v 2.32535243 1.88782012 -0.66189414
v 2.29212594 1.88871848 -0.70316958
v 2.35892677 1.88837862 -0.63805264
v 2.33003878 1.89246308 -0.71278828
v 2.34542226 1.9149369 -0.6361112
v 2.35435748 1.94059288 -0.63727194
v 2.31463909 1.95725381 -0.87092173
v 2.29013371 1.95387053 -0.85400652
v 2.28369331 1.92906308 -0.86386054
v 2.31406998 1.93345332 -0.88463503
v 2.29473328 1.90226399 -0.86189818
v 2.31853914 1.90558958 -0.87880051
v 2.35029697 1.94755244 -0.72337609
v 2.34195995 2.0479362 -0.71337044
v 2.34729027 2.05211782 -0.75690096
v 2.35572075 1.95166909 -0.76690197
v 2.33242559 2.05356288 -0.78916466
v 2.34093499 1.95324873 -0.79919666
v 2.30542755 2.0521686 -0.80079114
v 2.31397843 1.9521166 -0.81087756
v 2.28247737 2.0481224 -0.77723592
v 2.29098987 1.94832456 -0.78736686
v 2.27876234 2.04486966 -0.74273926
v 2.28720474 1.94512808 -0.75287252
v 2.29518652 2.04335308 -0.70763862
v 2.30354142 1.94344914 -0.7177332
v 2.31993031 2.04491353 -0.70046472
v 2.32825565 1.94476115 -0.71051359
v 2.38532638 1.87717723 -0.48190447
v 2.40958905 1.87890613 -0.48109707
v 2.41801738 1.90738058 -0.48223349
v 2.4067471 1.93173134 -0.48599818
v 2.38294291 1.93036115 -0.49072873
v 2.35866975 1.92860424 -0.49126353
v 2.35005402 1.90297639 -0.48991146
v 2.36154961 1.87581718 -0.48669779
v 2.35705947 2.13744854 -0.75170648
v 2.3482573 2.13163399 -0.68893826
v 2.3543806 2.15237617 -0.67846769
v 2.36460733 2.15941357 -0.75187236
v 2.33469438 2.13982486 -0.79957747
v 2.33839559 2.16212487 -0.80788236
v 2.29284548 2.13817668 -0.81542575
v 2.28955626 2.15982675 -0.82634025
v 2.25831008 2.13283038 -0.78016394
v 2.24988746 2.15329027 -0.78615337
v 2.25339102 2.12835907 -0.72977775
v 2.24362421 2.14778518 -0.72627633
v 2.27723264 2.12596082 -0.67987334
v 2.2714653 2.14508175 -0.66801947
v 2.31423521 2.12751507 -0.66737294
v 2.31460857 2.14718294 -0.65331679
v 2.33418083 2.1322205 -0.70487165
v 2.33942532 2.13632059 -0.74839484
v 2.32449913 2.13783359 -0.7806009
v 2.29748439 2.13660407 -0.79214435
v 2.27458262 2.13273811 -0.76853215
v 2.27093744 2.12954759 -0.73403859
v 2.28742408 2.12795138 -0.69900232
v 2.31217813 2.12935352 -0.69190615
v 2.25898242 2.14414811 0.06238316
v 2.26632714 2.03229045 0.05102767
v 2.24168562 2.02996325 0.05011564
v 2.28476381 2.15019393 0.01166522
v 2.2919116 2.03951335 0.0009952
v 2.30243897 2.15657424 -0.04934411
v 2.30982136 2.04831409 -0.0602181
v 2.28671693 2.15643429 -0.060471
v 2.29436874 2.0483303 -0.07270652
v 2.25025677 2.0422523 -0.05836452
v 2.27227044 2.04788327 -0.08571876
v 2.23038697 2.03223538 0.02309849
v 2.37410283 1.90891885 -0.86610668
v 2.3527615 1.90841114 -0.87995809
v 2.37597918 1.93712794 -0.86962968
v 2.37037015 1.96057426 -0.857997
v 2.34909367 1.95999455 -0.87095886
v 2.34496355 1.94418025 -0.68829822
v 2.31388855 1.95409929 -0.8343591
v 2.35109186 1.9363929 -0.88412195
v 2.39163136 1.86491334 -0.33159366
v 2.36855626 1.86356091 -0.335298
v 2.40020179 1.89332878 -0.33221527
v 2.39025521 1.91798257 -0.33817043
v 2.36812925 1.91708636 -0.34648332
v 2.34500813 1.91569542 -0.34987068
v 2.33628058 1.89012599 -0.34901079
v 2.3464775 1.86267268 -0.34365299
v 2.35257101 2.17436599 -0.6762765
v 2.36276149 2.18139457 -0.74968355
v 2.33651828 2.1841073 -0.80568051
v 2.2876718 2.18180513 -0.82411122
v 2.24802136 2.17526245 -0.78389924
v 2.24178934 2.16976356 -0.72401994
v 2.26965761 2.16706228 -0.66578018
v 2.31281089 2.16917085 -0.65110421
v 2.33136224 2.17584133 -0.70055913
v 2.33656621 2.18001103 -0.7441011
v 2.32160472 2.18144536 -0.77631348
v 2.2945733 2.18003487 -0.78784531
v 2.27168917 2.17598414 -0.76421368
v 2.26807451 2.17274022 -0.72970879
v 2.2846024 2.17123413 -0.6946637
v 2.30936765 2.17281007 -0.68757861
v 1.24514281 1.57083535 1.5302329
v 1.21439409 2.02959752 1.61289429
v 1.58604598 1.63027989 1.15473997
v 1.56933927 2.09956359 1.25267982
v 1.91695296 2.24229049 0.73468107
v 1.92539882 1.76220107 0.63537257
v 2.13892865 2.32943415 0.32223302
v 2.15716552 1.86426639 0.25654003
v 2.20813703 2.39069342 -0.03724937
v 2.22541213 1.91592407 -0.08952114
v 2.35858416 2.4271028 -0.12621089
v 2.37753152 1.97087323 -0.19322463
v 2.45860028 2.46849536 -0.4088692
v 2.45644903 1.98197293 -0.36854282
v 2.44192528 2.394104 -0.76504868
v 2.4922142 1.93817424 -0.6517176
v 2.34043955 2.2384386 -1.11131858
v 2.44296574 1.81431424 -1.05042469
v 2.02196931 1.69505727 -1.6807512
v 2.20696115 1.37528657 -1.51174175
v 1.58901441 1.84332358 1.20630168
v 1.23824763 1.77261006 1.55201137
v 1.94008815 1.97553801 0.67882806
v 2.21772718 2.12748909 -0.06617386
v 2.45808768 2.19877481 -0.38597095
v 2.39819955 2.00348424 -1.07852757
v 2.12806105 1.51842534 -1.59058487
v 2.31245732 2.15631961 -0.12416379
v 2.37165474 2.11235547 -0.17243932
v 2.33398771 2.12228655 -0.14344513
v 2.40414047 2.18307662 -0.24199503
v 2.39576935 2.1370542 -0.22451141
v 2.36651897 2.23601388 -0.15427681
v 2.32291054 2.20849037 -0.12535333
v 2.39256501 2.22462725 -0.21274407
v 2.12565779 2.05710887 0.36292922
v 2.15139579 2.01139688 0.27733492
v 2.1351087 2.02085304 0.3325034
v 2.17032933 2.08439636 0.20801664
v 2.16660714 2.0371077 0.22309231
v 2.14667677 2.13171958 0.29433104
v 2.13037991 2.10529542 0.34911745
v 2.16242051 2.12178707 0.23818151
v 2.47221374 2.15769338 -0.61413306
v 2.47816968 2.07997965 -0.6870644
v 2.47688341 2.10647344 -0.62238156
v 2.46134614 2.11335825 -0.78214645
v 2.47000885 2.0869205 -0.74179369
v 2.46482658 2.20299983 -0.71767199
v 2.46836829 2.1925342 -0.65451937
v 2.45619106 2.17063164 -0.7854399
v 1.22784197 1.77455997 1.53206408
v 1.57392013 1.84424805 1.19147229
v 1.55419611 2.10047483 1.2378807
v 1.20417714 2.0315566 1.59287226
v 1.90772748 1.76295626 0.62438494
v 1.92310059 1.97647857 0.66758084
v 1.57110858 1.63126051 1.13996863
v 2.19267201 1.37295985 -1.49425327
v 2.114537 1.51595282 -1.5725032
v 2.37983322 2.00067973 -1.06682717
v 2.42366743 1.81173682 -1.04082417
v 1.23493063 1.5727483 1.51034402
v 1.89969074 2.24294877 0.72368907
v 2.00950741 1.69244802 -1.66191697
v 2.32230377 2.23584175 -1.09930276
v 2.20604395 1.91692626 -0.10675638
v 2.32550978 2.12449288 -0.16894871
v 2.30455231 2.15839791 -0.14980833
v 2.19833779 2.12842297 -0.08374694
v 2.36378788 1.97258889 -0.2150055
v 2.35791468 2.11407899 -0.19427725
v 2.43669152 1.98190319 -0.3784742
v 2.37837171 2.13770055 -0.23940534
v 2.43791365 2.19881677 -0.39469954
v 2.38636446 2.18348932 -0.25622403
v 2.18868804 2.39174532 -0.05511209
v 2.31525421 2.21077895 -0.15137206
v 2.35258007 2.23779177 -0.17655555
v 2.34464931 2.42888665 -0.14856359
v 2.43792605 2.46829295 -0.41598418
v 2.37475085 2.22519421 -0.22669097
v 2.11480236 2.02067899 0.32710012
v 2.10542082 2.05697035 0.357223
v 2.13678288 1.86404621 0.2514981
v 2.13100338 2.01117396 0.27233624
v 2.14612531 2.03684425 0.21855276
v 2.14979791 2.08411812 0.20374126
v 2.11007285 2.1051259 0.34368133
v 2.12628626 2.13149547 0.28932833
v 2.11852192 2.32920408 0.3172912
v 2.14195704 2.1215291 0.23358075
v 2.45588564 2.10550141 -0.62491852
v 2.45118093 2.15727186 -0.61567223
v 2.47118449 1.9365319 -0.65218102
v 2.45712828 2.07826447 -0.68689584
v 2.44947862 2.08443641 -0.73731303
v 2.44127559 2.11032056 -0.7756325
v 2.44734764 2.19162917 -0.65395551
v 2.4441955 2.20141387 -0.71298295
v 2.42145633 2.39244008 -0.75952768
v 2.43621134 2.16824555 -0.77809125
v 1.37027621 2.06164908 1.42509245
v 1.39163303 1.80555272 1.3773024
v 1.3828113 2.06011438 1.44249606
v 1.40418267 1.8040148 1.39477598
v 1.40686714 1.59996616 1.33874654
v 1.41933715 1.59842169 1.35621833
v 1.47238183 1.84655594 1.32458603
v 1.47175502 1.85369932 1.32635271
v 1.46936261 1.85256159 1.32849228
v 1.4674257 1.85049903 1.33003151
v 1.46624553 1.84784221 1.33074522
v 1.46599912 1.8449893 1.33052289
v 1.46672689 1.84237456 1.32939648
v 1.4683125 1.84039747 1.32754218
v 1.47051906 1.83935594 1.32523167
v 1.47300779 1.83941483 1.32281851
v 1.47538864 1.84055829 1.32067585
v 1.47731602 1.84261691 1.31911969
v 1.4784919 1.8452773 1.31839382
v 1.47873711 1.84812867 1.31861758
v 1.47801685 1.85074412 1.31973946
v 1.47643339 1.85272252 1.32161319
v 1.47423911 1.85375702 1.32393372
v 1.47050392 1.86798763 1.32987213
v 1.46331191 1.86455428 1.33628571
v 1.45748281 1.85838341 1.34087717
v 1.45391297 1.85041141 1.34297752
v 1.45316982 1.84185528 1.34228754
v 1.45536637 1.83401525 1.33892655
v 1.46015536 1.82807827 1.33338642
v 1.46679067 1.82495999 1.32650709
v 1.47425591 1.82512617 1.31929755
v 1.48140025 1.82856106 1.31284356
v 1.4871478 1.8347398 1.30814135
v 1.49064695 1.84271526 1.30592656
v 1.49137651 1.85127687 1.30656635
v 1.48922598 1.85911572 1.30996656
v 1.48451578 1.86504769 1.31561243
v 1.47794997 1.8681581 1.32260727
v 1.4692533 1.882272 1.33339619
v 1.45724248 1.87655139 1.34406352
v 1.4474771 1.86626422 1.35166084
v 1.44149458 1.85298824 1.35509276
v 1.44024276 1.83872628 1.35390913
v 1.44392705 1.8256607 1.34832799
v 1.45195424 1.81576573 1.33916938
v 1.46305763 1.81056416 1.32776165
v 1.47550499 1.81084072 1.31577241
v 1.48738682 1.81656181 1.30499911
v 1.49692165 1.82685685 1.29709732
v 1.50271248 1.84016013 1.29333961
v 1.50391435 1.85443151 1.2943722
v 1.50036168 1.86750555 1.30006849
v 1.49256324 1.87737822 1.30953121
v 1.481655 1.88256418 1.32125568
v 1.48243773 1.85266649 1.34853065
v 1.48486363 1.85381913 1.34635591
v 1.48548936 1.84667635 1.34459602
v 1.48047113 1.85060441 1.35009777
v 1.47926902 1.84794056 1.35082483
v 1.4790188 1.84508919 1.35060596
v 1.47975432 1.84247827 1.34947311
v 1.48135948 1.840505 1.34760391
v 1.48359823 1.83946943 1.34526836
v 1.4861164 1.83953416 1.34283149
v 1.48853945 1.84068787 1.3406558
v 1.49049556 1.84275031 1.33907818
v 1.49168527 1.84541189 1.33833944
v 1.49193787 1.84827101 1.33855056
v 1.49120771 1.85088145 1.33968579
v 1.48961031 1.85285306 1.34157085
v 1.48738455 1.85388863 1.34391462
v 1.47630989 1.86465001 1.3563925
v 1.48360884 1.86810672 1.34988808
v 1.47039556 1.85845565 1.36104762
v 1.46676254 1.85047864 1.36319589
v 1.46600389 1.84191381 1.36251735
v 1.4682244 1.8340795 1.35913741
v 1.47307574 1.82815825 1.35355544
v 1.47980594 1.82505714 1.34659886
v 1.48737382 1.82524871 1.33930242
v 1.49462068 1.82870256 1.33276236
v 1.50045764 1.83489811 1.32799196
v 1.50401485 1.8428893 1.32572782
v 1.50476121 1.85145854 1.32634484
v 1.50258863 1.85929131 1.32977068
v 1.49781608 1.86520457 1.33546662
v 1.49115955 1.86830067 1.34253871
v 1.48235154 1.88238775 1.35341727
v 1.49492573 1.88271999 1.34114253
v 1.50598669 1.87756669 1.32928705
v 1.51388657 1.86771273 1.31973946
v 1.51748001 1.85464859 1.31400668
v 1.51625251 1.84037184 1.31299769
v 1.51036465 1.82705104 1.31683409
v 1.50068545 1.81672298 1.32485449
v 1.48862874 1.81096184 1.33576834
v 1.4760046 1.81064665 1.34790206
v 1.4647485 1.81582093 1.35943377
v 1.45661497 1.82568979 1.36866927
v 1.45288848 1.83875346 1.3742851
v 1.45417082 1.8530178 1.3754431
v 1.46025288 1.86631679 1.3719412
v 1.47016632 1.87662899 1.36423206
v 1.49697983 1.89058899 1.34036254
v 1.48166632 1.89018368 1.35534405
v 1.47468996 1.89662122 1.3471291
v 1.49215781 1.89705717 1.32999444
v 1.51042532 1.88431525 1.32587981
v 1.5074805 1.88983142 1.31339442
v 1.52002191 1.87231171 1.31420409
v 1.51841127 1.87602198 1.29999756
v 1.5243808 1.85639429 1.30721008
v 1.52337503 1.85772883 1.29197466
v 1.52288496 1.8390001 1.30600655
v 1.52168345 1.83773529 1.29058396
v 1.51574218 1.82276666 1.31071782
v 1.51356887 1.81909441 1.29598653
v 1.50398135 1.81018471 1.32052493
v 1.50018024 1.80465769 1.30721545
v 1.4893105 1.80317032 1.3338468
v 1.48345756 1.7966175 1.32243704
v 1.47392845 1.80278718 1.34860408
v 1.46589684 1.7962073 1.33927977
v 1.46019089 1.80909133 1.36260545
v 1.45019078 1.80347693 1.35524594
v 1.45025241 1.82111573 1.37381613
v 1.43881189 1.81731045 1.36804258
v 1.44569599 1.83702707 1.38064551
v 1.43359208 1.83560562 1.3758496
v 1.44726383 1.85440564 1.38207757
v 1.43537592 1.85556721 1.37752258
v 1.45469474 1.87060344 1.37784874
v 1.44387197 1.87416768 1.37276315
v 1.46680498 1.88316547 1.36850225
v 1.45771241 1.88858056 1.36213064
v 1.46813082 1.89508521 1.33656227
v 1.48496675 1.89548766 1.32003223
v 1.49974453 1.88844776 1.30401432
v 1.51028311 1.87502908 1.29107928
v 1.51507747 1.85726547 1.28331911
v 1.51345288 1.83787477 1.28195643
v 1.50563824 1.81979739 1.28713357
v 1.49273562 1.80580294 1.29794347
v 1.47662365 1.79802846 1.31261098
v 1.45970261 1.79765296 1.3288654
v 1.44457173 1.80472838 1.34428358
v 1.43360984 1.8181746 1.3566513
v 1.42857325 1.8359344 1.36421072
v 1.43028426 1.85530519 1.36585271
v 1.43845808 1.87333965 1.36127245
v 1.45178306 1.88730716 1.35102748
v 1.48784077 1.89700675 1.32358551
v 1.47045123 1.89658176 1.34065461
v 1.50309801 1.88975894 1.30703949
v 1.51397895 1.87593996 1.29368352
v 1.51892697 1.85764396 1.28567314
v 1.51724696 1.83765566 1.28427588
v 1.50917351 1.81902718 1.28964221
v 1.49585104 1.80459678 1.30081856
v 1.47920656 1.79658114 1.31597149
v 1.46172368 1.79617941 1.33275497
v 1.44608843 1.80346679 1.34866416
v 1.43475985 1.81731283 1.36142015
v 1.42955684 1.83560645 1.36921143
v 1.43132805 1.85557127 1.37090539
v 1.43978011 1.8741579 1.3661673
v 1.45355534 1.88855814 1.35559606
v 1.33216548 1.68230938 1.46186375
v 1.33198773 1.68932139 1.46312642
v 1.32978534 1.68835842 1.46566569
v 1.32793486 1.68646955 1.4676187
v 1.32671809 1.6839503 1.46869874
v 1.32632172 1.68117785 1.46874606
v 1.32682406 1.67857599 1.46774399
v 1.32813978 1.6765362 1.46583557
v 1.33007574 1.67537474 1.46331167
v 1.33232963 1.67526757 1.46054494
v 1.33454179 1.67623138 1.45798218
v 1.33638143 1.67811954 1.45599329
v 1.33757257 1.68065118 1.4549036
v 1.33793354 1.68342876 1.45487499
v 1.33741974 1.68603348 1.45591008
v 1.33610868 1.6880691 1.45784759
v 1.33420789 1.68921828 1.46037578
v 1.33155298 1.70326232 1.46547472
v 1.32497811 1.70035314 1.47297966
v 1.3193767 1.69469499 1.47873508
v 1.31562793 1.68715345 1.48191869
v 1.31436741 1.67885327 1.48207926
v 1.31583964 1.67105007 1.47915816
v 1.31985247 1.66492974 1.47353065
v 1.32577097 1.66142392 1.46600806
v 1.33263766 1.66107976 1.45771133
v 1.33935499 1.66397345 1.44994282
v 1.3448646 1.66966211 1.4439392
v 1.34834611 1.6772778 1.44067347
v 1.34931778 1.68564236 1.44066083
v 1.34770226 1.69346177 1.44384992
v 1.34378171 1.6995548 1.44971644
v 1.33813309 1.7029854 1.45731532
v 1.33096051 1.7171005 1.4676733
v 1.32001018 1.71222138 1.47993087
v 1.31057882 1.70279693 1.48927819
v 1.30417239 1.69024431 1.4944477
v 1.30195426 1.67643642 1.49472546
v 1.30441784 1.6634444 1.49000716
v 1.31124508 1.65322268 1.48083031
v 1.32134389 1.64735353 1.46841287
v 1.33303368 1.64675927 1.45458614
v 1.34437727 1.65157926 1.44158709
v 1.35356533 1.66110682 1.43157482
v 1.35922372 1.67385697 1.42621278
v 1.36063242 1.68784725 1.4263184
v 1.35777258 1.70090258 1.43178081
v 1.35119319 1.71101939 1.44162488
v 1.34184527 1.71669399 1.45423388
v 1.34054434 1.68798899 1.48716795
v 1.34278166 1.68896281 1.48461365
v 1.3429836 1.68195712 1.4833678
v 1.33866214 1.68610262 1.48913276
v 1.33742928 1.68358016 1.49022257
v 1.3370409 1.68081224 1.49027323
v 1.3375566 1.6782124 1.48926961
v 1.33890855 1.67618119 1.48736524
v 1.34088373 1.6750288 1.48483228
v 1.34317255 1.67492604 1.48206615
v 1.34542715 1.67589485 1.47948098
v 1.34729349 1.67778921 1.47748363
v 1.34849607 1.68031907 1.4763832
v 1.34885573 1.68309676 1.47634971
v 1.34832632 1.68569564 1.47737717
v 1.3469901 1.68772327 1.47931504
v 1.3450483 1.68887019 1.48185634
v 1.33559465 1.69995391 1.4944936
v 1.34229373 1.70288896 1.48695719
v 1.32990372 1.69428908 1.5002712
v 1.32610893 1.68674778 1.5034821
v 1.32486188 1.67845535 1.503654
v 1.32640385 1.67067015 1.50074577
v 1.33051526 1.66456639 1.49513268
v 1.33655309 1.66108095 1.4875977
v 1.34353792 1.66075909 1.47927153
v 1.35035181 1.66366553 1.47144722
v 1.35593795 1.66936588 1.46540439
v 1.35945785 1.67697846 1.46210157
v 1.36043667 1.6853367 1.46206057
v 1.35877776 1.69314599 1.46525871
v 1.35477006 1.69921398 1.47113978
v 1.34900355 1.70263171 1.47877323
v 1.34165167 1.71670591 1.48916637
v 1.35275828 1.71633529 1.47567737
v 1.36229562 1.71069943 1.46300339
v 1.36900687 1.70061004 1.45311844
v 1.37191987 1.68757271 1.44764399
v 1.37049627 1.67359256 1.44756174
v 1.36476731 1.66084182 1.45300006
v 1.3554629 1.65130758 1.46311175
v 1.34396636 1.64645838 1.47619795
v 1.33210265 1.64701306 1.49007248
v 1.32181716 1.65284872 1.50249886
v 1.31481063 1.66303288 1.51165545
v 1.31222379 1.67600917 1.51634383
v 1.31441283 1.68980217 1.51603615
v 1.32088577 1.70235836 1.51084578
v 1.33048415 1.71179592 1.50146806
v 1.35471701 1.72379493 1.47403955
v 1.34122085 1.72421193 1.49033451
v 1.33571863 1.73067164 1.48087155
v 1.35103499 1.73020553 1.46230661
v 1.3663187 1.71697104 1.45864832
v 1.36421239 1.72237265 1.44473052
v 1.37454021 1.70470082 1.44657337
v 1.37362802 1.70827198 1.43086886
v 1.37821173 1.68880522 1.43980753
v 1.37794256 1.68998897 1.42302525
v 1.37661683 1.67173719 1.4396069
v 1.37627184 1.67032182 1.42265975
v 1.36972892 1.65615141 1.44615161
v 1.36841726 1.65237379 1.43002784
v 1.3583827 1.64450335 1.45845079
v 1.35541892 1.63897287 1.44405818
v 1.34426546 1.63859021 1.47441375
v 1.33925688 1.63218116 1.4623661
v 1.32964825 1.6392852 1.49128186
v 1.32242643 1.63300907 1.48169875
v 1.31694304 1.64640831 1.50632059
v 1.3077954 1.64123797 1.49887895
v 1.30828857 1.65882408 1.51732277
v 1.29785561 1.65553283 1.51141583
v 1.30510926 1.67461979 1.52292895
v 1.29426324 1.67370355 1.51777052
v 1.30783724 1.69142007 1.52256321
v 1.29748046 1.69300186 1.5173676
v 1.31582796 1.70670199 1.51636707
v 1.30671501 1.71056032 1.5103755
v 1.32760214 1.71820938 1.50513446
v 1.32020616 1.72377014 1.49766767
v 1.33026206 1.72944295 1.46956896
v 1.3449893 1.72895956 1.45158064
v 1.35766708 1.72132551 1.43456018
v 1.36671984 1.70761454 1.42115879
v 1.37086165 1.68985354 1.41357719
v 1.36923182 1.67076933 1.4132266
v 1.36165833 1.65336084 1.42032659
v 1.34911835 1.64036846 1.43386399
v 1.3335371 1.63379669 1.45153999
v 1.31733238 1.63461566 1.47026073
v 1.30328595 1.64262092 1.48694765
v 1.29377961 1.65651989 1.49915516
v 1.29037964 1.67417192 1.5053786
v 1.29351007 1.69291853 1.5050075
v 1.30239558 1.70995748 1.49822139
v 1.31535971 1.72276496 1.48587083
v 1.34744584 1.73031556 1.45534277
v 1.33222913 1.73079526 1.47386825
v 1.36054825 1.72246766 1.43779718
v 1.36991703 1.70835006 1.42396879
v 1.37421751 1.69005262 1.4161365
v 1.37256681 1.67038834 1.41575157
v 1.36473584 1.65244293 1.42307388
v 1.35178077 1.63904011 1.43704795
v 1.33568394 1.63226354 1.45530426
v 1.31892192 1.63309919 1.47460436
v 1.30436909 1.64134681 1.49177837
v 1.29450845 1.65566122 1.50431978
v 1.29096734 1.67383956 1.51069796
v 1.29419767 1.69315075 1.51031661
v 1.30339992 1.71070313 1.50333213
v 1.31681299 1.72390508 1.49064242
v 1.31324636 1.95441424 1.51545727
v 1.31229865 1.96170008 1.51766693
v 1.31027817 1.96062088 1.52013087
v 1.30870437 1.95859289 1.52186512
v 1.30782234 1.95593154 1.52260839
v 1.30775785 1.95302951 1.52225923
v 1.30852639 1.95034444 1.52086365
v 1.31000781 1.94827508 1.51865172
v 1.31197595 1.94714546 1.51593697
v 1.31412458 1.9471209 1.51314616
v 1.31612718 1.94820928 1.51069688
v 1.31768822 1.95023787 1.50895416
v 1.31856536 1.95290672 1.50819289
v 1.31863462 1.95579755 1.50852358
v 1.31787967 1.95848047 1.50990343
v 1.3164066 1.96054279 1.51213312
v 1.31445217 1.96167087 1.51485645
v 1.31022191 1.97622442 1.52176165
v 1.30410397 1.97299408 1.52914822
v 1.2993139 1.96692049 1.53431844
v 1.29660892 1.95892822 1.53650283
v 1.29642307 1.95023155 1.53540074
v 1.29877781 1.94216489 1.53121316
v 1.30327391 1.93595361 1.52459502
v 1.30920803 1.93256247 1.51653325
v 1.31566166 1.93250298 1.50823032
v 1.32166075 1.93577885 1.50092732
v 1.32632172 1.94188177 1.49570953
v 1.32896029 1.94987809 1.49338722
v 1.32918679 1.95854926 1.49433279
v 1.3269509 1.96657359 1.49843788
v 1.32258009 1.97274982 1.50510287
v 1.31671047 1.97613406 1.51329803
v 1.30793225 1.99067974 1.52542221
v 1.29760551 1.98531317 1.53770732
v 1.28947246 1.9752115 1.54623031
v 1.2848531 1.96189284 1.54974675
v 1.28452849 1.94739282 1.54781687
v 1.28851819 1.93393158 1.54084575
v 1.29612481 1.92357552 1.5299139
v 1.30610632 1.9179306 1.51664054
v 1.31690299 1.91784656 1.50296342
v 1.32691597 1.92333197 1.49091494
v 1.33471047 1.93352901 1.48227429
v 1.33914709 1.94685959 1.47838079
v 1.33957779 1.96128714 1.47987699
v 1.33590042 1.97463512 1.4866172
v 1.32863211 1.98489475 1.49766075
v 1.31882786 1.99052929 1.511312
v 1.32107651 1.96039736 1.54155933
v 1.32314729 1.96148705 1.5390675
v 1.32412219 1.95420718 1.53690481
v 1.31946051 1.95837271 1.54332804
v 1.31855666 1.95570552 1.54409718
v 1.31849026 1.95281171 1.54376471
v 1.31928992 1.95012962 1.5423845
v 1.32081019 1.94806563 1.54016661
v 1.32283163 1.94693625 1.53743994
v 1.32503533 1.94692063 1.53462672
v 1.3270924 1.94800961 1.53214323
v 1.32868969 1.95004177 1.5303775
v 1.32958567 1.95270657 1.52958607
v 1.32965433 1.95560228 1.5298978
v 1.32887733 1.95828247 1.53126704
v 1.32736766 1.9603399 1.53349804
v 1.32535874 1.96146595 1.53623926
v 1.31474793 1.97275173 1.5505588
v 1.32102727 1.97600007 1.54309213
v 1.30983328 1.96667408 1.55580711
v 1.3070538 1.95868277 1.55807292
v 1.3068763 1.9499886 1.55702471
v 1.30930507 1.94192671 1.55287277
v 1.3139404 1.93572819 1.54625523
v 1.32004344 1.93234992 1.53815543
v 1.32666122 1.93230044 1.52978646
v 1.33280384 1.93558979 1.5223869
v 1.33756637 1.94170403 1.51707947
v 1.3402574 1.94970226 1.51467776
v 1.34047925 1.95837438 1.5155698
v 1.33818686 1.96639084 1.51964974
v 1.33369934 1.97254955 1.52632737
v 1.32768023 1.97592914 1.53457212
v 1.31871771 1.99044108 1.54669117
v 1.32988667 1.99031329 1.53247714
v 1.33992791 1.98470366 1.51874458
v 1.34736514 1.97446715 1.5076791
v 1.35112714 1.96112966 1.50096118
v 1.35070657 1.94670999 1.49954521
v 1.34618806 1.93336761 1.5035721
v 1.33824586 1.92315709 1.51238179
v 1.32800173 1.91764891 1.52458941
v 1.31693005 1.91770947 1.53838944
v 1.30666983 1.92333805 1.55172383
v 1.29882597 1.93367266 1.56264889
v 1.29469835 1.94713127 1.56955778
v 1.29501986 1.96162402 1.57138204
v 1.29975938 1.97494185 1.56775224
v 1.30812227 1.98505437 1.55909168
v 1.33107852 1.99813127 1.53116893
v 1.31740605 1.99829053 1.54846787
v 1.31110298 2.00495028 1.53959929
v 1.32669091 2.0047481 1.51980865
v 1.34333574 1.99131369 1.51447057
v 1.34064996 1.99690294 1.50069928
v 1.35238277 1.97886526 1.5010488
v 1.35094857 1.98260295 1.48536217
v 1.35693252 1.96264255 1.49293971
v 1.35610127 1.96398425 1.47610867
v 1.35636806 1.94508564 1.49127852
v 1.35540175 1.94381344 1.47418761
v 1.35081839 1.92883551 1.49618518
v 1.34902644 1.92513763 1.47973096
v 1.34111273 1.9163742 1.50684618
v 1.33793604 1.91082561 1.49181091
v 1.32861375 1.9096421 1.52163195
v 1.32369363 1.90308165 1.50858581
v 1.31508743 1.90970099 1.53830885
v 1.30829298 1.90315008 1.5275532
v 1.30251383 1.91655325 1.55442917
v 1.29397559 1.91102838 1.54592108
v 1.29287254 1.92915272 1.56765365
v 1.28298127 1.92551446 1.56104612
v 1.28779745 1.94554233 1.5760585
v 1.27719712 1.94437468 1.5707196
v 1.28821122 1.96320843 1.578336
v 1.27768886 1.96467948 1.57346141
v 1.29407429 1.97942435 1.57400488
v 1.28442323 1.98331558 1.56866633
v 1.3043816 1.99173319 1.56354832
v 1.29622316 1.99744164 1.55680918
v 1.30575251 2.003587 1.52834773
v 1.32068896 2.00337362 1.50920999
v 1.33408367 1.99574005 1.49072146
v 1.34397316 1.98184001 1.47585105
v 1.34892511 1.96375036 1.46684837
v 1.34825193 1.94417429 1.46492362
v 1.34211623 1.92606318 1.47020733
v 1.3314464 1.91218328 1.48181831
v 1.31776392 1.90469253 1.49799859
v 1.30299961 1.90477192 1.51632976
v 1.28931117 1.912431 1.53413164
v 1.27883124 1.92650187 1.54882574
v 1.27332687 1.94480657 1.55826711
v 1.27380895 1.96452176 1.56098842
v 1.28023862 1.98260331 1.55639457
v 1.2915225 1.9963094 1.54495513
v 1.32304108 2.00481414 1.51295602
v 1.30757439 2.00502467 1.5326941
v 1.33690726 1.99695944 1.49388253
v 1.34713971 1.98265039 1.47856521
v 1.35225284 1.96401274 1.46931374
v 1.35155367 1.94384849 1.46735274
v 1.34520649 1.92518639 1.47283208
v 1.33416938 1.91087377 1.4848355
v 1.32001721 1.90314924 1.50152516
v 1.3047316 1.903216 1.52043068
v 1.290542 1.91110849 1.53876042
v 1.27965736 1.92560243 1.55388486
v 1.27393627 1.9444611 1.56359505
v 1.27443575 1.96477162 1.56638729
v 1.28111362 1.98340678 1.56163942
v 1.29281914 1.99752795 1.54983723
v 2.0988574 2.38048505 -1.19497585
v 2.09849214 2.38612508 -1.19447195
v 2.09759545 2.38581061 -1.19689369
v 2.09688258 2.38468313 -1.19901514
v 2.09645867 2.38292169 -1.20051372
v 2.09639596 2.3807826 -1.20116186
v 2.0967071 2.37860703 -1.20086312
v 2.09733533 2.37670803 -1.19965982
v 2.09818744 2.37539696 -1.197739
v 2.09913349 2.37485194 -1.19538414
v 2.10002493 2.37516403 -1.1929593
v 2.10072708 2.37628722 -1.19083106
v 2.10113978 2.3780508 -1.18932855
v 2.10119819 2.38018488 -1.18867456
v 2.1008954 2.38236355 -1.18897593
v 2.10027647 2.38425946 -1.19018733
v 2.09943509 2.38557767 -1.19211864
v 2.09750342 2.39740109 -1.19317793
v 2.09479856 2.39645671 -1.20043528
v 2.09262418 2.39308023 -1.20677495
v 2.09132862 2.38778567 -1.21124947
v 2.09113478 2.38137626 -1.21318113
v 2.09207296 2.37484002 -1.21229589
v 2.09399437 2.36915946 -1.20871067
v 2.09658551 2.36520838 -1.20296561
v 2.09943199 2.36357593 -1.19591391
v 2.10209441 2.3645184 -1.18863403
v 2.10417628 2.36788749 -1.1822319
v 2.10538029 2.37317419 -1.17769753
v 2.10554432 2.37957668 -1.17573738
v 2.10464859 2.38612008 -1.17665374
v 2.10282135 2.39180326 -1.18029487
v 2.10031962 2.39577198 -1.1861031
v 2.09616851 2.40868949 -1.19150543
v 2.09163141 2.4071083 -1.20357668
v 2.08794879 2.40147662 -1.21410477
v 2.08574175 2.39264345 -1.22152137
v 2.08540177 2.38196897 -1.22473907
v 2.08699464 2.37107563 -1.22328174
v 2.0902574 2.36161327 -1.21734678
v 2.09470582 2.35496139 -1.20788312
v 2.09951591 2.35220098 -1.19618892
v 2.10386657 2.35383105 -1.18397831
v 2.10723757 2.35949087 -1.17323553
v 2.10919594 2.36829423 -1.16564559
v 2.10945177 2.37896633 -1.16236662
v 2.10797715 2.38987302 -1.16390037
v 2.10497546 2.39935255 -1.17000317
v 2.10084819 2.40596556 -1.17970907
v 2.07956457 2.38647508 -1.18673241
v 2.0804584 2.3867979 -1.18434834
v 2.0808618 2.38115811 -1.1848973
v 2.07885551 2.38535165 -1.18883109
v 2.07844781 2.38358879 -1.19032609
v 2.0784049 2.38145232 -1.1909852
v 2.07872843 2.37927293 -1.19071149
v 2.07936954 2.37737774 -1.18954324
v 2.08023333 2.37606453 -1.18766462
v 2.08118176 2.37552213 -1.18535399
v 2.08206939 2.37583684 -1.1829642
v 2.08276867 2.37696266 -1.18085777
v 2.0831685 2.37872481 -1.17935895
v 2.08321142 2.38086676 -1.17869842
v 2.08289074 2.38304448 -1.17897558
v 2.08225917 2.38493418 -1.18014693
v 2.08140325 2.38625645 -1.18203544
v 2.07669711 2.39712715 -1.19012212
v 2.0793972 2.39807462 -1.18296587
v 2.07455134 2.39374232 -1.1963967
v 2.07329559 2.38844323 -1.20085096
v 2.07314658 2.3820362 -1.20281946
v 2.07413101 2.37550091 -1.20200884
v 2.07609081 2.36982226 -1.19853484
v 2.07871079 2.36587786 -1.19291567
v 2.08156943 2.36424851 -1.18598723
v 2.0842266 2.36519432 -1.17880737
v 2.08628416 2.36856722 -1.17247414
v 2.08745622 2.37386417 -1.16796541
v 2.08757519 2.3802669 -1.16597104
v 2.08662915 2.38680648 -1.1668117
v 2.08476138 2.39248776 -1.17034089
v 2.0822246 2.3964498 -1.176023
v 2.07800364 2.40936064 -1.18121326
v 2.08270573 2.40664839 -1.16963517
v 2.08688616 2.40004348 -1.16015005
v 2.08996009 2.39056682 -1.15423524
v 2.09151268 2.37966227 -1.15282821
v 2.09133029 2.36899137 -1.15615725
v 2.08942484 2.36018061 -1.16370785
v 2.08605599 2.35453796 -1.17430293
v 2.08169341 2.35292005 -1.18632054
v 2.07687568 2.35565972 -1.19781851
v 2.07242965 2.36226582 -1.20712018
v 2.06910729 2.3717215 -1.2128756
v 2.06743621 2.38261914 -1.21420764
v 2.06769919 2.39329552 -1.21093571
v 2.06983661 2.4021337 -1.20354354
v 2.0734725 2.40777421 -1.1931144
v 2.08282566 2.4122138 -1.16599643
v 2.07710385 2.41552162 -1.18011236
v 2.08530235 2.42032027 -1.18428421
v 2.091856 2.41651034 -1.16791915
v 2.08789348 2.40416383 -1.15442287
v 2.09761881 2.40725779 -1.15445756
v 2.09161472 2.39261603 -1.14720213
v 2.10181403 2.39397764 -1.14601528
v 2.0934875 2.3793292 -1.14548516
v 2.10390591 2.37870717 -1.14395034
v 2.09327554 2.36633396 -1.14955246
v 2.10363078 2.36377167 -1.14860236
v 2.0909841 2.35559654 -1.15876352
v 2.10100817 2.35142135 -1.15925037
v 2.08700037 2.34864926 -1.17177605
v 2.09658503 2.34330868 -1.17444133
v 2.08175706 2.34662151 -1.18647694
v 2.09064269 2.34091496 -1.19152462
v 2.07584142 2.34998774 -1.20043575
v 2.08379435 2.34482741 -1.20765399
v 2.07028174 2.3581376 -1.21164977
v 2.07725763 2.35432124 -1.22052335
v 2.06618499 2.36965704 -1.21861887
v 2.07248783 2.36762428 -1.22857093
v 2.06413292 2.38293218 -1.22023284
v 2.07015991 2.38287448 -1.23048985
v 2.06446266 2.39593982 -1.21625137
v 2.0706036 2.39782667 -1.22596514
v 2.06709766 2.40670609 -1.20726645
v 2.07370924 2.41020321 -1.21564364
v 2.07156491 2.41358923 -1.19459497
v 2.07891035 2.41810369 -1.20103383
v 2.09468507 2.4188137 -1.18968141
v 2.10103082 2.41510987 -1.17365026
v 2.10659313 2.4061234 -1.16043627
v 2.11061906 2.39323377 -1.15211737
v 2.11259985 2.37841057 -1.15002763
v 2.11228108 2.3639183 -1.15450382
v 2.10969686 2.35192966 -1.1648699
v 2.10538172 2.34405398 -1.17969155
v 2.09960341 2.34173893 -1.19639027
v 2.09297108 2.34553933 -1.21219277
v 2.08665895 2.35476541 -1.22482442
v 2.08207082 2.36768603 -1.23275089
v 2.07986736 2.38248968 -1.23470878
v 2.08034586 2.39699959 -1.23035085
v 2.08340716 2.40900349 -1.22031331
v 2.08847832 2.41666817 -1.20605731
v 2.09770345 2.41628789 -1.17112624
v 2.09115409 2.42010045 -1.18758666
v 2.10343813 2.40703272 -1.15756762
v 2.10760092 2.39375066 -1.1490426
v 2.10965943 2.37847733 -1.14691662
v 2.10934996 2.36354303 -1.15154743
v 2.10671472 2.35119366 -1.16222548
v 2.10229992 2.34305787 -1.1774826
v 2.09635734 2.34066343 -1.19465196
v 2.08951044 2.34457945 -1.21087014
v 2.08297419 2.35409641 -1.22381472
v 2.07821536 2.367419 -1.23192715
v 2.07591962 2.38266539 -1.23390197
v 2.07639932 2.39761734 -1.2294023
v 2.07954001 2.40999102 -1.21907341
v 2.08476305 2.41788554 -1.2044115
v 2.10782265 2.0677042 -1.21764028
v 2.10750269 2.07280778 -1.21721983
v 2.10667014 2.07251906 -1.21963703
v 2.10600352 2.07150197 -1.22174954
v 2.10560798 2.06990981 -1.22322726
v 2.10554838 2.06798434 -1.22385323
v 2.10583281 2.06602001 -1.22353267
v 2.10641741 2.06431341 -1.22231066
v 2.10720849 2.06312131 -1.22037637
v 2.10808277 2.0626316 -1.21801304
v 2.10890841 2.06291961 -1.2155894
v 2.10956263 2.06393098 -1.21346736
v 2.10993933 2.06552958 -1.21197843
v 2.10999703 2.06745934 -1.21135222
v 2.1097207 2.06942534 -1.21167755
v 2.10915136 2.07112813 -1.21290493
v 2.10837411 2.07231974 -1.21485638
v 2.10667038 2.08308792 -1.21621131
v 2.10414362 2.08222031 -1.22345781
v 2.10209941 2.07916998 -1.22975468
v 2.10086941 2.07439851 -1.23416292
v 2.1006782 2.06863045 -1.23603487
v 2.10156106 2.06273293 -1.23508954
v 2.10336375 2.05760479 -1.231462
v 2.10578751 2.05402874 -1.22568035
v 2.10842824 2.05254817 -1.21861112
v 2.11088132 2.05340123 -1.21131968
v 2.11278915 2.05645275 -1.20492804
v 2.11388754 2.0612452 -1.20043396
v 2.1140418 2.06704068 -1.19853091
v 2.11323499 2.0729537 -1.19952523
v 2.11157083 2.07807612 -1.20324659
v 2.10927724 2.08163809 -1.20911335
v 2.10558533 2.09349465 -1.2149899
v 2.10132575 2.09204554 -1.22703504
v 2.09782815 2.0869596 -1.23747444
v 2.09571123 2.07900548 -1.24477601
v 2.09537816 2.06938862 -1.24788427
v 2.09689927 2.05955863 -1.24634254
v 2.09999918 2.05100226 -1.24035894
v 2.10411763 2.04502248 -1.23078334
v 2.10854768 2.04254102 -1.21902382
v 2.11260151 2.04394602 -1.20685601
v 2.11571002 2.04904508 -1.19615685
v 2.11747336 2.05705475 -1.18861436
v 2.11770606 2.06673836 -1.18542718
v 2.11638951 2.07661604 -1.18709194
v 2.11368203 2.0851612 -1.19333505
v 2.10991478 2.09108591 -1.20314943
v 2.08896398 2.0736978 -1.21021378
v 2.08979654 2.0739901 -1.20782876
v 2.09015202 2.06886124 -1.20828187
v 2.0883069 2.07267761 -1.21229982
v 2.08792138 2.07107949 -1.21377217
v 2.08787512 2.06914138 -1.21440303
v 2.08817195 2.06716394 -1.21410167
v 2.08876729 2.06544637 -1.21290779
v 2.08956694 2.06425404 -1.21101152
v 2.09044671 2.06375956 -1.20868694
v 2.09126806 2.06404042 -1.20629298
v 2.09191346 2.06506347 -1.20419883
v 2.09228563 2.06666827 -1.20271623
v 2.09232974 2.06860637 -1.20208287
v 2.09203815 2.0705862 -1.20239102
v 2.09145832 2.07230305 -1.20358872
v 2.09067082 2.0734992 -1.20550143
v 2.08638191 2.08345389 -1.21390247
v 2.08890414 2.08432531 -1.20675694
v 2.08435416 2.08038687 -1.22013413
v 2.08315944 2.07559204 -1.22452068
v 2.08300519 2.06978893 -1.22640907
v 2.08392429 2.06385922 -1.22551882
v 2.08576202 2.05870556 -1.221982
v 2.08820605 2.05510592 -1.21630966
v 2.09085607 2.053617 -1.20934808
v 2.09330558 2.05447101 -1.20215868
v 2.09519767 2.05753469 -1.19583344
v 2.09627103 2.06234884 -1.19136893
v 2.09638762 2.06817841 -1.18945598
v 2.09554052 2.07412362 -1.19038736
v 2.09384465 2.07927322 -1.19401407
v 2.09151983 2.08286094 -1.19977212
v 2.08775687 2.09478497 -1.20547485
v 2.09211182 2.0923531 -1.1938287
v 2.09592723 2.08638548 -1.18420255
v 2.09869527 2.07778906 -1.17811632
v 2.10007667 2.06785583 -1.17654395
v 2.09989976 2.05812168 -1.17975509
v 2.09817504 2.05007982 -1.18724644
v 2.09509539 2.04496097 -1.19782209
v 2.09104585 2.04354691 -1.20983099
v 2.08659791 2.04604506 -1.22140729
v 2.08244943 2.05205607 -1.23080253
v 2.07929849 2.0606594 -1.236642
v 2.07771658 2.07054734 -1.23809051
v 2.07798576 2.0802195 -1.2349503
v 2.0800457 2.08821845 -1.22768938
v 2.08350515 2.0933299 -1.21735656
v 2.09232759 2.09758782 -1.19049382
v 2.08702206 2.10054802 -1.20468604
v 2.09521627 2.10468745 -1.20875001
v 2.10128736 2.10130429 -1.19230568
v 2.09694457 2.09032154 -1.17874693
v 2.10652852 2.09299254 -1.17865753
v 2.10028052 2.07983684 -1.17130911
v 2.11028146 2.08097004 -1.16998362
v 2.10193967 2.06772446 -1.16938543
v 2.11213135 2.06707 -1.16770565
v 2.10173964 2.05584716 -1.17331075
v 2.11187624 2.05343008 -1.17221236
v 2.09968209 2.04602932 -1.18246603
v 2.10952544 2.04216313 -1.18279373
v 2.09597873 2.03979134 -1.19538366
v 2.10529899 2.03499841 -1.19775152
v 2.09106349 2.03807783 -1.21002364
v 2.09966945 2.03303575 -1.21469581
v 2.08562707 2.04112887 -1.2241081
v 2.09340786 2.03654599 -1.23099565
v 2.08051466 2.0484662 -1.23551929
v 2.08750009 2.04497051 -1.24418854
v 2.07662057 2.05895447 -1.24258744
v 2.08299326 2.05700421 -1.25236702
v 2.07465314 2.07100391 -1.24432492
v 2.08074903 2.07081794 -1.25440287
v 2.07499098 2.08279228 -1.24050271
v 2.08118915 2.08432817 -1.25004291
v 2.0775392 2.09253668 -1.23168802
v 2.08420229 2.0954926 -1.23991227
v 2.08181047 2.09876728 -1.21913671
v 2.08918476 2.10264039 -1.22545003
v 2.10438871 2.10295009 -1.21370637
v 2.11027264 2.09968471 -1.19761467
v 2.11533117 2.09163737 -1.18424308
v 2.11893868 2.08000898 -1.17572021
v 2.12069487 2.06655931 -1.17344784
v 2.12041068 2.05335712 -1.17780506
v 2.11809492 2.04244542 -1.18810629
v 2.11396265 2.03551077 -1.2027018
v 2.10848999 2.03360366 -1.21925711
v 2.10242152 2.03699779 -1.23520219
v 2.09672021 2.04514789 -1.24813354
v 2.0923922 2.05679893 -1.2561841
v 2.09026002 2.07016611 -1.25822663
v 2.09073114 2.08323836 -1.25401449
v 2.09368801 2.09404182 -1.24414992
v 2.09853816 2.10096144 -1.23003089
v 2.10702395 2.10090446 -1.19528222
v 2.10096097 2.10427212 -1.2118119
v 2.11224484 2.09260463 -1.18155181
v 2.11596918 2.08060073 -1.17280328
v 2.11778831 2.06672382 -1.1704818
v 2.11751389 2.05311131 -1.17498159
v 2.11514735 2.04185295 -1.18558955
v 2.11090469 2.0347023 -1.20060086
v 2.1052761 2.03274154 -1.21762239
v 2.0990169 2.036242 -1.23399889
v 2.09312105 2.04465007 -1.24726831
v 2.08863735 2.05666494 -1.25551509
v 2.08641648 2.07045793 -1.25759637
v 2.08688545 2.08394098 -1.25324463
v 2.0899291 2.09508609 -1.24309933
v 2.09492874 2.10222125 -1.22858691
v 1.38227689 2.10591292 -1.9139167
v 1.38207125 2.11365938 -1.91302335
v 1.38523817 2.11311626 -1.91208553
v 1.38795888 2.11147236 -1.91142833
v 1.3898195 2.10898137 -1.91115713
v 1.39052403 2.10602521 -1.91131722
v 1.38997709 2.10304951 -1.91187679
v 1.38826501 2.10051083 -1.91275191
v 1.38564157 2.09879517 -1.9138149
v 1.38250291 2.09816122 -1.9148935
v 1.37933433 2.09869933 -1.91582286
v 1.37661075 2.1003406 -1.91647267
v 1.3747549 2.10282969 -1.91673564
v 1.37404155 2.10578441 -1.91657865
v 1.37458634 2.10876131 -1.91601848
v 1.37630009 2.11130213 -1.91515338
v 1.37892735 2.11302065 -1.91410136
v 1.38170337 2.1291244 -1.91148805
v 1.39121913 2.12748956 -1.90865755
v 1.39937186 2.12254929 -1.90666341
v 1.40492856 2.11507058 -1.9058305
v 1.40704274 2.10619568 -1.90629124
v 1.40540957 2.09727621 -1.90798056
v 1.40026605 2.08966827 -1.91063654
v 1.39240169 2.08452343 -1.9138304
v 1.38300108 2.08262038 -1.91706788
v 1.37349355 2.08424782 -1.91984891
v 1.36531865 2.08915996 -1.92176497
v 1.35972762 2.09661316 -1.92253494
v 1.35759496 2.10547685 -1.92206263
v 1.35921812 2.11440825 -1.92041683
v 1.36438036 2.12204146 -1.91783905
v 1.37227463 2.12721204 -1.91471231
v 1.3814032 2.14455795 -1.91025114
v 1.39727187 2.14181518 -1.90555465
v 1.41084003 2.13361096 -1.90207827
v 1.420071 2.12114667 -1.90059089
v 1.42358982 2.1063137 -1.90144956
v 1.42086362 2.0914402 -1.90431451
v 1.41230189 2.07877206 -1.90876507
v 1.39921128 2.07021594 -1.91411948
v 1.38355696 2.06705141 -1.9195168
v 1.3677051 2.06976079 -1.92412579
v 1.35407888 2.0779345 -1.92726278
v 1.34475088 2.09033846 -1.92851638
v 1.341169 2.10510492 -1.92773556
v 1.34388995 2.11999559 -1.92504036
v 1.35249793 2.13272643 -1.92081666
v 1.36567926 2.1413598 -1.91564333
v 1.3924508 2.11733102 -1.93640446
v 1.38923096 2.11787414 -1.93735373
v 1.38943517 2.1101365 -1.93822157
v 1.39520633 2.11569285 -1.9357388
v 1.39708721 2.11320376 -1.93545615
v 1.39779937 2.11024665 -1.93560159
v 1.39725315 2.10727095 -1.9361521
v 1.39550054 2.10473489 -1.93702745
v 1.39283454 2.1030159 -1.93808603
v 1.38965642 2.10238361 -1.93917477
v 1.38643598 2.10292363 -1.94011879
v 1.38367259 2.10456252 -1.94077777
v 1.38178813 2.10704922 -1.94104957
v 1.38107073 2.11000561 -1.94090616
v 1.38162767 2.11297965 -1.94035244
v 1.38337326 2.11552286 -1.93949008
v 1.38604664 2.11724042 -1.93843996
v 1.39853882 2.13169837 -1.93301177
v 1.38888096 2.13333869 -1.93587219
v 1.40680742 2.12676096 -1.93098688
v 1.41244339 2.11928772 -1.93010902
v 1.4145739 2.11041712 -1.93054103
v 1.41290092 2.10149979 -1.93220877
v 1.40767264 2.09389305 -1.93485307
v 1.39967775 2.08874607 -1.93806111
v 1.39013612 2.08684682 -1.94130957
v 1.38048338 2.08847737 -1.94412589
v 1.37220013 2.09338164 -1.94607782
v 1.36653935 2.1008315 -1.9468826
v 1.36437737 2.10969924 -1.94644248
v 1.36604154 2.11862206 -1.94482231
v 1.3712908 2.12625336 -1.94224965
v 1.37931525 2.13141918 -1.9391098
v 1.38859534 2.14876794 -1.93463242
v 1.37263226 2.14556717 -1.94008457
v 1.35924768 2.13693118 -1.94530749
v 1.35049164 2.1242001 -1.94952762
v 1.34770906 2.10931778 -1.9521892
v 1.35132551 2.09455537 -1.95291638
v 1.36077046 2.08215713 -1.95160007
v 1.37459969 2.07399249 -1.94839429
v 1.39067721 2.0712831 -1.94372808
v 1.40657722 2.07444095 -1.93830382
v 1.41987395 2.08300447 -1.93293738
v 1.42858111 2.09566068 -1.92850005
v 1.43136775 2.1105442 -1.92563259
v 1.42781758 2.12538433 -1.92481184
v 1.41846394 2.13783311 -1.92637455
v 1.40469384 2.14603161 -1.92993199
v 1.36898899 2.15328764 -1.94054818
v 1.38842642 2.15719986 -1.93383097
v 1.38474071 2.16216898 -1.92107784
v 1.36256086 2.15766477 -1.92883408
v 1.35269248 2.14274048 -1.94709754
v 1.34399628 2.1455183 -1.93648779
v 1.3420124 2.12722539 -1.95219361
v 1.33181965 2.12767148 -1.9423269
v 1.33862817 2.10908746 -1.95539772
v 1.32796096 2.10683178 -1.9459933
v 1.34304428 2.09110856 -1.95627844
v 1.33301293 2.08617544 -1.94703698
v 1.35455322 2.07601356 -1.95469546
v 1.34617853 2.06882858 -1.94527244
v 1.37140405 2.06606769 -1.95081603
v 1.36540591 2.05741095 -1.94089567
v 1.39099788 2.06278252 -1.94515764
v 1.38776087 2.05363082 -1.9344573
v 1.41035091 2.06662774 -1.93854284
v 1.40983092 2.05804586 -1.92687773
v 1.4265455 2.07704258 -1.93199014
v 1.42828846 2.07000231 -1.91933751
v 1.43714499 2.09245419 -1.92656803
v 1.440364 2.08771324 -1.91305685
v 1.44053709 2.11063981 -1.92288696
v 1.44420766 2.10866642 -1.90865302
v 1.43621063 2.12875866 -1.92179071
v 1.43926429 2.12952661 -1.90727734
v 1.42482996 2.14392471 -1.9237765
v 1.42629492 2.14696073 -1.90957295
v 1.40806865 2.15386843 -1.92814648
v 1.40715336 2.15836548 -1.91455245
v 1.3811351 2.15841126 -1.90896928
v 1.35977459 2.15404105 -1.91644275
v 1.34188652 2.1422677 -1.92372071
v 1.33016717 2.12495017 -1.92936921
v 1.32646334 2.10472011 -1.93296051
v 1.33134532 2.08466815 -1.93399798
v 1.34402358 2.06782984 -1.93233192
v 1.36256086 2.05673956 -1.92812359
v 1.38409245 2.05307292 -1.92190754
v 1.40534877 2.05735731 -1.91458165
v 1.42312073 2.06896758 -1.90727615
v 1.43473374 2.08615589 -1.90119862
v 1.43843126 2.10646247 -1.89699149
v 1.43365848 2.12670636 -1.89565873
v 1.4211446 2.14362597 -1.89781677
v 1.40271413 2.15470457 -1.90266251
v 1.36035835 2.15629673 -1.92100131
v 1.38242936 2.16079902 -1.91326069
v 1.34187626 2.14415764 -1.92858791
v 1.32976615 2.12630868 -1.93441021
v 1.32593727 2.1054635 -1.93809032
v 1.33096826 2.08480763 -1.93915569
v 1.34407639 2.06745886 -1.93742358
v 1.36322248 2.05604004 -1.93307268
v 1.3854686 2.05225467 -1.92666173
v 1.40742671 2.05667352 -1.91909802
v 1.42579579 2.06863403 -1.91156709
v 1.43780052 2.08634018 -1.90529215
v 1.44161653 2.10728693 -1.90089762
v 1.43669569 2.12814807 -1.89951539
v 1.42377817 2.14558076 -1.90177404
v 1.40472912 2.15699315 -1.90675771
v 1.37016069 2.36145043 -1.88652932
v 1.37005436 2.36863541 -1.8862617
v 1.37304902 2.36813092 -1.88549757
v 1.37559855 2.36660623 -1.88489508
v 1.37732005 2.36429572 -1.88454175
v 1.37795221 2.361552 -1.88450038
v 1.37740218 2.35879349 -1.88477027
v 1.37573862 2.35644078 -1.8853178
v 1.37323737 2.3548491 -1.88606452
v 1.37027132 2.35426068 -1.88689482
v 1.36728715 2.35476565 -1.88767528
v 1.36473643 2.35628724 -1.88828277
v 1.36300849 2.35859632 -1.8886317
v 1.36237347 2.36133313 -1.88865566
v 1.362926 2.36409354 -1.88836979
v 1.36457812 2.36645293 -1.88781154
v 1.36708068 2.36804008 -1.88707184
v 1.36989426 2.38296604 -1.88601458
v 1.37887013 2.38145494 -1.88377881
v 1.38651514 2.37687873 -1.8819853
v 1.39166724 2.36994147 -1.88090932
v 1.3935492 2.36170673 -1.88071882
v 1.39188778 2.35342788 -1.88148462
v 1.3869127 2.34638953 -1.88307583
v 1.37940001 2.34163141 -1.88524198
v 1.37050211 2.33987879 -1.88776135
v 1.36156153 2.34138941 -1.89023399
v 1.35393118 2.3459382 -1.8921889
v 1.34875083 2.35284638 -1.8932172
v 1.34682345 2.36106181 -1.89324498
v 1.34846603 2.36932992 -1.8923124
v 1.35343277 2.3764019 -1.89060747
v 1.36095845 2.3811903 -1.88840282
v 1.36977732 2.39726495 -1.88612997
v 1.38474988 2.39473772 -1.88245928
v 1.39748346 2.38710308 -1.87948727
v 1.40604543 2.37553262 -1.87764489
v 1.40916633 2.36179995 -1.87725472
v 1.40637469 2.34801793 -1.87845087
v 1.39805841 2.33630323 -1.88086366
v 1.38551425 2.32841777 -1.88432693
v 1.37068247 2.32552123 -1.88858068
v 1.3558259 2.32802343 -1.8929615
v 1.34315395 2.33556866 -1.89650619
v 1.33453738 2.34705638 -1.89834785
v 1.33131504 2.36073851 -1.89830851
v 1.33403539 2.37452173 -1.89663481
v 1.34230732 2.38630414 -1.8937155
v 1.35486686 2.39429879 -1.89004373
v 1.379794 2.37203145 -1.90825617
v 1.37676179 2.37253832 -1.90902507
v 1.37685847 2.36536312 -1.90926802
v 1.38237762 2.37051153 -1.90764391
v 1.38412451 2.36820459 -1.90727758
v 1.38475203 2.36546134 -1.90722429
v 1.38419294 2.36270546 -1.9074862
v 1.38251364 2.36035466 -1.90803241
v 1.37997674 2.35876464 -1.90877997
v 1.37696468 2.35818028 -1.90961289
v 1.37394189 2.35868048 -1.91039776
v 1.37134981 2.36020827 -1.91102218
v 1.36960542 2.36251306 -1.91137564
v 1.36896765 2.36524987 -1.91141259
v 1.36952483 2.36800408 -1.91113281
v 1.3712089 2.37035727 -1.91057908
v 1.37374448 2.3719542 -1.90983879
v 1.38571155 2.38534641 -1.90656101
v 1.37660729 2.38686561 -1.90883255
v 1.39345312 2.38077282 -1.90474748
v 1.39866888 2.37384271 -1.90363597
v 1.40057373 2.36561656 -1.90341913
v 1.39887702 2.35734701 -1.9041661
v 1.39383184 2.35029888 -1.90571534
v 1.3862009 2.34555721 -1.90786457
v 1.37717604 2.34380435 -1.91038286
v 1.36811173 2.34531664 -1.91288614
v 1.3603841 2.34985876 -1.91489756
v 1.35513961 2.35676264 -1.91598606
v 1.35320305 2.36497521 -1.9160453
v 1.35487878 2.37324404 -1.91513848
v 1.35991311 2.38030195 -1.91344344
v 1.36755108 2.38508987 -1.91122949
v 1.37650466 2.40115547 -1.90899133
v 1.36138129 2.39819335 -1.91293978
v 1.34864807 2.39020586 -1.91662371
v 1.34025478 2.37842416 -1.91953313
v 1.33747732 2.36464595 -1.92116153
v 1.34072876 2.35097241 -1.92113041
v 1.3494451 2.33949875 -1.91916894
v 1.36227822 2.331959 -1.91552567
v 1.37733376 2.32945823 -1.91110062
v 1.39237618 2.3323512 -1.90686154
v 1.40511071 2.34022879 -1.90343654
v 1.4135555 2.3519237 -1.90108287
v 1.41640865 2.36570358 -1.89992308
v 1.41325628 2.37942695 -1.90036153
v 1.40457844 2.39099359 -1.90225541
v 1.39167976 2.39862728 -1.90526998
v 1.35803186 2.40531969 -1.91399252
v 1.37646591 2.4089334 -1.90920698
v 1.37311923 2.41351771 -1.89815545
v 1.35206854 2.40935492 -1.90359759
v 1.34250843 2.39558625 -1.9184966
v 1.33434772 2.3981533 -1.90876567
v 1.33228039 2.38122844 -1.92210805
v 1.32267904 2.38164901 -1.91296875
v 1.32890903 2.36444211 -1.9241079
v 1.3188374 2.36235499 -1.91530215
v 1.33287644 2.34779024 -1.92408037
v 1.32338869 2.34321379 -1.91532206
v 1.34348285 2.33383393 -1.92159736
v 1.33549976 2.3271842 -1.91247868
v 1.35908925 2.32467651 -1.91702055
v 1.35330283 2.31668353 -1.90714311
v 1.37740886 2.32164025 -1.91151189
v 1.37419354 2.31320667 -1.90075957
v 1.39572453 2.32515192 -1.90630328
v 1.39509189 2.31723403 -1.89473736
v 1.41125261 2.33472609 -1.90219271
v 1.41280853 2.32826566 -1.88994228
v 1.42156493 2.34896516 -1.89943087
v 1.42458772 2.34462714 -1.88682079
v 1.42504036 2.36572551 -1.89812827
v 1.42857122 2.36384892 -1.88545608
v 1.42121946 2.38244915 -1.89870047
v 1.42421269 2.38306427 -1.88617193
v 1.41067171 2.39654898 -1.90103721
v 1.41217589 2.39927721 -1.88886678
v 1.39495527 2.40585207 -1.90471279
v 1.39423596 2.40997576 -1.8930509
v 1.36971044 2.41005587 -1.88650023
v 1.34942567 2.40601706 -1.89175915
v 1.33234691 2.39514756 -1.89676833
v 1.32111191 2.37912797 -1.90084755
v 1.31742143 2.36039161 -1.90314805
v 1.32182073 2.34180903 -1.90321719
v 1.33351028 2.32624292 -1.90056717
v 1.3506813 2.3160367 -1.89550256
v 1.3708235 2.31266021 -1.8893584
v 1.39095044 2.31657218 -1.88350546
v 1.40801835 2.32727766 -1.87882328
v 1.4193468 2.34316706 -1.87571895
v 1.42316854 2.36184454 -1.87432372
v 1.41896379 2.3805027 -1.87496888
v 1.4073497 2.39623808 -1.87754046
v 1.39005589 2.40662169 -1.88157331
v 1.34999311 2.40809345 -1.89620149
v 1.37095212 2.4122529 -1.89078092
v 1.33234882 2.39689207 -1.90136635
v 1.3207407 2.38038539 -1.90557527
v 1.31692719 2.36108493 -1.90792763
v 1.32146191 2.34194207 -1.90798306
v 1.33352983 2.32590675 -1.90520143
v 1.35125553 2.31539797 -1.8999201
v 1.37205886 2.31192445 -1.89355707
v 1.39285898 2.31595063 -1.88752579
v 1.41049265 2.32698559 -1.8827039
v 1.42220902 2.34335398 -1.87954545
v 1.42615759 2.36258435 -1.87816178
v 1.4218235 2.38180279 -1.87886476
v 1.4098351 2.39801597 -1.88153219
v 1.39197027 2.40871834 -1.88569986
v 1.58707761 2.24557614 -1.81365013
v 1.58673286 2.25289917 -1.81289553
v 1.58956885 2.25233173 -1.81157577
v 1.59203147 2.25072336 -1.81058776
v 1.59374654 2.24833631 -1.81007611
v 1.59444618 2.24552655 -1.81010735
v 1.59400665 2.24272942 -1.81066918
v 1.59249687 2.24036717 -1.8116666
v 1.59015417 2.23879599 -1.81295883
v 1.58733546 2.23825502 -1.81435287
v 1.58449065 2.23882484 -1.8156439
v 1.58203911 2.24041795 -1.81664609
v 1.58036446 2.24279999 -1.81720292
v 1.57970666 2.2455945 -1.8172177
v 1.58015263 2.24839592 -1.81668269
v 1.58165025 2.25076794 -1.81566429
v 1.58395218 2.25234556 -1.81433343
v 1.58580219 2.26750922 -1.81129229
v 1.59426736 2.26580762 -1.80727434
v 1.60171079 2.26097965 -1.80435395
v 1.60696387 2.25377941 -1.80294024
v 1.60914266 2.24533438 -1.80315721
v 1.60785317 2.23693227 -1.80488383
v 1.60326314 2.22986841 -1.80780601
v 1.59610223 2.22519779 -1.81152141
v 1.58756935 2.22359752 -1.8155893
v 1.57898783 2.225317 -1.81942272
v 1.57166671 2.23008275 -1.82244682
v 1.56673109 2.23718237 -1.82421898
v 1.56488823 2.24554896 -1.8244338
v 1.56630647 2.25393796 -1.82291865
v 1.57074713 2.26106572 -1.81985461
v 1.57756936 2.26584005 -1.81574058
v 1.5846498 2.2820909 -1.80969584
v 1.59869587 2.27925324 -1.80285203
v 1.61117899 2.27117562 -1.79804611
v 1.62008631 2.25912761 -1.79585981
v 1.62384033 2.24500894 -1.79638969
v 1.62168812 2.23101878 -1.79928576
v 1.6138904 2.21928763 -1.80401027
v 1.60192692 2.21152901 -1.81018245
v 1.58772611 2.20887732 -1.8169825
v 1.57341527 2.21172618 -1.8233
v 1.56113588 2.2196846 -1.82804417
v 1.55285596 2.23151421 -1.83084678
v 1.54988801 2.24542045 -1.8314563
v 1.55246174 2.25935435 -1.82934415
v 1.55986177 2.27125787 -1.82428824
v 1.57108533 2.27926826 -1.81733524
v 1.59934425 2.256397 -1.83359384
v 1.59646606 2.25696849 -1.83492708
v 1.5968306 2.24965596 -1.83568179
v 1.60184347 2.25479793 -1.83259224
v 1.60358023 2.25240421 -1.83207702
v 1.60429251 2.24959826 -1.83210504
v 1.60385155 2.2468028 -1.83266735
v 1.60232913 2.24443936 -1.83367538
v 1.59995067 2.24287176 -1.83498287
v 1.59710204 2.24233555 -1.83638954
v 1.59421134 2.24290871 -1.83770072
v 1.59172964 2.24450302 -1.838714
v 1.59002387 2.24687957 -1.83928251
v 1.58934998 2.24968147 -1.83930134
v 1.58980596 2.25247263 -1.83875501
v 1.59131705 2.2548418 -1.83773148
v 1.59365129 2.25642228 -1.83638453
v 1.60411477 2.26987028 -1.82926321
v 1.59552562 2.27158546 -1.83332073
v 1.61166012 2.26503706 -1.82630455
v 1.61698126 2.25784111 -1.82486867
v 1.61919677 2.24939227 -1.82507753
v 1.61789429 2.24099588 -1.82681822
v 1.61325478 2.23393607 -1.82976853
v 1.60600566 2.22927403 -1.83352673
v 1.59735178 2.22768974 -1.83762288
v 1.5886501 2.22940993 -1.84149849
v 1.58123207 2.23417639 -1.84457588
v 1.57622909 2.24126887 -1.84639608
v 1.57434356 2.24963927 -1.8466171
v 1.57577467 2.25801658 -1.84507596
v 1.58027255 2.26513981 -1.84198463
v 1.58718168 2.26991438 -1.83782017
v 1.59437811 2.28615856 -1.83171594
v 1.58061981 2.28333926 -1.83944189
v 1.56923437 2.27533507 -1.84648561
v 1.56174171 2.2634356 -1.85160839
v 1.55916595 2.24950408 -1.85375785
v 1.56215763 2.23561549 -1.85308814
v 1.57055234 2.22379469 -1.85020566
v 1.58299624 2.2158401 -1.84537184
v 1.59749877 2.21297669 -1.8389703
v 1.61191284 2.21561408 -1.83212256
v 1.62404179 2.22335481 -1.82592833
v 1.63192462 2.23506283 -1.82116341
v 1.6340996 2.24905443 -1.81824159
v 1.63029658 2.26317262 -1.81772851
v 1.62127554 2.27522516 -1.81994497
v 1.60862422 2.28331136 -1.82481288
v 1.57702052 2.29064035 -1.84048616
v 1.59368491 2.2940936 -1.83094203
v 1.5882796 2.29873991 -1.81946468
v 1.56935501 2.29474091 -1.83050978
v 1.56321692 2.2808566 -1.84906542
v 1.55365788 2.2834866 -1.84016609
v 1.5540508 2.26636028 -1.85505318
v 1.54313588 2.26682114 -1.84669816
v 1.55077636 2.24941492 -1.85742223
v 1.53929209 2.24736285 -1.84923315
v 1.55442166 2.23250746 -1.85653376
v 1.54346919 2.22792124 -1.84831249
v 1.56467449 2.21811103 -1.85312748
v 1.55520904 2.21137118 -1.84453725
v 1.57988739 2.20840573 -1.84747505
v 1.57263112 2.20021128 -1.83831918
v 1.59759509 2.20491313 -1.83981192
v 1.59276294 2.19611597 -1.82958352
v 1.61504685 2.20807218 -1.83134019
v 1.61250209 2.19965338 -1.81964159
v 1.62985682 2.21751976 -1.82382535
v 1.62945425 2.21056199 -1.81109249
v 1.6395657 2.23177862 -1.81814503
v 1.64078855 2.22706818 -1.8048923
v 1.64223706 2.24881076 -1.81460213
v 1.64386069 2.24663877 -1.80083704
v 1.63753986 2.26603913 -1.81388163
v 1.63843286 2.26645183 -1.79991662
v 1.626464 2.28075623 -1.81647288
v 1.62569463 2.28339409 -1.80277001
v 1.61100494 2.29062676 -1.82238304
v 1.60800433 2.29475665 -1.80953109
v 1.583503 2.29514551 -1.80846953
v 1.5652492 2.29126143 -1.8190912
v 1.55010485 2.28033757 -1.82845747
v 1.5399599 2.2641623 -1.83482277
v 1.53626501 2.2452631 -1.83730936
v 1.54029178 2.22638893 -1.83641481
v 1.55159926 2.21032238 -1.83278274
v 1.56838035 2.1994934 -1.82675325
v 1.5877819 2.19553256 -1.81830442
v 1.60681581 2.19897651 -1.80870723
v 1.62314593 2.20957207 -1.80041229
v 1.63405489 2.22561025 -1.79439008
v 1.63702869 2.24460864 -1.79047513
v 1.63180661 2.26383805 -1.78960645
v 1.6195513 2.2802627 -1.79237937
v 1.60250902 2.29128122 -1.7989093
v 1.56631755 2.29341864 -1.82338607
v 1.58515286 2.29741931 -1.81238448
v 1.550686 2.28215789 -1.83301401
v 1.54020309 2.26548695 -1.83951997
v 1.53637051 2.24602437 -1.84204769
v 1.5405302 2.22657799 -1.84113669
v 1.55221664 2.21002602 -1.83739841
v 1.56956601 2.19886469 -1.83121633
v 1.58958995 2.19476461 -1.82249391
v 1.60922753 2.19829249 -1.81255149
v 1.62610292 2.20921874 -1.80401861
v 1.63741254 2.22575426 -1.79785788
v 1.64048349 2.2453258 -1.79381811
v 1.63507783 2.26513981 -1.79290294
v 1.62239623 2.28207445 -1.79573452
v 1.60478484 2.29343581 -1.8024857
v 2.38378953 2.4580264 -0.72874927
v 2.09751915 2.47368359 -1.22218251
v 2.41271972 1.98935747 -0.78008496
v 2.12669372 2.00620627 -1.26023507
v 2.29114651 1.99478077 -0.9071778
v 2.26103258 2.46091461 -0.85768938
v 1.90854978 2.01557707 -1.54107272
v 1.8798232 2.48166179 -1.49104535
v 1.6596446 1.99873423 -1.78677678
v 1.64044535 2.48079443 -1.75526142
v 1.27340233 2.00009083 -1.98354148
v 1.24251794 2.46661615 -1.93433487
v 2.33316183 2.44370484 -0.57400029
v 2.3623557 1.97432291 -0.61660134
v 2.22986173 2.4428811 -0.67495381
v 2.2602849 1.97532463 -0.71025073
v 2.15426755 2.45576477 -0.90399891
v 2.18488884 1.98972892 -0.95404636
v 2.0298314 2.46771574 -1.2592113
v 2.06188654 2.00194335 -1.30037593
v 2.40491271 2.11608672 -0.76618748
v 2.28301954 2.12082719 -0.8937813
v 2.12271595 2.11945796 -1.25269186
v 1.9007951 2.14161086 -1.52753448
v 1.6636101 2.13393306 -1.78456485
v 1.26398217 2.1267991 -1.965294
v 2.35449433 2.10124826 -0.60506248
v 2.25211381 2.10175323 -0.70067811
v 2.17662501 2.11574554 -0.94049859
v 2.05301928 2.11984372 -1.28886449
v 2.39130115 2.3365376 -0.74204146
v 2.26885318 2.34008479 -0.87050318
v 2.11244177 2.35271692 -1.24174785
v 1.88728106 2.36084389 -1.50400376
v 1.64894688 2.3603518 -1.76461815
v 1.24961793 2.34642505 -1.93982076
v 2.34075808 2.32202863 -0.58502262
v 2.23780083 2.32168293 -0.68407821
v 2.1622219 2.33496522 -0.91696077
v 2.03744578 2.35138678 -1.27211213
v 2.32108354 1.99372243 -0.87841141
v 2.31304025 2.11993503 -0.86490696
v 2.24892187 2.4590559 -0.84324818
v 2.25579524 2.33831334 -0.85767805
v 2.37139225 2.33493018 -0.73617833
v 2.36388588 2.45641231 -0.72284543
v 2.0840435 2.47208952 -1.21111393
v 2.0990622 2.35105848 -1.23077929
v 1.86707139 2.48012161 -1.4797368
v 1.87453937 2.35930419 -1.49268221
v 1.63249802 2.47942829 -1.74016034
v 1.64096951 2.35889005 -1.74968087
v 1.23847699 2.46527004 -1.91753816
v 1.24558734 2.3450551 -1.92324435
v 2.35593509 1.97650098 -0.65056467
v 2.34795379 2.10341763 -0.63904762
v 2.38523292 2.11445975 -0.76000976
v 2.39303183 1.98773527 -0.77394974
v 2.27399802 1.97699236 -0.72388172
v 2.2657628 2.10342788 -0.71439373
v 2.19995498 1.99128592 -0.96113818
v 2.19176411 2.11725616 -0.94738346
v 2.07637643 2.00368046 -1.31038785
v 2.0676372 2.12111997 -1.29918873
v 2.30416345 2.11796975 -0.84715181
v 2.31217026 1.9917618 -0.86070686
v 2.1094532 2.11807179 -1.24183511
v 2.11337971 2.00469732 -1.24936461
v 2.27893185 1.99293744 -0.89285248
v 2.26991915 2.11906147 -0.8809992
v 1.8880738 2.140069 -1.51617729
v 1.89583802 2.0140357 -1.52970397
v 1.65564012 2.13252687 -1.7696743
v 1.65164029 1.99744832 -1.77160334
v 1.25993871 2.12544131 -1.94857931
v 1.26928389 1.99875438 -1.9665724
v 2.0522499 2.35276651 -1.28294622
v 2.17734074 2.33621335 -0.92398417
v 2.33468818 2.32425618 -0.61935186
v 2.32697629 2.44592118 -0.60834741
v 2.25138235 2.32334852 -0.69762218
v 2.24338603 2.44455122 -0.68858087
v 2.16928458 2.45693755 -0.91134274
v 2.04451799 2.4688394 -1.2698574
v 1.72684931 -2.19066405 -0.45454466
v 1.70715951 -2.1883707 -0.4299032
v 1.71223211 -2.18356132 -0.40821513
v 1.71965074 -2.17650175 -0.34235513
v 1.71585369 -2.16141271 -0.19404546
v 1.73031675 -2.19704246 -0.51855915
v 1.66591358 -2.18911266 -0.43341609
v 1.64251077 -2.19390559 -0.4780555
v 1.6437205 -2.19903969 -0.52846801
v 1.67039156 -2.2027781 -0.5685811
v 1.70750713 -2.20160841 -0.56155556
v 1.72428405 -2.19486331 -0.41183415
v 1.70248174 -2.1940546 -0.40400633
v 1.73071277 -2.18770933 -0.34461492
v 1.71087968 -2.18703818 -0.33883202
v 1.70757162 -2.17224192 -0.19384129
v 1.72615385 -2.17233729 -0.19218608
v 1.71048319 -2.19631886 -0.50919312
v 1.71017229 -2.19323468 -0.47845882
v 1.69799387 -2.19886517 -0.53312361
v 1.67806363 -2.19961237 -0.5381726
v 1.66312849 -2.19749569 -0.51556611
v 1.66241478 -2.19460606 -0.48707914
v 1.67597448 -2.19182419 -0.46106797
v 1.69404399 -2.19141125 -0.45876345
v 1.70804071 -2.22543764 -0.55951774
v 1.73487663 -2.20356321 -0.34422442
v 1.72980165 -2.18815875 -0.19025543
v 1.73135602 -2.24468898 -0.5144267
v 1.72779381 -2.23831558 -0.45041373
v 1.72731089 -2.21449208 -0.45252126
v 1.73081231 -2.22086906 -0.51651239
v 1.70860874 -2.24926304 -0.55747103
v 1.67150962 -2.25043535 -0.56458216
v 1.67094671 -2.22661042 -0.56660085
v 1.64477944 -2.24670243 -0.52452188
v 1.64423596 -2.22287035 -0.52652758
v 1.64349603 -2.24156808 -0.47411346
v 1.6429789 -2.21773791 -0.47610446
v 1.66682958 -2.2367711 -0.4294188
v 1.66635978 -2.21294069 -0.43142414
v 1.71151006 -2.24397182 -0.50509983
v 1.71115267 -2.24088287 -0.47436884
v 1.69499671 -2.23906135 -0.45470947
v 1.70806849 -2.23602318 -0.4258148
v 1.67693197 -2.23948216 -0.45704865
v 1.66340971 -2.24226903 -0.48309093
v 1.66416752 -2.2451539 -0.51157981
v 1.67913532 -2.24726939 -0.53415471
v 1.69905841 -2.24652099 -0.52905881
v 1.71320426 -2.23632264 -0.40367093
v 1.72485923 -2.22573471 -0.40916007
v 1.70305419 -2.22533845 -0.4013271
v 1.70276343 -2.20969772 -0.40266466
v 1.73122978 -2.2192707 -0.34186866
v 1.72838413 -2.21040606 -0.41190394
v 1.72052764 -2.22999024 -0.33773383
v 1.71139907 -2.21906042 -0.33607864
v 1.7079519 -2.20467591 -0.19104974
v 1.70773613 -2.18843627 -0.19220347
v 1.72652626 -2.20411562 -0.18942405
v 1.71648657 -2.21529722 -0.18938826
v 1.71115148 -2.20303154 -0.33727771
v 1.73238635 -2.18054652 -0.27393311
v 1.73630857 -2.19638991 -0.27278277
v 1.73283827 -2.21222662 -0.27116957
v 1.72242212 -2.22317576 -0.26900833
v 1.71354544 -2.21239423 -0.2689493
v 1.71331584 -2.1962502 -0.27012568
v 1.71308791 -2.18014907 -0.27172863
v 1.72165536 -2.16947031 -0.27365872
v 1.64372754 -2.16643238 0.02467626
v 1.64643704 -2.14515662 0.02267566
v 1.65955519 -2.14973139 -0.02139482
v 1.6570822 -2.17092609 -0.02003885
v 1.68160224 -2.14946341 -0.01119802
v 1.66384422 -2.14526343 0.02933831
v 1.66685104 -2.16559886 0.03339819
v 1.68486225 -2.16974544 -0.00806311
v 1.66740632 -2.1348443 -0.01975249
v 1.65008556 -2.14077806 0.03635518
v 1.66774296 -2.1562612 -0.0366887
v 1.66778516 -2.17243099 -0.03502916
v 1.68650722 -2.1557908 -0.02790523
v 1.68953311 -2.17146992 -0.02537929
v 1.6752814 -2.14545273 -0.03538947
v 1.69004869 -2.16351556 -0.10725765
v 1.69013869 -2.17949795 -0.10565733
v 1.70782125 -2.16315722 -0.10075896
v 1.71123981 -2.17869091 -0.09794348
v 1.6980015 -2.15261745 -0.1052644
v 1.65983259 -2.19203877 -0.01783845
v 1.64665579 -2.18775844 0.02623209
v 1.68185389 -2.1902976 -0.00772436
v 1.66404485 -2.18638873 0.03280746
v 1.66786289 -2.20635581 -0.01371386
v 1.65031456 -2.18937015 0.04042346
v 1.66796648 -2.18865919 -0.03395405
v 1.68671906 -2.18738579 -0.0252094
v 1.67564797 -2.19903063 -0.03084702
v 1.69034194 -2.1955285 -0.10452502
v 1.70810127 -2.19452953 -0.09805422
v 1.69848346 -2.2058165 -0.10070478
v 1.65020203 -2.16588902 0.03845515
v 1.62293541 -2.16938948 -0.00224819
v 1.62781918 -2.00443267 0.00210995
v 1.63550508 -1.96212267 -0.01768686
v 1.65017414 -1.96437764 -0.01749379
v 1.6420207 -2.00542187 0.00329349
v 1.66228652 -1.98633456 -0.04055649
v 1.6577326 -2.01038599 -0.02810579
v 1.67106342 -2.00654721 -0.07202941
v 1.66970157 -2.01779103 -0.06760708
v 1.66221976 -2.00825738 -0.08115079
v 1.661291 -2.01878094 -0.07708188
v 1.6499598 -2.00829863 -0.08930622
v 1.64864862 -2.0195496 -0.08497177
v 1.63742053 -1.992931 -0.07215894
v 1.63527333 -2.01520276 -0.06784127
v 1.62844502 -1.96370458 -0.03342536
v 1.6219486 -2.00729298 -0.01561008
v 1.66135335 -1.9690727 -0.08671357
v 1.67264998 -1.96837472 -0.07984599
v 1.67895591 -1.98629081 -0.07905963
v 1.67649126 -2.00308823 -0.08564311
v 1.66659951 -2.0041368 -0.09598787
v 1.65521705 -2.00481891 -0.1026353
v 1.64893269 -1.98874628 -0.10319729
v 1.65146768 -1.97011911 -0.09698967
v 1.71199131 -1.99346625 -0.33040404
v 1.72595453 -1.99327921 -0.32947355
v 1.73238182 -2.0113132 -0.33021524
v 1.72735047 -2.02776217 -0.33299821
v 1.71372962 -2.02820992 -0.33650484
v 1.69975817 -2.02838563 -0.33730241
v 1.69337034 -2.01220059 -0.33639907
v 1.69838047 -1.99391424 -0.33390736
v 1.70974278 -2.01250886 -0.51933389
v 1.70583903 -2.01585149 -0.55219894
v 1.72120451 -2.01601815 -0.55567002
v 1.72514367 -2.01265955 -0.52253395
v 1.72800564 -2.03391075 -0.55535423
v 1.73188126 -2.03059458 -0.52258837
v 1.72204065 -2.04980778 -0.55225157
v 1.72580695 -2.04656577 -0.52027112
v 1.70669376 -2.04962325 -0.54861319
v 1.71037507 -2.04644179 -0.5173583
v 1.6532098 -2.04591846 -0.50591421
v 1.65558052 -2.04981231 -0.54446721
v 1.6487478 -2.03370285 -0.54549759
v 1.64651215 -2.02967548 -0.50568252
v 1.65478467 -2.01601195 -0.54775172
v 1.6525551 -2.01200866 -0.50811415
v 1.68125128 -2.01226592 -0.51381468
v 1.67711484 -2.01579999 -0.54835033
v 1.71539282 -2.00375676 -0.43284604
v 1.71286094 -2.00920295 -0.48676386
v 1.72829663 -2.00933885 -0.48968401
v 1.73088431 -2.00385046 -0.43516987
v 1.7349956 -2.02731084 -0.49007883
v 1.73758149 -2.02185559 -0.43581089
v 1.72884631 -2.04335379 -0.48851439
v 1.73138511 -2.03798437 -0.43517547
v 1.7133516 -2.04329085 -0.4863159
v 1.71583914 -2.03801202 -0.43403241
v 1.68124103 -2.03974008 -0.44795543
v 1.66275823 -2.04257631 -0.47407868
v 1.65635895 -2.02615189 -0.47216332
v 1.67459058 -2.02342033 -0.44708201
v 1.66236758 -2.00856685 -0.47530654
v 1.6807506 -2.00560808 -0.44801902
v 1.6996591 -2.00381684 -0.4320155
v 1.68438983 -2.00890755 -0.48091405
v 1.71261477 -2.01850795 -0.57954001
v 1.71558761 -2.03671956 -0.58198136
v 1.71376335 -2.05215239 -0.57471162
v 1.68190527 -2.05348968 -0.58409237
v 1.68019485 -2.03822088 -0.59276831
v 1.68082761 -2.01982402 -0.58866673
v 1.69350183 -2.02179098 -0.4311985
v 1.700163 -2.0379455 -0.43197938
v 1.66227495 -2.03701448 -0.57982575
v 1.66744983 -2.05261397 -0.57357484
v 1.66679489 -2.01893639 -0.57810121
v 1.70562779 -2.16641163 -0.50567662
v 1.70153534 -2.16362237 -0.47760367
v 1.69782257 -2.16860628 -0.52690696
v 1.68033409 -2.04958891 -0.5451979
v 1.68254196 -2.16954779 -0.53504592
v 1.66876804 -2.16817379 -0.52030712
v 1.66581928 -2.16594505 -0.49805024
v 1.67445647 -2.16354513 -0.47494787
v 1.68854165 -2.16292142 -0.4697442
v 1.7158308 -2.16612553 -0.50738382
v 1.72154724 -2.17992281 -0.50743126
v 1.71380841 -2.17525267 -0.4601306
v 1.70922863 -2.16225791 -0.46693366
v 1.70413219 -2.16947007 -0.53894907
v 1.70786106 -2.18378329 -0.54438304
v 1.68044436 -2.17108893 -0.5502417
v 1.68020319 -2.18543982 -0.55757224
v 1.6597085 -2.16934204 -0.52824324
v 1.65634572 -2.18319606 -0.53253054
v 1.65564501 -2.16617369 -0.49572598
v 1.65123713 -2.17932272 -0.49390089
v 1.66814172 -2.16264081 -0.462812
v 1.66580104 -2.17525363 -0.45546263
v 1.68912696 -2.16134524 -0.45379859
v 1.69027698 -2.17393612 -0.44484478
v 1.69576251 -2.04134464 -0.46521374
v 1.68075037 -2.05111789 -0.56041538
v 1.70492053 -2.11193037 -0.51037085
v 1.70086884 -2.10909152 -0.48228138
v 1.6878767 -2.10828423 -0.47439318
v 1.67377018 -2.10879755 -0.47957226
v 1.66508412 -2.11113953 -0.50266611
v 1.66799986 -2.11340618 -0.52493655
v 1.68176496 -2.11489939 -0.53970438
v 1.69707322 -2.11407089 -0.53159344
v 1.69953 -2.04358959 -0.48784545
v 1.70351731 -2.04637503 -0.51595032
v 1.69563663 -2.04859828 -0.53714293
v 1.66662311 -2.04825043 -0.53037983
v 1.66375923 -2.04602384 -0.50810086
v 1.6724776 -2.04358983 -0.4850392
v 1.68657386 -2.04292154 -0.47991326
v 1.70175862 -2.0531795 -0.58349621
v 1.70152437 -2.0378766 -0.5918011
v 1.70057165 -2.01959276 -0.58886206
v 1.69962465 -1.98399198 -0.23569572
v 1.71285128 -1.98365128 -0.23290272
v 1.71923852 -2.00166463 -0.23332625
v 1.71491801 -2.01824164 -0.23751841
v 1.70234096 -2.01888227 -0.24332007
v 1.68909037 -2.019212 -0.24594795
v 1.68273985 -2.00304389 -0.24535723
v 1.6870619 -1.98463034 -0.24148592
v 1.68383824 -1.97639441 -0.15974882
v 1.69635164 -1.97593653 -0.1555369
v 1.70270538 -1.99393749 -0.15569925
v 1.69907259 -2.01060652 -0.16094949
v 1.68749725 -2.01139855 -0.1684848
v 1.67494022 -2.01184201 -0.17251136
v 1.66862082 -1.99568748 -0.17217306
v 1.67227757 -1.97718226 -0.16726394
v 1.6287235 -2.16760206 0.01560772
v 1.64993929 -2.17642521 -0.07185888
v 1.6365025 -2.17468452 -0.05460508
v 1.64251387 -2.09457755 0.01072956
v 1.62832307 -2.09418296 0.00953523
v 1.62249517 -2.09645438 -0.00825768
v 1.63595354 -2.1029253 -0.06055899
v 1.6493622 -2.10583972 -0.07775691
v 1.6617701 -2.10494518 -0.06878169
v 1.67036581 -2.104074 -0.06030866
v 1.65848732 -2.09858989 -0.02107114
v 1.72185587 -2.19426655 -0.50619435
v 1.71409559 -2.18959832 -0.45889598
v 1.70818555 -2.19812655 -0.54315799
v 1.68053484 -2.1997888 -0.55635839
v 1.65666568 -2.19754433 -0.53133577
v 1.65154063 -2.19367146 -0.49270632
v 1.6660881 -2.18960118 -0.454259
v 1.69055783 -2.18828344 -0.44362604
v 1.70257437 -2.19203925 -0.47518995
v 1.70669853 -2.19487309 -0.50326514
v 1.69890761 -2.1970191 -0.52452164
v 1.6836214 -2.19785356 -0.53268945
v 1.66982245 -2.19636154 -0.51797354
v 1.6668477 -2.19409585 -0.49571234
v 1.67547249 -2.19175076 -0.47258353
v 1.68956506 -2.19123363 -0.46735119
v 1.62959408 -2.33077526 0.02909304
v 1.64376449 -2.32959175 0.03030772
v 1.65259122 -2.37409448 0.01680432
v 1.63795673 -2.37633872 0.01670807
v 1.6597625 -2.33096098 -0.00116429
v 1.66475129 -2.35707879 -0.00932069
v 1.67207205 -2.3315227 -0.04108421
v 1.67364299 -2.34345579 -0.04352312
v 1.66375887 -2.33245611 -0.05068725
v 1.66488599 -2.3436141 -0.05291691
v 1.65119576 -2.3333044 -0.05875432
v 1.65272927 -2.34523248 -0.06113263
v 1.63769853 -2.33417463 -0.04137906
v 1.64021289 -2.35693144 -0.04192702
v 1.62389016 -2.33148837 0.01110497
v 1.63110661 -2.37792706 0.00083036
v 1.67587947 -2.38253307 -0.04477036
v 1.66467857 -2.38324523 -0.05185714
v 1.68190956 -2.36474442 -0.04690029
v 1.67928683 -2.34954905 -0.05624801
v 1.66950774 -2.3506093 -0.06675183
v 1.65820026 -2.35130477 -0.07358271
v 1.65218699 -2.36724114 -0.0715693
v 1.65493035 -2.38430476 -0.06232257
v 1.70053637 -2.39005446 -0.12004028
v 1.68808651 -2.39052891 -0.12449234
v 1.70654737 -2.37235355 -0.12315817
v 1.70266139 -2.35703921 -0.13122092
v 1.69117093 -2.35784244 -0.1389423
v 1.67866528 -2.35830092 -0.14317224
v 1.6726706 -2.37415123 -0.14022532
v 1.67662787 -2.3913362 -0.13222912
v 1.71858525 -2.42658686 -0.48372677
v 1.73401868 -2.4267168 -0.48663386
v 1.73050916 -2.43007922 -0.51985979
v 1.71510458 -2.42993307 -0.5166791
v 1.74000692 -2.40895795 -0.48967337
v 1.73651921 -2.41227436 -0.52252101
v 1.73323631 -2.39295005 -0.49023982
v 1.72981512 -2.3961935 -0.52229589
v 1.71778249 -2.39284253 -0.48757377
v 1.71443855 -2.39602565 -0.51889801
v 1.66052687 -2.39239263 -0.47703427
v 1.65449392 -2.40846681 -0.47422194
v 1.65719521 -2.41248869 -0.51401418
v 1.66330695 -2.39627766 -0.51556479
v 1.661291 -2.42617178 -0.4735915
v 1.66402804 -2.43017363 -0.51320076
v 1.69004476 -2.42638468 -0.47874969
v 1.6863482 -2.4299283 -0.51337665
v 1.72312247 -2.41783118 -0.39709943
v 1.73863518 -2.41790485 -0.39912653
v 1.73674583 -2.42339229 -0.45371285
v 1.7212857 -2.42327928 -0.45108571
v 1.74468648 -2.40021371 -0.40276479
v 1.74273765 -2.4056704 -0.45709899
v 1.73790383 -2.38436389 -0.40502879
v 1.73593592 -2.38973283 -0.45842492
v 1.7223494 -2.38441085 -0.40413165
v 1.72042548 -2.38968873 -0.45647317
v 1.68791842 -2.38618063 -0.41860845
v 1.68186962 -2.40217733 -0.41510808
v 1.66394305 -2.40493083 -0.44051736
v 1.66972637 -2.38903975 -0.44503608
v 1.68869924 -2.4197359 -0.41293487
v 1.67067647 -2.42271637 -0.44058227
v 1.70739007 -2.41791605 -0.39656621
v 1.69275784 -2.4230237 -0.44577616
v 1.70057845 -2.40020871 -0.3989191
v 1.70666134 -2.38436389 -0.40232947
v 1.69004535 -2.39992237 -0.55478453
v 1.67548263 -2.39906501 -0.54449039
v 1.67112159 -2.41578173 -0.54811608
v 1.68917429 -2.41669917 -0.56077593
v 1.67641782 -2.43307781 -0.54333412
v 1.69057893 -2.43394279 -0.55363869
v 1.70662605 -2.39000701 -0.45822212
v 1.70528173 -2.32450723 -0.46385815
v 1.70951843 -2.32724046 -0.49192252
v 1.71091425 -2.39278316 -0.48627421
v 1.70181882 -2.32954978 -0.51321709
v 1.70326566 -2.3950169 -0.5075984
v 1.68657648 -2.33071804 -0.52145475
v 1.68805885 -2.39602422 -0.5159024
v 1.67272424 -2.32955527 -0.50679147
v 1.67419517 -2.39470458 -0.50129753
v 1.66966199 -2.32737302 -0.48453941
v 1.67109239 -2.39248371 -0.47905442
v 1.67818391 -2.32483434 -0.46137002
v 1.67955887 -2.39003801 -0.45584583
v 1.69224524 -2.32399725 -0.45607349
v 1.69359374 -2.38935494 -0.45049312
v 1.71840965 -2.40755343 -0.29467737
v 1.73235225 -2.40734624 -0.29348164
v 1.73824763 -2.38968181 -0.29722222
v 1.73277044 -2.37415218 -0.30287683
v 1.71919632 -2.37461447 -0.3066006
v 1.70523917 -2.3748064 -0.30762305
v 1.69933533 -2.39062333 -0.30408358
v 1.70485377 -2.40801787 -0.29844263
v 1.71810936 -2.27264475 -0.49821174
v 1.71136856 -2.26852226 -0.457809
v 1.71538758 -2.2543087 -0.45332741
v 1.72323918 -2.2589755 -0.50060695
v 1.70651626 -2.27591157 -0.52984494
v 1.70964777 -2.26284003 -0.53761065
v 1.68285739 -2.27713847 -0.54128789
v 1.6820234 -2.26450681 -0.55089759
v 1.66204357 -2.2749381 -0.51942604
v 1.65810823 -2.26226878 -0.52594232
v 1.65786922 -2.27159071 -0.48693642
v 1.652902 -2.25839686 -0.48732674
v 1.67026054 -2.26815486 -0.45395082
v 1.66737425 -2.25432562 -0.44883027
v 1.69121909 -2.26718998 -0.44481083
v 1.69181871 -2.25300121 -0.4381245
v 1.70370316 -2.26946926 -0.46855628
v 1.70788693 -2.27224969 -0.49661114
v 1.70015513 -2.27450609 -0.51787799
v 1.68490707 -2.27556037 -0.52608346
v 1.67108726 -2.27427721 -0.51140213
v 1.66806674 -2.27205729 -0.48915591
v 1.67662453 -2.26958012 -0.46601691
v 1.69068908 -2.26885247 -0.46075135
v 1.64291012 -2.1675055 0.01680608
v 1.6432991 -2.24043655 0.02288356
v 1.62911868 -2.24102044 0.02167476
v 1.65910112 -2.1707406 -0.01531702
v 1.65940344 -2.24283146 -0.0089457
v 1.67090129 -2.17465734 -0.05434069
v 1.67143166 -2.24523949 -0.04837457
v 1.66215276 -2.17542815 -0.06199637
v 1.66287553 -2.24608421 -0.05690598
v 1.63704407 -2.24644827 -0.04865464
v 1.6505078 -2.24701309 -0.06596029
v 1.62336933 -2.24232745 0.00376357
v 1.72223031 -2.43258142 -0.54390513
v 1.71031391 -2.43368077 -0.55346071
v 1.72441923 -2.41509938 -0.54937607
v 1.72178578 -2.39854669 -0.54489582
v 1.7098838 -2.39958953 -0.5538724
v 1.70261848 -2.3877654 -0.43564388
v 1.68863523 -2.39755249 -0.53111624
v 1.71047854 -2.41627693 -0.55944287
v 1.71801757 -2.39774251 -0.19712236
v 1.70483624 -2.39810133 -0.20016783
v 1.72397935 -2.38005852 -0.20052264
v 1.71932292 -2.36465024 -0.20756167
v 1.70681226 -2.36530661 -0.21356628
v 1.69359624 -2.36565041 -0.21640692
v 1.68764197 -2.38148522 -0.21319226
v 1.69235372 -2.39876008 -0.20619976
v 1.71510124 -2.23996114 -0.45456129
v 1.7229346 -2.24463367 -0.50184398
v 1.70932292 -2.24849414 -0.53884011
v 1.68169367 -2.25015926 -0.55210912
v 1.65779006 -2.24792361 -0.52713596
v 1.65260171 -2.24404692 -0.48851949
v 1.6670885 -2.23997926 -0.4500328
v 1.69153988 -2.23865246 -0.43934339
v 1.70358145 -2.24104428 -0.4709995
v 1.70774316 -2.24378037 -0.49907514
v 1.6999886 -2.24608683 -0.52033752
v 1.68472504 -2.24725413 -0.52851486
v 1.67090749 -2.24608779 -0.51379901
v 1.66790247 -2.24390268 -0.49153804
v 1.67648601 -2.24136734 -0.46840322
v 1.6905626 -2.24053239 -0.46316337
v 1.00644981 -2.31676483 0.98324507
v 1.00364065 -2.01333165 0.98132163
v 1.21279478 -2.33749103 0.74916839
v 1.21805214 -2.02611112 0.75627559
v 1.43465554 -2.01099777 0.42180579
v 1.42430222 -2.32908988 0.4147886
v 1.57475626 -2.01361084 0.15658715
v 1.56976413 -2.31859636 0.16962917
v 1.62514734 -2.02017402 -0.0773824
v 1.61893451 -2.32964086 -0.05469206
v 1.71476769 -2.01370501 -0.13290807
v 1.71053695 -2.31318092 -0.12172456
v 1.78026151 -2.02504754 -0.31442672
v 1.76030075 -2.33019232 -0.23199643
v 1.77641665 -2.11414814 -0.5335868
v 1.78588736 -2.39325666 -0.40624076
v 1.72078669 -2.25039911 -0.74003028
v 1.76258277 -2.51761221 -0.64794731
v 1.53196692 -2.65139961 -1.05149996
v 1.62225925 -2.84262037 -0.89961594
v 1.2210586 -2.19571876 0.75730896
v 1.00935566 -2.18531274 0.97334122
v 1.439484 -2.18857312 0.41814833
v 1.62170839 -2.19173073 -0.06476914
v 1.7695713 -2.19417762 -0.26835772
v 1.74451434 -2.39857959 -0.68958467
v 1.58415567 -2.75756359 -0.96949642
v 1.67840063 -2.18413114 -0.10167987
v 1.71184802 -2.22030758 -0.12519033
v 1.6899476 -2.20899176 -0.10922345
v 1.73468816 -2.18484568 -0.17663763
v 1.72779655 -2.21175098 -0.16041642
v 1.71299517 -2.13913822 -0.12822185
v 1.68632388 -2.15145397 -0.10814683
v 1.72888207 -2.15441489 -0.1632467
v 1.55624246 -2.18176245 0.21385005
v 1.57134187 -2.22212815 0.16551467
v 1.5610516 -2.20887255 0.19901548
v 1.58649551 -2.18463063 0.1134618
v 1.58227908 -2.21281862 0.12846486
v 1.57263338 -2.14323902 0.16214372
v 1.56103527 -2.15289259 0.19958899
v 1.58261776 -2.15689158 0.12805406
v 1.78156113 -2.24808263 -0.40861097
v 1.78385937 -2.30652499 -0.44585272
v 1.78256034 -2.28189253 -0.40772551
v 1.77769029 -2.29588031 -0.51102232
v 1.78073239 -2.30827927 -0.48187571
v 1.78143334 -2.23122739 -0.48022413
v 1.78158712 -2.2305274 -0.43858367
v 1.77690768 -2.25956273 -0.51999551
v 1.00393843 -2.18601846 0.96000796
v 1.21279597 -2.19627761 0.74718892
v 1.20976114 -2.02667117 0.74617558
v 0.99833297 -2.01404738 0.96794533
v 1.41446709 -2.32919287 0.40704491
v 1.43005311 -2.18861699 0.4102441
v 1.20462298 -2.33801341 0.73908859
v 1.61357462 -2.84143734 -0.88870757
v 1.57588982 -2.75643467 -0.95816373
v 1.73361372 -2.39822363 -0.68246108
v 1.75120627 -2.51732277 -0.64222413
v 1.00113964 -2.31749391 0.96996176
v 1.4250493 -2.01117873 0.41408771
v 1.52428734 -2.6503129 -1.03963208
v 1.71001696 -2.24988198 -0.73272115
v 1.60828268 -2.33026194 -0.06651161
v 1.68577504 -2.21027398 -0.1260624
v 1.67455506 -2.18553376 -0.11857006
v 1.61105036 -2.1924355 -0.07679547
v 1.70324337 -2.31411671 -0.13632275
v 1.70455682 -2.22124743 -0.13982562
v 1.74921405 -2.33061027 -0.23904335
v 1.71820724 -2.21239996 -0.17062711
v 1.75822222 -2.1943643 -0.27466538
v 1.72485685 -2.18554925 -0.18641111
v 1.61446654 -2.0208342 -0.08961083
v 1.68263661 -2.15277814 -0.12529258
v 1.70560157 -2.14008593 -0.14315162
v 1.70737731 -2.01465964 -0.14788475
v 1.76857864 -2.025177 -0.3196946
v 1.7190293 -2.15498542 -0.17285905
v 1.54954111 -2.20879674 0.19484899
v 1.54478013 -2.18170261 0.20948971
v 1.55819714 -2.31850218 0.16569456
v 1.5597707 -2.22203111 0.16160942
v 1.57064247 -2.21268963 0.1248531
v 1.57482397 -2.18447804 0.11001822
v 1.5495243 -2.15281724 0.1953977
v 1.56106138 -2.14314317 0.15823766
v 1.56317544 -2.01351237 0.15271803
v 1.5709933 -2.15676641 0.12440434
v 1.77055692 -2.28195524 -0.40999609
v 1.76953351 -2.24767327 -0.41031023
v 1.77379214 -2.39349961 -0.40711188
v 1.77173888 -2.30673766 -0.44631144
v 1.76877391 -2.30849123 -0.47947642
v 1.76592731 -2.29622006 -0.50724297
v 1.7694987 -2.23017811 -0.43888416
v 1.7694453 -2.23083734 -0.47779747
v 1.76450133 -2.11371731 -0.5306158
v 1.76520097 -2.25939297 -0.51575559
v 1.0985527 -2.02162241 0.86344301
v 1.10256195 -2.19137597 0.86362123
v 1.10526561 -2.02104044 0.87518209
v 1.10928106 -2.19078993 0.87540566
v 1.10468924 -2.32759356 0.86357343
v 1.11136257 -2.32700824 0.87535166
v 1.15156436 -2.17481803 0.82814467
v 1.15142452 -2.17003035 0.8284161
v 1.1499623 -2.17040371 0.82982623
v 1.14874076 -2.17145538 0.83098101
v 1.14795076 -2.17301583 0.83169955
v 1.14771068 -2.17484974 0.83188265
v 1.14805769 -2.1766808 0.83149838
v 1.14893829 -2.17822456 0.83060258
v 1.15021956 -2.17925429 0.82932937
v 1.15170359 -2.17960572 0.8278768
v 1.15316021 -2.17922925 0.82646042
v 1.15437579 -2.17818093 0.82529777
v 1.15516376 -2.17662024 0.82456785
v 1.15540349 -2.17478632 0.82438635
v 1.15506053 -2.17295718 0.82477122
v 1.15418124 -2.17140889 0.82567733
v 1.15290725 -2.1703844 0.82695823
v 1.15114641 -2.16045641 0.82894617
v 1.14674937 -2.16158723 0.83317816
v 1.14307618 -2.1647346 0.83661472
v 1.14069032 -2.16942 0.83875614
v 1.13996839 -2.17492365 0.83928674
v 1.14101958 -2.18040823 0.83813875
v 1.14367651 -2.18504762 0.83547329
v 1.14752697 -2.18812418 0.83168655
v 1.15198075 -2.18918085 0.82734024
v 1.15635144 -2.18805122 0.82308429
v 1.15998029 -2.18490958 0.81957221
v 1.16232824 -2.18023228 0.81735646
v 1.16304373 -2.17473006 0.81679153
v 1.16201841 -2.16924357 0.81796687
v 1.15940332 -2.16459918 0.82070714
v 1.15559101 -2.16151571 0.82456362
v 1.15086925 -2.15088319 0.82948517
v 1.14352667 -2.15276861 0.83652025
v 1.13737702 -2.15802145 0.84220904
v 1.13338267 -2.16582775 0.84573167
v 1.13217377 -2.17500662 0.84659767
v 1.13393855 -2.1841464 0.84469473
v 1.13839185 -2.19186973 0.84030181
v 1.14483296 -2.19699573 0.83403044
v 1.15225625 -2.19875454 0.82680439
v 1.1595273 -2.19687604 0.8196991
v 1.16555213 -2.19164609 0.81380266
v 1.16944491 -2.18385148 0.81006181
v 1.17063117 -2.17468333 0.80909848
v 1.16893816 -2.16552925 0.81107598
v 1.1646074 -2.15779328 0.81567865
v 1.15827071 -2.15264797 0.82215762
v 1.15698099 -2.16848731 0.8430733
v 1.15846455 -2.16810965 0.84164083
v 1.15860343 -2.1728971 0.84137481
v 1.15574252 -2.16953301 0.84424382
v 1.15493917 -2.17109608 0.84497451
v 1.15469801 -2.17292904 0.84515929
v 1.15505051 -2.17475843 0.84476786
v 1.15594208 -2.17630267 0.84386187
v 1.15724229 -2.17733168 0.8425762
v 1.15874469 -2.17768263 0.84110701
v 1.16022586 -2.17730736 0.83966779
v 1.16145908 -2.17626047 0.83849656
v 1.16225576 -2.17470049 0.83775532
v 1.1624999 -2.17286467 0.83756673
v 1.16214954 -2.17103576 0.8379597
v 1.16126143 -2.16948914 0.83887553
v 1.15996921 -2.16846013 0.84016758
v 1.15372371 -2.15966439 0.84646874
v 1.15818524 -2.15853405 0.84218311
v 1.14999926 -2.162817 0.84994709
v 1.14757466 -2.16749572 0.85211622
v 1.14684355 -2.17300248 0.85265404
v 1.14791023 -2.17848825 0.8514921
v 1.15060389 -2.18312454 0.84879958
v 1.15451026 -2.18620324 0.84496694
v 1.15902614 -2.187258 0.84056419
v 1.16345787 -2.18613219 0.83625459
v 1.16714179 -2.18299007 0.83270144
v 1.16952431 -2.17831158 0.83045417
v 1.17025017 -2.17280864 0.82987546
v 1.16921126 -2.1673212 0.83106684
v 1.16655862 -2.16268038 0.83383721
v 1.16269111 -2.15959358 0.83774501
v 1.15790176 -2.14896225 0.84272128
v 1.16540801 -2.15072512 0.8353101
v 1.17183709 -2.15587091 0.82874947
v 1.17622923 -2.16360998 0.82409626
v 1.17794585 -2.17276406 0.82209515
v 1.1767441 -2.18193173 0.82307303
v 1.17279398 -2.18972277 0.82686096
v 1.16668164 -2.19495439 0.83282935
v 1.1593064 -2.19683408 0.84002488
v 1.15177619 -2.19507646 0.84734237
v 1.14524436 -2.18994593 0.85368633
v 1.1407274 -2.18222618 0.85813164
v 1.13893675 -2.17308139 0.860053
v 1.14016401 -2.16390657 0.85917663
v 1.14421761 -2.15609669 0.8556109
v 1.15045607 -2.15084743 0.84984934
v 1.16689086 -2.14588761 0.83396637
v 1.15774834 -2.14373731 0.84301269
v 1.15418124 -2.14032745 0.83676886
v 1.1646105 -2.14280152 0.82642382
v 1.17470741 -2.15215754 0.82595104
v 1.17351722 -2.15000772 0.81723326
v 1.18004214 -2.16158866 0.82025051
v 1.17959022 -2.16084837 0.81069827
v 1.18212366 -2.17274141 0.81780469
v 1.18195521 -2.17366242 0.80789512
v 1.18065846 -2.18390893 0.81901389
v 1.18028938 -2.18649959 0.80927872
v 1.17586207 -2.1933999 0.82365447
v 1.17483139 -2.19740462 0.81460493
v 1.16843342 -2.19977092 0.83095037
v 1.16636908 -2.20472168 0.82296794
v 1.15945839 -2.20205593 0.83973532
v 1.15613532 -2.20734977 0.83300596
v 1.15028369 -2.1999154 0.84863245
v 1.14566206 -2.20488977 0.84315955
v 1.14231264 -2.19367098 0.85632967
v 1.13655269 -2.19771528 0.85192656
v 1.13679337 -2.18426799 0.86171734
v 1.13023686 -2.18691396 0.85805928
v 1.13460218 -2.17313051 0.86405205
v 1.12773072 -2.17411184 0.86071634
v 1.13610196 -2.16195058 0.8629952
v 1.12944257 -2.16126632 0.85951966
v 1.14105057 -2.1524353 0.85867381
v 1.13510084 -2.15032625 0.85462027
v 1.14866721 -2.14603686 0.85168743
v 1.14380824 -2.14297199 0.84665983
v 1.15061831 -2.14229512 0.82996714
v 1.1606698 -2.14469242 0.81999188
v 1.16925644 -2.15168929 0.81113064
v 1.17510926 -2.16221118 0.80482733
v 1.17739069 -2.17464947 0.80212205
v 1.17578375 -2.1871016 0.80345791
v 1.17052364 -2.19768595 0.80858397
v 1.16236507 -2.20478963 0.8166477
v 1.15250468 -2.20733952 0.82632446
v 1.1424129 -2.20495462 0.83611989
v 1.13363862 -2.19799161 0.84458094
v 1.12755835 -2.187505 0.85050362
v 1.12514197 -2.17508268 0.85306984
v 1.12679231 -2.16261291 0.85191732
v 1.13224113 -2.15199995 0.84719193
v 1.14062786 -2.14486384 0.83950799
v 1.16228759 -2.14341998 0.82218146
v 1.15190589 -2.14094948 0.83248931
v 1.17115438 -2.15063142 0.81302887
v 1.17719745 -2.1614716 0.80651724
v 1.17955446 -2.17428445 0.80371922
v 1.17789447 -2.18711996 0.8051024
v 1.17246127 -2.19802308 0.81040555
v 1.16403734 -2.20534324 0.8187341
v 1.15385127 -2.20796871 0.82873189
v 1.14342474 -2.205513 0.83884745
v 1.13435781 -2.19833755 0.84757751
v 1.12807261 -2.18753385 0.85368609
v 1.12557518 -2.1747365 0.85633349
v 1.12727975 -2.16188502 0.85514748
v 1.13291287 -2.15095043 0.85026747
v 1.14157986 -2.14359378 0.8423419
v 1.06199169 -2.25741934 0.92978811
v 1.06211602 -2.25279426 0.92976969
v 1.06075942 -2.2530148 0.93142139
v 1.0595839 -2.25391078 0.93281877
v 1.05876839 -2.25533819 0.93375664
v 1.05843913 -2.25708341 0.93409842
v 1.05865633 -2.25888037 0.93378108
v 1.05938136 -2.26046204 0.93284785
v 1.06050729 -2.26158213 0.93144249
v 1.06185948 -2.2620716 0.92977488
v 1.06322228 -2.26185178 0.92810922
v 1.06439316 -2.26096034 0.92668664
v 1.06519365 -2.25952434 0.92573791
v 1.06550264 -2.25777435 0.92540943
v 1.06527888 -2.25596904 0.92574638
v 1.06455552 -2.25438714 0.92669636
v 1.0634495 -2.25327777 0.92810934
v 1.06232106 -2.24361324 0.92962503
v 1.05827057 -2.24430537 0.93450915
v 1.05471861 -2.24699735 0.93864023
v 1.05222058 -2.25127077 0.94141578
v 1.05119156 -2.25648999 0.94243925
v 1.05181872 -2.26186895 0.94154185
v 1.0540266 -2.26660466 0.93880993
v 1.0574671 -2.26997375 0.93463671
v 1.06158435 -2.27146077 0.9296332
v 1.0657221 -2.27081584 0.92458623
v 1.06922793 -2.26813125 0.92028969
v 1.07157838 -2.26380872 0.91744411
v 1.07244122 -2.25851917 0.91649538
v 1.07172596 -2.25309228 0.91755873
v 1.06956327 -2.24835133 0.92044907
v 1.06627345 -2.24502873 0.92469251
v 1.06243479 -2.23450899 0.92938953
v 1.05569362 -2.23571276 0.93738275
v 1.04972577 -2.24022007 0.94410157
v 1.04547393 -2.24734234 0.94863039
v 1.04369306 -2.25601744 0.95033866
v 1.04474103 -2.26495862 0.94893312
v 1.04849612 -2.27284336 0.94451916
v 1.05435955 -2.2784729 0.93765419
v 1.06136214 -2.2809751 0.92932534
v 1.06834375 -2.27991366 0.92088478
v 1.07419216 -2.27540969 0.9137187
v 1.07802689 -2.26815366 0.90901422
v 1.07934224 -2.25928425 0.90750044
v 1.07805228 -2.25019764 0.9093576
v 1.07442021 -2.24231028 0.91421794
v 1.06897413 -2.23681283 0.92126029
v 1.06640052 -2.25113272 0.94557291
v 1.06777799 -2.25090694 0.94391304
v 1.06766772 -2.25552773 0.94394141
v 1.06520676 -2.2520225 0.94697988
v 1.06438243 -2.25345134 0.94792109
v 1.06405794 -2.25519299 0.94826746
v 1.06428194 -2.25699019 0.9479472
v 1.06502687 -2.25856709 0.94701939
v 1.06617629 -2.25968217 0.94561028
v 1.06754899 -2.26017141 0.9439376
v 1.06893742 -2.25995397 0.94225776
v 1.07012343 -2.25906062 0.94083076
v 1.07093048 -2.25762891 0.93987673
v 1.07123959 -2.2558763 0.93954747
v 1.07100653 -2.25407791 0.9398784
v 1.07026803 -2.25249791 0.94082862
v 1.0691384 -2.25138592 0.94224745
v 1.06382834 -2.24243402 0.94867068
v 1.06795239 -2.24173426 0.94376421
v 1.06022465 -2.24512338 0.95281016
v 1.05769991 -2.24939203 0.95560258
v 1.05667829 -2.25460505 0.95663332
v 1.05734551 -2.25997543 0.95574349
v 1.05961108 -2.26469969 0.95302301
v 1.06312084 -2.26806521 0.94884246
v 1.06730675 -2.2695465 0.9438225
v 1.07150113 -2.26890349 0.9387421
v 1.07505357 -2.26621842 0.93442428
v 1.07742548 -2.26190424 0.93155604
v 1.07829237 -2.25662159 0.93058967
v 1.07755255 -2.25119757 0.93165832
v 1.07533896 -2.24646687 0.93455785
v 1.07197916 -2.24314475 0.9388169
v 1.06803667 -2.23263955 0.94353669
v 1.07470512 -2.23493576 0.93537777
v 1.08026158 -2.24042391 0.92830085
v 1.08397245 -2.24830412 0.92341524
v 1.08529341 -2.2573831 0.92154896
v 1.08396947 -2.26624345 0.92307674
v 1.08009338 -2.27348756 0.92782604
v 1.07417607 -2.27797818 0.93505108
v 1.06710302 -2.27904224 0.94354617
v 1.05999815 -2.27655315 0.95190143
v 1.05402505 -2.27093625 0.95877599
v 1.05016756 -2.26307034 0.9631688
v 1.04904961 -2.25413703 0.96455192
v 1.05081307 -2.24547433 0.96282595
v 1.0551033 -2.23835539 0.95828598
v 1.06116855 -2.23385047 0.9515531
v 1.07613778 -2.23045635 0.93353623
v 1.06803643 -2.22770023 0.94338977
v 1.06534504 -2.22448468 0.93639791
v 1.07454109 -2.22761678 0.9251672
v 1.08289861 -2.23710918 0.92493552
v 1.082219 -2.23523831 0.91534924
v 1.08744633 -2.24670195 0.9189614
v 1.08742618 -2.24625825 0.90849244
v 1.08912849 -2.25778651 0.91663444
v 1.08941495 -2.2590177 0.90578198
v 1.08759641 -2.26862072 0.9184401
v 1.08774793 -2.27152538 0.90778046
v 1.08292663 -2.27749347 0.92418444
v 1.08241844 -2.28176498 0.91429001
v 1.07571041 -2.28298926 0.93297916
v 1.0741508 -2.28810429 0.92433518
v 1.06702947 -2.28427958 0.94333738
v 1.06421053 -2.28959417 0.93621599
v 1.05828177 -2.28123354 0.95348507
v 1.05414187 -2.28607726 0.94784122
v 1.05090785 -2.27438569 0.96178662
v 1.04565453 -2.27819323 0.95731002
v 1.04614353 -2.26481175 0.96704292
v 1.0401864 -2.26718545 0.96327477
v 1.04476559 -2.25394845 0.96865904
v 1.03864133 -2.25470328 0.96507901
v 1.04695212 -2.24339842 0.9665628
v 1.04119944 -2.24258422 0.96268665
v 1.05223429 -2.23472356 0.96111851
v 1.04729652 -2.23260593 0.9565128
v 1.05966532 -2.22920846 0.95303642
v 1.05580818 -2.22625136 0.9473558
v 1.06244111 -2.22638964 0.92913252
v 1.07128453 -2.22943973 0.91824936
v 1.07867109 -2.23684907 0.90874397
v 1.08367276 -2.24754929 0.90212494
v 1.08557701 -2.25993824 0.89950901
v 1.08395481 -2.27207589 0.90145593
v 1.07881188 -2.28201389 0.90774023
v 1.07083308 -2.28817033 0.91743648
v 1.06124913 -2.28961896 0.92891442
v 1.05155313 -2.286206 0.94017261
v 1.04340422 -2.27854609 0.9493699
v 1.03817653 -2.26784944 0.95519119
v 1.03672659 -2.2557199 0.9569776
v 1.03921389 -2.24394655 0.95466661
v 1.04508721 -2.23425841 0.94867372
v 1.05327343 -2.22809648 0.93976867
v 1.07265281 -2.22822904 0.92058402
v 1.06351554 -2.22509694 0.93178969
v 1.08028745 -2.23585391 0.91078269
v 1.08546519 -2.24687671 0.90394836
v 1.08744573 -2.25964403 0.90124559
v 1.0857917 -2.27215385 0.90323227
v 1.08047592 -2.28239965 0.90971344
v 1.07223415 -2.28874707 0.91971963
v 1.06233394 -2.29023528 0.93157136
v 1.05230593 -2.28672242 0.94317829
v 1.04386353 -2.27882695 0.9526416
v 1.03844142 -2.26781034 0.9586128
v 1.03692638 -2.25532388 0.96043008
v 1.03949058 -2.24319505 0.9580518
v 1.04556965 -2.23321747 0.9518823
v 1.05403566 -2.22686171 0.94273483
v 1.05982732 -2.07687449 0.93153107
v 1.05949831 -2.07192993 0.93205893
v 1.05824279 -2.07224035 0.93368375
v 1.0572263 -2.07326269 0.93496793
v 1.05660617 -2.07483482 0.93572211
v 1.05647134 -2.07672357 0.93583184
v 1.05684626 -2.0786314 0.93528503
v 1.05767285 -2.08027362 0.93417066
v 1.05882275 -2.08139681 0.93264025
v 1.06011891 -2.0818324 0.93094253
v 1.0613631 -2.08151292 0.92932593
v 1.06237351 -2.08049035 0.92803484
v 1.06299102 -2.07891607 0.92726695
v 1.06312823 -2.07703805 0.92714339
v 1.06276202 -2.07513237 0.92768389
v 1.06194007 -2.073493 0.92881304
v 1.06079673 -2.07237124 0.93034821
v 1.05874276 -2.06210255 0.93289977
v 1.05494499 -2.06303143 0.93776518
v 1.05185651 -2.06609058 0.9416008
v 1.04996311 -2.07081413 0.9438284
v 1.04956531 -2.07647895 0.9441325
v 1.0507183 -2.08221316 0.94248646
v 1.05322408 -2.08714389 0.93915605
v 1.0566895 -2.09050464 0.93462419
v 1.06058168 -2.09179496 0.92956697
v 1.06431019 -2.09082245 0.92474341
v 1.06732654 -2.08774471 0.92087578
v 1.06918561 -2.08303308 0.91855484
v 1.06960952 -2.07740426 0.9181537
v 1.06852495 -2.07171106 0.91975587
v 1.06608855 -2.06680297 0.92312711
v 1.06265628 -2.06343126 0.92774671
v 1.05787205 -2.05236077 0.93346381
v 1.05146896 -2.05389666 0.94155192
v 1.04623878 -2.05898714 0.94787275
v 1.04302346 -2.06686949 0.95150387
v 1.04235398 -2.07632565 0.95194983
v 1.044312 -2.0858953 0.94922089
v 1.04854977 -2.09410691 0.94373005
v 1.0543766 -2.09968972 0.93628728
v 1.06088173 -2.10181212 0.92796248
v 1.0671029 -2.10016036 0.92000216
v 1.0721451 -2.09500765 0.91358262
v 1.07526564 -2.08715868 0.90970438
v 1.07600402 -2.07780456 0.90898972
v 1.07422602 -2.06834626 0.91159945
v 1.07017624 -2.06019687 0.91718196
v 1.06444215 -2.0545814 0.92487829
v 1.06391334 -2.07027554 0.9477728
v 1.06519925 -2.06996393 0.94613117
v 1.06554293 -2.07489872 0.94563674
v 1.06287181 -2.07128858 0.94907927
v 1.06223845 -2.07286024 0.94984799
v 1.06210291 -2.07474255 0.94997233
v 1.06249594 -2.07664752 0.94943136
v 1.06334304 -2.07828831 0.94831484
v 1.06452441 -2.07941556 0.94678109
v 1.06585288 -2.07985091 0.94506901
v 1.06712997 -2.07953596 0.94343072
v 1.06816089 -2.07851624 0.94212484
v 1.06879007 -2.07694864 0.94134271
v 1.06892824 -2.07507014 0.94120526
v 1.06854939 -2.07316803 0.94173693
v 1.06770658 -2.07152891 0.94286608
v 1.06653237 -2.07040286 0.9444108
v 1.06052625 -2.06107425 0.95184075
v 1.06441962 -2.06014919 0.94692862
v 1.05736541 -2.06412053 0.95572137
v 1.05542755 -2.06883049 0.95799684
v 1.05503308 -2.07448816 0.95833808
v 1.05622875 -2.08021879 0.95671969
v 1.05881333 -2.08514618 0.95338875
v 1.06237769 -2.08851099 0.94883763
v 1.06636476 -2.08980965 0.94374305
v 1.07017922 -2.08884429 0.93886411
v 1.07325613 -2.08577466 0.9349367
v 1.07514643 -2.08107328 0.93257015
v 1.07557034 -2.07545113 0.93213397
v 1.07445323 -2.06976223 0.93371939
v 1.071949 -2.0648601 0.93709576
v 1.06842923 -2.0614798 0.9417423
v 1.06353807 -2.05042433 0.94745355
v 1.07026803 -2.05265283 0.93880796
v 1.07614076 -2.05827164 0.93106758
v 1.08028864 -2.0664165 0.92547267
v 1.08211588 -2.07586789 0.92288082
v 1.08138203 -2.08520793 0.92364502
v 1.07821071 -2.09304571 0.92760539
v 1.07307839 -2.0981791 0.93412977
v 1.06672036 -2.0998187 0.94218939
v 1.06005346 -2.09768509 0.95058172
v 1.05406665 -2.09209322 0.9580565
v 1.0496906 -2.08388686 0.96353346
v 1.04765617 -2.07432055 0.96622145
v 1.04832589 -2.06488108 0.96570521
v 1.05161416 -2.05702018 0.96201103
v 1.05697894 -2.05194711 0.95560771
v 1.07126772 -2.04787635 0.93710452
v 1.06303167 -2.04515671 0.94762396
v 1.05987441 -2.04171061 0.9409607
v 1.06926488 -2.04483032 0.92892432
v 1.07843506 -2.05470752 0.92769265
v 1.07742786 -2.05267453 0.91815727
v 1.08348119 -2.0646069 0.92091065
v 1.08316755 -2.06403255 0.91041821
v 1.0856862 -2.07609438 0.91780054
v 1.08565664 -2.07720828 0.90687364
v 1.0847615 -2.08745837 0.91876584
v 1.08456516 -2.09026169 0.90797579
v 1.0808717 -2.09700369 0.92359328
v 1.08009994 -2.10124373 0.91346329
v 1.0746051 -2.10327744 0.93149447
v 1.0729376 -2.10847473 0.92243313
v 1.06684839 -2.10529828 0.94125539
v 1.06409835 -2.11082911 0.93352037
v 1.05870723 -2.10272312 0.95139813
v 1.05482983 -2.1078999 0.94505387
v 1.05137324 -2.09592485 0.96042603
v 1.0464822 -2.1001091 0.95533049
v 1.04599797 -2.08592939 0.96703934
v 1.0403552 -2.08862876 0.96288865
v 1.04349076 -2.07427644 0.97030365
v 1.03750228 -2.07522296 0.96664732
v 1.04431903 -2.06276536 0.96970844
v 1.03846085 -2.06197762 0.9660474
v 1.04837226 -2.05318737 0.9652673
v 1.04311251 -2.05094814 0.9610567
v 1.05497491 -2.04700923 0.95753568
v 1.05066943 -2.04383897 0.95227611
v 1.05702579 -2.04369902 0.93374294
v 1.06602692 -2.04672288 0.92210507
v 1.07385909 -2.05433416 0.91168981
v 1.07936906 -2.06536459 0.90418112
v 1.08175647 -2.07816577 0.90073037
v 1.0807017 -2.0908432 0.90176188
v 1.07639992 -2.1015048 0.90702372
v 1.06950533 -2.10853123 0.91566443
v 1.06101214 -2.11082053 0.92636281
v 1.05212318 -2.10798549 0.93751174
v 1.04413926 -2.10042762 0.9474768
v 1.03830301 -2.08928442 0.95482647
v 1.03559565 -2.07627201 0.958512
v 1.03652656 -2.06340503 0.95796537
v 1.04097986 -2.05269169 0.95315742
v 1.04821467 -2.04578018 0.94467151
v 1.06733906 -2.04545617 0.92441338
v 1.05801916 -2.04234027 0.93641537
v 1.07544601 -2.05329632 0.91366416
v 1.08114755 -2.0646553 0.90593743
v 1.08361542 -2.07784247 0.90239357
v 1.08252382 -2.09089541 0.90347009
v 1.07807672 -2.10187745 0.90891528
v 1.07094705 -2.10911893 0.91783958
v 1.06216299 -2.1114757 0.92887371
v 1.05296134 -2.10856008 0.94037032
v 1.04468691 -2.10077047 0.95062738
v 1.03862392 -2.08928871 0.95818811
v 1.03580498 -2.07588267 0.96197128
v 1.03676748 -2.06262826 0.96140211
v 1.04138624 -2.05159091 0.95644307
v 1.04888713 -2.04447364 0.94769233
v 1.58956229 -2.15996265 -0.81877934
v 1.58954751 -2.15629267 -0.81912922
v 1.58907842 -2.15674543 -0.82067149
v 1.58867967 -2.15768742 -0.82191807
v 1.58840835 -2.15897059 -0.82268452
v 1.58831024 -2.16040945 -0.82284998
v 1.58840167 -2.16177105 -0.8223949
v 1.58866322 -2.16286444 -0.82138228
v 1.58905804 -2.16350698 -0.81997346
v 1.58952486 -2.16361165 -0.81837344
v 1.5899893 -2.16316056 -0.81682902
v 1.59038281 -2.16222167 -0.81557762
v 1.59064614 -2.16093373 -0.81480944
v 1.59074246 -2.1594994 -0.81463944
v 1.59065747 -2.15813446 -0.81509721
v 1.5903995 -2.15704608 -0.81611359
v 1.59001159 -2.1564002 -0.81753003
v 1.58936226 -2.14891338 -0.81965547
v 1.58795082 -2.15026783 -0.82427454
v 1.58673071 -2.15308594 -0.828004
v 1.58590197 -2.15693974 -0.83028739
v 1.58560204 -2.16124391 -0.83077943
v 1.58587884 -2.16534209 -0.82941734
v 1.58668851 -2.16861581 -0.82639819
v 1.58789157 -2.17055439 -0.82217621
v 1.58929503 -2.17087197 -0.81738352
v 1.59068381 -2.16951537 -0.81275165
v 1.59184742 -2.1666913 -0.80898457
v 1.59262299 -2.16283154 -0.8066653
v 1.59290576 -2.15852475 -0.80615574
v 1.59265255 -2.15442657 -0.80753654
v 1.59190022 -2.15116477 -0.81058985
v 1.59074914 -2.14922595 -0.81484985
v 1.58897006 -2.14146637 -0.81995523
v 1.58659851 -2.14372396 -0.82763773
v 1.58453273 -2.14841723 -0.83383065
v 1.5831213 -2.15483641 -0.83761161
v 1.58261191 -2.16200757 -0.83843052
v 1.58309209 -2.1688416 -0.83617204
v 1.58447623 -2.17429876 -0.83116227
v 1.58655715 -2.17759275 -0.82418572
v 1.58893489 -2.17815709 -0.8162288
v 1.59119832 -2.17584347 -0.80847042
v 1.59308183 -2.1710968 -0.8021543
v 1.59434497 -2.16466188 -0.79826754
v 1.5948044 -2.15748262 -0.79741239
v 1.59439492 -2.15065479 -0.79971766
v 1.59316587 -2.14521789 -0.80482614
v 1.59127259 -2.14198851 -0.81194138
v 1.578534 -2.15437555 -0.81492173
v 1.57900178 -2.15392375 -0.8134064
v 1.57903981 -2.15759897 -0.8130837
v 1.57813763 -2.15531325 -0.81615567
v 1.57787513 -2.15659761 -0.81691914
v 1.57778751 -2.15803575 -0.81709128
v 1.57788682 -2.15940499 -0.81665092
v 1.57815647 -2.16050005 -0.81566143
v 1.5785588 -2.16114807 -0.81427711
v 1.57902777 -2.16125655 -0.81270581
v 1.57949078 -2.16080856 -0.81118607
v 1.57988238 -2.15987062 -0.80994707
v 1.58014249 -2.15858435 -0.8091827
v 1.58022797 -2.15714335 -0.80900919
v 1.58013045 -2.15577578 -0.80945223
v 1.57986545 -2.15468287 -0.81044268
v 1.57946813 -2.15403199 -0.81183332
v 1.57736074 -2.14787292 -0.81843274
v 1.57877361 -2.14652967 -0.81387919
v 1.57615637 -2.15069031 -0.82211762
v 1.57534897 -2.15454554 -0.82438737
v 1.57507717 -2.15885686 -0.82490104
v 1.57538247 -2.16296458 -0.82358592
v 1.57621431 -2.16624927 -0.8206346
v 1.57743918 -2.16820168 -0.8164938
v 1.57885372 -2.16853189 -0.81177961
v 1.58024025 -2.16718411 -0.80721265
v 1.58139157 -2.16436553 -0.80349093
v 1.58214902 -2.16050148 -0.80119007
v 1.58240473 -2.15618968 -0.80066084
v 1.58212196 -2.15208339 -0.80199509
v 1.581344 -2.14880609 -0.80497682
v 1.58016932 -2.14685463 -0.80915683
v 1.57834553 -2.13907218 -0.81412887
v 1.5806663 -2.13961458 -0.80625432
v 1.58259534 -2.14286685 -0.7992804
v 1.58387005 -2.14832615 -0.79428887
v 1.58432805 -2.15517139 -0.79206132
v 1.58391213 -2.16236066 -0.79294693
v 1.58267748 -2.16879487 -0.79680544
v 1.58079195 -2.17351412 -0.80302929
v 1.57851874 -2.17579674 -0.81066608
v 1.57612955 -2.17522192 -0.81849682
v 1.57404458 -2.1719377 -0.82536339
v 1.57262241 -2.16646122 -0.83026015
v 1.57209563 -2.15960598 -0.8324418
v 1.57255899 -2.15242409 -0.83159124
v 1.57393121 -2.14599943 -0.82782936
v 1.57597363 -2.14131355 -0.82170212
v 1.5808531 -2.13564109 -0.80457848
v 1.57803046 -2.13497757 -0.81417852
v 1.5829997 -2.13275098 -0.81710153
v 1.58622753 -2.13350009 -0.80597794
v 1.58318686 -2.13960146 -0.79607069
v 1.58887302 -2.13803029 -0.79609942
v 1.58472657 -2.1462512 -0.78998041
v 1.59059143 -2.14565897 -0.78901058
v 1.58527302 -2.15459156 -0.78726667
v 1.5911827 -2.15523076 -0.78583473
v 1.58477461 -2.16334676 -0.78835213
v 1.59058952 -2.16528987 -0.78706997
v 1.58328652 -2.17119169 -0.79305911
v 1.58888661 -2.17432022 -0.79251688
v 1.58105719 -2.17700433 -0.80069565
v 1.58641612 -2.18111586 -0.80142271
v 1.57832801 -2.17983174 -0.81002807
v 1.58332824 -2.18443107 -0.81225884
v 1.57539236 -2.17910599 -0.81954187
v 1.57993149 -2.18357658 -0.82325542
v 1.57277047 -2.17501878 -0.82785069
v 1.57683658 -2.17879152 -0.83281141
v 1.57100999 -2.16833972 -0.83378964
v 1.57478117 -2.17107772 -0.83967191
v 1.57035744 -2.15998816 -0.83644354
v 1.57405114 -2.16149044 -0.84276056
v 1.5709275 -2.15123987 -0.83540988
v 1.57474374 -2.15144443 -0.84160369
v 1.572618 -2.14341712 -0.83083701
v 1.57673072 -2.14245605 -0.83634972
v 1.57512807 -2.13770723 -0.82339364
v 1.57965326 -2.1358962 -0.82776129
v 1.58844804 -2.13473749 -0.82002747
v 1.59156847 -2.1354494 -0.80913543
v 1.59411358 -2.13983106 -0.79945498
v 1.59575176 -2.14722013 -0.7924965
v 1.59629511 -2.15649676 -0.78936088
v 1.59568953 -2.16625189 -0.79053658
v 1.59401619 -2.17502045 -0.79584515
v 1.59160757 -2.18162512 -0.8045395
v 1.58860778 -2.18485164 -0.81513291
v 1.5853213 -2.18403816 -0.82589972
v 1.58234083 -2.17940497 -0.83526533
v 1.58037173 -2.17192673 -0.8419981
v 1.57969725 -2.16263699 -0.84505355
v 1.58039844 -2.15289187 -0.84394931
v 1.5823524 -2.14417338 -0.838835
v 1.58520042 -2.1377995 -0.83045023
v 1.58964455 -2.13426351 -0.80778384
v 1.58642292 -2.13352394 -0.81896913
v 1.59227132 -2.13878178 -0.79784518
v 1.5939697 -2.14640116 -0.79070502
v 1.59453964 -2.15596556 -0.78749084
v 1.59392666 -2.16601967 -0.78871387
v 1.59221923 -2.1750524 -0.79418063
v 1.58975362 -2.18187236 -0.80312627
v 1.58666813 -2.18519735 -0.81401652
v 1.58327174 -2.1843512 -0.8250693
v 1.58018195 -2.17955923 -0.83467674
v 1.57813441 -2.17184162 -0.84158062
v 1.57742345 -2.16226625 -0.84470409
v 1.57813751 -2.15222334 -0.84355986
v 1.58014392 -2.14323735 -0.83830028
v 1.58307838 -2.13667535 -0.8296771
v 1.58380675 -2.3623414 -0.79640853
v 1.58379995 -2.35902547 -0.79674726
v 1.58336949 -2.35946345 -0.79828631
v 1.58300042 -2.36033606 -0.79953891
v 1.58275127 -2.3615098 -0.80031108
v 1.58266115 -2.36280942 -0.80048829
v 1.58274424 -2.3640356 -0.80004322
v 1.58298909 -2.36499977 -0.79904335
v 1.5833522 -2.36556291 -0.79764163
v 1.58377862 -2.36562919 -0.7960447
v 1.58420574 -2.36519002 -0.79450124
v 1.58456707 -2.36432004 -0.79324275
v 1.58480608 -2.3631401 -0.79246515
v 1.58489453 -2.36183929 -0.79228925
v 1.58481574 -2.3606131 -0.79273647
v 1.58457911 -2.35964942 -0.793738
v 1.58422601 -2.35909152 -0.79515093
v 1.58367526 -2.35232067 -0.79733461
v 1.5823661 -2.35363316 -0.80194783
v 1.58123362 -2.3562417 -0.80568313
v 1.58045935 -2.35975766 -0.80798429
v 1.58018243 -2.36364793 -0.80851209
v 1.58045113 -2.36733102 -0.80718827
v 1.58121001 -2.37023997 -0.80420953
v 1.58233201 -2.37193012 -0.80001539
v 1.58362317 -2.3721385 -0.7952367
v 1.58488631 -2.3708291 -0.79059541
v 1.58593988 -2.36820077 -0.78680455
v 1.58663725 -2.36465811 -0.78445601
v 1.58689379 -2.36074543 -0.78391265
v 1.58666968 -2.35706281 -0.78526651
v 1.5859934 -2.35417246 -0.78829813
v 1.58494758 -2.35250759 -0.79254078
v 1.58340477 -2.3454988 -0.79780858
v 1.58119761 -2.34768199 -0.80547952
v 1.5792551 -2.35202169 -0.81167286
v 1.57792425 -2.35787344 -0.81548047
v 1.5774542 -2.36435842 -0.81635367
v 1.57792937 -2.37050199 -0.81416714
v 1.57925212 -2.37536835 -0.80923789
v 1.5811671 -2.3782072 -0.80228126
v 1.58333611 -2.37857151 -0.79432773
v 1.58542108 -2.37639403 -0.78658115
v 1.58713519 -2.37199831 -0.78023713
v 1.58825945 -2.36606884 -0.77629613
v 1.5886724 -2.35952782 -0.77538448
v 1.58831703 -2.35337758 -0.77764725
v 1.58722698 -2.34856581 -0.78272533
v 1.58551645 -2.34580278 -0.78981578
v 1.57304704 -2.35686659 -0.79305684
v 1.57347738 -2.35643196 -0.79153889
v 1.57350504 -2.35976934 -0.79121679
v 1.5726825 -2.35773873 -0.79429268
v 1.5724374 -2.35891795 -0.7950592
v 1.57235539 -2.36022543 -0.79523748
v 1.57244753 -2.36146259 -0.79480385
v 1.5726962 -2.36243772 -0.79381942
v 1.5730673 -2.36300563 -0.79244178
v 1.57349634 -2.36307978 -0.79086887
v 1.5739206 -2.3626492 -0.78934425
v 1.57427871 -2.36177539 -0.78810346
v 1.57451593 -2.36059045 -0.7873314
v 1.57459747 -2.35928225 -0.78715235
v 1.57450878 -2.35804581 -0.78759074
v 1.5742675 -2.3570683 -0.78857666
v 1.57390666 -2.35650372 -0.78996461
v 1.57201004 -2.35098338 -0.79664295
v 1.57331836 -2.34968185 -0.79209369
v 1.57088482 -2.35359764 -0.80033427
v 1.57012975 -2.35712623 -0.80261683
v 1.56987381 -2.3610413 -0.80314952
v 1.57016229 -2.36475276 -0.80185669
v 1.5709424 -2.36769056 -0.79893124
v 1.57207763 -2.36941123 -0.79480409
v 1.57337629 -2.36963844 -0.79009193
v 1.57464063 -2.36833882 -0.78551572
v 1.57568681 -2.36571073 -0.78176897
v 1.57637238 -2.36215496 -0.77944362
v 1.57660663 -2.35821819 -0.77889895
v 1.57635986 -2.3545053 -0.78021794
v 1.57566285 -2.35158705 -0.78319466
v 1.57459795 -2.34989023 -0.78737151
v 1.57301306 -2.34281849 -0.79253822
v 1.57514452 -2.34315896 -0.78466647
v 1.57688486 -2.34597206 -0.77768933
v 1.57801163 -2.3508389 -0.77270197
v 1.57840263 -2.35703778 -0.77048945
v 1.57802295 -2.36361575 -0.77140843
v 1.57691788 -2.36956262 -0.77531182
v 1.57521581 -2.3739562 -0.78157472
v 1.57312929 -2.37611937 -0.78921747
v 1.57094562 -2.37572407 -0.79705596
v 1.56901073 -2.37284231 -0.80390381
v 1.5676577 -2.36792564 -0.80874764
v 1.56714665 -2.36173176 -0.81088334
v 1.56758046 -2.3552072 -0.80999928
v 1.5688821 -2.34932875 -0.80622518
v 1.57080495 -2.34498524 -0.80010354
v 1.57537949 -2.33943486 -0.78314191
v 1.57278478 -2.33902192 -0.79273521
v 1.57772648 -2.33720064 -0.79551118
v 1.58069145 -2.33764815 -0.78440511
v 1.5774815 -2.3428564 -0.77463078
v 1.58306694 -2.34153533 -0.77453613
v 1.5788331 -2.34878873 -0.76854014
v 1.58457279 -2.34831786 -0.76746237
v 1.57929539 -2.35634684 -0.76583927
v 1.58507132 -2.35698008 -0.76431924
v 1.57884025 -2.36437439 -0.76696425
v 1.58453309 -2.3661983 -0.76561158
v 1.57751894 -2.37163567 -0.77173429
v 1.58302509 -2.37454009 -0.77113413
v 1.5754764 -2.37699604 -0.77938258
v 1.58069491 -2.38071394 -0.77999389
v 1.57294392 -2.37962913 -0.78870159
v 1.57780063 -2.38374996 -0.79078078
v 1.57027506 -2.37913847 -0.79824125
v 1.57472646 -2.3831973 -0.80181717
v 1.56788396 -2.37561225 -0.80656456
v 1.57196152 -2.37915635 -0.81143277
v 1.56620276 -2.36960864 -0.81243985
v 1.57001268 -2.37227726 -0.81821864
v 1.56555748 -2.36205673 -0.81502527
v 1.56928086 -2.36362433 -0.82121163
v 1.56609177 -2.3541069 -0.81395089
v 1.56992423 -2.35451459 -0.81999135
v 1.56769871 -2.34695029 -0.80937135
v 1.57181716 -2.34631753 -0.81472075
v 1.57007718 -2.34166216 -0.80193519
v 1.57459044 -2.34024548 -0.80614727
v 1.58303403 -2.33927297 -0.79813718
v 1.58590459 -2.33968067 -0.78727453
v 1.58819413 -2.34342241 -0.77762162
v 1.58963275 -2.349967 -0.77069515
v 1.59009397 -2.35833883 -0.76761198
v 1.58955156 -2.36725831 -0.76886105
v 1.58806932 -2.37534451 -0.77424413
v 1.58579564 -2.38132929 -0.78289759
v 1.58298122 -2.38429117 -0.79343551
v 1.58000683 -2.38377738 -0.8042258
v 1.57734406 -2.37988996 -0.81363415
v 1.57548129 -2.3732469 -0.8202871
v 1.57479596 -2.36488533 -0.82322919
v 1.5754441 -2.35607123 -0.82205021
v 1.57729876 -2.34813427 -0.81690943
v 1.57999634 -2.34224343 -0.80853271
v 1.58403348 -2.33849191 -0.78604823
v 1.58107471 -2.33806419 -0.79720801
v 1.58639621 -2.34235954 -0.776129
v 1.58788371 -2.34912061 -0.76901179
v 1.58836448 -2.35776329 -0.76584398
v 1.58781611 -2.36696124 -0.76713693
v 1.58629977 -2.37530207 -0.77267646
v 1.58396375 -2.38147068 -0.78157341
v 1.58107066 -2.3845148 -0.79240989
v 1.57799983 -2.38397574 -0.80349361
v 1.57524347 -2.37995648 -0.81315463
v 1.5733093 -2.37309813 -0.81998246
v 1.5725888 -2.36446666 -0.82299959
v 1.57324862 -2.35537505 -0.82178139
v 1.57515943 -2.34719038 -0.8164981
v 1.57794058 -2.34112072 -0.80788934
v 1.17580473 -2.38308978 -1.27087271
v 1.1757301 -2.37803268 -1.27114737
v 1.17719721 -2.37830638 -1.26986205
v 1.17845428 -2.37931203 -1.26873183
v 1.1793127 -2.38089418 -1.26793038
v 1.1796354 -2.38280892 -1.26758456
v 1.17937803 -2.38476896 -1.26774132
v 1.17858159 -2.38647437 -1.26837599
v 1.17736446 -2.38766336 -1.26939654
v 1.17590832 -2.38815736 -1.27064359
v 1.17443883 -2.38788604 -1.27192199
v 1.17317712 -2.38688135 -1.27304899
v 1.17231988 -2.38530039 -1.27384531
v 1.17199409 -2.38338661 -1.274194
v 1.17224848 -2.38142466 -1.27403819
v 1.17305076 -2.37972068 -1.27340912
v 1.17427074 -2.37853074 -1.27239322
v 1.17566061 -2.36796402 -1.27183461
v 1.18006551 -2.36878824 -1.26796686
v 1.18382728 -2.37180662 -1.26456177
v 1.18638563 -2.37655258 -1.26214945
v 1.18734872 -2.38230228 -1.26110267
v 1.18658232 -2.38817882 -1.26157617
v 1.18419468 -2.3932898 -1.26350069
v 1.18054914 -2.39685726 -1.26656758
v 1.17618989 -2.39834475 -1.27030384
v 1.17177808 -2.39751768 -1.27413928
v 1.1679852 -2.39451003 -1.27749943
v 1.16539514 -2.38977241 -1.27987897
v 1.16441893 -2.38402986 -1.28092324
v 1.16518855 -2.37814927 -1.28047835
v 1.1676042 -2.37303161 -1.2785989
v 1.17128324 -2.36945247 -1.275568
v 1.17569422 -2.35794735 -1.27268338
v 1.183043 -2.35933589 -1.26624715
v 1.18927025 -2.36433076 -1.26048529
v 1.193493 -2.37222957 -1.25641179
v 1.19511675 -2.38184833 -1.25471651
v 1.19384777 -2.39165234 -1.2555381
v 1.18988204 -2.40016508 -1.25875914
v 1.18382191 -2.4061048 -1.2638874
v 1.17656385 -2.40857625 -1.27011346
v 1.16920054 -2.40720081 -1.27649247
v 1.16286563 -2.40218687 -1.28205812
v 1.15853595 -2.39430022 -1.28600633
v 1.15689468 -2.38473367 -1.28775441
v 1.15819966 -2.37493705 -1.28703784
v 1.16224384 -2.36640572 -1.28394985
v 1.16839671 -2.36043906 -1.27891922
v 1.1866821 -2.37819981 -1.28334569
v 1.1851871 -2.3779242 -1.28464758
v 1.18525719 -2.38297414 -1.28435921
v 1.18795561 -2.37919831 -1.28220248
v 1.18882262 -2.38077879 -1.28138995
v 1.18914616 -2.38269424 -1.28103292
v 1.18888711 -2.38465285 -1.28118503
v 1.18806874 -2.38635587 -1.28182888
v 1.1868273 -2.38754653 -1.28285455
v 1.18535316 -2.38803982 -1.28411543
v 1.18385887 -2.38776922 -1.28541493
v 1.18257892 -2.38676643 -1.28655743
v 1.18170774 -2.38518834 -1.28736496
v 1.18138122 -2.38327288 -1.28772199
v 1.18164587 -2.3813157 -1.28756678
v 1.18246328 -2.37960958 -1.28693342
v 1.18371033 -2.37841939 -1.28590846
v 1.18961417 -2.3686881 -1.28144729
v 1.18514168 -2.3678627 -1.2853651
v 1.19343352 -2.3717041 -1.27800011
v 1.19602239 -2.376441 -1.27554571
v 1.19698905 -2.38218474 -1.27447569
v 1.19619619 -2.38805723 -1.27494645
v 1.19376111 -2.39316582 -1.27688324
v 1.19004797 -2.39673662 -1.27998399
v 1.18561494 -2.39821887 -1.28375875
v 1.18113505 -2.39739489 -1.28764581
v 1.17729151 -2.39439272 -1.291049
v 1.17467057 -2.38966321 -1.29346406
v 1.17368638 -2.38391995 -1.29453563
v 1.17448496 -2.3780477 -1.2940948
v 1.17694854 -2.37293243 -1.29220008
v 1.18069291 -2.36935663 -1.28913426
v 1.18518137 -2.35784816 -1.28620672
v 1.17776858 -2.36034345 -1.29253017
v 1.17151808 -2.36631798 -1.29763281
v 1.16739487 -2.37484788 -1.30075109
v 1.16604948 -2.38463664 -1.30146098
v 1.16769719 -2.39419627 -1.299672
v 1.17207562 -2.40207147 -1.29566276
v 1.17850375 -2.40707397 -1.29001331
v 1.18597436 -2.40844368 -1.2835536
v 1.19335782 -2.40597748 -1.27725684
v 1.19952595 -2.4000349 -1.27208197
v 1.20357298 -2.39153122 -1.26883649
v 1.20487391 -2.38171815 -1.26800239
v 1.20324266 -2.37210083 -1.26972699
v 1.19897031 -2.36421895 -1.27387058
v 1.19265306 -2.3592329 -1.27972102
v 1.17615997 -2.3554213 -1.29434013
v 1.18516862 -2.35236287 -1.28659749
v 1.18046665 -2.34782028 -1.28021705
v 1.17020714 -2.35134577 -1.28910529
v 1.16859245 -2.36273527 -1.30066311
v 1.16162598 -2.35978269 -1.29640924
v 1.1635493 -2.37312293 -1.30443799
v 1.15587735 -2.37172913 -1.30071413
v 1.16190588 -2.38504886 -1.30527842
v 1.15400183 -2.38543295 -1.30166459
v 1.16391718 -2.39669013 -1.30309546
v 1.15630841 -2.39881014 -1.29918003
v 1.16925799 -2.40628194 -1.29822194
v 1.16242599 -2.40983843 -1.29362547
v 1.17709815 -2.41237711 -1.29135525
v 1.17138052 -2.41684126 -1.28581368
v 1.18620765 -2.41404056 -1.28350281
v 1.18177735 -2.41876196 -1.27686154
v 1.19519293 -2.41103601 -1.27583289
v 1.1920154 -2.41531133 -1.26809537
v 1.20270073 -2.40380382 -1.26951468
v 1.20055961 -2.40700769 -1.26086223
v 1.207623 -2.39344883 -1.26555395
v 1.2061491 -2.39510107 -1.25629925
v 1.20916557 -2.38144135 -1.26442885
v 1.20785415 -2.38124847 -1.25492024
v 1.20715642 -2.36968779 -1.2664777
v 1.2055366 -2.36770701 -1.25720441
v 1.2019788 -2.36009454 -1.27157151
v 1.19964718 -2.35667848 -1.26304292
v 1.19429743 -2.35405349 -1.27871453
v 1.19087398 -2.34974837 -1.27119696
v 1.17568504 -2.34893822 -1.27334249
v 1.16580498 -2.35235333 -1.28190064
v 1.15751111 -2.36051535 -1.28887474
v 1.1519835 -2.37210679 -1.29302191
v 1.15019154 -2.38541364 -1.29395496
v 1.15242397 -2.39840292 -1.29156041
v 1.1583178 -2.40911316 -1.28621983
v 1.16695118 -2.41591692 -1.27868616
v 1.17696249 -2.41778326 -1.27005112
v 1.18681609 -2.41443681 -1.26159715
v 1.19503641 -2.40637445 -1.2546134
v 1.20040702 -2.39481759 -1.2502197
v 1.20205974 -2.38139939 -1.24892532
v 1.19982326 -2.36825728 -1.25113856
v 1.19413185 -2.3575499 -1.25674927
v 1.18569994 -2.35081911 -1.26463997
v 1.16721558 -2.35138773 -1.28473496
v 1.17742121 -2.34786534 -1.27588093
v 1.1586641 -2.35981512 -1.29198336
v 1.15294873 -2.37176203 -1.29626333
v 1.15109038 -2.385468 -1.2972151
v 1.15339171 -2.39884877 -1.29474735
v 1.15948569 -2.4098792 -1.28922474
v 1.16840183 -2.41688776 -1.28144681
v 1.1787461 -2.41881346 -1.27253222
v 1.18892884 -2.41536235 -1.26379883
v 1.19742834 -2.40705537 -1.25659155
v 1.20297896 -2.39515256 -1.25204718
v 1.20467138 -2.38130497 -1.25067937
v 1.20236575 -2.36776018 -1.25295317
v 1.19649469 -2.35673093 -1.25875973
v 1.18777442 -2.34979343 -1.26689815
v 1.17096734 -2.21645879 -1.28229844
v 1.17107117 -2.21182751 -1.28287267
v 1.17248547 -2.21209287 -1.28173077
v 1.17366707 -2.21302652 -1.28068029
v 1.17443859 -2.21448516 -1.27987682
v 1.17468309 -2.21624088 -1.27944791
v 1.17436611 -2.21803259 -1.27945232
v 1.17352676 -2.21958375 -1.27989888
v 1.17230808 -2.22066164 -1.28071689
v 1.17089009 -2.22110343 -1.28178322
v 1.16948318 -2.22083735 -1.28293085
v 1.16830146 -2.21990776 -1.28398358
v 1.16752696 -2.21845197 -1.28478491
v 1.16727602 -2.2166965 -1.28520512
v 1.16759192 -2.21490383 -1.2851907
v 1.16842103 -2.21334624 -1.28473973
v 1.16964411 -2.21227026 -1.28392696
v 1.17136919 -2.20262241 -1.28417575
v 1.17562317 -2.2034235 -1.28079223
v 1.17916965 -2.20622706 -1.27764964
v 1.18147194 -2.2105968 -1.27522981
v 1.1821829 -2.21586632 -1.27390241
v 1.18121445 -2.22123765 -1.27389299
v 1.17869329 -2.22587442 -1.27520084
v 1.17501473 -2.22908902 -1.27761328
v 1.17076826 -2.23040652 -1.28083026
v 1.16658747 -2.22962951 -1.2843486
v 1.16308295 -2.22686028 -1.28758227
v 1.16075277 -2.22250461 -1.289976
v 1.15998017 -2.21722984 -1.29121196
v 1.16090095 -2.21184873 -1.2911235
v 1.16339242 -2.20717954 -1.28975391
v 1.1670705 -2.20394086 -1.28731763
v 1.17177152 -2.1934731 -1.28568542
v 1.17888069 -2.1948235 -1.28007566
v 1.18479049 -2.19950246 -1.27484893
v 1.18860268 -2.20678544 -1.27079165
v 1.18976509 -2.21556568 -1.2685405
v 1.1881175 -2.22449612 -1.26848244
v 1.18385195 -2.23218941 -1.27052509
v 1.17767679 -2.23750448 -1.27446723
v 1.17060935 -2.23968958 -1.27986252
v 1.16372191 -2.23843002 -1.28587198
v 1.15797078 -2.2338705 -1.29141795
v 1.15412604 -2.22663903 -1.2954787
v 1.15281117 -2.21784639 -1.29749131
v 1.15431261 -2.20886492 -1.29727578
v 1.15844285 -2.20107674 -1.2949475
v 1.16458237 -2.19566917 -1.29088687
v 1.18135786 -2.21202087 -1.29434728
v 1.17992377 -2.21175289 -1.29549753
v 1.17980969 -2.21637606 -1.29491257
v 1.18255579 -2.21294999 -1.29328358
v 1.18333816 -2.21440291 -1.29246687
v 1.18357741 -2.21615815 -1.29203081
v 1.18325269 -2.21794748 -1.29203426
v 1.18240571 -2.2194972 -1.29248201
v 1.18116688 -2.22057461 -1.29330933
v 1.17972481 -2.22101163 -1.29438602
v 1.17829883 -2.22075128 -1.29554367
v 1.17709934 -2.21981811 -1.29661619
v 1.17631697 -2.21836471 -1.29742574
v 1.17606663 -2.21661067 -1.29785311
v 1.17638683 -2.21482181 -1.29783821
v 1.17723512 -2.21326923 -1.29738533
v 1.1784743 -2.21218872 -1.29656374
v 1.184551 -2.20336031 -1.29339969
v 1.18023741 -2.20255518 -1.29683315
v 1.18814647 -2.20615959 -1.29022574
v 1.19047331 -2.21052241 -1.28777122
v 1.19119203 -2.21578455 -1.28642559
v 1.19019901 -2.22114658 -1.28641247
v 1.18763268 -2.22578477 -1.28770983
v 1.183887 -2.22898697 -1.29013872
v 1.17957091 -2.23030328 -1.29338097
v 1.17533052 -2.22952628 -1.29694366
v 1.17178738 -2.22676777 -1.30023038
v 1.16943705 -2.22241926 -1.30267262
v 1.16866672 -2.21714925 -1.30393075
v 1.1696124 -2.21177172 -1.30385136
v 1.17214107 -2.20711326 -1.30247104
v 1.17587637 -2.20387196 -1.30000472
v 1.18065667 -2.19341588 -1.29836487
v 1.1733613 -2.19561123 -1.30363094
v 1.16713213 -2.20101356 -1.30773615
v 1.16293442 -2.20880127 -1.31008696
v 1.16139292 -2.2177751 -1.31028413
v 1.16270756 -2.2265551 -1.30822742
v 1.16657805 -2.23376584 -1.30407488
v 1.17239451 -2.23831176 -1.29843592
v 1.17937731 -2.23956751 -1.29235744
v 1.1865623 -2.23738813 -1.28692758
v 1.19284749 -2.23208189 -1.2829647
v 1.19719326 -2.22440981 -1.28092908
v 1.19888329 -2.21548318 -1.28099656
v 1.19771552 -2.2067151 -1.28328251
v 1.19385194 -2.19943785 -1.28739488
v 1.18786323 -2.19476461 -1.2926799
v 1.17202508 -2.19112968 -1.30567503
v 1.1809231 -2.18845725 -1.29927218
v 1.1767745 -2.18434333 -1.2938019
v 1.16660773 -2.18741512 -1.30109643
v 1.16443336 -2.19771575 -1.31068813
v 1.15794515 -2.19499349 -1.30682873
v 1.15933394 -2.20721244 -1.31359088
v 1.15214169 -2.20591497 -1.3101753
v 1.15746533 -2.21814656 -1.31383919
v 1.15002059 -2.2184875 -1.31047523
v 1.15907216 -2.22883987 -1.31133782
v 1.15187442 -2.2307856 -1.30763173
v 1.16376149 -2.23760366 -1.30622744
v 1.15722346 -2.24084854 -1.30178427
v 1.17080152 -2.24310874 -1.29928326
v 1.16522657 -2.24715471 -1.29378771
v 1.17927205 -2.24461984 -1.29181408
v 1.17486286 -2.24887418 -1.28520679
v 1.18800747 -2.24196624 -1.28517186
v 1.18481242 -2.24582743 -1.27758431
v 1.19568514 -2.23552465 -1.28037834
v 1.19355309 -2.23839616 -1.2720617
v 1.20101797 -2.22619342 -1.27795612
v 1.19965457 -2.22768044 -1.26932406
v 1.20309877 -2.21534919 -1.2781018
v 1.20206785 -2.21525692 -1.26956796
v 1.20169591 -2.20466709 -1.28090441
v 1.20048642 -2.20298934 -1.27281916
v 1.19700908 -2.19580006 -1.28592848
v 1.1951487 -2.19279408 -1.27858078
v 1.18971121 -2.19010353 -1.29236972
v 1.18681716 -2.18623995 -1.28593397
v 1.17221117 -2.18531894 -1.28718793
v 1.16241633 -2.1882987 -1.29422223
v 1.15407145 -2.19565224 -1.29975426
v 1.14848685 -2.20625448 -1.30298638
v 1.14645695 -2.21846914 -1.30328965
v 1.14825832 -2.23041248 -1.30056309
v 1.15343952 -2.24019408 -1.29496729
v 1.16117501 -2.2463355 -1.28729474
v 1.17046499 -2.24801063 -1.27902555
v 1.18003678 -2.24504876 -1.27165532
v 1.18844544 -2.23783135 -1.26630473
v 1.19429636 -2.22741794 -1.26362597
v 1.19660103 -2.21533894 -1.26383292
v 1.19506728 -2.20342111 -1.26695334
v 1.18991386 -2.19352197 -1.27250397
v 1.18188393 -2.18716001 -1.27959835
v 1.1637876 -2.18743658 -1.29697203
v 1.17391121 -2.18436861 -1.28971183
v 1.15516567 -2.19501662 -1.30268549
v 1.14939475 -2.20593977 -1.30602538
v 1.14729225 -2.21851825 -1.30632948
v 1.14914643 -2.23082017 -1.30351185
v 1.15448653 -2.24089407 -1.29770779
v 1.16245997 -2.24720931 -1.28976023
v 1.17205274 -2.2489295 -1.28121054
v 1.18194961 -2.24587988 -1.27360415
v 1.19063866 -2.23844289 -1.26808202
v 1.19669854 -2.22771859 -1.26533651
v 1.19908893 -2.21528744 -1.2655766
v 1.19751787 -2.20301604 -1.26881516
v 1.19219982 -2.1928184 -1.274549
v 1.18390643 -2.18626141 -1.2818793
v 1.26707446 -2.28473687 -1.18134486
v 1.26694405 -2.27996492 -1.18168938
v 1.26814734 -2.28021121 -1.18024301
v 1.26919281 -2.28115701 -1.17897164
v 1.26992285 -2.28264594 -1.17806565
v 1.27021765 -2.28445363 -1.17765975
v 1.27002298 -2.28630089 -1.17781269
v 1.26936709 -2.2879064 -1.17849516
v 1.26835739 -2.28903126 -1.17960977
v 1.2671473 -2.28949999 -1.18098545
v 1.26593303 -2.2892487 -1.18241763
v 1.26489675 -2.28831434 -1.18369376
v 1.26419889 -2.28683424 -1.18461704
v 1.26393449 -2.28503966 -1.18504083
v 1.26413881 -2.28319358 -1.18490326
v 1.26478326 -2.28158068 -1.18421053
v 1.2657634 -2.28044724 -1.18308317
v 1.26653122 -2.27043175 -1.18236994
v 1.27010405 -2.27116632 -1.17800438
v 1.27328109 -2.27401113 -1.17420554
v 1.27555251 -2.27851557 -1.17153596
v 1.27650857 -2.28396534 -1.17036986
v 1.27595126 -2.28951716 -1.17084562
v 1.27393746 -2.2943108 -1.17286825
v 1.27079999 -2.29763531 -1.17614579
v 1.2671014 -2.299021 -1.1802268
v 1.26342725 -2.29825282 -1.1845082
v 1.26033699 -2.29546046 -1.18833744
v 1.2583121 -2.29105854 -1.19114482
v 1.25763082 -2.28570914 -1.19249177
v 1.25830507 -2.28018784 -1.19211316
v 1.26020813 -2.27533769 -1.19004404
v 1.26307845 -2.27190136 -1.18660998
v 1.26600098 -2.26091694 -1.18309938
v 1.27188825 -2.26212596 -1.17574989
v 1.27723681 -2.26689529 -1.16943359
v 1.28114175 -2.27445197 -1.16504967
v 1.28283906 -2.28357982 -1.1631788
v 1.28191185 -2.29282617 -1.16398286
v 1.27844488 -2.30077338 -1.16730213
v 1.27319598 -2.30629563 -1.17276001
v 1.26704967 -2.30859565 -1.17957389
v 1.26090323 -2.30731988 -1.18666493
v 1.25564539 -2.3026247 -1.19288849
v 1.25220859 -2.29527592 -1.19748663
v 1.25118339 -2.28640914 -1.19985568
v 1.25251138 -2.27728343 -1.19942474
v 1.25569558 -2.2691884 -1.19600915
v 1.26037943 -2.26341724 -1.19026517
v 1.27847898 -2.27997756 -1.19179141
v 1.27725637 -2.27972865 -1.19325316
v 1.2773987 -2.28449511 -1.19290566
v 1.27954137 -2.28091812 -1.19050443
v 1.28028237 -2.2824099 -1.18959212
v 1.28058314 -2.2842164 -1.18917882
v 1.28038704 -2.28606152 -1.18933391
v 1.27972841 -2.28766822 -1.19002509
v 1.27870237 -2.28879141 -1.19115555
v 1.27747881 -2.28926038 -1.19254827
v 1.27624511 -2.28900766 -1.19400143
v 1.2751944 -2.28807354 -1.19529008
v 1.27448177 -2.28659725 -1.19622719
v 1.27421224 -2.28479886 -1.19665801
v 1.27441835 -2.28295683 -1.19651019
v 1.27506899 -2.28134441 -1.19581151
v 1.27606248 -2.28020978 -1.19466841
v 1.28046679 -2.2709341 -1.18951916
v 1.27683842 -2.2701931 -1.19393515
v 1.28369033 -2.27377963 -1.18567478
v 1.28599333 -2.27827835 -1.18297767
v 1.28696823 -2.2837286 -1.18179976
v 1.28640627 -2.28927779 -1.18228721
v 1.28437185 -2.29407286 -1.18433749
v 1.28119742 -2.29739451 -1.1876589
v 1.27744245 -2.29877138 -1.19178569
v 1.27371156 -2.29800963 -1.19611609
v 1.27058279 -2.29521942 -1.19999885
v 1.26853311 -2.29082846 -1.20284903
v 1.26783061 -2.28547573 -1.20420801
v 1.26850473 -2.27995872 -1.20381033
v 1.27043342 -2.27510833 -1.2017132
v 1.273337 -2.27166628 -1.19822943
v 1.27630877 -2.26068067 -1.19465756
v 1.27060246 -2.26318788 -1.20191597
v 1.26585316 -2.26896262 -1.20775187
v 1.26263463 -2.2770617 -1.21122729
v 1.26131403 -2.28618931 -1.21168005
v 1.26233875 -2.29504013 -1.20927226
v 1.26581788 -2.3023734 -1.20460176
v 1.27114474 -2.30705905 -1.19828856
v 1.27737295 -2.3083384 -1.19110584
v 1.28362405 -2.30604314 -1.18421804
v 1.28895509 -2.30053114 -1.17871105
v 1.29245781 -2.2925961 -1.17534792
v 1.29339122 -2.28334689 -1.17452049
v 1.29167175 -2.27422046 -1.17641282
v 1.28771388 -2.26666164 -1.18083965
v 1.28228855 -2.26189398 -1.18722939
v 1.26913535 -2.25859427 -1.20402383
v 1.27600657 -2.25551223 -1.19512617
v 1.2706629 -2.25129675 -1.18984139
v 1.26290345 -2.25486683 -1.20006275
v 1.26338362 -2.26564979 -1.21111452
v 1.2563374 -2.26296258 -1.2080537
v 1.25938403 -2.27548909 -1.21520543
v 1.25166785 -2.27423954 -1.21254277
v 1.25764715 -2.28656554 -1.21563935
v 1.24958622 -2.28693771 -1.2129476
v 1.25887966 -2.29732918 -1.21266329
v 1.25101745 -2.29932689 -1.20958876
v 1.26315736 -2.30627393 -1.2070322
v 1.2559427 -2.30962419 -1.20320987
v 1.26972806 -2.31201815 -1.19947111
v 1.26352262 -2.31625604 -1.19469833
v 1.27736806 -2.313591 -1.19079268
v 1.27220094 -2.31812214 -1.18480539
v 1.28489351 -2.31081843 -1.1823405
v 1.28063106 -2.31497168 -1.17502749
v 1.2914133 -2.30409574 -1.1756432
v 1.28810823 -2.30722165 -1.16740214
v 1.29576659 -2.29444265 -1.1716001
v 1.29328131 -2.29608702 -1.1629256
v 1.29691839 -2.28318452 -1.17059719
v 1.29461085 -2.28315186 -1.16178226
v 1.29476892 -2.27203893 -1.17286264
v 1.29210484 -2.27032351 -1.16433739
v 1.28987538 -2.26279687 -1.17821013
v 1.28644943 -2.2596724 -1.17041444
v 1.28323829 -2.25697422 -1.18599343
v 1.27885484 -2.25296163 -1.17932581
v 1.26550996 -2.25241708 -1.18389725
v 1.25801885 -2.25587201 -1.19373643
v 1.25169348 -2.26373243 -1.20146703
v 1.24720478 -2.27467775 -1.20582556
v 1.24520814 -2.28701543 -1.20622623
v 1.2465825 -2.29904365 -1.20297038
v 1.25132238 -2.30904173 -1.19681549
v 1.25861179 -2.31547737 -1.18858742
v 1.26696801 -2.31728315 -1.17903339
v 1.27509558 -2.31422138 -1.16960144
v 1.2822889 -2.30669236 -1.16222918
v 1.28725993 -2.29587388 -1.157902
v 1.28855073 -2.28332042 -1.15680825
v 1.28614747 -2.2708714 -1.15929102
v 1.28071773 -2.26054763 -1.16516649
v 1.2734071 -2.25404143 -1.17376959
v 1.25962698 -2.25494813 -1.19630086
v 1.26734864 -2.25138258 -1.18612325
v 1.25308907 -2.26304602 -1.20425891
v 1.24843502 -2.27432084 -1.20872306
v 1.24635803 -2.28702354 -1.20912182
v 1.24778246 -2.29941606 -1.20577025
v 1.25268626 -2.30971741 -1.19942438
v 1.26023495 -2.31635522 -1.1909517
v 1.26885855 -2.3182249 -1.18108904
v 1.27723264 -2.31507682 -1.17133116
v 1.28467524 -2.30731797 -1.16373264
v 1.28984463 -2.29616999 -1.15928864
v 1.29117691 -2.2832365 -1.15815472
v 1.28868341 -2.27040886 -1.16070842
v 1.2830528 -2.2597568 -1.16675818
v 1.27549934 -2.25305128 -1.17564773
v 1.74459123 -2.06672096 -0.52000713
v 1.59284484 -2.10375475 -0.84706187
v 1.74525535 -2.3726654 -0.49700686
v 1.59337866 -2.40736937 -0.81571805
v 1.67881476 -2.37936377 -0.58315026
v 1.67742538 -2.07520604 -0.60707753
v 1.47539925 -2.42589807 -1.00392675
v 1.47478807 -2.12176466 -1.02745211
v 1.29228067 -2.44059848 -1.12547552
v 1.28966772 -2.12838792 -1.15834474
v 1.13000392 -2.4573028 -1.32513225
v 1.11666119 -2.15310764 -1.3483175
v 1.71140384 -2.0553658 -0.42145258
v 1.71198725 -2.3607366 -0.39278581
v 1.65458679 -2.06367993 -0.48952549
v 1.65576577 -2.36706996 -0.4563682
v 1.61717176 -2.07963609 -0.63990956
v 1.6188687 -2.38381695 -0.61633253
v 1.55472719 -2.10919761 -0.87245559
v 1.55704605 -2.4122138 -0.84318971
v 1.74508333 -2.28993582 -0.50321435
v 1.67845022 -2.2971158 -0.58961141
v 1.59505987 -2.33414006 -0.82426834
v 1.47524178 -2.34365606 -1.01028084
v 1.29805123 -2.35379886 -1.13669776
v 1.12472367 -2.37416553 -1.32871806
v 1.7118479 -2.27816081 -0.4005258
v 1.65547859 -2.28503203 -0.46531319
v 1.61842 -2.30156421 -0.62269699
v 1.55600297 -2.33535194 -0.84992927
v 1.74476909 -2.14602589 -0.51403534
v 1.67779374 -2.15404772 -0.60086512
v 1.59743619 -2.1837778 -0.8448832
v 1.47495329 -2.20060014 -1.02134776
v 1.29263949 -2.20657491 -1.15024125
v 1.11801457 -2.23072052 -1.33820986
v 1.71157121 -2.13452363 -0.41400706
v 1.65492224 -2.1423242 -0.48091271
v 1.61762106 -2.1584804 -0.63379061
v 1.55514383 -2.18517375 -0.86683142
v 1.69524693 -2.37783813 -0.56358444
v 1.69493055 -2.295475 -0.56999236
v 1.67007637 -2.07417702 -0.59808731
v 1.66994464 -2.15311694 -0.59295147
v 1.73316717 -2.14553976 -0.51083225
v 1.73299109 -2.06623458 -0.51677745
v 1.58480477 -2.10290193 -0.84030622
v 1.58945107 -2.18298125 -0.83817988
v 1.46715927 -2.12087893 -1.02052211
v 1.46732997 -2.19971489 -1.01440942
v 1.28195822 -2.12762689 -1.15082871
v 1.28494966 -2.20589327 -1.1428194
v 1.11066055 -2.15218734 -1.33895993
v 1.11207068 -2.22983837 -1.32898283
v 1.70919203 -2.36312651 -0.41494283
v 1.70898401 -2.28055453 -0.42269912
v 1.73360538 -2.28943324 -0.49980029
v 1.73377323 -2.37216544 -0.49361988
v 1.66400647 -2.36818814 -0.46475881
v 1.66368329 -2.28615307 -0.47376224
v 1.62772524 -2.38428425 -0.62049031
v 1.62731051 -2.3020401 -0.62671542
v 1.56564784 -2.41288948 -0.8492518
v 1.56466698 -2.33636331 -0.85613226
v 1.6893531 -2.29425311 -0.55875921
v 1.68965005 -2.37661647 -0.55238461
v 1.5871545 -2.33319068 -0.81766355
v 1.58543992 -2.40649342 -0.8090918
v 1.67141294 -2.37833499 -0.57424068
v 1.67057645 -2.2961843 -0.58172696
v 1.46762859 -2.34276843 -1.00331759
v 1.46779203 -2.42500853 -0.99695664
v 1.29037678 -2.35308575 -1.12930798
v 1.2845292 -2.43977975 -1.11793685
v 1.11874067 -2.37326145 -1.31941056
v 1.12392354 -2.456357 -1.31569027
v 1.56393134 -2.18618822 -0.87336558
v 1.62649333 -2.15913891 -0.63786596
v 1.70898616 -2.13694214 -0.43639054
v 1.70875465 -2.05778765 -0.44385013
v 1.66308319 -2.14342856 -0.48925268
v 1.6627171 -2.06479144 -0.49792167
v 1.62599039 -2.08037424 -0.64418441
v 1.56343305 -2.11034894 -0.87884324
v -2.26625895 2.9125545 -0.682002
v -2.27425861 2.90499663 -0.51475942
v -2.2735598 2.89695835 -0.34578505
v -2.26402092 2.88838172 -0.17553667
v -2.24550652 2.87920975 -0.00448657
v -2.27780318 1.3299849 -0.74634081
v -2.29751801 1.32257819 -0.58635842
v -2.30899596 1.31478893 -0.42403176
v -2.31205225 1.30655479 -0.25978419
v -2.30651927 1.29782164 -0.09406468
v -2.29349398 1.99257814 -0.22486411
v -2.28242397 1.98366951 -0.0567085
v -2.27395319 2.13023209 -0.715779
v -2.287858 2.1227684 -0.55202186
v -2.2900772 2.10648345 -0.21882104
v -2.27807712 2.09755229 -0.05028408
v -2.27474498 2.0162692 -0.72037988
v -2.28949284 2.00881934 -0.55714738
v -2.29579639 2.0009396 -0.39182791
v -2.2932887 2.11487078 -0.38622015
v -2.26715588 2.83895158 -0.68534207
v -2.27571988 2.83140802 -0.51841789
v -2.2756071 2.82338285 -0.34973347
v -2.26667141 2.81482458 -0.17974172
v -2.24877572 2.80566978 -0.00891478
v -2.30590844 1.49141109 -0.41600215
v -2.30759954 1.48314821 -0.25103911
v -2.30065774 1.47437274 -0.08467477
v -2.27729296 1.50663518 -0.73994958
v -2.21800446 2.12951159 -0.71017795
v -2.23168683 2.12175965 -0.54912769
v -2.23333811 2.00783467 -0.5540145
v -2.21882605 2.0155828 -0.71454137
v -2.23954367 1.999673 -0.39141124
v -2.24969959 1.49025905 -0.41450983
v -2.21798658 2.90381646 -0.51351589
v -2.21945309 2.83023667 -0.51701623
v -2.21103954 2.8380711 -0.6812269
v -2.21012854 2.91165781 -0.67804235
v -2.21727871 2.89549875 -0.34726288
v -2.21932315 2.8219347 -0.3510546
v -2.20785927 2.88666176 -0.17973831
v -2.21049952 2.81311464 -0.18378584
v -2.2338562 2.10492205 -0.22136597
v -2.22202849 2.09571862 -0.05554273
v -2.22636127 1.98187124 -0.06173283
v -2.23726439 1.99103498 -0.22716686
v -2.1895976 2.87722492 -0.01139857
v -2.19285273 2.80370593 -0.0156745
v -2.2513628 1.48171448 -0.25226509
v -2.24453473 1.47267508 -0.08862058
v -2.23702764 2.11357951 -0.38604351
v -2.22152185 1.5060631 -0.73304468
v -2.25280761 1.31367385 -0.42216604
v -2.24150109 1.32175207 -0.58178383
v -2.25581908 1.30516004 -0.26063707
v -2.25038313 1.2961595 -0.0976348
v -2.22208881 1.32945394 -0.73906946
v -2.22325229 2.79633975 0.15441919
v -2.25832247 2.08845424 0.11117076
v -2.27180361 2.0951066 -0.00727676
v -2.21782326 2.09338975 -0.01503651
v -2.18720531 2.80132246 0.02534011
v -2.24092602 2.80314874 0.03495237
v -2.26594948 2.09118628 0.06455417
v -2.23193335 2.79911732 0.1072086
v -2.37888193 2.09872961 0.00095119
v -2.34788656 2.80706024 0.04563258
v -2.32822942 2.80231499 0.13002464
v -2.36219978 2.09412765 0.08456537
v -2.32225847 2.09078216 0.11968523
v -2.28698396 2.79882097 0.16464531
v -2.34184718 2.09958624 -0.04476894
v -2.31241941 2.80786943 -0.00169921
v -2.30829691 2.09259057 0.07136946
v -2.30286073 2.0900824 0.11715585
v -2.26764535 2.79807019 0.16159763
v -2.27461409 2.80064749 0.11527457
v -2.33880758 2.80391669 0.10535159
v -2.37189436 2.09568142 0.05999423
v -2.32880067 2.094208 0.05531912
v -2.295825 2.80233955 0.09952297
v -2.32275652 2.09897708 -0.04636538
v -2.3179748 2.09662246 -0.00221691
v -2.28701591 2.80479741 0.04096011
v -2.29336595 2.80721759 -0.003807
v -2.34506368 2.8060522 0.06495965
v -2.3767333 2.0977509 0.02005671
v -2.3361473 2.09670734 0.0100788
v -2.30478167 2.80491352 0.05381088
v -2.19524931 2.79680514 0.11923071
v -2.22914648 2.0889585 0.07719531
v -2.25357031 2.09184408 0.04184967
v -2.21472454 2.09043717 0.0378052
v -2.18221974 2.79829287 0.07890189
v -2.22013688 2.79975843 0.08389909
v -2.25481796 2.09391689 0.00298454
v -2.2172656 2.09281015 -0.00443459
v -2.18627071 2.80071759 0.03609351
v -2.22355914 2.80187535 0.04537443
v -2.21240925 2.72129035 -0.68621194
v -2.26850271 2.72214579 -0.69057166
v -2.22248768 2.70519399 -0.35700848
v -2.27877259 2.70661783 -0.35593476
v -2.21460676 2.69640088 -0.1901547
v -2.27078962 2.6980884 -0.18635857
v -2.19792842 2.68703103 -0.02240721
v -2.25387477 2.68897461 -0.01589504
v -2.192523 2.68465519 0.01852854
v -2.3532741 2.69033312 0.03810983
v -2.35056328 2.68932914 0.05740206
v -2.31754326 2.69114565 -0.00895812
v -2.24629092 2.68646335 0.02783436
v -2.29239082 2.68809008 0.03368596
v -2.29848289 2.69049882 -0.01098066
v -2.33411383 2.68560648 0.12238365
v -2.29308104 2.68213677 0.15708966
v -2.22931385 2.67968392 0.14714439
v -2.27373337 2.6813941 0.15412771
v -2.28044533 2.68396139 0.10788815
v -2.30153918 2.68564391 0.0920855
v -2.34454131 2.6872015 0.09772449
v -2.31023097 2.6882081 0.04644564
v -2.20111417 2.68015742 0.11215273
v -2.23781323 2.6824572 0.10002688
v -2.18784785 2.68163585 0.07197679
v -2.22592377 2.68310189 0.07681818
v -2.19165253 2.6840558 0.02925817
v -2.22898912 2.68521189 0.0382294
v -2.22008109 2.71556615 -0.56565499
v -2.22087478 2.75710487 -0.52046734
v -2.22007417 2.74581074 -0.55161345
v -2.22273802 2.71134424 -0.47924014
v -2.22186851 2.74282503 -0.49045935
v -2.22252011 2.66984367 -0.52454352
v -2.22115469 2.68410182 -0.55444604
v -2.22312045 2.68112325 -0.49338957
v -2.23921299 1.5419836 -0.5731846
v -2.2431128 1.49627304 -0.53302538
v -2.24178981 1.52773094 -0.54406315
v -2.23570179 1.50041747 -0.61663919
v -2.23663306 1.53066301 -0.60324162
v -2.24015688 1.45472681 -0.57662528
v -2.24254012 1.46603453 -0.54655158
v -2.23721909 1.46896576 -0.60562294
v -2.29999399 1.49671697 -0.52600175
v -2.29798412 1.53887569 -0.54439717
v -2.29516124 1.5536133 -0.57684832
v -2.29228091 1.54196333 -0.61030769
v -2.29061508 1.50169622 -0.63198894
v -2.29631567 1.44483637 -0.58136749
v -2.29929256 1.45873296 -0.54350608
v -2.29257631 1.46223306 -0.6178171
v -2.2819395 1.53133153 -0.60696572
v -2.284554 1.54269599 -0.5764814
v -2.28098774 1.50106239 -0.62058508
v -2.28716015 1.52848506 -0.54697501
v -2.28849053 1.49703908 -0.53582304
v -2.28251361 1.46962523 -0.60945308
v -2.2854824 1.4554286 -0.58007258
v -2.28790116 1.4667772 -0.54956555
v -2.27692699 2.76901173 -0.5214945
v -2.27584338 2.75308537 -0.56254583
v -2.27580785 2.71712589 -0.5788024
v -2.27918171 2.71205592 -0.46931716
v -2.27818703 2.74935984 -0.48208099
v -2.27745294 2.67484641 -0.55969393
v -2.27896952 2.66022396 -0.52680343
v -2.27965188 2.671741 -0.49256992
v -2.26555705 2.74669814 -0.55326908
v -2.26636958 2.75804066 -0.52169555
v -2.26554989 2.71643185 -0.56753289
v -2.26737475 2.74379944 -0.4912998
v -2.2682476 2.71233701 -0.47996592
v -2.26862311 2.68208909 -0.49433583
v -2.26800823 2.67075514 -0.52591645
v -2.26662731 2.68498349 -0.55620789
v -2.25154948 2.67208313 -0.48708465
v -2.25137066 2.66117095 -0.50503373
v -2.27048778 2.67499208 -0.48976957
v -2.27167797 2.66539025 -0.50659179
v -2.28311848 2.68024539 -0.49463713
v -2.28765583 2.6761825 -0.507936
v -2.28772997 2.69293713 -0.48931071
v -2.2977848 2.69253158 -0.5060516
v -2.28978657 2.71189618 -0.48599544
v -2.30116534 2.71295118 -0.50393116
v -2.27088236 2.73151731 -0.47651514
v -2.28695273 2.73097777 -0.48740753
v -2.2725718 2.7109735 -0.47378087
v -2.26899004 2.74818372 -0.48615801
v -2.2818284 2.74392104 -0.49147403
v -2.29698538 2.73332881 -0.50401294
v -2.30496239 2.71403431 -0.52597808
v -2.30015182 2.73554325 -0.52474588
v -2.29645967 2.69441032 -0.54730922
v -2.30095791 2.69235301 -0.52688956
v -2.29980158 2.71493649 -0.5476771
v -2.29573774 2.73520946 -0.54531186
v -2.28622102 2.74938201 -0.50430786
v -2.28806161 2.75271058 -0.52348482
v -2.26982665 2.75937843 -0.5019865
v -2.2704277 2.7641046 -0.52235823
v -2.28509283 2.75114679 -0.54271876
v -2.26864051 2.7612946 -0.54299652
v -2.24873256 2.76807189 -0.52152109
v -2.24812364 2.76468944 -0.54330015
v -2.24936318 2.76263785 -0.50013667
v -2.2499454 2.75005817 -0.48328852
v -2.25049638 2.73209404 -0.47237345
v -2.25101971 2.7102909 -0.46902236
v -2.27173686 2.69072985 -0.47854167
v -2.25140929 2.68891549 -0.4744887
v -2.28952026 2.67472386 -0.52732175
v -2.27232766 2.66263175 -0.52728426
v -2.25080418 2.65779829 -0.52678275
v -2.27031064 2.66730332 -0.54750692
v -2.24992752 2.6632204 -0.54808658
v -2.24898839 2.67578053 -0.56484854
v -2.24815702 2.69372582 -0.57572335
v -2.26807475 2.6784234 -0.56317013
v -2.26870989 2.69512987 -0.5728684
v -2.28639531 2.67794442 -0.5462768
v -2.28102517 2.68320655 -0.55873304
v -2.28536582 2.69633722 -0.56311869
v -2.28733038 2.71551132 -0.56472253
v -2.2693994 2.71571779 -0.57570445
v -2.24766612 2.75376272 -0.56120532
v -2.24759435 2.71553206 -0.57910454
v -2.24744939 2.73691463 -0.57371848
v -2.26803398 2.73592305 -0.57093852
v -2.28471803 2.73437094 -0.56128346
v -2.27992796 2.74688386 -0.55567109
v -2.26682686 2.75162148 -0.55969375
v -2.24858164 2.71449685 -0.55717021
v -2.24925065 2.69147777 -0.55148553
v -2.24978947 2.67808961 -0.54423892
v -2.25032901 2.67274951 -0.53204083
v -2.25077557 2.67406845 -0.51707691
v -2.25104022 2.68033409 -0.50240647
v -2.25106716 2.69084024 -0.49122619
v -2.25087881 2.70492768 -0.48552629
v -2.25053691 2.72061371 -0.48581323
v -2.25012087 2.73515033 -0.49149486
v -2.24967765 2.74602603 -0.50189149
v -2.24891376 2.74031662 -0.53418624
v -2.24902153 2.75255727 -0.52257478
v -2.24953746 2.73388743 -0.5177651
v -2.25001359 2.72856688 -0.50325638
v -2.25031304 2.72145605 -0.49640271
v -2.25054073 2.71160292 -0.4954015
v -2.25069975 2.70097136 -0.49849495
v -2.25072956 2.69218039 -0.50505965
v -2.25057983 2.68674063 -0.51490169
v -2.2502799 2.6843357 -0.52650767
v -2.24993109 2.68502688 -0.53659403
v -2.24962091 2.69069719 -0.54209667
v -2.249408 2.7041049 -0.54077059
v -2.24947381 2.71825671 -0.53047698
v -2.25001668 2.71671176 -0.51305937
v -2.25028657 2.71595001 -0.50278049
v -2.25041294 2.70797729 -0.50452739
v -2.25022172 2.71042799 -0.51018387
v -2.25046229 2.70062208 -0.50859415
v -2.25028991 2.70562887 -0.51142025
v -2.25040555 2.69553589 -0.51468634
v -2.25026059 2.70185327 -0.51532143
v -2.250216 2.69336247 -0.52281814
v -2.25014591 2.69973683 -0.52075409
v -2.24994063 2.69278216 -0.53175395
v -2.24973177 2.69351005 -0.53749585
v -2.24994206 2.699548 -0.52761644
v -2.24978637 2.69998407 -0.53207564
v -2.24977994 2.70746374 -0.52764689
v -2.25015974 2.70510983 -0.51649832
v -2.25011849 2.69996285 -0.52155542
v -2.27121877 1.45645833 -0.54170662
v -2.26998543 1.44553661 -0.55901867
v -2.2899816 1.45927667 -0.54519951
v -2.29018473 1.44964981 -0.56149184
v -2.30234313 1.46445953 -0.55053442
v -2.30611825 1.46036148 -0.56360715
v -2.30731225 1.47713458 -0.54566663
v -2.31642079 1.47665953 -0.56235736
v -2.30965256 1.49608218 -0.54267215
v -2.32001924 1.49706506 -0.56059491
v -2.29142189 1.51579976 -0.5327413
v -2.30685067 1.51517581 -0.54403728
v -2.29314518 1.49525249 -0.53003531
v -2.28908729 1.53246343 -0.54211187
v -2.30158305 1.528126 -0.54782497
v -2.31595516 1.51745128 -0.56061196
v -2.32259988 1.49809896 -0.58214998
v -2.31798267 1.51962959 -0.58087343
v -2.31283259 1.47850203 -0.60229909
v -2.31843495 1.47644186 -0.58270221
v -2.31625819 1.499004 -0.60294497
v -2.31244254 1.51929569 -0.60060018
v -2.30528521 1.53355753 -0.56050962
v -2.30608248 1.53685236 -0.57920277
v -2.28910398 1.54363262 -0.55756545
v -2.28860402 1.54832983 -0.57736915
v -2.30204701 1.53528642 -0.59769731
v -2.28566741 1.54550457 -0.59726709
v -2.26702189 1.55240154 -0.57558137
v -2.26519155 1.54900097 -0.59662973
v -2.26880669 1.54699337 -0.55485129
v -2.27025294 1.53442537 -0.53846657
v -2.27131104 1.51647806 -0.52779609
v -2.27189874 1.49467897 -0.52442812
v -2.29193806 1.47501504 -0.53447878
v -2.27186846 1.47330224 -0.52960449
v -2.30690026 1.458871 -0.58247053
v -2.28967642 1.44686448 -0.5815559
v -2.26819467 1.44214081 -0.58004128
v -2.28657865 1.45152592 -0.60109001
v -2.26617813 1.44754219 -0.60067504
v -2.26439118 1.46009242 -0.61695426
v -2.26306176 1.47802794 -0.62757098
v -2.2835462 1.46263837 -0.61623662
v -2.28373861 1.47933006 -0.62577498
v -2.30275535 1.46209192 -0.600721
v -2.29674005 1.46736216 -0.61257404
v -2.30090189 1.48046088 -0.61711412
v -2.30288362 1.499619 -0.61888575
v -2.28438043 1.49990928 -0.62869435
v -2.26369047 1.53805589 -0.61388289
v -2.262434 1.49981522 -0.63096141
v -2.26269578 1.52120482 -0.62588441
v -2.28338885 1.52011895 -0.6241464
v -2.30056119 1.51850223 -0.61556267
v -2.29615593 1.53103637 -0.60998094
v -2.28288793 1.53582561 -0.61329758
v -2.26461195 1.49880135 -0.6097545
v -2.2654674 1.47579145 -0.60412639
v -2.26633381 1.46241724 -0.59704244
v -2.26751542 1.45707988 -0.58521235
v -2.26879406 1.45841145 -0.57074362
v -2.26990485 1.46469163 -0.55658268
v -2.27061009 1.47521126 -0.54581892
v -2.27081346 1.48930478 -0.54038196
v -2.27054143 1.50498426 -0.54074823
v -2.26989102 1.51951372 -0.54632979
v -2.268929 1.53038156 -0.55645746
v -2.26635098 1.52464354 -0.58767765
v -2.26716566 1.53688287 -0.57651084
v -2.26784539 1.51822197 -0.57175105
v -2.26909303 1.5129199 -0.55768013
v -2.26973533 1.50582063 -0.55100655
v -2.26996541 1.49596786 -0.54998081
v -2.26989221 1.4853301 -0.55291384
v -2.26950907 1.47653746 -0.55922132
v -2.26878953 1.47108984 -0.56871217
v -2.26783609 1.46867561 -0.57992798
v -2.26693272 1.46935784 -0.58968842
v -2.26635527 1.47502243 -0.59504205
v -2.26628375 1.48843193 -0.59383839
v -2.26699733 1.50258791 -0.58396142
v -2.26848745 1.50105726 -0.56709885
v -2.26932692 1.50030279 -0.55714714
v -2.26931023 1.49233007 -0.55879378
v -2.26881671 1.49477851 -0.564282
v -2.26909709 1.484972 -0.56268608
v -2.26879 1.48997008 -0.56545013
v -2.26867175 1.47987759 -0.56855261
v -2.26852703 1.4861927 -0.56920313
v -2.26802063 1.47769868 -0.57640808
v -2.2681055 1.4840734 -0.57444745
v -2.26725506 1.47711277 -0.58504784
v -2.26672864 1.47783565 -0.59060794
v -2.26751661 1.48388207 -0.58108836
v -2.26712083 1.48431432 -0.58540356
v -2.26740002 1.49179399 -0.58115875
v -2.26837873 1.48945665 -0.5703628
v -2.26803255 1.48431003 -0.57522875
v -2.23288607 2.87018132 0.08775598
v -2.19996309 2.86885547 0.08027864
v -2.20214557 2.86937165 0.07379828
v -2.20549917 2.8699131 0.06784975
v -2.20989394 2.87046361 0.06264934
v -2.21517109 2.87100338 0.05839495
v -2.2211318 2.87151455 0.05524955
v -2.22754645 2.8719635 0.05333441
v -2.23417305 2.87235331 0.05272421
v -2.24076104 2.87265133 0.05345322
v -2.24705267 2.87285685 0.05549546
v -2.25280523 2.87296342 0.05878342
v -2.25779175 2.87296104 0.06319627
v -2.26182365 2.87285184 0.06856878
v -2.26473283 2.87264251 0.07469816
v -2.26640486 2.87234067 0.08134167
v -2.2667768 2.8719573 0.0882482
v -2.26582884 2.87150025 0.09514249
v -2.26360321 2.87099838 0.10175169
v -2.26018476 2.87046241 0.10781686
v -2.25570416 2.86991167 0.11309552
v -2.25035142 2.86936688 0.1173829
v -2.24432015 2.86885285 0.12051212
v -2.23786163 2.86839509 0.1223597
v -2.23121309 2.86799669 0.12286502
v -2.2246406 2.86768031 0.12201017
v -2.21839451 2.86746811 0.11983792
v -2.21270656 2.86735844 0.11643552
v -2.20780181 2.86735796 0.11194405
v -2.20385217 2.86746978 0.10653826
v -2.20100975 2.86768221 0.10042812
v -2.19938278 2.86799216 0.09384882
v -2.19903039 2.86839199 0.08704621
v -2.20646214 2.75620102 0.07228119
v -2.20860362 2.75670933 0.06580676
v -2.21191906 2.75724959 0.05985511
v -2.21628475 2.75780057 0.05464754
v -2.22153258 2.75833702 0.05037973
v -2.22747445 2.75884246 0.04721458
v -2.23387551 2.75929069 0.04527533
v -2.24049568 2.75967097 0.04463772
v -2.24708533 2.75996232 0.04533715
v -2.25338864 2.76017427 0.04734479
v -2.25916028 2.76027298 0.05060079
v -2.26417088 2.76027059 0.05498247
v -2.26823425 2.76016402 0.06032465
v -2.27117848 2.75995731 0.06642561
v -2.27289199 2.75965714 0.07305005
v -2.27330327 2.75927329 0.07993771
v -2.27240014 2.75881886 0.08682251
v -2.27021169 2.75831842 0.09342696
v -2.26683068 2.75778579 0.09949148
v -2.26238632 2.75723266 0.10478155
v -2.2570579 2.75669813 0.10908022
v -2.25104928 2.75618958 0.11222787
v -2.24460125 2.75573062 0.11410199
v -2.2379601 2.75533366 0.11463681
v -2.23138618 2.75502729 0.11381116
v -2.22512674 2.754812 0.11167299
v -2.21942067 2.75470399 0.10830178
v -2.21448874 2.75470829 0.1038411
v -2.21050691 2.75481534 0.09846466
v -2.20763063 2.75503277 0.0923808
v -2.20596313 2.75533938 0.08582283
v -2.20557141 2.75573825 0.079037
v -2.21284556 2.64354181 0.06433692
v -2.21494674 2.64405202 0.05786516
v -2.21822524 2.6445887 0.05191201
v -2.22256016 2.64513993 0.04669706
v -2.22777962 2.64567065 0.04241365
v -2.23369908 2.64617037 0.03923086
v -2.24008655 2.64661073 0.03726835
v -2.24670338 2.6469922 0.03660271
v -2.25329518 2.64728379 0.03727017
v -2.25960922 2.64748716 0.03924825
v -2.26539945 2.64758634 0.04247067
v -2.27043509 2.64758133 0.04681811
v -2.27452659 2.64747071 0.0521326
v -2.27750968 2.64726948 0.05820665
v -2.27926135 2.64696526 0.06480948
v -2.27971005 2.64658045 0.07168017
v -2.27885198 2.6461389 0.07855054
v -2.2767024 2.64563298 0.08515376
v -2.27336049 2.64510488 0.0912205
v -2.26894879 2.64456033 0.09651584
v -2.26364612 2.64402174 0.10083109
v -2.25765681 2.64352035 0.10399709
v -2.25122547 2.64306473 0.10589546
v -2.24458909 2.64267349 0.10645729
v -2.23801136 2.6423676 0.10566509
v -2.23174119 2.64215874 0.10355649
v -2.22601795 2.64205098 0.10021966
v -2.22105646 2.6420536 0.09579075
v -2.21704649 2.64216136 0.09044373
v -2.21413254 2.6423738 0.08438704
v -2.21242857 2.64268422 0.07785159
v -2.21199536 2.64307546 0.07108433
v -2.21911048 2.53088116 0.05644395
v -2.22117471 2.5313847 0.04997999
v -2.2244153 2.53192281 0.04402371
v -2.22871542 2.53246498 0.03880247
v -2.23390984 2.53299355 0.03450818
v -2.2398107 2.53349185 0.03130548
v -2.24618387 2.53393602 0.02931498
v -2.25279283 2.53430581 0.02862374
v -2.25938797 2.53459882 0.02926015
v -2.26570916 2.53479385 0.03120483
v -2.27151775 2.53489732 0.03439293
v -2.27658176 2.53488564 0.03871205
v -2.28070402 2.53478217 0.04399348
v -2.28372049 2.5345714 0.05004238
v -2.2855103 2.53427338 0.05662042
v -2.2860043 2.53389287 0.06347535
v -2.28518271 2.53344678 0.07033487
v -2.283077 2.5329504 0.07693071
v -2.27977109 2.53241992 0.08300021
v -2.27539157 2.53188133 0.08830213
v -2.27011728 2.53134727 0.09263219
v -2.26415038 2.53084707 0.09581907
v -2.25773024 2.53038811 0.09774397
v -2.25110101 2.53000831 0.09833186
v -2.24451923 2.52970242 0.09756957
v -2.23823714 2.52949571 0.0954924
v -2.23249363 2.5293951 0.0921875
v -2.22751045 2.52939391 0.08779235
v -2.22346854 2.52950453 0.08247476
v -2.22052121 2.52971887 0.07644423
v -2.21877455 2.53003072 0.06992825
v -2.21830272 2.53042268 0.06317952
v -2.22526145 2.41821622 0.04860598
v -2.2272849 2.41871881 0.04214731
v -2.2304914 2.41925239 0.03619169
v -2.23475766 2.4197905 0.03096251
v -2.23992586 2.42031669 0.02665454
v -2.24580359 2.42081022 0.02343199
v -2.2521646 2.42124772 0.02142088
v -2.25877022 2.42161989 0.02069984
v -2.26536512 2.42190718 0.02130326
v -2.27169632 2.42210698 0.02321622
v -2.27752256 2.42219972 0.0263737
v -2.2826085 2.42219662 0.03065609
v -2.28676557 2.42208194 0.03591201
v -2.28981256 2.4218769 0.04193026
v -2.29164648 2.4215784 0.04848688
v -2.29217839 2.42119598 0.05532348
v -2.2914009 2.42075347 0.06217328
v -2.28933286 2.42026042 0.06876234
v -2.28606176 2.41973161 0.07483301
v -2.28171706 2.41919565 0.08014439
v -2.27647161 2.41866755 0.08448714
v -2.27052378 2.41817235 0.08769071
v -2.26411795 2.4177165 0.08964074
v -2.25749301 2.41733193 0.0902598
v -2.25090646 2.41703319 0.08952557
v -2.2446177 2.41682815 0.08748277
v -2.23885512 2.41672992 0.08420985
v -2.23384928 2.41673207 0.07984682
v -2.22977471 2.41684436 0.07455842
v -2.22679114 2.41705942 0.06855411
v -2.22500777 2.41736602 0.06206326
v -2.22449183 2.4177556 0.05532951
v -2.23129653 2.3055408 0.04082622
v -2.23328065 2.306046 0.03437021
v -2.23645114 2.30657506 0.02841411
v -2.24068594 2.30711507 0.02317648
v -2.24582552 2.3076384 0.01885568
v -2.25168323 2.30812954 0.01561258
v -2.25802779 2.30855846 0.01357904
v -2.26462936 2.30893302 0.01282928
v -2.27122783 2.30921268 0.01340488
v -2.27756977 2.30940651 0.01528488
v -2.28341436 2.30950117 0.01840859
v -2.28852295 2.30949091 0.02266055
v -2.29270505 2.30937933 0.02788175
v -2.2957921 2.30917167 0.03387566
v -2.29766249 2.30887675 0.04040786
v -2.29823732 2.30849528 0.04722863
v -2.29749918 2.30805563 0.05406488
v -2.2954719 2.30756068 0.06065006
v -2.29224038 2.30703878 0.0667219
v -2.28792858 2.30650687 0.0720385
v -2.28270649 2.30597877 0.07639512
v -2.27678012 2.30549025 0.07961934
v -2.27038884 2.30504083 0.08159229
v -2.26376819 2.30465912 0.08223742
v -2.25718069 2.30436396 0.08153531
v -2.25088191 2.30415988 0.0795258
v -2.24510145 2.30405759 0.07628703
v -2.24006843 2.30406355 0.07195515
v -2.23596119 2.30417656 0.06669681
v -2.23294591 2.30439209 0.0607196
v -2.2311232 2.30469775 0.05425114
v -2.23056912 2.30509066 0.04753508
v -2.23721957 2.19287776 0.03309705
v -2.23916244 2.19337463 0.02664748
v -2.24229335 2.19389963 0.02069133
v -2.24649691 2.19443273 0.01544812
v -2.25161218 2.1949563 0.01111334
v -2.25744819 2.19543528 0.00785675
v -2.2637794 2.1958754 0.00579435
v -2.27037119 2.1962316 0.00501939
v -2.27697253 2.19651961 0.00556146
v -2.28332591 2.19671011 0.00740876
v -2.28918433 2.19680142 0.010498
v -2.2943201 2.1967895 0.01471826
v -2.2985351 2.19667697 0.01991064
v -2.30165576 2.19646692 0.02587797
v -2.30356454 2.19617319 0.03238606
v -2.30417633 2.19579887 0.03918467
v -2.30348038 2.1953566 0.04601093
v -2.30149364 2.19486379 0.05259173
v -2.29829883 2.19434189 0.05866439
v -2.29401898 2.19381427 0.06398852
v -2.28882503 2.19329166 0.0683588
v -2.28292131 2.19280457 0.0716013
v -2.27654266 2.19235706 0.07359783
v -2.26992917 2.19198393 0.07427135
v -2.2633388 2.19168591 0.07360119
v -2.25702691 2.19148564 0.07162372
v -2.25123047 2.19138956 0.06841769
v -2.24617123 2.19139647 0.06411637
v -2.24203753 2.19150662 0.05889059
v -2.2389822 2.1917231 0.05293782
v -2.23712444 2.19203138 0.04649164
v -2.23652887 2.19242024 0.03979548
v -2.2430222 2.0801754 0.02542424
v -2.2449305 2.08067321 0.01898156
v -2.24802494 2.0811994 0.01302388
v -2.25219631 2.08172774 0.00777564
v -2.25728225 2.08224248 0.0034277
v -2.26309967 2.08272194 0.00015202
v -2.269418 2.0831592 -0.00193539
v -2.27600383 2.08351135 -0.00273567
v -2.28260684 2.08379721 -0.00222585
v -2.28896808 2.08398509 -0.0004111
v -2.29484367 2.08407235 0.00264598
v -2.30000281 2.08406353 0.00683083
v -2.30424809 2.08395171 0.01199325
v -2.30740356 2.08373832 0.01793292
v -2.30934834 2.08344197 0.02441782
v -2.31000423 2.08307027 0.03120057
v -2.3093481 2.08263087 0.03801337
v -2.30740046 2.08213853 0.04458798
v -2.30424213 2.08162283 0.05065965
v -2.29999566 2.08109903 0.05598963
v -2.29483056 2.08057546 0.06037438
v -2.28894519 2.08008861 0.06363815
v -2.28258156 2.0796504 0.06565866
v -2.27597069 2.07927727 0.06635887
v -2.26938104 2.07898521 0.06572009
v -2.2630589 2.07878637 0.06377443
v -2.25724268 2.07869005 0.06060145
v -2.25216221 2.0786972 0.05633422
v -2.24799609 2.07881689 0.05113425
v -2.24491 2.07903051 0.04521217
v -2.24301028 2.07933807 0.03878717
v -2.24237656 2.07972455 0.03211011
v -2.24871587 1.96749544 0.01781116
v -2.25058078 1.96798896 0.01137394
v -2.25364446 1.96851217 0.0054184
v -2.25778198 1.96904075 0.00016173
v -2.26283955 1.96955061 -0.0041974
v -2.2686336 1.97003507 -0.00749546
v -2.27494025 1.97045552 -0.00960076
v -2.28152203 1.97081553 -0.01043366
v -2.28812432 1.97109007 -0.00995152
v -2.29449701 1.97127664 -0.00816928
v -2.30038881 1.97136533 -0.00514763
v -2.30557084 1.97135448 -0.00099398
v -2.30984568 1.97123825 0.00413654
v -2.31303548 1.97103083 0.01004686
v -2.31501936 1.97073721 0.01650835
v -2.31571531 1.9703592 0.02327385
v -2.31510114 1.96992397 0.03007409
v -2.31319165 1.96944081 0.03663973
v -2.31007051 1.96892404 0.04271215
v -2.30585479 1.96839845 0.04805199
v -2.30071997 1.9678843 0.05244917
v -2.29485702 1.96740376 0.05572995
v -2.28850197 1.96696651 0.05777249
v -2.28190112 1.96659386 0.05850315
v -2.27530646 1.96631085 0.0578919
v -2.26897573 1.96611011 0.0559822
v -2.2631421 1.96601605 0.05284199
v -2.25803828 1.96602547 0.04860741
v -2.25384068 1.96613776 0.04344007
v -2.2507193 1.96635568 0.03754318
v -2.24878287 1.96666204 0.03114331
v -2.24810767 1.96704649 0.02448358
v -2.25429415 1.85481429 0.01025344
v -2.25612354 1.85531115 0.00382389
v -2.25914621 1.85582923 -0.00213287
v -2.26325392 1.85635161 -0.0073951
v -2.26828575 1.85686242 -0.01176749
v -2.2740581 1.85733616 -0.01508257
v -2.2803483 1.8577609 -0.0172137
v -2.28692483 1.85811758 -0.01807204
v -2.29352998 1.85838472 -0.01762008
v -2.29990935 1.85856664 -0.01587132
v -2.30582046 1.85865473 -0.01288191
v -2.31102562 1.85863935 -0.00876148
v -2.31532812 1.85852921 -0.00366448
v -2.31855249 1.85831737 0.00221878
v -2.32057595 1.85802221 0.00865932
v -2.32131004 1.85765147 0.01540309
v -2.32073617 1.85721659 0.02218951
v -2.31886506 1.85672724 0.02874985
v -2.31578469 1.85622084 0.0348242
v -2.31160163 1.85569775 0.04017045
v -2.30649113 1.8551805 0.04458078
v -2.30064654 1.85470438 0.04787963
v -2.2943089 1.85426974 0.04994719
v -2.28771543 1.85390579 0.05070448
v -2.28111863 1.85362267 0.05012637
v -2.27477741 1.85342526 0.04824681
v -2.26892733 1.85333526 0.04513977
v -2.2637968 1.85334479 0.04093743
v -2.25957059 1.853459 0.03580131
v -2.25641441 1.85367608 0.02993232
v -2.25444197 1.85398089 0.02355711
v -2.25372624 1.85436952 0.01691346
v -2.25976133 1.74213755 0.00275462
v -2.2615509 1.74262261 -0.00366597
v -2.26453757 1.74314403 -0.00962404
v -2.26861 1.74366223 -0.01489199
v -2.27361774 1.74416744 -0.01927616
v -2.27937078 1.7446388 -0.02260902
v -2.28564906 1.74505734 -0.02476231
v -2.29221439 1.74540853 -0.02564935
v -2.29882097 1.74568104 -0.02522985
v -2.30520963 1.745862 -0.02351384
v -2.31113576 1.74594187 -0.02055797
v -2.31636738 1.74593007 -0.01647085
v -2.32069778 1.74580895 -0.01140244
v -2.32395911 1.74559903 -0.00554761
v -2.32601714 1.74530541 0.00086699
v -2.32678961 1.74493408 0.00759193
v -2.32625651 1.74450087 0.01436769
v -2.32442665 1.74401986 0.02091888
v -2.32138156 1.74351394 0.0269925
v -2.31723165 1.74299466 0.03234437
v -2.31214833 1.74248349 0.03676699
v -2.3063271 1.74201035 0.040086
v -2.30000305 1.74158 0.0421772
v -2.29341435 1.7412157 0.04296156
v -2.28681492 1.74093246 0.04241476
v -2.28046226 1.7407397 0.04056815
v -2.27459669 1.74065196 0.03749511
v -2.26944255 1.74066591 0.03332344
v -2.26518797 1.74077856 0.02821903
v -2.26199579 1.74099612 0.0223778
v -2.25998401 1.74130404 0.01602535
v -2.25923347 1.74168944 0.00940105
v -2.26511287 1.62944841 -0.00468435
v -2.26686668 1.62993919 -0.01109933
v -2.26981878 1.63045644 -0.01705564
v -2.2738595 1.63097369 -0.02233042
v -2.27883815 1.63147246 -0.02672456
v -2.28456974 1.63194549 -0.03007856
v -2.29083442 1.63235461 -0.03225219
v -2.29739284 1.63270187 -0.03316691
v -2.30400013 1.63297247 -0.03277887
v -2.31039881 1.633152 -0.03109771
v -2.3163414 1.6332302 -0.02817415
v -2.32159066 1.63321209 -0.02412079
v -2.32595419 1.63309896 -0.01908491
v -2.3292458 1.63289165 -0.01326049
v -2.3313446 1.6325941 -0.00686836
v -2.33215975 1.63221931 -0.00015884
v -2.3316636 1.63178873 0.00660035
v -2.32987546 1.63131141 0.01314628
v -2.32686281 1.63080537 0.01921897
v -2.32274723 1.63028848 0.02457749
v -2.31769371 1.62978732 0.02901257
v -2.31189394 1.62930917 0.03235076
v -2.30558133 1.6288836 0.03446478
v -2.29899883 1.62852716 0.03527627
v -2.29239726 1.6282463 0.03476057
v -2.28603601 1.6280545 0.0329466
v -2.28015399 1.62797212 0.0299053
v -2.2749753 1.62798285 0.02576979
v -2.27069258 1.62810444 0.0206951
v -2.26746702 1.62831902 0.01488156
v -2.265419 1.62862443 0.0085533
v -2.26462268 1.62900579 0.00194861
v -2.27035641 1.51676082 -0.01206325
v -2.2720685 1.51724731 -0.01847099
v -2.2749865 1.51775395 -0.02442455
v -2.27899336 1.51827061 -0.02970548
v -2.28394317 1.51877236 -0.03411492
v -2.2896552 1.51923942 -0.03748356
v -2.29590606 1.519647 -0.03968236
v -2.30246043 1.51999187 -0.04062575
v -2.30906891 1.52025675 -0.04026687
v -2.3154757 1.52043175 -0.03861743
v -2.32143569 1.52051389 -0.03572953
v -2.32670855 1.52049279 -0.03170834
v -2.33109688 1.52037584 -0.0267049
v -2.33442592 1.52016711 -0.02090719
v -2.33655977 1.51987171 -0.01454087
v -2.33741354 1.51949834 -0.00785274
v -2.33696031 1.51907122 -0.00110576
v -2.33520841 1.51859629 0.00543262
v -2.33223509 1.51808869 0.01150587
v -2.32815074 1.51757895 0.01687013
v -2.32312226 1.51707661 0.02131681
v -2.31734252 1.51660513 0.02467336
v -2.31104421 1.51618576 0.02680971
v -2.30446958 1.51582384 0.02765293
v -2.29786729 1.51554989 0.02716619
v -2.29149937 1.51536655 0.02538374
v -2.28559899 1.51528 0.02237775
v -2.28039813 1.51529467 0.0182748
v -2.27608323 1.51541304 0.01323098
v -2.27282476 1.51563179 0.00744574
v -2.27073979 1.5159347 0.00114122
v -2.26990604 1.51631557 -0.00544366
v -2.27548766 1.40407013 -0.01938418
v -2.27716207 1.40455055 -0.0257816
v -2.28004026 1.40505826 -0.03173544
v -2.28401875 1.40556967 -0.03702171
v -2.28894186 1.40606606 -0.04144101
v -2.29463172 1.40652847 -0.04482938
v -2.30086755 1.40694153 -0.04705344
v -2.30741453 1.40727901 -0.04802202
v -2.31402182 1.40754187 -0.04769468
v -2.32043981 1.40771126 -0.04607626
v -2.32641434 1.40779078 -0.04322339
v -2.33171153 1.40776717 -0.03923576
v -2.33612799 1.40765297 -0.0342642
v -2.33949089 1.40744018 -0.02849565
v -2.3416624 1.40714204 -0.0221524
v -2.34255242 1.40677464 -0.01548511
v -2.342139 1.40634405 -0.00875114
v -2.34042882 1.40587413 -0.00222109
v -2.33749175 1.4053719 0.00385144
v -2.33344125 1.40486168 0.00922235
v -2.32843971 1.40436744 0.01368121
v -2.32268166 1.40389728 0.01705564
v -2.31639933 1.40347921 0.01921681
v -2.30982923 1.40312659 0.02008458
v -2.30322551 1.40285658 0.01962916
v -2.29684686 1.40266776 0.0178818
v -2.29092907 1.40258491 0.01490801
v -2.28570342 1.40260231 0.01083621
v -2.28136086 1.40272367 0.00582516
v -2.27806806 1.40293884 0.00006823
v -2.27594709 1.40324127 -0.00621029
v -2.27507734 1.40362644 -0.01277665
v -2.28050661 1.29134774 -0.02664247
v -2.28214383 1.29183387 -0.0330359
v -2.28498888 1.29233777 -0.03898753
v -2.28893303 1.29284477 -0.04427794
v -2.29383111 1.29333925 -0.04871117
v -2.29950165 1.29379987 -0.05211574
v -2.30571913 1.2942028 -0.05436119
v -2.31225967 1.2945429 -0.05535833
v -2.31887054 1.29479908 -0.05506125
v -2.32529616 1.29496836 -0.05347702
v -2.33128356 1.29503989 -0.05065651
v -2.33660459 1.29501748 -0.04670305
v -2.34105134 1.29489636 -0.04176266
v -2.34444689 1.29468786 -0.03602268
v -2.34665346 1.29439544 -0.02970803
v -2.3475852 1.29403042 -0.02305959
v -2.34721207 1.29359841 -0.01633848
v -2.34553885 1.29312825 -0.00981529
v -2.34263801 1.29263317 -0.00374559
v -2.33861851 1.29212188 0.00163069
v -2.33364653 1.2916311 0.00610102
v -2.32790923 1.29116463 0.00949471
v -2.32164192 1.29075431 0.0116788
v -2.31507539 1.29040181 0.01257471
v -2.30847382 1.29012846 0.01215125
v -2.30208373 1.28994941 0.01043388
v -2.29614877 1.28987073 0.00749456
v -2.29090285 1.28988492 0.00345951
v -2.2865324 1.29000628 -0.00152266
v -2.28320407 1.29022574 -0.00724972
v -2.28104519 1.29052937 -0.01350473
v -2.2801373 1.29090631 -0.02005063
v -2.3138504 1.29247796 -0.02144656
v -2.27747988 1.35962486 -0.0222536
v -2.27913951 1.36010336 -0.02864694
v -2.28200626 1.36061751 -0.03460248
v -2.28596973 1.36112856 -0.03989077
v -2.29088258 1.3616203 -0.04431474
v -2.29656457 1.36208128 -0.04770926
v -2.30279421 1.36249303 -0.04994113
v -2.30934023 1.36283135 -0.05092178
v -2.31594872 1.36308765 -0.05060501
v -2.3223679 1.36325848 -0.04900118
v -2.32834863 1.36333215 -0.04615996
v -2.33365464 1.36331069 -0.04218658
v -2.33808279 1.36319601 -0.03722854
v -2.34145832 1.36298859 -0.03147111
v -2.34364342 1.36269104 -0.02513953
v -2.34455418 1.36232447 -0.01847868
v -2.34415483 1.36189234 -0.01175018
v -2.34245657 1.36142063 -0.00522154
v -2.33953237 1.36091864 0.00084804
v -2.33549618 1.3604145 0.00622164
v -2.33050417 1.35991835 0.01068513
v -2.32475519 1.35944747 0.0140678
v -2.31847834 1.35903382 0.01623679
v -2.31191039 1.3586775 0.01711851
v -2.30530738 1.35841 0.01667484
v -2.29892373 1.35822665 0.01493875
v -2.29300141 1.35814333 0.01197848
v -2.28776907 1.35816109 0.00792141
v -2.28341221 1.35828399 0.00292041
v -2.28010869 1.35849976 -0.00282406
v -2.27797102 1.35880267 -0.00909424
v -2.27708602 1.35918569 -0.01565186
v -2.20363163 2.80553174 0.07577759
v -2.20579147 2.80604291 0.06929991
v -2.20912218 2.80658769 0.06334721
v -2.21350264 2.80713915 0.05814385
v -2.21876025 2.80767464 0.05388247
v -2.22471141 2.80817818 0.05072759
v -2.23111653 2.80863428 0.04879527
v -2.2377417 2.80900955 0.0481723
v -2.24432897 2.80931234 0.04888386
v -2.2506299 2.80951476 0.050909
v -2.25639247 2.80961871 0.05417906
v -2.26139259 2.80961513 0.05857272
v -2.2654407 2.80950784 0.06392938
v -2.26837158 2.80930185 0.07004134
v -2.27006769 2.80899405 0.07667656
v -2.27045774 2.80861568 0.083569
v -2.26953744 2.80816602 0.09045794
v -2.2673316 2.80765748 0.09706589
v -2.26393675 2.80712413 0.103132
v -2.25947666 2.80657625 0.10841524
v -2.25413417 2.80604028 0.1127087
v -2.24811768 2.80552434 0.11584713
v -2.24166417 2.80506134 0.11771301
v -2.23502278 2.80467057 0.11823229
v -2.22844624 2.80435466 0.11739569
v -2.22219371 2.80414223 0.11524155
v -2.21649503 2.80403184 0.11185811
v -2.21157288 2.80403113 0.10738544
v -2.2076075 2.80414581 0.1019935
v -2.20474529 2.80435967 0.09589781
v -2.20309782 2.804672 0.08932998
v -2.20272183 2.80507159 0.08253777
v -2.24571132 1.30320978 -0.03125499
v -2.24900794 1.30420553 -0.04407561
v -2.2618525 1.29142093 -0.04042568
v -2.25918388 1.29062306 -0.03001559
v -2.25471878 1.30523741 -0.05601842
v -2.26648569 1.29225683 -0.05012658
v -2.26264953 1.30627143 -0.06665352
v -2.27291703 1.29309237 -0.05875848
v -2.27250647 1.30727291 -0.07559159
v -2.28091239 1.29390025 -0.06600261
v -2.28393054 1.30819582 -0.082501
v -2.29016757 1.29464781 -0.07159301
v -2.29649281 1.30900621 -0.08711036
v -2.30034542 1.29530215 -0.07530555
v -2.30972695 1.30967724 -0.08923004
v -2.31105899 1.29585206 -0.07699391
v -2.32312941 1.31019222 -0.08875619
v -2.32189822 1.2962706 -0.07657504
v -2.33618331 1.31052434 -0.08567547
v -2.33244848 1.29653835 -0.07404723
v -2.34837436 1.31066668 -0.08007389
v -2.34229993 1.29666018 -0.06948535
v -2.35923194 1.31062018 -0.07214303
v -2.35106372 1.29661977 -0.06304793
v -2.36831522 1.31037843 -0.06216227
v -2.35839343 1.29642653 -0.05496617
v -2.3752582 1.30995571 -0.05051013
v -2.36399316 1.29608357 -0.04555067
v -2.37978148 1.30936932 -0.03763531
v -2.36763763 1.2956053 -0.03515984
v -2.38168716 1.30863606 -0.0240485
v -2.36918807 1.29500961 -0.02420265
v -2.38091206 1.30778205 -0.0102927
v -2.36856603 1.29431343 -0.01311857
v -2.3774786 1.3068366 0.0030716
v -2.36580753 1.29354763 -0.00235095
v -2.37152385 1.30583488 0.01549816
v -2.36101627 1.29272818 0.00766503
v -2.3632977 1.30481016 0.02648468
v -2.35439062 1.29190206 0.01652609
v -2.35313153 1.30380427 0.03558689
v -2.34619188 1.29109537 0.02387765
v -2.34142899 1.30285847 0.04244391
v -2.33675551 1.29032838 0.02943686
v -2.32866311 1.30200529 0.04680073
v -2.32644367 1.28964567 0.03298354
v -2.31533193 1.30128109 0.04850288
v -2.31566953 1.28906655 0.03439837
v -2.30195331 1.30072069 0.0475056
v -2.30484652 1.28861486 0.03363736
v -2.28904271 1.30034422 0.04388057
v -2.29438471 1.28831446 0.03075225
v -2.27708435 1.30016791 0.03779558
v -2.284693 1.28817331 0.02587511
v -2.26652717 1.30020594 0.02951406
v -2.27612328 1.28820383 0.01920841
v -2.25775599 1.30045437 0.01937112
v -2.26899719 1.28840076 0.01102239
v -2.25109028 1.30089473 0.00777001
v -2.26357746 1.28876233 0.00163635
v -2.24677205 1.30153083 -0.00485502
v -2.26006102 1.28926467 -0.00859035
v -2.24495959 1.30231201 -0.01802313
v -2.2585802 1.28989303 -0.01927147
v -2.24826932 1.35861992 -0.02696879
v -2.25136041 1.35954129 -0.03886555
v -2.25669002 1.3604933 -0.04994194
v -2.26407313 1.36146044 -0.05979764
v -2.27323532 1.36238718 -0.06806969
v -2.28383755 1.36324179 -0.07444858
v -2.29549431 1.36399972 -0.07868748
v -2.30775594 1.36462867 -0.08061216
v -2.32016468 1.36510777 -0.08012727
v -2.33223915 1.3654201 -0.07722448
v -2.34351182 1.36555802 -0.07199022
v -2.35353136 1.36550796 -0.06460008
v -2.36190676 1.36529171 -0.05532585
v -2.36829543 1.36490011 -0.04451166
v -2.37243866 1.36435461 -0.03257531
v -2.37416887 1.36367225 -0.01998898
v -2.37341404 1.36287868 -0.00725765
v -2.37019944 1.36199843 0.00510411
v -2.36466455 1.36106705 0.01659694
v -2.35702419 1.36011707 0.02675004
v -2.34759688 1.3591839 0.03516112
v -2.33675146 1.35830521 0.04149768
v -2.32492518 1.3575164 0.04551789
v -2.3125782 1.35684454 0.04708324
v -2.30019187 1.35631966 0.0461505
v -2.28824114 1.35597062 0.04278161
v -2.27717518 1.35580742 0.0371328
v -2.26740908 1.35583925 0.02944655
v -2.25930166 1.35606849 0.02002945
v -2.25315618 1.35648071 0.0092592
v -2.24918317 1.35705661 -0.00245784
v -2.2475357 1.35778033 -0.01468344
v -2.24349451 1.35339987 -0.02810235
v -2.2468245 1.35439121 -0.04092843
v -2.25256896 1.35542428 -0.05287325
v -2.26052808 1.35646629 -0.06350551
v -2.27040886 1.35746836 -0.07243259
v -2.28185033 1.35839259 -0.07932706
v -2.29442739 1.35920238 -0.08391293
v -2.30766773 1.35988485 -0.08601045
v -2.32107043 1.36039567 -0.08550651
v -2.33411431 1.36073112 -0.08239714
v -2.34629392 1.36087775 -0.07676568
v -2.35713219 1.36082899 -0.06880252
v -2.36619091 1.3605926 -0.05879345
v -2.37310123 1.36017406 -0.04711754
v -2.3775897 1.35958266 -0.034217
v -2.3794651 1.35884523 -0.02061073
v -2.37865042 1.35799455 -0.00684523
v -2.3751831 1.35704612 0.006526
v -2.36919474 1.3560425 0.0189542
v -2.36093783 1.35501301 0.02993625
v -2.35074687 1.35400462 0.03902647
v -2.33902573 1.35305452 0.04586935
v -2.32624793 1.35220348 0.05020272
v -2.3129096 1.3514744 0.05188059
v -2.29953408 1.35090935 0.05085469
v -2.28663277 1.35052871 0.04720227
v -2.27468919 1.35035157 0.04108605
v -2.26415085 1.35038948 0.03277371
v -2.25540685 1.35063707 0.02260244
v -2.24877238 1.3510791 0.01097508
v -2.24448704 1.3517071 -0.00166877
v -2.24270725 1.35249352 -0.01485511
v -2.16953659 2.80921506 0.06845486
v -2.1738758 2.81026792 0.05545923
v -2.17878484 2.80534052 0.05717871
v -2.17476534 2.80436992 0.06923009
v -2.18056106 2.81137681 0.04351152
v -2.18498349 2.80636525 0.0461
v -2.18936085 2.8124938 0.03304648
v -2.19313955 2.80739665 0.03640036
v -2.19994401 2.81358027 0.02444589
v -2.2029469 2.8084042 0.02842968
v -2.2119317 2.81459689 0.0180322
v -2.21405386 2.80935072 0.02248856
v -2.22486949 2.81550002 0.01405605
v -2.22604298 2.81018543 0.01881593
v -2.23827934 2.81626081 0.0126852
v -2.23845863 2.81089139 0.01755794
v -2.25164604 2.81685757 0.0139968
v -2.25083327 2.81143927 0.01878963
v -2.26445627 2.81726384 0.01796729
v -2.26269149 2.81181621 0.02248287
v -2.27620101 2.81746029 0.02448089
v -2.27355861 2.81200528 0.02852471
v -2.28642296 2.817456 0.03330813
v -2.2830162 2.81199979 0.03670803
v -2.2947061 2.81723761 0.04413201
v -2.29067659 2.81180167 0.04673218
v -2.30071306 2.81682944 0.05654126
v -2.2962327 2.81141805 0.0582189
v -2.30420017 2.81622815 0.0700588
v -2.29945468 2.81085777 0.07072401
v -2.30501246 2.81546187 0.08414749
v -2.30021166 2.81015086 0.08375282
v -2.30312538 2.81455755 0.09824249
v -2.29846954 2.809309 0.09678696
v -2.2986114 2.81354928 0.11177139
v -2.29429435 2.80837345 0.10929297
v -2.29164791 2.81246447 0.12418437
v -2.28786063 2.80736947 0.12077167
v -2.28252267 2.81135821 0.13497452
v -2.27942633 2.80634427 0.13075394
v -2.27161002 2.81025719 0.14371396
v -2.26933503 2.80532693 0.13884206
v -2.25933694 2.80921316 0.15005473
v -2.25798082 2.80435967 0.14471918
v -2.24620556 2.80826854 0.1537611
v -2.24583196 2.80348539 0.14816303
v -2.23272419 2.80745697 0.15470525
v -2.23335075 2.8027389 0.14905159
v -2.21941041 2.80681228 0.15287406
v -2.22102427 2.80214691 0.14737632
v -2.2067821 2.80636858 0.14836889
v -2.20932078 2.80173444 0.14322565
v -2.19531059 2.8061428 0.14139024
v -2.19868707 2.80152726 0.13678312
v -2.18541455 2.80614113 0.13223588
v -2.18951177 2.8015263 0.12832103
v -2.1774652 2.80636668 0.1212753
v -2.18213248 2.80173444 0.11817812
v -2.17173695 2.80680608 0.10893655
v -2.17682194 2.80214214 0.10675363
v -2.16844844 2.8074553 0.09568855
v -2.17376542 2.80273509 0.09447926
v -2.16770649 2.80826759 0.08202849
v -2.17307257 2.80348539 0.08181829
v -2.17841434 2.86798167 0.07533682
v -2.18200206 2.8688395 0.06468202
v -2.18751525 2.8697443 0.05489424
v -2.1947484 2.87065959 0.04633157
v -2.20343995 2.87154722 0.03931129
v -2.21326518 2.87237978 0.03409813
v -2.22385501 2.87312793 0.03089069
v -2.23481392 2.8737576 0.02982716
v -2.24572086 2.87424826 0.03096199
v -2.25615692 2.87458491 0.03427236
v -2.26571273 2.87474894 0.03965431
v -2.27401185 2.87475013 0.04691297
v -2.280725 2.8745737 0.05578867
v -2.28557539 2.87423133 0.06593647
v -2.28837347 2.87373828 0.07697159
v -2.28899478 2.87311053 0.08845549
v -2.2874217 2.87236475 0.09993427
v -2.28371524 2.87153458 0.11094408
v -2.27801942 2.87064862 0.12104204
v -2.27056574 2.86973977 0.12982103
v -2.26165676 2.86884331 0.13693259
v -2.25164198 2.86798286 0.14210116
v -2.24092268 2.86721158 0.14512674
v -2.22991371 2.86655211 0.14590385
v -2.21904683 2.86603045 0.14442195
v -2.20873117 2.86566567 0.14075596
v -2.19935751 2.86548185 0.13506543
v -2.19127678 2.86547994 0.12758794
v -2.18478703 2.86565995 0.11862466
v -2.18012261 2.86602497 0.10852088
v -2.17745637 2.8665421 0.0976675
v -2.17687845 2.86720395 0.08646858
v -2.16690278 2.85496974 0.07163883
v -2.17127633 2.85602045 0.0586403
v -2.17799019 2.85712814 0.04669538
v -2.18681454 2.85825371 0.0362339
v -2.1974225 2.85934186 0.02764583
v -2.20942521 2.86035871 0.02124953
v -2.22237753 2.86127042 0.01729118
v -2.2357912 2.8620336 0.01594204
v -2.24915456 2.86262893 0.01728035
v -2.26195478 2.86303329 0.0212788
v -2.27368688 2.86323809 0.02781772
v -2.28388643 2.86323571 0.03667065
v -2.29214429 2.86302638 0.04751852
v -2.29812264 2.86260676 0.05995109
v -2.30157518 2.86200332 0.07348854
v -2.30235624 2.86123752 0.08759103
v -2.30043339 2.86033201 0.10169453
v -2.29588532 2.85932159 0.1152267
v -2.28889155 2.85823869 0.12763601
v -2.27973985 2.85712266 0.13842257
v -2.26880216 2.85602045 0.14714843
v -2.25651383 2.85497784 0.15347315
v -2.24337005 2.85402202 0.15716034
v -2.22988462 2.85321188 0.1580808
v -2.21657633 2.85256862 0.15622173
v -2.20395684 2.8521223 0.15168994
v -2.19250035 2.85189104 0.1446878
v -2.182626 2.85188984 0.13550746
v -2.17470264 2.85211372 0.12452314
v -2.16900682 2.85255789 0.11216117
v -2.16574478 2.8532021 0.09889614
v -2.16503882 2.85401248 0.08522485
v -1.98572492 1.24337351 0.66268116
v -2.06856894 1.25650882 0.51930344
v -2.1441791 1.26865363 0.37148457
v -2.21231055 1.27982246 0.21959382
v -2.27274131 1.29003012 0.06402135
v -1.84302628 2.81608462 0.73330599
v -1.93746483 2.83022785 0.59125208
v -2.02474665 2.84332919 0.44416141
v -2.10459566 2.8553946 0.29240596
v -2.17676591 2.86644935 0.1363755
v -2.15355396 2.17043781 0.25994718
v -2.2205789 2.18111109 0.10400654
v -1.91725778 2.02287197 0.69719725
v -2.00582671 2.03649807 0.55436074
v -2.16109228 2.0607059 0.25485646
v -2.22729682 2.07131886 0.09894777
v -1.90728318 2.13241124 0.70212864
v -1.9966613 2.14610695 0.55938506
v -2.07883358 2.15877723 0.4118663
v -2.08718681 2.04910588 0.40678939
v -1.9794681 1.31671881 0.66588503
v -2.0628519 1.32990551 0.52254766
v -2.13899588 1.34208667 0.37474119
v -2.20767164 1.35329592 0.22283817
v -2.26863956 1.36353921 0.06722573
v -2.03899049 2.66712927 0.43575149
v -2.11751604 2.67908787 0.28393966
v -2.18835496 2.6900382 0.12791675
v -1.85989606 2.64010906 0.72521942
v -1.87039208 2.02001881 0.66614836
v -1.95741426 2.03377533 0.52576011
v -1.94838082 2.14337444 0.53056502
v -1.86055624 2.12954521 0.67086565
v -2.0291295 2.15618634 0.3855685
v -1.98985314 2.66447591 0.40841558
v -2.01925706 1.25387525 0.4922842
v -2.0136199 1.32726168 0.49537694
v -1.9317094 1.31393218 0.63622111
v -1.937873 1.24059605 0.63316172
v -2.09353375 1.26618063 0.34703406
v -2.08842802 1.33960723 0.35013786
v -2.16046571 1.27752554 0.19777709
v -2.15589475 1.35098636 0.20086634
v -2.10998439 2.05829668 0.23137852
v -2.17504286 2.06908559 0.07812746
v -2.16842174 2.17886424 0.08295052
v -2.1025567 2.16801571 0.23623739
v -2.21983957 1.28792786 0.0448963
v -2.21579623 1.36142551 0.04794054
v -2.06703019 2.67658543 0.25916633
v -2.13665342 2.68771696 0.10576719
v -2.03736543 2.04653143 0.38071888
v -1.81384241 2.63719201 0.69298309
v -1.97580993 2.84065389 0.41646614
v -1.89002513 2.82741832 0.56107652
v -2.0542953 2.85287737 0.26726496
v -2.12522864 2.86410069 0.11384881
v -1.79720962 2.81314873 0.700733
v -2.31945037 1.37244677 -0.08434972
v -2.28309774 2.08054924 -0.05315792
v -2.24128031 2.07380485 0.05788275
v -2.18971991 2.07157659 0.04025406
v -2.22921729 1.36382579 0.01018885
v -2.28139472 1.36596453 0.02598
v -2.26872253 2.07800889 -0.00847609
v -2.30591869 1.36997222 -0.04005446
v -2.34052467 2.0778532 0.09836316
v -2.38166356 1.3697828 0.06386287
v -2.40215969 1.37388169 -0.01748434
v -2.36368203 2.08211398 0.01659307
v -2.34398675 2.08288955 -0.03220539
v -2.38093137 1.3746488 -0.06518384
v -2.28663826 2.07385492 0.12268143
v -2.32865476 1.36595809 0.08921495
v -2.30956792 2.07969546 0.00443886
v -2.32552647 2.08217907 -0.03856828
v -2.36229157 1.37398529 -0.0710057
v -2.34762859 1.37158942 -0.02817258
v -2.4004817 1.37283349 0.00837106
v -2.36116313 2.08102655 0.04270643
v -2.32056188 2.07939028 0.02781125
v -2.3594582 1.37129199 -0.00533246
v -2.26888513 2.07309341 0.11557105
v -2.28472757 2.07563233 0.07412872
v -2.32520031 1.36768424 0.04122251
v -2.31069994 1.36522984 0.08262571
v -2.38785672 1.37077832 0.04594177
v -2.34730744 2.07888984 0.08039214
v -2.30653429 2.07696485 0.07129498
v -2.34685325 1.36895048 0.03796517
v -2.27863669 1.36970353 -0.06663862
v -2.24168467 2.07768273 -0.03626674
v -2.2473793 2.07625579 0.00606533
v -2.21096539 2.07482504 -0.00797015
v -2.24886941 1.36696851 -0.03794501
v -2.28490257 1.36828839 -0.0252961
v -2.2308247 2.07389402 0.04109198
v -2.19404506 2.07223296 0.03059714
v -2.23322248 1.36446702 0.00054727
v -2.27060985 1.36608862 0.0092863
v -1.92184853 1.43031263 0.6410911
v -1.96946644 1.43310737 0.67098683
v -2.08025026 1.45611763 0.35509353
v -2.13069987 1.45862066 0.3799389
v -2.14856267 1.46755814 0.20579816
v -2.2002294 1.46987938 0.22802127
v -2.20930576 1.47805702 0.05280562
v -2.26205682 1.4801917 0.07234497
v -2.22293472 1.4804697 0.01503162
v -2.37511873 1.48648464 0.06943835
v -2.38141226 1.48748683 0.05151047
v -2.32196378 1.48262178 0.09462501
v -2.27501773 1.48262405 0.03112783
v -2.31876421 1.48435831 0.04653741
v -2.30404233 1.4818964 0.08794976
v -2.39605116 1.49061071 -0.01198307
v -2.37507319 1.49138104 -0.05986772
v -2.31368637 1.48914897 -0.07932772
v -2.3564639 1.49070465 -0.0657783
v -2.34158897 1.48829495 -0.02291238
v -2.3532803 1.48799407 0.0000174
v -2.39423775 1.48955488 0.01391878
v -2.34044361 1.48564171 0.0433475
v -2.27276992 1.48639094 -0.0617528
v -2.30001664 1.48666179 -0.03496792
v -2.24284696 1.48362886 -0.03312161
v -2.27894997 1.48496985 -0.02024721
v -2.2269926 1.48111212 0.0053867
v -2.2642858 1.4827429 0.01441452
v -1.98356473 1.44029128 0.53769516
v -2.00798201 1.400195 0.49846521
v -1.99221015 1.41053628 0.52547264
v -2.02514767 1.44706273 0.46262314
v -2.02153205 1.41531181 0.47238579
v -2.0012052 1.48722338 0.50216335
v -1.98733425 1.47206223 0.52808481
v -2.01682162 1.47685706 0.47500371
v -1.90912401 2.60786032 0.55118733
v -1.92822957 2.65489435 0.51562368
v -1.92420041 2.62310075 0.52526235
v -1.88202524 2.64773535 0.59032195
v -1.89161098 2.61805009 0.57809186
v -1.90160059 2.6948452 0.55509454
v -1.91896486 2.68462109 0.52803474
v -1.8862046 2.67955398 0.58084327
v -2.05827927 1.38821339 0.52513396
v -2.03559827 1.40441823 0.56370461
v -2.02497696 1.44183278 0.57847827
v -2.08153009 1.45077443 0.47640675
v -2.07739424 1.41103196 0.48799142
v -2.03327822 1.48869967 0.55964684
v -2.04909133 1.50450933 0.53031092
v -2.06668496 1.4939655 0.49960801
v -2.02833199 1.41251409 0.54602474
v -2.04431057 1.40215301 0.51865226
v -2.01957798 1.44228184 0.55843418
v -2.05804348 1.41725432 0.49224212
v -2.06171107 1.44899261 0.48238289
v -2.05327892 1.47880244 0.49495348
v -2.03746032 1.48918807 0.5224803
v -2.02340507 1.47404837 0.54872667
v -1.98399567 2.6588087 0.53190577
v -1.97550046 2.6121149 0.55041247
v -1.95811545 2.59602212 0.58024853
v -1.93809282 2.60646748 0.61111027
v -1.92118001 2.64934468 0.63342165
v -1.94791936 2.71226334 0.5856961
v -1.9712435 2.69889736 0.54921942
v -1.92709302 2.69225573 0.62031054
v -1.92665576 2.62013077 0.60042226
v -1.94439625 2.60991549 0.57316958
v -1.91695225 2.64982342 0.61283671
v -1.95966708 2.62514424 0.54691988
v -1.96375381 2.6569271 0.53718829
v -1.92119491 2.68163967 0.60326606
v -1.9367907 2.69690918 0.57720005
v -1.95437467 2.68666911 0.54978168
v -1.91145598 2.61228847 0.59983873
v -1.92187976 2.60201573 0.58437669
v -1.92856133 2.61582469 0.60815233
v -1.93943476 2.60686421 0.594419
v -1.94153416 2.62160277 0.61116403
v -1.95295608 2.61814904 0.60237389
v -1.94179821 2.63422298 0.61845451
v -1.95955646 2.63469576 0.60990721
v -1.94079661 2.65309906 0.62271559
v -1.9602487 2.65512061 0.61392104
v -1.91894543 2.67183518 0.62047851
v -1.93840253 2.67213749 0.62023687
v -1.91971886 2.65125393 0.62340754
v -1.92205584 2.68877363 0.61153316
v -1.93587148 2.68506455 0.61413687
v -1.95593595 2.67535877 0.61183446
v -1.97575449 2.65709638 0.59737992
v -1.97012317 2.6784048 0.59606427
v -1.98162555 2.63799285 0.57418686
v -1.97392022 2.63535165 0.59401083
v -1.98367655 2.6586132 0.57607036
v -1.97807657 2.6786673 0.57612329
v -1.94647944 2.6911056 0.60580664
v -1.95864641 2.69515681 0.59063452
v -1.93114423 2.70054578 0.59877461
v -1.94288873 2.70600438 0.58191418
v -1.96708822 2.69419121 0.57261711
v -1.95315706 2.70386648 0.56335657
v -1.9242295 2.70931506 0.57061797
v -1.93613386 2.70668292 0.55174338
v -1.91297042 2.7031486 0.58900815
v -1.90454876 2.69000268 0.60339129
v -1.89967393 2.67168378 0.61264163
v -1.89918804 2.64979863 0.61541742
v -1.92259204 2.63117098 0.61859667
v -1.90352261 2.62864828 0.61067658
v -1.96548676 2.61742448 0.58695995
v -1.95174992 2.6048541 0.57719701
v -1.9338063 2.59939241 0.56557351
v -1.96127367 2.61017394 0.55897676
v -1.94485068 2.60553622 0.5470851
v -1.95297002 2.61863708 0.53251028
v -1.95762348 2.63691949 0.52307671
v -1.96776592 2.62176847 0.54458987
v -1.97302246 2.63881468 0.53695154
v -1.97344315 2.62122535 0.56916856
v -1.9757862 2.62676549 0.5556581
v -1.98127424 2.64015817 0.55456137
v -1.98294794 2.65942287 0.55460339
v -1.97427785 2.6595056 0.53523927
v -1.94633495 2.69637823 0.53609275
v -1.95808959 2.6587975 0.52022576
v -1.95396876 2.67997002 0.52506405
v -1.96955025 2.67948675 0.53885513
v -1.97800183 2.67807698 0.55636173
v -1.9703058 2.69023942 0.55865442
v -1.96149754 2.69473552 0.54799878
v -1.9465686 2.6570394 0.53941905
v -1.9449433 2.63385772 0.5442636
v -1.94190228 2.62025237 0.55051004
v -1.93570995 2.61449837 0.56108361
v -1.92759406 2.61530447 0.57404309
v -1.91927599 2.62104988 0.58672034
v -1.91255474 2.63115811 0.59636521
v -1.90857064 2.64502453 0.60130518
v -1.90775573 2.66069102 0.60111945
v -1.90995693 2.67540025 0.59631353
v -1.91495168 2.68663024 0.58743315
v -1.93273782 2.68203687 0.55953556
v -1.92574906 2.69385767 0.56964081
v -1.92429649 2.67504644 0.57371604
v -1.91677045 2.66923594 0.58618903
v -1.91347968 2.66190385 0.5920462
v -1.91354632 2.65203619 0.59286433
v -1.91588628 2.64152836 0.59016501
v -1.91998922 2.632977 0.58448451
v -1.92564237 2.62788128 0.57598006
v -1.93203854 2.62588167 0.56593143
v -1.93740117 2.62691378 0.55719018
v -1.93999183 2.632761 0.55243504
v -1.93847262 2.64611125 0.55365067
v -1.93209743 2.65988135 0.5626533
v -1.92281067 2.65774703 0.57769835
v -1.91728842 2.6566298 0.5865435
v -1.91872692 2.64873075 0.58500874
v -1.92164218 2.65137648 0.58014822
v -1.9213829 2.64152097 0.58148157
v -1.92260253 2.64661502 0.5790652
v -1.924986 2.63665604 0.57620513
v -1.9249438 2.64298176 0.5756843
v -1.92950427 2.63476681 0.56916743
v -1.928002 2.64105963 0.57098203
v -1.93433511 2.6344912 0.56142765
v -1.93736624 2.63541579 0.55644708
v -1.93170487 2.64110589 0.56504279
v -1.93407201 2.64169478 0.56118053
v -1.93123507 2.64900589 0.56505358
v -1.92537963 2.6462841 0.57467937
v -1.9284209 2.6413176 0.57028788
v -2.0127027 1.40303635 0.5470311
v -2.02210569 1.39268219 0.5315141
v -2.03019666 1.40651691 0.55451905
v -2.04014992 1.39747405 0.54067355
v -2.0432856 1.41225123 0.55694884
v -2.05410671 1.4087218 0.54790616
v -2.04404115 1.42488479 0.5640344
v -2.06118536 1.42525982 0.55496293
v -2.04339265 1.44377827 0.56816148
v -2.06221818 1.44568765 0.55878132
v -2.02166199 1.4625945 0.56671547
v -2.04097127 1.46281266 0.56573164
v -2.02248716 1.44202196 0.56965506
v -2.02432179 1.47949791 0.55773752
v -2.03817391 1.4757353 0.55978083
v -2.0579164 1.46593952 0.55680006
v -2.0766716 1.44755685 0.54194206
v -2.07111692 1.46887803 0.54076677
v -2.08106088 1.42837631 0.51905351
v -2.07454156 1.42581379 0.53881555
v -2.08332204 1.44898593 0.52072405
v -2.07786798 1.46905994 0.52089488
v -2.04826021 1.48170948 0.55117386
v -2.05948853 1.48566913 0.53579807
v -2.03267335 1.49119174 0.54481726
v -2.04338932 1.4965614 0.52779644
v -2.06683301 1.48462808 0.51780277
v -2.0525043 1.49433648 0.5092048
v -2.02421546 1.49993026 0.51741111
v -2.03493428 1.49719905 0.49845051
v -2.01406765 1.49386131 0.53591173
v -2.0064671 1.48078763 0.5504058
v -2.00206542 1.46251201 0.55975848
v -2.00162482 1.44063687 0.56260311
v -2.02495551 1.42192482 0.56491988
v -2.00554251 1.41945922 0.55789011
v -2.06565475 1.40790808 0.53230422
v -2.0513792 1.39537167 0.52331566
v -2.03284692 1.38996326 0.51262414
v -2.0598185 1.40060162 0.50505477
v -2.04278326 1.39600837 0.4940437
v -2.05008316 1.40904128 0.47937473
v -2.05425334 1.42728149 0.46985191
v -2.06549572 1.41213536 0.49063503
v -2.07037282 1.42913961 0.48285937
v -2.07255435 1.41162836 0.5145269
v -2.07413244 1.4171189 0.5011602
v -2.07959342 1.43048512 0.49980992
v -2.08136296 1.44974768 0.49968773
v -2.07162857 1.44981634 0.48103207
v -2.04411149 1.48680913 0.48276534
v -2.05467009 1.44914412 0.46693423
v -2.0509696 1.47034847 0.47173169
v -2.06724572 1.46982252 0.48466366
v -2.0766499 1.46842551 0.50151306
v -2.06919622 1.48062264 0.50400084
v -2.05985665 1.48513531 0.49386629
v -2.04432368 1.44747948 0.48620852
v -2.04286646 1.42432451 0.49113264
v -2.04013013 1.41074776 0.49744269
v -2.03456163 1.40504825 0.50807833
v -2.02725243 1.40591931 0.52109563
v -2.01976013 1.41173422 0.53382235
v -2.01369333 1.42189645 0.54349023
v -2.01009988 1.43578887 0.54842239
v -2.00936341 1.45146346 0.54819577
v -2.01135301 1.46614658 0.5433253
v -2.01585412 1.47732639 0.53437161
v -2.03188371 1.47259271 0.50634586
v -2.02558517 1.4844625 0.51646745
v -2.02428007 1.46567153 0.52061104
v -2.01749515 1.45992398 0.53316432
v -2.01453113 1.45262444 0.5390712
v -2.01458644 1.44275212 0.53991991
v -2.0166974 1.43223011 0.53723323
v -2.02039885 1.4236505 0.53154283
v -2.02549624 1.418509 0.52300894
v -2.03125643 1.41645634 0.51292002
v -2.03607821 1.41744828 0.50413245
v -2.03841328 1.42326962 0.49934315
v -2.03704285 1.436625 0.50052958
v -2.0313034 1.45044827 0.50953286
v -2.02294087 1.44838845 0.52465891
v -2.01796436 1.44731354 0.53355532
v -2.01925993 1.43940997 0.5320301
v -2.02188944 1.44202506 0.5271399
v -2.02165532 1.43218278 0.52850079
v -2.02275729 1.43726456 0.52606117
v -2.02490305 1.42728304 0.52321136
v -2.02486133 1.4336102 0.52267086
v -2.02896976 1.42536294 0.51614528
v -2.02761936 1.43166327 0.5179525
v -2.03332257 1.42504119 0.50837153
v -2.03604841 1.42594265 0.50336659
v -2.03095459 1.43167972 0.5119853
v -2.03308105 1.43224811 0.50810319
v -2.03053188 1.43958437 0.51197463
v -2.02525401 1.43690407 0.5216543
v -2.02799487 1.4319241 0.51725292
v -1.69751799 -1.98334264 -0.75088191
v -1.73137807 -1.9763329 -0.59867513
v -1.75468134 -1.96825492 -0.44297039
v -1.76704633 -1.95922696 -0.28475654
v -1.76815474 -1.94939339 -0.12506696
v -1.54540622 -3.41236376 -0.64735722
v -1.5891124 -3.40721917 -0.50351703
v -1.6231575 -3.40088629 -0.35518816
v -1.64707362 -3.39348769 -0.20324812
v -1.6604582 -3.38512611 -0.04864025
v -1.70091974 -2.7718358 -0.24020592
v -1.70913326 -2.76281809 -0.0832025
v -1.62366068 -2.69014215 -0.70179653
v -1.66256845 -2.68404007 -0.55359679
v -1.70959651 -2.66856408 -0.24609719
v -1.71692848 -2.65943503 -0.08872935
v -1.61268019 -2.79304289 -0.69430983
v -1.6522932 -2.7870717 -0.54671323
v -1.68184924 -2.77996897 -0.39503514
v -1.69135808 -2.67680931 -0.40138274
v -1.69068777 -2.04987239 -0.74643695
v -1.7250396 -2.04294228 -0.59459531
v -1.74887299 -2.03494381 -0.43920573
v -1.7618016 -2.02598929 -0.28125035
v -1.76351046 -2.01622629 -0.12175886
v -1.63849842 -3.24111247 -0.36571407
v -1.66118955 -3.23351764 -0.21300719
v -1.67326724 -3.22498631 -0.05775564
v -1.56290388 -3.25300216 -0.6597495
v -1.57883715 -2.68449568 -0.68801993
v -1.61678624 -2.67895197 -0.54325377
v -1.60657262 -2.78193783 -0.5361247
v -1.56793487 -2.78734636 -0.68029475
v -1.63539278 -2.77542233 -0.38795453
v -1.59227168 -3.23636198 -0.35750973
v -1.68518185 -1.97155988 -0.59004694
v -1.6788764 -2.03814721 -0.58579921
v -1.64538824 -2.04449653 -0.73415762
v -1.65217185 -1.97799468 -0.73876196
v -1.70788145 -1.96408331 -0.43789589
v -1.70209717 -2.0307455 -0.43396443
v -1.71989822 -1.95567429 -0.28327646
v -1.71466755 -2.02240967 -0.27960002
v -1.66262126 -2.66467642 -0.24283753
v -1.66973316 -2.65618968 -0.08905372
v -1.66195261 -2.75951099 -0.08327491
v -1.65397155 -2.76790738 -0.23668696
v -1.72091937 -1.94648873 -0.12717914
v -1.71627569 -2.01328277 -0.1237065
v -1.6143912 -3.22937297 -0.20834177
v -1.62615799 -3.22146391 -0.0566682
v -1.6448543 -2.67231464 -0.39455565
v -1.51853001 -3.24712157 -0.6446833
v -1.57701337 -3.39606404 -0.34659612
v -1.54380345 -3.40181732 -0.49146065
v -1.60033273 -3.38926291 -0.19818835
v -1.6133821 -3.3815279 -0.04715088
v -1.50116503 -3.40641474 -0.63192957
v -1.75446844 -2.00628066 0.03087598
v -1.71350681 -2.65003442 0.06243603
v -1.71551537 -2.65688109 -0.04834231
v -1.66982126 -2.65400362 -0.0514011
v -1.71497631 -2.01095533 -0.08562625
v -1.76060271 -2.01350331 -0.08062705
v -1.71646046 -2.65287137 0.01870709
v -1.75853836 -2.00923514 -0.01325151
v -1.80552732 -2.66307163 -0.04870215
v -1.85075724 -2.01912093 -0.07821869
v -1.84063315 -2.01317882 0.00203242
v -1.79836273 -2.65737032 0.03100007
v -1.76754319 -2.65312528 0.0664154
v -1.80844008 -2.0090065 0.03672808
v -1.77057671 -2.66320586 -0.08870512
v -1.81722378 -2.01964163 -0.11987295
v -1.75234675 -2.654953 0.02220314
v -1.75115442 -2.65217781 0.06524386
v -1.79206657 -2.00817513 0.03498671
v -1.79478526 -2.01109218 -0.00844426
v -1.8477317 -2.01518273 -0.02170132
v -1.80456984 -2.65932607 0.00727843
v -1.76822423 -2.65702056 0.00583358
v -1.81138896 -2.01312232 -0.02442409
v -1.75452065 -2.66207385 -0.08867026
v -1.75445711 -2.65945005 -0.04711537
v -1.79956495 -2.01582241 -0.07831918
v -1.80114698 -2.01860904 -0.12040107
v -1.84992563 -2.01785492 -0.05992601
v -1.80536532 -2.66186833 -0.03058965
v -1.77066588 -2.65990781 -0.03698208
v -1.8154186 -2.01614975 -0.06759523
v -1.72870707 -2.00668168 0.00011744
v -1.68667054 -2.6501472 0.03287058
v -1.70435464 -2.65331125 -0.00148289
v -1.67160153 -2.65127134 -0.00248154
v -1.71494615 -2.00803756 -0.03610806
v -1.74700045 -2.00982093 -0.0340113
v -1.70221877 -2.65533733 -0.03755773
v -1.67026186 -2.65345168 -0.04159129
v -1.71505641 -2.0103743 -0.07568676
v -1.74692738 -2.01198315 -0.06977852
v -1.63457059 -2.15001988 -0.72677749
v -1.679798 -2.15543913 -0.73930686
v -1.69285321 -2.13652229 -0.42766004
v -1.73958981 -2.14076805 -0.43316417
v -1.70629668 -2.12829947 -0.27371287
v -1.753412 -2.13193059 -0.27563035
v -1.70882797 -2.11927223 -0.11814629
v -1.75605928 -2.12226629 -0.11646698
v -1.70776534 -2.11696744 -0.0801297
v -1.84354329 -2.12527942 -0.07350104
v -1.842826 -2.12402439 -0.05523525
v -1.80976724 -2.12574029 -0.11488653
v -1.75340485 -2.11957216 -0.07545132
v -1.79236197 -2.12193274 -0.07332129
v -1.79369509 -2.12469577 -0.11532072
v -1.8339132 -2.11938238 0.00667495
v -1.80194675 -2.11519789 0.04149475
v -1.74796259 -2.11240959 0.03594951
v -1.78556942 -2.11434483 0.03984766
v -1.78803169 -2.1172378 -0.00352662
v -1.80451822 -2.11927437 -0.0195741
v -1.84086155 -2.12138032 -0.01706109
v -1.80828285 -2.1222763 -0.0626951
v -1.72201907 -2.11275863 0.00538271
v -1.7518388 -2.11534142 -0.00811933
v -1.70803046 -2.11408281 -0.03070165
v -1.74020767 -2.11590266 -0.02878554
v -1.70790588 -2.11639237 -0.07021004
v -1.73979711 -2.11804366 -0.06461368
v -1.6607989 -2.14554095 -0.61815339
v -1.67258381 -2.10432219 -0.5815494
v -1.66592121 -2.11712694 -0.60854536
v -1.67612552 -2.14199042 -0.53959286
v -1.67668712 -2.11460399 -0.55293971
v -1.66503608 -2.18327307 -0.57643544
v -1.66051363 -2.17294645 -0.60487407
v -1.67142629 -2.17044401 -0.5493763
v -1.56418669 -3.20290136 -0.50612616
v -1.56952929 -3.2408514 -0.46538698
v -1.56966507 -3.21341753 -0.47851303
v -1.55014169 -3.24368286 -0.54080563
v -1.55602121 -3.21543264 -0.53190457
v -1.55613672 -3.28171873 -0.50035071
v -1.56404113 -3.2691605 -0.47449135
v -1.55026257 -3.27114868 -0.52776265
v -1.61744666 -3.2456305 -0.46656894
v -1.61684632 -3.209167 -0.48753115
v -1.61062586 -3.19849801 -0.5184006
v -1.60156071 -3.21161007 -0.54740566
v -1.5926783 -3.24952077 -0.5628187
v -1.60053157 -3.29677438 -0.51143723
v -1.6104772 -3.28125071 -0.47859495
v -1.59297704 -3.28395366 -0.5460608
v -1.59263551 -3.21981072 -0.5417819
v -1.6009438 -3.20719075 -0.51546698
v -1.58667552 -3.24810528 -0.5509485
v -1.60655355 -3.21762728 -0.48735961
v -1.60645771 -3.24503755 -0.47407323
v -1.58684456 -3.2755444 -0.53774702
v -1.59285235 -3.28603148 -0.50984448
v -1.60090231 -3.27339267 -0.48344293
v -1.71964168 -2.0994184 -0.59110885
v -1.71065926 -2.11725235 -0.62683928
v -1.70456135 -2.15099406 -0.63796073
v -1.72415649 -2.14618277 -0.53774637
v -1.72493052 -2.11369705 -0.5531699
v -1.70503902 -2.18747925 -0.61635333
v -1.71018087 -2.19787025 -0.58497136
v -1.71718049 -2.18454241 -0.55492448
v -1.70311152 -2.12112307 -0.6163069
v -1.70988929 -2.10821986 -0.58876282
v -1.69791925 -2.14957857 -0.6261878
v -1.71409463 -2.11842131 -0.55964589
v -1.71356654 -2.14577508 -0.54613852
v -1.70881462 -2.17427921 -0.55619323
v -1.70230698 -2.18720722 -0.5837993
v -1.69767022 -2.17695641 -0.6127451
v -1.69492912 -2.18089532 -0.54634487
v -1.69098806 -2.19227743 -0.5615639
v -1.71037852 -2.1804409 -0.55152344
v -1.70784938 -2.19068861 -0.56606453
v -1.72051954 -2.17743301 -0.55814433
v -1.7218039 -2.18273305 -0.57049387
v -1.72633647 -2.16602158 -0.55517089
v -1.73197627 -2.16890239 -0.5717771
v -1.73033118 -2.14889216 -0.55435788
v -1.73702275 -2.15070319 -0.57238465
v -1.71807682 -2.1284964 -0.54530245
v -1.72959065 -2.13158249 -0.55726516
v -1.71793675 -2.14688515 -0.54088705
v -1.71662747 -2.11418676 -0.55560624
v -1.72597372 -2.11979413 -0.56167376
v -1.73549783 -2.13197255 -0.57402628
v -1.73677659 -2.15208244 -0.59322983
v -1.73505377 -2.13215065 -0.59368896
v -1.72451472 -2.17074394 -0.60962301
v -1.73128819 -2.17123985 -0.59129124
v -1.72914493 -2.15267181 -0.61253672
v -1.72810709 -2.13382673 -0.6119194
v -1.72812044 -2.11647701 -0.57456105
v -1.72693729 -2.11537838 -0.59271234
v -1.71594011 -2.10562157 -0.57134503
v -1.71369504 -2.10324358 -0.59053254
v -1.7212826 -2.11818718 -0.60976284
v -1.70867884 -2.10741329 -0.60885685
v -1.69636356 -2.09739399 -0.58731615
v -1.69209194 -2.10229468 -0.6067267
v -1.69969975 -2.10044837 -0.56734252
v -1.70156967 -2.11031484 -0.55074858
v -1.70197784 -2.12554287 -0.53900098
v -1.7008475 -2.1448915 -0.53375077
v -1.71461093 -2.16542124 -0.54304128
v -1.69832122 -2.16463017 -0.53657531
v -1.72014701 -2.18595719 -0.58834612
v -1.70487117 -2.19507193 -0.58477979
v -1.68679726 -2.1971786 -0.58096933
v -1.70042836 -2.19245362 -0.60347068
v -1.68319988 -2.19409465 -0.6008256
v -1.68090868 -2.18418359 -0.61726224
v -1.68014597 -2.16892337 -0.6289041
v -1.69710826 -2.18361353 -0.61861777
v -1.69762539 -2.16951561 -0.62928557
v -1.71485126 -2.1844232 -0.60561573
v -1.70892334 -2.18024706 -0.61682754
v -1.71301543 -2.16927647 -0.6227898
v -1.71618413 -2.15238642 -0.62651056
v -1.69967484 -2.1513319 -0.63409984
v -1.68779337 -2.11364126 -0.62183779
v -1.68119382 -2.14956283 -0.63416111
v -1.68398094 -2.12986111 -0.63145357
v -1.70124959 -2.13261485 -0.63165372
v -1.71638524 -2.13486623 -0.62496048
v -1.71454513 -2.12263512 -0.62047064
v -1.70357859 -2.11739254 -0.6228531
v -1.68548369 -2.14867138 -0.61422431
v -1.68477368 -2.16892719 -0.6067546
v -1.68511295 -2.18037724 -0.59884148
v -1.68699181 -2.18415737 -0.58724647
v -1.68984353 -2.18169355 -0.57380265
v -1.69293534 -2.17478942 -0.5611087
v -1.69567477 -2.16435647 -0.55200332
v -1.69772625 -2.15116882 -0.54823768
v -1.69888496 -2.13706326 -0.55007994
v -1.69904971 -2.12445974 -0.55671298
v -1.69811391 -2.11556458 -0.56726408
v -1.69188392 -2.12347769 -0.59600758
v -1.69496476 -2.11146068 -0.58670842
v -1.69437849 -2.12786555 -0.58045983
v -1.69652485 -2.13141107 -0.56674438
v -1.69715642 -2.13722586 -0.55979597
v -1.69656658 -2.1460154 -0.55789375
v -1.69521403 -2.15586113 -0.55963355
v -1.69339144 -2.16434693 -0.56471467
v -1.69122088 -2.17009234 -0.57310622
v -1.68892335 -2.17324996 -0.58339679
v -1.68710374 -2.17348289 -0.59261351
v -1.68650698 -2.16884017 -0.59817147
v -1.68781268 -2.15665316 -0.59832334
v -1.69084489 -2.14303183 -0.59041845
v -1.69388294 -2.14293527 -0.57445621
v -1.69563078 -2.14273643 -0.56503975
v -1.69470787 -2.15006947 -0.56582379
v -1.69390463 -2.14834976 -0.57121002
v -1.69342196 -2.1570456 -0.5687772
v -1.69331491 -2.1527791 -0.57184976
v -1.69194507 -2.16215133 -0.57379722
v -1.69232308 -2.15651512 -0.57501101
v -1.69030702 -2.16480422 -0.58095979
v -1.69117593 -2.15888524 -0.57972937
v -1.68861532 -2.16608834 -0.58900713
v -1.68760049 -2.16591882 -0.59428656
v -1.68991112 -2.15964102 -0.58593684
v -1.68911838 -2.15962767 -0.59002548
v -1.69052231 -2.15251255 -0.58676332
v -1.69236326 -2.1536808 -0.57640808
v -1.69104838 -2.15874981 -0.58047902
v -1.58747804 -3.28026962 -0.47294056
v -1.58263993 -3.29148459 -0.48745331
v -1.60260391 -3.27995872 -0.47894972
v -1.59922087 -3.29007172 -0.49289524
v -1.61239171 -3.27703785 -0.48604285
v -1.61297726 -3.28225946 -0.49812123
v -1.61846292 -3.26571965 -0.4835605
v -1.62318456 -3.26855707 -0.5000689
v -1.62266147 -3.24866819 -0.4830884
v -1.62836349 -3.250427 -0.5010544
v -1.61113512 -3.22820329 -0.47358471
v -1.62194633 -3.23133969 -0.4859406
v -1.6110394 -3.24660372 -0.46920776
v -1.60929381 -3.21381807 -0.48357844
v -1.6182338 -3.2194972 -0.49004718
v -1.62695074 -3.23169636 -0.50262582
v -1.62702214 -3.2516694 -0.52131986
v -1.62548208 -3.23173356 -0.52173435
v -1.61377263 -3.27005386 -0.53641575
v -1.62145996 -3.27075719 -0.51900494
v -1.61841321 -3.25203895 -0.53961461
v -1.61760032 -3.23320341 -0.53902643
v -1.6197263 -3.21611619 -0.50274264
v -1.61761879 -3.21489214 -0.52033478
v -1.60786771 -3.20515108 -0.49888396
v -1.6046586 -3.20261955 -0.51742345
v -1.61106932 -3.21750927 -0.53655499
v -1.5986675 -3.20660758 -0.53491509
v -1.58761537 -3.19659614 -0.51322644
v -1.58230149 -3.20130491 -0.53181374
v -1.59195256 -3.19981479 -0.49399167
v -1.5945841 -3.20980835 -0.47792294
v -1.59545254 -3.22510957 -0.46645689
v -1.59440589 -3.24445962 -0.46120002
v -1.60742151 -3.26506519 -0.47102242
v -1.59153735 -3.26412582 -0.46371397
v -1.61036467 -3.28534746 -0.5153706
v -1.5952388 -3.29429149 -0.51089698
v -1.57740557 -3.29620146 -0.50604349
v -1.58987748 -3.29149675 -0.52880787
v -1.57282793 -3.29294538 -0.5251376
v -1.56980252 -3.28290033 -0.54101961
v -1.56860196 -3.26757097 -0.55235588
v -1.58587968 -3.28252387 -0.5433669
v -1.58598911 -3.26837229 -0.55383312
v -1.60421443 -3.28363156 -0.53184759
v -1.59777152 -3.27931356 -0.54239064
v -1.60165417 -3.26836848 -0.5484966
v -1.60479021 -3.25150704 -0.55238413
v -1.58796346 -3.25019812 -0.55872219
v -1.57713055 -3.21249485 -0.54619294
v -1.56956851 -3.24821901 -0.55760878
v -1.57267594 -3.22858071 -0.55523747
v -1.58984267 -3.23153495 -0.55651789
v -1.60524082 -3.23400855 -0.55096566
v -1.60376024 -3.22180151 -0.54652619
v -1.59276521 -3.21642231 -0.54816567
v -1.57487011 -3.2475121 -0.53849828
v -1.57433784 -3.26778674 -0.53110778
v -1.57497358 -3.27927613 -0.52338749
v -1.57740509 -3.28316021 -0.51221185
v -1.58096826 -3.28082394 -0.4993259
v -1.58478188 -3.27404499 -0.48720186
v -1.58809399 -3.26371455 -0.47855648
v -1.59046745 -3.25058817 -0.47507643
v -1.59166967 -3.23650145 -0.47699815
v -1.59161734 -3.2238717 -0.48351311
v -1.59021997 -3.21489834 -0.49375474
v -1.58243691 -3.22253418 -0.52129191
v -1.58611214 -3.210639 -0.51248735
v -1.58568656 -3.22706151 -0.50630676
v -1.58850228 -3.23071599 -0.49308559
v -1.58943939 -3.23657321 -0.48634466
v -1.58885753 -3.24536252 -0.48441928
v -1.5873202 -3.25517249 -0.48598644
v -1.58515083 -3.26359367 -0.49078276
v -1.58249509 -3.26925039 -0.49878391
v -1.57964301 -3.27230835 -0.50863665
v -1.57734727 -3.2724533 -0.51748418
v -1.57651698 -3.26777362 -0.52287137
v -1.57793068 -3.25560879 -0.52315264
v -1.58149492 -3.24209499 -0.51570981
v -1.58534812 -3.24214267 -0.50037181
v -1.58758556 -3.24203443 -0.49132481
v -1.58655142 -3.24934196 -0.49200016
v -1.58548545 -3.24757671 -0.49719625
v -1.58504593 -3.25627541 -0.49476271
v -1.58481788 -3.25199461 -0.49776125
v -1.58325886 -3.26132702 -0.49953195
v -1.5836302 -3.25569558 -0.500759
v -1.5812273 -3.26390504 -0.50638526
v -1.58222389 -3.25801253 -0.50526809
v -1.57911562 -3.26511287 -0.51409894
v -1.57782769 -3.26489639 -0.51917105
v -1.58062815 -3.25871014 -0.51122516
v -1.57962894 -3.25865578 -0.5151506
v -1.5812689 -3.25159215 -0.51209282
v -1.58362722 -3.25284433 -0.5021348
v -1.58205664 -3.25786042 -0.50599432
v -1.76456677 -1.94735992 -0.03853592
v -1.73648262 -1.94616425 -0.04324597
v -1.73783564 -1.94653677 -0.04936267
v -1.74020087 -1.94694316 -0.05507156
v -1.74348402 -1.94737088 -0.06016695
v -1.74757516 -1.94779884 -0.06445609
v -1.75232029 -1.94821071 -0.06777444
v -1.75753641 -1.94859993 -0.06999134
v -1.76303076 -1.94893837 -0.07101992
v -1.76859498 -1.94922649 -0.07080643
v -1.7740134 -1.94944012 -0.06935515
v -1.77907216 -1.94957387 -0.06670874
v -1.78357684 -1.94961726 -0.06296171
v -1.78735327 -1.94957208 -0.0582536
v -1.79024481 -1.94943797 -0.05276168
v -1.79213511 -1.94921588 -0.04670573
v -1.7929511 -1.9489181 -0.04031667
v -1.79265701 -1.94856321 -0.03385181
v -1.79126668 -1.9481554 -0.02757087
v -1.78883564 -1.94771933 -0.02172208
v -1.7854526 -1.94727289 -0.01653984
v -1.78126776 -1.94683754 -0.01222691
v -1.77643489 -1.94642329 -0.00895002
v -1.77115535 -1.94604623 -0.00683779
v -1.76562511 -1.94572687 -0.00595691
v -1.76006579 -1.94547855 -0.00633819
v -1.75469219 -1.94529295 -0.00795617
v -1.74969768 -1.94518983 -0.01074032
v -1.74528598 -1.9451667 -0.01457414
v -1.74160599 -1.94522309 -0.01930644
v -1.73880088 -1.94535791 -0.02475366
v -1.73697352 -1.94556677 -0.03070851
v -1.73619508 -1.9458369 -0.03695116
v -1.73058879 -2.04880261 -0.03930343
v -1.73189711 -2.04917621 -0.04541776
v -1.73422396 -2.04958486 -0.05113422
v -1.73747837 -2.05000805 -0.05624206
v -1.74153959 -2.0504384 -0.06054903
v -1.74626147 -2.05085396 -0.06389149
v -1.75146246 -2.05124616 -0.06613676
v -1.75694584 -2.05159807 -0.06719583
v -1.76250815 -2.0518949 -0.06701482
v -1.76793396 -2.05210733 -0.06560137
v -1.77301192 -2.05225157 -0.06298838
v -1.77753603 -2.05230188 -0.05927338
v -1.7813456 -2.0522623 -0.05459586
v -1.78426873 -2.05212974 -0.04913147
v -1.78620016 -2.05191421 -0.04309277
v -1.78705334 -2.05162406 -0.03671926
v -1.78680515 -2.05127334 -0.03026026
v -1.78545403 -2.05086851 -0.02397961
v -1.78305995 -2.05043292 -0.01812617
v -1.7797141 -2.04998922 -0.01292721
v -1.77555954 -2.04954552 -0.00859813
v -1.77075099 -2.04912638 -0.00529789
v -1.76548457 -2.04874634 -0.00315403
v -1.75996387 -2.04842448 -0.00224012
v -1.75440561 -2.04816293 -0.00258972
v -1.74901783 -2.04797792 -0.00417058
v -1.74400973 -2.04786372 -0.00692243
v -1.73957431 -2.04783105 -0.0107252
v -1.73586547 -2.04788398 -0.01542838
v -1.7330259 -2.04800939 -0.02085185
v -1.73115754 -2.04821419 -0.02678721
v -1.73034036 -2.04847812 -0.03301646
v -1.72459328 -2.15142941 -0.03531624
v -1.72586095 -2.15179848 -0.04143178
v -1.72814726 -2.15220594 -0.04715405
v -1.73137044 -2.15262436 -0.05227413
v -1.7354021 -2.15306139 -0.05660065
v -1.74010002 -2.15348243 -0.05996494
v -1.74528372 -2.15388512 -0.06223699
v -1.75076067 -2.15423631 -0.06332859
v -1.75632333 -2.15453529 -0.06318286
v -1.7617551 -2.15476489 -0.06180104
v -1.76684665 -2.15491104 -0.05922368
v -1.77139508 -2.15497088 -0.05554368
v -1.77523005 -2.15494132 -0.05089349
v -1.77819037 -2.15481185 -0.04545573
v -1.78016054 -2.15460515 -0.03943642
v -1.78105199 -2.15432262 -0.03307667
v -1.78084766 -2.15396452 -0.02662958
v -1.77953493 -2.15356612 -0.02034516
v -1.77718341 -2.15313077 -0.01448496
v -1.77387166 -2.15268278 -0.00927611
v -1.76974391 -2.15224242 -0.00492463
v -1.76495897 -2.15181732 -0.00160134
v -1.75971114 -2.15143513 0.0005709
v -1.75419724 -2.15110421 0.00151593
v -1.74863863 -2.15083622 0.00120291
v -1.74324429 -2.15064048 -0.00034635
v -1.73821926 -2.15052342 -0.00306255
v -1.73375606 -2.15048384 -0.00683268
v -1.73001992 -2.15053105 -0.01150746
v -1.72714579 -2.15065336 -0.0169046
v -1.72524368 -2.15084958 -0.0228203
v -1.72438514 -2.15111231 -0.0290335
v -1.71849393 -2.25404167 -0.03128534
v -1.71972429 -2.25441122 -0.03739694
v -1.72197258 -2.25481414 -0.04312659
v -1.72515845 -2.2552402 -0.04825659
v -1.72916233 -2.25567531 -0.05259891
v -1.7338376 -2.25610041 -0.05598739
v -1.73900389 -2.25650072 -0.05829201
v -1.74447321 -2.25686383 -0.05941198
v -1.75003492 -2.25717067 -0.05930098
v -1.75547087 -2.25740695 -0.05795441
v -1.76057958 -2.25755715 -0.05541384
v -1.76515102 -2.25762963 -0.05176305
v -1.76901423 -2.25759911 -0.0471466
v -1.77200925 -2.25748515 -0.04173228
v -1.7740128 -2.25728035 -0.03573616
v -1.77495026 -2.2569971 -0.02939039
v -1.77478277 -2.25665068 -0.02294977
v -1.77351629 -2.25624918 -0.01666942
v -1.7711991 -2.25581812 -0.0108015
v -1.76792335 -2.25536751 -0.00558118
v -1.76382613 -2.25492525 -0.00121013
v -1.75906336 -2.25449776 0.00213881
v -1.75383031 -2.25411343 0.00434286
v -1.74832689 -2.25377297 0.00531703
v -1.74276626 -2.25350046 0.00503723
v -1.73736321 -2.25329542 0.00352193
v -1.73232352 -2.25316739 0.00083885
v -1.72784054 -2.25312686 -0.00289701
v -1.72407293 -2.25316166 -0.00754282
v -1.72116816 -2.25327801 -0.01291553
v -1.71922588 -2.25346374 -0.01881395
v -1.71832728 -2.25372386 -0.02501173
v -1.71229302 -2.35664176 -0.02720696
v -1.71348369 -2.35700798 -0.03331712
v -1.71569585 -2.35741281 -0.03905012
v -1.71884656 -2.35784006 -0.0441922
v -1.72282016 -2.35827612 -0.04855227
v -1.7274729 -2.35870385 -0.05196458
v -1.73262524 -2.3591144 -0.05429377
v -1.73808312 -2.35947847 -0.05544764
v -1.74364244 -2.35978984 -0.05537238
v -1.74908757 -2.36002969 -0.0540609
v -1.75421118 -2.36019468 -0.05155211
v -1.7588061 -2.36026477 -0.04793983
v -1.76269769 -2.36025214 -0.04334866
v -1.7657212 -2.36013889 -0.03796434
v -1.7677679 -2.35994005 -0.03198851
v -1.76874446 -2.3596673 -0.02565793
v -1.7686187 -2.35931968 -0.01922425
v -1.76738977 -2.35892152 -0.01294653
v -1.76511132 -2.3584907 -0.00707274
v -1.76187336 -2.35804152 -0.00183837
v -1.75780415 -2.35759353 0.0025499
v -1.75306463 -2.3571608 0.00592043
v -1.74784767 -2.35677433 0.00815396
v -1.74235189 -2.35643267 0.00916378
v -1.73678922 -2.35615062 0.00891505
v -1.7313801 -2.35593986 0.00743637
v -1.72632396 -2.35580349 0.00478662
v -1.7218219 -2.35575318 0.00108291
v -1.71802425 -2.35578346 -0.00353387
v -1.71508395 -2.35589075 -0.00888148
v -1.71310496 -2.35607671 -0.01475665
v -1.71216583 -2.35633111 -0.02094172
v -1.70599138 -2.45923638 -0.0230773
v -1.70714438 -2.45959687 -0.02918865
v -1.70931947 -2.45999765 -0.03492585
v -1.71243619 -2.46042394 -0.04008055
v -1.71638155 -2.4608612 -0.04445776
v -1.72101008 -2.46129393 -0.04789483
v -1.72614228 -2.46171045 -0.05024955
v -1.73159754 -2.46207761 -0.05143658
v -1.73715519 -2.46240019 -0.05139199
v -1.74260425 -2.4626472 -0.05011577
v -1.74774515 -2.46281766 -0.04764331
v -1.75235664 -2.4629004 -0.04406203
v -1.75627517 -2.46289181 -0.03950567
v -1.75933611 -2.462785 -0.03414561
v -1.76141846 -2.46259117 -0.02819278
v -1.76243591 -2.4623239 -0.021876
v -1.76234996 -2.46197986 -0.01545258
v -1.7611618 -2.46158671 -0.00917476
v -1.75892496 -2.46115469 -0.00329608
v -1.75571942 -2.46070098 0.00194823
v -1.75167787 -2.46025443 0.00635583
v -1.74696314 -2.45981574 0.00975119
v -1.74176311 -2.45942187 0.01201163
v -1.7362734 -2.45907592 0.01305144
v -1.73071456 -2.45878672 0.01283815
v -1.72529864 -2.45857048 0.01139482
v -1.72022736 -2.458431 0.00878127
v -1.71569526 -2.4583714 0.00510958
v -1.71187114 -2.45839428 0.00052238
v -1.70889961 -2.45849466 -0.0047994
v -1.70688378 -2.45867514 -0.01065389
v -1.70590615 -2.45892214 -0.01682433
v -1.69959056 -2.56180334 -0.01890534
v -1.70070147 -2.5621674 -0.02501266
v -1.70283854 -2.56256747 -0.03075358
v -1.7059232 -2.56299638 -0.03591759
v -1.70984458 -2.5634346 -0.04031337
v -1.7144463 -2.56387829 -0.04376706
v -1.71956455 -2.5642867 -0.04615582
v -1.72500598 -2.56467127 -0.04736982
v -1.73056244 -2.56499075 -0.0473631
v -1.73602104 -2.56524705 -0.04612224
v -1.74116921 -2.56542396 -0.04368562
v -1.74580788 -2.56551623 -0.04013774
v -1.74975442 -2.56551122 -0.03561101
v -1.75284719 -2.56541824 -0.03027678
v -1.754969 -2.56522941 -0.02434701
v -1.7560215 -2.56495881 -0.01805015
v -1.75598061 -2.56462311 -0.01163374
v -1.75483322 -2.56423258 -0.00535669
v -1.75263118 -2.56380581 0.00052737
v -1.74946022 -2.56334781 0.0057834
v -1.74545025 -2.56289744 0.01020901
v -1.74075627 -2.56245756 0.01362747
v -1.73557293 -2.56206178 0.01591596
v -1.73009502 -2.56170415 0.01698747
v -1.72453439 -2.56141471 0.01680973
v -1.71911037 -2.56118679 0.01540091
v -1.71402299 -2.56103992 0.01282118
v -1.70947253 -2.56097197 0.00918096
v -1.70562005 -2.56098985 0.00462632
v -1.70261156 -2.56108427 -0.00067172
v -1.70056152 -2.5612564 -0.00650617
v -1.69954204 -2.56149792 -0.01265879
v -1.69308912 -2.66438865 -0.01467956
v -1.69416415 -2.66474318 -0.02078403
v -1.69626092 -2.66514682 -0.02653002
v -1.69931316 -2.66557812 -0.03170299
v -1.70319926 -2.666018 -0.03611485
v -1.70778477 -2.66646099 -0.03959219
v -1.71288299 -2.66687393 -0.04200956
v -1.71831405 -2.66726756 -0.04325263
v -1.72387051 -2.66759085 -0.04328123
v -1.72933626 -2.66785383 -0.0420755
v -1.7344985 -2.66804623 -0.03967318
v -1.73915863 -2.66813492 -0.03616235
v -1.74313163 -2.66814088 -0.03166638
v -1.74625802 -2.66805434 -0.02635934
v -1.74841141 -2.66787171 -0.02045089
v -1.74951016 -2.66760706 -0.01416877
v -1.74950563 -2.66727685 -0.00776293
v -1.74839747 -2.66688823 -0.00148826
v -1.74623525 -2.66645908 0.00439853
v -1.74310052 -2.66599988 0.00966491
v -1.73911964 -2.66555142 0.01410972
v -1.73445045 -2.66511321 0.01755401
v -1.72928214 -2.6647036 0.01987032
v -1.72380888 -2.66434621 0.02097271
v -1.71825325 -2.66404485 0.02082894
v -1.71282041 -2.66381049 0.01945458
v -1.7077167 -2.66365981 0.01690997
v -1.70314729 -2.6635847 0.01330424
v -1.69926512 -2.66358804 0.00877512
v -1.6962291 -2.66367697 0.00350657
v -1.69414043 -2.66384649 -0.00230781
v -1.69308352 -2.66408562 -0.00844355
v -1.68649148 -2.76693654 -0.01040337
v -1.68752288 -2.76729512 -0.0165049
v -1.68958962 -2.76769328 -0.02225265
v -1.69260656 -2.76812028 -0.0274378
v -1.69646358 -2.76856923 -0.03186457
v -1.70102107 -2.76900696 -0.03536829
v -1.7061088 -2.76943826 -0.03780667
v -1.71153104 -2.76981973 -0.0390867
v -1.71708357 -2.77016735 -0.03914527
v -1.7225548 -2.77043509 -0.03797516
v -1.72773098 -2.77062416 -0.03561056
v -1.73241019 -2.77072596 -0.03213223
v -1.73641157 -2.77074027 -0.02766853
v -1.73956835 -2.77065396 -0.02239114
v -1.74176144 -2.77048158 -0.01650563
v -1.74289703 -2.77022433 -0.01023804
v -1.74293386 -2.76989555 -0.00384252
v -1.74186801 -2.76950383 0.00242586
v -1.73974013 -2.76907539 0.00831762
v -1.73663866 -2.76862525 0.01359857
v -1.73268926 -2.7681663 0.01805952
v -1.72804403 -2.76772618 0.02152515
v -1.72288918 -2.76731371 0.02386807
v -1.71742844 -2.76695013 0.02500457
v -1.71187269 -2.76663398 0.02489126
v -1.70643353 -2.76640534 0.02355556
v -1.70131599 -2.76623916 0.02104523
v -1.69672477 -2.76615953 0.01747297
v -1.69281339 -2.76616382 0.01297723
v -1.68974423 -2.76624512 0.0077331
v -1.68762028 -2.76640152 0.00194216
v -1.68652284 -2.76663684 -0.00417803
v -1.67979288 -2.86947488 -0.00607779
v -1.68078875 -2.8698225 -0.01217533
v -1.68281424 -2.87022519 -0.01792692
v -1.68580269 -2.87065267 -0.02312105
v -1.68962788 -2.87109923 -0.02756505
v -1.69416582 -2.87154769 -0.03108923
v -1.69922983 -2.87197375 -0.03355702
v -1.70464777 -2.87236571 -0.03486628
v -1.71019828 -2.87271618 -0.03495806
v -1.71567368 -2.87299394 -0.03382357
v -1.72086489 -2.87319564 -0.03149382
v -1.72556245 -2.87330484 -0.02804986
v -1.72959065 -2.87332463 -0.023621
v -1.73278129 -2.87324953 -0.01837027
v -1.73501181 -2.87308073 -0.01250507
v -1.7361834 -2.87282204 -0.00625779
v -1.73626172 -2.87249922 0.00012656
v -1.73523116 -2.87211728 0.0063937
v -1.73314738 -2.87168455 0.01228992
v -1.73007893 -2.87123322 0.01758142
v -1.72615873 -2.87077879 0.02206052
v -1.72153222 -2.87033081 0.02554874
v -1.71639931 -2.86991667 0.02792039
v -1.71094656 -2.8695414 0.0290868
v -1.70539057 -2.86922693 0.02900988
v -1.69994485 -2.86898279 0.02770707
v -1.69481384 -2.86881446 0.02523135
v -1.6901983 -2.86872458 0.02169268
v -1.6862601 -2.86871671 0.01722812
v -1.6831609 -2.86879324 0.01201124
v -1.6810019 -2.86894917 0.00624373
v -1.67986404 -2.86917448 0.00013731
v -1.67300283 -2.97198534 -0.00169986
v -1.67395699 -2.97234177 -0.00779025
v -1.67594635 -2.97273945 -0.0135468
v -1.67889761 -2.97317338 -0.01874956
v -1.68269884 -2.97361803 -0.02320908
v -1.68721079 -2.97406745 -0.0267546
v -1.69226539 -2.97450089 -0.02924841
v -1.6976633 -2.97490072 -0.03058882
v -1.70321416 -2.97524952 -0.03071695
v -1.70869517 -2.97553324 -0.02961811
v -1.71389889 -2.97574567 -0.0273234
v -1.71861875 -2.97586274 -0.02391525
v -1.72267234 -2.97589087 -0.01951479
v -1.72589623 -2.97582364 -0.01429321
v -1.72815918 -2.97565698 -0.00845288
v -1.72937071 -2.9754126 -0.00222281
v -1.7294898 -2.97508835 0.00415292
v -1.72850227 -2.97470617 0.01041332
v -1.72645366 -2.97427487 0.01631287
v -1.72341847 -2.97382712 0.02161379
v -1.719527 -2.97336888 0.02610915
v -1.71492993 -2.97290992 0.02962135
v -1.70980751 -2.97249364 0.03202081
v -1.70436573 -2.97212004 0.03321848
v -1.69880807 -2.97179651 0.03317626
v -1.69335377 -2.97154951 0.03190873
v -1.68821382 -2.97136783 0.02946873
v -1.68357539 -2.97127318 0.02596168
v -1.67961347 -2.97125816 0.02152911
v -1.67647635 -2.97132945 0.01633971
v -1.67428231 -2.97147345 0.01059357
v -1.67311251 -2.97169685 0.0045046
v -1.66610992 -3.0744996 0.00273394
v -1.66703105 -3.07484483 -0.0033545
v -1.668985 -3.0752356 -0.00911229
v -1.67190122 -3.07566714 -0.01432526
v -1.67567336 -3.07612276 -0.01879796
v -1.68016135 -3.07657122 -0.02236824
v -1.68519878 -3.07701182 -0.02488561
v -1.69058632 -3.07742333 -0.02625712
v -1.69613504 -3.07777714 -0.0264197
v -1.70162141 -3.07806778 -0.02535862
v -1.70683789 -3.07828116 -0.0230986
v -1.71157491 -3.07841062 -0.01972503
v -1.7156533 -3.07843875 -0.01535905
v -1.71890926 -3.07837605 -0.01016805
v -1.72121095 -3.07822203 -0.00434958
v -1.72246313 -3.07798075 0.00186634
v -1.72261917 -3.0776627 0.00822809
v -1.72167205 -3.07728314 0.01448554
v -1.71965682 -3.07685589 0.02038811
v -1.71665895 -3.07640504 0.02569953
v -1.71280098 -3.07593774 0.03021064
v -1.7082225 -3.07549047 0.03374683
v -1.70311904 -3.07506322 0.03617312
v -1.69768548 -3.07467484 0.03740086
v -1.69212997 -3.07435321 0.03739329
v -1.68666994 -3.07409882 0.03616105
v -1.68151438 -3.07390546 0.03375437
v -1.67685604 -3.073807 0.03028484
v -1.67286777 -3.0737791 0.02588168
v -1.66970157 -3.07384586 0.02071978
v -1.66747176 -3.07398796 0.01499706
v -1.66625821 -3.07420945 0.00892669
v -1.6591264 -3.17698788 0.00722184
v -1.66000473 -3.17733502 0.00113875
v -1.66192412 -3.17773532 -0.00461859
v -1.66480588 -3.17816162 -0.00984106
v -1.66855001 -3.17861294 -0.01433269
v -1.67301583 -3.1790626 -0.01792117
v -1.6780318 -3.17951345 -0.02046688
v -1.6834166 -3.1799221 -0.0218706
v -1.68895947 -3.1802864 -0.0220652
v -1.69445371 -3.18058729 -0.02103872
v -1.69968235 -3.18080759 -0.01881708
v -1.70443856 -3.18094182 -0.01547738
v -1.7085433 -3.18098139 -0.01114441
v -1.71182978 -3.18092799 -0.00598059
v -1.71416223 -3.18077826 -0.00018767
v -1.71545243 -3.18053913 0.00600843
v -1.71565079 -3.18022179 0.01235942
v -1.71474301 -3.17984795 0.01861214
v -1.71276772 -3.17942333 0.02451886
v -1.70980203 -3.17897009 0.0298392
v -1.70596826 -3.17850279 0.03436664
v -1.70141589 -3.17805099 0.03792488
v -1.6963272 -3.17761826 0.04037699
v -1.69090592 -3.17723226 0.04164079
v -1.68535137 -3.17689919 0.04166497
v -1.67988896 -3.17663121 0.04046596
v -1.67471981 -3.17643714 0.03809696
v -1.67004013 -3.17632556 0.03466115
v -1.66602325 -3.17630243 0.03029005
v -1.66282594 -3.1763494 0.02515555
v -1.66056275 -3.17648959 0.01945598
v -1.65931129 -3.17670512 0.01340367
v -1.65204715 -3.27946519 0.01176324
v -1.65288746 -3.27980971 0.00568836
v -1.65476703 -3.28020596 -0.0000721
v -1.65761876 -3.28063845 -0.00530274
v -1.66133368 -3.28109097 -0.00980719
v -1.66577374 -3.2815516 -0.0134183
v -1.67077338 -3.2819941 -0.01599353
v -1.67614746 -3.28241539 -0.01742537
v -1.68168807 -3.28278231 -0.01765462
v -1.68718719 -3.28309035 -0.0166616
v -1.69242906 -3.28331804 -0.01447739
v -1.69720351 -3.28346014 -0.01117304
v -1.70133173 -3.28350234 -0.00687348
v -1.70465183 -3.28346324 -0.00173914
v -1.70702183 -3.28331995 0.00403153
v -1.70834708 -3.28308534 0.01020747
v -1.7085843 -3.2827773 0.01654764
v -1.7077142 -3.28239822 0.02279436
v -1.70577704 -3.28197646 0.02870295
v -1.70284509 -3.2815237 0.0340339
v -1.69904136 -3.28105473 0.03857667
v -1.69451236 -3.2805984 0.04215731
v -1.68944442 -3.28016281 0.044638
v -1.68403053 -3.27976942 0.04592959
v -1.67847919 -3.27942419 0.04598769
v -1.67300963 -3.27915692 0.04482732
v -1.66782391 -3.27895736 0.04249272
v -1.66312468 -3.27883601 0.03908901
v -1.65908384 -3.27879858 0.03475089
v -1.65585672 -3.27885055 0.02964529
v -1.65355444 -3.27898359 0.02397059
v -1.65226984 -3.2791903 0.01793487
v -1.64486873 -3.38195657 0.0163658
v -1.64567387 -3.38229227 0.01029216
v -1.6475166 -3.38268733 0.00453154
v -1.65033638 -3.38311982 -0.00070608
v -1.6540234 -3.38357591 -0.00522774
v -1.65844309 -3.38403296 -0.00885895
v -1.66342139 -3.3844881 -0.01145767
v -1.66878461 -3.38490915 -0.0129218
v -1.67432391 -3.38528442 -0.01318412
v -1.67982542 -3.38560223 -0.01222836
v -1.68507611 -3.3858416 -0.01007798
v -1.68987274 -3.38598632 -0.00681002
v -1.69403076 -3.38604688 -0.00254284
v -1.69737911 -3.38600206 0.00256218
v -1.69977986 -3.38586783 0.00830428
v -1.70114433 -3.38563394 0.01446189
v -1.70142173 -3.38532924 0.02079101
v -1.70058977 -3.38495874 0.0270337
v -1.69869005 -3.38453173 0.03294196
v -1.69579315 -3.38408422 0.03828211
v -1.69201958 -3.38361263 0.04283997
v -1.68751204 -3.38314986 0.04644338
v -1.68246257 -3.38271117 0.04895032
v -1.67705309 -3.38231253 0.05027418
v -1.67150628 -3.38196897 0.05036797
v -1.66603064 -3.38168644 0.04923953
v -1.66083145 -3.38147544 0.04694108
v -1.65611624 -3.3813548 0.04357572
v -1.65204894 -3.38131141 0.03926705
v -1.64878904 -3.38134956 0.03419099
v -1.64645516 -3.38147258 0.02853935
v -1.64513194 -3.38168144 0.02252336
v -1.67313945 -3.38363885 0.0185991
v -1.64922523 -3.31987834 0.01357123
v -1.65005481 -3.32022619 0.00749936
v -1.65192318 -3.3206129 0.00173533
v -1.65475904 -3.32104492 -0.00349834
v -1.65845966 -3.3215003 -0.00800834
v -1.66289341 -3.32196164 -0.01162703
v -1.66788613 -3.32240629 -0.01421134
v -1.67325842 -3.32282662 -0.01565673
v -1.67879724 -3.32319927 -0.01589743
v -1.68429625 -3.32350945 -0.01492004
v -1.68953931 -3.32374811 -0.01274787
v -1.69432592 -3.32388758 -0.00945904
v -1.69846487 -3.32393312 -0.00517348
v -1.70179343 -3.32388949 -0.00005081
v -1.70417726 -3.32375049 0.00570817
v -1.70552349 -3.3235197 0.01187758
v -1.70577323 -3.32321357 0.01821353
v -1.70491874 -3.32283568 0.02446004
v -1.70299315 -3.32241916 0.03036739
v -1.70007622 -3.32195973 0.03570172
v -1.69628477 -3.32149386 0.04025105
v -1.69176411 -3.32103586 0.04384115
v -1.68670296 -3.32059598 0.04633102
v -1.68128931 -3.32020592 0.04763846
v -1.67574036 -3.3198595 0.04770965
v -1.67026662 -3.31958341 0.04656109
v -1.66507911 -3.31938147 0.04424064
v -1.66037464 -3.31926035 0.0408521
v -1.65632057 -3.31921553 0.03652427
v -1.65308272 -3.31926441 0.0314309
v -1.65076577 -3.31939435 0.02576457
v -1.64946568 -3.31959796 0.01973736
v -1.73318421 -2.00386095 -0.04103475
v -1.73451018 -2.00423312 -0.04715047
v -1.73685181 -2.00463676 -0.05286632
v -1.74012148 -2.00506138 -0.05796767
v -1.74419403 -2.00549221 -0.06226606
v -1.74892818 -2.00591087 -0.06559597
v -1.75413215 -2.00629663 -0.06783279
v -1.7596215 -2.00665092 -0.06887515
v -1.76518309 -2.00693678 -0.06868156
v -1.77060961 -2.00715446 -0.06724906
v -1.77567958 -2.00729107 -0.06462151
v -1.78019487 -2.00734019 -0.0608938
v -1.78398656 -2.00729847 -0.05620165
v -1.78690111 -2.00716376 -0.0507271
v -1.78881251 -2.00695061 -0.04467769
v -1.78964829 -2.00665402 -0.03830099
v -1.78938019 -2.00629591 -0.03184
v -1.78800988 -2.00589609 -0.0255572
v -1.78560245 -2.00545907 -0.01970464
v -1.78224182 -2.00501132 -0.01451501
v -1.77807152 -2.00456786 -0.01019345
v -1.77325236 -2.00415587 -0.00690426
v -1.76798057 -2.00378155 -0.00477043
v -1.76245749 -2.00345683 -0.00387439
v -1.7568959 -2.00320291 -0.00423548
v -1.75151443 -2.00301408 -0.00583365
v -1.7465142 -2.0029087 -0.00859833
v -1.74208474 -2.00288176 -0.01241276
v -1.73839104 -2.00293016 -0.01713188
v -1.73556792 -2.00306153 -0.02256595
v -1.73372125 -2.00326609 -0.02851104
v -1.73291599 -2.00353074 -0.03474501
v -1.61667239 -3.36839962 0.01347339
v -1.61829161 -3.36905098 0.00133984
v -1.62809264 -3.38142585 0.00504716
v -1.62678206 -3.38088774 0.01491327
v -1.62198305 -3.36981535 -0.01018533
v -1.63108885 -3.38205194 -0.00432572
v -1.62762188 -3.37067103 -0.02069634
v -1.63566875 -3.38274836 -0.01286282
v -1.63500893 -3.3715744 -0.02981227
v -1.6416676 -3.38348555 -0.02025177
v -1.6438812 -3.37251257 -0.03719477
v -1.64886522 -3.38424491 -0.02622033
v -1.65391135 -3.3734374 -0.04255031
v -1.65699982 -3.38499569 -0.03052804
v -1.66473937 -3.37432169 -0.04565513
v -1.66576993 -3.38569617 -0.03300218
v -1.67595148 -3.37510538 -0.0463592
v -1.6748445 -3.38632917 -0.03352299
v -1.68712174 -3.3757739 -0.04459272
v -1.68387556 -3.3868618 -0.03204595
v -1.69781875 -3.37628674 -0.04038248
v -1.69251608 -3.38726306 -0.0286006
v -1.70761799 -3.37660837 -0.03385983
v -1.70042443 -3.38752341 -0.0232965
v -1.71612775 -3.37673664 -0.02524454
v -1.70728325 -3.38762307 -0.01631949
v -1.72299647 -3.37665295 -0.01486233
v -1.71281695 -3.38755106 -0.00793622
v -1.72794282 -3.37636399 -0.00311761
v -1.71679735 -3.38732147 0.00153117
v -1.73074603 -3.3758738 0.00951706
v -1.71906614 -3.38693785 0.01170453
v -1.73130714 -3.37522339 0.02252336
v -1.71952056 -3.38642358 0.02216924
v -1.72959017 -3.3744359 0.03536022
v -1.71814501 -3.38579249 0.03249751
v -1.72566545 -3.37354564 0.04749202
v -1.71499586 -3.38509106 0.04226624
v -1.71970105 -3.37260341 0.05842001
v -1.71020352 -3.38433003 0.05107524
v -1.71194982 -3.37163972 0.06769751
v -1.70396316 -3.38354849 0.05857022
v -1.70272183 -3.37070417 0.07495907
v -1.69653689 -3.38279581 0.06446288
v -1.69240188 -3.3698287 0.07993768
v -1.68820989 -3.38208317 0.0685235
v -1.68139898 -3.36904764 0.08246316
v -1.67932558 -3.38143515 0.07061765
v -1.67014408 -3.36837458 0.0824688
v -1.67022299 -3.38088965 0.07068231
v -1.65907514 -3.36783981 0.0799975
v -1.66125881 -3.38043975 0.06874323
v -1.64860701 -3.36745381 0.07518239
v -1.65277242 -3.38012027 0.06490222
v -1.63913035 -3.36722111 0.06824322
v -1.64507448 -3.37992787 0.05932653
v -1.630988 -3.36714553 0.05946774
v -1.63845348 -3.37986207 0.05224577
v -1.62447702 -3.36723566 0.04920541
v -1.63315165 -3.37992668 0.04393688
v -1.61982166 -3.36747074 0.03783431
v -1.62935602 -3.38012719 0.03471542
v -1.61719131 -3.36786389 0.02578094
v -1.62720966 -3.38045072 0.02492361
v -1.62444114 -3.31843376 0.01148653
v -1.62598049 -3.31904578 0.00022258
v -1.6294384 -3.31976556 -0.01046872
v -1.63469982 -3.32055044 -0.02020966
v -1.64157712 -3.32139492 -0.02864387
v -1.64982235 -3.32226204 -0.03545517
v -1.65914082 -3.32311344 -0.04037888
v -1.66917741 -3.32391524 -0.0432074
v -1.67956471 -3.32463359 -0.04380424
v -1.68990266 -3.32524395 -0.04211023
v -1.69979405 -3.32570338 -0.03815847
v -1.70883786 -3.32599902 -0.03206669
v -1.71668469 -3.32610297 -0.0240558
v -1.72300314 -3.32601952 -0.01441876
v -1.72753834 -3.32574629 -0.00353266
v -1.7300992 -3.32529473 0.00816519
v -1.73057735 -3.32469248 0.020195
v -1.7289505 -3.32396292 0.03206097
v -1.72529196 -3.32314467 0.04327317
v -1.71974754 -3.32226991 0.05336642
v -1.71255755 -3.32138395 0.06193681
v -1.70400428 -3.32051873 0.06864655
v -1.69444179 -3.31971025 0.07324321
v -1.68425226 -3.31898379 0.07557329
v -1.67382991 -3.31836986 0.07557252
v -1.66358149 -3.3178761 0.07327512
v -1.65389239 -3.31752491 0.0688043
v -1.64512431 -3.31731391 0.06236231
v -1.63759613 -3.31724762 0.05421052
v -1.63158285 -3.3173325 0.04467688
v -1.62729561 -3.31756687 0.03411798
v -1.62488949 -3.31793475 0.02292051
v -1.61988043 -3.32277441 0.0113387
v -1.62153184 -3.32343626 -0.00079777
v -1.62525451 -3.32420563 -0.01232281
v -1.63092303 -3.3250525 -0.02282904
v -1.63833487 -3.32596063 -0.03193142
v -1.64722573 -3.32689309 -0.03929572
v -1.65727543 -3.32781672 -0.04462539
v -1.66811049 -3.32868623 -0.04770555
v -1.67932534 -3.32947373 -0.04837629
v -1.69049251 -3.33013558 -0.04657849
v -1.70117771 -3.33063888 -0.04233636
v -1.71096408 -3.33096122 -0.03577954
v -1.71945416 -3.33107471 -0.02713503
v -1.7262907 -3.33098411 -0.01672815
v -1.73120355 -3.33068633 -0.00495717
v -1.73397851 -3.33020305 0.00769601
v -1.73450064 -3.32954239 0.02071066
v -1.73274755 -3.32874846 0.03355237
v -1.72878766 -3.32785964 0.04568291
v -1.72279489 -3.32691979 0.05660315
v -1.71501398 -3.32596159 0.06586521
v -1.70576596 -3.32502794 0.07310877
v -1.69543325 -3.32415056 0.07805996
v -1.6844201 -3.32337212 0.08055806
v -1.67316591 -3.32271242 0.08053211
v -1.66210126 -3.32218432 0.07803135
v -1.65164506 -3.32180285 0.07318352
v -1.64218425 -3.32157897 0.06621279
v -1.63407051 -3.32150936 0.05740815
v -1.62758255 -3.3216052 0.0471201
v -1.62295973 -3.32184767 0.03573123
v -1.62036263 -3.32224488 0.02366058
v -1.70460808 -1.99802696 -0.045976
v -1.70726645 -1.99874591 -0.05820218
v -1.71102106 -2.00347685 -0.05643978
v -1.70855605 -2.00280237 -0.04509582
v -1.71194148 -1.99953544 -0.06964472
v -1.71535909 -2.00421428 -0.06705416
v -1.71848189 -2.00037765 -0.07989365
v -1.72142159 -2.00499486 -0.07655527
v -1.72664475 -2.00123763 -0.08857716
v -1.72899091 -2.00579118 -0.08460228
v -1.73614633 -2.0020864 -0.09536892
v -1.73779726 -2.00657153 -0.09089095
v -1.74663293 -2.0028913 -0.09999768
v -1.74751818 -2.00731968 -0.09516319
v -1.75772416 -2.00362062 -0.10226333
v -1.75778985 -2.00799155 -0.09724406
v -1.76899814 -2.00423312 -0.10204543
v -1.76822841 -2.0085628 -0.09701846
v -1.78002595 -2.00470519 -0.09931444
v -1.7784363 -2.00899696 -0.09446821
v -1.79036533 -2.00501823 -0.09412936
v -1.7880063 -2.00927543 -0.08965347
v -1.79961955 -2.00513505 -0.08666428
v -1.79656219 -2.0093851 -0.08272982
v -1.80740141 -2.00506472 -0.07717939
v -1.80375719 -2.00931239 -0.07394675
v -1.81339192 -2.00478887 -0.06603705
v -1.80929291 -2.00906109 -0.06363608
v -1.81733667 -2.00433301 -0.05367056
v -1.81293952 -2.00864434 -0.05220148
v -1.81906878 -2.0037136 -0.04058153
v -1.81454503 -2.00807237 -0.04010483
v -1.81851697 -2.00295805 -0.02730769
v -1.81403589 -2.00737905 -0.02783663
v -1.81570291 -2.00210356 -0.01440069
v -1.8114351 -2.00659322 -0.01591101
v -1.81073248 -2.00119376 -0.00239392
v -1.80685114 -2.00575375 -0.00481215
v -1.80382835 -2.00026345 0.0082131
v -1.80047094 -2.00489592 0.0050003
v -1.79526996 -1.99936556 0.01699921
v -1.79256188 -2.0040636 0.01313345
v -1.78540861 -1.99852562 0.02361706
v -1.78344345 -2.00328707 0.0192716
v -1.77465057 -1.9977771 0.02782598
v -1.77349638 -2.00259113 0.02318673
v -1.76342356 -1.99714767 0.02948891
v -1.76310193 -2.00200486 0.02474724
v -1.75215721 -1.9966613 0.02857631
v -1.7526741 -2.00154709 0.02392808
v -1.74129462 -1.9963181 0.02516251
v -1.74260711 -2.00122571 0.0207931
v -1.7312386 -1.99612796 0.01941457
v -1.73328387 -2.00104403 0.01549354
v -1.72235465 -1.99609744 0.01158845
v -1.72504413 -2.00101137 0.00826193
v -1.71496677 -1.99621558 0.00200366
v -1.71818673 -2.00111985 -0.0006086
v -1.70933544 -1.99648153 -0.00896723
v -1.71295797 -2.00136447 -0.01077061
v -1.70566117 -1.99687385 -0.02091513
v -1.70954418 -2.00173401 -0.0218459
v -1.70406806 -1.99739491 -0.03339917
v -1.70806014 -2.00222134 -0.03342419
v -1.71809721 -1.9453876 -0.04634018
v -1.72031009 -1.94598579 -0.05637362
v -1.7241863 -1.94664561 -0.06575252
v -1.72957789 -1.94733524 -0.0741376
v -1.73629927 -1.94803941 -0.08121961
v -1.74409997 -1.94873237 -0.08673067
v -1.75269985 -1.94937884 -0.09045733
v -1.76177072 -1.94995725 -0.09223547
v -1.77097749 -1.95044541 -0.09197752
v -1.77996337 -1.95081567 -0.08966508
v -1.78837466 -1.95105516 -0.08535845
v -1.79588437 -1.95113563 -0.07920768
v -1.80218243 -1.95106804 -0.07142736
v -1.80701303 -1.95084095 -0.06232134
v -1.81018281 -1.95046877 -0.0522392
v -1.81155121 -1.94996368 -0.04158765
v -1.8110634 -1.94935524 -0.03079622
v -1.8087399 -1.94866669 -0.0203092
v -1.80467391 -1.94793093 -0.01055585
v -1.79903376 -1.94717872 -0.00193291
v -1.79205083 -1.94644773 0.00521486
v -1.78400838 -1.94576859 0.01061386
v -1.77522945 -1.94515824 0.01405791
v -1.76606464 -1.94464147 0.01543176
v -1.75686717 -1.94423639 0.01470974
v -1.74799358 -1.94395637 0.01194393
v -1.73977255 -1.94379913 0.00726388
v -1.73251402 -1.94377088 0.00087266
v -1.72647881 -1.94387519 -0.00696966
v -1.72188413 -1.94408822 -0.0159638
v -1.71889603 -1.94442808 -0.02576368
v -1.71761798 -1.94486498 -0.0360125
v -1.70700275 -1.95634758 -0.04764767
v -1.7096939 -1.9570738 -0.05987349
v -1.71440148 -1.95786798 -0.07130926
v -1.72096812 -1.95870375 -0.08155135
v -1.72915625 -1.9595617 -0.09021918
v -1.73867476 -1.96040844 -0.09698973
v -1.74917805 -1.96120762 -0.10159799
v -1.76027321 -1.9619286 -0.10383904
v -1.77154743 -1.96254181 -0.10359109
v -1.78256821 -1.96301221 -0.10082981
v -1.79290008 -1.96331048 -0.09561849
v -1.80213189 -1.96342277 -0.08812654
v -1.80989277 -1.96333968 -0.07861812
v -1.81585383 -1.96306574 -0.0674524
v -1.81976902 -1.96260786 -0.05506757
v -1.82146775 -1.96198082 -0.0419672
v -1.82087719 -1.96122396 -0.02868771
v -1.81802904 -1.96036529 -0.01578119
v -1.81302905 -1.95945739 -0.0037831
v -1.80609262 -1.95853304 0.00681618
v -1.79750847 -1.95762932 0.01558417
v -1.78762972 -1.95679247 0.0221812
v -1.77685725 -1.9560548 0.02636783
v -1.76562488 -1.95542955 0.02800357
v -1.7543627 -1.95494139 0.02706018
v -1.7435069 -1.95460569 0.0236178
v -1.73346304 -1.95442819 0.017846
v -1.72459888 -1.95440053 0.00999404
v -1.71724033 -1.95452463 0.00038627
v -1.71163559 -1.95479285 -0.01060666
v -1.70798718 -1.95519197 -0.02256835
v -1.70642817 -1.95572245 -0.03506089
v -1.42761969 -3.32941913 0.65722078
v -1.49625134 -3.33953261 0.52718251
v -1.55588996 -3.35036587 0.39062377
v -1.60602974 -3.36176753 0.24822062
v -1.64621889 -3.37359404 0.10072597
v -1.45732498 -1.89641153 0.55516517
v -1.53704488 -1.90628731 0.42928928
v -1.60796785 -1.91705286 0.29597249
v -1.66951441 -1.92857182 0.15583969
v -1.72116339 -1.94067788 0.00960068
v -1.64374303 -2.55189156 0.19540542
v -1.69035005 -2.5639019 0.04845159
v -1.44430732 -2.61938118 0.6065309
v -1.51841318 -2.62940502 0.47838965
v -1.63935232 -2.65171361 0.20182196
v -1.68515873 -2.66370749 0.05477947
v -1.44634699 -2.51956796 0.59942984
v -1.52122592 -2.52957582 0.47157937
v -1.58720231 -2.5403974 0.33668837
v -1.58360576 -2.64022851 0.34326794
v -1.42935061 -3.2626295 0.65243703
v -1.49849879 -3.2727344 0.5225619
v -1.55865311 -3.283571 0.38612419
v -1.60931682 -3.29498267 0.243797
v -1.65002858 -3.30682969 0.09633208
v -1.60290253 -2.07753634 0.30639842
v -1.66315591 -2.08905124 0.16594635
v -1.71349763 -2.10114073 0.0194989
v -1.45478618 -2.05684137 0.5665552
v -1.40491521 -2.62102866 0.57902646
v -1.47724175 -2.63043832 0.45352625
v -1.4801774 -2.53065466 0.44652357
v -1.40708732 -2.52126216 0.5717495
v -1.5445559 -2.54084706 0.31448704
v -1.56076324 -2.07820534 0.28324407
v -1.45424997 -3.34023356 0.50372713
v -1.4565711 -3.27346611 0.49897113
v -1.38910627 -3.26399159 0.62609279
v -1.38728702 -3.33075189 0.63099992
v -1.51241397 -3.3504219 0.37014645
v -1.5152446 -3.28365469 0.36550208
v -1.56129896 -3.36116337 0.23091334
v -1.56464362 -3.29441499 0.22633872
v -1.59522438 -2.65146255 0.1829015
v -1.63988626 -2.66279888 0.03911933
v -1.64515101 -2.56304121 0.03255637
v -1.59970736 -2.55168938 0.17626187
v -1.60047566 -3.37232255 0.08675941
v -1.6043272 -3.30558466 0.08220481
v -1.61955153 -2.08908295 0.14578449
v -1.66864752 -2.10050845 0.00252116
v -1.54085433 -2.6406269 0.32127609
v -1.41617536 -2.05873799 0.5380882
v -1.56601214 -1.9178003 0.27249243
v -1.49678432 -1.90765368 0.40306174
v -1.62606811 -1.92867314 0.13532792
v -1.6764431 -1.94013047 -0.00774846
v -1.41894352 -1.89838159 0.52643096
v -1.67923915 -3.31837511 -0.04842061
v -1.71920704 -2.67546892 -0.09000713
v -1.69376683 -2.66679763 0.01593312
v -1.64924526 -2.66560912 0.00336726
v -1.61247742 -3.30835676 0.0464392
v -1.65740501 -3.30988287 0.05716953
v -1.7112267 -2.67207026 -0.04745676
v -1.67213821 -3.31503105 -0.00607207
v -1.77988553 -2.6685841 0.04685527
v -1.74428975 -3.31226491 0.08542536
v -1.75453937 -3.31855535 0.00740754
v -1.7927345 -2.67501545 -0.03130971
v -1.77197253 -2.67719745 -0.07545067
v -1.73237991 -3.32048249 -0.03570732
v -1.73653399 -2.6646893 0.07296193
v -1.70190787 -3.30817079 0.11275069
v -1.74647569 -2.67321109 -0.03859697
v -1.7559787 -2.67668318 -0.07990583
v -1.71626901 -3.31984424 -0.03960236
v -1.70804321 -3.31643104 0.00166952
v -1.75542283 -3.31679773 0.03187511
v -1.79281067 -2.67318344 -0.00665589
v -1.75763857 -2.67225408 -0.01764339
v -1.71995973 -3.31560683 0.02211999
v -1.72116744 -2.66440367 0.06747829
v -1.73137128 -2.66768884 0.02798186
v -1.69526922 -3.31102037 0.06818181
v -1.68639028 -3.30777955 0.10779644
v -1.74803102 -3.31373167 0.06814581
v -1.78420603 -2.67006731 0.0295946
v -1.74939596 -2.66883254 0.02386188
v -1.71310257 -3.31226229 0.06358747
v -1.64689362 -3.31520247 -0.02850714
v -1.68617677 -2.67244648 -0.07100724
v -1.69464314 -2.67019939 -0.03237226
v -1.66301024 -2.66934967 -0.04251522
v -1.62469971 -3.31204295 0.0004878
v -1.65592694 -3.31309747 0.00931892
v -1.68369174 -2.66735363 0.00117917
v -1.65208828 -2.6663587 -0.00580884
v -1.61501133 -3.30909156 0.03724439
v -1.64699506 -3.3103621 0.04248998
v -1.39192402 -3.15804243 0.6183108
v -1.43203461 -3.15663147 0.64485311
v -1.51967048 -3.17770481 0.35815507
v -1.56297659 -3.17756009 0.37900355
v -1.56988346 -3.18848252 0.21910296
v -1.61446869 -3.18899869 0.23680698
v -1.61037838 -3.19968128 0.07500762
v -1.65601372 -3.20086216 0.08938933
v -1.61872732 -3.2024548 0.03924058
v -1.75035667 -3.20620489 0.07897222
v -1.75419378 -3.20767808 0.06169613
v -1.70781242 -3.20215344 0.10610362
v -1.66358983 -3.20392775 0.05027604
v -1.70141804 -3.20502495 0.06146166
v -1.69231903 -3.20177435 0.10106078
v -1.76102852 -3.21252417 0.00092176
v -1.73909986 -3.21449327 -0.04236861
v -1.68601346 -3.21245312 -0.0553852
v -1.7230072 -3.21387648 -0.04635521
v -1.71457076 -3.21045231 -0.00507138
v -1.72636568 -3.20960378 0.01546512
v -1.76178371 -3.2107501 0.02542477
v -1.71928298 -3.2062509 0.05694227
v -1.65355181 -3.20929765 -0.03562264
v -1.6787678 -3.20909929 -0.01300038
v -1.63120102 -3.20615553 -0.00670592
v -1.66249799 -3.20717501 0.00233846
v -1.62130844 -3.20319747 0.03004764
v -1.6532365 -3.20441985 0.03558023
v -1.44310689 -3.16494774 0.52537477
v -1.45884478 -3.20711016 0.49425339
v -1.44726133 -3.19368934 0.51748037
v -1.47666597 -3.17012047 0.45706278
v -1.47091531 -3.19734859 0.46915578
v -1.46151781 -3.12791538 0.48862996
v -1.44907212 -3.13770151 0.51348429
v -1.47288274 -3.14135408 0.46519982
v -1.4917742 -2.10765647 0.41697049
v -1.51148605 -2.07063269 0.3805125
v -1.50531423 -2.09788703 0.39237046
v -1.47350096 -2.06551337 0.4474278
v -1.47853517 -2.0942626 0.43971708
v -1.49379599 -2.02842402 0.41145595
v -1.50682556 -2.0418539 0.38849866
v -1.4798814 -2.03823471 0.43578544
v -1.50025939 -3.21965861 0.51889693
v -1.48356652 -3.19916677 0.55205005
v -1.47846174 -3.16309595 0.56146943
v -1.52442157 -3.17045235 0.46820446
v -1.51751148 -3.20462203 0.48283577
v -1.48954498 -3.12362408 0.53969323
v -1.50370681 -3.11380004 0.51159495
v -1.51671612 -3.12795424 0.48486492
v -1.47797429 -3.1930387 0.53538572
v -1.48979091 -3.20654892 0.51175332
v -1.47370088 -3.16425442 0.5434792
v -1.5020684 -3.1968708 0.48627704
v -1.50788104 -3.16967129 0.47406426
v -1.50398683 -3.14085769 0.48240587
v -1.4923954 -3.12732791 0.50624698
v -1.47973704 -3.1370294 0.53147
v -1.5587095 -2.07044196 0.39406213
v -1.54754126 -2.10978937 0.41544851
v -1.53196466 -2.1197071 0.44373223
v -1.51659679 -2.10543775 0.47005307
v -1.50672125 -2.06316494 0.48532438
v -1.5345323 -2.01378679 0.43655845
v -1.55218219 -2.03153705 0.40542849
v -1.51562178 -2.02644324 0.46930122
v -1.50823891 -2.09323525 0.45916694
v -1.52173626 -2.1067245 0.43604922
v -1.50307762 -2.06444382 0.46706575
v -1.53550314 -2.09702873 0.41109022
v -1.54174506 -2.06980443 0.39911931
v -1.5095371 -2.03718686 0.45531505
v -1.52368283 -2.02746152 0.43063873
v -1.53696191 -2.04097747 0.40729644
v -1.49480974 -2.09900474 0.45946523
v -1.50235259 -2.11071014 0.44685208
v -1.50950276 -2.09649372 0.46645546
v -1.5175811 -2.1068871 0.4552181
v -1.52090156 -2.09213471 0.46853825
v -1.53001785 -2.09712886 0.4611026
v -1.52238404 -2.08007526 0.47369685
v -1.53716695 -2.08207607 0.4660862
v -1.52336895 -2.06259203 0.47551849
v -1.53971481 -2.06337189 0.46754062
v -1.50689029 -2.04406619 0.47154554
v -1.52315318 -2.04552412 0.47134453
v -1.50561165 -2.06233501 0.47626689
v -1.51101148 -2.03001761 0.46188703
v -1.5222119 -2.03429889 0.46459522
v -1.53801298 -2.04501628 0.46358528
v -1.55267405 -2.06463646 0.4526264
v -1.54997754 -2.04512453 0.44925096
v -1.55547082 -2.08467388 0.43392628
v -1.54904532 -2.08435869 0.4518775
v -1.55916035 -2.0661292 0.43346372
v -1.55638515 -2.04760789 0.43145182
v -1.53155481 -2.0306437 0.45659557
v -1.54192531 -2.02960681 0.44269892
v -1.51958143 -2.02152228 0.44938287
v -1.52969336 -2.01935124 0.43386116
v -1.54863774 -2.03304028 0.42675772
v -1.53779554 -2.0240488 0.41757866
v -1.51428377 -2.0158658 0.42356804
v -1.52367055 -2.02117824 0.40707349
v -1.50455141 -2.01856756 0.44049188
v -1.49644064 -2.02819657 0.45455509
v -1.49073004 -2.04330277 0.46460709
v -1.48827719 -2.06264734 0.46931982
v -1.50606918 -2.08112192 0.47409889
v -1.48984718 -2.082515 0.4673343
v -1.540228 -2.10044241 0.44746834
v -1.52744841 -2.11151504 0.44012436
v -1.51179456 -2.11600804 0.43044468
v -1.53562736 -2.10941243 0.42334908
v -1.5212866 -2.1133213 0.41336229
v -1.52903437 -2.1037302 0.39901074
v -1.53445899 -2.0886569 0.38869881
v -1.54189884 -2.10101509 0.40931436
v -1.54775798 -2.08692908 0.4007138
v -1.54698479 -2.09952616 0.43121933
v -1.54925203 -2.09611725 0.41860243
v -1.55508041 -2.08468055 0.41620904
v -1.55830001 -2.06750845 0.41424313
v -1.55073034 -2.06861805 0.39703759
v -1.5309273 -2.03291225 0.39419531
v -1.53685987 -2.0693221 0.38389542
v -1.53552627 -2.04944253 0.38604003
v -1.54874646 -2.04987525 0.39822381
v -1.55596971 -2.05012798 0.41390499
v -1.55073785 -2.03828501 0.41472849
v -1.54363811 -2.03453755 0.40483328
v -1.52745986 -2.06795573 0.40121677
v -1.52399718 -2.08815765 0.4079253
v -1.52028095 -2.09949159 0.41489383
v -1.5147438 -2.10305166 0.42489367
v -1.50823915 -2.10030984 0.43631994
v -1.50201284 -2.09313798 0.44695925
v -1.49747383 -2.08249139 0.45444244
v -1.4955157 -2.06918239 0.45737162
v -1.49631846 -2.05504965 0.45558533
v -1.49949538 -2.04250907 0.44981885
v -1.50462055 -2.03374648 0.44080737
v -1.51863372 -2.0422461 0.41654586
v -1.51407635 -2.02999115 0.42429772
v -1.51113987 -2.04635858 0.42985588
v -1.50447762 -2.04966521 0.44150507
v -1.50110828 -2.05537724 0.44744375
v -1.50023889 -2.06416773 0.44918885
v -1.50116479 -2.07408905 0.44788849
v -1.50370872 -2.08270645 0.44374635
v -1.50783014 -2.08864069 0.43673738
v -1.51283192 -2.09201049 0.42802625
v -1.51726675 -2.09243488 0.42015153
v -1.51990366 -2.08788585 0.41531696
v -1.51992046 -2.07563042 0.41502091
v -1.51604819 -2.06178832 0.42160391
v -1.50831604 -2.06137609 0.43517437
v -1.50371742 -2.06100511 0.44312328
v -1.50415229 -2.06838297 0.44258129
v -1.50677287 -2.06675195 0.43800336
v -1.50564074 -2.07545256 0.44020286
v -1.50710821 -2.07122302 0.4375365
v -1.50811433 -2.08067226 0.43603041
v -1.50867223 -2.07503652 0.43491438
v -1.51160526 -2.08347749 0.4299817
v -1.51097512 -2.0775063 0.43094304
v -1.51549398 -2.08492946 0.4231365
v -1.51803147 -2.08486628 0.41861191
v -1.5139805 -2.07838797 0.42566457
v -1.51595318 -2.07845592 0.42217224
v -1.51433765 -2.07124495 0.42485934
v -1.50933539 -2.0722084 0.43368247
v -1.51133847 -2.07738018 0.43029987
v -1.46405792 -3.20007443 0.53737086
v -1.47063136 -3.21178221 0.52447581
v -1.47910976 -3.19773531 0.54361575
v -1.48631537 -3.20814895 0.53206008
v -1.49061238 -3.19349145 0.54513418
v -1.49915242 -3.19854402 0.53730446
v -1.49255454 -3.18148303 0.55019015
v -1.50674593 -3.18358659 0.54190504
v -1.49386251 -3.16402339 0.55194699
v -1.50960445 -3.16493105 0.54322457
v -1.47749161 -3.14534258 0.54878783
v -1.49360787 -3.14695048 0.54780215
v -1.47627759 -3.16360545 0.55354833
v -1.48117029 -3.13129639 0.53897756
v -1.49240505 -3.13569688 0.54113185
v -1.50789809 -3.1465528 0.5393663
v -1.52154719 -3.16624665 0.52775895
v -1.51890981 -3.14671158 0.52453059
v -1.52293705 -3.18620824 0.50904333
v -1.5176531 -3.18591904 0.52720421
v -1.52681171 -3.16771936 0.5083965
v -1.52416408 -3.14917588 0.50652432
v -1.50124156 -3.1320939 0.53272342
v -1.5107057 -3.1310935 0.51839989
v -1.48902368 -3.1228373 0.52612942
v -1.49814808 -3.12069034 0.51020622
v -1.51636767 -3.13451528 0.50222975
v -1.50514531 -3.12538695 0.49363032
v -1.48225593 -3.11700654 0.50071388
v -1.4905101 -3.12233495 0.48387038
v -1.47358965 -3.11969256 0.51800501
v -1.4662745 -3.1292994 0.53237962
v -1.4610269 -3.14438748 0.54265624
v -1.4586327 -3.1637218 0.54746574
v -1.47636234 -3.18236398 0.55137455
v -1.45982217 -3.18357777 0.5454263
v -1.50841987 -3.20188736 0.52325433
v -1.49514353 -3.21279835 0.51658076
v -1.47894406 -3.21709227 0.50771725
v -1.5022763 -3.21070051 0.49951756
v -1.48737204 -3.21441984 0.49029228
v -1.49432098 -3.20484161 0.47565707
v -1.49927187 -3.18978142 0.46514034
v -1.50775992 -3.20230102 0.48526358
v -1.51323866 -3.1882441 0.47642692
v -1.51415777 -3.20096135 0.50677633
v -1.5156914 -3.19752836 0.49413082
v -1.52147877 -3.1861391 0.49146384
v -1.52477347 -3.16899704 0.4893378
v -1.51619553 -3.16995358 0.47262132
v -1.496791 -3.13407349 0.47073859
v -1.50160718 -3.1704626 0.46024486
v -1.50066137 -3.15059065 0.46242329
v -1.51453054 -3.15121531 0.47388568
v -1.52265632 -3.15160441 0.48910874
v -1.51765227 -3.13972258 0.49017584
v -1.5100466 -3.13586378 0.48069006
v -1.49333393 -3.16909027 0.47790157
v -1.49005043 -3.18927359 0.48474302
v -1.48663651 -3.20059323 0.49185231
v -1.48170006 -3.20414495 0.50205719
v -1.47596693 -3.20139551 0.51372015
v -1.47052454 -3.1942172 0.52459126
v -1.46660375 -3.18356871 0.53224158
v -1.46501076 -3.17026615 0.53524106
v -1.46587729 -3.1561346 0.5334205
v -1.46884048 -3.14361 0.52752977
v -1.47348535 -3.13486599 0.51832282
v -1.48581922 -3.1433773 0.49353992
v -1.48191499 -3.13112998 0.50145578
v -1.47913456 -3.14748072 0.50712817
v -1.47318387 -3.15077304 0.51903021
v -1.47013258 -3.1564753 0.52509868
v -1.46926081 -3.16526436 0.52687972
v -1.4699738 -3.17517709 0.52554768
v -1.47214269 -3.18379449 0.52130955
v -1.47573423 -3.18973326 0.51414942
v -1.48013043 -3.19311165 0.50525665
v -1.48404765 -3.19353532 0.49721398
v -1.48643493 -3.18899726 0.49228364
v -1.48658502 -3.17675185 0.49198287
v -1.48331093 -3.1629064 0.4986979
v -1.47646534 -3.16248416 0.51255863
v -1.47238993 -3.16211152 0.52068251
v -1.47269332 -3.16947937 0.52012378
v -1.47503721 -3.16785883 0.51544958
v -1.4739356 -3.17654871 0.51769036
v -1.47528708 -3.17232251 0.51496863
v -1.47607386 -3.18177247 0.51342815
v -1.47662878 -3.17614007 0.51228863
v -1.47913515 -3.18457555 0.50725114
v -1.47864425 -3.17861056 0.50823384
v -1.4825654 -3.18603563 0.50026387
v -1.48480844 -3.18597865 0.49564722
v -1.48129975 -3.17949628 0.50284493
v -1.48303914 -3.17956972 0.49928036
v -1.48169469 -3.1723535 0.50202143
v -1.47724747 -3.17331647 0.51103264
v -1.47896671 -3.17848229 0.50757533
g Group12710
f 100 99 98 97
f 17 20 100 97
f 18 17 97 98
f 20 17 18 19
f 102 101 98 99
f 10 18 98 101
f 9 19 18 10
f 104 103 99 100
f 20 22 104 100
f 22 20 19 21
f 105 102 99 103
f 11 21 19 9
f 107 106 103 104
f 22 24 107 104
f 24 22 21 23
f 108 105 103 106
f 12 23 21 11
f 112 111 110 109
f 25 28 112 109
f 28 27 111 112
f 28 25 26 27
f 114 113 110 111
f 27 13 114 111
f 13 27 26 14
f 109 110 116 115
f 29 25 109 115
f 25 29 30 26
f 113 117 116 110
f 14 26 30 15
f 115 116 119 118
f 31 29 115 118
f 29 31 32 30
f 117 120 119 116
f 15 30 32 16
f 118 119 106 107
f 24 31 118 107
f 31 24 23 32
f 120 108 106 119
f 16 32 23 12
f 124 123 122 121
f 36 64 121 122
f 63 64 36 34
f 102 124 121 101
f 64 10 101 121
f 9 10 64 63
f 128 127 126 125
f 60 62 33 35
f 108 128 125 105
f 12 11 62 60
f 125 126 123 124
f 62 63 34 33
f 105 125 124 102
f 11 9 63 62
f 132 131 130 129
f 58 61 38 37
f 135 134 133 131
f 40 41 134 135
f 40 37 42 41
f 134 137 136 133
f 41 43 137 134
f 41 42 44 43
f 140 139 138 127
f 39 35 46 45
f 139 142 141 138
f 45 46 48 47
f 130 143 139 140
f 38 39 45 49
f 143 144 142 139
f 49 45 47 50
f 131 133 143 130
f 37 38 49 42
f 133 136 144 143
f 42 49 50 44
f 126 146 145 123
f 33 34 52 51
f 146 148 147 145
f 51 52 54 53
f 127 138 146 126
f 35 33 51 46
f 138 141 148 146
f 46 51 53 48
f 123 145 149 122
f 55 36 122 149
f 34 36 55 52
f 145 147 150 149
f 56 55 149 150
f 52 55 56 54
f 114 151 132 113
f 13 57 151 114
f 13 14 58 57
f 151 135 131 132
f 57 40 135 151
f 57 58 37 40
f 120 152 128 108
f 16 12 60 59
f 152 140 127 128
f 59 60 35 39
f 117 129 152 120
f 15 16 59 61
f 129 130 140 152
f 61 59 39 38
f 113 132 129 117
f 14 15 61 58
f 156 155 154 153
f 66 2 153 154
f 1 2 66 65
f 155 158 157 154
f 68 66 154 157
f 67 68 157 158
f 65 66 68 67
f 160 159 155 156
f 3 1 65 69
f 159 161 158 155
f 70 67 158 161
f 69 65 67 70
f 163 162 159 160
f 4 3 69 71
f 162 164 161 159
f 72 70 161 164
f 71 69 70 72
f 168 167 166 165
f 5 73 167 168
f 5 6 74 73
f 167 170 169 166
f 75 76 169 170
f 73 75 170 167
f 73 74 76 75
f 165 166 172 171
f 6 7 77 74
f 166 169 173 172
f 76 78 173 169
f 74 77 78 76
f 171 172 175 174
f 7 8 79 77
f 172 173 176 175
f 78 80 176 173
f 77 79 80 78
f 174 175 162 163
f 8 4 71 79
f 175 176 164 162
f 80 72 164 176
f 79 71 72 80
f 137 178 177 136
f 43 81 178 137
f 43 44 82 81
f 178 180 179 177
f 81 83 180 178
f 81 82 84 83
f 180 168 165 179
f 83 5 168 180
f 83 84 6 5
f 142 182 181 141
f 47 48 86 85
f 182 184 183 181
f 85 86 88 87
f 184 174 163 183
f 87 88 4 8
f 144 185 182 142
f 50 47 85 89
f 185 186 184 182
f 89 85 87 90
f 186 171 174 184
f 90 87 8 7
f 136 177 185 144
f 44 50 89 82
f 177 179 186 185
f 82 89 90 84
f 179 165 171 186
f 84 90 7 6
f 148 188 187 147
f 53 54 92 91
f 188 190 189 187
f 91 92 94 93
f 190 160 156 189
f 93 94 1 3
f 141 181 188 148
f 48 53 91 86
f 181 183 190 188
f 86 91 93 88
f 183 163 160 190
f 88 93 3 4
f 147 187 191 150
f 95 56 150 191
f 54 56 95 92
f 187 189 192 191
f 96 95 191 192
f 92 95 96 94
f 189 156 153 192
f 2 96 192 153
f 94 96 2 1
g Group48202
f 292 289 290 291
f 209 289 292 212
f 210 290 289 209
f 212 211 210 209
f 294 291 290 293
f 202 293 290 210
f 201 202 210 211
f 296 292 291 295
f 212 292 296 214
f 214 213 211 212
f 297 295 291 294
f 203 201 211 213
f 299 296 295 298
f 214 296 299 216
f 216 215 213 214
f 300 298 295 297
f 204 203 213 215
f 304 301 302 303
f 217 301 304 220
f 220 304 303 219
f 220 219 218 217
f 306 303 302 305
f 219 303 306 205
f 205 206 218 219
f 301 307 308 302
f 221 307 301 217
f 217 218 222 221
f 305 302 308 309
f 206 207 222 218
f 307 310 311 308
f 223 310 307 221
f 221 222 224 223
f 309 308 311 312
f 207 208 224 222
f 310 299 298 311
f 216 299 310 223
f 223 224 215 216
f 312 311 298 300
f 208 204 215 224
f 316 313 314 315
f 228 314 313 256
f 255 226 228 256
f 294 293 313 316
f 256 313 293 202
f 201 255 256 202
f 320 317 318 319
f 252 227 225 254
f 300 297 317 320
f 204 252 254 203
f 317 316 315 318
f 254 225 226 255
f 297 294 316 317
f 203 254 255 201
f 324 321 322 323
f 250 229 230 253
f 327 323 325 326
f 232 327 326 233
f 232 233 234 229
f 326 325 328 329
f 233 326 329 235
f 233 235 236 234
f 332 319 330 331
f 231 237 238 227
f 331 330 333 334
f 237 239 240 238
f 322 332 331 335
f 230 241 237 231
f 335 331 334 336
f 241 242 239 237
f 323 322 335 325
f 229 234 241 230
f 325 335 336 328
f 234 236 242 241
f 318 315 337 338
f 225 243 244 226
f 338 337 339 340
f 243 245 246 244
f 319 318 338 330
f 227 238 243 225
f 330 338 340 333
f 238 240 245 243
f 315 314 341 337
f 247 341 314 228
f 226 244 247 228
f 337 341 342 339
f 248 342 341 247
f 244 246 248 247
f 306 305 324 343
f 205 306 343 249
f 205 249 250 206
f 343 324 323 327
f 249 343 327 232
f 249 232 229 250
f 312 300 320 344
f 208 251 252 204
f 344 320 319 332
f 251 231 227 252
f 309 312 344 321
f 207 253 251 208
f 321 344 332 322
f 253 230 231 251
f 305 309 321 324
f 206 250 253 207
f 348 345 346 347
f 258 346 345 194
f 193 257 258 194
f 347 346 349 350
f 260 349 346 258
f 259 350 349 260
f 257 259 260 258
f 352 348 347 351
f 195 261 257 193
f 351 347 350 353
f 262 353 350 259
f 261 262 259 257
f 355 352 351 354
f 196 263 261 195
f 354 351 353 356
f 264 356 353 262
f 263 264 262 261
f 360 357 358 359
f 197 360 359 265
f 197 265 266 198
f 359 358 361 362
f 267 362 361 268
f 265 359 362 267
f 265 267 268 266
f 357 363 364 358
f 198 266 269 199
f 358 364 365 361
f 268 361 365 270
f 266 268 270 269
f 363 366 367 364
f 199 269 271 200
f 364 367 368 365
f 270 365 368 272
f 269 270 272 271
f 366 355 354 367
f 200 271 263 196
f 367 354 356 368
f 272 368 356 264
f 271 272 264 263
f 329 328 369 370
f 235 329 370 273
f 235 273 274 236
f 370 369 371 372
f 273 370 372 275
f 273 275 276 274
f 372 371 357 360
f 275 372 360 197
f 275 197 198 276
f 334 333 373 374
f 239 277 278 240
f 374 373 375 376
f 277 279 280 278
f 376 375 355 366
f 279 200 196 280
f 336 334 374 377
f 242 281 277 239
f 377 374 376 378
f 281 282 279 277
f 378 376 366 363
f 282 199 200 279
f 328 336 377 369
f 236 274 281 242
f 369 377 378 371
f 274 276 282 281
f 371 378 363 357
f 276 198 199 282
f 340 339 379 380
f 245 283 284 246
f 380 379 381 382
f 283 285 286 284
f 382 381 348 352
f 285 195 193 286
f 333 340 380 373
f 240 278 283 245
f 373 380 382 375
f 278 280 285 283
f 375 382 352 355
f 280 196 195 285
f 339 342 383 379
f 287 383 342 248
f 246 284 287 248
f 379 383 384 381
f 288 384 383 287
f 284 286 288 287
f 381 384 345 348
f 194 345 384 288
f 286 193 194 288
g Group9938
f 385 415 416 390
f 390 416 410 395
f 395 410 419 394
f 394 419 421 393
f 393 421 423 392
f 392 423 425 391
f 402 403 385 390
f 403 409 386 385
f 409 408 391 386
f 408 407 392 391
f 407 406 393 392
f 406 405 394 393
f 405 404 395 394
f 404 402 390 395
f 386 387 396 385
f 386 391 397 387
f 425 438 397 391
f 398 411 440 396
f 387 388 398 396
f 397 399 388 387
f 398 448 449 411
f 388 455 448 398
f 399 454 455 388
f 399 397 438 447
f 400 454 453 444
f 415 385 396 440
f 414 413 416 415
f 413 417 410 416
f 419 410 417 418
f 418 420 421 419
f 420 422 423 421
f 422 424 425 423
f 426 413 414 427
f 427 414 429 428
f 428 429 424 430
f 430 424 422 431
f 431 422 420 432
f 432 420 418 433
f 433 418 417 434
f 434 417 413 426
f 429 414 436 435
f 429 435 437 424
f 425 424 437 438
f 439 436 440 411
f 435 436 439 441
f 437 435 441 442
f 439 411 449 450
f 441 439 450 451
f 442 441 451 452
f 442 447 438 437
f 443 444 453 452
f 415 440 436 414
f 404 405 433 434
f 405 406 432 433
f 406 407 431 432
f 407 408 430 431
f 408 409 428 430
f 409 403 427 428
f 403 402 426 427
f 402 404 434 426
f 401 412 449 448
f 455 389 401 448
f 400 389 455 454
f 399 447 453 454
f 412 445 450 449
f 445 446 451 450
f 446 443 452 451
f 447 442 452 453
f 457 458 459 456
f 461 462 463 460
f 464 465 461 460
f 457 465 464 458
f 466 467 459
f 458 466 459
f 468 460 463 469
f 470 464 460 468
f 466 458 464 470
f 466 471 472 467
f 468 469 474 473
f 475 470 468 473
f 471 466 470 475
f 477 456 459 476
f 479 478 463 462
f 480 478 479 481
f 477 476 480 481
f 467 482 459
f 476 459 482
f 483 469 463 478
f 484 483 478 480
f 482 484 480 476
f 482 467 472 485
f 483 486 474 469
f 487 486 483 484
f 485 487 484 482
f 479 462 488 481
f 477 481 488 456
f 461 465 488 462
f 488 465 457 456
f 443 446 487 485
f 446 445 486 487
f 445 412 474 486
f 412 401 473 474
f 401 389 475 473
f 389 400 471 475
f 400 444 472 471
f 444 443 485 472
f 492 491 490 493
f 494 492 493 495
f 496 494 495 497
f 498 496 497 499
f 500 498 499 501
f 502 500 501 503
f 504 502 503 505
f 491 504 505 490
f 507 506 491 492
f 508 507 492 494
f 509 508 494 496
f 510 509 496 498
f 511 510 498 500
f 512 511 500 502
f 513 512 502 504
f 506 513 504 491
f 507 623 622 506
f 508 624 623 507
f 509 625 624 508
f 510 626 625 509
f 510 511 627 626
f 511 512 628 627
f 512 513 629 628
f 513 506 622 629
f 523 522 525 524
f 524 525 527 526
f 526 527 529 528
f 528 529 531 530
f 532 535 534 533
f 534 535 537 536
f 539 538 522 523
f 541 540 543 542
f 542 543 545 544
f 544 545 547 546
f 546 547 549 548
f 551 550 553 552
f 553 555 554 552
f 556 540 541 557
f 538 537 554 557
f 556 555 553 564
f 564 553 550 565
f 561 567 566 562
f 562 566 568 563
f 539 563 568 536
f 597 596 605 604
f 605 596 603 606
f 606 603 602 572
f 572 602 601 607
f 607 601 600 608
f 600 599 609 608
f 599 598 610 609
f 598 597 604 610
f 540 514 515 543
f 543 515 516 545
f 545 516 517 547
f 517 518 549 547
f 518 519 565 549
f 519 520 564 565
f 520 521 556 564
f 556 521 514 540
f 578 581 580 579
f 583 582 578 579
f 585 584 582 583
f 587 586 584 585
f 589 588 586 587
f 590 588 589 591
f 592 590 591 593
f 581 592 593 580
f 570 581 578 569
f 569 578 582 571
f 571 582 584 573
f 573 584 586 574
f 574 586 588 575
f 575 588 590 576
f 576 590 592 577
f 577 592 581 570
f 630 781 633 634
f 781 784 640 633
f 784 786 639 640
f 788 638 639 786
f 632 636 637 631
f 489 635 636 632
f 630 634 635 489
f 523 524 558 613
f 524 526 559 558
f 526 528 560 559
f 528 530 611 560
f 533 534 566 567
f 566 534 536 568
f 563 539 523 613
f 538 539 536 537
f 522 541 542 525
f 525 542 544 527
f 527 544 546 529
f 529 546 548 531
f 532 551 552 535
f 552 554 537 535
f 557 541 522 538
f 557 554 555 556
f 548 549 565 594
f 567 561 595 533
f 530 595 561 611
f 594 565 550 551
f 570 569 596 597
f 596 569 571 603
f 603 571 573 602
f 602 573 574 601
f 601 574 575 600
f 575 576 599 600
f 576 577 598 599
f 577 570 597 598
f 605 531 548 604
f 606 530 531 605
f 572 595 530 606
f 607 533 595 572
f 608 532 533 607
f 609 551 532 608
f 610 594 551 609
f 604 548 594 610
f 563 613 612 562
f 561 562 612 611
f 558 559 612 613
f 612 559 560 611
f 615 515 514 614
f 616 516 515 615
f 617 517 516 616
f 618 518 517 617
f 519 518 618 619
f 520 519 619 620
f 521 520 620 621
f 514 521 621 614
f 623 615 614 622
f 624 616 615 623
f 625 617 616 624
f 626 618 617 625
f 619 618 626 627
f 620 619 627 628
f 621 620 628 629
f 614 621 629 622
f 637 638 788 631
f 493 490 634 633
f 495 493 633 640
f 497 495 640 639
f 499 497 639 638
f 636 503 501 637
f 635 505 503 636
f 634 490 505 635
f 501 499 638 637
f 579 580 642 641
f 583 579 641 643
f 585 583 643 644
f 587 585 644 645
f 589 587 645 646
f 591 589 646 647
f 593 591 647 648
f 580 593 648 642
f 641 642 649 650
f 643 641 650 651
f 644 643 651 652
f 645 644 652 653
f 646 645 653 654
f 647 646 654 655
f 648 647 655 656
f 642 648 656 649
f 659 658 657 660
f 662 661 658 659
f 664 663 661 662
f 666 665 663 664
f 668 667 665 666
f 670 669 667 668
f 672 671 669 670
f 660 657 671 672
f 673 659 660 674
f 675 662 659 673
f 676 664 662 675
f 677 666 664 676
f 678 668 666 677
f 679 670 668 678
f 680 672 670 679
f 674 660 672 680
f 673 674 682 681
f 675 673 681 683
f 676 675 683 684
f 677 676 684 685
f 677 685 686 678
f 678 686 687 679
f 679 687 688 680
f 680 688 682 674
f 692 691 690 689
f 691 694 693 690
f 694 696 695 693
f 696 698 697 695
f 699 702 701 700
f 701 704 703 700
f 706 692 689 705
f 710 709 708 707
f 709 712 711 708
f 712 714 713 711
f 714 716 715 713
f 720 719 718 717
f 718 719 722 721
f 723 724 710 707
f 705 724 722 703
f 723 725 718 721
f 725 726 717 718
f 727 730 729 728
f 730 732 731 729
f 706 704 731 732
f 734 733 736 735
f 736 738 737 735
f 738 740 739 737
f 740 742 741 739
f 742 744 743 741
f 743 744 746 745
f 745 746 748 747
f 747 748 733 734
f 707 708 750 749
f 708 711 751 750
f 711 713 752 751
f 752 713 715 753
f 753 715 726 754
f 754 726 725 755
f 755 725 723 756
f 723 707 749 756
f 757 760 759 758
f 762 760 757 761
f 764 762 761 763
f 766 764 763 765
f 768 766 765 767
f 769 770 768 767
f 771 772 770 769
f 758 759 772 771
f 773 774 757 758
f 774 775 761 757
f 775 776 763 761
f 776 777 765 763
f 777 778 767 765
f 778 779 769 767
f 779 780 771 769
f 780 773 758 771
f 630 783 782 781
f 781 782 785 784
f 784 785 787 786
f 788 786 787 789
f 632 631 791 790
f 489 632 790 792
f 630 489 792 783
f 692 794 793 691
f 691 793 795 694
f 694 795 796 696
f 696 796 797 698
f 702 728 729 701
f 729 731 704 701
f 732 794 692 706
f 705 703 704 706
f 689 690 709 710
f 690 693 712 709
f 693 695 714 712
f 695 697 716 714
f 699 700 719 720
f 719 700 703 722
f 724 705 689 710
f 724 723 721 722
f 716 798 726 715
f 728 702 799 727
f 698 797 727 799
f 798 720 717 726
f 773 734 735 774
f 735 737 775 774
f 737 739 776 775
f 739 741 777 776
f 741 743 778 777
f 778 743 745 779
f 779 745 747 780
f 780 747 734 773
f 736 733 716 697
f 738 736 697 698
f 740 738 698 799
f 742 740 799 702
f 744 742 702 699
f 746 744 699 720
f 748 746 720 798
f 733 748 798 716
f 732 730 800 794
f 727 797 800 730
f 793 794 800 795
f 800 797 796 795
f 801 802 749 750
f 803 801 750 751
f 804 803 751 752
f 805 804 752 753
f 754 806 805 753
f 755 807 806 754
f 756 808 807 755
f 749 802 808 756
f 681 682 802 801
f 683 681 801 803
f 684 683 803 804
f 685 684 804 805
f 806 686 685 805
f 807 687 686 806
f 808 688 687 807
f 802 682 688 808
f 791 631 788 789
f 658 782 783 657
f 661 785 782 658
f 663 787 785 661
f 665 789 787 663
f 790 791 667 669
f 792 790 669 671
f 783 792 671 657
f 667 791 789 665
f 760 810 809 759
f 762 811 810 760
f 764 812 811 762
f 766 813 812 764
f 768 814 813 766
f 770 815 814 768
f 772 816 815 770
f 759 809 816 772
f 810 818 817 809
f 811 819 818 810
f 812 820 819 811
f 813 821 820 812
f 814 822 821 813
f 815 823 822 814
f 816 824 823 815
f 809 817 824 816
f 652 651 819 820
f 651 650 818 819
f 650 649 817 818
f 649 656 824 817
f 656 655 823 824
f 655 654 822 823
f 654 653 821 822
f 653 652 820 821
g Group42799
f 879 927 928 876
g Group42802
f 846 826 879 876
f 826 929 927 879
g Group49824
f 826 846 930 929
g Group42799
f 882 877 881 880
g Group42802
f 830 827 882 880
g Group49824
f 827 830 847 845
g Group42799
f 886 885 884 883
g Group42802
f 844 842 886 883
f 851 844 883 884
g Group49824
f 842 844 851 850
g Group42799
f 876 928 931 887
g Group42802
f 825 846 876 887
f 827 932 931 882
g Group49824
f 846 825 932 930
g Group42799
f 877 878 888 881
g Group42802
f 828 829 888 878
g Group49824
f 845 847 829 828
g Group42799
f 885 890 889 884
g Group42802
f 843 851 884 889
f 841 843 889 890
g Group49824
f 850 851 843 841
g Group42799
f 894 893 892 891
g Group42802
f 852 854 892 893
g Group49824
f 848 834 854 852
g Group42799
f 892 896 895 891
g Group42802
f 836 834 891 895
f 854 853 896 892
g Group49824
f 854 834 836 853
g Group42799
f 895 896 898 897
g Group42802
f 838 836 895 897
f 853 856 898 896
g Group49824
f 836 838 856 853
g Group42799
f 898 900 899 897
g Group42802
f 856 855 900 898
g Group49824
f 856 838 849 855
g Group42799
f 904 903 902 901
g Group42802
f 833 835 904 901
f 857 858 902 903
g Group49824
f 835 833 858 857
g Group42799
f 902 893 894 901
g Group42802
f 858 852 893 902
g Group49824
f 858 833 848 852
g Group42799
f 899 900 906 905
g Group42802
f 855 859 906 900
g Group49824
f 849 837 859 855
g Group42799
f 906 903 904 905
g Group42802
f 835 837 905 904
f 859 857 903 906
g Group49824
f 859 837 835 857
g Group42799
f 881 908 907 880
g Group42802
f 860 862 907 908
g Group49824
f 847 830 862 860
g Group42799
f 907 910 909 880
g Group42802
f 832 830 880 909
f 862 861 910 907
g Group49824
f 862 830 832 861
g Group42799
f 909 910 911 891
g Group42802
f 834 832 909 891
f 861 864 911 910
g Group49824
f 832 834 864 861
g Group42799
f 911 912 894 891
g Group42802
f 864 863 912 911
g Group49824
f 864 834 848 863
g Group42799
f 915 914 913 888
g Group42802
f 829 831 915 888
f 865 866 913 914
g Group49824
f 831 829 866 865
g Group42799
f 913 908 881 888
g Group42802
f 866 860 908 913
g Group49824
f 866 829 847 860
g Group42799
f 894 912 916 901
g Group42802
f 863 867 916 912
g Group49824
f 848 833 867 863
g Group42799
f 916 914 915 901
g Group42802
f 831 833 901 915
f 867 865 914 916
g Group49824
f 867 833 831 865
g Group42799
f 899 918 917 897
g Group42802
f 868 870 917 918
g Group49824
f 849 838 870 868
g Group42799
f 917 920 919 897
g Group42802
f 840 838 897 919
f 870 869 920 917
g Group49824
f 870 838 840 869
g Group42799
f 919 920 921 886
g Group42802
f 842 840 919 886
f 869 872 921 920
g Group49824
f 840 842 872 869
g Group42799
f 921 922 885 886
g Group42802
f 872 871 922 921
g Group49824
f 872 842 850 871
g Group42799
f 925 924 923 905
g Group42802
f 837 839 925 905
f 873 874 923 924
g Group49824
f 839 837 874 873
g Group42799
f 923 918 899 905
g Group42802
f 874 868 918 923
g Group49824
f 874 837 849 868
g Group42799
f 885 922 926 890
g Group42802
f 871 875 926 922
g Group49824
f 850 841 875 871
g Group42799
f 926 924 925 890
g Group42802
f 839 841 890 925
f 875 873 924 926
g Group49824
f 875 841 839 873
g Group42799
f 927 878 877 928
g Group42802
f 929 828 878 927
g Group49824
f 929 930 845 828
g Group42799
f 928 877 882 931
g Group42802
f 932 825 887 931
g Group49824
f 930 932 827 845
g Group6779
f 984 983 982
f 935 934 933
f 984 982 985
f 936 935 933
f 984 985 986
f 937 936 933
f 984 986 987
f 938 937 933
f 984 987 988
f 939 938 933
f 984 988 989
f 940 939 933
f 984 989 990
f 941 940 933
f 984 990 991
f 942 941 933
f 984 991 992
f 943 942 933
f 984 992 993
f 944 943 933
f 984 993 994
f 945 944 933
f 984 994 995
f 946 945 933
f 984 995 996
f 947 946 933
f 984 996 997
f 948 947 933
f 984 997 998
f 949 948 933
f 984 998 983
f 934 949 933
f 983 1000 999 982
f 934 935 951 950
f 982 999 1001 985
f 935 936 952 951
f 985 1001 1002 986
f 936 937 953 952
f 986 1002 1003 987
f 937 938 954 953
f 987 1003 1004 988
f 938 939 955 954
f 988 1004 1005 989
f 939 940 956 955
f 989 1005 1006 990
f 940 941 957 956
f 990 1006 1007 991
f 941 942 958 957
f 991 1007 1008 992
f 942 943 959 958
f 992 1008 1009 993
f 943 944 960 959
f 993 1009 1010 994
f 944 945 961 960
f 994 1010 1011 995
f 945 946 962 961
f 995 1011 1012 996
f 946 947 963 962
f 996 1012 1013 997
f 947 948 964 963
f 997 1013 1014 998
f 948 949 965 964
f 998 1014 1000 983
f 949 934 950 965
f 1000 1015 1030 999
f 950 951 967 966
f 999 1030 1029 1001
f 951 952 968 967
f 1001 1029 1028 1002
f 952 953 969 968
f 1002 1028 1027 1003
f 953 954 970 969
f 1003 1027 1026 1004
f 954 955 971 970
f 1004 1026 1025 1005
f 955 956 972 971
f 1005 1025 1024 1006
f 956 957 973 972
f 1006 1024 1023 1007
f 957 958 974 973
f 1007 1023 1022 1008
f 958 959 975 974
f 1008 1022 1021 1009
f 959 960 976 975
f 1009 1021 1020 1010
f 960 961 977 976
f 1010 1020 1019 1011
f 961 962 978 977
f 1011 1019 1018 1012
f 962 963 979 978
f 1012 1018 1017 1013
f 963 964 980 979
f 1013 1017 1016 1014
f 964 965 981 980
f 1014 1016 1015 1000
f 965 950 966 981
f 1016 1031 1032 1015
f 1017 1035 1031 1016
f 1018 1037 1035 1017
f 1019 1039 1037 1018
f 1020 1041 1039 1019
f 1021 1043 1041 1020
f 1022 1045 1043 1021
f 1023 1047 1045 1022
f 1024 1049 1047 1023
f 1025 1051 1049 1024
f 1026 1053 1051 1025
f 1027 1055 1053 1026
f 1028 1057 1055 1027
f 1029 1059 1057 1028
f 1030 1061 1059 1029
f 1015 1032 1061 1030
f 1032 1031 1034 1033
f 1031 1035 1036 1034
f 1035 1037 1038 1036
f 1037 1039 1040 1038
f 1039 1041 1042 1040
f 1041 1043 1044 1042
f 1043 1045 1046 1044
f 1045 1047 1048 1046
f 1047 1049 1050 1048
f 1049 1051 1052 1050
f 1051 1053 1054 1052
f 1053 1055 1056 1054
f 1055 1057 1058 1056
f 1057 1059 1060 1058
f 1059 1061 1062 1060
f 1033 1062 1061 1032
f 981 966 1063 1064
f 980 981 1064 1065
f 979 980 1065 1066
f 978 979 1066 1067
f 977 978 1067 1068
f 976 977 1068 1069
f 975 976 1069 1070
f 974 975 1070 1071
f 973 974 1071 1072
f 972 973 1072 1073
f 971 972 1073 1074
f 970 971 1074 1075
f 969 970 1075 1076
f 968 969 1076 1077
f 967 968 1077 1078
f 966 967 1078 1063
f 1079 1080 1033 1034
f 1081 1079 1034 1036
f 1082 1081 1036 1038
f 1083 1082 1038 1040
f 1084 1083 1040 1042
f 1085 1084 1042 1044
f 1086 1085 1044 1046
f 1087 1086 1046 1048
f 1088 1087 1048 1050
f 1089 1088 1050 1052
f 1090 1089 1052 1054
f 1091 1090 1054 1056
f 1092 1091 1056 1058
f 1093 1092 1058 1060
f 1094 1093 1060 1062
f 1080 1094 1062 1033
f 1080 1079 1064 1063
f 1065 1064 1079 1081
f 1066 1065 1081 1082
f 1067 1066 1082 1083
f 1068 1067 1083 1084
f 1069 1068 1084 1085
f 1070 1069 1085 1086
f 1071 1070 1086 1087
f 1072 1071 1087 1088
f 1073 1072 1088 1089
f 1074 1073 1089 1090
f 1075 1074 1090 1091
f 1076 1075 1091 1092
f 1077 1076 1092 1093
f 1078 1077 1093 1094
f 1063 1078 1094 1080
f 1146 1145 1144
f 1097 1096 1095
f 1146 1144 1147
f 1098 1097 1095
f 1146 1147 1148
f 1099 1098 1095
f 1146 1148 1149
f 1100 1099 1095
f 1146 1149 1150
f 1101 1100 1095
f 1146 1150 1151
f 1102 1101 1095
f 1146 1151 1152
f 1103 1102 1095
f 1146 1152 1153
f 1104 1103 1095
f 1146 1153 1154
f 1105 1104 1095
f 1146 1154 1155
f 1106 1105 1095
f 1146 1155 1156
f 1107 1106 1095
f 1146 1156 1157
f 1108 1107 1095
f 1146 1157 1158
f 1109 1108 1095
f 1146 1158 1159
f 1110 1109 1095
f 1146 1159 1160
f 1111 1110 1095
f 1146 1160 1145
f 1096 1111 1095
f 1145 1162 1161 1144
f 1096 1097 1113 1112
f 1144 1161 1163 1147
f 1097 1098 1114 1113
f 1147 1163 1164 1148
f 1098 1099 1115 1114
f 1148 1164 1165 1149
f 1099 1100 1116 1115
f 1149 1165 1166 1150
f 1100 1101 1117 1116
f 1150 1166 1167 1151
f 1101 1102 1118 1117
f 1151 1167 1168 1152
f 1102 1103 1119 1118
f 1152 1168 1169 1153
f 1103 1104 1120 1119
f 1153 1169 1170 1154
f 1104 1105 1121 1120
f 1154 1170 1171 1155
f 1105 1106 1122 1121
f 1155 1171 1172 1156
f 1106 1107 1123 1122
f 1156 1172 1173 1157
f 1107 1108 1124 1123
f 1157 1173 1174 1158
f 1108 1109 1125 1124
f 1158 1174 1175 1159
f 1109 1110 1126 1125
f 1159 1175 1176 1160
f 1110 1111 1127 1126
f 1160 1176 1162 1145
f 1111 1096 1112 1127
f 1162 1177 1192 1161
f 1112 1113 1129 1128
f 1161 1192 1191 1163
f 1113 1114 1130 1129
f 1163 1191 1190 1164
f 1114 1115 1131 1130
f 1164 1190 1189 1165
f 1115 1116 1132 1131
f 1165 1189 1188 1166
f 1116 1117 1133 1132
f 1166 1188 1187 1167
f 1117 1118 1134 1133
f 1167 1187 1186 1168
f 1118 1119 1135 1134
f 1168 1186 1185 1169
f 1119 1120 1136 1135
f 1169 1185 1184 1170
f 1120 1121 1137 1136
f 1170 1184 1183 1171
f 1121 1122 1138 1137
f 1171 1183 1182 1172
f 1122 1123 1139 1138
f 1172 1182 1181 1173
f 1123 1124 1140 1139
f 1173 1181 1180 1174
f 1124 1125 1141 1140
f 1174 1180 1179 1175
f 1125 1126 1142 1141
f 1175 1179 1178 1176
f 1126 1127 1143 1142
f 1176 1178 1177 1162
f 1127 1112 1128 1143
f 1178 1193 1194 1177
f 1179 1197 1193 1178
f 1180 1199 1197 1179
f 1181 1201 1199 1180
f 1182 1203 1201 1181
f 1183 1205 1203 1182
f 1184 1207 1205 1183
f 1185 1209 1207 1184
f 1186 1211 1209 1185
f 1187 1213 1211 1186
f 1188 1215 1213 1187
f 1189 1217 1215 1188
f 1190 1219 1217 1189
f 1191 1221 1219 1190
f 1192 1223 1221 1191
f 1177 1194 1223 1192
f 1194 1193 1196 1195
f 1193 1197 1198 1196
f 1197 1199 1200 1198
f 1199 1201 1202 1200
f 1201 1203 1204 1202
f 1203 1205 1206 1204
f 1205 1207 1208 1206
f 1207 1209 1210 1208
f 1209 1211 1212 1210
f 1211 1213 1214 1212
f 1213 1215 1216 1214
f 1215 1217 1218 1216
f 1217 1219 1220 1218
f 1219 1221 1222 1220
f 1221 1223 1224 1222
f 1195 1224 1223 1194
f 1143 1128 1225 1226
f 1142 1143 1226 1227
f 1141 1142 1227 1228
f 1140 1141 1228 1229
f 1139 1140 1229 1230
f 1138 1139 1230 1231
f 1137 1138 1231 1232
f 1136 1137 1232 1233
f 1135 1136 1233 1234
f 1134 1135 1234 1235
f 1133 1134 1235 1236
f 1132 1133 1236 1237
f 1131 1132 1237 1238
f 1130 1131 1238 1239
f 1129 1130 1239 1240
f 1128 1129 1240 1225
f 1241 1242 1195 1196
f 1243 1241 1196 1198
f 1244 1243 1198 1200
f 1245 1244 1200 1202
f 1246 1245 1202 1204
f 1247 1246 1204 1206
f 1248 1247 1206 1208
f 1249 1248 1208 1210
f 1250 1249 1210 1212
f 1251 1250 1212 1214
f 1252 1251 1214 1216
f 1253 1252 1216 1218
f 1254 1253 1218 1220
f 1255 1254 1220 1222
f 1256 1255 1222 1224
f 1242 1256 1224 1195
f 1242 1241 1226 1225
f 1227 1226 1241 1243
f 1228 1227 1243 1244
f 1229 1228 1244 1245
f 1230 1229 1245 1246
f 1231 1230 1246 1247
f 1232 1231 1247 1248
f 1233 1232 1248 1249
f 1234 1233 1249 1250
f 1235 1234 1250 1251
f 1236 1235 1251 1252
f 1237 1236 1252 1253
f 1238 1237 1253 1254
f 1239 1238 1254 1255
f 1240 1239 1255 1256
f 1225 1240 1256 1242
f 1308 1307 1306
f 1259 1258 1257
f 1308 1306 1309
f 1260 1259 1257
f 1308 1309 1310
f 1261 1260 1257
f 1308 1310 1311
f 1262 1261 1257
f 1308 1311 1312
f 1263 1262 1257
f 1308 1312 1313
f 1264 1263 1257
f 1308 1313 1314
f 1265 1264 1257
f 1308 1314 1315
f 1266 1265 1257
f 1308 1315 1316
f 1267 1266 1257
f 1308 1316 1317
f 1268 1267 1257
f 1308 1317 1318
f 1269 1268 1257
f 1308 1318 1319
f 1270 1269 1257
f 1308 1319 1320
f 1271 1270 1257
f 1308 1320 1321
f 1272 1271 1257
f 1308 1321 1322
f 1273 1272 1257
f 1308 1322 1307
f 1258 1273 1257
f 1307 1324 1323 1306
f 1258 1259 1275 1274
f 1306 1323 1325 1309
f 1259 1260 1276 1275
f 1309 1325 1326 1310
f 1260 1261 1277 1276
f 1310 1326 1327 1311
f 1261 1262 1278 1277
f 1311 1327 1328 1312
f 1262 1263 1279 1278
f 1312 1328 1329 1313
f 1263 1264 1280 1279
f 1313 1329 1330 1314
f 1264 1265 1281 1280
f 1314 1330 1331 1315
f 1265 1266 1282 1281
f 1315 1331 1332 1316
f 1266 1267 1283 1282
f 1316 1332 1333 1317
f 1267 1268 1284 1283
f 1317 1333 1334 1318
f 1268 1269 1285 1284
f 1318 1334 1335 1319
f 1269 1270 1286 1285
f 1319 1335 1336 1320
f 1270 1271 1287 1286
f 1320 1336 1337 1321
f 1271 1272 1288 1287
f 1321 1337 1338 1322
f 1272 1273 1289 1288
f 1322 1338 1324 1307
f 1273 1258 1274 1289
f 1324 1339 1354 1323
f 1274 1275 1291 1290
f 1323 1354 1353 1325
f 1275 1276 1292 1291
f 1325 1353 1352 1326
f 1276 1277 1293 1292
f 1326 1352 1351 1327
f 1277 1278 1294 1293
f 1327 1351 1350 1328
f 1278 1279 1295 1294
f 1328 1350 1349 1329
f 1279 1280 1296 1295
f 1329 1349 1348 1330
f 1280 1281 1297 1296
f 1330 1348 1347 1331
f 1281 1282 1298 1297
f 1331 1347 1346 1332
f 1282 1283 1299 1298
f 1332 1346 1345 1333
f 1283 1284 1300 1299
f 1333 1345 1344 1334
f 1284 1285 1301 1300
f 1334 1344 1343 1335
f 1285 1286 1302 1301
f 1335 1343 1342 1336
f 1286 1287 1303 1302
f 1336 1342 1341 1337
f 1287 1288 1304 1303
f 1337 1341 1340 1338
f 1288 1289 1305 1304
f 1338 1340 1339 1324
f 1289 1274 1290 1305
f 1340 1355 1356 1339
f 1341 1359 1355 1340
f 1342 1361 1359 1341
f 1343 1363 1361 1342
f 1344 1365 1363 1343
f 1345 1367 1365 1344
f 1346 1369 1367 1345
f 1347 1371 1369 1346
f 1348 1373 1371 1347
f 1349 1375 1373 1348
f 1350 1377 1375 1349
f 1351 1379 1377 1350
f 1352 1381 1379 1351
f 1353 1383 1381 1352
f 1354 1385 1383 1353
f 1339 1356 1385 1354
f 1356 1355 1358 1357
f 1355 1359 1360 1358
f 1359 1361 1362 1360
f 1361 1363 1364 1362
f 1363 1365 1366 1364
f 1365 1367 1368 1366
f 1367 1369 1370 1368
f 1369 1371 1372 1370
f 1371 1373 1374 1372
f 1373 1375 1376 1374
f 1375 1377 1378 1376
f 1377 1379 1380 1378
f 1379 1381 1382 1380
f 1381 1383 1384 1382
f 1383 1385 1386 1384
f 1357 1386 1385 1356
f 1305 1290 1387 1388
f 1304 1305 1388 1389
f 1303 1304 1389 1390
f 1302 1303 1390 1391
f 1301 1302 1391 1392
f 1300 1301 1392 1393
f 1299 1300 1393 1394
f 1298 1299 1394 1395
f 1297 1298 1395 1396
f 1296 1297 1396 1397
f 1295 1296 1397 1398
f 1294 1295 1398 1399
f 1293 1294 1399 1400
f 1292 1293 1400 1401
f 1291 1292 1401 1402
f 1290 1291 1402 1387
f 1403 1404 1357 1358
f 1405 1403 1358 1360
f 1406 1405 1360 1362
f 1407 1406 1362 1364
f 1408 1407 1364 1366
f 1409 1408 1366 1368
f 1410 1409 1368 1370
f 1411 1410 1370 1372
f 1412 1411 1372 1374
f 1413 1412 1374 1376
f 1414 1413 1376 1378
f 1415 1414 1378 1380
f 1416 1415 1380 1382
f 1417 1416 1382 1384
f 1418 1417 1384 1386
f 1404 1418 1386 1357
f 1404 1403 1388 1387
f 1389 1388 1403 1405
f 1390 1389 1405 1406
f 1391 1390 1406 1407
f 1392 1391 1407 1408
f 1393 1392 1408 1409
f 1394 1393 1409 1410
f 1395 1394 1410 1411
f 1396 1395 1411 1412
f 1397 1396 1412 1413
f 1398 1397 1413 1414
f 1399 1398 1414 1415
f 1400 1399 1415 1416
f 1401 1400 1416 1417
f 1402 1401 1417 1418
f 1387 1402 1418 1404
g Group2295
f 1470 1469 1468
f 1421 1420 1419
f 1470 1468 1471
f 1422 1421 1419
f 1470 1471 1472
f 1423 1422 1419
f 1470 1472 1473
f 1424 1423 1419
f 1470 1473 1474
f 1425 1424 1419
f 1470 1474 1475
f 1426 1425 1419
f 1470 1475 1476
f 1427 1426 1419
f 1470 1476 1477
f 1428 1427 1419
f 1470 1477 1478
f 1429 1428 1419
f 1470 1478 1479
f 1430 1429 1419
f 1470 1479 1480
f 1431 1430 1419
f 1470 1480 1481
f 1432 1431 1419
f 1470 1481 1482
f 1433 1432 1419
f 1470 1482 1483
f 1434 1433 1419
f 1470 1483 1484
f 1435 1434 1419
f 1470 1484 1469
f 1420 1435 1419
f 1469 1486 1485 1468
f 1420 1421 1437 1436
f 1468 1485 1487 1471
f 1421 1422 1438 1437
f 1471 1487 1488 1472
f 1422 1423 1439 1438
f 1472 1488 1489 1473
f 1423 1424 1440 1439
f 1473 1489 1490 1474
f 1424 1425 1441 1440
f 1474 1490 1491 1475
f 1425 1426 1442 1441
f 1475 1491 1492 1476
f 1426 1427 1443 1442
f 1476 1492 1493 1477
f 1427 1428 1444 1443
f 1477 1493 1494 1478
f 1428 1429 1445 1444
f 1478 1494 1495 1479
f 1429 1430 1446 1445
f 1479 1495 1496 1480
f 1430 1431 1447 1446
f 1480 1496 1497 1481
f 1431 1432 1448 1447
f 1481 1497 1498 1482
f 1432 1433 1449 1448
f 1482 1498 1499 1483
f 1433 1434 1450 1449
f 1483 1499 1500 1484
f 1434 1435 1451 1450
f 1484 1500 1486 1469
f 1435 1420 1436 1451
f 1486 1501 1516 1485
f 1436 1437 1453 1452
f 1485 1516 1515 1487
f 1437 1438 1454 1453
f 1487 1515 1514 1488
f 1438 1439 1455 1454
f 1488 1514 1513 1489
f 1439 1440 1456 1455
f 1489 1513 1512 1490
f 1440 1441 1457 1456
f 1490 1512 1511 1491
f 1441 1442 1458 1457
f 1491 1511 1510 1492
f 1442 1443 1459 1458
f 1492 1510 1509 1493
f 1443 1444 1460 1459
f 1493 1509 1508 1494
f 1444 1445 1461 1460
f 1494 1508 1507 1495
f 1445 1446 1462 1461
f 1495 1507 1506 1496
f 1446 1447 1463 1462
f 1496 1506 1505 1497
f 1447 1448 1464 1463
f 1497 1505 1504 1498
f 1448 1449 1465 1464
f 1498 1504 1503 1499
f 1449 1450 1466 1465
f 1499 1503 1502 1500
f 1450 1451 1467 1466
f 1500 1502 1501 1486
f 1451 1436 1452 1467
f 1502 1517 1518 1501
f 1503 1521 1517 1502
f 1504 1523 1521 1503
f 1505 1525 1523 1504
f 1506 1527 1525 1505
f 1507 1529 1527 1506
f 1508 1531 1529 1507
f 1509 1533 1531 1508
f 1510 1535 1533 1509
f 1511 1537 1535 1510
f 1512 1539 1537 1511
f 1513 1541 1539 1512
f 1514 1543 1541 1513
f 1515 1545 1543 1514
f 1516 1547 1545 1515
f 1501 1518 1547 1516
f 1518 1517 1520 1519
f 1517 1521 1522 1520
f 1521 1523 1524 1522
f 1523 1525 1526 1524
f 1525 1527 1528 1526
f 1527 1529 1530 1528
f 1529 1531 1532 1530
f 1531 1533 1534 1532
f 1533 1535 1536 1534
f 1535 1537 1538 1536
f 1537 1539 1540 1538
f 1539 1541 1542 1540
f 1541 1543 1544 1542
f 1543 1545 1546 1544
f 1545 1547 1548 1546
f 1519 1548 1547 1518
f 1467 1452 1549 1550
f 1466 1467 1550 1551
f 1465 1466 1551 1552
f 1464 1465 1552 1553
f 1463 1464 1553 1554
f 1462 1463 1554 1555
f 1461 1462 1555 1556
f 1460 1461 1556 1557
f 1459 1460 1557 1558
f 1458 1459 1558 1559
f 1457 1458 1559 1560
f 1456 1457 1560 1561
f 1455 1456 1561 1562
f 1454 1455 1562 1563
f 1453 1454 1563 1564
f 1452 1453 1564 1549
f 1565 1566 1519 1520
f 1567 1565 1520 1522
f 1568 1567 1522 1524
f 1569 1568 1524 1526
f 1570 1569 1526 1528
f 1571 1570 1528 1530
f 1572 1571 1530 1532
f 1573 1572 1532 1534
f 1574 1573 1534 1536
f 1575 1574 1536 1538
f 1576 1575 1538 1540
f 1577 1576 1540 1542
f 1578 1577 1542 1544
f 1579 1578 1544 1546
f 1580 1579 1546 1548
f 1566 1580 1548 1519
f 1566 1565 1550 1549
f 1551 1550 1565 1567
f 1552 1551 1567 1568
f 1553 1552 1568 1569
f 1554 1553 1569 1570
f 1555 1554 1570 1571
f 1556 1555 1571 1572
f 1557 1556 1572 1573
f 1558 1557 1573 1574
f 1559 1558 1574 1575
f 1560 1559 1575 1576
f 1561 1560 1576 1577
f 1562 1561 1577 1578
f 1563 1562 1578 1579
f 1564 1563 1579 1580
f 1549 1564 1580 1566
f 1632 1631 1630
f 1583 1582 1581
f 1632 1630 1633
f 1584 1583 1581
f 1632 1633 1634
f 1585 1584 1581
f 1632 1634 1635
f 1586 1585 1581
f 1632 1635 1636
f 1587 1586 1581
f 1632 1636 1637
f 1588 1587 1581
f 1632 1637 1638
f 1589 1588 1581
f 1632 1638 1639
f 1590 1589 1581
f 1632 1639 1640
f 1591 1590 1581
f 1632 1640 1641
f 1592 1591 1581
f 1632 1641 1642
f 1593 1592 1581
f 1632 1642 1643
f 1594 1593 1581
f 1632 1643 1644
f 1595 1594 1581
f 1632 1644 1645
f 1596 1595 1581
f 1632 1645 1646
f 1597 1596 1581
f 1632 1646 1631
f 1582 1597 1581
f 1631 1648 1647 1630
f 1582 1583 1599 1598
f 1630 1647 1649 1633
f 1583 1584 1600 1599
f 1633 1649 1650 1634
f 1584 1585 1601 1600
f 1634 1650 1651 1635
f 1585 1586 1602 1601
f 1635 1651 1652 1636
f 1586 1587 1603 1602
f 1636 1652 1653 1637
f 1587 1588 1604 1603
f 1637 1653 1654 1638
f 1588 1589 1605 1604
f 1638 1654 1655 1639
f 1589 1590 1606 1605
f 1639 1655 1656 1640
f 1590 1591 1607 1606
f 1640 1656 1657 1641
f 1591 1592 1608 1607
f 1641 1657 1658 1642
f 1592 1593 1609 1608
f 1642 1658 1659 1643
f 1593 1594 1610 1609
f 1643 1659 1660 1644
f 1594 1595 1611 1610
f 1644 1660 1661 1645
f 1595 1596 1612 1611
f 1645 1661 1662 1646
f 1596 1597 1613 1612
f 1646 1662 1648 1631
f 1597 1582 1598 1613
f 1648 1663 1678 1647
f 1598 1599 1615 1614
f 1647 1678 1677 1649
f 1599 1600 1616 1615
f 1649 1677 1676 1650
f 1600 1601 1617 1616
f 1650 1676 1675 1651
f 1601 1602 1618 1617
f 1651 1675 1674 1652
f 1602 1603 1619 1618
f 1652 1674 1673 1653
f 1603 1604 1620 1619
f 1653 1673 1672 1654
f 1604 1605 1621 1620
f 1654 1672 1671 1655
f 1605 1606 1622 1621
f 1655 1671 1670 1656
f 1606 1607 1623 1622
f 1656 1670 1669 1657
f 1607 1608 1624 1623
f 1657 1669 1668 1658
f 1608 1609 1625 1624
f 1658 1668 1667 1659
f 1609 1610 1626 1625
f 1659 1667 1666 1660
f 1610 1611 1627 1626
f 1660 1666 1665 1661
f 1611 1612 1628 1627
f 1661 1665 1664 1662
f 1612 1613 1629 1628
f 1662 1664 1663 1648
f 1613 1598 1614 1629
f 1664 1679 1680 1663
f 1665 1683 1679 1664
f 1666 1685 1683 1665
f 1667 1687 1685 1666
f 1668 1689 1687 1667
f 1669 1691 1689 1668
f 1670 1693 1691 1669
f 1671 1695 1693 1670
f 1672 1697 1695 1671
f 1673 1699 1697 1672
f 1674 1701 1699 1673
f 1675 1703 1701 1674
f 1676 1705 1703 1675
f 1677 1707 1705 1676
f 1678 1709 1707 1677
f 1663 1680 1709 1678
f 1680 1679 1682 1681
f 1679 1683 1684 1682
f 1683 1685 1686 1684
f 1685 1687 1688 1686
f 1687 1689 1690 1688
f 1689 1691 1692 1690
f 1691 1693 1694 1692
f 1693 1695 1696 1694
f 1695 1697 1698 1696
f 1697 1699 1700 1698
f 1699 1701 1702 1700
f 1701 1703 1704 1702
f 1703 1705 1706 1704
f 1705 1707 1708 1706
f 1707 1709 1710 1708
f 1681 1710 1709 1680
f 1629 1614 1711 1712
f 1628 1629 1712 1713
f 1627 1628 1713 1714
f 1626 1627 1714 1715
f 1625 1626 1715 1716
f 1624 1625 1716 1717
f 1623 1624 1717 1718
f 1622 1623 1718 1719
f 1621 1622 1719 1720
f 1620 1621 1720 1721
f 1619 1620 1721 1722
f 1618 1619 1722 1723
f 1617 1618 1723 1724
f 1616 1617 1724 1725
f 1615 1616 1725 1726
f 1614 1615 1726 1711
f 1727 1728 1681 1682
f 1729 1727 1682 1684
f 1730 1729 1684 1686
f 1731 1730 1686 1688
f 1732 1731 1688 1690
f 1733 1732 1690 1692
f 1734 1733 1692 1694
f 1735 1734 1694 1696
f 1736 1735 1696 1698
f 1737 1736 1698 1700
f 1738 1737 1700 1702
f 1739 1738 1702 1704
f 1740 1739 1704 1706
f 1741 1740 1706 1708
f 1742 1741 1708 1710
f 1728 1742 1710 1681
f 1728 1727 1712 1711
f 1713 1712 1727 1729
f 1714 1713 1729 1730
f 1715 1714 1730 1731
f 1716 1715 1731 1732
f 1717 1716 1732 1733
f 1718 1717 1733 1734
f 1719 1718 1734 1735
f 1720 1719 1735 1736
f 1721 1720 1736 1737
f 1722 1721 1737 1738
f 1723 1722 1738 1739
f 1724 1723 1739 1740
f 1725 1724 1740 1741
f 1726 1725 1741 1742
f 1711 1726 1742 1728
f 1794 1793 1792
f 1745 1744 1743
f 1794 1792 1795
f 1746 1745 1743
f 1794 1795 1796
f 1747 1746 1743
f 1794 1796 1797
f 1748 1747 1743
f 1794 1797 1798
f 1749 1748 1743
f 1794 1798 1799
f 1750 1749 1743
f 1794 1799 1800
f 1751 1750 1743
f 1794 1800 1801
f 1752 1751 1743
f 1794 1801 1802
f 1753 1752 1743
f 1794 1802 1803
f 1754 1753 1743
f 1794 1803 1804
f 1755 1754 1743
f 1794 1804 1805
f 1756 1755 1743
f 1794 1805 1806
f 1757 1756 1743
f 1794 1806 1807
f 1758 1757 1743
f 1794 1807 1808
f 1759 1758 1743
f 1794 1808 1793
f 1744 1759 1743
f 1793 1810 1809 1792
f 1744 1745 1761 1760
f 1792 1809 1811 1795
f 1745 1746 1762 1761
f 1795 1811 1812 1796
f 1746 1747 1763 1762
f 1796 1812 1813 1797
f 1747 1748 1764 1763
f 1797 1813 1814 1798
f 1748 1749 1765 1764
f 1798 1814 1815 1799
f 1749 1750 1766 1765
f 1799 1815 1816 1800
f 1750 1751 1767 1766
f 1800 1816 1817 1801
f 1751 1752 1768 1767
f 1801 1817 1818 1802
f 1752 1753 1769 1768
f 1802 1818 1819 1803
f 1753 1754 1770 1769
f 1803 1819 1820 1804
f 1754 1755 1771 1770
f 1804 1820 1821 1805
f 1755 1756 1772 1771
f 1805 1821 1822 1806
f 1756 1757 1773 1772
f 1806 1822 1823 1807
f 1757 1758 1774 1773
f 1807 1823 1824 1808
f 1758 1759 1775 1774
f 1808 1824 1810 1793
f 1759 1744 1760 1775
f 1810 1825 1840 1809
f 1760 1761 1777 1776
f 1809 1840 1839 1811
f 1761 1762 1778 1777
f 1811 1839 1838 1812
f 1762 1763 1779 1778
f 1812 1838 1837 1813
f 1763 1764 1780 1779
f 1813 1837 1836 1814
f 1764 1765 1781 1780
f 1814 1836 1835 1815
f 1765 1766 1782 1781
f 1815 1835 1834 1816
f 1766 1767 1783 1782
f 1816 1834 1833 1817
f 1767 1768 1784 1783
f 1817 1833 1832 1818
f 1768 1769 1785 1784
f 1818 1832 1831 1819
f 1769 1770 1786 1785
f 1819 1831 1830 1820
f 1770 1771 1787 1786
f 1820 1830 1829 1821
f 1771 1772 1788 1787
f 1821 1829 1828 1822
f 1772 1773 1789 1788
f 1822 1828 1827 1823
f 1773 1774 1790 1789
f 1823 1827 1826 1824
f 1774 1775 1791 1790
f 1824 1826 1825 1810
f 1775 1760 1776 1791
f 1826 1841 1842 1825
f 1827 1845 1841 1826
f 1828 1847 1845 1827
f 1829 1849 1847 1828
f 1830 1851 1849 1829
f 1831 1853 1851 1830
f 1832 1855 1853 1831
f 1833 1857 1855 1832
f 1834 1859 1857 1833
f 1835 1861 1859 1834
f 1836 1863 1861 1835
f 1837 1865 1863 1836
f 1838 1867 1865 1837
f 1839 1869 1867 1838
f 1840 1871 1869 1839
f 1825 1842 1871 1840
f 1842 1841 1844 1843
f 1841 1845 1846 1844
f 1845 1847 1848 1846
f 1847 1849 1850 1848
f 1849 1851 1852 1850
f 1851 1853 1854 1852
f 1853 1855 1856 1854
f 1855 1857 1858 1856
f 1857 1859 1860 1858
f 1859 1861 1862 1860
f 1861 1863 1864 1862
f 1863 1865 1866 1864
f 1865 1867 1868 1866
f 1867 1869 1870 1868
f 1869 1871 1872 1870
f 1843 1872 1871 1842
f 1791 1776 1873 1874
f 1790 1791 1874 1875
f 1789 1790 1875 1876
f 1788 1789 1876 1877
f 1787 1788 1877 1878
f 1786 1787 1878 1879
f 1785 1786 1879 1880
f 1784 1785 1880 1881
f 1783 1784 1881 1882
f 1782 1783 1882 1883
f 1781 1782 1883 1884
f 1780 1781 1884 1885
f 1779 1780 1885 1886
f 1778 1779 1886 1887
f 1777 1778 1887 1888
f 1776 1777 1888 1873
f 1889 1890 1843 1844
f 1891 1889 1844 1846
f 1892 1891 1846 1848
f 1893 1892 1848 1850
f 1894 1893 1850 1852
f 1895 1894 1852 1854
f 1896 1895 1854 1856
f 1897 1896 1856 1858
f 1898 1897 1858 1860
f 1899 1898 1860 1862
f 1900 1899 1862 1864
f 1901 1900 1864 1866
f 1902 1901 1866 1868
f 1903 1902 1868 1870
f 1904 1903 1870 1872
f 1890 1904 1872 1843
f 1890 1889 1874 1873
f 1875 1874 1889 1891
f 1876 1875 1891 1892
f 1877 1876 1892 1893
f 1878 1877 1893 1894
f 1879 1878 1894 1895
f 1880 1879 1895 1896
f 1881 1880 1896 1897
f 1882 1881 1897 1898
f 1883 1882 1898 1899
f 1884 1883 1899 1900
f 1885 1884 1900 1901
f 1886 1885 1901 1902
f 1887 1886 1902 1903
f 1888 1887 1903 1904
f 1873 1888 1904 1890
f 1956 1955 1954
f 1907 1906 1905
f 1956 1954 1957
f 1908 1907 1905
f 1956 1957 1958
f 1909 1908 1905
f 1956 1958 1959
f 1910 1909 1905
f 1956 1959 1960
f 1911 1910 1905
f 1956 1960 1961
f 1912 1911 1905
f 1956 1961 1962
f 1913 1912 1905
f 1956 1962 1963
f 1914 1913 1905
f 1956 1963 1964
f 1915 1914 1905
f 1956 1964 1965
f 1916 1915 1905
f 1956 1965 1966
f 1917 1916 1905
f 1956 1966 1967
f 1918 1917 1905
f 1956 1967 1968
f 1919 1918 1905
f 1956 1968 1969
f 1920 1919 1905
f 1956 1969 1970
f 1921 1920 1905
f 1956 1970 1955
f 1906 1921 1905
f 1955 1972 1971 1954
f 1906 1907 1923 1922
f 1954 1971 1973 1957
f 1907 1908 1924 1923
f 1957 1973 1974 1958
f 1908 1909 1925 1924
f 1958 1974 1975 1959
f 1909 1910 1926 1925
f 1959 1975 1976 1960
f 1910 1911 1927 1926
f 1960 1976 1977 1961
f 1911 1912 1928 1927
f 1961 1977 1978 1962
f 1912 1913 1929 1928
f 1962 1978 1979 1963
f 1913 1914 1930 1929
f 1963 1979 1980 1964
f 1914 1915 1931 1930
f 1964 1980 1981 1965
f 1915 1916 1932 1931
f 1965 1981 1982 1966
f 1916 1917 1933 1932
f 1966 1982 1983 1967
f 1917 1918 1934 1933
f 1967 1983 1984 1968
f 1918 1919 1935 1934
f 1968 1984 1985 1969
f 1919 1920 1936 1935
f 1969 1985 1986 1970
f 1920 1921 1937 1936
f 1970 1986 1972 1955
f 1921 1906 1922 1937
f 1972 1987 2002 1971
f 1922 1923 1939 1938
f 1971 2002 2001 1973
f 1923 1924 1940 1939
f 1973 2001 2000 1974
f 1924 1925 1941 1940
f 1974 2000 1999 1975
f 1925 1926 1942 1941
f 1975 1999 1998 1976
f 1926 1927 1943 1942
f 1976 1998 1997 1977
f 1927 1928 1944 1943
f 1977 1997 1996 1978
f 1928 1929 1945 1944
f 1978 1996 1995 1979
f 1929 1930 1946 1945
f 1979 1995 1994 1980
f 1930 1931 1947 1946
f 1980 1994 1993 1981
f 1931 1932 1948 1947
f 1981 1993 1992 1982
f 1932 1933 1949 1948
f 1982 1992 1991 1983
f 1933 1934 1950 1949
f 1983 1991 1990 1984
f 1934 1935 1951 1950
f 1984 1990 1989 1985
f 1935 1936 1952 1951
f 1985 1989 1988 1986
f 1936 1937 1953 1952
f 1986 1988 1987 1972
f 1937 1922 1938 1953
f 1988 2003 2004 1987
f 1989 2007 2003 1988
f 1990 2009 2007 1989
f 1991 2011 2009 1990
f 1992 2013 2011 1991
f 1993 2015 2013 1992
f 1994 2017 2015 1993
f 1995 2019 2017 1994
f 1996 2021 2019 1995
f 1997 2023 2021 1996
f 1998 2025 2023 1997
f 1999 2027 2025 1998
f 2000 2029 2027 1999
f 2001 2031 2029 2000
f 2002 2033 2031 2001
f 1987 2004 2033 2002
f 2004 2003 2006 2005
f 2003 2007 2008 2006
f 2007 2009 2010 2008
f 2009 2011 2012 2010
f 2011 2013 2014 2012
f 2013 2015 2016 2014
f 2015 2017 2018 2016
f 2017 2019 2020 2018
f 2019 2021 2022 2020
f 2021 2023 2024 2022
f 2023 2025 2026 2024
f 2025 2027 2028 2026
f 2027 2029 2030 2028
f 2029 2031 2032 2030
f 2031 2033 2034 2032
f 2005 2034 2033 2004
f 1953 1938 2035 2036
f 1952 1953 2036 2037
f 1951 1952 2037 2038
f 1950 1951 2038 2039
f 1949 1950 2039 2040
f 1948 1949 2040 2041
f 1947 1948 2041 2042
f 1946 1947 2042 2043
f 1945 1946 2043 2044
f 1944 1945 2044 2045
f 1943 1944 2045 2046
f 1942 1943 2046 2047
f 1941 1942 2047 2048
f 1940 1941 2048 2049
f 1939 1940 2049 2050
f 1938 1939 2050 2035
f 2051 2052 2005 2006
f 2053 2051 2006 2008
f 2054 2053 2008 2010
f 2055 2054 2010 2012
f 2056 2055 2012 2014
f 2057 2056 2014 2016
f 2058 2057 2016 2018
f 2059 2058 2018 2020
f 2060 2059 2020 2022
f 2061 2060 2022 2024
f 2062 2061 2024 2026
f 2063 2062 2026 2028
f 2064 2063 2028 2030
f 2065 2064 2030 2032
f 2066 2065 2032 2034
f 2052 2066 2034 2005
f 2052 2051 2036 2035
f 2037 2036 2051 2053
f 2038 2037 2053 2054
f 2039 2038 2054 2055
f 2040 2039 2055 2056
f 2041 2040 2056 2057
f 2042 2041 2057 2058
f 2043 2042 2058 2059
f 2044 2043 2059 2060
f 2045 2044 2060 2061
f 2046 2045 2061 2062
f 2047 2046 2062 2063
f 2048 2047 2063 2064
f 2049 2048 2064 2065
f 2050 2049 2065 2066
f 2035 2050 2066 2052
f 2118 2117 2116
f 2069 2068 2067
f 2118 2116 2119
f 2070 2069 2067
f 2118 2119 2120
f 2071 2070 2067
f 2118 2120 2121
f 2072 2071 2067
f 2118 2121 2122
f 2073 2072 2067
f 2118 2122 2123
f 2074 2073 2067
f 2118 2123 2124
f 2075 2074 2067
f 2118 2124 2125
f 2076 2075 2067
f 2118 2125 2126
f 2077 2076 2067
f 2118 2126 2127
f 2078 2077 2067
f 2118 2127 2128
f 2079 2078 2067
f 2118 2128 2129
f 2080 2079 2067
f 2118 2129 2130
f 2081 2080 2067
f 2118 2130 2131
f 2082 2081 2067
f 2118 2131 2132
f 2083 2082 2067
f 2118 2132 2117
f 2068 2083 2067
f 2117 2134 2133 2116
f 2068 2069 2085 2084
f 2116 2133 2135 2119
f 2069 2070 2086 2085
f 2119 2135 2136 2120
f 2070 2071 2087 2086
f 2120 2136 2137 2121
f 2071 2072 2088 2087
f 2121 2137 2138 2122
f 2072 2073 2089 2088
f 2122 2138 2139 2123
f 2073 2074 2090 2089
f 2123 2139 2140 2124
f 2074 2075 2091 2090
f 2124 2140 2141 2125
f 2075 2076 2092 2091
f 2125 2141 2142 2126
f 2076 2077 2093 2092
f 2126 2142 2143 2127
f 2077 2078 2094 2093
f 2127 2143 2144 2128
f 2078 2079 2095 2094
f 2128 2144 2145 2129
f 2079 2080 2096 2095
f 2129 2145 2146 2130
f 2080 2081 2097 2096
f 2130 2146 2147 2131
f 2081 2082 2098 2097
f 2131 2147 2148 2132
f 2082 2083 2099 2098
f 2132 2148 2134 2117
f 2083 2068 2084 2099
f 2134 2149 2164 2133
f 2084 2085 2101 2100
f 2133 2164 2163 2135
f 2085 2086 2102 2101
f 2135 2163 2162 2136
f 2086 2087 2103 2102
f 2136 2162 2161 2137
f 2087 2088 2104 2103
f 2137 2161 2160 2138
f 2088 2089 2105 2104
f 2138 2160 2159 2139
f 2089 2090 2106 2105
f 2139 2159 2158 2140
f 2090 2091 2107 2106
f 2140 2158 2157 2141
f 2091 2092 2108 2107
f 2141 2157 2156 2142
f 2092 2093 2109 2108
f 2142 2156 2155 2143
f 2093 2094 2110 2109
f 2143 2155 2154 2144
f 2094 2095 2111 2110
f 2144 2154 2153 2145
f 2095 2096 2112 2111
f 2145 2153 2152 2146
f 2096 2097 2113 2112
f 2146 2152 2151 2147
f 2097 2098 2114 2113
f 2147 2151 2150 2148
f 2098 2099 2115 2114
f 2148 2150 2149 2134
f 2099 2084 2100 2115
f 2150 2165 2166 2149
f 2151 2169 2165 2150
f 2152 2171 2169 2151
f 2153 2173 2171 2152
f 2154 2175 2173 2153
f 2155 2177 2175 2154
f 2156 2179 2177 2155
f 2157 2181 2179 2156
f 2158 2183 2181 2157
f 2159 2185 2183 2158
f 2160 2187 2185 2159
f 2161 2189 2187 2160
f 2162 2191 2189 2161
f 2163 2193 2191 2162
f 2164 2195 2193 2163
f 2149 2166 2195 2164
f 2166 2165 2168 2167
f 2165 2169 2170 2168
f 2169 2171 2172 2170
f 2171 2173 2174 2172
f 2173 2175 2176 2174
f 2175 2177 2178 2176
f 2177 2179 2180 2178
f 2179 2181 2182 2180
f 2181 2183 2184 2182
f 2183 2185 2186 2184
f 2185 2187 2188 2186
f 2187 2189 2190 2188
f 2189 2191 2192 2190
f 2191 2193 2194 2192
f 2193 2195 2196 2194
f 2167 2196 2195 2166
f 2115 2100 2197 2198
f 2114 2115 2198 2199
f 2113 2114 2199 2200
f 2112 2113 2200 2201
f 2111 2112 2201 2202
f 2110 2111 2202 2203
f 2109 2110 2203 2204
f 2108 2109 2204 2205
f 2107 2108 2205 2206
f 2106 2107 2206 2207
f 2105 2106 2207 2208
f 2104 2105 2208 2209
f 2103 2104 2209 2210
f 2102 2103 2210 2211
f 2101 2102 2211 2212
f 2100 2101 2212 2197
f 2213 2214 2167 2168
f 2215 2213 2168 2170
f 2216 2215 2170 2172
f 2217 2216 2172 2174
f 2218 2217 2174 2176
f 2219 2218 2176 2178
f 2220 2219 2178 2180
f 2221 2220 2180 2182
f 2222 2221 2182 2184
f 2223 2222 2184 2186
f 2224 2223 2186 2188
f 2225 2224 2188 2190
f 2226 2225 2190 2192
f 2227 2226 2192 2194
f 2228 2227 2194 2196
f 2214 2228 2196 2167
f 2214 2213 2198 2197
f 2199 2198 2213 2215
f 2200 2199 2215 2216
f 2201 2200 2216 2217
f 2202 2201 2217 2218
f 2203 2202 2218 2219
f 2204 2203 2219 2220
f 2205 2204 2220 2221
f 2206 2205 2221 2222
f 2207 2206 2222 2223
f 2208 2207 2223 2224
f 2209 2208 2224 2225
f 2210 2209 2225 2226
f 2211 2210 2226 2227
f 2212 2211 2227 2228
f 2197 2212 2228 2214
g Group11776
f 2274 2273 2272 2271
g Group11779
f 2234 2229 2274 2271
f 2259 2260 2272 2273
g Group17707
f 2229 2234 2260 2259
g Group11776
f 2271 2272 2276 2275
g Group11779
f 2230 2234 2271 2275
g Group17707
f 2234 2230 2261 2260
g Group11776
f 2275 2276 2278 2277
g Group11779
f 2236 2230 2275 2277
g Group17707
f 2230 2236 2262 2261
g Group11776
f 2277 2278 2280 2279
g Group11779
f 2238 2236 2277 2279
g Group17707
f 2236 2238 2263 2262
g Group11776
f 2279 2280 2282 2281
g Group11779
f 2240 2238 2279 2281
f 2264 2240 2281 2282
g Group17707
f 2238 2240 2264 2263
g Group11776
f 2286 2285 2284 2283
g Group11779
f 2242 2231 2286 2283
f 2249 2255 2284 2285
g Group17707
f 2231 2242 2255 2249
g Group11776
f 2283 2284 2288 2287
g Group11779
f 2244 2242 2283 2287
f 2255 2256 2288 2284
g Group17707
f 2242 2244 2256 2255
g Group11776
f 2287 2288 2290 2289
g Group11779
f 2246 2244 2287 2289
f 2256 2257 2290 2288
g Group17707
f 2244 2246 2257 2256
g Group11776
f 2289 2290 2292 2291
g Group11779
f 2248 2246 2289 2291
f 2258 2248 2291 2292
g Group17707
f 2246 2248 2258 2257
g Group11776
f 2285 2286 2294 2293
g Group11779
f 2270 2249 2285 2293
f 2231 2269 2294 2286
g Group17707
f 2249 2270 2269 2231
g Group11776
f 2298 2297 2296 2295
g Group11779
f 2233 2232 2296 2297
g Group17707
f 2250 2251 2232 2233
g Group11776
f 2295 2296 2300 2299
g Group11779
f 2232 2235 2300 2296
g Group17707
f 2251 2252 2235 2232
g Group11776
f 2299 2300 2302 2301
g Group11779
f 2235 2237 2302 2300
g Group17707
f 2252 2253 2237 2235
g Group11776
f 2301 2302 2304 2303
g Group11779
f 2239 2254 2303 2304
f 2237 2239 2304 2302
g Group17707
f 2253 2254 2239 2237
g Group11776
f 2290 2306 2305 2292
g Group11779
f 2268 2258 2292 2305
f 2257 2267 2306 2290
g Group17707
f 2257 2258 2268 2267
g Group11776
f 2272 2298 2295 2276
g Group11779
f 2260 2250 2298 2272
g Group17707
f 2260 2261 2251 2250
g Group11776
f 2276 2295 2299 2278
g Group17707
f 2261 2262 2252 2251
g Group11776
f 2278 2299 2301 2280
g Group17707
f 2262 2263 2253 2252
g Group11776
f 2280 2301 2303 2282
g Group11779
f 2254 2264 2282 2303
g Group17707
f 2263 2264 2254 2253
g Group11776
f 2273 2274 2308 2307
g Group11779
f 2265 2259 2273 2307
f 2229 2241 2308 2274
g Group17707
f 2259 2265 2241 2229
g Group11776
f 2307 2308 2310 2309
g Group11779
f 2266 2265 2307 2309
f 2241 2243 2310 2308
g Group17707
f 2265 2266 2243 2241
g Group11776
f 2309 2310 2311 2306
g Group11779
f 2267 2266 2309 2306
f 2243 2245 2311 2310
g Group17707
f 2266 2267 2245 2243
g Group11776
f 2306 2311 2312 2305
g Group11779
f 2247 2268 2305 2312
f 2245 2247 2312 2311
g Group17707
f 2267 2268 2247 2245
g Group11776
f 2293 2294 2297 2298
g Group11779
f 2250 2270 2293 2298
f 2269 2233 2297 2294
g Group17707
f 2270 2250 2233 2269
g Group52437
f 2313 2343 2344 2318
f 2318 2344 2338 2323
f 2323 2338 2347 2322
f 2322 2347 2349 2321
f 2321 2349 2351 2320
f 2320 2351 2353 2319
f 2330 2331 2313 2318
f 2331 2337 2314 2313
f 2337 2336 2319 2314
f 2336 2335 2320 2319
f 2335 2334 2321 2320
f 2334 2333 2322 2321
f 2333 2332 2323 2322
f 2332 2330 2318 2323
f 2314 2315 2324 2313
f 2314 2319 2325 2315
f 2353 2366 2325 2319
f 2326 2339 2368 2324
f 2315 2316 2326 2324
f 2325 2327 2316 2315
f 2326 2376 2377 2339
f 2316 2383 2376 2326
f 2327 2382 2383 2316
f 2327 2325 2366 2375
f 2328 2382 2381 2372
f 2343 2313 2324 2368
f 2342 2341 2344 2343
f 2341 2345 2338 2344
f 2347 2338 2345 2346
f 2346 2348 2349 2347
f 2348 2350 2351 2349
f 2350 2352 2353 2351
f 2354 2341 2342 2355
f 2355 2342 2357 2356
f 2356 2357 2352 2358
f 2358 2352 2350 2359
f 2359 2350 2348 2360
f 2360 2348 2346 2361
f 2361 2346 2345 2362
f 2362 2345 2341 2354
f 2357 2342 2364 2363
f 2357 2363 2365 2352
f 2353 2352 2365 2366
f 2367 2364 2368 2339
f 2363 2364 2367 2369
f 2365 2363 2369 2370
f 2367 2339 2377 2378
f 2369 2367 2378 2379
f 2370 2369 2379 2380
f 2370 2375 2366 2365
f 2371 2372 2381 2380
f 2343 2368 2364 2342
f 2332 2333 2361 2362
f 2333 2334 2360 2361
f 2334 2335 2359 2360
f 2335 2336 2358 2359
f 2336 2337 2356 2358
f 2337 2331 2355 2356
f 2331 2330 2354 2355
f 2330 2332 2362 2354
f 2329 2340 2377 2376
f 2383 2317 2329 2376
f 2328 2317 2383 2382
f 2327 2375 2381 2382
f 2340 2373 2378 2377
f 2373 2374 2379 2378
f 2374 2371 2380 2379
f 2375 2370 2380 2381
f 2385 2386 2387 2384
f 2389 2390 2391 2388
f 2392 2393 2389 2388
f 2385 2393 2392 2386
f 2394 2395 2387
f 2386 2394 2387
f 2396 2388 2391 2397
f 2398 2392 2388 2396
f 2394 2386 2392 2398
f 2394 2399 2400 2395
f 2396 2397 2402 2401
f 2403 2398 2396 2401
f 2399 2394 2398 2403
f 2405 2384 2387 2404
f 2407 2406 2391 2390
f 2408 2406 2407 2409
f 2405 2404 2408 2409
f 2395 2410 2387
f 2404 2387 2410
f 2411 2397 2391 2406
f 2412 2411 2406 2408
f 2410 2412 2408 2404
f 2410 2395 2400 2413
f 2411 2414 2402 2397
f 2415 2414 2411 2412
f 2413 2415 2412 2410
f 2407 2390 2416 2409
f 2405 2409 2416 2384
f 2389 2393 2416 2390
f 2416 2393 2385 2384
f 2371 2374 2415 2413
f 2374 2373 2414 2415
f 2373 2340 2402 2414
f 2340 2329 2401 2402
f 2329 2317 2403 2401
f 2317 2328 2399 2403
f 2328 2372 2400 2399
f 2372 2371 2413 2400
f 2420 2419 2418 2421
f 2422 2420 2421 2423
f 2424 2422 2423 2425
f 2426 2424 2425 2427
f 2428 2426 2427 2429
f 2430 2428 2429 2431
f 2432 2430 2431 2433
f 2419 2432 2433 2418
f 2435 2434 2419 2420
f 2436 2435 2420 2422
f 2437 2436 2422 2424
f 2438 2437 2424 2426
f 2439 2438 2426 2428
f 2440 2439 2428 2430
f 2441 2440 2430 2432
f 2434 2441 2432 2419
f 2435 2551 2550 2434
f 2436 2552 2551 2435
f 2437 2553 2552 2436
f 2438 2554 2553 2437
f 2438 2439 2555 2554
f 2439 2440 2556 2555
f 2440 2441 2557 2556
f 2441 2434 2550 2557
f 2451 2450 2453 2452
f 2452 2453 2455 2454
f 2454 2455 2457 2456
f 2456 2457 2459 2458
f 2460 2463 2462 2461
f 2462 2463 2465 2464
f 2467 2466 2450 2451
f 2469 2468 2471 2470
f 2470 2471 2473 2472
f 2472 2473 2475 2474
f 2474 2475 2477 2476
f 2479 2478 2481 2480
f 2481 2483 2482 2480
f 2484 2468 2469 2485
f 2466 2465 2482 2485
f 2484 2483 2481 2492
f 2492 2481 2478 2493
f 2489 2495 2494 2490
f 2490 2494 2496 2491
f 2467 2491 2496 2464
f 2525 2524 2533 2532
f 2533 2524 2531 2534
f 2534 2531 2530 2500
f 2500 2530 2529 2535
f 2535 2529 2528 2536
f 2528 2527 2537 2536
f 2527 2526 2538 2537
f 2526 2525 2532 2538
f 2468 2442 2443 2471
f 2471 2443 2444 2473
f 2473 2444 2445 2475
f 2445 2446 2477 2475
f 2446 2447 2493 2477
f 2447 2448 2492 2493
f 2448 2449 2484 2492
f 2484 2449 2442 2468
f 2506 2509 2508 2507
f 2511 2510 2506 2507
f 2513 2512 2510 2511
f 2515 2514 2512 2513
f 2517 2516 2514 2515
f 2518 2516 2517 2519
f 2520 2518 2519 2521
f 2509 2520 2521 2508
f 2498 2509 2506 2497
f 2497 2506 2510 2499
f 2499 2510 2512 2501
f 2501 2512 2514 2502
f 2502 2514 2516 2503
f 2503 2516 2518 2504
f 2504 2518 2520 2505
f 2505 2520 2509 2498
f 2558 2709 2561 2562
f 2709 2712 2568 2561
f 2712 2714 2567 2568
f 2716 2566 2567 2714
f 2560 2564 2565 2559
f 2417 2563 2564 2560
f 2558 2562 2563 2417
f 2451 2452 2486 2541
f 2452 2454 2487 2486
f 2454 2456 2488 2487
f 2456 2458 2539 2488
f 2461 2462 2494 2495
f 2494 2462 2464 2496
f 2491 2467 2451 2541
f 2466 2467 2464 2465
f 2450 2469 2470 2453
f 2453 2470 2472 2455
f 2455 2472 2474 2457
f 2457 2474 2476 2459
f 2460 2479 2480 2463
f 2480 2482 2465 2463
f 2485 2469 2450 2466
f 2485 2482 2483 2484
f 2476 2477 2493 2522
f 2495 2489 2523 2461
f 2458 2523 2489 2539
f 2522 2493 2478 2479
f 2498 2497 2524 2525
f 2524 2497 2499 2531
f 2531 2499 2501 2530
f 2530 2501 2502 2529
f 2529 2502 2503 2528
f 2503 2504 2527 2528
f 2504 2505 2526 2527
f 2505 2498 2525 2526
f 2533 2459 2476 2532
f 2534 2458 2459 2533
f 2500 2523 2458 2534
f 2535 2461 2523 2500
f 2536 2460 2461 2535
f 2537 2479 2460 2536
f 2538 2522 2479 2537
f 2532 2476 2522 2538
f 2491 2541 2540 2490
f 2489 2490 2540 2539
f 2486 2487 2540 2541
f 2540 2487 2488 2539
f 2543 2443 2442 2542
f 2544 2444 2443 2543
f 2545 2445 2444 2544
f 2546 2446 2445 2545
f 2447 2446 2546 2547
f 2448 2447 2547 2548
f 2449 2448 2548 2549
f 2442 2449 2549 2542
f 2551 2543 2542 2550
f 2552 2544 2543 2551
f 2553 2545 2544 2552
f 2554 2546 2545 2553
f 2547 2546 2554 2555
f 2548 2547 2555 2556
f 2549 2548 2556 2557
f 2542 2549 2557 2550
f 2565 2566 2716 2559
f 2421 2418 2562 2561
f 2423 2421 2561 2568
f 2425 2423 2568 2567
f 2427 2425 2567 2566
f 2564 2431 2429 2565
f 2563 2433 2431 2564
f 2562 2418 2433 2563
f 2429 2427 2566 2565
f 2507 2508 2570 2569
f 2511 2507 2569 2571
f 2513 2511 2571 2572
f 2515 2513 2572 2573
f 2517 2515 2573 2574
f 2519 2517 2574 2575
f 2521 2519 2575 2576
f 2508 2521 2576 2570
f 2569 2570 2577 2578
f 2571 2569 2578 2579
f 2572 2571 2579 2580
f 2573 2572 2580 2581
f 2574 2573 2581 2582
f 2575 2574 2582 2583
f 2576 2575 2583 2584
f 2570 2576 2584 2577
f 2587 2586 2585 2588
f 2590 2589 2586 2587
f 2592 2591 2589 2590
f 2594 2593 2591 2592
f 2596 2595 2593 2594
f 2598 2597 2595 2596
f 2600 2599 2597 2598
f 2588 2585 2599 2600
f 2601 2587 2588 2602
f 2603 2590 2587 2601
f 2604 2592 2590 2603
f 2605 2594 2592 2604
f 2606 2596 2594 2605
f 2607 2598 2596 2606
f 2608 2600 2598 2607
f 2602 2588 2600 2608
f 2601 2602 2610 2609
f 2603 2601 2609 2611
f 2604 2603 2611 2612
f 2605 2604 2612 2613
f 2605 2613 2614 2606
f 2606 2614 2615 2607
f 2607 2615 2616 2608
f 2608 2616 2610 2602
f 2620 2619 2618 2617
f 2619 2622 2621 2618
f 2622 2624 2623 2621
f 2624 2626 2625 2623
f 2627 2630 2629 2628
f 2629 2632 2631 2628
f 2634 2620 2617 2633
f 2638 2637 2636 2635
f 2637 2640 2639 2636
f 2640 2642 2641 2639
f 2642 2644 2643 2641
f 2648 2647 2646 2645
f 2646 2647 2650 2649
f 2651 2652 2638 2635
f 2633 2652 2650 2631
f 2651 2653 2646 2649
f 2653 2654 2645 2646
f 2655 2658 2657 2656
f 2658 2660 2659 2657
f 2634 2632 2659 2660
f 2662 2661 2664 2663
f 2664 2666 2665 2663
f 2666 2668 2667 2665
f 2668 2670 2669 2667
f 2670 2672 2671 2669
f 2671 2672 2674 2673
f 2673 2674 2676 2675
f 2675 2676 2661 2662
f 2635 2636 2678 2677
f 2636 2639 2679 2678
f 2639 2641 2680 2679
f 2680 2641 2643 2681
f 2681 2643 2654 2682
f 2682 2654 2653 2683
f 2683 2653 2651 2684
f 2651 2635 2677 2684
f 2685 2688 2687 2686
f 2690 2688 2685 2689
f 2692 2690 2689 2691
f 2694 2692 2691 2693
f 2696 2694 2693 2695
f 2697 2698 2696 2695
f 2699 2700 2698 2697
f 2686 2687 2700 2699
f 2701 2702 2685 2686
f 2702 2703 2689 2685
f 2703 2704 2691 2689
f 2704 2705 2693 2691
f 2705 2706 2695 2693
f 2706 2707 2697 2695
f 2707 2708 2699 2697
f 2708 2701 2686 2699
f 2558 2711 2710 2709
f 2709 2710 2713 2712
f 2712 2713 2715 2714
f 2716 2714 2715 2717
f 2560 2559 2719 2718
f 2417 2560 2718 2720
f 2558 2417 2720 2711
f 2620 2722 2721 2619
f 2619 2721 2723 2622
f 2622 2723 2724 2624
f 2624 2724 2725 2626
f 2630 2656 2657 2629
f 2657 2659 2632 2629
f 2660 2722 2620 2634
f 2633 2631 2632 2634
f 2617 2618 2637 2638
f 2618 2621 2640 2637
f 2621 2623 2642 2640
f 2623 2625 2644 2642
f 2627 2628 2647 2648
f 2647 2628 2631 2650
f 2652 2633 2617 2638
f 2652 2651 2649 2650
f 2644 2726 2654 2643
f 2656 2630 2727 2655
f 2626 2725 2655 2727
f 2726 2648 2645 2654
f 2701 2662 2663 2702
f 2663 2665 2703 2702
f 2665 2667 2704 2703
f 2667 2669 2705 2704
f 2669 2671 2706 2705
f 2706 2671 2673 2707
f 2707 2673 2675 2708
f 2708 2675 2662 2701
f 2664 2661 2644 2625
f 2666 2664 2625 2626
f 2668 2666 2626 2727
f 2670 2668 2727 2630
f 2672 2670 2630 2627
f 2674 2672 2627 2648
f 2676 2674 2648 2726
f 2661 2676 2726 2644
f 2660 2658 2728 2722
f 2655 2725 2728 2658
f 2721 2722 2728 2723
f 2728 2725 2724 2723
f 2729 2730 2677 2678
f 2731 2729 2678 2679
f 2732 2731 2679 2680
f 2733 2732 2680 2681
f 2682 2734 2733 2681
f 2683 2735 2734 2682
f 2684 2736 2735 2683
f 2677 2730 2736 2684
f 2609 2610 2730 2729
f 2611 2609 2729 2731
f 2612 2611 2731 2732
f 2613 2612 2732 2733
f 2734 2614 2613 2733
f 2735 2615 2614 2734
f 2736 2616 2615 2735
f 2730 2610 2616 2736
f 2719 2559 2716 2717
f 2586 2710 2711 2585
f 2589 2713 2710 2586
f 2591 2715 2713 2589
f 2593 2717 2715 2591
f 2718 2719 2595 2597
f 2720 2718 2597 2599
f 2711 2720 2599 2585
f 2595 2719 2717 2593
f 2688 2738 2737 2687
f 2690 2739 2738 2688
f 2692 2740 2739 2690
f 2694 2741 2740 2692
f 2696 2742 2741 2694
f 2698 2743 2742 2696
f 2700 2744 2743 2698
f 2687 2737 2744 2700
f 2738 2746 2745 2737
f 2739 2747 2746 2738
f 2740 2748 2747 2739
f 2741 2749 2748 2740
f 2742 2750 2749 2741
f 2743 2751 2750 2742
f 2744 2752 2751 2743
f 2737 2745 2752 2744
f 2580 2579 2747 2748
f 2579 2578 2746 2747
f 2578 2577 2745 2746
f 2577 2584 2752 2745
f 2584 2583 2751 2752
f 2583 2582 2750 2751
f 2582 2581 2749 2750
f 2581 2580 2748 2749
g Group19762
f 2807 2855 2856 2804
g Group19765
f 2774 2754 2807 2804
f 2754 2857 2855 2807
g Group26787
f 2754 2774 2858 2857
g Group19762
f 2810 2805 2809 2808
g Group19765
f 2758 2755 2810 2808
g Group26787
f 2755 2758 2775 2773
g Group19762
f 2814 2813 2812 2811
g Group19765
f 2772 2770 2814 2811
f 2779 2772 2811 2812
g Group26787
f 2770 2772 2779 2778
g Group19762
f 2804 2856 2859 2815
g Group19765
f 2753 2774 2804 2815
f 2755 2860 2859 2810
g Group26787
f 2774 2753 2860 2858
g Group19762
f 2805 2806 2816 2809
g Group19765
f 2756 2757 2816 2806
g Group26787
f 2773 2775 2757 2756
g Group19762
f 2813 2818 2817 2812
g Group19765
f 2771 2779 2812 2817
f 2769 2771 2817 2818
g Group26787
f 2778 2779 2771 2769
g Group19762
f 2822 2821 2820 2819
g Group19765
f 2780 2782 2820 2821
g Group26787
f 2776 2762 2782 2780
g Group19762
f 2820 2824 2823 2819
g Group19765
f 2764 2762 2819 2823
f 2782 2781 2824 2820
g Group26787
f 2782 2762 2764 2781
g Group19762
f 2823 2824 2826 2825
g Group19765
f 2766 2764 2823 2825
f 2781 2784 2826 2824
g Group26787
f 2764 2766 2784 2781
g Group19762
f 2826 2828 2827 2825
g Group19765
f 2784 2783 2828 2826
g Group26787
f 2784 2766 2777 2783
g Group19762
f 2832 2831 2830 2829
g Group19765
f 2761 2763 2832 2829
f 2785 2786 2830 2831
g Group26787
f 2763 2761 2786 2785
g Group19762
f 2830 2821 2822 2829
g Group19765
f 2786 2780 2821 2830
g Group26787
f 2786 2761 2776 2780
g Group19762
f 2827 2828 2834 2833
g Group19765
f 2783 2787 2834 2828
g Group26787
f 2777 2765 2787 2783
g Group19762
f 2834 2831 2832 2833
g Group19765
f 2763 2765 2833 2832
f 2787 2785 2831 2834
g Group26787
f 2787 2765 2763 2785
g Group19762
f 2809 2836 2835 2808
g Group19765
f 2788 2790 2835 2836
g Group26787
f 2775 2758 2790 2788
g Group19762
f 2835 2838 2837 2808
g Group19765
f 2760 2758 2808 2837
f 2790 2789 2838 2835
g Group26787
f 2790 2758 2760 2789
g Group19762
f 2837 2838 2839 2819
g Group19765
f 2762 2760 2837 2819
f 2789 2792 2839 2838
g Group26787
f 2760 2762 2792 2789
g Group19762
f 2839 2840 2822 2819
g Group19765
f 2792 2791 2840 2839
g Group26787
f 2792 2762 2776 2791
g Group19762
f 2843 2842 2841 2816
g Group19765
f 2757 2759 2843 2816
f 2793 2794 2841 2842
g Group26787
f 2759 2757 2794 2793
g Group19762
f 2841 2836 2809 2816
g Group19765
f 2794 2788 2836 2841
g Group26787
f 2794 2757 2775 2788
g Group19762
f 2822 2840 2844 2829
g Group19765
f 2791 2795 2844 2840
g Group26787
f 2776 2761 2795 2791
g Group19762
f 2844 2842 2843 2829
g Group19765
f 2759 2761 2829 2843
f 2795 2793 2842 2844
g Group26787
f 2795 2761 2759 2793
g Group19762
f 2827 2846 2845 2825
g Group19765
f 2796 2798 2845 2846
g Group26787
f 2777 2766 2798 2796
g Group19762
f 2845 2848 2847 2825
g Group19765
f 2768 2766 2825 2847
f 2798 2797 2848 2845
g Group26787
f 2798 2766 2768 2797
g Group19762
f 2847 2848 2849 2814
g Group19765
f 2770 2768 2847 2814
f 2797 2800 2849 2848
g Group26787
f 2768 2770 2800 2797
g Group19762
f 2849 2850 2813 2814
g Group19765
f 2800 2799 2850 2849
g Group26787
f 2800 2770 2778 2799
g Group19762
f 2853 2852 2851 2833
g Group19765
f 2765 2767 2853 2833
f 2801 2802 2851 2852
g Group26787
f 2767 2765 2802 2801
g Group19762
f 2851 2846 2827 2833
g Group19765
f 2802 2796 2846 2851
g Group26787
f 2802 2765 2777 2796
g Group19762
f 2813 2850 2854 2818
g Group19765
f 2799 2803 2854 2850
g Group26787
f 2778 2769 2803 2799
g Group19762
f 2854 2852 2853 2818
g Group19765
f 2767 2769 2818 2853
f 2803 2801 2852 2854
g Group26787
f 2803 2769 2767 2801
g Group19762
f 2855 2806 2805 2856
g Group19765
f 2857 2756 2806 2855
g Group26787
f 2857 2858 2773 2756
g Group19762
f 2856 2805 2810 2859
g Group19765
f 2860 2753 2815 2859
g Group26787
f 2858 2860 2755 2773
g Group49278
f 2912 2911 2910
f 2863 2862 2861
f 2912 2910 2913
f 2864 2863 2861
f 2912 2913 2914
f 2865 2864 2861
f 2912 2914 2915
f 2866 2865 2861
f 2912 2915 2916
f 2867 2866 2861
f 2912 2916 2917
f 2868 2867 2861
f 2912 2917 2918
f 2869 2868 2861
f 2912 2918 2919
f 2870 2869 2861
f 2912 2919 2920
f 2871 2870 2861
f 2912 2920 2921
f 2872 2871 2861
f 2912 2921 2922
f 2873 2872 2861
f 2912 2922 2923
f 2874 2873 2861
f 2912 2923 2924
f 2875 2874 2861
f 2912 2924 2925
f 2876 2875 2861
f 2912 2925 2926
f 2877 2876 2861
f 2912 2926 2911
f 2862 2877 2861
f 2911 2928 2927 2910
f 2862 2863 2879 2878
f 2910 2927 2929 2913
f 2863 2864 2880 2879
f 2913 2929 2930 2914
f 2864 2865 2881 2880
f 2914 2930 2931 2915
f 2865 2866 2882 2881
f 2915 2931 2932 2916
f 2866 2867 2883 2882
f 2916 2932 2933 2917
f 2867 2868 2884 2883
f 2917 2933 2934 2918
f 2868 2869 2885 2884
f 2918 2934 2935 2919
f 2869 2870 2886 2885
f 2919 2935 2936 2920
f 2870 2871 2887 2886
f 2920 2936 2937 2921
f 2871 2872 2888 2887
f 2921 2937 2938 2922
f 2872 2873 2889 2888
f 2922 2938 2939 2923
f 2873 2874 2890 2889
f 2923 2939 2940 2924
f 2874 2875 2891 2890
f 2924 2940 2941 2925
f 2875 2876 2892 2891
f 2925 2941 2942 2926
f 2876 2877 2893 2892
f 2926 2942 2928 2911
f 2877 2862 2878 2893
f 2928 2943 2958 2927
f 2878 2879 2895 2894
f 2927 2958 2957 2929
f 2879 2880 2896 2895
f 2929 2957 2956 2930
f 2880 2881 2897 2896
f 2930 2956 2955 2931
f 2881 2882 2898 2897
f 2931 2955 2954 2932
f 2882 2883 2899 2898
f 2932 2954 2953 2933
f 2883 2884 2900 2899
f 2933 2953 2952 2934
f 2884 2885 2901 2900
f 2934 2952 2951 2935
f 2885 2886 2902 2901
f 2935 2951 2950 2936
f 2886 2887 2903 2902
f 2936 2950 2949 2937
f 2887 2888 2904 2903
f 2937 2949 2948 2938
f 2888 2889 2905 2904
f 2938 2948 2947 2939
f 2889 2890 2906 2905
f 2939 2947 2946 2940
f 2890 2891 2907 2906
f 2940 2946 2945 2941
f 2891 2892 2908 2907
f 2941 2945 2944 2942
f 2892 2893 2909 2908
f 2942 2944 2943 2928
f 2893 2878 2894 2909
f 2944 2959 2960 2943
f 2945 2963 2959 2944
f 2946 2965 2963 2945
f 2947 2967 2965 2946
f 2948 2969 2967 2947
f 2949 2971 2969 2948
f 2950 2973 2971 2949
f 2951 2975 2973 2950
f 2952 2977 2975 2951
f 2953 2979 2977 2952
f 2954 2981 2979 2953
f 2955 2983 2981 2954
f 2956 2985 2983 2955
f 2957 2987 2985 2956
f 2958 2989 2987 2957
f 2943 2960 2989 2958
f 2960 2959 2962 2961
f 2959 2963 2964 2962
f 2963 2965 2966 2964
f 2965 2967 2968 2966
f 2967 2969 2970 2968
f 2969 2971 2972 2970
f 2971 2973 2974 2972
f 2973 2975 2976 2974
f 2975 2977 2978 2976
f 2977 2979 2980 2978
f 2979 2981 2982 2980
f 2981 2983 2984 2982
f 2983 2985 2986 2984
f 2985 2987 2988 2986
f 2987 2989 2990 2988
f 2961 2990 2989 2960
f 2909 2894 2991 2992
f 2908 2909 2992 2993
f 2907 2908 2993 2994
f 2906 2907 2994 2995
f 2905 2906 2995 2996
f 2904 2905 2996 2997
f 2903 2904 2997 2998
f 2902 2903 2998 2999
f 2901 2902 2999 3000
f 2900 2901 3000 3001
f 2899 2900 3001 3002
f 2898 2899 3002 3003
f 2897 2898 3003 3004
f 2896 2897 3004 3005
f 2895 2896 3005 3006
f 2894 2895 3006 2991
f 3007 3008 2961 2962
f 3009 3007 2962 2964
f 3010 3009 2964 2966
f 3011 3010 2966 2968
f 3012 3011 2968 2970
f 3013 3012 2970 2972
f 3014 3013 2972 2974
f 3015 3014 2974 2976
f 3016 3015 2976 2978
f 3017 3016 2978 2980
f 3018 3017 2980 2982
f 3019 3018 2982 2984
f 3020 3019 2984 2986
f 3021 3020 2986 2988
f 3022 3021 2988 2990
f 3008 3022 2990 2961
f 3008 3007 2992 2991
f 2993 2992 3007 3009
f 2994 2993 3009 3010
f 2995 2994 3010 3011
f 2996 2995 3011 3012
f 2997 2996 3012 3013
f 2998 2997 3013 3014
f 2999 2998 3014 3015
f 3000 2999 3015 3016
f 3001 3000 3016 3017
f 3002 3001 3017 3018
f 3003 3002 3018 3019
f 3004 3003 3019 3020
f 3005 3004 3020 3021
f 3006 3005 3021 3022
f 2991 3006 3022 3008
f 3074 3073 3072
f 3025 3024 3023
f 3074 3072 3075
f 3026 3025 3023
f 3074 3075 3076
f 3027 3026 3023
f 3074 3076 3077
f 3028 3027 3023
f 3074 3077 3078
f 3029 3028 3023
f 3074 3078 3079
f 3030 3029 3023
f 3074 3079 3080
f 3031 3030 3023
f 3074 3080 3081
f 3032 3031 3023
f 3074 3081 3082
f 3033 3032 3023
f 3074 3082 3083
f 3034 3033 3023
f 3074 3083 3084
f 3035 3034 3023
f 3074 3084 3085
f 3036 3035 3023
f 3074 3085 3086
f 3037 3036 3023
f 3074 3086 3087
f 3038 3037 3023
f 3074 3087 3088
f 3039 3038 3023
f 3074 3088 3073
f 3024 3039 3023
f 3073 3090 3089 3072
f 3024 3025 3041 3040
f 3072 3089 3091 3075
f 3025 3026 3042 3041
f 3075 3091 3092 3076
f 3026 3027 3043 3042
f 3076 3092 3093 3077
f 3027 3028 3044 3043
f 3077 3093 3094 3078
f 3028 3029 3045 3044
f 3078 3094 3095 3079
f 3029 3030 3046 3045
f 3079 3095 3096 3080
f 3030 3031 3047 3046
f 3080 3096 3097 3081
f 3031 3032 3048 3047
f 3081 3097 3098 3082
f 3032 3033 3049 3048
f 3082 3098 3099 3083
f 3033 3034 3050 3049
f 3083 3099 3100 3084
f 3034 3035 3051 3050
f 3084 3100 3101 3085
f 3035 3036 3052 3051
f 3085 3101 3102 3086
f 3036 3037 3053 3052
f 3086 3102 3103 3087
f 3037 3038 3054 3053
f 3087 3103 3104 3088
f 3038 3039 3055 3054
f 3088 3104 3090 3073
f 3039 3024 3040 3055
f 3090 3105 3120 3089
f 3040 3041 3057 3056
f 3089 3120 3119 3091
f 3041 3042 3058 3057
f 3091 3119 3118 3092
f 3042 3043 3059 3058
f 3092 3118 3117 3093
f 3043 3044 3060 3059
f 3093 3117 3116 3094
f 3044 3045 3061 3060
f 3094 3116 3115 3095
f 3045 3046 3062 3061
f 3095 3115 3114 3096
f 3046 3047 3063 3062
f 3096 3114 3113 3097
f 3047 3048 3064 3063
f 3097 3113 3112 3098
f 3048 3049 3065 3064
f 3098 3112 3111 3099
f 3049 3050 3066 3065
f 3099 3111 3110 3100
f 3050 3051 3067 3066
f 3100 3110 3109 3101
f 3051 3052 3068 3067
f 3101 3109 3108 3102
f 3052 3053 3069 3068
f 3102 3108 3107 3103
f 3053 3054 3070 3069
f 3103 3107 3106 3104
f 3054 3055 3071 3070
f 3104 3106 3105 3090
f 3055 3040 3056 3071
f 3106 3121 3122 3105
f 3107 3125 3121 3106
f 3108 3127 3125 3107
f 3109 3129 3127 3108
f 3110 3131 3129 3109
f 3111 3133 3131 3110
f 3112 3135 3133 3111
f 3113 3137 3135 3112
f 3114 3139 3137 3113
f 3115 3141 3139 3114
f 3116 3143 3141 3115
f 3117 3145 3143 3116
f 3118 3147 3145 3117
f 3119 3149 3147 3118
f 3120 3151 3149 3119
f 3105 3122 3151 3120
f 3122 3121 3124 3123
f 3121 3125 3126 3124
f 3125 3127 3128 3126
f 3127 3129 3130 3128
f 3129 3131 3132 3130
f 3131 3133 3134 3132
f 3133 3135 3136 3134
f 3135 3137 3138 3136
f 3137 3139 3140 3138
f 3139 3141 3142 3140
f 3141 3143 3144 3142
f 3143 3145 3146 3144
f 3145 3147 3148 3146
f 3147 3149 3150 3148
f 3149 3151 3152 3150
f 3123 3152 3151 3122
f 3071 3056 3153 3154
f 3070 3071 3154 3155
f 3069 3070 3155 3156
f 3068 3069 3156 3157
f 3067 3068 3157 3158
f 3066 3067 3158 3159
f 3065 3066 3159 3160
f 3064 3065 3160 3161
f 3063 3064 3161 3162
f 3062 3063 3162 3163
f 3061 3062 3163 3164
f 3060 3061 3164 3165
f 3059 3060 3165 3166
f 3058 3059 3166 3167
f 3057 3058 3167 3168
f 3056 3057 3168 3153
f 3169 3170 3123 3124
f 3171 3169 3124 3126
f 3172 3171 3126 3128
f 3173 3172 3128 3130
f 3174 3173 3130 3132
f 3175 3174 3132 3134
f 3176 3175 3134 3136
f 3177 3176 3136 3138
f 3178 3177 3138 3140
f 3179 3178 3140 3142
f 3180 3179 3142 3144
f 3181 3180 3144 3146
f 3182 3181 3146 3148
f 3183 3182 3148 3150
f 3184 3183 3150 3152
f 3170 3184 3152 3123
f 3170 3169 3154 3153
f 3155 3154 3169 3171
f 3156 3155 3171 3172
f 3157 3156 3172 3173
f 3158 3157 3173 3174
f 3159 3158 3174 3175
f 3160 3159 3175 3176
f 3161 3160 3176 3177
f 3162 3161 3177 3178
f 3163 3162 3178 3179
f 3164 3163 3179 3180
f 3165 3164 3180 3181
f 3166 3165 3181 3182
f 3167 3166 3182 3183
f 3168 3167 3183 3184
f 3153 3168 3184 3170
f 3236 3235 3234
f 3187 3186 3185
f 3236 3234 3237
f 3188 3187 3185
f 3236 3237 3238
f 3189 3188 3185
f 3236 3238 3239
f 3190 3189 3185
f 3236 3239 3240
f 3191 3190 3185
f 3236 3240 3241
f 3192 3191 3185
f 3236 3241 3242
f 3193 3192 3185
f 3236 3242 3243
f 3194 3193 3185
f 3236 3243 3244
f 3195 3194 3185
f 3236 3244 3245
f 3196 3195 3185
f 3236 3245 3246
f 3197 3196 3185
f 3236 3246 3247
f 3198 3197 3185
f 3236 3247 3248
f 3199 3198 3185
f 3236 3248 3249
f 3200 3199 3185
f 3236 3249 3250
f 3201 3200 3185
f 3236 3250 3235
f 3186 3201 3185
f 3235 3252 3251 3234
f 3186 3187 3203 3202
f 3234 3251 3253 3237
f 3187 3188 3204 3203
f 3237 3253 3254 3238
f 3188 3189 3205 3204
f 3238 3254 3255 3239
f 3189 3190 3206 3205
f 3239 3255 3256 3240
f 3190 3191 3207 3206
f 3240 3256 3257 3241
f 3191 3192 3208 3207
f 3241 3257 3258 3242
f 3192 3193 3209 3208
f 3242 3258 3259 3243
f 3193 3194 3210 3209
f 3243 3259 3260 3244
f 3194 3195 3211 3210
f 3244 3260 3261 3245
f 3195 3196 3212 3211
f 3245 3261 3262 3246
f 3196 3197 3213 3212
f 3246 3262 3263 3247
f 3197 3198 3214 3213
f 3247 3263 3264 3248
f 3198 3199 3215 3214
f 3248 3264 3265 3249
f 3199 3200 3216 3215
f 3249 3265 3266 3250
f 3200 3201 3217 3216
f 3250 3266 3252 3235
f 3201 3186 3202 3217
f 3252 3267 3282 3251
f 3202 3203 3219 3218
f 3251 3282 3281 3253
f 3203 3204 3220 3219
f 3253 3281 3280 3254
f 3204 3205 3221 3220
f 3254 3280 3279 3255
f 3205 3206 3222 3221
f 3255 3279 3278 3256
f 3206 3207 3223 3222
f 3256 3278 3277 3257
f 3207 3208 3224 3223
f 3257 3277 3276 3258
f 3208 3209 3225 3224
f 3258 3276 3275 3259
f 3209 3210 3226 3225
f 3259 3275 3274 3260
f 3210 3211 3227 3226
f 3260 3274 3273 3261
f 3211 3212 3228 3227
f 3261 3273 3272 3262
f 3212 3213 3229 3228
f 3262 3272 3271 3263
f 3213 3214 3230 3229
f 3263 3271 3270 3264
f 3214 3215 3231 3230
f 3264 3270 3269 3265
f 3215 3216 3232 3231
f 3265 3269 3268 3266
f 3216 3217 3233 3232
f 3266 3268 3267 3252
f 3217 3202 3218 3233
f 3268 3283 3284 3267
f 3269 3287 3283 3268
f 3270 3289 3287 3269
f 3271 3291 3289 3270
f 3272 3293 3291 3271
f 3273 3295 3293 3272
f 3274 3297 3295 3273
f 3275 3299 3297 3274
f 3276 3301 3299 3275
f 3277 3303 3301 3276
f 3278 3305 3303 3277
f 3279 3307 3305 3278
f 3280 3309 3307 3279
f 3281 3311 3309 3280
f 3282 3313 3311 3281
f 3267 3284 3313 3282
f 3284 3283 3286 3285
f 3283 3287 3288 3286
f 3287 3289 3290 3288
f 3289 3291 3292 3290
f 3291 3293 3294 3292
f 3293 3295 3296 3294
f 3295 3297 3298 3296
f 3297 3299 3300 3298
f 3299 3301 3302 3300
f 3301 3303 3304 3302
f 3303 3305 3306 3304
f 3305 3307 3308 3306
f 3307 3309 3310 3308
f 3309 3311 3312 3310
f 3311 3313 3314 3312
f 3285 3314 3313 3284
f 3233 3218 3315 3316
f 3232 3233 3316 3317
f 3231 3232 3317 3318
f 3230 3231 3318 3319
f 3229 3230 3319 3320
f 3228 3229 3320 3321
f 3227 3228 3321 3322
f 3226 3227 3322 3323
f 3225 3226 3323 3324
f 3224 3225 3324 3325
f 3223 3224 3325 3326
f 3222 3223 3326 3327
f 3221 3222 3327 3328
f 3220 3221 3328 3329
f 3219 3220 3329 3330
f 3218 3219 3330 3315
f 3331 3332 3285 3286
f 3333 3331 3286 3288
f 3334 3333 3288 3290
f 3335 3334 3290 3292
f 3336 3335 3292 3294
f 3337 3336 3294 3296
f 3338 3337 3296 3298
f 3339 3338 3298 3300
f 3340 3339 3300 3302
f 3341 3340 3302 3304
f 3342 3341 3304 3306
f 3343 3342 3306 3308
f 3344 3343 3308 3310
f 3345 3344 3310 3312
f 3346 3345 3312 3314
f 3332 3346 3314 3285
f 3332 3331 3316 3315
f 3317 3316 3331 3333
f 3318 3317 3333 3334
f 3319 3318 3334 3335
f 3320 3319 3335 3336
f 3321 3320 3336 3337
f 3322 3321 3337 3338
f 3323 3322 3338 3339
f 3324 3323 3339 3340
f 3325 3324 3340 3341
f 3326 3325 3341 3342
f 3327 3326 3342 3343
f 3328 3327 3343 3344
f 3329 3328 3344 3345
f 3330 3329 3345 3346
f 3315 3330 3346 3332
g Group44794
f 3398 3397 3396
f 3349 3348 3347
f 3398 3396 3399
f 3350 3349 3347
f 3398 3399 3400
f 3351 3350 3347
f 3398 3400 3401
f 3352 3351 3347
f 3398 3401 3402
f 3353 3352 3347
f 3398 3402 3403
f 3354 3353 3347
f 3398 3403 3404
f 3355 3354 3347
f 3398 3404 3405
f 3356 3355 3347
f 3398 3405 3406
f 3357 3356 3347
f 3398 3406 3407
f 3358 3357 3347
f 3398 3407 3408
f 3359 3358 3347
f 3398 3408 3409
f 3360 3359 3347
f 3398 3409 3410
f 3361 3360 3347
f 3398 3410 3411
f 3362 3361 3347
f 3398 3411 3412
f 3363 3362 3347
f 3398 3412 3397
f 3348 3363 3347
f 3397 3414 3413 3396
f 3348 3349 3365 3364
f 3396 3413 3415 3399
f 3349 3350 3366 3365
f 3399 3415 3416 3400
f 3350 3351 3367 3366
f 3400 3416 3417 3401
f 3351 3352 3368 3367
f 3401 3417 3418 3402
f 3352 3353 3369 3368
f 3402 3418 3419 3403
f 3353 3354 3370 3369
f 3403 3419 3420 3404
f 3354 3355 3371 3370
f 3404 3420 3421 3405
f 3355 3356 3372 3371
f 3405 3421 3422 3406
f 3356 3357 3373 3372
f 3406 3422 3423 3407
f 3357 3358 3374 3373
f 3407 3423 3424 3408
f 3358 3359 3375 3374
f 3408 3424 3425 3409
f 3359 3360 3376 3375
f 3409 3425 3426 3410
f 3360 3361 3377 3376
f 3410 3426 3427 3411
f 3361 3362 3378 3377
f 3411 3427 3428 3412
f 3362 3363 3379 3378
f 3412 3428 3414 3397
f 3363 3348 3364 3379
f 3414 3429 3444 3413
f 3364 3365 3381 3380
f 3413 3444 3443 3415
f 3365 3366 3382 3381
f 3415 3443 3442 3416
f 3366 3367 3383 3382
f 3416 3442 3441 3417
f 3367 3368 3384 3383
f 3417 3441 3440 3418
f 3368 3369 3385 3384
f 3418 3440 3439 3419
f 3369 3370 3386 3385
f 3419 3439 3438 3420
f 3370 3371 3387 3386
f 3420 3438 3437 3421
f 3371 3372 3388 3387
f 3421 3437 3436 3422
f 3372 3373 3389 3388
f 3422 3436 3435 3423
f 3373 3374 3390 3389
f 3423 3435 3434 3424
f 3374 3375 3391 3390
f 3424 3434 3433 3425
f 3375 3376 3392 3391
f 3425 3433 3432 3426
f 3376 3377 3393 3392
f 3426 3432 3431 3427
f 3377 3378 3394 3393
f 3427 3431 3430 3428
f 3378 3379 3395 3394
f 3428 3430 3429 3414
f 3379 3364 3380 3395
f 3430 3445 3446 3429
f 3431 3449 3445 3430
f 3432 3451 3449 3431
f 3433 3453 3451 3432
f 3434 3455 3453 3433
f 3435 3457 3455 3434
f 3436 3459 3457 3435
f 3437 3461 3459 3436
f 3438 3463 3461 3437
f 3439 3465 3463 3438
f 3440 3467 3465 3439
f 3441 3469 3467 3440
f 3442 3471 3469 3441
f 3443 3473 3471 3442
f 3444 3475 3473 3443
f 3429 3446 3475 3444
f 3446 3445 3448 3447
f 3445 3449 3450 3448
f 3449 3451 3452 3450
f 3451 3453 3454 3452
f 3453 3455 3456 3454
f 3455 3457 3458 3456
f 3457 3459 3460 3458
f 3459 3461 3462 3460
f 3461 3463 3464 3462
f 3463 3465 3466 3464
f 3465 3467 3468 3466
f 3467 3469 3470 3468
f 3469 3471 3472 3470
f 3471 3473 3474 3472
f 3473 3475 3476 3474
f 3447 3476 3475 3446
f 3395 3380 3477 3478
f 3394 3395 3478 3479
f 3393 3394 3479 3480
f 3392 3393 3480 3481
f 3391 3392 3481 3482
f 3390 3391 3482 3483
f 3389 3390 3483 3484
f 3388 3389 3484 3485
f 3387 3388 3485 3486
f 3386 3387 3486 3487
f 3385 3386 3487 3488
f 3384 3385 3488 3489
f 3383 3384 3489 3490
f 3382 3383 3490 3491
f 3381 3382 3491 3492
f 3380 3381 3492 3477
f 3493 3494 3447 3448
f 3495 3493 3448 3450
f 3496 3495 3450 3452
f 3497 3496 3452 3454
f 3498 3497 3454 3456
f 3499 3498 3456 3458
f 3500 3499 3458 3460
f 3501 3500 3460 3462
f 3502 3501 3462 3464
f 3503 3502 3464 3466
f 3504 3503 3466 3468
f 3505 3504 3468 3470
f 3506 3505 3470 3472
f 3507 3506 3472 3474
f 3508 3507 3474 3476
f 3494 3508 3476 3447
f 3494 3493 3478 3477
f 3479 3478 3493 3495
f 3480 3479 3495 3496
f 3481 3480 3496 3497
f 3482 3481 3497 3498
f 3483 3482 3498 3499
f 3484 3483 3499 3500
f 3485 3484 3500 3501
f 3486 3485 3501 3502
f 3487 3486 3502 3503
f 3488 3487 3503 3504
f 3489 3488 3504 3505
f 3490 3489 3505 3506
f 3491 3490 3506 3507
f 3492 3491 3507 3508
f 3477 3492 3508 3494
f 3560 3559 3558
f 3511 3510 3509
f 3560 3558 3561
f 3512 3511 3509
f 3560 3561 3562
f 3513 3512 3509
f 3560 3562 3563
f 3514 3513 3509
f 3560 3563 3564
f 3515 3514 3509
f 3560 3564 3565
f 3516 3515 3509
f 3560 3565 3566
f 3517 3516 3509
f 3560 3566 3567
f 3518 3517 3509
f 3560 3567 3568
f 3519 3518 3509
f 3560 3568 3569
f 3520 3519 3509
f 3560 3569 3570
f 3521 3520 3509
f 3560 3570 3571
f 3522 3521 3509
f 3560 3571 3572
f 3523 3522 3509
f 3560 3572 3573
f 3524 3523 3509
f 3560 3573 3574
f 3525 3524 3509
f 3560 3574 3559
f 3510 3525 3509
f 3559 3576 3575 3558
f 3510 3511 3527 3526
f 3558 3575 3577 3561
f 3511 3512 3528 3527
f 3561 3577 3578 3562
f 3512 3513 3529 3528
f 3562 3578 3579 3563
f 3513 3514 3530 3529
f 3563 3579 3580 3564
f 3514 3515 3531 3530
f 3564 3580 3581 3565
f 3515 3516 3532 3531
f 3565 3581 3582 3566
f 3516 3517 3533 3532
f 3566 3582 3583 3567
f 3517 3518 3534 3533
f 3567 3583 3584 3568
f 3518 3519 3535 3534
f 3568 3584 3585 3569
f 3519 3520 3536 3535
f 3569 3585 3586 3570
f 3520 3521 3537 3536
f 3570 3586 3587 3571
f 3521 3522 3538 3537
f 3571 3587 3588 3572
f 3522 3523 3539 3538
f 3572 3588 3589 3573
f 3523 3524 3540 3539
f 3573 3589 3590 3574
f 3524 3525 3541 3540
f 3574 3590 3576 3559
f 3525 3510 3526 3541
f 3576 3591 3606 3575
f 3526 3527 3543 3542
f 3575 3606 3605 3577
f 3527 3528 3544 3543
f 3577 3605 3604 3578
f 3528 3529 3545 3544
f 3578 3604 3603 3579
f 3529 3530 3546 3545
f 3579 3603 3602 3580
f 3530 3531 3547 3546
f 3580 3602 3601 3581
f 3531 3532 3548 3547
f 3581 3601 3600 3582
f 3532 3533 3549 3548
f 3582 3600 3599 3583
f 3533 3534 3550 3549
f 3583 3599 3598 3584
f 3534 3535 3551 3550
f 3584 3598 3597 3585
f 3535 3536 3552 3551
f 3585 3597 3596 3586
f 3536 3537 3553 3552
f 3586 3596 3595 3587
f 3537 3538 3554 3553
f 3587 3595 3594 3588
f 3538 3539 3555 3554
f 3588 3594 3593 3589
f 3539 3540 3556 3555
f 3589 3593 3592 3590
f 3540 3541 3557 3556
f 3590 3592 3591 3576
f 3541 3526 3542 3557
f 3592 3607 3608 3591
f 3593 3611 3607 3592
f 3594 3613 3611 3593
f 3595 3615 3613 3594
f 3596 3617 3615 3595
f 3597 3619 3617 3596
f 3598 3621 3619 3597
f 3599 3623 3621 3598
f 3600 3625 3623 3599
f 3601 3627 3625 3600
f 3602 3629 3627 3601
f 3603 3631 3629 3602
f 3604 3633 3631 3603
f 3605 3635 3633 3604
f 3606 3637 3635 3605
f 3591 3608 3637 3606
f 3608 3607 3610 3609
f 3607 3611 3612 3610
f 3611 3613 3614 3612
f 3613 3615 3616 3614
f 3615 3617 3618 3616
f 3617 3619 3620 3618
f 3619 3621 3622 3620
f 3621 3623 3624 3622
f 3623 3625 3626 3624
f 3625 3627 3628 3626
f 3627 3629 3630 3628
f 3629 3631 3632 3630
f 3631 3633 3634 3632
f 3633 3635 3636 3634
f 3635 3637 3638 3636
f 3609 3638 3637 3608
f 3557 3542 3639 3640
f 3556 3557 3640 3641
f 3555 3556 3641 3642
f 3554 3555 3642 3643
f 3553 3554 3643 3644
f 3552 3553 3644 3645
f 3551 3552 3645 3646
f 3550 3551 3646 3647
f 3549 3550 3647 3648
f 3548 3549 3648 3649
f 3547 3548 3649 3650
f 3546 3547 3650 3651
f 3545 3546 3651 3652
f 3544 3545 3652 3653
f 3543 3544 3653 3654
f 3542 3543 3654 3639
f 3655 3656 3609 3610
f 3657 3655 3610 3612
f 3658 3657 3612 3614
f 3659 3658 3614 3616
f 3660 3659 3616 3618
f 3661 3660 3618 3620
f 3662 3661 3620 3622
f 3663 3662 3622 3624
f 3664 3663 3624 3626
f 3665 3664 3626 3628
f 3666 3665 3628 3630
f 3667 3666 3630 3632
f 3668 3667 3632 3634
f 3669 3668 3634 3636
f 3670 3669 3636 3638
f 3656 3670 3638 3609
f 3656 3655 3640 3639
f 3641 3640 3655 3657
f 3642 3641 3657 3658
f 3643 3642 3658 3659
f 3644 3643 3659 3660
f 3645 3644 3660 3661
f 3646 3645 3661 3662
f 3647 3646 3662 3663
f 3648 3647 3663 3664
f 3649 3648 3664 3665
f 3650 3649 3665 3666
f 3651 3650 3666 3667
f 3652 3651 3667 3668
f 3653 3652 3668 3669
f 3654 3653 3669 3670
f 3639 3654 3670 3656
f 3722 3721 3720
f 3673 3672 3671
f 3722 3720 3723
f 3674 3673 3671
f 3722 3723 3724
f 3675 3674 3671
f 3722 3724 3725
f 3676 3675 3671
f 3722 3725 3726
f 3677 3676 3671
f 3722 3726 3727
f 3678 3677 3671
f 3722 3727 3728
f 3679 3678 3671
f 3722 3728 3729
f 3680 3679 3671
f 3722 3729 3730
f 3681 3680 3671
f 3722 3730 3731
f 3682 3681 3671
f 3722 3731 3732
f 3683 3682 3671
f 3722 3732 3733
f 3684 3683 3671
f 3722 3733 3734
f 3685 3684 3671
f 3722 3734 3735
f 3686 3685 3671
f 3722 3735 3736
f 3687 3686 3671
f 3722 3736 3721
f 3672 3687 3671
f 3721 3738 3737 3720
f 3672 3673 3689 3688
f 3720 3737 3739 3723
f 3673 3674 3690 3689
f 3723 3739 3740 3724
f 3674 3675 3691 3690
f 3724 3740 3741 3725
f 3675 3676 3692 3691
f 3725 3741 3742 3726
f 3676 3677 3693 3692
f 3726 3742 3743 3727
f 3677 3678 3694 3693
f 3727 3743 3744 3728
f 3678 3679 3695 3694
f 3728 3744 3745 3729
f 3679 3680 3696 3695
f 3729 3745 3746 3730
f 3680 3681 3697 3696
f 3730 3746 3747 3731
f 3681 3682 3698 3697
f 3731 3747 3748 3732
f 3682 3683 3699 3698
f 3732 3748 3749 3733
f 3683 3684 3700 3699
f 3733 3749 3750 3734
f 3684 3685 3701 3700
f 3734 3750 3751 3735
f 3685 3686 3702 3701
f 3735 3751 3752 3736
f 3686 3687 3703 3702
f 3736 3752 3738 3721
f 3687 3672 3688 3703
f 3738 3753 3768 3737
f 3688 3689 3705 3704
f 3737 3768 3767 3739
f 3689 3690 3706 3705
f 3739 3767 3766 3740
f 3690 3691 3707 3706
f 3740 3766 3765 3741
f 3691 3692 3708 3707
f 3741 3765 3764 3742
f 3692 3693 3709 3708
f 3742 3764 3763 3743
f 3693 3694 3710 3709
f 3743 3763 3762 3744
f 3694 3695 3711 3710
f 3744 3762 3761 3745
f 3695 3696 3712 3711
f 3745 3761 3760 3746
f 3696 3697 3713 3712
f 3746 3760 3759 3747
f 3697 3698 3714 3713
f 3747 3759 3758 3748
f 3698 3699 3715 3714
f 3748 3758 3757 3749
f 3699 3700 3716 3715
f 3749 3757 3756 3750
f 3700 3701 3717 3716
f 3750 3756 3755 3751
f 3701 3702 3718 3717
f 3751 3755 3754 3752
f 3702 3703 3719 3718
f 3752 3754 3753 3738
f 3703 3688 3704 3719
f 3754 3769 3770 3753
f 3755 3773 3769 3754
f 3756 3775 3773 3755
f 3757 3777 3775 3756
f 3758 3779 3777 3757
f 3759 3781 3779 3758
f 3760 3783 3781 3759
f 3761 3785 3783 3760
f 3762 3787 3785 3761
f 3763 3789 3787 3762
f 3764 3791 3789 3763
f 3765 3793 3791 3764
f 3766 3795 3793 3765
f 3767 3797 3795 3766
f 3768 3799 3797 3767
f 3753 3770 3799 3768
f 3770 3769 3772 3771
f 3769 3773 3774 3772
f 3773 3775 3776 3774
f 3775 3777 3778 3776
f 3777 3779 3780 3778
f 3779 3781 3782 3780
f 3781 3783 3784 3782
f 3783 3785 3786 3784
f 3785 3787 3788 3786
f 3787 3789 3790 3788
f 3789 3791 3792 3790
f 3791 3793 3794 3792
f 3793 3795 3796 3794
f 3795 3797 3798 3796
f 3797 3799 3800 3798
f 3771 3800 3799 3770
f 3719 3704 3801 3802
f 3718 3719 3802 3803
f 3717 3718 3803 3804
f 3716 3717 3804 3805
f 3715 3716 3805 3806
f 3714 3715 3806 3807
f 3713 3714 3807 3808
f 3712 3713 3808 3809
f 3711 3712 3809 3810
f 3710 3711 3810 3811
f 3709 3710 3811 3812
f 3708 3709 3812 3813
f 3707 3708 3813 3814
f 3706 3707 3814 3815
f 3705 3706 3815 3816
f 3704 3705 3816 3801
f 3817 3818 3771 3772
f 3819 3817 3772 3774
f 3820 3819 3774 3776
f 3821 3820 3776 3778
f 3822 3821 3778 3780
f 3823 3822 3780 3782
f 3824 3823 3782 3784
f 3825 3824 3784 3786
f 3826 3825 3786 3788
f 3827 3826 3788 3790
f 3828 3827 3790 3792
f 3829 3828 3792 3794
f 3830 3829 3794 3796
f 3831 3830 3796 3798
f 3832 3831 3798 3800
f 3818 3832 3800 3771
f 3818 3817 3802 3801
f 3803 3802 3817 3819
f 3804 3803 3819 3820
f 3805 3804 3820 3821
f 3806 3805 3821 3822
f 3807 3806 3822 3823
f 3808 3807 3823 3824
f 3809 3808 3824 3825
f 3810 3809 3825 3826
f 3811 3810 3826 3827
f 3812 3811 3827 3828
f 3813 3812 3828 3829
f 3814 3813 3829 3830
f 3815 3814 3830 3831
f 3816 3815 3831 3832
f 3801 3816 3832 3818
f 3884 3883 3882
f 3835 3834 3833
f 3884 3882 3885
f 3836 3835 3833
f 3884 3885 3886
f 3837 3836 3833
f 3884 3886 3887
f 3838 3837 3833
f 3884 3887 3888
f 3839 3838 3833
f 3884 3888 3889
f 3840 3839 3833
f 3884 3889 3890
f 3841 3840 3833
f 3884 3890 3891
f 3842 3841 3833
f 3884 3891 3892
f 3843 3842 3833
f 3884 3892 3893
f 3844 3843 3833
f 3884 3893 3894
f 3845 3844 3833
f 3884 3894 3895
f 3846 3845 3833
f 3884 3895 3896
f 3847 3846 3833
f 3884 3896 3897
f 3848 3847 3833
f 3884 3897 3898
f 3849 3848 3833
f 3884 3898 3883
f 3834 3849 3833
f 3883 3900 3899 3882
f 3834 3835 3851 3850
f 3882 3899 3901 3885
f 3835 3836 3852 3851
f 3885 3901 3902 3886
f 3836 3837 3853 3852
f 3886 3902 3903 3887
f 3837 3838 3854 3853
f 3887 3903 3904 3888
f 3838 3839 3855 3854
f 3888 3904 3905 3889
f 3839 3840 3856 3855
f 3889 3905 3906 3890
f 3840 3841 3857 3856
f 3890 3906 3907 3891
f 3841 3842 3858 3857
f 3891 3907 3908 3892
f 3842 3843 3859 3858
f 3892 3908 3909 3893
f 3843 3844 3860 3859
f 3893 3909 3910 3894
f 3844 3845 3861 3860
f 3894 3910 3911 3895
f 3845 3846 3862 3861
f 3895 3911 3912 3896
f 3846 3847 3863 3862
f 3896 3912 3913 3897
f 3847 3848 3864 3863
f 3897 3913 3914 3898
f 3848 3849 3865 3864
f 3898 3914 3900 3883
f 3849 3834 3850 3865
f 3900 3915 3930 3899
f 3850 3851 3867 3866
f 3899 3930 3929 3901
f 3851 3852 3868 3867
f 3901 3929 3928 3902
f 3852 3853 3869 3868
f 3902 3928 3927 3903
f 3853 3854 3870 3869
f 3903 3927 3926 3904
f 3854 3855 3871 3870
f 3904 3926 3925 3905
f 3855 3856 3872 3871
f 3905 3925 3924 3906
f 3856 3857 3873 3872
f 3906 3924 3923 3907
f 3857 3858 3874 3873
f 3907 3923 3922 3908
f 3858 3859 3875 3874
f 3908 3922 3921 3909
f 3859 3860 3876 3875
f 3909 3921 3920 3910
f 3860 3861 3877 3876
f 3910 3920 3919 3911
f 3861 3862 3878 3877
f 3911 3919 3918 3912
f 3862 3863 3879 3878
f 3912 3918 3917 3913
f 3863 3864 3880 3879
f 3913 3917 3916 3914
f 3864 3865 3881 3880
f 3914 3916 3915 3900
f 3865 3850 3866 3881
f 3916 3931 3932 3915
f 3917 3935 3931 3916
f 3918 3937 3935 3917
f 3919 3939 3937 3918
f 3920 3941 3939 3919
f 3921 3943 3941 3920
f 3922 3945 3943 3921
f 3923 3947 3945 3922
f 3924 3949 3947 3923
f 3925 3951 3949 3924
f 3926 3953 3951 3925
f 3927 3955 3953 3926
f 3928 3957 3955 3927
f 3929 3959 3957 3928
f 3930 3961 3959 3929
f 3915 3932 3961 3930
f 3932 3931 3934 3933
f 3931 3935 3936 3934
f 3935 3937 3938 3936
f 3937 3939 3940 3938
f 3939 3941 3942 3940
f 3941 3943 3944 3942
f 3943 3945 3946 3944
f 3945 3947 3948 3946
f 3947 3949 3950 3948
f 3949 3951 3952 3950
f 3951 3953 3954 3952
f 3953 3955 3956 3954
f 3955 3957 3958 3956
f 3957 3959 3960 3958
f 3959 3961 3962 3960
f 3933 3962 3961 3932
f 3881 3866 3963 3964
f 3880 3881 3964 3965
f 3879 3880 3965 3966
f 3878 3879 3966 3967
f 3877 3878 3967 3968
f 3876 3877 3968 3969
f 3875 3876 3969 3970
f 3874 3875 3970 3971
f 3873 3874 3971 3972
f 3872 3873 3972 3973
f 3871 3872 3973 3974
f 3870 3871 3974 3975
f 3869 3870 3975 3976
f 3868 3869 3976 3977
f 3867 3868 3977 3978
f 3866 3867 3978 3963
f 3979 3980 3933 3934
f 3981 3979 3934 3936
f 3982 3981 3936 3938
f 3983 3982 3938 3940
f 3984 3983 3940 3942
f 3985 3984 3942 3944
f 3986 3985 3944 3946
f 3987 3986 3946 3948
f 3988 3987 3948 3950
f 3989 3988 3950 3952
f 3990 3989 3952 3954
f 3991 3990 3954 3956
f 3992 3991 3956 3958
f 3993 3992 3958 3960
f 3994 3993 3960 3962
f 3980 3994 3962 3933
f 3980 3979 3964 3963
f 3965 3964 3979 3981
f 3966 3965 3981 3982
f 3967 3966 3982 3983
f 3968 3967 3983 3984
f 3969 3968 3984 3985
f 3970 3969 3985 3986
f 3971 3970 3986 3987
f 3972 3971 3987 3988
f 3973 3972 3988 3989
f 3974 3973 3989 3990
f 3975 3974 3990 3991
f 3976 3975 3991 3992
f 3977 3976 3992 3993
f 3978 3977 3993 3994
f 3963 3978 3994 3980
f 4046 4045 4044
f 3997 3996 3995
f 4046 4044 4047
f 3998 3997 3995
f 4046 4047 4048
f 3999 3998 3995
f 4046 4048 4049
f 4000 3999 3995
f 4046 4049 4050
f 4001 4000 3995
f 4046 4050 4051
f 4002 4001 3995
f 4046 4051 4052
f 4003 4002 3995
f 4046 4052 4053
f 4004 4003 3995
f 4046 4053 4054
f 4005 4004 3995
f 4046 4054 4055
f 4006 4005 3995
f 4046 4055 4056
f 4007 4006 3995
f 4046 4056 4057
f 4008 4007 3995
f 4046 4057 4058
f 4009 4008 3995
f 4046 4058 4059
f 4010 4009 3995
f 4046 4059 4060
f 4011 4010 3995
f 4046 4060 4045
f 3996 4011 3995
f 4045 4062 4061 4044
f 3996 3997 4013 4012
f 4044 4061 4063 4047
f 3997 3998 4014 4013
f 4047 4063 4064 4048
f 3998 3999 4015 4014
f 4048 4064 4065 4049
f 3999 4000 4016 4015
f 4049 4065 4066 4050
f 4000 4001 4017 4016
f 4050 4066 4067 4051
f 4001 4002 4018 4017
f 4051 4067 4068 4052
f 4002 4003 4019 4018
f 4052 4068 4069 4053
f 4003 4004 4020 4019
f 4053 4069 4070 4054
f 4004 4005 4021 4020
f 4054 4070 4071 4055
f 4005 4006 4022 4021
f 4055 4071 4072 4056
f 4006 4007 4023 4022
f 4056 4072 4073 4057
f 4007 4008 4024 4023
f 4057 4073 4074 4058
f 4008 4009 4025 4024
f 4058 4074 4075 4059
f 4009 4010 4026 4025
f 4059 4075 4076 4060
f 4010 4011 4027 4026
f 4060 4076 4062 4045
f 4011 3996 4012 4027
f 4062 4077 4092 4061
f 4012 4013 4029 4028
f 4061 4092 4091 4063
f 4013 4014 4030 4029
f 4063 4091 4090 4064
f 4014 4015 4031 4030
f 4064 4090 4089 4065
f 4015 4016 4032 4031
f 4065 4089 4088 4066
f 4016 4017 4033 4032
f 4066 4088 4087 4067
f 4017 4018 4034 4033
f 4067 4087 4086 4068
f 4018 4019 4035 4034
f 4068 4086 4085 4069
f 4019 4020 4036 4035
f 4069 4085 4084 4070
f 4020 4021 4037 4036
f 4070 4084 4083 4071
f 4021 4022 4038 4037
f 4071 4083 4082 4072
f 4022 4023 4039 4038
f 4072 4082 4081 4073
f 4023 4024 4040 4039
f 4073 4081 4080 4074
f 4024 4025 4041 4040
f 4074 4080 4079 4075
f 4025 4026 4042 4041
f 4075 4079 4078 4076
f 4026 4027 4043 4042
f 4076 4078 4077 4062
f 4027 4012 4028 4043
f 4078 4093 4094 4077
f 4079 4097 4093 4078
f 4080 4099 4097 4079
f 4081 4101 4099 4080
f 4082 4103 4101 4081
f 4083 4105 4103 4082
f 4084 4107 4105 4083
f 4085 4109 4107 4084
f 4086 4111 4109 4085
f 4087 4113 4111 4086
f 4088 4115 4113 4087
f 4089 4117 4115 4088
f 4090 4119 4117 4089
f 4091 4121 4119 4090
f 4092 4123 4121 4091
f 4077 4094 4123 4092
f 4094 4093 4096 4095
f 4093 4097 4098 4096
f 4097 4099 4100 4098
f 4099 4101 4102 4100
f 4101 4103 4104 4102
f 4103 4105 4106 4104
f 4105 4107 4108 4106
f 4107 4109 4110 4108
f 4109 4111 4112 4110
f 4111 4113 4114 4112
f 4113 4115 4116 4114
f 4115 4117 4118 4116
f 4117 4119 4120 4118
f 4119 4121 4122 4120
f 4121 4123 4124 4122
f 4095 4124 4123 4094
f 4043 4028 4125 4126
f 4042 4043 4126 4127
f 4041 4042 4127 4128
f 4040 4041 4128 4129
f 4039 4040 4129 4130
f 4038 4039 4130 4131
f 4037 4038 4131 4132
f 4036 4037 4132 4133
f 4035 4036 4133 4134
f 4034 4035 4134 4135
f 4033 4034 4135 4136
f 4032 4033 4136 4137
f 4031 4032 4137 4138
f 4030 4031 4138 4139
f 4029 4030 4139 4140
f 4028 4029 4140 4125
f 4141 4142 4095 4096
f 4143 4141 4096 4098
f 4144 4143 4098 4100
f 4145 4144 4100 4102
f 4146 4145 4102 4104
f 4147 4146 4104 4106
f 4148 4147 4106 4108
f 4149 4148 4108 4110
f 4150 4149 4110 4112
f 4151 4150 4112 4114
f 4152 4151 4114 4116
f 4153 4152 4116 4118
f 4154 4153 4118 4120
f 4155 4154 4120 4122
f 4156 4155 4122 4124
f 4142 4156 4124 4095
f 4142 4141 4126 4125
f 4127 4126 4141 4143
f 4128 4127 4143 4144
f 4129 4128 4144 4145
f 4130 4129 4145 4146
f 4131 4130 4146 4147
f 4132 4131 4147 4148
f 4133 4132 4148 4149
f 4134 4133 4149 4150
f 4135 4134 4150 4151
f 4136 4135 4151 4152
f 4137 4136 4152 4153
f 4138 4137 4153 4154
f 4139 4138 4154 4155
f 4140 4139 4155 4156
f 4125 4140 4156 4142
g Group54275
f 4202 4201 4200 4199
g Group54278
f 4162 4157 4202 4199
f 4187 4188 4200 4201
g Group60206
f 4157 4162 4188 4187
g Group54275
f 4199 4200 4204 4203
g Group54278
f 4158 4162 4199 4203
g Group60206
f 4162 4158 4189 4188
g Group54275
f 4203 4204 4206 4205
g Group54278
f 4164 4158 4203 4205
g Group60206
f 4158 4164 4190 4189
g Group54275
f 4205 4206 4208 4207
g Group54278
f 4166 4164 4205 4207
g Group60206
f 4164 4166 4191 4190
g Group54275
f 4207 4208 4210 4209
g Group54278
f 4168 4166 4207 4209
f 4192 4168 4209 4210
g Group60206
f 4166 4168 4192 4191
g Group54275
f 4214 4213 4212 4211
g Group54278
f 4170 4159 4214 4211
f 4177 4183 4212 4213
g Group60206
f 4159 4170 4183 4177
g Group54275
f 4211 4212 4216 4215
g Group54278
f 4172 4170 4211 4215
f 4183 4184 4216 4212
g Group60206
f 4170 4172 4184 4183
g Group54275
f 4215 4216 4218 4217
g Group54278
f 4174 4172 4215 4217
f 4184 4185 4218 4216
g Group60206
f 4172 4174 4185 4184
g Group54275
f 4217 4218 4220 4219
g Group54278
f 4176 4174 4217 4219
f 4186 4176 4219 4220
g Group60206
f 4174 4176 4186 4185
g Group54275
f 4213 4214 4222 4221
g Group54278
f 4198 4177 4213 4221
f 4159 4197 4222 4214
g Group60206
f 4177 4198 4197 4159
g Group54275
f 4226 4225 4224 4223
g Group54278
f 4161 4160 4224 4225
g Group60206
f 4178 4179 4160 4161
g Group54275
f 4223 4224 4228 4227
g Group54278
f 4160 4163 4228 4224
g Group60206
f 4179 4180 4163 4160
g Group54275
f 4227 4228 4230 4229
g Group54278
f 4163 4165 4230 4228
g Group60206
f 4180 4181 4165 4163
g Group54275
f 4229 4230 4232 4231
g Group54278
f 4167 4182 4231 4232
f 4165 4167 4232 4230
g Group60206
f 4181 4182 4167 4165
g Group54275
f 4218 4234 4233 4220
g Group54278
f 4196 4186 4220 4233
f 4185 4195 4234 4218
g Group60206
f 4185 4186 4196 4195
g Group54275
f 4200 4226 4223 4204
g Group54278
f 4188 4178 4226 4200
g Group60206
f 4188 4189 4179 4178
g Group54275
f 4204 4223 4227 4206
g Group60206
f 4189 4190 4180 4179
g Group54275
f 4206 4227 4229 4208
g Group60206
f 4190 4191 4181 4180
g Group54275
f 4208 4229 4231 4210
g Group54278
f 4182 4192 4210 4231
g Group60206
f 4191 4192 4182 4181
g Group54275
f 4201 4202 4236 4235
g Group54278
f 4193 4187 4201 4235
f 4157 4169 4236 4202
g Group60206
f 4187 4193 4169 4157
g Group54275
f 4235 4236 4238 4237
g Group54278
f 4194 4193 4235 4237
f 4169 4171 4238 4236
g Group60206
f 4193 4194 4171 4169
g Group54275
f 4237 4238 4239 4234
g Group54278
f 4195 4194 4237 4234
f 4171 4173 4239 4238
g Group60206
f 4194 4195 4173 4171
g Group54275
f 4234 4239 4240 4233
g Group54278
f 4175 4196 4233 4240
f 4173 4175 4240 4239
g Group60206
f 4195 4196 4175 4173
g Group54275
f 4221 4222 4225 4226
g Group54278
f 4178 4198 4221 4226
f 4197 4161 4225 4222
g Group60206
f 4198 4178 4161 4197
g Group8471
f 4273 4272 4271 4270
f 4253 4257 4273 4270
f 4257 4253 4254 4258
f 4279 4278 4277 4276
f 4242 4241 4279 4276
f 4241 4261 4278 4279
f 4241 4242 4262 4261
f 4276 4277 4281 4280
f 4243 4242 4276 4280
f 4242 4243 4263 4262
f 4280 4281 4283 4282
f 4244 4243 4280 4282
f 4243 4244 4264 4263
f 4287 4286 4285 4284
f 4252 4256 4285 4286
f 4251 4255 4256 4252
f 4282 4283 4289 4288
f 4245 4244 4282 4288
f 4265 4245 4288 4289
f 4244 4245 4265 4264
f 4274 4275 4290 4287
f 4259 4251 4267 4266
f 4287 4290 4291 4286
f 4268 4252 4286 4291
f 4251 4252 4268 4267
f 4272 4274 4292 4271
f 4258 4254 4260 4259
f 4274 4287 4284 4292
f 4259 4260 4255 4251
f 4257 4269 4293 4273
f 4261 4342 4341 4278
f 4281 4343 4345 4283
f 4263 4264 4346 4344
f 4283 4345 4347 4289
f 4264 4265 4348 4346
f 4247 4248 4294 4295
f 4275 4294 4296 4290
f 4248 4249 4296 4294
f 4266 4267 4249 4248
f 4290 4296 4297 4291
f 4250 4268 4291 4297
f 4249 4250 4297 4296
f 4267 4268 4250 4249
f 4246 4247 4295 4298
f 4269 4246 4298 4293
f 4285 4256 4301 4302
f 4289 4347 4349 4303
f 4265 4289 4303 4304
f 4307 4350 4351 4328
f 4313 4352 4350 4307
f 4301 4256 4323 4324
f 4304 4353 4354 4325
f 4265 4304 4325 4326
f 4256 4348 4355 4323
f 4310 4356 4357 4311
f 4300 4305 4315 4316
f 4299 4358 4359 4317
f 4306 4299 4317 4318
f 4311 4321 4310
f 4329 4307 4328
f 4322 4312 4309
f 4329 4313 4307
f 4314 4330 4308
f 4327 4330 4322 4319
f 4308 4330 4327
f 4316 4315 4321 4311
f 4317 4359 4357 4312
f 4318 4317 4312 4322
f 4315 4360 4361 4321
f 4320 4362 4356 4310
f 4321 4320 4310
f 4330 4363 4361 4322
f 4319 4322 4309
f 4324 4323 4313 4329
f 4325 4354 4363 4330
f 4326 4325 4330 4314
f 4323 4355 4352 4313
f 4328 4351 4362 4320
f 4329 4328 4320 4321
f 4300 4358 4364 4332
f 4332 4305 4300
f 4306 4331 4299
f 4305 4365 4360 4315
f 4305 4332 4334 4333
f 4332 4364 4366 4334
f 4331 4306 4336 4335
f 4333 4367 4365 4305
f 4338 4337 4333 4334
f 4339 4368 4366 4335
f 4340 4339 4335 4336
f 4337 4369 4367 4333
f 4338 4368 4369 4337
f 4303 4349 4353 4304
f 4342 4253 4270 4341
f 4343 4292 4284 4345
f 4344 4346 4255 4260
f 4345 4284 4285 4347
f 4346 4348 4256 4255
f 4347 4285 4302 4349
f 4350 4308 4327 4351
f 4352 4314 4308 4350
f 4353 4301 4324 4354
f 4348 4265 4326 4355
f 4356 4309 4312 4357
f 4358 4300 4316 4359
f 4359 4316 4311 4357
f 4360 4318 4322 4361
f 4362 4319 4309 4356
f 4363 4329 4321 4361
f 4354 4324 4329 4363
f 4355 4326 4314 4352
f 4351 4327 4319 4362
f 4358 4299 4331 4364
f 4365 4306 4318 4360
f 4364 4331 4335 4366
f 4367 4336 4306 4365
f 4368 4338 4334 4366
f 4369 4340 4336 4367
f 4368 4339 4340 4369
f 4349 4302 4301 4353
f 4341 4370 4372 4278
f 4372 4371 4277 4278
f 4277 4371 4374 4281
f 4374 4373 4343 4281
f 4271 4375 4376 4270
f 4376 4370 4341 4270
f 4343 4373 4377 4292
f 4377 4375 4271 4292
f 4272 4378 4380 4274
f 4380 4379 4275 4274
f 4293 4381 4382 4273
f 4382 4378 4272 4273
f 4275 4379 4384 4294
f 4384 4383 4295 4294
f 4295 4383 4385 4298
f 4385 4381 4293 4298
f 4266 4386 4387 4259
f 4387 4388 4258 4259
f 4258 4388 4389 4257
f 4389 4390 4269 4257
f 4247 4391 4392 4248
f 4392 4386 4266 4248
f 4269 4390 4393 4246
f 4393 4391 4247 4246
f 4394 4395 4378 4382
f 4396 4394 4382 4381
f 4397 4398 4379 4380
f 4395 4397 4380 4378
f 4399 4396 4381 4385
f 4400 4399 4385 4383
f 4401 4400 4383 4384
f 4398 4401 4384 4379
f 4398 4397 4387 4386
f 4395 4394 4389 4388
f 4400 4401 4392 4391
f 4396 4399 4393 4390
f 4390 4389 4394 4396
f 4388 4387 4397 4395
f 4391 4393 4399 4400
f 4386 4392 4401 4398
f 4262 4402 4403 4261
f 4403 4404 4342 4261
f 4344 4405 4406 4263
f 4406 4402 4262 4263
f 4342 4404 4407 4253
f 4407 4408 4254 4253
f 4254 4408 4409 4260
f 4409 4405 4344 4260
f 4410 4411 4371 4372
f 4412 4410 4372 4370
f 4413 4414 4373 4374
f 4411 4413 4374 4371
f 4415 4416 4375 4377
f 4414 4415 4377 4373
f 4417 4412 4370 4376
f 4416 4417 4376 4375
f 4411 4410 4403 4402
f 4414 4413 4406 4405
f 4412 4417 4407 4404
f 4416 4415 4409 4408
f 4404 4403 4410 4412
f 4402 4406 4413 4411
f 4405 4409 4415 4414
f 4408 4407 4417 4416
f 4418 4420 4421 4419
f 4420 4422 4423 4421
f 4422 4424 4425 4423
f 4424 4426 4427 4425
f 4428 4429 4426 4430
f 4429 4428 4431 4432
f 4427 4426 4429 4433
f 4434 4427 4433 4435
f 4436 4437 4434 4438
f 4439 4438 4434 4435
f 4425 4427 4434 4437
f 4433 4440 4441 4435
f 4432 4440 4433 4429
f 4432 4431 4442 4440
f 4442 4443 4441 4440
f 4444 4441 4443 4445
f 4445 4443 4446 4447
f 4442 4448 4446 4443
f 4431 4449 4448 4442
f 4428 4450 4449 4431
f 4451 4450 4428 4430
f 4451 4430 4452 4453
f 4452 4430 4426 4424
f 4422 4420 4452 4424
f 4420 4418 4453 4452
f 4421 4423 4454 4455
f 4421 4455 4456 4419
f 4456 4455 4457 4458
f 4460 4459 4461 4462
f 4458 4457 4461 4459
f 4463 4457 4455 4454
f 4464 4463 4436 4465
f 4463 4464 4461 4457
f 4465 4462 4461 4464
f 4466 4467 4462 4465
f 4465 4436 4438 4466
f 4454 4437 4436 4463
f 4425 4437 4454 4423
f 4469 4467 4471 4470
f 4469 4460 4462 4467
f 4466 4472 4471 4467
f 4471 4472 4473 4474
f 4444 4473 4472 4439
f 4438 4439 4472 4466
f 4468 4470 4471 4474
f 4473 4444 4445 4474
f 4439 4435 4441 4444
f 4445 4447 4468 4474
f 4460 4469 4475
f 4475 4469 4470
f 4459 4460 4476
f 4476 4460 4475
f 4458 4459 4477
f 4477 4459 4476
f 4456 4458 4478
f 4478 4458 4477
f 4419 4456 4479
f 4479 4456 4478
f 4418 4419 4480
f 4480 4419 4479
f 4453 4418 4481
f 4481 4418 4480
f 4451 4453 4482
f 4482 4453 4481
f 4450 4451 4483
f 4483 4451 4482
f 4449 4450 4484
f 4484 4450 4483
f 4448 4449 4485
f 4485 4449 4484
f 4446 4448 4485
f 4475 4470 4468
f 4475 4468 4486
f 4486 4468 4447
f 4486 4447 4487
f 4487 4447 4446
f 4487 4446 4485
f 4486 4487 4488
f 4488 4487 4485
f 4488 4485 4489
f 4489 4485 4484
f 4489 4484 4490
f 4490 4484 4483
f 4490 4483 4491
f 4491 4483 4482
f 4491 4482 4492
f 4492 4482 4481
f 4492 4481 4493
f 4493 4481 4480
f 4493 4480 4494
f 4494 4480 4479
f 4494 4479 4495
f 4495 4479 4478
f 4495 4478 4496
f 4496 4478 4477
f 4496 4477 4497
f 4497 4477 4476
f 4497 4476 4498
f 4498 4476 4475
f 4498 4475 4499
f 4499 4475 4486
f 4499 4486 4488
f 4499 4488 4500
f 4500 4488 4489
f 4500 4489 4501
f 4501 4489 4490
f 4501 4490 4491
f 4501 4491 4502
f 4502 4491 4492
f 4500 4501 4503
f 4503 4501 4502
f 4502 4492 4504
f 4504 4492 4493
f 4503 4502 4505
f 4505 4502 4504
f 4504 4493 4506
f 4506 4493 4494
f 4505 4504 4507
f 4507 4504 4506
f 4506 4494 4508
f 4508 4494 4495
f 4507 4506 4509
f 4509 4506 4508
f 4508 4495 4510
f 4510 4495 4496
f 4510 4496 4511
f 4511 4496 4497
f 4511 4497 4498
f 4509 4508 4512
f 4512 4508 4510
f 4510 4511 4513
f 4513 4511 4498
f 4512 4510 4513
f 4513 4498 4514
f 4514 4498 4499
f 4512 4513 4514
f 4514 4499 4500
f 4514 4500 4515
f 4515 4500 4503
f 4515 4503 4505
f 4515 4505 4507
f 4512 4514 4516
f 4516 4514 4515
f 4509 4512 4516
f 4509 4516 4515
f 4507 4509 4515
f 4517 4519 4520 4518
f 4519 4521 4522 4520
f 4521 4523 4524 4522
f 4523 4525 4526 4524
f 4527 4528 4525 4529
f 4528 4527 4530 4531
f 4526 4525 4528 4532
f 4533 4526 4532 4534
f 4535 4536 4533 4537
f 4538 4537 4533 4534
f 4524 4526 4533 4536
f 4532 4539 4540 4534
f 4531 4539 4532 4528
f 4531 4530 4541 4539
f 4541 4542 4540 4539
f 4543 4540 4542 4544
f 4544 4542 4545 4546
f 4541 4547 4545 4542
f 4530 4548 4547 4541
f 4527 4549 4548 4530
f 4550 4549 4527 4529
f 4550 4529 4551 4552
f 4551 4529 4525 4523
f 4521 4519 4551 4523
f 4519 4517 4552 4551
f 4520 4522 4553 4554
f 4520 4554 4555 4518
f 4555 4554 4556 4557
f 4559 4558 4560 4561
f 4557 4556 4560 4558
f 4562 4556 4554 4553
f 4563 4562 4535 4564
f 4562 4563 4560 4556
f 4564 4561 4560 4563
f 4565 4566 4561 4564
f 4564 4535 4537 4565
f 4553 4536 4535 4562
f 4524 4536 4553 4522
f 4568 4566 4570 4569
f 4568 4559 4561 4566
f 4565 4571 4570 4566
f 4570 4571 4572 4573
f 4543 4572 4571 4538
f 4537 4538 4571 4565
f 4567 4569 4570 4573
f 4572 4543 4544 4573
f 4538 4534 4540 4543
f 4544 4546 4567 4573
f 4559 4568 4574
f 4574 4568 4569
f 4558 4559 4575
f 4575 4559 4574
f 4557 4558 4576
f 4576 4558 4575
f 4555 4557 4577
f 4577 4557 4576
f 4518 4555 4578
f 4578 4555 4577
f 4517 4518 4579
f 4579 4518 4578
f 4552 4517 4580
f 4580 4517 4579
f 4550 4552 4581
f 4581 4552 4580
f 4549 4550 4582
f 4582 4550 4581
f 4548 4549 4583
f 4583 4549 4582
f 4547 4548 4584
f 4584 4548 4583
f 4545 4547 4584
f 4574 4569 4567
f 4574 4567 4585
f 4585 4567 4546
f 4585 4546 4586
f 4586 4546 4545
f 4586 4545 4584
f 4585 4586 4587
f 4587 4586 4584
f 4587 4584 4588
f 4588 4584 4583
f 4588 4583 4589
f 4589 4583 4582
f 4589 4582 4590
f 4590 4582 4581
f 4590 4581 4591
f 4591 4581 4580
f 4591 4580 4592
f 4592 4580 4579
f 4592 4579 4593
f 4593 4579 4578
f 4593 4578 4594
f 4594 4578 4577
f 4594 4577 4595
f 4595 4577 4576
f 4595 4576 4596
f 4596 4576 4575
f 4596 4575 4597
f 4597 4575 4574
f 4597 4574 4598
f 4598 4574 4585
f 4598 4585 4587
f 4598 4587 4599
f 4599 4587 4588
f 4599 4588 4600
f 4600 4588 4589
f 4600 4589 4590
f 4600 4590 4601
f 4601 4590 4591
f 4599 4600 4602
f 4602 4600 4601
f 4601 4591 4603
f 4603 4591 4592
f 4602 4601 4604
f 4604 4601 4603
f 4603 4592 4605
f 4605 4592 4593
f 4604 4603 4606
f 4606 4603 4605
f 4605 4593 4607
f 4607 4593 4594
f 4606 4605 4608
f 4608 4605 4607
f 4607 4594 4609
f 4609 4594 4595
f 4609 4595 4610
f 4610 4595 4596
f 4610 4596 4597
f 4608 4607 4611
f 4611 4607 4609
f 4609 4610 4612
f 4612 4610 4597
f 4611 4609 4612
f 4612 4597 4613
f 4613 4597 4598
f 4611 4612 4613
f 4613 4598 4599
f 4613 4599 4614
f 4614 4599 4602
f 4614 4602 4604
f 4614 4604 4606
f 4611 4613 4615
f 4615 4613 4614
f 4608 4611 4615
f 4608 4615 4614
f 4606 4608 4614
g Group47509
f 4616 4617 4618
f 4616 4618 4619
f 4616 4619 4620
f 4616 4620 4621
f 4616 4621 4622
f 4616 4622 4623
f 4616 4623 4624
f 4616 4624 4625
f 4616 4625 4626
f 4616 4626 4627
f 4616 4627 4628
f 4616 4628 4629
f 4616 4629 4630
f 4616 4630 4631
f 4616 4631 4632
f 4616 4632 4633
f 4616 4633 4634
f 4616 4634 4635
f 4616 4635 4636
f 4616 4636 4637
f 4616 4637 4638
f 4616 4638 4639
f 4616 4639 4640
f 4616 4640 4641
f 4616 4641 4642
f 4616 4642 4643
f 4616 4643 4644
f 4616 4644 4645
f 4616 4645 4646
f 4616 4646 4647
f 4616 4647 4648
f 4616 4648 4617
f 4649 4681 4682 4650
f 4650 4682 4683 4651
f 4651 4683 4684 4652
f 4652 4684 4685 4653
f 4653 4685 4686 4654
f 4654 4686 4687 4655
f 4655 4687 4688 4656
f 4656 4688 4689 4657
f 4657 4689 4690 4658
f 4658 4690 4691 4659
f 4659 4691 4692 4660
f 4660 4692 4693 4661
f 4661 4693 4694 4662
f 4662 4694 4695 4663
f 4663 4695 4696 4664
f 4664 4696 4697 4665
f 4665 4697 4698 4666
f 4666 4698 4699 4667
f 4667 4699 4700 4668
f 4668 4700 4701 4669
f 4669 4701 4702 4670
f 4670 4702 4703 4671
f 4671 4703 4704 4672
f 4672 4704 4705 4673
f 4673 4705 4706 4674
f 4674 4706 4707 4675
f 4675 4707 4708 4676
f 4676 4708 4709 4677
f 4677 4709 4710 4678
f 4678 4710 4711 4679
f 4679 4711 4712 4680
f 4680 4712 4681 4649
f 4681 4713 4714 4682
f 4682 4714 4715 4683
f 4683 4715 4716 4684
f 4684 4716 4717 4685
f 4685 4717 4718 4686
f 4686 4718 4719 4687
f 4687 4719 4720 4688
f 4688 4720 4721 4689
f 4689 4721 4722 4690
f 4690 4722 4723 4691
f 4691 4723 4724 4692
f 4692 4724 4725 4693
f 4693 4725 4726 4694
f 4694 4726 4727 4695
f 4695 4727 4728 4696
f 4696 4728 4729 4697
f 4697 4729 4730 4698
f 4698 4730 4731 4699
f 4699 4731 4732 4700
f 4700 4732 4733 4701
f 4701 4733 4734 4702
f 4702 4734 4735 4703
f 4703 4735 4736 4704
f 4704 4736 4737 4705
f 4705 4737 4738 4706
f 4706 4738 4739 4707
f 4707 4739 4740 4708
f 4708 4740 4741 4709
f 4709 4741 4742 4710
f 4710 4742 4743 4711
f 4711 4743 4744 4712
f 4712 4744 4713 4681
f 4713 4745 4746 4714
f 4714 4746 4747 4715
f 4715 4747 4748 4716
f 4716 4748 4749 4717
f 4717 4749 4750 4718
f 4718 4750 4751 4719
f 4719 4751 4752 4720
f 4720 4752 4753 4721
f 4721 4753 4754 4722
f 4722 4754 4755 4723
f 4723 4755 4756 4724
f 4724 4756 4757 4725
f 4725 4757 4758 4726
f 4726 4758 4759 4727
f 4727 4759 4760 4728
f 4728 4760 4761 4729
f 4729 4761 4762 4730
f 4730 4762 4763 4731
f 4731 4763 4764 4732
f 4732 4764 4765 4733
f 4733 4765 4766 4734
f 4734 4766 4767 4735
f 4735 4767 4768 4736
f 4736 4768 4769 4737
f 4737 4769 4770 4738
f 4738 4770 4771 4739
f 4739 4771 4772 4740
f 4740 4772 4773 4741
f 4741 4773 4774 4742
f 4742 4774 4775 4743
f 4743 4775 4776 4744
f 4744 4776 4745 4713
f 4745 4777 4778 4746
f 4746 4778 4779 4747
f 4747 4779 4780 4748
f 4748 4780 4781 4749
f 4749 4781 4782 4750
f 4750 4782 4783 4751
f 4751 4783 4784 4752
f 4752 4784 4785 4753
f 4753 4785 4786 4754
f 4754 4786 4787 4755
f 4755 4787 4788 4756
f 4756 4788 4789 4757
f 4757 4789 4790 4758
f 4758 4790 4791 4759
f 4759 4791 4792 4760
f 4760 4792 4793 4761
f 4761 4793 4794 4762
f 4762 4794 4795 4763
f 4763 4795 4796 4764
f 4764 4796 4797 4765
f 4765 4797 4798 4766
f 4766 4798 4799 4767
f 4767 4799 4800 4768
f 4768 4800 4801 4769
f 4769 4801 4802 4770
f 4770 4802 4803 4771
f 4771 4803 4804 4772
f 4772 4804 4805 4773
f 4773 4805 4806 4774
f 4774 4806 4807 4775
f 4775 4807 4808 4776
f 4776 4808 4777 4745
f 4777 4809 4810 4778
f 4778 4810 4811 4779
f 4779 4811 4812 4780
f 4780 4812 4813 4781
f 4781 4813 4814 4782
f 4782 4814 4815 4783
f 4783 4815 4816 4784
f 4784 4816 4817 4785
f 4785 4817 4818 4786
f 4786 4818 4819 4787
f 4787 4819 4820 4788
f 4788 4820 4821 4789
f 4789 4821 4822 4790
f 4790 4822 4823 4791
f 4791 4823 4824 4792
f 4792 4824 4825 4793
f 4793 4825 4826 4794
f 4794 4826 4827 4795
f 4795 4827 4828 4796
f 4796 4828 4829 4797
f 4797 4829 4830 4798
f 4798 4830 4831 4799
f 4799 4831 4832 4800
f 4800 4832 4833 4801
f 4801 4833 4834 4802
f 4802 4834 4835 4803
f 4803 4835 4836 4804
f 4804 4836 4837 4805
f 4805 4837 4838 4806
f 4806 4838 4839 4807
f 4807 4839 4840 4808
f 4808 4840 4809 4777
f 4809 4841 4842 4810
f 4810 4842 4843 4811
f 4811 4843 4844 4812
f 4812 4844 4845 4813
f 4813 4845 4846 4814
f 4814 4846 4847 4815
f 4815 4847 4848 4816
f 4816 4848 4849 4817
f 4817 4849 4850 4818
f 4818 4850 4851 4819
f 4819 4851 4852 4820
f 4820 4852 4853 4821
f 4821 4853 4854 4822
f 4822 4854 4855 4823
f 4823 4855 4856 4824
f 4824 4856 4857 4825
f 4825 4857 4858 4826
f 4826 4858 4859 4827
f 4827 4859 4860 4828
f 4828 4860 4861 4829
f 4829 4861 4862 4830
f 4830 4862 4863 4831
f 4831 4863 4864 4832
f 4832 4864 4865 4833
f 4833 4865 4866 4834
f 4834 4866 4867 4835
f 4835 4867 4868 4836
f 4836 4868 4869 4837
f 4837 4869 4870 4838
f 4838 4870 4871 4839
f 4839 4871 4872 4840
f 4840 4872 4841 4809
f 4841 4873 4874 4842
f 4842 4874 4875 4843
f 4843 4875 4876 4844
f 4844 4876 4877 4845
f 4845 4877 4878 4846
f 4846 4878 4879 4847
f 4847 4879 4880 4848
f 4848 4880 4881 4849
f 4849 4881 4882 4850
f 4850 4882 4883 4851
f 4851 4883 4884 4852
f 4852 4884 4885 4853
f 4853 4885 4886 4854
f 4854 4886 4887 4855
f 4855 4887 4888 4856
f 4856 4888 4889 4857
f 4857 4889 4890 4858
f 4858 4890 4891 4859
f 4859 4891 4892 4860
f 4860 4892 4893 4861
f 4861 4893 4894 4862
f 4862 4894 4895 4863
f 4863 4895 4896 4864
f 4864 4896 4897 4865
f 4865 4897 4898 4866
f 4866 4898 4899 4867
f 4867 4899 4900 4868
f 4868 4900 4901 4869
f 4869 4901 4902 4870
f 4870 4902 4903 4871
f 4871 4903 4904 4872
f 4872 4904 4873 4841
f 4873 4905 4906 4874
f 4874 4906 4907 4875
f 4875 4907 4908 4876
f 4876 4908 4909 4877
f 4877 4909 4910 4878
f 4878 4910 4911 4879
f 4879 4911 4912 4880
f 4880 4912 4913 4881
f 4881 4913 4914 4882
f 4882 4914 4915 4883
f 4883 4915 4916 4884
f 4884 4916 4917 4885
f 4885 4917 4918 4886
f 4886 4918 4919 4887
f 4887 4919 4920 4888
f 4888 4920 4921 4889
f 4889 4921 4922 4890
f 4890 4922 4923 4891
f 4891 4923 4924 4892
f 4892 4924 4925 4893
f 4893 4925 4926 4894
f 4894 4926 4927 4895
f 4895 4927 4928 4896
f 4896 4928 4929 4897
f 4897 4929 4930 4898
f 4898 4930 4931 4899
f 4899 4931 4932 4900
f 4900 4932 4933 4901
f 4901 4933 4934 4902
f 4902 4934 4935 4903
f 4903 4935 4936 4904
f 4904 4936 4905 4873
f 4905 4937 4938 4906
f 4906 4938 4939 4907
f 4907 4939 4940 4908
f 4908 4940 4941 4909
f 4909 4941 4942 4910
f 4910 4942 4943 4911
f 4911 4943 4944 4912
f 4912 4944 4945 4913
f 4913 4945 4946 4914
f 4914 4946 4947 4915
f 4915 4947 4948 4916
f 4916 4948 4949 4917
f 4917 4949 4950 4918
f 4918 4950 4951 4919
f 4919 4951 4952 4920
f 4920 4952 4953 4921
f 4921 4953 4954 4922
f 4922 4954 4955 4923
f 4923 4955 4956 4924
f 4924 4956 4957 4925
f 4925 4957 4958 4926
f 4926 4958 4959 4927
f 4927 4959 4960 4928
f 4928 4960 4961 4929
f 4929 4961 4962 4930
f 4930 4962 4963 4931
f 4931 4963 4964 4932
f 4932 4964 4965 4933
f 4933 4965 4966 4934
f 4934 4966 4967 4935
f 4935 4967 4968 4936
f 4936 4968 4937 4905
f 4937 4969 4970 4938
f 4938 4970 4971 4939
f 4939 4971 4972 4940
f 4940 4972 4973 4941
f 4941 4973 4974 4942
f 4942 4974 4975 4943
f 4943 4975 4976 4944
f 4944 4976 4977 4945
f 4945 4977 4978 4946
f 4946 4978 4979 4947
f 4947 4979 4980 4948
f 4948 4980 4981 4949
f 4949 4981 4982 4950
f 4950 4982 4983 4951
f 4951 4983 4984 4952
f 4952 4984 4985 4953
f 4953 4985 4986 4954
f 4954 4986 4987 4955
f 4955 4987 4988 4956
f 4956 4988 4989 4957
f 4957 4989 4990 4958
f 4958 4990 4991 4959
f 4959 4991 4992 4960
f 4960 4992 4993 4961
f 4961 4993 4994 4962
f 4962 4994 4995 4963
f 4963 4995 4996 4964
f 4964 4996 4997 4965
f 4965 4997 4998 4966
f 4966 4998 4999 4967
f 4967 4999 5000 4968
f 4968 5000 4969 4937
f 4969 5001 5002 4970
f 4970 5002 5003 4971
f 4971 5003 5004 4972
f 4972 5004 5005 4973
f 4973 5005 5006 4974
f 4974 5006 5007 4975
f 4975 5007 5008 4976
f 4976 5008 5009 4977
f 4977 5009 5010 4978
f 4978 5010 5011 4979
f 4979 5011 5012 4980
f 4980 5012 5013 4981
f 4981 5013 5014 4982
f 4982 5014 5015 4983
f 4983 5015 5016 4984
f 4984 5016 5017 4985
f 4985 5017 5018 4986
f 4986 5018 5019 4987
f 4987 5019 5020 4988
f 4988 5020 5021 4989
f 4989 5021 5022 4990
f 4990 5022 5023 4991
f 4991 5023 5024 4992
f 4992 5024 5025 4993
f 4993 5025 5026 4994
f 4994 5026 5027 4995
f 4995 5027 5028 4996
f 4996 5028 5029 4997
f 4997 5029 5030 4998
f 4998 5030 5031 4999
f 4999 5031 5032 5000
f 5000 5032 5001 4969
f 5001 5033 5034 5002
f 5002 5034 5035 5003
f 5003 5035 5036 5004
f 5004 5036 5037 5005
f 5005 5037 5038 5006
f 5006 5038 5039 5007
f 5007 5039 5040 5008
f 5008 5040 5041 5009
f 5009 5041 5042 5010
f 5010 5042 5043 5011
f 5011 5043 5044 5012
f 5012 5044 5045 5013
f 5013 5045 5046 5014
f 5014 5046 5047 5015
f 5015 5047 5048 5016
f 5016 5048 5049 5017
f 5017 5049 5050 5018
f 5018 5050 5051 5019
f 5019 5051 5052 5020
f 5020 5052 5053 5021
f 5021 5053 5054 5022
f 5022 5054 5055 5023
f 5023 5055 5056 5024
f 5024 5056 5057 5025
f 5025 5057 5058 5026
f 5026 5058 5059 5027
f 5027 5059 5060 5028
f 5028 5060 5061 5029
f 5029 5061 5062 5030
f 5030 5062 5063 5031
f 5031 5063 5064 5032
f 5032 5064 5033 5001
f 5033 5098 5099 5034
f 5034 5099 5100 5035
f 5035 5100 5101 5036
f 5036 5101 5102 5037
f 5037 5102 5103 5038
f 5038 5103 5104 5039
f 5039 5104 5105 5040
f 5040 5105 5106 5041
f 5041 5106 5107 5042
f 5042 5107 5108 5043
f 5043 5108 5109 5044
f 5044 5109 5110 5045
f 5045 5110 5111 5046
f 5046 5111 5112 5047
f 5047 5112 5113 5048
f 5048 5113 5114 5049
f 5049 5114 5115 5050
f 5050 5115 5116 5051
f 5051 5116 5117 5052
f 5052 5117 5118 5053
f 5053 5118 5119 5054
f 5054 5119 5120 5055
f 5055 5120 5121 5056
f 5056 5121 5122 5057
f 5057 5122 5123 5058
f 5058 5123 5124 5059
f 5059 5124 5125 5060
f 5060 5125 5126 5061
f 5061 5126 5127 5062
f 5062 5127 5128 5063
f 5063 5128 5129 5064
f 5064 5129 5098 5033
f 5065 5097 5066
f 5066 5097 5067
f 5067 5097 5068
f 5068 5097 5069
f 5069 5097 5070
f 5070 5097 5071
f 5071 5097 5072
f 5072 5097 5073
f 5073 5097 5074
f 5074 5097 5075
f 5075 5097 5076
f 5076 5097 5077
f 5077 5097 5078
f 5078 5097 5079
f 5079 5097 5080
f 5080 5097 5081
f 5081 5097 5082
f 5082 5097 5083
f 5083 5097 5084
f 5084 5097 5085
f 5085 5097 5086
f 5086 5097 5087
f 5087 5097 5088
f 5088 5097 5089
f 5089 5097 5090
f 5090 5097 5091
f 5091 5097 5092
f 5092 5097 5093
f 5093 5097 5094
f 5094 5097 5095
f 5095 5097 5096
f 5096 5097 5065
f 5130 4649 4650 5131
f 5131 4650 4651 5132
f 5132 4651 4652 5133
f 5133 4652 4653 5134
f 5134 4653 4654 5135
f 5135 4654 4655 5136
f 5136 4655 4656 5137
f 5137 4656 4657 5138
f 5138 4657 4658 5139
f 5139 4658 4659 5140
f 5140 4659 4660 5141
f 5141 4660 4661 5142
f 5142 4661 4662 5143
f 5143 4662 4663 5144
f 5144 4663 4664 5145
f 5145 4664 4665 5146
f 5146 4665 4666 5147
f 5147 4666 4667 5148
f 5148 4667 4668 5149
f 5149 4668 4669 5150
f 5150 4669 4670 5151
f 5151 4670 4671 5152
f 5152 4671 4672 5153
f 5153 4672 4673 5154
f 5154 4673 4674 5155
f 5155 4674 4675 5156
f 5156 4675 4676 5157
f 5157 4676 4677 5158
f 5158 4677 4678 5159
f 5159 4678 4679 5160
f 5160 4679 4680 5161
f 5161 4680 4649 5130
f 5065 5066 5164 5165
f 5066 5067 5167 5164
f 5067 5068 5169 5167
f 5068 5069 5171 5169
f 5069 5070 5173 5171
f 5070 5071 5175 5173
f 5071 5072 5177 5175
f 5072 5073 5179 5177
f 5073 5074 5181 5179
f 5074 5075 5183 5181
f 5075 5076 5185 5183
f 5076 5077 5187 5185
f 5077 5078 5189 5187
f 5078 5079 5191 5189
f 5079 5080 5193 5191
f 5080 5081 5195 5193
f 5081 5082 5197 5195
f 5082 5083 5199 5197
f 5083 5084 5201 5199
f 5084 5085 5203 5201
f 5085 5086 5205 5203
f 5086 5087 5207 5205
f 5087 5088 5209 5207
f 5088 5089 5211 5209
f 5089 5090 5213 5211
f 5090 5091 5215 5213
f 5091 5092 5217 5215
f 5092 5093 5219 5217
f 5093 5094 5221 5219
f 5094 5095 5223 5221
f 5095 5096 5225 5223
f 5096 5065 5165 5225
f 5163 5162 5165 5164
f 5164 5167 5166 5163
f 5167 5169 5168 5166
f 5169 5171 5170 5168
f 5171 5173 5172 5170
f 5173 5175 5174 5172
f 5175 5177 5176 5174
f 5177 5179 5178 5176
f 5179 5181 5180 5178
f 5181 5183 5182 5180
f 5183 5185 5184 5182
f 5185 5187 5186 5184
f 5187 5189 5188 5186
f 5189 5191 5190 5188
f 5191 5193 5192 5190
f 5193 5195 5194 5192
f 5195 5197 5196 5194
f 5197 5199 5198 5196
f 5199 5201 5200 5198
f 5201 5203 5202 5200
f 5203 5205 5204 5202
f 5205 5207 5206 5204
f 5207 5209 5208 5206
f 5209 5211 5210 5208
f 5211 5213 5212 5210
f 5213 5215 5214 5212
f 5215 5217 5216 5214
f 5217 5219 5218 5216
f 5219 5221 5220 5218
f 5221 5223 5222 5220
f 5223 5225 5224 5222
f 5162 5224 5225 5165
f 5099 5098 5226 5227
f 5100 5099 5227 5228
f 5101 5100 5228 5229
f 5102 5101 5229 5230
f 5103 5102 5230 5231
f 5104 5103 5231 5232
f 5105 5104 5232 5233
f 5106 5105 5233 5234
f 5107 5106 5234 5235
f 5108 5107 5235 5236
f 5109 5108 5236 5237
f 5110 5109 5237 5238
f 5111 5110 5238 5239
f 5112 5111 5239 5240
f 5113 5112 5240 5241
f 5114 5113 5241 5242
f 5115 5114 5242 5243
f 5116 5115 5243 5244
f 5117 5116 5244 5245
f 5118 5117 5245 5246
f 5119 5118 5246 5247
f 5120 5119 5247 5248
f 5121 5120 5248 5249
f 5122 5121 5249 5250
f 5123 5122 5250 5251
f 5124 5123 5251 5252
f 5125 5124 5252 5253
f 5126 5125 5253 5254
f 5127 5126 5254 5255
f 5128 5127 5255 5256
f 5129 5128 5256 5257
f 5098 5129 5257 5226
f 5258 5162 5163 5259
f 5259 5163 5166 5260
f 5260 5166 5168 5261
f 5261 5168 5170 5262
f 5262 5170 5172 5263
f 5263 5172 5174 5264
f 5264 5174 5176 5265
f 5265 5176 5178 5266
f 5266 5178 5180 5267
f 5267 5180 5182 5268
f 5268 5182 5184 5269
f 5269 5184 5186 5270
f 5270 5186 5188 5271
f 5271 5188 5190 5272
f 5272 5190 5192 5273
f 5273 5192 5194 5274
f 5274 5194 5196 5275
f 5275 5196 5198 5276
f 5276 5198 5200 5277
f 5277 5200 5202 5278
f 5278 5202 5204 5279
f 5279 5204 5206 5280
f 5280 5206 5208 5281
f 5281 5208 5210 5282
f 5282 5210 5212 5283
f 5283 5212 5214 5284
f 5284 5214 5216 5285
f 5285 5216 5218 5286
f 5286 5218 5220 5287
f 5287 5220 5222 5288
f 5288 5222 5224 5289
f 5289 5224 5162 5258
f 5259 5260 5228 5227
f 5260 5261 5229 5228
f 5261 5262 5230 5229
f 5262 5263 5231 5230
f 5263 5264 5232 5231
f 5264 5265 5233 5232
f 5265 5266 5234 5233
f 5266 5267 5235 5234
f 5267 5268 5236 5235
f 5268 5269 5237 5236
f 5269 5270 5238 5237
f 5270 5271 5239 5238
f 5271 5272 5240 5239
f 5272 5273 5241 5240
f 5273 5274 5242 5241
f 5274 5275 5243 5242
f 5275 5276 5244 5243
f 5276 5277 5245 5244
f 5277 5278 5246 5245
f 5278 5279 5247 5246
f 5279 5280 5248 5247
f 5280 5281 5249 5248
f 5281 5282 5250 5249
f 5282 5283 5251 5250
f 5283 5284 5252 5251
f 5284 5285 5253 5252
f 5285 5286 5254 5253
f 5286 5287 5255 5254
f 5287 5288 5256 5255
f 5288 5289 5257 5256
f 5227 5226 5258 5259
f 5226 5257 5289 5258
f 5130 5131 5292 5293
f 5131 5132 5295 5292
f 5132 5133 5297 5295
f 5133 5134 5299 5297
f 5134 5135 5301 5299
f 5135 5136 5303 5301
f 5136 5137 5305 5303
f 5137 5138 5307 5305
f 5138 5139 5309 5307
f 5139 5140 5311 5309
f 5140 5141 5313 5311
f 5141 5142 5315 5313
f 5142 5143 5317 5315
f 5143 5144 5319 5317
f 5144 5145 5321 5319
f 5145 5146 5323 5321
f 5146 5147 5325 5323
f 5147 5148 5327 5325
f 5148 5149 5329 5327
f 5149 5150 5331 5329
f 5150 5151 5333 5331
f 5151 5152 5335 5333
f 5152 5153 5337 5335
f 5153 5154 5339 5337
f 5154 5155 5341 5339
f 5155 5156 5343 5341
f 5156 5157 5345 5343
f 5157 5158 5347 5345
f 5158 5159 5349 5347
f 5159 5160 5351 5349
f 5160 5161 5353 5351
f 5161 5130 5293 5353
f 5291 5290 5293 5292
f 5292 5295 5294 5291
f 5295 5297 5296 5294
f 5297 5299 5298 5296
f 5299 5301 5300 5298
f 5301 5303 5302 5300
f 5303 5305 5304 5302
f 5305 5307 5306 5304
f 5307 5309 5308 5306
f 5309 5311 5310 5308
f 5311 5313 5312 5310
f 5313 5315 5314 5312
f 5315 5317 5316 5314
f 5317 5319 5318 5316
f 5319 5321 5320 5318
f 5321 5323 5322 5320
f 5323 5325 5324 5322
f 5325 5327 5326 5324
f 5327 5329 5328 5326
f 5329 5331 5330 5328
f 5331 5333 5332 5330
f 5333 5335 5334 5332
f 5335 5337 5336 5334
f 5337 5339 5338 5336
f 5339 5341 5340 5338
f 5341 5343 5342 5340
f 5343 5345 5344 5342
f 5345 5347 5346 5344
f 5347 5349 5348 5346
f 5349 5351 5350 5348
f 5351 5353 5352 5350
f 5290 5352 5353 5293
f 4618 4617 5354 5355
f 4619 4618 5355 5356
f 4620 4619 5356 5357
f 4621 4620 5357 5358
f 4622 4621 5358 5359
f 4623 4622 5359 5360
f 4624 4623 5360 5361
f 4625 4624 5361 5362
f 4626 4625 5362 5363
f 4627 4626 5363 5364
f 4628 4627 5364 5365
f 4629 4628 5365 5366
f 4630 4629 5366 5367
f 4631 4630 5367 5368
f 4632 4631 5368 5369
f 4633 4632 5369 5370
f 4634 4633 5370 5371
f 4635 4634 5371 5372
f 4636 4635 5372 5373
f 4637 4636 5373 5374
f 4638 4637 5374 5375
f 4639 4638 5375 5376
f 4640 4639 5376 5377
f 4641 4640 5377 5378
f 4642 4641 5378 5379
f 4643 4642 5379 5380
f 4644 4643 5380 5381
f 4645 4644 5381 5382
f 4646 4645 5382 5383
f 4647 4646 5383 5384
f 4648 4647 5384 5385
f 4617 4648 5385 5354
f 5386 5290 5291 5387
f 5387 5291 5294 5388
f 5388 5294 5296 5389
f 5389 5296 5298 5390
f 5390 5298 5300 5391
f 5391 5300 5302 5392
f 5392 5302 5304 5393
f 5393 5304 5306 5394
f 5394 5306 5308 5395
f 5395 5308 5310 5396
f 5396 5310 5312 5397
f 5397 5312 5314 5398
f 5398 5314 5316 5399
f 5399 5316 5318 5400
f 5400 5318 5320 5401
f 5401 5320 5322 5402
f 5402 5322 5324 5403
f 5403 5324 5326 5404
f 5404 5326 5328 5405
f 5405 5328 5330 5406
f 5406 5330 5332 5407
f 5407 5332 5334 5408
f 5408 5334 5336 5409
f 5409 5336 5338 5410
f 5410 5338 5340 5411
f 5411 5340 5342 5412
f 5412 5342 5344 5413
f 5413 5344 5346 5414
f 5414 5346 5348 5415
f 5415 5348 5350 5416
f 5416 5350 5352 5417
f 5417 5352 5290 5386
f 5387 5388 5356 5355
f 5388 5389 5357 5356
f 5389 5390 5358 5357
f 5390 5391 5359 5358
f 5391 5392 5360 5359
f 5392 5393 5361 5360
f 5393 5394 5362 5361
f 5394 5395 5363 5362
f 5395 5396 5364 5363
f 5396 5397 5365 5364
f 5397 5398 5366 5365
f 5398 5399 5367 5366
f 5399 5400 5368 5367
f 5400 5401 5369 5368
f 5401 5402 5370 5369
f 5402 5403 5371 5370
f 5403 5404 5372 5371
f 5404 5405 5373 5372
f 5405 5406 5374 5373
f 5406 5407 5375 5374
f 5407 5408 5376 5375
f 5408 5409 5377 5376
f 5409 5410 5378 5377
f 5410 5411 5379 5378
f 5411 5412 5380 5379
f 5412 5413 5381 5380
f 5413 5414 5382 5381
f 5414 5415 5383 5382
f 5415 5416 5384 5383
f 5416 5417 5385 5384
f 5355 5354 5386 5387
f 5354 5385 5417 5386
g Group45503
f 5450 5449 5448 5447
f 5430 5434 5450 5447
f 5434 5430 5431 5435
f 5456 5455 5454 5453
f 5419 5418 5456 5453
f 5418 5438 5455 5456
f 5418 5419 5439 5438
f 5453 5454 5458 5457
f 5420 5419 5453 5457
f 5419 5420 5440 5439
f 5457 5458 5460 5459
f 5421 5420 5457 5459
f 5420 5421 5441 5440
f 5464 5463 5462 5461
f 5429 5433 5462 5463
f 5428 5432 5433 5429
f 5459 5460 5466 5465
f 5422 5421 5459 5465
f 5442 5422 5465 5466
f 5421 5422 5442 5441
f 5451 5452 5467 5464
f 5436 5428 5444 5443
f 5464 5467 5468 5463
f 5445 5429 5463 5468
f 5428 5429 5445 5444
f 5449 5451 5469 5448
f 5435 5431 5437 5436
f 5451 5464 5461 5469
f 5436 5437 5432 5428
f 5434 5446 5470 5450
f 5438 5519 5518 5455
f 5458 5520 5522 5460
f 5440 5441 5523 5521
f 5460 5522 5524 5466
f 5441 5442 5525 5523
f 5424 5425 5471 5472
f 5452 5471 5473 5467
f 5425 5426 5473 5471
f 5443 5444 5426 5425
f 5467 5473 5474 5468
f 5427 5445 5468 5474
f 5426 5427 5474 5473
f 5444 5445 5427 5426
f 5423 5424 5472 5475
f 5446 5423 5475 5470
f 5462 5433 5478 5479
f 5466 5524 5526 5480
f 5442 5466 5480 5481
f 5484 5527 5528 5505
f 5490 5529 5527 5484
f 5478 5433 5500 5501
f 5481 5530 5531 5502
f 5442 5481 5502 5503
f 5433 5525 5532 5500
f 5487 5533 5534 5488
f 5477 5482 5492 5493
f 5476 5535 5536 5494
f 5483 5476 5494 5495
f 5488 5498 5487
f 5506 5484 5505
f 5499 5489 5486
f 5506 5490 5484
f 5491 5507 5485
f 5504 5507 5499 5496
f 5485 5507 5504
f 5493 5492 5498 5488
f 5494 5536 5534 5489
f 5495 5494 5489 5499
f 5492 5537 5538 5498
f 5497 5539 5533 5487
f 5498 5497 5487
f 5507 5540 5538 5499
f 5496 5499 5486
f 5501 5500 5490 5506
f 5502 5531 5540 5507
f 5503 5502 5507 5491
f 5500 5532 5529 5490
f 5505 5528 5539 5497
f 5506 5505 5497 5498
f 5477 5535 5541 5509
f 5509 5482 5477
f 5483 5508 5476
f 5482 5542 5537 5492
f 5482 5509 5511 5510
f 5509 5541 5543 5511
f 5508 5483 5513 5512
f 5510 5544 5542 5482
f 5515 5514 5510 5511
f 5516 5545 5543 5512
f 5517 5516 5512 5513
f 5514 5546 5544 5510
f 5515 5545 5546 5514
f 5480 5526 5530 5481
f 5519 5430 5447 5518
f 5520 5469 5461 5522
f 5521 5523 5432 5437
f 5522 5461 5462 5524
f 5523 5525 5433 5432
f 5524 5462 5479 5526
f 5527 5485 5504 5528
f 5529 5491 5485 5527
f 5530 5478 5501 5531
f 5525 5442 5503 5532
f 5533 5486 5489 5534
f 5535 5477 5493 5536
f 5536 5493 5488 5534
f 5537 5495 5499 5538
f 5539 5496 5486 5533
f 5540 5506 5498 5538
f 5531 5501 5506 5540
f 5532 5503 5491 5529
f 5528 5504 5496 5539
f 5535 5476 5508 5541
f 5542 5483 5495 5537
f 5541 5508 5512 5543
f 5544 5513 5483 5542
f 5545 5515 5511 5543
f 5546 5517 5513 5544
f 5545 5516 5517 5546
f 5526 5479 5478 5530
f 5518 5547 5549 5455
f 5549 5548 5454 5455
f 5454 5548 5551 5458
f 5551 5550 5520 5458
f 5448 5552 5553 5447
f 5553 5547 5518 5447
f 5520 5550 5554 5469
f 5554 5552 5448 5469
f 5449 5555 5557 5451
f 5557 5556 5452 5451
f 5470 5558 5559 5450
f 5559 5555 5449 5450
f 5452 5556 5561 5471
f 5561 5560 5472 5471
f 5472 5560 5562 5475
f 5562 5558 5470 5475
f 5439 5563 5564 5438
f 5564 5565 5519 5438
f 5521 5566 5567 5440
f 5567 5563 5439 5440
f 5519 5565 5568 5430
f 5568 5569 5431 5430
f 5431 5569 5570 5437
f 5570 5566 5521 5437
f 5571 5572 5548 5549
f 5573 5571 5549 5547
f 5574 5575 5550 5551
f 5572 5574 5551 5548
f 5576 5577 5552 5554
f 5575 5576 5554 5550
f 5578 5573 5547 5553
f 5577 5578 5553 5552
f 5572 5571 5564 5563
f 5575 5574 5567 5566
f 5573 5578 5568 5565
f 5577 5576 5570 5569
f 5565 5564 5571 5573
f 5563 5567 5574 5572
f 5566 5570 5576 5575
f 5569 5568 5578 5577
f 5443 5579 5580 5436
f 5580 5581 5435 5436
f 5435 5581 5582 5434
f 5582 5583 5446 5434
f 5424 5584 5585 5425
f 5585 5579 5443 5425
f 5446 5583 5586 5423
f 5586 5584 5424 5423
f 5587 5588 5555 5559
f 5589 5587 5559 5558
f 5590 5591 5556 5557
f 5588 5590 5557 5555
f 5592 5589 5558 5562
f 5593 5592 5562 5560
f 5594 5593 5560 5561
f 5591 5594 5561 5556
f 5591 5590 5580 5579
f 5588 5587 5582 5581
f 5593 5594 5585 5584
f 5589 5592 5586 5583
f 5583 5582 5587 5589
f 5581 5580 5590 5588
f 5584 5586 5592 5593
f 5579 5585 5594 5591
f 5595 5597 5598 5596
f 5597 5599 5600 5598
f 5599 5601 5602 5600
f 5601 5603 5604 5602
f 5605 5606 5603 5607
f 5606 5605 5608 5609
f 5604 5603 5606 5610
f 5611 5604 5610 5612
f 5613 5614 5611 5615
f 5616 5615 5611 5612
f 5602 5604 5611 5614
f 5610 5617 5618 5612
f 5609 5617 5610 5606
f 5609 5608 5619 5617
f 5619 5620 5618 5617
f 5621 5618 5620 5622
f 5622 5620 5623 5624
f 5619 5625 5623 5620
f 5608 5626 5625 5619
f 5605 5627 5626 5608
f 5628 5627 5605 5607
f 5628 5607 5629 5630
f 5629 5607 5603 5601
f 5599 5597 5629 5601
f 5597 5595 5630 5629
f 5598 5600 5631 5632
f 5598 5632 5633 5596
f 5633 5632 5634 5635
f 5637 5636 5638 5639
f 5635 5634 5638 5636
f 5640 5634 5632 5631
f 5641 5640 5613 5642
f 5640 5641 5638 5634
f 5642 5639 5638 5641
f 5643 5644 5639 5642
f 5642 5613 5615 5643
f 5631 5614 5613 5640
f 5602 5614 5631 5600
f 5646 5644 5648 5647
f 5646 5637 5639 5644
f 5643 5649 5648 5644
f 5648 5649 5650 5651
f 5621 5650 5649 5616
f 5615 5616 5649 5643
f 5645 5647 5648 5651
f 5650 5621 5622 5651
f 5616 5612 5618 5621
f 5622 5624 5645 5651
f 5637 5646 5652
f 5652 5646 5647
f 5636 5637 5653
f 5653 5637 5652
f 5635 5636 5654
f 5654 5636 5653
f 5633 5635 5655
f 5655 5635 5654
f 5596 5633 5656
f 5656 5633 5655
f 5595 5596 5657
f 5657 5596 5656
f 5630 5595 5658
f 5658 5595 5657
f 5628 5630 5659
f 5659 5630 5658
f 5627 5628 5660
f 5660 5628 5659
f 5626 5627 5661
f 5661 5627 5660
f 5625 5626 5662
f 5662 5626 5661
f 5623 5625 5662
f 5652 5647 5645
f 5652 5645 5663
f 5663 5645 5624
f 5663 5624 5664
f 5664 5624 5623
f 5664 5623 5662
f 5663 5664 5665
f 5665 5664 5662
f 5665 5662 5666
f 5666 5662 5661
f 5666 5661 5667
f 5667 5661 5660
f 5667 5660 5668
f 5668 5660 5659
f 5668 5659 5669
f 5669 5659 5658
f 5669 5658 5670
f 5670 5658 5657
f 5670 5657 5671
f 5671 5657 5656
f 5671 5656 5672
f 5672 5656 5655
f 5672 5655 5673
f 5673 5655 5654
f 5673 5654 5674
f 5674 5654 5653
f 5674 5653 5675
f 5675 5653 5652
f 5675 5652 5676
f 5676 5652 5663
f 5676 5663 5665
f 5676 5665 5677
f 5677 5665 5666
f 5677 5666 5678
f 5678 5666 5667
f 5678 5667 5668
f 5678 5668 5679
f 5679 5668 5669
f 5677 5678 5680
f 5680 5678 5679
f 5679 5669 5681
f 5681 5669 5670
f 5680 5679 5682
f 5682 5679 5681
f 5681 5670 5683
f 5683 5670 5671
f 5682 5681 5684
f 5684 5681 5683
f 5683 5671 5685
f 5685 5671 5672
f 5684 5683 5686
f 5686 5683 5685
f 5685 5672 5687
f 5687 5672 5673
f 5687 5673 5688
f 5688 5673 5674
f 5688 5674 5675
f 5686 5685 5689
f 5689 5685 5687
f 5687 5688 5690
f 5690 5688 5675
f 5689 5687 5690
f 5690 5675 5691
f 5691 5675 5676
f 5689 5690 5691
f 5691 5676 5677
f 5691 5677 5692
f 5692 5677 5680
f 5692 5680 5682
f 5692 5682 5684
f 5689 5691 5693
f 5693 5691 5692
f 5686 5689 5693
f 5686 5693 5692
f 5684 5686 5692
f 5694 5696 5697 5695
f 5696 5698 5699 5697
f 5698 5700 5701 5699
f 5700 5702 5703 5701
f 5704 5705 5702 5706
f 5705 5704 5707 5708
f 5703 5702 5705 5709
f 5710 5703 5709 5711
f 5712 5713 5710 5714
f 5715 5714 5710 5711
f 5701 5703 5710 5713
f 5709 5716 5717 5711
f 5708 5716 5709 5705
f 5708 5707 5718 5716
f 5718 5719 5717 5716
f 5720 5717 5719 5721
f 5721 5719 5722 5723
f 5718 5724 5722 5719
f 5707 5725 5724 5718
f 5704 5726 5725 5707
f 5727 5726 5704 5706
f 5727 5706 5728 5729
f 5728 5706 5702 5700
f 5698 5696 5728 5700
f 5696 5694 5729 5728
f 5697 5699 5730 5731
f 5697 5731 5732 5695
f 5732 5731 5733 5734
f 5736 5735 5737 5738
f 5734 5733 5737 5735
f 5739 5733 5731 5730
f 5740 5739 5712 5741
f 5739 5740 5737 5733
f 5741 5738 5737 5740
f 5742 5743 5738 5741
f 5741 5712 5714 5742
f 5730 5713 5712 5739
f 5701 5713 5730 5699
f 5745 5743 5747 5746
f 5745 5736 5738 5743
f 5742 5748 5747 5743
f 5747 5748 5749 5750
f 5720 5749 5748 5715
f 5714 5715 5748 5742
f 5744 5746 5747 5750
f 5749 5720 5721 5750
f 5715 5711 5717 5720
f 5721 5723 5744 5750
f 5736 5745 5751
f 5751 5745 5746
f 5735 5736 5752
f 5752 5736 5751
f 5734 5735 5753
f 5753 5735 5752
f 5732 5734 5754
f 5754 5734 5753
f 5695 5732 5755
f 5755 5732 5754
f 5694 5695 5756
f 5756 5695 5755
f 5729 5694 5757
f 5757 5694 5756
f 5727 5729 5758
f 5758 5729 5757
f 5726 5727 5759
f 5759 5727 5758
f 5725 5726 5760
f 5760 5726 5759
f 5724 5725 5761
f 5761 5725 5760
f 5722 5724 5761
f 5751 5746 5744
f 5751 5744 5762
f 5762 5744 5723
f 5762 5723 5763
f 5763 5723 5722
f 5763 5722 5761
f 5762 5763 5764
f 5764 5763 5761
f 5764 5761 5765
f 5765 5761 5760
f 5765 5760 5766
f 5766 5760 5759
f 5766 5759 5767
f 5767 5759 5758
f 5767 5758 5768
f 5768 5758 5757
f 5768 5757 5769
f 5769 5757 5756
f 5769 5756 5770
f 5770 5756 5755
f 5770 5755 5771
f 5771 5755 5754
f 5771 5754 5772
f 5772 5754 5753
f 5772 5753 5773
f 5773 5753 5752
f 5773 5752 5774
f 5774 5752 5751
f 5774 5751 5775
f 5775 5751 5762
f 5775 5762 5764
f 5775 5764 5776
f 5776 5764 5765
f 5776 5765 5777
f 5777 5765 5766
f 5777 5766 5767
f 5777 5767 5778
f 5778 5767 5768
f 5776 5777 5779
f 5779 5777 5778
f 5778 5768 5780
f 5780 5768 5769
f 5779 5778 5781
f 5781 5778 5780
f 5780 5769 5782
f 5782 5769 5770
f 5781 5780 5783
f 5783 5780 5782
f 5782 5770 5784
f 5784 5770 5771
f 5783 5782 5785
f 5785 5782 5784
f 5784 5771 5786
f 5786 5771 5772
f 5786 5772 5787
f 5787 5772 5773
f 5787 5773 5774
f 5785 5784 5788
f 5788 5784 5786
f 5786 5787 5789
f 5789 5787 5774
f 5788 5786 5789
f 5789 5774 5790
f 5790 5774 5775
f 5788 5789 5790
f 5790 5775 5776
f 5790 5776 5791
f 5791 5776 5779
f 5791 5779 5781
f 5791 5781 5783
f 5788 5790 5792
f 5792 5790 5791
f 5785 5788 5792
f 5785 5792 5791
f 5783 5785 5791
g Group50968
f 5825 5824 5823 5822
f 5805 5809 5825 5822
f 5809 5805 5806 5810
f 5831 5830 5829 5828
f 5794 5793 5831 5828
f 5793 5813 5830 5831
f 5793 5794 5814 5813
f 5828 5829 5833 5832
f 5795 5794 5828 5832
f 5794 5795 5815 5814
f 5832 5833 5835 5834
f 5796 5795 5832 5834
f 5795 5796 5816 5815
f 5839 5838 5837 5836
f 5804 5808 5837 5838
f 5803 5807 5808 5804
f 5834 5835 5841 5840
f 5797 5796 5834 5840
f 5817 5797 5840 5841
f 5796 5797 5817 5816
f 5826 5827 5842 5839
f 5811 5803 5819 5818
f 5839 5842 5843 5838
f 5820 5804 5838 5843
f 5803 5804 5820 5819
f 5824 5826 5844 5823
f 5810 5806 5812 5811
f 5826 5839 5836 5844
f 5811 5812 5807 5803
f 5809 5821 5845 5825
f 5813 5894 5893 5830
f 5833 5895 5897 5835
f 5815 5816 5898 5896
f 5835 5897 5899 5841
f 5816 5817 5900 5898
f 5799 5800 5846 5847
f 5827 5846 5848 5842
f 5800 5801 5848 5846
f 5818 5819 5801 5800
f 5842 5848 5849 5843
f 5802 5820 5843 5849
f 5801 5802 5849 5848
f 5819 5820 5802 5801
f 5798 5799 5847 5850
f 5821 5798 5850 5845
f 5837 5808 5853 5854
f 5841 5899 5901 5855
f 5817 5841 5855 5856
f 5859 5902 5903 5880
f 5865 5904 5902 5859
f 5853 5808 5875 5876
f 5856 5905 5906 5877
f 5817 5856 5877 5878
f 5808 5900 5907 5875
f 5862 5908 5909 5863
f 5852 5857 5867 5868
f 5851 5910 5911 5869
f 5858 5851 5869 5870
f 5863 5873 5862
f 5881 5859 5880
f 5874 5864 5861
f 5881 5865 5859
f 5866 5882 5860
f 5879 5882 5874 5871
f 5860 5882 5879
f 5868 5867 5873 5863
f 5869 5911 5909 5864
f 5870 5869 5864 5874
f 5867 5912 5913 5873
f 5872 5914 5908 5862
f 5873 5872 5862
f 5882 5915 5913 5874
f 5871 5874 5861
f 5876 5875 5865 5881
f 5877 5906 5915 5882
f 5878 5877 5882 5866
f 5875 5907 5904 5865
f 5880 5903 5914 5872
f 5881 5880 5872 5873
f 5852 5910 5916 5884
f 5884 5857 5852
f 5858 5883 5851
f 5857 5917 5912 5867
f 5857 5884 5886 5885
f 5884 5916 5918 5886
f 5883 5858 5888 5887
f 5885 5919 5917 5857
f 5890 5889 5885 5886
f 5891 5920 5918 5887
f 5892 5891 5887 5888
f 5889 5921 5919 5885
f 5890 5920 5921 5889
f 5855 5901 5905 5856
f 5894 5805 5822 5893
f 5895 5844 5836 5897
f 5896 5898 5807 5812
f 5897 5836 5837 5899
f 5898 5900 5808 5807
f 5899 5837 5854 5901
f 5902 5860 5879 5903
f 5904 5866 5860 5902
f 5905 5853 5876 5906
f 5900 5817 5878 5907
f 5908 5861 5864 5909
f 5910 5852 5868 5911
f 5911 5868 5863 5909
f 5912 5870 5874 5913
f 5914 5871 5861 5908
f 5915 5881 5873 5913
f 5906 5876 5881 5915
f 5907 5878 5866 5904
f 5903 5879 5871 5914
f 5910 5851 5883 5916
f 5917 5858 5870 5912
f 5916 5883 5887 5918
f 5919 5888 5858 5917
f 5920 5890 5886 5918
f 5921 5892 5888 5919
f 5920 5891 5892 5921
f 5901 5854 5853 5905
f 5893 5922 5924 5830
f 5924 5923 5829 5830
f 5829 5923 5926 5833
f 5926 5925 5895 5833
f 5823 5927 5928 5822
f 5928 5922 5893 5822
f 5895 5925 5929 5844
f 5929 5927 5823 5844
f 5824 5930 5932 5826
f 5932 5931 5827 5826
f 5845 5933 5934 5825
f 5934 5930 5824 5825
f 5827 5931 5936 5846
f 5936 5935 5847 5846
f 5847 5935 5937 5850
f 5937 5933 5845 5850
f 5818 5938 5939 5811
f 5939 5940 5810 5811
f 5810 5940 5941 5809
f 5941 5942 5821 5809
f 5799 5943 5944 5800
f 5944 5938 5818 5800
f 5821 5942 5945 5798
f 5945 5943 5799 5798
f 5946 5947 5930 5934
f 5948 5946 5934 5933
f 5949 5950 5931 5932
f 5947 5949 5932 5930
f 5951 5948 5933 5937
f 5952 5951 5937 5935
f 5953 5952 5935 5936
f 5950 5953 5936 5931
f 5950 5949 5939 5938
f 5947 5946 5941 5940
f 5952 5953 5944 5943
f 5948 5951 5945 5942
f 5942 5941 5946 5948
f 5940 5939 5949 5947
f 5943 5945 5951 5952
f 5938 5944 5953 5950
f 5814 5954 5955 5813
f 5955 5956 5894 5813
f 5896 5957 5958 5815
f 5958 5954 5814 5815
f 5894 5956 5959 5805
f 5959 5960 5806 5805
f 5806 5960 5961 5812
f 5961 5957 5896 5812
f 5962 5963 5923 5924
f 5964 5962 5924 5922
f 5965 5966 5925 5926
f 5963 5965 5926 5923
f 5967 5968 5927 5929
f 5966 5967 5929 5925
f 5969 5964 5922 5928
f 5968 5969 5928 5927
f 5963 5962 5955 5954
f 5966 5965 5958 5957
f 5964 5969 5959 5956
f 5968 5967 5961 5960
f 5956 5955 5962 5964
f 5954 5958 5965 5963
f 5957 5961 5967 5966
f 5960 5959 5969 5968
f 5970 5972 5973 5971
f 5972 5974 5975 5973
f 5974 5976 5977 5975
f 5976 5978 5979 5977
f 5980 5981 5978 5982
f 5981 5980 5983 5984
f 5979 5978 5981 5985
f 5986 5979 5985 5987
f 5988 5989 5986 5990
f 5991 5990 5986 5987
f 5977 5979 5986 5989
f 5985 5992 5993 5987
f 5984 5992 5985 5981
f 5984 5983 5994 5992
f 5994 5995 5993 5992
f 5996 5993 5995 5997
f 5997 5995 5998 5999
f 5994 6000 5998 5995
f 5983 6001 6000 5994
f 5980 6002 6001 5983
f 6003 6002 5980 5982
f 6003 5982 6004 6005
f 6004 5982 5978 5976
f 5974 5972 6004 5976
f 5972 5970 6005 6004
f 5973 5975 6006 6007
f 5973 6007 6008 5971
f 6008 6007 6009 6010
f 6012 6011 6013 6014
f 6010 6009 6013 6011
f 6015 6009 6007 6006
f 6016 6015 5988 6017
f 6015 6016 6013 6009
f 6017 6014 6013 6016
f 6018 6019 6014 6017
f 6017 5988 5990 6018
f 6006 5989 5988 6015
f 5977 5989 6006 5975
f 6021 6019 6023 6022
f 6021 6012 6014 6019
f 6018 6024 6023 6019
f 6023 6024 6025 6026
f 5996 6025 6024 5991
f 5990 5991 6024 6018
f 6020 6022 6023 6026
f 6025 5996 5997 6026
f 5991 5987 5993 5996
f 5997 5999 6020 6026
f 6012 6021 6027
f 6027 6021 6022
f 6011 6012 6028
f 6028 6012 6027
f 6010 6011 6029
f 6029 6011 6028
f 6008 6010 6030
f 6030 6010 6029
f 5971 6008 6031
f 6031 6008 6030
f 5970 5971 6032
f 6032 5971 6031
f 6005 5970 6033
f 6033 5970 6032
f 6003 6005 6034
f 6034 6005 6033
f 6002 6003 6035
f 6035 6003 6034
f 6001 6002 6036
f 6036 6002 6035
f 6000 6001 6037
f 6037 6001 6036
f 5998 6000 6037
f 6027 6022 6020
f 6027 6020 6038
f 6038 6020 5999
f 6038 5999 6039
f 6039 5999 5998
f 6039 5998 6037
f 6038 6039 6040
f 6040 6039 6037
f 6040 6037 6041
f 6041 6037 6036
f 6041 6036 6042
f 6042 6036 6035
f 6042 6035 6043
f 6043 6035 6034
f 6043 6034 6044
f 6044 6034 6033
f 6044 6033 6045
f 6045 6033 6032
f 6045 6032 6046
f 6046 6032 6031
f 6046 6031 6047
f 6047 6031 6030
f 6047 6030 6048
f 6048 6030 6029
f 6048 6029 6049
f 6049 6029 6028
f 6049 6028 6050
f 6050 6028 6027
f 6050 6027 6051
f 6051 6027 6038
f 6051 6038 6040
f 6051 6040 6052
f 6052 6040 6041
f 6052 6041 6053
f 6053 6041 6042
f 6053 6042 6043
f 6053 6043 6054
f 6054 6043 6044
f 6052 6053 6055
f 6055 6053 6054
f 6054 6044 6056
f 6056 6044 6045
f 6055 6054 6057
f 6057 6054 6056
f 6056 6045 6058
f 6058 6045 6046
f 6057 6056 6059
f 6059 6056 6058
f 6058 6046 6060
f 6060 6046 6047
f 6059 6058 6061
f 6061 6058 6060
f 6060 6047 6062
f 6062 6047 6048
f 6062 6048 6063
f 6063 6048 6049
f 6063 6049 6050
f 6061 6060 6064
f 6064 6060 6062
f 6062 6063 6065
f 6065 6063 6050
f 6064 6062 6065
f 6065 6050 6066
f 6066 6050 6051
f 6064 6065 6066
f 6066 6051 6052
f 6066 6052 6067
f 6067 6052 6055
f 6067 6055 6057
f 6067 6057 6059
f 6064 6066 6068
f 6068 6066 6067
f 6061 6064 6068
f 6061 6068 6067
f 6059 6061 6067
f 6069 6071 6072 6070
f 6071 6073 6074 6072
f 6073 6075 6076 6074
f 6075 6077 6078 6076
f 6079 6080 6077 6081
f 6080 6079 6082 6083
f 6078 6077 6080 6084
f 6085 6078 6084 6086
f 6087 6088 6085 6089
f 6090 6089 6085 6086
f 6076 6078 6085 6088
f 6084 6091 6092 6086
f 6083 6091 6084 6080
f 6083 6082 6093 6091
f 6093 6094 6092 6091
f 6095 6092 6094 6096
f 6096 6094 6097 6098
f 6093 6099 6097 6094
f 6082 6100 6099 6093
f 6079 6101 6100 6082
f 6102 6101 6079 6081
f 6102 6081 6103 6104
f 6103 6081 6077 6075
f 6073 6071 6103 6075
f 6071 6069 6104 6103
f 6072 6074 6105 6106
f 6072 6106 6107 6070
f 6107 6106 6108 6109
f 6111 6110 6112 6113
f 6109 6108 6112 6110
f 6114 6108 6106 6105
f 6115 6114 6087 6116
f 6114 6115 6112 6108
f 6116 6113 6112 6115
f 6117 6118 6113 6116
f 6116 6087 6089 6117
f 6105 6088 6087 6114
f 6076 6088 6105 6074
f 6120 6118 6122 6121
f 6120 6111 6113 6118
f 6117 6123 6122 6118
f 6122 6123 6124 6125
f 6095 6124 6123 6090
f 6089 6090 6123 6117
f 6119 6121 6122 6125
f 6124 6095 6096 6125
f 6090 6086 6092 6095
f 6096 6098 6119 6125
f 6111 6120 6126
f 6126 6120 6121
f 6110 6111 6127
f 6127 6111 6126
f 6109 6110 6128
f 6128 6110 6127
f 6107 6109 6129
f 6129 6109 6128
f 6070 6107 6130
f 6130 6107 6129
f 6069 6070 6131
f 6131 6070 6130
f 6104 6069 6132
f 6132 6069 6131
f 6102 6104 6133
f 6133 6104 6132
f 6101 6102 6134
f 6134 6102 6133
f 6100 6101 6135
f 6135 6101 6134
f 6099 6100 6136
f 6136 6100 6135
f 6097 6099 6136
f 6126 6121 6119
f 6126 6119 6137
f 6137 6119 6098
f 6137 6098 6138
f 6138 6098 6097
f 6138 6097 6136
f 6137 6138 6139
f 6139 6138 6136
f 6139 6136 6140
f 6140 6136 6135
f 6140 6135 6141
f 6141 6135 6134
f 6141 6134 6142
f 6142 6134 6133
f 6142 6133 6143
f 6143 6133 6132
f 6143 6132 6144
f 6144 6132 6131
f 6144 6131 6145
f 6145 6131 6130
f 6145 6130 6146
f 6146 6130 6129
f 6146 6129 6147
f 6147 6129 6128
f 6147 6128 6148
f 6148 6128 6127
f 6148 6127 6149
f 6149 6127 6126
f 6149 6126 6150
f 6150 6126 6137
f 6150 6137 6139
f 6150 6139 6151
f 6151 6139 6140
f 6151 6140 6152
f 6152 6140 6141
f 6152 6141 6142
f 6152 6142 6153
f 6153 6142 6143
f 6151 6152 6154
f 6154 6152 6153
f 6153 6143 6155
f 6155 6143 6144
f 6154 6153 6156
f 6156 6153 6155
f 6155 6144 6157
f 6157 6144 6145
f 6156 6155 6158
f 6158 6155 6157
f 6157 6145 6159
f 6159 6145 6146
f 6158 6157 6160
f 6160 6157 6159
f 6159 6146 6161
f 6161 6146 6147
f 6161 6147 6162
f 6162 6147 6148
f 6162 6148 6149
f 6160 6159 6163
f 6163 6159 6161
f 6161 6162 6164
f 6164 6162 6149
f 6163 6161 6164
f 6164 6149 6165
f 6165 6149 6150
f 6163 6164 6165
f 6165 6150 6151
f 6165 6151 6166
f 6166 6151 6154
f 6166 6154 6156
f 6166 6156 6158
f 6163 6165 6167
f 6167 6165 6166
f 6160 6163 6167
f 6160 6167 6166
f 6158 6160 6166
g Group24470
f 6168 6169 6170
f 6168 6170 6171
f 6168 6171 6172
f 6168 6172 6173
f 6168 6173 6174
f 6168 6174 6175
f 6168 6175 6176
f 6168 6176 6177
f 6168 6177 6178
f 6168 6178 6179
f 6168 6179 6180
f 6168 6180 6181
f 6168 6181 6182
f 6168 6182 6183
f 6168 6183 6184
f 6168 6184 6185
f 6168 6185 6186
f 6168 6186 6187
f 6168 6187 6188
f 6168 6188 6189
f 6168 6189 6190
f 6168 6190 6191
f 6168 6191 6192
f 6168 6192 6193
f 6168 6193 6194
f 6168 6194 6195
f 6168 6195 6196
f 6168 6196 6197
f 6168 6197 6198
f 6168 6198 6199
f 6168 6199 6200
f 6168 6200 6169
f 6201 6233 6234 6202
f 6202 6234 6235 6203
f 6203 6235 6236 6204
f 6204 6236 6237 6205
f 6205 6237 6238 6206
f 6206 6238 6239 6207
f 6207 6239 6240 6208
f 6208 6240 6241 6209
f 6209 6241 6242 6210
f 6210 6242 6243 6211
f 6211 6243 6244 6212
f 6212 6244 6245 6213
f 6213 6245 6246 6214
f 6214 6246 6247 6215
f 6215 6247 6248 6216
f 6216 6248 6249 6217
f 6217 6249 6250 6218
f 6218 6250 6251 6219
f 6219 6251 6252 6220
f 6220 6252 6253 6221
f 6221 6253 6254 6222
f 6222 6254 6255 6223
f 6223 6255 6256 6224
f 6224 6256 6257 6225
f 6225 6257 6258 6226
f 6226 6258 6259 6227
f 6227 6259 6260 6228
f 6228 6260 6261 6229
f 6229 6261 6262 6230
f 6230 6262 6263 6231
f 6231 6263 6264 6232
f 6232 6264 6233 6201
f 6233 6265 6266 6234
f 6234 6266 6267 6235
f 6235 6267 6268 6236
f 6236 6268 6269 6237
f 6237 6269 6270 6238
f 6238 6270 6271 6239
f 6239 6271 6272 6240
f 6240 6272 6273 6241
f 6241 6273 6274 6242
f 6242 6274 6275 6243
f 6243 6275 6276 6244
f 6244 6276 6277 6245
f 6245 6277 6278 6246
f 6246 6278 6279 6247
f 6247 6279 6280 6248
f 6248 6280 6281 6249
f 6249 6281 6282 6250
f 6250 6282 6283 6251
f 6251 6283 6284 6252
f 6252 6284 6285 6253
f 6253 6285 6286 6254
f 6254 6286 6287 6255
f 6255 6287 6288 6256
f 6256 6288 6289 6257
f 6257 6289 6290 6258
f 6258 6290 6291 6259
f 6259 6291 6292 6260
f 6260 6292 6293 6261
f 6261 6293 6294 6262
f 6262 6294 6295 6263
f 6263 6295 6296 6264
f 6264 6296 6265 6233
f 6265 6297 6298 6266
f 6266 6298 6299 6267
f 6267 6299 6300 6268
f 6268 6300 6301 6269
f 6269 6301 6302 6270
f 6270 6302 6303 6271
f 6271 6303 6304 6272
f 6272 6304 6305 6273
f 6273 6305 6306 6274
f 6274 6306 6307 6275
f 6275 6307 6308 6276
f 6276 6308 6309 6277
f 6277 6309 6310 6278
f 6278 6310 6311 6279
f 6279 6311 6312 6280
f 6280 6312 6313 6281
f 6281 6313 6314 6282
f 6282 6314 6315 6283
f 6283 6315 6316 6284
f 6284 6316 6317 6285
f 6285 6317 6318 6286
f 6286 6318 6319 6287
f 6287 6319 6320 6288
f 6288 6320 6321 6289
f 6289 6321 6322 6290
f 6290 6322 6323 6291
f 6291 6323 6324 6292
f 6292 6324 6325 6293
f 6293 6325 6326 6294
f 6294 6326 6327 6295
f 6295 6327 6328 6296
f 6296 6328 6297 6265
f 6297 6329 6330 6298
f 6298 6330 6331 6299
f 6299 6331 6332 6300
f 6300 6332 6333 6301
f 6301 6333 6334 6302
f 6302 6334 6335 6303
f 6303 6335 6336 6304
f 6304 6336 6337 6305
f 6305 6337 6338 6306
f 6306 6338 6339 6307
f 6307 6339 6340 6308
f 6308 6340 6341 6309
f 6309 6341 6342 6310
f 6310 6342 6343 6311
f 6311 6343 6344 6312
f 6312 6344 6345 6313
f 6313 6345 6346 6314
f 6314 6346 6347 6315
f 6315 6347 6348 6316
f 6316 6348 6349 6317
f 6317 6349 6350 6318
f 6318 6350 6351 6319
f 6319 6351 6352 6320
f 6320 6352 6353 6321
f 6321 6353 6354 6322
f 6322 6354 6355 6323
f 6323 6355 6356 6324
f 6324 6356 6357 6325
f 6325 6357 6358 6326
f 6326 6358 6359 6327
f 6327 6359 6360 6328
f 6328 6360 6329 6297
f 6329 6361 6362 6330
f 6330 6362 6363 6331
f 6331 6363 6364 6332
f 6332 6364 6365 6333
f 6333 6365 6366 6334
f 6334 6366 6367 6335
f 6335 6367 6368 6336
f 6336 6368 6369 6337
f 6337 6369 6370 6338
f 6338 6370 6371 6339
f 6339 6371 6372 6340
f 6340 6372 6373 6341
f 6341 6373 6374 6342
f 6342 6374 6375 6343
f 6343 6375 6376 6344
f 6344 6376 6377 6345
f 6345 6377 6378 6346
f 6346 6378 6379 6347
f 6347 6379 6380 6348
f 6348 6380 6381 6349
f 6349 6381 6382 6350
f 6350 6382 6383 6351
f 6351 6383 6384 6352
f 6352 6384 6385 6353
f 6353 6385 6386 6354
f 6354 6386 6387 6355
f 6355 6387 6388 6356
f 6356 6388 6389 6357
f 6357 6389 6390 6358
f 6358 6390 6391 6359
f 6359 6391 6392 6360
f 6360 6392 6361 6329
f 6361 6393 6394 6362
f 6362 6394 6395 6363
f 6363 6395 6396 6364
f 6364 6396 6397 6365
f 6365 6397 6398 6366
f 6366 6398 6399 6367
f 6367 6399 6400 6368
f 6368 6400 6401 6369
f 6369 6401 6402 6370
f 6370 6402 6403 6371
f 6371 6403 6404 6372
f 6372 6404 6405 6373
f 6373 6405 6406 6374
f 6374 6406 6407 6375
f 6375 6407 6408 6376
f 6376 6408 6409 6377
f 6377 6409 6410 6378
f 6378 6410 6411 6379
f 6379 6411 6412 6380
f 6380 6412 6413 6381
f 6381 6413 6414 6382
f 6382 6414 6415 6383
f 6383 6415 6416 6384
f 6384 6416 6417 6385
f 6385 6417 6418 6386
f 6386 6418 6419 6387
f 6387 6419 6420 6388
f 6388 6420 6421 6389
f 6389 6421 6422 6390
f 6390 6422 6423 6391
f 6391 6423 6424 6392
f 6392 6424 6393 6361
f 6393 6425 6426 6394
f 6394 6426 6427 6395
f 6395 6427 6428 6396
f 6396 6428 6429 6397
f 6397 6429 6430 6398
f 6398 6430 6431 6399
f 6399 6431 6432 6400
f 6400 6432 6433 6401
f 6401 6433 6434 6402
f 6402 6434 6435 6403
f 6403 6435 6436 6404
f 6404 6436 6437 6405
f 6405 6437 6438 6406
f 6406 6438 6439 6407
f 6407 6439 6440 6408
f 6408 6440 6441 6409
f 6409 6441 6442 6410
f 6410 6442 6443 6411
f 6411 6443 6444 6412
f 6412 6444 6445 6413
f 6413 6445 6446 6414
f 6414 6446 6447 6415
f 6415 6447 6448 6416
f 6416 6448 6449 6417
f 6417 6449 6450 6418
f 6418 6450 6451 6419
f 6419 6451 6452 6420
f 6420 6452 6453 6421
f 6421 6453 6454 6422
f 6422 6454 6455 6423
f 6423 6455 6456 6424
f 6424 6456 6425 6393
f 6425 6457 6458 6426
f 6426 6458 6459 6427
f 6427 6459 6460 6428
f 6428 6460 6461 6429
f 6429 6461 6462 6430
f 6430 6462 6463 6431
f 6431 6463 6464 6432
f 6432 6464 6465 6433
f 6433 6465 6466 6434
f 6434 6466 6467 6435
f 6435 6467 6468 6436
f 6436 6468 6469 6437
f 6437 6469 6470 6438
f 6438 6470 6471 6439
f 6439 6471 6472 6440
f 6440 6472 6473 6441
f 6441 6473 6474 6442
f 6442 6474 6475 6443
f 6443 6475 6476 6444
f 6444 6476 6477 6445
f 6445 6477 6478 6446
f 6446 6478 6479 6447
f 6447 6479 6480 6448
f 6448 6480 6481 6449
f 6449 6481 6482 6450
f 6450 6482 6483 6451
f 6451 6483 6484 6452
f 6452 6484 6485 6453
f 6453 6485 6486 6454
f 6454 6486 6487 6455
f 6455 6487 6488 6456
f 6456 6488 6457 6425
f 6457 6489 6490 6458
f 6458 6490 6491 6459
f 6459 6491 6492 6460
f 6460 6492 6493 6461
f 6461 6493 6494 6462
f 6462 6494 6495 6463
f 6463 6495 6496 6464
f 6464 6496 6497 6465
f 6465 6497 6498 6466
f 6466 6498 6499 6467
f 6467 6499 6500 6468
f 6468 6500 6501 6469
f 6469 6501 6502 6470
f 6470 6502 6503 6471
f 6471 6503 6504 6472
f 6472 6504 6505 6473
f 6473 6505 6506 6474
f 6474 6506 6507 6475
f 6475 6507 6508 6476
f 6476 6508 6509 6477
f 6477 6509 6510 6478
f 6478 6510 6511 6479
f 6479 6511 6512 6480
f 6480 6512 6513 6481
f 6481 6513 6514 6482
f 6482 6514 6515 6483
f 6483 6515 6516 6484
f 6484 6516 6517 6485
f 6485 6517 6518 6486
f 6486 6518 6519 6487
f 6487 6519 6520 6488
f 6488 6520 6489 6457
f 6489 6521 6522 6490
f 6490 6522 6523 6491
f 6491 6523 6524 6492
f 6492 6524 6525 6493
f 6493 6525 6526 6494
f 6494 6526 6527 6495
f 6495 6527 6528 6496
f 6496 6528 6529 6497
f 6497 6529 6530 6498
f 6498 6530 6531 6499
f 6499 6531 6532 6500
f 6500 6532 6533 6501
f 6501 6533 6534 6502
f 6502 6534 6535 6503
f 6503 6535 6536 6504
f 6504 6536 6537 6505
f 6505 6537 6538 6506
f 6506 6538 6539 6507
f 6507 6539 6540 6508
f 6508 6540 6541 6509
f 6509 6541 6542 6510
f 6510 6542 6543 6511
f 6511 6543 6544 6512
f 6512 6544 6545 6513
f 6513 6545 6546 6514
f 6514 6546 6547 6515
f 6515 6547 6548 6516
f 6516 6548 6549 6517
f 6517 6549 6550 6518
f 6518 6550 6551 6519
f 6519 6551 6552 6520
f 6520 6552 6521 6489
f 6521 6553 6554 6522
f 6522 6554 6555 6523
f 6523 6555 6556 6524
f 6524 6556 6557 6525
f 6525 6557 6558 6526
f 6526 6558 6559 6527
f 6527 6559 6560 6528
f 6528 6560 6561 6529
f 6529 6561 6562 6530
f 6530 6562 6563 6531
f 6531 6563 6564 6532
f 6532 6564 6565 6533
f 6533 6565 6566 6534
f 6534 6566 6567 6535
f 6535 6567 6568 6536
f 6536 6568 6569 6537
f 6537 6569 6570 6538
f 6538 6570 6571 6539
f 6539 6571 6572 6540
f 6540 6572 6573 6541
f 6541 6573 6574 6542
f 6542 6574 6575 6543
f 6543 6575 6576 6544
f 6544 6576 6577 6545
f 6545 6577 6578 6546
f 6546 6578 6579 6547
f 6547 6579 6580 6548
f 6548 6580 6581 6549
f 6549 6581 6582 6550
f 6550 6582 6583 6551
f 6551 6583 6584 6552
f 6552 6584 6553 6521
f 6553 6585 6586 6554
f 6554 6586 6587 6555
f 6555 6587 6588 6556
f 6556 6588 6589 6557
f 6557 6589 6590 6558
f 6558 6590 6591 6559
f 6559 6591 6592 6560
f 6560 6592 6593 6561
f 6561 6593 6594 6562
f 6562 6594 6595 6563
f 6563 6595 6596 6564
f 6564 6596 6597 6565
f 6565 6597 6598 6566
f 6566 6598 6599 6567
f 6567 6599 6600 6568
f 6568 6600 6601 6569
f 6569 6601 6602 6570
f 6570 6602 6603 6571
f 6571 6603 6604 6572
f 6572 6604 6605 6573
f 6573 6605 6606 6574
f 6574 6606 6607 6575
f 6575 6607 6608 6576
f 6576 6608 6609 6577
f 6577 6609 6610 6578
f 6578 6610 6611 6579
f 6579 6611 6612 6580
f 6580 6612 6613 6581
f 6581 6613 6614 6582
f 6582 6614 6615 6583
f 6583 6615 6616 6584
f 6584 6616 6585 6553
f 6585 6650 6651 6586
f 6586 6651 6652 6587
f 6587 6652 6653 6588
f 6588 6653 6654 6589
f 6589 6654 6655 6590
f 6590 6655 6656 6591
f 6591 6656 6657 6592
f 6592 6657 6658 6593
f 6593 6658 6659 6594
f 6594 6659 6660 6595
f 6595 6660 6661 6596
f 6596 6661 6662 6597
f 6597 6662 6663 6598
f 6598 6663 6664 6599
f 6599 6664 6665 6600
f 6600 6665 6666 6601
f 6601 6666 6667 6602
f 6602 6667 6668 6603
f 6603 6668 6669 6604
f 6604 6669 6670 6605
f 6605 6670 6671 6606
f 6606 6671 6672 6607
f 6607 6672 6673 6608
f 6608 6673 6674 6609
f 6609 6674 6675 6610
f 6610 6675 6676 6611
f 6611 6676 6677 6612
f 6612 6677 6678 6613
f 6613 6678 6679 6614
f 6614 6679 6680 6615
f 6615 6680 6681 6616
f 6616 6681 6650 6585
f 6617 6649 6618
f 6618 6649 6619
f 6619 6649 6620
f 6620 6649 6621
f 6621 6649 6622
f 6622 6649 6623
f 6623 6649 6624
f 6624 6649 6625
f 6625 6649 6626
f 6626 6649 6627
f 6627 6649 6628
f 6628 6649 6629
f 6629 6649 6630
f 6630 6649 6631
f 6631 6649 6632
f 6632 6649 6633
f 6633 6649 6634
f 6634 6649 6635
f 6635 6649 6636
f 6636 6649 6637
f 6637 6649 6638
f 6638 6649 6639
f 6639 6649 6640
f 6640 6649 6641
f 6641 6649 6642
f 6642 6649 6643
f 6643 6649 6644
f 6644 6649 6645
f 6645 6649 6646
f 6646 6649 6647
f 6647 6649 6648
f 6648 6649 6617
f 6682 6201 6202 6683
f 6683 6202 6203 6684
f 6684 6203 6204 6685
f 6685 6204 6205 6686
f 6686 6205 6206 6687
f 6687 6206 6207 6688
f 6688 6207 6208 6689
f 6689 6208 6209 6690
f 6690 6209 6210 6691
f 6691 6210 6211 6692
f 6692 6211 6212 6693
f 6693 6212 6213 6694
f 6694 6213 6214 6695
f 6695 6214 6215 6696
f 6696 6215 6216 6697
f 6697 6216 6217 6698
f 6698 6217 6218 6699
f 6699 6218 6219 6700
f 6700 6219 6220 6701
f 6701 6220 6221 6702
f 6702 6221 6222 6703
f 6703 6222 6223 6704
f 6704 6223 6224 6705
f 6705 6224 6225 6706
f 6706 6225 6226 6707
f 6707 6226 6227 6708
f 6708 6227 6228 6709
f 6709 6228 6229 6710
f 6710 6229 6230 6711
f 6711 6230 6231 6712
f 6712 6231 6232 6713
f 6713 6232 6201 6682
f 6617 6618 6716 6717
f 6618 6619 6719 6716
f 6619 6620 6721 6719
f 6620 6621 6723 6721
f 6621 6622 6725 6723
f 6622 6623 6727 6725
f 6623 6624 6729 6727
f 6624 6625 6731 6729
f 6625 6626 6733 6731
f 6626 6627 6735 6733
f 6627 6628 6737 6735
f 6628 6629 6739 6737
f 6629 6630 6741 6739
f 6630 6631 6743 6741
f 6631 6632 6745 6743
f 6632 6633 6747 6745
f 6633 6634 6749 6747
f 6634 6635 6751 6749
f 6635 6636 6753 6751
f 6636 6637 6755 6753
f 6637 6638 6757 6755
f 6638 6639 6759 6757
f 6639 6640 6761 6759
f 6640 6641 6763 6761
f 6641 6642 6765 6763
f 6642 6643 6767 6765
f 6643 6644 6769 6767
f 6644 6645 6771 6769
f 6645 6646 6773 6771
f 6646 6647 6775 6773
f 6647 6648 6777 6775
f 6648 6617 6717 6777
f 6715 6714 6717 6716
f 6716 6719 6718 6715
f 6719 6721 6720 6718
f 6721 6723 6722 6720
f 6723 6725 6724 6722
f 6725 6727 6726 6724
f 6727 6729 6728 6726
f 6729 6731 6730 6728
f 6731 6733 6732 6730
f 6733 6735 6734 6732
f 6735 6737 6736 6734
f 6737 6739 6738 6736
f 6739 6741 6740 6738
f 6741 6743 6742 6740
f 6743 6745 6744 6742
f 6745 6747 6746 6744
f 6747 6749 6748 6746
f 6749 6751 6750 6748
f 6751 6753 6752 6750
f 6753 6755 6754 6752
f 6755 6757 6756 6754
f 6757 6759 6758 6756
f 6759 6761 6760 6758
f 6761 6763 6762 6760
f 6763 6765 6764 6762
f 6765 6767 6766 6764
f 6767 6769 6768 6766
f 6769 6771 6770 6768
f 6771 6773 6772 6770
f 6773 6775 6774 6772
f 6775 6777 6776 6774
f 6714 6776 6777 6717
f 6651 6650 6778 6779
f 6652 6651 6779 6780
f 6653 6652 6780 6781
f 6654 6653 6781 6782
f 6655 6654 6782 6783
f 6656 6655 6783 6784
f 6657 6656 6784 6785
f 6658 6657 6785 6786
f 6659 6658 6786 6787
f 6660 6659 6787 6788
f 6661 6660 6788 6789
f 6662 6661 6789 6790
f 6663 6662 6790 6791
f 6664 6663 6791 6792
f 6665 6664 6792 6793
f 6666 6665 6793 6794
f 6667 6666 6794 6795
f 6668 6667 6795 6796
f 6669 6668 6796 6797
f 6670 6669 6797 6798
f 6671 6670 6798 6799
f 6672 6671 6799 6800
f 6673 6672 6800 6801
f 6674 6673 6801 6802
f 6675 6674 6802 6803
f 6676 6675 6803 6804
f 6677 6676 6804 6805
f 6678 6677 6805 6806
f 6679 6678 6806 6807
f 6680 6679 6807 6808
f 6681 6680 6808 6809
f 6650 6681 6809 6778
f 6810 6714 6715 6811
f 6811 6715 6718 6812
f 6812 6718 6720 6813
f 6813 6720 6722 6814
f 6814 6722 6724 6815
f 6815 6724 6726 6816
f 6816 6726 6728 6817
f 6817 6728 6730 6818
f 6818 6730 6732 6819
f 6819 6732 6734 6820
f 6820 6734 6736 6821
f 6821 6736 6738 6822
f 6822 6738 6740 6823
f 6823 6740 6742 6824
f 6824 6742 6744 6825
f 6825 6744 6746 6826
f 6826 6746 6748 6827
f 6827 6748 6750 6828
f 6828 6750 6752 6829
f 6829 6752 6754 6830
f 6830 6754 6756 6831
f 6831 6756 6758 6832
f 6832 6758 6760 6833
f 6833 6760 6762 6834
f 6834 6762 6764 6835
f 6835 6764 6766 6836
f 6836 6766 6768 6837
f 6837 6768 6770 6838
f 6838 6770 6772 6839
f 6839 6772 6774 6840
f 6840 6774 6776 6841
f 6841 6776 6714 6810
f 6811 6812 6780 6779
f 6812 6813 6781 6780
f 6813 6814 6782 6781
f 6814 6815 6783 6782
f 6815 6816 6784 6783
f 6816 6817 6785 6784
f 6817 6818 6786 6785
f 6818 6819 6787 6786
f 6819 6820 6788 6787
f 6820 6821 6789 6788
f 6821 6822 6790 6789
f 6822 6823 6791 6790
f 6823 6824 6792 6791
f 6824 6825 6793 6792
f 6825 6826 6794 6793
f 6826 6827 6795 6794
f 6827 6828 6796 6795
f 6828 6829 6797 6796
f 6829 6830 6798 6797
f 6830 6831 6799 6798
f 6831 6832 6800 6799
f 6832 6833 6801 6800
f 6833 6834 6802 6801
f 6834 6835 6803 6802
f 6835 6836 6804 6803
f 6836 6837 6805 6804
f 6837 6838 6806 6805
f 6838 6839 6807 6806
f 6839 6840 6808 6807
f 6840 6841 6809 6808
f 6779 6778 6810 6811
f 6778 6809 6841 6810
f 6682 6683 6844 6845
f 6683 6684 6847 6844
f 6684 6685 6849 6847
f 6685 6686 6851 6849
f 6686 6687 6853 6851
f 6687 6688 6855 6853
f 6688 6689 6857 6855
f 6689 6690 6859 6857
f 6690 6691 6861 6859
f 6691 6692 6863 6861
f 6692 6693 6865 6863
f 6693 6694 6867 6865
f 6694 6695 6869 6867
f 6695 6696 6871 6869
f 6696 6697 6873 6871
f 6697 6698 6875 6873
f 6698 6699 6877 6875
f 6699 6700 6879 6877
f 6700 6701 6881 6879
f 6701 6702 6883 6881
f 6702 6703 6885 6883
f 6703 6704 6887 6885
f 6704 6705 6889 6887
f 6705 6706 6891 6889
f 6706 6707 6893 6891
f 6707 6708 6895 6893
f 6708 6709 6897 6895
f 6709 6710 6899 6897
f 6710 6711 6901 6899
f 6711 6712 6903 6901
f 6712 6713 6905 6903
f 6713 6682 6845 6905
f 6843 6842 6845 6844
f 6844 6847 6846 6843
f 6847 6849 6848 6846
f 6849 6851 6850 6848
f 6851 6853 6852 6850
f 6853 6855 6854 6852
f 6855 6857 6856 6854
f 6857 6859 6858 6856
f 6859 6861 6860 6858
f 6861 6863 6862 6860
f 6863 6865 6864 6862
f 6865 6867 6866 6864
f 6867 6869 6868 6866
f 6869 6871 6870 6868
f 6871 6873 6872 6870
f 6873 6875 6874 6872
f 6875 6877 6876 6874
f 6877 6879 6878 6876
f 6879 6881 6880 6878
f 6881 6883 6882 6880
f 6883 6885 6884 6882
f 6885 6887 6886 6884
f 6887 6889 6888 6886
f 6889 6891 6890 6888
f 6891 6893 6892 6890
f 6893 6895 6894 6892
f 6895 6897 6896 6894
f 6897 6899 6898 6896
f 6899 6901 6900 6898
f 6901 6903 6902 6900
f 6903 6905 6904 6902
f 6842 6904 6905 6845
f 6170 6169 6906 6907
f 6171 6170 6907 6908
f 6172 6171 6908 6909
f 6173 6172 6909 6910
f 6174 6173 6910 6911
f 6175 6174 6911 6912
f 6176 6175 6912 6913
f 6177 6176 6913 6914
f 6178 6177 6914 6915
f 6179 6178 6915 6916
f 6180 6179 6916 6917
f 6181 6180 6917 6918
f 6182 6181 6918 6919
f 6183 6182 6919 6920
f 6184 6183 6920 6921
f 6185 6184 6921 6922
f 6186 6185 6922 6923
f 6187 6186 6923 6924
f 6188 6187 6924 6925
f 6189 6188 6925 6926
f 6190 6189 6926 6927
f 6191 6190 6927 6928
f 6192 6191 6928 6929
f 6193 6192 6929 6930
f 6194 6193 6930 6931
f 6195 6194 6931 6932
f 6196 6195 6932 6933
f 6197 6196 6933 6934
f 6198 6197 6934 6935
f 6199 6198 6935 6936
f 6200 6199 6936 6937
f 6169 6200 6937 6906
f 6938 6842 6843 6939
f 6939 6843 6846 6940
f 6940 6846 6848 6941
f 6941 6848 6850 6942
f 6942 6850 6852 6943
f 6943 6852 6854 6944
f 6944 6854 6856 6945
f 6945 6856 6858 6946
f 6946 6858 6860 6947
f 6947 6860 6862 6948
f 6948 6862 6864 6949
f 6949 6864 6866 6950
f 6950 6866 6868 6951
f 6951 6868 6870 6952
f 6952 6870 6872 6953
f 6953 6872 6874 6954
f 6954 6874 6876 6955
f 6955 6876 6878 6956
f 6956 6878 6880 6957
f 6957 6880 6882 6958
f 6958 6882 6884 6959
f 6959 6884 6886 6960
f 6960 6886 6888 6961
f 6961 6888 6890 6962
f 6962 6890 6892 6963
f 6963 6892 6894 6964
f 6964 6894 6896 6965
f 6965 6896 6898 6966
f 6966 6898 6900 6967
f 6967 6900 6902 6968
f 6968 6902 6904 6969
f 6969 6904 6842 6938
f 6939 6940 6908 6907
f 6940 6941 6909 6908
f 6941 6942 6910 6909
f 6942 6943 6911 6910
f 6943 6944 6912 6911
f 6944 6945 6913 6912
f 6945 6946 6914 6913
f 6946 6947 6915 6914
f 6947 6948 6916 6915
f 6948 6949 6917 6916
f 6949 6950 6918 6917
f 6950 6951 6919 6918
f 6951 6952 6920 6919
f 6952 6953 6921 6920
f 6953 6954 6922 6921
f 6954 6955 6923 6922
f 6955 6956 6924 6923
f 6956 6957 6925 6924
f 6957 6958 6926 6925
f 6958 6959 6927 6926
f 6959 6960 6928 6927
f 6960 6961 6929 6928
f 6961 6962 6930 6929
f 6962 6963 6931 6930
f 6963 6964 6932 6931
f 6964 6965 6933 6932
f 6965 6966 6934 6933
f 6966 6967 6935 6934
f 6967 6968 6936 6935
f 6968 6969 6937 6936
f 6907 6906 6938 6939
f 6906 6937 6969 6938
g Group22464
f 7002 7001 7000 6999
f 6982 6986 7002 6999
f 6986 6982 6983 6987
f 7008 7007 7006 7005
f 6971 6970 7008 7005
f 6970 6990 7007 7008
f 6970 6971 6991 6990
f 7005 7006 7010 7009
f 6972 6971 7005 7009
f 6971 6972 6992 6991
f 7009 7010 7012 7011
f 6973 6972 7009 7011
f 6972 6973 6993 6992
f 7016 7015 7014 7013
f 6981 6985 7014 7015
f 6980 6984 6985 6981
f 7011 7012 7018 7017
f 6974 6973 7011 7017
f 6994 6974 7017 7018
f 6973 6974 6994 6993
f 7003 7004 7019 7016
f 6988 6980 6996 6995
f 7016 7019 7020 7015
f 6997 6981 7015 7020
f 6980 6981 6997 6996
f 7001 7003 7021 7000
f 6987 6983 6989 6988
f 7003 7016 7013 7021
f 6988 6989 6984 6980
f 6986 6998 7022 7002
f 6990 7071 7070 7007
f 7010 7072 7074 7012
f 6992 6993 7075 7073
f 7012 7074 7076 7018
f 6993 6994 7077 7075
f 6976 6977 7023 7024
f 7004 7023 7025 7019
f 6977 6978 7025 7023
f 6995 6996 6978 6977
f 7019 7025 7026 7020
f 6979 6997 7020 7026
f 6978 6979 7026 7025
f 6996 6997 6979 6978
f 6975 6976 7024 7027
f 6998 6975 7027 7022
f 7014 6985 7030 7031
f 7018 7076 7078 7032
f 6994 7018 7032 7033
f 7036 7079 7080 7057
f 7042 7081 7079 7036
f 7030 6985 7052 7053
f 7033 7082 7083 7054
f 6994 7033 7054 7055
f 6985 7077 7084 7052
f 7039 7085 7086 7040
f 7029 7034 7044 7045
f 7028 7087 7088 7046
f 7035 7028 7046 7047
f 7040 7050 7039
f 7058 7036 7057
f 7051 7041 7038
f 7058 7042 7036
f 7043 7059 7037
f 7056 7059 7051 7048
f 7037 7059 7056
f 7045 7044 7050 7040
f 7046 7088 7086 7041
f 7047 7046 7041 7051
f 7044 7089 7090 7050
f 7049 7091 7085 7039
f 7050 7049 7039
f 7059 7092 7090 7051
f 7048 7051 7038
f 7053 7052 7042 7058
f 7054 7083 7092 7059
f 7055 7054 7059 7043
f 7052 7084 7081 7042
f 7057 7080 7091 7049
f 7058 7057 7049 7050
f 7029 7087 7093 7061
f 7061 7034 7029
f 7035 7060 7028
f 7034 7094 7089 7044
f 7034 7061 7063 7062
f 7061 7093 7095 7063
f 7060 7035 7065 7064
f 7062 7096 7094 7034
f 7067 7066 7062 7063
f 7068 7097 7095 7064
f 7069 7068 7064 7065
f 7066 7098 7096 7062
f 7067 7097 7098 7066
f 7032 7078 7082 7033
f 7071 6982 6999 7070
f 7072 7021 7013 7074
f 7073 7075 6984 6989
f 7074 7013 7014 7076
f 7075 7077 6985 6984
f 7076 7014 7031 7078
f 7079 7037 7056 7080
f 7081 7043 7037 7079
f 7082 7030 7053 7083
f 7077 6994 7055 7084
f 7085 7038 7041 7086
f 7087 7029 7045 7088
f 7088 7045 7040 7086
f 7089 7047 7051 7090
f 7091 7048 7038 7085
f 7092 7058 7050 7090
f 7083 7053 7058 7092
f 7084 7055 7043 7081
f 7080 7056 7048 7091
f 7087 7028 7060 7093
f 7094 7035 7047 7089
f 7093 7060 7064 7095
f 7096 7065 7035 7094
f 7097 7067 7063 7095
f 7098 7069 7065 7096
f 7097 7068 7069 7098
f 7078 7031 7030 7082
f 7070 7099 7101 7007
f 7101 7100 7006 7007
f 7006 7100 7103 7010
f 7103 7102 7072 7010
f 7000 7104 7105 6999
f 7105 7099 7070 6999
f 7072 7102 7106 7021
f 7106 7104 7000 7021
f 7001 7107 7109 7003
f 7109 7108 7004 7003
f 7022 7110 7111 7002
f 7111 7107 7001 7002
f 7004 7108 7113 7023
f 7113 7112 7024 7023
f 7024 7112 7114 7027
f 7114 7110 7022 7027
f 6991 7115 7116 6990
f 7116 7117 7071 6990
f 7073 7118 7119 6992
f 7119 7115 6991 6992
f 7071 7117 7120 6982
f 7120 7121 6983 6982
f 6983 7121 7122 6989
f 7122 7118 7073 6989
f 7123 7124 7100 7101
f 7125 7123 7101 7099
f 7126 7127 7102 7103
f 7124 7126 7103 7100
f 7128 7129 7104 7106
f 7127 7128 7106 7102
f 7130 7125 7099 7105
f 7129 7130 7105 7104
f 7124 7123 7116 7115
f 7127 7126 7119 7118
f 7125 7130 7120 7117
f 7129 7128 7122 7121
f 7117 7116 7123 7125
f 7115 7119 7126 7124
f 7118 7122 7128 7127
f 7121 7120 7130 7129
f 6995 7131 7132 6988
f 7132 7133 6987 6988
f 6987 7133 7134 6986
f 7134 7135 6998 6986
f 6976 7136 7137 6977
f 7137 7131 6995 6977
f 6998 7135 7138 6975
f 7138 7136 6976 6975
f 7139 7140 7107 7111
f 7141 7139 7111 7110
f 7142 7143 7108 7109
f 7140 7142 7109 7107
f 7144 7141 7110 7114
f 7145 7144 7114 7112
f 7146 7145 7112 7113
f 7143 7146 7113 7108
f 7143 7142 7132 7131
f 7140 7139 7134 7133
f 7145 7146 7137 7136
f 7141 7144 7138 7135
f 7135 7134 7139 7141
f 7133 7132 7142 7140
f 7136 7138 7144 7145
f 7131 7137 7146 7143
f 7147 7149 7150 7148
f 7149 7151 7152 7150
f 7151 7153 7154 7152
f 7153 7155 7156 7154
f 7157 7158 7155 7159
f 7158 7157 7160 7161
f 7156 7155 7158 7162
f 7163 7156 7162 7164
f 7165 7166 7163 7167
f 7168 7167 7163 7164
f 7154 7156 7163 7166
f 7162 7169 7170 7164
f 7161 7169 7162 7158
f 7161 7160 7171 7169
f 7171 7172 7170 7169
f 7173 7170 7172 7174
f 7174 7172 7175 7176
f 7171 7177 7175 7172
f 7160 7178 7177 7171
f 7157 7179 7178 7160
f 7180 7179 7157 7159
f 7180 7159 7181 7182
f 7181 7159 7155 7153
f 7151 7149 7181 7153
f 7149 7147 7182 7181
f 7150 7152 7183 7184
f 7150 7184 7185 7148
f 7185 7184 7186 7187
f 7189 7188 7190 7191
f 7187 7186 7190 7188
f 7192 7186 7184 7183
f 7193 7192 7165 7194
f 7192 7193 7190 7186
f 7194 7191 7190 7193
f 7195 7196 7191 7194
f 7194 7165 7167 7195
f 7183 7166 7165 7192
f 7154 7166 7183 7152
f 7198 7196 7200 7199
f 7198 7189 7191 7196
f 7195 7201 7200 7196
f 7200 7201 7202 7203
f 7173 7202 7201 7168
f 7167 7168 7201 7195
f 7197 7199 7200 7203
f 7202 7173 7174 7203
f 7168 7164 7170 7173
f 7174 7176 7197 7203
f 7189 7198 7204
f 7204 7198 7199
f 7188 7189 7205
f 7205 7189 7204
f 7187 7188 7206
f 7206 7188 7205
f 7185 7187 7207
f 7207 7187 7206
f 7148 7185 7208
f 7208 7185 7207
f 7147 7148 7209
f 7209 7148 7208
f 7182 7147 7210
f 7210 7147 7209
f 7180 7182 7211
f 7211 7182 7210
f 7179 7180 7212
f 7212 7180 7211
f 7178 7179 7213
f 7213 7179 7212
f 7177 7178 7214
f 7214 7178 7213
f 7175 7177 7214
f 7204 7199 7197
f 7204 7197 7215
f 7215 7197 7176
f 7215 7176 7216
f 7216 7176 7175
f 7216 7175 7214
f 7215 7216 7217
f 7217 7216 7214
f 7217 7214 7218
f 7218 7214 7213
f 7218 7213 7219
f 7219 7213 7212
f 7219 7212 7220
f 7220 7212 7211
f 7220 7211 7221
f 7221 7211 7210
f 7221 7210 7222
f 7222 7210 7209
f 7222 7209 7223
f 7223 7209 7208
f 7223 7208 7224
f 7224 7208 7207
f 7224 7207 7225
f 7225 7207 7206
f 7225 7206 7226
f 7226 7206 7205
f 7226 7205 7227
f 7227 7205 7204
f 7227 7204 7228
f 7228 7204 7215
f 7228 7215 7217
f 7228 7217 7229
f 7229 7217 7218
f 7229 7218 7230
f 7230 7218 7219
f 7230 7219 7220
f 7230 7220 7231
f 7231 7220 7221
f 7229 7230 7232
f 7232 7230 7231
f 7231 7221 7233
f 7233 7221 7222
f 7232 7231 7234
f 7234 7231 7233
f 7233 7222 7235
f 7235 7222 7223
f 7234 7233 7236
f 7236 7233 7235
f 7235 7223 7237
f 7237 7223 7224
f 7236 7235 7238
f 7238 7235 7237
f 7237 7224 7239
f 7239 7224 7225
f 7239 7225 7240
f 7240 7225 7226
f 7240 7226 7227
f 7238 7237 7241
f 7241 7237 7239
f 7239 7240 7242
f 7242 7240 7227
f 7241 7239 7242
f 7242 7227 7243
f 7243 7227 7228
f 7241 7242 7243
f 7243 7228 7229
f 7243 7229 7244
f 7244 7229 7232
f 7244 7232 7234
f 7244 7234 7236
f 7241 7243 7245
f 7245 7243 7244
f 7238 7241 7245
f 7238 7245 7244
f 7236 7238 7244
f 7246 7248 7249 7247
f 7248 7250 7251 7249
f 7250 7252 7253 7251
f 7252 7254 7255 7253
f 7256 7257 7254 7258
f 7257 7256 7259 7260
f 7255 7254 7257 7261
f 7262 7255 7261 7263
f 7264 7265 7262 7266
f 7267 7266 7262 7263
f 7253 7255 7262 7265
f 7261 7268 7269 7263
f 7260 7268 7261 7257
f 7260 7259 7270 7268
f 7270 7271 7269 7268
f 7272 7269 7271 7273
f 7273 7271 7274 7275
f 7270 7276 7274 7271
f 7259 7277 7276 7270
f 7256 7278 7277 7259
f 7279 7278 7256 7258
f 7279 7258 7280 7281
f 7280 7258 7254 7252
f 7250 7248 7280 7252
f 7248 7246 7281 7280
f 7249 7251 7282 7283
f 7249 7283 7284 7247
f 7284 7283 7285 7286
f 7288 7287 7289 7290
f 7286 7285 7289 7287
f 7291 7285 7283 7282
f 7292 7291 7264 7293
f 7291 7292 7289 7285
f 7293 7290 7289 7292
f 7294 7295 7290 7293
f 7293 7264 7266 7294
f 7282 7265 7264 7291
f 7253 7265 7282 7251
f 7297 7295 7299 7298
f 7297 7288 7290 7295
f 7294 7300 7299 7295
f 7299 7300 7301 7302
f 7272 7301 7300 7267
f 7266 7267 7300 7294
f 7296 7298 7299 7302
f 7301 7272 7273 7302
f 7267 7263 7269 7272
f 7273 7275 7296 7302
f 7288 7297 7303
f 7303 7297 7298
f 7287 7288 7304
f 7304 7288 7303
f 7286 7287 7305
f 7305 7287 7304
f 7284 7286 7306
f 7306 7286 7305
f 7247 7284 7307
f 7307 7284 7306
f 7246 7247 7308
f 7308 7247 7307
f 7281 7246 7309
f 7309 7246 7308
f 7279 7281 7310
f 7310 7281 7309
f 7278 7279 7311
f 7311 7279 7310
f 7277 7278 7312
f 7312 7278 7311
f 7276 7277 7313
f 7313 7277 7312
f 7274 7276 7313
f 7303 7298 7296
f 7303 7296 7314
f 7314 7296 7275
f 7314 7275 7315
f 7315 7275 7274
f 7315 7274 7313
f 7314 7315 7316
f 7316 7315 7313
f 7316 7313 7317
f 7317 7313 7312
f 7317 7312 7318
f 7318 7312 7311
f 7318 7311 7319
f 7319 7311 7310
f 7319 7310 7320
f 7320 7310 7309
f 7320 7309 7321
f 7321 7309 7308
f 7321 7308 7322
f 7322 7308 7307
f 7322 7307 7323
f 7323 7307 7306
f 7323 7306 7324
f 7324 7306 7305
f 7324 7305 7325
f 7325 7305 7304
f 7325 7304 7326
f 7326 7304 7303
f 7326 7303 7327
f 7327 7303 7314
f 7327 7314 7316
f 7327 7316 7328
f 7328 7316 7317
f 7328 7317 7329
f 7329 7317 7318
f 7329 7318 7319
f 7329 7319 7330
f 7330 7319 7320
f 7328 7329 7331
f 7331 7329 7330
f 7330 7320 7332
f 7332 7320 7321
f 7331 7330 7333
f 7333 7330 7332
f 7332 7321 7334
f 7334 7321 7322
f 7333 7332 7335
f 7335 7332 7334
f 7334 7322 7336
f 7336 7322 7323
f 7335 7334 7337
f 7337 7334 7336
f 7336 7323 7338
f 7338 7323 7324
f 7338 7324 7339
f 7339 7324 7325
f 7339 7325 7326
f 7337 7336 7340
f 7340 7336 7338
f 7338 7339 7341
f 7341 7339 7326
f 7340 7338 7341
f 7341 7326 7342
f 7342 7326 7327
f 7340 7341 7342
f 7342 7327 7328
f 7342 7328 7343
f 7343 7328 7331
f 7343 7331 7333
f 7343 7333 7335
f 7340 7342 7344
f 7344 7342 7343
f 7337 7340 7344
f 7337 7344 7343
f 7335 7337 7343

 