# File exported by ZBrush version 2021
# www.zbrush.com
#Vertex Count 9984
#Face Count 10066
#Auto scale x=1.000000 y=1.000000 z=1.000000
#Auto offset x=-0.000000 y=0.000000 z=0.000000
v 0.03219044 0.04969271 0.23544037
v 0.0269814 0.04577371 0.23558297
v 0.03800585 0.05276371 0.23524355
v 0.02264525 0.04095571 0.23567287
v 0.01938024 0.03545071 0.23571874
v 0.01733817 0.02949871 0.23572719
v 0.01660858 0.02332771 0.23570565
v 0.17718109 0.06320872 0.22010757
v 0.18322846 0.06063871 0.21898905
v 0.18865938 0.05737971 0.21794678
v 0.19325043 0.05299271 0.21703343
v 0.19679987 0.04764771 0.2163026
v 0.19914531 0.04154972 0.21579815
v 0.20037628 0.03342671 0.21551194
v 0.03579028 -0.03090528 0.23451313
v 0.04570158 -0.04341428 0.23389223
v 0.05714648 -0.05315728 0.23311454
v 0.06790332 -0.05878628 0.2323279
v 0.0726346 -0.06001628 0.23197832
v 0.18457107 -0.03292728 0.21791961
v 0.17613725 -0.04563428 0.21925243
v 0.17113857 -0.05109928 0.22003525
v 0.16097803 -0.05895428 0.22159627
v 0.15199647 -0.06193229 0.2229667
v 0.19985237 0.02805171 0.2155774
v 0.01721843 0.01718571 0.23565428
v 0.06838557 -0.04593427 0.23256242
v 0.15619738 -0.04785328 0.2225945
v 0.06525421 -0.04498128 0.23277995
v 0.05838602 -0.04146228 0.23326398
v 0.05138926 -0.03560028 0.23375102
v 0.04543529 -0.02815928 0.23416185
v 0.02964357 0.02055171 0.23538726
v 0.03005044 0.01715071 0.23535016
v 0.02998656 0.02408071 0.23539893
v 0.03107534 0.02759971 0.23538576
v 0.03287373 0.03096171 0.23534402
v 0.17372924 0.04885171 0.22066742
v 0.17731402 0.04764671 0.22002168
v 0.18053008 0.04568671 0.21942623
v 0.18324881 0.04304871 0.21891
v 0.18535725 0.03983471 0.21849748
v 0.1867643 0.03616871 0.21821007
v 0.18741467 0.03218971 0.21806353
v 0.18728385 0.02805171 0.21806313
v 0.17508237 -0.03018228 0.21970218
v 0.17052912 -0.03781527 0.2203807
v 0.16773405 -0.04114629 0.22080712
v 0.1617777 -0.04595128 0.22172217
v 0.03530329 0.03401471 0.23527292
v 0.03825851 0.03661371 0.23517285
v 0.04156857 0.03887271 0.23504534
v 0.15946906 0.06328971 0.22314219
v 0.13634073 0.06316271 0.22660945
v 0.1125665 0.06296871 0.22959901
v 0.08883025 0.06230571 0.2320076
v 0.06604188 0.05933772 0.23378221
v 0.15876984 0.04922571 0.2231975
v 0.13594293 0.04909871 0.22660674
v 0.11247841 0.04890772 0.22955155
v 0.08906941 0.04822771 0.23192895
v 0.06662151 0.04520471 0.23368637
v 0.18853671 -0.02114628 0.21731904
v 0.1907943 -0.01131028 0.21698243
v 0.19305916 -0.00147028 0.2166392
v 0.19532351 0.00837071 0.21629063
v 0.19758829 0.01821071 0.21593664
v 0.17752763 -0.02114528 0.21937462
v 0.17947155 -0.01131028 0.2191215
v 0.18142406 -0.00147028 0.21886305
v 0.18337732 0.00837071 0.21860025
v 0.18533124 0.01821071 0.21833346
v 0.08021345 -0.06075928 0.23139514
v 0.08771981 -0.06152328 0.23076015
v 0.09514738 -0.06226628 0.23007559
v 0.10248197 -0.06286528 0.22934447
v 0.10972336 -0.06327329 0.22856879
v 0.11687032 -0.06346827 0.22775077
v 0.12393772 -0.06345128 0.22689023
v 0.13094525 -0.06324528 0.22598652
v 0.13792355 -0.06288728 0.22503617
v 0.14493282 -0.06242227 0.2240311
v 0.07674025 -0.04667128 0.23195248
v 0.08502171 -0.04743528 0.23127798
v 0.09322454 -0.04818128 0.23054133
v 0.10133623 -0.04878427 0.22974564
v 0.1093496 -0.04919428 0.22889372
v 0.11726728 -0.04939027 0.22798761
v 0.12510004 -0.04937328 0.22702801
v 0.13287147 -0.04916428 0.22601369
v 0.14061005 -0.04880428 0.22494174
v 0.14837695 -0.04834228 0.22380362
v 0.02232988 0.00265371 0.23535488
v 0.02473665 -0.00401228 0.2351991
v 0.02738464 -0.01121628 0.23503075
v 0.038914 -0.01119928 0.2346472
v 0.03658813 -0.00399828 0.23483444
v 0.03450648 0.00265371 0.23500773
v 0.20986424 0.06340771 0.21364581
v 0.21014061 0.06109371 0.21357813
v 0.2102738 0.05859671 0.2135372
v 0.21027697 0.05542272 0.21351809
v 0.21008461 0.04736071 0.21353599
v 0.20991063 0.04250471 0.21354384
v 0.20377419 0.03898871 0.21480928
v 0.06741527 -0.05863428 0.22478707
v 0.07211661 -0.05986027 0.2244395
v 0.06789907 -0.04577828 0.22502148
v 0.06478586 -0.04482928 0.2252379
v 0.10891982 -0.06312128 0.22105582
v 0.11601011 -0.06331727 0.22024413
v 0.11640436 -0.04923928 0.22048138
v 0.10854902 -0.04904228 0.22138054
v 0.10173581 -0.06271328 0.22182536
v 0.10059873 -0.04863228 0.22222571
v 0.09445834 -0.06211328 0.22255085
v 0.09254982 -0.04802827 0.22301536
v 0.05672689 -0.05301428 0.22556957
v 0.05795739 -0.04131928 0.22571952
v 0.04536452 -0.04328128 0.22634305
v 0.05101029 -0.03546728 0.22620385
v 0.1368981 -0.06273427 0.21755103
v 0.14385372 -0.06226827 0.21655371
v 0.14727273 -0.04818828 0.21633005
v 0.13956506 -0.04865128 0.21745942
v 0.12997329 -0.06309327 0.21849396
v 0.13188552 -0.04901228 0.21852313
v 0.1230214 -0.06329927 0.21939052
v 0.1241754 -0.04922128 0.2195293
v 0.03552735 -0.03079128 0.22695992
v 0.04510122 -0.02804528 0.22661136
v 0.01648718 0.02337571 0.22814872
v 0.01709254 0.01726071 0.22809743
v 0.02982997 0.01722571 0.22779533
v 0.02942612 0.02059971 0.22783255
v 0.01721138 0.02953971 0.22816935
v 0.0297665 0.02412171 0.22784331
v 0.0192374 0.03548671 0.22816109
v 0.0308463 0.02763571 0.22783023
v 0.02247736 0.04098771 0.22811575
v 0.03263043 0.03099371 0.227789
v 0.17587535 0.06323671 0.21266548
v 0.17244885 0.04888171 0.21322071
v 0.17600813 0.04767672 0.2125795
v 0.18187812 0.06066772 0.21155512
v 0.17919948 0.04571871 0.21198867
v 0.18726801 0.05741171 0.21052068
v 0.1818982 0.04308271 0.21147607
v 0.19182515 0.05302471 0.20961387
v 0.18399106 0.03987071 0.21106647
v 0.19534844 0.04768171 0.20888817
v 0.18538966 0.03620571 0.21078065
v 0.1976716 0.04159171 0.20838846
v 0.18603621 0.03223371 0.21063493
v 0.19889345 0.03347471 0.20810405
v 0.18590451 0.02811571 0.21063563
v 0.19838044 0.02811571 0.20816822
v 0.18320798 -0.03281628 0.2104891
v 0.17378921 -0.03007128 0.21225878
v 0.16926945 -0.03768528 0.21293138
v 0.17483604 -0.04550427 0.21181055
v 0.16649511 -0.04100728 0.21335527
v 0.16987426 -0.05096027 0.21258774
v 0.1605806 -0.04580428 0.21426339
v 0.15978662 -0.05880728 0.21413637
v 0.15503743 -0.04770128 0.21512958
v 0.1508672 -0.06178028 0.21549695
v 0.02677953 0.04580371 0.22802674
v 0.03504007 0.03404471 0.2277186
v 0.03194822 0.04972171 0.22788535
v 0.03797155 0.03664271 0.22761945
v 0.03771976 0.05279271 0.22769025
v 0.04125624 0.03890171 0.22749292
v 0.08708753 -0.06136928 0.22323037
v 0.08440948 -0.04728128 0.22374638
v 0.19613187 0.01828671 0.20852433
v 0.1839652 0.01828671 0.21090354
v 0.03862709 -0.01110328 0.22709478
v 0.02718273 -0.01112028 0.22747553
v 0.15829382 0.06331971 0.21567778
v 0.15759967 0.04925571 0.21573229
v 0.13533593 0.06319372 0.2191195
v 0.13494101 0.04912971 0.21911637
v 0.11173591 0.06299971 0.22208704
v 0.11164846 0.04893871 0.22203967
v 0.03631839 -0.00389028 0.22728133
v 0.02455429 -0.00390428 0.22764328
v 0.03425212 0.00276371 0.227454
v 0.02216528 0.00276371 0.22779876
v 0.0881736 0.06233671 0.22447802
v 0.08841098 0.04825872 0.22439947
v 0.0655502 0.05936771 0.22623977
v 0.06612552 0.04523472 0.22614422
v 0.07963657 -0.06060428 0.22386074
v 0.07618916 -0.04651628 0.22441607
v 0.18714554 -0.02106028 0.20989385
v 0.17621764 -0.02105928 0.21193425
v 0.18938757 -0.01123428 0.20956026
v 0.17814834 -0.01123428 0.21168354
v 0.19163595 -0.00139428 0.20922024
v 0.18008662 -0.00139428 0.2114277
v 0.19388359 0.00844671 0.208875
v 0.18202556 0.00844671 0.21116763
v 0.20859189 0.06112071 0.20618403
v 0.20831753 0.06343171 0.20625139
v 0.20872211 0.05862872 0.20614379
v 0.20872421 0.05545271 0.20612499
v 0.20853431 0.04739371 0.20614238
v 0.2083508 0.04255171 0.20615214
v 0.20224799 0.03904371 0.20741145
v 0.18671234 0.06330172 0.21064791
v 0.19079826 0.06081871 0.20984648
v 0.19752685 0.06336671 0.20850974
v 0.1997037 0.06096971 0.20805598
v 0.18809856 0.06327471 0.218075
v 0.19899338 0.06334172 0.21592095
v 0.19221484 0.06079071 0.21726775
v 0.20118647 0.06094171 0.21546398
v 0.19443005 0.05781771 0.20911435
v 0.20158098 0.05822271 0.20765551
v 0.19587466 0.05778572 0.21653008
v 0.20307958 0.05819071 0.21506018
v 0.19746479 0.05383371 0.20848359
v 0.20309782 0.05464371 0.20732054
v 0.19893282 0.05380271 0.2158945
v 0.20460775 0.05461271 0.21472288
v 0.19974803 0.04758571 0.20799282
v 0.20414269 0.04748971 0.20707756
v 0.20123216 0.04755171 0.21540041
v 0.20566047 0.04745671 0.21447831
v 0.20123401 0.04191171 0.20765602
v 0.20479376 0.04223171 0.20691062
v 0.20273612 0.04186771 0.21505999
v 0.20632521 0.04218671 0.21430835
v 0.20001216 0.03533071 0.20787416
v 0.20112983 0.03718771 0.20764406
v 0.20264174 0.03713471 0.21504481
v 0.20150914 0.03528071 0.21527902
v -0.0321904 0.04969271 0.23544037
v -0.02698137 0.04577371 0.23558297
v -0.03800582 0.05276371 0.23524355
v -0.02264521 0.04095571 0.23567287
v -0.01938019 0.03545071 0.23571874
v -0.01733814 0.02949871 0.23572719
v -0.01660854 0.02332771 0.23570565
v -0.17718105 0.06320872 0.22010757
v -0.1832284 0.06063871 0.21898905
v -0.18865938 0.05737971 0.21794678
v -0.19325043 0.05299271 0.21703343
v -0.19679983 0.04764771 0.2163026
v -0.19914528 0.04154972 0.21579815
v -0.20037627 0.03342671 0.21551194
v -0.03579025 -0.03090528 0.23451313
v -0.04570155 -0.04341428 0.23389223
v -0.05714643 -0.05315728 0.23311464
v -0.06790331 -0.05878628 0.2323279
v -0.0726346 -0.06001628 0.23197832
v -0.18457105 -0.03292728 0.21791961
v -0.17613723 -0.04563428 0.21925243
v -0.17113851 -0.05109928 0.22003525
v -0.16097801 -0.05895428 0.22159627
v -0.15199644 -0.06193229 0.2229667
v -0.19985234 0.02805171 0.2155774
v -0.0172184 0.01718571 0.23565428
v -0.06838552 -0.04593427 0.23256242
v -0.15619733 -0.04785328 0.2225945
v -0.06525421 -0.04498128 0.23277995
v -0.05838598 -0.04146228 0.23326398
v -0.05138925 -0.03560028 0.23375102
v -0.04543529 -0.02815928 0.23416185
v -0.02964357 0.02055171 0.23538726
v -0.03005041 0.01715071 0.23535016
v -0.02998653 0.02408071 0.23539893
v -0.03107532 0.02759971 0.23538576
v -0.0328737 0.03096171 0.23534402
v -0.17372918 0.04885171 0.22066742
v -0.17731396 0.04764671 0.22002168
v -0.18053002 0.04568671 0.21942623
v -0.18324877 0.04304871 0.21891
v -0.18535724 0.03983471 0.21849748
v -0.1867643 0.03616871 0.21821007
v -0.18741466 0.03218971 0.21806353
v -0.18728382 0.02805171 0.21806313
v -0.17508231 -0.03018228 0.21970218
v -0.17052909 -0.03781527 0.2203807
v -0.16773402 -0.04114629 0.22080712
v -0.16177767 -0.04595128 0.22172217
v -0.03530326 0.03401471 0.23527292
v -0.03825847 0.03661371 0.23517285
v -0.04156854 0.03887271 0.23504534
v -0.15946903 0.06328971 0.22314219
v -0.1363407 0.06316271 0.22660945
v -0.11256647 0.06296871 0.22959901
v -0.08883023 0.06230571 0.2320076
v -0.06604188 0.05933772 0.23378221
v -0.15876984 0.04922571 0.2231975
v -0.13594295 0.04909871 0.22660674
v -0.11247838 0.04890772 0.22955155
v -0.08906941 0.04822771 0.23192895
v -0.06662149 0.04520471 0.23368637
v -0.18853671 -0.02114628 0.21731904
v -0.19079425 -0.01131028 0.21698243
v -0.19305913 -0.00147028 0.2166392
v -0.19532348 0.00837071 0.21629063
v -0.19758825 0.01821071 0.21593664
v -0.17752759 -0.02114528 0.21937462
v -0.17947152 -0.01131028 0.2191215
v -0.18142406 -0.00147028 0.21886305
v -0.18337728 0.00837071 0.21860025
v -0.18533121 0.01821071 0.21833346
v -0.08021342 -0.06075928 0.23139514
v -0.0877198 -0.06152328 0.23076015
v -0.09514737 -0.06226628 0.23007559
v -0.10248198 -0.06286528 0.22934436
v -0.10972334 -0.06327329 0.22856879
v -0.11687029 -0.06346827 0.22775077
v -0.12393771 -0.06345128 0.22689023
v -0.13094522 -0.06324528 0.22598652
v -0.13792352 -0.06288728 0.22503617
v -0.14493277 -0.06242227 0.2240311
v -0.07674022 -0.04667128 0.23195248
v -0.0850217 -0.04743528 0.23127798
v -0.09322448 -0.04818128 0.23054133
v -0.10133619 -0.04878427 0.22974564
v -0.10934954 -0.04919428 0.22889372
v -0.11726727 -0.04939027 0.22798761
v -0.1251 -0.04937328 0.22702801
v -0.13287143 -0.04916428 0.22601369
v -0.14061003 -0.04880428 0.22494174
v -0.14837692 -0.04834228 0.22380362
v -0.02232985 0.00265371 0.23535488
v -0.0247366 -0.00401228 0.2351991
v -0.02738459 -0.01121628 0.23503075
v -0.03891395 -0.01119928 0.2346472
v -0.03658811 -0.00399828 0.23483444
v -0.03450645 0.00265371 0.23500773
v -0.20986418 0.06340771 0.21364581
v -0.21014057 0.06109371 0.21357813
v -0.21027377 0.05859671 0.2135372
v -0.21027693 0.05542272 0.2135182
v -0.21008457 0.04736071 0.21353599
v -0.20991058 0.04250471 0.21354384
v -0.20377415 0.03898871 0.21480928
v -0.06741526 -0.05863428 0.22478707
v -0.0721166 -0.05986027 0.2244395
v -0.06789901 -0.04577828 0.22502148
v -0.06478584 -0.04482928 0.2252379
v -0.10891976 -0.06312128 0.22105582
v -0.11601009 -0.06331727 0.22024413
v -0.11640434 -0.04923928 0.22048138
v -0.10854899 -0.04904228 0.22138054
v -0.1017358 -0.06271328 0.22182536
v -0.1005987 -0.04863228 0.22222571
v -0.09445831 -0.06211328 0.22255085
v -0.09254979 -0.04802827 0.22301536
v -0.05672686 -0.05301428 0.22556957
v -0.05795738 -0.04131928 0.22571952
v -0.0453645 -0.04328128 0.22634305
v -0.05101027 -0.03546728 0.22620385
v -0.13689807 -0.06273427 0.21755103
v -0.14385372 -0.06226827 0.21655371
v -0.1472727 -0.04818828 0.21633005
v -0.13956503 -0.04865128 0.21745942
v -0.12997323 -0.06309327 0.21849396
v -0.13188546 -0.04901228 0.21852313
v -0.12302139 -0.06329927 0.21939052
v -0.12417535 -0.04922128 0.2195293
v -0.03552732 -0.03079128 0.22695992
v -0.04510121 -0.02804528 0.22661136
v -0.01648714 0.02337571 0.22814872
v -0.01709249 0.01726071 0.22809743
v -0.02982992 0.01722571 0.22779533
v -0.02942609 0.02059971 0.22783255
v -0.01721135 0.02953971 0.22816935
v -0.02976649 0.02412171 0.22784331
v -0.01923734 0.03548671 0.22816109
v -0.03084627 0.02763571 0.22783023
v -0.02247731 0.04098771 0.22811575
v -0.0326304 0.03099371 0.227789
v -0.17587533 0.06323671 0.21266548
v -0.17244878 0.04888171 0.21322071
v -0.1760081 0.04767672 0.2125795
v -0.18187806 0.06066772 0.21155512
v -0.17919945 0.04571871 0.21198867
v -0.18726795 0.05741171 0.21052068
v -0.18189819 0.04308271 0.21147607
v -0.19182513 0.05302471 0.20961387
v -0.18399106 0.03987071 0.21106647
v -0.19534839 0.04768171 0.20888817
v -0.18538966 0.03620571 0.21078065
v -0.19767156 0.04159171 0.20838846
v -0.18603621 0.03223371 0.21063493
v -0.19889341 0.03347471 0.20810405
v -0.1859045 0.02811571 0.21063563
v -0.19838041 0.02811571 0.20816822
v -0.18320798 -0.03281628 0.2104891
v -0.17378918 -0.03007128 0.21225878
v -0.16926944 -0.03768528 0.21293138
v -0.17483601 -0.04550427 0.21181055
v -0.16649505 -0.04100728 0.21335527
v -0.16987423 -0.05096027 0.21258774
v -0.16058059 -0.04580428 0.21426339
v -0.15978656 -0.05880728 0.21413637
v -0.15503737 -0.04770128 0.21512958
v -0.15086717 -0.06178028 0.21549695
v -0.02677951 0.04580371 0.22802674
v -0.03504007 0.03404471 0.2277186
v -0.03194817 0.04972171 0.22788535
v -0.03797153 0.03664271 0.22761945
v -0.03771975 0.05279271 0.22769025
v -0.0412562 0.03890171 0.22749292
v -0.08708751 -0.06136928 0.22323037
v -0.08440949 -0.04728128 0.22374638
v -0.19613182 0.01828671 0.20852433
v -0.18396517 0.01828671 0.21090354
v -0.03862704 -0.01110328 0.22709478
v -0.02718268 -0.01112028 0.22747553
v -0.15829379 0.06331971 0.21567778
v -0.15759967 0.04925571 0.21573229
v -0.13533587 0.06319372 0.2191195
v -0.13494102 0.04912971 0.21911637
v -0.11173592 0.06299971 0.22208704
v -0.11164843 0.04893871 0.22203967
v -0.03631836 -0.00389028 0.22728133
v -0.02455424 -0.00390428 0.22764328
v -0.03425208 0.00276371 0.227454
v -0.02216525 0.00276371 0.22779876
v -0.08817359 0.06233671 0.22447802
v -0.08841095 0.04825872 0.22439947
v -0.06555017 0.05936771 0.22623977
v -0.06612549 0.04523472 0.22614422
v -0.07963655 -0.06060428 0.22386074
v -0.07618913 -0.04651628 0.22441607
v -0.18714551 -0.02106028 0.20989385
v -0.1762176 -0.02105928 0.21193425
v -0.18938756 -0.01123428 0.20956026
v -0.17814831 -0.01123428 0.21168354
v -0.19163587 -0.00139428 0.20922024
v -0.18008661 -0.00139428 0.2114277
v -0.19388356 0.00844671 0.208875
v -0.18202555 0.00844671 0.21116763
v -0.20859189 0.06112071 0.20618403
v -0.20831747 0.06343171 0.20625139
v -0.20872207 0.05862872 0.20614379
v -0.20872421 0.05545271 0.20612499
v -0.20853425 0.04739371 0.20614238
v -0.2083508 0.04255171 0.20615214
v -0.20224796 0.03904371 0.20741145
v -0.18671232 0.06330172 0.21064791
v -0.19079822 0.06081871 0.20984658
v -0.19752684 0.06336671 0.20850974
v -0.19970363 0.06096971 0.20805598
v -0.18809855 0.06327471 0.218075
v -0.19899337 0.06334172 0.21592095
v -0.19221481 0.06079071 0.21726785
v -0.20118643 0.06094171 0.21546398
v -0.19443005 0.05781771 0.20911435
v -0.20158091 0.05822271 0.20765551
v -0.19587463 0.05778572 0.21653008
v -0.20307956 0.05819071 0.21506018
v -0.19746476 0.05383371 0.20848359
v -0.20309779 0.05464371 0.20732054
v -0.19893284 0.05380271 0.2158945
v -0.20460774 0.05461271 0.21472288
v -0.19974802 0.04758571 0.20799282
v -0.20414267 0.04748971 0.20707756
v -0.20123215 0.04755171 0.21540041
v -0.20566043 0.04745671 0.21447831
v -0.20123398 0.04191171 0.20765613
v -0.20479369 0.04223171 0.20691062
v -0.20273609 0.04186771 0.21505999
v -0.2063252 0.04218671 0.21430835
v -0.20001207 0.03533071 0.20787416
v -0.2011298 0.03718771 0.20764406
v -0.20264175 0.03713471 0.21504481
v -0.20150913 0.03528071 0.21527902
v -0.01942032 0.02968971 0.22881358
v -0.01262146 0.03304471 0.2289236
v -0.00623903 0.03513171 0.22898434
v -0.00009674 0.03584071 0.22900395
v 0.00604552 0.03513171 0.22898545
v 0.01242898 0.03304471 0.22892601
v 0.01922783 0.02968971 0.2288174
v 0.01934284 0.02968971 0.23490937
v 0.01250332 0.03304471 0.23501859
v 0.00608168 0.03513171 0.23507842
v -0.00009732 0.03584071 0.23509703
v -0.00627634 0.03513171 0.23507732
v -0.01269696 0.03304471 0.23501618
v -0.01953647 0.02968971 0.23490545
v 0.01868462 0.02342171 0.23492184
v 0.01825777 0.02086071 0.2302539
v 0.01831605 0.02086071 0.23350948
v 0.01857353 0.02342171 0.22882977
v 0.01217214 0.02646671 0.2350227
v 0.01193481 0.02385771 0.23035015
v 0.0119729 0.02385771 0.23360602
v 0.01209977 0.02646671 0.22893014
v 0.00595321 0.02834371 0.23507922
v 0.00584814 0.02570271 0.23040476
v 0.00586681 0.02570271 0.23366072
v 0.00591781 0.02834371 0.22898626
v -0.00009732 0.02897871 0.23509703
v -0.00009688 0.02632671 0.23042196
v -0.00009719 0.02632671 0.23367802
v -0.00009674 0.02897871 0.22900395
v -0.00614787 0.02834371 0.23507812
v -0.0060419 0.02570271 0.23040355
v -0.00606119 0.02570271 0.23365952
v -0.00611132 0.02834371 0.22898514
v -0.01236679 0.02646671 0.23502029
v -0.01212757 0.02385771 0.23034784
v -0.01216628 0.02385771 0.2336037
v -0.01229326 0.02646671 0.22892762
v -0.01887824 0.02342171 0.23491822
v -0.01845053 0.02086071 0.2302514
v -0.01850941 0.02086071 0.23350586
v -0.018766 0.02342171 0.22882615
v 0.0197462 0.03593272 0.23490142
v 0.019747 0.03846871 0.23022544
v 0.01981002 0.03846871 0.23348091
v 0.0196288 0.03593272 0.22880946
v 0.01264079 0.03960571 0.23501688
v 0.01258511 0.04219871 0.2303421
v 0.01262528 0.04219871 0.23359797
v 0.01256563 0.03960571 0.2289243
v 0.00610777 0.04191371 0.23507832
v 0.00606192 0.04454971 0.23040345
v 0.00608127 0.04454971 0.23365952
v 0.00607145 0.04191371 0.22898535
v -0.00009732 0.04270271 0.23509703
v -0.00009688 0.04535471 0.23042196
v -0.00009719 0.04535471 0.23367802
v -0.00009674 0.04270271 0.22900396
v -0.00630243 0.04191371 0.23507711
v -0.0062557 0.04454971 0.23040224
v -0.00627567 0.04454971 0.2336582
v -0.00626496 0.04191371 0.22898414
v -0.01283543 0.03960571 0.23501436
v -0.01277787 0.04219871 0.23033969
v -0.01281866 0.04219871 0.23359546
v -0.01275911 0.03960571 0.2289218
v -0.01994083 0.03593272 0.2348975
v -0.01993977 0.03846871 0.23022253
v -0.02000339 0.03846871 0.23347689
v -0.01982227 0.03593272 0.22880554
v -0.0250247 0.02620671 0.23478286
v -0.02382479 0.02033271 0.23481223
v -0.02127317 0.01899471 0.23019488
v -0.02134104 0.01899471 0.23344923
v -0.02674215 0.02519871 0.23006242
v -0.02559968 0.01929671 0.2300926
v -0.02568136 0.01929671 0.23334665
v -0.02682748 0.02519871 0.23331639
v -0.02487592 0.02620671 0.22869159
v -0.02368313 0.02033271 0.22872085
v -0.02436259 0.01855671 0.23084795
v -0.02440574 0.01855671 0.23265545
v -0.02592765 0.03206571 0.23475962
v -0.02437327 0.03552371 0.23012347
v -0.02445105 0.03552371 0.23337763
v -0.02759098 0.03108471 0.23003919
v -0.02767902 0.03108471 0.23329305
v -0.02577349 0.03206571 0.22866857
v -0.02689262 0.03283371 0.2325913
v -0.02684508 0.03283371 0.23078389
v 0.02363116 0.02033271 0.23481684
v 0.0248301 0.02620671 0.23478768
v 0.02540692 0.01929671 0.23009662
v 0.02654841 0.02519871 0.23006665
v 0.02663314 0.02519871 0.23332162
v 0.02548801 0.01929671 0.23335158
v 0.02107939 0.01899471 0.23019799
v 0.02114667 0.01899471 0.23345336
v 0.02468247 0.02620671 0.22869642
v 0.02349066 0.02033271 0.22872549
v 0.02421253 0.01855671 0.23266018
v 0.02416971 0.01855671 0.23085168
v 0.02573404 0.03206571 0.23476475
v 0.02417952 0.03552371 0.2301272
v 0.02425671 0.03552371 0.23338235
v 0.02739824 0.03108471 0.23004351
v 0.02748569 0.03108471 0.23329839
v 0.02558103 0.03206571 0.22867369
v 0.02665219 0.03283371 0.23078812
v 0.02669942 0.03283371 0.23259642
v 0.06954394 -0.05126829 0.22479662
v 0.06581156 -0.05021128 0.22506271
v 0.11625032 -0.05472828 0.22038886
v 0.10869369 -0.05453128 0.22125382
v 0.10104165 -0.05412228 0.22206983
v 0.09329441 -0.05351929 0.22283455
v 0.05747721 -0.04587928 0.22566139
v 0.04880897 -0.03851327 0.22626198
v 0.14593958 -0.05367728 0.21641865
v 0.13852524 -0.05414229 0.21749582
v 0.13113969 -0.05450228 0.21851205
v 0.12372513 -0.05471028 0.2194754
v 0.04136898 -0.02911628 0.22675769
v 0.02486439 0.01723971 0.22793272
v 0.02438177 0.02168171 0.22797556
v 0.02487178 0.02623371 0.22798954
v 0.02632042 0.03069671 0.22797505
v 0.02867287 0.03488971 0.22792878
v 0.17829711 0.05274171 0.21218377
v 0.17378519 0.05447872 0.21300581
v 0.18234694 0.05027771 0.21142378
v 0.18577072 0.04695871 0.21076205
v 0.18842166 0.04291571 0.21023276
v 0.19018159 0.03830571 0.20986659
v 0.19105254 0.03271771 0.20966817
v 0.19077196 0.02811571 0.20969282
v 0.17144076 -0.04073328 0.21249814
v 0.17746362 -0.03114128 0.21157895
v 0.16781328 -0.04488727 0.21305739
v 0.16027101 -0.05087428 0.21421392
v 0.15341177 -0.05319028 0.21527479
v 0.03182032 0.03862971 0.22784653
v 0.035623 0.04174171 0.22772684
v 0.0398774 0.04431771 0.22757147
v 0.08545421 -0.05277428 0.22354596
v 0.18871256 0.01828671 0.20999401
v 0.03416579 -0.01111028 0.2272589
v 0.15786998 0.05473871 0.21571096
v 0.13509513 0.05461271 0.21911749
v 0.11168255 0.05442071 0.22205787
v 0.03173279 -0.00389528 0.22743913
v 0.02954022 0.00276371 0.22760596
v 0.08831851 0.05374771 0.22442995
v 0.06590111 0.05074472 0.22618132
v 0.0775333 -0.05200928 0.22420086
v 0.18048088 -0.02105928 0.21115335
v 0.18253301 -0.01123428 0.21087126
v 0.18459267 -0.00139428 0.21058324
v 0.18665181 0.00844671 0.21029098
v -0.06579082 -0.05010628 0.22506614
v -0.06951131 -0.05116128 0.22480094
v -0.10869088 -0.05442328 0.22125615
v -0.11625346 -0.05462029 0.22039055
v -0.10103386 -0.05401428 0.22207255
v -0.09327969 -0.05341227 0.22283797
v -0.05748719 -0.04578928 0.22566179
v -0.04885177 -0.03845429 0.22626088
v -0.13854518 -0.05403428 0.21749502
v -0.14596545 -0.05357027 0.21641674
v -0.13115468 -0.05439427 0.21851216
v -0.12373428 -0.05460228 0.2194762
v -0.04144165 -0.02909528 0.22675557
v -0.02448043 0.02166071 0.22797314
v -0.02496203 0.01723871 0.2279302
v -0.02496842 0.02619271 0.22798702
v -0.02640909 0.03063671 0.22797274
v -0.02874959 0.03481371 0.22792647
v -0.17375849 0.05436871 0.21300952
v -0.17825196 0.05264271 0.21219201
v -0.18228514 0.05018771 0.21143534
v -0.18569526 0.04688271 0.21077643
v -0.18833546 0.04285671 0.21024934
v -0.1900876 0.03826471 0.20988489
v -0.1909547 0.03270771 0.20968748
v -0.190677 0.02811571 0.20971141
v -0.1773912 -0.03112028 0.21159313
v -0.17139779 -0.04067428 0.21250678
v -0.16778692 -0.04481129 0.21306292
v -0.16027723 -0.05077428 0.21421492
v -0.15344354 -0.05308227 0.21527189
v -0.03188305 0.03853971 0.22784441
v -0.03566979 0.04164171 0.22772514
v -0.03990423 0.04421171 0.22756946
v -0.08543355 -0.05266628 0.22354978
v -0.18861959 0.01828671 0.21001212
v -0.03425338 -0.01110928 0.22725589
v -0.15786497 0.05463171 0.21571177
v -0.13509215 0.05450571 0.21911789
v -0.11168152 0.05431371 0.22205796
v -0.03182239 -0.00389528 0.22743621
v -0.02963285 0.00276371 0.22760325
v -0.0883205 0.05363971 0.22442975
v -0.06590608 0.05063671 0.22618092
v -0.07750763 -0.05190128 0.22420498
v -0.18039758 -0.02105928 0.21116884
v -0.18244673 -0.01123428 0.21088735
v -0.18450443 -0.00139428 0.21060013
v -0.1865617 0.00844671 0.21030828
v 0.03368169 -0.01092628 0.21284931
v 0.02679757 -0.01093628 0.21306282
v 0.03128219 -0.00369028 0.21302832
v 0.0242064 -0.00369828 0.21322956
v 0.02912173 0.00297471 0.21319426
v 0.02185127 0.00297471 0.21338434
v -0.02679752 -0.01093628 0.21306282
v -0.03376705 -0.01092628 0.21284639
v -0.02420635 -0.00369828 0.21322956
v -0.03137153 -0.00368928 0.21302542
v -0.02921305 0.00297471 0.21319165
v -0.02185125 0.00297471 0.21338434
v -0.03329505 0.00657971 0.23510588
v -0.03305059 0.00668371 0.22755095
v -0.02076342 0.00674371 0.22788615
v -0.0209166 0.00663971 0.23544257
v -0.03124593 0.01258571 0.22769065
v -0.03148096 0.01248371 0.23524496
v -0.01886603 0.01246671 0.23556345
v -0.01872398 0.01256871 0.22800682
v -0.02835524 0.00670571 0.22769768
v -0.02645924 0.01257971 0.22783023
v -0.02795551 0.00690371 0.21328538
v -0.02047125 0.00694171 0.21347113
v -0.01902125 0.01123671 0.21625714
v -0.02663582 0.01122571 0.21608537
v -0.04245694 -0.02194528 0.22680756
v -0.03823576 -0.02193628 0.22697892
v -0.03139994 -0.02192728 0.22721968
v -0.03163119 -0.02202328 0.2347739
v -0.04276932 -0.02204128 0.23435896
v -0.04057883 -0.01701428 0.22694654
v -0.04087925 -0.01710928 0.23449835
v -0.02958925 -0.01715028 0.23489759
v -0.02937205 -0.01705528 0.22734288
v -0.03629541 -0.01702928 0.22711308
v -0.03733705 -0.02079028 0.21473757
v -0.0306374 -0.02094028 0.21483361
v -0.02895683 -0.01687328 0.21293108
v -0.03578206 -0.01684728 0.2127044
v 0.03319183 0.00691471 0.23511332
v 0.03294815 0.00701771 0.2275595
v 0.02079928 0.00696971 0.23544992
v 0.02064696 0.00707371 0.22789369
v 0.03158325 0.01214871 0.23523762
v 0.03134847 0.01225071 0.22768341
v 0.01898143 0.01213571 0.23555722
v 0.01883954 0.01223771 0.2280007
v 0.02815313 0.00703971 0.22770844
v 0.02647114 0.01224571 0.22782601
v 0.02035645 0.00727171 0.21347856
v 0.02775626 0.00723671 0.21329513
v 0.02658532 0.01106771 0.21577754
v 0.01907159 0.01107971 0.215948
v 0.04249477 -0.02203128 0.22680495
v 0.03818996 -0.02202128 0.22697973
v 0.03167132 -0.02210828 0.23477159
v 0.03143976 -0.02201228 0.22721737
v 0.04280744 -0.02212728 0.23435625
v 0.04085026 -0.01701928 0.23450157
v 0.04054906 -0.01692428 0.22694966
v 0.02955618 -0.01706128 0.23489971
v 0.02933925 -0.01696628 0.22734479
v 0.03617896 -0.01694028 0.22711831
v 0.02892447 -0.01678528 0.21293309
v 0.03566728 -0.01675828 0.21270963
v 0.03066513 -0.02099728 0.2149028
v 0.03727977 -0.02084328 0.2148129
v 0.17445322 0.04030171 0.21783433
v 0.04199514 0.03284571 0.23250933
v 0.14646132 -0.02722828 0.22189897
v 0.09491549 -0.01661228 0.2284635
v 0.17574194 0.03425171 0.21757055
v 0.16819906 0.03466671 0.21889603
v 0.16881303 0.04084471 0.21882513
v 0.17844659 0.04433171 0.2171363
v 0.18362774 0.03592971 0.21613515
v 0.17029997 0.04750171 0.21860237
v 0.04866042 0.03494871 0.23221124
v 0.04976276 0.02774772 0.23212666
v 0.04200409 0.02694971 0.23248288
v 0.03393565 0.02725571 0.23279303
v 0.03669572 0.03695771 0.23273702
v 0.04551189 0.04197071 0.23238453
v 0.14892567 -0.03120628 0.22147427
v 0.1435052 -0.03330728 0.22226785
v 0.14148509 -0.02726428 0.22263914
v 0.14299595 -0.02165128 0.22247231
v 0.14820954 -0.02321828 0.22167138
v 0.15394178 -0.02710228 0.22073783
v 0.10091081 -0.01605428 0.22786644
v 0.09886408 -0.02189928 0.22802382
v 0.09288031 -0.02067028 0.22862441
v 0.09296089 -0.01314828 0.22868013
v 0.09878058 -0.01046528 0.2281275
v 0.08628056 -0.01735928 0.22925627
v 0.08099728 -0.01259228 0.22974634
v 0.08812248 -0.00842828 0.22916355
v 0.08764935 -0.02619028 0.22905182
v 0.08004204 -0.02267928 0.22973769
v 0.07390855 -0.01758328 0.23026497
v 0.06896615 -0.01119228 0.23067709
v 0.07648976 -0.00678128 0.23015545
v 0.07390738 -0.02887628 0.23015172
v 0.06700561 -0.02328528 0.23070615
v 0.0615936 -0.01601328 0.2311239
v 0.05773059 -0.00722328 0.23143115
v 0.06529352 -0.00353628 0.23098966
v 0.06024571 -0.02987628 0.23106639
v 0.05448382 -0.02121728 0.23149249
v 0.05044773 -0.01073928 0.23179771
v 0.04776363 -0.00030628 0.23201654
v 0.05513156 0.00221671 0.23165591
v 0.04739499 -0.02604828 0.23180897
v 0.04338197 -0.01360028 0.23210535
v 0.04054764 -0.00248228 0.23231814
v 0.03812631 0.00740871 0.23249001
v 0.04542648 0.00921671 0.23220019
v 0.03626863 -0.01560328 0.23237045
v 0.03336894 -0.00423228 0.23256716
v 0.0309265 0.00579171 0.23272404
v 0.0287418 0.01559671 0.23286463
v 0.03592148 0.01700071 0.23264519
v 0.04333076 0.01838772 0.2323638
v 0.02642684 0.02700372 0.23301991
v 0.02985082 0.04152871 0.23298703
v 0.03866858 0.04811872 0.23270121
v 0.05545993 0.04958471 0.2319021
v 0.05591071 0.04300071 0.23185071
v 0.06549116 0.05014871 0.23128522
v 0.06560754 0.04371371 0.23125244
v 0.06604108 0.03708671 0.23120266
v 0.05706493 0.03612771 0.23176302
v 0.06648551 0.03016571 0.23115006
v 0.05794465 0.02890571 0.23168508
v 0.06726846 0.02296172 0.23105512
v 0.05895215 0.02131171 0.23157867
v 0.05097792 0.01979471 0.23201203
v 0.06062977 0.01330271 0.23141868
v 0.05288158 0.01119271 0.2318483
v 0.06272767 0.00499271 0.23122417
v 0.06863328 0.01553571 0.2309076
v 0.07051914 0.00775771 0.23071621
v 0.0730137 0.00009771 0.23047365
v 0.07849188 0.01046571 0.23012648
v 0.08076135 0.00345771 0.22988905
v 0.08401082 -0.00292028 0.22956773
v 0.0885029 0.00642471 0.22923706
v 0.09138994 0.00039071 0.22892671
v 0.09504613 -0.00516828 0.22853742
v 0.09866505 0.00311771 0.2282336
v 0.10160164 -0.00276128 0.22788927
v 0.10429696 -0.00873928 0.22756041
v 0.10811343 -0.00092528 0.22719596
v 0.11015616 -0.00738328 0.2269191
v 0.11099616 -0.01446828 0.22676783
v 0.1056493 -0.01526528 0.2273647
v 0.1102014 -0.02167928 0.2267974
v 0.10468629 -0.02200028 0.22740976
v 0.10945235 -0.02826128 0.22682023
v 0.10308565 -0.02836128 0.22751958
v 0.09583562 -0.02789028 0.22826638
v 0.10163163 -0.03442428 0.2275947
v 0.09324165 -0.03390028 0.22843977
v 0.0833619 -0.03223728 0.22935171
v 0.09147907 -0.03985228 0.22851881
v 0.08024094 -0.03850228 0.22951996
v 0.0686987 -0.03566528 0.23043301
v 0.07821997 -0.04489528 0.22958232
v 0.0650148 -0.04287028 0.23056899
v 0.05439665 -0.03663529 0.23130583
v 0.06304583 -0.05038227 0.23057381
v 0.04890416 -0.04278128 0.23149852
v 0.04014154 -0.02973927 0.23208543
v 0.07771855 -0.05095127 0.2295254
v 0.09077105 -0.04575927 0.22849367
v 0.09038519 -0.05144628 0.22843857
v 0.10003744 -0.04620528 0.22758233
v 0.09946798 -0.05182928 0.22755135
v 0.10784292 -0.04645828 0.22674471
v 0.1076634 -0.05208028 0.22667582
v 0.11457221 -0.04656128 0.22596812
v 0.11449571 -0.05219628 0.22588858
v 0.12088259 -0.04655828 0.22519648
v 0.12085727 -0.05220028 0.22511109
v 0.1270627 -0.04647128 0.22439977
v 0.12707845 -0.05211028 0.22430805
v 0.13336956 -0.04629029 0.22354546
v 0.13346312 -0.05193428 0.22344298
v 0.14009727 -0.04596128 0.22259117
v 0.14089363 -0.05166128 0.22238561
v 0.14723654 -0.04535727 0.22153049
v 0.14758731 -0.05126729 0.22138196
v 0.15562024 -0.04389228 0.22023357
v 0.15680103 -0.05070928 0.21993449
v 0.16377966 -0.03948028 0.21895144
v 0.1681001 -0.04581128 0.21811986
v 0.1698772 -0.03166528 0.21801728
v 0.17604 -0.03607428 0.21686095
v 0.17336808 -0.02263528 0.21749714
v 0.18017286 -0.02516728 0.21624074
v 0.17546844 -0.01354128 0.21719814
v 0.18204307 -0.01533528 0.21597777
v 0.17706039 -0.00495728 0.21698474
v 0.1836936 -0.00663928 0.21574243
v 0.17849677 0.00307871 0.21679388
v 0.1852196 0.00147871 0.21552662
v 0.17987868 0.01087471 0.21660994
v 0.1866789 0.00934571 0.21531815
v 0.18126267 0.01867171 0.2164257
v 0.18812102 0.01723971 0.2151149
v 0.18270832 0.02675471 0.216232
v 0.18965876 0.02569771 0.21489818
v 0.1907994 0.03736971 0.21477055
v 0.18177709 0.05162471 0.21656206
v 0.17115777 0.05410371 0.21848753
v 0.16196118 0.04815671 0.22002027
v 0.16220518 0.05428271 0.22001051
v 0.15359012 0.04842371 0.22137059
v 0.15366169 0.05435571 0.2213888
v 0.14522241 0.04843571 0.22265051
v 0.14523135 0.05430471 0.22267746
v 0.13687716 0.04827671 0.22385571
v 0.13683924 0.05412672 0.22388909
v 0.12846113 0.04797972 0.22500197
v 0.12841272 0.05383472 0.22503456
v 0.1199224 0.04756671 0.22609011
v 0.11987271 0.05344871 0.22612249
v 0.11121157 0.04705871 0.22712495
v 0.11117447 0.05299072 0.22715422
v 0.10233349 0.04646271 0.22809824
v 0.10230608 0.05248071 0.22812621
v 0.09332038 0.04581071 0.22900275
v 0.09331064 0.05193371 0.2290287
v 0.08420744 0.04510271 0.22983102
v 0.0842055 0.05135572 0.22985637
v 0.07500123 0.04439971 0.23057913
v 0.07497209 0.05075671 0.2306063
v 0.08426673 0.03885571 0.22980698
v 0.07513971 0.03797171 0.23054947
v 0.08440081 0.03252471 0.2297745
v 0.07537793 0.03135371 0.23051035
v 0.08474743 0.02610571 0.22971084
v 0.07591262 0.02457771 0.23043151
v 0.08548539 0.01955671 0.22960223
v 0.07696284 0.01761871 0.23030138
v 0.08660716 0.01291171 0.2294557
v 0.09417385 0.02125071 0.22880855
v 0.09498434 0.01500271 0.22868394
v 0.09641613 0.00890271 0.22850032
v 0.10350494 0.01666171 0.22782148
v 0.1044531 0.01082771 0.22767877
v 0.10603558 0.00505471 0.22746607
v 0.11271656 0.01211571 0.2267593
v 0.11369423 0.00630371 0.22660401
v 0.11495294 0.00016471 0.22641213
v 0.12137086 0.00684671 0.22567054
v 0.12181596 0.00051771 0.22557048
v 0.12208601 -0.00638528 0.2254837
v 0.1160504 -0.00663128 0.22623041
v 0.12191642 -0.01361828 0.2254492
v 0.1163185 -0.01393728 0.22614151
v 0.12147034 -0.02077728 0.22544778
v 0.1158385 -0.02117528 0.2261406
v 0.12109304 -0.02772628 0.22543059
v 0.11536096 -0.02797728 0.22613395
v 0.12097621 -0.03437428 0.22536441
v 0.11500389 -0.03445928 0.22609615
v 0.10873437 -0.03452228 0.22682204
v 0.11473339 -0.04064128 0.22603912
v 0.10825736 -0.04059029 0.22678805
v 0.10069174 -0.04038428 0.22760535
v 0.12092582 -0.04061828 0.22527994
v 0.12681455 -0.03432228 0.22461016
v 0.12698435 -0.04054528 0.22449964
v 0.13250933 -0.03423128 0.22384002
v 0.13305765 -0.04040628 0.22367741
v 0.13814529 -0.03398028 0.22304664
v 0.13931033 -0.04010228 0.22279271
v 0.14595571 -0.03925028 0.22181741
v 0.15287137 -0.03717528 0.22077351
v 0.15909226 -0.03294228 0.21982789
v 0.1635895 -0.02667128 0.21915549
v 0.15749546 -0.02160628 0.22021608
v 0.16026666 -0.01509828 0.21981622
v 0.16681069 -0.01913928 0.21867579
v 0.1510117 -0.01786128 0.22128461
v 0.15350747 -0.01183728 0.22094047
v 0.15537396 -0.00533028 0.22069357
v 0.16233897 -0.00804428 0.2195294
v 0.14492501 -0.01572828 0.22223557
v 0.14685362 -0.00952128 0.22199411
v 0.14847686 -0.00321028 0.22179588
v 0.1497624 0.00330971 0.22164845
v 0.15673631 0.00150771 0.22052975
v 0.14065693 -0.00811628 0.22293049
v 0.14180661 -0.00169128 0.22281202
v 0.14284813 0.00475371 0.22270794
v 0.14387415 0.01123571 0.22260797
v 0.15094561 0.01000571 0.22152024
v 0.13516598 -0.00062328 0.22377495
v 0.13590468 0.00584271 0.22372075
v 0.13664528 0.01218171 0.22366574
v 0.13713371 0.01837071 0.22364442
v 0.144692 0.01771471 0.22253768
v 0.12882688 0.00664871 0.22470007
v 0.12903335 0.01277071 0.22471968
v 0.12917287 0.01867971 0.22474472
v 0.12910689 0.02452971 0.22479772
v 0.13726891 0.02445471 0.22367188
v 0.12098829 0.01276871 0.22576186
v 0.12078637 0.01852871 0.22582884
v 0.12061034 0.02426071 0.2258926
v 0.12039922 0.03005171 0.22595867
v 0.12893214 0.03040272 0.22486098
v 0.11215081 0.01786571 0.2268659
v 0.11185862 0.02363071 0.22694031
v 0.11162798 0.02943371 0.22700649
v 0.11143712 0.03529671 0.22705827
v 0.12019188 0.03587971 0.22601419
v 0.10299514 0.02262371 0.22791904
v 0.10269634 0.02856371 0.22799134
v 0.10250692 0.03453071 0.22804011
v 0.1023933 0.04048771 0.228072
v 0.11129891 0.04117171 0.22709408
v 0.09369703 0.02745671 0.22889685
v 0.09347642 0.03359771 0.22894895
v 0.0933694 0.03970471 0.22897811
v 0.12003035 0.04172271 0.22605612
v 0.12856842 0.04213371 0.22496387
v 0.12873262 0.03626871 0.22492021
v 0.13692651 0.04239771 0.22382454
v 0.13704328 0.03646071 0.2237831
v 0.13718254 0.03047471 0.22372849
v 0.14514237 0.03644671 0.22260788
v 0.14518076 0.03028571 0.22256472
v 0.1451134 0.02406971 0.22252611
v 0.15294754 0.02985471 0.2213708
v 0.15269935 0.02340571 0.22135771
v 0.15199917 0.01675771 0.22141163
v 0.16005748 0.02247371 0.2201664
v 0.15913066 0.01551271 0.22025822
v 0.15795759 0.00847871 0.22038985
v 0.16612429 0.01404671 0.21907615
v 0.16491611 0.00670471 0.21921825
v 0.16369916 -0.00066828 0.21936217
v 0.17175518 0.00485371 0.21801978
v 0.17046919 -0.00292328 0.21817839
v 0.1690132 -0.01102328 0.21836443
v 0.17303311 0.01246671 0.21786089
v 0.17429164 0.02004471 0.21770581
v 0.16723902 0.02134371 0.21895064
v 0.16790182 0.02831071 0.21889825
v 0.17536275 0.02749072 0.21758362
v 0.16049452 0.02918471 0.22015182
v 0.16072186 0.03559571 0.22015915
v 0.153035 0.03621071 0.22139956
v 0.15330672 0.04239671 0.22138668
v 0.16131651 0.04193171 0.22009509
v 0.1451552 0.04250471 0.22263422
v 0.12854778 0.00017471 0.22468921
v 0.13442444 -0.00718728 0.22382997
v 0.12820476 -0.00663728 0.22468347
v 0.13353166 -0.01385428 0.22390186
v 0.12769371 -0.01359328 0.22469836
v 0.1326075 -0.02063028 0.22397317
v 0.12707689 -0.02058928 0.2247225
v 0.13206374 -0.02746828 0.22398553
v 0.1266499 -0.02757328 0.22471395
v 0.1379572 -0.02096728 0.2232164
v 0.13715061 -0.02743728 0.22326859
v 0.13929608 -0.01451428 0.22307853
v 0.16855199 0.04085071 0.21726544
v 0.16793783 0.03467371 0.21733532
v 0.17546901 0.03426071 0.21601197
v 0.17418324 0.04030871 0.21627524
v 0.18334358 0.03593871 0.21457858
v 0.17816942 0.04433971 0.21557852
v 0.17003646 0.04750771 0.21704207
v 0.04193909 0.02696071 0.23090116
v 0.04968582 0.02775771 0.23054656
v 0.04858414 0.03495671 0.23063013
v 0.04193016 0.03285271 0.23092761
v 0.03663898 0.03696571 0.23115609
v 0.03388317 0.02726771 0.23121191
v 0.04544248 0.04197871 0.2308031
v 0.14126604 -0.02723828 0.22107181
v 0.14328308 -0.03327728 0.22070191
v 0.14869406 -0.03118028 0.21990884
v 0.1462326 -0.02720428 0.22033304
v 0.14798025 -0.02319628 0.22010666
v 0.14277459 -0.02163028 0.22090527
v 0.15370228 -0.02707928 0.21917268
v 0.09273559 -0.02065128 0.22704821
v 0.09871003 -0.02187728 0.22644843
v 0.10075366 -0.01603528 0.22629144
v 0.09476748 -0.01659428 0.22688661
v 0.09862769 -0.01044628 0.22655221
v 0.09281597 -0.01313128 0.22710384
v 0.08614804 -0.01734028 0.22767908
v 0.08798604 -0.00841228 0.22758656
v 0.08087198 -0.01257728 0.22816945
v 0.07991824 -0.02265928 0.22816069
v 0.08751276 -0.02616828 0.22747594
v 0.07379512 -0.01756628 0.22868616
v 0.07637137 -0.00676528 0.22857694
v 0.0688584 -0.01117828 0.22909788
v 0.06690092 -0.02326728 0.22912664
v 0.07379198 -0.02885428 0.22857312
v 0.06149826 -0.01599828 0.2295438
v 0.06519249 -0.00352228 0.22941005
v 0.05764124 -0.00720828 0.22985073
v 0.05440049 -0.02120028 0.22991158
v 0.0601515 -0.02985428 0.22948728
v 0.05036965 -0.01072428 0.2302168
v 0.0550463 0.00223071 0.2300764
v 0.04768971 -0.00029228 0.23043532
v 0.04331483 -0.01358428 0.23052382
v 0.04732164 -0.02602928 0.23022775
v 0.04048488 -0.00246728 0.23073643
v 0.04535623 0.00923071 0.23061987
v 0.0380673 0.00742371 0.2309082
v 0.03331729 -0.00421828 0.23098492
v 0.03621354 -0.01558828 0.23078942
v 0.03087864 0.00580671 0.23114192
v 0.03586589 0.01701471 0.23106317
v 0.02869632 0.01561171 0.2312823
v 0.04326372 0.01840071 0.23078228
v 0.02638594 0.02701571 0.23143748
v 0.02980464 0.04153772 0.23140479
v 0.03860876 0.04812672 0.23111949
v 0.05582421 0.04300871 0.2302701
v 0.05537411 0.04959271 0.23032149
v 0.06550705 0.04372071 0.22967283
v 0.06538983 0.05015571 0.22970561
v 0.05697664 0.03613571 0.2301826
v 0.06593892 0.03709371 0.22962315
v 0.05785599 0.02891671 0.23010467
v 0.06638266 0.03017471 0.22957146
v 0.05886094 0.02132371 0.22999846
v 0.06716439 0.02297371 0.22947561
v 0.05090005 0.01980871 0.230431
v 0.05279973 0.01120671 0.23026758
v 0.06053696 0.01331671 0.22983837
v 0.06263061 0.00500571 0.22964426
v 0.07040997 0.00777071 0.2291371
v 0.06852708 0.01554971 0.22932829
v 0.07290069 0.00011171 0.22889474
v 0.08063546 0.00347171 0.22831215
v 0.07837143 0.01047771 0.22854909
v 0.08388079 -0.00290528 0.22799024
v 0.09124755 0.00040571 0.22735032
v 0.08836494 0.00643971 0.22766017
v 0.09489801 -0.00515128 0.22696143
v 0.10144338 -0.00274528 0.22631438
v 0.09851235 0.00313171 0.22665812
v 0.10413553 -0.00872128 0.22598603
v 0.10998566 -0.00736628 0.22534561
v 0.10794409 -0.00090928 0.22562217
v 0.1054847 -0.01524628 0.22578951
v 0.11082336 -0.01444928 0.22519455
v 0.10452533 -0.02197928 0.22583629
v 0.11002994 -0.02165828 0.22522494
v 0.10292596 -0.02833528 0.22594389
v 0.10928203 -0.02823428 0.22524766
v 0.09568726 -0.02786528 0.2266905
v 0.0930963 -0.03387128 0.22686357
v 0.10147327 -0.03439328 0.22601981
v 0.08323194 -0.03221028 0.22777512
v 0.08011671 -0.03847428 0.22794206
v 0.09133832 -0.03982128 0.22694121
v 0.0685913 -0.03563928 0.2288527
v 0.06491414 -0.04284228 0.22898927
v 0.07809885 -0.04486728 0.228004
v 0.05431045 -0.03661127 0.22972533
v 0.04882648 -0.04275628 0.22991851
v 0.0629482 -0.05035628 0.22899389
v 0.04007944 -0.02971928 0.23050472
v 0.07759923 -0.05092428 0.22794699
v 0.09024623 -0.05141827 0.22686177
v 0.09063149 -0.04572928 0.22691698
v 0.09931395 -0.05180128 0.22597597
v 0.09988165 -0.04617427 0.22600825
v 0.10749669 -0.05205228 0.22510184
v 0.10767593 -0.04642728 0.22517083
v 0.11431837 -0.05216828 0.2243157
v 0.1143938 -0.04652928 0.22439555
v 0.12066914 -0.05217228 0.22353953
v 0.12069543 -0.04652728 0.22362491
v 0.12688164 -0.05208228 0.22273761
v 0.12686492 -0.04643928 0.22282952
v 0.13325646 -0.05190628 0.22187392
v 0.13316306 -0.04625828 0.2219765
v 0.14067345 -0.05163429 0.22081847
v 0.13987934 -0.04593128 0.22102373
v 0.1473577 -0.05123928 0.21981611
v 0.14700643 -0.04532728 0.21996386
v 0.15655811 -0.05068228 0.21837066
v 0.15537844 -0.04386328 0.21867075
v 0.1678397 -0.04578528 0.21655905
v 0.16352704 -0.03945327 0.21738943
v 0.17576845 -0.03605028 0.21530206
v 0.16961512 -0.03164328 0.21645687
v 0.17989401 -0.02514928 0.21468417
v 0.17309883 -0.02261828 0.21593885
v 0.18176026 -0.01532028 0.21442109
v 0.17519699 -0.01352728 0.21564026
v 0.1834084 -0.00662528 0.21418696
v 0.1767853 -0.00494328 0.21542646
v 0.18493287 0.00149271 0.21397054
v 0.17821949 0.00309271 0.21523608
v 0.18638998 0.00936071 0.21376258
v 0.17960014 0.01088871 0.21505245
v 0.18783001 0.01725471 0.21356073
v 0.18098212 0.01868571 0.21486862
v 0.1893654 0.02571171 0.21334432
v 0.18242454 0.02676771 0.21467542
v 0.19050414 0.03738071 0.2132162
v 0.18149581 0.05163271 0.21500508
v 0.17089389 0.05411072 0.21692733
v 0.16195422 0.05428971 0.21844801
v 0.16171062 0.04816371 0.21845796
v 0.15342399 0.05436271 0.21982426
v 0.15335147 0.04843071 0.21980626
v 0.14500661 0.05431371 0.22111092
v 0.1449977 0.04844172 0.22108398
v 0.13662754 0.05413472 0.22232075
v 0.13666537 0.04828271 0.22228726
v 0.12821403 0.05384171 0.22346441
v 0.12826137 0.04798671 0.22343193
v 0.11968725 0.05345571 0.22455063
v 0.11973685 0.04757271 0.22451844
v 0.11100245 0.05299871 0.22558084
v 0.1110395 0.04706471 0.22555157
v 0.10214779 0.05248771 0.22655142
v 0.10217515 0.04646971 0.22652337
v 0.09316629 0.05194072 0.2274526
v 0.09317597 0.04581671 0.22742655
v 0.08407522 0.05136271 0.22827877
v 0.08407814 0.04510971 0.22825352
v 0.0748561 0.05076471 0.22902768
v 0.07488527 0.04440671 0.22900144
v 0.07502348 0.03797871 0.22897087
v 0.08413637 0.03886071 0.22822959
v 0.07526228 0.03136371 0.22893165
v 0.08427026 0.03253371 0.22819711
v 0.07579419 0.02458971 0.228853
v 0.08461629 0.02611671 0.22813354
v 0.07684367 0.01763171 0.22872196
v 0.0853531 0.01956971 0.22802493
v 0.08647304 0.01292571 0.22787749
v 0.09483647 0.01501471 0.22710907
v 0.0940281 0.02126272 0.22723256
v 0.09626593 0.00891671 0.22692473
v 0.10429047 0.01084071 0.2261043
v 0.10334377 0.01667571 0.2262471
v 0.10587147 0.00506871 0.2258919
v 0.11351726 0.00631871 0.22503124
v 0.11254213 0.01212871 0.22518621
v 0.11477404 0.00018071 0.22483956
v 0.12162641 0.00053371 0.22399912
v 0.12118216 0.00686071 0.22410009
v 0.11586881 -0.00661328 0.22465823
v 0.12189617 -0.00636828 0.22391344
v 0.11613745 -0.01391828 0.22456923
v 0.1217267 -0.01359928 0.22387793
v 0.11565818 -0.02115328 0.22456812
v 0.12128216 -0.02075528 0.22387532
v 0.11518141 -0.02795128 0.22456158
v 0.12090459 -0.02770028 0.22385923
v 0.11482481 -0.03442728 0.22452357
v 0.12078787 -0.03434227 0.22379295
v 0.10856611 -0.03449028 0.22524927
v 0.10808884 -0.04055729 0.22521507
v 0.11455474 -0.04060727 0.22446645
v 0.10053484 -0.04035228 0.22603027
v 0.12073671 -0.04058528 0.22370958
v 0.12678676 -0.04051228 0.22292928
v 0.12661732 -0.03429028 0.22304081
v 0.1328495 -0.04037429 0.22210754
v 0.1323032 -0.03420028 0.22227096
v 0.13909365 -0.04006928 0.22122506
v 0.13793045 -0.03395028 0.2214788
v 0.14572875 -0.03921928 0.22025127
v 0.15263383 -0.03714527 0.21920999
v 0.15884511 -0.03291628 0.21826608
v 0.16333541 -0.02665028 0.21759459
v 0.15725065 -0.02158728 0.21865266
v 0.1665516 -0.01912328 0.21711579
v 0.16001758 -0.01508228 0.21825361
v 0.15077693 -0.01784428 0.21971948
v 0.15326987 -0.01182128 0.21937583
v 0.16208767 -0.00803028 0.21796709
v 0.15513342 -0.00531528 0.21912944
v 0.14662531 -0.00950428 0.22042818
v 0.14469972 -0.01571028 0.22066913
v 0.14824603 -0.00319628 0.22023026
v 0.15649175 0.00152071 0.21896642
v 0.14952962 0.00332371 0.22008332
v 0.14158712 -0.00167628 0.22124488
v 0.14043821 -0.00809928 0.22136315
v 0.14262522 0.00476771 0.2211422
v 0.15071195 0.01001871 0.21995501
v 0.1436505 0.01124871 0.22104133
v 0.13569329 0.00585671 0.2221523
v 0.13495473 -0.00060828 0.22220641
v 0.13643369 0.01219571 0.22209638
v 0.1444672 0.01772771 0.22097215
v 0.13692148 0.01838271 0.22207607
v 0.12883366 0.01278371 0.22314962
v 0.12862658 0.00666271 0.22313132
v 0.12897199 0.01869271 0.22317487
v 0.13705654 0.02446571 0.22210362
v 0.12890707 0.02454171 0.22322766
v 0.1205985 0.01854071 0.22425718
v 0.12080104 0.01278271 0.2241902
v 0.1204237 0.02427171 0.22432093
v 0.1287316 0.03041271 0.22329093
v 0.12021288 0.03006172 0.224387
v 0.11168462 0.02364371 0.22536805
v 0.11197621 0.01787871 0.22529272
v 0.11145526 0.02944371 0.22543332
v 0.12000588 0.03588671 0.22444242
v 0.11126469 0.03530371 0.22548501
v 0.10253634 0.02857371 0.22641575
v 0.10283479 0.02263571 0.22634434
v 0.10234841 0.03453971 0.22646623
v 0.11112668 0.04117771 0.22552071
v 0.10223485 0.04049471 0.22649711
v 0.09333178 0.03360671 0.22737275
v 0.09355104 0.02746771 0.22732086
v 0.09322493 0.03971071 0.22740192
v 0.11984457 0.04172971 0.22448426
v 0.12836951 0.04214071 0.2233937
v 0.12853241 0.03627771 0.22335016
v 0.13683027 0.03646771 0.22221486
v 0.13671268 0.04240371 0.2222566
v 0.1369694 0.03048471 0.22216124
v 0.14495506 0.03029671 0.2209983
v 0.14491687 0.03645471 0.22104243
v 0.14488785 0.02408171 0.22095978
v 0.152462 0.02341771 0.21979309
v 0.15270981 0.02986571 0.21980616
v 0.15176296 0.01676971 0.2198468
v 0.15888436 0.01552571 0.2186951
v 0.15980878 0.02248671 0.21860368
v 0.15771313 0.00849171 0.21882654
v 0.16466081 0.00671771 0.21765653
v 0.16586719 0.01405871 0.21751473
v 0.16344474 -0.00065428 0.21780034
v 0.17020431 -0.00291028 0.21661828
v 0.17148834 0.00486771 0.21646009
v 0.16875159 -0.01100928 0.21680392
v 0.17276434 0.01247971 0.2163015
v 0.1740219 0.02005771 0.21614661
v 0.16697919 0.02135671 0.21738973
v 0.17509137 0.02750271 0.21602474
v 0.16764095 0.02832172 0.21733763
v 0.16024631 0.02919471 0.2185899
v 0.16047331 0.03560371 0.21859724
v 0.15279622 0.03621871 0.21983523
v 0.16106589 0.04193672 0.21853268
v 0.15306951 0.04240271 0.21982206
v 0.14493055 0.04251171 0.22106759
v 0.12834684 0.00019071 0.22311936
v 0.12800531 -0.00662028 0.22311343
v 0.1342154 -0.00717028 0.22226122
v 0.12749503 -0.01357528 0.22312821
v 0.1333239 -0.01383428 0.22233292
v 0.12687927 -0.02056728 0.22315335
v 0.1324004 -0.02060928 0.22240513
v 0.12645286 -0.02754628 0.22314359
v 0.13185729 -0.02744328 0.22241649
v 0.13693743 -0.02741128 0.22170135
v 0.13774165 -0.02094728 0.22164866
v 0.13907945 -0.01449628 0.22151078
v -0.17445319 0.04030171 0.21783433
v -0.04199513 0.03284571 0.23250933
v -0.14646126 -0.02722828 0.22189897
v -0.09491547 -0.01661228 0.2284635
v -0.17574188 0.03425171 0.21757055
v -0.16819904 0.03466671 0.21889603
v -0.16881302 0.04084471 0.21882513
v -0.17844654 0.04433171 0.2171363
v -0.18362771 0.03592971 0.21613515
v -0.17029993 0.04750171 0.21860237
v -0.04866041 0.03494871 0.23221124
v -0.04976273 0.02774772 0.23212666
v -0.04200407 0.02694971 0.23248288
v -0.03393563 0.02725571 0.23279303
v -0.03669566 0.03695771 0.23273702
v -0.04551187 0.04197071 0.23238453
v -0.14892564 -0.03120628 0.22147427
v -0.14350517 -0.03330728 0.22226785
v -0.14148505 -0.02726428 0.22263914
v -0.14299593 -0.02165128 0.22247231
v -0.14820952 -0.02321828 0.22167138
v -0.15394169 -0.02710228 0.22073783
v -0.1009108 -0.01605428 0.22786644
v -0.09886406 -0.02189928 0.22802382
v -0.09288033 -0.02067028 0.22862441
v -0.09296088 -0.01314828 0.22868003
v -0.09878055 -0.01046528 0.2281275
v -0.08628057 -0.01735928 0.22925627
v -0.08099725 -0.01259228 0.22974634
v -0.08812243 -0.00842828 0.22916355
v -0.08764933 -0.02619028 0.22905182
v -0.08004201 -0.02267928 0.22973769
v -0.07390853 -0.01758328 0.23026497
v -0.06896512 -0.01119228 0.23067709
v -0.07648974 -0.00678128 0.23015545
v -0.07390735 -0.02887628 0.23015172
v -0.06700557 -0.02328528 0.23070615
v -0.06159356 -0.01601328 0.2311239
v -0.05773057 -0.00722328 0.23143115
v -0.06529352 -0.00353628 0.23098966
v -0.06024569 -0.02987628 0.23106639
v -0.05448379 -0.02121728 0.23149249
v -0.05044769 -0.01073928 0.23179771
v -0.04776361 -0.00030628 0.23201654
v -0.05513153 0.00221671 0.23165591
v -0.04739497 -0.02604828 0.23180897
v -0.04338195 -0.01360028 0.23210535
v -0.04054763 -0.00248228 0.23231814
v -0.03812626 0.00740871 0.23249001
v -0.04542645 0.00921671 0.23220019
v -0.03626859 -0.01560328 0.23237045
v -0.03336891 -0.00423228 0.23256716
v -0.03092647 0.00579171 0.23272404
v -0.02874177 0.01559671 0.23286463
v -0.03592146 0.01700071 0.23264519
v -0.04333075 0.01838772 0.2323638
v -0.02642682 0.02700372 0.23301991
v -0.02985081 0.04152871 0.23298703
v -0.03866857 0.04811872 0.23270121
v -0.05545993 0.04958471 0.2319021
v -0.0559107 0.04300071 0.23185071
v -0.06549115 0.05014871 0.23128522
v -0.06560752 0.04371371 0.23125244
v -0.06604107 0.03708671 0.23120266
v -0.0570649 0.03612771 0.23176302
v -0.0664855 0.03016571 0.23115006
v -0.05794462 0.02890571 0.23168508
v -0.06726844 0.02296172 0.23105512
v -0.05895211 0.02131171 0.23157867
v -0.05097788 0.01979471 0.23201203
v -0.06062978 0.01330271 0.23141868
v -0.05288157 0.01119271 0.2318483
v -0.06272768 0.00499271 0.23122417
v -0.06863327 0.01553571 0.2309076
v -0.07051911 0.00775771 0.23071621
v -0.07301366 0.00009771 0.23047365
v -0.07849185 0.01046571 0.23012648
v -0.08076133 0.00345771 0.22988905
v -0.0840108 -0.00292028 0.22956773
v -0.08850288 0.00642471 0.22923706
v -0.09138993 0.00039071 0.22892671
v -0.09504612 -0.00516828 0.22853742
v -0.09866502 0.00311771 0.2282336
v -0.10160163 -0.00276128 0.22788927
v -0.10429698 -0.00873928 0.22756052
v -0.1081134 -0.00092528 0.22719596
v -0.11015613 -0.00738328 0.2269191
v -0.11099614 -0.01446828 0.22676783
v -0.10564927 -0.01526528 0.2273647
v -0.11020137 -0.02167928 0.2267974
v -0.10468626 -0.02200028 0.22740976
v -0.1094523 -0.02826128 0.22682033
v -0.10308563 -0.02836128 0.22751958
v -0.09583558 -0.02789028 0.22826638
v -0.10163161 -0.03442428 0.2275947
v -0.09324161 -0.03390028 0.22843977
v -0.08336187 -0.03223728 0.22935171
v -0.09147904 -0.03985228 0.22851881
v -0.08024092 -0.03850228 0.22951996
v -0.06869869 -0.03566528 0.23043301
v -0.07821997 -0.04489528 0.22958232
v -0.06501479 -0.04287028 0.23056899
v -0.05439664 -0.03663529 0.23130583
v -0.06304581 -0.05038227 0.23057381
v -0.04890414 -0.04278128 0.23149852
v -0.04014151 -0.02973927 0.23208543
v -0.07771853 -0.05095127 0.2295254
v -0.09077104 -0.04575927 0.22849367
v -0.09038515 -0.05144628 0.22843857
v -0.10003742 -0.04620528 0.22758233
v -0.09946797 -0.05182928 0.22755135
v -0.1078429 -0.04645828 0.22674471
v -0.10766339 -0.05208028 0.22667582
v -0.11457216 -0.04656128 0.22596812
v -0.11449568 -0.05219628 0.22588858
v -0.12088257 -0.04655828 0.22519648
v -0.12085725 -0.05220028 0.22511109
v -0.12706269 -0.04647128 0.22439977
v -0.12707839 -0.05211028 0.22430805
v -0.1333695 -0.04629029 0.22354546
v -0.1334631 -0.05193428 0.22344298
v -0.14009723 -0.04596128 0.22259117
v -0.1408936 -0.05166128 0.22238561
v -0.14723651 -0.04535727 0.22153049
v -0.14758725 -0.05126729 0.22138196
v -0.15561927 -0.04389228 0.22023387
v -0.15680098 -0.05070928 0.21993449
v -0.16377961 -0.03948028 0.21895144
v -0.16810007 -0.04581128 0.21811986
v -0.16987714 -0.03166528 0.21801728
v -0.17603996 -0.03607428 0.21686095
v -0.17336808 -0.02263528 0.21749714
v -0.18017284 -0.02516728 0.21624074
v -0.17546843 -0.01354128 0.21719814
v -0.18204306 -0.01533528 0.21597777
v -0.17706033 -0.00495728 0.21698474
v -0.18369354 -0.00663928 0.21574243
v -0.17849674 0.00307871 0.21679388
v -0.18521957 0.00147871 0.21552662
v -0.1798786 0.01087471 0.21660994
v -0.18667887 0.00934571 0.21531815
v -0.18126264 0.01867171 0.2164257
v -0.18812097 0.01723971 0.2151149
v -0.18270827 0.02675471 0.216232
v -0.18965871 0.02569771 0.21489818
v -0.19079937 0.03736971 0.21477055
v -0.18177706 0.05162471 0.21656206
v -0.17115776 0.05410371 0.21848753
v -0.16196112 0.04815671 0.22002027
v -0.16220516 0.05428271 0.22001051
v -0.15359008 0.04842371 0.2213708
v -0.15366166 0.05435571 0.2213888
v -0.14522236 0.04843571 0.22265051
v -0.1452313 0.05430471 0.22267746
v -0.13687713 0.04827671 0.22385571
v -0.13683921 0.05412672 0.22388909
v -0.12846113 0.04797972 0.22500197
v -0.12841269 0.05383472 0.22503456
v -0.11992235 0.04756671 0.22609011
v -0.11987268 0.05344871 0.22612249
v -0.11121153 0.04705871 0.22712495
v -0.11117442 0.05299072 0.22715422
v -0.10233347 0.04646271 0.22809824
v -0.10230611 0.05248071 0.22812621
v -0.09332037 0.04581071 0.22900275
v -0.09331064 0.05193371 0.2290287
v -0.08420744 0.04510271 0.22983102
v -0.0842055 0.05135572 0.22985637
v -0.0750012 0.04439971 0.23057913
v -0.07497207 0.05075671 0.2306063
v -0.08426673 0.03885571 0.22980698
v -0.07513969 0.03797171 0.23054947
v -0.08440079 0.03252471 0.2297745
v -0.07537793 0.03135371 0.23051045
v -0.08474741 0.02610571 0.22971084
v -0.07591259 0.02457771 0.23043151
v -0.08548536 0.01955671 0.22960223
v -0.07696283 0.01761871 0.23030138
v -0.08660715 0.01291171 0.2294557
v -0.09417383 0.02125071 0.22880855
v -0.09498433 0.01500271 0.22868394
v -0.09641611 0.00890271 0.22850032
v -0.10350491 0.01666171 0.22782148
v -0.10445308 0.01082771 0.22767877
v -0.10603555 0.00505471 0.22746618
v -0.11271654 0.01211571 0.2267593
v -0.11369419 0.00630371 0.22660401
v -0.1149529 0.00016471 0.22641213
v -0.12137084 0.00684671 0.22567054
v -0.12181592 0.00051771 0.22557048
v -0.12208598 -0.00638528 0.2254837
v -0.11605037 -0.00663128 0.22623041
v -0.12191639 -0.01361828 0.2254492
v -0.11631848 -0.01393728 0.22614151
v -0.12147026 -0.02077728 0.22544789
v -0.11583845 -0.02117528 0.2261406
v -0.12109302 -0.02772628 0.22543059
v -0.11536093 -0.02797728 0.22613395
v -0.12097618 -0.03437428 0.22536441
v -0.11500389 -0.03445928 0.22609615
v -0.10873433 -0.03452228 0.22682204
v -0.11473335 -0.04064128 0.22603912
v -0.10825733 -0.04059029 0.22678805
v -0.10069172 -0.04038428 0.22760535
v -0.12092578 -0.04061828 0.22527994
v -0.12681452 -0.03432228 0.22461016
v -0.12698434 -0.04054528 0.22449964
v -0.1325093 -0.03423128 0.22384002
v -0.13305763 -0.04040628 0.22367741
v -0.13814528 -0.03398028 0.22304664
v -0.13931031 -0.04010228 0.22279271
v -0.14595566 -0.03925028 0.22181741
v -0.15287129 -0.03717528 0.22077351
v -0.15909224 -0.03294228 0.21982789
v -0.16358949 -0.02667128 0.21915549
v -0.15749545 -0.02160628 0.22021608
v -0.16026666 -0.01509828 0.21981622
v -0.16681066 -0.01913928 0.21867579
v -0.15101166 -0.01786128 0.22128461
v -0.15350745 -0.01183728 0.22094047
v -0.1553739 -0.00533028 0.22069357
v -0.16233895 -0.00804428 0.2195294
v -0.14492499 -0.01572828 0.22223557
v -0.14685361 -0.00952128 0.22199411
v -0.14847686 -0.00321028 0.22179588
v -0.14976237 0.00330971 0.22164845
v -0.15673628 0.00150771 0.22052975
v -0.1406569 -0.00811628 0.22293049
v -0.14180661 -0.00169128 0.22281202
v -0.1428481 0.00475371 0.22270794
v -0.14387412 0.01123571 0.22260797
v -0.15094557 0.01000571 0.22152024
v -0.13516593 -0.00062328 0.22377495
v -0.13590461 0.00584271 0.22372075
v -0.13664524 0.01218171 0.22366574
v -0.13713371 0.01837071 0.22364442
v -0.14469195 0.01771471 0.22253768
v -0.12882685 0.00664871 0.22470007
v -0.12903328 0.01277071 0.22471968
v -0.12917283 0.01867971 0.22474472
v -0.12910689 0.02452971 0.22479772
v -0.13726887 0.02445471 0.22367188
v -0.12098825 0.01276871 0.22576186
v -0.12078636 0.01852871 0.22582884
v -0.12061032 0.02426071 0.2258926
v -0.12039919 0.03005171 0.22595867
v -0.12893211 0.03040272 0.22486098
v -0.11215079 0.01786571 0.2268659
v -0.11185856 0.02363071 0.22694031
v -0.11162795 0.02943371 0.22700649
v -0.11143709 0.03529671 0.22705827
v -0.12019185 0.03587971 0.22601419
v -0.10299515 0.02262371 0.22791904
v -0.10269632 0.02856371 0.22799134
v -0.10250689 0.03453071 0.22804011
v -0.1023933 0.04048771 0.228072
v -0.11129888 0.04117171 0.22709408
v -0.09369701 0.02745671 0.22889685
v -0.0934764 0.03359771 0.22894895
v -0.09336938 0.03970471 0.22897811
v -0.12003032 0.04172271 0.22605612
v -0.12856838 0.04213371 0.22496387
v -0.12873256 0.03626871 0.22492031
v -0.13692647 0.04239771 0.22382454
v -0.13704325 0.03646071 0.2237831
v -0.1371825 0.03047471 0.22372849
v -0.14514127 0.03644671 0.22260797
v -0.14518071 0.03028571 0.22256472
v -0.14511337 0.02406971 0.22252611
v -0.15294751 0.02985471 0.2213708
v -0.15269932 0.02340571 0.22135771
v -0.15199913 0.01675771 0.22141163
v -0.16005745 0.02247371 0.2201664
v -0.15913061 0.01551271 0.22025832
v -0.15795753 0.00847871 0.22038985
v -0.16612428 0.01404671 0.21907615
v -0.16491609 0.00670471 0.21921825
v -0.16369913 -0.00066828 0.21936217
v -0.17175512 0.00485371 0.21801978
v -0.17046918 -0.00292328 0.21817839
v -0.16901321 -0.01102328 0.21836443
v -0.1730331 0.01246671 0.21786089
v -0.17429162 0.02004471 0.21770581
v -0.16723902 0.02134371 0.21895064
v -0.16790176 0.02831071 0.21889825
v -0.1753627 0.02749072 0.21758362
v -0.16049444 0.02918471 0.22015182
v -0.16072185 0.03559571 0.22015915
v -0.15303497 0.03621071 0.22139956
v -0.15330667 0.04239671 0.22138668
v -0.16131646 0.04193171 0.22009509
v -0.1451552 0.04250471 0.22263422
v -0.12854775 0.00017471 0.22468921
v -0.1344244 -0.00718728 0.22382997
v -0.12820471 -0.00663728 0.22468347
v -0.13353164 -0.01385428 0.22390186
v -0.12769369 -0.01359328 0.22469836
v -0.13260746 -0.02063028 0.22397317
v -0.12707687 -0.02058928 0.2247225
v -0.13206371 -0.02746828 0.22398553
v -0.12664985 -0.02757328 0.22471395
v -0.13795717 -0.02096728 0.2232164
v -0.13715058 -0.02743728 0.22326859
v -0.13929604 -0.01451428 0.22307853
v -0.16855196 0.04085071 0.21726544
v -0.16793777 0.03467371 0.21733543
v -0.17546896 0.03426071 0.21601197
v -0.17418317 0.04030871 0.21627524
v -0.18334357 0.03593871 0.21457858
v -0.17816941 0.04433971 0.21557852
v -0.17003642 0.04750771 0.21704207
v -0.04193907 0.02696071 0.23090116
v -0.04968579 0.02775771 0.23054656
v -0.04858412 0.03495671 0.23063013
v -0.04193015 0.03285271 0.23092761
v -0.03663893 0.03696571 0.23115609
v -0.03388316 0.02726771 0.23121191
v -0.04544244 0.04197871 0.2308031
v -0.14126601 -0.02723828 0.22107181
v -0.14328303 -0.03327728 0.22070191
v -0.14869403 -0.03118028 0.21990884
v -0.14623253 -0.02720428 0.22033304
v -0.14798022 -0.02319628 0.22010666
v -0.14277456 -0.02163028 0.22090527
v -0.15370222 -0.02707928 0.21917268
v -0.09273558 -0.02065128 0.22704821
v -0.09871001 -0.02187728 0.22644843
v -0.10075365 -0.01603528 0.22629144
v -0.09476746 -0.01659428 0.22688661
v -0.09862766 -0.01044628 0.22655221
v -0.09281595 -0.01313128 0.22710384
v -0.08614803 -0.01734028 0.22767908
v -0.08798602 -0.00841228 0.22758656
v -0.08087194 -0.01257728 0.22816945
v -0.07991821 -0.02265928 0.22816069
v -0.08751276 -0.02616828 0.22747594
v -0.07379511 -0.01756628 0.22868616
v -0.07637134 -0.00676528 0.22857694
v -0.06885837 -0.01117828 0.22909778
v -0.06690087 -0.02326728 0.22912664
v -0.07379195 -0.02885428 0.22857312
v -0.06149822 -0.01599828 0.2295438
v -0.06519249 -0.00352228 0.22941005
v -0.05764121 -0.00720828 0.22985073
v -0.05440046 -0.02120028 0.22991158
v -0.06015149 -0.02985428 0.22948728
v -0.05036962 -0.01072428 0.2302168
v -0.05504627 0.00223071 0.2300764
v -0.04768968 -0.00029228 0.23043532
v -0.0433148 -0.01358428 0.23052382
v -0.04732162 -0.02602928 0.23022775
v -0.04048487 -0.00246728 0.23073643
v -0.04535619 0.00923071 0.23061987
v -0.03806725 0.00742371 0.2309082
v -0.03331726 -0.00421828 0.23098492
v -0.0362135 -0.01558828 0.23078942
v -0.03087862 0.00580671 0.23114192
v -0.03586588 0.01701471 0.23106317
v -0.02869628 0.01561171 0.2312823
v -0.04326371 0.01840071 0.23078228
v -0.02638593 0.02701571 0.23143748
v -0.02980463 0.04153772 0.23140479
v -0.03860875 0.04812672 0.23111949
v -0.05582419 0.04300871 0.2302701
v -0.05537411 0.04959271 0.23032149
v -0.06550702 0.04372071 0.22967283
v -0.06538982 0.05015571 0.22970561
v -0.0569766 0.03613571 0.2301826
v -0.06593891 0.03709371 0.22962315
v -0.05785597 0.02891671 0.23010467
v -0.06638266 0.03017471 0.22957146
v -0.05886091 0.02132371 0.22999846
v -0.06716437 0.02297371 0.22947561
v -0.0509 0.01980871 0.230431
v -0.05279972 0.01120671 0.23026758
v -0.06053696 0.01331671 0.22983837
v -0.06263061 0.00500571 0.22964426
v -0.07040995 0.00777071 0.2291371
v -0.06852708 0.01554971 0.22932829
v -0.07290064 0.00011171 0.22889474
v -0.08063545 0.00347171 0.22831215
v -0.07837143 0.01047771 0.22854909
v -0.08388076 -0.00290528 0.22799024
v -0.09124752 0.00040571 0.22735032
v -0.08836489 0.00643971 0.22766017
v -0.094898 -0.00515128 0.22696143
v -0.10144338 -0.00274528 0.22631438
v -0.09851232 0.00313171 0.22665812
v -0.10413554 -0.00872128 0.22598603
v -0.1099856 -0.00736628 0.22534561
v -0.10794406 -0.00090928 0.22562217
v -0.10548468 -0.01524628 0.22578951
v -0.11082334 -0.01444928 0.22519455
v -0.10452531 -0.02197928 0.22583629
v -0.11002991 -0.02165828 0.22522494
v -0.10292592 -0.02833528 0.22594389
v -0.10928197 -0.02823428 0.22524766
v -0.09568721 -0.02786528 0.2266905
v -0.09309627 -0.03387128 0.22686357
v -0.10147327 -0.03439328 0.22601981
v -0.08323191 -0.03221028 0.22777512
v -0.08011669 -0.03847428 0.22794206
v -0.09133831 -0.03982128 0.22694121
v -0.0685913 -0.03563928 0.2288527
v -0.06491411 -0.04284228 0.22898927
v -0.07809885 -0.04486728 0.228004
v -0.05431043 -0.03661127 0.22972533
v -0.04882646 -0.04275628 0.22991851
v -0.06294818 -0.05035628 0.22899389
v -0.04007941 -0.02971928 0.23050472
v -0.07759918 -0.05092428 0.22794699
v -0.0902462 -0.05141827 0.22686177
v -0.09063144 -0.04572928 0.22691698
v -0.09931393 -0.05180128 0.22597597
v -0.09988164 -0.04617427 0.22600825
v -0.10749669 -0.05205228 0.22510184
v -0.10767591 -0.04642728 0.22517083
v -0.11431835 -0.05216828 0.2243157
v -0.11439376 -0.04652928 0.22439555
v -0.12066911 -0.05217228 0.22353953
v -0.12069539 -0.04652728 0.22362491
v -0.12688161 -0.05208228 0.22273761
v -0.12686491 -0.04643928 0.22282952
v -0.1332564 -0.05190628 0.22187392
v -0.133163 -0.04625828 0.2219765
v -0.14067341 -0.05163429 0.22081847
v -0.1398783 -0.04593128 0.22102384
v -0.1473577 -0.05123928 0.21981611
v -0.14700642 -0.04532728 0.21996386
v -0.15655808 -0.05068228 0.21837066
v -0.15537843 -0.04386328 0.21867075
v -0.16783967 -0.04578528 0.21655905
v -0.16352699 -0.03945327 0.21738943
v -0.1757684 -0.03605028 0.21530206
v -0.1696151 -0.03164328 0.21645687
v -0.179894 -0.02514928 0.21468417
v -0.1730988 -0.02261828 0.21593885
v -0.18176025 -0.01532028 0.21442109
v -0.17519697 -0.01352728 0.21564026
v -0.18340836 -0.00662528 0.21418696
v -0.17678524 -0.00494328 0.21542646
v -0.18493284 0.00149271 0.21397054
v -0.17821946 0.00309271 0.21523608
v -0.18638995 0.00936071 0.21376258
v -0.17960013 0.01088871 0.21505245
v -0.18782998 0.01725471 0.21356073
v -0.18098208 0.01868571 0.21486862
v -0.18936535 0.02571171 0.21334432
v -0.18242451 0.02676771 0.21467542
v -0.19050411 0.03738071 0.2132162
v -0.18149574 0.05163271 0.21500508
v -0.17089384 0.05411072 0.21692733
v -0.16195419 0.05428971 0.21844801
v -0.16171056 0.04816371 0.21845796
v -0.15342398 0.05436271 0.21982426
v -0.15335144 0.04843071 0.21980626
v -0.14500658 0.05431371 0.22111092
v -0.14499764 0.04844172 0.22108398
v -0.13662749 0.05413472 0.22232075
v -0.13666534 0.04828271 0.22228726
v -0.128214 0.05384171 0.22346441
v -0.12826135 0.04798671 0.22343193
v -0.11968721 0.05345571 0.22455063
v -0.11973681 0.04757271 0.22451844
v -0.1110024 0.05299871 0.22558084
v -0.11103945 0.04706471 0.22555157
v -0.10214781 0.05248771 0.22655142
v -0.10217513 0.04646971 0.22652337
v -0.09316627 0.05194072 0.2274526
v -0.09317595 0.04581671 0.22742655
v -0.08407522 0.05136271 0.22827877
v -0.08407813 0.04510971 0.22825352
v -0.07485609 0.05076471 0.22902768
v -0.07488522 0.04440671 0.22900144
v -0.07502345 0.03797871 0.22897087
v -0.08413639 0.03886071 0.22822959
v -0.07526227 0.03136371 0.22893165
v -0.08427022 0.03253371 0.22819711
v -0.07579416 0.02458971 0.228853
v -0.08461627 0.02611671 0.22813354
v -0.07684365 0.01763171 0.22872196
v -0.08535307 0.01956971 0.22802493
v -0.08647304 0.01292571 0.22787749
v -0.09483645 0.01501471 0.22710907
v -0.09402808 0.02126272 0.22723256
v -0.09626591 0.00891671 0.22692473
v -0.10429044 0.01084071 0.2261043
v -0.10334375 0.01667571 0.2262471
v -0.10587143 0.00506871 0.225892
v -0.11351722 0.00631871 0.22503124
v -0.11254211 0.01212871 0.22518621
v -0.11477402 0.00018071 0.22483956
v -0.12162636 0.00053371 0.22399912
v -0.12118213 0.00686071 0.22410009
v -0.11586877 -0.00661328 0.22465823
v -0.12189613 -0.00636828 0.22391344
v -0.11613742 -0.01391828 0.22456923
v -0.12172667 -0.01359928 0.22387793
v -0.11565817 -0.02115328 0.22456812
v -0.12128214 -0.02075528 0.22387532
v -0.11518133 -0.02795128 0.22456158
v -0.12090459 -0.02770028 0.22385923
v -0.11482479 -0.03442728 0.22452357
v -0.12078785 -0.03434227 0.22379295
v -0.10856606 -0.03449028 0.22524927
v -0.10808881 -0.04055729 0.22521507
v -0.11455469 -0.04060727 0.22446645
v -0.10053483 -0.04035228 0.22603027
v -0.12073666 -0.04058528 0.22370958
v -0.12678675 -0.04051228 0.22292928
v -0.12661729 -0.03429028 0.22304081
v -0.1328495 -0.04037429 0.22210754
v -0.13230316 -0.03420028 0.22227096
v -0.13909359 -0.04006928 0.22122506
v -0.13793042 -0.03395028 0.2214788
v -0.14572767 -0.03921928 0.22025138
v -0.15263381 -0.03714527 0.21920999
v -0.15884505 -0.03291628 0.21826608
v -0.16333536 -0.02665028 0.21759459
v -0.15725062 -0.02158728 0.21865266
v -0.16655157 -0.01912328 0.21711579
v -0.16001758 -0.01508228 0.21825361
v -0.15077687 -0.01784428 0.21971948
v -0.15326984 -0.01182128 0.21937583
v -0.16208766 -0.00803028 0.21796709
v -0.15513338 -0.00531528 0.21912944
v -0.14662526 -0.00950428 0.22042818
v -0.14469967 -0.01571028 0.22066913
v -0.148246 -0.00319628 0.22023026
v -0.15649171 0.00152071 0.21896642
v -0.1495296 0.00332371 0.22008323
v -0.14158611 -0.00167628 0.22124488
v -0.14043821 -0.00809928 0.22136315
v -0.14262522 0.00476771 0.2211422
v -0.15071193 0.01001871 0.21995501
v -0.14365047 0.01124871 0.22104133
v -0.13569323 0.00585671 0.2221523
v -0.13495469 -0.00060828 0.22220641
v -0.13643263 0.01219571 0.22209659
v -0.14446717 0.01772771 0.22097215
v -0.13692146 0.01838271 0.22207607
v -0.1288336 0.01278371 0.22314962
v -0.12862557 0.00666271 0.22313143
v -0.12897194 0.01869271 0.22317487
v -0.1370565 0.02446571 0.22210362
v -0.12890705 0.02454171 0.22322766
v -0.12059845 0.01854071 0.22425718
v -0.120801 0.01278271 0.2241902
v -0.12042367 0.02427171 0.22432093
v -0.12873159 0.03041271 0.22329093
v -0.12021286 0.03006172 0.224387
v -0.11168459 0.02364371 0.22536805
v -0.11197619 0.01787871 0.22529272
v -0.11145523 0.02944371 0.22543332
v -0.12000586 0.03588671 0.22444242
v -0.11126466 0.03530371 0.22548501
v -0.10253633 0.02857371 0.22641575
v -0.10283479 0.02263571 0.22634434
v -0.10234838 0.03453971 0.22646623
v -0.11112665 0.04117771 0.22552071
v -0.10223484 0.04049471 0.22649711
v -0.09333175 0.03360671 0.22737275
v -0.09355102 0.02746771 0.22732086
v -0.09322491 0.03971071 0.22740192
v -0.11984454 0.04172971 0.22448426
v -0.12836948 0.04214071 0.2233937
v -0.12853238 0.03627771 0.22335016
v -0.13683022 0.03646771 0.22221486
v -0.13671268 0.04240371 0.22225649
v -0.13696938 0.03048471 0.22216124
v -0.144955 0.03029671 0.2209983
v -0.14491686 0.03645471 0.22104243
v -0.14488785 0.02408171 0.22095978
v -0.15246196 0.02341771 0.21979309
v -0.15270984 0.02986571 0.21980616
v -0.15176291 0.01676971 0.2198468
v -0.1588833 0.01552571 0.2186952
v -0.15980877 0.02248671 0.21860368
v -0.1577131 0.00849171 0.21882654
v -0.16466078 0.00671771 0.21765653
v -0.16586716 0.01405871 0.21751473
v -0.16344472 -0.00065428 0.21780034
v -0.17020426 -0.00291028 0.21661828
v -0.17148831 0.00486771 0.21646009
v -0.16875159 -0.01100928 0.21680392
v -0.17276433 0.01247971 0.2163015
v -0.17402188 0.02005771 0.21614661
v -0.16697919 0.02135671 0.21738973
v -0.17509132 0.02750271 0.21602474
v -0.16764089 0.02832172 0.21733763
v -0.16024625 0.02919471 0.2185899
v -0.1604733 0.03560371 0.21859724
v -0.15279619 0.03621871 0.21983523
v -0.16106587 0.04193672 0.21853268
v -0.15306945 0.04240271 0.21982206
v -0.14493054 0.04251171 0.22106759
v -0.12834678 0.00019071 0.22311936
v -0.12800526 -0.00662028 0.22311343
v -0.13421537 -0.00717028 0.22226122
v -0.12749502 -0.01357528 0.22312821
v -0.13332389 -0.01383428 0.22233292
v -0.1268793 -0.02056728 0.22315335
v -0.13240036 -0.02060928 0.22240513
v -0.12645281 -0.02754628 0.22314359
v -0.13185726 -0.02744328 0.22241649
v -0.13693739 -0.02741128 0.22170135
v -0.13774162 -0.02094728 0.22164866
v -0.13907942 -0.01449628 0.22151078
v 0.2006834 0.05841787 0.20026195
v 0.2010061 0.05841787 0.19893926
v 0.20181046 0.05841787 0.19784066
v 0.20297376 0.05841787 0.19713369
v 0.20431911 0.05841787 0.19692564
v 0.20564179 0.05841787 0.19724836
v 0.20795704 0.05841787 0.19760721
v 0.2079083 0.05841787 0.19916796
v 0.20783717 0.05841787 0.20056939
v 0.2077773 0.05841787 0.20193028
v 0.20771895 0.05841787 0.20346188
v 0.20536516 0.05841787 0.20368963
v 0.20401966 0.05841787 0.2038978
v 0.20269689 0.05841787 0.20357522
v 0.20159842 0.05841787 0.20277077
v 0.20089142 0.05841787 0.20160728
v 0.20270237 0.05841787 0.20034861
v 0.20283813 0.05841787 0.19979202
v 0.20317666 0.05841787 0.19932979
v 0.20366619 0.05841787 0.19903206
v 0.20423235 0.05841787 0.19894444
v 0.20478925 0.05841787 0.19908034
v 0.20525144 0.05841787 0.19941869
v 0.20554909 0.05841787 0.19990858
v 0.2056365 0.05841787 0.20047488
v 0.20550072 0.05841787 0.20103147
v 0.20516231 0.05841787 0.20149374
v 0.20467248 0.05841787 0.20179125
v 0.20410637 0.05841787 0.20187896
v 0.20354968 0.05841787 0.20174309
v 0.20308737 0.05841787 0.20140457
v 0.2027899 0.05841787 0.20091512
v 0.20192128 0.05841787 0.19936528
v 0.20169208 0.05841787 0.20030522
v 0.20249304 0.05841787 0.19858473
v 0.20331969 0.05841787 0.19808214
v 0.20427593 0.05841787 0.19793444
v 0.20521569 0.05841787 0.19816359
v 0.20660509 0.05841787 0.19851243
v 0.20672948 0.05841787 0.19953793
v 0.20673765 0.05841787 0.200522
v 0.20663976 0.05841787 0.20148119
v 0.20644156 0.05841787 0.2024784
v 0.20501913 0.05841787 0.20274108
v 0.2040629 0.05841787 0.20288902
v 0.20312307 0.05841787 0.20265984
v 0.20234248 0.05841787 0.20208823
v 0.20184001 0.05841787 0.2012614
v 0.20169208 0.05777835 0.20030522
v 0.20192128 0.05777835 0.19936528
v 0.20283813 0.05777835 0.19979202
v 0.20270237 0.05777835 0.20034861
v 0.20249304 0.05777835 0.19858473
v 0.20317666 0.05777835 0.19932979
v 0.20331969 0.05777835 0.19808214
v 0.20366619 0.05777835 0.19903206
v 0.20427593 0.05777835 0.19793444
v 0.20423235 0.05777835 0.19894444
v 0.20521569 0.05777835 0.19816359
v 0.20478925 0.05777835 0.19908034
v 0.20660509 0.05777835 0.19851243
v 0.20525144 0.05777835 0.19941869
v 0.20672948 0.05777835 0.19953793
v 0.20554909 0.05777835 0.19990858
v 0.20673765 0.05777835 0.200522
v 0.2056365 0.05777835 0.20047488
v 0.20663976 0.05777835 0.20148119
v 0.20550072 0.05777835 0.20103147
v 0.20644156 0.05777835 0.2024784
v 0.20516231 0.05777835 0.20149374
v 0.20501913 0.05777835 0.20274108
v 0.20467248 0.05777835 0.20179125
v 0.2040629 0.05777835 0.20288902
v 0.20410637 0.05777835 0.20187896
v 0.20312307 0.05777835 0.20265984
v 0.20354968 0.05777835 0.20174309
v 0.20234248 0.05777835 0.2020882
v 0.20308737 0.05777835 0.20140454
v 0.20184001 0.05777835 0.2012614
v 0.2027899 0.05777835 0.20091506
v 0.2006834 0.05777835 0.20026195
v 0.2010061 0.05777835 0.19893926
v 0.20181046 0.05777835 0.19784066
v 0.20297376 0.05777835 0.19713369
v 0.20431911 0.05777835 0.19692564
v 0.20564179 0.05777835 0.19724834
v 0.20795704 0.05777835 0.19760721
v 0.2079083 0.05777835 0.19916796
v 0.20783717 0.05777835 0.20056939
v 0.2077773 0.05777835 0.20193028
v 0.20771895 0.05777835 0.20346188
v 0.20536516 0.05777835 0.20368963
v 0.20401966 0.05777835 0.2038978
v 0.20269689 0.05777835 0.20357522
v 0.2015984 0.05777835 0.20277074
v 0.20089142 0.05777835 0.20160728
v 0.2006834 0.05990575 0.20026195
v 0.2010061 0.05990575 0.19893926
v 0.20181046 0.05990575 0.19784066
v 0.20297376 0.05990573 0.19713369
v 0.20431911 0.05990575 0.19692564
v 0.20564179 0.05990575 0.19724836
v 0.20795704 0.05990575 0.19760721
v 0.2079083 0.05990575 0.19916796
v 0.20783717 0.05990573 0.20056939
v 0.20777729 0.05990575 0.20193028
v 0.20771895 0.05990575 0.20346188
v 0.20536516 0.05990575 0.20368963
v 0.20401966 0.05990575 0.2038978
v 0.20269689 0.05990575 0.20357522
v 0.20159842 0.05990575 0.20277077
v 0.20089142 0.05990575 0.20160728
v 0.20270235 0.05990573 0.20034861
v 0.20283813 0.05990575 0.19979202
v 0.20317666 0.05990575 0.19932979
v 0.20366619 0.05990575 0.19903206
v 0.20423235 0.05990575 0.19894444
v 0.20478925 0.05990575 0.19908034
v 0.20525144 0.05990575 0.19941869
v 0.20554909 0.05990575 0.19990858
v 0.2056365 0.05990575 0.20047488
v 0.2055007 0.05990575 0.20103147
v 0.20516231 0.05990575 0.20149374
v 0.20467248 0.05990575 0.20179125
v 0.20410637 0.05990575 0.20187896
v 0.20354968 0.05990575 0.20174309
v 0.20308737 0.05990573 0.20140457
v 0.2027899 0.05990573 0.20091512
v 0.20192128 0.05990575 0.19936528
v 0.20169208 0.05990575 0.20030522
v 0.20249304 0.05990575 0.19858473
v 0.20331969 0.05990575 0.19808214
v 0.20427593 0.05990575 0.19793444
v 0.20521569 0.05990575 0.19816359
v 0.20660509 0.05990575 0.19851243
v 0.20672948 0.05990575 0.19953793
v 0.20673765 0.05990573 0.200522
v 0.20663976 0.05990575 0.20148119
v 0.20644158 0.05990575 0.20247843
v 0.20501913 0.05990575 0.20274108
v 0.2040629 0.05990575 0.20288902
v 0.20312306 0.05990575 0.20265984
v 0.20234248 0.05990575 0.20208823
v 0.20183999 0.05990575 0.20126143
v 0.20169208 0.05926609 0.20030522
v 0.20192128 0.05926607 0.19936528
v 0.20283813 0.05926609 0.19979202
v 0.20270237 0.05926609 0.20034861
v 0.20249304 0.05926609 0.19858473
v 0.20317666 0.05926609 0.19932979
v 0.20331969 0.05926609 0.19808214
v 0.20366619 0.05926609 0.19903206
v 0.20427593 0.05926609 0.19793444
v 0.20423235 0.05926609 0.19894444
v 0.20521569 0.05926609 0.19816359
v 0.20478925 0.05926609 0.19908034
v 0.20660509 0.05926609 0.19851243
v 0.20525144 0.05926609 0.19941869
v 0.20672948 0.05926609 0.19953793
v 0.20554909 0.05926609 0.19990858
v 0.20673765 0.05926609 0.200522
v 0.2056365 0.05926609 0.20047488
v 0.20663976 0.05926609 0.20148119
v 0.2055007 0.05926609 0.20103147
v 0.20644158 0.05926609 0.20247843
v 0.20516231 0.05926609 0.20149374
v 0.20501913 0.05926609 0.20274108
v 0.20467248 0.05926609 0.20179125
v 0.2040629 0.05926609 0.20288902
v 0.20410637 0.05926609 0.20187896
v 0.20312307 0.05926609 0.20265984
v 0.20354968 0.05926609 0.20174309
v 0.20234248 0.05926609 0.20208823
v 0.20308737 0.05926609 0.20140457
v 0.20184001 0.05926609 0.2012614
v 0.2027899 0.05926609 0.20091512
v 0.2006834 0.05926609 0.20026195
v 0.2010061 0.05926609 0.19893926
v 0.20181046 0.05926609 0.19784066
v 0.20297376 0.05926609 0.19713369
v 0.20431911 0.05926609 0.19692564
v 0.20564179 0.05926609 0.19724834
v 0.20795704 0.05926609 0.19760721
v 0.2079083 0.05926609 0.19916796
v 0.20783717 0.05926609 0.20056939
v 0.20777729 0.05926609 0.20193028
v 0.20771895 0.05926609 0.20346188
v 0.20536516 0.05926609 0.20368963
v 0.20401966 0.05926609 0.2038978
v 0.20269686 0.05926609 0.20357522
v 0.20159842 0.05926609 0.20277077
v 0.20089142 0.05926609 0.20160728
v 0.2006834 0.05698196 0.20026195
v 0.2010061 0.05698196 0.19893926
v 0.20181046 0.05698196 0.19784066
v 0.20297376 0.05698196 0.19713369
v 0.20431911 0.05698196 0.19692564
v 0.20564179 0.05698196 0.19724836
v 0.20795704 0.05698196 0.19760721
v 0.2079083 0.05698196 0.19916796
v 0.20783717 0.05698196 0.20056939
v 0.2077773 0.05698196 0.20193028
v 0.20771895 0.05698196 0.20346188
v 0.20536516 0.05698196 0.20368963
v 0.20401966 0.05698196 0.2038978
v 0.20269686 0.05698196 0.20357522
v 0.2015984 0.05698196 0.20277074
v 0.20089142 0.05698196 0.20160728
v 0.20270237 0.05698196 0.20034861
v 0.20283813 0.05698196 0.19979202
v 0.20317666 0.05698196 0.19932979
v 0.20366619 0.05698196 0.19903206
v 0.20423235 0.05698196 0.19894444
v 0.20478925 0.05698196 0.19908034
v 0.20525144 0.05698196 0.19941869
v 0.20554909 0.05698196 0.19990858
v 0.2056365 0.05698196 0.20047485
v 0.20550072 0.05698196 0.20103147
v 0.20516231 0.05698196 0.20149374
v 0.20467248 0.05698196 0.20179125
v 0.20410637 0.05698196 0.20187896
v 0.20354968 0.05698196 0.20174309
v 0.20308737 0.05698196 0.20140454
v 0.2027899 0.05698196 0.20091506
v 0.20192128 0.05698196 0.19936528
v 0.20169208 0.05698196 0.20030522
v 0.20249304 0.05698196 0.19858473
v 0.20331969 0.05698196 0.19808214
v 0.20427593 0.05698196 0.19793444
v 0.20521569 0.05698196 0.19816359
v 0.20660509 0.05698196 0.19851243
v 0.20672948 0.05698196 0.1995379
v 0.20673765 0.05698196 0.200522
v 0.20663976 0.05698196 0.20148119
v 0.20644156 0.05698196 0.2024784
v 0.20501913 0.05698196 0.20274108
v 0.2040629 0.05698196 0.20288902
v 0.20312307 0.05698196 0.20265984
v 0.20234248 0.05698196 0.20208817
v 0.20184001 0.05698196 0.2012614
v 0.20169207 0.05634242 0.20030519
v 0.20192128 0.05634242 0.19936528
v 0.20283813 0.0563424 0.19979202
v 0.20270237 0.0563424 0.20034861
v 0.20249304 0.0563424 0.19858473
v 0.20317666 0.0563424 0.19932979
v 0.20331969 0.0563424 0.19808214
v 0.20366619 0.0563424 0.19903206
v 0.20427593 0.0563424 0.19793444
v 0.20423235 0.0563424 0.19894444
v 0.20521569 0.0563424 0.19816359
v 0.20478925 0.05634242 0.19908034
v 0.20660509 0.05634242 0.19851243
v 0.20525144 0.05634242 0.19941869
v 0.20672948 0.05634242 0.19953793
v 0.20554909 0.05634242 0.19990858
v 0.20673765 0.0563424 0.200522
v 0.2056365 0.05634242 0.20047485
v 0.20663976 0.0563424 0.20148119
v 0.20550072 0.0563424 0.20103147
v 0.20644155 0.0563424 0.2024784
v 0.20516231 0.0563424 0.20149374
v 0.20501913 0.0563424 0.20274108
v 0.20467248 0.0563424 0.20179125
v 0.2040629 0.0563424 0.20288902
v 0.20410637 0.0563424 0.20187896
v 0.20312307 0.0563424 0.20265984
v 0.20354968 0.0563424 0.20174309
v 0.20234248 0.0563424 0.20208817
v 0.20308737 0.0563424 0.20140454
v 0.20184001 0.0563424 0.2012614
v 0.2027899 0.0563424 0.20091506
v 0.2006834 0.0563424 0.20026195
v 0.2010061 0.05634242 0.19893926
v 0.20181046 0.05634242 0.19784066
v 0.20297376 0.0563424 0.19713369
v 0.20431911 0.0563424 0.19692564
v 0.20564179 0.0563424 0.19724834
v 0.20795704 0.0563424 0.19760721
v 0.2079083 0.05634242 0.19916796
v 0.20783717 0.0563424 0.20056939
v 0.2077773 0.05634242 0.20193028
v 0.20771895 0.0563424 0.20346188
v 0.20536516 0.05634242 0.20368963
v 0.20401966 0.0563424 0.2038978
v 0.20269689 0.0563424 0.20357519
v 0.2015984 0.05634242 0.20277074
v 0.20089142 0.0563424 0.20160728
v 0.20872147 0.05777835 0.19920134
v 0.20877035 0.05777835 0.19763246
v 0.20877035 0.05841787 0.19763246
v 0.20872147 0.05841787 0.19920134
v 0.20865 0.05777835 0.20060768
v 0.20865 0.05841787 0.20060768
v 0.20859034 0.05777835 0.2019636
v 0.20859034 0.05841787 0.2019636
v 0.20853196 0.05777835 0.20349305
v 0.20853196 0.05841787 0.20349305
v 0.20872147 0.05926609 0.19920134
v 0.20877035 0.05926609 0.19763246
v 0.20877035 0.05990575 0.19763246
v 0.20872147 0.05990575 0.19920134
v 0.20865 0.05926609 0.20060768
v 0.20865 0.05990575 0.20060768
v 0.20859034 0.05926609 0.2019636
v 0.20859034 0.05990575 0.2019636
v 0.20853196 0.05926609 0.20349302
v 0.20853196 0.05990575 0.20349302
v 0.20872147 0.0563424 0.19920134
v 0.20877035 0.0563424 0.19763246
v 0.20877035 0.05698196 0.19763246
v 0.20872147 0.05698196 0.19920134
v 0.20865 0.0563424 0.20060768
v 0.20865 0.05698196 0.20060768
v 0.20859034 0.0563424 0.2019636
v 0.20859034 0.05698196 0.2019636
v 0.20853196 0.0563424 0.20349302
v 0.20853196 0.05698196 0.20349302
v 0.20899905 0.05700147 0.19072866
v 0.20899905 0.05807861 0.19072866
v 0.20899905 0.05915577 0.19072866
v 0.20894587 0.05592426 0.19196778
v 0.20894587 0.05700147 0.19196778
v 0.20894587 0.05807861 0.19196778
v 0.20894587 0.05915577 0.19196778
v 0.20894587 0.06023298 0.19196778
v 0.20889259 0.05592428 0.19320693
v 0.20889259 0.05700147 0.19320693
v 0.20889259 0.05807861 0.19320693
v 0.20889259 0.05915577 0.19320693
v 0.20889259 0.06023298 0.19320693
v 0.20868392 0.05592428 0.19806301
v 0.20868392 0.05700147 0.19806301
v 0.20868392 0.05807861 0.19806301
v 0.20868392 0.05915577 0.19806301
v 0.20868392 0.06023298 0.19806301
v 0.20863069 0.05592428 0.19930216
v 0.20863069 0.05700147 0.19930216
v 0.20863069 0.05807861 0.19930216
v 0.20863069 0.05915577 0.19930216
v 0.20863069 0.06023298 0.19930216
v 0.20857733 0.05592426 0.20054137
v 0.20857733 0.05700147 0.20054137
v 0.20857735 0.05807861 0.20054137
v 0.20857735 0.05915577 0.20054137
v 0.20857735 0.06023298 0.20054137
v 0.20848979 0.05592428 0.20257988
v 0.20848979 0.05700147 0.20257988
v 0.20848982 0.05807861 0.20257991
v 0.20848982 0.05915577 0.20257991
v 0.20848982 0.06023298 0.20257991
v 0.20843645 0.05592426 0.20381906
v 0.20843647 0.05700147 0.20381909
v 0.20843647 0.05807861 0.20381909
v 0.20843645 0.05915577 0.20381909
v 0.20843645 0.06023298 0.20381909
v 0.20838335 0.05700147 0.20505827
v 0.20838336 0.05807861 0.2050583
v 0.20838336 0.05915577 0.2050583
v 0.20958989 0.05592428 0.19199544
v 0.20964333 0.05700147 0.19075632
v 0.20958989 0.05700147 0.19199544
v 0.2096433 0.05807861 0.19075635
v 0.20958989 0.05807861 0.19199544
v 0.2096433 0.05915577 0.19075635
v 0.20958989 0.05915577 0.19199544
v 0.20958989 0.06023298 0.19199544
v 0.2095367 0.05592428 0.19323447
v 0.2095367 0.05700147 0.19323447
v 0.2095367 0.05807861 0.19323447
v 0.2095367 0.05915577 0.19323447
v 0.2095367 0.06023298 0.19323447
v 0.20932813 0.05592428 0.19809085
v 0.20932813 0.05700147 0.19809085
v 0.20932813 0.05807861 0.19809085
v 0.20932813 0.05915577 0.19809085
v 0.20932813 0.06023298 0.19809085
v 0.20927475 0.05592428 0.19932982
v 0.20927475 0.05700147 0.19932982
v 0.20927475 0.05807861 0.19932982
v 0.20927475 0.05915577 0.19932982
v 0.20927475 0.06023298 0.19932982
v 0.20922152 0.05592428 0.200569
v 0.20922152 0.05700147 0.200569
v 0.20922152 0.05807861 0.200569
v 0.20922152 0.05915577 0.20056903
v 0.20922152 0.06023298 0.20056903
v 0.2091341 0.05592428 0.2026076
v 0.2091341 0.05700147 0.2026076
v 0.2091341 0.05807861 0.2026076
v 0.2091341 0.05915577 0.2026076
v 0.2091341 0.06023299 0.2026076
v 0.20908087 0.05592428 0.20384681
v 0.20908087 0.05700147 0.20384681
v 0.20908087 0.05807861 0.20384681
v 0.20908087 0.05915577 0.20384681
v 0.20908087 0.06023298 0.20384681
v 0.20902751 0.05700147 0.20508587
v 0.20902751 0.05807861 0.20508587
v 0.20902751 0.05915577 0.20508587
v 0.20840634 0.06023298 0.20452097
v 0.20905061 0.06023299 0.20454862
v 0.20840634 0.05915577 0.20452097
v 0.20905061 0.05700147 0.20454862
v 0.20905061 0.05807861 0.20454862
v 0.20840634 0.05807861 0.20452097
v 0.20840637 0.05700147 0.20452094
v 0.20840637 0.05592426 0.20452094
v 0.20905061 0.05915577 0.20454862
v 0.20905061 0.05592428 0.20454862
v 0.20417176 0.06009677 0.20041182
v 0.20275917 0.06009677 0.20035114
v 0.20279805 0.06009677 0.20007669
v 0.2028898 0.06009677 0.19981524
v 0.20303086 0.06009677 0.19957655
v 0.20321568 0.06009677 0.19936999
v 0.20343749 0.06009677 0.19920346
v 0.20368729 0.06009677 0.19908344
v 0.20395566 0.06009677 0.19901463
v 0.20423233 0.06009677 0.19899925
v 0.20450677 0.06009677 0.19903814
v 0.20476843 0.06009677 0.19912999
v 0.20500712 0.06009677 0.19927096
v 0.20521339 0.06009677 0.19945588
v 0.20537999 0.06009677 0.19967752
v 0.2055 0.06009677 0.19992736
v 0.20556895 0.06009677 0.20019573
v 0.20558421 0.06009677 0.20047241
v 0.2055453 0.06009677 0.20074686
v 0.20545348 0.06009677 0.20100846
v 0.20531256 0.06009677 0.20124715
v 0.20512768 0.06009677 0.2014535
v 0.20490618 0.06009677 0.20162004
v 0.20465613 0.06009677 0.20174014
v 0.20438782 0.06009677 0.20180901
v 0.20411105 0.06009677 0.20182433
v 0.20383672 0.06009677 0.20178538
v 0.20357489 0.06009677 0.20169353
v 0.20333659 0.06009677 0.20155262
v 0.20312985 0.06009677 0.20136779
v 0.20296341 0.06009677 0.20114627
v 0.20284336 0.06009677 0.20089635
v 0.20277445 0.06009677 0.20062792
v 0.20275917 0.05981674 0.20035114
v 0.20279805 0.05981674 0.20007669
v 0.2028898 0.05981676 0.19981524
v 0.20303086 0.05981676 0.19957655
v 0.20321567 0.05981676 0.19936999
v 0.20343749 0.05981676 0.19920346
v 0.20368729 0.05981676 0.19908344
v 0.20395566 0.05981676 0.19901463
v 0.20423233 0.05981676 0.19899925
v 0.20450677 0.05981676 0.19903814
v 0.20476843 0.05981676 0.19912999
v 0.20500712 0.05981676 0.19927096
v 0.20521339 0.05981676 0.19945588
v 0.20537999 0.05981676 0.19967752
v 0.2055 0.05981676 0.19992736
v 0.20556896 0.05981676 0.20019576
v 0.20558421 0.05981676 0.20047241
v 0.2055453 0.05981676 0.20074686
v 0.20545348 0.05981676 0.20100846
v 0.20531256 0.05981676 0.20124715
v 0.20512768 0.05981676 0.2014535
v 0.20490618 0.05981676 0.20162004
v 0.20465613 0.05981676 0.20174014
v 0.20438782 0.05981676 0.20180901
v 0.20411105 0.05981676 0.20182433
v 0.20383672 0.05981676 0.20178538
v 0.20357489 0.05981676 0.20169353
v 0.20333659 0.05981676 0.20155262
v 0.20312985 0.05981676 0.20136779
v 0.20296341 0.05981674 0.20114627
v 0.20284336 0.05981674 0.20089635
v 0.20277445 0.05981674 0.20062792
v 0.20275917 0.05953668 0.20035114
v 0.20279805 0.05953668 0.20007669
v 0.2028898 0.05953668 0.19981524
v 0.20303086 0.05953668 0.19957655
v 0.20321567 0.05953668 0.19936999
v 0.20343749 0.05953668 0.19920346
v 0.20368729 0.05953669 0.19908344
v 0.20395566 0.05953668 0.19901463
v 0.20423233 0.05953669 0.19899925
v 0.20450677 0.05953669 0.19903814
v 0.20476843 0.05953668 0.19912999
v 0.20500712 0.05953671 0.19927096
v 0.20521339 0.05953671 0.19945588
v 0.20537999 0.05953669 0.19967752
v 0.2055 0.05953669 0.19992736
v 0.20556896 0.05953669 0.20019576
v 0.20558421 0.05953668 0.20047241
v 0.2055453 0.05953668 0.20074686
v 0.20545348 0.05953669 0.20100846
v 0.20531256 0.05953669 0.20124715
v 0.20512768 0.05953669 0.2014535
v 0.20490618 0.05953669 0.20162004
v 0.20465613 0.05953669 0.20174014
v 0.20438782 0.05953669 0.20180901
v 0.20411105 0.05953668 0.20182433
v 0.20383672 0.05953669 0.20178538
v 0.20357489 0.05953668 0.20169353
v 0.20333659 0.05953668 0.20155262
v 0.20312985 0.05953669 0.20136779
v 0.20296341 0.05953671 0.20114627
v 0.20284336 0.05953668 0.20089635
v 0.20277445 0.05953668 0.20062792
v 0.20275917 0.05925661 0.20035114
v 0.20279805 0.05925661 0.20007669
v 0.2028898 0.05925661 0.19981524
v 0.20303086 0.05925661 0.19957655
v 0.20321567 0.05925661 0.19936999
v 0.20343749 0.05925661 0.19920346
v 0.20368729 0.05925661 0.19908347
v 0.20395566 0.05925661 0.19901463
v 0.20423233 0.05925661 0.19899922
v 0.20450677 0.05925661 0.19903814
v 0.20476843 0.05925662 0.19912999
v 0.20500712 0.05925662 0.19927096
v 0.20521339 0.05925662 0.19945588
v 0.20537999 0.05925661 0.19967752
v 0.2055 0.05925661 0.19992736
v 0.20556896 0.05925661 0.20019576
v 0.20558421 0.05925661 0.20047241
v 0.2055453 0.05925661 0.20074686
v 0.20545348 0.05925662 0.20100846
v 0.20531256 0.05925662 0.20124712
v 0.20512768 0.05925662 0.2014535
v 0.20490618 0.05925662 0.20162004
v 0.20465613 0.05925662 0.20174014
v 0.20438782 0.05925661 0.20180901
v 0.20411105 0.05925661 0.20182433
v 0.20383672 0.05925661 0.20178538
v 0.20357489 0.05925661 0.20169353
v 0.20333659 0.05925661 0.20155262
v 0.20312985 0.05925662 0.20136779
v 0.20296341 0.05925662 0.20114627
v 0.20284336 0.05925662 0.20089635
v 0.20277445 0.05925662 0.20062792
v 0.20275917 0.05897668 0.20035114
v 0.20279805 0.05897668 0.20007669
v 0.2028898 0.05897668 0.19981524
v 0.20303086 0.05897668 0.19957655
v 0.20321567 0.05897668 0.19936999
v 0.20343749 0.05897668 0.19920346
v 0.20368729 0.05897668 0.19908344
v 0.20395566 0.05897668 0.19901463
v 0.20423233 0.05897668 0.19899922
v 0.20450677 0.05897668 0.19903814
v 0.20476843 0.05897668 0.19912999
v 0.20500712 0.05897668 0.19927096
v 0.20521339 0.05897668 0.19945588
v 0.20537999 0.05897668 0.19967752
v 0.2055 0.05897668 0.19992736
v 0.20556896 0.05897668 0.20019576
v 0.20558421 0.05897668 0.20047241
v 0.2055453 0.05897668 0.20074686
v 0.20545348 0.05897668 0.20100846
v 0.20531256 0.05897668 0.20124712
v 0.20512768 0.05897668 0.2014535
v 0.20490618 0.05897668 0.20162004
v 0.20465613 0.05897668 0.20174014
v 0.20438782 0.05897668 0.20180901
v 0.20411105 0.05897668 0.20182433
v 0.20383672 0.05897668 0.20178538
v 0.20357489 0.05897668 0.20169353
v 0.20333659 0.05897668 0.20155262
v 0.20312985 0.05897668 0.20136779
v 0.20296341 0.05897668 0.20114627
v 0.20284336 0.05897668 0.20089635
v 0.20277445 0.05897668 0.20062789
v 0.20275917 0.05869661 0.20035114
v 0.20279805 0.05869659 0.20007669
v 0.2028898 0.05869659 0.19981524
v 0.20303086 0.05869659 0.19957655
v 0.20321567 0.05869661 0.19936999
v 0.20343749 0.05869661 0.19920346
v 0.20368729 0.05869661 0.19908344
v 0.20395566 0.05869659 0.19901463
v 0.20423233 0.05869661 0.19899925
v 0.20450677 0.05869661 0.19903814
v 0.20476843 0.05869661 0.19912999
v 0.20500712 0.05869661 0.19927096
v 0.20521339 0.05869659 0.19945588
v 0.20537999 0.05869661 0.19967752
v 0.2055 0.05869661 0.19992736
v 0.20556896 0.05869661 0.20019576
v 0.20558421 0.05869661 0.20047241
v 0.2055453 0.05869661 0.20074686
v 0.20545348 0.05869659 0.20100846
v 0.20531256 0.05869661 0.20124712
v 0.20512768 0.05869659 0.2014535
v 0.20490618 0.05869661 0.20162004
v 0.20465613 0.05869659 0.20174014
v 0.20438782 0.05869661 0.20180901
v 0.20411105 0.05869661 0.20182433
v 0.20383672 0.05869661 0.20178538
v 0.20357489 0.05869659 0.20169353
v 0.20333659 0.05869661 0.20155262
v 0.20312985 0.05869659 0.20136779
v 0.20296341 0.05869661 0.20114627
v 0.20284336 0.05869659 0.20089635
v 0.20277445 0.05869661 0.20062789
v 0.20275917 0.05841657 0.20035114
v 0.20279805 0.05841657 0.20007669
v 0.2028898 0.05841657 0.19981524
v 0.20303086 0.05841657 0.19957655
v 0.20321567 0.05841657 0.19936999
v 0.20343749 0.05841657 0.19920346
v 0.20368729 0.05841657 0.19908344
v 0.20395566 0.05841657 0.19901463
v 0.20423233 0.05841657 0.19899925
v 0.20450677 0.05841657 0.19903814
v 0.20476843 0.05841657 0.19912999
v 0.20500712 0.05841657 0.19927096
v 0.20521339 0.05841657 0.19945588
v 0.20537999 0.05841657 0.19967752
v 0.2055 0.05841657 0.19992736
v 0.20556896 0.05841657 0.20019576
v 0.20558421 0.05841657 0.20047241
v 0.2055453 0.05841657 0.20074686
v 0.20545348 0.05841657 0.20100846
v 0.20531256 0.05841657 0.20124712
v 0.20512768 0.05841657 0.2014535
v 0.20490618 0.05841657 0.20162004
v 0.20465613 0.05841657 0.20174014
v 0.20438782 0.05841657 0.20180901
v 0.20411105 0.05841657 0.20182433
v 0.20383672 0.05841657 0.20178538
v 0.20357489 0.05841657 0.20169353
v 0.20333659 0.05841657 0.20155262
v 0.20312985 0.05841657 0.20136779
v 0.20296341 0.05841657 0.20114624
v 0.20284336 0.05841657 0.20089635
v 0.20277445 0.05841657 0.20062789
v 0.20275917 0.0581365 0.20035114
v 0.20279805 0.0581365 0.20007669
v 0.2028898 0.0581365 0.19981524
v 0.20303086 0.05813652 0.19957655
v 0.20321567 0.05813652 0.19936999
v 0.20343749 0.05813652 0.19920346
v 0.20368729 0.0581365 0.19908344
v 0.20395566 0.0581365 0.19901463
v 0.20423233 0.05813652 0.19899925
v 0.20450677 0.0581365 0.19903814
v 0.20476843 0.0581365 0.19912999
v 0.20500712 0.05813652 0.19927096
v 0.20521339 0.05813652 0.19945588
v 0.20537999 0.05813652 0.19967752
v 0.2055 0.0581365 0.19992736
v 0.20556895 0.0581365 0.20019573
v 0.20558421 0.05813652 0.20047241
v 0.2055453 0.0581365 0.20074686
v 0.20545348 0.05813652 0.20100846
v 0.20531256 0.05813652 0.20124712
v 0.20512768 0.0581365 0.2014535
v 0.20490618 0.05813652 0.20162004
v 0.20465613 0.05813652 0.20174014
v 0.20438782 0.0581365 0.20180901
v 0.20411105 0.0581365 0.20182433
v 0.20383672 0.05813652 0.20178538
v 0.20357489 0.0581365 0.20169353
v 0.20333659 0.0581365 0.20155262
v 0.20312985 0.0581365 0.20136779
v 0.20296341 0.05813652 0.20114624
v 0.20284336 0.05813652 0.20089635
v 0.20277445 0.05813652 0.20062789
v 0.20275917 0.05785644 0.20035114
v 0.20279805 0.05785644 0.20007669
v 0.2028898 0.05785644 0.19981524
v 0.20303086 0.05785644 0.19957655
v 0.20321567 0.05785644 0.19936999
v 0.20343749 0.05785644 0.19920346
v 0.20368729 0.05785644 0.19908344
v 0.20395566 0.05785644 0.19901463
v 0.20423233 0.05785644 0.19899925
v 0.20450677 0.05785644 0.19903814
v 0.20476843 0.05785644 0.19912999
v 0.20500712 0.05785644 0.19927096
v 0.20521339 0.05785644 0.19945588
v 0.20537999 0.05785644 0.19967752
v 0.2055 0.05785644 0.19992736
v 0.20556895 0.05785644 0.20019573
v 0.20558421 0.05785644 0.20047241
v 0.2055453 0.05785644 0.20074686
v 0.20545348 0.05785645 0.20100846
v 0.20531256 0.05785645 0.20124712
v 0.20512768 0.05785644 0.2014535
v 0.20490618 0.05785645 0.20162004
v 0.20465613 0.05785644 0.20174014
v 0.20438782 0.05785645 0.20180901
v 0.20411106 0.05785645 0.20182433
v 0.20383672 0.05785645 0.20178538
v 0.20357489 0.05785645 0.20169353
v 0.20333659 0.05785645 0.20155262
v 0.20312985 0.05785645 0.20136779
v 0.20296341 0.05785645 0.20114624
v 0.20284336 0.05785645 0.20089632
v 0.20277445 0.05785644 0.20062789
v 0.20275917 0.05757638 0.20035114
v 0.20279805 0.05757638 0.20007669
v 0.2028898 0.05757638 0.19981524
v 0.20303086 0.05757638 0.19957655
v 0.20321567 0.05757638 0.19936999
v 0.20343749 0.05757638 0.19920346
v 0.20368729 0.05757638 0.19908344
v 0.20395566 0.05757638 0.19901463
v 0.20423233 0.05757638 0.19899922
v 0.20450677 0.05757638 0.19903814
v 0.20476843 0.05757638 0.19912999
v 0.20500712 0.05757638 0.19927096
v 0.20521339 0.05757638 0.19945588
v 0.20537999 0.05757638 0.19967752
v 0.2055 0.05757638 0.19992736
v 0.20556895 0.05757638 0.20019573
v 0.20558421 0.05757638 0.20047241
v 0.2055453 0.05757638 0.20074686
v 0.20545348 0.05757638 0.20100846
v 0.20531256 0.05757638 0.20124712
v 0.20512768 0.05757638 0.2014535
v 0.20490618 0.05757638 0.20162004
v 0.20465613 0.05757638 0.20174014
v 0.20438782 0.05757638 0.20180901
v 0.20411105 0.05757638 0.20182433
v 0.20383672 0.05757638 0.20178538
v 0.20357489 0.05757638 0.20169353
v 0.20333659 0.05757638 0.20155262
v 0.20312985 0.05757638 0.20136779
v 0.20296341 0.05757638 0.20114624
v 0.20284336 0.05757638 0.20089632
v 0.20277445 0.05757638 0.20062789
v 0.20275917 0.05729639 0.20035114
v 0.20279805 0.05729638 0.20007669
v 0.2028898 0.05729639 0.19981524
v 0.20303086 0.05729639 0.19957655
v 0.20321567 0.05729639 0.19936999
v 0.20343747 0.05729639 0.19920346
v 0.20368729 0.05729639 0.19908344
v 0.20395566 0.05729638 0.19901463
v 0.20423233 0.05729639 0.19899925
v 0.20450677 0.05729639 0.19903814
v 0.20476843 0.05729639 0.19912999
v 0.20500712 0.05729639 0.19927096
v 0.20521339 0.05729638 0.19945588
v 0.20537999 0.05729639 0.19967749
v 0.2055 0.05729639 0.19992736
v 0.20556895 0.05729639 0.20019573
v 0.20558421 0.05729639 0.20047238
v 0.2055453 0.05729639 0.20074686
v 0.20545348 0.05729639 0.20100846
v 0.20531256 0.05729639 0.20124712
v 0.20512768 0.05729638 0.2014535
v 0.20490618 0.05729639 0.20162004
v 0.20465613 0.05729639 0.20174014
v 0.20438782 0.05729639 0.20180901
v 0.20411106 0.05729639 0.20182433
v 0.20383672 0.05729639 0.20178538
v 0.20357489 0.05729639 0.20169353
v 0.20333658 0.05729639 0.20155262
v 0.20312985 0.05729639 0.20136779
v 0.20296341 0.05729639 0.20114624
v 0.20284336 0.05729639 0.20089632
v 0.20277445 0.05729639 0.20062789
v 0.20275917 0.05701641 0.20035114
v 0.20279805 0.05701641 0.20007669
v 0.2028898 0.05701641 0.19981524
v 0.20303086 0.05701641 0.19957655
v 0.20321567 0.05701641 0.19936999
v 0.20343749 0.05701641 0.19920346
v 0.20368729 0.05701641 0.19908344
v 0.20395566 0.05701641 0.19901463
v 0.20423233 0.05701641 0.19899925
v 0.20450677 0.05701641 0.19903814
v 0.20476843 0.05701641 0.19912999
v 0.20500712 0.05701641 0.19927096
v 0.20521339 0.05701641 0.19945588
v 0.20537999 0.05701641 0.19967749
v 0.2055 0.05701641 0.19992736
v 0.20556895 0.05701641 0.20019573
v 0.20558421 0.05701641 0.20047238
v 0.2055453 0.05701641 0.20074686
v 0.20545348 0.05701641 0.20100846
v 0.20531256 0.05701641 0.20124712
v 0.20512768 0.05701641 0.2014535
v 0.20490618 0.05701641 0.20162004
v 0.20465613 0.05701641 0.20174014
v 0.20438782 0.05701641 0.20180901
v 0.20411105 0.05701641 0.20182433
v 0.20383672 0.05701641 0.20178538
v 0.20357489 0.05701641 0.20169353
v 0.20333659 0.05701641 0.20155262
v 0.20312985 0.05701641 0.20136779
v 0.20296341 0.05701641 0.20114624
v 0.20284336 0.05701641 0.20089632
v 0.20277445 0.05701641 0.20062789
v 0.20275917 0.0567363 0.20035114
v 0.20279805 0.0567363 0.20007669
v 0.2028898 0.0567363 0.19981524
v 0.20303086 0.0567363 0.19957655
v 0.20321567 0.0567363 0.19936999
v 0.20343749 0.0567363 0.19920346
v 0.20368729 0.0567363 0.19908347
v 0.20395566 0.0567363 0.19901463
v 0.20423233 0.0567363 0.19899925
v 0.20450677 0.0567363 0.19903814
v 0.20476843 0.0567363 0.19912999
v 0.20500712 0.0567363 0.19927096
v 0.20521339 0.0567363 0.19945588
v 0.20537999 0.0567363 0.19967752
v 0.2055 0.0567363 0.19992736
v 0.20556895 0.0567363 0.20019573
v 0.20558421 0.0567363 0.20047238
v 0.2055453 0.0567363 0.20074686
v 0.20545348 0.0567363 0.20100846
v 0.20531256 0.0567363 0.20124712
v 0.20512768 0.0567363 0.2014535
v 0.20490618 0.0567363 0.20162004
v 0.20465613 0.0567363 0.20174014
v 0.20438782 0.0567363 0.20180901
v 0.20411105 0.0567363 0.20182433
v 0.20383672 0.0567363 0.20178538
v 0.20357489 0.0567363 0.20169353
v 0.20333659 0.0567363 0.20155262
v 0.20312985 0.0567363 0.20136779
v 0.20296341 0.0567363 0.20114624
v 0.20284336 0.0567363 0.20089632
v 0.20277445 0.0567363 0.20062789
v 0.20275917 0.05645629 0.20035114
v 0.20279805 0.05645631 0.20007669
v 0.2028898 0.05645631 0.19981524
v 0.20303086 0.05645631 0.19957655
v 0.20321567 0.05645631 0.19936999
v 0.20343749 0.05645631 0.19920346
v 0.20368729 0.05645631 0.19908347
v 0.20395566 0.05645631 0.19901463
v 0.20423233 0.05645631 0.19899925
v 0.20450677 0.05645631 0.19903814
v 0.20476843 0.05645631 0.19912999
v 0.20500712 0.05645631 0.19927096
v 0.20521339 0.05645631 0.19945588
v 0.20537999 0.05645631 0.19967752
v 0.2055 0.05645631 0.19992736
v 0.20556895 0.05645631 0.20019573
v 0.20558421 0.05645631 0.20047238
v 0.2055453 0.05645631 0.20074686
v 0.20545348 0.05645631 0.20100846
v 0.20531256 0.05645631 0.20124712
v 0.20512768 0.05645631 0.2014535
v 0.20490618 0.05645631 0.20162004
v 0.20465613 0.05645631 0.20174014
v 0.20438782 0.05645631 0.20180901
v 0.20411105 0.05645631 0.20182433
v 0.20383672 0.05645631 0.20178538
v 0.20357489 0.05645631 0.20169353
v 0.20333659 0.05645631 0.2015526
v 0.20312985 0.05645631 0.20136779
v 0.20296341 0.05645631 0.20114624
v 0.20284336 0.05645629 0.20089632
v 0.20277445 0.05645629 0.20062789
v 0.20275917 0.05617617 0.20035114
v 0.20279805 0.05617617 0.20007669
v 0.2028898 0.05617617 0.19981524
v 0.20303086 0.05617617 0.19957655
v 0.20321567 0.05617617 0.19936999
v 0.20343749 0.05617617 0.19920346
v 0.20368729 0.05617617 0.19908347
v 0.20395566 0.05617617 0.19901463
v 0.20423233 0.05617617 0.19899922
v 0.20450677 0.05617617 0.19903814
v 0.20476843 0.05617617 0.19912999
v 0.20500712 0.05617618 0.19927096
v 0.20521339 0.05617618 0.19945588
v 0.20537999 0.05617618 0.19967752
v 0.2055 0.05617618 0.19992736
v 0.20556895 0.05617618 0.20019573
v 0.20558421 0.05617617 0.20047241
v 0.2055453 0.05617617 0.20074686
v 0.20545348 0.05617617 0.20100846
v 0.20531256 0.05617617 0.20124712
v 0.20512768 0.05617617 0.2014535
v 0.20490618 0.05617617 0.20162004
v 0.20465613 0.05617617 0.20174014
v 0.20438782 0.05617617 0.20180901
v 0.20411105 0.05617617 0.20182433
v 0.20383672 0.05617617 0.20178538
v 0.20357489 0.05617617 0.20169353
v 0.20333659 0.05617617 0.2015526
v 0.20312985 0.05617617 0.20136779
v 0.20296341 0.05617617 0.20114624
v 0.20284336 0.05617617 0.20089632
v 0.20277445 0.05617617 0.20062789
v 0.20417176 0.05617617 0.20041182
v 0.20411323 0.06055717 0.20176804
v 0.2035935 0.06055717 0.2016423
v 0.20410527 0.06045013 0.20195013
v 0.20352259 0.06045012 0.20180776
v 0.20316141 0.06055717 0.2013292
v 0.2030289 0.06045012 0.20145237
v 0.20289428 0.06055717 0.20087701
v 0.20273256 0.06045012 0.20093974
v 0.20293895 0.06055717 0.19983878
v 0.20278304 0.06045012 0.19976246
v 0.20324385 0.06055717 0.19941112
v 0.20312207 0.06045012 0.19927716
v 0.20370122 0.06055717 0.19913619
v 0.20364472 0.06045012 0.19896554
v 0.2042296 0.06055717 0.19905573
v 0.20423767 0.06045012 0.19887358
v 0.20474943 0.06055717 0.19918122
v 0.20482014 0.06045012 0.19901588
v 0.20516568 0.06055717 0.19949379
v 0.20531405 0.06045013 0.1993713
v 0.20544828 0.06055718 0.19994667
v 0.20561023 0.06045013 0.19988381
v 0.20540367 0.06055718 0.20098483
v 0.20555971 0.06045013 0.20106133
v 0.20508323 0.06055717 0.20141184
v 0.20522047 0.06045013 0.20154658
v 0.20464174 0.06055717 0.20168742
v 0.20469786 0.06045013 0.20185822
v 0.20461343 0.06055717 0.20160689
v 0.2050381 0.06055717 0.20134934
v 0.20532575 0.06055718 0.20094874
v 0.20476411 0.06055718 0.2010625
v 0.20411688 0.06055717 0.20168262
v 0.20414254 0.06055717 0.2010841
v 0.20362852 0.06055717 0.20156464
v 0.20352517 0.06055717 0.20100912
v 0.20322747 0.06055717 0.20127153
v 0.2029751 0.06055717 0.20084762
v 0.20536769 0.06055718 0.19997611
v 0.20481751 0.06055717 0.1998144
v 0.20420037 0.06055717 0.19973948
v 0.2035788 0.06055717 0.19976124
v 0.20301701 0.06055717 0.19987514
v 0.20511521 0.06055717 0.19955226
v 0.20471425 0.06055717 0.19925898
v 0.20422598 0.06055717 0.19914108
v 0.20372945 0.06055717 0.19921666
v 0.20330466 0.06055717 0.19947436
v 0.20359364 0.05989714 0.20163688
v 0.20411348 0.05989714 0.20176234
v 0.20410502 0.05989714 0.20195826
v 0.20352229 0.05989714 0.20181533
v 0.20317719 0.05989714 0.20132577
v 0.20302832 0.05989712 0.20145839
v 0.20289443 0.05989712 0.20087465
v 0.20271644 0.05989712 0.20094212
v 0.20293888 0.05989714 0.19984111
v 0.20276734 0.05989714 0.19975861
v 0.20325946 0.05989714 0.19941595
v 0.20312255 0.05989714 0.19927111
v 0.20370084 0.05989714 0.19914162
v 0.20364522 0.05989714 0.19895789
v 0.20422947 0.05989714 0.1990613
v 0.20423784 0.05989714 0.19886535
v 0.20474916 0.05989714 0.19918656
v 0.20482048 0.05989714 0.19900819
v 0.20516549 0.05989714 0.19949778
v 0.2053142 0.05989715 0.19936537
v 0.20544815 0.05989714 0.19994887
v 0.20562626 0.05989715 0.19988137
v 0.2054038 0.05989714 0.20098266
v 0.20557549 0.05989714 0.20106506
v 0.20508334 0.05989714 0.20140773
v 0.20522037 0.05989714 0.20155251
v 0.20464187 0.05989714 0.20168197
v 0.20469753 0.05989714 0.20186579
v 0.2034759 0.05989712 0.20104649
v 0.20414081 0.05989714 0.20112636
v 0.20480997 0.05989714 0.20110365
v 0.2035328 0.05989714 0.19972005
v 0.20420211 0.05989714 0.19969737
v 0.204867 0.05989714 0.19977733
v 0.20265626 0.05989712 0.20049363
v 0.20265626 0.06045012 0.20049363
v 0.20266899 0.05989712 0.20020052
v 0.20266899 0.06045012 0.20020052
v 0.20567387 0.06045012 0.20062327
v 0.20548328 0.06055718 0.20061498
v 0.20568655 0.06045013 0.20033007
v 0.20549599 0.06055718 0.20032203
v 0.20568656 0.05989714 0.2003301
v 0.20567387 0.05989714 0.20062327
v 0.20481623 0.06055717 0.20058876
v 0.20540398 0.06055718 0.20061162
v 0.20416504 0.06055717 0.20056134
v 0.20349796 0.06055717 0.20053222
v 0.20292623 0.06055717 0.20050519
v 0.2054166 0.06055718 0.20031845
v 0.20482893 0.06055718 0.20029076
v 0.20417793 0.06055717 0.2002623
v 0.20351083 0.06055717 0.20023414
v 0.20293892 0.06055717 0.20021212
v 0.2028467 0.06055717 0.2005018
v 0.20285932 0.06055717 0.20020863
v 0.2028467 0.05989712 0.2005018
v 0.20285932 0.05989712 0.20020866
v 0.20549599 0.05989714 0.20032203
v 0.20548328 0.05989714 0.20061498
v 0.20346608 0.05989712 0.20053088
v 0.20416504 0.05989714 0.20056134
v 0.20486381 0.05989714 0.20059105
v 0.203479 0.05989712 0.20023277
v 0.20417793 0.05989712 0.20026233
v 0.20487663 0.05989714 0.20029282
v 0.20273567 0.06045012 0.20049694
v 0.2027482 0.06045012 0.20020392
v 0.20559117 0.06045013 0.20032602
v 0.20557864 0.06045013 0.20061907
v 0.20501971 0.06045013 0.20029905
v 0.20500674 0.06045013 0.20059698
v 0.20333592 0.06045012 0.20022672
v 0.20332334 0.06045012 0.20052471
v 0.20417793 0.06043548 0.20026233
v 0.20416504 0.06043547 0.20056134
v 0.20411323 0.05570118 0.20176804
v 0.2035935 0.05570116 0.2016423
v 0.20410527 0.05580821 0.20195013
v 0.20352259 0.05580821 0.2018077
v 0.20316141 0.05570116 0.2013292
v 0.20302882 0.0558082 0.20145234
v 0.2028943 0.05570116 0.20087701
v 0.20273257 0.0558082 0.20093971
v 0.20293895 0.05570118 0.19983878
v 0.20278306 0.05580821 0.19976246
v 0.20324385 0.05570118 0.19941112
v 0.20312207 0.05580821 0.19927716
v 0.20370122 0.05570118 0.19913619
v 0.20364473 0.05580821 0.19896557
v 0.2042296 0.05570118 0.19905573
v 0.20423767 0.05580821 0.19887358
v 0.20474943 0.05570118 0.19918122
v 0.20482014 0.05580821 0.19901588
v 0.20516568 0.05570118 0.19949379
v 0.20531405 0.05580821 0.1993713
v 0.2054483 0.05570118 0.19994667
v 0.20561023 0.05580823 0.19988381
v 0.20540367 0.05570118 0.20098483
v 0.20555971 0.05580821 0.20106133
v 0.20508323 0.05570118 0.20141184
v 0.20522049 0.05580821 0.20154655
v 0.20464174 0.05570118 0.20168742
v 0.20469786 0.05580821 0.20185822
v 0.20461343 0.05570118 0.20160687
v 0.2050381 0.05570118 0.20134931
v 0.20532575 0.05570118 0.20094874
v 0.20476411 0.05570118 0.2010625
v 0.20411688 0.05570118 0.20168262
v 0.20414254 0.05570118 0.20108413
v 0.20362852 0.05570116 0.20156464
v 0.20352517 0.05570116 0.20100912
v 0.20322747 0.05570116 0.20127153
v 0.2029751 0.05570116 0.20084762
v 0.20536769 0.05570118 0.19997611
v 0.20481754 0.05570118 0.1998144
v 0.20420037 0.05570118 0.19973948
v 0.2035788 0.05570118 0.19976124
v 0.20301701 0.05570118 0.19987517
v 0.20511521 0.05570118 0.19955226
v 0.20471425 0.05570118 0.19925898
v 0.20422598 0.05570118 0.19914108
v 0.20372945 0.05570118 0.19921666
v 0.20330466 0.05570118 0.19947436
v 0.20359364 0.05636119 0.20163688
v 0.20411348 0.05636121 0.20176234
v 0.20410502 0.05636119 0.20195826
v 0.20352229 0.05636119 0.20181533
v 0.20317719 0.05636119 0.20132577
v 0.20302838 0.05636119 0.20145839
v 0.20289443 0.05636118 0.20087465
v 0.20271641 0.05636118 0.20094212
v 0.20293888 0.05636119 0.19984111
v 0.20276734 0.05636119 0.19975861
v 0.20325946 0.05636119 0.19941595
v 0.20312255 0.05636121 0.19927111
v 0.20370084 0.05636121 0.19914165
v 0.20364524 0.05636119 0.19895789
v 0.20422947 0.05636121 0.1990613
v 0.20423784 0.05636121 0.19886535
v 0.20474916 0.05636121 0.19918656
v 0.20482048 0.05636119 0.19900819
v 0.20516549 0.05636122 0.19949778
v 0.2053142 0.05636122 0.19936537
v 0.20544815 0.05636121 0.19994887
v 0.20562626 0.05636121 0.19988137
v 0.2054038 0.05636121 0.20098263
v 0.20557551 0.05636119 0.20106506
v 0.20508335 0.05636121 0.2014077
v 0.20522038 0.05636121 0.20155251
v 0.20464187 0.05636119 0.20168197
v 0.20469753 0.05636119 0.20186579
v 0.2034759 0.05636119 0.20104646
v 0.20414081 0.05636121 0.20112636
v 0.20480997 0.05636121 0.20110365
v 0.2035328 0.05636119 0.19972005
v 0.20420211 0.05636119 0.19969737
v 0.204867 0.05636121 0.19977733
v 0.20265626 0.05636118 0.20049363
v 0.20265626 0.0558082 0.20049363
v 0.20266899 0.05636119 0.20020049
v 0.20266899 0.0558082 0.20020052
v 0.20567387 0.05580823 0.20062327
v 0.20548328 0.05570118 0.20061498
v 0.20568655 0.05580823 0.20033007
v 0.20549599 0.05570118 0.20032203
v 0.20568658 0.05636121 0.20033007
v 0.20567387 0.05636119 0.20062327
v 0.20481623 0.05570118 0.20058879
v 0.20540398 0.05570118 0.20061162
v 0.20416504 0.05570118 0.20056134
v 0.20349796 0.05570116 0.20053222
v 0.20292623 0.05570116 0.20050519
v 0.2054166 0.05570118 0.20031848
v 0.20482893 0.05570118 0.20029076
v 0.20417793 0.05570118 0.20026233
v 0.20351083 0.05570118 0.20023414
v 0.20293892 0.05570118 0.20021212
v 0.2028467 0.05570116 0.2005018
v 0.20285932 0.05570118 0.20020866
v 0.2028467 0.05636119 0.20050177
v 0.20285932 0.05636119 0.20020863
v 0.20549601 0.05636121 0.200322
v 0.20548328 0.05636119 0.20061498
v 0.20346608 0.05636118 0.20053088
v 0.20416504 0.05636119 0.20056134
v 0.20486381 0.05636119 0.20059102
v 0.203479 0.05636118 0.20023277
v 0.20417793 0.05636119 0.20026233
v 0.20487663 0.05636121 0.20029282
v 0.20273567 0.0558082 0.20049694
v 0.2027482 0.0558082 0.20020392
v 0.20559117 0.05580823 0.20032602
v 0.20557864 0.05580823 0.20061907
v 0.20501971 0.05580823 0.20029905
v 0.20500674 0.05580821 0.20059698
v 0.20333592 0.05580821 0.20022672
v 0.20332334 0.05580821 0.20052471
v 0.20417793 0.05582284 0.20026233
v 0.20416504 0.05582283 0.20056134
v 0.20866294 0.05834825 0.19304534
v 0.2086609 0.05810783 0.19309356
v 0.20870858 0.0583802 0.19312456
v 0.20870642 0.0581105 0.19317805
v 0.20866277 0.05786775 0.19304701
v 0.20870852 0.05783648 0.1931259
v 0.20866884 0.05766923 0.19291093
v 0.20871524 0.05761417 0.19297042
v 0.20868779 0.05748692 0.19247123
v 0.20873667 0.05740745 0.19247171
v 0.20869784 0.05753098 0.19223472
v 0.2087481 0.05745445 0.19220465
v 0.20870657 0.05766783 0.19203218
v 0.20875822 0.05761143 0.19197416
v 0.20871229 0.05787201 0.19189643
v 0.20876456 0.05784003 0.19182154
v 0.20871438 0.0581123 0.19184827
v 0.20876695 0.05810959 0.19176811
v 0.20871225 0.05834569 0.19189757
v 0.20876473 0.05838362 0.19182005
v 0.20870664 0.05855085 0.19203099
v 0.20875814 0.0586059 0.19197577
v 0.20868782 0.0587331 0.19247061
v 0.20873662 0.05881275 0.19247442
v 0.20867739 0.05868244 0.19270986
v 0.20872519 0.05876565 0.19274148
v 0.20866884 0.05855236 0.19290959
v 0.20871518 0.05860875 0.19297179
v 0.20867002 0.05852493 0.19288167
v 0.20867805 0.05865165 0.19269269
v 0.20868779 0.05869372 0.19247072
v 0.20868095 0.05848223 0.19262644
v 0.20866459 0.05833323 0.19300913
v 0.20867544 0.05822813 0.19275561
v 0.20866258 0.05810754 0.19305443
v 0.20867165 0.05795708 0.19284394
v 0.20866455 0.05788414 0.19301021
v 0.20866994 0.05769717 0.1928831
v 0.20870541 0.05852292 0.19205883
v 0.20870368 0.05826309 0.19209784
v 0.20869983 0.05799204 0.19218611
v 0.20869442 0.0577379 0.19231516
v 0.20868779 0.05752641 0.19247114
v 0.2087108 0.05833607 0.1919316
v 0.20871287 0.05811268 0.19188725
v 0.20871071 0.05788692 0.19193261
v 0.20870529 0.05769516 0.19206002
v 0.2086972 0.05756856 0.19224911
v 0.20896321 0.05810697 0.19310432
v 0.20896545 0.05834727 0.19305592
v 0.20896188 0.05838163 0.19313889
v 0.20895944 0.05811181 0.19319215
v 0.20896546 0.0578738 0.19305551
v 0.20896188 0.05783751 0.19313931
v 0.20897118 0.05766882 0.19292286
v 0.20896853 0.05760796 0.19298538
v 0.20898996 0.0574873 0.19248518
v 0.20898999 0.0574001 0.19248399
v 0.20900012 0.05753839 0.1922467
v 0.20900166 0.05745354 0.19221308
v 0.20900876 0.05766876 0.19204744
v 0.20901148 0.0576101 0.19198179
v 0.2090145 0.05787295 0.19191199
v 0.20901812 0.0578386 0.19182884
v 0.20901653 0.05811321 0.19186347
v 0.20902046 0.05810827 0.19177559
v 0.2090145 0.05834639 0.19191229
v 0.20901811 0.0583827 0.19182857
v 0.20900888 0.05855119 0.19204482
v 0.20901145 0.05861215 0.19198244
v 0.20899008 0.05873268 0.19248268
v 0.20898999 0.05882 0.19248375
v 0.20897978 0.05868178 0.19272109
v 0.20897829 0.05876666 0.19275471
v 0.20897126 0.05855137 0.19292029
v 0.2089685 0.05861009 0.19298601
v 0.20897293 0.05794376 0.19288176
v 0.20897688 0.0582356 0.1927866
v 0.20898301 0.05850927 0.19264775
v 0.20899696 0.05771087 0.19231993
v 0.209003 0.05798457 0.19218131
v 0.20900698 0.05827647 0.19208595
v 0.20897601 0.05749617 0.19281059
v 0.20872263 0.05749617 0.19279971
v 0.20898121 0.05744472 0.19268652
v 0.2087281 0.05744472 0.19267562
v 0.20874533 0.05877547 0.19227036
v 0.20869499 0.05869469 0.19230178
v 0.20875085 0.05872388 0.19214624
v 0.20870019 0.05864317 0.19217768
v 0.20900397 0.05872388 0.19215709
v 0.20899872 0.05877547 0.19228121
v 0.2086898 0.05841225 0.19241979
v 0.20869438 0.05866099 0.19231557
v 0.20868496 0.05813631 0.19253411
v 0.20867997 0.05785349 0.19265112
v 0.20867569 0.05761061 0.19275033
v 0.20869958 0.0586095 0.19219145
v 0.20869539 0.05835995 0.19229355
v 0.20869052 0.05808389 0.1924076
v 0.20868524 0.05780115 0.19252485
v 0.20868094 0.05755916 0.19262623
v 0.20867516 0.05757689 0.19276425
v 0.20868037 0.05752551 0.19264015
v 0.20897729 0.05757689 0.19277718
v 0.20898278 0.05752551 0.19265303
v 0.20900254 0.05864317 0.19219064
v 0.20899726 0.05869469 0.19231465
v 0.20898191 0.05784001 0.19266971
v 0.20898732 0.05813631 0.19254726
v 0.20899251 0.05843246 0.19242435
v 0.20898744 0.05778768 0.19254347
v 0.2089926 0.05808389 0.19242051
v 0.20899806 0.05838015 0.19229826
v 0.20872317 0.05752974 0.19278603
v 0.20872864 0.05747833 0.19266179
v 0.20874996 0.0586836 0.19216308
v 0.20874458 0.05873504 0.19228717
v 0.20874562 0.05844077 0.19226223
v 0.20874036 0.05849301 0.1923885
v 0.20873297 0.05772703 0.19255763
v 0.20872753 0.05777938 0.19268369
v 0.20874616 0.05808389 0.19240993
v 0.20874053 0.05813631 0.1925365
v 0.20860567 0.05873243 0.19495484
v 0.20859529 0.05868506 0.19519516
v 0.20865462 0.05881588 0.19495704
v 0.20864309 0.05876216 0.19522652
v 0.20858657 0.05855014 0.19539907
v 0.20863305 0.05860912 0.19545942
v 0.20858095 0.05834823 0.19553005
v 0.20862697 0.05838015 0.19560489
v 0.20858095 0.05787196 0.19553005
v 0.20862697 0.05783996 0.19560489
v 0.20858657 0.05767005 0.19539904
v 0.20863306 0.057611 0.19545942
v 0.20859529 0.05753508 0.19519516
v 0.20864309 0.05745802 0.19522652
v 0.20860567 0.05748774 0.19495484
v 0.20865462 0.05740425 0.19495704
v 0.20861615 0.05753508 0.19471451
v 0.20866625 0.05745802 0.19468757
v 0.2086244 0.05767005 0.19451805
v 0.20867636 0.057611 0.19445455
v 0.20863044 0.05787196 0.19437959
v 0.20868249 0.05783996 0.1943089
v 0.20863044 0.05834823 0.19437959
v 0.20868249 0.05838015 0.1943089
v 0.2086244 0.05855014 0.19451805
v 0.20867636 0.05860912 0.19445455
v 0.20861616 0.05868506 0.19471451
v 0.20866625 0.05876216 0.19468757
v 0.20861552 0.05864872 0.19472906
v 0.20862361 0.05852241 0.19453987
v 0.20862883 0.05833323 0.1944161
v 0.20861776 0.05839642 0.19467088
v 0.20860567 0.05869318 0.19495484
v 0.20860567 0.05841866 0.19495484
v 0.20859602 0.05864872 0.19518059
v 0.20859359 0.05839642 0.19523888
v 0.20858785 0.05852241 0.19536989
v 0.20858262 0.05833323 0.19549369
v 0.20862883 0.05788688 0.1944161
v 0.20861776 0.05782374 0.19467088
v 0.20860567 0.05780161 0.19495484
v 0.20859359 0.05782374 0.19523888
v 0.20858262 0.05788688 0.19549369
v 0.20862361 0.05769781 0.19453987
v 0.20861552 0.05757135 0.19472906
v 0.20860567 0.05752697 0.19495484
v 0.20859602 0.05757135 0.19518059
v 0.20858785 0.05769781 0.19536989
v 0.20889776 0.05868254 0.19520822
v 0.20890812 0.05872967 0.19496789
v 0.20890812 0.05881963 0.19496789
v 0.20889653 0.05876565 0.19523736
v 0.20888936 0.05854825 0.19540467
v 0.20888645 0.05861182 0.19547033
v 0.20888316 0.05834719 0.19554311
v 0.20887981 0.05838163 0.19562321
v 0.20888316 0.05787293 0.19554311
v 0.20887982 0.05783854 0.19562321
v 0.20888935 0.05767191 0.19540467
v 0.20888644 0.0576083 0.1954703
v 0.20889776 0.05753754 0.19520822
v 0.20889653 0.05745445 0.19523736
v 0.20890812 0.05749039 0.19496786
v 0.20890812 0.05740043 0.19496786
v 0.20891824 0.05753754 0.1947276
v 0.20891964 0.05745445 0.19469845
v 0.20892685 0.05767191 0.19453096
v 0.20892964 0.0576083 0.19446551
v 0.20893266 0.05787293 0.19439259
v 0.20893612 0.05783854 0.19431254
v 0.20893266 0.05834719 0.19439259
v 0.20893612 0.05838163 0.19431254
v 0.20892685 0.05854825 0.19453096
v 0.20892964 0.05861184 0.19446551
v 0.20891824 0.05868254 0.1947276
v 0.20891964 0.05876566 0.19469845
v 0.20889481 0.05841432 0.19527357
v 0.20890812 0.05843794 0.19496789
v 0.20892112 0.05841432 0.194662
v 0.20889481 0.05780573 0.19527357
v 0.20890812 0.0577822 0.19496789
v 0.20892112 0.05780573 0.194662
v 0.20887844 0.05817727 0.19565954
v 0.20862498 0.05817727 0.19564861
v 0.20887844 0.05804286 0.19565954
v 0.20862498 0.05804286 0.19564861
v 0.20868437 0.05817726 0.19426542
v 0.2086316 0.05817727 0.19435051
v 0.20868437 0.05804286 0.19426542
v 0.2086316 0.05804283 0.19435051
v 0.20893789 0.05804286 0.1942763
v 0.20893789 0.05817726 0.1942763
v 0.20861852 0.05817845 0.1946564
v 0.20863018 0.05817727 0.19438698
v 0.20860567 0.05817864 0.19495484
v 0.20859254 0.05817845 0.19526067
v 0.2085814 0.05817727 0.19552281
v 0.20863018 0.05804286 0.19438698
v 0.20861852 0.0580417 0.1946564
v 0.20860567 0.05804152 0.19495484
v 0.20859254 0.0580417 0.19526067
v 0.2085814 0.05804286 0.19552281
v 0.20857976 0.05817727 0.19555911
v 0.20857976 0.05804283 0.19555911
v 0.20888212 0.05817727 0.19557222
v 0.20888212 0.05804283 0.19557222
v 0.20893399 0.05804283 0.19436362
v 0.20893399 0.05817727 0.19436362
v 0.20889434 0.05817845 0.19528818
v 0.20890812 0.05817864 0.19496789
v 0.20892174 0.05817845 0.1946474
v 0.20889434 0.0580417 0.19528818
v 0.20890812 0.05804152 0.19496789
v 0.20892173 0.0580417 0.19464737
v 0.20862664 0.05817727 0.19561228
v 0.20862664 0.05804288 0.19561228
v 0.20868249 0.05804288 0.1943089
v 0.20868249 0.05817727 0.1943089
v 0.20867143 0.05804172 0.19457101
v 0.20867143 0.05817845 0.19457101
v 0.2086382 0.05804172 0.19534292
v 0.2086382 0.05817845 0.19534292
v 0.20866146 0.05804152 0.19495722
v 0.20866146 0.05817864 0.19495722
v 0.20426705 0.05853413 0.19682696
v 0.20292162 0.05853413 0.19703492
v 0.20175798 0.05853413 0.19774207
v 0.20095385 0.05853413 0.19884049
v 0.20063114 0.05853413 0.20016327
v 0.20083913 0.05853413 0.20150855
v 0.20099806 0.05853413 0.20384621
v 0.20255748 0.05853413 0.2039316
v 0.20395959 0.05853413 0.20398071
v 0.20532074 0.05853413 0.20403796
v 0.20685175 0.05853413 0.20411089
v 0.20728062 0.05853413 0.20178538
v 0.20760324 0.05853413 0.20046272
v 0.20739534 0.05853413 0.19911715
v 0.2066881 0.05853413 0.19795379
v 0.20558968 0.05853413 0.19714972
v 0.20418022 0.05853413 0.19884586
v 0.20361401 0.05853413 0.19893333
v 0.20312441 0.05853413 0.19923088
v 0.20278589 0.05853413 0.19969323
v 0.20265013 0.05853413 0.20024991
v 0.20273771 0.05853413 0.20081618
v 0.20303519 0.05853413 0.20130574
v 0.2034976 0.05853413 0.2016443
v 0.20405419 0.05853413 0.20178005
v 0.20462045 0.05853413 0.20169246
v 0.20511019 0.05853413 0.20139497
v 0.20544856 0.05853413 0.20093271
v 0.20558434 0.05853413 0.20037597
v 0.20549686 0.05853413 0.19980981
v 0.20519931 0.05853413 0.19932007
v 0.20473702 0.05853413 0.1989817
v 0.20326748 0.05853413 0.1979835
v 0.20422366 0.05853413 0.19783571
v 0.20244078 0.05853413 0.198486
v 0.20186924 0.05853413 0.19926661
v 0.20163984 0.05853413 0.20020651
v 0.20178785 0.05853413 0.20116263
v 0.20201601 0.05853413 0.20257687
v 0.20302704 0.05853413 0.20278865
v 0.20400683 0.05853413 0.2028813
v 0.20497089 0.05853413 0.20286616
v 0.20598146 0.05853413 0.20275399
v 0.20636512 0.05853413 0.20135933
v 0.20659448 0.05853413 0.20041945
v 0.20644672 0.05853413 0.19946324
v 0.20594418 0.05853413 0.1986365
v 0.20516355 0.05853413 0.19806501
v 0.20422366 0.05917376 0.19783571
v 0.20326748 0.05917376 0.1979835
v 0.20361401 0.05917376 0.19893333
v 0.20418022 0.05917376 0.19884583
v 0.20244078 0.05917376 0.198486
v 0.20312441 0.05917376 0.19923088
v 0.20186924 0.05917376 0.19926664
v 0.20278589 0.05917376 0.19969323
v 0.20163984 0.05917376 0.20020651
v 0.20265013 0.05917376 0.20024991
v 0.20178785 0.05917376 0.20116266
v 0.20273771 0.05917376 0.20081618
v 0.20201601 0.05917376 0.20257687
v 0.20303519 0.05917376 0.20130574
v 0.20302704 0.05917376 0.20278865
v 0.2034976 0.05917376 0.2016443
v 0.20400683 0.05917376 0.2028813
v 0.20405419 0.05917376 0.20178005
v 0.20497089 0.05917376 0.20286616
v 0.20462045 0.05917376 0.20169246
v 0.20598146 0.05917376 0.20275399
v 0.20511019 0.05917376 0.20139497
v 0.20636512 0.05917376 0.20135933
v 0.20544856 0.05917376 0.20093271
v 0.20659448 0.05917376 0.20041945
v 0.20558434 0.05917376 0.20037597
v 0.20644672 0.05917376 0.19946324
v 0.20549686 0.05917376 0.19980981
v 0.20594418 0.05917376 0.1986365
v 0.20519931 0.05917376 0.19932007
v 0.20516355 0.05917376 0.19806501
v 0.20473702 0.05917376 0.1989817
v 0.20426705 0.05917376 0.19682696
v 0.20292162 0.05917376 0.19703492
v 0.20175798 0.05917376 0.19774207
v 0.20095385 0.05917376 0.19884049
v 0.20063114 0.05917376 0.20016327
v 0.20083913 0.05917376 0.20150855
v 0.20099806 0.05917376 0.20384621
v 0.20255748 0.05917376 0.2039316
v 0.20395959 0.05917376 0.20398071
v 0.20532074 0.05917376 0.20403796
v 0.20685175 0.05917376 0.20411089
v 0.20728062 0.05917376 0.20178538
v 0.20760324 0.05917376 0.20046272
v 0.20739534 0.05917376 0.19911715
v 0.2066881 0.05917376 0.19795379
v 0.20558968 0.05917376 0.19714972
v 0.20426705 0.05707563 0.19682696
v 0.20292162 0.05707563 0.19703492
v 0.20175798 0.05707563 0.19774207
v 0.20095385 0.05707563 0.19884049
v 0.20063114 0.05707563 0.20016327
v 0.20083913 0.05707563 0.20150855
v 0.20099806 0.05707562 0.20384618
v 0.20255748 0.05707563 0.20393157
v 0.20395959 0.05707563 0.20398071
v 0.20532074 0.05707563 0.20403796
v 0.20685176 0.05707563 0.20411083
v 0.20728062 0.05707563 0.20178538
v 0.20760324 0.05707563 0.20046272
v 0.20739534 0.05707563 0.19911715
v 0.2066881 0.05707563 0.19795379
v 0.20558968 0.05707563 0.19714972
v 0.20418022 0.05707563 0.19884586
v 0.20361401 0.05707563 0.19893333
v 0.20312441 0.05707563 0.19923088
v 0.20278589 0.05707563 0.19969323
v 0.20265013 0.05707563 0.20024991
v 0.20273771 0.05707563 0.20081618
v 0.20303519 0.05707563 0.20130571
v 0.2034976 0.05707564 0.2016443
v 0.20405419 0.05707563 0.20178005
v 0.20462045 0.05707563 0.20169246
v 0.20511019 0.05707564 0.20139497
v 0.20544856 0.05707563 0.20093271
v 0.20558434 0.05707563 0.20037597
v 0.20549686 0.05707563 0.19980979
v 0.20519931 0.05707563 0.19932007
v 0.20473702 0.05707563 0.1989817
v 0.20326748 0.05707563 0.1979835
v 0.20422366 0.05707563 0.19783571
v 0.20244078 0.05707563 0.198486
v 0.20186924 0.05707562 0.19926661
v 0.20163984 0.05707563 0.20020651
v 0.20178785 0.05707563 0.20116263
v 0.20201601 0.05707563 0.20257687
v 0.20302704 0.05707563 0.20278865
v 0.20400683 0.05707563 0.2028813
v 0.20497089 0.05707563 0.20286616
v 0.20598147 0.05707563 0.20275396
v 0.20636513 0.05707563 0.20135933
v 0.20659448 0.05707564 0.20041945
v 0.20644672 0.05707562 0.19946321
v 0.20594418 0.05707563 0.1986365
v 0.20516355 0.05707563 0.19806501
v 0.20422366 0.05771528 0.19783571
v 0.20326748 0.05771528 0.1979835
v 0.20361401 0.05771528 0.19893333
v 0.20418022 0.05771528 0.19884583
v 0.20244078 0.05771528 0.198486
v 0.20312441 0.05771528 0.19923088
v 0.20186924 0.05771528 0.19926661
v 0.20278589 0.05771528 0.19969323
v 0.20163984 0.05771528 0.20020651
v 0.20265013 0.05771528 0.20024991
v 0.20178785 0.05771528 0.20116263
v 0.20273771 0.05771528 0.20081618
v 0.20201601 0.05771528 0.20257687
v 0.20303519 0.05771528 0.20130574
v 0.20302704 0.05771528 0.20278865
v 0.2034976 0.05771528 0.2016443
v 0.20400683 0.05771528 0.2028813
v 0.20405419 0.05771528 0.20178005
v 0.20497089 0.05771528 0.20286616
v 0.20462045 0.05771528 0.20169246
v 0.20598146 0.05771528 0.20275399
v 0.20511019 0.05771528 0.20139497
v 0.20636513 0.05771528 0.20135933
v 0.20544856 0.05771528 0.20093271
v 0.20659448 0.05771528 0.20041945
v 0.20558434 0.05771528 0.20037597
v 0.20644672 0.05771528 0.19946321
v 0.20549686 0.05771528 0.19980979
v 0.20594418 0.05771528 0.1986365
v 0.20519931 0.05771528 0.19932007
v 0.20516355 0.05771528 0.19806501
v 0.20473702 0.05771528 0.1989817
v 0.20426705 0.05771528 0.19682696
v 0.20292162 0.05771528 0.19703492
v 0.20175798 0.05771528 0.19774207
v 0.20095385 0.05771528 0.19884049
v 0.20063114 0.05771528 0.20016327
v 0.20083913 0.05771528 0.20150855
v 0.20099806 0.05771528 0.20384621
v 0.20255748 0.05771528 0.2039316
v 0.20395959 0.05771528 0.20398071
v 0.20532074 0.05771528 0.20403796
v 0.20685176 0.05771528 0.20411086
v 0.20728062 0.05771528 0.20178538
v 0.20760324 0.05771528 0.20046272
v 0.20739534 0.05771528 0.19911715
v 0.2066881 0.05771528 0.19795379
v 0.20558968 0.05771528 0.19714972
v 0.20239014 0.05917376 0.20713263
v 0.20084099 0.05917376 0.20739731
v 0.20084099 0.05853413 0.20739734
v 0.20239014 0.05853413 0.20713263
v 0.20377486 0.05917376 0.20686829
v 0.20377486 0.05853413 0.20686829
v 0.20510852 0.05917376 0.20662319
v 0.20510852 0.05853413 0.20662319
v 0.20661458 0.05917376 0.20635494
v 0.20661459 0.05853413 0.20635494
v 0.20239014 0.05771528 0.20713263
v 0.20084099 0.05771528 0.20739731
v 0.20084099 0.05707562 0.20739728
v 0.20239014 0.05707563 0.20713263
v 0.20377486 0.05771528 0.20686829
v 0.20377486 0.05707563 0.20686829
v 0.20510852 0.05771528 0.20662319
v 0.20510852 0.05707562 0.20662319
v 0.20661459 0.05771528 0.20635494
v 0.20661459 0.05707562 0.20635494
v 0.19943796 0.05700147 0.20828732
v 0.19943796 0.05807861 0.20828732
v 0.19943796 0.05915577 0.20828732
v 0.200658 0.05592428 0.2080641
v 0.200658 0.05700147 0.2080641
v 0.200658 0.05807861 0.2080641
v 0.200658 0.05915577 0.2080641
v 0.200658 0.06023298 0.2080641
v 0.20187808 0.05592428 0.20784109
v 0.20187808 0.05700147 0.20784109
v 0.20187808 0.05807861 0.20784109
v 0.20187808 0.05915577 0.20784109
v 0.20187808 0.06023298 0.20784109
v 0.20274475 0.05592426 0.20768261
v 0.20274475 0.05700147 0.20768261
v 0.20274475 0.05807861 0.20768261
v 0.20274475 0.05915577 0.20768261
v 0.20274475 0.06023298 0.20768261
v 0.20396477 0.05592428 0.20745939
v 0.20396477 0.05700147 0.20745939
v 0.20396477 0.05807861 0.20745939
v 0.20396477 0.05915577 0.20745939
v 0.20396477 0.06023298 0.20745939
v 0.20518487 0.05592428 0.20723632
v 0.20518487 0.05700147 0.20723632
v 0.20518487 0.05807861 0.20723632
v 0.20518487 0.05915577 0.20723632
v 0.20518487 0.06023298 0.20723632
v 0.20640485 0.05592428 0.20701316
v 0.20640485 0.05700147 0.20701316
v 0.20640485 0.05807861 0.20701316
v 0.20640485 0.05915577 0.20701316
v 0.20640485 0.06023298 0.20701316
v 0.207625 0.05592428 0.20679009
v 0.207625 0.05700147 0.20679009
v 0.207625 0.05807861 0.20679009
v 0.207625 0.05915577 0.20679009
v 0.207625 0.06023298 0.20679009
v 0.20884501 0.05700147 0.20656681
v 0.20884501 0.05807861 0.20656684
v 0.20884501 0.05915577 0.20656687
v 0.20054206 0.05592428 0.2074297
v 0.19932192 0.05700147 0.20765304
v 0.20054206 0.05700147 0.20742973
v 0.19932194 0.05807861 0.20765304
v 0.20054206 0.05807861 0.20742973
v 0.19932194 0.05915577 0.20765304
v 0.20054207 0.05915577 0.20742973
v 0.20054207 0.06023298 0.20742973
v 0.20176199 0.05592426 0.20720681
v 0.20176199 0.05700147 0.20720681
v 0.20176197 0.05807861 0.20720681
v 0.20176197 0.05915577 0.20720681
v 0.20176197 0.06023298 0.20720681
v 0.20262876 0.05592426 0.20704832
v 0.20262876 0.05700147 0.20704832
v 0.20262876 0.05807861 0.20704832
v 0.20262876 0.05915577 0.20704832
v 0.20262876 0.06023298 0.20704832
v 0.20384889 0.05592426 0.2068251
v 0.20384891 0.05700147 0.20682507
v 0.20384891 0.05807861 0.20682507
v 0.20384891 0.05915577 0.20682507
v 0.20384891 0.06023298 0.20682507
v 0.20506884 0.05592428 0.20660212
v 0.20506884 0.05700147 0.20660212
v 0.20506884 0.05807861 0.20660212
v 0.20506884 0.05915577 0.20660212
v 0.20506884 0.06023298 0.20660212
v 0.20628897 0.05592428 0.2063789
v 0.20628897 0.05700147 0.2063789
v 0.20628897 0.05807861 0.2063789
v 0.20628897 0.05915577 0.2063789
v 0.20628897 0.06023299 0.2063789
v 0.20750898 0.05592426 0.2061558
v 0.20750898 0.05700147 0.2061558
v 0.20750898 0.05807861 0.2061558
v 0.20750899 0.05915577 0.2061558
v 0.20750899 0.06023298 0.2061558
v 0.20858649 0.05700147 0.20588943
v 0.20858649 0.05807861 0.20588943
v 0.20858649 0.05915577 0.20588943
v 0.20831601 0.06023298 0.20666366
v 0.20819994 0.06023299 0.20602938
v 0.20831599 0.05915577 0.2066636
v 0.20819994 0.05700147 0.20602935
v 0.20819994 0.05807861 0.20602938
v 0.20831599 0.05807861 0.2066636
v 0.20831601 0.05700147 0.2066636
v 0.20831601 0.05592428 0.2066636
v 0.20819994 0.05915577 0.20602938
v 0.20819994 0.05592428 0.20602935
v 0.20049569 0.05852823 0.20721054
v 0.20031425 0.05861131 0.20724365
v 0.20054206 0.05858436 0.20724314
v 0.2003387 0.05867703 0.2072803
v 0.20011605 0.05861814 0.2072798
v 0.20011259 0.0586857 0.2073217
v 0.19993437 0.05854515 0.207313
v 0.19990859 0.05860136 0.20735886
v 0.19971074 0.05822502 0.20735386
v 0.1996548 0.05823835 0.20740535
v 0.19970256 0.05802665 0.20735541
v 0.19964355 0.05801482 0.20740726
v 0.19977405 0.05783858 0.20734235
v 0.19972591 0.05780059 0.20739212
v 0.19991086 0.05769179 0.20731729
v 0.19987878 0.05763575 0.20736444
v 0.20009192 0.05760876 0.20728415
v 0.20008246 0.05754302 0.20732709
v 0.2002855 0.0576055 0.20724877
v 0.20030847 0.05753448 0.20728573
v 0.20047186 0.05767494 0.20721465
v 0.20051227 0.05761869 0.20724839
v 0.20069555 0.05799509 0.20717376
v 0.20076626 0.05798181 0.20720207
v 0.20069913 0.05819693 0.20717322
v 0.20077744 0.0582052 0.2071999
v 0.20063224 0.05838161 0.20718541
v 0.20069521 0.05841946 0.20721501
v 0.20060558 0.05836419 0.2071903
v 0.2006715 0.05818876 0.20717814
v 0.20066462 0.05800248 0.20717954
v 0.2005257 0.05816675 0.20720487
v 0.20047727 0.05850184 0.20721375
v 0.20034818 0.05831736 0.20723736
v 0.2003069 0.05858002 0.20724484
v 0.20014986 0.05843821 0.20727375
v 0.20012228 0.05858561 0.2072786
v 0.1999515 0.05851765 0.20730999
v 0.20045493 0.05770251 0.2072179
v 0.20025651 0.05778187 0.20725417
v 0.20005819 0.05790275 0.20729035
v 0.19988083 0.05805335 0.20732298
v 0.1997419 0.05821768 0.20734834
v 0.20028413 0.05763457 0.20724907
v 0.20009942 0.0576401 0.20728278
v 0.19992934 0.05771814 0.20731404
v 0.19980081 0.05785599 0.20733749
v 0.19973479 0.05803133 0.20734953
v 0.200358 0.05860972 0.2074891
v 0.20053909 0.05852644 0.20745593
v 0.20058146 0.05858691 0.20744824
v 0.20037779 0.05867946 0.20748555
v 0.20016488 0.05861346 0.20752453
v 0.20015136 0.05868749 0.20752692
v 0.19997873 0.05854448 0.20755851
v 0.19994197 0.0586059 0.20756527
v 0.19975605 0.0582257 0.20759919
v 0.19968672 0.05824086 0.207612
v 0.19975316 0.05802448 0.20759984
v 0.19967985 0.05801306 0.20761314
v 0.19982008 0.05784016 0.20758745
v 0.19976176 0.05779822 0.2075982
v 0.19995684 0.0576936 0.20756259
v 0.19991472 0.05763313 0.20757037
v 0.20013806 0.05761039 0.20752945
v 0.20011825 0.05754073 0.20753303
v 0.2003313 0.05760668 0.20749402
v 0.20034472 0.05753271 0.20749169
v 0.20051728 0.05767571 0.20746016
v 0.20055401 0.0576142 0.20745328
v 0.20074012 0.05799444 0.2074193
v 0.20080918 0.05797927 0.20740658
v 0.20074313 0.05819571 0.20741879
v 0.20081624 0.05820706 0.20740541
v 0.20067611 0.05837987 0.20743104
v 0.20073424 0.05842185 0.20742043
v 0.20018872 0.05846074 0.20752003
v 0.2004022 0.05833044 0.20748099
v 0.20059351 0.05816833 0.20744615
v 0.19990274 0.05805172 0.20757237
v 0.20009407 0.05788977 0.20753741
v 0.20030751 0.05775933 0.20749846
v 0.19982188 0.05848594 0.20758718
v 0.1997843 0.05848594 0.20738166
v 0.19975875 0.05839553 0.20759871
v 0.19972102 0.05839552 0.20739314
v 0.20069964 0.05782455 0.20721426
v 0.20063465 0.05786629 0.20718491
v 0.20063652 0.0577341 0.2072258
v 0.20057149 0.05777591 0.2071965
v 0.20067405 0.0577341 0.20743149
v 0.20073729 0.05782455 0.20741987
v 0.20043279 0.0580133 0.20722186
v 0.20061062 0.05788375 0.20718938
v 0.20023551 0.05815616 0.20725798
v 0.20003309 0.05830225 0.20729491
v 0.19985894 0.05842672 0.20732688
v 0.20054723 0.0577933 0.20720085
v 0.2003687 0.05792139 0.20723357
v 0.20017087 0.05806398 0.20726981
v 0.19996866 0.05821035 0.20730674
v 0.19979572 0.0583364 0.20733839
v 0.19983497 0.05844418 0.20733121
v 0.19977179 0.05835376 0.20734274
v 0.19987981 0.05844418 0.20757651
v 0.19981664 0.05835376 0.20758813
v 0.20061637 0.05777593 0.20744195
v 0.20067958 0.05786629 0.20743045
v 0.20006831 0.05830915 0.20754212
v 0.20028024 0.05815617 0.20750346
v 0.20049224 0.05800283 0.20746469
v 0.20000396 0.05821719 0.20755389
v 0.20021586 0.05806398 0.20751509
v 0.20042802 0.05791094 0.20747649
v 0.19980844 0.05846858 0.2073771
v 0.19974537 0.05837814 0.20738866
v 0.20060767 0.05775502 0.20723092
v 0.20067091 0.05784542 0.20721942
v 0.20043364 0.05787965 0.20726293
v 0.20049782 0.05797144 0.20725116
v 0.19992303 0.05824856 0.20735633
v 0.19998718 0.05834046 0.20734456
v 0.20017914 0.05806398 0.20731502
v 0.2002438 0.05815617 0.20730325
v 0.20793403 0.05815826 0.20585024
v 0.20787735 0.05835206 0.20586037
v 0.20800858 0.05816483 0.20587766
v 0.20794466 0.05838196 0.20588928
v 0.20775297 0.05850912 0.2058832
v 0.20780329 0.05856156 0.20591521
v 0.20757997 0.05860121 0.20591485
v 0.20760743 0.05866335 0.20595103
v 0.20719532 0.05856417 0.20598527
v 0.20717127 0.05862151 0.20603078
v 0.20704238 0.05844079 0.2060132
v 0.20699748 0.05848409 0.20606243
v 0.20694892 0.05826292 0.20603033
v 0.20689156 0.05828079 0.2060818
v 0.20692911 0.05806183 0.20603391
v 0.206869 0.05805526 0.20608604
v 0.20698559 0.057868 0.20602357
v 0.20693297 0.0578382 0.20607429
v 0.20710954 0.05771704 0.20600092
v 0.20707404 0.05765859 0.20604839
v 0.2072831 0.05761906 0.20596909
v 0.20727008 0.05755665 0.20601269
v 0.20766772 0.05765597 0.20589891
v 0.20770642 0.05759862 0.20593297
v 0.20782026 0.05778521 0.20587086
v 0.20788019 0.05773593 0.20590105
v 0.20791415 0.05795726 0.20585387
v 0.20798589 0.05793929 0.20588177
v 0.20788374 0.05796639 0.2058593
v 0.207796 0.05780108 0.20587524
v 0.20765274 0.05768474 0.2059015
v 0.20768444 0.05789901 0.20589575
v 0.2079024 0.05815525 0.20585581
v 0.20768076 0.05813393 0.20589649
v 0.20784923 0.05833727 0.20586565
v 0.20764091 0.05836558 0.20590373
v 0.20773279 0.058483 0.20588687
v 0.20757053 0.05856999 0.20591658
v 0.20729239 0.05765004 0.20596742
v 0.20722198 0.05785454 0.20598024
v 0.20718248 0.05808617 0.20598757
v 0.20717865 0.05832114 0.20598813
v 0.20721013 0.05853547 0.20598247
v 0.20713031 0.05773709 0.20599716
v 0.20701363 0.0578828 0.20601844
v 0.20696078 0.05806478 0.20602807
v 0.2069794 0.05825375 0.20602458
v 0.20706692 0.05841912 0.20600876
v 0.20792025 0.05835183 0.20610618
v 0.20797686 0.05815812 0.20609584
v 0.20804944 0.05816508 0.20608255
v 0.20798523 0.05838224 0.20609435
v 0.20779691 0.058503 0.20612886
v 0.20784321 0.05856181 0.20612031
v 0.20762404 0.05860115 0.20616039
v 0.20764558 0.05866949 0.20615643
v 0.2072409 0.05856427 0.20623049
v 0.20720709 0.0586275 0.20623654
v 0.2070892 0.05843497 0.20625814
v 0.20703277 0.05848397 0.20626848
v 0.20699577 0.0582631 0.20627534
v 0.20692652 0.05828057 0.20628795
v 0.20697607 0.058062 0.20627892
v 0.20690342 0.05805502 0.20629209
v 0.20703239 0.05786828 0.20626848
v 0.20696769 0.05783785 0.20628038
v 0.20715598 0.05771717 0.20624586
v 0.20710954 0.05765838 0.20625439
v 0.2073289 0.05761912 0.20621439
v 0.20730705 0.05755057 0.20621842
v 0.20771183 0.05765587 0.20614436
v 0.20774559 0.05759273 0.20613807
v 0.20786351 0.05778512 0.2061167
v 0.20791989 0.05773614 0.2061063
v 0.20795705 0.05795705 0.20609957
v 0.20802637 0.05793951 0.20608693
v 0.20769879 0.05838494 0.20614677
v 0.20774115 0.05813552 0.20613905
v 0.20774559 0.05788235 0.20613813
v 0.20720739 0.05833774 0.20623651
v 0.2072117 0.0580846 0.20623573
v 0.20725397 0.05783522 0.20622804
v 0.20747792 0.0586836 0.20618706
v 0.2074404 0.0586836 0.20598164
v 0.20736932 0.05867311 0.206207
v 0.20733171 0.05867311 0.20600143
v 0.20754593 0.05754701 0.20596209
v 0.20753186 0.05761872 0.20592352
v 0.20743739 0.05753657 0.20598214
v 0.20742331 0.0576083 0.20594343
v 0.207475 0.05753657 0.20618778
v 0.2075836 0.05754701 0.20616784
v 0.2075095 0.05787013 0.20592773
v 0.20752912 0.0576487 0.20592409
v 0.20748683 0.0581153 0.20593181
v 0.20746338 0.05836661 0.20593613
v 0.20744247 0.05858191 0.20594
v 0.20742057 0.05763828 0.20594397
v 0.20739916 0.05785951 0.20594796
v 0.20737612 0.05810469 0.20595216
v 0.20735301 0.05835598 0.20595639
v 0.20733384 0.05857142 0.20595991
v 0.20743961 0.05861181 0.20594051
v 0.20733101 0.05860135 0.20596045
v 0.2074846 0.05861182 0.2061859
v 0.20737578 0.05860135 0.20620569
v 0.20746816 0.0576083 0.20618891
v 0.20757676 0.05761872 0.20616892
v 0.2075071 0.05837854 0.20618185
v 0.20753173 0.0581153 0.20617732
v 0.20755603 0.05785222 0.20617282
v 0.2073967 0.05836799 0.20620197
v 0.2074209 0.05810469 0.20619741
v 0.2074455 0.05784151 0.20619306
v 0.20744308 0.05865377 0.20598086
v 0.20733434 0.05864325 0.20600089
v 0.20743399 0.05757246 0.20598277
v 0.20754267 0.05758284 0.20596286
v 0.20741294 0.05778774 0.20598655
v 0.20752349 0.05779828 0.20596641
v 0.20735415 0.05842183 0.20599734
v 0.2074645 0.05843238 0.20597711
v 0.20738446 0.05810469 0.20599734
v 0.20749519 0.05811531 0.20597708
v 0.2006834 0.04615939 0.20026195
v 0.2010061 0.04615939 0.19893926
v 0.20181046 0.04615939 0.19784066
v 0.20297376 0.04615939 0.19713369
v 0.20431911 0.04615939 0.19692564
v 0.20564179 0.04615939 0.19724836
v 0.20795704 0.04615939 0.19760721
v 0.2079083 0.04615939 0.19916796
v 0.20783717 0.04615939 0.20056939
v 0.2077773 0.04615939 0.20193028
v 0.20771895 0.04615939 0.20346188
v 0.20536516 0.04615939 0.20368963
v 0.20401966 0.04615939 0.2038978
v 0.20269689 0.04615939 0.20357522
v 0.20159842 0.04615939 0.20277077
v 0.20089142 0.04615939 0.20160728
v 0.20270237 0.04615939 0.20034861
v 0.20283813 0.04615939 0.19979202
v 0.20317666 0.04615939 0.19932979
v 0.20366619 0.04615939 0.19903206
v 0.20423235 0.04615939 0.19894444
v 0.20478925 0.04615939 0.19908034
v 0.20525144 0.04615939 0.19941869
v 0.20554909 0.04615939 0.19990858
v 0.2056365 0.04615939 0.20047488
v 0.20550072 0.04615939 0.20103147
v 0.20516231 0.04615939 0.20149374
v 0.20467248 0.04615939 0.20179125
v 0.20410637 0.04615939 0.20187896
v 0.20354968 0.04615939 0.20174309
v 0.20308737 0.04615939 0.20140457
v 0.2027899 0.04615939 0.20091512
v 0.20192128 0.04615939 0.19936528
v 0.20169208 0.04615939 0.20030522
v 0.20249304 0.04615939 0.19858473
v 0.20331969 0.04615939 0.19808214
v 0.20427593 0.04615939 0.19793444
v 0.20521569 0.04615939 0.19816359
v 0.20660509 0.04615939 0.19851243
v 0.20672948 0.04615939 0.19953793
v 0.20673765 0.04615939 0.200522
v 0.20663976 0.04615939 0.20148119
v 0.20644156 0.04615939 0.2024784
v 0.20501913 0.04615939 0.20274108
v 0.2040629 0.04615939 0.20288902
v 0.20312307 0.04615939 0.20265984
v 0.20234248 0.04615939 0.20208823
v 0.20184001 0.04615939 0.2012614
v 0.20169208 0.04551989 0.20030522
v 0.20192128 0.04551989 0.19936528
v 0.20283813 0.04551989 0.19979202
v 0.20270237 0.04551989 0.20034861
v 0.20249304 0.04551989 0.19858473
v 0.20317666 0.04551989 0.19932979
v 0.20331969 0.04551989 0.19808214
v 0.20366619 0.04551989 0.19903206
v 0.20427593 0.04551989 0.19793444
v 0.20423235 0.04551989 0.19894444
v 0.20521569 0.04551989 0.19816359
v 0.20478925 0.04551989 0.19908034
v 0.20660509 0.04551989 0.19851243
v 0.20525144 0.04551989 0.19941869
v 0.20672948 0.04551989 0.19953793
v 0.20554909 0.04551989 0.19990858
v 0.20673765 0.04551989 0.200522
v 0.2056365 0.04551989 0.20047488
v 0.20663976 0.04551989 0.20148119
v 0.20550072 0.04551989 0.20103147
v 0.20644156 0.04551989 0.2024784
v 0.20516231 0.04551989 0.20149374
v 0.20501913 0.04551989 0.20274108
v 0.20467248 0.04551989 0.20179125
v 0.2040629 0.04551989 0.20288902
v 0.20410637 0.04551989 0.20187896
v 0.20312307 0.04551989 0.20265984
v 0.20354968 0.04551989 0.20174309
v 0.20234248 0.04551989 0.2020882
v 0.20308737 0.04551989 0.20140454
v 0.20184001 0.04551989 0.2012614
v 0.2027899 0.04551989 0.20091506
v 0.2006834 0.04551989 0.20026195
v 0.2010061 0.04551989 0.19893926
v 0.20181046 0.04551989 0.19784066
v 0.20297376 0.04551989 0.19713369
v 0.20431911 0.04551989 0.19692564
v 0.20564179 0.04551989 0.19724834
v 0.20795704 0.04551989 0.19760721
v 0.2079083 0.04551989 0.19916796
v 0.20783717 0.04551989 0.20056939
v 0.2077773 0.04551989 0.20193028
v 0.20771895 0.04551989 0.20346188
v 0.20536516 0.04551989 0.20368963
v 0.20401966 0.04551989 0.2038978
v 0.20269689 0.04551989 0.20357522
v 0.2015984 0.04551989 0.20277074
v 0.20089142 0.04551989 0.20160728
v 0.2006834 0.04764729 0.20026195
v 0.2010061 0.04764729 0.19893926
v 0.20181046 0.04764729 0.19784066
v 0.20297376 0.04764727 0.19713369
v 0.20431911 0.04764729 0.19692564
v 0.20564179 0.04764729 0.19724836
v 0.20795704 0.04764729 0.19760721
v 0.2079083 0.04764729 0.19916796
v 0.20783717 0.04764727 0.20056939
v 0.20777729 0.04764729 0.20193028
v 0.20771895 0.04764729 0.20346188
v 0.20536516 0.04764729 0.20368963
v 0.20401966 0.04764729 0.2038978
v 0.20269689 0.04764729 0.20357522
v 0.20159842 0.04764729 0.20277077
v 0.20089142 0.04764729 0.20160728
v 0.20270235 0.04764727 0.20034861
v 0.20283813 0.04764729 0.19979202
v 0.20317666 0.04764729 0.19932979
v 0.20366619 0.04764729 0.19903206
v 0.20423235 0.04764729 0.19894444
v 0.20478925 0.04764729 0.19908034
v 0.20525144 0.04764729 0.19941869
v 0.20554909 0.04764729 0.19990858
v 0.2056365 0.04764729 0.20047488
v 0.2055007 0.04764729 0.20103147
v 0.20516231 0.04764729 0.20149374
v 0.20467248 0.04764729 0.20179125
v 0.20410637 0.04764729 0.20187896
v 0.20354968 0.04764729 0.20174309
v 0.20308737 0.04764727 0.20140457
v 0.2027899 0.04764727 0.20091512
v 0.20192128 0.04764729 0.19936528
v 0.20169208 0.04764729 0.20030522
v 0.20249304 0.04764729 0.19858473
v 0.20331969 0.04764729 0.19808214
v 0.20427593 0.04764729 0.19793444
v 0.20521569 0.04764729 0.19816359
v 0.20660509 0.04764729 0.19851243
v 0.20672948 0.04764729 0.19953793
v 0.20673765 0.04764727 0.200522
v 0.20663976 0.04764729 0.20148119
v 0.20644158 0.04764729 0.20247843
v 0.20501913 0.04764729 0.20274108
v 0.2040629 0.04764729 0.20288902
v 0.20312306 0.04764729 0.20265984
v 0.20234248 0.04764729 0.20208823
v 0.20183999 0.04764729 0.20126143
v 0.20169208 0.04700762 0.20030522
v 0.20192128 0.04700761 0.19936528
v 0.20283813 0.04700762 0.19979202
v 0.20270237 0.04700762 0.20034861
v 0.20249304 0.04700762 0.19858473
v 0.20317666 0.04700762 0.19932979
v 0.20331969 0.04700762 0.19808214
v 0.20366619 0.04700762 0.19903206
v 0.20427593 0.04700762 0.19793444
v 0.20423235 0.04700762 0.19894444
v 0.20521569 0.04700762 0.19816359
v 0.20478925 0.04700762 0.19908034
v 0.20660509 0.04700762 0.19851243
v 0.20525144 0.04700762 0.19941869
v 0.20672948 0.04700762 0.19953793
v 0.20554909 0.04700762 0.19990858
v 0.20673765 0.04700762 0.200522
v 0.2056365 0.04700762 0.20047488
v 0.20663976 0.04700762 0.20148119
v 0.2055007 0.04700762 0.20103147
v 0.20644158 0.04700762 0.20247843
v 0.20516231 0.04700762 0.20149374
v 0.20501913 0.04700762 0.20274108
v 0.20467248 0.04700762 0.20179125
v 0.2040629 0.04700762 0.20288902
v 0.20410637 0.04700762 0.20187896
v 0.20312307 0.04700762 0.20265984
v 0.20354968 0.04700762 0.20174309
v 0.20234248 0.04700762 0.20208823
v 0.20308737 0.04700762 0.20140457
v 0.20184001 0.04700762 0.2012614
v 0.2027899 0.04700762 0.20091512
v 0.2006834 0.04700762 0.20026195
v 0.2010061 0.04700762 0.19893926
v 0.20181046 0.04700762 0.19784066
v 0.20297376 0.04700762 0.19713369
v 0.20431911 0.04700762 0.19692564
v 0.20564179 0.04700762 0.19724834
v 0.20795704 0.04700762 0.19760721
v 0.2079083 0.04700762 0.19916796
v 0.20783717 0.04700762 0.20056939
v 0.20777729 0.04700762 0.20193028
v 0.20771895 0.04700762 0.20346188
v 0.20536516 0.04700762 0.20368963
v 0.20401966 0.04700762 0.2038978
v 0.20269686 0.04700762 0.20357522
v 0.20159842 0.04700762 0.20277077
v 0.20089142 0.04700762 0.20160728
v 0.2006834 0.0447235 0.20026195
v 0.2010061 0.0447235 0.19893926
v 0.20181046 0.0447235 0.19784066
v 0.20297376 0.0447235 0.19713369
v 0.20431911 0.0447235 0.19692564
v 0.20564179 0.0447235 0.19724836
v 0.20795704 0.0447235 0.19760721
v 0.2079083 0.0447235 0.19916796
v 0.20783717 0.0447235 0.20056939
v 0.2077773 0.0447235 0.20193028
v 0.20771895 0.0447235 0.20346188
v 0.20536516 0.0447235 0.20368963
v 0.20401966 0.0447235 0.2038978
v 0.20269686 0.0447235 0.20357522
v 0.2015984 0.0447235 0.20277074
v 0.20089142 0.0447235 0.20160728
v 0.20270237 0.0447235 0.20034861
v 0.20283813 0.0447235 0.19979202
v 0.20317666 0.0447235 0.19932979
v 0.20366619 0.0447235 0.19903206
v 0.20423235 0.0447235 0.19894444
v 0.20478925 0.0447235 0.19908034
v 0.20525144 0.0447235 0.19941869
v 0.20554909 0.0447235 0.19990858
v 0.2056365 0.0447235 0.20047485
v 0.20550072 0.0447235 0.20103147
v 0.20516231 0.0447235 0.20149374
v 0.20467248 0.0447235 0.20179125
v 0.20410637 0.0447235 0.20187896
v 0.20354968 0.0447235 0.20174309
v 0.20308737 0.0447235 0.20140454
v 0.2027899 0.0447235 0.20091506
v 0.20192128 0.0447235 0.19936528
v 0.20169208 0.0447235 0.20030522
v 0.20249304 0.0447235 0.19858473
v 0.20331969 0.0447235 0.19808214
v 0.20427593 0.0447235 0.19793444
v 0.20521569 0.0447235 0.19816359
v 0.20660509 0.0447235 0.19851243
v 0.20672948 0.0447235 0.1995379
v 0.20673765 0.0447235 0.200522
v 0.20663976 0.0447235 0.20148119
v 0.20644156 0.0447235 0.2024784
v 0.20501913 0.0447235 0.20274108
v 0.2040629 0.0447235 0.20288902
v 0.20312307 0.0447235 0.20265984
v 0.20234248 0.0447235 0.20208817
v 0.20184001 0.0447235 0.2012614
v 0.20169207 0.04408396 0.20030519
v 0.20192128 0.04408396 0.19936528
v 0.20283813 0.04408394 0.19979202
v 0.20270237 0.04408394 0.20034861
v 0.20249304 0.04408394 0.19858473
v 0.20317666 0.04408394 0.19932979
v 0.20331969 0.04408394 0.19808214
v 0.20366619 0.04408394 0.19903206
v 0.20427593 0.04408394 0.19793444
v 0.20423235 0.04408394 0.19894444
v 0.20521569 0.04408394 0.19816359
v 0.20478925 0.04408396 0.19908034
v 0.20660509 0.04408396 0.19851243
v 0.20525144 0.04408396 0.19941869
v 0.20672948 0.04408396 0.19953793
v 0.20554909 0.04408396 0.19990858
v 0.20673765 0.04408394 0.200522
v 0.2056365 0.04408396 0.20047485
v 0.20663976 0.04408394 0.20148119
v 0.20550072 0.04408394 0.20103147
v 0.20644155 0.04408394 0.2024784
v 0.20516231 0.04408394 0.20149374
v 0.20501913 0.04408394 0.20274108
v 0.20467248 0.04408394 0.20179125
v 0.2040629 0.04408394 0.20288902
v 0.20410637 0.04408394 0.20187896
v 0.20312307 0.04408394 0.20265984
v 0.20354968 0.04408394 0.20174309
v 0.20234248 0.04408394 0.20208817
v 0.20308737 0.04408394 0.20140454
v 0.20184001 0.04408394 0.2012614
v 0.2027899 0.04408394 0.20091506
v 0.2006834 0.04408394 0.20026195
v 0.2010061 0.04408396 0.19893926
v 0.20181046 0.04408396 0.19784066
v 0.20297376 0.04408394 0.19713369
v 0.20431911 0.04408394 0.19692564
v 0.20564179 0.04408394 0.19724834
v 0.20795704 0.04408394 0.19760721
v 0.2079083 0.04408396 0.19916796
v 0.20783717 0.04408394 0.20056939
v 0.2077773 0.04408396 0.20193028
v 0.20771895 0.04408394 0.20346188
v 0.20536516 0.04408396 0.20368963
v 0.20401966 0.04408394 0.2038978
v 0.20269689 0.04408394 0.20357519
v 0.2015984 0.04408396 0.20277074
v 0.20089142 0.04408394 0.20160728
v 0.20872147 0.04551989 0.19920134
v 0.20877035 0.04551989 0.19763246
v 0.20877035 0.04615939 0.19763246
v 0.20872147 0.04615939 0.19920134
v 0.20865 0.04551989 0.20060768
v 0.20865 0.04615939 0.20060768
v 0.20859034 0.04551989 0.2019636
v 0.20859034 0.04615939 0.2019636
v 0.20853196 0.04551989 0.20349305
v 0.20853196 0.04615939 0.20349305
v 0.20872147 0.04700762 0.19920134
v 0.20877035 0.04700762 0.19763246
v 0.20877035 0.04764729 0.19763246
v 0.20872147 0.04764729 0.19920134
v 0.20865 0.04700762 0.20060768
v 0.20865 0.04764729 0.20060768
v 0.20859034 0.04700762 0.2019636
v 0.20859034 0.04764729 0.2019636
v 0.20853196 0.04700762 0.20349302
v 0.20853196 0.04764729 0.20349302
v 0.20872147 0.04408394 0.19920134
v 0.20877035 0.04408394 0.19763246
v 0.20877035 0.0447235 0.19763246
v 0.20872147 0.0447235 0.19920134
v 0.20865 0.04408394 0.20060768
v 0.20865 0.0447235 0.20060768
v 0.20859034 0.04408394 0.2019636
v 0.20859034 0.0447235 0.2019636
v 0.20853196 0.04408394 0.20349302
v 0.20853196 0.0447235 0.20349302
v 0.20899905 0.044743 0.19072866
v 0.20899905 0.04582015 0.19072866
v 0.20899905 0.04689731 0.19072866
v 0.20894587 0.0436658 0.19196778
v 0.20894587 0.044743 0.19196778
v 0.20894587 0.04582015 0.19196778
v 0.20894587 0.04689731 0.19196778
v 0.20894587 0.04797451 0.19196778
v 0.20889259 0.04366581 0.19320693
v 0.20889259 0.044743 0.19320693
v 0.20889259 0.04582015 0.19320693
v 0.20889259 0.04689731 0.19320693
v 0.20889259 0.04797451 0.19320693
v 0.20868392 0.04366581 0.19806301
v 0.20868392 0.044743 0.19806301
v 0.20868392 0.04582015 0.19806301
v 0.20868392 0.04689731 0.19806301
v 0.20868392 0.04797451 0.19806301
v 0.20863069 0.04366581 0.19930216
v 0.20863069 0.044743 0.19930216
v 0.20863069 0.04582015 0.19930216
v 0.20863069 0.04689731 0.19930216
v 0.20863069 0.04797451 0.19930216
v 0.20857733 0.0436658 0.20054137
v 0.20857733 0.044743 0.20054137
v 0.20857735 0.04582015 0.20054137
v 0.20857735 0.04689731 0.20054137
v 0.20857735 0.04797451 0.20054137
v 0.20848979 0.04366581 0.20257988
v 0.20848979 0.044743 0.20257988
v 0.20848982 0.04582015 0.20257991
v 0.20848982 0.04689731 0.20257991
v 0.20848982 0.04797451 0.20257991
v 0.20843645 0.0436658 0.20381906
v 0.20843647 0.044743 0.20381909
v 0.20843647 0.04582015 0.20381909
v 0.20843645 0.04689731 0.20381909
v 0.20843645 0.04797451 0.20381909
v 0.20838335 0.044743 0.20505827
v 0.20838336 0.04582015 0.2050583
v 0.20838336 0.04689731 0.2050583
v 0.20958989 0.04366581 0.19199544
v 0.20964333 0.044743 0.19075632
v 0.20958989 0.044743 0.19199544
v 0.2096433 0.04582015 0.19075635
v 0.20958989 0.04582015 0.19199544
v 0.2096433 0.04689731 0.19075635
v 0.20958989 0.04689731 0.19199544
v 0.20958989 0.04797451 0.19199544
v 0.2095367 0.04366581 0.19323447
v 0.2095367 0.044743 0.19323447
v 0.2095367 0.04582015 0.19323447
v 0.2095367 0.04689731 0.19323447
v 0.2095367 0.04797451 0.19323447
v 0.20932813 0.04366581 0.19809085
v 0.20932813 0.044743 0.19809085
v 0.20932813 0.04582015 0.19809085
v 0.20932813 0.04689731 0.19809085
v 0.20932813 0.04797451 0.19809085
v 0.20927475 0.04366581 0.19932982
v 0.20927475 0.044743 0.19932982
v 0.20927475 0.04582015 0.19932982
v 0.20927475 0.04689731 0.19932982
v 0.20927475 0.04797451 0.19932982
v 0.20922152 0.04366581 0.200569
v 0.20922152 0.044743 0.200569
v 0.20922152 0.04582015 0.200569
v 0.20922152 0.04689731 0.20056903
v 0.20922152 0.04797451 0.20056903
v 0.2091341 0.04366581 0.2026076
v 0.2091341 0.044743 0.2026076
v 0.2091341 0.04582015 0.2026076
v 0.2091341 0.04689731 0.2026076
v 0.2091341 0.04797453 0.2026076
v 0.20908087 0.04366581 0.20384681
v 0.20908087 0.044743 0.20384681
v 0.20908087 0.04582015 0.20384681
v 0.20908087 0.04689731 0.20384681
v 0.20908087 0.04797451 0.20384681
v 0.20902751 0.044743 0.20508587
v 0.20902751 0.04582015 0.20508587
v 0.20902751 0.04689731 0.20508587
v 0.20840634 0.04797451 0.20452097
v 0.20905061 0.04797453 0.20454862
v 0.20840634 0.04689731 0.20452097
v 0.20905061 0.044743 0.20454862
v 0.20905061 0.04582015 0.20454862
v 0.20840634 0.04582015 0.20452097
v 0.20840637 0.044743 0.20452094
v 0.20840637 0.0436658 0.20452094
v 0.20905061 0.04689731 0.20454862
v 0.20905061 0.04366581 0.20454862
v 0.20417176 0.0478383 0.20041182
v 0.20275917 0.0478383 0.20035114
v 0.20279805 0.0478383 0.20007669
v 0.2028898 0.0478383 0.19981524
v 0.20303086 0.0478383 0.19957655
v 0.20321568 0.0478383 0.19936999
v 0.20343749 0.0478383 0.19920346
v 0.20368729 0.0478383 0.19908344
v 0.20395566 0.0478383 0.19901463
v 0.20423233 0.0478383 0.19899925
v 0.20450677 0.0478383 0.19903814
v 0.20476843 0.0478383 0.19912999
v 0.20500712 0.0478383 0.19927096
v 0.20521339 0.0478383 0.19945588
v 0.20537999 0.0478383 0.19967752
v 0.2055 0.0478383 0.19992736
v 0.20556895 0.0478383 0.20019573
v 0.20558421 0.0478383 0.20047241
v 0.2055453 0.0478383 0.20074686
v 0.20545348 0.0478383 0.20100846
v 0.20531256 0.0478383 0.20124715
v 0.20512768 0.0478383 0.2014535
v 0.20490618 0.0478383 0.20162004
v 0.20465613 0.0478383 0.20174014
v 0.20438782 0.0478383 0.20180901
v 0.20411105 0.0478383 0.20182433
v 0.20383672 0.0478383 0.20178538
v 0.20357489 0.0478383 0.20169353
v 0.20333659 0.0478383 0.20155262
v 0.20312985 0.0478383 0.20136779
v 0.20296341 0.0478383 0.20114627
v 0.20284336 0.0478383 0.20089635
v 0.20277445 0.0478383 0.20062792
v 0.20275917 0.04755828 0.20035114
v 0.20279805 0.04755828 0.20007669
v 0.2028898 0.0475583 0.19981524
v 0.20303086 0.0475583 0.19957655
v 0.20321567 0.0475583 0.19936999
v 0.20343749 0.0475583 0.19920346
v 0.20368729 0.0475583 0.19908344
v 0.20395566 0.0475583 0.19901463
v 0.20423233 0.0475583 0.19899925
v 0.20450677 0.0475583 0.19903814
v 0.20476843 0.0475583 0.19912999
v 0.20500712 0.0475583 0.19927096
v 0.20521339 0.0475583 0.19945588
v 0.20537999 0.0475583 0.19967752
v 0.2055 0.0475583 0.19992736
v 0.20556896 0.0475583 0.20019576
v 0.20558421 0.0475583 0.20047241
v 0.2055453 0.0475583 0.20074686
v 0.20545348 0.0475583 0.20100846
v 0.20531256 0.0475583 0.20124715
v 0.20512768 0.0475583 0.2014535
v 0.20490618 0.0475583 0.20162004
v 0.20465613 0.0475583 0.20174014
v 0.20438782 0.0475583 0.20180901
v 0.20411105 0.0475583 0.20182433
v 0.20383672 0.0475583 0.20178538
v 0.20357489 0.0475583 0.20169353
v 0.20333659 0.0475583 0.20155262
v 0.20312985 0.0475583 0.20136779
v 0.20296341 0.04755828 0.20114627
v 0.20284336 0.04755828 0.20089635
v 0.20277445 0.04755828 0.20062792
v 0.20275917 0.04727821 0.20035114
v 0.20279805 0.04727821 0.20007669
v 0.2028898 0.04727821 0.19981524
v 0.20303086 0.04727821 0.19957655
v 0.20321567 0.04727821 0.19936999
v 0.20343749 0.04727821 0.19920346
v 0.20368729 0.04727823 0.19908344
v 0.20395566 0.04727821 0.19901463
v 0.20423233 0.04727823 0.19899925
v 0.20450677 0.04727823 0.19903814
v 0.20476843 0.04727821 0.19912999
v 0.20500712 0.04727824 0.19927096
v 0.20521339 0.04727824 0.19945588
v 0.20537999 0.04727823 0.19967752
v 0.2055 0.04727823 0.19992736
v 0.20556896 0.04727823 0.20019576
v 0.20558421 0.04727821 0.20047241
v 0.2055453 0.04727821 0.20074686
v 0.20545348 0.04727823 0.20100846
v 0.20531256 0.04727823 0.20124715
v 0.20512768 0.04727823 0.2014535
v 0.20490618 0.04727823 0.20162004
v 0.20465613 0.04727823 0.20174014
v 0.20438782 0.04727823 0.20180901
v 0.20411105 0.04727821 0.20182433
v 0.20383672 0.04727823 0.20178538
v 0.20357489 0.04727821 0.20169353
v 0.20333659 0.04727821 0.20155262
v 0.20312985 0.04727823 0.20136779
v 0.20296341 0.04727824 0.20114627
v 0.20284336 0.04727821 0.20089635
v 0.20277445 0.04727821 0.20062792
v 0.20275917 0.04699815 0.20035114
v 0.20279805 0.04699815 0.20007669
v 0.2028898 0.04699815 0.19981524
v 0.20303086 0.04699815 0.19957655
v 0.20321567 0.04699815 0.19936999
v 0.20343749 0.04699815 0.19920346
v 0.20368729 0.04699815 0.19908347
v 0.20395566 0.04699815 0.19901463
v 0.20423233 0.04699815 0.19899922
v 0.20450677 0.04699815 0.19903814
v 0.20476843 0.04699816 0.19912999
v 0.20500712 0.04699816 0.19927096
v 0.20521339 0.04699816 0.19945588
v 0.20537999 0.04699815 0.19967752
v 0.2055 0.04699815 0.19992736
v 0.20556896 0.04699815 0.20019576
v 0.20558421 0.04699815 0.20047241
v 0.2055453 0.04699815 0.20074686
v 0.20545348 0.04699816 0.20100846
v 0.20531256 0.04699816 0.20124712
v 0.20512768 0.04699816 0.2014535
v 0.20490618 0.04699816 0.20162004
v 0.20465613 0.04699816 0.20174014
v 0.20438782 0.04699815 0.20180901
v 0.20411105 0.04699815 0.20182433
v 0.20383672 0.04699815 0.20178538
v 0.20357489 0.04699815 0.20169353
v 0.20333659 0.04699815 0.20155262
v 0.20312985 0.04699816 0.20136779
v 0.20296341 0.04699816 0.20114627
v 0.20284336 0.04699816 0.20089635
v 0.20277445 0.04699816 0.20062792
v 0.20275917 0.04671821 0.20035114
v 0.20279805 0.04671821 0.20007669
v 0.2028898 0.04671821 0.19981524
v 0.20303086 0.04671821 0.19957655
v 0.20321567 0.04671821 0.19936999
v 0.20343749 0.04671821 0.19920346
v 0.20368729 0.04671821 0.19908344
v 0.20395566 0.04671821 0.19901463
v 0.20423233 0.04671821 0.19899922
v 0.20450677 0.04671821 0.19903814
v 0.20476843 0.04671821 0.19912999
v 0.20500712 0.04671821 0.19927096
v 0.20521339 0.04671821 0.19945588
v 0.20537999 0.04671821 0.19967752
v 0.2055 0.04671821 0.19992736
v 0.20556896 0.04671821 0.20019576
v 0.20558421 0.04671821 0.20047241
v 0.2055453 0.04671821 0.20074686
v 0.20545348 0.04671821 0.20100846
v 0.20531256 0.04671821 0.20124712
v 0.20512768 0.04671821 0.2014535
v 0.20490618 0.04671821 0.20162004
v 0.20465613 0.04671821 0.20174014
v 0.20438782 0.04671821 0.20180901
v 0.20411105 0.04671821 0.20182433
v 0.20383672 0.04671821 0.20178538
v 0.20357489 0.04671821 0.20169353
v 0.20333659 0.04671821 0.20155262
v 0.20312985 0.04671821 0.20136779
v 0.20296341 0.04671821 0.20114627
v 0.20284336 0.04671821 0.20089635
v 0.20277445 0.04671821 0.20062789
v 0.20275917 0.04643814 0.20035114
v 0.20279805 0.04643812 0.20007669
v 0.2028898 0.04643812 0.19981524
v 0.20303086 0.04643812 0.19957655
v 0.20321567 0.04643814 0.19936999
v 0.20343749 0.04643814 0.19920346
v 0.20368729 0.04643814 0.19908344
v 0.20395566 0.04643812 0.19901463
v 0.20423233 0.04643814 0.19899925
v 0.20450677 0.04643814 0.19903814
v 0.20476843 0.04643814 0.19912999
v 0.20500712 0.04643814 0.19927096
v 0.20521339 0.04643812 0.19945588
v 0.20537999 0.04643814 0.19967752
v 0.2055 0.04643814 0.19992736
v 0.20556896 0.04643814 0.20019576
v 0.20558421 0.04643814 0.20047241
v 0.2055453 0.04643814 0.20074686
v 0.20545348 0.04643812 0.20100846
v 0.20531256 0.04643814 0.20124712
v 0.20512768 0.04643812 0.2014535
v 0.20490618 0.04643814 0.20162004
v 0.20465613 0.04643812 0.20174014
v 0.20438782 0.04643814 0.20180901
v 0.20411105 0.04643814 0.20182433
v 0.20383672 0.04643814 0.20178538
v 0.20357489 0.04643812 0.20169353
v 0.20333659 0.04643814 0.20155262
v 0.20312985 0.04643812 0.20136779
v 0.20296341 0.04643814 0.20114627
v 0.20284336 0.04643812 0.20089635
v 0.20277445 0.04643814 0.20062789
v 0.20275917 0.0461581 0.20035114
v 0.20279805 0.0461581 0.20007669
v 0.2028898 0.0461581 0.19981524
v 0.20303086 0.0461581 0.19957655
v 0.20321567 0.0461581 0.19936999
v 0.20343749 0.0461581 0.19920346
v 0.20368729 0.0461581 0.19908344
v 0.20395566 0.0461581 0.19901463
v 0.20423233 0.0461581 0.19899925
v 0.20450677 0.0461581 0.19903814
v 0.20476843 0.0461581 0.19912999
v 0.20500712 0.0461581 0.19927096
v 0.20521339 0.0461581 0.19945588
v 0.20537999 0.0461581 0.19967752
v 0.2055 0.0461581 0.19992736
v 0.20556896 0.0461581 0.20019576
v 0.20558421 0.0461581 0.20047241
v 0.2055453 0.0461581 0.20074686
v 0.20545348 0.0461581 0.20100846
v 0.20531256 0.0461581 0.20124712
v 0.20512768 0.0461581 0.2014535
v 0.20490618 0.0461581 0.20162004
v 0.20465613 0.0461581 0.20174014
v 0.20438782 0.0461581 0.20180901
v 0.20411105 0.0461581 0.20182433
v 0.20383672 0.0461581 0.20178538
v 0.20357489 0.0461581 0.20169353
v 0.20333659 0.0461581 0.20155262
v 0.20312985 0.0461581 0.20136779
v 0.20296341 0.0461581 0.20114624
v 0.20284336 0.0461581 0.20089635
v 0.20277445 0.0461581 0.20062789
v 0.20275917 0.04587804 0.20035114
v 0.20279805 0.04587804 0.20007669
v 0.2028898 0.04587804 0.19981524
v 0.20303086 0.04587805 0.19957655
v 0.20321567 0.04587805 0.19936999
v 0.20343749 0.04587805 0.19920346
v 0.20368729 0.04587804 0.19908344
v 0.20395566 0.04587804 0.19901463
v 0.20423233 0.04587805 0.19899925
v 0.20450677 0.04587804 0.19903814
v 0.20476843 0.04587804 0.19912999
v 0.20500712 0.04587805 0.19927096
v 0.20521339 0.04587805 0.19945588
v 0.20537999 0.04587805 0.19967752
v 0.2055 0.04587804 0.19992736
v 0.20556895 0.04587804 0.20019573
v 0.20558421 0.04587805 0.20047241
v 0.2055453 0.04587804 0.20074686
v 0.20545348 0.04587805 0.20100846
v 0.20531256 0.04587805 0.20124712
v 0.20512768 0.04587804 0.2014535
v 0.20490618 0.04587805 0.20162004
v 0.20465613 0.04587805 0.20174014
v 0.20438782 0.04587804 0.20180901
v 0.20411105 0.04587804 0.20182433
v 0.20383672 0.04587805 0.20178538
v 0.20357489 0.04587804 0.20169353
v 0.20333659 0.04587804 0.20155262
v 0.20312985 0.04587804 0.20136779
v 0.20296341 0.04587805 0.20114624
v 0.20284336 0.04587805 0.20089635
v 0.20277445 0.04587805 0.20062789
v 0.20275917 0.04559797 0.20035114
v 0.20279805 0.04559797 0.20007669
v 0.2028898 0.04559797 0.19981524
v 0.20303086 0.04559797 0.19957655
v 0.20321567 0.04559797 0.19936999
v 0.20343749 0.04559797 0.19920346
v 0.20368729 0.04559797 0.19908344
v 0.20395566 0.04559797 0.19901463
v 0.20423233 0.04559797 0.19899925
v 0.20450677 0.04559797 0.19903814
v 0.20476843 0.04559797 0.19912999
v 0.20500712 0.04559797 0.19927096
v 0.20521339 0.04559797 0.19945588
v 0.20537999 0.04559797 0.19967752
v 0.2055 0.04559797 0.19992736
v 0.20556895 0.04559797 0.20019573
v 0.20558421 0.04559797 0.20047241
v 0.2055453 0.04559797 0.20074686
v 0.20545348 0.04559798 0.20100846
v 0.20531256 0.04559798 0.20124712
v 0.20512768 0.04559797 0.2014535
v 0.20490618 0.04559798 0.20162004
v 0.20465613 0.04559797 0.20174014
v 0.20438782 0.04559798 0.20180901
v 0.20411106 0.04559798 0.20182433
v 0.20383672 0.04559798 0.20178538
v 0.20357489 0.04559798 0.20169353
v 0.20333659 0.04559798 0.20155262
v 0.20312985 0.04559798 0.20136779
v 0.20296341 0.04559798 0.20114624
v 0.20284336 0.04559798 0.20089632
v 0.20277445 0.04559797 0.20062789
v 0.20275917 0.04531792 0.20035114
v 0.20279805 0.04531792 0.20007669
v 0.2028898 0.04531792 0.19981524
v 0.20303086 0.04531792 0.19957655
v 0.20321567 0.04531792 0.19936999
v 0.20343749 0.04531792 0.19920346
v 0.20368729 0.04531792 0.19908344
v 0.20395566 0.04531792 0.19901463
v 0.20423233 0.04531792 0.19899922
v 0.20450677 0.04531792 0.19903814
v 0.20476843 0.04531792 0.19912999
v 0.20500712 0.04531792 0.19927096
v 0.20521339 0.04531792 0.19945588
v 0.20537999 0.04531792 0.19967752
v 0.2055 0.04531792 0.19992736
v 0.20556895 0.04531792 0.20019573
v 0.20558421 0.04531792 0.20047241
v 0.2055453 0.04531792 0.20074686
v 0.20545348 0.04531792 0.20100846
v 0.20531256 0.04531792 0.20124712
v 0.20512768 0.04531792 0.2014535
v 0.20490618 0.04531792 0.20162004
v 0.20465613 0.04531792 0.20174014
v 0.20438782 0.04531792 0.20180901
v 0.20411105 0.04531792 0.20182433
v 0.20383672 0.04531792 0.20178538
v 0.20357489 0.04531792 0.20169353
v 0.20333659 0.04531792 0.20155262
v 0.20312985 0.04531792 0.20136779
v 0.20296341 0.04531792 0.20114624
v 0.20284336 0.04531792 0.20089632
v 0.20277445 0.04531792 0.20062789
v 0.20275917 0.04503793 0.20035114
v 0.20279805 0.04503791 0.20007669
v 0.2028898 0.04503793 0.19981524
v 0.20303086 0.04503793 0.19957655
v 0.20321567 0.04503793 0.19936999
v 0.20343747 0.04503793 0.19920346
v 0.20368729 0.04503793 0.19908344
v 0.20395566 0.04503791 0.19901463
v 0.20423233 0.04503793 0.19899925
v 0.20450677 0.04503793 0.19903814
v 0.20476843 0.04503793 0.19912999
v 0.20500712 0.04503793 0.19927096
v 0.20521339 0.04503791 0.19945588
v 0.20537999 0.04503793 0.19967749
v 0.2055 0.04503793 0.19992736
v 0.20556895 0.04503793 0.20019573
v 0.20558421 0.04503793 0.20047238
v 0.2055453 0.04503793 0.20074686
v 0.20545348 0.04503793 0.20100846
v 0.20531256 0.04503793 0.20124712
v 0.20512768 0.04503791 0.2014535
v 0.20490618 0.04503793 0.20162004
v 0.20465613 0.04503793 0.20174014
v 0.20438782 0.04503793 0.20180901
v 0.20411106 0.04503793 0.20182433
v 0.20383672 0.04503793 0.20178538
v 0.20357489 0.04503793 0.20169353
v 0.20333658 0.04503793 0.20155262
v 0.20312985 0.04503793 0.20136779
v 0.20296341 0.04503793 0.20114624
v 0.20284336 0.04503793 0.20089632
v 0.20277445 0.04503793 0.20062789
v 0.20275917 0.04475795 0.20035114
v 0.20279805 0.04475795 0.20007669
v 0.2028898 0.04475795 0.19981524
v 0.20303086 0.04475795 0.19957655
v 0.20321567 0.04475795 0.19936999
v 0.20343749 0.04475795 0.19920346
v 0.20368729 0.04475795 0.19908344
v 0.20395566 0.04475795 0.19901463
v 0.20423233 0.04475795 0.19899925
v 0.20450677 0.04475795 0.19903814
v 0.20476843 0.04475795 0.19912999
v 0.20500712 0.04475795 0.19927096
v 0.20521339 0.04475795 0.19945588
v 0.20537999 0.04475795 0.19967749
v 0.2055 0.04475795 0.19992736
v 0.20556895 0.04475795 0.20019573
v 0.20558421 0.04475795 0.20047238
v 0.2055453 0.04475795 0.20074686
v 0.20545348 0.04475795 0.20100846
v 0.20531256 0.04475795 0.20124712
v 0.20512768 0.04475795 0.2014535
v 0.20490618 0.04475795 0.20162004
v 0.20465613 0.04475795 0.20174014
v 0.20438782 0.04475795 0.20180901
v 0.20411105 0.04475795 0.20182433
v 0.20383672 0.04475795 0.20178538
v 0.20357489 0.04475795 0.20169353
v 0.20333659 0.04475795 0.20155262
v 0.20312985 0.04475795 0.20136779
v 0.20296341 0.04475795 0.20114624
v 0.20284336 0.04475795 0.20089632
v 0.20277445 0.04475795 0.20062789
v 0.20275917 0.04447784 0.20035114
v 0.20279805 0.04447784 0.20007669
v 0.2028898 0.04447784 0.19981524
v 0.20303086 0.04447784 0.19957655
v 0.20321567 0.04447784 0.19936999
v 0.20343749 0.04447784 0.19920346
v 0.20368729 0.04447784 0.19908347
v 0.20395566 0.04447784 0.19901463
v 0.20423233 0.04447784 0.19899925
v 0.20450677 0.04447784 0.19903814
v 0.20476843 0.04447784 0.19912999
v 0.20500712 0.04447784 0.19927096
v 0.20521339 0.04447784 0.19945588
v 0.20537999 0.04447784 0.19967752
v 0.2055 0.04447784 0.19992736
v 0.20556895 0.04447784 0.20019573
v 0.20558421 0.04447784 0.20047238
v 0.2055453 0.04447784 0.20074686
v 0.20545348 0.04447784 0.20100846
v 0.20531256 0.04447784 0.20124712
v 0.20512768 0.04447784 0.2014535
v 0.20490618 0.04447784 0.20162004
v 0.20465613 0.04447784 0.20174014
v 0.20438782 0.04447784 0.20180901
v 0.20411105 0.04447784 0.20182433
v 0.20383672 0.04447784 0.20178538
v 0.20357489 0.04447784 0.20169353
v 0.20333659 0.04447784 0.20155262
v 0.20312985 0.04447784 0.20136779
v 0.20296341 0.04447784 0.20114624
v 0.20284336 0.04447784 0.20089632
v 0.20277445 0.04447784 0.20062789
v 0.20275917 0.04419783 0.20035114
v 0.20279805 0.04419785 0.20007669
v 0.2028898 0.04419785 0.19981524
v 0.20303086 0.04419785 0.19957655
v 0.20321567 0.04419785 0.19936999
v 0.20343749 0.04419785 0.19920346
v 0.20368729 0.04419785 0.19908347
v 0.20395566 0.04419785 0.19901463
v 0.20423233 0.04419785 0.19899925
v 0.20450677 0.04419785 0.19903814
v 0.20476843 0.04419785 0.19912999
v 0.20500712 0.04419785 0.19927096
v 0.20521339 0.04419785 0.19945588
v 0.20537999 0.04419785 0.19967752
v 0.2055 0.04419785 0.19992736
v 0.20556895 0.04419785 0.20019573
v 0.20558421 0.04419785 0.20047238
v 0.2055453 0.04419785 0.20074686
v 0.20545348 0.04419785 0.20100846
v 0.20531256 0.04419785 0.20124712
v 0.20512768 0.04419785 0.2014535
v 0.20490618 0.04419785 0.20162004
v 0.20465613 0.04419785 0.20174014
v 0.20438782 0.04419785 0.20180901
v 0.20411105 0.04419785 0.20182433
v 0.20383672 0.04419785 0.20178538
v 0.20357489 0.04419785 0.20169353
v 0.20333659 0.04419785 0.2015526
v 0.20312985 0.04419785 0.20136779
v 0.20296341 0.04419785 0.20114624
v 0.20284336 0.04419783 0.20089632
v 0.20277445 0.04419783 0.20062789
v 0.20275917 0.0439177 0.20035114
v 0.20279805 0.0439177 0.20007669
v 0.2028898 0.0439177 0.19981524
v 0.20303086 0.0439177 0.19957655
v 0.20321567 0.0439177 0.19936999
v 0.20343749 0.0439177 0.19920346
v 0.20368729 0.0439177 0.19908347
v 0.20395566 0.0439177 0.19901463
v 0.20423233 0.0439177 0.19899922
v 0.20450677 0.0439177 0.19903814
v 0.20476843 0.0439177 0.19912999
v 0.20500712 0.04391772 0.19927096
v 0.20521339 0.04391772 0.19945588
v 0.20537999 0.04391772 0.19967752
v 0.2055 0.04391772 0.19992736
v 0.20556895 0.04391772 0.20019573
v 0.20558421 0.0439177 0.20047241
v 0.2055453 0.0439177 0.20074686
v 0.20545348 0.0439177 0.20100846
v 0.20531256 0.0439177 0.20124712
v 0.20512768 0.0439177 0.2014535
v 0.20490618 0.0439177 0.20162004
v 0.20465613 0.0439177 0.20174014
v 0.20438782 0.0439177 0.20180901
v 0.20411105 0.0439177 0.20182433
v 0.20383672 0.0439177 0.20178538
v 0.20357489 0.0439177 0.20169353
v 0.20333659 0.0439177 0.2015526
v 0.20312985 0.0439177 0.20136779
v 0.20296341 0.0439177 0.20114624
v 0.20284336 0.0439177 0.20089632
v 0.20277445 0.0439177 0.20062789
v 0.20417176 0.0439177 0.20041182
v 0.20411323 0.0482987 0.20176804
v 0.2035935 0.0482987 0.2016423
v 0.20410527 0.04819167 0.20195013
v 0.20352259 0.04819165 0.20180776
v 0.20316141 0.0482987 0.2013292
v 0.2030289 0.04819165 0.20145237
v 0.20289428 0.0482987 0.20087701
v 0.20273256 0.04819165 0.20093974
v 0.20293895 0.0482987 0.19983878
v 0.20278304 0.04819165 0.19976246
v 0.20324385 0.0482987 0.19941112
v 0.20312207 0.04819165 0.19927716
v 0.20370122 0.0482987 0.19913619
v 0.20364472 0.04819165 0.19896554
v 0.2042296 0.0482987 0.19905573
v 0.20423767 0.04819165 0.19887358
v 0.20474943 0.0482987 0.19918122
v 0.20482014 0.04819165 0.19901588
v 0.20516568 0.0482987 0.19949379
v 0.20531405 0.04819167 0.1993713
v 0.20544828 0.04829872 0.19994667
v 0.20561023 0.04819167 0.19988381
v 0.20540367 0.04829872 0.20098483
v 0.20555971 0.04819167 0.20106133
v 0.20508323 0.0482987 0.20141184
v 0.20522047 0.04819167 0.20154658
v 0.20464174 0.0482987 0.20168742
v 0.20469786 0.04819167 0.20185822
v 0.20461343 0.0482987 0.20160689
v 0.2050381 0.0482987 0.20134934
v 0.20532575 0.04829872 0.20094874
v 0.20476411 0.04829872 0.2010625
v 0.20411688 0.0482987 0.20168262
v 0.20414254 0.0482987 0.2010841
v 0.20362852 0.0482987 0.20156464
v 0.20352517 0.0482987 0.20100912
v 0.20322747 0.0482987 0.20127153
v 0.2029751 0.0482987 0.20084762
v 0.20536769 0.04829872 0.19997611
v 0.20481751 0.0482987 0.1998144
v 0.20420037 0.0482987 0.19973948
v 0.2035788 0.0482987 0.19976124
v 0.20301701 0.0482987 0.19987514
v 0.20511521 0.0482987 0.19955226
v 0.20471425 0.0482987 0.19925898
v 0.20422598 0.0482987 0.19914108
v 0.20372945 0.0482987 0.19921666
v 0.20330466 0.0482987 0.19947436
v 0.20359364 0.04763867 0.20163688
v 0.20411348 0.04763867 0.20176234
v 0.20410502 0.04763867 0.20195826
v 0.20352229 0.04763867 0.20181533
v 0.20317719 0.04763867 0.20132577
v 0.20302832 0.04763866 0.20145839
v 0.20289443 0.04763866 0.20087465
v 0.20271644 0.04763866 0.20094212
v 0.20293888 0.04763867 0.19984111
v 0.20276734 0.04763867 0.19975861
v 0.20325946 0.04763867 0.19941595
v 0.20312255 0.04763867 0.19927111
v 0.20370084 0.04763867 0.19914162
v 0.20364522 0.04763867 0.19895789
v 0.20422947 0.04763867 0.1990613
v 0.20423784 0.04763867 0.19886535
v 0.20474916 0.04763867 0.19918656
v 0.20482048 0.04763867 0.19900819
v 0.20516549 0.04763867 0.19949778
v 0.2053142 0.04763869 0.19936537
v 0.20544815 0.04763867 0.19994887
v 0.20562626 0.04763869 0.19988137
v 0.2054038 0.04763867 0.20098266
v 0.20557549 0.04763867 0.20106506
v 0.20508334 0.04763867 0.20140773
v 0.20522037 0.04763867 0.20155251
v 0.20464187 0.04763867 0.20168197
v 0.20469753 0.04763867 0.20186579
v 0.2034759 0.04763866 0.20104649
v 0.20414081 0.04763867 0.20112636
v 0.20480997 0.04763867 0.20110365
v 0.2035328 0.04763867 0.19972005
v 0.20420211 0.04763867 0.19969737
v 0.204867 0.04763867 0.19977733
v 0.20265626 0.04763866 0.20049363
v 0.20265626 0.04819165 0.20049363
v 0.20266899 0.04763866 0.20020052
v 0.20266899 0.04819165 0.20020052
v 0.20567387 0.04819165 0.20062327
v 0.20548328 0.04829872 0.20061498
v 0.20568655 0.04819167 0.20033007
v 0.20549599 0.04829872 0.20032203
v 0.20568656 0.04763867 0.2003301
v 0.20567387 0.04763867 0.20062327
v 0.20481623 0.0482987 0.20058876
v 0.20540398 0.04829872 0.20061162
v 0.20416504 0.0482987 0.20056134
v 0.20349796 0.0482987 0.20053222
v 0.20292623 0.0482987 0.20050519
v 0.2054166 0.04829872 0.20031845
v 0.20482893 0.04829872 0.20029076
v 0.20417793 0.0482987 0.2002623
v 0.20351083 0.0482987 0.20023414
v 0.20293892 0.0482987 0.20021212
v 0.2028467 0.0482987 0.2005018
v 0.20285932 0.0482987 0.20020863
v 0.2028467 0.04763866 0.2005018
v 0.20285932 0.04763866 0.20020866
v 0.20549599 0.04763867 0.20032203
v 0.20548328 0.04763867 0.20061498
v 0.20346608 0.04763866 0.20053088
v 0.20416504 0.04763867 0.20056134
v 0.20486381 0.04763867 0.20059105
v 0.203479 0.04763866 0.20023277
v 0.20417793 0.04763866 0.20026233
v 0.20487663 0.04763867 0.20029282
v 0.20273567 0.04819165 0.20049694
v 0.2027482 0.04819165 0.20020392
v 0.20559117 0.04819167 0.20032602
v 0.20557864 0.04819167 0.20061907
v 0.20501971 0.04819167 0.20029905
v 0.20500674 0.04819167 0.20059698
v 0.20333592 0.04819165 0.20022672
v 0.20332334 0.04819165 0.20052471
v 0.20417793 0.04817702 0.20026233
v 0.20416504 0.04817701 0.20056134
v 0.20411323 0.04344271 0.20176804
v 0.2035935 0.0434427 0.2016423
v 0.20410527 0.04354976 0.20195013
v 0.20352259 0.04354976 0.2018077
v 0.20316141 0.0434427 0.2013292
v 0.20302882 0.04354974 0.20145234
v 0.2028943 0.0434427 0.20087701
v 0.20273257 0.04354974 0.20093971
v 0.20293895 0.04344271 0.19983878
v 0.20278306 0.04354976 0.19976246
v 0.20324385 0.04344271 0.19941112
v 0.20312207 0.04354976 0.19927716
v 0.20370122 0.04344271 0.19913619
v 0.20364473 0.04354976 0.19896557
v 0.2042296 0.04344271 0.19905573
v 0.20423767 0.04354976 0.19887358
v 0.20474943 0.04344271 0.19918122
v 0.20482014 0.04354976 0.19901588
v 0.20516568 0.04344271 0.19949379
v 0.20531405 0.04354976 0.1993713
v 0.2054483 0.04344271 0.19994667
v 0.20561023 0.04354977 0.19988381
v 0.20540367 0.04344271 0.20098483
v 0.20555971 0.04354976 0.20106133
v 0.20508323 0.04344271 0.20141184
v 0.20522049 0.04354976 0.20154655
v 0.20464174 0.04344271 0.20168742
v 0.20469786 0.04354976 0.20185822
v 0.20461343 0.04344271 0.20160687
v 0.2050381 0.04344271 0.20134931
v 0.20532575 0.04344271 0.20094874
v 0.20476411 0.04344271 0.2010625
v 0.20411688 0.04344271 0.20168262
v 0.20414254 0.04344271 0.20108413
v 0.20362852 0.0434427 0.20156464
v 0.20352517 0.0434427 0.20100912
v 0.20322747 0.0434427 0.20127153
v 0.2029751 0.0434427 0.20084762
v 0.20536769 0.04344271 0.19997611
v 0.20481754 0.04344271 0.1998144
v 0.20420037 0.04344271 0.19973948
v 0.2035788 0.04344271 0.19976124
v 0.20301701 0.04344271 0.19987517
v 0.20511521 0.04344271 0.19955226
v 0.20471425 0.04344271 0.19925898
v 0.20422598 0.04344271 0.19914108
v 0.20372945 0.04344271 0.19921666
v 0.20330466 0.04344271 0.19947436
v 0.20359364 0.04410273 0.20163688
v 0.20411348 0.04410275 0.20176234
v 0.20410502 0.04410273 0.20195826
v 0.20352229 0.04410273 0.20181533
v 0.20317719 0.04410273 0.20132577
v 0.20302838 0.04410273 0.20145839
v 0.20289443 0.04410272 0.20087465
v 0.20271641 0.04410272 0.20094212
v 0.20293888 0.04410273 0.19984111
v 0.20276734 0.04410273 0.19975861
v 0.20325946 0.04410273 0.19941595
v 0.20312255 0.04410275 0.19927111
v 0.20370084 0.04410275 0.19914165
v 0.20364524 0.04410273 0.19895789
v 0.20422947 0.04410275 0.1990613
v 0.20423784 0.04410275 0.19886535
v 0.20474916 0.04410275 0.19918656
v 0.20482048 0.04410273 0.19900819
v 0.20516549 0.04410276 0.19949778
v 0.2053142 0.04410276 0.19936537
v 0.20544815 0.04410275 0.19994887
v 0.20562626 0.04410275 0.19988137
v 0.2054038 0.04410275 0.20098263
v 0.20557551 0.04410273 0.20106506
v 0.20508335 0.04410275 0.2014077
v 0.20522038 0.04410275 0.20155251
v 0.20464187 0.04410273 0.20168197
v 0.20469753 0.04410273 0.20186579
v 0.2034759 0.04410273 0.20104646
v 0.20414081 0.04410275 0.20112636
v 0.20480997 0.04410275 0.20110365
v 0.2035328 0.04410273 0.19972005
v 0.20420211 0.04410273 0.19969737
v 0.204867 0.04410275 0.19977733
v 0.20265626 0.04410272 0.20049363
v 0.20265626 0.04354974 0.20049363
v 0.20266899 0.04410273 0.20020049
v 0.20266899 0.04354974 0.20020052
v 0.20567387 0.04354977 0.20062327
v 0.20548328 0.04344271 0.20061498
v 0.20568655 0.04354977 0.20033007
v 0.20549599 0.04344271 0.20032203
v 0.20568658 0.04410275 0.20033007
v 0.20567387 0.04410273 0.20062327
v 0.20481623 0.04344271 0.20058879
v 0.20540398 0.04344271 0.20061162
v 0.20416504 0.04344271 0.20056134
v 0.20349796 0.0434427 0.20053222
v 0.20292623 0.0434427 0.20050519
v 0.2054166 0.04344271 0.20031848
v 0.20482893 0.04344271 0.20029076
v 0.20417793 0.04344271 0.20026233
v 0.20351083 0.04344271 0.20023414
v 0.20293892 0.04344271 0.20021212
v 0.2028467 0.0434427 0.2005018
v 0.20285932 0.04344271 0.20020866
v 0.2028467 0.04410273 0.20050177
v 0.20285932 0.04410273 0.20020863
v 0.20549601 0.04410275 0.200322
v 0.20548328 0.04410273 0.20061498
v 0.20346608 0.04410272 0.20053088
v 0.20416504 0.04410273 0.20056134
v 0.20486381 0.04410273 0.20059102
v 0.203479 0.04410272 0.20023277
v 0.20417793 0.04410273 0.20026233
v 0.20487663 0.04410275 0.20029282
v 0.20273567 0.04354974 0.20049694
v 0.2027482 0.04354974 0.20020392
v 0.20559117 0.04354977 0.20032602
v 0.20557864 0.04354977 0.20061907
v 0.20501971 0.04354977 0.20029905
v 0.20500674 0.04354976 0.20059698
v 0.20333592 0.04354976 0.20022672
v 0.20332334 0.04354976 0.20052471
v 0.20417793 0.04356439 0.20026233
v 0.20416504 0.04356437 0.20056134
v 0.20866294 0.04608978 0.19304534
v 0.2086609 0.04584937 0.19309356
v 0.20870858 0.04612172 0.19312456
v 0.20870642 0.04585203 0.19317805
v 0.20866277 0.04560928 0.19304701
v 0.20870852 0.04557802 0.1931259
v 0.20866884 0.04541077 0.19291093
v 0.20871524 0.04535571 0.19297042
v 0.20868779 0.04522845 0.19247123
v 0.20873667 0.04514899 0.19247171
v 0.20869784 0.04527252 0.19223472
v 0.2087481 0.04519598 0.19220465
v 0.20870657 0.04540937 0.19203218
v 0.20875822 0.04535297 0.19197416
v 0.20871229 0.04561354 0.19189643
v 0.20876456 0.04558156 0.19182154
v 0.20871438 0.04585384 0.19184827
v 0.20876695 0.04585113 0.19176811
v 0.20871225 0.04608722 0.19189757
v 0.20876473 0.04612515 0.19182005
v 0.20870664 0.04629238 0.19203099
v 0.20875814 0.04634744 0.19197577
v 0.20868782 0.04647464 0.19247061
v 0.20873662 0.04655429 0.19247442
v 0.20867739 0.04642397 0.19270986
v 0.20872519 0.04650718 0.19274148
v 0.20866884 0.0462939 0.19290959
v 0.20871518 0.04635029 0.19297179
v 0.20867002 0.04626647 0.19288167
v 0.20867805 0.04639318 0.19269269
v 0.20868779 0.04643525 0.19247072
v 0.20868095 0.04622376 0.19262644
v 0.20866459 0.04607476 0.19300913
v 0.20867544 0.04596966 0.19275561
v 0.20866258 0.04584907 0.19305443
v 0.20867165 0.04569861 0.19284394
v 0.20866455 0.04562567 0.19301021
v 0.20866994 0.04543871 0.1928831
v 0.20870541 0.04626445 0.19205883
v 0.20870368 0.04600462 0.19209784
v 0.20869983 0.04573357 0.19218611
v 0.20869442 0.04547943 0.19231516
v 0.20868779 0.04526794 0.19247114
v 0.2087108 0.0460776 0.1919316
v 0.20871287 0.04585421 0.19188725
v 0.20871071 0.04562846 0.19193261
v 0.20870529 0.0454367 0.19206002
v 0.2086972 0.0453101 0.19224911
v 0.20896321 0.0458485 0.19310432
v 0.20896545 0.0460888 0.19305592
v 0.20896188 0.04612315 0.19313889
v 0.20895944 0.04585335 0.19319215
v 0.20896546 0.04561533 0.19305551
v 0.20896188 0.04557905 0.19313931
v 0.20897118 0.04541035 0.19292286
v 0.20896853 0.0453495 0.19298538
v 0.20898996 0.04522884 0.19248518
v 0.20898999 0.04514165 0.19248399
v 0.20900012 0.04527992 0.1922467
v 0.20900166 0.04519508 0.19221308
v 0.20900876 0.04541029 0.19204744
v 0.20901148 0.04535164 0.19198179
v 0.2090145 0.04561448 0.19191199
v 0.20901812 0.04558013 0.19182884
v 0.20901653 0.04585475 0.19186347
v 0.20902046 0.0458498 0.19177559
v 0.2090145 0.04608792 0.19191229
v 0.20901811 0.04612423 0.19182857
v 0.20900888 0.04629273 0.19204482
v 0.20901145 0.04635369 0.19198244
v 0.20899008 0.04647422 0.19248268
v 0.20898999 0.04656154 0.19248375
v 0.20897978 0.04642331 0.19272109
v 0.20897829 0.0465082 0.19275471
v 0.20897126 0.0462929 0.19292029
v 0.2089685 0.04635163 0.19298601
v 0.20897293 0.04568529 0.19288176
v 0.20897688 0.04597713 0.1927866
v 0.20898301 0.0462508 0.19264775
v 0.20899696 0.0454524 0.19231993
v 0.209003 0.0457261 0.19218131
v 0.20900698 0.046018 0.19208595
v 0.20897601 0.04523771 0.19281059
v 0.20872263 0.04523771 0.19279971
v 0.20898121 0.04518626 0.19268652
v 0.2087281 0.04518626 0.19267562
v 0.20874533 0.046517 0.19227036
v 0.20869499 0.04643622 0.19230178
v 0.20875085 0.04646541 0.19214624
v 0.20870019 0.0463847 0.19217768
v 0.20900397 0.04646541 0.19215709
v 0.20899872 0.046517 0.19228121
v 0.2086898 0.04615378 0.19241979
v 0.20869438 0.04640252 0.19231557
v 0.20868496 0.04587784 0.19253411
v 0.20867997 0.04559502 0.19265112
v 0.20867569 0.04535215 0.19275033
v 0.20869958 0.04635103 0.19219145
v 0.20869539 0.04610148 0.19229355
v 0.20869052 0.04582542 0.1924076
v 0.20868524 0.04554269 0.19252485
v 0.20868094 0.0453007 0.19262623
v 0.20867516 0.04531843 0.19276425
v 0.20868037 0.04526705 0.19264015
v 0.20897729 0.04531843 0.19277718
v 0.20898278 0.04526705 0.19265303
v 0.20900254 0.0463847 0.19219064
v 0.20899726 0.04643622 0.19231465
v 0.20898191 0.04558155 0.19266971
v 0.20898732 0.04587784 0.19254726
v 0.20899251 0.04617398 0.19242435
v 0.20898744 0.04552922 0.19254347
v 0.2089926 0.04582542 0.19242051
v 0.20899806 0.04612168 0.19229826
v 0.20872317 0.04527128 0.19278603
v 0.20872864 0.04521987 0.19266179
v 0.20874996 0.04642513 0.19216308
v 0.20874458 0.04647658 0.19228717
v 0.20874562 0.0461823 0.19226223
v 0.20874036 0.04623455 0.1923885
v 0.20873297 0.04546857 0.19255763
v 0.20872753 0.04552092 0.19268369
v 0.20874616 0.04582542 0.19240993
v 0.20874053 0.04587784 0.1925365
v 0.20860567 0.04647397 0.19495484
v 0.20859529 0.04642659 0.19519516
v 0.20865462 0.04655741 0.19495704
v 0.20864309 0.0465037 0.19522652
v 0.20858657 0.04629168 0.19539907
v 0.20863305 0.04635066 0.19545942
v 0.20858095 0.04608976 0.19553005
v 0.20862697 0.04612168 0.19560489
v 0.20858095 0.0456135 0.19553005
v 0.20862697 0.04558149 0.19560489
v 0.20858657 0.04541159 0.19539904
v 0.20863306 0.04535254 0.19545942
v 0.20859529 0.04527661 0.19519516
v 0.20864309 0.04519956 0.19522652
v 0.20860567 0.04522927 0.19495484
v 0.20865462 0.04514579 0.19495704
v 0.20861615 0.04527661 0.19471451
v 0.20866625 0.04519956 0.19468757
v 0.2086244 0.04541159 0.19451805
v 0.20867636 0.04535254 0.19445455
v 0.20863044 0.0456135 0.19437959
v 0.20868249 0.04558149 0.1943089
v 0.20863044 0.04608976 0.19437959
v 0.20868249 0.04612168 0.1943089
v 0.2086244 0.04629168 0.19451805
v 0.20867636 0.04635066 0.19445455
v 0.20861616 0.04642659 0.19471451
v 0.20866625 0.0465037 0.19468757
v 0.20861552 0.04639025 0.19472906
v 0.20862361 0.04626395 0.19453987
v 0.20862883 0.04607476 0.1944161
v 0.20861776 0.04613795 0.19467088
v 0.20860567 0.04643471 0.19495484
v 0.20860567 0.04616018 0.19495484
v 0.20859602 0.04639025 0.19518059
v 0.20859359 0.04613795 0.19523888
v 0.20858785 0.04626395 0.19536989
v 0.20858262 0.04607476 0.19549369
v 0.20862883 0.04562841 0.1944161
v 0.20861776 0.04556528 0.19467088
v 0.20860567 0.04554315 0.19495484
v 0.20859359 0.04556528 0.19523888
v 0.20858262 0.04562841 0.19549369
v 0.20862361 0.04543935 0.19453987
v 0.20861552 0.04531288 0.19472906
v 0.20860567 0.04526851 0.19495484
v 0.20859602 0.04531288 0.19518059
v 0.20858785 0.04543935 0.19536989
v 0.20889776 0.04642407 0.19520822
v 0.20890812 0.04647121 0.19496789
v 0.20890812 0.04656117 0.19496789
v 0.20889653 0.04650718 0.19523736
v 0.20888936 0.04628979 0.19540467
v 0.20888645 0.04635336 0.19547033
v 0.20888316 0.04608872 0.19554311
v 0.20887981 0.04612315 0.19562321
v 0.20888316 0.04561447 0.19554311
v 0.20887982 0.04558007 0.19562321
v 0.20888935 0.04541345 0.19540467
v 0.20888644 0.04534984 0.1954703
v 0.20889776 0.04527907 0.19520822
v 0.20889653 0.04519598 0.19523736
v 0.20890812 0.04523193 0.19496786
v 0.20890812 0.04514198 0.19496786
v 0.20891824 0.04527907 0.1947276
v 0.20891964 0.04519598 0.19469845
v 0.20892685 0.04541345 0.19453096
v 0.20892964 0.04534984 0.19446551
v 0.20893266 0.04561447 0.19439259
v 0.20893612 0.04558007 0.19431254
v 0.20893266 0.04608872 0.19439259
v 0.20893612 0.04612315 0.19431254
v 0.20892685 0.04628979 0.19453096
v 0.20892964 0.04635337 0.19446551
v 0.20891824 0.04642407 0.1947276
v 0.20891964 0.0465072 0.19469845
v 0.20889481 0.04615585 0.19527357
v 0.20890812 0.04617947 0.19496789
v 0.20892112 0.04615585 0.194662
v 0.20889481 0.04554726 0.19527357
v 0.20890812 0.04552374 0.19496789
v 0.20892112 0.04554726 0.194662
v 0.20887844 0.04591881 0.19565954
v 0.20862498 0.04591881 0.19564861
v 0.20887844 0.0457844 0.19565954
v 0.20862498 0.0457844 0.19564861
v 0.20868437 0.04591879 0.19426542
v 0.2086316 0.04591881 0.19435051
v 0.20868437 0.0457844 0.19426542
v 0.2086316 0.04578437 0.19435051
v 0.20893789 0.0457844 0.1942763
v 0.20893789 0.04591879 0.1942763
v 0.20861852 0.04591998 0.1946564
v 0.20863018 0.04591881 0.19438698
v 0.20860567 0.04592018 0.19495484
v 0.20859254 0.04591998 0.19526067
v 0.2085814 0.04591881 0.19552281
v 0.20863018 0.0457844 0.19438698
v 0.20861852 0.04578324 0.1946564
v 0.20860567 0.04578306 0.19495484
v 0.20859254 0.04578324 0.19526067
v 0.2085814 0.0457844 0.19552281
v 0.20857976 0.04591881 0.19555911
v 0.20857976 0.04578437 0.19555911
v 0.20888212 0.04591881 0.19557222
v 0.20888212 0.04578437 0.19557222
v 0.20893399 0.04578437 0.19436362
v 0.20893399 0.04591881 0.19436362
v 0.20889434 0.04591998 0.19528818
v 0.20890812 0.04592018 0.19496789
v 0.20892174 0.04591998 0.1946474
v 0.20889434 0.04578324 0.19528818
v 0.20890812 0.04578306 0.19496789
v 0.20892173 0.04578324 0.19464737
v 0.20862664 0.04591881 0.19561228
v 0.20862664 0.04578441 0.19561228
v 0.20868249 0.04578441 0.1943089
v 0.20868249 0.04591881 0.1943089
v 0.20867143 0.04578325 0.19457101
v 0.20867143 0.04591998 0.19457101
v 0.2086382 0.04578325 0.19534292
v 0.2086382 0.04591998 0.19534292
v 0.20866146 0.04578306 0.19495722
v 0.20866146 0.04592018 0.19495722
v 0.20426705 0.04627566 0.19682696
v 0.20292162 0.04627566 0.19703492
v 0.20175798 0.04627566 0.19774207
v 0.20095385 0.04627566 0.19884049
v 0.20063114 0.04627566 0.20016327
v 0.20083913 0.04627566 0.20150855
v 0.20099806 0.04627566 0.20384621
v 0.20255748 0.04627566 0.2039316
v 0.20395959 0.04627566 0.20398071
v 0.20532074 0.04627566 0.20403796
v 0.20685175 0.04627566 0.20411089
v 0.20728062 0.04627566 0.20178538
v 0.20760324 0.04627566 0.20046272
v 0.20739534 0.04627566 0.19911715
v 0.2066881 0.04627566 0.19795379
v 0.20558968 0.04627566 0.19714972
v 0.20418022 0.04627566 0.19884586
v 0.20361401 0.04627566 0.19893333
v 0.20312441 0.04627566 0.19923088
v 0.20278589 0.04627566 0.19969323
v 0.20265013 0.04627566 0.20024991
v 0.20273771 0.04627566 0.20081618
v 0.20303519 0.04627566 0.20130574
v 0.2034976 0.04627566 0.2016443
v 0.20405419 0.04627566 0.20178005
v 0.20462045 0.04627566 0.20169246
v 0.20511019 0.04627566 0.20139497
v 0.20544856 0.04627566 0.20093271
v 0.20558434 0.04627566 0.20037597
v 0.20549686 0.04627566 0.19980981
v 0.20519931 0.04627566 0.19932007
v 0.20473702 0.04627566 0.1989817
v 0.20326748 0.04627566 0.1979835
v 0.20422366 0.04627566 0.19783571
v 0.20244078 0.04627566 0.198486
v 0.20186924 0.04627566 0.19926661
v 0.20163984 0.04627566 0.20020651
v 0.20178785 0.04627566 0.20116263
v 0.20201601 0.04627566 0.20257687
v 0.20302704 0.04627566 0.20278865
v 0.20400683 0.04627566 0.2028813
v 0.20497089 0.04627566 0.20286616
v 0.20598146 0.04627566 0.20275399
v 0.20636512 0.04627566 0.20135933
v 0.20659448 0.04627566 0.20041945
v 0.20644672 0.04627566 0.19946324
v 0.20594418 0.04627566 0.1986365
v 0.20516355 0.04627566 0.19806501
v 0.20422366 0.0469153 0.19783571
v 0.20326748 0.0469153 0.1979835
v 0.20361401 0.0469153 0.19893333
v 0.20418022 0.0469153 0.19884583
v 0.20244078 0.0469153 0.198486
v 0.20312441 0.0469153 0.19923088
v 0.20186924 0.0469153 0.19926664
v 0.20278589 0.0469153 0.19969323
v 0.20163984 0.0469153 0.20020651
v 0.20265013 0.0469153 0.20024991
v 0.20178785 0.0469153 0.20116266
v 0.20273771 0.0469153 0.20081618
v 0.20201601 0.0469153 0.20257687
v 0.20303519 0.0469153 0.20130574
v 0.20302704 0.0469153 0.20278865
v 0.2034976 0.0469153 0.2016443
v 0.20400683 0.0469153 0.2028813
v 0.20405419 0.0469153 0.20178005
v 0.20497089 0.0469153 0.20286616
v 0.20462045 0.0469153 0.20169246
v 0.20598146 0.0469153 0.20275399
v 0.20511019 0.0469153 0.20139497
v 0.20636512 0.0469153 0.20135933
v 0.20544856 0.0469153 0.20093271
v 0.20659448 0.0469153 0.20041945
v 0.20558434 0.0469153 0.20037597
v 0.20644672 0.0469153 0.19946324
v 0.20549686 0.0469153 0.19980981
v 0.20594418 0.0469153 0.1986365
v 0.20519931 0.0469153 0.19932007
v 0.20516355 0.0469153 0.19806501
v 0.20473702 0.0469153 0.1989817
v 0.20426705 0.0469153 0.19682696
v 0.20292162 0.0469153 0.19703492
v 0.20175798 0.0469153 0.19774207
v 0.20095385 0.0469153 0.19884049
v 0.20063114 0.0469153 0.20016327
v 0.20083913 0.0469153 0.20150855
v 0.20099806 0.0469153 0.20384621
v 0.20255748 0.0469153 0.2039316
v 0.20395959 0.0469153 0.20398071
v 0.20532074 0.0469153 0.20403796
v 0.20685175 0.0469153 0.20411089
v 0.20728062 0.0469153 0.20178538
v 0.20760324 0.0469153 0.20046272
v 0.20739534 0.0469153 0.19911715
v 0.2066881 0.0469153 0.19795379
v 0.20558968 0.0469153 0.19714972
v 0.20426705 0.04481717 0.19682696
v 0.20292162 0.04481717 0.19703492
v 0.20175798 0.04481717 0.19774207
v 0.20095385 0.04481717 0.19884049
v 0.20063114 0.04481717 0.20016327
v 0.20083913 0.04481717 0.20150855
v 0.20099806 0.04481715 0.20384618
v 0.20255748 0.04481717 0.20393157
v 0.20395959 0.04481717 0.20398071
v 0.20532074 0.04481717 0.20403796
v 0.20685176 0.04481717 0.20411083
v 0.20728062 0.04481717 0.20178538
v 0.20760324 0.04481717 0.20046272
v 0.20739534 0.04481717 0.19911715
v 0.2066881 0.04481717 0.19795379
v 0.20558968 0.04481717 0.19714972
v 0.20418022 0.04481717 0.19884586
v 0.20361401 0.04481717 0.19893333
v 0.20312441 0.04481717 0.19923088
v 0.20278589 0.04481717 0.19969323
v 0.20265013 0.04481717 0.20024991
v 0.20273771 0.04481717 0.20081618
v 0.20303519 0.04481717 0.20130571
v 0.2034976 0.04481718 0.2016443
v 0.20405419 0.04481717 0.20178005
v 0.20462045 0.04481717 0.20169246
v 0.20511019 0.04481718 0.20139497
v 0.20544856 0.04481717 0.20093271
v 0.20558434 0.04481717 0.20037597
v 0.20549686 0.04481717 0.19980979
v 0.20519931 0.04481717 0.19932007
v 0.20473702 0.04481717 0.1989817
v 0.20326748 0.04481717 0.1979835
v 0.20422366 0.04481717 0.19783571
v 0.20244078 0.04481717 0.198486
v 0.20186924 0.04481715 0.19926661
v 0.20163984 0.04481717 0.20020651
v 0.20178785 0.04481717 0.20116263
v 0.20201601 0.04481717 0.20257687
v 0.20302704 0.04481717 0.20278865
v 0.20400683 0.04481717 0.2028813
v 0.20497089 0.04481717 0.20286616
v 0.20598147 0.04481717 0.20275396
v 0.20636513 0.04481717 0.20135933
v 0.20659448 0.04481718 0.20041945
v 0.20644672 0.04481715 0.19946321
v 0.20594418 0.04481717 0.1986365
v 0.20516355 0.04481717 0.19806501
v 0.20422366 0.04545681 0.19783571
v 0.20326748 0.04545681 0.1979835
v 0.20361401 0.04545681 0.19893333
v 0.20418022 0.04545681 0.19884583
v 0.20244078 0.04545681 0.198486
v 0.20312441 0.04545681 0.19923088
v 0.20186924 0.04545681 0.19926661
v 0.20278589 0.04545681 0.19969323
v 0.20163984 0.04545681 0.20020651
v 0.20265013 0.04545681 0.20024991
v 0.20178785 0.04545681 0.20116263
v 0.20273771 0.04545681 0.20081618
v 0.20201601 0.04545681 0.20257687
v 0.20303519 0.04545681 0.20130574
v 0.20302704 0.04545681 0.20278865
v 0.2034976 0.04545681 0.2016443
v 0.20400683 0.04545681 0.2028813
v 0.20405419 0.04545681 0.20178005
v 0.20497089 0.04545681 0.20286616
v 0.20462045 0.04545681 0.20169246
v 0.20598146 0.04545681 0.20275399
v 0.20511019 0.04545681 0.20139497
v 0.20636513 0.04545681 0.20135933
v 0.20544856 0.04545681 0.20093271
v 0.20659448 0.04545681 0.20041945
v 0.20558434 0.04545681 0.20037597
v 0.20644672 0.04545681 0.19946321
v 0.20549686 0.04545681 0.19980979
v 0.20594418 0.04545681 0.1986365
v 0.20519931 0.04545681 0.19932007
v 0.20516355 0.04545681 0.19806501
v 0.20473702 0.04545681 0.1989817
v 0.20426705 0.04545681 0.19682696
v 0.20292162 0.04545681 0.19703492
v 0.20175798 0.04545681 0.19774207
v 0.20095385 0.04545681 0.19884049
v 0.20063114 0.04545681 0.20016327
v 0.20083913 0.04545681 0.20150855
v 0.20099806 0.04545681 0.20384621
v 0.20255748 0.04545681 0.2039316
v 0.20395959 0.04545681 0.20398071
v 0.20532074 0.04545681 0.20403796
v 0.20685176 0.04545681 0.20411086
v 0.20728062 0.04545681 0.20178538
v 0.20760324 0.04545681 0.20046272
v 0.20739534 0.04545681 0.19911715
v 0.2066881 0.04545681 0.19795379
v 0.20558968 0.04545681 0.19714972
v 0.20239014 0.0469153 0.20713263
v 0.20084099 0.0469153 0.20739731
v 0.20084099 0.04627566 0.20739734
v 0.20239014 0.04627566 0.20713263
v 0.20377486 0.0469153 0.20686829
v 0.20377486 0.04627566 0.20686829
v 0.20510852 0.0469153 0.20662319
v 0.20510852 0.04627566 0.20662319
v 0.20661458 0.0469153 0.20635494
v 0.20661459 0.04627566 0.20635494
v 0.20239014 0.04545681 0.20713263
v 0.20084099 0.04545681 0.20739731
v 0.20084099 0.04481715 0.20739728
v 0.20239014 0.04481717 0.20713263
v 0.20377486 0.04545681 0.20686829
v 0.20377486 0.04481717 0.20686829
v 0.20510852 0.04545681 0.20662319
v 0.20510852 0.04481715 0.20662319
v 0.20661459 0.04545681 0.20635494
v 0.20661459 0.04481715 0.20635494
v 0.19943796 0.044743 0.20828732
v 0.19943796 0.04582015 0.20828732
v 0.19943796 0.04689731 0.20828732
v 0.200658 0.04366581 0.2080641
v 0.200658 0.044743 0.2080641
v 0.200658 0.04582015 0.2080641
v 0.200658 0.04689731 0.2080641
v 0.200658 0.04797451 0.2080641
v 0.20187808 0.04366581 0.20784109
v 0.20187808 0.044743 0.20784109
v 0.20187808 0.04582015 0.20784109
v 0.20187808 0.04689731 0.20784109
v 0.20187808 0.04797451 0.20784109
v 0.20274475 0.0436658 0.20768261
v 0.20274475 0.044743 0.20768261
v 0.20274475 0.04582015 0.20768261
v 0.20274475 0.04689731 0.20768261
v 0.20274475 0.04797451 0.20768261
v 0.20396477 0.04366581 0.20745939
v 0.20396477 0.044743 0.20745939
v 0.20396477 0.04582015 0.20745939
v 0.20396477 0.04689731 0.20745939
v 0.20396477 0.04797451 0.20745939
v 0.20518487 0.04366581 0.20723632
v 0.20518487 0.044743 0.20723632
v 0.20518487 0.04582015 0.20723632
v 0.20518487 0.04689731 0.20723632
v 0.20518487 0.04797451 0.20723632
v 0.20640485 0.04366581 0.20701316
v 0.20640485 0.044743 0.20701316
v 0.20640485 0.04582015 0.20701316
v 0.20640485 0.04689731 0.20701316
v 0.20640485 0.04797451 0.20701316
v 0.207625 0.04366581 0.20679009
v 0.207625 0.044743 0.20679009
v 0.207625 0.04582015 0.20679009
v 0.207625 0.04689731 0.20679009
v 0.207625 0.04797451 0.20679009
v 0.20884501 0.044743 0.20656681
v 0.20884501 0.04582015 0.20656684
v 0.20884501 0.04689731 0.20656687
v 0.20054206 0.04366581 0.2074297
v 0.19932192 0.044743 0.20765304
v 0.20054206 0.044743 0.20742973
v 0.19932194 0.04582015 0.20765304
v 0.20054206 0.04582015 0.20742973
v 0.19932194 0.04689731 0.20765304
v 0.20054207 0.04689731 0.20742973
v 0.20054207 0.04797451 0.20742973
v 0.20176199 0.0436658 0.20720681
v 0.20176199 0.044743 0.20720681
v 0.20176197 0.04582015 0.20720681
v 0.20176197 0.04689731 0.20720681
v 0.20176197 0.04797451 0.20720681
v 0.20262876 0.0436658 0.20704832
v 0.20262876 0.044743 0.20704832
v 0.20262876 0.04582015 0.20704832
v 0.20262876 0.04689731 0.20704832
v 0.20262876 0.04797451 0.20704832
v 0.20384889 0.0436658 0.2068251
v 0.20384891 0.044743 0.20682507
v 0.20384891 0.04582015 0.20682507
v 0.20384891 0.04689731 0.20682507
v 0.20384891 0.04797451 0.20682507
v 0.20506884 0.04366581 0.20660212
v 0.20506884 0.044743 0.20660212
v 0.20506884 0.04582015 0.20660212
v 0.20506884 0.04689731 0.20660212
v 0.20506884 0.04797451 0.20660212
v 0.20628897 0.04366581 0.2063789
v 0.20628897 0.044743 0.2063789
v 0.20628897 0.04582015 0.2063789
v 0.20628897 0.04689731 0.2063789
v 0.20628897 0.04797453 0.2063789
v 0.20750898 0.0436658 0.2061558
v 0.20750898 0.044743 0.2061558
v 0.20750898 0.04582015 0.2061558
v 0.20750899 0.04689731 0.2061558
v 0.20750899 0.04797451 0.2061558
v 0.20858649 0.044743 0.20588943
v 0.20858649 0.04582015 0.20588943
v 0.20858649 0.04689731 0.20588943
v 0.20831601 0.04797451 0.20666366
v 0.20819994 0.04797453 0.20602938
v 0.20831599 0.04689731 0.2066636
v 0.20819994 0.044743 0.20602935
v 0.20819994 0.04582015 0.20602938
v 0.20831599 0.04582015 0.2066636
v 0.20831601 0.044743 0.2066636
v 0.20831601 0.04366581 0.2066636
v 0.20819994 0.04689731 0.20602938
v 0.20819994 0.04366581 0.20602935
v 0.20049569 0.04626976 0.20721054
v 0.20031425 0.04635285 0.20724365
v 0.20054206 0.0463259 0.20724314
v 0.2003387 0.04641856 0.2072803
v 0.20011605 0.04635968 0.2072798
v 0.20011259 0.04642723 0.2073217
v 0.19993437 0.04628669 0.207313
v 0.19990859 0.0463429 0.20735886
v 0.19971074 0.04596655 0.20735386
v 0.1996548 0.04597989 0.20740535
v 0.19970256 0.04576819 0.20735541
v 0.19964355 0.04575635 0.20740726
v 0.19977405 0.04558012 0.20734235
v 0.19972591 0.04554212 0.20739212
v 0.19991086 0.04543333 0.20731729
v 0.19987878 0.04537729 0.20736444
v 0.20009192 0.0453503 0.20728415
v 0.20008246 0.04528456 0.20732709
v 0.2002855 0.04534704 0.20724877
v 0.20030847 0.04527602 0.20728573
v 0.20047186 0.04541648 0.20721465
v 0.20051227 0.04536023 0.20724839
v 0.20069555 0.04573663 0.20717376
v 0.20076626 0.04572335 0.20720207
v 0.20069913 0.04593846 0.20717322
v 0.20077744 0.04594673 0.2071999
v 0.20063224 0.04612314 0.20718541
v 0.20069521 0.04616099 0.20721501
v 0.20060558 0.04610572 0.2071903
v 0.2006715 0.0459303 0.20717814
v 0.20066462 0.04574402 0.20717954
v 0.2005257 0.04590829 0.20720487
v 0.20047727 0.04624337 0.20721375
v 0.20034818 0.04605889 0.20723736
v 0.2003069 0.04632156 0.20724484
v 0.20014986 0.04617973 0.20727375
v 0.20012228 0.04632715 0.2072786
v 0.1999515 0.04625918 0.20730999
v 0.20045493 0.04544404 0.2072179
v 0.20025651 0.04552341 0.20725417
v 0.20005819 0.04564428 0.20729035
v 0.19988083 0.04579489 0.20732298
v 0.1997419 0.04595922 0.20734834
v 0.20028413 0.04537611 0.20724907
v 0.20009942 0.04538164 0.20728278
v 0.19992934 0.04545968 0.20731404
v 0.19980081 0.04559752 0.20733749
v 0.19973479 0.04577286 0.20734953
v 0.200358 0.04635126 0.2074891
v 0.20053909 0.04626797 0.20745593
v 0.20058146 0.04632844 0.20744824
v 0.20037779 0.04642099 0.20748555
v 0.20016488 0.046355 0.20752453
v 0.20015136 0.04642902 0.20752692
v 0.19997873 0.04628602 0.20755851
v 0.19994197 0.04634744 0.20756527
v 0.19975605 0.04596724 0.20759919
v 0.19968672 0.04598239 0.207612
v 0.19975316 0.04576601 0.20759984
v 0.19967985 0.0457546 0.20761314
v 0.19982008 0.0455817 0.20758745
v 0.19976176 0.04553975 0.2075982
v 0.19995684 0.04543513 0.20756259
v 0.19991472 0.04537466 0.20757037
v 0.20013806 0.04535193 0.20752945
v 0.20011825 0.04528226 0.20753303
v 0.2003313 0.04534822 0.20749402
v 0.20034472 0.04527425 0.20749169
v 0.20051728 0.04541725 0.20746016
v 0.20055401 0.04535574 0.20745328
v 0.20074012 0.04573597 0.2074193
v 0.20080918 0.0457208 0.20740658
v 0.20074313 0.04593724 0.20741879
v 0.20081624 0.04594859 0.20740541
v 0.20067611 0.0461214 0.20743104
v 0.20073424 0.04616337 0.20742043
v 0.20018872 0.04620227 0.20752003
v 0.2004022 0.04607197 0.20748099
v 0.20059351 0.04590987 0.20744615
v 0.19990274 0.04579325 0.20757237
v 0.20009407 0.0456313 0.20753741
v 0.20030751 0.04550086 0.20749846
v 0.19982188 0.04622747 0.20758718
v 0.1997843 0.04622747 0.20738166
v 0.19975875 0.04613706 0.20759871
v 0.19972102 0.04613704 0.20739314
v 0.20069964 0.04556608 0.20721426
v 0.20063465 0.04560782 0.20718491
v 0.20063652 0.04547563 0.2072258
v 0.20057149 0.04551745 0.2071965
v 0.20067405 0.04547563 0.20743149
v 0.20073729 0.04556608 0.20741987
v 0.20043279 0.04575483 0.20722186
v 0.20061062 0.04562528 0.20718938
v 0.20023551 0.04589769 0.20725798
v 0.20003309 0.04604378 0.20729491
v 0.19985894 0.04616824 0.20732688
v 0.20054723 0.04553484 0.20720085
v 0.2003687 0.04566292 0.20723357
v 0.20017087 0.04580551 0.20726981
v 0.19996866 0.04595189 0.20730674
v 0.19979572 0.04607793 0.20733839
v 0.19983497 0.04618571 0.20733121
v 0.19977179 0.04609529 0.20734274
v 0.19987981 0.04618571 0.20757651
v 0.19981664 0.04609529 0.20758813
v 0.20061637 0.04551746 0.20744195
v 0.20067958 0.04560782 0.20743045
v 0.20006831 0.04605068 0.20754212
v 0.20028024 0.04589771 0.20750346
v 0.20049224 0.04574436 0.20746469
v 0.20000396 0.04595873 0.20755389
v 0.20021586 0.04580551 0.20751509
v 0.20042802 0.04565248 0.20747649
v 0.19980844 0.04621011 0.2073771
v 0.19974537 0.04611967 0.20738866
v 0.20060767 0.04549656 0.20723092
v 0.20067091 0.04558696 0.20721942
v 0.20043364 0.04562119 0.20726293
v 0.20049782 0.04571298 0.20725116
v 0.19992303 0.04599009 0.20735633
v 0.19998718 0.04608199 0.20734456
v 0.20017914 0.04580551 0.20731502
v 0.2002438 0.04589771 0.20730325
v 0.20793403 0.04589979 0.20585024
v 0.20787735 0.04609359 0.20586037
v 0.20800858 0.04590636 0.20587766
v 0.20794466 0.04612348 0.20588928
v 0.20775297 0.04625066 0.2058832
v 0.20780329 0.0463031 0.20591521
v 0.20757997 0.04634275 0.20591485
v 0.20760743 0.04640488 0.20595103
v 0.20719532 0.0463057 0.20598527
v 0.20717127 0.04636304 0.20603078
v 0.20704238 0.04618231 0.2060132
v 0.20699748 0.04622562 0.20606243
v 0.20694892 0.04600446 0.20603033
v 0.20689156 0.04602232 0.2060818
v 0.20692911 0.04580337 0.20603391
v 0.206869 0.0457968 0.20608604
v 0.20698559 0.04560953 0.20602357
v 0.20693297 0.04557973 0.20607429
v 0.20710954 0.04545857 0.20600092
v 0.20707404 0.04540013 0.20604839
v 0.2072831 0.0453606 0.20596909
v 0.20727008 0.04529819 0.20601269
v 0.20766772 0.04539751 0.20589891
v 0.20770642 0.04534015 0.20593297
v 0.20782026 0.04552675 0.20587086
v 0.20788019 0.04547747 0.20590105
v 0.20791415 0.04569879 0.20585387
v 0.20798589 0.04568082 0.20588177
v 0.20788374 0.04570793 0.2058593
v 0.207796 0.04554262 0.20587524
v 0.20765274 0.04542628 0.2059015
v 0.20768444 0.04564054 0.20589575
v 0.2079024 0.04589678 0.20585581
v 0.20768076 0.04587546 0.20589649
v 0.20784923 0.0460788 0.20586565
v 0.20764091 0.04610711 0.20590373
v 0.20773279 0.04622453 0.20588687
v 0.20757053 0.04631153 0.20591658
v 0.20729239 0.04539158 0.20596742
v 0.20722198 0.04559608 0.20598024
v 0.20718248 0.0458277 0.20598757
v 0.20717865 0.04606267 0.20598813
v 0.20721013 0.046277 0.20598247
v 0.20713031 0.04547863 0.20599716
v 0.20701363 0.04562433 0.20601844
v 0.20696078 0.04580632 0.20602807
v 0.2069794 0.04599528 0.20602458
v 0.20706692 0.04616065 0.20600876
v 0.20792025 0.04609336 0.20610618
v 0.20797686 0.04589966 0.20609584
v 0.20804944 0.04590662 0.20608255
v 0.20798523 0.04612376 0.20609435
v 0.20779691 0.04624453 0.20612886
v 0.20784321 0.04630335 0.20612031
v 0.20762404 0.04634269 0.20616039
v 0.20764558 0.04641102 0.20615643
v 0.2072409 0.04630581 0.20623049
v 0.20720709 0.04636903 0.20623654
v 0.2070892 0.0461765 0.20625814
v 0.20703277 0.0462255 0.20626848
v 0.20699577 0.04600464 0.20627534
v 0.20692652 0.0460221 0.20628795
v 0.20697607 0.04580353 0.20627892
v 0.20690342 0.04579656 0.20629209
v 0.20703239 0.04560982 0.20626848
v 0.20696769 0.04557939 0.20628038
v 0.20715598 0.04545871 0.20624586
v 0.20710954 0.04539992 0.20625439
v 0.2073289 0.04536066 0.20621439
v 0.20730705 0.04529211 0.20621842
v 0.20771183 0.0453974 0.20614436
v 0.20774559 0.04533427 0.20613807
v 0.20786351 0.04552666 0.2061167
v 0.20791989 0.04547768 0.2061063
v 0.20795705 0.04569858 0.20609957
v 0.20802637 0.04568104 0.20608693
v 0.20769879 0.04612646 0.20614677
v 0.20774115 0.04587705 0.20613905
v 0.20774559 0.04562388 0.20613813
v 0.20720739 0.04607927 0.20623651
v 0.2072117 0.04582614 0.20623573
v 0.20725397 0.04557675 0.20622804
v 0.20747792 0.04642513 0.20618706
v 0.2074404 0.04642513 0.20598164
v 0.20736932 0.04641464 0.206207
v 0.20733171 0.04641464 0.20600143
v 0.20754593 0.04528855 0.20596209
v 0.20753186 0.04536026 0.20592352
v 0.20743739 0.04527811 0.20598214
v 0.20742331 0.04534984 0.20594343
v 0.207475 0.04527811 0.20618778
v 0.2075836 0.04528855 0.20616784
v 0.2075095 0.04561166 0.20592773
v 0.20752912 0.04539024 0.20592409
v 0.20748683 0.04585683 0.20593181
v 0.20746338 0.04610813 0.20593613
v 0.20744247 0.04632345 0.20594
v 0.20742057 0.04537982 0.20594397
v 0.20739916 0.04560104 0.20594796
v 0.20737612 0.04584622 0.20595216
v 0.20735301 0.04609751 0.20595639
v 0.20733384 0.04631296 0.20595991
v 0.20743961 0.04635334 0.20594051
v 0.20733101 0.04634288 0.20596045
v 0.2074846 0.04635336 0.2061859
v 0.20737578 0.04634288 0.20620569
v 0.20746816 0.04534984 0.20618891
v 0.20757676 0.04536026 0.20616892
v 0.2075071 0.04612007 0.20618185
v 0.20753173 0.04585683 0.20617732
v 0.20755603 0.04559375 0.20617282
v 0.2073967 0.04610952 0.20620197
v 0.2074209 0.04584622 0.20619741
v 0.2074455 0.04558304 0.20619306
v 0.20744308 0.0463953 0.20598086
v 0.20733434 0.04638478 0.20600089
v 0.20743399 0.045314 0.20598277
v 0.20754267 0.04532437 0.20596286
v 0.20741294 0.04552928 0.20598655
v 0.20752349 0.04553981 0.20596641
v 0.20735415 0.04616336 0.20599734
v 0.2074645 0.04617391 0.20597711
v 0.20738446 0.04584622 0.20599734
v 0.20749519 0.04585685 0.20597708
v 0.21403446 0.04615908 -0.11464853
v 0.21254804 0.05386303 0.1174491
v 0.21254804 0.04440053 0.1177534
v 0.2140937 0.04076676 -0.11188952
v 0.2173821 0.04615646 -0.11473026
v 0.21690729 0.05386732 0.1175832
v 0.21690729 0.04440483 0.11788733
v 0.21741832 0.04085362 -0.11232328
v 0.21547 0.01148138 -0.19682809
v 0.2105489 0.01148847 -0.19660782
v 0.21706816 0.03683874 -0.15425299
v 0.21214477 0.03684411 -0.15408603
v 0.21853524 0.04615561 -0.11475797
v 0.21288175 0.04616 -0.11462026
v 0.2172532 0.03284099 -0.14823539
v 0.21868339 0.04075853 -0.11211864
v 0.21233004 0.03284613 -0.1480751
v 0.21294093 0.04076766 -0.11186154
v 0.21574941 0.0090128 -0.18990156
v 0.21082782 0.00901963 -0.18968901
v 0.2173714 0.04880575 -0.1152604
v 0.21592125 0.04997956 -0.11546
v 0.21690729 0.05724507 0.11747455
v 0.21502468 0.05879209 0.11736653
v 0.21348267 0.0616266 0.21147397
v 0.21348267 0.05775897 0.21159832
v 0.21121762 0.06346827 0.21353444
v 0.21121762 0.05782698 0.21371576
v 0.21348267 0.0469242 0.21194651
v 0.21348267 0.04305702 0.21207068
v 0.21690729 0.04102748 0.11799557
v 0.21502468 0.03947622 0.1179872
v 0.21121762 0.04135096 0.21424523
v 0.21121762 0.04699226 0.21406392
v 0.21745669 0.03824807 -0.1112197
v 0.21601751 0.03709478 -0.11084213
v 0.21505089 0.01462111 -0.20683807
v 0.21388261 -0.01465287 -0.23329687
v 0.21351341 -0.00553824 -0.23467163
v 0.21374052 0.01500144 -0.20798502
v 0.21215467 -0.00521489 -0.23572719
v 0.21257838 -0.01534981 -0.23420628
v 0.21693801 0.04057329 -0.15847228
v 0.21565234 0.04133915 -0.15929174
v 0.21851588 0.04968305 -0.11568491
v 0.21706356 0.05084568 -0.11595498
v 0.21862034 0.03740614 -0.11074896
v 0.21738393 0.03027288 -0.1439215
v 0.21615584 0.02965858 -0.14284804
v 0.21718283 0.03627047 -0.11029329
v 0.21616254 0.00728857 -0.17927715
v 0.21495148 0.0070834 -0.17795617
v 0.21469888 -0.01658557 -0.20789375
v 0.21414309 -0.01802437 -0.22686407
v 0.21283878 -0.01872955 -0.22776553
v 0.21342511 -0.0172393 -0.20744578
v 0.21402259 0.04916419 -0.11524994
v 0.21254804 0.05771011 0.11732542
v 0.20846121 0.0621771 0.21186161
v 0.20846121 0.05777201 0.2120032
v 0.20846121 0.04693725 0.21235132
v 0.21254804 0.04055333 0.11787682
v 0.20846121 0.04253208 0.2124928
v 0.21411113 0.03790053 -0.11103686
v 0.21010863 0.01474342 -0.20696979
v 0.20900094 -0.00543289 -0.2347666
v 0.20872819 -0.01485586 -0.23331263
v 0.21199931 0.04081043 -0.15856114
v 0.21286062 0.05004008 -0.11563918
v 0.21246443 0.03009136 -0.14345262
v 0.21296913 0.03706564 -0.1104886
v 0.21125094 0.00723223 -0.17869338
v 0.20908528 -0.01823033 -0.22689004
v 0.21030986 -0.01677751 -0.20756545
v 0.21495109 0.04998034 -0.11543618
v 0.21376113 0.05879089 0.11732845
v 0.20977208 0.06346567 0.21345481
v 0.20977208 0.05782446 0.21363614
v 0.20977208 0.0413484 0.21416555
v 0.21376113 0.03947498 0.11794924
v 0.20977208 0.04698969 0.21398429
v 0.21504773 0.03709552 -0.11081959
v 0.20987026 -0.00521083 -0.23560097
v 0.21094912 0.01500573 -0.20785105
v 0.20956818 -0.0153445 -0.23404087
v 0.21285656 0.04134231 -0.15919314
v 0.21386387 0.0508482 -0.11587619
v 0.21398286 0.03627289 -0.1102187
v 0.21336196 0.02966141 -0.14276073
v 0.21216131 0.007087 -0.17784361
v 0.21121996 -0.01723589 -0.2073397
v 0.20992723 -0.01872456 -0.22761108
v 0.21580404 0.05218359 -0.05722686
v 0.21684768 0.05218319 -0.05723817
v 0.21589005 0.05438479 0.00092128
v 0.21700722 0.0543849 0.00092459
v 0.21520833 0.05658651 0.05908225
v 0.21639822 0.05658711 0.05910195
v 0.21817025 0.05193778 0.05944141
v 0.21817213 0.05513297 0.05922776
v 0.21867115 0.05001095 0.00139084
v 0.21867179 0.05302423 0.00107172
v 0.21840852 0.04808458 -0.05664192
v 0.2184048 0.05091571 -0.05706651
v 0.21815693 0.04033056 0.06062782
v 0.21815693 0.04351472 0.06027067
v 0.21866619 0.03963653 0.00334935
v 0.21865995 0.04262801 0.00274378
v 0.21843236 0.03894314 -0.05391
v 0.21841347 0.04174142 -0.05476385
v 0.21406425 0.05557192 0.05913004
v 0.21406231 0.0519357 0.05937314
v 0.21481734 0.05343671 0.00101703
v 0.21481625 0.05001056 0.00137924
v 0.21480263 0.0513014 -0.05708529
v 0.21480669 0.04808586 -0.05660387
v 0.21404868 0.03988834 0.06059582
v 0.21519137 0.0388781 0.06070085
v 0.21481111 0.03922594 0.00339571
v 0.21588365 0.0382843 0.00353596
v 0.21483112 0.03856435 -0.05379176
v 0.21583564 0.03769061 -0.05361417
v 0.21405194 0.04349046 0.06029016
v 0.21481272 0.04258267 0.00290837
v 0.21482583 0.04167561 -0.05446136
v 0.21638122 0.03887875 0.06072076
v 0.21700055 0.03828444 0.00353978
v 0.21687901 0.03769027 -0.05362462
v -0.2006834 0.05841787 0.20026195
v -0.2010061 0.05841787 0.19893926
v -0.20181046 0.05841787 0.19784066
v -0.20297376 0.05841787 0.19713369
v -0.20431911 0.05841787 0.19692564
v -0.20564179 0.05841787 0.19724836
v -0.20795704 0.05841787 0.19760721
v -0.2079083 0.05841787 0.19916796
v -0.20783717 0.05841787 0.20056939
v -0.2077773 0.05841787 0.20193028
v -0.20771895 0.05841787 0.20346188
v -0.20536516 0.05841787 0.20368963
v -0.20401966 0.05841787 0.2038978
v -0.20269689 0.05841787 0.20357522
v -0.20159842 0.05841787 0.20277077
v -0.20089142 0.05841787 0.20160728
v -0.20270237 0.05841787 0.20034861
v -0.20283813 0.05841787 0.19979202
v -0.20317666 0.05841787 0.19932979
v -0.20366619 0.05841787 0.19903206
v -0.20423235 0.05841787 0.19894444
v -0.20478925 0.05841787 0.19908034
v -0.20525144 0.05841787 0.19941869
v -0.20554909 0.05841787 0.19990858
v -0.2056365 0.05841787 0.20047488
v -0.20550072 0.05841787 0.20103147
v -0.20516231 0.05841787 0.20149374
v -0.20467248 0.05841787 0.20179125
v -0.20410637 0.05841787 0.20187896
v -0.20354968 0.05841787 0.20174309
v -0.20308737 0.05841787 0.20140457
v -0.2027899 0.05841787 0.20091512
v -0.20192128 0.05841787 0.19936528
v -0.20169208 0.05841787 0.20030522
v -0.20249304 0.05841787 0.19858473
v -0.20331969 0.05841787 0.19808214
v -0.20427593 0.05841787 0.19793444
v -0.20521569 0.05841787 0.19816359
v -0.20660509 0.05841787 0.19851243
v -0.20672948 0.05841787 0.19953793
v -0.20673765 0.05841787 0.200522
v -0.20663976 0.05841787 0.20148119
v -0.20644156 0.05841787 0.2024784
v -0.20501913 0.05841787 0.20274108
v -0.2040629 0.05841787 0.20288902
v -0.20312307 0.05841787 0.20265984
v -0.20234248 0.05841787 0.20208823
v -0.20184001 0.05841787 0.2012614
v -0.20169208 0.05777835 0.20030522
v -0.20192128 0.05777835 0.19936528
v -0.20283813 0.05777835 0.19979202
v -0.20270237 0.05777835 0.20034861
v -0.20249304 0.05777835 0.19858473
v -0.20317666 0.05777835 0.19932979
v -0.20331969 0.05777835 0.19808214
v -0.20366619 0.05777835 0.19903206
v -0.20427593 0.05777835 0.19793444
v -0.20423235 0.05777835 0.19894444
v -0.20521569 0.05777835 0.19816359
v -0.20478925 0.05777835 0.19908034
v -0.20660509 0.05777835 0.19851243
v -0.20525144 0.05777835 0.19941869
v -0.20672948 0.05777835 0.19953793
v -0.20554909 0.05777835 0.19990858
v -0.20673765 0.05777835 0.200522
v -0.2056365 0.05777835 0.20047488
v -0.20663976 0.05777835 0.20148119
v -0.20550072 0.05777835 0.20103147
v -0.20644156 0.05777835 0.2024784
v -0.20516231 0.05777835 0.20149374
v -0.20501913 0.05777835 0.20274108
v -0.20467248 0.05777835 0.20179125
v -0.2040629 0.05777835 0.20288902
v -0.20410637 0.05777835 0.20187896
v -0.20312307 0.05777835 0.20265984
v -0.20354968 0.05777835 0.20174309
v -0.20234248 0.05777835 0.2020882
v -0.20308737 0.05777835 0.20140454
v -0.20184001 0.05777835 0.2012614
v -0.2027899 0.05777835 0.20091506
v -0.2006834 0.05777835 0.20026195
v -0.2010061 0.05777835 0.19893926
v -0.20181046 0.05777835 0.19784066
v -0.20297376 0.05777835 0.19713369
v -0.20431911 0.05777835 0.19692564
v -0.20564179 0.05777835 0.19724834
v -0.20795704 0.05777835 0.19760721
v -0.2079083 0.05777835 0.19916796
v -0.20783717 0.05777835 0.20056939
v -0.2077773 0.05777835 0.20193028
v -0.20771895 0.05777835 0.20346188
v -0.20536516 0.05777835 0.20368963
v -0.20401966 0.05777835 0.2038978
v -0.20269689 0.05777835 0.20357522
v -0.2015984 0.05777835 0.20277074
v -0.20089142 0.05777835 0.20160728
v -0.2006834 0.05990575 0.20026195
v -0.2010061 0.05990575 0.19893926
v -0.20181046 0.05990575 0.19784066
v -0.20297376 0.05990573 0.19713369
v -0.20431911 0.05990575 0.19692564
v -0.20564179 0.05990575 0.19724836
v -0.20795704 0.05990575 0.19760721
v -0.2079083 0.05990575 0.19916796
v -0.20783717 0.05990573 0.20056939
v -0.20777729 0.05990575 0.20193028
v -0.20771895 0.05990575 0.20346188
v -0.20536516 0.05990575 0.20368963
v -0.20401966 0.05990575 0.2038978
v -0.20269689 0.05990575 0.20357522
v -0.20159842 0.05990575 0.20277077
v -0.20089142 0.05990575 0.20160728
v -0.20270235 0.05990573 0.20034861
v -0.20283813 0.05990575 0.19979202
v -0.20317666 0.05990575 0.19932979
v -0.20366619 0.05990575 0.19903206
v -0.20423235 0.05990575 0.19894444
v -0.20478925 0.05990575 0.19908034
v -0.20525144 0.05990575 0.19941869
v -0.20554909 0.05990575 0.19990858
v -0.2056365 0.05990575 0.20047488
v -0.2055007 0.05990575 0.20103147
v -0.20516231 0.05990575 0.20149374
v -0.20467248 0.05990575 0.20179125
v -0.20410637 0.05990575 0.20187896
v -0.20354968 0.05990575 0.20174309
v -0.20308737 0.05990573 0.20140457
v -0.2027899 0.05990573 0.20091512
v -0.20192128 0.05990575 0.19936528
v -0.20169208 0.05990575 0.20030522
v -0.20249304 0.05990575 0.19858473
v -0.20331969 0.05990575 0.19808214
v -0.20427593 0.05990575 0.19793444
v -0.20521569 0.05990575 0.19816359
v -0.20660509 0.05990575 0.19851243
v -0.20672948 0.05990575 0.19953793
v -0.20673765 0.05990573 0.200522
v -0.20663976 0.05990575 0.20148119
v -0.20644158 0.05990575 0.20247843
v -0.20501913 0.05990575 0.20274108
v -0.2040629 0.05990575 0.20288902
v -0.20312306 0.05990575 0.20265984
v -0.20234248 0.05990575 0.20208823
v -0.20183999 0.05990575 0.20126143
v -0.20169208 0.05926609 0.20030522
v -0.20192128 0.05926607 0.19936528
v -0.20283813 0.05926609 0.19979202
v -0.20270237 0.05926609 0.20034861
v -0.20249304 0.05926609 0.19858473
v -0.20317666 0.05926609 0.19932979
v -0.20331969 0.05926609 0.19808214
v -0.20366619 0.05926609 0.19903206
v -0.20427593 0.05926609 0.19793444
v -0.20423235 0.05926609 0.19894444
v -0.20521569 0.05926609 0.19816359
v -0.20478925 0.05926609 0.19908034
v -0.20660509 0.05926609 0.19851243
v -0.20525144 0.05926609 0.19941869
v -0.20672948 0.05926609 0.19953793
v -0.20554909 0.05926609 0.19990858
v -0.20673765 0.05926609 0.200522
v -0.2056365 0.05926609 0.20047488
v -0.20663976 0.05926609 0.20148119
v -0.2055007 0.05926609 0.20103147
v -0.20644158 0.05926609 0.20247843
v -0.20516231 0.05926609 0.20149374
v -0.20501913 0.05926609 0.20274108
v -0.20467248 0.05926609 0.20179125
v -0.2040629 0.05926609 0.20288902
v -0.20410637 0.05926609 0.20187896
v -0.20312307 0.05926609 0.20265984
v -0.20354968 0.05926609 0.20174309
v -0.20234248 0.05926609 0.20208823
v -0.20308737 0.05926609 0.20140457
v -0.20184001 0.05926609 0.2012614
v -0.2027899 0.05926609 0.20091512
v -0.2006834 0.05926609 0.20026195
v -0.2010061 0.05926609 0.19893926
v -0.20181046 0.05926609 0.19784066
v -0.20297376 0.05926609 0.19713369
v -0.20431911 0.05926609 0.19692564
v -0.20564179 0.05926609 0.19724834
v -0.20795704 0.05926609 0.19760721
v -0.2079083 0.05926609 0.19916796
v -0.20783717 0.05926609 0.20056939
v -0.20777729 0.05926609 0.20193028
v -0.20771895 0.05926609 0.20346188
v -0.20536516 0.05926609 0.20368963
v -0.20401966 0.05926609 0.2038978
v -0.20269686 0.05926609 0.20357522
v -0.20159842 0.05926609 0.20277077
v -0.20089142 0.05926609 0.20160728
v -0.2006834 0.05698196 0.20026195
v -0.2010061 0.05698196 0.19893926
v -0.20181046 0.05698196 0.19784066
v -0.20297376 0.05698196 0.19713369
v -0.20431911 0.05698196 0.19692564
v -0.20564179 0.05698196 0.19724836
v -0.20795704 0.05698196 0.19760721
v -0.2079083 0.05698196 0.19916796
v -0.20783717 0.05698196 0.20056939
v -0.2077773 0.05698196 0.20193028
v -0.20771895 0.05698196 0.20346188
v -0.20536516 0.05698196 0.20368963
v -0.20401966 0.05698196 0.2038978
v -0.20269686 0.05698196 0.20357522
v -0.2015984 0.05698196 0.20277074
v -0.20089142 0.05698196 0.20160728
v -0.20270237 0.05698196 0.20034861
v -0.20283813 0.05698196 0.19979202
v -0.20317666 0.05698196 0.19932979
v -0.20366619 0.05698196 0.19903206
v -0.20423235 0.05698196 0.19894444
v -0.20478925 0.05698196 0.19908034
v -0.20525144 0.05698196 0.19941869
v -0.20554909 0.05698196 0.19990858
v -0.2056365 0.05698196 0.20047485
v -0.20550072 0.05698196 0.20103147
v -0.20516231 0.05698196 0.20149374
v -0.20467248 0.05698196 0.20179125
v -0.20410637 0.05698196 0.20187896
v -0.20354968 0.05698196 0.20174309
v -0.20308737 0.05698196 0.20140454
v -0.2027899 0.05698196 0.20091506
v -0.20192128 0.05698196 0.19936528
v -0.20169208 0.05698196 0.20030522
v -0.20249304 0.05698196 0.19858473
v -0.20331969 0.05698196 0.19808214
v -0.20427593 0.05698196 0.19793444
v -0.20521569 0.05698196 0.19816359
v -0.20660509 0.05698196 0.19851243
v -0.20672948 0.05698196 0.1995379
v -0.20673765 0.05698196 0.200522
v -0.20663976 0.05698196 0.20148119
v -0.20644156 0.05698196 0.2024784
v -0.20501913 0.05698196 0.20274108
v -0.2040629 0.05698196 0.20288902
v -0.20312307 0.05698196 0.20265984
v -0.20234248 0.05698196 0.20208817
v -0.20184001 0.05698196 0.2012614
v -0.20169207 0.05634242 0.20030519
v -0.20192128 0.05634242 0.19936528
v -0.20283813 0.0563424 0.19979202
v -0.20270237 0.0563424 0.20034861
v -0.20249304 0.0563424 0.19858473
v -0.20317666 0.0563424 0.19932979
v -0.20331969 0.0563424 0.19808214
v -0.20366619 0.0563424 0.19903206
v -0.20427593 0.0563424 0.19793444
v -0.20423235 0.0563424 0.19894444
v -0.20521569 0.0563424 0.19816359
v -0.20478925 0.05634242 0.19908034
v -0.20660509 0.05634242 0.19851243
v -0.20525144 0.05634242 0.19941869
v -0.20672948 0.05634242 0.19953793
v -0.20554909 0.05634242 0.19990858
v -0.20673765 0.0563424 0.200522
v -0.2056365 0.05634242 0.20047485
v -0.20663976 0.0563424 0.20148119
v -0.20550072 0.0563424 0.20103147
v -0.20644155 0.0563424 0.2024784
v -0.20516231 0.0563424 0.20149374
v -0.20501913 0.0563424 0.20274108
v -0.20467248 0.0563424 0.20179125
v -0.2040629 0.0563424 0.20288902
v -0.20410637 0.0563424 0.20187896
v -0.20312307 0.0563424 0.20265984
v -0.20354968 0.0563424 0.20174309
v -0.20234248 0.0563424 0.20208817
v -0.20308737 0.0563424 0.20140454
v -0.20184001 0.0563424 0.2012614
v -0.2027899 0.0563424 0.20091506
v -0.2006834 0.0563424 0.20026195
v -0.2010061 0.05634242 0.19893926
v -0.20181046 0.05634242 0.19784066
v -0.20297376 0.0563424 0.19713369
v -0.20431911 0.0563424 0.19692564
v -0.20564179 0.0563424 0.19724834
v -0.20795704 0.0563424 0.19760721
v -0.2079083 0.05634242 0.19916796
v -0.20783717 0.0563424 0.20056939
v -0.2077773 0.05634242 0.20193028
v -0.20771895 0.0563424 0.20346188
v -0.20536516 0.05634242 0.20368963
v -0.20401966 0.0563424 0.2038978
v -0.20269689 0.0563424 0.20357519
v -0.2015984 0.05634242 0.20277074
v -0.20089142 0.0563424 0.20160728
v -0.20872147 0.05777835 0.19920134
v -0.20877035 0.05777835 0.19763246
v -0.20877035 0.05841787 0.19763246
v -0.20872147 0.05841787 0.19920134
v -0.20865 0.05777835 0.20060768
v -0.20865 0.05841787 0.20060768
v -0.20859034 0.05777835 0.2019636
v -0.20859034 0.05841787 0.2019636
v -0.20853196 0.05777835 0.20349305
v -0.20853196 0.05841787 0.20349305
v -0.20872147 0.05926609 0.19920134
v -0.20877035 0.05926609 0.19763246
v -0.20877035 0.05990575 0.19763246
v -0.20872147 0.05990575 0.19920134
v -0.20865 0.05926609 0.20060768
v -0.20865 0.05990575 0.20060768
v -0.20859034 0.05926609 0.2019636
v -0.20859034 0.05990575 0.2019636
v -0.20853196 0.05926609 0.20349302
v -0.20853196 0.05990575 0.20349302
v -0.20872147 0.0563424 0.19920134
v -0.20877035 0.0563424 0.19763246
v -0.20877035 0.05698196 0.19763246
v -0.20872147 0.05698196 0.19920134
v -0.20865 0.0563424 0.20060768
v -0.20865 0.05698196 0.20060768
v -0.20859034 0.0563424 0.2019636
v -0.20859034 0.05698196 0.2019636
v -0.20853196 0.0563424 0.20349302
v -0.20853196 0.05698196 0.20349302
v -0.20899905 0.05700147 0.19072866
v -0.20899905 0.05807861 0.19072866
v -0.20899905 0.05915577 0.19072866
v -0.20894587 0.05592426 0.19196778
v -0.20894587 0.05700147 0.19196778
v -0.20894587 0.05807861 0.19196778
v -0.20894587 0.05915577 0.19196778
v -0.20894587 0.06023298 0.19196778
v -0.20889259 0.05592428 0.19320693
v -0.20889259 0.05700147 0.19320693
v -0.20889259 0.05807861 0.19320693
v -0.20889259 0.05915577 0.19320693
v -0.20889259 0.06023298 0.19320693
v -0.20868392 0.05592428 0.19806301
v -0.20868392 0.05700147 0.19806301
v -0.20868392 0.05807861 0.19806301
v -0.20868392 0.05915577 0.19806301
v -0.20868392 0.06023298 0.19806301
v -0.20863069 0.05592428 0.19930216
v -0.20863069 0.05700147 0.19930216
v -0.20863069 0.05807861 0.19930216
v -0.20863069 0.05915577 0.19930216
v -0.20863069 0.06023298 0.19930216
v -0.20857733 0.05592426 0.20054137
v -0.20857733 0.05700147 0.20054137
v -0.20857735 0.05807861 0.20054137
v -0.20857735 0.05915577 0.20054137
v -0.20857735 0.06023298 0.20054137
v -0.20848979 0.05592428 0.20257988
v -0.20848979 0.05700147 0.20257988
v -0.20848982 0.05807861 0.20257991
v -0.20848982 0.05915577 0.20257991
v -0.20848982 0.06023298 0.20257991
v -0.20843645 0.05592426 0.20381906
v -0.20843647 0.05700147 0.20381909
v -0.20843647 0.05807861 0.20381909
v -0.20843645 0.05915577 0.20381909
v -0.20843645 0.06023298 0.20381909
v -0.20838335 0.05700147 0.20505827
v -0.20838336 0.05807861 0.2050583
v -0.20838336 0.05915577 0.2050583
v -0.20958989 0.05592428 0.19199544
v -0.20964333 0.05700147 0.19075632
v -0.20958989 0.05700147 0.19199544
v -0.2096433 0.05807861 0.19075635
v -0.20958989 0.05807861 0.19199544
v -0.2096433 0.05915577 0.19075635
v -0.20958989 0.05915577 0.19199544
v -0.20958989 0.06023298 0.19199544
v -0.2095367 0.05592428 0.19323447
v -0.2095367 0.05700147 0.19323447
v -0.2095367 0.05807861 0.19323447
v -0.2095367 0.05915577 0.19323447
v -0.2095367 0.06023298 0.19323447
v -0.20932813 0.05592428 0.19809085
v -0.20932813 0.05700147 0.19809085
v -0.20932813 0.05807861 0.19809085
v -0.20932813 0.05915577 0.19809085
v -0.20932813 0.06023298 0.19809085
v -0.20927475 0.05592428 0.19932982
v -0.20927475 0.05700147 0.19932982
v -0.20927475 0.05807861 0.19932982
v -0.20927475 0.05915577 0.19932982
v -0.20927475 0.06023298 0.19932982
v -0.20922152 0.05592428 0.200569
v -0.20922152 0.05700147 0.200569
v -0.20922152 0.05807861 0.200569
v -0.20922152 0.05915577 0.20056903
v -0.20922152 0.06023298 0.20056903
v -0.2091341 0.05592428 0.2026076
v -0.2091341 0.05700147 0.2026076
v -0.2091341 0.05807861 0.2026076
v -0.2091341 0.05915577 0.2026076
v -0.2091341 0.06023299 0.2026076
v -0.20908087 0.05592428 0.20384681
v -0.20908087 0.05700147 0.20384681
v -0.20908087 0.05807861 0.20384681
v -0.20908087 0.05915577 0.20384681
v -0.20908087 0.06023298 0.20384681
v -0.20902751 0.05700147 0.20508587
v -0.20902751 0.05807861 0.20508587
v -0.20902751 0.05915577 0.20508587
v -0.20840634 0.06023298 0.20452097
v -0.20905061 0.06023299 0.20454862
v -0.20840634 0.05915577 0.20452097
v -0.20905061 0.05700147 0.20454862
v -0.20905061 0.05807861 0.20454862
v -0.20840634 0.05807861 0.20452097
v -0.20840637 0.05700147 0.20452094
v -0.20840637 0.05592426 0.20452094
v -0.20905061 0.05915577 0.20454862
v -0.20905061 0.05592428 0.20454862
v -0.20417176 0.06009677 0.20041182
v -0.20275917 0.06009677 0.20035114
v -0.20279805 0.06009677 0.20007669
v -0.2028898 0.06009677 0.19981524
v -0.20303086 0.06009677 0.19957655
v -0.20321568 0.06009677 0.19936999
v -0.20343749 0.06009677 0.19920346
v -0.20368729 0.06009677 0.19908344
v -0.20395566 0.06009677 0.19901463
v -0.20423233 0.06009677 0.19899925
v -0.20450677 0.06009677 0.19903814
v -0.20476843 0.06009677 0.19912999
v -0.20500712 0.06009677 0.19927096
v -0.20521339 0.06009677 0.19945588
v -0.20537999 0.06009677 0.19967752
v -0.2055 0.06009677 0.19992736
v -0.20556895 0.06009677 0.20019573
v -0.20558421 0.06009677 0.20047241
v -0.2055453 0.06009677 0.20074686
v -0.20545348 0.06009677 0.20100846
v -0.20531256 0.06009677 0.20124715
v -0.20512768 0.06009677 0.2014535
v -0.20490618 0.06009677 0.20162004
v -0.20465613 0.06009677 0.20174014
v -0.20438782 0.06009677 0.20180901
v -0.20411105 0.06009677 0.20182433
v -0.20383672 0.06009677 0.20178538
v -0.20357489 0.06009677 0.20169353
v -0.20333659 0.06009677 0.20155262
v -0.20312985 0.06009677 0.20136779
v -0.20296341 0.06009677 0.20114627
v -0.20284336 0.06009677 0.20089635
v -0.20277445 0.06009677 0.20062792
v -0.20275917 0.05981674 0.20035114
v -0.20279805 0.05981674 0.20007669
v -0.2028898 0.05981676 0.19981524
v -0.20303086 0.05981676 0.19957655
v -0.20321567 0.05981676 0.19936999
v -0.20343749 0.05981676 0.19920346
v -0.20368729 0.05981676 0.19908344
v -0.20395566 0.05981676 0.19901463
v -0.20423233 0.05981676 0.19899925
v -0.20450677 0.05981676 0.19903814
v -0.20476843 0.05981676 0.19912999
v -0.20500712 0.05981676 0.19927096
v -0.20521339 0.05981676 0.19945588
v -0.20537999 0.05981676 0.19967752
v -0.2055 0.05981676 0.19992736
v -0.20556896 0.05981676 0.20019576
v -0.20558421 0.05981676 0.20047241
v -0.2055453 0.05981676 0.20074686
v -0.20545348 0.05981676 0.20100846
v -0.20531256 0.05981676 0.20124715
v -0.20512768 0.05981676 0.2014535
v -0.20490618 0.05981676 0.20162004
v -0.20465613 0.05981676 0.20174014
v -0.20438782 0.05981676 0.20180901
v -0.20411105 0.05981676 0.20182433
v -0.20383672 0.05981676 0.20178538
v -0.20357489 0.05981676 0.20169353
v -0.20333659 0.05981676 0.20155262
v -0.20312985 0.05981676 0.20136779
v -0.20296341 0.05981674 0.20114627
v -0.20284336 0.05981674 0.20089635
v -0.20277445 0.05981674 0.20062792
v -0.20275917 0.05953668 0.20035114
v -0.20279805 0.05953668 0.20007669
v -0.2028898 0.05953668 0.19981524
v -0.20303086 0.05953668 0.19957655
v -0.20321567 0.05953668 0.19936999
v -0.20343749 0.05953668 0.19920346
v -0.20368729 0.05953669 0.19908344
v -0.20395566 0.05953668 0.19901463
v -0.20423233 0.05953669 0.19899925
v -0.20450677 0.05953669 0.19903814
v -0.20476843 0.05953668 0.19912999
v -0.20500712 0.05953671 0.19927096
v -0.20521339 0.05953671 0.19945588
v -0.20537999 0.05953669 0.19967752
v -0.2055 0.05953669 0.19992736
v -0.20556896 0.05953669 0.20019576
v -0.20558421 0.05953668 0.20047241
v -0.2055453 0.05953668 0.20074686
v -0.20545348 0.05953669 0.20100846
v -0.20531256 0.05953669 0.20124715
v -0.20512768 0.05953669 0.2014535
v -0.20490618 0.05953669 0.20162004
v -0.20465613 0.05953669 0.20174014
v -0.20438782 0.05953669 0.20180901
v -0.20411105 0.05953668 0.20182433
v -0.20383672 0.05953669 0.20178538
v -0.20357489 0.05953668 0.20169353
v -0.20333659 0.05953668 0.20155262
v -0.20312985 0.05953669 0.20136779
v -0.20296341 0.05953671 0.20114627
v -0.20284336 0.05953668 0.20089635
v -0.20277445 0.05953668 0.20062792
v -0.20275917 0.05925661 0.20035114
v -0.20279805 0.05925661 0.20007669
v -0.2028898 0.05925661 0.19981524
v -0.20303086 0.05925661 0.19957655
v -0.20321567 0.05925661 0.19936999
v -0.20343749 0.05925661 0.19920346
v -0.20368729 0.05925661 0.19908347
v -0.20395566 0.05925661 0.19901463
v -0.20423233 0.05925661 0.19899922
v -0.20450677 0.05925661 0.19903814
v -0.20476843 0.05925662 0.19912999
v -0.20500712 0.05925662 0.19927096
v -0.20521339 0.05925662 0.19945588
v -0.20537999 0.05925661 0.19967752
v -0.2055 0.05925661 0.19992736
v -0.20556896 0.05925661 0.20019576
v -0.20558421 0.05925661 0.20047241
v -0.2055453 0.05925661 0.20074686
v -0.20545348 0.05925662 0.20100846
v -0.20531256 0.05925662 0.20124712
v -0.20512768 0.05925662 0.2014535
v -0.20490618 0.05925662 0.20162004
v -0.20465613 0.05925662 0.20174014
v -0.20438782 0.05925661 0.20180901
v -0.20411105 0.05925661 0.20182433
v -0.20383672 0.05925661 0.20178538
v -0.20357489 0.05925661 0.20169353
v -0.20333659 0.05925661 0.20155262
v -0.20312985 0.05925662 0.20136779
v -0.20296341 0.05925662 0.20114627
v -0.20284336 0.05925662 0.20089635
v -0.20277445 0.05925662 0.20062792
v -0.20275917 0.05897668 0.20035114
v -0.20279805 0.05897668 0.20007669
v -0.2028898 0.05897668 0.19981524
v -0.20303086 0.05897668 0.19957655
v -0.20321567 0.05897668 0.19936999
v -0.20343749 0.05897668 0.19920346
v -0.20368729 0.05897668 0.19908344
v -0.20395566 0.05897668 0.19901463
v -0.20423233 0.05897668 0.19899922
v -0.20450677 0.05897668 0.19903814
v -0.20476843 0.05897668 0.19912999
v -0.20500712 0.05897668 0.19927096
v -0.20521339 0.05897668 0.19945588
v -0.20537999 0.05897668 0.19967752
v -0.2055 0.05897668 0.19992736
v -0.20556896 0.05897668 0.20019576
v -0.20558421 0.05897668 0.20047241
v -0.2055453 0.05897668 0.20074686
v -0.20545348 0.05897668 0.20100846
v -0.20531256 0.05897668 0.20124712
v -0.20512768 0.05897668 0.2014535
v -0.20490618 0.05897668 0.20162004
v -0.20465613 0.05897668 0.20174014
v -0.20438782 0.05897668 0.20180901
v -0.20411105 0.05897668 0.20182433
v -0.20383672 0.05897668 0.20178538
v -0.20357489 0.05897668 0.20169353
v -0.20333659 0.05897668 0.20155262
v -0.20312985 0.05897668 0.20136779
v -0.20296341 0.05897668 0.20114627
v -0.20284336 0.05897668 0.20089635
v -0.20277445 0.05897668 0.20062789
v -0.20275917 0.05869661 0.20035114
v -0.20279805 0.05869659 0.20007669
v -0.2028898 0.05869659 0.19981524
v -0.20303086 0.05869659 0.19957655
v -0.20321567 0.05869661 0.19936999
v -0.20343749 0.05869661 0.19920346
v -0.20368729 0.05869661 0.19908344
v -0.20395566 0.05869659 0.19901463
v -0.20423233 0.05869661 0.19899925
v -0.20450677 0.05869661 0.19903814
v -0.20476843 0.05869661 0.19912999
v -0.20500712 0.05869661 0.19927096
v -0.20521339 0.05869659 0.19945588
v -0.20537999 0.05869661 0.19967752
v -0.2055 0.05869661 0.19992736
v -0.20556896 0.05869661 0.20019576
v -0.20558421 0.05869661 0.20047241
v -0.2055453 0.05869661 0.20074686
v -0.20545348 0.05869659 0.20100846
v -0.20531256 0.05869661 0.20124712
v -0.20512768 0.05869659 0.2014535
v -0.20490618 0.05869661 0.20162004
v -0.20465613 0.05869659 0.20174014
v -0.20438782 0.05869661 0.20180901
v -0.20411105 0.05869661 0.20182433
v -0.20383672 0.05869661 0.20178538
v -0.20357489 0.05869659 0.20169353
v -0.20333659 0.05869661 0.20155262
v -0.20312985 0.05869659 0.20136779
v -0.20296341 0.05869661 0.20114627
v -0.20284336 0.05869659 0.20089635
v -0.20277445 0.05869661 0.20062789
v -0.20275917 0.05841657 0.20035114
v -0.20279805 0.05841657 0.20007669
v -0.2028898 0.05841657 0.19981524
v -0.20303086 0.05841657 0.19957655
v -0.20321567 0.05841657 0.19936999
v -0.20343749 0.05841657 0.19920346
v -0.20368729 0.05841657 0.19908344
v -0.20395566 0.05841657 0.19901463
v -0.20423233 0.05841657 0.19899925
v -0.20450677 0.05841657 0.19903814
v -0.20476843 0.05841657 0.19912999
v -0.20500712 0.05841657 0.19927096
v -0.20521339 0.05841657 0.19945588
v -0.20537999 0.05841657 0.19967752
v -0.2055 0.05841657 0.19992736
v -0.20556896 0.05841657 0.20019576
v -0.20558421 0.05841657 0.20047241
v -0.2055453 0.05841657 0.20074686
v -0.20545348 0.05841657 0.20100846
v -0.20531256 0.05841657 0.20124712
v -0.20512768 0.05841657 0.2014535
v -0.20490618 0.05841657 0.20162004
v -0.20465613 0.05841657 0.20174014
v -0.20438782 0.05841657 0.20180901
v -0.20411105 0.05841657 0.20182433
v -0.20383672 0.05841657 0.20178538
v -0.20357489 0.05841657 0.20169353
v -0.20333659 0.05841657 0.20155262
v -0.20312985 0.05841657 0.20136779
v -0.20296341 0.05841657 0.20114624
v -0.20284336 0.05841657 0.20089635
v -0.20277445 0.05841657 0.20062789
v -0.20275917 0.0581365 0.20035114
v -0.20279805 0.0581365 0.20007669
v -0.2028898 0.0581365 0.19981524
v -0.20303086 0.05813652 0.19957655
v -0.20321567 0.05813652 0.19936999
v -0.20343749 0.05813652 0.19920346
v -0.20368729 0.0581365 0.19908344
v -0.20395566 0.0581365 0.19901463
v -0.20423233 0.05813652 0.19899925
v -0.20450677 0.0581365 0.19903814
v -0.20476843 0.0581365 0.19912999
v -0.20500712 0.05813652 0.19927096
v -0.20521339 0.05813652 0.19945588
v -0.20537999 0.05813652 0.19967752
v -0.2055 0.0581365 0.19992736
v -0.20556895 0.0581365 0.20019573
v -0.20558421 0.05813652 0.20047241
v -0.2055453 0.0581365 0.20074686
v -0.20545348 0.05813652 0.20100846
v -0.20531256 0.05813652 0.20124712
v -0.20512768 0.0581365 0.2014535
v -0.20490618 0.05813652 0.20162004
v -0.20465613 0.05813652 0.20174014
v -0.20438782 0.0581365 0.20180901
v -0.20411105 0.0581365 0.20182433
v -0.20383672 0.05813652 0.20178538
v -0.20357489 0.0581365 0.20169353
v -0.20333659 0.0581365 0.20155262
v -0.20312985 0.0581365 0.20136779
v -0.20296341 0.05813652 0.20114624
v -0.20284336 0.05813652 0.20089635
v -0.20277445 0.05813652 0.20062789
v -0.20275917 0.05785644 0.20035114
v -0.20279805 0.05785644 0.20007669
v -0.2028898 0.05785644 0.19981524
v -0.20303086 0.05785644 0.19957655
v -0.20321567 0.05785644 0.19936999
v -0.20343749 0.05785644 0.19920346
v -0.20368729 0.05785644 0.19908344
v -0.20395566 0.05785644 0.19901463
v -0.20423233 0.05785644 0.19899925
v -0.20450677 0.05785644 0.19903814
v -0.20476843 0.05785644 0.19912999
v -0.20500712 0.05785644 0.19927096
v -0.20521339 0.05785644 0.19945588
v -0.20537999 0.05785644 0.19967752
v -0.2055 0.05785644 0.19992736
v -0.20556895 0.05785644 0.20019573
v -0.20558421 0.05785644 0.20047241
v -0.2055453 0.05785644 0.20074686
v -0.20545348 0.05785645 0.20100846
v -0.20531256 0.05785645 0.20124712
v -0.20512768 0.05785644 0.2014535
v -0.20490618 0.05785645 0.20162004
v -0.20465613 0.05785644 0.20174014
v -0.20438782 0.05785645 0.20180901
v -0.20411106 0.05785645 0.20182433
v -0.20383672 0.05785645 0.20178538
v -0.20357489 0.05785645 0.20169353
v -0.20333659 0.05785645 0.20155262
v -0.20312985 0.05785645 0.20136779
v -0.20296341 0.05785645 0.20114624
v -0.20284336 0.05785645 0.20089632
v -0.20277445 0.05785644 0.20062789
v -0.20275917 0.05757638 0.20035114
v -0.20279805 0.05757638 0.20007669
v -0.2028898 0.05757638 0.19981524
v -0.20303086 0.05757638 0.19957655
v -0.20321567 0.05757638 0.19936999
v -0.20343749 0.05757638 0.19920346
v -0.20368729 0.05757638 0.19908344
v -0.20395566 0.05757638 0.19901463
v -0.20423233 0.05757638 0.19899922
v -0.20450677 0.05757638 0.19903814
v -0.20476843 0.05757638 0.19912999
v -0.20500712 0.05757638 0.19927096
v -0.20521339 0.05757638 0.19945588
v -0.20537999 0.05757638 0.19967752
v -0.2055 0.05757638 0.19992736
v -0.20556895 0.05757638 0.20019573
v -0.20558421 0.05757638 0.20047241
v -0.2055453 0.05757638 0.20074686
v -0.20545348 0.05757638 0.20100846
v -0.20531256 0.05757638 0.20124712
v -0.20512768 0.05757638 0.2014535
v -0.20490618 0.05757638 0.20162004
v -0.20465613 0.05757638 0.20174014
v -0.20438782 0.05757638 0.20180901
v -0.20411105 0.05757638 0.20182433
v -0.20383672 0.05757638 0.20178538
v -0.20357489 0.05757638 0.20169353
v -0.20333659 0.05757638 0.20155262
v -0.20312985 0.05757638 0.20136779
v -0.20296341 0.05757638 0.20114624
v -0.20284336 0.05757638 0.20089632
v -0.20277445 0.05757638 0.20062789
v -0.20275917 0.05729639 0.20035114
v -0.20279805 0.05729638 0.20007669
v -0.2028898 0.05729639 0.19981524
v -0.20303086 0.05729639 0.19957655
v -0.20321567 0.05729639 0.19936999
v -0.20343747 0.05729639 0.19920346
v -0.20368729 0.05729639 0.19908344
v -0.20395566 0.05729638 0.19901463
v -0.20423233 0.05729639 0.19899925
v -0.20450677 0.05729639 0.19903814
v -0.20476843 0.05729639 0.19912999
v -0.20500712 0.05729639 0.19927096
v -0.20521339 0.05729638 0.19945588
v -0.20537999 0.05729639 0.19967749
v -0.2055 0.05729639 0.19992736
v -0.20556895 0.05729639 0.20019573
v -0.20558421 0.05729639 0.20047238
v -0.2055453 0.05729639 0.20074686
v -0.20545348 0.05729639 0.20100846
v -0.20531256 0.05729639 0.20124712
v -0.20512768 0.05729638 0.2014535
v -0.20490618 0.05729639 0.20162004
v -0.20465613 0.05729639 0.20174014
v -0.20438782 0.05729639 0.20180901
v -0.20411106 0.05729639 0.20182433
v -0.20383672 0.05729639 0.20178538
v -0.20357489 0.05729639 0.20169353
v -0.20333658 0.05729639 0.20155262
v -0.20312985 0.05729639 0.20136779
v -0.20296341 0.05729639 0.20114624
v -0.20284336 0.05729639 0.20089632
v -0.20277445 0.05729639 0.20062789
v -0.20275917 0.05701641 0.20035114
v -0.20279805 0.05701641 0.20007669
v -0.2028898 0.05701641 0.19981524
v -0.20303086 0.05701641 0.19957655
v -0.20321567 0.05701641 0.19936999
v -0.20343749 0.05701641 0.19920346
v -0.20368729 0.05701641 0.19908344
v -0.20395566 0.05701641 0.19901463
v -0.20423233 0.05701641 0.19899925
v -0.20450677 0.05701641 0.19903814
v -0.20476843 0.05701641 0.19912999
v -0.20500712 0.05701641 0.19927096
v -0.20521339 0.05701641 0.19945588
v -0.20537999 0.05701641 0.19967749
v -0.2055 0.05701641 0.19992736
v -0.20556895 0.05701641 0.20019573
v -0.20558421 0.05701641 0.20047238
v -0.2055453 0.05701641 0.20074686
v -0.20545348 0.05701641 0.20100846
v -0.20531256 0.05701641 0.20124712
v -0.20512768 0.05701641 0.2014535
v -0.20490618 0.05701641 0.20162004
v -0.20465613 0.05701641 0.20174014
v -0.20438782 0.05701641 0.20180901
v -0.20411105 0.05701641 0.20182433
v -0.20383672 0.05701641 0.20178538
v -0.20357489 0.05701641 0.20169353
v -0.20333659 0.05701641 0.20155262
v -0.20312985 0.05701641 0.20136779
v -0.20296341 0.05701641 0.20114624
v -0.20284336 0.05701641 0.20089632
v -0.20277445 0.05701641 0.20062789
v -0.20275917 0.0567363 0.20035114
v -0.20279805 0.0567363 0.20007669
v -0.2028898 0.0567363 0.19981524
v -0.20303086 0.0567363 0.19957655
v -0.20321567 0.0567363 0.19936999
v -0.20343749 0.0567363 0.19920346
v -0.20368729 0.0567363 0.19908347
v -0.20395566 0.0567363 0.19901463
v -0.20423233 0.0567363 0.19899925
v -0.20450677 0.0567363 0.19903814
v -0.20476843 0.0567363 0.19912999
v -0.20500712 0.0567363 0.19927096
v -0.20521339 0.0567363 0.19945588
v -0.20537999 0.0567363 0.19967752
v -0.2055 0.0567363 0.19992736
v -0.20556895 0.0567363 0.20019573
v -0.20558421 0.0567363 0.20047238
v -0.2055453 0.0567363 0.20074686
v -0.20545348 0.0567363 0.20100846
v -0.20531256 0.0567363 0.20124712
v -0.20512768 0.0567363 0.2014535
v -0.20490618 0.0567363 0.20162004
v -0.20465613 0.0567363 0.20174014
v -0.20438782 0.0567363 0.20180901
v -0.20411105 0.0567363 0.20182433
v -0.20383672 0.0567363 0.20178538
v -0.20357489 0.0567363 0.20169353
v -0.20333659 0.0567363 0.20155262
v -0.20312985 0.0567363 0.20136779
v -0.20296341 0.0567363 0.20114624
v -0.20284336 0.0567363 0.20089632
v -0.20277445 0.0567363 0.20062789
v -0.20275917 0.05645629 0.20035114
v -0.20279805 0.05645631 0.20007669
v -0.2028898 0.05645631 0.19981524
v -0.20303086 0.05645631 0.19957655
v -0.20321567 0.05645631 0.19936999
v -0.20343749 0.05645631 0.19920346
v -0.20368729 0.05645631 0.19908347
v -0.20395566 0.05645631 0.19901463
v -0.20423233 0.05645631 0.19899925
v -0.20450677 0.05645631 0.19903814
v -0.20476843 0.05645631 0.19912999
v -0.20500712 0.05645631 0.19927096
v -0.20521339 0.05645631 0.19945588
v -0.20537999 0.05645631 0.19967752
v -0.2055 0.05645631 0.19992736
v -0.20556895 0.05645631 0.20019573
v -0.20558421 0.05645631 0.20047238
v -0.2055453 0.05645631 0.20074686
v -0.20545348 0.05645631 0.20100846
v -0.20531256 0.05645631 0.20124712
v -0.20512768 0.05645631 0.2014535
v -0.20490618 0.05645631 0.20162004
v -0.20465613 0.05645631 0.20174014
v -0.20438782 0.05645631 0.20180901
v -0.20411105 0.05645631 0.20182433
v -0.20383672 0.05645631 0.20178538
v -0.20357489 0.05645631 0.20169353
v -0.20333659 0.05645631 0.2015526
v -0.20312985 0.05645631 0.20136779
v -0.20296341 0.05645631 0.20114624
v -0.20284336 0.05645629 0.20089632
v -0.20277445 0.05645629 0.20062789
v -0.20275917 0.05617617 0.20035114
v -0.20279805 0.05617617 0.20007669
v -0.2028898 0.05617617 0.19981524
v -0.20303086 0.05617617 0.19957655
v -0.20321567 0.05617617 0.19936999
v -0.20343749 0.05617617 0.19920346
v -0.20368729 0.05617617 0.19908347
v -0.20395566 0.05617617 0.19901463
v -0.20423233 0.05617617 0.19899922
v -0.20450677 0.05617617 0.19903814
v -0.20476843 0.05617617 0.19912999
v -0.20500712 0.05617618 0.19927096
v -0.20521339 0.05617618 0.19945588
v -0.20537999 0.05617618 0.19967752
v -0.2055 0.05617618 0.19992736
v -0.20556895 0.05617618 0.20019573
v -0.20558421 0.05617617 0.20047241
v -0.2055453 0.05617617 0.20074686
v -0.20545348 0.05617617 0.20100846
v -0.20531256 0.05617617 0.20124712
v -0.20512768 0.05617617 0.2014535
v -0.20490618 0.05617617 0.20162004
v -0.20465613 0.05617617 0.20174014
v -0.20438782 0.05617617 0.20180901
v -0.20411105 0.05617617 0.20182433
v -0.20383672 0.05617617 0.20178538
v -0.20357489 0.05617617 0.20169353
v -0.20333659 0.05617617 0.2015526
v -0.20312985 0.05617617 0.20136779
v -0.20296341 0.05617617 0.20114624
v -0.20284336 0.05617617 0.20089632
v -0.20277445 0.05617617 0.20062789
v -0.20417176 0.05617617 0.20041182
v -0.20411323 0.06055717 0.20176804
v -0.2035935 0.06055717 0.2016423
v -0.20410527 0.06045013 0.20195013
v -0.20352259 0.06045012 0.20180776
v -0.20316141 0.06055717 0.2013292
v -0.2030289 0.06045012 0.20145237
v -0.20289428 0.06055717 0.20087701
v -0.20273256 0.06045012 0.20093974
v -0.20293895 0.06055717 0.19983878
v -0.20278304 0.06045012 0.19976246
v -0.20324385 0.06055717 0.19941112
v -0.20312207 0.06045012 0.19927716
v -0.20370122 0.06055717 0.19913619
v -0.20364472 0.06045012 0.19896554
v -0.2042296 0.06055717 0.19905573
v -0.20423767 0.06045012 0.19887358
v -0.20474943 0.06055717 0.19918122
v -0.20482014 0.06045012 0.19901588
v -0.20516568 0.06055717 0.19949379
v -0.20531405 0.06045013 0.1993713
v -0.20544828 0.06055718 0.19994667
v -0.20561023 0.06045013 0.19988381
v -0.20540367 0.06055718 0.20098483
v -0.20555971 0.06045013 0.20106133
v -0.20508323 0.06055717 0.20141184
v -0.20522047 0.06045013 0.20154658
v -0.20464174 0.06055717 0.20168742
v -0.20469786 0.06045013 0.20185822
v -0.20461343 0.06055717 0.20160689
v -0.2050381 0.06055717 0.20134934
v -0.20532575 0.06055718 0.20094874
v -0.20476411 0.06055718 0.2010625
v -0.20411688 0.06055717 0.20168262
v -0.20414254 0.06055717 0.2010841
v -0.20362852 0.06055717 0.20156464
v -0.20352517 0.06055717 0.20100912
v -0.20322747 0.06055717 0.20127153
v -0.2029751 0.06055717 0.20084762
v -0.20536769 0.06055718 0.19997611
v -0.20481751 0.06055717 0.1998144
v -0.20420037 0.06055717 0.19973948
v -0.2035788 0.06055717 0.19976124
v -0.20301701 0.06055717 0.19987514
v -0.20511521 0.06055717 0.19955226
v -0.20471425 0.06055717 0.19925898
v -0.20422598 0.06055717 0.19914108
v -0.20372945 0.06055717 0.19921666
v -0.20330466 0.06055717 0.19947436
v -0.20359364 0.05989714 0.20163688
v -0.20411348 0.05989714 0.20176234
v -0.20410502 0.05989714 0.20195826
v -0.20352229 0.05989714 0.20181533
v -0.20317719 0.05989714 0.20132577
v -0.20302832 0.05989712 0.20145839
v -0.20289443 0.05989712 0.20087465
v -0.20271644 0.05989712 0.20094212
v -0.20293888 0.05989714 0.19984111
v -0.20276734 0.05989714 0.19975861
v -0.20325946 0.05989714 0.19941595
v -0.20312255 0.05989714 0.19927111
v -0.20370084 0.05989714 0.19914162
v -0.20364522 0.05989714 0.19895789
v -0.20422947 0.05989714 0.1990613
v -0.20423784 0.05989714 0.19886535
v -0.20474916 0.05989714 0.19918656
v -0.20482048 0.05989714 0.19900819
v -0.20516549 0.05989714 0.19949778
v -0.2053142 0.05989715 0.19936537
v -0.20544815 0.05989714 0.19994887
v -0.20562626 0.05989715 0.19988137
v -0.2054038 0.05989714 0.20098266
v -0.20557549 0.05989714 0.20106506
v -0.20508334 0.05989714 0.20140773
v -0.20522037 0.05989714 0.20155251
v -0.20464187 0.05989714 0.20168197
v -0.20469753 0.05989714 0.20186579
v -0.2034759 0.05989712 0.20104649
v -0.20414081 0.05989714 0.20112636
v -0.20480997 0.05989714 0.20110365
v -0.2035328 0.05989714 0.19972005
v -0.20420211 0.05989714 0.19969737
v -0.204867 0.05989714 0.19977733
v -0.20265626 0.05989712 0.20049363
v -0.20265626 0.06045012 0.20049363
v -0.20266899 0.05989712 0.20020052
v -0.20266899 0.06045012 0.20020052
v -0.20567387 0.06045012 0.20062327
v -0.20548328 0.06055718 0.20061498
v -0.20568655 0.06045013 0.20033007
v -0.20549599 0.06055718 0.20032203
v -0.20568656 0.05989714 0.2003301
v -0.20567387 0.05989714 0.20062327
v -0.20481623 0.06055717 0.20058876
v -0.20540398 0.06055718 0.20061162
v -0.20416504 0.06055717 0.20056134
v -0.20349796 0.06055717 0.20053222
v -0.20292623 0.06055717 0.20050519
v -0.2054166 0.06055718 0.20031845
v -0.20482893 0.06055718 0.20029076
v -0.20417793 0.06055717 0.2002623
v -0.20351083 0.06055717 0.20023414
v -0.20293892 0.06055717 0.20021212
v -0.2028467 0.06055717 0.2005018
v -0.20285932 0.06055717 0.20020863
v -0.2028467 0.05989712 0.2005018
v -0.20285932 0.05989712 0.20020866
v -0.20549599 0.05989714 0.20032203
v -0.20548328 0.05989714 0.20061498
v -0.20346608 0.05989712 0.20053088
v -0.20416504 0.05989714 0.20056134
v -0.20486381 0.05989714 0.20059105
v -0.203479 0.05989712 0.20023277
v -0.20417793 0.05989712 0.20026233
v -0.20487663 0.05989714 0.20029282
v -0.20273567 0.06045012 0.20049694
v -0.2027482 0.06045012 0.20020392
v -0.20559117 0.06045013 0.20032602
v -0.20557864 0.06045013 0.20061907
v -0.20501971 0.06045013 0.20029905
v -0.20500674 0.06045013 0.20059698
v -0.20333592 0.06045012 0.20022672
v -0.20332334 0.06045012 0.20052471
v -0.20417793 0.06043548 0.20026233
v -0.20416504 0.06043547 0.20056134
v -0.20411323 0.05570118 0.20176804
v -0.2035935 0.05570116 0.2016423
v -0.20410527 0.05580821 0.20195013
v -0.20352259 0.05580821 0.2018077
v -0.20316141 0.05570116 0.2013292
v -0.20302882 0.0558082 0.20145234
v -0.2028943 0.05570116 0.20087701
v -0.20273257 0.0558082 0.20093971
v -0.20293895 0.05570118 0.19983878
v -0.20278306 0.05580821 0.19976246
v -0.20324385 0.05570118 0.19941112
v -0.20312207 0.05580821 0.19927716
v -0.20370122 0.05570118 0.19913619
v -0.20364473 0.05580821 0.19896557
v -0.2042296 0.05570118 0.19905573
v -0.20423767 0.05580821 0.19887358
v -0.20474943 0.05570118 0.19918122
v -0.20482014 0.05580821 0.19901588
v -0.20516568 0.05570118 0.19949379
v -0.20531405 0.05580821 0.1993713
v -0.2054483 0.05570118 0.19994667
v -0.20561023 0.05580823 0.19988381
v -0.20540367 0.05570118 0.20098483
v -0.20555971 0.05580821 0.20106133
v -0.20508323 0.05570118 0.20141184
v -0.20522049 0.05580821 0.20154655
v -0.20464174 0.05570118 0.20168742
v -0.20469786 0.05580821 0.20185822
v -0.20461343 0.05570118 0.20160687
v -0.2050381 0.05570118 0.20134931
v -0.20532575 0.05570118 0.20094874
v -0.20476411 0.05570118 0.2010625
v -0.20411688 0.05570118 0.20168262
v -0.20414254 0.05570118 0.20108413
v -0.20362852 0.05570116 0.20156464
v -0.20352517 0.05570116 0.20100912
v -0.20322747 0.05570116 0.20127153
v -0.2029751 0.05570116 0.20084762
v -0.20536769 0.05570118 0.19997611
v -0.20481754 0.05570118 0.1998144
v -0.20420037 0.05570118 0.19973948
v -0.2035788 0.05570118 0.19976124
v -0.20301701 0.05570118 0.19987517
v -0.20511521 0.05570118 0.19955226
v -0.20471425 0.05570118 0.19925898
v -0.20422598 0.05570118 0.19914108
v -0.20372945 0.05570118 0.19921666
v -0.20330466 0.05570118 0.19947436
v -0.20359364 0.05636119 0.20163688
v -0.20411348 0.05636121 0.20176234
v -0.20410502 0.05636119 0.20195826
v -0.20352229 0.05636119 0.20181533
v -0.20317719 0.05636119 0.20132577
v -0.20302838 0.05636119 0.20145839
v -0.20289443 0.05636118 0.20087465
v -0.20271641 0.05636118 0.20094212
v -0.20293888 0.05636119 0.19984111
v -0.20276734 0.05636119 0.19975861
v -0.20325946 0.05636119 0.19941595
v -0.20312255 0.05636121 0.19927111
v -0.20370084 0.05636121 0.19914165
v -0.20364524 0.05636119 0.19895789
v -0.20422947 0.05636121 0.1990613
v -0.20423784 0.05636121 0.19886535
v -0.20474916 0.05636121 0.19918656
v -0.20482048 0.05636119 0.19900819
v -0.20516549 0.05636122 0.19949778
v -0.2053142 0.05636122 0.19936537
v -0.20544815 0.05636121 0.19994887
v -0.20562626 0.05636121 0.19988137
v -0.2054038 0.05636121 0.20098263
v -0.20557551 0.05636119 0.20106506
v -0.20508335 0.05636121 0.2014077
v -0.20522038 0.05636121 0.20155251
v -0.20464187 0.05636119 0.20168197
v -0.20469753 0.05636119 0.20186579
v -0.2034759 0.05636119 0.20104646
v -0.20414081 0.05636121 0.20112636
v -0.20480997 0.05636121 0.20110365
v -0.2035328 0.05636119 0.19972005
v -0.20420211 0.05636119 0.19969737
v -0.204867 0.05636121 0.19977733
v -0.20265626 0.05636118 0.20049363
v -0.20265626 0.0558082 0.20049363
v -0.20266899 0.05636119 0.20020049
v -0.20266899 0.0558082 0.20020052
v -0.20567387 0.05580823 0.20062327
v -0.20548328 0.05570118 0.20061498
v -0.20568655 0.05580823 0.20033007
v -0.20549599 0.05570118 0.20032203
v -0.20568658 0.05636121 0.20033007
v -0.20567387 0.05636119 0.20062327
v -0.20481623 0.05570118 0.20058879
v -0.20540398 0.05570118 0.20061162
v -0.20416504 0.05570118 0.20056134
v -0.20349796 0.05570116 0.20053222
v -0.20292623 0.05570116 0.20050519
v -0.2054166 0.05570118 0.20031848
v -0.20482893 0.05570118 0.20029076
v -0.20417793 0.05570118 0.20026233
v -0.20351083 0.05570118 0.20023414
v -0.20293892 0.05570118 0.20021212
v -0.2028467 0.05570116 0.2005018
v -0.20285932 0.05570118 0.20020866
v -0.2028467 0.05636119 0.20050177
v -0.20285932 0.05636119 0.20020863
v -0.20549601 0.05636121 0.200322
v -0.20548328 0.05636119 0.20061498
v -0.20346608 0.05636118 0.20053088
v -0.20416504 0.05636119 0.20056134
v -0.20486381 0.05636119 0.20059102
v -0.203479 0.05636118 0.20023277
v -0.20417793 0.05636119 0.20026233
v -0.20487663 0.05636121 0.20029282
v -0.20273567 0.0558082 0.20049694
v -0.2027482 0.0558082 0.20020392
v -0.20559117 0.05580823 0.20032602
v -0.20557864 0.05580823 0.20061907
v -0.20501971 0.05580823 0.20029905
v -0.20500674 0.05580821 0.20059698
v -0.20333592 0.05580821 0.20022672
v -0.20332334 0.05580821 0.20052471
v -0.20417793 0.05582284 0.20026233
v -0.20416504 0.05582283 0.20056134
v -0.20866294 0.05834825 0.19304534
v -0.2086609 0.05810783 0.19309356
v -0.20870858 0.0583802 0.19312456
v -0.20870642 0.0581105 0.19317805
v -0.20866277 0.05786775 0.19304701
v -0.20870852 0.05783648 0.1931259
v -0.20866884 0.05766923 0.19291093
v -0.20871524 0.05761417 0.19297042
v -0.20868779 0.05748692 0.19247123
v -0.20873667 0.05740745 0.19247171
v -0.20869784 0.05753098 0.19223472
v -0.2087481 0.05745445 0.19220465
v -0.20870657 0.05766783 0.19203218
v -0.20875822 0.05761143 0.19197416
v -0.20871229 0.05787201 0.19189643
v -0.20876456 0.05784003 0.19182154
v -0.20871438 0.0581123 0.19184827
v -0.20876695 0.05810959 0.19176811
v -0.20871225 0.05834569 0.19189757
v -0.20876473 0.05838362 0.19182005
v -0.20870664 0.05855085 0.19203099
v -0.20875814 0.0586059 0.19197577
v -0.20868782 0.0587331 0.19247061
v -0.20873662 0.05881275 0.19247442
v -0.20867739 0.05868244 0.19270986
v -0.20872519 0.05876565 0.19274148
v -0.20866884 0.05855236 0.19290959
v -0.20871518 0.05860875 0.19297179
v -0.20867002 0.05852493 0.19288167
v -0.20867805 0.05865165 0.19269269
v -0.20868779 0.05869372 0.19247072
v -0.20868095 0.05848223 0.19262644
v -0.20866459 0.05833323 0.19300913
v -0.20867544 0.05822813 0.19275561
v -0.20866258 0.05810754 0.19305443
v -0.20867165 0.05795708 0.19284394
v -0.20866455 0.05788414 0.19301021
v -0.20866994 0.05769717 0.1928831
v -0.20870541 0.05852292 0.19205883
v -0.20870368 0.05826309 0.19209784
v -0.20869983 0.05799204 0.19218611
v -0.20869442 0.0577379 0.19231516
v -0.20868779 0.05752641 0.19247114
v -0.2087108 0.05833607 0.1919316
v -0.20871287 0.05811268 0.19188725
v -0.20871071 0.05788692 0.19193261
v -0.20870529 0.05769516 0.19206002
v -0.2086972 0.05756856 0.19224911
v -0.20896321 0.05810697 0.19310432
v -0.20896545 0.05834727 0.19305592
v -0.20896188 0.05838163 0.19313889
v -0.20895944 0.05811181 0.19319215
v -0.20896546 0.0578738 0.19305551
v -0.20896188 0.05783751 0.19313931
v -0.20897118 0.05766882 0.19292286
v -0.20896853 0.05760796 0.19298538
v -0.20898996 0.0574873 0.19248518
v -0.20898999 0.0574001 0.19248399
v -0.20900012 0.05753839 0.1922467
v -0.20900166 0.05745354 0.19221308
v -0.20900876 0.05766876 0.19204744
v -0.20901148 0.0576101 0.19198179
v -0.2090145 0.05787295 0.19191199
v -0.20901812 0.0578386 0.19182884
v -0.20901653 0.05811321 0.19186347
v -0.20902046 0.05810827 0.19177559
v -0.2090145 0.05834639 0.19191229
v -0.20901811 0.0583827 0.19182857
v -0.20900888 0.05855119 0.19204482
v -0.20901145 0.05861215 0.19198244
v -0.20899008 0.05873268 0.19248268
v -0.20898999 0.05882 0.19248375
v -0.20897978 0.05868178 0.19272109
v -0.20897829 0.05876666 0.19275471
v -0.20897126 0.05855137 0.19292029
v -0.2089685 0.05861009 0.19298601
v -0.20897293 0.05794376 0.19288176
v -0.20897688 0.0582356 0.1927866
v -0.20898301 0.05850927 0.19264775
v -0.20899696 0.05771087 0.19231993
v -0.209003 0.05798457 0.19218131
v -0.20900698 0.05827647 0.19208595
v -0.20897601 0.05749617 0.19281059
v -0.20872263 0.05749617 0.19279971
v -0.20898121 0.05744472 0.19268652
v -0.2087281 0.05744472 0.19267562
v -0.20874533 0.05877547 0.19227036
v -0.20869499 0.05869469 0.19230178
v -0.20875085 0.05872388 0.19214624
v -0.20870019 0.05864317 0.19217768
v -0.20900397 0.05872388 0.19215709
v -0.20899872 0.05877547 0.19228121
v -0.2086898 0.05841225 0.19241979
v -0.20869438 0.05866099 0.19231557
v -0.20868496 0.05813631 0.19253411
v -0.20867997 0.05785349 0.19265112
v -0.20867569 0.05761061 0.19275033
v -0.20869958 0.0586095 0.19219145
v -0.20869539 0.05835995 0.19229355
v -0.20869052 0.05808389 0.1924076
v -0.20868524 0.05780115 0.19252485
v -0.20868094 0.05755916 0.19262623
v -0.20867516 0.05757689 0.19276425
v -0.20868037 0.05752551 0.19264015
v -0.20897729 0.05757689 0.19277718
v -0.20898278 0.05752551 0.19265303
v -0.20900254 0.05864317 0.19219064
v -0.20899726 0.05869469 0.19231465
v -0.20898191 0.05784001 0.19266971
v -0.20898732 0.05813631 0.19254726
v -0.20899251 0.05843246 0.19242435
v -0.20898744 0.05778768 0.19254347
v -0.2089926 0.05808389 0.19242051
v -0.20899806 0.05838015 0.19229826
v -0.20872317 0.05752974 0.19278603
v -0.20872864 0.05747833 0.19266179
v -0.20874996 0.0586836 0.19216308
v -0.20874458 0.05873504 0.19228717
v -0.20874562 0.05844077 0.19226223
v -0.20874036 0.05849301 0.1923885
v -0.20873297 0.05772703 0.19255763
v -0.20872753 0.05777938 0.19268369
v -0.20874616 0.05808389 0.19240993
v -0.20874053 0.05813631 0.1925365
v -0.20860567 0.05873243 0.19495484
v -0.20859529 0.05868506 0.19519516
v -0.20865462 0.05881588 0.19495704
v -0.20864309 0.05876216 0.19522652
v -0.20858657 0.05855014 0.19539907
v -0.20863305 0.05860912 0.19545942
v -0.20858095 0.05834823 0.19553005
v -0.20862697 0.05838015 0.19560489
v -0.20858095 0.05787196 0.19553005
v -0.20862697 0.05783996 0.19560489
v -0.20858657 0.05767005 0.19539904
v -0.20863306 0.057611 0.19545942
v -0.20859529 0.05753508 0.19519516
v -0.20864309 0.05745802 0.19522652
v -0.20860567 0.05748774 0.19495484
v -0.20865462 0.05740425 0.19495704
v -0.20861615 0.05753508 0.19471451
v -0.20866625 0.05745802 0.19468757
v -0.2086244 0.05767005 0.19451805
v -0.20867636 0.057611 0.19445455
v -0.20863044 0.05787196 0.19437959
v -0.20868249 0.05783996 0.1943089
v -0.20863044 0.05834823 0.19437959
v -0.20868249 0.05838015 0.1943089
v -0.2086244 0.05855014 0.19451805
v -0.20867636 0.05860912 0.19445455
v -0.20861616 0.05868506 0.19471451
v -0.20866625 0.05876216 0.19468757
v -0.20861552 0.05864872 0.19472906
v -0.20862361 0.05852241 0.19453987
v -0.20862883 0.05833323 0.1944161
v -0.20861776 0.05839642 0.19467088
v -0.20860567 0.05869318 0.19495484
v -0.20860567 0.05841866 0.19495484
v -0.20859602 0.05864872 0.19518059
v -0.20859359 0.05839642 0.19523888
v -0.20858785 0.05852241 0.19536989
v -0.20858262 0.05833323 0.19549369
v -0.20862883 0.05788688 0.1944161
v -0.20861776 0.05782374 0.19467088
v -0.20860567 0.05780161 0.19495484
v -0.20859359 0.05782374 0.19523888
v -0.20858262 0.05788688 0.19549369
v -0.20862361 0.05769781 0.19453987
v -0.20861552 0.05757135 0.19472906
v -0.20860567 0.05752697 0.19495484
v -0.20859602 0.05757135 0.19518059
v -0.20858785 0.05769781 0.19536989
v -0.20889776 0.05868254 0.19520822
v -0.20890812 0.05872967 0.19496789
v -0.20890812 0.05881963 0.19496789
v -0.20889653 0.05876565 0.19523736
v -0.20888936 0.05854825 0.19540467
v -0.20888645 0.05861182 0.19547033
v -0.20888316 0.05834719 0.19554311
v -0.20887981 0.05838163 0.19562321
v -0.20888316 0.05787293 0.19554311
v -0.20887982 0.05783854 0.19562321
v -0.20888935 0.05767191 0.19540467
v -0.20888644 0.0576083 0.1954703
v -0.20889776 0.05753754 0.19520822
v -0.20889653 0.05745445 0.19523736
v -0.20890812 0.05749039 0.19496786
v -0.20890812 0.05740043 0.19496786
v -0.20891824 0.05753754 0.1947276
v -0.20891964 0.05745445 0.19469845
v -0.20892685 0.05767191 0.19453096
v -0.20892964 0.0576083 0.19446551
v -0.20893266 0.05787293 0.19439259
v -0.20893612 0.05783854 0.19431254
v -0.20893266 0.05834719 0.19439259
v -0.20893612 0.05838163 0.19431254
v -0.20892685 0.05854825 0.19453096
v -0.20892964 0.05861184 0.19446551
v -0.20891824 0.05868254 0.1947276
v -0.20891964 0.05876566 0.19469845
v -0.20889481 0.05841432 0.19527357
v -0.20890812 0.05843794 0.19496789
v -0.20892112 0.05841432 0.194662
v -0.20889481 0.05780573 0.19527357
v -0.20890812 0.0577822 0.19496789
v -0.20892112 0.05780573 0.194662
v -0.20887844 0.05817727 0.19565954
v -0.20862498 0.05817727 0.19564861
v -0.20887844 0.05804286 0.19565954
v -0.20862498 0.05804286 0.19564861
v -0.20868437 0.05817726 0.19426542
v -0.2086316 0.05817727 0.19435051
v -0.20868437 0.05804286 0.19426542
v -0.2086316 0.05804283 0.19435051
v -0.20893789 0.05804286 0.1942763
v -0.20893789 0.05817726 0.1942763
v -0.20861852 0.05817845 0.1946564
v -0.20863018 0.05817727 0.19438698
v -0.20860567 0.05817864 0.19495484
v -0.20859254 0.05817845 0.19526067
v -0.2085814 0.05817727 0.19552281
v -0.20863018 0.05804286 0.19438698
v -0.20861852 0.0580417 0.1946564
v -0.20860567 0.05804152 0.19495484
v -0.20859254 0.0580417 0.19526067
v -0.2085814 0.05804286 0.19552281
v -0.20857976 0.05817727 0.19555911
v -0.20857976 0.05804283 0.19555911
v -0.20888212 0.05817727 0.19557222
v -0.20888212 0.05804283 0.19557222
v -0.20893399 0.05804283 0.19436362
v -0.20893399 0.05817727 0.19436362
v -0.20889434 0.05817845 0.19528818
v -0.20890812 0.05817864 0.19496789
v -0.20892174 0.05817845 0.1946474
v -0.20889434 0.0580417 0.19528818
v -0.20890812 0.05804152 0.19496789
v -0.20892173 0.0580417 0.19464737
v -0.20862664 0.05817727 0.19561228
v -0.20862664 0.05804288 0.19561228
v -0.20868249 0.05804288 0.1943089
v -0.20868249 0.05817727 0.1943089
v -0.20867143 0.05804172 0.19457101
v -0.20867143 0.05817845 0.19457101
v -0.2086382 0.05804172 0.19534292
v -0.2086382 0.05817845 0.19534292
v -0.20866146 0.05804152 0.19495722
v -0.20866146 0.05817864 0.19495722
v -0.20426705 0.05853413 0.19682696
v -0.20292162 0.05853413 0.19703492
v -0.20175798 0.05853413 0.19774207
v -0.20095385 0.05853413 0.19884049
v -0.20063114 0.05853413 0.20016327
v -0.20083913 0.05853413 0.20150855
v -0.20099806 0.05853413 0.20384621
v -0.20255748 0.05853413 0.2039316
v -0.20395959 0.05853413 0.20398071
v -0.20532074 0.05853413 0.20403796
v -0.20685175 0.05853413 0.20411089
v -0.20728062 0.05853413 0.20178538
v -0.20760324 0.05853413 0.20046272
v -0.20739534 0.05853413 0.19911715
v -0.2066881 0.05853413 0.19795379
v -0.20558968 0.05853413 0.19714972
v -0.20418022 0.05853413 0.19884586
v -0.20361401 0.05853413 0.19893333
v -0.20312441 0.05853413 0.19923088
v -0.20278589 0.05853413 0.19969323
v -0.20265013 0.05853413 0.20024991
v -0.20273771 0.05853413 0.20081618
v -0.20303519 0.05853413 0.20130574
v -0.2034976 0.05853413 0.2016443
v -0.20405419 0.05853413 0.20178005
v -0.20462045 0.05853413 0.20169246
v -0.20511019 0.05853413 0.20139497
v -0.20544856 0.05853413 0.20093271
v -0.20558434 0.05853413 0.20037597
v -0.20549686 0.05853413 0.19980981
v -0.20519931 0.05853413 0.19932007
v -0.20473702 0.05853413 0.1989817
v -0.20326748 0.05853413 0.1979835
v -0.20422366 0.05853413 0.19783571
v -0.20244078 0.05853413 0.198486
v -0.20186924 0.05853413 0.19926661
v -0.20163984 0.05853413 0.20020651
v -0.20178785 0.05853413 0.20116263
v -0.20201601 0.05853413 0.20257687
v -0.20302704 0.05853413 0.20278865
v -0.20400683 0.05853413 0.2028813
v -0.20497089 0.05853413 0.20286616
v -0.20598146 0.05853413 0.20275399
v -0.20636512 0.05853413 0.20135933
v -0.20659448 0.05853413 0.20041945
v -0.20644672 0.05853413 0.19946324
v -0.20594418 0.05853413 0.1986365
v -0.20516355 0.05853413 0.19806501
v -0.20422366 0.05917376 0.19783571
v -0.20326748 0.05917376 0.1979835
v -0.20361401 0.05917376 0.19893333
v -0.20418022 0.05917376 0.19884583
v -0.20244078 0.05917376 0.198486
v -0.20312441 0.05917376 0.19923088
v -0.20186924 0.05917376 0.19926664
v -0.20278589 0.05917376 0.19969323
v -0.20163984 0.05917376 0.20020651
v -0.20265013 0.05917376 0.20024991
v -0.20178785 0.05917376 0.20116266
v -0.20273771 0.05917376 0.20081618
v -0.20201601 0.05917376 0.20257687
v -0.20303519 0.05917376 0.20130574
v -0.20302704 0.05917376 0.20278865
v -0.2034976 0.05917376 0.2016443
v -0.20400683 0.05917376 0.2028813
v -0.20405419 0.05917376 0.20178005
v -0.20497089 0.05917376 0.20286616
v -0.20462045 0.05917376 0.20169246
v -0.20598146 0.05917376 0.20275399
v -0.20511019 0.05917376 0.20139497
v -0.20636512 0.05917376 0.20135933
v -0.20544856 0.05917376 0.20093271
v -0.20659448 0.05917376 0.20041945
v -0.20558434 0.05917376 0.20037597
v -0.20644672 0.05917376 0.19946324
v -0.20549686 0.05917376 0.19980981
v -0.20594418 0.05917376 0.1986365
v -0.20519931 0.05917376 0.19932007
v -0.20516355 0.05917376 0.19806501
v -0.20473702 0.05917376 0.1989817
v -0.20426705 0.05917376 0.19682696
v -0.20292162 0.05917376 0.19703492
v -0.20175798 0.05917376 0.19774207
v -0.20095385 0.05917376 0.19884049
v -0.20063114 0.05917376 0.20016327
v -0.20083913 0.05917376 0.20150855
v -0.20099806 0.05917376 0.20384621
v -0.20255748 0.05917376 0.2039316
v -0.20395959 0.05917376 0.20398071
v -0.20532074 0.05917376 0.20403796
v -0.20685175 0.05917376 0.20411089
v -0.20728062 0.05917376 0.20178538
v -0.20760324 0.05917376 0.20046272
v -0.20739534 0.05917376 0.19911715
v -0.2066881 0.05917376 0.19795379
v -0.20558968 0.05917376 0.19714972
v -0.20426705 0.05707563 0.19682696
v -0.20292162 0.05707563 0.19703492
v -0.20175798 0.05707563 0.19774207
v -0.20095385 0.05707563 0.19884049
v -0.20063114 0.05707563 0.20016327
v -0.20083913 0.05707563 0.20150855
v -0.20099806 0.05707562 0.20384618
v -0.20255748 0.05707563 0.20393157
v -0.20395959 0.05707563 0.20398071
v -0.20532074 0.05707563 0.20403796
v -0.20685176 0.05707563 0.20411083
v -0.20728062 0.05707563 0.20178538
v -0.20760324 0.05707563 0.20046272
v -0.20739534 0.05707563 0.19911715
v -0.2066881 0.05707563 0.19795379
v -0.20558968 0.05707563 0.19714972
v -0.20418022 0.05707563 0.19884586
v -0.20361401 0.05707563 0.19893333
v -0.20312441 0.05707563 0.19923088
v -0.20278589 0.05707563 0.19969323
v -0.20265013 0.05707563 0.20024991
v -0.20273771 0.05707563 0.20081618
v -0.20303519 0.05707563 0.20130571
v -0.2034976 0.05707564 0.2016443
v -0.20405419 0.05707563 0.20178005
v -0.20462045 0.05707563 0.20169246
v -0.20511019 0.05707564 0.20139497
v -0.20544856 0.05707563 0.20093271
v -0.20558434 0.05707563 0.20037597
v -0.20549686 0.05707563 0.19980979
v -0.20519931 0.05707563 0.19932007
v -0.20473702 0.05707563 0.1989817
v -0.20326748 0.05707563 0.1979835
v -0.20422366 0.05707563 0.19783571
v -0.20244078 0.05707563 0.198486
v -0.20186924 0.05707562 0.19926661
v -0.20163984 0.05707563 0.20020651
v -0.20178785 0.05707563 0.20116263
v -0.20201601 0.05707563 0.20257687
v -0.20302704 0.05707563 0.20278865
v -0.20400683 0.05707563 0.2028813
v -0.20497089 0.05707563 0.20286616
v -0.20598147 0.05707563 0.20275396
v -0.20636513 0.05707563 0.20135933
v -0.20659448 0.05707564 0.20041945
v -0.20644672 0.05707562 0.19946321
v -0.20594418 0.05707563 0.1986365
v -0.20516355 0.05707563 0.19806501
v -0.20422366 0.05771528 0.19783571
v -0.20326748 0.05771528 0.1979835
v -0.20361401 0.05771528 0.19893333
v -0.20418022 0.05771528 0.19884583
v -0.20244078 0.05771528 0.198486
v -0.20312441 0.05771528 0.19923088
v -0.20186924 0.05771528 0.19926661
v -0.20278589 0.05771528 0.19969323
v -0.20163984 0.05771528 0.20020651
v -0.20265013 0.05771528 0.20024991
v -0.20178785 0.05771528 0.20116263
v -0.20273771 0.05771528 0.20081618
v -0.20201601 0.05771528 0.20257687
v -0.20303519 0.05771528 0.20130574
v -0.20302704 0.05771528 0.20278865
v -0.2034976 0.05771528 0.2016443
v -0.20400683 0.05771528 0.2028813
v -0.20405419 0.05771528 0.20178005
v -0.20497089 0.05771528 0.20286616
v -0.20462045 0.05771528 0.20169246
v -0.20598146 0.05771528 0.20275399
v -0.20511019 0.05771528 0.20139497
v -0.20636513 0.05771528 0.20135933
v -0.20544856 0.05771528 0.20093271
v -0.20659448 0.05771528 0.20041945
v -0.20558434 0.05771528 0.20037597
v -0.20644672 0.05771528 0.19946321
v -0.20549686 0.05771528 0.19980979
v -0.20594418 0.05771528 0.1986365
v -0.20519931 0.05771528 0.19932007
v -0.20516355 0.05771528 0.19806501
v -0.20473702 0.05771528 0.1989817
v -0.20426705 0.05771528 0.19682696
v -0.20292162 0.05771528 0.19703492
v -0.20175798 0.05771528 0.19774207
v -0.20095385 0.05771528 0.19884049
v -0.20063114 0.05771528 0.20016327
v -0.20083913 0.05771528 0.20150855
v -0.20099806 0.05771528 0.20384621
v -0.20255748 0.05771528 0.2039316
v -0.20395959 0.05771528 0.20398071
v -0.20532074 0.05771528 0.20403796
v -0.20685176 0.05771528 0.20411086
v -0.20728062 0.05771528 0.20178538
v -0.20760324 0.05771528 0.20046272
v -0.20739534 0.05771528 0.19911715
v -0.2066881 0.05771528 0.19795379
v -0.20558968 0.05771528 0.19714972
v -0.20239014 0.05917376 0.20713263
v -0.20084099 0.05917376 0.20739731
v -0.20084099 0.05853413 0.20739734
v -0.20239014 0.05853413 0.20713263
v -0.20377486 0.05917376 0.20686829
v -0.20377486 0.05853413 0.20686829
v -0.20510852 0.05917376 0.20662319
v -0.20510852 0.05853413 0.20662319
v -0.20661458 0.05917376 0.20635494
v -0.20661459 0.05853413 0.20635494
v -0.20239014 0.05771528 0.20713263
v -0.20084099 0.05771528 0.20739731
v -0.20084099 0.05707562 0.20739728
v -0.20239014 0.05707563 0.20713263
v -0.20377486 0.05771528 0.20686829
v -0.20377486 0.05707563 0.20686829
v -0.20510852 0.05771528 0.20662319
v -0.20510852 0.05707562 0.20662319
v -0.20661459 0.05771528 0.20635494
v -0.20661459 0.05707562 0.20635494
v -0.19943796 0.05700147 0.20828732
v -0.19943796 0.05807861 0.20828732
v -0.19943796 0.05915577 0.20828732
v -0.200658 0.05592428 0.2080641
v -0.200658 0.05700147 0.2080641
v -0.200658 0.05807861 0.2080641
v -0.200658 0.05915577 0.2080641
v -0.200658 0.06023298 0.2080641
v -0.20187808 0.05592428 0.20784109
v -0.20187808 0.05700147 0.20784109
v -0.20187808 0.05807861 0.20784109
v -0.20187808 0.05915577 0.20784109
v -0.20187808 0.06023298 0.20784109
v -0.20274475 0.05592426 0.20768261
v -0.20274475 0.05700147 0.20768261
v -0.20274475 0.05807861 0.20768261
v -0.20274475 0.05915577 0.20768261
v -0.20274475 0.06023298 0.20768261
v -0.20396477 0.05592428 0.20745939
v -0.20396477 0.05700147 0.20745939
v -0.20396477 0.05807861 0.20745939
v -0.20396477 0.05915577 0.20745939
v -0.20396477 0.06023298 0.20745939
v -0.20518487 0.05592428 0.20723632
v -0.20518487 0.05700147 0.20723632
v -0.20518487 0.05807861 0.20723632
v -0.20518487 0.05915577 0.20723632
v -0.20518487 0.06023298 0.20723632
v -0.20640485 0.05592428 0.20701316
v -0.20640485 0.05700147 0.20701316
v -0.20640485 0.05807861 0.20701316
v -0.20640485 0.05915577 0.20701316
v -0.20640485 0.06023298 0.20701316
v -0.207625 0.05592428 0.20679009
v -0.207625 0.05700147 0.20679009
v -0.207625 0.05807861 0.20679009
v -0.207625 0.05915577 0.20679009
v -0.207625 0.06023298 0.20679009
v -0.20884501 0.05700147 0.20656681
v -0.20884501 0.05807861 0.20656684
v -0.20884501 0.05915577 0.20656687
v -0.20054206 0.05592428 0.2074297
v -0.19932192 0.05700147 0.20765304
v -0.20054206 0.05700147 0.20742973
v -0.19932194 0.05807861 0.20765304
v -0.20054206 0.05807861 0.20742973
v -0.19932194 0.05915577 0.20765304
v -0.20054207 0.05915577 0.20742973
v -0.20054207 0.06023298 0.20742973
v -0.20176199 0.05592426 0.20720681
v -0.20176199 0.05700147 0.20720681
v -0.20176197 0.05807861 0.20720681
v -0.20176197 0.05915577 0.20720681
v -0.20176197 0.06023298 0.20720681
v -0.20262876 0.05592426 0.20704832
v -0.20262876 0.05700147 0.20704832
v -0.20262876 0.05807861 0.20704832
v -0.20262876 0.05915577 0.20704832
v -0.20262876 0.06023298 0.20704832
v -0.20384889 0.05592426 0.2068251
v -0.20384891 0.05700147 0.20682507
v -0.20384891 0.05807861 0.20682507
v -0.20384891 0.05915577 0.20682507
v -0.20384891 0.06023298 0.20682507
v -0.20506884 0.05592428 0.20660212
v -0.20506884 0.05700147 0.20660212
v -0.20506884 0.05807861 0.20660212
v -0.20506884 0.05915577 0.20660212
v -0.20506884 0.06023298 0.20660212
v -0.20628897 0.05592428 0.2063789
v -0.20628897 0.05700147 0.2063789
v -0.20628897 0.05807861 0.2063789
v -0.20628897 0.05915577 0.2063789
v -0.20628897 0.06023299 0.2063789
v -0.20750898 0.05592426 0.2061558
v -0.20750898 0.05700147 0.2061558
v -0.20750898 0.05807861 0.2061558
v -0.20750899 0.05915577 0.2061558
v -0.20750899 0.06023298 0.2061558
v -0.20858649 0.05700147 0.20588943
v -0.20858649 0.05807861 0.20588943
v -0.20858649 0.05915577 0.20588943
v -0.20831601 0.06023298 0.20666366
v -0.20819994 0.06023299 0.20602938
v -0.20831599 0.05915577 0.2066636
v -0.20819994 0.05700147 0.20602935
v -0.20819994 0.05807861 0.20602938
v -0.20831599 0.05807861 0.2066636
v -0.20831601 0.05700147 0.2066636
v -0.20831601 0.05592428 0.2066636
v -0.20819994 0.05915577 0.20602938
v -0.20819994 0.05592428 0.20602935
v -0.20049569 0.05852823 0.20721054
v -0.20031425 0.05861131 0.20724365
v -0.20054206 0.05858436 0.20724314
v -0.2003387 0.05867703 0.2072803
v -0.20011605 0.05861814 0.2072798
v -0.20011259 0.0586857 0.2073217
v -0.19993437 0.05854515 0.207313
v -0.19990859 0.05860136 0.20735886
v -0.19971074 0.05822502 0.20735386
v -0.1996548 0.05823835 0.20740535
v -0.19970256 0.05802665 0.20735541
v -0.19964355 0.05801482 0.20740726
v -0.19977405 0.05783858 0.20734235
v -0.19972591 0.05780059 0.20739212
v -0.19991086 0.05769179 0.20731729
v -0.19987878 0.05763575 0.20736444
v -0.20009192 0.05760876 0.20728415
v -0.20008246 0.05754302 0.20732709
v -0.2002855 0.0576055 0.20724877
v -0.20030847 0.05753448 0.20728573
v -0.20047186 0.05767494 0.20721465
v -0.20051227 0.05761869 0.20724839
v -0.20069555 0.05799509 0.20717376
v -0.20076626 0.05798181 0.20720207
v -0.20069913 0.05819693 0.20717322
v -0.20077744 0.0582052 0.2071999
v -0.20063224 0.05838161 0.20718541
v -0.20069521 0.05841946 0.20721501
v -0.20060558 0.05836419 0.2071903
v -0.2006715 0.05818876 0.20717814
v -0.20066462 0.05800248 0.20717954
v -0.2005257 0.05816675 0.20720487
v -0.20047727 0.05850184 0.20721375
v -0.20034818 0.05831736 0.20723736
v -0.2003069 0.05858002 0.20724484
v -0.20014986 0.05843821 0.20727375
v -0.20012228 0.05858561 0.2072786
v -0.1999515 0.05851765 0.20730999
v -0.20045493 0.05770251 0.2072179
v -0.20025651 0.05778187 0.20725417
v -0.20005819 0.05790275 0.20729035
v -0.19988083 0.05805335 0.20732298
v -0.1997419 0.05821768 0.20734834
v -0.20028413 0.05763457 0.20724907
v -0.20009942 0.0576401 0.20728278
v -0.19992934 0.05771814 0.20731404
v -0.19980081 0.05785599 0.20733749
v -0.19973479 0.05803133 0.20734953
v -0.200358 0.05860972 0.2074891
v -0.20053909 0.05852644 0.20745593
v -0.20058146 0.05858691 0.20744824
v -0.20037779 0.05867946 0.20748555
v -0.20016488 0.05861346 0.20752453
v -0.20015136 0.05868749 0.20752692
v -0.19997873 0.05854448 0.20755851
v -0.19994197 0.0586059 0.20756527
v -0.19975605 0.0582257 0.20759919
v -0.19968672 0.05824086 0.207612
v -0.19975316 0.05802448 0.20759984
v -0.19967985 0.05801306 0.20761314
v -0.19982008 0.05784016 0.20758745
v -0.19976176 0.05779822 0.2075982
v -0.19995684 0.0576936 0.20756259
v -0.19991472 0.05763313 0.20757037
v -0.20013806 0.05761039 0.20752945
v -0.20011825 0.05754073 0.20753303
v -0.2003313 0.05760668 0.20749402
v -0.20034472 0.05753271 0.20749169
v -0.20051728 0.05767571 0.20746016
v -0.20055401 0.0576142 0.20745328
v -0.20074012 0.05799444 0.2074193
v -0.20080918 0.05797927 0.20740658
v -0.20074313 0.05819571 0.20741879
v -0.20081624 0.05820706 0.20740541
v -0.20067611 0.05837987 0.20743104
v -0.20073424 0.05842185 0.20742043
v -0.20018872 0.05846074 0.20752003
v -0.2004022 0.05833044 0.20748099
v -0.20059351 0.05816833 0.20744615
v -0.19990274 0.05805172 0.20757237
v -0.20009407 0.05788977 0.20753741
v -0.20030751 0.05775933 0.20749846
v -0.19982188 0.05848594 0.20758718
v -0.1997843 0.05848594 0.20738166
v -0.19975875 0.05839553 0.20759871
v -0.19972102 0.05839552 0.20739314
v -0.20069964 0.05782455 0.20721426
v -0.20063465 0.05786629 0.20718491
v -0.20063652 0.0577341 0.2072258
v -0.20057149 0.05777591 0.2071965
v -0.20067405 0.0577341 0.20743149
v -0.20073729 0.05782455 0.20741987
v -0.20043279 0.0580133 0.20722186
v -0.20061062 0.05788375 0.20718938
v -0.20023551 0.05815616 0.20725798
v -0.20003309 0.05830225 0.20729491
v -0.19985894 0.05842672 0.20732688
v -0.20054723 0.0577933 0.20720085
v -0.2003687 0.05792139 0.20723357
v -0.20017087 0.05806398 0.20726981
v -0.19996866 0.05821035 0.20730674
v -0.19979572 0.0583364 0.20733839
v -0.19983497 0.05844418 0.20733121
v -0.19977179 0.05835376 0.20734274
v -0.19987981 0.05844418 0.20757651
v -0.19981664 0.05835376 0.20758813
v -0.20061637 0.05777593 0.20744195
v -0.20067958 0.05786629 0.20743045
v -0.20006831 0.05830915 0.20754212
v -0.20028024 0.05815617 0.20750346
v -0.20049224 0.05800283 0.20746469
v -0.20000396 0.05821719 0.20755389
v -0.20021586 0.05806398 0.20751509
v -0.20042802 0.05791094 0.20747649
v -0.19980844 0.05846858 0.2073771
v -0.19974537 0.05837814 0.20738866
v -0.20060767 0.05775502 0.20723092
v -0.20067091 0.05784542 0.20721942
v -0.20043364 0.05787965 0.20726293
v -0.20049782 0.05797144 0.20725116
v -0.19992303 0.05824856 0.20735633
v -0.19998718 0.05834046 0.20734456
v -0.20017914 0.05806398 0.20731502
v -0.2002438 0.05815617 0.20730325
v -0.20793403 0.05815826 0.20585024
v -0.20787735 0.05835206 0.20586037
v -0.20800858 0.05816483 0.20587766
v -0.20794466 0.05838196 0.20588928
v -0.20775297 0.05850912 0.2058832
v -0.20780329 0.05856156 0.20591521
v -0.20757997 0.05860121 0.20591485
v -0.20760743 0.05866335 0.20595103
v -0.20719532 0.05856417 0.20598527
v -0.20717127 0.05862151 0.20603078
v -0.20704238 0.05844079 0.2060132
v -0.20699748 0.05848409 0.20606243
v -0.20694892 0.05826292 0.20603033
v -0.20689156 0.05828079 0.2060818
v -0.20692911 0.05806183 0.20603391
v -0.206869 0.05805526 0.20608604
v -0.20698559 0.057868 0.20602357
v -0.20693297 0.0578382 0.20607429
v -0.20710954 0.05771704 0.20600092
v -0.20707404 0.05765859 0.20604839
v -0.2072831 0.05761906 0.20596909
v -0.20727008 0.05755665 0.20601269
v -0.20766772 0.05765597 0.20589891
v -0.20770642 0.05759862 0.20593297
v -0.20782026 0.05778521 0.20587086
v -0.20788019 0.05773593 0.20590105
v -0.20791415 0.05795726 0.20585387
v -0.20798589 0.05793929 0.20588177
v -0.20788374 0.05796639 0.2058593
v -0.207796 0.05780108 0.20587524
v -0.20765274 0.05768474 0.2059015
v -0.20768444 0.05789901 0.20589575
v -0.2079024 0.05815525 0.20585581
v -0.20768076 0.05813393 0.20589649
v -0.20784923 0.05833727 0.20586565
v -0.20764091 0.05836558 0.20590373
v -0.20773279 0.058483 0.20588687
v -0.20757053 0.05856999 0.20591658
v -0.20729239 0.05765004 0.20596742
v -0.20722198 0.05785454 0.20598024
v -0.20718248 0.05808617 0.20598757
v -0.20717865 0.05832114 0.20598813
v -0.20721013 0.05853547 0.20598247
v -0.20713031 0.05773709 0.20599716
v -0.20701363 0.0578828 0.20601844
v -0.20696078 0.05806478 0.20602807
v -0.2069794 0.05825375 0.20602458
v -0.20706692 0.05841912 0.20600876
v -0.20792025 0.05835183 0.20610618
v -0.20797686 0.05815812 0.20609584
v -0.20804944 0.05816508 0.20608255
v -0.20798523 0.05838224 0.20609435
v -0.20779691 0.058503 0.20612886
v -0.20784321 0.05856181 0.20612031
v -0.20762404 0.05860115 0.20616039
v -0.20764558 0.05866949 0.20615643
v -0.2072409 0.05856427 0.20623049
v -0.20720709 0.0586275 0.20623654
v -0.2070892 0.05843497 0.20625814
v -0.20703277 0.05848397 0.20626848
v -0.20699577 0.0582631 0.20627534
v -0.20692652 0.05828057 0.20628795
v -0.20697607 0.058062 0.20627892
v -0.20690342 0.05805502 0.20629209
v -0.20703239 0.05786828 0.20626848
v -0.20696769 0.05783785 0.20628038
v -0.20715598 0.05771717 0.20624586
v -0.20710954 0.05765838 0.20625439
v -0.2073289 0.05761912 0.20621439
v -0.20730705 0.05755057 0.20621842
v -0.20771183 0.05765587 0.20614436
v -0.20774559 0.05759273 0.20613807
v -0.20786351 0.05778512 0.2061167
v -0.20791989 0.05773614 0.2061063
v -0.20795705 0.05795705 0.20609957
v -0.20802637 0.05793951 0.20608693
v -0.20769879 0.05838494 0.20614677
v -0.20774115 0.05813552 0.20613905
v -0.20774559 0.05788235 0.20613813
v -0.20720739 0.05833774 0.20623651
v -0.2072117 0.0580846 0.20623573
v -0.20725397 0.05783522 0.20622804
v -0.20747792 0.0586836 0.20618706
v -0.2074404 0.0586836 0.20598164
v -0.20736932 0.05867311 0.206207
v -0.20733171 0.05867311 0.20600143
v -0.20754593 0.05754701 0.20596209
v -0.20753186 0.05761872 0.20592352
v -0.20743739 0.05753657 0.20598214
v -0.20742331 0.0576083 0.20594343
v -0.207475 0.05753657 0.20618778
v -0.2075836 0.05754701 0.20616784
v -0.2075095 0.05787013 0.20592773
v -0.20752912 0.0576487 0.20592409
v -0.20748683 0.0581153 0.20593181
v -0.20746338 0.05836661 0.20593613
v -0.20744247 0.05858191 0.20594
v -0.20742057 0.05763828 0.20594397
v -0.20739916 0.05785951 0.20594796
v -0.20737612 0.05810469 0.20595216
v -0.20735301 0.05835598 0.20595639
v -0.20733384 0.05857142 0.20595991
v -0.20743961 0.05861181 0.20594051
v -0.20733101 0.05860135 0.20596045
v -0.2074846 0.05861182 0.2061859
v -0.20737578 0.05860135 0.20620569
v -0.20746816 0.0576083 0.20618891
v -0.20757676 0.05761872 0.20616892
v -0.2075071 0.05837854 0.20618185
v -0.20753173 0.0581153 0.20617732
v -0.20755603 0.05785222 0.20617282
v -0.2073967 0.05836799 0.20620197
v -0.2074209 0.05810469 0.20619741
v -0.2074455 0.05784151 0.20619306
v -0.20744308 0.05865377 0.20598086
v -0.20733434 0.05864325 0.20600089
v -0.20743399 0.05757246 0.20598277
v -0.20754267 0.05758284 0.20596286
v -0.20741294 0.05778774 0.20598655
v -0.20752349 0.05779828 0.20596641
v -0.20735415 0.05842183 0.20599734
v -0.2074645 0.05843238 0.20597711
v -0.20738446 0.05810469 0.20599734
v -0.20749519 0.05811531 0.20597708
v -0.2006834 0.04615939 0.20026195
v -0.2010061 0.04615939 0.19893926
v -0.20181046 0.04615939 0.19784066
v -0.20297376 0.04615939 0.19713369
v -0.20431911 0.04615939 0.19692564
v -0.20564179 0.04615939 0.19724836
v -0.20795704 0.04615939 0.19760721
v -0.2079083 0.04615939 0.19916796
v -0.20783717 0.04615939 0.20056939
v -0.2077773 0.04615939 0.20193028
v -0.20771895 0.04615939 0.20346188
v -0.20536516 0.04615939 0.20368963
v -0.20401966 0.04615939 0.2038978
v -0.20269689 0.04615939 0.20357522
v -0.20159842 0.04615939 0.20277077
v -0.20089142 0.04615939 0.20160728
v -0.20270237 0.04615939 0.20034861
v -0.20283813 0.04615939 0.19979202
v -0.20317666 0.04615939 0.19932979
v -0.20366619 0.04615939 0.19903206
v -0.20423235 0.04615939 0.19894444
v -0.20478925 0.04615939 0.19908034
v -0.20525144 0.04615939 0.19941869
v -0.20554909 0.04615939 0.19990858
v -0.2056365 0.04615939 0.20047488
v -0.20550072 0.04615939 0.20103147
v -0.20516231 0.04615939 0.20149374
v -0.20467248 0.04615939 0.20179125
v -0.20410637 0.04615939 0.20187896
v -0.20354968 0.04615939 0.20174309
v -0.20308737 0.04615939 0.20140457
v -0.2027899 0.04615939 0.20091512
v -0.20192128 0.04615939 0.19936528
v -0.20169208 0.04615939 0.20030522
v -0.20249304 0.04615939 0.19858473
v -0.20331969 0.04615939 0.19808214
v -0.20427593 0.04615939 0.19793444
v -0.20521569 0.04615939 0.19816359
v -0.20660509 0.04615939 0.19851243
v -0.20672948 0.04615939 0.19953793
v -0.20673765 0.04615939 0.200522
v -0.20663976 0.04615939 0.20148119
v -0.20644156 0.04615939 0.2024784
v -0.20501913 0.04615939 0.20274108
v -0.2040629 0.04615939 0.20288902
v -0.20312307 0.04615939 0.20265984
v -0.20234248 0.04615939 0.20208823
v -0.20184001 0.04615939 0.2012614
v -0.20169208 0.04551989 0.20030522
v -0.20192128 0.04551989 0.19936528
v -0.20283813 0.04551989 0.19979202
v -0.20270237 0.04551989 0.20034861
v -0.20249304 0.04551989 0.19858473
v -0.20317666 0.04551989 0.19932979
v -0.20331969 0.04551989 0.19808214
v -0.20366619 0.04551989 0.19903206
v -0.20427593 0.04551989 0.19793444
v -0.20423235 0.04551989 0.19894444
v -0.20521569 0.04551989 0.19816359
v -0.20478925 0.04551989 0.19908034
v -0.20660509 0.04551989 0.19851243
v -0.20525144 0.04551989 0.19941869
v -0.20672948 0.04551989 0.19953793
v -0.20554909 0.04551989 0.19990858
v -0.20673765 0.04551989 0.200522
v -0.2056365 0.04551989 0.20047488
v -0.20663976 0.04551989 0.20148119
v -0.20550072 0.04551989 0.20103147
v -0.20644156 0.04551989 0.2024784
v -0.20516231 0.04551989 0.20149374
v -0.20501913 0.04551989 0.20274108
v -0.20467248 0.04551989 0.20179125
v -0.2040629 0.04551989 0.20288902
v -0.20410637 0.04551989 0.20187896
v -0.20312307 0.04551989 0.20265984
v -0.20354968 0.04551989 0.20174309
v -0.20234248 0.04551989 0.2020882
v -0.20308737 0.04551989 0.20140454
v -0.20184001 0.04551989 0.2012614
v -0.2027899 0.04551989 0.20091506
v -0.2006834 0.04551989 0.20026195
v -0.2010061 0.04551989 0.19893926
v -0.20181046 0.04551989 0.19784066
v -0.20297376 0.04551989 0.19713369
v -0.20431911 0.04551989 0.19692564
v -0.20564179 0.04551989 0.19724834
v -0.20795704 0.04551989 0.19760721
v -0.2079083 0.04551989 0.19916796
v -0.20783717 0.04551989 0.20056939
v -0.2077773 0.04551989 0.20193028
v -0.20771895 0.04551989 0.20346188
v -0.20536516 0.04551989 0.20368963
v -0.20401966 0.04551989 0.2038978
v -0.20269689 0.04551989 0.20357522
v -0.2015984 0.04551989 0.20277074
v -0.20089142 0.04551989 0.20160728
v -0.2006834 0.04764729 0.20026195
v -0.2010061 0.04764729 0.19893926
v -0.20181046 0.04764729 0.19784066
v -0.20297376 0.04764727 0.19713369
v -0.20431911 0.04764729 0.19692564
v -0.20564179 0.04764729 0.19724836
v -0.20795704 0.04764729 0.19760721
v -0.2079083 0.04764729 0.19916796
v -0.20783717 0.04764727 0.20056939
v -0.20777729 0.04764729 0.20193028
v -0.20771895 0.04764729 0.20346188
v -0.20536516 0.04764729 0.20368963
v -0.20401966 0.04764729 0.2038978
v -0.20269689 0.04764729 0.20357522
v -0.20159842 0.04764729 0.20277077
v -0.20089142 0.04764729 0.20160728
v -0.20270235 0.04764727 0.20034861
v -0.20283813 0.04764729 0.19979202
v -0.20317666 0.04764729 0.19932979
v -0.20366619 0.04764729 0.19903206
v -0.20423235 0.04764729 0.19894444
v -0.20478925 0.04764729 0.19908034
v -0.20525144 0.04764729 0.19941869
v -0.20554909 0.04764729 0.19990858
v -0.2056365 0.04764729 0.20047488
v -0.2055007 0.04764729 0.20103147
v -0.20516231 0.04764729 0.20149374
v -0.20467248 0.04764729 0.20179125
v -0.20410637 0.04764729 0.20187896
v -0.20354968 0.04764729 0.20174309
v -0.20308737 0.04764727 0.20140457
v -0.2027899 0.04764727 0.20091512
v -0.20192128 0.04764729 0.19936528
v -0.20169208 0.04764729 0.20030522
v -0.20249304 0.04764729 0.19858473
v -0.20331969 0.04764729 0.19808214
v -0.20427593 0.04764729 0.19793444
v -0.20521569 0.04764729 0.19816359
v -0.20660509 0.04764729 0.19851243
v -0.20672948 0.04764729 0.19953793
v -0.20673765 0.04764727 0.200522
v -0.20663976 0.04764729 0.20148119
v -0.20644158 0.04764729 0.20247843
v -0.20501913 0.04764729 0.20274108
v -0.2040629 0.04764729 0.20288902
v -0.20312306 0.04764729 0.20265984
v -0.20234248 0.04764729 0.20208823
v -0.20183999 0.04764729 0.20126143
v -0.20169208 0.04700762 0.20030522
v -0.20192128 0.04700761 0.19936528
v -0.20283813 0.04700762 0.19979202
v -0.20270237 0.04700762 0.20034861
v -0.20249304 0.04700762 0.19858473
v -0.20317666 0.04700762 0.19932979
v -0.20331969 0.04700762 0.19808214
v -0.20366619 0.04700762 0.19903206
v -0.20427593 0.04700762 0.19793444
v -0.20423235 0.04700762 0.19894444
v -0.20521569 0.04700762 0.19816359
v -0.20478925 0.04700762 0.19908034
v -0.20660509 0.04700762 0.19851243
v -0.20525144 0.04700762 0.19941869
v -0.20672948 0.04700762 0.19953793
v -0.20554909 0.04700762 0.19990858
v -0.20673765 0.04700762 0.200522
v -0.2056365 0.04700762 0.20047488
v -0.20663976 0.04700762 0.20148119
v -0.2055007 0.04700762 0.20103147
v -0.20644158 0.04700762 0.20247843
v -0.20516231 0.04700762 0.20149374
v -0.20501913 0.04700762 0.20274108
v -0.20467248 0.04700762 0.20179125
v -0.2040629 0.04700762 0.20288902
v -0.20410637 0.04700762 0.20187896
v -0.20312307 0.04700762 0.20265984
v -0.20354968 0.04700762 0.20174309
v -0.20234248 0.04700762 0.20208823
v -0.20308737 0.04700762 0.20140457
v -0.20184001 0.04700762 0.2012614
v -0.2027899 0.04700762 0.20091512
v -0.2006834 0.04700762 0.20026195
v -0.2010061 0.04700762 0.19893926
v -0.20181046 0.04700762 0.19784066
v -0.20297376 0.04700762 0.19713369
v -0.20431911 0.04700762 0.19692564
v -0.20564179 0.04700762 0.19724834
v -0.20795704 0.04700762 0.19760721
v -0.2079083 0.04700762 0.19916796
v -0.20783717 0.04700762 0.20056939
v -0.20777729 0.04700762 0.20193028
v -0.20771895 0.04700762 0.20346188
v -0.20536516 0.04700762 0.20368963
v -0.20401966 0.04700762 0.2038978
v -0.20269686 0.04700762 0.20357522
v -0.20159842 0.04700762 0.20277077
v -0.20089142 0.04700762 0.20160728
v -0.2006834 0.0447235 0.20026195
v -0.2010061 0.0447235 0.19893926
v -0.20181046 0.0447235 0.19784066
v -0.20297376 0.0447235 0.19713369
v -0.20431911 0.0447235 0.19692564
v -0.20564179 0.0447235 0.19724836
v -0.20795704 0.0447235 0.19760721
v -0.2079083 0.0447235 0.19916796
v -0.20783717 0.0447235 0.20056939
v -0.2077773 0.0447235 0.20193028
v -0.20771895 0.0447235 0.20346188
v -0.20536516 0.0447235 0.20368963
v -0.20401966 0.0447235 0.2038978
v -0.20269686 0.0447235 0.20357522
v -0.2015984 0.0447235 0.20277074
v -0.20089142 0.0447235 0.20160728
v -0.20270237 0.0447235 0.20034861
v -0.20283813 0.0447235 0.19979202
v -0.20317666 0.0447235 0.19932979
v -0.20366619 0.0447235 0.19903206
v -0.20423235 0.0447235 0.19894444
v -0.20478925 0.0447235 0.19908034
v -0.20525144 0.0447235 0.19941869
v -0.20554909 0.0447235 0.19990858
v -0.2056365 0.0447235 0.20047485
v -0.20550072 0.0447235 0.20103147
v -0.20516231 0.0447235 0.20149374
v -0.20467248 0.0447235 0.20179125
v -0.20410637 0.0447235 0.20187896
v -0.20354968 0.0447235 0.20174309
v -0.20308737 0.0447235 0.20140454
v -0.2027899 0.0447235 0.20091506
v -0.20192128 0.0447235 0.19936528
v -0.20169208 0.0447235 0.20030522
v -0.20249304 0.0447235 0.19858473
v -0.20331969 0.0447235 0.19808214
v -0.20427593 0.0447235 0.19793444
v -0.20521569 0.0447235 0.19816359
v -0.20660509 0.0447235 0.19851243
v -0.20672948 0.0447235 0.1995379
v -0.20673765 0.0447235 0.200522
v -0.20663976 0.0447235 0.20148119
v -0.20644156 0.0447235 0.2024784
v -0.20501913 0.0447235 0.20274108
v -0.2040629 0.0447235 0.20288902
v -0.20312307 0.0447235 0.20265984
v -0.20234248 0.0447235 0.20208817
v -0.20184001 0.0447235 0.2012614
v -0.20169207 0.04408396 0.20030519
v -0.20192128 0.04408396 0.19936528
v -0.20283813 0.04408394 0.19979202
v -0.20270237 0.04408394 0.20034861
v -0.20249304 0.04408394 0.19858473
v -0.20317666 0.04408394 0.19932979
v -0.20331969 0.04408394 0.19808214
v -0.20366619 0.04408394 0.19903206
v -0.20427593 0.04408394 0.19793444
v -0.20423235 0.04408394 0.19894444
v -0.20521569 0.04408394 0.19816359
v -0.20478925 0.04408396 0.19908034
v -0.20660509 0.04408396 0.19851243
v -0.20525144 0.04408396 0.19941869
v -0.20672948 0.04408396 0.19953793
v -0.20554909 0.04408396 0.19990858
v -0.20673765 0.04408394 0.200522
v -0.2056365 0.04408396 0.20047485
v -0.20663976 0.04408394 0.20148119
v -0.20550072 0.04408394 0.20103147
v -0.20644155 0.04408394 0.2024784
v -0.20516231 0.04408394 0.20149374
v -0.20501913 0.04408394 0.20274108
v -0.20467248 0.04408394 0.20179125
v -0.2040629 0.04408394 0.20288902
v -0.20410637 0.04408394 0.20187896
v -0.20312307 0.04408394 0.20265984
v -0.20354968 0.04408394 0.20174309
v -0.20234248 0.04408394 0.20208817
v -0.20308737 0.04408394 0.20140454
v -0.20184001 0.04408394 0.2012614
v -0.2027899 0.04408394 0.20091506
v -0.2006834 0.04408394 0.20026195
v -0.2010061 0.04408396 0.19893926
v -0.20181046 0.04408396 0.19784066
v -0.20297376 0.04408394 0.19713369
v -0.20431911 0.04408394 0.19692564
v -0.20564179 0.04408394 0.19724834
v -0.20795704 0.04408394 0.19760721
v -0.2079083 0.04408396 0.19916796
v -0.20783717 0.04408394 0.20056939
v -0.2077773 0.04408396 0.20193028
v -0.20771895 0.04408394 0.20346188
v -0.20536516 0.04408396 0.20368963
v -0.20401966 0.04408394 0.2038978
v -0.20269689 0.04408394 0.20357519
v -0.2015984 0.04408396 0.20277074
v -0.20089142 0.04408394 0.20160728
v -0.20872147 0.04551989 0.19920134
v -0.20877035 0.04551989 0.19763246
v -0.20877035 0.04615939 0.19763246
v -0.20872147 0.04615939 0.19920134
v -0.20865 0.04551989 0.20060768
v -0.20865 0.04615939 0.20060768
v -0.20859034 0.04551989 0.2019636
v -0.20859034 0.04615939 0.2019636
v -0.20853196 0.04551989 0.20349305
v -0.20853196 0.04615939 0.20349305
v -0.20872147 0.04700762 0.19920134
v -0.20877035 0.04700762 0.19763246
v -0.20877035 0.04764729 0.19763246
v -0.20872147 0.04764729 0.19920134
v -0.20865 0.04700762 0.20060768
v -0.20865 0.04764729 0.20060768
v -0.20859034 0.04700762 0.2019636
v -0.20859034 0.04764729 0.2019636
v -0.20853196 0.04700762 0.20349302
v -0.20853196 0.04764729 0.20349302
v -0.20872147 0.04408394 0.19920134
v -0.20877035 0.04408394 0.19763246
v -0.20877035 0.0447235 0.19763246
v -0.20872147 0.0447235 0.19920134
v -0.20865 0.04408394 0.20060768
v -0.20865 0.0447235 0.20060768
v -0.20859034 0.04408394 0.2019636
v -0.20859034 0.0447235 0.2019636
v -0.20853196 0.04408394 0.20349302
v -0.20853196 0.0447235 0.20349302
v -0.20899905 0.044743 0.19072866
v -0.20899905 0.04582015 0.19072866
v -0.20899905 0.04689731 0.19072866
v -0.20894587 0.0436658 0.19196778
v -0.20894587 0.044743 0.19196778
v -0.20894587 0.04582015 0.19196778
v -0.20894587 0.04689731 0.19196778
v -0.20894587 0.04797451 0.19196778
v -0.20889259 0.04366581 0.19320693
v -0.20889259 0.044743 0.19320693
v -0.20889259 0.04582015 0.19320693
v -0.20889259 0.04689731 0.19320693
v -0.20889259 0.04797451 0.19320693
v -0.20868392 0.04366581 0.19806301
v -0.20868392 0.044743 0.19806301
v -0.20868392 0.04582015 0.19806301
v -0.20868392 0.04689731 0.19806301
v -0.20868392 0.04797451 0.19806301
v -0.20863069 0.04366581 0.19930216
v -0.20863069 0.044743 0.19930216
v -0.20863069 0.04582015 0.19930216
v -0.20863069 0.04689731 0.19930216
v -0.20863069 0.04797451 0.19930216
v -0.20857733 0.0436658 0.20054137
v -0.20857733 0.044743 0.20054137
v -0.20857735 0.04582015 0.20054137
v -0.20857735 0.04689731 0.20054137
v -0.20857735 0.04797451 0.20054137
v -0.20848979 0.04366581 0.20257988
v -0.20848979 0.044743 0.20257988
v -0.20848982 0.04582015 0.20257991
v -0.20848982 0.04689731 0.20257991
v -0.20848982 0.04797451 0.20257991
v -0.20843645 0.0436658 0.20381906
v -0.20843647 0.044743 0.20381909
v -0.20843647 0.04582015 0.20381909
v -0.20843645 0.04689731 0.20381909
v -0.20843645 0.04797451 0.20381909
v -0.20838335 0.044743 0.20505827
v -0.20838336 0.04582015 0.2050583
v -0.20838336 0.04689731 0.2050583
v -0.20958989 0.04366581 0.19199544
v -0.20964333 0.044743 0.19075632
v -0.20958989 0.044743 0.19199544
v -0.2096433 0.04582015 0.19075635
v -0.20958989 0.04582015 0.19199544
v -0.2096433 0.04689731 0.19075635
v -0.20958989 0.04689731 0.19199544
v -0.20958989 0.04797451 0.19199544
v -0.2095367 0.04366581 0.19323447
v -0.2095367 0.044743 0.19323447
v -0.2095367 0.04582015 0.19323447
v -0.2095367 0.04689731 0.19323447
v -0.2095367 0.04797451 0.19323447
v -0.20932813 0.04366581 0.19809085
v -0.20932813 0.044743 0.19809085
v -0.20932813 0.04582015 0.19809085
v -0.20932813 0.04689731 0.19809085
v -0.20932813 0.04797451 0.19809085
v -0.20927475 0.04366581 0.19932982
v -0.20927475 0.044743 0.19932982
v -0.20927475 0.04582015 0.19932982
v -0.20927475 0.04689731 0.19932982
v -0.20927475 0.04797451 0.19932982
v -0.20922152 0.04366581 0.200569
v -0.20922152 0.044743 0.200569
v -0.20922152 0.04582015 0.200569
v -0.20922152 0.04689731 0.20056903
v -0.20922152 0.04797451 0.20056903
v -0.2091341 0.04366581 0.2026076
v -0.2091341 0.044743 0.2026076
v -0.2091341 0.04582015 0.2026076
v -0.2091341 0.04689731 0.2026076
v -0.2091341 0.04797453 0.2026076
v -0.20908087 0.04366581 0.20384681
v -0.20908087 0.044743 0.20384681
v -0.20908087 0.04582015 0.20384681
v -0.20908087 0.04689731 0.20384681
v -0.20908087 0.04797451 0.20384681
v -0.20902751 0.044743 0.20508587
v -0.20902751 0.04582015 0.20508587
v -0.20902751 0.04689731 0.20508587
v -0.20840634 0.04797451 0.20452097
v -0.20905061 0.04797453 0.20454862
v -0.20840634 0.04689731 0.20452097
v -0.20905061 0.044743 0.20454862
v -0.20905061 0.04582015 0.20454862
v -0.20840634 0.04582015 0.20452097
v -0.20840637 0.044743 0.20452094
v -0.20840637 0.0436658 0.20452094
v -0.20905061 0.04689731 0.20454862
v -0.20905061 0.04366581 0.20454862
v -0.20417176 0.0478383 0.20041182
v -0.20275917 0.0478383 0.20035114
v -0.20279805 0.0478383 0.20007669
v -0.2028898 0.0478383 0.19981524
v -0.20303086 0.0478383 0.19957655
v -0.20321568 0.0478383 0.19936999
v -0.20343749 0.0478383 0.19920346
v -0.20368729 0.0478383 0.19908344
v -0.20395566 0.0478383 0.19901463
v -0.20423233 0.0478383 0.19899925
v -0.20450677 0.0478383 0.19903814
v -0.20476843 0.0478383 0.19912999
v -0.20500712 0.0478383 0.19927096
v -0.20521339 0.0478383 0.19945588
v -0.20537999 0.0478383 0.19967752
v -0.2055 0.0478383 0.19992736
v -0.20556895 0.0478383 0.20019573
v -0.20558421 0.0478383 0.20047241
v -0.2055453 0.0478383 0.20074686
v -0.20545348 0.0478383 0.20100846
v -0.20531256 0.0478383 0.20124715
v -0.20512768 0.0478383 0.2014535
v -0.20490618 0.0478383 0.20162004
v -0.20465613 0.0478383 0.20174014
v -0.20438782 0.0478383 0.20180901
v -0.20411105 0.0478383 0.20182433
v -0.20383672 0.0478383 0.20178538
v -0.20357489 0.0478383 0.20169353
v -0.20333659 0.0478383 0.20155262
v -0.20312985 0.0478383 0.20136779
v -0.20296341 0.0478383 0.20114627
v -0.20284336 0.0478383 0.20089635
v -0.20277445 0.0478383 0.20062792
v -0.20275917 0.04755828 0.20035114
v -0.20279805 0.04755828 0.20007669
v -0.2028898 0.0475583 0.19981524
v -0.20303086 0.0475583 0.19957655
v -0.20321567 0.0475583 0.19936999
v -0.20343749 0.0475583 0.19920346
v -0.20368729 0.0475583 0.19908344
v -0.20395566 0.0475583 0.19901463
v -0.20423233 0.0475583 0.19899925
v -0.20450677 0.0475583 0.19903814
v -0.20476843 0.0475583 0.19912999
v -0.20500712 0.0475583 0.19927096
v -0.20521339 0.0475583 0.19945588
v -0.20537999 0.0475583 0.19967752
v -0.2055 0.0475583 0.19992736
v -0.20556896 0.0475583 0.20019576
v -0.20558421 0.0475583 0.20047241
v -0.2055453 0.0475583 0.20074686
v -0.20545348 0.0475583 0.20100846
v -0.20531256 0.0475583 0.20124715
v -0.20512768 0.0475583 0.2014535
v -0.20490618 0.0475583 0.20162004
v -0.20465613 0.0475583 0.20174014
v -0.20438782 0.0475583 0.20180901
v -0.20411105 0.0475583 0.20182433
v -0.20383672 0.0475583 0.20178538
v -0.20357489 0.0475583 0.20169353
v -0.20333659 0.0475583 0.20155262
v -0.20312985 0.0475583 0.20136779
v -0.20296341 0.04755828 0.20114627
v -0.20284336 0.04755828 0.20089635
v -0.20277445 0.04755828 0.20062792
v -0.20275917 0.04727821 0.20035114
v -0.20279805 0.04727821 0.20007669
v -0.2028898 0.04727821 0.19981524
v -0.20303086 0.04727821 0.19957655
v -0.20321567 0.04727821 0.19936999
v -0.20343749 0.04727821 0.19920346
v -0.20368729 0.04727823 0.19908344
v -0.20395566 0.04727821 0.19901463
v -0.20423233 0.04727823 0.19899925
v -0.20450677 0.04727823 0.19903814
v -0.20476843 0.04727821 0.19912999
v -0.20500712 0.04727824 0.19927096
v -0.20521339 0.04727824 0.19945588
v -0.20537999 0.04727823 0.19967752
v -0.2055 0.04727823 0.19992736
v -0.20556896 0.04727823 0.20019576
v -0.20558421 0.04727821 0.20047241
v -0.2055453 0.04727821 0.20074686
v -0.20545348 0.04727823 0.20100846
v -0.20531256 0.04727823 0.20124715
v -0.20512768 0.04727823 0.2014535
v -0.20490618 0.04727823 0.20162004
v -0.20465613 0.04727823 0.20174014
v -0.20438782 0.04727823 0.20180901
v -0.20411105 0.04727821 0.20182433
v -0.20383672 0.04727823 0.20178538
v -0.20357489 0.04727821 0.20169353
v -0.20333659 0.04727821 0.20155262
v -0.20312985 0.04727823 0.20136779
v -0.20296341 0.04727824 0.20114627
v -0.20284336 0.04727821 0.20089635
v -0.20277445 0.04727821 0.20062792
v -0.20275917 0.04699815 0.20035114
v -0.20279805 0.04699815 0.20007669
v -0.2028898 0.04699815 0.19981524
v -0.20303086 0.04699815 0.19957655
v -0.20321567 0.04699815 0.19936999
v -0.20343749 0.04699815 0.19920346
v -0.20368729 0.04699815 0.19908347
v -0.20395566 0.04699815 0.19901463
v -0.20423233 0.04699815 0.19899922
v -0.20450677 0.04699815 0.19903814
v -0.20476843 0.04699816 0.19912999
v -0.20500712 0.04699816 0.19927096
v -0.20521339 0.04699816 0.19945588
v -0.20537999 0.04699815 0.19967752
v -0.2055 0.04699815 0.19992736
v -0.20556896 0.04699815 0.20019576
v -0.20558421 0.04699815 0.20047241
v -0.2055453 0.04699815 0.20074686
v -0.20545348 0.04699816 0.20100846
v -0.20531256 0.04699816 0.20124712
v -0.20512768 0.04699816 0.2014535
v -0.20490618 0.04699816 0.20162004
v -0.20465613 0.04699816 0.20174014
v -0.20438782 0.04699815 0.20180901
v -0.20411105 0.04699815 0.20182433
v -0.20383672 0.04699815 0.20178538
v -0.20357489 0.04699815 0.20169353
v -0.20333659 0.04699815 0.20155262
v -0.20312985 0.04699816 0.20136779
v -0.20296341 0.04699816 0.20114627
v -0.20284336 0.04699816 0.20089635
v -0.20277445 0.04699816 0.20062792
v -0.20275917 0.04671821 0.20035114
v -0.20279805 0.04671821 0.20007669
v -0.2028898 0.04671821 0.19981524
v -0.20303086 0.04671821 0.19957655
v -0.20321567 0.04671821 0.19936999
v -0.20343749 0.04671821 0.19920346
v -0.20368729 0.04671821 0.19908344
v -0.20395566 0.04671821 0.19901463
v -0.20423233 0.04671821 0.19899922
v -0.20450677 0.04671821 0.19903814
v -0.20476843 0.04671821 0.19912999
v -0.20500712 0.04671821 0.19927096
v -0.20521339 0.04671821 0.19945588
v -0.20537999 0.04671821 0.19967752
v -0.2055 0.04671821 0.19992736
v -0.20556896 0.04671821 0.20019576
v -0.20558421 0.04671821 0.20047241
v -0.2055453 0.04671821 0.20074686
v -0.20545348 0.04671821 0.20100846
v -0.20531256 0.04671821 0.20124712
v -0.20512768 0.04671821 0.2014535
v -0.20490618 0.04671821 0.20162004
v -0.20465613 0.04671821 0.20174014
v -0.20438782 0.04671821 0.20180901
v -0.20411105 0.04671821 0.20182433
v -0.20383672 0.04671821 0.20178538
v -0.20357489 0.04671821 0.20169353
v -0.20333659 0.04671821 0.20155262
v -0.20312985 0.04671821 0.20136779
v -0.20296341 0.04671821 0.20114627
v -0.20284336 0.04671821 0.20089635
v -0.20277445 0.04671821 0.20062789
v -0.20275917 0.04643814 0.20035114
v -0.20279805 0.04643812 0.20007669
v -0.2028898 0.04643812 0.19981524
v -0.20303086 0.04643812 0.19957655
v -0.20321567 0.04643814 0.19936999
v -0.20343749 0.04643814 0.19920346
v -0.20368729 0.04643814 0.19908344
v -0.20395566 0.04643812 0.19901463
v -0.20423233 0.04643814 0.19899925
v -0.20450677 0.04643814 0.19903814
v -0.20476843 0.04643814 0.19912999
v -0.20500712 0.04643814 0.19927096
v -0.20521339 0.04643812 0.19945588
v -0.20537999 0.04643814 0.19967752
v -0.2055 0.04643814 0.19992736
v -0.20556896 0.04643814 0.20019576
v -0.20558421 0.04643814 0.20047241
v -0.2055453 0.04643814 0.20074686
v -0.20545348 0.04643812 0.20100846
v -0.20531256 0.04643814 0.20124712
v -0.20512768 0.04643812 0.2014535
v -0.20490618 0.04643814 0.20162004
v -0.20465613 0.04643812 0.20174014
v -0.20438782 0.04643814 0.20180901
v -0.20411105 0.04643814 0.20182433
v -0.20383672 0.04643814 0.20178538
v -0.20357489 0.04643812 0.20169353
v -0.20333659 0.04643814 0.20155262
v -0.20312985 0.04643812 0.20136779
v -0.20296341 0.04643814 0.20114627
v -0.20284336 0.04643812 0.20089635
v -0.20277445 0.04643814 0.20062789
v -0.20275917 0.0461581 0.20035114
v -0.20279805 0.0461581 0.20007669
v -0.2028898 0.0461581 0.19981524
v -0.20303086 0.0461581 0.19957655
v -0.20321567 0.0461581 0.19936999
v -0.20343749 0.0461581 0.19920346
v -0.20368729 0.0461581 0.19908344
v -0.20395566 0.0461581 0.19901463
v -0.20423233 0.0461581 0.19899925
v -0.20450677 0.0461581 0.19903814
v -0.20476843 0.0461581 0.19912999
v -0.20500712 0.0461581 0.19927096
v -0.20521339 0.0461581 0.19945588
v -0.20537999 0.0461581 0.19967752
v -0.2055 0.0461581 0.19992736
v -0.20556896 0.0461581 0.20019576
v -0.20558421 0.0461581 0.20047241
v -0.2055453 0.0461581 0.20074686
v -0.20545348 0.0461581 0.20100846
v -0.20531256 0.0461581 0.20124712
v -0.20512768 0.0461581 0.2014535
v -0.20490618 0.0461581 0.20162004
v -0.20465613 0.0461581 0.20174014
v -0.20438782 0.0461581 0.20180901
v -0.20411105 0.0461581 0.20182433
v -0.20383672 0.0461581 0.20178538
v -0.20357489 0.0461581 0.20169353
v -0.20333659 0.0461581 0.20155262
v -0.20312985 0.0461581 0.20136779
v -0.20296341 0.0461581 0.20114624
v -0.20284336 0.0461581 0.20089635
v -0.20277445 0.0461581 0.20062789
v -0.20275917 0.04587804 0.20035114
v -0.20279805 0.04587804 0.20007669
v -0.2028898 0.04587804 0.19981524
v -0.20303086 0.04587805 0.19957655
v -0.20321567 0.04587805 0.19936999
v -0.20343749 0.04587805 0.19920346
v -0.20368729 0.04587804 0.19908344
v -0.20395566 0.04587804 0.19901463
v -0.20423233 0.04587805 0.19899925
v -0.20450677 0.04587804 0.19903814
v -0.20476843 0.04587804 0.19912999
v -0.20500712 0.04587805 0.19927096
v -0.20521339 0.04587805 0.19945588
v -0.20537999 0.04587805 0.19967752
v -0.2055 0.04587804 0.19992736
v -0.20556895 0.04587804 0.20019573
v -0.20558421 0.04587805 0.20047241
v -0.2055453 0.04587804 0.20074686
v -0.20545348 0.04587805 0.20100846
v -0.20531256 0.04587805 0.20124712
v -0.20512768 0.04587804 0.2014535
v -0.20490618 0.04587805 0.20162004
v -0.20465613 0.04587805 0.20174014
v -0.20438782 0.04587804 0.20180901
v -0.20411105 0.04587804 0.20182433
v -0.20383672 0.04587805 0.20178538
v -0.20357489 0.04587804 0.20169353
v -0.20333659 0.04587804 0.20155262
v -0.20312985 0.04587804 0.20136779
v -0.20296341 0.04587805 0.20114624
v -0.20284336 0.04587805 0.20089635
v -0.20277445 0.04587805 0.20062789
v -0.20275917 0.04559797 0.20035114
v -0.20279805 0.04559797 0.20007669
v -0.2028898 0.04559797 0.19981524
v -0.20303086 0.04559797 0.19957655
v -0.20321567 0.04559797 0.19936999
v -0.20343749 0.04559797 0.19920346
v -0.20368729 0.04559797 0.19908344
v -0.20395566 0.04559797 0.19901463
v -0.20423233 0.04559797 0.19899925
v -0.20450677 0.04559797 0.19903814
v -0.20476843 0.04559797 0.19912999
v -0.20500712 0.04559797 0.19927096
v -0.20521339 0.04559797 0.19945588
v -0.20537999 0.04559797 0.19967752
v -0.2055 0.04559797 0.19992736
v -0.20556895 0.04559797 0.20019573
v -0.20558421 0.04559797 0.20047241
v -0.2055453 0.04559797 0.20074686
v -0.20545348 0.04559798 0.20100846
v -0.20531256 0.04559798 0.20124712
v -0.20512768 0.04559797 0.2014535
v -0.20490618 0.04559798 0.20162004
v -0.20465613 0.04559797 0.20174014
v -0.20438782 0.04559798 0.20180901
v -0.20411106 0.04559798 0.20182433
v -0.20383672 0.04559798 0.20178538
v -0.20357489 0.04559798 0.20169353
v -0.20333659 0.04559798 0.20155262
v -0.20312985 0.04559798 0.20136779
v -0.20296341 0.04559798 0.20114624
v -0.20284336 0.04559798 0.20089632
v -0.20277445 0.04559797 0.20062789
v -0.20275917 0.04531792 0.20035114
v -0.20279805 0.04531792 0.20007669
v -0.2028898 0.04531792 0.19981524
v -0.20303086 0.04531792 0.19957655
v -0.20321567 0.04531792 0.19936999
v -0.20343749 0.04531792 0.19920346
v -0.20368729 0.04531792 0.19908344
v -0.20395566 0.04531792 0.19901463
v -0.20423233 0.04531792 0.19899922
v -0.20450677 0.04531792 0.19903814
v -0.20476843 0.04531792 0.19912999
v -0.20500712 0.04531792 0.19927096
v -0.20521339 0.04531792 0.19945588
v -0.20537999 0.04531792 0.19967752
v -0.2055 0.04531792 0.19992736
v -0.20556895 0.04531792 0.20019573
v -0.20558421 0.04531792 0.20047241
v -0.2055453 0.04531792 0.20074686
v -0.20545348 0.04531792 0.20100846
v -0.20531256 0.04531792 0.20124712
v -0.20512768 0.04531792 0.2014535
v -0.20490618 0.04531792 0.20162004
v -0.20465613 0.04531792 0.20174014
v -0.20438782 0.04531792 0.20180901
v -0.20411105 0.04531792 0.20182433
v -0.20383672 0.04531792 0.20178538
v -0.20357489 0.04531792 0.20169353
v -0.20333659 0.04531792 0.20155262
v -0.20312985 0.04531792 0.20136779
v -0.20296341 0.04531792 0.20114624
v -0.20284336 0.04531792 0.20089632
v -0.20277445 0.04531792 0.20062789
v -0.20275917 0.04503793 0.20035114
v -0.20279805 0.04503791 0.20007669
v -0.2028898 0.04503793 0.19981524
v -0.20303086 0.04503793 0.19957655
v -0.20321567 0.04503793 0.19936999
v -0.20343747 0.04503793 0.19920346
v -0.20368729 0.04503793 0.19908344
v -0.20395566 0.04503791 0.19901463
v -0.20423233 0.04503793 0.19899925
v -0.20450677 0.04503793 0.19903814
v -0.20476843 0.04503793 0.19912999
v -0.20500712 0.04503793 0.19927096
v -0.20521339 0.04503791 0.19945588
v -0.20537999 0.04503793 0.19967749
v -0.2055 0.04503793 0.19992736
v -0.20556895 0.04503793 0.20019573
v -0.20558421 0.04503793 0.20047238
v -0.2055453 0.04503793 0.20074686
v -0.20545348 0.04503793 0.20100846
v -0.20531256 0.04503793 0.20124712
v -0.20512768 0.04503791 0.2014535
v -0.20490618 0.04503793 0.20162004
v -0.20465613 0.04503793 0.20174014
v -0.20438782 0.04503793 0.20180901
v -0.20411106 0.04503793 0.20182433
v -0.20383672 0.04503793 0.20178538
v -0.20357489 0.04503793 0.20169353
v -0.20333658 0.04503793 0.20155262
v -0.20312985 0.04503793 0.20136779
v -0.20296341 0.04503793 0.20114624
v -0.20284336 0.04503793 0.20089632
v -0.20277445 0.04503793 0.20062789
v -0.20275917 0.04475795 0.20035114
v -0.20279805 0.04475795 0.20007669
v -0.2028898 0.04475795 0.19981524
v -0.20303086 0.04475795 0.19957655
v -0.20321567 0.04475795 0.19936999
v -0.20343749 0.04475795 0.19920346
v -0.20368729 0.04475795 0.19908344
v -0.20395566 0.04475795 0.19901463
v -0.20423233 0.04475795 0.19899925
v -0.20450677 0.04475795 0.19903814
v -0.20476843 0.04475795 0.19912999
v -0.20500712 0.04475795 0.19927096
v -0.20521339 0.04475795 0.19945588
v -0.20537999 0.04475795 0.19967749
v -0.2055 0.04475795 0.19992736
v -0.20556895 0.04475795 0.20019573
v -0.20558421 0.04475795 0.20047238
v -0.2055453 0.04475795 0.20074686
v -0.20545348 0.04475795 0.20100846
v -0.20531256 0.04475795 0.20124712
v -0.20512768 0.04475795 0.2014535
v -0.20490618 0.04475795 0.20162004
v -0.20465613 0.04475795 0.20174014
v -0.20438782 0.04475795 0.20180901
v -0.20411105 0.04475795 0.20182433
v -0.20383672 0.04475795 0.20178538
v -0.20357489 0.04475795 0.20169353
v -0.20333659 0.04475795 0.20155262
v -0.20312985 0.04475795 0.20136779
v -0.20296341 0.04475795 0.20114624
v -0.20284336 0.04475795 0.20089632
v -0.20277445 0.04475795 0.20062789
v -0.20275917 0.04447784 0.20035114
v -0.20279805 0.04447784 0.20007669
v -0.2028898 0.04447784 0.19981524
v -0.20303086 0.04447784 0.19957655
v -0.20321567 0.04447784 0.19936999
v -0.20343749 0.04447784 0.19920346
v -0.20368729 0.04447784 0.19908347
v -0.20395566 0.04447784 0.19901463
v -0.20423233 0.04447784 0.19899925
v -0.20450677 0.04447784 0.19903814
v -0.20476843 0.04447784 0.19912999
v -0.20500712 0.04447784 0.19927096
v -0.20521339 0.04447784 0.19945588
v -0.20537999 0.04447784 0.19967752
v -0.2055 0.04447784 0.19992736
v -0.20556895 0.04447784 0.20019573
v -0.20558421 0.04447784 0.20047238
v -0.2055453 0.04447784 0.20074686
v -0.20545348 0.04447784 0.20100846
v -0.20531256 0.04447784 0.20124712
v -0.20512768 0.04447784 0.2014535
v -0.20490618 0.04447784 0.20162004
v -0.20465613 0.04447784 0.20174014
v -0.20438782 0.04447784 0.20180901
v -0.20411105 0.04447784 0.20182433
v -0.20383672 0.04447784 0.20178538
v -0.20357489 0.04447784 0.20169353
v -0.20333659 0.04447784 0.20155262
v -0.20312985 0.04447784 0.20136779
v -0.20296341 0.04447784 0.20114624
v -0.20284336 0.04447784 0.20089632
v -0.20277445 0.04447784 0.20062789
v -0.20275917 0.04419783 0.20035114
v -0.20279805 0.04419785 0.20007669
v -0.2028898 0.04419785 0.19981524
v -0.20303086 0.04419785 0.19957655
v -0.20321567 0.04419785 0.19936999
v -0.20343749 0.04419785 0.19920346
v -0.20368729 0.04419785 0.19908347
v -0.20395566 0.04419785 0.19901463
v -0.20423233 0.04419785 0.19899925
v -0.20450677 0.04419785 0.19903814
v -0.20476843 0.04419785 0.19912999
v -0.20500712 0.04419785 0.19927096
v -0.20521339 0.04419785 0.19945588
v -0.20537999 0.04419785 0.19967752
v -0.2055 0.04419785 0.19992736
v -0.20556895 0.04419785 0.20019573
v -0.20558421 0.04419785 0.20047238
v -0.2055453 0.04419785 0.20074686
v -0.20545348 0.04419785 0.20100846
v -0.20531256 0.04419785 0.20124712
v -0.20512768 0.04419785 0.2014535
v -0.20490618 0.04419785 0.20162004
v -0.20465613 0.04419785 0.20174014
v -0.20438782 0.04419785 0.20180901
v -0.20411105 0.04419785 0.20182433
v -0.20383672 0.04419785 0.20178538
v -0.20357489 0.04419785 0.20169353
v -0.20333659 0.04419785 0.2015526
v -0.20312985 0.04419785 0.20136779
v -0.20296341 0.04419785 0.20114624
v -0.20284336 0.04419783 0.20089632
v -0.20277445 0.04419783 0.20062789
v -0.20275917 0.0439177 0.20035114
v -0.20279805 0.0439177 0.20007669
v -0.2028898 0.0439177 0.19981524
v -0.20303086 0.0439177 0.19957655
v -0.20321567 0.0439177 0.19936999
v -0.20343749 0.0439177 0.19920346
v -0.20368729 0.0439177 0.19908347
v -0.20395566 0.0439177 0.19901463
v -0.20423233 0.0439177 0.19899922
v -0.20450677 0.0439177 0.19903814
v -0.20476843 0.0439177 0.19912999
v -0.20500712 0.04391772 0.19927096
v -0.20521339 0.04391772 0.19945588
v -0.20537999 0.04391772 0.19967752
v -0.2055 0.04391772 0.19992736
v -0.20556895 0.04391772 0.20019573
v -0.20558421 0.0439177 0.20047241
v -0.2055453 0.0439177 0.20074686
v -0.20545348 0.0439177 0.20100846
v -0.20531256 0.0439177 0.20124712
v -0.20512768 0.0439177 0.2014535
v -0.20490618 0.0439177 0.20162004
v -0.20465613 0.0439177 0.20174014
v -0.20438782 0.0439177 0.20180901
v -0.20411105 0.0439177 0.20182433
v -0.20383672 0.0439177 0.20178538
v -0.20357489 0.0439177 0.20169353
v -0.20333659 0.0439177 0.2015526
v -0.20312985 0.0439177 0.20136779
v -0.20296341 0.0439177 0.20114624
v -0.20284336 0.0439177 0.20089632
v -0.20277445 0.0439177 0.20062789
v -0.20417176 0.0439177 0.20041182
v -0.20411323 0.0482987 0.20176804
v -0.2035935 0.0482987 0.2016423
v -0.20410527 0.04819167 0.20195013
v -0.20352259 0.04819165 0.20180776
v -0.20316141 0.0482987 0.2013292
v -0.2030289 0.04819165 0.20145237
v -0.20289428 0.0482987 0.20087701
v -0.20273256 0.04819165 0.20093974
v -0.20293895 0.0482987 0.19983878
v -0.20278304 0.04819165 0.19976246
v -0.20324385 0.0482987 0.19941112
v -0.20312207 0.04819165 0.19927716
v -0.20370122 0.0482987 0.19913619
v -0.20364472 0.04819165 0.19896554
v -0.2042296 0.0482987 0.19905573
v -0.20423767 0.04819165 0.19887358
v -0.20474943 0.0482987 0.19918122
v -0.20482014 0.04819165 0.19901588
v -0.20516568 0.0482987 0.19949379
v -0.20531405 0.04819167 0.1993713
v -0.20544828 0.04829872 0.19994667
v -0.20561023 0.04819167 0.19988381
v -0.20540367 0.04829872 0.20098483
v -0.20555971 0.04819167 0.20106133
v -0.20508323 0.0482987 0.20141184
v -0.20522047 0.04819167 0.20154658
v -0.20464174 0.0482987 0.20168742
v -0.20469786 0.04819167 0.20185822
v -0.20461343 0.0482987 0.20160689
v -0.2050381 0.0482987 0.20134934
v -0.20532575 0.04829872 0.20094874
v -0.20476411 0.04829872 0.2010625
v -0.20411688 0.0482987 0.20168262
v -0.20414254 0.0482987 0.2010841
v -0.20362852 0.0482987 0.20156464
v -0.20352517 0.0482987 0.20100912
v -0.20322747 0.0482987 0.20127153
v -0.2029751 0.0482987 0.20084762
v -0.20536769 0.04829872 0.19997611
v -0.20481751 0.0482987 0.1998144
v -0.20420037 0.0482987 0.19973948
v -0.2035788 0.0482987 0.19976124
v -0.20301701 0.0482987 0.19987514
v -0.20511521 0.0482987 0.19955226
v -0.20471425 0.0482987 0.19925898
v -0.20422598 0.0482987 0.19914108
v -0.20372945 0.0482987 0.19921666
v -0.20330466 0.0482987 0.19947436
v -0.20359364 0.04763867 0.20163688
v -0.20411348 0.04763867 0.20176234
v -0.20410502 0.04763867 0.20195826
v -0.20352229 0.04763867 0.20181533
v -0.20317719 0.04763867 0.20132577
v -0.20302832 0.04763866 0.20145839
v -0.20289443 0.04763866 0.20087465
v -0.20271644 0.04763866 0.20094212
v -0.20293888 0.04763867 0.19984111
v -0.20276734 0.04763867 0.19975861
v -0.20325946 0.04763867 0.19941595
v -0.20312255 0.04763867 0.19927111
v -0.20370084 0.04763867 0.19914162
v -0.20364522 0.04763867 0.19895789
v -0.20422947 0.04763867 0.1990613
v -0.20423784 0.04763867 0.19886535
v -0.20474916 0.04763867 0.19918656
v -0.20482048 0.04763867 0.19900819
v -0.20516549 0.04763867 0.19949778
v -0.2053142 0.04763869 0.19936537
v -0.20544815 0.04763867 0.19994887
v -0.20562626 0.04763869 0.19988137
v -0.2054038 0.04763867 0.20098266
v -0.20557549 0.04763867 0.20106506
v -0.20508334 0.04763867 0.20140773
v -0.20522037 0.04763867 0.20155251
v -0.20464187 0.04763867 0.20168197
v -0.20469753 0.04763867 0.20186579
v -0.2034759 0.04763866 0.20104649
v -0.20414081 0.04763867 0.20112636
v -0.20480997 0.04763867 0.20110365
v -0.2035328 0.04763867 0.19972005
v -0.20420211 0.04763867 0.19969737
v -0.204867 0.04763867 0.19977733
v -0.20265626 0.04763866 0.20049363
v -0.20265626 0.04819165 0.20049363
v -0.20266899 0.04763866 0.20020052
v -0.20266899 0.04819165 0.20020052
v -0.20567387 0.04819165 0.20062327
v -0.20548328 0.04829872 0.20061498
v -0.20568655 0.04819167 0.20033007
v -0.20549599 0.04829872 0.20032203
v -0.20568656 0.04763867 0.2003301
v -0.20567387 0.04763867 0.20062327
v -0.20481623 0.0482987 0.20058876
v -0.20540398 0.04829872 0.20061162
v -0.20416504 0.0482987 0.20056134
v -0.20349796 0.0482987 0.20053222
v -0.20292623 0.0482987 0.20050519
v -0.2054166 0.04829872 0.20031845
v -0.20482893 0.04829872 0.20029076
v -0.20417793 0.0482987 0.2002623
v -0.20351083 0.0482987 0.20023414
v -0.20293892 0.0482987 0.20021212
v -0.2028467 0.0482987 0.2005018
v -0.20285932 0.0482987 0.20020863
v -0.2028467 0.04763866 0.2005018
v -0.20285932 0.04763866 0.20020866
v -0.20549599 0.04763867 0.20032203
v -0.20548328 0.04763867 0.20061498
v -0.20346608 0.04763866 0.20053088
v -0.20416504 0.04763867 0.20056134
v -0.20486381 0.04763867 0.20059105
v -0.203479 0.04763866 0.20023277
v -0.20417793 0.04763866 0.20026233
v -0.20487663 0.04763867 0.20029282
v -0.20273567 0.04819165 0.20049694
v -0.2027482 0.04819165 0.20020392
v -0.20559117 0.04819167 0.20032602
v -0.20557864 0.04819167 0.20061907
v -0.20501971 0.04819167 0.20029905
v -0.20500674 0.04819167 0.20059698
v -0.20333592 0.04819165 0.20022672
v -0.20332334 0.04819165 0.20052471
v -0.20417793 0.04817702 0.20026233
v -0.20416504 0.04817701 0.20056134
v -0.20411323 0.04344271 0.20176804
v -0.2035935 0.0434427 0.2016423
v -0.20410527 0.04354976 0.20195013
v -0.20352259 0.04354976 0.2018077
v -0.20316141 0.0434427 0.2013292
v -0.20302882 0.04354974 0.20145234
v -0.2028943 0.0434427 0.20087701
v -0.20273257 0.04354974 0.20093971
v -0.20293895 0.04344271 0.19983878
v -0.20278306 0.04354976 0.19976246
v -0.20324385 0.04344271 0.19941112
v -0.20312207 0.04354976 0.19927716
v -0.20370122 0.04344271 0.19913619
v -0.20364473 0.04354976 0.19896557
v -0.2042296 0.04344271 0.19905573
v -0.20423767 0.04354976 0.19887358
v -0.20474943 0.04344271 0.19918122
v -0.20482014 0.04354976 0.19901588
v -0.20516568 0.04344271 0.19949379
v -0.20531405 0.04354976 0.1993713
v -0.2054483 0.04344271 0.19994667
v -0.20561023 0.04354977 0.19988381
v -0.20540367 0.04344271 0.20098483
v -0.20555971 0.04354976 0.20106133
v -0.20508323 0.04344271 0.20141184
v -0.20522049 0.04354976 0.20154655
v -0.20464174 0.04344271 0.20168742
v -0.20469786 0.04354976 0.20185822
v -0.20461343 0.04344271 0.20160687
v -0.2050381 0.04344271 0.20134931
v -0.20532575 0.04344271 0.20094874
v -0.20476411 0.04344271 0.2010625
v -0.20411688 0.04344271 0.20168262
v -0.20414254 0.04344271 0.20108413
v -0.20362852 0.0434427 0.20156464
v -0.20352517 0.0434427 0.20100912
v -0.20322747 0.0434427 0.20127153
v -0.2029751 0.0434427 0.20084762
v -0.20536769 0.04344271 0.19997611
v -0.20481754 0.04344271 0.1998144
v -0.20420037 0.04344271 0.19973948
v -0.2035788 0.04344271 0.19976124
v -0.20301701 0.04344271 0.19987517
v -0.20511521 0.04344271 0.19955226
v -0.20471425 0.04344271 0.19925898
v -0.20422598 0.04344271 0.19914108
v -0.20372945 0.04344271 0.19921666
v -0.20330466 0.04344271 0.19947436
v -0.20359364 0.04410273 0.20163688
v -0.20411348 0.04410275 0.20176234
v -0.20410502 0.04410273 0.20195826
v -0.20352229 0.04410273 0.20181533
v -0.20317719 0.04410273 0.20132577
v -0.20302838 0.04410273 0.20145839
v -0.20289443 0.04410272 0.20087465
v -0.20271641 0.04410272 0.20094212
v -0.20293888 0.04410273 0.19984111
v -0.20276734 0.04410273 0.19975861
v -0.20325946 0.04410273 0.19941595
v -0.20312255 0.04410275 0.19927111
v -0.20370084 0.04410275 0.19914165
v -0.20364524 0.04410273 0.19895789
v -0.20422947 0.04410275 0.1990613
v -0.20423784 0.04410275 0.19886535
v -0.20474916 0.04410275 0.19918656
v -0.20482048 0.04410273 0.19900819
v -0.20516549 0.04410276 0.19949778
v -0.2053142 0.04410276 0.19936537
v -0.20544815 0.04410275 0.19994887
v -0.20562626 0.04410275 0.19988137
v -0.2054038 0.04410275 0.20098263
v -0.20557551 0.04410273 0.20106506
v -0.20508335 0.04410275 0.2014077
v -0.20522038 0.04410275 0.20155251
v -0.20464187 0.04410273 0.20168197
v -0.20469753 0.04410273 0.20186579
v -0.2034759 0.04410273 0.20104646
v -0.20414081 0.04410275 0.20112636
v -0.20480997 0.04410275 0.20110365
v -0.2035328 0.04410273 0.19972005
v -0.20420211 0.04410273 0.19969737
v -0.204867 0.04410275 0.19977733
v -0.20265626 0.04410272 0.20049363
v -0.20265626 0.04354974 0.20049363
v -0.20266899 0.04410273 0.20020049
v -0.20266899 0.04354974 0.20020052
v -0.20567387 0.04354977 0.20062327
v -0.20548328 0.04344271 0.20061498
v -0.20568655 0.04354977 0.20033007
v -0.20549599 0.04344271 0.20032203
v -0.20568658 0.04410275 0.20033007
v -0.20567387 0.04410273 0.20062327
v -0.20481623 0.04344271 0.20058879
v -0.20540398 0.04344271 0.20061162
v -0.20416504 0.04344271 0.20056134
v -0.20349796 0.0434427 0.20053222
v -0.20292623 0.0434427 0.20050519
v -0.2054166 0.04344271 0.20031848
v -0.20482893 0.04344271 0.20029076
v -0.20417793 0.04344271 0.20026233
v -0.20351083 0.04344271 0.20023414
v -0.20293892 0.04344271 0.20021212
v -0.2028467 0.0434427 0.2005018
v -0.20285932 0.04344271 0.20020866
v -0.2028467 0.04410273 0.20050177
v -0.20285932 0.04410273 0.20020863
v -0.20549601 0.04410275 0.200322
v -0.20548328 0.04410273 0.20061498
v -0.20346608 0.04410272 0.20053088
v -0.20416504 0.04410273 0.20056134
v -0.20486381 0.04410273 0.20059102
v -0.203479 0.04410272 0.20023277
v -0.20417793 0.04410273 0.20026233
v -0.20487663 0.04410275 0.20029282
v -0.20273567 0.04354974 0.20049694
v -0.2027482 0.04354974 0.20020392
v -0.20559117 0.04354977 0.20032602
v -0.20557864 0.04354977 0.20061907
v -0.20501971 0.04354977 0.20029905
v -0.20500674 0.04354976 0.20059698
v -0.20333592 0.04354976 0.20022672
v -0.20332334 0.04354976 0.20052471
v -0.20417793 0.04356439 0.20026233
v -0.20416504 0.04356437 0.20056134
v -0.20866294 0.04608978 0.19304534
v -0.2086609 0.04584937 0.19309356
v -0.20870858 0.04612172 0.19312456
v -0.20870642 0.04585203 0.19317805
v -0.20866277 0.04560928 0.19304701
v -0.20870852 0.04557802 0.1931259
v -0.20866884 0.04541077 0.19291093
v -0.20871524 0.04535571 0.19297042
v -0.20868779 0.04522845 0.19247123
v -0.20873667 0.04514899 0.19247171
v -0.20869784 0.04527252 0.19223472
v -0.2087481 0.04519598 0.19220465
v -0.20870657 0.04540937 0.19203218
v -0.20875822 0.04535297 0.19197416
v -0.20871229 0.04561354 0.19189643
v -0.20876456 0.04558156 0.19182154
v -0.20871438 0.04585384 0.19184827
v -0.20876695 0.04585113 0.19176811
v -0.20871225 0.04608722 0.19189757
v -0.20876473 0.04612515 0.19182005
v -0.20870664 0.04629238 0.19203099
v -0.20875814 0.04634744 0.19197577
v -0.20868782 0.04647464 0.19247061
v -0.20873662 0.04655429 0.19247442
v -0.20867739 0.04642397 0.19270986
v -0.20872519 0.04650718 0.19274148
v -0.20866884 0.0462939 0.19290959
v -0.20871518 0.04635029 0.19297179
v -0.20867002 0.04626647 0.19288167
v -0.20867805 0.04639318 0.19269269
v -0.20868779 0.04643525 0.19247072
v -0.20868095 0.04622376 0.19262644
v -0.20866459 0.04607476 0.19300913
v -0.20867544 0.04596966 0.19275561
v -0.20866258 0.04584907 0.19305443
v -0.20867165 0.04569861 0.19284394
v -0.20866455 0.04562567 0.19301021
v -0.20866994 0.04543871 0.1928831
v -0.20870541 0.04626445 0.19205883
v -0.20870368 0.04600462 0.19209784
v -0.20869983 0.04573357 0.19218611
v -0.20869442 0.04547943 0.19231516
v -0.20868779 0.04526794 0.19247114
v -0.2087108 0.0460776 0.1919316
v -0.20871287 0.04585421 0.19188725
v -0.20871071 0.04562846 0.19193261
v -0.20870529 0.0454367 0.19206002
v -0.2086972 0.0453101 0.19224911
v -0.20896321 0.0458485 0.19310432
v -0.20896545 0.0460888 0.19305592
v -0.20896188 0.04612315 0.19313889
v -0.20895944 0.04585335 0.19319215
v -0.20896546 0.04561533 0.19305551
v -0.20896188 0.04557905 0.19313931
v -0.20897118 0.04541035 0.19292286
v -0.20896853 0.0453495 0.19298538
v -0.20898996 0.04522884 0.19248518
v -0.20898999 0.04514165 0.19248399
v -0.20900012 0.04527992 0.1922467
v -0.20900166 0.04519508 0.19221308
v -0.20900876 0.04541029 0.19204744
v -0.20901148 0.04535164 0.19198179
v -0.2090145 0.04561448 0.19191199
v -0.20901812 0.04558013 0.19182884
v -0.20901653 0.04585475 0.19186347
v -0.20902046 0.0458498 0.19177559
v -0.2090145 0.04608792 0.19191229
v -0.20901811 0.04612423 0.19182857
v -0.20900888 0.04629273 0.19204482
v -0.20901145 0.04635369 0.19198244
v -0.20899008 0.04647422 0.19248268
v -0.20898999 0.04656154 0.19248375
v -0.20897978 0.04642331 0.19272109
v -0.20897829 0.0465082 0.19275471
v -0.20897126 0.0462929 0.19292029
v -0.2089685 0.04635163 0.19298601
v -0.20897293 0.04568529 0.19288176
v -0.20897688 0.04597713 0.1927866
v -0.20898301 0.0462508 0.19264775
v -0.20899696 0.0454524 0.19231993
v -0.209003 0.0457261 0.19218131
v -0.20900698 0.046018 0.19208595
v -0.20897601 0.04523771 0.19281059
v -0.20872263 0.04523771 0.19279971
v -0.20898121 0.04518626 0.19268652
v -0.2087281 0.04518626 0.19267562
v -0.20874533 0.046517 0.19227036
v -0.20869499 0.04643622 0.19230178
v -0.20875085 0.04646541 0.19214624
v -0.20870019 0.0463847 0.19217768
v -0.20900397 0.04646541 0.19215709
v -0.20899872 0.046517 0.19228121
v -0.2086898 0.04615378 0.19241979
v -0.20869438 0.04640252 0.19231557
v -0.20868496 0.04587784 0.19253411
v -0.20867997 0.04559502 0.19265112
v -0.20867569 0.04535215 0.19275033
v -0.20869958 0.04635103 0.19219145
v -0.20869539 0.04610148 0.19229355
v -0.20869052 0.04582542 0.1924076
v -0.20868524 0.04554269 0.19252485
v -0.20868094 0.0453007 0.19262623
v -0.20867516 0.04531843 0.19276425
v -0.20868037 0.04526705 0.19264015
v -0.20897729 0.04531843 0.19277718
v -0.20898278 0.04526705 0.19265303
v -0.20900254 0.0463847 0.19219064
v -0.20899726 0.04643622 0.19231465
v -0.20898191 0.04558155 0.19266971
v -0.20898732 0.04587784 0.19254726
v -0.20899251 0.04617398 0.19242435
v -0.20898744 0.04552922 0.19254347
v -0.2089926 0.04582542 0.19242051
v -0.20899806 0.04612168 0.19229826
v -0.20872317 0.04527128 0.19278603
v -0.20872864 0.04521987 0.19266179
v -0.20874996 0.04642513 0.19216308
v -0.20874458 0.04647658 0.19228717
v -0.20874562 0.0461823 0.19226223
v -0.20874036 0.04623455 0.1923885
v -0.20873297 0.04546857 0.19255763
v -0.20872753 0.04552092 0.19268369
v -0.20874616 0.04582542 0.19240993
v -0.20874053 0.04587784 0.1925365
v -0.20860567 0.04647397 0.19495484
v -0.20859529 0.04642659 0.19519516
v -0.20865462 0.04655741 0.19495704
v -0.20864309 0.0465037 0.19522652
v -0.20858657 0.04629168 0.19539907
v -0.20863305 0.04635066 0.19545942
v -0.20858095 0.04608976 0.19553005
v -0.20862697 0.04612168 0.19560489
v -0.20858095 0.0456135 0.19553005
v -0.20862697 0.04558149 0.19560489
v -0.20858657 0.04541159 0.19539904
v -0.20863306 0.04535254 0.19545942
v -0.20859529 0.04527661 0.19519516
v -0.20864309 0.04519956 0.19522652
v -0.20860567 0.04522927 0.19495484
v -0.20865462 0.04514579 0.19495704
v -0.20861615 0.04527661 0.19471451
v -0.20866625 0.04519956 0.19468757
v -0.2086244 0.04541159 0.19451805
v -0.20867636 0.04535254 0.19445455
v -0.20863044 0.0456135 0.19437959
v -0.20868249 0.04558149 0.1943089
v -0.20863044 0.04608976 0.19437959
v -0.20868249 0.04612168 0.1943089
v -0.2086244 0.04629168 0.19451805
v -0.20867636 0.04635066 0.19445455
v -0.20861616 0.04642659 0.19471451
v -0.20866625 0.0465037 0.19468757
v -0.20861552 0.04639025 0.19472906
v -0.20862361 0.04626395 0.19453987
v -0.20862883 0.04607476 0.1944161
v -0.20861776 0.04613795 0.19467088
v -0.20860567 0.04643471 0.19495484
v -0.20860567 0.04616018 0.19495484
v -0.20859602 0.04639025 0.19518059
v -0.20859359 0.04613795 0.19523888
v -0.20858785 0.04626395 0.19536989
v -0.20858262 0.04607476 0.19549369
v -0.20862883 0.04562841 0.1944161
v -0.20861776 0.04556528 0.19467088
v -0.20860567 0.04554315 0.19495484
v -0.20859359 0.04556528 0.19523888
v -0.20858262 0.04562841 0.19549369
v -0.20862361 0.04543935 0.19453987
v -0.20861552 0.04531288 0.19472906
v -0.20860567 0.04526851 0.19495484
v -0.20859602 0.04531288 0.19518059
v -0.20858785 0.04543935 0.19536989
v -0.20889776 0.04642407 0.19520822
v -0.20890812 0.04647121 0.19496789
v -0.20890812 0.04656117 0.19496789
v -0.20889653 0.04650718 0.19523736
v -0.20888936 0.04628979 0.19540467
v -0.20888645 0.04635336 0.19547033
v -0.20888316 0.04608872 0.19554311
v -0.20887981 0.04612315 0.19562321
v -0.20888316 0.04561447 0.19554311
v -0.20887982 0.04558007 0.19562321
v -0.20888935 0.04541345 0.19540467
v -0.20888644 0.04534984 0.1954703
v -0.20889776 0.04527907 0.19520822
v -0.20889653 0.04519598 0.19523736
v -0.20890812 0.04523193 0.19496786
v -0.20890812 0.04514198 0.19496786
v -0.20891824 0.04527907 0.1947276
v -0.20891964 0.04519598 0.19469845
v -0.20892685 0.04541345 0.19453096
v -0.20892964 0.04534984 0.19446551
v -0.20893266 0.04561447 0.19439259
v -0.20893612 0.04558007 0.19431254
v -0.20893266 0.04608872 0.19439259
v -0.20893612 0.04612315 0.19431254
v -0.20892685 0.04628979 0.19453096
v -0.20892964 0.04635337 0.19446551
v -0.20891824 0.04642407 0.1947276
v -0.20891964 0.0465072 0.19469845
v -0.20889481 0.04615585 0.19527357
v -0.20890812 0.04617947 0.19496789
v -0.20892112 0.04615585 0.194662
v -0.20889481 0.04554726 0.19527357
v -0.20890812 0.04552374 0.19496789
v -0.20892112 0.04554726 0.194662
v -0.20887844 0.04591881 0.19565954
v -0.20862498 0.04591881 0.19564861
v -0.20887844 0.0457844 0.19565954
v -0.20862498 0.0457844 0.19564861
v -0.20868437 0.04591879 0.19426542
v -0.2086316 0.04591881 0.19435051
v -0.20868437 0.0457844 0.19426542
v -0.2086316 0.04578437 0.19435051
v -0.20893789 0.0457844 0.1942763
v -0.20893789 0.04591879 0.1942763
v -0.20861852 0.04591998 0.1946564
v -0.20863018 0.04591881 0.19438698
v -0.20860567 0.04592018 0.19495484
v -0.20859254 0.04591998 0.19526067
v -0.2085814 0.04591881 0.19552281
v -0.20863018 0.0457844 0.19438698
v -0.20861852 0.04578324 0.1946564
v -0.20860567 0.04578306 0.19495484
v -0.20859254 0.04578324 0.19526067
v -0.2085814 0.0457844 0.19552281
v -0.20857976 0.04591881 0.19555911
v -0.20857976 0.04578437 0.19555911
v -0.20888212 0.04591881 0.19557222
v -0.20888212 0.04578437 0.19557222
v -0.20893399 0.04578437 0.19436362
v -0.20893399 0.04591881 0.19436362
v -0.20889434 0.04591998 0.19528818
v -0.20890812 0.04592018 0.19496789
v -0.20892174 0.04591998 0.1946474
v -0.20889434 0.04578324 0.19528818
v -0.20890812 0.04578306 0.19496789
v -0.20892173 0.04578324 0.19464737
v -0.20862664 0.04591881 0.19561228
v -0.20862664 0.04578441 0.19561228
v -0.20868249 0.04578441 0.1943089
v -0.20868249 0.04591881 0.1943089
v -0.20867143 0.04578325 0.19457101
v -0.20867143 0.04591998 0.19457101
v -0.2086382 0.04578325 0.19534292
v -0.2086382 0.04591998 0.19534292
v -0.20866146 0.04578306 0.19495722
v -0.20866146 0.04592018 0.19495722
v -0.20426705 0.04627566 0.19682696
v -0.20292162 0.04627566 0.19703492
v -0.20175798 0.04627566 0.19774207
v -0.20095385 0.04627566 0.19884049
v -0.20063114 0.04627566 0.20016327
v -0.20083913 0.04627566 0.20150855
v -0.20099806 0.04627566 0.20384621
v -0.20255748 0.04627566 0.2039316
v -0.20395959 0.04627566 0.20398071
v -0.20532074 0.04627566 0.20403796
v -0.20685175 0.04627566 0.20411089
v -0.20728062 0.04627566 0.20178538
v -0.20760324 0.04627566 0.20046272
v -0.20739534 0.04627566 0.19911715
v -0.2066881 0.04627566 0.19795379
v -0.20558968 0.04627566 0.19714972
v -0.20418022 0.04627566 0.19884586
v -0.20361401 0.04627566 0.19893333
v -0.20312441 0.04627566 0.19923088
v -0.20278589 0.04627566 0.19969323
v -0.20265013 0.04627566 0.20024991
v -0.20273771 0.04627566 0.20081618
v -0.20303519 0.04627566 0.20130574
v -0.2034976 0.04627566 0.2016443
v -0.20405419 0.04627566 0.20178005
v -0.20462045 0.04627566 0.20169246
v -0.20511019 0.04627566 0.20139497
v -0.20544856 0.04627566 0.20093271
v -0.20558434 0.04627566 0.20037597
v -0.20549686 0.04627566 0.19980981
v -0.20519931 0.04627566 0.19932007
v -0.20473702 0.04627566 0.1989817
v -0.20326748 0.04627566 0.1979835
v -0.20422366 0.04627566 0.19783571
v -0.20244078 0.04627566 0.198486
v -0.20186924 0.04627566 0.19926661
v -0.20163984 0.04627566 0.20020651
v -0.20178785 0.04627566 0.20116263
v -0.20201601 0.04627566 0.20257687
v -0.20302704 0.04627566 0.20278865
v -0.20400683 0.04627566 0.2028813
v -0.20497089 0.04627566 0.20286616
v -0.20598146 0.04627566 0.20275399
v -0.20636512 0.04627566 0.20135933
v -0.20659448 0.04627566 0.20041945
v -0.20644672 0.04627566 0.19946324
v -0.20594418 0.04627566 0.1986365
v -0.20516355 0.04627566 0.19806501
v -0.20422366 0.0469153 0.19783571
v -0.20326748 0.0469153 0.1979835
v -0.20361401 0.0469153 0.19893333
v -0.20418022 0.0469153 0.19884583
v -0.20244078 0.0469153 0.198486
v -0.20312441 0.0469153 0.19923088
v -0.20186924 0.0469153 0.19926664
v -0.20278589 0.0469153 0.19969323
v -0.20163984 0.0469153 0.20020651
v -0.20265013 0.0469153 0.20024991
v -0.20178785 0.0469153 0.20116266
v -0.20273771 0.0469153 0.20081618
v -0.20201601 0.0469153 0.20257687
v -0.20303519 0.0469153 0.20130574
v -0.20302704 0.0469153 0.20278865
v -0.2034976 0.0469153 0.2016443
v -0.20400683 0.0469153 0.2028813
v -0.20405419 0.0469153 0.20178005
v -0.20497089 0.0469153 0.20286616
v -0.20462045 0.0469153 0.20169246
v -0.20598146 0.0469153 0.20275399
v -0.20511019 0.0469153 0.20139497
v -0.20636512 0.0469153 0.20135933
v -0.20544856 0.0469153 0.20093271
v -0.20659448 0.0469153 0.20041945
v -0.20558434 0.0469153 0.20037597
v -0.20644672 0.0469153 0.19946324
v -0.20549686 0.0469153 0.19980981
v -0.20594418 0.0469153 0.1986365
v -0.20519931 0.0469153 0.19932007
v -0.20516355 0.0469153 0.19806501
v -0.20473702 0.0469153 0.1989817
v -0.20426705 0.0469153 0.19682696
v -0.20292162 0.0469153 0.19703492
v -0.20175798 0.0469153 0.19774207
v -0.20095385 0.0469153 0.19884049
v -0.20063114 0.0469153 0.20016327
v -0.20083913 0.0469153 0.20150855
v -0.20099806 0.0469153 0.20384621
v -0.20255748 0.0469153 0.2039316
v -0.20395959 0.0469153 0.20398071
v -0.20532074 0.0469153 0.20403796
v -0.20685175 0.0469153 0.20411089
v -0.20728062 0.0469153 0.20178538
v -0.20760324 0.0469153 0.20046272
v -0.20739534 0.0469153 0.19911715
v -0.2066881 0.0469153 0.19795379
v -0.20558968 0.0469153 0.19714972
v -0.20426705 0.04481717 0.19682696
v -0.20292162 0.04481717 0.19703492
v -0.20175798 0.04481717 0.19774207
v -0.20095385 0.04481717 0.19884049
v -0.20063114 0.04481717 0.20016327
v -0.20083913 0.04481717 0.20150855
v -0.20099806 0.04481715 0.20384618
v -0.20255748 0.04481717 0.20393157
v -0.20395959 0.04481717 0.20398071
v -0.20532074 0.04481717 0.20403796
v -0.20685176 0.04481717 0.20411083
v -0.20728062 0.04481717 0.20178538
v -0.20760324 0.04481717 0.20046272
v -0.20739534 0.04481717 0.19911715
v -0.2066881 0.04481717 0.19795379
v -0.20558968 0.04481717 0.19714972
v -0.20418022 0.04481717 0.19884586
v -0.20361401 0.04481717 0.19893333
v -0.20312441 0.04481717 0.19923088
v -0.20278589 0.04481717 0.19969323
v -0.20265013 0.04481717 0.20024991
v -0.20273771 0.04481717 0.20081618
v -0.20303519 0.04481717 0.20130571
v -0.2034976 0.04481718 0.2016443
v -0.20405419 0.04481717 0.20178005
v -0.20462045 0.04481717 0.20169246
v -0.20511019 0.04481718 0.20139497
v -0.20544856 0.04481717 0.20093271
v -0.20558434 0.04481717 0.20037597
v -0.20549686 0.04481717 0.19980979
v -0.20519931 0.04481717 0.19932007
v -0.20473702 0.04481717 0.1989817
v -0.20326748 0.04481717 0.1979835
v -0.20422366 0.04481717 0.19783571
v -0.20244078 0.04481717 0.198486
v -0.20186924 0.04481715 0.19926661
v -0.20163984 0.04481717 0.20020651
v -0.20178785 0.04481717 0.20116263
v -0.20201601 0.04481717 0.20257687
v -0.20302704 0.04481717 0.20278865
v -0.20400683 0.04481717 0.2028813
v -0.20497089 0.04481717 0.20286616
v -0.20598147 0.04481717 0.20275396
v -0.20636513 0.04481717 0.20135933
v -0.20659448 0.04481718 0.20041945
v -0.20644672 0.04481715 0.19946321
v -0.20594418 0.04481717 0.1986365
v -0.20516355 0.04481717 0.19806501
v -0.20422366 0.04545681 0.19783571
v -0.20326748 0.04545681 0.1979835
v -0.20361401 0.04545681 0.19893333
v -0.20418022 0.04545681 0.19884583
v -0.20244078 0.04545681 0.198486
v -0.20312441 0.04545681 0.19923088
v -0.20186924 0.04545681 0.19926661
v -0.20278589 0.04545681 0.19969323
v -0.20163984 0.04545681 0.20020651
v -0.20265013 0.04545681 0.20024991
v -0.20178785 0.04545681 0.20116263
v -0.20273771 0.04545681 0.20081618
v -0.20201601 0.04545681 0.20257687
v -0.20303519 0.04545681 0.20130574
v -0.20302704 0.04545681 0.20278865
v -0.2034976 0.04545681 0.2016443
v -0.20400683 0.04545681 0.2028813
v -0.20405419 0.04545681 0.20178005
v -0.20497089 0.04545681 0.20286616
v -0.20462045 0.04545681 0.20169246
v -0.20598146 0.04545681 0.20275399
v -0.20511019 0.04545681 0.20139497
v -0.20636513 0.04545681 0.20135933
v -0.20544856 0.04545681 0.20093271
v -0.20659448 0.04545681 0.20041945
v -0.20558434 0.04545681 0.20037597
v -0.20644672 0.04545681 0.19946321
v -0.20549686 0.04545681 0.19980979
v -0.20594418 0.04545681 0.1986365
v -0.20519931 0.04545681 0.19932007
v -0.20516355 0.04545681 0.19806501
v -0.20473702 0.04545681 0.1989817
v -0.20426705 0.04545681 0.19682696
v -0.20292162 0.04545681 0.19703492
v -0.20175798 0.04545681 0.19774207
v -0.20095385 0.04545681 0.19884049
v -0.20063114 0.04545681 0.20016327
v -0.20083913 0.04545681 0.20150855
v -0.20099806 0.04545681 0.20384621
v -0.20255748 0.04545681 0.2039316
v -0.20395959 0.04545681 0.20398071
v -0.20532074 0.04545681 0.20403796
v -0.20685176 0.04545681 0.20411086
v -0.20728062 0.04545681 0.20178538
v -0.20760324 0.04545681 0.20046272
v -0.20739534 0.04545681 0.19911715
v -0.2066881 0.04545681 0.19795379
v -0.20558968 0.04545681 0.19714972
v -0.20239014 0.0469153 0.20713263
v -0.20084099 0.0469153 0.20739731
v -0.20084099 0.04627566 0.20739734
v -0.20239014 0.04627566 0.20713263
v -0.20377486 0.0469153 0.20686829
v -0.20377486 0.04627566 0.20686829
v -0.20510852 0.0469153 0.20662319
v -0.20510852 0.04627566 0.20662319
v -0.20661458 0.0469153 0.20635494
v -0.20661459 0.04627566 0.20635494
v -0.20239014 0.04545681 0.20713263
v -0.20084099 0.04545681 0.20739731
v -0.20084099 0.04481715 0.20739728
v -0.20239014 0.04481717 0.20713263
v -0.20377486 0.04545681 0.20686829
v -0.20377486 0.04481717 0.20686829
v -0.20510852 0.04545681 0.20662319
v -0.20510852 0.04481715 0.20662319
v -0.20661459 0.04545681 0.20635494
v -0.20661459 0.04481715 0.20635494
v -0.19943796 0.044743 0.20828732
v -0.19943796 0.04582015 0.20828732
v -0.19943796 0.04689731 0.20828732
v -0.200658 0.04366581 0.2080641
v -0.200658 0.044743 0.2080641
v -0.200658 0.04582015 0.2080641
v -0.200658 0.04689731 0.2080641
v -0.200658 0.04797451 0.2080641
v -0.20187808 0.04366581 0.20784109
v -0.20187808 0.044743 0.20784109
v -0.20187808 0.04582015 0.20784109
v -0.20187808 0.04689731 0.20784109
v -0.20187808 0.04797451 0.20784109
v -0.20274475 0.0436658 0.20768261
v -0.20274475 0.044743 0.20768261
v -0.20274475 0.04582015 0.20768261
v -0.20274475 0.04689731 0.20768261
v -0.20274475 0.04797451 0.20768261
v -0.20396477 0.04366581 0.20745939
v -0.20396477 0.044743 0.20745939
v -0.20396477 0.04582015 0.20745939
v -0.20396477 0.04689731 0.20745939
v -0.20396477 0.04797451 0.20745939
v -0.20518487 0.04366581 0.20723632
v -0.20518487 0.044743 0.20723632
v -0.20518487 0.04582015 0.20723632
v -0.20518487 0.04689731 0.20723632
v -0.20518487 0.04797451 0.20723632
v -0.20640485 0.04366581 0.20701316
v -0.20640485 0.044743 0.20701316
v -0.20640485 0.04582015 0.20701316
v -0.20640485 0.04689731 0.20701316
v -0.20640485 0.04797451 0.20701316
v -0.207625 0.04366581 0.20679009
v -0.207625 0.044743 0.20679009
v -0.207625 0.04582015 0.20679009
v -0.207625 0.04689731 0.20679009
v -0.207625 0.04797451 0.20679009
v -0.20884501 0.044743 0.20656681
v -0.20884501 0.04582015 0.20656684
v -0.20884501 0.04689731 0.20656687
v -0.20054206 0.04366581 0.2074297
v -0.19932192 0.044743 0.20765304
v -0.20054206 0.044743 0.20742973
v -0.19932194 0.04582015 0.20765304
v -0.20054206 0.04582015 0.20742973
v -0.19932194 0.04689731 0.20765304
v -0.20054207 0.04689731 0.20742973
v -0.20054207 0.04797451 0.20742973
v -0.20176199 0.0436658 0.20720681
v -0.20176199 0.044743 0.20720681
v -0.20176197 0.04582015 0.20720681
v -0.20176197 0.04689731 0.20720681
v -0.20176197 0.04797451 0.20720681
v -0.20262876 0.0436658 0.20704832
v -0.20262876 0.044743 0.20704832
v -0.20262876 0.04582015 0.20704832
v -0.20262876 0.04689731 0.20704832
v -0.20262876 0.04797451 0.20704832
v -0.20384889 0.0436658 0.2068251
v -0.20384891 0.044743 0.20682507
v -0.20384891 0.04582015 0.20682507
v -0.20384891 0.04689731 0.20682507
v -0.20384891 0.04797451 0.20682507
v -0.20506884 0.04366581 0.20660212
v -0.20506884 0.044743 0.20660212
v -0.20506884 0.04582015 0.20660212
v -0.20506884 0.04689731 0.20660212
v -0.20506884 0.04797451 0.20660212
v -0.20628897 0.04366581 0.2063789
v -0.20628897 0.044743 0.2063789
v -0.20628897 0.04582015 0.2063789
v -0.20628897 0.04689731 0.2063789
v -0.20628897 0.04797453 0.2063789
v -0.20750898 0.0436658 0.2061558
v -0.20750898 0.044743 0.2061558
v -0.20750898 0.04582015 0.2061558
v -0.20750899 0.04689731 0.2061558
v -0.20750899 0.04797451 0.2061558
v -0.20858649 0.044743 0.20588943
v -0.20858649 0.04582015 0.20588943
v -0.20858649 0.04689731 0.20588943
v -0.20831601 0.04797451 0.20666366
v -0.20819994 0.04797453 0.20602938
v -0.20831599 0.04689731 0.2066636
v -0.20819994 0.044743 0.20602935
v -0.20819994 0.04582015 0.20602938
v -0.20831599 0.04582015 0.2066636
v -0.20831601 0.044743 0.2066636
v -0.20831601 0.04366581 0.2066636
v -0.20819994 0.04689731 0.20602938
v -0.20819994 0.04366581 0.20602935
v -0.20049569 0.04626976 0.20721054
v -0.20031425 0.04635285 0.20724365
v -0.20054206 0.0463259 0.20724314
v -0.2003387 0.04641856 0.2072803
v -0.20011605 0.04635968 0.2072798
v -0.20011259 0.04642723 0.2073217
v -0.19993437 0.04628669 0.207313
v -0.19990859 0.0463429 0.20735886
v -0.19971074 0.04596655 0.20735386
v -0.1996548 0.04597989 0.20740535
v -0.19970256 0.04576819 0.20735541
v -0.19964355 0.04575635 0.20740726
v -0.19977405 0.04558012 0.20734235
v -0.19972591 0.04554212 0.20739212
v -0.19991086 0.04543333 0.20731729
v -0.19987878 0.04537729 0.20736444
v -0.20009192 0.0453503 0.20728415
v -0.20008246 0.04528456 0.20732709
v -0.2002855 0.04534704 0.20724877
v -0.20030847 0.04527602 0.20728573
v -0.20047186 0.04541648 0.20721465
v -0.20051227 0.04536023 0.20724839
v -0.20069555 0.04573663 0.20717376
v -0.20076626 0.04572335 0.20720207
v -0.20069913 0.04593846 0.20717322
v -0.20077744 0.04594673 0.2071999
v -0.20063224 0.04612314 0.20718541
v -0.20069521 0.04616099 0.20721501
v -0.20060558 0.04610572 0.2071903
v -0.2006715 0.0459303 0.20717814
v -0.20066462 0.04574402 0.20717954
v -0.2005257 0.04590829 0.20720487
v -0.20047727 0.04624337 0.20721375
v -0.20034818 0.04605889 0.20723736
v -0.2003069 0.04632156 0.20724484
v -0.20014986 0.04617973 0.20727375
v -0.20012228 0.04632715 0.2072786
v -0.1999515 0.04625918 0.20730999
v -0.20045493 0.04544404 0.2072179
v -0.20025651 0.04552341 0.20725417
v -0.20005819 0.04564428 0.20729035
v -0.19988083 0.04579489 0.20732298
v -0.1997419 0.04595922 0.20734834
v -0.20028413 0.04537611 0.20724907
v -0.20009942 0.04538164 0.20728278
v -0.19992934 0.04545968 0.20731404
v -0.19980081 0.04559752 0.20733749
v -0.19973479 0.04577286 0.20734953
v -0.200358 0.04635126 0.2074891
v -0.20053909 0.04626797 0.20745593
v -0.20058146 0.04632844 0.20744824
v -0.20037779 0.04642099 0.20748555
v -0.20016488 0.046355 0.20752453
v -0.20015136 0.04642902 0.20752692
v -0.19997873 0.04628602 0.20755851
v -0.19994197 0.04634744 0.20756527
v -0.19975605 0.04596724 0.20759919
v -0.19968672 0.04598239 0.207612
v -0.19975316 0.04576601 0.20759984
v -0.19967985 0.0457546 0.20761314
v -0.19982008 0.0455817 0.20758745
v -0.19976176 0.04553975 0.2075982
v -0.19995684 0.04543513 0.20756259
v -0.19991472 0.04537466 0.20757037
v -0.20013806 0.04535193 0.20752945
v -0.20011825 0.04528226 0.20753303
v -0.2003313 0.04534822 0.20749402
v -0.20034472 0.04527425 0.20749169
v -0.20051728 0.04541725 0.20746016
v -0.20055401 0.04535574 0.20745328
v -0.20074012 0.04573597 0.2074193
v -0.20080918 0.0457208 0.20740658
v -0.20074313 0.04593724 0.20741879
v -0.20081624 0.04594859 0.20740541
v -0.20067611 0.0461214 0.20743104
v -0.20073424 0.04616337 0.20742043
v -0.20018872 0.04620227 0.20752003
v -0.2004022 0.04607197 0.20748099
v -0.20059351 0.04590987 0.20744615
v -0.19990274 0.04579325 0.20757237
v -0.20009407 0.0456313 0.20753741
v -0.20030751 0.04550086 0.20749846
v -0.19982188 0.04622747 0.20758718
v -0.1997843 0.04622747 0.20738166
v -0.19975875 0.04613706 0.20759871
v -0.19972102 0.04613704 0.20739314
v -0.20069964 0.04556608 0.20721426
v -0.20063465 0.04560782 0.20718491
v -0.20063652 0.04547563 0.2072258
v -0.20057149 0.04551745 0.2071965
v -0.20067405 0.04547563 0.20743149
v -0.20073729 0.04556608 0.20741987
v -0.20043279 0.04575483 0.20722186
v -0.20061062 0.04562528 0.20718938
v -0.20023551 0.04589769 0.20725798
v -0.20003309 0.04604378 0.20729491
v -0.19985894 0.04616824 0.20732688
v -0.20054723 0.04553484 0.20720085
v -0.2003687 0.04566292 0.20723357
v -0.20017087 0.04580551 0.20726981
v -0.19996866 0.04595189 0.20730674
v -0.19979572 0.04607793 0.20733839
v -0.19983497 0.04618571 0.20733121
v -0.19977179 0.04609529 0.20734274
v -0.19987981 0.04618571 0.20757651
v -0.19981664 0.04609529 0.20758813
v -0.20061637 0.04551746 0.20744195
v -0.20067958 0.04560782 0.20743045
v -0.20006831 0.04605068 0.20754212
v -0.20028024 0.04589771 0.20750346
v -0.20049224 0.04574436 0.20746469
v -0.20000396 0.04595873 0.20755389
v -0.20021586 0.04580551 0.20751509
v -0.20042802 0.04565248 0.20747649
v -0.19980844 0.04621011 0.2073771
v -0.19974537 0.04611967 0.20738866
v -0.20060767 0.04549656 0.20723092
v -0.20067091 0.04558696 0.20721942
v -0.20043364 0.04562119 0.20726293
v -0.20049782 0.04571298 0.20725116
v -0.19992303 0.04599009 0.20735633
v -0.19998718 0.04608199 0.20734456
v -0.20017914 0.04580551 0.20731502
v -0.2002438 0.04589771 0.20730325
v -0.20793403 0.04589979 0.20585024
v -0.20787735 0.04609359 0.20586037
v -0.20800858 0.04590636 0.20587766
v -0.20794466 0.04612348 0.20588928
v -0.20775297 0.04625066 0.2058832
v -0.20780329 0.0463031 0.20591521
v -0.20757997 0.04634275 0.20591485
v -0.20760743 0.04640488 0.20595103
v -0.20719532 0.0463057 0.20598527
v -0.20717127 0.04636304 0.20603078
v -0.20704238 0.04618231 0.2060132
v -0.20699748 0.04622562 0.20606243
v -0.20694892 0.04600446 0.20603033
v -0.20689156 0.04602232 0.2060818
v -0.20692911 0.04580337 0.20603391
v -0.206869 0.0457968 0.20608604
v -0.20698559 0.04560953 0.20602357
v -0.20693297 0.04557973 0.20607429
v -0.20710954 0.04545857 0.20600092
v -0.20707404 0.04540013 0.20604839
v -0.2072831 0.0453606 0.20596909
v -0.20727008 0.04529819 0.20601269
v -0.20766772 0.04539751 0.20589891
v -0.20770642 0.04534015 0.20593297
v -0.20782026 0.04552675 0.20587086
v -0.20788019 0.04547747 0.20590105
v -0.20791415 0.04569879 0.20585387
v -0.20798589 0.04568082 0.20588177
v -0.20788374 0.04570793 0.2058593
v -0.207796 0.04554262 0.20587524
v -0.20765274 0.04542628 0.2059015
v -0.20768444 0.04564054 0.20589575
v -0.2079024 0.04589678 0.20585581
v -0.20768076 0.04587546 0.20589649
v -0.20784923 0.0460788 0.20586565
v -0.20764091 0.04610711 0.20590373
v -0.20773279 0.04622453 0.20588687
v -0.20757053 0.04631153 0.20591658
v -0.20729239 0.04539158 0.20596742
v -0.20722198 0.04559608 0.20598024
v -0.20718248 0.0458277 0.20598757
v -0.20717865 0.04606267 0.20598813
v -0.20721013 0.046277 0.20598247
v -0.20713031 0.04547863 0.20599716
v -0.20701363 0.04562433 0.20601844
v -0.20696078 0.04580632 0.20602807
v -0.2069794 0.04599528 0.20602458
v -0.20706692 0.04616065 0.20600876
v -0.20792025 0.04609336 0.20610618
v -0.20797686 0.04589966 0.20609584
v -0.20804944 0.04590662 0.20608255
v -0.20798523 0.04612376 0.20609435
v -0.20779691 0.04624453 0.20612886
v -0.20784321 0.04630335 0.20612031
v -0.20762404 0.04634269 0.20616039
v -0.20764558 0.04641102 0.20615643
v -0.2072409 0.04630581 0.20623049
v -0.20720709 0.04636903 0.20623654
v -0.2070892 0.0461765 0.20625814
v -0.20703277 0.0462255 0.20626848
v -0.20699577 0.04600464 0.20627534
v -0.20692652 0.0460221 0.20628795
v -0.20697607 0.04580353 0.20627892
v -0.20690342 0.04579656 0.20629209
v -0.20703239 0.04560982 0.20626848
v -0.20696769 0.04557939 0.20628038
v -0.20715598 0.04545871 0.20624586
v -0.20710954 0.04539992 0.20625439
v -0.2073289 0.04536066 0.20621439
v -0.20730705 0.04529211 0.20621842
v -0.20771183 0.0453974 0.20614436
v -0.20774559 0.04533427 0.20613807
v -0.20786351 0.04552666 0.2061167
v -0.20791989 0.04547768 0.2061063
v -0.20795705 0.04569858 0.20609957
v -0.20802637 0.04568104 0.20608693
v -0.20769879 0.04612646 0.20614677
v -0.20774115 0.04587705 0.20613905
v -0.20774559 0.04562388 0.20613813
v -0.20720739 0.04607927 0.20623651
v -0.2072117 0.04582614 0.20623573
v -0.20725397 0.04557675 0.20622804
v -0.20747792 0.04642513 0.20618706
v -0.2074404 0.04642513 0.20598164
v -0.20736932 0.04641464 0.206207
v -0.20733171 0.04641464 0.20600143
v -0.20754593 0.04528855 0.20596209
v -0.20753186 0.04536026 0.20592352
v -0.20743739 0.04527811 0.20598214
v -0.20742331 0.04534984 0.20594343
v -0.207475 0.04527811 0.20618778
v -0.2075836 0.04528855 0.20616784
v -0.2075095 0.04561166 0.20592773
v -0.20752912 0.04539024 0.20592409
v -0.20748683 0.04585683 0.20593181
v -0.20746338 0.04610813 0.20593613
v -0.20744247 0.04632345 0.20594
v -0.20742057 0.04537982 0.20594397
v -0.20739916 0.04560104 0.20594796
v -0.20737612 0.04584622 0.20595216
v -0.20735301 0.04609751 0.20595639
v -0.20733384 0.04631296 0.20595991
v -0.20743961 0.04635334 0.20594051
v -0.20733101 0.04634288 0.20596045
v -0.2074846 0.04635336 0.2061859
v -0.20737578 0.04634288 0.20620569
v -0.20746816 0.04534984 0.20618891
v -0.20757676 0.04536026 0.20616892
v -0.2075071 0.04612007 0.20618185
v -0.20753173 0.04585683 0.20617732
v -0.20755603 0.04559375 0.20617282
v -0.2073967 0.04610952 0.20620197
v -0.2074209 0.04584622 0.20619741
v -0.2074455 0.04558304 0.20619306
v -0.20744308 0.0463953 0.20598086
v -0.20733434 0.04638478 0.20600089
v -0.20743399 0.045314 0.20598277
v -0.20754267 0.04532437 0.20596286
v -0.20741294 0.04552928 0.20598655
v -0.20752349 0.04553981 0.20596641
v -0.20735415 0.04616336 0.20599734
v -0.2074645 0.04617391 0.20597711
v -0.20738446 0.04584622 0.20599734
v -0.20749519 0.04585685 0.20597708
v -0.21403446 0.04615908 -0.11464853
v -0.21254804 0.05386303 0.1174491
v -0.21254804 0.04440053 0.1177534
v -0.2140937 0.04076676 -0.11188952
v -0.2173821 0.04615646 -0.11473026
v -0.21690729 0.05386732 0.1175832
v -0.21690729 0.04440483 0.11788733
v -0.21741832 0.04085362 -0.11232328
v -0.21547 0.01148138 -0.19682809
v -0.2105489 0.01148847 -0.19660782
v -0.21706816 0.03683874 -0.15425299
v -0.21214477 0.03684411 -0.15408603
v -0.21853524 0.04615561 -0.11475797
v -0.21288175 0.04616 -0.11462026
v -0.2172532 0.03284099 -0.14823539
v -0.21868339 0.04075853 -0.11211864
v -0.21233004 0.03284613 -0.1480751
v -0.21294093 0.04076766 -0.11186154
v -0.21574941 0.0090128 -0.18990156
v -0.21082782 0.00901963 -0.18968901
v -0.2173714 0.04880575 -0.1152604
v -0.21592125 0.04997956 -0.11546
v -0.21690729 0.05724507 0.11747455
v -0.21502468 0.05879209 0.11736653
v -0.21348267 0.0616266 0.21147397
v -0.21348267 0.05775897 0.21159832
v -0.21121762 0.06346827 0.21353444
v -0.21121762 0.05782698 0.21371576
v -0.21348267 0.0469242 0.21194651
v -0.21348267 0.04305702 0.21207068
v -0.21690729 0.04102748 0.11799557
v -0.21502468 0.03947622 0.1179872
v -0.21121762 0.04135096 0.21424523
v -0.21121762 0.04699226 0.21406392
v -0.21745669 0.03824807 -0.1112197
v -0.21601751 0.03709478 -0.11084213
v -0.21505089 0.01462111 -0.20683807
v -0.21388261 -0.01465287 -0.23329687
v -0.21351341 -0.00553824 -0.23467163
v -0.21374052 0.01500144 -0.20798502
v -0.21215467 -0.00521489 -0.23572719
v -0.21257838 -0.01534981 -0.23420628
v -0.21693801 0.04057329 -0.15847228
v -0.21565234 0.04133915 -0.15929174
v -0.21851588 0.04968305 -0.11568491
v -0.21706356 0.05084568 -0.11595498
v -0.21862034 0.03740614 -0.11074896
v -0.21738393 0.03027288 -0.1439215
v -0.21615584 0.02965858 -0.14284804
v -0.21718283 0.03627047 -0.11029329
v -0.21616254 0.00728857 -0.17927715
v -0.21495148 0.0070834 -0.17795617
v -0.21469888 -0.01658557 -0.20789375
v -0.21414309 -0.01802437 -0.22686407
v -0.21283878 -0.01872955 -0.22776553
v -0.21342511 -0.0172393 -0.20744578
v -0.21402259 0.04916419 -0.11524994
v -0.21254804 0.05771011 0.11732542
v -0.20846121 0.0621771 0.21186161
v -0.20846121 0.05777201 0.2120032
v -0.20846121 0.04693725 0.21235132
v -0.21254804 0.04055333 0.11787682
v -0.20846121 0.04253208 0.2124928
v -0.21411113 0.03790053 -0.11103686
v -0.21010863 0.01474342 -0.20696979
v -0.20900094 -0.00543289 -0.2347666
v -0.20872819 -0.01485586 -0.23331263
v -0.21199931 0.04081043 -0.15856114
v -0.21286062 0.05004008 -0.11563918
v -0.21246443 0.03009136 -0.14345262
v -0.21296913 0.03706564 -0.1104886
v -0.21125094 0.00723223 -0.17869338
v -0.20908528 -0.01823033 -0.22689004
v -0.21030986 -0.01677751 -0.20756545
v -0.21495109 0.04998034 -0.11543618
v -0.21376113 0.05879089 0.11732845
v -0.20977208 0.06346567 0.21345481
v -0.20977208 0.05782446 0.21363614
v -0.20977208 0.0413484 0.21416555
v -0.21376113 0.03947498 0.11794924
v -0.20977208 0.04698969 0.21398429
v -0.21504773 0.03709552 -0.11081959
v -0.20987026 -0.00521083 -0.23560097
v -0.21094912 0.01500573 -0.20785105
v -0.20956818 -0.0153445 -0.23404087
v -0.21285656 0.04134231 -0.15919314
v -0.21386387 0.0508482 -0.11587619
v -0.21398286 0.03627289 -0.1102187
v -0.21336196 0.02966141 -0.14276073
v -0.21216131 0.007087 -0.17784361
v -0.21121996 -0.01723589 -0.2073397
v -0.20992723 -0.01872456 -0.22761108
v -0.21580404 0.05218359 -0.05722686
v -0.21684768 0.05218319 -0.05723817
v -0.21589005 0.05438479 0.00092128
v -0.21700722 0.0543849 0.00092459
v -0.21520833 0.05658651 0.05908225
v -0.21639822 0.05658711 0.05910195
v -0.21817025 0.05193778 0.05944141
v -0.21817213 0.05513297 0.05922776
v -0.21867115 0.05001095 0.00139084
v -0.21867179 0.05302423 0.00107172
v -0.21840852 0.04808458 -0.05664192
v -0.2184048 0.05091571 -0.05706651
v -0.21815693 0.04033056 0.06062782
v -0.21815693 0.04351472 0.06027067
v -0.21866619 0.03963653 0.00334935
v -0.21865995 0.04262801 0.00274378
v -0.21843236 0.03894314 -0.05391
v -0.21841347 0.04174142 -0.05476385
v -0.21406425 0.05557192 0.05913004
v -0.21406231 0.0519357 0.05937314
v -0.21481734 0.05343671 0.00101703
v -0.21481625 0.05001056 0.00137924
v -0.21480263 0.0513014 -0.05708529
v -0.21480669 0.04808586 -0.05660387
v -0.21404868 0.03988834 0.06059582
v -0.21519137 0.0388781 0.06070085
v -0.21481111 0.03922594 0.00339571
v -0.21588365 0.0382843 0.00353596
v -0.21483112 0.03856435 -0.05379176
v -0.21583564 0.03769061 -0.05361417
v -0.21405194 0.04349046 0.06029016
v -0.21481272 0.04258267 0.00290837
v -0.21482583 0.04167561 -0.05446136
v -0.21638122 0.03887875 0.06072076
v -0.21700055 0.03828444 0.00353978
v -0.21687901 0.03769027 -0.05362462
g Group9408
f 109 108 587 588
f 19 18 106 107
f 29 27 108 109
f 29 18 19 27
f 113 112 589 590
f 78 77 110 111
f 87 88 112 113
f 87 77 78 88
f 115 113 590 591
f 77 76 114 110
f 86 87 113 115
f 86 76 77 87
f 117 115 591 592
f 76 75 116 114
f 85 86 115 117
f 85 75 76 86
f 119 109 588 593
f 18 17 118 106
f 30 29 109 119
f 30 17 18 29
f 121 119 593 594
f 17 16 120 118
f 31 30 119 121
f 31 16 17 30
f 125 124 595 596
f 82 81 122 123
f 91 92 124 125
f 91 81 82 92
f 127 125 596 597
f 81 80 126 122
f 90 91 125 127
f 90 80 81 91
f 129 127 597 598
f 80 79 128 126
f 89 90 127 129
f 89 79 80 90
f 131 121 594 599
f 16 15 130 120
f 32 31 121 131
f 32 15 16 31
f 135 134 600 601
f 26 7 132 133
f 33 34 134 135
f 33 7 26 34
f 137 135 601 602
f 7 6 136 132
f 35 33 135 137
f 35 6 7 33
f 139 137 602 603
f 6 5 138 136
f 36 35 137 139
f 36 5 6 35
f 141 139 603 604
f 5 4 140 138
f 37 36 139 141
f 37 4 5 36
f 145 605 606 142
f 39 38 143 144
f 9 8 38 39
f 147 607 605 145
f 40 39 144 146
f 10 9 39 40
f 149 608 607 147
f 41 40 146 148
f 11 10 40 41
f 151 609 608 149
f 42 41 148 150
f 12 11 41 42
f 153 610 609 151
f 43 42 150 152
f 13 12 42 43
f 155 611 610 153
f 44 43 152 154
f 14 13 43 44
f 157 612 611 155
f 14 25 157 155
f 45 44 154 156
f 25 14 44 45
f 161 613 614 158
f 20 21 161 158
f 47 46 159 160
f 21 20 46 47
f 163 615 613 161
f 21 22 163 161
f 48 47 160 162
f 22 21 47 48
f 165 616 615 163
f 22 23 165 163
f 49 48 162 164
f 23 22 48 49
f 167 617 616 165
f 23 24 167 165
f 28 49 164 166
f 24 23 49 28
f 169 141 604 618
f 4 2 168 140
f 50 37 141 169
f 50 2 4 37
f 171 169 618 619
f 2 1 170 168
f 51 50 169 171
f 51 1 2 50
f 173 171 619 620
f 1 3 172 170
f 52 51 171 173
f 52 3 1 51
f 124 166 617 595
f 24 82 123 167
f 92 28 166 124
f 92 82 24 28
f 112 129 598 589
f 79 78 111 128
f 88 89 129 112
f 88 78 79 89
f 175 117 592 621
f 75 74 174 116
f 84 85 117 175
f 84 74 75 85
f 177 156 612 622
f 25 67 176 157
f 72 45 156 177
f 72 67 25 45
f 143 181 624 606
f 53 8 142 180
f 38 58 181 143
f 38 8 53 58
f 181 183 625 624
f 54 53 180 182
f 58 59 183 181
f 58 53 54 59
f 183 185 626 625
f 55 54 182 184
f 59 60 185 183
f 59 54 55 60
f 97 96 178 186
f 95 94 187 179
f 95 96 97 94
f 185 191 629 626
f 56 55 184 190
f 60 61 191 185
f 60 55 56 61
f 191 193 630 629
f 57 56 190 192
f 61 62 193 191
f 61 56 57 62
f 193 173 620 630
f 3 57 192 172
f 62 52 173 193
f 62 57 3 52
f 98 97 186 188
f 94 93 189 187
f 94 97 98 93
f 195 175 621 631
f 74 73 194 174
f 83 84 175 195
f 83 73 74 84
f 108 195 631 587
f 73 19 107 194
f 27 83 195 108
f 27 19 73 83
f 159 197 632 614
f 63 20 158 196
f 46 68 197 159
f 46 20 63 68
f 197 199 633 632
f 64 63 196 198
f 68 69 199 197
f 68 63 64 69
f 199 201 634 633
f 65 64 198 200
f 69 70 201 199
f 69 64 65 70
f 201 203 635 634
f 66 65 200 202
f 70 71 203 201
f 70 65 66 71
f 203 177 622 635
f 67 66 202 176
f 71 72 177 203
f 71 66 67 72
f 99 100 204 205
f 100 101 206 204
f 101 102 207 206
f 102 103 208 207
f 103 104 209 208
f 104 105 210 209
f 142 211 212 145
f 211 213 214 212
f 213 205 204 214
f 8 215 211 142
f 215 216 213 211
f 216 99 205 213
f 9 217 215 8
f 217 218 216 215
f 218 100 99 216
f 145 212 219 147
f 212 214 220 219
f 214 204 206 220
f 10 221 217 9
f 221 222 218 217
f 222 101 100 218
f 147 219 223 149
f 219 220 224 223
f 220 206 207 224
f 11 225 221 10
f 225 226 222 221
f 226 102 101 222
f 149 223 227 151
f 223 224 228 227
f 224 207 208 228
f 12 229 225 11
f 229 230 226 225
f 230 103 102 226
f 151 227 231 153
f 227 228 232 231
f 228 208 209 232
f 13 233 229 12
f 233 234 230 229
f 234 104 103 230
f 153 231 235 155
f 231 232 236 235
f 232 209 210 236
f 105 237 236 210
f 237 238 235 236
f 238 14 155 235
f 14 238 233 13
f 238 237 234 233
f 237 105 104 234
g Group25716
f 347 636 637 346
f 257 345 344 256
f 267 347 346 265
f 267 265 257 256
f 351 638 639 350
f 316 349 348 315
f 325 351 350 326
f 325 326 316 315
f 353 640 638 351
f 315 348 352 314
f 324 353 351 325
f 324 325 315 314
f 355 641 640 353
f 314 352 354 313
f 323 355 353 324
f 323 324 314 313
f 357 642 636 347
f 256 344 356 255
f 268 357 347 267
f 268 267 256 255
f 359 643 642 357
f 255 356 358 254
f 269 359 357 268
f 269 268 255 254
f 363 644 645 362
f 320 361 360 319
f 329 363 362 330
f 329 330 320 319
f 365 646 644 363
f 319 360 364 318
f 328 365 363 329
f 328 329 319 318
f 367 647 646 365
f 318 364 366 317
f 327 367 365 328
f 327 328 318 317
f 369 648 643 359
f 254 358 368 253
f 270 369 359 269
f 270 269 254 253
f 373 649 650 372
f 264 371 370 245
f 271 373 372 272
f 271 272 264 245
f 375 651 649 373
f 245 370 374 244
f 273 375 373 271
f 273 271 245 244
f 377 652 651 375
f 244 374 376 243
f 274 377 375 273
f 274 273 244 243
f 379 653 652 377
f 243 376 378 242
f 275 379 377 274
f 275 274 243 242
f 383 380 654 655
f 277 382 381 276
f 247 277 276 246
f 385 383 655 656
f 278 384 382 277
f 248 278 277 247
f 387 385 656 657
f 279 386 384 278
f 249 279 278 248
f 389 387 657 658
f 280 388 386 279
f 250 280 279 249
f 391 389 658 659
f 281 390 388 280
f 251 281 280 250
f 393 391 659 660
f 282 392 390 281
f 252 282 281 251
f 395 393 660 661
f 252 393 395 263
f 283 394 392 282
f 263 283 282 252
f 399 396 662 663
f 258 396 399 259
f 285 398 397 284
f 259 285 284 258
f 401 399 663 664
f 259 399 401 260
f 286 400 398 285
f 260 286 285 259
f 403 401 664 665
f 260 401 403 261
f 287 402 400 286
f 261 287 286 260
f 405 403 665 666
f 261 403 405 262
f 266 404 402 287
f 262 266 287 261
f 407 667 653 379
f 242 378 406 240
f 288 407 379 275
f 288 275 242 240
f 409 668 667 407
f 240 406 408 239
f 289 409 407 288
f 289 288 240 239
f 411 669 668 409
f 239 408 410 241
f 290 411 409 289
f 290 289 239 241
f 362 645 666 404
f 262 405 361 320
f 330 362 404 266
f 330 266 262 320
f 350 639 647 367
f 317 366 349 316
f 326 350 367 327
f 326 327 317 316
f 413 670 641 355
f 313 354 412 312
f 322 413 355 323
f 322 323 313 312
f 415 671 661 394
f 263 395 414 305
f 310 415 394 283
f 310 283 263 305
f 381 654 673 419
f 291 418 380 246
f 276 381 419 296
f 276 296 291 246
f 419 673 674 421
f 292 420 418 291
f 296 419 421 297
f 296 297 292 291
f 421 674 675 423
f 293 422 420 292
f 297 421 423 298
f 297 298 293 292
f 335 424 416 334
f 333 417 425 332
f 333 332 335 334
f 423 675 678 429
f 294 428 422 293
f 298 423 429 299
f 298 299 294 293
f 429 678 679 431
f 295 430 428 294
f 299 429 431 300
f 299 300 295 294
f 431 679 669 411
f 241 410 430 295
f 300 431 411 290
f 300 290 241 295
f 336 426 424 335
f 332 425 427 331
f 332 331 336 335
f 433 680 670 413
f 312 412 432 311
f 321 433 413 322
f 321 322 312 311
f 346 637 680 433
f 311 432 345 257
f 265 346 433 321
f 265 321 311 257
f 397 662 681 435
f 301 434 396 258
f 284 397 435 306
f 284 306 301 258
f 435 681 682 437
f 302 436 434 301
f 306 435 437 307
f 306 307 302 301
f 437 682 683 439
f 303 438 436 302
f 307 437 439 308
f 307 308 303 302
f 439 683 684 441
f 304 440 438 303
f 308 439 441 309
f 308 309 304 303
f 441 684 671 415
f 305 414 440 304
f 309 441 415 310
f 309 310 305 304
f 337 443 442 338
f 338 442 444 339
f 339 444 445 340
f 340 445 446 341
f 341 446 447 342
f 342 447 448 343
f 380 383 450 449
f 449 450 452 451
f 451 452 442 443
f 246 380 449 453
f 453 449 451 454
f 454 451 443 337
f 247 246 453 455
f 455 453 454 456
f 456 454 337 338
f 383 385 457 450
f 450 457 458 452
f 452 458 444 442
f 248 247 455 459
f 459 455 456 460
f 460 456 338 339
f 385 387 461 457
f 457 461 462 458
f 458 462 445 444
f 249 248 459 463
f 463 459 460 464
f 464 460 339 340
f 387 389 465 461
f 461 465 466 462
f 462 466 446 445
f 250 249 463 467
f 467 463 464 468
f 468 464 340 341
f 389 391 469 465
f 465 469 470 466
f 466 470 447 446
f 251 250 467 471
f 471 467 468 472
f 472 468 341 342
f 391 393 473 469
f 469 473 474 470
f 470 474 448 447
f 343 448 474 475
f 475 474 473 476
f 476 473 393 252
f 252 251 471 476
f 476 471 472 475
f 475 472 342 343
g Group19772
f 485 495 491 484
f 496 492 493 497
f 482 483 494 498
f 486 499 495 485
f 500 496 497 501
f 481 482 498 502
f 487 503 499 486
f 504 500 501 505
f 480 481 502 506
f 488 507 503 487
f 508 504 505 509
f 479 480 506 510
f 489 511 507 488
f 512 508 509 513
f 478 479 510 514
f 490 515 511 489
f 516 512 513 517
f 477 478 514 518
f 491 495 497 493
f 498 494 492 496
f 495 499 501 497
f 502 498 496 500
f 499 503 505 501
f 506 502 500 504
f 503 507 509 505
f 510 506 504 508
f 507 511 513 509
f 514 510 508 512
f 511 515 517 513
f 518 514 512 516
f 523 485 484 519
f 520 524 525 521
f 526 522 483 482
f 527 486 485 523
f 524 528 529 525
f 530 526 482 481
f 531 487 486 527
f 528 532 533 529
f 534 530 481 480
f 535 488 487 531
f 532 536 537 533
f 538 534 480 479
f 539 489 488 535
f 536 540 541 537
f 542 538 479 478
f 543 490 489 539
f 540 544 545 541
f 546 542 478 477
f 521 525 523 519
f 524 520 522 526
f 525 529 527 523
f 528 524 526 530
f 529 533 531 527
f 532 528 530 534
f 533 537 535 531
f 536 532 534 538
f 537 541 539 535
f 540 536 538 542
f 541 545 543 539
f 544 540 542 546
f 547 548 515 490
f 549 516 517 550
f 551 552 553 554
f 555 477 518 556
f 515 548 550 517
f 556 518 516 549
f 557 558 553 552
f 559 547 490 543
f 544 560 561 545
f 562 551 554 563
f 564 546 477 555
f 545 561 559 543
f 562 563 565 566
f 560 544 546 564
f 554 553 548 547
f 555 556 552 551
f 553 558 550 548
f 557 552 556 549
f 549 550 558 557
f 566 565 561 560
f 547 559 563 554
f 551 562 564 555
f 560 564 562 566
f 559 561 565 563
f 484 491 567 568
f 569 570 571 572
f 492 573 574 493
f 483 575 576 494
f 567 491 493 574
f 569 572 577 578
f 494 576 573 492
f 519 484 568 579
f 580 520 521 581
f 570 582 583 571
f 522 584 575 483
f 581 521 519 579
f 585 586 583 582
f 520 580 584 522
f 568 567 572 571
f 578 577 574 573
f 570 569 576 575
f 567 574 577 572
f 569 578 573 576
f 571 583 579 568
f 575 584 582 570
f 583 586 581 579
f 580 581 586 585
f 585 582 584 580
g Group9408
f 588 587 107 106
f 590 589 111 110
f 591 590 110 114
f 592 591 114 116
f 593 588 106 118
f 594 593 118 120
f 596 595 123 122
f 597 596 122 126
f 598 597 126 128
f 599 594 120 130
f 601 600 133 132
f 602 601 132 136
f 603 602 136 138
f 604 603 138 140
f 605 144 143 606
f 607 146 144 605
f 608 148 146 607
f 609 150 148 608
f 610 152 150 609
f 611 154 152 610
f 612 156 154 611
f 613 160 159 614
f 615 162 160 613
f 616 164 162 615
f 617 166 164 616
f 618 604 140 168
f 619 618 168 170
f 620 619 170 172
f 595 617 167 123
f 589 598 128 111
f 621 592 116 174
f 622 612 157 176
f 606 624 180 142
f 624 625 182 180
f 625 626 184 182
f 623 627 186 178
f 626 629 190 184
f 629 630 192 190
f 630 620 172 192
f 627 628 188 186
f 631 621 174 194
f 587 631 194 107
f 614 632 196 158
f 632 633 198 196
f 633 634 200 198
f 634 635 202 200
f 635 622 176 202
g Group25716
f 636 344 345 637
f 638 348 349 639
f 640 352 348 638
f 641 354 352 640
f 642 356 344 636
f 643 358 356 642
f 644 360 361 645
f 646 364 360 644
f 647 366 364 646
f 648 368 358 643
f 649 370 371 650
f 651 374 370 649
f 652 376 374 651
f 653 378 376 652
f 655 654 381 382
f 656 655 382 384
f 657 656 384 386
f 658 657 386 388
f 659 658 388 390
f 660 659 390 392
f 661 660 392 394
f 663 662 397 398
f 664 663 398 400
f 665 664 400 402
f 666 665 402 404
f 667 406 378 653
f 668 408 406 667
f 669 410 408 668
f 645 361 405 666
f 639 349 366 647
f 670 412 354 641
f 671 414 395 661
f 654 380 418 673
f 673 418 420 674
f 674 420 422 675
f 672 416 424 676
f 675 422 428 678
f 678 428 430 679
f 679 430 410 669
f 676 424 426 677
f 680 432 412 670
f 637 345 432 680
f 662 396 434 681
f 681 434 436 682
f 682 436 438 683
f 683 438 440 684
f 684 440 414 671
g Group9408
f 686 688 687 685
f 627 623 685 687
f 179 187 688 686
f 688 690 689 687
f 628 627 687 689
f 187 189 690 688
g Group25716
f 691 692 694 693
f 425 417 691 693
f 672 676 694 692
f 693 694 695 696
f 427 425 693 696
f 676 677 695 694
f 697 698 426 336
f 331 427 699 700
f 331 700 697 336
f 272 372 701 702
f 703 704 371 264
f 703 264 272 702
f 677 426 698 705
f 706 701 372 650
f 696 695 707 708
f 699 427 696 708
f 677 705 707 695
f 371 704 709
f 650 371 709 710
f 706 650 710
f 702 701 698 697
f 703 702 697 700
f 700 699 704 703
f 701 706 705 698
f 706 710 707 705
f 699 708 709 704
f 708 707 710 709
f 711 712 648 369
f 253 368 713 714
f 715 711 369 270
f 715 270 253 714
f 334 416 716 717
f 718 719 417 333
f 718 333 334 717
f 720 716 416 672
f 368 648 721 722
f 723 724 692 691
f 417 719 723 691
f 720 672 692 724
f 713 368 722
f 648 712 721
f 716 720 712 711
f 717 716 711 715
f 718 717 715 714
f 714 713 719 718
f 724 723 722 721
f 713 722 723 719
f 720 724 721 712
g Group9408
f 725 98 188 726
f 93 727 728 189
f 93 98 725 727
f 34 729 730 134
f 731 26 133 732
f 731 729 34 26
f 628 733 726 188
f 734 600 134 730
f 690 735 736 689
f 733 628 689 736
f 189 728 735 690
f 600 734 737
f 133 600 737 738
f 732 133 738
f 731 732 728 727
f 725 726 730 729
f 727 725 729 731
f 726 733 734 730
f 732 738 735 728
f 733 736 737 734
f 736 735 738 737
f 739 131 599 740
f 15 741 742 130
f 743 32 131 739
f 743 741 15 32
f 96 744 745 178
f 746 95 179 747
f 746 744 96 95
f 748 623 178 745
f 749 686 685 750
f 623 748 750 685
f 747 179 686 749
f 130 742 751
f 599 130 751 752
f 740 599 752
f 746 747 742 741
f 743 739 745 744
f 741 743 744 746
f 739 740 748 745
f 752 751 749 750
f 740 752 750 748
f 747 749 751 742
g Group57090
f 1060 1059 1058 1057
f 753 759 758 757
f 1060 1062 1061 1059
f 753 757 761 760
f 1060 1057 1063 1062
f 753 760 762 759
f 1067 1066 1065 1064
f 754 765 764 763
f 1067 1064 1069 1068
f 754 767 766 765
f 1067 1068 1070 1066
f 754 763 768 767
f 1074 1073 1072 1071
f 755 771 770 769
f 1074 1071 1076 1075
f 755 773 772 771
f 1074 1075 1077 1073
f 755 769 774 773
f 1081 1080 1079 1078
f 756 777 776 775
f 1081 1083 1082 1080
f 756 775 779 778
f 1081 1078 1084 1083
f 756 778 780 777
f 1084 1086 1085 1083
f 780 778 782 781
f 1084 1078 1088 1087
f 780 784 783 777
f 1084 1087 1089 1086
f 780 781 785 784
f 1089 1091 1090 1086
f 785 781 787 786
f 1089 1087 1093 1092
f 785 789 788 784
f 1089 1092 1094 1091
f 785 786 790 789
f 1094 1096 1095 1091
f 790 786 792 791
f 1094 1092 1098 1097
f 790 794 793 789
f 1094 1097 1099 1096
f 790 791 795 794
f 1099 1101 1100 1096
f 795 791 797 796
f 1099 1097 1103 1102
f 795 799 798 794
f 1099 1102 1104 1101
f 795 796 800 799
f 1104 1106 1105 1101
f 800 796 802 801
f 1104 1102 1108 1107
f 803 804 1107 1108
f 800 804 803 799
f 1104 1107 1109 1106
f 804 805 1109 1107
f 800 801 805 804
f 1109 1111 1110 1106
f 805 806 1111 1109
f 805 801 807 806
f 1110 1069 1064 1112
f 807 808 765 766
f 1110 1112 1105 1106
f 807 801 802 808
f 1110 1111 1113 1069
f 806 809 1113 1111
f 807 766 809 806
f 1113 1114 1068 1069
f 809 810 1114 1113
f 809 766 767 810
f 1115 1070 1068 1114
f 810 811 1115 1114
f 811 810 767 768
f 1115 1117 1116 1070
f 811 812 1117 1115
f 811 768 813 812
f 1116 1117 1119 1118
f 812 814 1119 1117
f 813 815 814 812
f 1116 1118 1121 1120
f 813 817 816 815
f 1116 1120 1066 1070
f 813 768 763 817
f 1120 1121 1123 1122
f 817 819 818 816
f 1120 1122 1065 1066
f 817 763 764 819
f 1122 1123 1125 1124
f 819 821 820 818
f 1122 1124 1126 1065
f 819 764 822 821
f 1126 1124 1128 1127
f 822 824 823 821
f 1126 1127 1105 1112
f 822 808 802 824
f 1126 1112 1064 1065
f 822 764 765 808
f 1127 1128 1129 1100
f 824 797 825 823
f 1127 1100 1101 1105
f 824 802 796 797
f 1129 1128 1131 1130
f 825 827 826 823
f 1129 1130 1132 1095
f 825 792 828 827
f 1129 1095 1096 1100
f 825 797 791 792
f 1132 1130 1134 1133
f 828 830 829 827
f 1132 1133 1135 1090
f 828 787 831 830
f 1132 1090 1091 1095
f 828 792 786 787
f 1135 1133 1137 1136
f 831 833 832 830
f 1135 1136 1138 1085
f 831 782 834 833
f 1135 1085 1086 1090
f 831 787 781 782
f 1138 1136 1140 1139
f 834 836 835 833
f 1138 1139 1141 1082
f 834 779 837 836
f 1138 1082 1083 1085
f 834 782 778 779
f 1141 1139 1143 1142
f 837 839 838 836
f 1141 1142 1145 1144
f 837 841 840 839
f 1141 1144 1080 1082
f 837 779 775 841
f 1144 1145 1147 1146
f 841 843 842 840
f 1144 1146 1079 1080
f 841 775 776 843
f 1146 1147 1149 1148
f 843 845 844 842
f 1146 1148 1150 1079
f 843 776 846 845
f 1150 1088 1078 1079
f 846 776 777 783
f 1150 1148 1152 1151
f 846 848 847 845
f 1150 1151 1153 1088
f 846 783 849 848
f 1153 1093 1087 1088
f 849 783 784 788
f 1153 1151 1155 1154
f 849 851 850 848
f 1153 1154 1156 1093
f 849 788 852 851
f 1156 1098 1092 1093
f 852 788 789 793
f 1156 1154 1158 1157
f 852 854 853 851
f 1156 1157 1159 1098
f 852 793 855 854
f 1159 1103 1097 1098
f 855 793 794 798
f 1159 1157 1161 1160
f 856 857 1160 1161
f 855 857 856 854
f 1159 1160 1162 1103
f 857 858 1162 1160
f 855 798 858 857
f 1162 1108 1102 1103
f 858 803 1108 1162
f 858 798 799 803
f 1161 1157 1158 1163
f 859 856 1161 1163
f 856 859 853 854
f 1163 1158 1165 1164
f 861 859 1163 1164
f 859 861 860 853
f 1164 1165 1167 1166
f 863 861 1164 1166
f 861 863 862 860
f 1166 1167 1169 1168
f 865 863 1166 1168
f 863 865 864 862
f 1168 1169 1171 1170
f 867 865 1168 1170
f 865 867 866 864
f 1170 1171 1173 1172
f 869 867 1170 1172
f 867 869 868 866
f 1172 1173 1175 1174
f 871 869 1172 1174
f 869 871 870 868
f 1174 1175 1177 1176
f 873 871 1174 1176
f 871 873 872 870
f 1176 1177 1179 1178
f 875 873 1176 1178
f 873 875 874 872
f 1178 1179 1181 1180
f 877 875 1178 1180
f 875 877 876 874
f 1180 1181 1183 1182
f 879 877 1180 1182
f 877 879 878 876
f 1182 1183 1185 1184
f 881 879 1182 1184
f 879 881 880 878
f 1184 1185 1187 1186
f 883 881 1184 1186
f 881 883 882 880
f 1186 1187 1189 1188
f 885 883 1186 1188
f 883 885 884 882
f 1188 1189 1191 1190
f 887 885 1188 1190
f 885 887 886 884
f 1190 1191 1193 1192
f 889 887 1190 1192
f 887 889 888 886
f 1192 1193 1195 1194
f 891 889 1192 1194
f 889 891 890 888
f 1194 1195 1197 1196
f 893 891 1194 1196
f 891 893 892 890
f 1196 1197 1199 1198
f 895 893 1196 1198
f 893 895 894 892
f 1198 1199 1201 1200
f 897 895 1198 1200
f 895 897 896 894
f 1200 1201 1061 1202
f 898 897 1200 1202
f 897 898 761 896
f 1202 1061 1062 1203
f 899 898 1202 1203
f 898 899 760 761
f 1203 1062 1063 1204
f 900 899 1203 1204
f 899 900 762 760
f 1204 1063 1206 1205
f 902 900 1204 1205
f 900 902 901 762
f 1205 1206 1208 1207
f 904 902 1205 1207
f 902 904 903 901
f 1207 1208 1210 1209
f 906 904 1207 1209
f 904 906 905 903
f 1209 1210 1212 1211
f 908 906 1209 1211
f 906 908 907 905
f 1211 1212 1214 1213
f 910 908 1211 1213
f 908 910 909 907
f 1213 1214 1216 1215
f 912 910 1213 1215
f 910 912 911 909
f 1215 1216 1218 1217
f 914 912 1215 1217
f 912 914 913 911
f 1217 1218 1220 1219
f 916 914 1217 1219
f 914 916 915 913
f 1219 1220 1222 1221
f 918 916 1219 1221
f 916 918 917 915
f 1221 1222 1224 1223
f 920 918 1221 1223
f 918 920 919 917
f 1223 1224 1226 1225
f 922 920 1223 1225
f 920 922 921 919
f 1225 1226 1118 1119
f 814 922 1225 1119
f 922 814 815 921
f 1226 1224 1228 1227
f 921 924 923 919
f 1226 1227 1121 1118
f 921 815 816 924
f 1227 1228 1230 1229
f 924 926 925 923
f 1227 1229 1123 1121
f 924 816 818 926
f 1229 1230 1232 1231
f 926 928 927 925
f 1229 1231 1125 1123
f 926 818 820 928
f 1231 1232 1234 1233
f 928 930 929 927
f 1231 1233 1131 1125
f 928 820 826 930
f 1233 1234 1235 1134
f 930 829 931 929
f 1233 1134 1130 1131
f 930 826 827 829
f 1235 1234 1237 1236
f 931 933 932 929
f 1235 1236 1238 1137
f 931 832 934 933
f 1235 1137 1133 1134
f 931 829 830 832
f 1238 1236 1240 1239
f 934 936 935 933
f 1238 1239 1241 1140
f 934 835 937 936
f 1238 1140 1136 1137
f 934 832 833 835
f 1241 1239 1243 1242
f 937 939 938 936
f 1241 1242 1244 1143
f 937 838 940 939
f 1241 1143 1139 1140
f 937 835 836 838
f 1244 1242 1246 1245
f 940 942 941 939
f 1244 1245 1248 1247
f 940 944 943 942
f 1244 1247 1142 1143
f 940 838 839 944
f 1247 1248 1250 1249
f 944 946 945 943
f 1247 1249 1145 1142
f 944 839 840 946
f 1249 1250 1252 1251
f 946 948 947 945
f 1249 1251 1147 1145
f 946 840 842 948
f 1251 1252 1254 1253
f 948 950 949 947
f 1251 1253 1149 1147
f 948 842 844 950
f 1253 1254 1256 1255
f 950 952 951 949
f 1253 1255 1257 1149
f 950 844 953 952
f 1257 1255 1259 1258
f 953 955 954 952
f 1257 1258 1260 1152
f 953 847 956 955
f 1257 1152 1148 1149
f 953 844 845 847
f 1260 1155 1151 1152
f 956 847 848 850
f 1260 1258 1169 1167
f 956 862 864 955
f 1260 1167 1165 1155
f 956 850 860 862
f 1258 1259 1171 1169
f 955 864 866 954
f 1259 1255 1256 1261
f 954 957 951 952
f 1259 1261 1173 1171
f 954 866 868 957
f 1261 1256 1263 1262
f 957 959 958 951
f 1261 1262 1175 1173
f 957 868 870 959
f 1262 1263 1265 1264
f 959 961 960 958
f 1262 1264 1177 1175
f 959 870 872 961
f 1264 1265 1267 1266
f 961 963 962 960
f 1264 1266 1179 1177
f 961 872 874 963
f 1266 1267 1072 1268
f 963 964 770 962
f 1266 1268 1181 1179
f 963 874 876 964
f 1268 1269 1183 1181
f 964 876 878 965
f 1268 1072 1073 1269
f 964 965 769 770
f 1269 1270 1185 1183
f 965 878 880 966
f 1269 1073 1077 1270
f 965 966 774 769
f 1270 1271 1187 1185
f 966 880 882 967
f 1270 1077 1272 1271
f 966 967 968 774
f 1272 1274 1273 1271
f 968 967 970 969
f 1272 1077 1075 1275
f 968 971 773 774
f 1272 1275 1276 1274
f 968 969 972 971
f 1276 1278 1277 1274
f 972 969 974 973
f 1276 1275 1280 1279
f 972 976 975 971
f 1276 1279 1281 1278
f 972 973 977 976
f 1281 1283 1282 1278
f 977 973 979 978
f 1281 1279 1285 1284
f 977 981 980 976
f 1281 1284 1286 1283
f 977 978 982 981
f 1286 1288 1287 1283
f 982 978 984 983
f 1286 1284 1290 1289
f 982 986 985 981
f 1286 1289 1291 1288
f 982 983 987 986
f 1291 1293 1292 1288
f 987 983 989 988
f 1291 1289 1295 1294
f 987 991 990 986
f 1291 1294 1296 1293
f 987 988 992 991
f 1296 1298 1297 1293
f 992 988 994 993
f 1296 1294 1300 1299
f 992 996 995 991
f 1296 1299 1301 1298
f 992 993 997 996
f 1301 1303 1302 1298
f 997 993 999 998
f 1301 1299 1305 1304
f 997 1001 1000 996
f 1301 1304 1306 1303
f 997 998 1002 1001
f 1306 1308 1307 1303
f 1002 998 1004 1003
f 1306 1304 1310 1309
f 1002 1006 1005 1001
f 1306 1309 1311 1308
f 1002 1003 1007 1006
f 1311 1313 1312 1308
f 1007 1003 1009 1008
f 1311 1309 1315 1314
f 1007 1011 1010 1006
f 1311 1314 1316 1313
f 1007 1008 1012 1011
f 1316 1222 1220 1313
f 1012 1008 915 917
f 1316 1314 1230 1228
f 1012 923 925 1011
f 1316 1228 1224 1222
f 1012 917 919 923
f 1314 1315 1232 1230
f 1011 925 927 1010
f 1315 1309 1310 1237
f 1010 932 1005 1006
f 1315 1237 1234 1232
f 1010 927 929 932
f 1312 1218 1216 1317
f 1009 1013 911 913
f 1312 1317 1307 1308
f 1009 1003 1004 1013
f 1312 1313 1220 1218
f 1009 913 915 1008
f 1317 1216 1214 1318
f 1013 1014 909 911
f 1317 1318 1319 1307
f 1013 1004 1015 1014
f 1319 1318 1321 1320
f 1015 1017 1016 1014
f 1319 1320 1322 1302
f 1015 999 1018 1017
f 1319 1302 1303 1307
f 1015 1004 998 999
f 1322 1320 1324 1323
f 1018 1020 1019 1017
f 1322 1323 1325 1297
f 1018 994 1021 1020
f 1322 1297 1298 1302
f 1018 999 993 994
f 1325 1323 1327 1326
f 1021 1023 1022 1020
f 1325 1326 1328 1292
f 1021 989 1024 1023
f 1325 1292 1293 1297
f 1021 994 988 989
f 1328 1326 1330 1329
f 1024 1026 1025 1023
f 1328 1329 1331 1287
f 1024 984 1027 1026
f 1328 1287 1288 1292
f 1024 989 983 984
f 1331 1329 1333 1332
f 1027 1029 1028 1026
f 1331 1332 1334 1282
f 1027 979 1030 1029
f 1331 1282 1283 1287
f 1027 984 978 979
f 1334 1332 1336 1335
f 1030 1032 1031 1029
f 1334 1335 1337 1277
f 1030 974 1033 1032
f 1334 1277 1278 1282
f 1030 979 973 974
f 1337 1335 1193 1191
f 1033 886 888 1032
f 1337 1191 1189 1273
f 1033 970 884 886
f 1337 1273 1274 1277
f 1033 974 969 970
f 1335 1336 1195 1193
f 1032 888 890 1031
f 1336 1338 1197 1195
f 1031 890 892 1034
f 1336 1332 1333 1338
f 1031 1034 1028 1029
f 1338 1339 1199 1197
f 1034 892 894 1035
f 1338 1333 1340 1339
f 1034 1035 1036 1028
f 1340 1342 1341 1339
f 1036 1035 1038 1037
f 1340 1333 1329 1330
f 1036 1025 1026 1028
f 1340 1330 1343 1342
f 1036 1037 1039 1025
f 1343 1344 1058 1342
f 1039 1037 758 1040
f 1343 1330 1326 1327
f 1039 1022 1023 1025
f 1343 1327 1345 1344
f 1039 1040 1041 1022
f 1345 1347 1346 1344
f 1041 1040 1043 1042
f 1345 1327 1323 1324
f 1041 1019 1020 1022
f 1345 1324 1348 1347
f 1041 1042 1044 1019
f 1348 1210 1208 1347
f 1044 1042 903 905
f 1348 1324 1320 1321
f 1044 1016 1017 1019
f 1348 1321 1212 1210
f 1044 905 907 1016
f 1346 1206 1063 1057
f 1043 759 762 901
f 1346 1057 1058 1344
f 1043 1040 758 759
f 1346 1347 1208 1206
f 1043 901 903 1042
f 1341 1059 1061 1201
f 1038 896 761 757
f 1341 1201 1199 1339
f 1038 1035 894 896
f 1341 1342 1058 1059
f 1038 757 758 1037
f 1321 1318 1214 1212
f 1016 907 909 1014
f 1310 1304 1305 1240
f 1005 935 1000 1001
f 1310 1240 1236 1237
f 1005 932 933 935
f 1305 1299 1300 1243
f 1000 938 995 996
f 1305 1243 1239 1240
f 1000 935 936 938
f 1300 1294 1295 1246
f 995 941 990 991
f 1300 1246 1242 1243
f 995 938 939 941
f 1295 1289 1290 1349
f 990 1045 985 986
f 1295 1349 1245 1246
f 990 941 942 1045
f 1349 1290 1351 1350
f 1045 1047 1046 985
f 1349 1350 1248 1245
f 1045 942 943 1047
f 1350 1351 1353 1352
f 1047 1049 1048 1046
f 1350 1352 1250 1248
f 1047 943 945 1049
f 1352 1353 1355 1354
f 1049 1051 1050 1048
f 1352 1354 1252 1250
f 1049 945 947 1051
f 1354 1355 1357 1356
f 1051 1053 1052 1050
f 1354 1356 1254 1252
f 1051 947 949 1053
f 1356 1357 1265 1263
f 1053 958 960 1052
f 1356 1263 1256 1254
f 1053 949 951 958
f 1357 1355 1359 1358
f 1052 1055 1054 1050
f 1357 1358 1267 1265
f 1052 960 962 1055
f 1358 1359 1076 1071
f 1055 771 772 1054
f 1358 1071 1072 1267
f 1055 962 770 771
f 1359 1360 1280 1076
f 1054 772 975 1056
f 1359 1355 1353 1360
f 1054 1056 1048 1050
f 1360 1285 1279 1280
f 1056 975 976 980
f 1360 1353 1351 1285
f 1056 980 1046 1048
f 1351 1290 1284 1285
f 1046 980 981 985
f 1280 1275 1075 1076
f 975 772 773 971
f 1273 1189 1187 1271
f 970 967 882 884
f 1165 1158 1154 1155
f 860 850 851 853
f 1131 1128 1124 1125
f 826 820 821 823
g Group18849
f 1668 1665 1666 1667
f 1361 1365 1366 1367
f 1668 1667 1669 1670
f 1361 1368 1369 1365
f 1668 1670 1671 1665
f 1361 1367 1370 1368
f 1675 1672 1673 1674
f 1362 1371 1372 1373
f 1675 1676 1677 1672
f 1362 1373 1374 1375
f 1675 1674 1678 1676
f 1362 1375 1376 1371
f 1682 1679 1680 1681
f 1363 1377 1378 1379
f 1682 1683 1684 1679
f 1363 1379 1380 1381
f 1682 1681 1685 1683
f 1363 1381 1382 1377
f 1689 1686 1687 1688
f 1364 1383 1384 1385
f 1689 1688 1690 1691
f 1364 1386 1387 1383
f 1689 1691 1692 1686
f 1364 1385 1388 1386
f 1692 1691 1693 1694
f 1388 1389 1390 1386
f 1692 1695 1696 1686
f 1388 1385 1391 1392
f 1692 1694 1697 1695
f 1388 1392 1393 1389
f 1697 1694 1698 1699
f 1393 1394 1395 1389
f 1697 1700 1701 1695
f 1393 1392 1396 1397
f 1697 1699 1702 1700
f 1393 1397 1398 1394
f 1702 1699 1703 1704
f 1398 1399 1400 1394
f 1702 1705 1706 1700
f 1398 1397 1401 1402
f 1702 1704 1707 1705
f 1398 1402 1403 1399
f 1707 1704 1708 1709
f 1403 1404 1405 1399
f 1707 1710 1711 1705
f 1403 1402 1406 1407
f 1707 1709 1712 1710
f 1403 1407 1408 1404
f 1712 1709 1713 1714
f 1408 1409 1410 1404
f 1712 1715 1716 1710
f 1411 1716 1715 1412
f 1408 1407 1411 1412
f 1712 1714 1717 1715
f 1412 1715 1717 1413
f 1408 1412 1413 1409
f 1717 1714 1718 1719
f 1413 1717 1719 1414
f 1413 1414 1415 1409
f 1718 1720 1672 1677
f 1415 1374 1373 1416
f 1718 1714 1713 1720
f 1415 1416 1410 1409
f 1718 1677 1721 1719
f 1414 1719 1721 1417
f 1415 1414 1417 1374
f 1721 1677 1676 1722
f 1417 1721 1722 1418
f 1417 1418 1375 1374
f 1723 1722 1676 1678
f 1418 1722 1723 1419
f 1419 1376 1375 1418
f 1723 1678 1724 1725
f 1419 1723 1725 1420
f 1419 1420 1421 1376
f 1724 1726 1727 1725
f 1420 1725 1727 1422
f 1421 1420 1422 1423
f 1724 1728 1729 1726
f 1421 1423 1424 1425
f 1724 1678 1674 1728
f 1421 1425 1371 1376
f 1728 1730 1731 1729
f 1425 1424 1426 1427
f 1728 1674 1673 1730
f 1425 1427 1372 1371
f 1730 1732 1733 1731
f 1427 1426 1428 1429
f 1730 1673 1734 1732
f 1427 1429 1430 1372
f 1734 1735 1736 1732
f 1430 1429 1431 1432
f 1734 1720 1713 1735
f 1430 1432 1410 1416
f 1734 1673 1672 1720
f 1430 1416 1373 1372
f 1735 1708 1737 1736
f 1432 1431 1433 1405
f 1735 1713 1709 1708
f 1432 1405 1404 1410
f 1737 1738 1739 1736
f 1433 1431 1434 1435
f 1737 1703 1740 1738
f 1433 1435 1436 1400
f 1737 1708 1704 1703
f 1433 1400 1399 1405
f 1740 1741 1742 1738
f 1436 1435 1437 1438
f 1740 1698 1743 1741
f 1436 1438 1439 1395
f 1740 1703 1699 1698
f 1436 1395 1394 1400
f 1743 1744 1745 1741
f 1439 1438 1440 1441
f 1743 1693 1746 1744
f 1439 1441 1442 1390
f 1743 1698 1694 1693
f 1439 1390 1389 1395
f 1746 1747 1748 1744
f 1442 1441 1443 1444
f 1746 1690 1749 1747
f 1442 1444 1445 1387
f 1746 1693 1691 1690
f 1442 1387 1386 1390
f 1749 1750 1751 1747
f 1445 1444 1446 1447
f 1749 1752 1753 1750
f 1445 1447 1448 1449
f 1749 1690 1688 1752
f 1445 1449 1383 1387
f 1752 1754 1755 1753
f 1449 1448 1450 1451
f 1752 1688 1687 1754
f 1449 1451 1384 1383
f 1754 1756 1757 1755
f 1451 1450 1452 1453
f 1754 1687 1758 1756
f 1451 1453 1454 1384
f 1758 1687 1686 1696
f 1454 1391 1385 1384
f 1758 1759 1760 1756
f 1454 1453 1455 1456
f 1758 1696 1761 1759
f 1454 1456 1457 1391
f 1761 1696 1695 1701
f 1457 1396 1392 1391
f 1761 1762 1763 1759
f 1457 1456 1458 1459
f 1761 1701 1764 1762
f 1457 1459 1460 1396
f 1764 1701 1700 1706
f 1460 1401 1397 1396
f 1764 1765 1766 1762
f 1460 1459 1461 1462
f 1764 1706 1767 1765
f 1460 1462 1463 1401
f 1767 1706 1705 1711
f 1463 1406 1402 1401
f 1767 1768 1769 1765
f 1464 1769 1768 1465
f 1463 1462 1464 1465
f 1767 1711 1770 1768
f 1465 1768 1770 1466
f 1463 1465 1466 1406
f 1770 1711 1710 1716
f 1466 1770 1716 1411
f 1466 1411 1407 1406
f 1769 1771 1766 1765
f 1467 1771 1769 1464
f 1464 1462 1461 1467
f 1771 1772 1773 1766
f 1469 1772 1771 1467
f 1467 1461 1468 1469
f 1772 1774 1775 1773
f 1471 1774 1772 1469
f 1469 1468 1470 1471
f 1774 1776 1777 1775
f 1473 1776 1774 1471
f 1471 1470 1472 1473
f 1776 1778 1779 1777
f 1475 1778 1776 1473
f 1473 1472 1474 1475
f 1778 1780 1781 1779
f 1477 1780 1778 1475
f 1475 1474 1476 1477
f 1780 1782 1783 1781
f 1479 1782 1780 1477
f 1477 1476 1478 1479
f 1782 1784 1785 1783
f 1481 1784 1782 1479
f 1479 1478 1480 1481
f 1784 1786 1787 1785
f 1483 1786 1784 1481
f 1481 1480 1482 1483
f 1786 1788 1789 1787
f 1485 1788 1786 1483
f 1483 1482 1484 1485
f 1788 1790 1791 1789
f 1487 1790 1788 1485
f 1485 1484 1486 1487
f 1790 1792 1793 1791
f 1489 1792 1790 1487
f 1487 1486 1488 1489
f 1792 1794 1795 1793
f 1491 1794 1792 1489
f 1489 1488 1490 1491
f 1794 1796 1797 1795
f 1493 1796 1794 1491
f 1491 1490 1492 1493
f 1796 1798 1799 1797
f 1495 1798 1796 1493
f 1493 1492 1494 1495
f 1798 1800 1801 1799
f 1497 1800 1798 1495
f 1495 1494 1496 1497
f 1800 1802 1803 1801
f 1499 1802 1800 1497
f 1497 1496 1498 1499
f 1802 1804 1805 1803
f 1501 1804 1802 1499
f 1499 1498 1500 1501
f 1804 1806 1807 1805
f 1503 1806 1804 1501
f 1501 1500 1502 1503
f 1806 1808 1809 1807
f 1505 1808 1806 1503
f 1503 1502 1504 1505
f 1808 1810 1669 1809
f 1506 1810 1808 1505
f 1505 1504 1369 1506
f 1810 1811 1670 1669
f 1507 1811 1810 1506
f 1506 1369 1368 1507
f 1811 1812 1671 1670
f 1508 1812 1811 1507
f 1507 1368 1370 1508
f 1812 1813 1814 1671
f 1510 1813 1812 1508
f 1508 1370 1509 1510
f 1813 1815 1816 1814
f 1512 1815 1813 1510
f 1510 1509 1511 1512
f 1815 1817 1818 1816
f 1514 1817 1815 1512
f 1512 1511 1513 1514
f 1817 1819 1820 1818
f 1516 1819 1817 1514
f 1514 1513 1515 1516
f 1819 1821 1822 1820
f 1518 1821 1819 1516
f 1516 1515 1517 1518
f 1821 1823 1824 1822
f 1520 1823 1821 1518
f 1518 1517 1519 1520
f 1823 1825 1826 1824
f 1522 1825 1823 1520
f 1520 1519 1521 1522
f 1825 1827 1828 1826
f 1524 1827 1825 1522
f 1522 1521 1523 1524
f 1827 1829 1830 1828
f 1526 1829 1827 1524
f 1524 1523 1525 1526
f 1829 1831 1832 1830
f 1528 1831 1829 1526
f 1526 1525 1527 1528
f 1831 1833 1834 1832
f 1530 1833 1831 1528
f 1528 1527 1529 1530
f 1833 1727 1726 1834
f 1422 1727 1833 1530
f 1530 1529 1423 1422
f 1834 1835 1836 1832
f 1529 1527 1531 1532
f 1834 1726 1729 1835
f 1529 1532 1424 1423
f 1835 1837 1838 1836
f 1532 1531 1533 1534
f 1835 1729 1731 1837
f 1532 1534 1426 1424
f 1837 1839 1840 1838
f 1534 1533 1535 1536
f 1837 1731 1733 1839
f 1534 1536 1428 1426
f 1839 1841 1842 1840
f 1536 1535 1537 1538
f 1839 1733 1739 1841
f 1536 1538 1434 1428
f 1841 1742 1843 1842
f 1538 1537 1539 1437
f 1841 1739 1738 1742
f 1538 1437 1435 1434
f 1843 1844 1845 1842
f 1539 1537 1540 1541
f 1843 1745 1846 1844
f 1539 1541 1542 1440
f 1843 1742 1741 1745
f 1539 1440 1438 1437
f 1846 1847 1848 1844
f 1542 1541 1543 1544
f 1846 1748 1849 1847
f 1542 1544 1545 1443
f 1846 1745 1744 1748
f 1542 1443 1441 1440
f 1849 1850 1851 1847
f 1545 1544 1546 1547
f 1849 1751 1852 1850
f 1545 1547 1548 1446
f 1849 1748 1747 1751
f 1545 1446 1444 1443
f 1852 1853 1854 1850
f 1548 1547 1549 1550
f 1852 1855 1856 1853
f 1548 1550 1551 1552
f 1852 1751 1750 1855
f 1548 1552 1447 1446
f 1855 1857 1858 1856
f 1552 1551 1553 1554
f 1855 1750 1753 1857
f 1552 1554 1448 1447
f 1857 1859 1860 1858
f 1554 1553 1555 1556
f 1857 1753 1755 1859
f 1554 1556 1450 1448
f 1859 1861 1862 1860
f 1556 1555 1557 1558
f 1859 1755 1757 1861
f 1556 1558 1452 1450
f 1861 1863 1864 1862
f 1558 1557 1559 1560
f 1861 1757 1865 1863
f 1558 1560 1561 1452
f 1865 1866 1867 1863
f 1561 1560 1562 1563
f 1865 1760 1868 1866
f 1561 1563 1564 1455
f 1865 1757 1756 1760
f 1561 1455 1453 1452
f 1868 1760 1759 1763
f 1564 1458 1456 1455
f 1868 1775 1777 1866
f 1564 1563 1472 1470
f 1868 1763 1773 1775
f 1564 1470 1468 1458
f 1866 1777 1779 1867
f 1563 1562 1474 1472
f 1867 1869 1864 1863
f 1562 1560 1559 1565
f 1867 1779 1781 1869
f 1562 1565 1476 1474
f 1869 1870 1871 1864
f 1565 1559 1566 1567
f 1869 1781 1783 1870
f 1565 1567 1478 1476
f 1870 1872 1873 1871
f 1567 1566 1568 1569
f 1870 1783 1785 1872
f 1567 1569 1480 1478
f 1872 1874 1875 1873
f 1569 1568 1570 1571
f 1872 1785 1787 1874
f 1569 1571 1482 1480
f 1874 1876 1680 1875
f 1571 1570 1378 1572
f 1874 1787 1789 1876
f 1571 1572 1484 1482
f 1876 1789 1791 1877
f 1572 1573 1486 1484
f 1876 1877 1681 1680
f 1572 1378 1377 1573
f 1877 1791 1793 1878
f 1573 1574 1488 1486
f 1877 1878 1685 1681
f 1573 1377 1382 1574
f 1878 1793 1795 1879
f 1574 1575 1490 1488
f 1878 1879 1880 1685
f 1574 1382 1576 1575
f 1880 1879 1881 1882
f 1576 1577 1578 1575
f 1880 1883 1683 1685
f 1576 1382 1381 1579
f 1880 1882 1884 1883
f 1576 1579 1580 1577
f 1884 1882 1885 1886
f 1580 1581 1582 1577
f 1884 1887 1888 1883
f 1580 1579 1583 1584
f 1884 1886 1889 1887
f 1580 1584 1585 1581
f 1889 1886 1890 1891
f 1585 1586 1587 1581
f 1889 1892 1893 1887
f 1585 1584 1588 1589
f 1889 1891 1894 1892
f 1585 1589 1590 1586
f 1894 1891 1895 1896
f 1590 1591 1592 1586
f 1894 1897 1898 1892
f 1590 1589 1593 1594
f 1894 1896 1899 1897
f 1590 1594 1595 1591
f 1899 1896 1900 1901
f 1595 1596 1597 1591
f 1899 1902 1903 1897
f 1595 1594 1598 1599
f 1899 1901 1904 1902
f 1595 1599 1600 1596
f 1904 1901 1905 1906
f 1600 1601 1602 1596
f 1904 1907 1908 1902
f 1600 1599 1603 1604
f 1904 1906 1909 1907
f 1600 1604 1605 1601
f 1909 1906 1910 1911
f 1605 1606 1607 1601
f 1909 1912 1913 1907
f 1605 1604 1608 1609
f 1909 1911 1914 1912
f 1605 1609 1610 1606
f 1914 1911 1915 1916
f 1610 1611 1612 1606
f 1914 1917 1918 1912
f 1610 1609 1613 1614
f 1914 1916 1919 1917
f 1610 1614 1615 1611
f 1919 1916 1920 1921
f 1615 1616 1617 1611
f 1919 1922 1923 1917
f 1615 1614 1618 1619
f 1919 1921 1924 1922
f 1615 1619 1620 1616
f 1924 1921 1828 1830
f 1620 1525 1523 1616
f 1924 1836 1838 1922
f 1620 1619 1533 1531
f 1924 1830 1832 1836
f 1620 1531 1527 1525
f 1922 1838 1840 1923
f 1619 1618 1535 1533
f 1923 1845 1918 1917
f 1618 1614 1613 1540
f 1923 1840 1842 1845
f 1618 1540 1537 1535
f 1920 1925 1824 1826
f 1617 1521 1519 1621
f 1920 1916 1915 1925
f 1617 1621 1612 1611
f 1920 1826 1828 1921
f 1617 1616 1523 1521
f 1925 1926 1822 1824
f 1621 1519 1517 1622
f 1925 1915 1927 1926
f 1621 1622 1623 1612
f 1927 1928 1929 1926
f 1623 1622 1624 1625
f 1927 1910 1930 1928
f 1623 1625 1626 1607
f 1927 1915 1911 1910
f 1623 1607 1606 1612
f 1930 1931 1932 1928
f 1626 1625 1627 1628
f 1930 1905 1933 1931
f 1626 1628 1629 1602
f 1930 1910 1906 1905
f 1626 1602 1601 1607
f 1933 1934 1935 1931
f 1629 1628 1630 1631
f 1933 1900 1936 1934
f 1629 1631 1632 1597
f 1933 1905 1901 1900
f 1629 1597 1596 1602
f 1936 1937 1938 1934
f 1632 1631 1633 1634
f 1936 1895 1939 1937
f 1632 1634 1635 1592
f 1936 1900 1896 1895
f 1632 1592 1591 1597
f 1939 1940 1941 1937
f 1635 1634 1636 1637
f 1939 1890 1942 1940
f 1635 1637 1638 1587
f 1939 1895 1891 1890
f 1635 1587 1586 1592
f 1942 1943 1944 1940
f 1638 1637 1639 1640
f 1942 1885 1945 1943
f 1638 1640 1641 1582
f 1942 1890 1886 1885
f 1638 1582 1581 1587
f 1945 1799 1801 1943
f 1641 1640 1496 1494
f 1945 1881 1797 1799
f 1641 1494 1492 1578
f 1945 1885 1882 1881
f 1641 1578 1577 1582
f 1943 1801 1803 1944
f 1640 1639 1498 1496
f 1944 1803 1805 1946
f 1639 1642 1500 1498
f 1944 1946 1941 1940
f 1639 1637 1636 1642
f 1946 1805 1807 1947
f 1642 1643 1502 1500
f 1946 1947 1948 1941
f 1642 1636 1644 1643
f 1948 1947 1949 1950
f 1644 1645 1646 1643
f 1948 1938 1937 1941
f 1644 1636 1634 1633
f 1948 1950 1951 1938
f 1644 1633 1647 1645
f 1951 1950 1666 1952
f 1647 1648 1366 1645
f 1951 1935 1934 1938
f 1647 1633 1631 1630
f 1951 1952 1953 1935
f 1647 1630 1649 1648
f 1953 1952 1954 1955
f 1649 1650 1651 1648
f 1953 1932 1931 1935
f 1649 1630 1628 1627
f 1953 1955 1956 1932
f 1649 1627 1652 1650
f 1956 1955 1816 1818
f 1652 1513 1511 1650
f 1956 1929 1928 1932
f 1652 1627 1625 1624
f 1956 1818 1820 1929
f 1652 1624 1515 1513
f 1954 1665 1671 1814
f 1651 1509 1370 1367
f 1954 1952 1666 1665
f 1651 1367 1366 1648
f 1954 1814 1816 1955
f 1651 1650 1511 1509
f 1949 1809 1669 1667
f 1646 1365 1369 1504
f 1949 1947 1807 1809
f 1646 1504 1502 1643
f 1949 1667 1666 1950
f 1646 1645 1366 1365
f 1929 1820 1822 1926
f 1624 1622 1517 1515
f 1918 1848 1913 1912
f 1613 1609 1608 1543
f 1918 1845 1844 1848
f 1613 1543 1541 1540
f 1913 1851 1908 1907
f 1608 1604 1603 1546
f 1913 1848 1847 1851
f 1608 1546 1544 1543
f 1908 1854 1903 1902
f 1603 1599 1598 1549
f 1908 1851 1850 1854
f 1603 1549 1547 1546
f 1903 1957 1898 1897
f 1598 1594 1593 1653
f 1903 1854 1853 1957
f 1598 1653 1550 1549
f 1957 1958 1959 1898
f 1653 1593 1654 1655
f 1957 1853 1856 1958
f 1653 1655 1551 1550
f 1958 1960 1961 1959
f 1655 1654 1656 1657
f 1958 1856 1858 1960
f 1655 1657 1553 1551
f 1960 1962 1963 1961
f 1657 1656 1658 1659
f 1960 1858 1860 1962
f 1657 1659 1555 1553
f 1962 1964 1965 1963
f 1659 1658 1660 1661
f 1962 1860 1862 1964
f 1659 1661 1557 1555
f 1964 1871 1873 1965
f 1661 1660 1568 1566
f 1964 1862 1864 1871
f 1661 1566 1559 1557
f 1965 1966 1967 1963
f 1660 1658 1662 1663
f 1965 1873 1875 1966
f 1660 1663 1570 1568
f 1966 1679 1684 1967
f 1663 1662 1380 1379
f 1966 1875 1680 1679
f 1663 1379 1378 1570
f 1967 1684 1888 1968
f 1662 1664 1583 1380
f 1967 1968 1961 1963
f 1662 1658 1656 1664
f 1968 1888 1887 1893
f 1664 1588 1584 1583
f 1968 1893 1959 1961
f 1664 1656 1654 1588
f 1959 1893 1892 1898
f 1654 1593 1589 1588
f 1888 1684 1683 1883
f 1583 1579 1381 1380
f 1881 1879 1795 1797
f 1578 1492 1490 1575
f 1773 1763 1762 1766
f 1468 1461 1459 1458
f 1739 1733 1732 1736
f 1434 1431 1429 1428
g Group51463
f 2020 2017 2018 2019
f 1985 2020 2019 1986
f 1985 1986 2001 2002
f 2019 2018 2021 2022
f 1986 2019 2022 1987
f 1986 1987 2003 2001
f 2022 2021 2023 2024
f 1987 2022 2024 1988
f 1987 1988 2004 2003
f 2024 2023 2025 2026
f 1988 2024 2026 1989
f 1988 1989 2005 2004
f 2026 2025 2027 2028
f 1989 2026 2028 1990
f 1989 1990 2006 2005
f 2028 2027 2029 2030
f 1990 2028 2030 1991
f 1990 1991 2007 2006
f 2030 2029 2031 2032
f 1991 2030 2032 1992
f 1991 1992 2008 2007
f 2032 2031 2033 2034
f 1992 2032 2034 1993
f 1992 1993 2009 2008
f 2034 2033 2035 2036
f 1993 2034 2036 1994
f 1993 1994 2010 2009
f 2036 2035 2037 2038
f 1994 2036 2038 1995
f 1994 1995 2011 2010
f 2038 2037 2039 2040
f 1995 2038 2040 1996
f 1995 1996 2012 2011
f 2040 2039 2041 2042
f 1996 2040 2042 1997
f 1996 1997 2013 2012
f 2042 2041 2043 2044
f 1997 2042 2044 1998
f 1997 1998 2014 2013
f 2044 2043 2045 2046
f 1998 2044 2046 1999
f 1998 1999 2015 2014
f 2046 2045 2047 2048
f 1999 2046 2048 2000
f 1999 2000 2016 2015
f 2048 2047 2017 2020
f 2000 2048 2020 1985
f 2000 1985 2002 2016
f 2017 2049 2050 2018
f 1970 2050 2049 1969
f 2002 2001 1970 1969
f 2018 2050 2051 2021
f 1971 2051 2050 1970
f 2001 2003 1971 1970
f 2021 2051 2052 2023
f 1972 2052 2051 1971
f 2003 2004 1972 1971
f 2023 2052 2053 2025
f 1973 2053 2052 1972
f 2004 2005 1973 1972
f 2025 2053 2054 2027
f 1974 2054 2053 1973
f 2005 2006 1974 1973
f 2027 2054 2055 2029
f 1975 2055 2054 1974
f 2006 2007 1975 1974
f 2029 2055 2056 2031
f 2007 2008 1976 1975
f 2031 2056 2057 2033
f 2008 2009 1977 1976
f 2033 2057 2058 2035
f 2009 2010 1978 1977
f 2035 2058 2059 2037
f 2010 2011 1979 1978
f 2037 2059 2060 2039
f 1980 2060 2059 1979
f 2011 2012 1980 1979
f 2039 2060 2061 2041
f 1981 2061 2060 1980
f 2012 2013 1981 1980
f 2041 2061 2062 2043
f 1982 2062 2061 1981
f 2013 2014 1982 1981
f 2043 2062 2063 2045
f 1983 2063 2062 1982
f 2014 2015 1983 1982
f 2045 2063 2064 2047
f 1984 2064 2063 1983
f 2015 2016 1984 1983
f 2047 2064 2049 2017
f 1969 2049 2064 1984
f 2016 2002 1969 1984
f 2116 2113 2114 2115
f 2081 2116 2115 2082
f 2081 2082 2097 2098
f 2115 2114 2117 2118
f 2082 2115 2118 2083
f 2082 2083 2099 2097
f 2118 2117 2119 2120
f 2083 2118 2120 2084
f 2083 2084 2100 2099
f 2120 2119 2121 2122
f 2084 2120 2122 2085
f 2084 2085 2101 2100
f 2122 2121 2123 2124
f 2085 2122 2124 2086
f 2085 2086 2102 2101
f 2124 2123 2125 2126
f 2086 2124 2126 2087
f 2086 2087 2103 2102
f 2126 2125 2127 2128
f 2087 2126 2128 2088
f 2087 2088 2104 2103
f 2128 2127 2129 2130
f 2088 2128 2130 2089
f 2088 2089 2105 2104
f 2130 2129 2131 2132
f 2089 2130 2132 2090
f 2089 2090 2106 2105
f 2132 2131 2133 2134
f 2090 2132 2134 2091
f 2090 2091 2107 2106
f 2134 2133 2135 2136
f 2091 2134 2136 2092
f 2091 2092 2108 2107
f 2136 2135 2137 2138
f 2092 2136 2138 2093
f 2092 2093 2109 2108
f 2138 2137 2139 2140
f 2093 2138 2140 2094
f 2093 2094 2110 2109
f 2140 2139 2141 2142
f 2094 2140 2142 2095
f 2094 2095 2111 2110
f 2142 2141 2143 2144
f 2095 2142 2144 2096
f 2095 2096 2112 2111
f 2144 2143 2113 2116
f 2096 2144 2116 2081
f 2096 2081 2098 2112
f 2113 2145 2146 2114
f 2066 2146 2145 2065
f 2098 2097 2066 2065
f 2114 2146 2147 2117
f 2067 2147 2146 2066
f 2097 2099 2067 2066
f 2117 2147 2148 2119
f 2068 2148 2147 2067
f 2099 2100 2068 2067
f 2119 2148 2149 2121
f 2069 2149 2148 2068
f 2100 2101 2069 2068
f 2121 2149 2150 2123
f 2070 2150 2149 2069
f 2101 2102 2070 2069
f 2123 2150 2151 2125
f 2071 2151 2150 2070
f 2102 2103 2071 2070
f 2125 2151 2152 2127
f 2103 2104 2072 2071
f 2127 2152 2153 2129
f 2104 2105 2073 2072
f 2129 2153 2154 2131
f 2105 2106 2074 2073
f 2131 2154 2155 2133
f 2106 2107 2075 2074
f 2133 2155 2156 2135
f 2076 2156 2155 2075
f 2107 2108 2076 2075
f 2135 2156 2157 2137
f 2077 2157 2156 2076
f 2108 2109 2077 2076
f 2137 2157 2158 2139
f 2078 2158 2157 2077
f 2109 2110 2078 2077
f 2139 2158 2159 2141
f 2079 2159 2158 2078
f 2110 2111 2079 2078
f 2141 2159 2160 2143
f 2080 2160 2159 2079
f 2111 2112 2080 2079
f 2143 2160 2145 2113
f 2065 2145 2160 2080
f 2112 2098 2065 2080
f 2212 2209 2210 2211
f 2177 2212 2211 2178
f 2177 2178 2193 2194
f 2211 2210 2213 2214
f 2178 2211 2214 2179
f 2178 2179 2195 2193
f 2214 2213 2215 2216
f 2179 2214 2216 2180
f 2179 2180 2196 2195
f 2216 2215 2217 2218
f 2180 2216 2218 2181
f 2180 2181 2197 2196
f 2218 2217 2219 2220
f 2181 2218 2220 2182
f 2181 2182 2198 2197
f 2220 2219 2221 2222
f 2182 2220 2222 2183
f 2182 2183 2199 2198
f 2222 2221 2223 2224
f 2183 2222 2224 2184
f 2183 2184 2200 2199
f 2224 2223 2225 2226
f 2184 2224 2226 2185
f 2184 2185 2201 2200
f 2226 2225 2227 2228
f 2185 2226 2228 2186
f 2185 2186 2202 2201
f 2228 2227 2229 2230
f 2186 2228 2230 2187
f 2186 2187 2203 2202
f 2230 2229 2231 2232
f 2187 2230 2232 2188
f 2187 2188 2204 2203
f 2232 2231 2233 2234
f 2188 2232 2234 2189
f 2188 2189 2205 2204
f 2234 2233 2235 2236
f 2189 2234 2236 2190
f 2189 2190 2206 2205
f 2236 2235 2237 2238
f 2190 2236 2238 2191
f 2190 2191 2207 2206
f 2238 2237 2239 2240
f 2191 2238 2240 2192
f 2191 2192 2208 2207
f 2240 2239 2209 2212
f 2192 2240 2212 2177
f 2192 2177 2194 2208
f 2209 2241 2242 2210
f 2162 2242 2241 2161
f 2194 2193 2162 2161
f 2210 2242 2243 2213
f 2163 2243 2242 2162
f 2193 2195 2163 2162
f 2213 2243 2244 2215
f 2164 2244 2243 2163
f 2195 2196 2164 2163
f 2215 2244 2245 2217
f 2165 2245 2244 2164
f 2196 2197 2165 2164
f 2217 2245 2246 2219
f 2166 2246 2245 2165
f 2197 2198 2166 2165
f 2219 2246 2247 2221
f 2167 2247 2246 2166
f 2198 2199 2167 2166
f 2221 2247 2248 2223
f 2199 2200 2168 2167
f 2223 2248 2249 2225
f 2200 2201 2169 2168
f 2225 2249 2250 2227
f 2201 2202 2170 2169
f 2227 2250 2251 2229
f 2202 2203 2171 2170
f 2229 2251 2252 2231
f 2172 2252 2251 2171
f 2203 2204 2172 2171
f 2231 2252 2253 2233
f 2173 2253 2252 2172
f 2204 2205 2173 2172
f 2233 2253 2254 2235
f 2174 2254 2253 2173
f 2205 2206 2174 2173
f 2235 2254 2255 2237
f 2175 2255 2254 2174
f 2206 2207 2175 2174
f 2237 2255 2256 2239
f 2176 2256 2255 2175
f 2207 2208 2176 2175
f 2239 2256 2241 2209
f 2161 2241 2256 2176
f 2208 2194 2161 2176
f 2260 2257 2258 2259
f 2055 2258 2257 2056
f 1975 2259 2258 2055
f 1976 2260 2259 1975
f 2262 2261 2257 2260
f 2056 2257 2261 2057
f 1977 2262 2260 1976
f 2264 2263 2261 2262
f 2057 2261 2263 2058
f 1978 2264 2262 1977
f 2266 2265 2263 2264
f 2059 2265 2266 1979
f 2058 2263 2265 2059
f 1979 2266 2264 1978
f 2270 2267 2268 2269
f 2151 2268 2267 2152
f 2071 2269 2268 2151
f 2072 2270 2269 2071
f 2272 2271 2267 2270
f 2152 2267 2271 2153
f 2073 2272 2270 2072
f 2274 2273 2271 2272
f 2153 2271 2273 2154
f 2074 2274 2272 2073
f 2276 2275 2273 2274
f 2155 2275 2276 2075
f 2154 2273 2275 2155
f 2075 2276 2274 2074
f 2280 2277 2278 2279
f 2247 2278 2277 2248
f 2167 2279 2278 2247
f 2168 2280 2279 2167
f 2282 2281 2277 2280
f 2248 2277 2281 2249
f 2169 2282 2280 2168
f 2284 2283 2281 2282
f 2249 2281 2283 2250
f 2170 2284 2282 2169
f 2286 2285 2283 2284
f 2251 2285 2286 2171
f 2250 2283 2285 2251
f 2171 2286 2284 2170
g Group2098
f 2329 2330 2328
f 2287 2329 2328 2290
f 2306 2311 2312 2307
f 2291 2287 2290
f 2357 2358 2363 2362
f 2352 2353 2358 2357
f 2311 2316 2317 2312
f 2353 2354 2359 2358
f 2310 2315 2316 2311
f 2310 2351 2356 2315
f 2329 2331 2332 2330
f 2288 2331 2329 2287
f 2287 2291 2292 2288
f 2331 2333 2334 2332
f 2289 2333 2331 2288
f 2288 2292 2293 2289
f 2351 2352 2357 2356
f 2315 2320 2321 2316
f 2315 2356 2361 2320
f 2335 2334 2333
f 2294 2335 2333 2289
f 2293 2294 2289
f 2374 2326 2327 2371
f 2323 2371 2369 2324
f 2347 2348 2353 2352
f 2327 2368 2370 2369
f 2328 2330 2337 2336
f 2290 2328 2336 2295
f 2290 2295 2296 2291
f 2356 2357 2362 2361
f 2362 2363 2373 2372
f 2321 2375 2374 2322
f 2314 2355 2350 2309
f 2330 2332 2338 2337
f 2291 2296 2297 2292
f 2332 2334 2339 2338
f 2292 2297 2298 2293
f 2319 2360 2355 2314
f 2320 2376 2375 2321
f 2334 2335 2340 2339
f 2293 2298 2299 2294
f 2364 2365 2370 2377
f 2299 2340 2335 2294
f 2320 2361 2378 2376
f 2336 2337 2342 2341
f 2295 2336 2341 2300
f 2295 2300 2301 2296
f 2325 2366 2367 2326
f 2313 2318 2319 2314
f 2363 2364 2377 2373
f 2308 2313 2314 2309
f 2337 2338 2343 2342
f 2296 2301 2302 2297
f 2338 2339 2344 2343
f 2297 2302 2303 2298
f 2376 2378 2366 2325
f 2361 2362 2372 2378
f 2339 2340 2345 2344
f 2298 2303 2304 2299
f 2349 2350 2355 2354
f 2304 2345 2340 2299
f 2324 2365 2360 2319
f 2341 2342 2347 2346
f 2300 2341 2346 2305
f 2300 2305 2306 2301
f 2354 2355 2360 2359
f 2316 2321 2322 2317
f 2317 2322 2323 2318
f 2359 2360 2365 2364
f 2342 2343 2348 2347
f 2301 2306 2307 2302
f 2343 2344 2349 2348
f 2302 2307 2308 2303
f 2307 2312 2313 2308
f 2318 2323 2324 2319
f 2344 2345 2350 2349
f 2303 2308 2309 2304
f 2322 2374 2371 2323
f 2309 2350 2345 2304
f 2326 2367 2368 2327
f 2346 2347 2352 2351
f 2305 2346 2351 2310
f 2305 2310 2311 2306
f 2358 2359 2364 2363
f 2312 2317 2318 2313
f 2348 2349 2354 2353
f 2369 2370 2365 2324
f 2327 2369 2371
f 2372 2373 2367 2366
f 2375 2325 2326 2374
f 2325 2375 2376
f 2370 2368 2377
f 2372 2366 2378
f 2373 2377 2368 2367
g Group17326
f 2381 2380 2379
f 2382 2381 2379
f 2383 2382 2379
f 2384 2383 2379
f 2385 2384 2379
f 2386 2385 2379
f 2387 2386 2379
f 2388 2387 2379
f 2389 2388 2379
f 2390 2389 2379
f 2391 2390 2379
f 2392 2391 2379
f 2393 2392 2379
f 2394 2393 2379
f 2395 2394 2379
f 2396 2395 2379
f 2397 2396 2379
f 2398 2397 2379
f 2399 2398 2379
f 2400 2399 2379
f 2401 2400 2379
f 2402 2401 2379
f 2403 2402 2379
f 2404 2403 2379
f 2405 2404 2379
f 2406 2405 2379
f 2407 2406 2379
f 2408 2407 2379
f 2409 2408 2379
f 2410 2409 2379
f 2411 2410 2379
f 2380 2411 2379
f 2380 2381 2413 2412
f 2381 2382 2414 2413
f 2382 2383 2415 2414
f 2383 2384 2416 2415
f 2384 2385 2417 2416
f 2385 2386 2418 2417
f 2386 2387 2419 2418
f 2387 2388 2420 2419
f 2388 2389 2421 2420
f 2389 2390 2422 2421
f 2390 2391 2423 2422
f 2391 2392 2424 2423
f 2392 2393 2425 2424
f 2393 2394 2426 2425
f 2394 2395 2427 2426
f 2395 2396 2428 2427
f 2396 2397 2429 2428
f 2397 2398 2430 2429
f 2398 2399 2431 2430
f 2399 2400 2432 2431
f 2400 2401 2433 2432
f 2401 2402 2434 2433
f 2402 2403 2435 2434
f 2403 2404 2436 2435
f 2404 2405 2437 2436
f 2405 2406 2438 2437
f 2406 2407 2439 2438
f 2407 2408 2440 2439
f 2408 2409 2441 2440
f 2409 2410 2442 2441
f 2410 2411 2443 2442
f 2411 2380 2412 2443
f 2412 2413 2445 2444
f 2413 2414 2446 2445
f 2414 2415 2447 2446
f 2415 2416 2448 2447
f 2416 2417 2449 2448
f 2417 2418 2450 2449
f 2418 2419 2451 2450
f 2419 2420 2452 2451
f 2420 2421 2453 2452
f 2421 2422 2454 2453
f 2422 2423 2455 2454
f 2423 2424 2456 2455
f 2424 2425 2457 2456
f 2425 2426 2458 2457
f 2426 2427 2459 2458
f 2427 2428 2460 2459
f 2428 2429 2461 2460
f 2429 2430 2462 2461
f 2430 2431 2463 2462
f 2431 2432 2464 2463
f 2432 2433 2465 2464
f 2433 2434 2466 2465
f 2434 2435 2467 2466
f 2435 2436 2468 2467
f 2436 2437 2469 2468
f 2437 2438 2470 2469
f 2438 2439 2471 2470
f 2439 2440 2472 2471
f 2440 2441 2473 2472
f 2441 2442 2474 2473
f 2442 2443 2475 2474
f 2443 2412 2444 2475
f 2444 2445 2477 2476
f 2445 2446 2478 2477
f 2446 2447 2479 2478
f 2447 2448 2480 2479
f 2448 2449 2481 2480
f 2449 2450 2482 2481
f 2450 2451 2483 2482
f 2451 2452 2484 2483
f 2452 2453 2485 2484
f 2453 2454 2486 2485
f 2454 2455 2487 2486
f 2455 2456 2488 2487
f 2456 2457 2489 2488
f 2457 2458 2490 2489
f 2458 2459 2491 2490
f 2459 2460 2492 2491
f 2460 2461 2493 2492
f 2461 2462 2494 2493
f 2462 2463 2495 2494
f 2463 2464 2496 2495
f 2464 2465 2497 2496
f 2465 2466 2498 2497
f 2466 2467 2499 2498
f 2467 2468 2500 2499
f 2468 2469 2501 2500
f 2469 2470 2502 2501
f 2470 2471 2503 2502
f 2471 2472 2504 2503
f 2472 2473 2505 2504
f 2473 2474 2506 2505
f 2474 2475 2507 2506
f 2475 2444 2476 2507
f 2476 2477 2509 2508
f 2477 2478 2510 2509
f 2478 2479 2511 2510
f 2479 2480 2512 2511
f 2480 2481 2513 2512
f 2481 2482 2514 2513
f 2482 2483 2515 2514
f 2483 2484 2516 2515
f 2484 2485 2517 2516
f 2485 2486 2518 2517
f 2486 2487 2519 2518
f 2487 2488 2520 2519
f 2488 2489 2521 2520
f 2489 2490 2522 2521
f 2490 2491 2523 2522
f 2491 2492 2524 2523
f 2492 2493 2525 2524
f 2493 2494 2526 2525
f 2494 2495 2527 2526
f 2495 2496 2528 2527
f 2496 2497 2529 2528
f 2497 2498 2530 2529
f 2498 2499 2531 2530
f 2499 2500 2532 2531
f 2500 2501 2533 2532
f 2501 2502 2534 2533
f 2502 2503 2535 2534
f 2503 2504 2536 2535
f 2504 2505 2537 2536
f 2505 2506 2538 2537
f 2506 2507 2539 2538
f 2507 2476 2508 2539
f 2508 2509 2541 2540
f 2509 2510 2542 2541
f 2510 2511 2543 2542
f 2511 2512 2544 2543
f 2512 2513 2545 2544
f 2513 2514 2546 2545
f 2514 2515 2547 2546
f 2515 2516 2548 2547
f 2516 2517 2549 2548
f 2517 2518 2550 2549
f 2518 2519 2551 2550
f 2519 2520 2552 2551
f 2520 2521 2553 2552
f 2521 2522 2554 2553
f 2522 2523 2555 2554
f 2523 2524 2556 2555
f 2524 2525 2557 2556
f 2525 2526 2558 2557
f 2526 2527 2559 2558
f 2527 2528 2560 2559
f 2528 2529 2561 2560
f 2529 2530 2562 2561
f 2530 2531 2563 2562
f 2531 2532 2564 2563
f 2532 2533 2565 2564
f 2533 2534 2566 2565
f 2534 2535 2567 2566
f 2535 2536 2568 2567
f 2536 2537 2569 2568
f 2537 2538 2570 2569
f 2538 2539 2571 2570
f 2539 2508 2540 2571
f 2540 2541 2573 2572
f 2541 2542 2574 2573
f 2542 2543 2575 2574
f 2543 2544 2576 2575
f 2544 2545 2577 2576
f 2545 2546 2578 2577
f 2546 2547 2579 2578
f 2547 2548 2580 2579
f 2548 2549 2581 2580
f 2549 2550 2582 2581
f 2550 2551 2583 2582
f 2551 2552 2584 2583
f 2552 2553 2585 2584
f 2553 2554 2586 2585
f 2554 2555 2587 2586
f 2555 2556 2588 2587
f 2556 2557 2589 2588
f 2557 2558 2590 2589
f 2558 2559 2591 2590
f 2559 2560 2592 2591
f 2560 2561 2593 2592
f 2561 2562 2594 2593
f 2562 2563 2595 2594
f 2563 2564 2596 2595
f 2564 2565 2597 2596
f 2565 2566 2598 2597
f 2566 2567 2599 2598
f 2567 2568 2600 2599
f 2568 2569 2601 2600
f 2569 2570 2602 2601
f 2570 2571 2603 2602
f 2571 2540 2572 2603
f 2572 2573 2605 2604
f 2573 2574 2606 2605
f 2574 2575 2607 2606
f 2575 2576 2608 2607
f 2576 2577 2609 2608
f 2577 2578 2610 2609
f 2578 2579 2611 2610
f 2579 2580 2612 2611
f 2580 2581 2613 2612
f 2581 2582 2614 2613
f 2582 2583 2615 2614
f 2583 2584 2616 2615
f 2584 2585 2617 2616
f 2585 2586 2618 2617
f 2586 2587 2619 2618
f 2587 2588 2620 2619
f 2588 2589 2621 2620
f 2589 2590 2622 2621
f 2590 2591 2623 2622
f 2591 2592 2624 2623
f 2592 2593 2625 2624
f 2593 2594 2626 2625
f 2594 2595 2627 2626
f 2595 2596 2628 2627
f 2596 2597 2629 2628
f 2597 2598 2630 2629
f 2598 2599 2631 2630
f 2599 2600 2632 2631
f 2600 2601 2633 2632
f 2601 2602 2634 2633
f 2602 2603 2635 2634
f 2603 2572 2604 2635
f 2604 2605 2637 2636
f 2605 2606 2638 2637
f 2606 2607 2639 2638
f 2607 2608 2640 2639
f 2608 2609 2641 2640
f 2609 2610 2642 2641
f 2610 2611 2643 2642
f 2611 2612 2644 2643
f 2612 2613 2645 2644
f 2613 2614 2646 2645
f 2614 2615 2647 2646
f 2615 2616 2648 2647
f 2616 2617 2649 2648
f 2617 2618 2650 2649
f 2618 2619 2651 2650
f 2619 2620 2652 2651
f 2620 2621 2653 2652
f 2621 2622 2654 2653
f 2622 2623 2655 2654
f 2623 2624 2656 2655
f 2624 2625 2657 2656
f 2625 2626 2658 2657
f 2626 2627 2659 2658
f 2627 2628 2660 2659
f 2628 2629 2661 2660
f 2629 2630 2662 2661
f 2630 2631 2663 2662
f 2631 2632 2664 2663
f 2632 2633 2665 2664
f 2633 2634 2666 2665
f 2634 2635 2667 2666
f 2635 2604 2636 2667
f 2636 2637 2669 2668
f 2637 2638 2670 2669
f 2638 2639 2671 2670
f 2639 2640 2672 2671
f 2640 2641 2673 2672
f 2641 2642 2674 2673
f 2642 2643 2675 2674
f 2643 2644 2676 2675
f 2644 2645 2677 2676
f 2645 2646 2678 2677
f 2646 2647 2679 2678
f 2647 2648 2680 2679
f 2648 2649 2681 2680
f 2649 2650 2682 2681
f 2650 2651 2683 2682
f 2651 2652 2684 2683
f 2652 2653 2685 2684
f 2653 2654 2686 2685
f 2654 2655 2687 2686
f 2655 2656 2688 2687
f 2656 2657 2689 2688
f 2657 2658 2690 2689
f 2658 2659 2691 2690
f 2659 2660 2692 2691
f 2660 2661 2693 2692
f 2661 2662 2694 2693
f 2662 2663 2695 2694
f 2663 2664 2696 2695
f 2664 2665 2697 2696
f 2665 2666 2698 2697
f 2666 2667 2699 2698
f 2667 2636 2668 2699
f 2668 2669 2701 2700
f 2669 2670 2702 2701
f 2670 2671 2703 2702
f 2671 2672 2704 2703
f 2672 2673 2705 2704
f 2673 2674 2706 2705
f 2674 2675 2707 2706
f 2675 2676 2708 2707
f 2676 2677 2709 2708
f 2677 2678 2710 2709
f 2678 2679 2711 2710
f 2679 2680 2712 2711
f 2680 2681 2713 2712
f 2681 2682 2714 2713
f 2682 2683 2715 2714
f 2683 2684 2716 2715
f 2684 2685 2717 2716
f 2685 2686 2718 2717
f 2686 2687 2719 2718
f 2687 2688 2720 2719
f 2688 2689 2721 2720
f 2689 2690 2722 2721
f 2690 2691 2723 2722
f 2691 2692 2724 2723
f 2692 2693 2725 2724
f 2693 2694 2726 2725
f 2694 2695 2727 2726
f 2695 2696 2728 2727
f 2696 2697 2729 2728
f 2697 2698 2730 2729
f 2698 2699 2731 2730
f 2699 2668 2700 2731
f 2700 2701 2733 2732
f 2701 2702 2734 2733
f 2702 2703 2735 2734
f 2703 2704 2736 2735
f 2704 2705 2737 2736
f 2705 2706 2738 2737
f 2706 2707 2739 2738
f 2707 2708 2740 2739
f 2708 2709 2741 2740
f 2709 2710 2742 2741
f 2710 2711 2743 2742
f 2711 2712 2744 2743
f 2712 2713 2745 2744
f 2713 2714 2746 2745
f 2714 2715 2747 2746
f 2715 2716 2748 2747
f 2716 2717 2749 2748
f 2717 2718 2750 2749
f 2718 2719 2751 2750
f 2719 2720 2752 2751
f 2720 2721 2753 2752
f 2721 2722 2754 2753
f 2722 2723 2755 2754
f 2723 2724 2756 2755
f 2724 2725 2757 2756
f 2725 2726 2758 2757
f 2726 2727 2759 2758
f 2727 2728 2760 2759
f 2728 2729 2761 2760
f 2729 2730 2762 2761
f 2730 2731 2763 2762
f 2731 2700 2732 2763
f 2732 2733 2765 2764
f 2733 2734 2766 2765
f 2734 2735 2767 2766
f 2735 2736 2768 2767
f 2736 2737 2769 2768
f 2737 2738 2770 2769
f 2738 2739 2771 2770
f 2739 2740 2772 2771
f 2740 2741 2773 2772
f 2741 2742 2774 2773
f 2742 2743 2775 2774
f 2743 2744 2776 2775
f 2744 2745 2777 2776
f 2745 2746 2778 2777
f 2746 2747 2779 2778
f 2747 2748 2780 2779
f 2748 2749 2781 2780
f 2749 2750 2782 2781
f 2750 2751 2783 2782
f 2751 2752 2784 2783
f 2752 2753 2785 2784
f 2753 2754 2786 2785
f 2754 2755 2787 2786
f 2755 2756 2788 2787
f 2756 2757 2789 2788
f 2757 2758 2790 2789
f 2758 2759 2791 2790
f 2759 2760 2792 2791
f 2760 2761 2793 2792
f 2761 2762 2794 2793
f 2762 2763 2795 2794
f 2763 2732 2764 2795
f 2764 2765 2797 2796
f 2765 2766 2798 2797
f 2766 2767 2799 2798
f 2767 2768 2800 2799
f 2768 2769 2801 2800
f 2769 2770 2802 2801
f 2770 2771 2803 2802
f 2771 2772 2804 2803
f 2772 2773 2805 2804
f 2773 2774 2806 2805
f 2774 2775 2807 2806
f 2775 2776 2808 2807
f 2776 2777 2809 2808
f 2777 2778 2810 2809
f 2778 2779 2811 2810
f 2779 2780 2812 2811
f 2780 2781 2813 2812
f 2781 2782 2814 2813
f 2782 2783 2815 2814
f 2783 2784 2816 2815
f 2784 2785 2817 2816
f 2785 2786 2818 2817
f 2786 2787 2819 2818
f 2787 2788 2820 2819
f 2788 2789 2821 2820
f 2789 2790 2822 2821
f 2790 2791 2823 2822
f 2791 2792 2824 2823
f 2792 2793 2825 2824
f 2793 2794 2826 2825
f 2794 2795 2827 2826
f 2795 2764 2796 2827
f 2796 2797 2829 2828
f 2797 2798 2830 2829
f 2798 2799 2831 2830
f 2799 2800 2832 2831
f 2800 2801 2833 2832
f 2801 2802 2834 2833
f 2802 2803 2835 2834
f 2803 2804 2836 2835
f 2804 2805 2837 2836
f 2805 2806 2838 2837
f 2806 2807 2839 2838
f 2807 2808 2840 2839
f 2808 2809 2841 2840
f 2809 2810 2842 2841
f 2810 2811 2843 2842
f 2811 2812 2844 2843
f 2812 2813 2845 2844
f 2813 2814 2846 2845
f 2814 2815 2847 2846
f 2815 2816 2848 2847
f 2816 2817 2849 2848
f 2817 2818 2850 2849
f 2818 2819 2851 2850
f 2819 2820 2852 2851
f 2820 2821 2853 2852
f 2821 2822 2854 2853
f 2822 2823 2855 2854
f 2823 2824 2856 2855
f 2824 2825 2857 2856
f 2825 2826 2858 2857
f 2826 2827 2859 2858
f 2827 2796 2828 2859
f 2829 2860 2828
f 2830 2860 2829
f 2831 2860 2830
f 2832 2860 2831
f 2833 2860 2832
f 2834 2860 2833
f 2835 2860 2834
f 2836 2860 2835
f 2837 2860 2836
f 2838 2860 2837
f 2839 2860 2838
f 2840 2860 2839
f 2841 2860 2840
f 2842 2860 2841
f 2843 2860 2842
f 2844 2860 2843
f 2845 2860 2844
f 2846 2860 2845
f 2847 2860 2846
f 2848 2860 2847
f 2849 2860 2848
f 2850 2860 2849
f 2851 2860 2850
f 2852 2860 2851
f 2853 2860 2852
f 2854 2860 2853
f 2855 2860 2854
f 2856 2860 2855
f 2857 2860 2856
f 2858 2860 2857
f 2859 2860 2858
f 2828 2860 2859
g Group26693
f 2911 2863 2864 2912
f 2912 2864 2866 2914
f 2914 2866 2868 2916
f 2918 2870 2872 2920
f 2888 2887 2861 2863
f 2920 2872 2874 2922
f 2886 2885 2887 2888
f 2922 2874 2876 2924
f 2884 2883 2885 2886
f 2924 2876 2878 2926
f 2926 2878 2880 2928
f 2928 2880 2882 2930
f 2880 2879 2881 2882
f 2878 2877 2879 2880
f 2876 2875 2877 2878
f 2932 2884 2886 2934
f 2874 2873 2875 2876
f 2934 2886 2888 2936
f 2872 2871 2873 2874
f 2936 2888 2863 2911
f 2892 2889 2890 2891
f 2894 2893 2889 2892
f 2896 2895 2893 2894
f 2898 2897 2895 2896
f 2905 2900 2899 2904
f 2906 2901 2900 2905
f 2907 2902 2901 2906
f 2908 2903 2902 2907
f 2887 2889 2893 2861
f 2861 2893 2895 2862
f 2862 2895 2897 2865
f 2865 2897 2898 2867
f 2869 2903 2908 2871
f 2871 2908 2907 2873
f 2873 2907 2906 2875
f 2875 2906 2905 2877
f 2877 2905 2904 2879
f 2879 2904 2899 2881
f 2883 2891 2890 2885
f 2885 2890 2889 2887
f 2912 2909 2910 2911
f 2914 2913 2909 2912
f 2916 2915 2913 2914
f 2920 2919 2917 2918
f 2922 2921 2919 2920
f 2924 2923 2921 2922
f 2926 2925 2923 2924
f 2928 2927 2925 2926
f 2930 2929 2927 2928
f 2934 2933 2931 2932
f 2936 2935 2933 2934
f 2911 2910 2935 2936
f 2937 2909 2913 2915
f 2938 2910 2909 2937
f 2939 2935 2910 2938
f 2931 2933 2935 2939
f 2921 2940 2917 2919
f 2923 2941 2940 2921
f 2925 2942 2941 2923
f 2927 2929 2942 2925
f 2863 2861 2862 2864
f 2864 2862 2865 2866
f 2866 2865 2867 2868
f 2870 2869 2871 2872
f 2916 2868 2944 2943
f 2945 2946 2870 2918
f 2947 2948 2883 2884
f 2882 2881 2950 2949
f 2930 2882 2949 2951
f 2952 2947 2884 2932
f 2953 2892 2891 2954
f 2955 2894 2892 2953
f 2956 2896 2894 2955
f 2957 2898 2896 2956
f 2900 2959 2958 2899
f 2901 2960 2959 2900
f 2902 2961 2960 2901
f 2903 2962 2961 2902
f 2867 2898 2957 2963
f 2964 2962 2903 2869
f 2881 2899 2958 2950
f 2948 2954 2891 2883
f 2943 2965 2915 2916
f 2918 2917 2966 2945
f 2951 2967 2929 2930
f 2932 2931 2968 2952
f 2969 2937 2915 2965
f 2970 2938 2937 2969
f 2971 2939 2938 2970
f 2968 2931 2939 2971
f 2940 2972 2966 2917
f 2941 2973 2972 2940
f 2942 2974 2973 2941
f 2929 2967 2974 2942
f 2868 2867 2963 2944
f 2946 2964 2869 2870
f 2944 2946 2945 2943
f 2949 2947 2952 2951
f 2966 2965 2943 2945
f 2968 2967 2951 2952
f 2967 2968 2971 2974
f 2965 2966 2972 2969
f 2969 2972 2973 2970
f 2970 2973 2974 2971
f 2946 2944 2975 2976
f 2957 2975 2944 2963
f 2964 2946 2976 2962
f 2947 2949 2977 2978
f 2958 2977 2949 2950
f 2948 2947 2978 2954
f 2978 2977 2979 2980
f 2959 2979 2977 2958
f 2954 2978 2980 2953
f 2982 2981 2976 2975
f 2962 2976 2981 2961
f 2956 2982 2975 2957
f 2980 2979 2983 2984
f 2960 2983 2979 2959
f 2953 2980 2984 2955
f 2984 2983 2981 2982
f 2961 2981 2983 2960
f 2955 2984 2982 2956
g Group54524
f 3035 3036 2988 2987
f 3036 3038 2990 2988
f 3038 3040 2992 2990
f 3042 3044 2996 2994
f 3012 2987 2985 3011
f 3044 3046 2998 2996
f 3010 3012 3011 3009
f 3046 3048 3000 2998
f 3008 3010 3009 3007
f 3048 3050 3002 3000
f 3050 3052 3004 3002
f 3052 3054 3006 3004
f 3004 3006 3005 3003
f 3002 3004 3003 3001
f 3000 3002 3001 2999
f 3056 3058 3010 3008
f 2998 3000 2999 2997
f 3058 3060 3012 3010
f 2996 2998 2997 2995
f 3060 3035 2987 3012
f 3016 3015 3014 3013
f 3018 3016 3013 3017
f 3020 3018 3017 3019
f 3022 3020 3019 3021
f 3029 3028 3023 3024
f 3030 3029 3024 3025
f 3031 3030 3025 3026
f 3032 3031 3026 3027
f 3011 2985 3017 3013
f 2985 2986 3019 3017
f 2986 2989 3021 3019
f 2989 2991 3022 3021
f 2993 2995 3032 3027
f 2995 2997 3031 3032
f 2997 2999 3030 3031
f 2999 3001 3029 3030
f 3001 3003 3028 3029
f 3003 3005 3023 3028
f 3007 3009 3014 3015
f 3009 3011 3013 3014
f 3036 3035 3034 3033
f 3038 3036 3033 3037
f 3040 3038 3037 3039
f 3044 3042 3041 3043
f 3046 3044 3043 3045
f 3048 3046 3045 3047
f 3050 3048 3047 3049
f 3052 3050 3049 3051
f 3054 3052 3051 3053
f 3058 3056 3055 3057
f 3060 3058 3057 3059
f 3035 3060 3059 3034
f 3061 3039 3037 3033
f 3062 3061 3033 3034
f 3063 3062 3034 3059
f 3055 3063 3059 3057
f 3045 3043 3041 3064
f 3047 3045 3064 3065
f 3049 3047 3065 3066
f 3051 3049 3066 3053
f 2987 2988 2986 2985
f 2988 2990 2989 2986
f 2990 2992 2991 2989
f 2994 2996 2995 2993
f 3040 3067 3068 2992
f 3069 3042 2994 3070
f 3071 3008 3007 3072
f 3006 3073 3074 3005
f 3054 3075 3073 3006
f 3076 3056 3008 3071
f 3077 3078 3015 3016
f 3079 3077 3016 3018
f 3080 3079 3018 3020
f 3081 3080 3020 3022
f 3024 3023 3082 3083
f 3025 3024 3083 3084
f 3026 3025 3084 3085
f 3027 3026 3085 3086
f 2991 3087 3081 3022
f 3088 2993 3027 3086
f 3005 3074 3082 3023
f 3072 3007 3015 3078
f 3067 3040 3039 3089
f 3042 3069 3090 3041
f 3075 3054 3053 3091
f 3056 3076 3092 3055
f 3093 3089 3039 3061
f 3094 3093 3061 3062
f 3095 3094 3062 3063
f 3092 3095 3063 3055
f 3064 3041 3090 3096
f 3065 3064 3096 3097
f 3066 3065 3097 3098
f 3053 3066 3098 3091
f 2992 3068 3087 2991
f 3070 2994 2993 3088
f 3068 3067 3069 3070
f 3073 3075 3076 3071
f 3090 3069 3067 3089
f 3092 3076 3075 3091
f 3091 3098 3095 3092
f 3089 3093 3096 3090
f 3093 3094 3097 3096
f 3094 3095 3098 3097
f 3070 3100 3099 3068
f 3081 3087 3068 3099
f 3088 3086 3100 3070
f 3071 3102 3101 3073
f 3082 3074 3073 3101
f 3072 3078 3102 3071
f 3102 3104 3103 3101
f 3083 3082 3101 3103
f 3078 3077 3104 3102
f 3106 3099 3100 3105
f 3086 3085 3105 3100
f 3080 3081 3099 3106
f 3104 3108 3107 3103
f 3084 3083 3103 3107
f 3077 3079 3108 3104
f 3108 3106 3105 3107
f 3085 3084 3107 3105
f 3079 3080 3106 3108
g Group26693
f 3159 3111 3112 3160
f 3160 3112 3114 3162
f 3162 3114 3116 3164
f 3166 3118 3120 3168
f 3136 3135 3109 3111
f 3168 3120 3122 3170
f 3134 3133 3135 3136
f 3170 3122 3124 3172
f 3132 3131 3133 3134
f 3172 3124 3126 3174
f 3174 3126 3128 3176
f 3176 3128 3130 3178
f 3128 3127 3129 3130
f 3126 3125 3127 3128
f 3124 3123 3125 3126
f 3180 3132 3134 3182
f 3122 3121 3123 3124
f 3182 3134 3136 3184
f 3120 3119 3121 3122
f 3184 3136 3111 3159
f 3140 3137 3138 3139
f 3142 3141 3137 3140
f 3144 3143 3141 3142
f 3146 3145 3143 3144
f 3153 3148 3147 3152
f 3154 3149 3148 3153
f 3155 3150 3149 3154
f 3156 3151 3150 3155
f 3135 3137 3141 3109
f 3109 3141 3143 3110
f 3110 3143 3145 3113
f 3113 3145 3146 3115
f 3117 3151 3156 3119
f 3119 3156 3155 3121
f 3121 3155 3154 3123
f 3123 3154 3153 3125
f 3125 3153 3152 3127
f 3127 3152 3147 3129
f 3131 3139 3138 3133
f 3133 3138 3137 3135
f 3160 3157 3158 3159
f 3162 3161 3157 3160
f 3164 3163 3161 3162
f 3168 3167 3165 3166
f 3170 3169 3167 3168
f 3172 3171 3169 3170
f 3174 3173 3171 3172
f 3176 3175 3173 3174
f 3178 3177 3175 3176
f 3182 3181 3179 3180
f 3184 3183 3181 3182
f 3159 3158 3183 3184
f 3185 3157 3161 3163
f 3186 3158 3157 3185
f 3187 3183 3158 3186
f 3179 3181 3183 3187
f 3169 3188 3165 3167
f 3171 3189 3188 3169
f 3173 3190 3189 3171
f 3175 3177 3190 3173
f 3111 3109 3110 3112
f 3112 3110 3113 3114
f 3114 3113 3115 3116
f 3118 3117 3119 3120
f 3164 3116 3192 3191
f 3193 3194 3118 3166
f 3195 3196 3131 3132
f 3130 3129 3198 3197
f 3178 3130 3197 3199
f 3200 3195 3132 3180
f 3201 3140 3139 3202
f 3203 3142 3140 3201
f 3204 3144 3142 3203
f 3205 3146 3144 3204
f 3148 3207 3206 3147
f 3149 3208 3207 3148
f 3150 3209 3208 3149
f 3151 3210 3209 3150
f 3115 3146 3205 3211
f 3212 3210 3151 3117
f 3129 3147 3206 3198
f 3196 3202 3139 3131
f 3191 3213 3163 3164
f 3166 3165 3214 3193
f 3199 3215 3177 3178
f 3180 3179 3216 3200
f 3217 3185 3163 3213
f 3218 3186 3185 3217
f 3219 3187 3186 3218
f 3216 3179 3187 3219
f 3188 3220 3214 3165
f 3189 3221 3220 3188
f 3190 3222 3221 3189
f 3177 3215 3222 3190
f 3116 3115 3211 3192
f 3194 3212 3117 3118
f 3192 3194 3193 3191
f 3197 3195 3200 3199
f 3214 3213 3191 3193
f 3216 3215 3199 3200
f 3215 3216 3219 3222
f 3213 3214 3220 3217
f 3217 3220 3221 3218
f 3218 3221 3222 3219
f 3194 3192 3223 3224
f 3205 3223 3192 3211
f 3212 3194 3224 3210
f 3195 3197 3225 3226
f 3206 3225 3197 3198
f 3196 3195 3226 3202
f 3226 3225 3227 3228
f 3207 3227 3225 3206
f 3202 3226 3228 3201
f 3230 3229 3224 3223
f 3210 3224 3229 3209
f 3204 3230 3223 3205
f 3228 3227 3231 3232
f 3208 3231 3227 3207
f 3201 3228 3232 3203
f 3232 3231 3229 3230
f 3209 3229 3231 3208
f 3203 3232 3230 3204
g Group22971
f 3283 3235 3236 3284
f 3284 3236 3238 3286
f 3286 3238 3240 3288
f 3290 3242 3244 3292
f 3260 3259 3233 3235
f 3292 3244 3246 3294
f 3258 3257 3259 3260
f 3294 3246 3248 3296
f 3256 3255 3257 3258
f 3296 3248 3250 3298
f 3298 3250 3252 3300
f 3300 3252 3254 3302
f 3252 3251 3253 3254
f 3250 3249 3251 3252
f 3248 3247 3249 3250
f 3304 3256 3258 3306
f 3246 3245 3247 3248
f 3306 3258 3260 3308
f 3244 3243 3245 3246
f 3308 3260 3235 3283
f 3264 3261 3262 3263
f 3266 3265 3261 3264
f 3268 3267 3265 3266
f 3270 3269 3267 3268
f 3277 3272 3271 3276
f 3278 3273 3272 3277
f 3279 3274 3273 3278
f 3280 3275 3274 3279
f 3259 3261 3265 3233
f 3233 3265 3267 3234
f 3234 3267 3269 3237
f 3237 3269 3270 3239
f 3241 3275 3280 3243
f 3243 3280 3279 3245
f 3245 3279 3278 3247
f 3247 3278 3277 3249
f 3249 3277 3276 3251
f 3251 3276 3271 3253
f 3255 3263 3262 3257
f 3257 3262 3261 3259
f 3284 3281 3282 3283
f 3286 3285 3281 3284
f 3288 3287 3285 3286
f 3292 3291 3289 3290
f 3294 3293 3291 3292
f 3296 3295 3293 3294
f 3298 3297 3295 3296
f 3300 3299 3297 3298
f 3302 3301 3299 3300
f 3306 3305 3303 3304
f 3308 3307 3305 3306
f 3283 3282 3307 3308
f 3309 3281 3285 3287
f 3310 3282 3281 3309
f 3311 3307 3282 3310
f 3303 3305 3307 3311
f 3293 3312 3289 3291
f 3295 3313 3312 3293
f 3297 3314 3313 3295
f 3299 3301 3314 3297
f 3235 3233 3234 3236
f 3236 3234 3237 3238
f 3238 3237 3239 3240
f 3242 3241 3243 3244
f 3288 3240 3316 3315
f 3317 3318 3242 3290
f 3319 3320 3255 3256
f 3254 3253 3322 3321
f 3302 3254 3321 3323
f 3324 3319 3256 3304
f 3325 3264 3263 3326
f 3327 3266 3264 3325
f 3328 3268 3266 3327
f 3329 3270 3268 3328
f 3272 3331 3330 3271
f 3273 3332 3331 3272
f 3274 3333 3332 3273
f 3275 3334 3333 3274
f 3239 3270 3329 3335
f 3336 3334 3275 3241
f 3253 3271 3330 3322
f 3320 3326 3263 3255
f 3315 3337 3287 3288
f 3290 3289 3338 3317
f 3323 3339 3301 3302
f 3304 3303 3340 3324
f 3341 3309 3287 3337
f 3342 3310 3309 3341
f 3343 3311 3310 3342
f 3340 3303 3311 3343
f 3312 3344 3338 3289
f 3313 3345 3344 3312
f 3314 3346 3345 3313
f 3301 3339 3346 3314
f 3240 3239 3335 3316
f 3318 3336 3241 3242
f 3316 3318 3317 3315
f 3321 3319 3324 3323
f 3338 3337 3315 3317
f 3340 3339 3323 3324
f 3339 3340 3343 3346
f 3337 3338 3344 3341
f 3341 3344 3345 3342
f 3342 3345 3346 3343
f 3318 3316 3347 3348
f 3329 3347 3316 3335
f 3336 3318 3348 3334
f 3319 3321 3349 3350
f 3330 3349 3321 3322
f 3320 3319 3350 3326
f 3350 3349 3351 3352
f 3331 3351 3349 3330
f 3326 3350 3352 3325
f 3354 3353 3348 3347
f 3334 3348 3353 3333
f 3328 3354 3347 3329
f 3352 3351 3355 3356
f 3332 3355 3351 3331
f 3325 3352 3356 3327
f 3356 3355 3353 3354
f 3333 3353 3355 3332
f 3327 3356 3354 3328
g Group25971
f 3408 3405 3406 3407
f 3373 3408 3407 3374
f 3373 3374 3389 3390
f 3407 3406 3409 3410
f 3374 3407 3410 3375
f 3374 3375 3391 3389
f 3410 3409 3411 3412
f 3375 3410 3412 3376
f 3375 3376 3392 3391
f 3412 3411 3413 3414
f 3376 3412 3414 3377
f 3376 3377 3393 3392
f 3414 3413 3415 3416
f 3377 3414 3416 3378
f 3377 3378 3394 3393
f 3416 3415 3417 3418
f 3378 3416 3418 3379
f 3378 3379 3395 3394
f 3418 3417 3419 3420
f 3379 3418 3420 3380
f 3379 3380 3396 3395
f 3420 3419 3421 3422
f 3380 3420 3422 3381
f 3380 3381 3397 3396
f 3422 3421 3423 3424
f 3381 3422 3424 3382
f 3381 3382 3398 3397
f 3424 3423 3425 3426
f 3382 3424 3426 3383
f 3382 3383 3399 3398
f 3426 3425 3427 3428
f 3383 3426 3428 3384
f 3383 3384 3400 3399
f 3428 3427 3429 3430
f 3384 3428 3430 3385
f 3384 3385 3401 3400
f 3430 3429 3431 3432
f 3385 3430 3432 3386
f 3385 3386 3402 3401
f 3432 3431 3433 3434
f 3386 3432 3434 3387
f 3386 3387 3403 3402
f 3434 3433 3435 3436
f 3387 3434 3436 3388
f 3387 3388 3404 3403
f 3436 3435 3405 3408
f 3388 3436 3408 3373
f 3388 3373 3390 3404
f 3405 3437 3438 3406
f 3358 3438 3437 3357
f 3390 3389 3358 3357
f 3406 3438 3439 3409
f 3359 3439 3438 3358
f 3389 3391 3359 3358
f 3409 3439 3440 3411
f 3360 3440 3439 3359
f 3391 3392 3360 3359
f 3411 3440 3441 3413
f 3361 3441 3440 3360
f 3392 3393 3361 3360
f 3413 3441 3442 3415
f 3362 3442 3441 3361
f 3393 3394 3362 3361
f 3415 3442 3443 3417
f 3363 3443 3442 3362
f 3394 3395 3363 3362
f 3417 3443 3444 3419
f 3395 3396 3364 3363
f 3419 3444 3445 3421
f 3396 3397 3365 3364
f 3421 3445 3446 3423
f 3397 3398 3366 3365
f 3423 3446 3447 3425
f 3398 3399 3367 3366
f 3425 3447 3448 3427
f 3368 3448 3447 3367
f 3399 3400 3368 3367
f 3427 3448 3449 3429
f 3369 3449 3448 3368
f 3400 3401 3369 3368
f 3429 3449 3450 3431
f 3370 3450 3449 3369
f 3401 3402 3370 3369
f 3431 3450 3451 3433
f 3371 3451 3450 3370
f 3402 3403 3371 3370
f 3433 3451 3452 3435
f 3372 3452 3451 3371
f 3403 3404 3372 3371
f 3435 3452 3437 3405
f 3357 3437 3452 3372
f 3404 3390 3357 3372
f 3504 3501 3502 3503
f 3469 3504 3503 3470
f 3469 3470 3485 3486
f 3503 3502 3505 3506
f 3470 3503 3506 3471
f 3470 3471 3487 3485
f 3506 3505 3507 3508
f 3471 3506 3508 3472
f 3471 3472 3488 3487
f 3508 3507 3509 3510
f 3472 3508 3510 3473
f 3472 3473 3489 3488
f 3510 3509 3511 3512
f 3473 3510 3512 3474
f 3473 3474 3490 3489
f 3512 3511 3513 3514
f 3474 3512 3514 3475
f 3474 3475 3491 3490
f 3514 3513 3515 3516
f 3475 3514 3516 3476
f 3475 3476 3492 3491
f 3516 3515 3517 3518
f 3476 3516 3518 3477
f 3476 3477 3493 3492
f 3518 3517 3519 3520
f 3477 3518 3520 3478
f 3477 3478 3494 3493
f 3520 3519 3521 3522
f 3478 3520 3522 3479
f 3478 3479 3495 3494
f 3522 3521 3523 3524
f 3479 3522 3524 3480
f 3479 3480 3496 3495
f 3524 3523 3525 3526
f 3480 3524 3526 3481
f 3480 3481 3497 3496
f 3526 3525 3527 3528
f 3481 3526 3528 3482
f 3481 3482 3498 3497
f 3528 3527 3529 3530
f 3482 3528 3530 3483
f 3482 3483 3499 3498
f 3530 3529 3531 3532
f 3483 3530 3532 3484
f 3483 3484 3500 3499
f 3532 3531 3501 3504
f 3484 3532 3504 3469
f 3484 3469 3486 3500
f 3501 3533 3534 3502
f 3454 3534 3533 3453
f 3486 3485 3454 3453
f 3502 3534 3535 3505
f 3455 3535 3534 3454
f 3485 3487 3455 3454
f 3505 3535 3536 3507
f 3456 3536 3535 3455
f 3487 3488 3456 3455
f 3507 3536 3537 3509
f 3457 3537 3536 3456
f 3488 3489 3457 3456
f 3509 3537 3538 3511
f 3458 3538 3537 3457
f 3489 3490 3458 3457
f 3511 3538 3539 3513
f 3459 3539 3538 3458
f 3490 3491 3459 3458
f 3513 3539 3540 3515
f 3491 3492 3460 3459
f 3515 3540 3541 3517
f 3492 3493 3461 3460
f 3517 3541 3542 3519
f 3493 3494 3462 3461
f 3519 3542 3543 3521
f 3494 3495 3463 3462
f 3521 3543 3544 3523
f 3464 3544 3543 3463
f 3495 3496 3464 3463
f 3523 3544 3545 3525
f 3465 3545 3544 3464
f 3496 3497 3465 3464
f 3525 3545 3546 3527
f 3466 3546 3545 3465
f 3497 3498 3466 3465
f 3527 3546 3547 3529
f 3467 3547 3546 3466
f 3498 3499 3467 3466
f 3529 3547 3548 3531
f 3468 3548 3547 3467
f 3499 3500 3468 3467
f 3531 3548 3533 3501
f 3453 3533 3548 3468
f 3500 3486 3453 3468
f 3552 3549 3550 3551
f 3367 3558 3556 3366
f 3446 3555 3557 3447
f 3447 3557 3558 3367
f 3554 3553 3549 3552
f 3366 3556 3554 3365
f 3445 3553 3555 3446
f 3556 3555 3553 3554
f 3365 3554 3552 3364
f 3444 3549 3553 3445
f 3558 3557 3555 3556
f 3364 3552 3551 3363
f 3363 3551 3550 3443
f 3443 3550 3549 3444
f 3562 3559 3560 3561
f 3539 3560 3559 3540
f 3459 3561 3560 3539
f 3460 3562 3561 3459
f 3564 3563 3559 3562
f 3540 3559 3563 3541
f 3461 3564 3562 3460
f 3566 3565 3563 3564
f 3541 3563 3565 3542
f 3462 3566 3564 3461
f 3568 3567 3565 3566
f 3543 3567 3568 3463
f 3542 3565 3567 3543
f 3463 3568 3566 3462
f 3611 3612 3610
f 3569 3611 3610 3572
f 3588 3593 3594 3589
f 3573 3569 3572
f 3639 3640 3645 3644
f 3634 3635 3640 3639
f 3593 3598 3599 3594
f 3635 3636 3641 3640
f 3592 3597 3598 3593
f 3592 3633 3638 3597
f 3611 3613 3614 3612
f 3570 3613 3611 3569
f 3569 3573 3574 3570
f 3613 3615 3616 3614
f 3571 3615 3613 3570
f 3570 3574 3575 3571
f 3633 3634 3639 3638
f 3597 3602 3603 3598
f 3597 3638 3643 3602
f 3617 3616 3615
f 3576 3617 3615 3571
f 3575 3576 3571
f 3656 3608 3609 3653
f 3605 3653 3651 3606
f 3629 3630 3635 3634
f 3609 3650 3652 3651
f 3610 3612 3619 3618
f 3572 3610 3618 3577
f 3572 3577 3578 3573
f 3638 3639 3644 3643
f 3644 3645 3655 3654
f 3603 3657 3656 3604
f 3596 3637 3632 3591
f 3612 3614 3620 3619
f 3573 3578 3579 3574
f 3614 3616 3621 3620
f 3574 3579 3580 3575
f 3601 3642 3637 3596
f 3602 3658 3657 3603
f 3616 3617 3622 3621
f 3575 3580 3581 3576
f 3646 3647 3652 3659
f 3581 3622 3617 3576
f 3602 3643 3660 3658
f 3618 3619 3624 3623
f 3577 3618 3623 3582
f 3577 3582 3583 3578
f 3607 3648 3649 3608
f 3595 3600 3601 3596
f 3645 3646 3659 3655
f 3590 3595 3596 3591
f 3619 3620 3625 3624
f 3578 3583 3584 3579
f 3620 3621 3626 3625
f 3579 3584 3585 3580
f 3658 3660 3648 3607
f 3643 3644 3654 3660
f 3621 3622 3627 3626
f 3580 3585 3586 3581
f 3631 3632 3637 3636
f 3586 3627 3622 3581
f 3606 3647 3642 3601
f 3623 3624 3629 3628
f 3582 3623 3628 3587
f 3582 3587 3588 3583
f 3636 3637 3642 3641
f 3598 3603 3604 3599
f 3599 3604 3605 3600
f 3641 3642 3647 3646
f 3624 3625 3630 3629
f 3583 3588 3589 3584
f 3625 3626 3631 3630
f 3584 3589 3590 3585
f 3589 3594 3595 3590
f 3600 3605 3606 3601
f 3626 3627 3632 3631
f 3585 3590 3591 3586
f 3604 3656 3653 3605
f 3591 3632 3627 3586
f 3608 3649 3650 3609
f 3628 3629 3634 3633
f 3587 3628 3633 3592
f 3587 3592 3593 3588
f 3640 3641 3646 3645
f 3594 3599 3600 3595
f 3630 3631 3636 3635
f 3651 3652 3647 3606
f 3609 3651 3653
f 3654 3655 3649 3648
f 3657 3607 3608 3656
f 3607 3657 3658
f 3652 3650 3659
f 3654 3648 3660
f 3655 3659 3650 3649
f 3711 3663 3664 3712
f 3712 3664 3666 3714
f 3714 3666 3668 3716
f 3718 3670 3672 3720
f 3688 3687 3661 3663
f 3720 3672 3674 3722
f 3686 3685 3687 3688
f 3722 3674 3676 3724
f 3684 3683 3685 3686
f 3724 3676 3678 3726
f 3726 3678 3680 3728
f 3728 3680 3682 3730
f 3680 3679 3681 3682
f 3678 3677 3679 3680
f 3676 3675 3677 3678
f 3732 3684 3686 3734
f 3674 3673 3675 3676
f 3734 3686 3688 3736
f 3672 3671 3673 3674
f 3736 3688 3663 3711
f 3692 3689 3690 3691
f 3694 3693 3689 3692
f 3696 3695 3693 3694
f 3698 3697 3695 3696
f 3705 3700 3699 3704
f 3706 3701 3700 3705
f 3707 3702 3701 3706
f 3708 3703 3702 3707
f 3687 3689 3693 3661
f 3661 3693 3695 3662
f 3662 3695 3697 3665
f 3665 3697 3698 3667
f 3669 3703 3708 3671
f 3671 3708 3707 3673
f 3673 3707 3706 3675
f 3675 3706 3705 3677
f 3677 3705 3704 3679
f 3679 3704 3699 3681
f 3683 3691 3690 3685
f 3685 3690 3689 3687
f 3712 3709 3710 3711
f 3714 3713 3709 3712
f 3716 3715 3713 3714
f 3720 3719 3717 3718
f 3722 3721 3719 3720
f 3724 3723 3721 3722
f 3726 3725 3723 3724
f 3728 3727 3725 3726
f 3730 3729 3727 3728
f 3734 3733 3731 3732
f 3736 3735 3733 3734
f 3711 3710 3735 3736
f 3737 3709 3713 3715
f 3738 3710 3709 3737
f 3739 3735 3710 3738
f 3731 3733 3735 3739
f 3721 3740 3717 3719
f 3723 3741 3740 3721
f 3725 3742 3741 3723
f 3727 3729 3742 3725
f 3663 3661 3662 3664
f 3664 3662 3665 3666
f 3666 3665 3667 3668
f 3670 3669 3671 3672
f 3716 3668 3744 3743
f 3745 3746 3670 3718
f 3747 3748 3683 3684
f 3682 3681 3750 3749
f 3730 3682 3749 3751
f 3752 3747 3684 3732
f 3753 3692 3691 3754
f 3755 3694 3692 3753
f 3756 3696 3694 3755
f 3757 3698 3696 3756
f 3700 3759 3758 3699
f 3701 3760 3759 3700
f 3702 3761 3760 3701
f 3703 3762 3761 3702
f 3667 3698 3757 3763
f 3764 3762 3703 3669
f 3681 3699 3758 3750
f 3748 3754 3691 3683
f 3743 3765 3715 3716
f 3718 3717 3766 3745
f 3751 3767 3729 3730
f 3732 3731 3768 3752
f 3769 3737 3715 3765
f 3770 3738 3737 3769
f 3771 3739 3738 3770
f 3768 3731 3739 3771
f 3740 3772 3766 3717
f 3741 3773 3772 3740
f 3742 3774 3773 3741
f 3729 3767 3774 3742
f 3668 3667 3763 3744
f 3746 3764 3669 3670
f 3744 3746 3745 3743
f 3749 3747 3752 3751
f 3766 3765 3743 3745
f 3768 3767 3751 3752
f 3767 3768 3771 3774
f 3765 3766 3772 3769
f 3769 3772 3773 3770
f 3770 3773 3774 3771
f 3746 3744 3775 3776
f 3757 3775 3744 3763
f 3764 3746 3776 3762
f 3747 3749 3777 3778
f 3758 3777 3749 3750
f 3748 3747 3778 3754
f 3778 3777 3779 3780
f 3759 3779 3777 3758
f 3754 3778 3780 3753
f 3782 3781 3776 3775
f 3762 3776 3781 3761
f 3756 3782 3775 3757
f 3780 3779 3783 3784
f 3760 3783 3779 3759
f 3753 3780 3784 3755
f 3784 3783 3781 3782
f 3761 3781 3783 3760
f 3755 3784 3782 3756
f 3835 3787 3788 3836
f 3836 3788 3790 3838
f 3838 3790 3792 3840
f 3842 3794 3796 3844
f 3812 3811 3785 3787
f 3844 3796 3798 3846
f 3810 3809 3811 3812
f 3846 3798 3800 3848
f 3808 3807 3809 3810
f 3848 3800 3802 3850
f 3850 3802 3804 3852
f 3852 3804 3806 3854
f 3804 3803 3805 3806
f 3802 3801 3803 3804
f 3800 3799 3801 3802
f 3856 3808 3810 3858
f 3798 3797 3799 3800
f 3858 3810 3812 3860
f 3796 3795 3797 3798
f 3860 3812 3787 3835
f 3816 3813 3814 3815
f 3818 3817 3813 3816
f 3820 3819 3817 3818
f 3822 3821 3819 3820
f 3829 3824 3823 3828
f 3830 3825 3824 3829
f 3831 3826 3825 3830
f 3832 3827 3826 3831
f 3811 3813 3817 3785
f 3785 3817 3819 3786
f 3786 3819 3821 3789
f 3789 3821 3822 3791
f 3793 3827 3832 3795
f 3795 3832 3831 3797
f 3797 3831 3830 3799
f 3799 3830 3829 3801
f 3801 3829 3828 3803
f 3803 3828 3823 3805
f 3807 3815 3814 3809
f 3809 3814 3813 3811
f 3836 3833 3834 3835
f 3838 3837 3833 3836
f 3840 3839 3837 3838
f 3844 3843 3841 3842
f 3846 3845 3843 3844
f 3848 3847 3845 3846
f 3850 3849 3847 3848
f 3852 3851 3849 3850
f 3854 3853 3851 3852
f 3858 3857 3855 3856
f 3860 3859 3857 3858
f 3835 3834 3859 3860
f 3861 3833 3837 3839
f 3862 3834 3833 3861
f 3863 3859 3834 3862
f 3855 3857 3859 3863
f 3845 3864 3841 3843
f 3847 3865 3864 3845
f 3849 3866 3865 3847
f 3851 3853 3866 3849
f 3787 3785 3786 3788
f 3788 3786 3789 3790
f 3790 3789 3791 3792
f 3794 3793 3795 3796
f 3840 3792 3868 3867
f 3869 3870 3794 3842
f 3871 3872 3807 3808
f 3806 3805 3874 3873
f 3854 3806 3873 3875
f 3876 3871 3808 3856
f 3877 3816 3815 3878
f 3879 3818 3816 3877
f 3880 3820 3818 3879
f 3881 3822 3820 3880
f 3824 3883 3882 3823
f 3825 3884 3883 3824
f 3826 3885 3884 3825
f 3827 3886 3885 3826
f 3791 3822 3881 3887
f 3888 3886 3827 3793
f 3805 3823 3882 3874
f 3872 3878 3815 3807
f 3867 3889 3839 3840
f 3842 3841 3890 3869
f 3875 3891 3853 3854
f 3856 3855 3892 3876
f 3893 3861 3839 3889
f 3894 3862 3861 3893
f 3895 3863 3862 3894
f 3892 3855 3863 3895
f 3864 3896 3890 3841
f 3865 3897 3896 3864
f 3866 3898 3897 3865
f 3853 3891 3898 3866
f 3792 3791 3887 3868
f 3870 3888 3793 3794
f 3868 3870 3869 3867
f 3873 3871 3876 3875
f 3890 3889 3867 3869
f 3892 3891 3875 3876
f 3891 3892 3895 3898
f 3889 3890 3896 3893
f 3893 3896 3897 3894
f 3894 3897 3898 3895
f 3870 3868 3899 3900
f 3881 3899 3868 3887
f 3888 3870 3900 3886
f 3871 3873 3901 3902
f 3882 3901 3873 3874
f 3872 3871 3902 3878
f 3902 3901 3903 3904
f 3883 3903 3901 3882
f 3878 3902 3904 3877
f 3906 3905 3900 3899
f 3886 3900 3905 3885
f 3880 3906 3899 3881
f 3904 3903 3907 3908
f 3884 3907 3903 3883
f 3877 3904 3908 3879
f 3908 3907 3905 3906
f 3885 3905 3907 3884
f 3879 3908 3906 3880
g Group51463
f 3960 3957 3958 3959
f 3925 3960 3959 3926
f 3925 3926 3941 3942
f 3959 3958 3961 3962
f 3926 3959 3962 3927
f 3926 3927 3943 3941
f 3962 3961 3963 3964
f 3927 3962 3964 3928
f 3927 3928 3944 3943
f 3964 3963 3965 3966
f 3928 3964 3966 3929
f 3928 3929 3945 3944
f 3966 3965 3967 3968
f 3929 3966 3968 3930
f 3929 3930 3946 3945
f 3968 3967 3969 3970
f 3930 3968 3970 3931
f 3930 3931 3947 3946
f 3970 3969 3971 3972
f 3931 3970 3972 3932
f 3931 3932 3948 3947
f 3972 3971 3973 3974
f 3932 3972 3974 3933
f 3932 3933 3949 3948
f 3974 3973 3975 3976
f 3933 3974 3976 3934
f 3933 3934 3950 3949
f 3976 3975 3977 3978
f 3934 3976 3978 3935
f 3934 3935 3951 3950
f 3978 3977 3979 3980
f 3935 3978 3980 3936
f 3935 3936 3952 3951
f 3980 3979 3981 3982
f 3936 3980 3982 3937
f 3936 3937 3953 3952
f 3982 3981 3983 3984
f 3937 3982 3984 3938
f 3937 3938 3954 3953
f 3984 3983 3985 3986
f 3938 3984 3986 3939
f 3938 3939 3955 3954
f 3986 3985 3987 3988
f 3939 3986 3988 3940
f 3939 3940 3956 3955
f 3988 3987 3957 3960
f 3940 3988 3960 3925
f 3940 3925 3942 3956
f 3957 3989 3990 3958
f 3910 3990 3989 3909
f 3942 3941 3910 3909
f 3958 3990 3991 3961
f 3911 3991 3990 3910
f 3941 3943 3911 3910
f 3961 3991 3992 3963
f 3912 3992 3991 3911
f 3943 3944 3912 3911
f 3963 3992 3993 3965
f 3913 3993 3992 3912
f 3944 3945 3913 3912
f 3965 3993 3994 3967
f 3914 3994 3993 3913
f 3945 3946 3914 3913
f 3967 3994 3995 3969
f 3915 3995 3994 3914
f 3946 3947 3915 3914
f 3969 3995 3996 3971
f 3947 3948 3916 3915
f 3971 3996 3997 3973
f 3948 3949 3917 3916
f 3973 3997 3998 3975
f 3949 3950 3918 3917
f 3975 3998 3999 3977
f 3950 3951 3919 3918
f 3977 3999 4000 3979
f 3920 4000 3999 3919
f 3951 3952 3920 3919
f 3979 4000 4001 3981
f 3921 4001 4000 3920
f 3952 3953 3921 3920
f 3981 4001 4002 3983
f 3922 4002 4001 3921
f 3953 3954 3922 3921
f 3983 4002 4003 3985
f 3923 4003 4002 3922
f 3954 3955 3923 3922
f 3985 4003 4004 3987
f 3924 4004 4003 3923
f 3955 3956 3924 3923
f 3987 4004 3989 3957
f 3909 3989 4004 3924
f 3956 3942 3909 3924
f 4056 4053 4054 4055
f 4021 4056 4055 4022
f 4021 4022 4037 4038
f 4055 4054 4057 4058
f 4022 4055 4058 4023
f 4022 4023 4039 4037
f 4058 4057 4059 4060
f 4023 4058 4060 4024
f 4023 4024 4040 4039
f 4060 4059 4061 4062
f 4024 4060 4062 4025
f 4024 4025 4041 4040
f 4062 4061 4063 4064
f 4025 4062 4064 4026
f 4025 4026 4042 4041
f 4064 4063 4065 4066
f 4026 4064 4066 4027
f 4026 4027 4043 4042
f 4066 4065 4067 4068
f 4027 4066 4068 4028
f 4027 4028 4044 4043
f 4068 4067 4069 4070
f 4028 4068 4070 4029
f 4028 4029 4045 4044
f 4070 4069 4071 4072
f 4029 4070 4072 4030
f 4029 4030 4046 4045
f 4072 4071 4073 4074
f 4030 4072 4074 4031
f 4030 4031 4047 4046
f 4074 4073 4075 4076
f 4031 4074 4076 4032
f 4031 4032 4048 4047
f 4076 4075 4077 4078
f 4032 4076 4078 4033
f 4032 4033 4049 4048
f 4078 4077 4079 4080
f 4033 4078 4080 4034
f 4033 4034 4050 4049
f 4080 4079 4081 4082
f 4034 4080 4082 4035
f 4034 4035 4051 4050
f 4082 4081 4083 4084
f 4035 4082 4084 4036
f 4035 4036 4052 4051
f 4084 4083 4053 4056
f 4036 4084 4056 4021
f 4036 4021 4038 4052
f 4053 4085 4086 4054
f 4006 4086 4085 4005
f 4038 4037 4006 4005
f 4054 4086 4087 4057
f 4007 4087 4086 4006
f 4037 4039 4007 4006
f 4057 4087 4088 4059
f 4008 4088 4087 4007
f 4039 4040 4008 4007
f 4059 4088 4089 4061
f 4009 4089 4088 4008
f 4040 4041 4009 4008
f 4061 4089 4090 4063
f 4010 4090 4089 4009
f 4041 4042 4010 4009
f 4063 4090 4091 4065
f 4011 4091 4090 4010
f 4042 4043 4011 4010
f 4065 4091 4092 4067
f 4043 4044 4012 4011
f 4067 4092 4093 4069
f 4044 4045 4013 4012
f 4069 4093 4094 4071
f 4045 4046 4014 4013
f 4071 4094 4095 4073
f 4046 4047 4015 4014
f 4073 4095 4096 4075
f 4016 4096 4095 4015
f 4047 4048 4016 4015
f 4075 4096 4097 4077
f 4017 4097 4096 4016
f 4048 4049 4017 4016
f 4077 4097 4098 4079
f 4018 4098 4097 4017
f 4049 4050 4018 4017
f 4079 4098 4099 4081
f 4019 4099 4098 4018
f 4050 4051 4019 4018
f 4081 4099 4100 4083
f 4020 4100 4099 4019
f 4051 4052 4020 4019
f 4083 4100 4085 4053
f 4005 4085 4100 4020
f 4052 4038 4005 4020
f 4152 4149 4150 4151
f 4117 4152 4151 4118
f 4117 4118 4133 4134
f 4151 4150 4153 4154
f 4118 4151 4154 4119
f 4118 4119 4135 4133
f 4154 4153 4155 4156
f 4119 4154 4156 4120
f 4119 4120 4136 4135
f 4156 4155 4157 4158
f 4120 4156 4158 4121
f 4120 4121 4137 4136
f 4158 4157 4159 4160
f 4121 4158 4160 4122
f 4121 4122 4138 4137
f 4160 4159 4161 4162
f 4122 4160 4162 4123
f 4122 4123 4139 4138
f 4162 4161 4163 4164
f 4123 4162 4164 4124
f 4123 4124 4140 4139
f 4164 4163 4165 4166
f 4124 4164 4166 4125
f 4124 4125 4141 4140
f 4166 4165 4167 4168
f 4125 4166 4168 4126
f 4125 4126 4142 4141
f 4168 4167 4169 4170
f 4126 4168 4170 4127
f 4126 4127 4143 4142
f 4170 4169 4171 4172
f 4127 4170 4172 4128
f 4127 4128 4144 4143
f 4172 4171 4173 4174
f 4128 4172 4174 4129
f 4128 4129 4145 4144
f 4174 4173 4175 4176
f 4129 4174 4176 4130
f 4129 4130 4146 4145
f 4176 4175 4177 4178
f 4130 4176 4178 4131
f 4130 4131 4147 4146
f 4178 4177 4179 4180
f 4131 4178 4180 4132
f 4131 4132 4148 4147
f 4180 4179 4149 4152
f 4132 4180 4152 4117
f 4132 4117 4134 4148
f 4149 4181 4182 4150
f 4102 4182 4181 4101
f 4134 4133 4102 4101
f 4150 4182 4183 4153
f 4103 4183 4182 4102
f 4133 4135 4103 4102
f 4153 4183 4184 4155
f 4104 4184 4183 4103
f 4135 4136 4104 4103
f 4155 4184 4185 4157
f 4105 4185 4184 4104
f 4136 4137 4105 4104
f 4157 4185 4186 4159
f 4106 4186 4185 4105
f 4137 4138 4106 4105
f 4159 4186 4187 4161
f 4107 4187 4186 4106
f 4138 4139 4107 4106
f 4161 4187 4188 4163
f 4139 4140 4108 4107
f 4163 4188 4189 4165
f 4140 4141 4109 4108
f 4165 4189 4190 4167
f 4141 4142 4110 4109
f 4167 4190 4191 4169
f 4142 4143 4111 4110
f 4169 4191 4192 4171
f 4112 4192 4191 4111
f 4143 4144 4112 4111
f 4171 4192 4193 4173
f 4113 4193 4192 4112
f 4144 4145 4113 4112
f 4173 4193 4194 4175
f 4114 4194 4193 4113
f 4145 4146 4114 4113
f 4175 4194 4195 4177
f 4115 4195 4194 4114
f 4146 4147 4115 4114
f 4177 4195 4196 4179
f 4116 4196 4195 4115
f 4147 4148 4116 4115
f 4179 4196 4181 4149
f 4101 4181 4196 4116
f 4148 4134 4101 4116
f 4200 4197 4198 4199
f 3995 4198 4197 3996
f 3915 4199 4198 3995
f 3916 4200 4199 3915
f 4202 4201 4197 4200
f 3996 4197 4201 3997
f 3917 4202 4200 3916
f 4204 4203 4201 4202
f 3997 4201 4203 3998
f 3918 4204 4202 3917
f 4206 4205 4203 4204
f 3999 4205 4206 3919
f 3998 4203 4205 3999
f 3919 4206 4204 3918
f 4210 4207 4208 4209
f 4091 4208 4207 4092
f 4011 4209 4208 4091
f 4012 4210 4209 4011
f 4212 4211 4207 4210
f 4092 4207 4211 4093
f 4013 4212 4210 4012
f 4214 4213 4211 4212
f 4093 4211 4213 4094
f 4014 4214 4212 4013
f 4216 4215 4213 4214
f 4095 4215 4216 4015
f 4094 4213 4215 4095
f 4015 4216 4214 4014
f 4220 4217 4218 4219
f 4187 4218 4217 4188
f 4107 4219 4218 4187
f 4108 4220 4219 4107
f 4222 4221 4217 4220
f 4188 4217 4221 4189
f 4109 4222 4220 4108
f 4224 4223 4221 4222
f 4189 4221 4223 4190
f 4110 4224 4222 4109
f 4226 4225 4223 4224
f 4191 4225 4226 4111
f 4190 4223 4225 4191
f 4111 4226 4224 4110
g Group2098
f 4269 4270 4268
f 4227 4269 4268 4230
f 4246 4251 4252 4247
f 4231 4227 4230
f 4297 4298 4303 4302
f 4292 4293 4298 4297
f 4251 4256 4257 4252
f 4293 4294 4299 4298
f 4250 4255 4256 4251
f 4250 4291 4296 4255
f 4269 4271 4272 4270
f 4228 4271 4269 4227
f 4227 4231 4232 4228
f 4271 4273 4274 4272
f 4229 4273 4271 4228
f 4228 4232 4233 4229
f 4291 4292 4297 4296
f 4255 4260 4261 4256
f 4255 4296 4301 4260
f 4275 4274 4273
f 4234 4275 4273 4229
f 4233 4234 4229
f 4314 4266 4267 4311
f 4263 4311 4309 4264
f 4287 4288 4293 4292
f 4267 4308 4310 4309
f 4268 4270 4277 4276
f 4230 4268 4276 4235
f 4230 4235 4236 4231
f 4296 4297 4302 4301
f 4302 4303 4313 4312
f 4261 4315 4314 4262
f 4254 4295 4290 4249
f 4270 4272 4278 4277
f 4231 4236 4237 4232
f 4272 4274 4279 4278
f 4232 4237 4238 4233
f 4259 4300 4295 4254
f 4260 4316 4315 4261
f 4274 4275 4280 4279
f 4233 4238 4239 4234
f 4304 4305 4310 4317
f 4239 4280 4275 4234
f 4260 4301 4318 4316
f 4276 4277 4282 4281
f 4235 4276 4281 4240
f 4235 4240 4241 4236
f 4265 4306 4307 4266
f 4253 4258 4259 4254
f 4303 4304 4317 4313
f 4248 4253 4254 4249
f 4277 4278 4283 4282
f 4236 4241 4242 4237
f 4278 4279 4284 4283
f 4237 4242 4243 4238
f 4316 4318 4306 4265
f 4301 4302 4312 4318
f 4279 4280 4285 4284
f 4238 4243 4244 4239
f 4289 4290 4295 4294
f 4244 4285 4280 4239
f 4264 4305 4300 4259
f 4281 4282 4287 4286
f 4240 4281 4286 4245
f 4240 4245 4246 4241
f 4294 4295 4300 4299
f 4256 4261 4262 4257
f 4257 4262 4263 4258
f 4299 4300 4305 4304
f 4282 4283 4288 4287
f 4241 4246 4247 4242
f 4283 4284 4289 4288
f 4242 4247 4248 4243
f 4247 4252 4253 4248
f 4258 4263 4264 4259
f 4284 4285 4290 4289
f 4243 4248 4249 4244
f 4262 4314 4311 4263
f 4249 4290 4285 4244
f 4266 4307 4308 4267
f 4286 4287 4292 4291
f 4245 4286 4291 4250
f 4245 4250 4251 4246
f 4298 4299 4304 4303
f 4252 4257 4258 4253
f 4288 4289 4294 4293
f 4309 4310 4305 4264
f 4267 4309 4311
f 4312 4313 4307 4306
f 4315 4265 4266 4314
f 4265 4315 4316
f 4310 4308 4317
f 4312 4306 4318
f 4313 4317 4308 4307
g Group17326
f 4321 4320 4319
f 4322 4321 4319
f 4323 4322 4319
f 4324 4323 4319
f 4325 4324 4319
f 4326 4325 4319
f 4327 4326 4319
f 4328 4327 4319
f 4329 4328 4319
f 4330 4329 4319
f 4331 4330 4319
f 4332 4331 4319
f 4333 4332 4319
f 4334 4333 4319
f 4335 4334 4319
f 4336 4335 4319
f 4337 4336 4319
f 4338 4337 4319
f 4339 4338 4319
f 4340 4339 4319
f 4341 4340 4319
f 4342 4341 4319
f 4343 4342 4319
f 4344 4343 4319
f 4345 4344 4319
f 4346 4345 4319
f 4347 4346 4319
f 4348 4347 4319
f 4349 4348 4319
f 4350 4349 4319
f 4351 4350 4319
f 4320 4351 4319
f 4320 4321 4353 4352
f 4321 4322 4354 4353
f 4322 4323 4355 4354
f 4323 4324 4356 4355
f 4324 4325 4357 4356
f 4325 4326 4358 4357
f 4326 4327 4359 4358
f 4327 4328 4360 4359
f 4328 4329 4361 4360
f 4329 4330 4362 4361
f 4330 4331 4363 4362
f 4331 4332 4364 4363
f 4332 4333 4365 4364
f 4333 4334 4366 4365
f 4334 4335 4367 4366
f 4335 4336 4368 4367
f 4336 4337 4369 4368
f 4337 4338 4370 4369
f 4338 4339 4371 4370
f 4339 4340 4372 4371
f 4340 4341 4373 4372
f 4341 4342 4374 4373
f 4342 4343 4375 4374
f 4343 4344 4376 4375
f 4344 4345 4377 4376
f 4345 4346 4378 4377
f 4346 4347 4379 4378
f 4347 4348 4380 4379
f 4348 4349 4381 4380
f 4349 4350 4382 4381
f 4350 4351 4383 4382
f 4351 4320 4352 4383
f 4352 4353 4385 4384
f 4353 4354 4386 4385
f 4354 4355 4387 4386
f 4355 4356 4388 4387
f 4356 4357 4389 4388
f 4357 4358 4390 4389
f 4358 4359 4391 4390
f 4359 4360 4392 4391
f 4360 4361 4393 4392
f 4361 4362 4394 4393
f 4362 4363 4395 4394
f 4363 4364 4396 4395
f 4364 4365 4397 4396
f 4365 4366 4398 4397
f 4366 4367 4399 4398
f 4367 4368 4400 4399
f 4368 4369 4401 4400
f 4369 4370 4402 4401
f 4370 4371 4403 4402
f 4371 4372 4404 4403
f 4372 4373 4405 4404
f 4373 4374 4406 4405
f 4374 4375 4407 4406
f 4375 4376 4408 4407
f 4376 4377 4409 4408
f 4377 4378 4410 4409
f 4378 4379 4411 4410
f 4379 4380 4412 4411
f 4380 4381 4413 4412
f 4381 4382 4414 4413
f 4382 4383 4415 4414
f 4383 4352 4384 4415
f 4384 4385 4417 4416
f 4385 4386 4418 4417
f 4386 4387 4419 4418
f 4387 4388 4420 4419
f 4388 4389 4421 4420
f 4389 4390 4422 4421
f 4390 4391 4423 4422
f 4391 4392 4424 4423
f 4392 4393 4425 4424
f 4393 4394 4426 4425
f 4394 4395 4427 4426
f 4395 4396 4428 4427
f 4396 4397 4429 4428
f 4397 4398 4430 4429
f 4398 4399 4431 4430
f 4399 4400 4432 4431
f 4400 4401 4433 4432
f 4401 4402 4434 4433
f 4402 4403 4435 4434
f 4403 4404 4436 4435
f 4404 4405 4437 4436
f 4405 4406 4438 4437
f 4406 4407 4439 4438
f 4407 4408 4440 4439
f 4408 4409 4441 4440
f 4409 4410 4442 4441
f 4410 4411 4443 4442
f 4411 4412 4444 4443
f 4412 4413 4445 4444
f 4413 4414 4446 4445
f 4414 4415 4447 4446
f 4415 4384 4416 4447
f 4416 4417 4449 4448
f 4417 4418 4450 4449
f 4418 4419 4451 4450
f 4419 4420 4452 4451
f 4420 4421 4453 4452
f 4421 4422 4454 4453
f 4422 4423 4455 4454
f 4423 4424 4456 4455
f 4424 4425 4457 4456
f 4425 4426 4458 4457
f 4426 4427 4459 4458
f 4427 4428 4460 4459
f 4428 4429 4461 4460
f 4429 4430 4462 4461
f 4430 4431 4463 4462
f 4431 4432 4464 4463
f 4432 4433 4465 4464
f 4433 4434 4466 4465
f 4434 4435 4467 4466
f 4435 4436 4468 4467
f 4436 4437 4469 4468
f 4437 4438 4470 4469
f 4438 4439 4471 4470
f 4439 4440 4472 4471
f 4440 4441 4473 4472
f 4441 4442 4474 4473
f 4442 4443 4475 4474
f 4443 4444 4476 4475
f 4444 4445 4477 4476
f 4445 4446 4478 4477
f 4446 4447 4479 4478
f 4447 4416 4448 4479
f 4448 4449 4481 4480
f 4449 4450 4482 4481
f 4450 4451 4483 4482
f 4451 4452 4484 4483
f 4452 4453 4485 4484
f 4453 4454 4486 4485
f 4454 4455 4487 4486
f 4455 4456 4488 4487
f 4456 4457 4489 4488
f 4457 4458 4490 4489
f 4458 4459 4491 4490
f 4459 4460 4492 4491
f 4460 4461 4493 4492
f 4461 4462 4494 4493
f 4462 4463 4495 4494
f 4463 4464 4496 4495
f 4464 4465 4497 4496
f 4465 4466 4498 4497
f 4466 4467 4499 4498
f 4467 4468 4500 4499
f 4468 4469 4501 4500
f 4469 4470 4502 4501
f 4470 4471 4503 4502
f 4471 4472 4504 4503
f 4472 4473 4505 4504
f 4473 4474 4506 4505
f 4474 4475 4507 4506
f 4475 4476 4508 4507
f 4476 4477 4509 4508
f 4477 4478 4510 4509
f 4478 4479 4511 4510
f 4479 4448 4480 4511
f 4480 4481 4513 4512
f 4481 4482 4514 4513
f 4482 4483 4515 4514
f 4483 4484 4516 4515
f 4484 4485 4517 4516
f 4485 4486 4518 4517
f 4486 4487 4519 4518
f 4487 4488 4520 4519
f 4488 4489 4521 4520
f 4489 4490 4522 4521
f 4490 4491 4523 4522
f 4491 4492 4524 4523
f 4492 4493 4525 4524
f 4493 4494 4526 4525
f 4494 4495 4527 4526
f 4495 4496 4528 4527
f 4496 4497 4529 4528
f 4497 4498 4530 4529
f 4498 4499 4531 4530
f 4499 4500 4532 4531
f 4500 4501 4533 4532
f 4501 4502 4534 4533
f 4502 4503 4535 4534
f 4503 4504 4536 4535
f 4504 4505 4537 4536
f 4505 4506 4538 4537
f 4506 4507 4539 4538
f 4507 4508 4540 4539
f 4508 4509 4541 4540
f 4509 4510 4542 4541
f 4510 4511 4543 4542
f 4511 4480 4512 4543
f 4512 4513 4545 4544
f 4513 4514 4546 4545
f 4514 4515 4547 4546
f 4515 4516 4548 4547
f 4516 4517 4549 4548
f 4517 4518 4550 4549
f 4518 4519 4551 4550
f 4519 4520 4552 4551
f 4520 4521 4553 4552
f 4521 4522 4554 4553
f 4522 4523 4555 4554
f 4523 4524 4556 4555
f 4524 4525 4557 4556
f 4525 4526 4558 4557
f 4526 4527 4559 4558
f 4527 4528 4560 4559
f 4528 4529 4561 4560
f 4529 4530 4562 4561
f 4530 4531 4563 4562
f 4531 4532 4564 4563
f 4532 4533 4565 4564
f 4533 4534 4566 4565
f 4534 4535 4567 4566
f 4535 4536 4568 4567
f 4536 4537 4569 4568
f 4537 4538 4570 4569
f 4538 4539 4571 4570
f 4539 4540 4572 4571
f 4540 4541 4573 4572
f 4541 4542 4574 4573
f 4542 4543 4575 4574
f 4543 4512 4544 4575
f 4544 4545 4577 4576
f 4545 4546 4578 4577
f 4546 4547 4579 4578
f 4547 4548 4580 4579
f 4548 4549 4581 4580
f 4549 4550 4582 4581
f 4550 4551 4583 4582
f 4551 4552 4584 4583
f 4552 4553 4585 4584
f 4553 4554 4586 4585
f 4554 4555 4587 4586
f 4555 4556 4588 4587
f 4556 4557 4589 4588
f 4557 4558 4590 4589
f 4558 4559 4591 4590
f 4559 4560 4592 4591
f 4560 4561 4593 4592
f 4561 4562 4594 4593
f 4562 4563 4595 4594
f 4563 4564 4596 4595
f 4564 4565 4597 4596
f 4565 4566 4598 4597
f 4566 4567 4599 4598
f 4567 4568 4600 4599
f 4568 4569 4601 4600
f 4569 4570 4602 4601
f 4570 4571 4603 4602
f 4571 4572 4604 4603
f 4572 4573 4605 4604
f 4573 4574 4606 4605
f 4574 4575 4607 4606
f 4575 4544 4576 4607
f 4576 4577 4609 4608
f 4577 4578 4610 4609
f 4578 4579 4611 4610
f 4579 4580 4612 4611
f 4580 4581 4613 4612
f 4581 4582 4614 4613
f 4582 4583 4615 4614
f 4583 4584 4616 4615
f 4584 4585 4617 4616
f 4585 4586 4618 4617
f 4586 4587 4619 4618
f 4587 4588 4620 4619
f 4588 4589 4621 4620
f 4589 4590 4622 4621
f 4590 4591 4623 4622
f 4591 4592 4624 4623
f 4592 4593 4625 4624
f 4593 4594 4626 4625
f 4594 4595 4627 4626
f 4595 4596 4628 4627
f 4596 4597 4629 4628
f 4597 4598 4630 4629
f 4598 4599 4631 4630
f 4599 4600 4632 4631
f 4600 4601 4633 4632
f 4601 4602 4634 4633
f 4602 4603 4635 4634
f 4603 4604 4636 4635
f 4604 4605 4637 4636
f 4605 4606 4638 4637
f 4606 4607 4639 4638
f 4607 4576 4608 4639
f 4608 4609 4641 4640
f 4609 4610 4642 4641
f 4610 4611 4643 4642
f 4611 4612 4644 4643
f 4612 4613 4645 4644
f 4613 4614 4646 4645
f 4614 4615 4647 4646
f 4615 4616 4648 4647
f 4616 4617 4649 4648
f 4617 4618 4650 4649
f 4618 4619 4651 4650
f 4619 4620 4652 4651
f 4620 4621 4653 4652
f 4621 4622 4654 4653
f 4622 4623 4655 4654
f 4623 4624 4656 4655
f 4624 4625 4657 4656
f 4625 4626 4658 4657
f 4626 4627 4659 4658
f 4627 4628 4660 4659
f 4628 4629 4661 4660
f 4629 4630 4662 4661
f 4630 4631 4663 4662
f 4631 4632 4664 4663
f 4632 4633 4665 4664
f 4633 4634 4666 4665
f 4634 4635 4667 4666
f 4635 4636 4668 4667
f 4636 4637 4669 4668
f 4637 4638 4670 4669
f 4638 4639 4671 4670
f 4639 4608 4640 4671
f 4640 4641 4673 4672
f 4641 4642 4674 4673
f 4642 4643 4675 4674
f 4643 4644 4676 4675
f 4644 4645 4677 4676
f 4645 4646 4678 4677
f 4646 4647 4679 4678
f 4647 4648 4680 4679
f 4648 4649 4681 4680
f 4649 4650 4682 4681
f 4650 4651 4683 4682
f 4651 4652 4684 4683
f 4652 4653 4685 4684
f 4653 4654 4686 4685
f 4654 4655 4687 4686
f 4655 4656 4688 4687
f 4656 4657 4689 4688
f 4657 4658 4690 4689
f 4658 4659 4691 4690
f 4659 4660 4692 4691
f 4660 4661 4693 4692
f 4661 4662 4694 4693
f 4662 4663 4695 4694
f 4663 4664 4696 4695
f 4664 4665 4697 4696
f 4665 4666 4698 4697
f 4666 4667 4699 4698
f 4667 4668 4700 4699
f 4668 4669 4701 4700
f 4669 4670 4702 4701
f 4670 4671 4703 4702
f 4671 4640 4672 4703
f 4672 4673 4705 4704
f 4673 4674 4706 4705
f 4674 4675 4707 4706
f 4675 4676 4708 4707
f 4676 4677 4709 4708
f 4677 4678 4710 4709
f 4678 4679 4711 4710
f 4679 4680 4712 4711
f 4680 4681 4713 4712
f 4681 4682 4714 4713
f 4682 4683 4715 4714
f 4683 4684 4716 4715
f 4684 4685 4717 4716
f 4685 4686 4718 4717
f 4686 4687 4719 4718
f 4687 4688 4720 4719
f 4688 4689 4721 4720
f 4689 4690 4722 4721
f 4690 4691 4723 4722
f 4691 4692 4724 4723
f 4692 4693 4725 4724
f 4693 4694 4726 4725
f 4694 4695 4727 4726
f 4695 4696 4728 4727
f 4696 4697 4729 4728
f 4697 4698 4730 4729
f 4698 4699 4731 4730
f 4699 4700 4732 4731
f 4700 4701 4733 4732
f 4701 4702 4734 4733
f 4702 4703 4735 4734
f 4703 4672 4704 4735
f 4704 4705 4737 4736
f 4705 4706 4738 4737
f 4706 4707 4739 4738
f 4707 4708 4740 4739
f 4708 4709 4741 4740
f 4709 4710 4742 4741
f 4710 4711 4743 4742
f 4711 4712 4744 4743
f 4712 4713 4745 4744
f 4713 4714 4746 4745
f 4714 4715 4747 4746
f 4715 4716 4748 4747
f 4716 4717 4749 4748
f 4717 4718 4750 4749
f 4718 4719 4751 4750
f 4719 4720 4752 4751
f 4720 4721 4753 4752
f 4721 4722 4754 4753
f 4722 4723 4755 4754
f 4723 4724 4756 4755
f 4724 4725 4757 4756
f 4725 4726 4758 4757
f 4726 4727 4759 4758
f 4727 4728 4760 4759
f 4728 4729 4761 4760
f 4729 4730 4762 4761
f 4730 4731 4763 4762
f 4731 4732 4764 4763
f 4732 4733 4765 4764
f 4733 4734 4766 4765
f 4734 4735 4767 4766
f 4735 4704 4736 4767
f 4736 4737 4769 4768
f 4737 4738 4770 4769
f 4738 4739 4771 4770
f 4739 4740 4772 4771
f 4740 4741 4773 4772
f 4741 4742 4774 4773
f 4742 4743 4775 4774
f 4743 4744 4776 4775
f 4744 4745 4777 4776
f 4745 4746 4778 4777
f 4746 4747 4779 4778
f 4747 4748 4780 4779
f 4748 4749 4781 4780
f 4749 4750 4782 4781
f 4750 4751 4783 4782
f 4751 4752 4784 4783
f 4752 4753 4785 4784
f 4753 4754 4786 4785
f 4754 4755 4787 4786
f 4755 4756 4788 4787
f 4756 4757 4789 4788
f 4757 4758 4790 4789
f 4758 4759 4791 4790
f 4759 4760 4792 4791
f 4760 4761 4793 4792
f 4761 4762 4794 4793
f 4762 4763 4795 4794
f 4763 4764 4796 4795
f 4764 4765 4797 4796
f 4765 4766 4798 4797
f 4766 4767 4799 4798
f 4767 4736 4768 4799
f 4769 4800 4768
f 4770 4800 4769
f 4771 4800 4770
f 4772 4800 4771
f 4773 4800 4772
f 4774 4800 4773
f 4775 4800 4774
f 4776 4800 4775
f 4777 4800 4776
f 4778 4800 4777
f 4779 4800 4778
f 4780 4800 4779
f 4781 4800 4780
f 4782 4800 4781
f 4783 4800 4782
f 4784 4800 4783
f 4785 4800 4784
f 4786 4800 4785
f 4787 4800 4786
f 4788 4800 4787
f 4789 4800 4788
f 4790 4800 4789
f 4791 4800 4790
f 4792 4800 4791
f 4793 4800 4792
f 4794 4800 4793
f 4795 4800 4794
f 4796 4800 4795
f 4797 4800 4796
f 4798 4800 4797
f 4799 4800 4798
f 4768 4800 4799
g Group26693
f 4851 4803 4804 4852
f 4852 4804 4806 4854
f 4854 4806 4808 4856
f 4858 4810 4812 4860
f 4828 4827 4801 4803
f 4860 4812 4814 4862
f 4826 4825 4827 4828
f 4862 4814 4816 4864
f 4824 4823 4825 4826
f 4864 4816 4818 4866
f 4866 4818 4820 4868
f 4868 4820 4822 4870
f 4820 4819 4821 4822
f 4818 4817 4819 4820
f 4816 4815 4817 4818
f 4872 4824 4826 4874
f 4814 4813 4815 4816
f 4874 4826 4828 4876
f 4812 4811 4813 4814
f 4876 4828 4803 4851
f 4832 4829 4830 4831
f 4834 4833 4829 4832
f 4836 4835 4833 4834
f 4838 4837 4835 4836
f 4845 4840 4839 4844
f 4846 4841 4840 4845
f 4847 4842 4841 4846
f 4848 4843 4842 4847
f 4827 4829 4833 4801
f 4801 4833 4835 4802
f 4802 4835 4837 4805
f 4805 4837 4838 4807
f 4809 4843 4848 4811
f 4811 4848 4847 4813
f 4813 4847 4846 4815
f 4815 4846 4845 4817
f 4817 4845 4844 4819
f 4819 4844 4839 4821
f 4823 4831 4830 4825
f 4825 4830 4829 4827
f 4852 4849 4850 4851
f 4854 4853 4849 4852
f 4856 4855 4853 4854
f 4860 4859 4857 4858
f 4862 4861 4859 4860
f 4864 4863 4861 4862
f 4866 4865 4863 4864
f 4868 4867 4865 4866
f 4870 4869 4867 4868
f 4874 4873 4871 4872
f 4876 4875 4873 4874
f 4851 4850 4875 4876
f 4877 4849 4853 4855
f 4878 4850 4849 4877
f 4879 4875 4850 4878
f 4871 4873 4875 4879
f 4861 4880 4857 4859
f 4863 4881 4880 4861
f 4865 4882 4881 4863
f 4867 4869 4882 4865
f 4803 4801 4802 4804
f 4804 4802 4805 4806
f 4806 4805 4807 4808
f 4810 4809 4811 4812
f 4856 4808 4884 4883
f 4885 4886 4810 4858
f 4887 4888 4823 4824
f 4822 4821 4890 4889
f 4870 4822 4889 4891
f 4892 4887 4824 4872
f 4893 4832 4831 4894
f 4895 4834 4832 4893
f 4896 4836 4834 4895
f 4897 4838 4836 4896
f 4840 4899 4898 4839
f 4841 4900 4899 4840
f 4842 4901 4900 4841
f 4843 4902 4901 4842
f 4807 4838 4897 4903
f 4904 4902 4843 4809
f 4821 4839 4898 4890
f 4888 4894 4831 4823
f 4883 4905 4855 4856
f 4858 4857 4906 4885
f 4891 4907 4869 4870
f 4872 4871 4908 4892
f 4909 4877 4855 4905
f 4910 4878 4877 4909
f 4911 4879 4878 4910
f 4908 4871 4879 4911
f 4880 4912 4906 4857
f 4881 4913 4912 4880
f 4882 4914 4913 4881
f 4869 4907 4914 4882
f 4808 4807 4903 4884
f 4886 4904 4809 4810
f 4884 4886 4885 4883
f 4889 4887 4892 4891
f 4906 4905 4883 4885
f 4908 4907 4891 4892
f 4907 4908 4911 4914
f 4905 4906 4912 4909
f 4909 4912 4913 4910
f 4910 4913 4914 4911
f 4886 4884 4915 4916
f 4897 4915 4884 4903
f 4904 4886 4916 4902
f 4887 4889 4917 4918
f 4898 4917 4889 4890
f 4888 4887 4918 4894
f 4918 4917 4919 4920
f 4899 4919 4917 4898
f 4894 4918 4920 4893
f 4922 4921 4916 4915
f 4902 4916 4921 4901
f 4896 4922 4915 4897
f 4920 4919 4923 4924
f 4900 4923 4919 4899
f 4893 4920 4924 4895
f 4924 4923 4921 4922
f 4901 4921 4923 4900
f 4895 4924 4922 4896
g Group54524
f 4975 4976 4928 4927
f 4976 4978 4930 4928
f 4978 4980 4932 4930
f 4982 4984 4936 4934
f 4952 4927 4925 4951
f 4984 4986 4938 4936
f 4950 4952 4951 4949
f 4986 4988 4940 4938
f 4948 4950 4949 4947
f 4988 4990 4942 4940
f 4990 4992 4944 4942
f 4992 4994 4946 4944
f 4944 4946 4945 4943
f 4942 4944 4943 4941
f 4940 4942 4941 4939
f 4996 4998 4950 4948
f 4938 4940 4939 4937
f 4998 5000 4952 4950
f 4936 4938 4937 4935
f 5000 4975 4927 4952
f 4956 4955 4954 4953
f 4958 4956 4953 4957
f 4960 4958 4957 4959
f 4962 4960 4959 4961
f 4969 4968 4963 4964
f 4970 4969 4964 4965
f 4971 4970 4965 4966
f 4972 4971 4966 4967
f 4951 4925 4957 4953
f 4925 4926 4959 4957
f 4926 4929 4961 4959
f 4929 4931 4962 4961
f 4933 4935 4972 4967
f 4935 4937 4971 4972
f 4937 4939 4970 4971
f 4939 4941 4969 4970
f 4941 4943 4968 4969
f 4943 4945 4963 4968
f 4947 4949 4954 4955
f 4949 4951 4953 4954
f 4976 4975 4974 4973
f 4978 4976 4973 4977
f 4980 4978 4977 4979
f 4984 4982 4981 4983
f 4986 4984 4983 4985
f 4988 4986 4985 4987
f 4990 4988 4987 4989
f 4992 4990 4989 4991
f 4994 4992 4991 4993
f 4998 4996 4995 4997
f 5000 4998 4997 4999
f 4975 5000 4999 4974
f 5001 4979 4977 4973
f 5002 5001 4973 4974
f 5003 5002 4974 4999
f 4995 5003 4999 4997
f 4985 4983 4981 5004
f 4987 4985 5004 5005
f 4989 4987 5005 5006
f 4991 4989 5006 4993
f 4927 4928 4926 4925
f 4928 4930 4929 4926
f 4930 4932 4931 4929
f 4934 4936 4935 4933
f 4980 5007 5008 4932
f 5009 4982 4934 5010
f 5011 4948 4947 5012
f 4946 5013 5014 4945
f 4994 5015 5013 4946
f 5016 4996 4948 5011
f 5017 5018 4955 4956
f 5019 5017 4956 4958
f 5020 5019 4958 4960
f 5021 5020 4960 4962
f 4964 4963 5022 5023
f 4965 4964 5023 5024
f 4966 4965 5024 5025
f 4967 4966 5025 5026
f 4931 5027 5021 4962
f 5028 4933 4967 5026
f 4945 5014 5022 4963
f 5012 4947 4955 5018
f 5007 4980 4979 5029
f 4982 5009 5030 4981
f 5015 4994 4993 5031
f 4996 5016 5032 4995
f 5033 5029 4979 5001
f 5034 5033 5001 5002
f 5035 5034 5002 5003
f 5032 5035 5003 4995
f 5004 4981 5030 5036
f 5005 5004 5036 5037
f 5006 5005 5037 5038
f 4993 5006 5038 5031
f 4932 5008 5027 4931
f 5010 4934 4933 5028
f 5008 5007 5009 5010
f 5013 5015 5016 5011
f 5030 5009 5007 5029
f 5032 5016 5015 5031
f 5031 5038 5035 5032
f 5029 5033 5036 5030
f 5033 5034 5037 5036
f 5034 5035 5038 5037
f 5010 5040 5039 5008
f 5021 5027 5008 5039
f 5028 5026 5040 5010
f 5011 5042 5041 5013
f 5022 5014 5013 5041
f 5012 5018 5042 5011
f 5042 5044 5043 5041
f 5023 5022 5041 5043
f 5018 5017 5044 5042
f 5046 5039 5040 5045
f 5026 5025 5045 5040
f 5020 5021 5039 5046
f 5044 5048 5047 5043
f 5024 5023 5043 5047
f 5017 5019 5048 5044
f 5048 5046 5045 5047
f 5025 5024 5047 5045
f 5019 5020 5046 5048
g Group26693
f 5099 5051 5052 5100
f 5100 5052 5054 5102
f 5102 5054 5056 5104
f 5106 5058 5060 5108
f 5076 5075 5049 5051
f 5108 5060 5062 5110
f 5074 5073 5075 5076
f 5110 5062 5064 5112
f 5072 5071 5073 5074
f 5112 5064 5066 5114
f 5114 5066 5068 5116
f 5116 5068 5070 5118
f 5068 5067 5069 5070
f 5066 5065 5067 5068
f 5064 5063 5065 5066
f 5120 5072 5074 5122
f 5062 5061 5063 5064
f 5122 5074 5076 5124
f 5060 5059 5061 5062
f 5124 5076 5051 5099
f 5080 5077 5078 5079
f 5082 5081 5077 5080
f 5084 5083 5081 5082
f 5086 5085 5083 5084
f 5093 5088 5087 5092
f 5094 5089 5088 5093
f 5095 5090 5089 5094
f 5096 5091 5090 5095
f 5075 5077 5081 5049
f 5049 5081 5083 5050
f 5050 5083 5085 5053
f 5053 5085 5086 5055
f 5057 5091 5096 5059
f 5059 5096 5095 5061
f 5061 5095 5094 5063
f 5063 5094 5093 5065
f 5065 5093 5092 5067
f 5067 5092 5087 5069
f 5071 5079 5078 5073
f 5073 5078 5077 5075
f 5100 5097 5098 5099
f 5102 5101 5097 5100
f 5104 5103 5101 5102
f 5108 5107 5105 5106
f 5110 5109 5107 5108
f 5112 5111 5109 5110
f 5114 5113 5111 5112
f 5116 5115 5113 5114
f 5118 5117 5115 5116
f 5122 5121 5119 5120
f 5124 5123 5121 5122
f 5099 5098 5123 5124
f 5125 5097 5101 5103
f 5126 5098 5097 5125
f 5127 5123 5098 5126
f 5119 5121 5123 5127
f 5109 5128 5105 5107
f 5111 5129 5128 5109
f 5113 5130 5129 5111
f 5115 5117 5130 5113
f 5051 5049 5050 5052
f 5052 5050 5053 5054
f 5054 5053 5055 5056
f 5058 5057 5059 5060
f 5104 5056 5132 5131
f 5133 5134 5058 5106
f 5135 5136 5071 5072
f 5070 5069 5138 5137
f 5118 5070 5137 5139
f 5140 5135 5072 5120
f 5141 5080 5079 5142
f 5143 5082 5080 5141
f 5144 5084 5082 5143
f 5145 5086 5084 5144
f 5088 5147 5146 5087
f 5089 5148 5147 5088
f 5090 5149 5148 5089
f 5091 5150 5149 5090
f 5055 5086 5145 5151
f 5152 5150 5091 5057
f 5069 5087 5146 5138
f 5136 5142 5079 5071
f 5131 5153 5103 5104
f 5106 5105 5154 5133
f 5139 5155 5117 5118
f 5120 5119 5156 5140
f 5157 5125 5103 5153
f 5158 5126 5125 5157
f 5159 5127 5126 5158
f 5156 5119 5127 5159
f 5128 5160 5154 5105
f 5129 5161 5160 5128
f 5130 5162 5161 5129
f 5117 5155 5162 5130
f 5056 5055 5151 5132
f 5134 5152 5057 5058
f 5132 5134 5133 5131
f 5137 5135 5140 5139
f 5154 5153 5131 5133
f 5156 5155 5139 5140
f 5155 5156 5159 5162
f 5153 5154 5160 5157
f 5157 5160 5161 5158
f 5158 5161 5162 5159
f 5134 5132 5163 5164
f 5145 5163 5132 5151
f 5152 5134 5164 5150
f 5135 5137 5165 5166
f 5146 5165 5137 5138
f 5136 5135 5166 5142
f 5166 5165 5167 5168
f 5147 5167 5165 5146
f 5142 5166 5168 5141
f 5170 5169 5164 5163
f 5150 5164 5169 5149
f 5144 5170 5163 5145
f 5168 5167 5171 5172
f 5148 5171 5167 5147
f 5141 5168 5172 5143
f 5172 5171 5169 5170
f 5149 5169 5171 5148
f 5143 5172 5170 5144
g Group22971
f 5223 5175 5176 5224
f 5224 5176 5178 5226
f 5226 5178 5180 5228
f 5230 5182 5184 5232
f 5200 5199 5173 5175
f 5232 5184 5186 5234
f 5198 5197 5199 5200
f 5234 5186 5188 5236
f 5196 5195 5197 5198
f 5236 5188 5190 5238
f 5238 5190 5192 5240
f 5240 5192 5194 5242
f 5192 5191 5193 5194
f 5190 5189 5191 5192
f 5188 5187 5189 5190
f 5244 5196 5198 5246
f 5186 5185 5187 5188
f 5246 5198 5200 5248
f 5184 5183 5185 5186
f 5248 5200 5175 5223
f 5204 5201 5202 5203
f 5206 5205 5201 5204
f 5208 5207 5205 5206
f 5210 5209 5207 5208
f 5217 5212 5211 5216
f 5218 5213 5212 5217
f 5219 5214 5213 5218
f 5220 5215 5214 5219
f 5199 5201 5205 5173
f 5173 5205 5207 5174
f 5174 5207 5209 5177
f 5177 5209 5210 5179
f 5181 5215 5220 5183
f 5183 5220 5219 5185
f 5185 5219 5218 5187
f 5187 5218 5217 5189
f 5189 5217 5216 5191
f 5191 5216 5211 5193
f 5195 5203 5202 5197
f 5197 5202 5201 5199
f 5224 5221 5222 5223
f 5226 5225 5221 5224
f 5228 5227 5225 5226
f 5232 5231 5229 5230
f 5234 5233 5231 5232
f 5236 5235 5233 5234
f 5238 5237 5235 5236
f 5240 5239 5237 5238
f 5242 5241 5239 5240
f 5246 5245 5243 5244
f 5248 5247 5245 5246
f 5223 5222 5247 5248
f 5249 5221 5225 5227
f 5250 5222 5221 5249
f 5251 5247 5222 5250
f 5243 5245 5247 5251
f 5233 5252 5229 5231
f 5235 5253 5252 5233
f 5237 5254 5253 5235
f 5239 5241 5254 5237
f 5175 5173 5174 5176
f 5176 5174 5177 5178
f 5178 5177 5179 5180
f 5182 5181 5183 5184
f 5228 5180 5256 5255
f 5257 5258 5182 5230
f 5259 5260 5195 5196
f 5194 5193 5262 5261
f 5242 5194 5261 5263
f 5264 5259 5196 5244
f 5265 5204 5203 5266
f 5267 5206 5204 5265
f 5268 5208 5206 5267
f 5269 5210 5208 5268
f 5212 5271 5270 5211
f 5213 5272 5271 5212
f 5214 5273 5272 5213
f 5215 5274 5273 5214
f 5179 5210 5269 5275
f 5276 5274 5215 5181
f 5193 5211 5270 5262
f 5260 5266 5203 5195
f 5255 5277 5227 5228
f 5230 5229 5278 5257
f 5263 5279 5241 5242
f 5244 5243 5280 5264
f 5281 5249 5227 5277
f 5282 5250 5249 5281
f 5283 5251 5250 5282
f 5280 5243 5251 5283
f 5252 5284 5278 5229
f 5253 5285 5284 5252
f 5254 5286 5285 5253
f 5241 5279 5286 5254
f 5180 5179 5275 5256
f 5258 5276 5181 5182
f 5256 5258 5257 5255
f 5261 5259 5264 5263
f 5278 5277 5255 5257
f 5280 5279 5263 5264
f 5279 5280 5283 5286
f 5277 5278 5284 5281
f 5281 5284 5285 5282
f 5282 5285 5286 5283
f 5258 5256 5287 5288
f 5269 5287 5256 5275
f 5276 5258 5288 5274
f 5259 5261 5289 5290
f 5270 5289 5261 5262
f 5260 5259 5290 5266
f 5290 5289 5291 5292
f 5271 5291 5289 5270
f 5266 5290 5292 5265
f 5294 5293 5288 5287
f 5274 5288 5293 5273
f 5268 5294 5287 5269
f 5292 5291 5295 5296
f 5272 5295 5291 5271
f 5265 5292 5296 5267
f 5296 5295 5293 5294
f 5273 5293 5295 5272
f 5267 5296 5294 5268
g Group25971
f 5348 5345 5346 5347
f 5313 5348 5347 5314
f 5313 5314 5329 5330
f 5347 5346 5349 5350
f 5314 5347 5350 5315
f 5314 5315 5331 5329
f 5350 5349 5351 5352
f 5315 5350 5352 5316
f 5315 5316 5332 5331
f 5352 5351 5353 5354
f 5316 5352 5354 5317
f 5316 5317 5333 5332
f 5354 5353 5355 5356
f 5317 5354 5356 5318
f 5317 5318 5334 5333
f 5356 5355 5357 5358
f 5318 5356 5358 5319
f 5318 5319 5335 5334
f 5358 5357 5359 5360
f 5319 5358 5360 5320
f 5319 5320 5336 5335
f 5360 5359 5361 5362
f 5320 5360 5362 5321
f 5320 5321 5337 5336
f 5362 5361 5363 5364
f 5321 5362 5364 5322
f 5321 5322 5338 5337
f 5364 5363 5365 5366
f 5322 5364 5366 5323
f 5322 5323 5339 5338
f 5366 5365 5367 5368
f 5323 5366 5368 5324
f 5323 5324 5340 5339
f 5368 5367 5369 5370
f 5324 5368 5370 5325
f 5324 5325 5341 5340
f 5370 5369 5371 5372
f 5325 5370 5372 5326
f 5325 5326 5342 5341
f 5372 5371 5373 5374
f 5326 5372 5374 5327
f 5326 5327 5343 5342
f 5374 5373 5375 5376
f 5327 5374 5376 5328
f 5327 5328 5344 5343
f 5376 5375 5345 5348
f 5328 5376 5348 5313
f 5328 5313 5330 5344
f 5345 5377 5378 5346
f 5298 5378 5377 5297
f 5330 5329 5298 5297
f 5346 5378 5379 5349
f 5299 5379 5378 5298
f 5329 5331 5299 5298
f 5349 5379 5380 5351
f 5300 5380 5379 5299
f 5331 5332 5300 5299
f 5351 5380 5381 5353
f 5301 5381 5380 5300
f 5332 5333 5301 5300
f 5353 5381 5382 5355
f 5302 5382 5381 5301
f 5333 5334 5302 5301
f 5355 5382 5383 5357
f 5303 5383 5382 5302
f 5334 5335 5303 5302
f 5357 5383 5384 5359
f 5335 5336 5304 5303
f 5359 5384 5385 5361
f 5336 5337 5305 5304
f 5361 5385 5386 5363
f 5337 5338 5306 5305
f 5363 5386 5387 5365
f 5338 5339 5307 5306
f 5365 5387 5388 5367
f 5308 5388 5387 5307
f 5339 5340 5308 5307
f 5367 5388 5389 5369
f 5309 5389 5388 5308
f 5340 5341 5309 5308
f 5369 5389 5390 5371
f 5310 5390 5389 5309
f 5341 5342 5310 5309
f 5371 5390 5391 5373
f 5311 5391 5390 5310
f 5342 5343 5311 5310
f 5373 5391 5392 5375
f 5312 5392 5391 5311
f 5343 5344 5312 5311
f 5375 5392 5377 5345
f 5297 5377 5392 5312
f 5344 5330 5297 5312
f 5444 5441 5442 5443
f 5409 5444 5443 5410
f 5409 5410 5425 5426
f 5443 5442 5445 5446
f 5410 5443 5446 5411
f 5410 5411 5427 5425
f 5446 5445 5447 5448
f 5411 5446 5448 5412
f 5411 5412 5428 5427
f 5448 5447 5449 5450
f 5412 5448 5450 5413
f 5412 5413 5429 5428
f 5450 5449 5451 5452
f 5413 5450 5452 5414
f 5413 5414 5430 5429
f 5452 5451 5453 5454
f 5414 5452 5454 5415
f 5414 5415 5431 5430
f 5454 5453 5455 5456
f 5415 5454 5456 5416
f 5415 5416 5432 5431
f 5456 5455 5457 5458
f 5416 5456 5458 5417
f 5416 5417 5433 5432
f 5458 5457 5459 5460
f 5417 5458 5460 5418
f 5417 5418 5434 5433
f 5460 5459 5461 5462
f 5418 5460 5462 5419
f 5418 5419 5435 5434
f 5462 5461 5463 5464
f 5419 5462 5464 5420
f 5419 5420 5436 5435
f 5464 5463 5465 5466
f 5420 5464 5466 5421
f 5420 5421 5437 5436
f 5466 5465 5467 5468
f 5421 5466 5468 5422
f 5421 5422 5438 5437
f 5468 5467 5469 5470
f 5422 5468 5470 5423
f 5422 5423 5439 5438
f 5470 5469 5471 5472
f 5423 5470 5472 5424
f 5423 5424 5440 5439
f 5472 5471 5441 5444
f 5424 5472 5444 5409
f 5424 5409 5426 5440
f 5441 5473 5474 5442
f 5394 5474 5473 5393
f 5426 5425 5394 5393
f 5442 5474 5475 5445
f 5395 5475 5474 5394
f 5425 5427 5395 5394
f 5445 5475 5476 5447
f 5396 5476 5475 5395
f 5427 5428 5396 5395
f 5447 5476 5477 5449
f 5397 5477 5476 5396
f 5428 5429 5397 5396
f 5449 5477 5478 5451
f 5398 5478 5477 5397
f 5429 5430 5398 5397
f 5451 5478 5479 5453
f 5399 5479 5478 5398
f 5430 5431 5399 5398
f 5453 5479 5480 5455
f 5431 5432 5400 5399
f 5455 5480 5481 5457
f 5432 5433 5401 5400
f 5457 5481 5482 5459
f 5433 5434 5402 5401
f 5459 5482 5483 5461
f 5434 5435 5403 5402
f 5461 5483 5484 5463
f 5404 5484 5483 5403
f 5435 5436 5404 5403
f 5463 5484 5485 5465
f 5405 5485 5484 5404
f 5436 5437 5405 5404
f 5465 5485 5486 5467
f 5406 5486 5485 5405
f 5437 5438 5406 5405
f 5467 5486 5487 5469
f 5407 5487 5486 5406
f 5438 5439 5407 5406
f 5469 5487 5488 5471
f 5408 5488 5487 5407
f 5439 5440 5408 5407
f 5471 5488 5473 5441
f 5393 5473 5488 5408
f 5440 5426 5393 5408
f 5492 5489 5490 5491
f 5307 5498 5496 5306
f 5386 5495 5497 5387
f 5387 5497 5498 5307
f 5494 5493 5489 5492
f 5306 5496 5494 5305
f 5385 5493 5495 5386
f 5496 5495 5493 5494
f 5305 5494 5492 5304
f 5384 5489 5493 5385
f 5498 5497 5495 5496
f 5304 5492 5491 5303
f 5303 5491 5490 5383
f 5383 5490 5489 5384
f 5502 5499 5500 5501
f 5479 5500 5499 5480
f 5399 5501 5500 5479
f 5400 5502 5501 5399
f 5504 5503 5499 5502
f 5480 5499 5503 5481
f 5401 5504 5502 5400
f 5506 5505 5503 5504
f 5481 5503 5505 5482
f 5402 5506 5504 5401
f 5508 5507 5505 5506
f 5483 5507 5508 5403
f 5482 5505 5507 5483
f 5403 5508 5506 5402
f 5551 5552 5550
f 5509 5551 5550 5512
f 5528 5533 5534 5529
f 5513 5509 5512
f 5579 5580 5585 5584
f 5574 5575 5580 5579
f 5533 5538 5539 5534
f 5575 5576 5581 5580
f 5532 5537 5538 5533
f 5532 5573 5578 5537
f 5551 5553 5554 5552
f 5510 5553 5551 5509
f 5509 5513 5514 5510
f 5553 5555 5556 5554
f 5511 5555 5553 5510
f 5510 5514 5515 5511
f 5573 5574 5579 5578
f 5537 5542 5543 5538
f 5537 5578 5583 5542
f 5557 5556 5555
f 5516 5557 5555 5511
f 5515 5516 5511
f 5596 5548 5549 5593
f 5545 5593 5591 5546
f 5569 5570 5575 5574
f 5549 5590 5592 5591
f 5550 5552 5559 5558
f 5512 5550 5558 5517
f 5512 5517 5518 5513
f 5578 5579 5584 5583
f 5584 5585 5595 5594
f 5543 5597 5596 5544
f 5536 5577 5572 5531
f 5552 5554 5560 5559
f 5513 5518 5519 5514
f 5554 5556 5561 5560
f 5514 5519 5520 5515
f 5541 5582 5577 5536
f 5542 5598 5597 5543
f 5556 5557 5562 5561
f 5515 5520 5521 5516
f 5586 5587 5592 5599
f 5521 5562 5557 5516
f 5542 5583 5600 5598
f 5558 5559 5564 5563
f 5517 5558 5563 5522
f 5517 5522 5523 5518
f 5547 5588 5589 5548
f 5535 5540 5541 5536
f 5585 5586 5599 5595
f 5530 5535 5536 5531
f 5559 5560 5565 5564
f 5518 5523 5524 5519
f 5560 5561 5566 5565
f 5519 5524 5525 5520
f 5598 5600 5588 5547
f 5583 5584 5594 5600
f 5561 5562 5567 5566
f 5520 5525 5526 5521
f 5571 5572 5577 5576
f 5526 5567 5562 5521
f 5546 5587 5582 5541
f 5563 5564 5569 5568
f 5522 5563 5568 5527
f 5522 5527 5528 5523
f 5576 5577 5582 5581
f 5538 5543 5544 5539
f 5539 5544 5545 5540
f 5581 5582 5587 5586
f 5564 5565 5570 5569
f 5523 5528 5529 5524
f 5565 5566 5571 5570
f 5524 5529 5530 5525
f 5529 5534 5535 5530
f 5540 5545 5546 5541
f 5566 5567 5572 5571
f 5525 5530 5531 5526
f 5544 5596 5593 5545
f 5531 5572 5567 5526
f 5548 5589 5590 5549
f 5568 5569 5574 5573
f 5527 5568 5573 5532
f 5527 5532 5533 5528
f 5580 5581 5586 5585
f 5534 5539 5540 5535
f 5570 5571 5576 5575
f 5591 5592 5587 5546
f 5549 5591 5593
f 5594 5595 5589 5588
f 5597 5547 5548 5596
f 5547 5597 5598
f 5592 5590 5599
f 5594 5588 5600
f 5595 5599 5590 5589
f 5651 5603 5604 5652
f 5652 5604 5606 5654
f 5654 5606 5608 5656
f 5658 5610 5612 5660
f 5628 5627 5601 5603
f 5660 5612 5614 5662
f 5626 5625 5627 5628
f 5662 5614 5616 5664
f 5624 5623 5625 5626
f 5664 5616 5618 5666
f 5666 5618 5620 5668
f 5668 5620 5622 5670
f 5620 5619 5621 5622
f 5618 5617 5619 5620
f 5616 5615 5617 5618
f 5672 5624 5626 5674
f 5614 5613 5615 5616
f 5674 5626 5628 5676
f 5612 5611 5613 5614
f 5676 5628 5603 5651
f 5632 5629 5630 5631
f 5634 5633 5629 5632
f 5636 5635 5633 5634
f 5638 5637 5635 5636
f 5645 5640 5639 5644
f 5646 5641 5640 5645
f 5647 5642 5641 5646
f 5648 5643 5642 5647
f 5627 5629 5633 5601
f 5601 5633 5635 5602
f 5602 5635 5637 5605
f 5605 5637 5638 5607
f 5609 5643 5648 5611
f 5611 5648 5647 5613
f 5613 5647 5646 5615
f 5615 5646 5645 5617
f 5617 5645 5644 5619
f 5619 5644 5639 5621
f 5623 5631 5630 5625
f 5625 5630 5629 5627
f 5652 5649 5650 5651
f 5654 5653 5649 5652
f 5656 5655 5653 5654
f 5660 5659 5657 5658
f 5662 5661 5659 5660
f 5664 5663 5661 5662
f 5666 5665 5663 5664
f 5668 5667 5665 5666
f 5670 5669 5667 5668
f 5674 5673 5671 5672
f 5676 5675 5673 5674
f 5651 5650 5675 5676
f 5677 5649 5653 5655
f 5678 5650 5649 5677
f 5679 5675 5650 5678
f 5671 5673 5675 5679
f 5661 5680 5657 5659
f 5663 5681 5680 5661
f 5665 5682 5681 5663
f 5667 5669 5682 5665
f 5603 5601 5602 5604
f 5604 5602 5605 5606
f 5606 5605 5607 5608
f 5610 5609 5611 5612
f 5656 5608 5684 5683
f 5685 5686 5610 5658
f 5687 5688 5623 5624
f 5622 5621 5690 5689
f 5670 5622 5689 5691
f 5692 5687 5624 5672
f 5693 5632 5631 5694
f 5695 5634 5632 5693
f 5696 5636 5634 5695
f 5697 5638 5636 5696
f 5640 5699 5698 5639
f 5641 5700 5699 5640
f 5642 5701 5700 5641
f 5643 5702 5701 5642
f 5607 5638 5697 5703
f 5704 5702 5643 5609
f 5621 5639 5698 5690
f 5688 5694 5631 5623
f 5683 5705 5655 5656
f 5658 5657 5706 5685
f 5691 5707 5669 5670
f 5672 5671 5708 5692
f 5709 5677 5655 5705
f 5710 5678 5677 5709
f 5711 5679 5678 5710
f 5708 5671 5679 5711
f 5680 5712 5706 5657
f 5681 5713 5712 5680
f 5682 5714 5713 5681
f 5669 5707 5714 5682
f 5608 5607 5703 5684
f 5686 5704 5609 5610
f 5684 5686 5685 5683
f 5689 5687 5692 5691
f 5706 5705 5683 5685
f 5708 5707 5691 5692
f 5707 5708 5711 5714
f 5705 5706 5712 5709
f 5709 5712 5713 5710
f 5710 5713 5714 5711
f 5686 5684 5715 5716
f 5697 5715 5684 5703
f 5704 5686 5716 5702
f 5687 5689 5717 5718
f 5698 5717 5689 5690
f 5688 5687 5718 5694
f 5718 5717 5719 5720
f 5699 5719 5717 5698
f 5694 5718 5720 5693
f 5722 5721 5716 5715
f 5702 5716 5721 5701
f 5696 5722 5715 5697
f 5720 5719 5723 5724
f 5700 5723 5719 5699
f 5693 5720 5724 5695
f 5724 5723 5721 5722
f 5701 5721 5723 5700
f 5695 5724 5722 5696
f 5775 5727 5728 5776
f 5776 5728 5730 5778
f 5778 5730 5732 5780
f 5782 5734 5736 5784
f 5752 5751 5725 5727
f 5784 5736 5738 5786
f 5750 5749 5751 5752
f 5786 5738 5740 5788
f 5748 5747 5749 5750
f 5788 5740 5742 5790
f 5790 5742 5744 5792
f 5792 5744 5746 5794
f 5744 5743 5745 5746
f 5742 5741 5743 5744
f 5740 5739 5741 5742
f 5796 5748 5750 5798
f 5738 5737 5739 5740
f 5798 5750 5752 5800
f 5736 5735 5737 5738
f 5800 5752 5727 5775
f 5756 5753 5754 5755
f 5758 5757 5753 5756
f 5760 5759 5757 5758
f 5762 5761 5759 5760
f 5769 5764 5763 5768
f 5770 5765 5764 5769
f 5771 5766 5765 5770
f 5772 5767 5766 5771
f 5751 5753 5757 5725
f 5725 5757 5759 5726
f 5726 5759 5761 5729
f 5729 5761 5762 5731
f 5733 5767 5772 5735
f 5735 5772 5771 5737
f 5737 5771 5770 5739
f 5739 5770 5769 5741
f 5741 5769 5768 5743
f 5743 5768 5763 5745
f 5747 5755 5754 5749
f 5749 5754 5753 5751
f 5776 5773 5774 5775
f 5778 5777 5773 5776
f 5780 5779 5777 5778
f 5784 5783 5781 5782
f 5786 5785 5783 5784
f 5788 5787 5785 5786
f 5790 5789 5787 5788
f 5792 5791 5789 5790
f 5794 5793 5791 5792
f 5798 5797 5795 5796
f 5800 5799 5797 5798
f 5775 5774 5799 5800
f 5801 5773 5777 5779
f 5802 5774 5773 5801
f 5803 5799 5774 5802
f 5795 5797 5799 5803
f 5785 5804 5781 5783
f 5787 5805 5804 5785
f 5789 5806 5805 5787
f 5791 5793 5806 5789
f 5727 5725 5726 5728
f 5728 5726 5729 5730
f 5730 5729 5731 5732
f 5734 5733 5735 5736
f 5780 5732 5808 5807
f 5809 5810 5734 5782
f 5811 5812 5747 5748
f 5746 5745 5814 5813
f 5794 5746 5813 5815
f 5816 5811 5748 5796
f 5817 5756 5755 5818
f 5819 5758 5756 5817
f 5820 5760 5758 5819
f 5821 5762 5760 5820
f 5764 5823 5822 5763
f 5765 5824 5823 5764
f 5766 5825 5824 5765
f 5767 5826 5825 5766
f 5731 5762 5821 5827
f 5828 5826 5767 5733
f 5745 5763 5822 5814
f 5812 5818 5755 5747
f 5807 5829 5779 5780
f 5782 5781 5830 5809
f 5815 5831 5793 5794
f 5796 5795 5832 5816
f 5833 5801 5779 5829
f 5834 5802 5801 5833
f 5835 5803 5802 5834
f 5832 5795 5803 5835
f 5804 5836 5830 5781
f 5805 5837 5836 5804
f 5806 5838 5837 5805
f 5793 5831 5838 5806
f 5732 5731 5827 5808
f 5810 5828 5733 5734
f 5808 5810 5809 5807
f 5813 5811 5816 5815
f 5830 5829 5807 5809
f 5832 5831 5815 5816
f 5831 5832 5835 5838
f 5829 5830 5836 5833
f 5833 5836 5837 5834
f 5834 5837 5838 5835
f 5810 5808 5839 5840
f 5821 5839 5808 5827
f 5828 5810 5840 5826
f 5811 5813 5841 5842
f 5822 5841 5813 5814
f 5812 5811 5842 5818
f 5842 5841 5843 5844
f 5823 5843 5841 5822
f 5818 5842 5844 5817
f 5846 5845 5840 5839
f 5826 5840 5845 5825
f 5820 5846 5839 5821
f 5844 5843 5847 5848
f 5824 5847 5843 5823
f 5817 5844 5848 5819
f 5848 5847 5845 5846
f 5825 5845 5847 5824
f 5819 5848 5846 5820
g Group60339
f 5933 5940 5921 5915
f 5940 5939 5922 5921
f 5920 5922 5939 5938
f 5918 5920 5938 5937
f 5863 5867 5857 5859
f 5865 5860 5858 5868
f 5864 5863 5859 5861
f 5853 5856 5864 5861
f 5866 5862 5860 5865
f 5852 5849 5862 5866
f 5937 5936 5919 5918
f 5912 5919 5936 5930
f 5873 5874 5854 5871
f 5877 5878 5879 5855
f 5916 5917 5935 5934
f 5923 5935 5917 5905
f 5877 5855 5854 5874
f 5885 5857 5886 5887
f 5891 5859 5857 5885
f 5893 5861 5859 5891
f 5869 5853 5861 5893
f 5864 5895 5896 5863
f 5856 5883 5895 5864
f 5863 5896 5899 5867
f 5867 5899 5901 5902
f 5867 5902 5886 5857
f 5932 5931 5914 5913
f 5913 5916 5934 5932
f 5872 5875 5873 5871
f 5874 5873 5875 5876
f 5879 5878 5881 5880
f 5878 5877 5882 5881
f 5908 5909 5929 5926
f 5931 5933 5915 5914
f 5876 5882 5877 5874
f 5889 5888 5885 5887
f 5887 5886 5890 5889
f 5888 5892 5891 5885
f 5892 5894 5893 5891
f 5869 5893 5894 5870
f 5884 5898 5895 5883
f 5896 5895 5898 5897
f 5897 5900 5899 5896
f 5900 5904 5901 5899
f 5902 5901 5904 5903
f 5886 5902 5903 5890
f 5927 5929 5909 5911
f 5907 5906 5850 5908
f 5909 5851 5910 5911
f 5925 5924 5906 5907
f 5909 5908 5850 5851
f 5913 5914 5915 5858
f 5916 5913 5858 5860
f 5917 5916 5860 5862
f 5849 5905 5917 5862
f 5866 5865 5918 5919
f 5912 5852 5866 5919
f 5865 5868 5920 5918
f 5868 5921 5922 5920
f 5868 5858 5915 5921
f 5907 5908 5926 5925
f 5924 5925 5875 5872
f 5925 5926 5876 5875
f 5927 5928 5880 5881
f 5929 5927 5881 5882
f 5911 5910 5928 5927
f 5926 5929 5882 5876
f 5931 5932 5888 5889
f 5933 5931 5889 5890
f 5932 5934 5892 5888
f 5934 5935 5894 5892
f 5923 5870 5894 5935
f 5936 5937 5897 5898
f 5884 5930 5936 5898
f 5937 5938 5900 5897
f 5939 5940 5903 5904
f 5938 5939 5904 5900
f 5940 5933 5890 5903
f 5923 5941 5942 5870
f 5941 5943 5944 5942
f 5943 5945 5946 5944
f 5945 5924 5872 5946
f 5854 5947 5948 5871
f 5947 5949 5950 5948
f 5949 5951 5952 5950
f 5951 5853 5869 5952
f 5879 5953 5954 5855
f 5953 5955 5956 5954
f 5955 5957 5958 5956
f 5957 5883 5856 5958
f 5906 5959 5960 5850
f 5959 5961 5962 5960
f 5961 5963 5964 5962
f 5963 5905 5849 5964
f 5910 5965 5966 5928
f 5965 5967 5968 5966
f 5967 5969 5970 5968
f 5969 5912 5930 5970
f 5850 5960 5971 5851
f 5960 5962 5972 5971
f 5962 5964 5973 5972
f 5964 5849 5852 5973
f 5870 5942 5952 5869
f 5942 5944 5950 5952
f 5944 5946 5948 5950
f 5946 5872 5871 5948
f 5928 5966 5974 5880
f 5966 5968 5975 5974
f 5968 5970 5976 5975
f 5970 5930 5884 5976
f 5924 5945 5959 5906
f 5945 5943 5961 5959
f 5943 5941 5963 5961
f 5941 5923 5905 5963
f 5855 5954 5947 5854
f 5954 5956 5949 5947
f 5956 5958 5951 5949
f 5958 5856 5853 5951
f 5880 5974 5953 5879
f 5974 5975 5955 5953
f 5975 5976 5957 5955
f 5976 5884 5883 5957
f 5851 5971 5965 5910
f 5971 5972 5967 5965
f 5972 5973 5969 5967
f 5973 5852 5912 5969
g Group34514
f 6028 6027 6026 6025
f 5993 5994 6027 6028
f 5993 6010 6009 5994
f 6027 6030 6029 6026
f 5994 5995 6030 6027
f 5994 6009 6011 5995
f 6030 6032 6031 6029
f 5995 5996 6032 6030
f 5995 6011 6012 5996
f 6032 6034 6033 6031
f 5996 5997 6034 6032
f 5996 6012 6013 5997
f 6034 6036 6035 6033
f 5997 5998 6036 6034
f 5997 6013 6014 5998
f 6036 6038 6037 6035
f 5998 5999 6038 6036
f 5998 6014 6015 5999
f 6038 6040 6039 6037
f 5999 6000 6040 6038
f 5999 6015 6016 6000
f 6040 6042 6041 6039
f 6000 6001 6042 6040
f 6000 6016 6017 6001
f 6042 6044 6043 6041
f 6001 6002 6044 6042
f 6001 6017 6018 6002
f 6044 6046 6045 6043
f 6002 6003 6046 6044
f 6002 6018 6019 6003
f 6046 6048 6047 6045
f 6003 6004 6048 6046
f 6003 6019 6020 6004
f 6048 6050 6049 6047
f 6004 6005 6050 6048
f 6004 6020 6021 6005
f 6050 6052 6051 6049
f 6005 6006 6052 6050
f 6005 6021 6022 6006
f 6052 6054 6053 6051
f 6006 6007 6054 6052
f 6006 6022 6023 6007
f 6054 6056 6055 6053
f 6007 6008 6056 6054
f 6007 6023 6024 6008
f 6056 6028 6025 6055
f 6008 5993 6028 6056
f 6008 6024 6010 5993
f 6025 6026 6058 6057
f 5978 5977 6057 6058
f 6010 5977 5978 6009
f 6026 6029 6059 6058
f 5979 5978 6058 6059
f 6009 5978 5979 6011
f 6029 6031 6060 6059
f 5980 5979 6059 6060
f 6011 5979 5980 6012
f 6031 6033 6061 6060
f 5981 5980 6060 6061
f 6012 5980 5981 6013
f 6033 6035 6062 6061
f 5982 5981 6061 6062
f 6013 5981 5982 6014
f 6035 6037 6063 6062
f 5983 5982 6062 6063
f 6014 5982 5983 6015
f 6037 6039 6064 6063
f 6015 5983 5984 6016
f 6039 6041 6065 6064
f 6016 5984 5985 6017
f 6041 6043 6066 6065
f 6017 5985 5986 6018
f 6043 6045 6067 6066
f 6018 5986 5987 6019
f 6045 6047 6068 6067
f 5988 5987 6067 6068
f 6019 5987 5988 6020
f 6047 6049 6069 6068
f 5989 5988 6068 6069
f 6020 5988 5989 6021
f 6049 6051 6070 6069
f 5990 5989 6069 6070
f 6021 5989 5990 6022
f 6051 6053 6071 6070
f 5991 5990 6070 6071
f 6022 5990 5991 6023
f 6053 6055 6072 6071
f 5992 5991 6071 6072
f 6023 5991 5992 6024
f 6055 6025 6057 6072
f 5977 5992 6072 6057
f 6024 5992 5977 6010
f 6124 6123 6122 6121
f 6089 6090 6123 6124
f 6089 6106 6105 6090
f 6123 6126 6125 6122
f 6090 6091 6126 6123
f 6090 6105 6107 6091
f 6126 6128 6127 6125
f 6091 6092 6128 6126
f 6091 6107 6108 6092
f 6128 6130 6129 6127
f 6092 6093 6130 6128
f 6092 6108 6109 6093
f 6130 6132 6131 6129
f 6093 6094 6132 6130
f 6093 6109 6110 6094
f 6132 6134 6133 6131
f 6094 6095 6134 6132
f 6094 6110 6111 6095
f 6134 6136 6135 6133
f 6095 6096 6136 6134
f 6095 6111 6112 6096
f 6136 6138 6137 6135
f 6096 6097 6138 6136
f 6096 6112 6113 6097
f 6138 6140 6139 6137
f 6097 6098 6140 6138
f 6097 6113 6114 6098
f 6140 6142 6141 6139
f 6098 6099 6142 6140
f 6098 6114 6115 6099
f 6142 6144 6143 6141
f 6099 6100 6144 6142
f 6099 6115 6116 6100
f 6144 6146 6145 6143
f 6100 6101 6146 6144
f 6100 6116 6117 6101
f 6146 6148 6147 6145
f 6101 6102 6148 6146
f 6101 6117 6118 6102
f 6148 6150 6149 6147
f 6102 6103 6150 6148
f 6102 6118 6119 6103
f 6150 6152 6151 6149
f 6103 6104 6152 6150
f 6103 6119 6120 6104
f 6152 6124 6121 6151
f 6104 6089 6124 6152
f 6104 6120 6106 6089
f 6121 6122 6154 6153
f 6074 6073 6153 6154
f 6106 6073 6074 6105
f 6122 6125 6155 6154
f 6075 6074 6154 6155
f 6105 6074 6075 6107
f 6125 6127 6156 6155
f 6076 6075 6155 6156
f 6107 6075 6076 6108
f 6127 6129 6157 6156
f 6077 6076 6156 6157
f 6108 6076 6077 6109
f 6129 6131 6158 6157
f 6078 6077 6157 6158
f 6109 6077 6078 6110
f 6131 6133 6159 6158
f 6079 6078 6158 6159
f 6110 6078 6079 6111
f 6133 6135 6160 6159
f 6111 6079 6080 6112
f 6135 6137 6161 6160
f 6112 6080 6081 6113
f 6137 6139 6162 6161
f 6113 6081 6082 6114
f 6139 6141 6163 6162
f 6114 6082 6083 6115
f 6141 6143 6164 6163
f 6084 6083 6163 6164
f 6115 6083 6084 6116
f 6143 6145 6165 6164
f 6085 6084 6164 6165
f 6116 6084 6085 6117
f 6145 6147 6166 6165
f 6086 6085 6165 6166
f 6117 6085 6086 6118
f 6147 6149 6167 6166
f 6087 6086 6166 6167
f 6118 6086 6087 6119
f 6149 6151 6168 6167
f 6088 6087 6167 6168
f 6119 6087 6088 6120
f 6151 6121 6153 6168
f 6073 6088 6168 6153
f 6120 6088 6073 6106
f 6220 6219 6218 6217
f 6185 6186 6219 6220
f 6185 6202 6201 6186
f 6219 6222 6221 6218
f 6186 6187 6222 6219
f 6186 6201 6203 6187
f 6222 6224 6223 6221
f 6187 6188 6224 6222
f 6187 6203 6204 6188
f 6224 6226 6225 6223
f 6188 6189 6226 6224
f 6188 6204 6205 6189
f 6226 6228 6227 6225
f 6189 6190 6228 6226
f 6189 6205 6206 6190
f 6228 6230 6229 6227
f 6190 6191 6230 6228
f 6190 6206 6207 6191
f 6230 6232 6231 6229
f 6191 6192 6232 6230
f 6191 6207 6208 6192
f 6232 6234 6233 6231
f 6192 6193 6234 6232
f 6192 6208 6209 6193
f 6234 6236 6235 6233
f 6193 6194 6236 6234
f 6193 6209 6210 6194
f 6236 6238 6237 6235
f 6194 6195 6238 6236
f 6194 6210 6211 6195
f 6238 6240 6239 6237
f 6195 6196 6240 6238
f 6195 6211 6212 6196
f 6240 6242 6241 6239
f 6196 6197 6242 6240
f 6196 6212 6213 6197
f 6242 6244 6243 6241
f 6197 6198 6244 6242
f 6197 6213 6214 6198
f 6244 6246 6245 6243
f 6198 6199 6246 6244
f 6198 6214 6215 6199
f 6246 6248 6247 6245
f 6199 6200 6248 6246
f 6199 6215 6216 6200
f 6248 6220 6217 6247
f 6200 6185 6220 6248
f 6200 6216 6202 6185
f 6217 6218 6250 6249
f 6170 6169 6249 6250
f 6202 6169 6170 6201
f 6218 6221 6251 6250
f 6171 6170 6250 6251
f 6201 6170 6171 6203
f 6221 6223 6252 6251
f 6172 6171 6251 6252
f 6203 6171 6172 6204
f 6223 6225 6253 6252
f 6173 6172 6252 6253
f 6204 6172 6173 6205
f 6225 6227 6254 6253
f 6174 6173 6253 6254
f 6205 6173 6174 6206
f 6227 6229 6255 6254
f 6175 6174 6254 6255
f 6206 6174 6175 6207
f 6229 6231 6256 6255
f 6207 6175 6176 6208
f 6231 6233 6257 6256
f 6208 6176 6177 6209
f 6233 6235 6258 6257
f 6209 6177 6178 6210
f 6235 6237 6259 6258
f 6210 6178 6179 6211
f 6237 6239 6260 6259
f 6180 6179 6259 6260
f 6211 6179 6180 6212
f 6239 6241 6261 6260
f 6181 6180 6260 6261
f 6212 6180 6181 6213
f 6241 6243 6262 6261
f 6182 6181 6261 6262
f 6213 6181 6182 6214
f 6243 6245 6263 6262
f 6183 6182 6262 6263
f 6214 6182 6183 6215
f 6245 6247 6264 6263
f 6184 6183 6263 6264
f 6215 6183 6184 6216
f 6247 6217 6249 6264
f 6169 6184 6264 6249
f 6216 6184 6169 6202
f 6268 6267 6266 6265
f 6063 6064 6265 6266
f 5983 6063 6266 6267
f 5984 5983 6267 6268
f 6270 6268 6265 6269
f 6064 6065 6269 6265
f 5985 5984 6268 6270
f 6272 6270 6269 6271
f 6065 6066 6271 6269
f 5986 5985 6270 6272
f 6274 6272 6271 6273
f 6067 5987 6274 6273
f 6066 6067 6273 6271
f 5987 5986 6272 6274
f 6278 6277 6276 6275
f 6159 6160 6275 6276
f 6079 6159 6276 6277
f 6080 6079 6277 6278
f 6280 6278 6275 6279
f 6160 6161 6279 6275
f 6081 6080 6278 6280
f 6282 6280 6279 6281
f 6161 6162 6281 6279
f 6082 6081 6280 6282
f 6284 6282 6281 6283
f 6163 6083 6284 6283
f 6162 6163 6283 6281
f 6083 6082 6282 6284
f 6288 6287 6286 6285
f 6255 6256 6285 6286
f 6175 6255 6286 6287
f 6176 6175 6287 6288
f 6290 6288 6285 6289
f 6256 6257 6289 6285
f 6177 6176 6288 6290
f 6292 6290 6289 6291
f 6257 6258 6291 6289
f 6178 6177 6290 6292
f 6294 6292 6291 6293
f 6259 6179 6294 6293
f 6258 6259 6293 6291
f 6179 6178 6292 6294
g Group50685
f 6336 6338 6337
f 6295 6298 6336 6337
f 6314 6315 6320 6319
f 6298 6295 6299
f 6365 6370 6371 6366
f 6360 6365 6366 6361
f 6319 6320 6325 6324
f 6361 6366 6367 6362
f 6318 6319 6324 6323
f 6318 6323 6364 6359
f 6337 6338 6340 6339
f 6296 6295 6337 6339
f 6295 6296 6300 6299
f 6339 6340 6342 6341
f 6297 6296 6339 6341
f 6296 6297 6301 6300
f 6359 6364 6365 6360
f 6323 6324 6329 6328
f 6323 6328 6369 6364
f 6341 6342 6343
f 6302 6297 6341 6343
f 6297 6302 6301
f 6382 6379 6335 6334
f 6331 6332 6377 6379
f 6355 6360 6361 6356
f 6335 6377 6378 6376
f 6336 6344 6345 6338
f 6298 6303 6344 6336
f 6298 6299 6304 6303
f 6364 6369 6370 6365
f 6370 6380 6381 6371
f 6329 6330 6382 6383
f 6322 6317 6358 6363
f 6338 6345 6346 6340
f 6299 6300 6305 6304
f 6340 6346 6347 6342
f 6300 6301 6306 6305
f 6327 6322 6363 6368
f 6328 6329 6383 6384
f 6342 6347 6348 6343
f 6301 6302 6307 6306
f 6372 6385 6378 6373
f 6307 6302 6343 6348
f 6328 6384 6386 6369
f 6344 6349 6350 6345
f 6303 6308 6349 6344
f 6303 6304 6309 6308
f 6333 6334 6375 6374
f 6321 6322 6327 6326
f 6371 6381 6385 6372
f 6316 6317 6322 6321
f 6345 6350 6351 6346
f 6304 6305 6310 6309
f 6346 6351 6352 6347
f 6305 6306 6311 6310
f 6384 6333 6374 6386
f 6369 6386 6380 6370
f 6347 6352 6353 6348
f 6306 6307 6312 6311
f 6357 6362 6363 6358
f 6312 6307 6348 6353
f 6332 6327 6368 6373
f 6349 6354 6355 6350
f 6308 6313 6354 6349
f 6308 6309 6314 6313
f 6362 6367 6368 6363
f 6324 6325 6330 6329
f 6325 6326 6331 6330
f 6367 6372 6373 6368
f 6350 6355 6356 6351
f 6309 6310 6315 6314
f 6351 6356 6357 6352
f 6310 6311 6316 6315
f 6315 6316 6321 6320
f 6326 6327 6332 6331
f 6352 6357 6358 6353
f 6311 6312 6317 6316
f 6330 6331 6379 6382
f 6317 6312 6353 6358
f 6334 6335 6376 6375
f 6354 6359 6360 6355
f 6313 6318 6359 6354
f 6313 6314 6319 6318
f 6366 6371 6372 6367
f 6320 6321 6326 6325
f 6356 6361 6362 6357
f 6377 6332 6373 6378
f 6379 6377 6335
f 6380 6374 6375 6381
f 6383 6382 6334 6333
f 6384 6383 6333
f 6385 6376 6378
f 6386 6374 6380
f 6381 6375 6376 6385
g Group377
f 6387 6388 6389
f 6387 6389 6390
f 6387 6390 6391
f 6387 6391 6392
f 6387 6392 6393
f 6387 6393 6394
f 6387 6394 6395
f 6387 6395 6396
f 6387 6396 6397
f 6387 6397 6398
f 6387 6398 6399
f 6387 6399 6400
f 6387 6400 6401
f 6387 6401 6402
f 6387 6402 6403
f 6387 6403 6404
f 6387 6404 6405
f 6387 6405 6406
f 6387 6406 6407
f 6387 6407 6408
f 6387 6408 6409
f 6387 6409 6410
f 6387 6410 6411
f 6387 6411 6412
f 6387 6412 6413
f 6387 6413 6414
f 6387 6414 6415
f 6387 6415 6416
f 6387 6416 6417
f 6387 6417 6418
f 6387 6418 6419
f 6387 6419 6388
f 6388 6420 6421 6389
f 6389 6421 6422 6390
f 6390 6422 6423 6391
f 6391 6423 6424 6392
f 6392 6424 6425 6393
f 6393 6425 6426 6394
f 6394 6426 6427 6395
f 6395 6427 6428 6396
f 6396 6428 6429 6397
f 6397 6429 6430 6398
f 6398 6430 6431 6399
f 6399 6431 6432 6400
f 6400 6432 6433 6401
f 6401 6433 6434 6402
f 6402 6434 6435 6403
f 6403 6435 6436 6404
f 6404 6436 6437 6405
f 6405 6437 6438 6406
f 6406 6438 6439 6407
f 6407 6439 6440 6408
f 6408 6440 6441 6409
f 6409 6441 6442 6410
f 6410 6442 6443 6411
f 6411 6443 6444 6412
f 6412 6444 6445 6413
f 6413 6445 6446 6414
f 6414 6446 6447 6415
f 6415 6447 6448 6416
f 6416 6448 6449 6417
f 6417 6449 6450 6418
f 6418 6450 6451 6419
f 6419 6451 6420 6388
f 6420 6452 6453 6421
f 6421 6453 6454 6422
f 6422 6454 6455 6423
f 6423 6455 6456 6424
f 6424 6456 6457 6425
f 6425 6457 6458 6426
f 6426 6458 6459 6427
f 6427 6459 6460 6428
f 6428 6460 6461 6429
f 6429 6461 6462 6430
f 6430 6462 6463 6431
f 6431 6463 6464 6432
f 6432 6464 6465 6433
f 6433 6465 6466 6434
f 6434 6466 6467 6435
f 6435 6467 6468 6436
f 6436 6468 6469 6437
f 6437 6469 6470 6438
f 6438 6470 6471 6439
f 6439 6471 6472 6440
f 6440 6472 6473 6441
f 6441 6473 6474 6442
f 6442 6474 6475 6443
f 6443 6475 6476 6444
f 6444 6476 6477 6445
f 6445 6477 6478 6446
f 6446 6478 6479 6447
f 6447 6479 6480 6448
f 6448 6480 6481 6449
f 6449 6481 6482 6450
f 6450 6482 6483 6451
f 6451 6483 6452 6420
f 6452 6484 6485 6453
f 6453 6485 6486 6454
f 6454 6486 6487 6455
f 6455 6487 6488 6456
f 6456 6488 6489 6457
f 6457 6489 6490 6458
f 6458 6490 6491 6459
f 6459 6491 6492 6460
f 6460 6492 6493 6461
f 6461 6493 6494 6462
f 6462 6494 6495 6463
f 6463 6495 6496 6464
f 6464 6496 6497 6465
f 6465 6497 6498 6466
f 6466 6498 6499 6467
f 6467 6499 6500 6468
f 6468 6500 6501 6469
f 6469 6501 6502 6470
f 6470 6502 6503 6471
f 6471 6503 6504 6472
f 6472 6504 6505 6473
f 6473 6505 6506 6474
f 6474 6506 6507 6475
f 6475 6507 6508 6476
f 6476 6508 6509 6477
f 6477 6509 6510 6478
f 6478 6510 6511 6479
f 6479 6511 6512 6480
f 6480 6512 6513 6481
f 6481 6513 6514 6482
f 6482 6514 6515 6483
f 6483 6515 6484 6452
f 6484 6516 6517 6485
f 6485 6517 6518 6486
f 6486 6518 6519 6487
f 6487 6519 6520 6488
f 6488 6520 6521 6489
f 6489 6521 6522 6490
f 6490 6522 6523 6491
f 6491 6523 6524 6492
f 6492 6524 6525 6493
f 6493 6525 6526 6494
f 6494 6526 6527 6495
f 6495 6527 6528 6496
f 6496 6528 6529 6497
f 6497 6529 6530 6498
f 6498 6530 6531 6499
f 6499 6531 6532 6500
f 6500 6532 6533 6501
f 6501 6533 6534 6502
f 6502 6534 6535 6503
f 6503 6535 6536 6504
f 6504 6536 6537 6505
f 6505 6537 6538 6506
f 6506 6538 6539 6507
f 6507 6539 6540 6508
f 6508 6540 6541 6509
f 6509 6541 6542 6510
f 6510 6542 6543 6511
f 6511 6543 6544 6512
f 6512 6544 6545 6513
f 6513 6545 6546 6514
f 6514 6546 6547 6515
f 6515 6547 6516 6484
f 6516 6548 6549 6517
f 6517 6549 6550 6518
f 6518 6550 6551 6519
f 6519 6551 6552 6520
f 6520 6552 6553 6521
f 6521 6553 6554 6522
f 6522 6554 6555 6523
f 6523 6555 6556 6524
f 6524 6556 6557 6525
f 6525 6557 6558 6526
f 6526 6558 6559 6527
f 6527 6559 6560 6528
f 6528 6560 6561 6529
f 6529 6561 6562 6530
f 6530 6562 6563 6531
f 6531 6563 6564 6532
f 6532 6564 6565 6533
f 6533 6565 6566 6534
f 6534 6566 6567 6535
f 6535 6567 6568 6536
f 6536 6568 6569 6537
f 6537 6569 6570 6538
f 6538 6570 6571 6539
f 6539 6571 6572 6540
f 6540 6572 6573 6541
f 6541 6573 6574 6542
f 6542 6574 6575 6543
f 6543 6575 6576 6544
f 6544 6576 6577 6545
f 6545 6577 6578 6546
f 6546 6578 6579 6547
f 6547 6579 6548 6516
f 6548 6580 6581 6549
f 6549 6581 6582 6550
f 6550 6582 6583 6551
f 6551 6583 6584 6552
f 6552 6584 6585 6553
f 6553 6585 6586 6554
f 6554 6586 6587 6555
f 6555 6587 6588 6556
f 6556 6588 6589 6557
f 6557 6589 6590 6558
f 6558 6590 6591 6559
f 6559 6591 6592 6560
f 6560 6592 6593 6561
f 6561 6593 6594 6562
f 6562 6594 6595 6563
f 6563 6595 6596 6564
f 6564 6596 6597 6565
f 6565 6597 6598 6566
f 6566 6598 6599 6567
f 6567 6599 6600 6568
f 6568 6600 6601 6569
f 6569 6601 6602 6570
f 6570 6602 6603 6571
f 6571 6603 6604 6572
f 6572 6604 6605 6573
f 6573 6605 6606 6574
f 6574 6606 6607 6575
f 6575 6607 6608 6576
f 6576 6608 6609 6577
f 6577 6609 6610 6578
f 6578 6610 6611 6579
f 6579 6611 6580 6548
f 6580 6612 6613 6581
f 6581 6613 6614 6582
f 6582 6614 6615 6583
f 6583 6615 6616 6584
f 6584 6616 6617 6585
f 6585 6617 6618 6586
f 6586 6618 6619 6587
f 6587 6619 6620 6588
f 6588 6620 6621 6589
f 6589 6621 6622 6590
f 6590 6622 6623 6591
f 6591 6623 6624 6592
f 6592 6624 6625 6593
f 6593 6625 6626 6594
f 6594 6626 6627 6595
f 6595 6627 6628 6596
f 6596 6628 6629 6597
f 6597 6629 6630 6598
f 6598 6630 6631 6599
f 6599 6631 6632 6600
f 6600 6632 6633 6601
f 6601 6633 6634 6602
f 6602 6634 6635 6603
f 6603 6635 6636 6604
f 6604 6636 6637 6605
f 6605 6637 6638 6606
f 6606 6638 6639 6607
f 6607 6639 6640 6608
f 6608 6640 6641 6609
f 6609 6641 6642 6610
f 6610 6642 6643 6611
f 6611 6643 6612 6580
f 6612 6644 6645 6613
f 6613 6645 6646 6614
f 6614 6646 6647 6615
f 6615 6647 6648 6616
f 6616 6648 6649 6617
f 6617 6649 6650 6618
f 6618 6650 6651 6619
f 6619 6651 6652 6620
f 6620 6652 6653 6621
f 6621 6653 6654 6622
f 6622 6654 6655 6623
f 6623 6655 6656 6624
f 6624 6656 6657 6625
f 6625 6657 6658 6626
f 6626 6658 6659 6627
f 6627 6659 6660 6628
f 6628 6660 6661 6629
f 6629 6661 6662 6630
f 6630 6662 6663 6631
f 6631 6663 6664 6632
f 6632 6664 6665 6633
f 6633 6665 6666 6634
f 6634 6666 6667 6635
f 6635 6667 6668 6636
f 6636 6668 6669 6637
f 6637 6669 6670 6638
f 6638 6670 6671 6639
f 6639 6671 6672 6640
f 6640 6672 6673 6641
f 6641 6673 6674 6642
f 6642 6674 6675 6643
f 6643 6675 6644 6612
f 6644 6676 6677 6645
f 6645 6677 6678 6646
f 6646 6678 6679 6647
f 6647 6679 6680 6648
f 6648 6680 6681 6649
f 6649 6681 6682 6650
f 6650 6682 6683 6651
f 6651 6683 6684 6652
f 6652 6684 6685 6653
f 6653 6685 6686 6654
f 6654 6686 6687 6655
f 6655 6687 6688 6656
f 6656 6688 6689 6657
f 6657 6689 6690 6658
f 6658 6690 6691 6659
f 6659 6691 6692 6660
f 6660 6692 6693 6661
f 6661 6693 6694 6662
f 6662 6694 6695 6663
f 6663 6695 6696 6664
f 6664 6696 6697 6665
f 6665 6697 6698 6666
f 6666 6698 6699 6667
f 6667 6699 6700 6668
f 6668 6700 6701 6669
f 6669 6701 6702 6670
f 6670 6702 6703 6671
f 6671 6703 6704 6672
f 6672 6704 6705 6673
f 6673 6705 6706 6674
f 6674 6706 6707 6675
f 6675 6707 6676 6644
f 6676 6708 6709 6677
f 6677 6709 6710 6678
f 6678 6710 6711 6679
f 6679 6711 6712 6680
f 6680 6712 6713 6681
f 6681 6713 6714 6682
f 6682 6714 6715 6683
f 6683 6715 6716 6684
f 6684 6716 6717 6685
f 6685 6717 6718 6686
f 6686 6718 6719 6687
f 6687 6719 6720 6688
f 6688 6720 6721 6689
f 6689 6721 6722 6690
f 6690 6722 6723 6691
f 6691 6723 6724 6692
f 6692 6724 6725 6693
f 6693 6725 6726 6694
f 6694 6726 6727 6695
f 6695 6727 6728 6696
f 6696 6728 6729 6697
f 6697 6729 6730 6698
f 6698 6730 6731 6699
f 6699 6731 6732 6700
f 6700 6732 6733 6701
f 6701 6733 6734 6702
f 6702 6734 6735 6703
f 6703 6735 6736 6704
f 6704 6736 6737 6705
f 6705 6737 6738 6706
f 6706 6738 6739 6707
f 6707 6739 6708 6676
f 6708 6740 6741 6709
f 6709 6741 6742 6710
f 6710 6742 6743 6711
f 6711 6743 6744 6712
f 6712 6744 6745 6713
f 6713 6745 6746 6714
f 6714 6746 6747 6715
f 6715 6747 6748 6716
f 6716 6748 6749 6717
f 6717 6749 6750 6718
f 6718 6750 6751 6719
f 6719 6751 6752 6720
f 6720 6752 6753 6721
f 6721 6753 6754 6722
f 6722 6754 6755 6723
f 6723 6755 6756 6724
f 6724 6756 6757 6725
f 6725 6757 6758 6726
f 6726 6758 6759 6727
f 6727 6759 6760 6728
f 6728 6760 6761 6729
f 6729 6761 6762 6730
f 6730 6762 6763 6731
f 6731 6763 6764 6732
f 6732 6764 6765 6733
f 6733 6765 6766 6734
f 6734 6766 6767 6735
f 6735 6767 6768 6736
f 6736 6768 6769 6737
f 6737 6769 6770 6738
f 6738 6770 6771 6739
f 6739 6771 6740 6708
f 6740 6772 6773 6741
f 6741 6773 6774 6742
f 6742 6774 6775 6743
f 6743 6775 6776 6744
f 6744 6776 6777 6745
f 6745 6777 6778 6746
f 6746 6778 6779 6747
f 6747 6779 6780 6748
f 6748 6780 6781 6749
f 6749 6781 6782 6750
f 6750 6782 6783 6751
f 6751 6783 6784 6752
f 6752 6784 6785 6753
f 6753 6785 6786 6754
f 6754 6786 6787 6755
f 6755 6787 6788 6756
f 6756 6788 6789 6757
f 6757 6789 6790 6758
f 6758 6790 6791 6759
f 6759 6791 6792 6760
f 6760 6792 6793 6761
f 6761 6793 6794 6762
f 6762 6794 6795 6763
f 6763 6795 6796 6764
f 6764 6796 6797 6765
f 6765 6797 6798 6766
f 6766 6798 6799 6767
f 6767 6799 6800 6768
f 6768 6800 6801 6769
f 6769 6801 6802 6770
f 6770 6802 6803 6771
f 6771 6803 6772 6740
f 6772 6804 6805 6773
f 6773 6805 6806 6774
f 6774 6806 6807 6775
f 6775 6807 6808 6776
f 6776 6808 6809 6777
f 6777 6809 6810 6778
f 6778 6810 6811 6779
f 6779 6811 6812 6780
f 6780 6812 6813 6781
f 6781 6813 6814 6782
f 6782 6814 6815 6783
f 6783 6815 6816 6784
f 6784 6816 6817 6785
f 6785 6817 6818 6786
f 6786 6818 6819 6787
f 6787 6819 6820 6788
f 6788 6820 6821 6789
f 6789 6821 6822 6790
f 6790 6822 6823 6791
f 6791 6823 6824 6792
f 6792 6824 6825 6793
f 6793 6825 6826 6794
f 6794 6826 6827 6795
f 6795 6827 6828 6796
f 6796 6828 6829 6797
f 6797 6829 6830 6798
f 6798 6830 6831 6799
f 6799 6831 6832 6800
f 6800 6832 6833 6801
f 6801 6833 6834 6802
f 6802 6834 6835 6803
f 6803 6835 6804 6772
f 6804 6836 6837 6805
f 6805 6837 6838 6806
f 6806 6838 6839 6807
f 6807 6839 6840 6808
f 6808 6840 6841 6809
f 6809 6841 6842 6810
f 6810 6842 6843 6811
f 6811 6843 6844 6812
f 6812 6844 6845 6813
f 6813 6845 6846 6814
f 6814 6846 6847 6815
f 6815 6847 6848 6816
f 6816 6848 6849 6817
f 6817 6849 6850 6818
f 6818 6850 6851 6819
f 6819 6851 6852 6820
f 6820 6852 6853 6821
f 6821 6853 6854 6822
f 6822 6854 6855 6823
f 6823 6855 6856 6824
f 6824 6856 6857 6825
f 6825 6857 6858 6826
f 6826 6858 6859 6827
f 6827 6859 6860 6828
f 6828 6860 6861 6829
f 6829 6861 6862 6830
f 6830 6862 6863 6831
f 6831 6863 6864 6832
f 6832 6864 6865 6833
f 6833 6865 6866 6834
f 6834 6866 6867 6835
f 6835 6867 6836 6804
f 6836 6868 6837
f 6837 6868 6838
f 6838 6868 6839
f 6839 6868 6840
f 6840 6868 6841
f 6841 6868 6842
f 6842 6868 6843
f 6843 6868 6844
f 6844 6868 6845
f 6845 6868 6846
f 6846 6868 6847
f 6847 6868 6848
f 6848 6868 6849
f 6849 6868 6850
f 6850 6868 6851
f 6851 6868 6852
f 6852 6868 6853
f 6853 6868 6854
f 6854 6868 6855
f 6855 6868 6856
f 6856 6868 6857
f 6857 6868 6858
f 6858 6868 6859
f 6859 6868 6860
f 6860 6868 6861
f 6861 6868 6862
f 6862 6868 6863
f 6863 6868 6864
f 6864 6868 6865
f 6865 6868 6866
f 6866 6868 6867
f 6867 6868 6836
g Group9744
f 6919 6920 6872 6871
f 6920 6922 6874 6872
f 6922 6924 6876 6874
f 6926 6928 6880 6878
f 6896 6871 6869 6895
f 6928 6930 6882 6880
f 6894 6896 6895 6893
f 6930 6932 6884 6882
f 6892 6894 6893 6891
f 6932 6934 6886 6884
f 6934 6936 6888 6886
f 6936 6938 6890 6888
f 6888 6890 6889 6887
f 6886 6888 6887 6885
f 6884 6886 6885 6883
f 6940 6942 6894 6892
f 6882 6884 6883 6881
f 6942 6944 6896 6894
f 6880 6882 6881 6879
f 6944 6919 6871 6896
f 6900 6899 6898 6897
f 6902 6900 6897 6901
f 6904 6902 6901 6903
f 6906 6904 6903 6905
f 6913 6912 6907 6908
f 6914 6913 6908 6909
f 6915 6914 6909 6910
f 6916 6915 6910 6911
f 6895 6869 6901 6897
f 6869 6870 6903 6901
f 6870 6873 6905 6903
f 6873 6875 6906 6905
f 6877 6879 6916 6911
f 6879 6881 6915 6916
f 6881 6883 6914 6915
f 6883 6885 6913 6914
f 6885 6887 6912 6913
f 6887 6889 6907 6912
f 6891 6893 6898 6899
f 6893 6895 6897 6898
f 6920 6919 6918 6917
f 6922 6920 6917 6921
f 6924 6922 6921 6923
f 6928 6926 6925 6927
f 6930 6928 6927 6929
f 6932 6930 6929 6931
f 6934 6932 6931 6933
f 6936 6934 6933 6935
f 6938 6936 6935 6937
f 6942 6940 6939 6941
f 6944 6942 6941 6943
f 6919 6944 6943 6918
f 6945 6923 6921 6917
f 6946 6945 6917 6918
f 6947 6946 6918 6943
f 6939 6947 6943 6941
f 6929 6927 6925 6948
f 6931 6929 6948 6949
f 6933 6931 6949 6950
f 6935 6933 6950 6937
f 6871 6872 6870 6869
f 6872 6874 6873 6870
f 6874 6876 6875 6873
f 6878 6880 6879 6877
f 6924 6951 6952 6876
f 6953 6926 6878 6954
f 6955 6892 6891 6956
f 6890 6957 6958 6889
f 6938 6959 6957 6890
f 6960 6940 6892 6955
f 6961 6962 6899 6900
f 6963 6961 6900 6902
f 6964 6963 6902 6904
f 6965 6964 6904 6906
f 6908 6907 6966 6967
f 6909 6908 6967 6968
f 6910 6909 6968 6969
f 6911 6910 6969 6970
f 6875 6971 6965 6906
f 6972 6877 6911 6970
f 6889 6958 6966 6907
f 6956 6891 6899 6962
f 6951 6924 6923 6973
f 6926 6953 6974 6925
f 6959 6938 6937 6975
f 6940 6960 6976 6939
f 6977 6973 6923 6945
f 6978 6977 6945 6946
f 6979 6978 6946 6947
f 6976 6979 6947 6939
f 6948 6925 6974 6980
f 6949 6948 6980 6981
f 6950 6949 6981 6982
f 6937 6950 6982 6975
f 6876 6952 6971 6875
f 6954 6878 6877 6972
f 6952 6951 6953 6954
f 6957 6959 6960 6955
f 6974 6953 6951 6973
f 6976 6960 6959 6975
f 6975 6982 6979 6976
f 6973 6977 6980 6974
f 6977 6978 6981 6980
f 6978 6979 6982 6981
f 6954 6984 6983 6952
f 6965 6971 6952 6983
f 6972 6970 6984 6954
f 6955 6986 6985 6957
f 6966 6958 6957 6985
f 6956 6962 6986 6955
f 6986 6988 6987 6985
f 6967 6966 6985 6987
f 6962 6961 6988 6986
f 6990 6983 6984 6989
f 6970 6969 6989 6984
f 6964 6965 6983 6990
f 6988 6992 6991 6987
f 6968 6967 6987 6991
f 6961 6963 6992 6988
f 6992 6990 6989 6991
f 6969 6968 6991 6989
f 6963 6964 6990 6992
g Group37575
f 7043 6995 6996 7044
f 7044 6996 6998 7046
f 7046 6998 7000 7048
f 7050 7002 7004 7052
f 7020 7019 6993 6995
f 7052 7004 7006 7054
f 7018 7017 7019 7020
f 7054 7006 7008 7056
f 7016 7015 7017 7018
f 7056 7008 7010 7058
f 7058 7010 7012 7060
f 7060 7012 7014 7062
f 7012 7011 7013 7014
f 7010 7009 7011 7012
f 7008 7007 7009 7010
f 7064 7016 7018 7066
f 7006 7005 7007 7008
f 7066 7018 7020 7068
f 7004 7003 7005 7006
f 7068 7020 6995 7043
f 7024 7021 7022 7023
f 7026 7025 7021 7024
f 7028 7027 7025 7026
f 7030 7029 7027 7028
f 7037 7032 7031 7036
f 7038 7033 7032 7037
f 7039 7034 7033 7038
f 7040 7035 7034 7039
f 7019 7021 7025 6993
f 6993 7025 7027 6994
f 6994 7027 7029 6997
f 6997 7029 7030 6999
f 7001 7035 7040 7003
f 7003 7040 7039 7005
f 7005 7039 7038 7007
f 7007 7038 7037 7009
f 7009 7037 7036 7011
f 7011 7036 7031 7013
f 7015 7023 7022 7017
f 7017 7022 7021 7019
f 7044 7041 7042 7043
f 7046 7045 7041 7044
f 7048 7047 7045 7046
f 7052 7051 7049 7050
f 7054 7053 7051 7052
f 7056 7055 7053 7054
f 7058 7057 7055 7056
f 7060 7059 7057 7058
f 7062 7061 7059 7060
f 7066 7065 7063 7064
f 7068 7067 7065 7066
f 7043 7042 7067 7068
f 7069 7041 7045 7047
f 7070 7042 7041 7069
f 7071 7067 7042 7070
f 7063 7065 7067 7071
f 7053 7072 7049 7051
f 7055 7073 7072 7053
f 7057 7074 7073 7055
f 7059 7061 7074 7057
f 6995 6993 6994 6996
f 6996 6994 6997 6998
f 6998 6997 6999 7000
f 7002 7001 7003 7004
f 7048 7000 7076 7075
f 7077 7078 7002 7050
f 7079 7080 7015 7016
f 7014 7013 7082 7081
f 7062 7014 7081 7083
f 7084 7079 7016 7064
f 7085 7024 7023 7086
f 7087 7026 7024 7085
f 7088 7028 7026 7087
f 7089 7030 7028 7088
f 7032 7091 7090 7031
f 7033 7092 7091 7032
f 7034 7093 7092 7033
f 7035 7094 7093 7034
f 6999 7030 7089 7095
f 7096 7094 7035 7001
f 7013 7031 7090 7082
f 7080 7086 7023 7015
f 7075 7097 7047 7048
f 7050 7049 7098 7077
f 7083 7099 7061 7062
f 7064 7063 7100 7084
f 7101 7069 7047 7097
f 7102 7070 7069 7101
f 7103 7071 7070 7102
f 7100 7063 7071 7103
f 7072 7104 7098 7049
f 7073 7105 7104 7072
f 7074 7106 7105 7073
f 7061 7099 7106 7074
f 7000 6999 7095 7076
f 7078 7096 7001 7002
f 7076 7078 7077 7075
f 7081 7079 7084 7083
f 7098 7097 7075 7077
f 7100 7099 7083 7084
f 7099 7100 7103 7106
f 7097 7098 7104 7101
f 7101 7104 7105 7102
f 7102 7105 7106 7103
f 7078 7076 7107 7108
f 7089 7107 7076 7095
f 7096 7078 7108 7094
f 7079 7081 7109 7110
f 7090 7109 7081 7082
f 7080 7079 7110 7086
f 7110 7109 7111 7112
f 7091 7111 7109 7090
f 7086 7110 7112 7085
f 7114 7113 7108 7107
f 7094 7108 7113 7093
f 7088 7114 7107 7089
f 7112 7111 7115 7116
f 7092 7115 7111 7091
f 7085 7112 7116 7087
f 7116 7115 7113 7114
f 7093 7113 7115 7092
f 7087 7116 7114 7088
g Group9744
f 7167 7168 7120 7119
f 7168 7170 7122 7120
f 7170 7172 7124 7122
f 7174 7176 7128 7126
f 7144 7119 7117 7143
f 7176 7178 7130 7128
f 7142 7144 7143 7141
f 7178 7180 7132 7130
f 7140 7142 7141 7139
f 7180 7182 7134 7132
f 7182 7184 7136 7134
f 7184 7186 7138 7136
f 7136 7138 7137 7135
f 7134 7136 7135 7133
f 7132 7134 7133 7131
f 7188 7190 7142 7140
f 7130 7132 7131 7129
f 7190 7192 7144 7142
f 7128 7130 7129 7127
f 7192 7167 7119 7144
f 7148 7147 7146 7145
f 7150 7148 7145 7149
f 7152 7150 7149 7151
f 7154 7152 7151 7153
f 7161 7160 7155 7156
f 7162 7161 7156 7157
f 7163 7162 7157 7158
f 7164 7163 7158 7159
f 7143 7117 7149 7145
f 7117 7118 7151 7149
f 7118 7121 7153 7151
f 7121 7123 7154 7153
f 7125 7127 7164 7159
f 7127 7129 7163 7164
f 7129 7131 7162 7163
f 7131 7133 7161 7162
f 7133 7135 7160 7161
f 7135 7137 7155 7160
f 7139 7141 7146 7147
f 7141 7143 7145 7146
f 7168 7167 7166 7165
f 7170 7168 7165 7169
f 7172 7170 7169 7171
f 7176 7174 7173 7175
f 7178 7176 7175 7177
f 7180 7178 7177 7179
f 7182 7180 7179 7181
f 7184 7182 7181 7183
f 7186 7184 7183 7185
f 7190 7188 7187 7189
f 7192 7190 7189 7191
f 7167 7192 7191 7166
f 7193 7171 7169 7165
f 7194 7193 7165 7166
f 7195 7194 7166 7191
f 7187 7195 7191 7189
f 7177 7175 7173 7196
f 7179 7177 7196 7197
f 7181 7179 7197 7198
f 7183 7181 7198 7185
f 7119 7120 7118 7117
f 7120 7122 7121 7118
f 7122 7124 7123 7121
f 7126 7128 7127 7125
f 7172 7199 7200 7124
f 7201 7174 7126 7202
f 7203 7140 7139 7204
f 7138 7205 7206 7137
f 7186 7207 7205 7138
f 7208 7188 7140 7203
f 7209 7210 7147 7148
f 7211 7209 7148 7150
f 7212 7211 7150 7152
f 7213 7212 7152 7154
f 7156 7155 7214 7215
f 7157 7156 7215 7216
f 7158 7157 7216 7217
f 7159 7158 7217 7218
f 7123 7219 7213 7154
f 7220 7125 7159 7218
f 7137 7206 7214 7155
f 7204 7139 7147 7210
f 7199 7172 7171 7221
f 7174 7201 7222 7173
f 7207 7186 7185 7223
f 7188 7208 7224 7187
f 7225 7221 7171 7193
f 7226 7225 7193 7194
f 7227 7226 7194 7195
f 7224 7227 7195 7187
f 7196 7173 7222 7228
f 7197 7196 7228 7229
f 7198 7197 7229 7230
f 7185 7198 7230 7223
f 7124 7200 7219 7123
f 7202 7126 7125 7220
f 7200 7199 7201 7202
f 7205 7207 7208 7203
f 7222 7201 7199 7221
f 7224 7208 7207 7223
f 7223 7230 7227 7224
f 7221 7225 7228 7222
f 7225 7226 7229 7228
f 7226 7227 7230 7229
f 7202 7232 7231 7200
f 7213 7219 7200 7231
f 7220 7218 7232 7202
f 7203 7234 7233 7205
f 7214 7206 7205 7233
f 7204 7210 7234 7203
f 7234 7236 7235 7233
f 7215 7214 7233 7235
f 7210 7209 7236 7234
f 7238 7231 7232 7237
f 7218 7217 7237 7232
f 7212 7213 7231 7238
f 7236 7240 7239 7235
f 7216 7215 7235 7239
f 7209 7211 7240 7236
f 7240 7238 7237 7239
f 7217 7216 7239 7237
f 7211 7212 7238 7240
g Group6022
f 7291 7292 7244 7243
f 7292 7294 7246 7244
f 7294 7296 7248 7246
f 7298 7300 7252 7250
f 7268 7243 7241 7267
f 7300 7302 7254 7252
f 7266 7268 7267 7265
f 7302 7304 7256 7254
f 7264 7266 7265 7263
f 7304 7306 7258 7256
f 7306 7308 7260 7258
f 7308 7310 7262 7260
f 7260 7262 7261 7259
f 7258 7260 7259 7257
f 7256 7258 7257 7255
f 7312 7314 7266 7264
f 7254 7256 7255 7253
f 7314 7316 7268 7266
f 7252 7254 7253 7251
f 7316 7291 7243 7268
f 7272 7271 7270 7269
f 7274 7272 7269 7273
f 7276 7274 7273 7275
f 7278 7276 7275 7277
f 7285 7284 7279 7280
f 7286 7285 7280 7281
f 7287 7286 7281 7282
f 7288 7287 7282 7283
f 7267 7241 7273 7269
f 7241 7242 7275 7273
f 7242 7245 7277 7275
f 7245 7247 7278 7277
f 7249 7251 7288 7283
f 7251 7253 7287 7288
f 7253 7255 7286 7287
f 7255 7257 7285 7286
f 7257 7259 7284 7285
f 7259 7261 7279 7284
f 7263 7265 7270 7271
f 7265 7267 7269 7270
f 7292 7291 7290 7289
f 7294 7292 7289 7293
f 7296 7294 7293 7295
f 7300 7298 7297 7299
f 7302 7300 7299 7301
f 7304 7302 7301 7303
f 7306 7304 7303 7305
f 7308 7306 7305 7307
f 7310 7308 7307 7309
f 7314 7312 7311 7313
f 7316 7314 7313 7315
f 7291 7316 7315 7290
f 7317 7295 7293 7289
f 7318 7317 7289 7290
f 7319 7318 7290 7315
f 7311 7319 7315 7313
f 7301 7299 7297 7320
f 7303 7301 7320 7321
f 7305 7303 7321 7322
f 7307 7305 7322 7309
f 7243 7244 7242 7241
f 7244 7246 7245 7242
f 7246 7248 7247 7245
f 7250 7252 7251 7249
f 7296 7323 7324 7248
f 7325 7298 7250 7326
f 7327 7264 7263 7328
f 7262 7329 7330 7261
f 7310 7331 7329 7262
f 7332 7312 7264 7327
f 7333 7334 7271 7272
f 7335 7333 7272 7274
f 7336 7335 7274 7276
f 7337 7336 7276 7278
f 7280 7279 7338 7339
f 7281 7280 7339 7340
f 7282 7281 7340 7341
f 7283 7282 7341 7342
f 7247 7343 7337 7278
f 7344 7249 7283 7342
f 7261 7330 7338 7279
f 7328 7263 7271 7334
f 7323 7296 7295 7345
f 7298 7325 7346 7297
f 7331 7310 7309 7347
f 7312 7332 7348 7311
f 7349 7345 7295 7317
f 7350 7349 7317 7318
f 7351 7350 7318 7319
f 7348 7351 7319 7311
f 7320 7297 7346 7352
f 7321 7320 7352 7353
f 7322 7321 7353 7354
f 7309 7322 7354 7347
f 7248 7324 7343 7247
f 7326 7250 7249 7344
f 7324 7323 7325 7326
f 7329 7331 7332 7327
f 7346 7325 7323 7345
f 7348 7332 7331 7347
f 7347 7354 7351 7348
f 7345 7349 7352 7346
f 7349 7350 7353 7352
f 7350 7351 7354 7353
f 7326 7356 7355 7324
f 7337 7343 7324 7355
f 7344 7342 7356 7326
f 7327 7358 7357 7329
f 7338 7330 7329 7357
f 7328 7334 7358 7327
f 7358 7360 7359 7357
f 7339 7338 7357 7359
f 7334 7333 7360 7358
f 7362 7355 7356 7361
f 7342 7341 7361 7356
f 7336 7337 7355 7362
f 7360 7364 7363 7359
f 7340 7339 7359 7363
f 7333 7335 7364 7360
f 7364 7362 7361 7363
f 7341 7340 7363 7361
f 7335 7336 7362 7364
g Group9022
f 7416 7415 7414 7413
f 7381 7382 7415 7416
f 7381 7398 7397 7382
f 7415 7418 7417 7414
f 7382 7383 7418 7415
f 7382 7397 7399 7383
f 7418 7420 7419 7417
f 7383 7384 7420 7418
f 7383 7399 7400 7384
f 7420 7422 7421 7419
f 7384 7385 7422 7420
f 7384 7400 7401 7385
f 7422 7424 7423 7421
f 7385 7386 7424 7422
f 7385 7401 7402 7386
f 7424 7426 7425 7423
f 7386 7387 7426 7424
f 7386 7402 7403 7387
f 7426 7428 7427 7425
f 7387 7388 7428 7426
f 7387 7403 7404 7388
f 7428 7430 7429 7427
f 7388 7389 7430 7428
f 7388 7404 7405 7389
f 7430 7432 7431 7429
f 7389 7390 7432 7430
f 7389 7405 7406 7390
f 7432 7434 7433 7431
f 7390 7391 7434 7432
f 7390 7406 7407 7391
f 7434 7436 7435 7433
f 7391 7392 7436 7434
f 7391 7407 7408 7392
f 7436 7438 7437 7435
f 7392 7393 7438 7436
f 7392 7408 7409 7393
f 7438 7440 7439 7437
f 7393 7394 7440 7438
f 7393 7409 7410 7394
f 7440 7442 7441 7439
f 7394 7395 7442 7440
f 7394 7410 7411 7395
f 7442 7444 7443 7441
f 7395 7396 7444 7442
f 7395 7411 7412 7396
f 7444 7416 7413 7443
f 7396 7381 7416 7444
f 7396 7412 7398 7381
f 7413 7414 7446 7445
f 7366 7365 7445 7446
f 7398 7365 7366 7397
f 7414 7417 7447 7446
f 7367 7366 7446 7447
f 7397 7366 7367 7399
f 7417 7419 7448 7447
f 7368 7367 7447 7448
f 7399 7367 7368 7400
f 7419 7421 7449 7448
f 7369 7368 7448 7449
f 7400 7368 7369 7401
f 7421 7423 7450 7449
f 7370 7369 7449 7450
f 7401 7369 7370 7402
f 7423 7425 7451 7450
f 7371 7370 7450 7451
f 7402 7370 7371 7403
f 7425 7427 7452 7451
f 7403 7371 7372 7404
f 7427 7429 7453 7452
f 7404 7372 7373 7405
f 7429 7431 7454 7453
f 7405 7373 7374 7406
f 7431 7433 7455 7454
f 7406 7374 7375 7407
f 7433 7435 7456 7455
f 7376 7375 7455 7456
f 7407 7375 7376 7408
f 7435 7437 7457 7456
f 7377 7376 7456 7457
f 7408 7376 7377 7409
f 7437 7439 7458 7457
f 7378 7377 7457 7458
f 7409 7377 7378 7410
f 7439 7441 7459 7458
f 7379 7378 7458 7459
f 7410 7378 7379 7411
f 7441 7443 7460 7459
f 7380 7379 7459 7460
f 7411 7379 7380 7412
f 7443 7413 7445 7460
f 7365 7380 7460 7445
f 7412 7380 7365 7398
f 7512 7511 7510 7509
f 7477 7478 7511 7512
f 7477 7494 7493 7478
f 7511 7514 7513 7510
f 7478 7479 7514 7511
f 7478 7493 7495 7479
f 7514 7516 7515 7513
f 7479 7480 7516 7514
f 7479 7495 7496 7480
f 7516 7518 7517 7515
f 7480 7481 7518 7516
f 7480 7496 7497 7481
f 7518 7520 7519 7517
f 7481 7482 7520 7518
f 7481 7497 7498 7482
f 7520 7522 7521 7519
f 7482 7483 7522 7520
f 7482 7498 7499 7483
f 7522 7524 7523 7521
f 7483 7484 7524 7522
f 7483 7499 7500 7484
f 7524 7526 7525 7523
f 7484 7485 7526 7524
f 7484 7500 7501 7485
f 7526 7528 7527 7525
f 7485 7486 7528 7526
f 7485 7501 7502 7486
f 7528 7530 7529 7527
f 7486 7487 7530 7528
f 7486 7502 7503 7487
f 7530 7532 7531 7529
f 7487 7488 7532 7530
f 7487 7503 7504 7488
f 7532 7534 7533 7531
f 7488 7489 7534 7532
f 7488 7504 7505 7489
f 7534 7536 7535 7533
f 7489 7490 7536 7534
f 7489 7505 7506 7490
f 7536 7538 7537 7535
f 7490 7491 7538 7536
f 7490 7506 7507 7491
f 7538 7540 7539 7537
f 7491 7492 7540 7538
f 7491 7507 7508 7492
f 7540 7512 7509 7539
f 7492 7477 7512 7540
f 7492 7508 7494 7477
f 7509 7510 7542 7541
f 7462 7461 7541 7542
f 7494 7461 7462 7493
f 7510 7513 7543 7542
f 7463 7462 7542 7543
f 7493 7462 7463 7495
f 7513 7515 7544 7543
f 7464 7463 7543 7544
f 7495 7463 7464 7496
f 7515 7517 7545 7544
f 7465 7464 7544 7545
f 7496 7464 7465 7497
f 7517 7519 7546 7545
f 7466 7465 7545 7546
f 7497 7465 7466 7498
f 7519 7521 7547 7546
f 7467 7466 7546 7547
f 7498 7466 7467 7499
f 7521 7523 7548 7547
f 7499 7467 7468 7500
f 7523 7525 7549 7548
f 7500 7468 7469 7501
f 7525 7527 7550 7549
f 7501 7469 7470 7502
f 7527 7529 7551 7550
f 7502 7470 7471 7503
f 7529 7531 7552 7551
f 7472 7471 7551 7552
f 7503 7471 7472 7504
f 7531 7533 7553 7552
f 7473 7472 7552 7553
f 7504 7472 7473 7505
f 7533 7535 7554 7553
f 7474 7473 7553 7554
f 7505 7473 7474 7506
f 7535 7537 7555 7554
f 7475 7474 7554 7555
f 7506 7474 7475 7507
f 7537 7539 7556 7555
f 7476 7475 7555 7556
f 7507 7475 7476 7508
f 7539 7509 7541 7556
f 7461 7476 7556 7541
f 7508 7476 7461 7494
f 7560 7559 7558 7557
f 7375 7374 7564 7566
f 7454 7455 7565 7563
f 7455 7375 7566 7565
f 7562 7560 7557 7561
f 7374 7373 7562 7564
f 7453 7454 7563 7561
f 7564 7562 7561 7563
f 7373 7372 7560 7562
f 7452 7453 7561 7557
f 7566 7564 7563 7565
f 7372 7371 7559 7560
f 7371 7451 7558 7559
f 7451 7452 7557 7558
f 7570 7569 7568 7567
f 7547 7548 7567 7568
f 7467 7547 7568 7569
f 7468 7467 7569 7570
f 7572 7570 7567 7571
f 7548 7549 7571 7567
f 7469 7468 7570 7572
f 7574 7572 7571 7573
f 7549 7550 7573 7571
f 7470 7469 7572 7574
f 7576 7574 7573 7575
f 7551 7471 7576 7575
f 7550 7551 7575 7573
f 7471 7470 7574 7576
f 7618 7620 7619
f 7577 7580 7618 7619
f 7596 7597 7602 7601
f 7580 7577 7581
f 7647 7652 7653 7648
f 7642 7647 7648 7643
f 7601 7602 7607 7606
f 7643 7648 7649 7644
f 7600 7601 7606 7605
f 7600 7605 7646 7641
f 7619 7620 7622 7621
f 7578 7577 7619 7621
f 7577 7578 7582 7581
f 7621 7622 7624 7623
f 7579 7578 7621 7623
f 7578 7579 7583 7582
f 7641 7646 7647 7642
f 7605 7606 7611 7610
f 7605 7610 7651 7646
f 7623 7624 7625
f 7584 7579 7623 7625
f 7579 7584 7583
f 7664 7661 7617 7616
f 7613 7614 7659 7661
f 7637 7642 7643 7638
f 7617 7659 7660 7658
f 7618 7626 7627 7620
f 7580 7585 7626 7618
f 7580 7581 7586 7585
f 7646 7651 7652 7647
f 7652 7662 7663 7653
f 7611 7612 7664 7665
f 7604 7599 7640 7645
f 7620 7627 7628 7622
f 7581 7582 7587 7586
f 7622 7628 7629 7624
f 7582 7583 7588 7587
f 7609 7604 7645 7650
f 7610 7611 7665 7666
f 7624 7629 7630 7625
f 7583 7584 7589 7588
f 7654 7667 7660 7655
f 7589 7584 7625 7630
f 7610 7666 7668 7651
f 7626 7631 7632 7627
f 7585 7590 7631 7626
f 7585 7586 7591 7590
f 7615 7616 7657 7656
f 7603 7604 7609 7608
f 7653 7663 7667 7654
f 7598 7599 7604 7603
f 7627 7632 7633 7628
f 7586 7587 7592 7591
f 7628 7633 7634 7629
f 7587 7588 7593 7592
f 7666 7615 7656 7668
f 7651 7668 7662 7652
f 7629 7634 7635 7630
f 7588 7589 7594 7593
f 7639 7644 7645 7640
f 7594 7589 7630 7635
f 7614 7609 7650 7655
f 7631 7636 7637 7632
f 7590 7595 7636 7631
f 7590 7591 7596 7595
f 7644 7649 7650 7645
f 7606 7607 7612 7611
f 7607 7608 7613 7612
f 7649 7654 7655 7650
f 7632 7637 7638 7633
f 7591 7592 7597 7596
f 7633 7638 7639 7634
f 7592 7593 7598 7597
f 7597 7598 7603 7602
f 7608 7609 7614 7613
f 7634 7639 7640 7635
f 7593 7594 7599 7598
f 7612 7613 7661 7664
f 7599 7594 7635 7640
f 7616 7617 7658 7657
f 7636 7641 7642 7637
f 7595 7600 7641 7636
f 7595 7596 7601 7600
f 7648 7653 7654 7649
f 7602 7603 7608 7607
f 7638 7643 7644 7639
f 7659 7614 7655 7660
f 7661 7659 7617
f 7662 7656 7657 7663
f 7665 7664 7616 7615
f 7666 7665 7615
f 7667 7658 7660
f 7668 7656 7662
f 7663 7657 7658 7667
f 7719 7720 7672 7671
f 7720 7722 7674 7672
f 7722 7724 7676 7674
f 7726 7728 7680 7678
f 7696 7671 7669 7695
f 7728 7730 7682 7680
f 7694 7696 7695 7693
f 7730 7732 7684 7682
f 7692 7694 7693 7691
f 7732 7734 7686 7684
f 7734 7736 7688 7686
f 7736 7738 7690 7688
f 7688 7690 7689 7687
f 7686 7688 7687 7685
f 7684 7686 7685 7683
f 7740 7742 7694 7692
f 7682 7684 7683 7681
f 7742 7744 7696 7694
f 7680 7682 7681 7679
f 7744 7719 7671 7696
f 7700 7699 7698 7697
f 7702 7700 7697 7701
f 7704 7702 7701 7703
f 7706 7704 7703 7705
f 7713 7712 7707 7708
f 7714 7713 7708 7709
f 7715 7714 7709 7710
f 7716 7715 7710 7711
f 7695 7669 7701 7697
f 7669 7670 7703 7701
f 7670 7673 7705 7703
f 7673 7675 7706 7705
f 7677 7679 7716 7711
f 7679 7681 7715 7716
f 7681 7683 7714 7715
f 7683 7685 7713 7714
f 7685 7687 7712 7713
f 7687 7689 7707 7712
f 7691 7693 7698 7699
f 7693 7695 7697 7698
f 7720 7719 7718 7717
f 7722 7720 7717 7721
f 7724 7722 7721 7723
f 7728 7726 7725 7727
f 7730 7728 7727 7729
f 7732 7730 7729 7731
f 7734 7732 7731 7733
f 7736 7734 7733 7735
f 7738 7736 7735 7737
f 7742 7740 7739 7741
f 7744 7742 7741 7743
f 7719 7744 7743 7718
f 7745 7723 7721 7717
f 7746 7745 7717 7718
f 7747 7746 7718 7743
f 7739 7747 7743 7741
f 7729 7727 7725 7748
f 7731 7729 7748 7749
f 7733 7731 7749 7750
f 7735 7733 7750 7737
f 7671 7672 7670 7669
f 7672 7674 7673 7670
f 7674 7676 7675 7673
f 7678 7680 7679 7677
f 7724 7751 7752 7676
f 7753 7726 7678 7754
f 7755 7692 7691 7756
f 7690 7757 7758 7689
f 7738 7759 7757 7690
f 7760 7740 7692 7755
f 7761 7762 7699 7700
f 7763 7761 7700 7702
f 7764 7763 7702 7704
f 7765 7764 7704 7706
f 7708 7707 7766 7767
f 7709 7708 7767 7768
f 7710 7709 7768 7769
f 7711 7710 7769 7770
f 7675 7771 7765 7706
f 7772 7677 7711 7770
f 7689 7758 7766 7707
f 7756 7691 7699 7762
f 7751 7724 7723 7773
f 7726 7753 7774 7725
f 7759 7738 7737 7775
f 7740 7760 7776 7739
f 7777 7773 7723 7745
f 7778 7777 7745 7746
f 7779 7778 7746 7747
f 7776 7779 7747 7739
f 7748 7725 7774 7780
f 7749 7748 7780 7781
f 7750 7749 7781 7782
f 7737 7750 7782 7775
f 7676 7752 7771 7675
f 7754 7678 7677 7772
f 7752 7751 7753 7754
f 7757 7759 7760 7755
f 7774 7753 7751 7773
f 7776 7760 7759 7775
f 7775 7782 7779 7776
f 7773 7777 7780 7774
f 7777 7778 7781 7780
f 7778 7779 7782 7781
f 7754 7784 7783 7752
f 7765 7771 7752 7783
f 7772 7770 7784 7754
f 7755 7786 7785 7757
f 7766 7758 7757 7785
f 7756 7762 7786 7755
f 7786 7788 7787 7785
f 7767 7766 7785 7787
f 7762 7761 7788 7786
f 7790 7783 7784 7789
f 7770 7769 7789 7784
f 7764 7765 7783 7790
f 7788 7792 7791 7787
f 7768 7767 7787 7791
f 7761 7763 7792 7788
f 7792 7790 7789 7791
f 7769 7768 7791 7789
f 7763 7764 7790 7792
f 7843 7844 7796 7795
f 7844 7846 7798 7796
f 7846 7848 7800 7798
f 7850 7852 7804 7802
f 7820 7795 7793 7819
f 7852 7854 7806 7804
f 7818 7820 7819 7817
f 7854 7856 7808 7806
f 7816 7818 7817 7815
f 7856 7858 7810 7808
f 7858 7860 7812 7810
f 7860 7862 7814 7812
f 7812 7814 7813 7811
f 7810 7812 7811 7809
f 7808 7810 7809 7807
f 7864 7866 7818 7816
f 7806 7808 7807 7805
f 7866 7868 7820 7818
f 7804 7806 7805 7803
f 7868 7843 7795 7820
f 7824 7823 7822 7821
f 7826 7824 7821 7825
f 7828 7826 7825 7827
f 7830 7828 7827 7829
f 7837 7836 7831 7832
f 7838 7837 7832 7833
f 7839 7838 7833 7834
f 7840 7839 7834 7835
f 7819 7793 7825 7821
f 7793 7794 7827 7825
f 7794 7797 7829 7827
f 7797 7799 7830 7829
f 7801 7803 7840 7835
f 7803 7805 7839 7840
f 7805 7807 7838 7839
f 7807 7809 7837 7838
f 7809 7811 7836 7837
f 7811 7813 7831 7836
f 7815 7817 7822 7823
f 7817 7819 7821 7822
f 7844 7843 7842 7841
f 7846 7844 7841 7845
f 7848 7846 7845 7847
f 7852 7850 7849 7851
f 7854 7852 7851 7853
f 7856 7854 7853 7855
f 7858 7856 7855 7857
f 7860 7858 7857 7859
f 7862 7860 7859 7861
f 7866 7864 7863 7865
f 7868 7866 7865 7867
f 7843 7868 7867 7842
f 7869 7847 7845 7841
f 7870 7869 7841 7842
f 7871 7870 7842 7867
f 7863 7871 7867 7865
f 7853 7851 7849 7872
f 7855 7853 7872 7873
f 7857 7855 7873 7874
f 7859 7857 7874 7861
f 7795 7796 7794 7793
f 7796 7798 7797 7794
f 7798 7800 7799 7797
f 7802 7804 7803 7801
f 7848 7875 7876 7800
f 7877 7850 7802 7878
f 7879 7816 7815 7880
f 7814 7881 7882 7813
f 7862 7883 7881 7814
f 7884 7864 7816 7879
f 7885 7886 7823 7824
f 7887 7885 7824 7826
f 7888 7887 7826 7828
f 7889 7888 7828 7830
f 7832 7831 7890 7891
f 7833 7832 7891 7892
f 7834 7833 7892 7893
f 7835 7834 7893 7894
f 7799 7895 7889 7830
f 7896 7801 7835 7894
f 7813 7882 7890 7831
f 7880 7815 7823 7886
f 7875 7848 7847 7897
f 7850 7877 7898 7849
f 7883 7862 7861 7899
f 7864 7884 7900 7863
f 7901 7897 7847 7869
f 7902 7901 7869 7870
f 7903 7902 7870 7871
f 7900 7903 7871 7863
f 7872 7849 7898 7904
f 7873 7872 7904 7905
f 7874 7873 7905 7906
f 7861 7874 7906 7899
f 7800 7876 7895 7799
f 7878 7802 7801 7896
f 7876 7875 7877 7878
f 7881 7883 7884 7879
f 7898 7877 7875 7897
f 7900 7884 7883 7899
f 7899 7906 7903 7900
f 7897 7901 7904 7898
f 7901 7902 7905 7904
f 7902 7903 7906 7905
f 7878 7908 7907 7876
f 7889 7895 7876 7907
f 7896 7894 7908 7878
f 7879 7910 7909 7881
f 7890 7882 7881 7909
f 7880 7886 7910 7879
f 7910 7912 7911 7909
f 7891 7890 7909 7911
f 7886 7885 7912 7910
f 7914 7907 7908 7913
f 7894 7893 7913 7908
f 7888 7889 7907 7914
f 7912 7916 7915 7911
f 7892 7891 7911 7915
f 7885 7887 7916 7912
f 7916 7914 7913 7915
f 7893 7892 7915 7913
f 7887 7888 7914 7916
g Group34514
f 7968 7967 7966 7965
f 7933 7934 7967 7968
f 7933 7950 7949 7934
f 7967 7970 7969 7966
f 7934 7935 7970 7967
f 7934 7949 7951 7935
f 7970 7972 7971 7969
f 7935 7936 7972 7970
f 7935 7951 7952 7936
f 7972 7974 7973 7971
f 7936 7937 7974 7972
f 7936 7952 7953 7937
f 7974 7976 7975 7973
f 7937 7938 7976 7974
f 7937 7953 7954 7938
f 7976 7978 7977 7975
f 7938 7939 7978 7976
f 7938 7954 7955 7939
f 7978 7980 7979 7977
f 7939 7940 7980 7978
f 7939 7955 7956 7940
f 7980 7982 7981 7979
f 7940 7941 7982 7980
f 7940 7956 7957 7941
f 7982 7984 7983 7981
f 7941 7942 7984 7982
f 7941 7957 7958 7942
f 7984 7986 7985 7983
f 7942 7943 7986 7984
f 7942 7958 7959 7943
f 7986 7988 7987 7985
f 7943 7944 7988 7986
f 7943 7959 7960 7944
f 7988 7990 7989 7987
f 7944 7945 7990 7988
f 7944 7960 7961 7945
f 7990 7992 7991 7989
f 7945 7946 7992 7990
f 7945 7961 7962 7946
f 7992 7994 7993 7991
f 7946 7947 7994 7992
f 7946 7962 7963 7947
f 7994 7996 7995 7993
f 7947 7948 7996 7994
f 7947 7963 7964 7948
f 7996 7968 7965 7995
f 7948 7933 7968 7996
f 7948 7964 7950 7933
f 7965 7966 7998 7997
f 7918 7917 7997 7998
f 7950 7917 7918 7949
f 7966 7969 7999 7998
f 7919 7918 7998 7999
f 7949 7918 7919 7951
f 7969 7971 8000 7999
f 7920 7919 7999 8000
f 7951 7919 7920 7952
f 7971 7973 8001 8000
f 7921 7920 8000 8001
f 7952 7920 7921 7953
f 7973 7975 8002 8001
f 7922 7921 8001 8002
f 7953 7921 7922 7954
f 7975 7977 8003 8002
f 7923 7922 8002 8003
f 7954 7922 7923 7955
f 7977 7979 8004 8003
f 7955 7923 7924 7956
f 7979 7981 8005 8004
f 7956 7924 7925 7957
f 7981 7983 8006 8005
f 7957 7925 7926 7958
f 7983 7985 8007 8006
f 7958 7926 7927 7959
f 7985 7987 8008 8007
f 7928 7927 8007 8008
f 7959 7927 7928 7960
f 7987 7989 8009 8008
f 7929 7928 8008 8009
f 7960 7928 7929 7961
f 7989 7991 8010 8009
f 7930 7929 8009 8010
f 7961 7929 7930 7962
f 7991 7993 8011 8010
f 7931 7930 8010 8011
f 7962 7930 7931 7963
f 7993 7995 8012 8011
f 7932 7931 8011 8012
f 7963 7931 7932 7964
f 7995 7965 7997 8012
f 7917 7932 8012 7997
f 7964 7932 7917 7950
f 8064 8063 8062 8061
f 8029 8030 8063 8064
f 8029 8046 8045 8030
f 8063 8066 8065 8062
f 8030 8031 8066 8063
f 8030 8045 8047 8031
f 8066 8068 8067 8065
f 8031 8032 8068 8066
f 8031 8047 8048 8032
f 8068 8070 8069 8067
f 8032 8033 8070 8068
f 8032 8048 8049 8033
f 8070 8072 8071 8069
f 8033 8034 8072 8070
f 8033 8049 8050 8034
f 8072 8074 8073 8071
f 8034 8035 8074 8072
f 8034 8050 8051 8035
f 8074 8076 8075 8073
f 8035 8036 8076 8074
f 8035 8051 8052 8036
f 8076 8078 8077 8075
f 8036 8037 8078 8076
f 8036 8052 8053 8037
f 8078 8080 8079 8077
f 8037 8038 8080 8078
f 8037 8053 8054 8038
f 8080 8082 8081 8079
f 8038 8039 8082 8080
f 8038 8054 8055 8039
f 8082 8084 8083 8081
f 8039 8040 8084 8082
f 8039 8055 8056 8040
f 8084 8086 8085 8083
f 8040 8041 8086 8084
f 8040 8056 8057 8041
f 8086 8088 8087 8085
f 8041 8042 8088 8086
f 8041 8057 8058 8042
f 8088 8090 8089 8087
f 8042 8043 8090 8088
f 8042 8058 8059 8043
f 8090 8092 8091 8089
f 8043 8044 8092 8090
f 8043 8059 8060 8044
f 8092 8064 8061 8091
f 8044 8029 8064 8092
f 8044 8060 8046 8029
f 8061 8062 8094 8093
f 8014 8013 8093 8094
f 8046 8013 8014 8045
f 8062 8065 8095 8094
f 8015 8014 8094 8095
f 8045 8014 8015 8047
f 8065 8067 8096 8095
f 8016 8015 8095 8096
f 8047 8015 8016 8048
f 8067 8069 8097 8096
f 8017 8016 8096 8097
f 8048 8016 8017 8049
f 8069 8071 8098 8097
f 8018 8017 8097 8098
f 8049 8017 8018 8050
f 8071 8073 8099 8098
f 8019 8018 8098 8099
f 8050 8018 8019 8051
f 8073 8075 8100 8099
f 8051 8019 8020 8052
f 8075 8077 8101 8100
f 8052 8020 8021 8053
f 8077 8079 8102 8101
f 8053 8021 8022 8054
f 8079 8081 8103 8102
f 8054 8022 8023 8055
f 8081 8083 8104 8103
f 8024 8023 8103 8104
f 8055 8023 8024 8056
f 8083 8085 8105 8104
f 8025 8024 8104 8105
f 8056 8024 8025 8057
f 8085 8087 8106 8105
f 8026 8025 8105 8106
f 8057 8025 8026 8058
f 8087 8089 8107 8106
f 8027 8026 8106 8107
f 8058 8026 8027 8059
f 8089 8091 8108 8107
f 8028 8027 8107 8108
f 8059 8027 8028 8060
f 8091 8061 8093 8108
f 8013 8028 8108 8093
f 8060 8028 8013 8046
f 8160 8159 8158 8157
f 8125 8126 8159 8160
f 8125 8142 8141 8126
f 8159 8162 8161 8158
f 8126 8127 8162 8159
f 8126 8141 8143 8127
f 8162 8164 8163 8161
f 8127 8128 8164 8162
f 8127 8143 8144 8128
f 8164 8166 8165 8163
f 8128 8129 8166 8164
f 8128 8144 8145 8129
f 8166 8168 8167 8165
f 8129 8130 8168 8166
f 8129 8145 8146 8130
f 8168 8170 8169 8167
f 8130 8131 8170 8168
f 8130 8146 8147 8131
f 8170 8172 8171 8169
f 8131 8132 8172 8170
f 8131 8147 8148 8132
f 8172 8174 8173 8171
f 8132 8133 8174 8172
f 8132 8148 8149 8133
f 8174 8176 8175 8173
f 8133 8134 8176 8174
f 8133 8149 8150 8134
f 8176 8178 8177 8175
f 8134 8135 8178 8176
f 8134 8150 8151 8135
f 8178 8180 8179 8177
f 8135 8136 8180 8178
f 8135 8151 8152 8136
f 8180 8182 8181 8179
f 8136 8137 8182 8180
f 8136 8152 8153 8137
f 8182 8184 8183 8181
f 8137 8138 8184 8182
f 8137 8153 8154 8138
f 8184 8186 8185 8183
f 8138 8139 8186 8184
f 8138 8154 8155 8139
f 8186 8188 8187 8185
f 8139 8140 8188 8186
f 8139 8155 8156 8140
f 8188 8160 8157 8187
f 8140 8125 8160 8188
f 8140 8156 8142 8125
f 8157 8158 8190 8189
f 8110 8109 8189 8190
f 8142 8109 8110 8141
f 8158 8161 8191 8190
f 8111 8110 8190 8191
f 8141 8110 8111 8143
f 8161 8163 8192 8191
f 8112 8111 8191 8192
f 8143 8111 8112 8144
f 8163 8165 8193 8192
f 8113 8112 8192 8193
f 8144 8112 8113 8145
f 8165 8167 8194 8193
f 8114 8113 8193 8194
f 8145 8113 8114 8146
f 8167 8169 8195 8194
f 8115 8114 8194 8195
f 8146 8114 8115 8147
f 8169 8171 8196 8195
f 8147 8115 8116 8148
f 8171 8173 8197 8196
f 8148 8116 8117 8149
f 8173 8175 8198 8197
f 8149 8117 8118 8150
f 8175 8177 8199 8198
f 8150 8118 8119 8151
f 8177 8179 8200 8199
f 8120 8119 8199 8200
f 8151 8119 8120 8152
f 8179 8181 8201 8200
f 8121 8120 8200 8201
f 8152 8120 8121 8153
f 8181 8183 8202 8201
f 8122 8121 8201 8202
f 8153 8121 8122 8154
f 8183 8185 8203 8202
f 8123 8122 8202 8203
f 8154 8122 8123 8155
f 8185 8187 8204 8203
f 8124 8123 8203 8204
f 8155 8123 8124 8156
f 8187 8157 8189 8204
f 8109 8124 8204 8189
f 8156 8124 8109 8142
f 8208 8207 8206 8205
f 8003 8004 8205 8206
f 7923 8003 8206 8207
f 7924 7923 8207 8208
f 8210 8208 8205 8209
f 8004 8005 8209 8205
f 7925 7924 8208 8210
f 8212 8210 8209 8211
f 8005 8006 8211 8209
f 7926 7925 8210 8212
f 8214 8212 8211 8213
f 8007 7927 8214 8213
f 8006 8007 8213 8211
f 7927 7926 8212 8214
f 8218 8217 8216 8215
f 8099 8100 8215 8216
f 8019 8099 8216 8217
f 8020 8019 8217 8218
f 8220 8218 8215 8219
f 8100 8101 8219 8215
f 8021 8020 8218 8220
f 8222 8220 8219 8221
f 8101 8102 8221 8219
f 8022 8021 8220 8222
f 8224 8222 8221 8223
f 8103 8023 8224 8223
f 8102 8103 8223 8221
f 8023 8022 8222 8224
f 8228 8227 8226 8225
f 8195 8196 8225 8226
f 8115 8195 8226 8227
f 8116 8115 8227 8228
f 8230 8228 8225 8229
f 8196 8197 8229 8225
f 8117 8116 8228 8230
f 8232 8230 8229 8231
f 8197 8198 8231 8229
f 8118 8117 8230 8232
f 8234 8232 8231 8233
f 8199 8119 8234 8233
f 8198 8199 8233 8231
f 8119 8118 8232 8234
g Group50685
f 8276 8278 8277
f 8235 8238 8276 8277
f 8254 8255 8260 8259
f 8238 8235 8239
f 8305 8310 8311 8306
f 8300 8305 8306 8301
f 8259 8260 8265 8264
f 8301 8306 8307 8302
f 8258 8259 8264 8263
f 8258 8263 8304 8299
f 8277 8278 8280 8279
f 8236 8235 8277 8279
f 8235 8236 8240 8239
f 8279 8280 8282 8281
f 8237 8236 8279 8281
f 8236 8237 8241 8240
f 8299 8304 8305 8300
f 8263 8264 8269 8268
f 8263 8268 8309 8304
f 8281 8282 8283
f 8242 8237 8281 8283
f 8237 8242 8241
f 8322 8319 8275 8274
f 8271 8272 8317 8319
f 8295 8300 8301 8296
f 8275 8317 8318 8316
f 8276 8284 8285 8278
f 8238 8243 8284 8276
f 8238 8239 8244 8243
f 8304 8309 8310 8305
f 8310 8320 8321 8311
f 8269 8270 8322 8323
f 8262 8257 8298 8303
f 8278 8285 8286 8280
f 8239 8240 8245 8244
f 8280 8286 8287 8282
f 8240 8241 8246 8245
f 8267 8262 8303 8308
f 8268 8269 8323 8324
f 8282 8287 8288 8283
f 8241 8242 8247 8246
f 8312 8325 8318 8313
f 8247 8242 8283 8288
f 8268 8324 8326 8309
f 8284 8289 8290 8285
f 8243 8248 8289 8284
f 8243 8244 8249 8248
f 8273 8274 8315 8314
f 8261 8262 8267 8266
f 8311 8321 8325 8312
f 8256 8257 8262 8261
f 8285 8290 8291 8286
f 8244 8245 8250 8249
f 8286 8291 8292 8287
f 8245 8246 8251 8250
f 8324 8273 8314 8326
f 8309 8326 8320 8310
f 8287 8292 8293 8288
f 8246 8247 8252 8251
f 8297 8302 8303 8298
f 8252 8247 8288 8293
f 8272 8267 8308 8313
f 8289 8294 8295 8290
f 8248 8253 8294 8289
f 8248 8249 8254 8253
f 8302 8307 8308 8303
f 8264 8265 8270 8269
f 8265 8266 8271 8270
f 8307 8312 8313 8308
f 8290 8295 8296 8291
f 8249 8250 8255 8254
f 8291 8296 8297 8292
f 8250 8251 8256 8255
f 8255 8256 8261 8260
f 8266 8267 8272 8271
f 8292 8297 8298 8293
f 8251 8252 8257 8256
f 8270 8271 8319 8322
f 8257 8252 8293 8298
f 8274 8275 8316 8315
f 8294 8299 8300 8295
f 8253 8258 8299 8294
f 8253 8254 8259 8258
f 8306 8311 8312 8307
f 8260 8261 8266 8265
f 8296 8301 8302 8297
f 8317 8272 8313 8318
f 8319 8317 8275
f 8320 8314 8315 8321
f 8323 8322 8274 8273
f 8324 8323 8273
f 8325 8316 8318
f 8326 8314 8320
f 8321 8315 8316 8325
g Group377
f 8327 8328 8329
f 8327 8329 8330
f 8327 8330 8331
f 8327 8331 8332
f 8327 8332 8333
f 8327 8333 8334
f 8327 8334 8335
f 8327 8335 8336
f 8327 8336 8337
f 8327 8337 8338
f 8327 8338 8339
f 8327 8339 8340
f 8327 8340 8341
f 8327 8341 8342
f 8327 8342 8343
f 8327 8343 8344
f 8327 8344 8345
f 8327 8345 8346
f 8327 8346 8347
f 8327 8347 8348
f 8327 8348 8349
f 8327 8349 8350
f 8327 8350 8351
f 8327 8351 8352
f 8327 8352 8353
f 8327 8353 8354
f 8327 8354 8355
f 8327 8355 8356
f 8327 8356 8357
f 8327 8357 8358
f 8327 8358 8359
f 8327 8359 8328
f 8328 8360 8361 8329
f 8329 8361 8362 8330
f 8330 8362 8363 8331
f 8331 8363 8364 8332
f 8332 8364 8365 8333
f 8333 8365 8366 8334
f 8334 8366 8367 8335
f 8335 8367 8368 8336
f 8336 8368 8369 8337
f 8337 8369 8370 8338
f 8338 8370 8371 8339
f 8339 8371 8372 8340
f 8340 8372 8373 8341
f 8341 8373 8374 8342
f 8342 8374 8375 8343
f 8343 8375 8376 8344
f 8344 8376 8377 8345
f 8345 8377 8378 8346
f 8346 8378 8379 8347
f 8347 8379 8380 8348
f 8348 8380 8381 8349
f 8349 8381 8382 8350
f 8350 8382 8383 8351
f 8351 8383 8384 8352
f 8352 8384 8385 8353
f 8353 8385 8386 8354
f 8354 8386 8387 8355
f 8355 8387 8388 8356
f 8356 8388 8389 8357
f 8357 8389 8390 8358
f 8358 8390 8391 8359
f 8359 8391 8360 8328
f 8360 8392 8393 8361
f 8361 8393 8394 8362
f 8362 8394 8395 8363
f 8363 8395 8396 8364
f 8364 8396 8397 8365
f 8365 8397 8398 8366
f 8366 8398 8399 8367
f 8367 8399 8400 8368
f 8368 8400 8401 8369
f 8369 8401 8402 8370
f 8370 8402 8403 8371
f 8371 8403 8404 8372
f 8372 8404 8405 8373
f 8373 8405 8406 8374
f 8374 8406 8407 8375
f 8375 8407 8408 8376
f 8376 8408 8409 8377
f 8377 8409 8410 8378
f 8378 8410 8411 8379
f 8379 8411 8412 8380
f 8380 8412 8413 8381
f 8381 8413 8414 8382
f 8382 8414 8415 8383
f 8383 8415 8416 8384
f 8384 8416 8417 8385
f 8385 8417 8418 8386
f 8386 8418 8419 8387
f 8387 8419 8420 8388
f 8388 8420 8421 8389
f 8389 8421 8422 8390
f 8390 8422 8423 8391
f 8391 8423 8392 8360
f 8392 8424 8425 8393
f 8393 8425 8426 8394
f 8394 8426 8427 8395
f 8395 8427 8428 8396
f 8396 8428 8429 8397
f 8397 8429 8430 8398
f 8398 8430 8431 8399
f 8399 8431 8432 8400
f 8400 8432 8433 8401
f 8401 8433 8434 8402
f 8402 8434 8435 8403
f 8403 8435 8436 8404
f 8404 8436 8437 8405
f 8405 8437 8438 8406
f 8406 8438 8439 8407
f 8407 8439 8440 8408
f 8408 8440 8441 8409
f 8409 8441 8442 8410
f 8410 8442 8443 8411
f 8411 8443 8444 8412
f 8412 8444 8445 8413
f 8413 8445 8446 8414
f 8414 8446 8447 8415
f 8415 8447 8448 8416
f 8416 8448 8449 8417
f 8417 8449 8450 8418
f 8418 8450 8451 8419
f 8419 8451 8452 8420
f 8420 8452 8453 8421
f 8421 8453 8454 8422
f 8422 8454 8455 8423
f 8423 8455 8424 8392
f 8424 8456 8457 8425
f 8425 8457 8458 8426
f 8426 8458 8459 8427
f 8427 8459 8460 8428
f 8428 8460 8461 8429
f 8429 8461 8462 8430
f 8430 8462 8463 8431
f 8431 8463 8464 8432
f 8432 8464 8465 8433
f 8433 8465 8466 8434
f 8434 8466 8467 8435
f 8435 8467 8468 8436
f 8436 8468 8469 8437
f 8437 8469 8470 8438
f 8438 8470 8471 8439
f 8439 8471 8472 8440
f 8440 8472 8473 8441
f 8441 8473 8474 8442
f 8442 8474 8475 8443
f 8443 8475 8476 8444
f 8444 8476 8477 8445
f 8445 8477 8478 8446
f 8446 8478 8479 8447
f 8447 8479 8480 8448
f 8448 8480 8481 8449
f 8449 8481 8482 8450
f 8450 8482 8483 8451
f 8451 8483 8484 8452
f 8452 8484 8485 8453
f 8453 8485 8486 8454
f 8454 8486 8487 8455
f 8455 8487 8456 8424
f 8456 8488 8489 8457
f 8457 8489 8490 8458
f 8458 8490 8491 8459
f 8459 8491 8492 8460
f 8460 8492 8493 8461
f 8461 8493 8494 8462
f 8462 8494 8495 8463
f 8463 8495 8496 8464
f 8464 8496 8497 8465
f 8465 8497 8498 8466
f 8466 8498 8499 8467
f 8467 8499 8500 8468
f 8468 8500 8501 8469
f 8469 8501 8502 8470
f 8470 8502 8503 8471
f 8471 8503 8504 8472
f 8472 8504 8505 8473
f 8473 8505 8506 8474
f 8474 8506 8507 8475
f 8475 8507 8508 8476
f 8476 8508 8509 8477
f 8477 8509 8510 8478
f 8478 8510 8511 8479
f 8479 8511 8512 8480
f 8480 8512 8513 8481
f 8481 8513 8514 8482
f 8482 8514 8515 8483
f 8483 8515 8516 8484
f 8484 8516 8517 8485
f 8485 8517 8518 8486
f 8486 8518 8519 8487
f 8487 8519 8488 8456
f 8488 8520 8521 8489
f 8489 8521 8522 8490
f 8490 8522 8523 8491
f 8491 8523 8524 8492
f 8492 8524 8525 8493
f 8493 8525 8526 8494
f 8494 8526 8527 8495
f 8495 8527 8528 8496
f 8496 8528 8529 8497
f 8497 8529 8530 8498
f 8498 8530 8531 8499
f 8499 8531 8532 8500
f 8500 8532 8533 8501
f 8501 8533 8534 8502
f 8502 8534 8535 8503
f 8503 8535 8536 8504
f 8504 8536 8537 8505
f 8505 8537 8538 8506
f 8506 8538 8539 8507
f 8507 8539 8540 8508
f 8508 8540 8541 8509
f 8509 8541 8542 8510
f 8510 8542 8543 8511
f 8511 8543 8544 8512
f 8512 8544 8545 8513
f 8513 8545 8546 8514
f 8514 8546 8547 8515
f 8515 8547 8548 8516
f 8516 8548 8549 8517
f 8517 8549 8550 8518
f 8518 8550 8551 8519
f 8519 8551 8520 8488
f 8520 8552 8553 8521
f 8521 8553 8554 8522
f 8522 8554 8555 8523
f 8523 8555 8556 8524
f 8524 8556 8557 8525
f 8525 8557 8558 8526
f 8526 8558 8559 8527
f 8527 8559 8560 8528
f 8528 8560 8561 8529
f 8529 8561 8562 8530
f 8530 8562 8563 8531
f 8531 8563 8564 8532
f 8532 8564 8565 8533
f 8533 8565 8566 8534
f 8534 8566 8567 8535
f 8535 8567 8568 8536
f 8536 8568 8569 8537
f 8537 8569 8570 8538
f 8538 8570 8571 8539
f 8539 8571 8572 8540
f 8540 8572 8573 8541
f 8541 8573 8574 8542
f 8542 8574 8575 8543
f 8543 8575 8576 8544
f 8544 8576 8577 8545
f 8545 8577 8578 8546
f 8546 8578 8579 8547
f 8547 8579 8580 8548
f 8548 8580 8581 8549
f 8549 8581 8582 8550
f 8550 8582 8583 8551
f 8551 8583 8552 8520
f 8552 8584 8585 8553
f 8553 8585 8586 8554
f 8554 8586 8587 8555
f 8555 8587 8588 8556
f 8556 8588 8589 8557
f 8557 8589 8590 8558
f 8558 8590 8591 8559
f 8559 8591 8592 8560
f 8560 8592 8593 8561
f 8561 8593 8594 8562
f 8562 8594 8595 8563
f 8563 8595 8596 8564
f 8564 8596 8597 8565
f 8565 8597 8598 8566
f 8566 8598 8599 8567
f 8567 8599 8600 8568
f 8568 8600 8601 8569
f 8569 8601 8602 8570
f 8570 8602 8603 8571
f 8571 8603 8604 8572
f 8572 8604 8605 8573
f 8573 8605 8606 8574
f 8574 8606 8607 8575
f 8575 8607 8608 8576
f 8576 8608 8609 8577
f 8577 8609 8610 8578
f 8578 8610 8611 8579
f 8579 8611 8612 8580
f 8580 8612 8613 8581
f 8581 8613 8614 8582
f 8582 8614 8615 8583
f 8583 8615 8584 8552
f 8584 8616 8617 8585
f 8585 8617 8618 8586
f 8586 8618 8619 8587
f 8587 8619 8620 8588
f 8588 8620 8621 8589
f 8589 8621 8622 8590
f 8590 8622 8623 8591
f 8591 8623 8624 8592
f 8592 8624 8625 8593
f 8593 8625 8626 8594
f 8594 8626 8627 8595
f 8595 8627 8628 8596
f 8596 8628 8629 8597
f 8597 8629 8630 8598
f 8598 8630 8631 8599
f 8599 8631 8632 8600
f 8600 8632 8633 8601
f 8601 8633 8634 8602
f 8602 8634 8635 8603
f 8603 8635 8636 8604
f 8604 8636 8637 8605
f 8605 8637 8638 8606
f 8606 8638 8639 8607
f 8607 8639 8640 8608
f 8608 8640 8641 8609
f 8609 8641 8642 8610
f 8610 8642 8643 8611
f 8611 8643 8644 8612
f 8612 8644 8645 8613
f 8613 8645 8646 8614
f 8614 8646 8647 8615
f 8615 8647 8616 8584
f 8616 8648 8649 8617
f 8617 8649 8650 8618
f 8618 8650 8651 8619
f 8619 8651 8652 8620
f 8620 8652 8653 8621
f 8621 8653 8654 8622
f 8622 8654 8655 8623
f 8623 8655 8656 8624
f 8624 8656 8657 8625
f 8625 8657 8658 8626
f 8626 8658 8659 8627
f 8627 8659 8660 8628
f 8628 8660 8661 8629
f 8629 8661 8662 8630
f 8630 8662 8663 8631
f 8631 8663 8664 8632
f 8632 8664 8665 8633
f 8633 8665 8666 8634
f 8634 8666 8667 8635
f 8635 8667 8668 8636
f 8636 8668 8669 8637
f 8637 8669 8670 8638
f 8638 8670 8671 8639
f 8639 8671 8672 8640
f 8640 8672 8673 8641
f 8641 8673 8674 8642
f 8642 8674 8675 8643
f 8643 8675 8676 8644
f 8644 8676 8677 8645
f 8645 8677 8678 8646
f 8646 8678 8679 8647
f 8647 8679 8648 8616
f 8648 8680 8681 8649
f 8649 8681 8682 8650
f 8650 8682 8683 8651
f 8651 8683 8684 8652
f 8652 8684 8685 8653
f 8653 8685 8686 8654
f 8654 8686 8687 8655
f 8655 8687 8688 8656
f 8656 8688 8689 8657
f 8657 8689 8690 8658
f 8658 8690 8691 8659
f 8659 8691 8692 8660
f 8660 8692 8693 8661
f 8661 8693 8694 8662
f 8662 8694 8695 8663
f 8663 8695 8696 8664
f 8664 8696 8697 8665
f 8665 8697 8698 8666
f 8666 8698 8699 8667
f 8667 8699 8700 8668
f 8668 8700 8701 8669
f 8669 8701 8702 8670
f 8670 8702 8703 8671
f 8671 8703 8704 8672
f 8672 8704 8705 8673
f 8673 8705 8706 8674
f 8674 8706 8707 8675
f 8675 8707 8708 8676
f 8676 8708 8709 8677
f 8677 8709 8710 8678
f 8678 8710 8711 8679
f 8679 8711 8680 8648
f 8680 8712 8713 8681
f 8681 8713 8714 8682
f 8682 8714 8715 8683
f 8683 8715 8716 8684
f 8684 8716 8717 8685
f 8685 8717 8718 8686
f 8686 8718 8719 8687
f 8687 8719 8720 8688
f 8688 8720 8721 8689
f 8689 8721 8722 8690
f 8690 8722 8723 8691
f 8691 8723 8724 8692
f 8692 8724 8725 8693
f 8693 8725 8726 8694
f 8694 8726 8727 8695
f 8695 8727 8728 8696
f 8696 8728 8729 8697
f 8697 8729 8730 8698
f 8698 8730 8731 8699
f 8699 8731 8732 8700
f 8700 8732 8733 8701
f 8701 8733 8734 8702
f 8702 8734 8735 8703
f 8703 8735 8736 8704
f 8704 8736 8737 8705
f 8705 8737 8738 8706
f 8706 8738 8739 8707
f 8707 8739 8740 8708
f 8708 8740 8741 8709
f 8709 8741 8742 8710
f 8710 8742 8743 8711
f 8711 8743 8712 8680
f 8712 8744 8745 8713
f 8713 8745 8746 8714
f 8714 8746 8747 8715
f 8715 8747 8748 8716
f 8716 8748 8749 8717
f 8717 8749 8750 8718
f 8718 8750 8751 8719
f 8719 8751 8752 8720
f 8720 8752 8753 8721
f 8721 8753 8754 8722
f 8722 8754 8755 8723
f 8723 8755 8756 8724
f 8724 8756 8757 8725
f 8725 8757 8758 8726
f 8726 8758 8759 8727
f 8727 8759 8760 8728
f 8728 8760 8761 8729
f 8729 8761 8762 8730
f 8730 8762 8763 8731
f 8731 8763 8764 8732
f 8732 8764 8765 8733
f 8733 8765 8766 8734
f 8734 8766 8767 8735
f 8735 8767 8768 8736
f 8736 8768 8769 8737
f 8737 8769 8770 8738
f 8738 8770 8771 8739
f 8739 8771 8772 8740
f 8740 8772 8773 8741
f 8741 8773 8774 8742
f 8742 8774 8775 8743
f 8743 8775 8744 8712
f 8744 8776 8777 8745
f 8745 8777 8778 8746
f 8746 8778 8779 8747
f 8747 8779 8780 8748
f 8748 8780 8781 8749
f 8749 8781 8782 8750
f 8750 8782 8783 8751
f 8751 8783 8784 8752
f 8752 8784 8785 8753
f 8753 8785 8786 8754
f 8754 8786 8787 8755
f 8755 8787 8788 8756
f 8756 8788 8789 8757
f 8757 8789 8790 8758
f 8758 8790 8791 8759
f 8759 8791 8792 8760
f 8760 8792 8793 8761
f 8761 8793 8794 8762
f 8762 8794 8795 8763
f 8763 8795 8796 8764
f 8764 8796 8797 8765
f 8765 8797 8798 8766
f 8766 8798 8799 8767
f 8767 8799 8800 8768
f 8768 8800 8801 8769
f 8769 8801 8802 8770
f 8770 8802 8803 8771
f 8771 8803 8804 8772
f 8772 8804 8805 8773
f 8773 8805 8806 8774
f 8774 8806 8807 8775
f 8775 8807 8776 8744
f 8776 8808 8777
f 8777 8808 8778
f 8778 8808 8779
f 8779 8808 8780
f 8780 8808 8781
f 8781 8808 8782
f 8782 8808 8783
f 8783 8808 8784
f 8784 8808 8785
f 8785 8808 8786
f 8786 8808 8787
f 8787 8808 8788
f 8788 8808 8789
f 8789 8808 8790
f 8790 8808 8791
f 8791 8808 8792
f 8792 8808 8793
f 8793 8808 8794
f 8794 8808 8795
f 8795 8808 8796
f 8796 8808 8797
f 8797 8808 8798
f 8798 8808 8799
f 8799 8808 8800
f 8800 8808 8801
f 8801 8808 8802
f 8802 8808 8803
f 8803 8808 8804
f 8804 8808 8805
f 8805 8808 8806
f 8806 8808 8807
f 8807 8808 8776
g Group9744
f 8859 8860 8812 8811
f 8860 8862 8814 8812
f 8862 8864 8816 8814
f 8866 8868 8820 8818
f 8836 8811 8809 8835
f 8868 8870 8822 8820
f 8834 8836 8835 8833
f 8870 8872 8824 8822
f 8832 8834 8833 8831
f 8872 8874 8826 8824
f 8874 8876 8828 8826
f 8876 8878 8830 8828
f 8828 8830 8829 8827
f 8826 8828 8827 8825
f 8824 8826 8825 8823
f 8880 8882 8834 8832
f 8822 8824 8823 8821
f 8882 8884 8836 8834
f 8820 8822 8821 8819
f 8884 8859 8811 8836
f 8840 8839 8838 8837
f 8842 8840 8837 8841
f 8844 8842 8841 8843
f 8846 8844 8843 8845
f 8853 8852 8847 8848
f 8854 8853 8848 8849
f 8855 8854 8849 8850
f 8856 8855 8850 8851
f 8835 8809 8841 8837
f 8809 8810 8843 8841
f 8810 8813 8845 8843
f 8813 8815 8846 8845
f 8817 8819 8856 8851
f 8819 8821 8855 8856
f 8821 8823 8854 8855
f 8823 8825 8853 8854
f 8825 8827 8852 8853
f 8827 8829 8847 8852
f 8831 8833 8838 8839
f 8833 8835 8837 8838
f 8860 8859 8858 8857
f 8862 8860 8857 8861
f 8864 8862 8861 8863
f 8868 8866 8865 8867
f 8870 8868 8867 8869
f 8872 8870 8869 8871
f 8874 8872 8871 8873
f 8876 8874 8873 8875
f 8878 8876 8875 8877
f 8882 8880 8879 8881
f 8884 8882 8881 8883
f 8859 8884 8883 8858
f 8885 8863 8861 8857
f 8886 8885 8857 8858
f 8887 8886 8858 8883
f 8879 8887 8883 8881
f 8869 8867 8865 8888
f 8871 8869 8888 8889
f 8873 8871 8889 8890
f 8875 8873 8890 8877
f 8811 8812 8810 8809
f 8812 8814 8813 8810
f 8814 8816 8815 8813
f 8818 8820 8819 8817
f 8864 8891 8892 8816
f 8893 8866 8818 8894
f 8895 8832 8831 8896
f 8830 8897 8898 8829
f 8878 8899 8897 8830
f 8900 8880 8832 8895
f 8901 8902 8839 8840
f 8903 8901 8840 8842
f 8904 8903 8842 8844
f 8905 8904 8844 8846
f 8848 8847 8906 8907
f 8849 8848 8907 8908
f 8850 8849 8908 8909
f 8851 8850 8909 8910
f 8815 8911 8905 8846
f 8912 8817 8851 8910
f 8829 8898 8906 8847
f 8896 8831 8839 8902
f 8891 8864 8863 8913
f 8866 8893 8914 8865
f 8899 8878 8877 8915
f 8880 8900 8916 8879
f 8917 8913 8863 8885
f 8918 8917 8885 8886
f 8919 8918 8886 8887
f 8916 8919 8887 8879
f 8888 8865 8914 8920
f 8889 8888 8920 8921
f 8890 8889 8921 8922
f 8877 8890 8922 8915
f 8816 8892 8911 8815
f 8894 8818 8817 8912
f 8892 8891 8893 8894
f 8897 8899 8900 8895
f 8914 8893 8891 8913
f 8916 8900 8899 8915
f 8915 8922 8919 8916
f 8913 8917 8920 8914
f 8917 8918 8921 8920
f 8918 8919 8922 8921
f 8894 8924 8923 8892
f 8905 8911 8892 8923
f 8912 8910 8924 8894
f 8895 8926 8925 8897
f 8906 8898 8897 8925
f 8896 8902 8926 8895
f 8926 8928 8927 8925
f 8907 8906 8925 8927
f 8902 8901 8928 8926
f 8930 8923 8924 8929
f 8910 8909 8929 8924
f 8904 8905 8923 8930
f 8928 8932 8931 8927
f 8908 8907 8927 8931
f 8901 8903 8932 8928
f 8932 8930 8929 8931
f 8909 8908 8931 8929
f 8903 8904 8930 8932
g Group37575
f 8983 8935 8936 8984
f 8984 8936 8938 8986
f 8986 8938 8940 8988
f 8990 8942 8944 8992
f 8960 8959 8933 8935
f 8992 8944 8946 8994
f 8958 8957 8959 8960
f 8994 8946 8948 8996
f 8956 8955 8957 8958
f 8996 8948 8950 8998
f 8998 8950 8952 9000
f 9000 8952 8954 9002
f 8952 8951 8953 8954
f 8950 8949 8951 8952
f 8948 8947 8949 8950
f 9004 8956 8958 9006
f 8946 8945 8947 8948
f 9006 8958 8960 9008
f 8944 8943 8945 8946
f 9008 8960 8935 8983
f 8964 8961 8962 8963
f 8966 8965 8961 8964
f 8968 8967 8965 8966
f 8970 8969 8967 8968
f 8977 8972 8971 8976
f 8978 8973 8972 8977
f 8979 8974 8973 8978
f 8980 8975 8974 8979
f 8959 8961 8965 8933
f 8933 8965 8967 8934
f 8934 8967 8969 8937
f 8937 8969 8970 8939
f 8941 8975 8980 8943
f 8943 8980 8979 8945
f 8945 8979 8978 8947
f 8947 8978 8977 8949
f 8949 8977 8976 8951
f 8951 8976 8971 8953
f 8955 8963 8962 8957
f 8957 8962 8961 8959
f 8984 8981 8982 8983
f 8986 8985 8981 8984
f 8988 8987 8985 8986
f 8992 8991 8989 8990
f 8994 8993 8991 8992
f 8996 8995 8993 8994
f 8998 8997 8995 8996
f 9000 8999 8997 8998
f 9002 9001 8999 9000
f 9006 9005 9003 9004
f 9008 9007 9005 9006
f 8983 8982 9007 9008
f 9009 8981 8985 8987
f 9010 8982 8981 9009
f 9011 9007 8982 9010
f 9003 9005 9007 9011
f 8993 9012 8989 8991
f 8995 9013 9012 8993
f 8997 9014 9013 8995
f 8999 9001 9014 8997
f 8935 8933 8934 8936
f 8936 8934 8937 8938
f 8938 8937 8939 8940
f 8942 8941 8943 8944
f 8988 8940 9016 9015
f 9017 9018 8942 8990
f 9019 9020 8955 8956
f 8954 8953 9022 9021
f 9002 8954 9021 9023
f 9024 9019 8956 9004
f 9025 8964 8963 9026
f 9027 8966 8964 9025
f 9028 8968 8966 9027
f 9029 8970 8968 9028
f 8972 9031 9030 8971
f 8973 9032 9031 8972
f 8974 9033 9032 8973
f 8975 9034 9033 8974
f 8939 8970 9029 9035
f 9036 9034 8975 8941
f 8953 8971 9030 9022
f 9020 9026 8963 8955
f 9015 9037 8987 8988
f 8990 8989 9038 9017
f 9023 9039 9001 9002
f 9004 9003 9040 9024
f 9041 9009 8987 9037
f 9042 9010 9009 9041
f 9043 9011 9010 9042
f 9040 9003 9011 9043
f 9012 9044 9038 8989
f 9013 9045 9044 9012
f 9014 9046 9045 9013
f 9001 9039 9046 9014
f 8940 8939 9035 9016
f 9018 9036 8941 8942
f 9016 9018 9017 9015
f 9021 9019 9024 9023
f 9038 9037 9015 9017
f 9040 9039 9023 9024
f 9039 9040 9043 9046
f 9037 9038 9044 9041
f 9041 9044 9045 9042
f 9042 9045 9046 9043
f 9018 9016 9047 9048
f 9029 9047 9016 9035
f 9036 9018 9048 9034
f 9019 9021 9049 9050
f 9030 9049 9021 9022
f 9020 9019 9050 9026
f 9050 9049 9051 9052
f 9031 9051 9049 9030
f 9026 9050 9052 9025
f 9054 9053 9048 9047
f 9034 9048 9053 9033
f 9028 9054 9047 9029
f 9052 9051 9055 9056
f 9032 9055 9051 9031
f 9025 9052 9056 9027
f 9056 9055 9053 9054
f 9033 9053 9055 9032
f 9027 9056 9054 9028
g Group9744
f 9107 9108 9060 9059
f 9108 9110 9062 9060
f 9110 9112 9064 9062
f 9114 9116 9068 9066
f 9084 9059 9057 9083
f 9116 9118 9070 9068
f 9082 9084 9083 9081
f 9118 9120 9072 9070
f 9080 9082 9081 9079
f 9120 9122 9074 9072
f 9122 9124 9076 9074
f 9124 9126 9078 9076
f 9076 9078 9077 9075
f 9074 9076 9075 9073
f 9072 9074 9073 9071
f 9128 9130 9082 9080
f 9070 9072 9071 9069
f 9130 9132 9084 9082
f 9068 9070 9069 9067
f 9132 9107 9059 9084
f 9088 9087 9086 9085
f 9090 9088 9085 9089
f 9092 9090 9089 9091
f 9094 9092 9091 9093
f 9101 9100 9095 9096
f 9102 9101 9096 9097
f 9103 9102 9097 9098
f 9104 9103 9098 9099
f 9083 9057 9089 9085
f 9057 9058 9091 9089
f 9058 9061 9093 9091
f 9061 9063 9094 9093
f 9065 9067 9104 9099
f 9067 9069 9103 9104
f 9069 9071 9102 9103
f 9071 9073 9101 9102
f 9073 9075 9100 9101
f 9075 9077 9095 9100
f 9079 9081 9086 9087
f 9081 9083 9085 9086
f 9108 9107 9106 9105
f 9110 9108 9105 9109
f 9112 9110 9109 9111
f 9116 9114 9113 9115
f 9118 9116 9115 9117
f 9120 9118 9117 9119
f 9122 9120 9119 9121
f 9124 9122 9121 9123
f 9126 9124 9123 9125
f 9130 9128 9127 9129
f 9132 9130 9129 9131
f 9107 9132 9131 9106
f 9133 9111 9109 9105
f 9134 9133 9105 9106
f 9135 9134 9106 9131
f 9127 9135 9131 9129
f 9117 9115 9113 9136
f 9119 9117 9136 9137
f 9121 9119 9137 9138
f 9123 9121 9138 9125
f 9059 9060 9058 9057
f 9060 9062 9061 9058
f 9062 9064 9063 9061
f 9066 9068 9067 9065
f 9112 9139 9140 9064
f 9141 9114 9066 9142
f 9143 9080 9079 9144
f 9078 9145 9146 9077
f 9126 9147 9145 9078
f 9148 9128 9080 9143
f 9149 9150 9087 9088
f 9151 9149 9088 9090
f 9152 9151 9090 9092
f 9153 9152 9092 9094
f 9096 9095 9154 9155
f 9097 9096 9155 9156
f 9098 9097 9156 9157
f 9099 9098 9157 9158
f 9063 9159 9153 9094
f 9160 9065 9099 9158
f 9077 9146 9154 9095
f 9144 9079 9087 9150
f 9139 9112 9111 9161
f 9114 9141 9162 9113
f 9147 9126 9125 9163
f 9128 9148 9164 9127
f 9165 9161 9111 9133
f 9166 9165 9133 9134
f 9167 9166 9134 9135
f 9164 9167 9135 9127
f 9136 9113 9162 9168
f 9137 9136 9168 9169
f 9138 9137 9169 9170
f 9125 9138 9170 9163
f 9064 9140 9159 9063
f 9142 9066 9065 9160
f 9140 9139 9141 9142
f 9145 9147 9148 9143
f 9162 9141 9139 9161
f 9164 9148 9147 9163
f 9163 9170 9167 9164
f 9161 9165 9168 9162
f 9165 9166 9169 9168
f 9166 9167 9170 9169
f 9142 9172 9171 9140
f 9153 9159 9140 9171
f 9160 9158 9172 9142
f 9143 9174 9173 9145
f 9154 9146 9145 9173
f 9144 9150 9174 9143
f 9174 9176 9175 9173
f 9155 9154 9173 9175
f 9150 9149 9176 9174
f 9178 9171 9172 9177
f 9158 9157 9177 9172
f 9152 9153 9171 9178
f 9176 9180 9179 9175
f 9156 9155 9175 9179
f 9149 9151 9180 9176
f 9180 9178 9177 9179
f 9157 9156 9179 9177
f 9151 9152 9178 9180
g Group6022
f 9231 9232 9184 9183
f 9232 9234 9186 9184
f 9234 9236 9188 9186
f 9238 9240 9192 9190
f 9208 9183 9181 9207
f 9240 9242 9194 9192
f 9206 9208 9207 9205
f 9242 9244 9196 9194
f 9204 9206 9205 9203
f 9244 9246 9198 9196
f 9246 9248 9200 9198
f 9248 9250 9202 9200
f 9200 9202 9201 9199
f 9198 9200 9199 9197
f 9196 9198 9197 9195
f 9252 9254 9206 9204
f 9194 9196 9195 9193
f 9254 9256 9208 9206
f 9192 9194 9193 9191
f 9256 9231 9183 9208
f 9212 9211 9210 9209
f 9214 9212 9209 9213
f 9216 9214 9213 9215
f 9218 9216 9215 9217
f 9225 9224 9219 9220
f 9226 9225 9220 9221
f 9227 9226 9221 9222
f 9228 9227 9222 9223
f 9207 9181 9213 9209
f 9181 9182 9215 9213
f 9182 9185 9217 9215
f 9185 9187 9218 9217
f 9189 9191 9228 9223
f 9191 9193 9227 9228
f 9193 9195 9226 9227
f 9195 9197 9225 9226
f 9197 9199 9224 9225
f 9199 9201 9219 9224
f 9203 9205 9210 9211
f 9205 9207 9209 9210
f 9232 9231 9230 9229
f 9234 9232 9229 9233
f 9236 9234 9233 9235
f 9240 9238 9237 9239
f 9242 9240 9239 9241
f 9244 9242 9241 9243
f 9246 9244 9243 9245
f 9248 9246 9245 9247
f 9250 9248 9247 9249
f 9254 9252 9251 9253
f 9256 9254 9253 9255
f 9231 9256 9255 9230
f 9257 9235 9233 9229
f 9258 9257 9229 9230
f 9259 9258 9230 9255
f 9251 9259 9255 9253
f 9241 9239 9237 9260
f 9243 9241 9260 9261
f 9245 9243 9261 9262
f 9247 9245 9262 9249
f 9183 9184 9182 9181
f 9184 9186 9185 9182
f 9186 9188 9187 9185
f 9190 9192 9191 9189
f 9236 9263 9264 9188
f 9265 9238 9190 9266
f 9267 9204 9203 9268
f 9202 9269 9270 9201
f 9250 9271 9269 9202
f 9272 9252 9204 9267
f 9273 9274 9211 9212
f 9275 9273 9212 9214
f 9276 9275 9214 9216
f 9277 9276 9216 9218
f 9220 9219 9278 9279
f 9221 9220 9279 9280
f 9222 9221 9280 9281
f 9223 9222 9281 9282
f 9187 9283 9277 9218
f 9284 9189 9223 9282
f 9201 9270 9278 9219
f 9268 9203 9211 9274
f 9263 9236 9235 9285
f 9238 9265 9286 9237
f 9271 9250 9249 9287
f 9252 9272 9288 9251
f 9289 9285 9235 9257
f 9290 9289 9257 9258
f 9291 9290 9258 9259
f 9288 9291 9259 9251
f 9260 9237 9286 9292
f 9261 9260 9292 9293
f 9262 9261 9293 9294
f 9249 9262 9294 9287
f 9188 9264 9283 9187
f 9266 9190 9189 9284
f 9264 9263 9265 9266
f 9269 9271 9272 9267
f 9286 9265 9263 9285
f 9288 9272 9271 9287
f 9287 9294 9291 9288
f 9285 9289 9292 9286
f 9289 9290 9293 9292
f 9290 9291 9294 9293
f 9266 9296 9295 9264
f 9277 9283 9264 9295
f 9284 9282 9296 9266
f 9267 9298 9297 9269
f 9278 9270 9269 9297
f 9268 9274 9298 9267
f 9298 9300 9299 9297
f 9279 9278 9297 9299
f 9274 9273 9300 9298
f 9302 9295 9296 9301
f 9282 9281 9301 9296
f 9276 9277 9295 9302
f 9300 9304 9303 9299
f 9280 9279 9299 9303
f 9273 9275 9304 9300
f 9304 9302 9301 9303
f 9281 9280 9303 9301
f 9275 9276 9302 9304
g Group9022
f 9356 9355 9354 9353
f 9321 9322 9355 9356
f 9321 9338 9337 9322
f 9355 9358 9357 9354
f 9322 9323 9358 9355
f 9322 9337 9339 9323
f 9358 9360 9359 9357
f 9323 9324 9360 9358
f 9323 9339 9340 9324
f 9360 9362 9361 9359
f 9324 9325 9362 9360
f 9324 9340 9341 9325
f 9362 9364 9363 9361
f 9325 9326 9364 9362
f 9325 9341 9342 9326
f 9364 9366 9365 9363
f 9326 9327 9366 9364
f 9326 9342 9343 9327
f 9366 9368 9367 9365
f 9327 9328 9368 9366
f 9327 9343 9344 9328
f 9368 9370 9369 9367
f 9328 9329 9370 9368
f 9328 9344 9345 9329
f 9370 9372 9371 9369
f 9329 9330 9372 9370
f 9329 9345 9346 9330
f 9372 9374 9373 9371
f 9330 9331 9374 9372
f 9330 9346 9347 9331
f 9374 9376 9375 9373
f 9331 9332 9376 9374
f 9331 9347 9348 9332
f 9376 9378 9377 9375
f 9332 9333 9378 9376
f 9332 9348 9349 9333
f 9378 9380 9379 9377
f 9333 9334 9380 9378
f 9333 9349 9350 9334
f 9380 9382 9381 9379
f 9334 9335 9382 9380
f 9334 9350 9351 9335
f 9382 9384 9383 9381
f 9335 9336 9384 9382
f 9335 9351 9352 9336
f 9384 9356 9353 9383
f 9336 9321 9356 9384
f 9336 9352 9338 9321
f 9353 9354 9386 9385
f 9306 9305 9385 9386
f 9338 9305 9306 9337
f 9354 9357 9387 9386
f 9307 9306 9386 9387
f 9337 9306 9307 9339
f 9357 9359 9388 9387
f 9308 9307 9387 9388
f 9339 9307 9308 9340
f 9359 9361 9389 9388
f 9309 9308 9388 9389
f 9340 9308 9309 9341
f 9361 9363 9390 9389
f 9310 9309 9389 9390
f 9341 9309 9310 9342
f 9363 9365 9391 9390
f 9311 9310 9390 9391
f 9342 9310 9311 9343
f 9365 9367 9392 9391
f 9343 9311 9312 9344
f 9367 9369 9393 9392
f 9344 9312 9313 9345
f 9369 9371 9394 9393
f 9345 9313 9314 9346
f 9371 9373 9395 9394
f 9346 9314 9315 9347
f 9373 9375 9396 9395
f 9316 9315 9395 9396
f 9347 9315 9316 9348
f 9375 9377 9397 9396
f 9317 9316 9396 9397
f 9348 9316 9317 9349
f 9377 9379 9398 9397
f 9318 9317 9397 9398
f 9349 9317 9318 9350
f 9379 9381 9399 9398
f 9319 9318 9398 9399
f 9350 9318 9319 9351
f 9381 9383 9400 9399
f 9320 9319 9399 9400
f 9351 9319 9320 9352
f 9383 9353 9385 9400
f 9305 9320 9400 9385
f 9352 9320 9305 9338
f 9452 9451 9450 9449
f 9417 9418 9451 9452
f 9417 9434 9433 9418
f 9451 9454 9453 9450
f 9418 9419 9454 9451
f 9418 9433 9435 9419
f 9454 9456 9455 9453
f 9419 9420 9456 9454
f 9419 9435 9436 9420
f 9456 9458 9457 9455
f 9420 9421 9458 9456
f 9420 9436 9437 9421
f 9458 9460 9459 9457
f 9421 9422 9460 9458
f 9421 9437 9438 9422
f 9460 9462 9461 9459
f 9422 9423 9462 9460
f 9422 9438 9439 9423
f 9462 9464 9463 9461
f 9423 9424 9464 9462
f 9423 9439 9440 9424
f 9464 9466 9465 9463
f 9424 9425 9466 9464
f 9424 9440 9441 9425
f 9466 9468 9467 9465
f 9425 9426 9468 9466
f 9425 9441 9442 9426
f 9468 9470 9469 9467
f 9426 9427 9470 9468
f 9426 9442 9443 9427
f 9470 9472 9471 9469
f 9427 9428 9472 9470
f 9427 9443 9444 9428
f 9472 9474 9473 9471
f 9428 9429 9474 9472
f 9428 9444 9445 9429
f 9474 9476 9475 9473
f 9429 9430 9476 9474
f 9429 9445 9446 9430
f 9476 9478 9477 9475
f 9430 9431 9478 9476
f 9430 9446 9447 9431
f 9478 9480 9479 9477
f 9431 9432 9480 9478
f 9431 9447 9448 9432
f 9480 9452 9449 9479
f 9432 9417 9452 9480
f 9432 9448 9434 9417
f 9449 9450 9482 9481
f 9402 9401 9481 9482
f 9434 9401 9402 9433
f 9450 9453 9483 9482
f 9403 9402 9482 9483
f 9433 9402 9403 9435
f 9453 9455 9484 9483
f 9404 9403 9483 9484
f 9435 9403 9404 9436
f 9455 9457 9485 9484
f 9405 9404 9484 9485
f 9436 9404 9405 9437
f 9457 9459 9486 9485
f 9406 9405 9485 9486
f 9437 9405 9406 9438
f 9459 9461 9487 9486
f 9407 9406 9486 9487
f 9438 9406 9407 9439
f 9461 9463 9488 9487
f 9439 9407 9408 9440
f 9463 9465 9489 9488
f 9440 9408 9409 9441
f 9465 9467 9490 9489
f 9441 9409 9410 9442
f 9467 9469 9491 9490
f 9442 9410 9411 9443
f 9469 9471 9492 9491
f 9412 9411 9491 9492
f 9443 9411 9412 9444
f 9471 9473 9493 9492
f 9413 9412 9492 9493
f 9444 9412 9413 9445
f 9473 9475 9494 9493
f 9414 9413 9493 9494
f 9445 9413 9414 9446
f 9475 9477 9495 9494
f 9415 9414 9494 9495
f 9446 9414 9415 9447
f 9477 9479 9496 9495
f 9416 9415 9495 9496
f 9447 9415 9416 9448
f 9479 9449 9481 9496
f 9401 9416 9496 9481
f 9448 9416 9401 9434
f 9500 9499 9498 9497
f 9315 9314 9504 9506
f 9394 9395 9505 9503
f 9395 9315 9506 9505
f 9502 9500 9497 9501
f 9314 9313 9502 9504
f 9393 9394 9503 9501
f 9504 9502 9501 9503
f 9313 9312 9500 9502
f 9392 9393 9501 9497
f 9506 9504 9503 9505
f 9312 9311 9499 9500
f 9311 9391 9498 9499
f 9391 9392 9497 9498
f 9510 9509 9508 9507
f 9487 9488 9507 9508
f 9407 9487 9508 9509
f 9408 9407 9509 9510
f 9512 9510 9507 9511
f 9488 9489 9511 9507
f 9409 9408 9510 9512
f 9514 9512 9511 9513
f 9489 9490 9513 9511
f 9410 9409 9512 9514
f 9516 9514 9513 9515
f 9491 9411 9516 9515
f 9490 9491 9515 9513
f 9411 9410 9514 9516
f 9558 9560 9559
f 9517 9520 9558 9559
f 9536 9537 9542 9541
f 9520 9517 9521
f 9587 9592 9593 9588
f 9582 9587 9588 9583
f 9541 9542 9547 9546
f 9583 9588 9589 9584
f 9540 9541 9546 9545
f 9540 9545 9586 9581
f 9559 9560 9562 9561
f 9518 9517 9559 9561
f 9517 9518 9522 9521
f 9561 9562 9564 9563
f 9519 9518 9561 9563
f 9518 9519 9523 9522
f 9581 9586 9587 9582
f 9545 9546 9551 9550
f 9545 9550 9591 9586
f 9563 9564 9565
f 9524 9519 9563 9565
f 9519 9524 9523
f 9604 9601 9557 9556
f 9553 9554 9599 9601
f 9577 9582 9583 9578
f 9557 9599 9600 9598
f 9558 9566 9567 9560
f 9520 9525 9566 9558
f 9520 9521 9526 9525
f 9586 9591 9592 9587
f 9592 9602 9603 9593
f 9551 9552 9604 9605
f 9544 9539 9580 9585
f 9560 9567 9568 9562
f 9521 9522 9527 9526
f 9562 9568 9569 9564
f 9522 9523 9528 9527
f 9549 9544 9585 9590
f 9550 9551 9605 9606
f 9564 9569 9570 9565
f 9523 9524 9529 9528
f 9594 9607 9600 9595
f 9529 9524 9565 9570
f 9550 9606 9608 9591
f 9566 9571 9572 9567
f 9525 9530 9571 9566
f 9525 9526 9531 9530
f 9555 9556 9597 9596
f 9543 9544 9549 9548
f 9593 9603 9607 9594
f 9538 9539 9544 9543
f 9567 9572 9573 9568
f 9526 9527 9532 9531
f 9568 9573 9574 9569
f 9527 9528 9533 9532
f 9606 9555 9596 9608
f 9591 9608 9602 9592
f 9569 9574 9575 9570
f 9528 9529 9534 9533
f 9579 9584 9585 9580
f 9534 9529 9570 9575
f 9554 9549 9590 9595
f 9571 9576 9577 9572
f 9530 9535 9576 9571
f 9530 9531 9536 9535
f 9584 9589 9590 9585
f 9546 9547 9552 9551
f 9547 9548 9553 9552
f 9589 9594 9595 9590
f 9572 9577 9578 9573
f 9531 9532 9537 9536
f 9573 9578 9579 9574
f 9532 9533 9538 9537
f 9537 9538 9543 9542
f 9548 9549 9554 9553
f 9574 9579 9580 9575
f 9533 9534 9539 9538
f 9552 9553 9601 9604
f 9539 9534 9575 9580
f 9556 9557 9598 9597
f 9576 9581 9582 9577
f 9535 9540 9581 9576
f 9535 9536 9541 9540
f 9588 9593 9594 9589
f 9542 9543 9548 9547
f 9578 9583 9584 9579
f 9599 9554 9595 9600
f 9601 9599 9557
f 9602 9596 9597 9603
f 9605 9604 9556 9555
f 9606 9605 9555
f 9607 9598 9600
f 9608 9596 9602
f 9603 9597 9598 9607
f 9659 9660 9612 9611
f 9660 9662 9614 9612
f 9662 9664 9616 9614
f 9666 9668 9620 9618
f 9636 9611 9609 9635
f 9668 9670 9622 9620
f 9634 9636 9635 9633
f 9670 9672 9624 9622
f 9632 9634 9633 9631
f 9672 9674 9626 9624
f 9674 9676 9628 9626
f 9676 9678 9630 9628
f 9628 9630 9629 9627
f 9626 9628 9627 9625
f 9624 9626 9625 9623
f 9680 9682 9634 9632
f 9622 9624 9623 9621
f 9682 9684 9636 9634
f 9620 9622 9621 9619
f 9684 9659 9611 9636
f 9640 9639 9638 9637
f 9642 9640 9637 9641
f 9644 9642 9641 9643
f 9646 9644 9643 9645
f 9653 9652 9647 9648
f 9654 9653 9648 9649
f 9655 9654 9649 9650
f 9656 9655 9650 9651
f 9635 9609 9641 9637
f 9609 9610 9643 9641
f 9610 9613 9645 9643
f 9613 9615 9646 9645
f 9617 9619 9656 9651
f 9619 9621 9655 9656
f 9621 9623 9654 9655
f 9623 9625 9653 9654
f 9625 9627 9652 9653
f 9627 9629 9647 9652
f 9631 9633 9638 9639
f 9633 9635 9637 9638
f 9660 9659 9658 9657
f 9662 9660 9657 9661
f 9664 9662 9661 9663
f 9668 9666 9665 9667
f 9670 9668 9667 9669
f 9672 9670 9669 9671
f 9674 9672 9671 9673
f 9676 9674 9673 9675
f 9678 9676 9675 9677
f 9682 9680 9679 9681
f 9684 9682 9681 9683
f 9659 9684 9683 9658
f 9685 9663 9661 9657
f 9686 9685 9657 9658
f 9687 9686 9658 9683
f 9679 9687 9683 9681
f 9669 9667 9665 9688
f 9671 9669 9688 9689
f 9673 9671 9689 9690
f 9675 9673 9690 9677
f 9611 9612 9610 9609
f 9612 9614 9613 9610
f 9614 9616 9615 9613
f 9618 9620 9619 9617
f 9664 9691 9692 9616
f 9693 9666 9618 9694
f 9695 9632 9631 9696
f 9630 9697 9698 9629
f 9678 9699 9697 9630
f 9700 9680 9632 9695
f 9701 9702 9639 9640
f 9703 9701 9640 9642
f 9704 9703 9642 9644
f 9705 9704 9644 9646
f 9648 9647 9706 9707
f 9649 9648 9707 9708
f 9650 9649 9708 9709
f 9651 9650 9709 9710
f 9615 9711 9705 9646
f 9712 9617 9651 9710
f 9629 9698 9706 9647
f 9696 9631 9639 9702
f 9691 9664 9663 9713
f 9666 9693 9714 9665
f 9699 9678 9677 9715
f 9680 9700 9716 9679
f 9717 9713 9663 9685
f 9718 9717 9685 9686
f 9719 9718 9686 9687
f 9716 9719 9687 9679
f 9688 9665 9714 9720
f 9689 9688 9720 9721
f 9690 9689 9721 9722
f 9677 9690 9722 9715
f 9616 9692 9711 9615
f 9694 9618 9617 9712
f 9692 9691 9693 9694
f 9697 9699 9700 9695
f 9714 9693 9691 9713
f 9716 9700 9699 9715
f 9715 9722 9719 9716
f 9713 9717 9720 9714
f 9717 9718 9721 9720
f 9718 9719 9722 9721
f 9694 9724 9723 9692
f 9705 9711 9692 9723
f 9712 9710 9724 9694
f 9695 9726 9725 9697
f 9706 9698 9697 9725
f 9696 9702 9726 9695
f 9726 9728 9727 9725
f 9707 9706 9725 9727
f 9702 9701 9728 9726
f 9730 9723 9724 9729
f 9710 9709 9729 9724
f 9704 9705 9723 9730
f 9728 9732 9731 9727
f 9708 9707 9727 9731
f 9701 9703 9732 9728
f 9732 9730 9729 9731
f 9709 9708 9731 9729
f 9703 9704 9730 9732
f 9783 9784 9736 9735
f 9784 9786 9738 9736
f 9786 9788 9740 9738
f 9790 9792 9744 9742
f 9760 9735 9733 9759
f 9792 9794 9746 9744
f 9758 9760 9759 9757
f 9794 9796 9748 9746
f 9756 9758 9757 9755
f 9796 9798 9750 9748
f 9798 9800 9752 9750
f 9800 9802 9754 9752
f 9752 9754 9753 9751
f 9750 9752 9751 9749
f 9748 9750 9749 9747
f 9804 9806 9758 9756
f 9746 9748 9747 9745
f 9806 9808 9760 9758
f 9744 9746 9745 9743
f 9808 9783 9735 9760
f 9764 9763 9762 9761
f 9766 9764 9761 9765
f 9768 9766 9765 9767
f 9770 9768 9767 9769
f 9777 9776 9771 9772
f 9778 9777 9772 9773
f 9779 9778 9773 9774
f 9780 9779 9774 9775
f 9759 9733 9765 9761
f 9733 9734 9767 9765
f 9734 9737 9769 9767
f 9737 9739 9770 9769
f 9741 9743 9780 9775
f 9743 9745 9779 9780
f 9745 9747 9778 9779
f 9747 9749 9777 9778
f 9749 9751 9776 9777
f 9751 9753 9771 9776
f 9755 9757 9762 9763
f 9757 9759 9761 9762
f 9784 9783 9782 9781
f 9786 9784 9781 9785
f 9788 9786 9785 9787
f 9792 9790 9789 9791
f 9794 9792 9791 9793
f 9796 9794 9793 9795
f 9798 9796 9795 9797
f 9800 9798 9797 9799
f 9802 9800 9799 9801
f 9806 9804 9803 9805
f 9808 9806 9805 9807
f 9783 9808 9807 9782
f 9809 9787 9785 9781
f 9810 9809 9781 9782
f 9811 9810 9782 9807
f 9803 9811 9807 9805
f 9793 9791 9789 9812
f 9795 9793 9812 9813
f 9797 9795 9813 9814
f 9799 9797 9814 9801
f 9735 9736 9734 9733
f 9736 9738 9737 9734
f 9738 9740 9739 9737
f 9742 9744 9743 9741
f 9788 9815 9816 9740
f 9817 9790 9742 9818
f 9819 9756 9755 9820
f 9754 9821 9822 9753
f 9802 9823 9821 9754
f 9824 9804 9756 9819
f 9825 9826 9763 9764
f 9827 9825 9764 9766
f 9828 9827 9766 9768
f 9829 9828 9768 9770
f 9772 9771 9830 9831
f 9773 9772 9831 9832
f 9774 9773 9832 9833
f 9775 9774 9833 9834
f 9739 9835 9829 9770
f 9836 9741 9775 9834
f 9753 9822 9830 9771
f 9820 9755 9763 9826
f 9815 9788 9787 9837
f 9790 9817 9838 9789
f 9823 9802 9801 9839
f 9804 9824 9840 9803
f 9841 9837 9787 9809
f 9842 9841 9809 9810
f 9843 9842 9810 9811
f 9840 9843 9811 9803
f 9812 9789 9838 9844
f 9813 9812 9844 9845
f 9814 9813 9845 9846
f 9801 9814 9846 9839
f 9740 9816 9835 9739
f 9818 9742 9741 9836
f 9816 9815 9817 9818
f 9821 9823 9824 9819
f 9838 9817 9815 9837
f 9840 9824 9823 9839
f 9839 9846 9843 9840
f 9837 9841 9844 9838
f 9841 9842 9845 9844
f 9842 9843 9846 9845
f 9818 9848 9847 9816
f 9829 9835 9816 9847
f 9836 9834 9848 9818
f 9819 9850 9849 9821
f 9830 9822 9821 9849
f 9820 9826 9850 9819
f 9850 9852 9851 9849
f 9831 9830 9849 9851
f 9826 9825 9852 9850
f 9854 9847 9848 9853
f 9834 9833 9853 9848
f 9828 9829 9847 9854
f 9852 9856 9855 9851
f 9832 9831 9851 9855
f 9825 9827 9856 9852
f 9856 9854 9853 9855
f 9833 9832 9855 9853
f 9827 9828 9854 9856
g Group43390
f 9941 9923 9929 9948
f 9948 9929 9930 9947
f 9928 9946 9947 9930
f 9926 9945 9946 9928
f 9871 9867 9865 9875
f 9873 9876 9866 9868
f 9872 9869 9867 9871
f 9861 9869 9872 9864
f 9874 9873 9868 9870
f 9860 9874 9870 9857
f 9945 9926 9927 9944
f 9920 9938 9944 9927
f 9881 9879 9862 9882
f 9885 9863 9887 9886
f 9924 9942 9943 9925
f 9931 9913 9925 9943
f 9885 9882 9862 9863
f 9893 9895 9894 9865
f 9899 9893 9865 9867
f 9901 9899 9867 9869
f 9877 9901 9869 9861
f 9872 9871 9904 9903
f 9864 9872 9903 9891
f 9871 9875 9907 9904
f 9875 9910 9909 9907
f 9875 9865 9894 9910
f 9940 9921 9922 9939
f 9921 9940 9942 9924
f 9880 9879 9881 9883
f 9882 9884 9883 9881
f 9887 9888 9889 9886
f 9886 9889 9890 9885
f 9916 9934 9937 9917
f 9939 9922 9923 9941
f 9884 9882 9885 9890
f 9897 9895 9893 9896
f 9895 9897 9898 9894
f 9896 9893 9899 9900
f 9900 9899 9901 9902
f 9877 9878 9902 9901
f 9892 9891 9903 9906
f 9904 9905 9906 9903
f 9905 9904 9907 9908
f 9908 9907 9909 9912
f 9910 9911 9912 9909
f 9894 9898 9911 9910
f 9935 9919 9917 9937
f 9915 9916 9858 9914
f 9917 9919 9918 9859
f 9933 9915 9914 9932
f 9917 9859 9858 9916
f 9921 9866 9923 9922
f 9924 9868 9866 9921
f 9925 9870 9868 9924
f 9857 9870 9925 9913
f 9874 9927 9926 9873
f 9920 9927 9874 9860
f 9873 9926 9928 9876
f 9876 9928 9930 9929
f 9876 9929 9923 9866
f 9915 9933 9934 9916
f 9932 9880 9883 9933
f 9933 9883 9884 9934
f 9935 9889 9888 9936
f 9937 9890 9889 9935
f 9919 9935 9936 9918
f 9934 9884 9890 9937
f 9939 9897 9896 9940
f 9941 9898 9897 9939
f 9940 9896 9900 9942
f 9942 9900 9902 9943
f 9931 9943 9902 9878
f 9944 9906 9905 9945
f 9892 9906 9944 9938
f 9945 9905 9908 9946
f 9947 9912 9911 9948
f 9946 9908 9912 9947
f 9948 9911 9898 9941
f 9931 9878 9950 9949
f 9949 9950 9952 9951
f 9951 9952 9954 9953
f 9953 9954 9880 9932
f 9862 9879 9956 9955
f 9955 9956 9958 9957
f 9957 9958 9960 9959
f 9959 9960 9877 9861
f 9887 9863 9962 9961
f 9961 9962 9964 9963
f 9963 9964 9966 9965
f 9965 9966 9864 9891
f 9914 9858 9968 9967
f 9967 9968 9970 9969
f 9969 9970 9972 9971
f 9971 9972 9857 9913
f 9918 9936 9974 9973
f 9973 9974 9976 9975
f 9975 9976 9978 9977
f 9977 9978 9938 9920
f 9858 9859 9979 9968
f 9968 9979 9980 9970
f 9970 9980 9981 9972
f 9972 9981 9860 9857
f 9878 9877 9960 9950
f 9950 9960 9958 9952
f 9952 9958 9956 9954
f 9954 9956 9879 9880
f 9936 9888 9982 9974
f 9974 9982 9983 9976
f 9976 9983 9984 9978
f 9978 9984 9892 9938
f 9932 9914 9967 9953
f 9953 9967 9969 9951
f 9951 9969 9971 9949
f 9949 9971 9913 9931
f 9863 9862 9955 9962
f 9962 9955 9957 9964
f 9964 9957 9959 9966
f 9966 9959 9861 9864
f 9888 9887 9961 9982
f 9982 9961 9963 9983
f 9983 9963 9965 9984
f 9984 9965 9891 9892
f 9859 9918 9973 9979
f 9979 9973 9975 9980
f 9980 9975 9977 9981
f 9981 9977 9920 9860

 