# File exported by ZBrush version 2021
# www.zbrush.com
#Vertex Count 9298
#Face Count 9376
#Auto scale x=1.000000 y=1.000000 z=1.000000
#Auto offset x=-0.000000 y=0.000000 z=0.000000
v -0.02146173 0.01687485 0.20105603
v -0.01468182 0.02160381 0.20105508
v -0.00745426 0.02450045 0.20105508
v -0.00000005 0.02547543 0.20105508
v 0.00745415 0.02450045 0.20105508
v 0.01468172 0.02160381 0.20105508
v 0.02146162 0.01687485 0.20105508
v 0.02146162 0.01687485 0.21059465
v 0.01468172 0.02160381 0.21059465
v 0.00745415 0.02450045 0.21059465
v -0.00000005 0.02547543 0.21059465
v -0.00745426 0.02450045 0.21059465
v -0.01468182 0.02160381 0.21059465
v -0.02146173 0.01687485 0.21059465
v 0.01939466 0.01151774 0.21059465
v 0.01855137 0.00933266 0.20327603
v 0.01855137 0.00933266 0.2083728
v 0.01939466 0.01151774 0.20105508
v 0.01325462 0.01574211 0.21059465
v 0.01269003 0.01342036 0.20327603
v 0.01269003 0.01342036 0.2083728
v 0.01325462 0.01574211 0.20105508
v 0.00672619 0.01832521 0.21059465
v 0.00644269 0.01592406 0.20327603
v 0.00644269 0.01592406 0.2083728
v 0.00672619 0.01832521 0.20105508
v -0.00000005 0.01919461 0.21059465
v -0.00000005 0.01676732 0.20327603
v -0.00000005 0.01676732 0.2083728
v -0.00000005 0.01919461 0.20105508
v -0.00672629 0.01832521 0.21059465
v -0.0064428 0.01592406 0.20327603
v -0.0064428 0.01592406 0.2083728
v -0.00672629 0.01832521 0.20105508
v -0.01325473 0.01574211 0.21059465
v -0.01269014 0.01342036 0.20327603
v -0.01269014 0.01342036 0.2083728
v -0.01325473 0.01574211 0.20105508
v -0.01939477 0.01151774 0.21059465
v -0.01855148 0.00933266 0.20327699
v -0.01855148 0.00933266 0.2083728
v -0.01939477 0.01151774 0.20105603
v 0.02353019 0.02223099 0.21059465
v 0.02437347 0.02441505 0.20327603
v 0.02437347 0.02441505 0.20837369
v 0.02353019 0.02223099 0.20105508
v 0.01610801 0.02746447 0.21059465
v 0.01667261 0.02978624 0.20327603
v 0.01667261 0.02978624 0.20837369
v 0.01610801 0.02746447 0.20105508
v 0.00818211 0.03067475 0.21059465
v 0.00846481 0.03307588 0.20327603
v 0.00846481 0.03307588 0.20837369
v 0.00818211 0.03067475 0.20105508
v -0.00000005 0.03175621 0.21059465
v -0.00000005 0.0341835 0.20327603
v -0.00000005 0.0341835 0.20837369
v -0.00000005 0.03175621 0.20105508
v -0.00818222 0.03067475 0.21059465
v -0.00846491 0.03307588 0.20327603
v -0.00846491 0.03307588 0.20837369
v -0.00818222 0.03067475 0.20105508
v -0.01610812 0.02746447 0.21059465
v -0.01667271 0.02978624 0.20327603
v -0.01667271 0.02978624 0.20837369
v -0.01610812 0.02746447 0.20105508
v -0.02353029 0.02223099 0.21059465
v -0.02437358 0.02441505 0.20327699
v -0.02437358 0.02441505 0.20837369
v -0.02353029 0.02223099 0.20105603
v -0.02610659 0.01201024 0.21059465
v -0.02346862 0.00731144 0.21059465
v -0.02087872 0.00689532 0.20327699
v -0.02087872 0.00689532 0.2083728
v -0.02759135 0.01045535 0.20327699
v -0.0249622 0.00576962 0.20327699
v -0.0249622 0.00576962 0.20837369
v -0.02759135 0.01045535 0.20837369
v -0.02610659 0.01201024 0.20105603
v -0.02346862 0.00731144 0.20105603
v -0.02363681 0.00555052 0.20440998
v -0.02363681 0.00555052 0.20724073
v -0.02874295 0.01670801 0.21059465
v -0.02836335 0.02023689 0.20327699
v -0.02836335 0.02023689 0.20837369
v -0.0302205 0.01514209 0.20327699
v -0.0302205 0.01514209 0.20837369
v -0.02874295 0.01670801 0.20105603
v -0.0300307 0.01694722 0.20724073
v -0.0300307 0.01694722 0.20440998
v 0.02346852 0.00731144 0.21059465
v 0.02610649 0.01201024 0.21059465
v 0.02496209 0.00576962 0.20327603
v 0.02759124 0.01045535 0.20327603
v 0.02759124 0.01045535 0.20837369
v 0.02496209 0.00576962 0.20837369
v 0.02087861 0.00689532 0.20327603
v 0.02087861 0.00689532 0.2083728
v 0.02610649 0.01201024 0.20105508
v 0.02346852 0.00731144 0.20105508
v 0.0236367 0.00555052 0.20724073
v 0.0236367 0.00555052 0.20440912
v 0.02874285 0.01670801 0.21059465
v 0.02836325 0.02023689 0.20327603
v 0.02836325 0.02023689 0.20837369
v 0.03022039 0.01514209 0.20327603
v 0.03022039 0.01514209 0.20837369
v 0.02874285 0.01670801 0.20105508
v 0.03003059 0.01694722 0.20440912
v 0.03003059 0.01694722 0.20724073
v -0.19377401 0.02254834 0.21410468
v -0.20507803 0.03912084 0.21575716
v -0.14878845 -0.09270019 0.2088333
v -0.16656565 -0.08991766 0.20918673
v -0.1278342 -0.09272912 0.20861169
v -0.0971203 -0.08353812 0.21299204
v -0.08186925 -0.07809448 0.2128912
v -0.11065166 -0.0912292 0.20856709
v -0.2131209 0.08741009 0.21094456
v -0.21023821 0.08283174 0.21623441
v -0.22530105 0.07800334 0.21185259
v -0.21986717 0.07423125 0.21696959
v -0.22824174 0.06939649 0.2120146
v -0.22222563 0.06711375 0.21722459
v -0.22658649 0.05902098 0.21174959
v -0.2205525 0.05846186 0.21712359
v -0.22012659 0.04869221 0.2113426
v -0.21435001 0.04955333 0.21667759
v -0.21073362 0.0375179 0.21089552
v -0.18474026 -0.01944438 0.20935964
v -0.18589648 -0.00406692 0.20941965
v -0.18503674 -0.04417308 0.20952481
v -0.18481135 -0.05804314 0.20944638
v -0.1793639 -0.04300485 0.21493955
v -0.17952549 -0.05610939 0.21502238
v -0.1833986 -0.07052106 0.20944359
v -0.17857849 -0.06753578 0.21501644
v -0.17917171 -0.07955119 0.20943959
v -0.17528805 -0.07531981 0.2149235
v -0.09663043 -0.087684 0.20847263
v -0.11097232 -0.08694977 0.21307915
v -0.04849597 -0.06577736 0.20812325
v -0.05006076 -0.06214208 0.21268385
v -0.03373638 -0.05060493 0.20813043
v -0.03691299 -0.04839007 0.21268636
v -0.01510076 0.0219145 0.2085369
v -0.0193854 0.02060995 0.21302804
v -0.01693581 0.02888585 0.20856991
v -0.02097501 0.02662819 0.21304662
v -0.02036945 0.03543268 0.20860418
v -0.02399753 0.03235516 0.21307025
v -0.02514279 0.04129113 0.20862984
v -0.02822395 0.03755809 0.2130917
v -0.03112389 0.04677752 0.20864689
v -0.03357664 0.04256269 0.21311226
v -0.038433 0.05280589 0.20866809
v -0.04011674 0.04821855 0.21313798
v -0.16464331 -0.08492922 0.21448727
v -0.14818829 -0.08801381 0.21375119
v -0.12776002 -0.08833891 0.21312883
v -0.17920707 -0.01889044 0.21401417
v -0.180321 -0.00339985 0.21359638
v -0.18512536 0.0096415 0.21343797
v -0.08123169 -0.08210174 0.20836037
v -0.19906342 0.02112577 0.20996308
v -0.19044593 0.00851608 0.20949603
v -0.02735223 -0.02426518 0.2128143
v -0.02137423 -0.00207496 0.21359328
v -0.02018293 0.00605409 0.21344058
v -0.01886606 -0.009886 0.20908287
v -0.01715181 -0.00191916 0.20918089
v -0.02304568 -0.00994824 0.21348987
v -0.02337159 -0.02428354 0.2083085
v -0.01591432 0.00628846 0.20900714
v -0.06399048 -0.06984043 0.21278403
v -0.11411457 0.08360816 0.20867155
v -0.0882841 0.07423438 0.20867283
v -0.06027574 0.06306946 0.20867131
v -0.08828951 0.06944577 0.2131765
v -0.11358452 0.07890597 0.21318709
v -0.06090091 0.05828231 0.21315811
v -0.16372779 0.09272912 0.20917829
v -0.13802394 0.09030342 0.20882464
v -0.16254973 0.08832864 0.21371054
v -0.18974441 0.08680348 0.21466653
v -0.13723161 0.08573697 0.21335002
v -0.19132539 0.09115688 0.20988872
v -0.06311675 -0.07373497 0.20824042
v -0.16418136 -0.01740018 0.20923307
v -0.16377136 -0.03983122 0.2092846
v -0.16592286 -0.00197628 0.20917402
v -0.2001622 0.06806772 0.21164189
v -0.20625743 0.06363153 0.21241959
v -0.20668765 0.06105728 0.2123986
v -0.20493334 0.05741484 0.2117646
v -0.19972729 0.05192272 0.2110756
v -0.19128716 0.04245201 0.21046802
v -0.16467097 -0.05074007 0.20927773
v -0.16491392 -0.05908904 0.20944689
v -0.16405353 -0.06304371 0.20978511
v -0.17179292 0.01191841 0.20900815
v -0.18074046 0.02525187 0.20951184
v -0.05536693 -0.05046154 0.2080857
v -0.04682722 -0.04219107 0.20809362
v -0.03165631 0.01675744 0.20867176
v -0.03257369 0.01992487 0.20858191
v -0.03447413 0.02315251 0.20857858
v -0.03720888 0.02625085 0.20858717
v -0.04079578 0.02958469 0.20859664
v -0.04507311 0.03387795 0.20861508
v -0.06692806 -0.05685167 0.2081896
v -0.15899932 -0.06911724 0.20968544
v -0.09873268 -0.06972105 0.20841369
v -0.08396875 -0.06469844 0.20829618
v -0.11218621 -0.07280787 0.20853191
v -0.03934029 -0.02545342 0.20828148
v -0.03227346 0.00496621 0.20985741
v -0.03341442 -0.00323221 0.20999296
v -0.03516357 -0.01125782 0.20964808
v -0.12786018 -0.07390314 0.20863869
v -0.06258244 0.04306475 0.20861819
v -0.08813855 0.05406745 0.20862737
v -0.11195258 0.06360685 0.20864372
v -0.1466341 -0.07235848 0.20918847
v -0.18412488 0.07201616 0.2102759
v -0.15897113 0.07373346 0.20923754
v -0.13484734 0.07071934 0.20883759
v -0.18596732 0.02417765 0.2138976
v -0.19678893 0.04106212 0.21552355
v -0.0833437 -0.06866061 0.21286441
v -0.09824018 -0.07381822 0.21296526
v -0.20382511 0.07361596 0.21628615
v -0.21181133 0.06802766 0.2170856
v -0.21322879 0.06324365 0.2173146
v -0.21118563 0.05746965 0.21716959
v -0.20540633 0.05083537 0.2166066
v -0.16993314 -0.05241163 0.21507296
v -0.16942867 -0.04080121 0.21492426
v -0.16990265 -0.06178022 0.21512717
v -0.1683689 -0.06730946 0.2151483
v -0.11184128 -0.07706134 0.21305759
v -0.05380769 -0.05392148 0.21266919
v -0.0436339 -0.04408638 0.21267525
v -0.02738222 0.01807759 0.21307285
v -0.02854523 0.02224456 0.21304455
v -0.03086876 0.02629273 0.21305412
v -0.03413683 0.03002215 0.21307024
v -0.03831485 0.03380495 0.21309015
v -0.04333615 0.03846312 0.213115
v -0.14724731 -0.07758264 0.21407295
v -0.16117325 -0.07466819 0.21484407
v -0.12789407 -0.07835026 0.21313518
v -0.16995137 -0.01788953 0.21413715
v -0.17171843 -0.00247376 0.21362917
v -0.17717535 0.01100264 0.21330225
v -0.03525851 -0.02482616 0.21281613
v -0.02816889 0.0053998 0.21382096
v -0.02934163 -0.00271903 0.21395064
v -0.03104971 -0.01060202 0.21373361
v -0.06607979 -0.06070338 0.21276328
v -0.11244015 0.06836581 0.21317432
v -0.08809551 0.05888904 0.21315619
v -0.061913 0.04786586 0.21313601
v -0.18633583 0.07697464 0.21489031
v -0.16024258 0.07832817 0.21372582
v -0.13565588 0.07539206 0.21335104
v -0.2097283 0.0821134 0.20029537
v -0.21916592 0.07350792 0.20029059
v -0.22141546 0.06664131 0.20010359
v -0.21977365 0.05835203 0.19965659
v -0.21379697 0.0495784 0.1991996
v -0.20468691 0.03902665 0.19916319
v -0.17929071 -0.04311318 0.19810077
v -0.17917998 -0.01918506 0.19917112
v -0.18019379 -0.00372105 0.1993962
v -0.17945221 -0.05603676 0.19799746
v -0.1784504 -0.06726162 0.19798344
v -0.17518255 -0.07490962 0.19806946
v -0.09716432 -0.08356744 0.19951495
v -0.11103472 -0.08693298 0.19960039
v -0.08188318 -0.07812269 0.19941468
v -0.05009078 -0.06240895 0.19919127
v -0.03703624 -0.04904682 0.19917014
v -0.18497917 0.00939875 0.1995777
v -0.19348794 0.02228836 0.19981382
v -0.0196022 0.02043855 0.19913786
v -0.02105232 0.02655009 0.19951856
v -0.0240539 0.03228637 0.19958736
v -0.02827197 0.03748527 0.1996061
v -0.03361478 0.04248898 0.19962981
v -0.04015034 0.04814085 0.19965073
v -0.16460531 -0.08452233 0.1984792
v -0.02369628 -0.01085546 0.1984567
v -0.02210604 -0.00276792 0.19811058
v -0.02087063 0.00552986 0.19801127
v -0.02774158 -0.02588209 0.19915199
v -0.11362757 0.07876698 0.19970735
v -0.08832288 0.06933364 0.19969613
v -0.06093527 0.05819592 0.1996763
v -0.16241419 0.08799776 0.20021903
v -0.13720989 0.08551767 0.19985993
v -0.14821723 -0.08773098 0.19916296
v -0.12782684 -0.08823677 0.19966737
v -0.18940323 0.08626706 0.20058032
v -0.06397812 -0.06986315 0.19930605
v -0.1665169 -0.08966423 0.20319071
v -0.14879825 -0.09254312 0.20360621
v -0.12786302 -0.0926819 0.2038315
v -0.11067635 -0.091231 0.20379379
v -0.21286174 0.08698038 0.20497657
v -0.22476315 0.07751581 0.2048126
v -0.22764509 0.0691813 0.2047216
v -0.22615283 0.05902962 0.20450559
v -0.2198936 0.04872443 0.20414559
v -0.21059951 0.03749105 0.20374752
v -0.18596722 -0.00418655 0.20350599
v -0.18482366 -0.0195295 0.20351231
v -0.18506372 -0.04421373 0.20318691
v -0.18480476 -0.0580241 0.20315739
v -0.18330898 -0.07041499 0.20302757
v -0.17905214 -0.07932046 0.20293158
v -0.09664467 -0.08771169 0.20373526
v -0.04849791 -0.06589955 0.20344109
v -0.0337742 -0.05088799 0.2034396
v -0.01514427 0.02188125 0.20361933
v -0.01695835 0.02885937 0.20369784
v -0.02038379 0.03541237 0.2037311
v -0.02515343 0.04127267 0.20375639
v -0.03113077 0.04676139 0.20378953
v -0.03843984 0.05278973 0.20381782
v -0.08123209 -0.08212885 0.20365078
v -0.19901442 0.02099738 0.20382215
v -0.19049005 0.00838028 0.20362545
v -0.01907768 -0.01017876 0.20381698
v -0.01740164 -0.00214785 0.20371629
v -0.02346499 -0.02471803 0.2035947
v -0.01615139 0.00611496 0.20353773
v -0.08829367 0.07420752 0.20389193
v -0.11412924 0.08356957 0.20390389
v -0.06028469 0.06305162 0.20386122
v -0.13801437 0.09022504 0.20403921
v -0.16367408 0.09259001 0.20437407
v -0.19118157 0.09089221 0.20487262
v -0.06310512 -0.0737596 0.20354867
v -0.16395574 -0.03981261 0.20303775
v -0.16434696 -0.01755908 0.20351336
v -0.16606192 -0.00214026 0.20333625
v -0.20000362 0.06774912 0.20447887
v -0.20593971 0.0632452 0.2043996
v -0.20632377 0.06089772 0.2044716
v -0.20477637 0.05731092 0.20456759
v -0.19970238 0.0517331 0.20427359
v -0.19131752 0.0422368 0.20384106
v -0.16482532 -0.05064516 0.20311981
v -0.16499713 -0.05895683 0.2030889
v -0.16405066 -0.06290255 0.20290312
v -0.17191165 0.01173374 0.20333412
v -0.18079835 0.02503198 0.20378606
v -0.05537193 -0.05058789 0.20341016
v -0.04687268 -0.04248628 0.20340676
v -0.03172825 0.01668394 0.20367436
v -0.03260177 0.0198924 0.20368363
v -0.03448799 0.02313089 0.20370748
v -0.03722065 0.02622804 0.20371671
v -0.04080379 0.02956307 0.20374424
v -0.04507911 0.03385832 0.20376679
v -0.06691718 -0.05687676 0.20350077
v -0.15897709 -0.06896753 0.20302037
v -0.08396692 -0.06472703 0.20358754
v -0.09874365 -0.06975014 0.20367625
v -0.11220686 -0.0728151 0.20375859
v -0.03946824 -0.02600058 0.20353348
v -0.0326551 0.00460484 0.20401291
v -0.03382804 -0.00368903 0.20412439
v -0.0355322 -0.01183394 0.20404957
v -0.12788206 -0.07386849 0.20381352
v -0.06259255 0.04304335 0.20381103
v -0.08814831 0.0540381 0.2038504
v -0.11196639 0.06356784 0.20387998
v -0.14663934 -0.07226717 0.20341138
v -0.18401834 0.07181929 0.20466184
v -0.15891322 0.07360364 0.20440334
v -0.13483589 0.0706456 0.2040541
v -0.20347616 0.07309685 0.20009511
v -0.21135598 0.06744761 0.1999436
v -0.21270114 0.06282426 0.19978959
v -0.21073088 0.057247 0.19956359
v -0.20515188 0.05058908 0.19931358
v -0.19663158 0.04073509 0.19937056
v -0.16998368 -0.01814796 0.19917519
v -0.16965487 -0.04084319 0.1980925
v -0.17170505 -0.00284088 0.19941611
v -0.17020112 -0.05224573 0.19794207
v -0.17008653 -0.06149581 0.19788315
v -0.16846153 -0.06703537 0.19787026
v -0.11188057 -0.07713213 0.19957889
v -0.0982569 -0.07393272 0.1994882
v -0.08332332 -0.06876887 0.19938695
v -0.05379269 -0.05425432 0.19917792
v -0.04370014 -0.04480373 0.199154
v -0.17715814 0.01068525 0.19955338
v -0.18584218 0.02378758 0.19994241
v -0.02750254 0.01791171 0.19923318
v -0.02854815 0.02220366 0.19952172
v -0.03085996 0.02627613 0.19957363
v -0.03413496 0.03000853 0.19958668
v -0.03830693 0.03379235 0.19960771
v -0.04333256 0.03845451 0.19962683
v -0.16120797 -0.07445713 0.19814801
v -0.0318301 -0.01213031 0.19840888
v -0.03013976 -0.00387182 0.19826468
v -0.02884496 0.00455125 0.19836325
v -0.03562203 -0.02659879 0.19909466
v -0.08810875 0.05886277 0.19967587
v -0.11246736 0.0683124 0.19969365
v -0.06192213 0.04785744 0.19965422
v -0.13562467 0.07526108 0.1998609
v -0.16010376 0.07808044 0.20020927
v -0.1472772 -0.07746237 0.19885474
v -0.12794467 -0.07833616 0.19963869
v -0.18613281 0.07651056 0.20029708
v -0.06603132 -0.06079806 0.19928529
v -0.03628595 -0.01745537 0.1845034
v -0.02823242 -0.01670902 0.18466
v -0.03475581 -0.0093127 0.1838797
v -0.02668266 -0.0085631 0.18410374
v -0.03346917 -0.00096451 0.18398074
v -0.02535949 -0.00020154 0.18425442
v -0.02803799 -0.02722873 0.19754426
v -0.03588084 -0.02766116 0.19752426
v -0.02773588 0.01778024 0.19740022
v -0.01984159 0.02023811 0.19746139
v -0.01509759 0.01745701 0.20857605
v -0.01942252 0.01710254 0.21306473
v -0.01963542 0.01213695 0.21322572
v -0.01532039 0.01247855 0.208763
v -0.02815913 0.0108734 0.19862829
v -0.03216332 0.010766 0.20383204
v -0.02747721 0.01591824 0.2132238
v -0.02769516 0.0114118 0.21351911
v -0.03171519 0.01507887 0.20895637
v -0.03187733 0.0110114 0.20941637
v -0.0151897 0.01739344 0.20352742
v -0.0154906 0.01236912 0.20347282
v -0.02017067 0.01179008 0.19822175
v -0.01977427 0.01687455 0.19869007
v -0.03188151 0.01492689 0.20370812
v -0.02775118 0.01557537 0.19894985
v -0.02450004 0.00616439 0.18495145
v -0.03264724 0.00535736 0.1846919
v -0.03137865 0.00963953 0.18745802
v -0.02331277 0.01056269 0.18752415
v -0.02033687 -0.01472626 0.20882825
v -0.02446729 -0.01470841 0.21323616
v -0.02614864 -0.0202492 0.21295012
v -0.02208365 -0.02025742 0.20849981
v -0.03414335 -0.02093849 0.21299283
v -0.03248747 -0.01538456 0.21336711
v -0.0346466 -0.02292153 0.19890382
v -0.0384983 -0.02238134 0.2036294
v -0.03830024 -0.02172396 0.20855462
v -0.03665148 -0.01615966 0.20910345
v -0.02049849 -0.01509412 0.20380996
v -0.02220924 -0.02070763 0.20366956
v -0.024989 -0.01582987 0.19883485
v -0.0265705 -0.02170449 0.19905342
v -0.03693735 -0.01681317 0.20386637
v -0.03315481 -0.01717197 0.19866691
v -0.03742799 -0.02243956 0.18535612
v -0.02941226 -0.02170009 0.18545918
v -0.02958065 -0.02548917 0.18912151
v -0.03752547 -0.0261369 0.18906951
v 0.19387468 0.02283209 0.2150135
v 0.20531332 0.03924815 0.21629717
v 0.14878833 -0.09270019 0.2088333
v 0.16656553 -0.08991766 0.20918673
v 0.12783411 -0.09272912 0.20861169
v 0.0971202 -0.08353812 0.21299204
v 0.08186915 -0.07809448 0.2128912
v 0.11065156 -0.0912292 0.20856709
v 0.21312078 0.08741009 0.21094456
v 0.21023809 0.08283174 0.21623441
v 0.22530093 0.07800334 0.21185259
v 0.21986708 0.07423125 0.21696959
v 0.22824174 0.06939648 0.21201463
v 0.22222557 0.06711374 0.21722461
v 0.22669273 0.05902074 0.21182288
v 0.2206147 0.05846713 0.21718247
v 0.22037339 0.0487235 0.21160678
v 0.21445706 0.04960006 0.21689029
v 0.21131703 0.03760674 0.21156397
v 0.18477818 -0.0190734 0.2104799
v 0.18618977 -0.00363559 0.21087941
v 0.18480509 -0.04389484 0.21018615
v 0.18461796 -0.05790979 0.20970605
v 0.17883259 -0.04270363 0.21546042
v 0.17922273 -0.05596913 0.21522645
v 0.18327981 -0.07046875 0.20951569
v 0.17843079 -0.06748263 0.21507085
v 0.17913964 -0.07954365 0.20943963
v 0.17525938 -0.07531308 0.21492354
v 0.09663032 -0.087684 0.20847263
v 0.11097221 -0.08694977 0.21307915
v 0.04849587 -0.06577736 0.20812325
v 0.05006065 -0.06214208 0.21268385
v 0.03373627 -0.05060493 0.20813043
v 0.03691288 -0.04839007 0.21268636
v 0.01510066 0.0219145 0.2085369
v 0.0193853 0.02060995 0.21302804
v 0.01693571 0.02888585 0.20856991
v 0.02097491 0.02662819 0.21304662
v 0.02036934 0.03543268 0.20860418
v 0.02399743 0.03235516 0.21307025
v 0.02514269 0.04129113 0.20862984
v 0.02822385 0.03755809 0.2130917
v 0.03112379 0.04677752 0.20864689
v 0.03357653 0.04256269 0.21311226
v 0.0384329 0.05280589 0.20866809
v 0.04011664 0.04821855 0.21313798
v 0.16464319 -0.08492922 0.21448727
v 0.1481882 -0.08801381 0.21375119
v 0.1277599 -0.08833891 0.21312883
v 0.17872664 -0.0184728 0.21490921
v 0.17992065 -0.00290218 0.21475949
v 0.18511359 0.01002982 0.21455918
v 0.08123158 -0.08210174 0.20836037
v 0.19972211 0.02135255 0.21109159
v 0.19114814 0.0088384 0.21093468
v 0.02735213 -0.02426518 0.2128143
v 0.02137412 -0.00207496 0.21359328
v 0.02018282 0.00605409 0.21344058
v 0.01886595 -0.009886 0.20908287
v 0.0171517 -0.00191916 0.20918089
v 0.02304558 -0.00994824 0.21348987
v 0.02337149 -0.02428354 0.2083085
v 0.01591422 0.00628846 0.20900714
v 0.06399037 -0.06984043 0.21278403
v 0.11411447 0.08360816 0.20867155
v 0.088284 0.07423438 0.20867283
v 0.06027564 0.06306946 0.20867131
v 0.08828941 0.06944577 0.2131765
v 0.11358442 0.07890597 0.21318709
v 0.0609008 0.05828231 0.21315811
v 0.16372767 0.09272912 0.20917829
v 0.13802382 0.09030342 0.20882464
v 0.16254961 0.08832864 0.21371054
v 0.18974429 0.08680348 0.21466653
v 0.13723152 0.08573697 0.21335002
v 0.1913253 0.09115688 0.20988872
v 0.06311664 -0.07373497 0.20824042
v 0.1641304 -0.01713518 0.2097855
v 0.1635549 -0.03966657 0.2096208
v 0.16597312 -0.00168196 0.20992846
v 0.20016208 0.06806772 0.21164189
v 0.20625731 0.06363153 0.21241959
v 0.20668777 0.06105724 0.21239866
v 0.20500034 0.05741421 0.21180941
v 0.19987219 0.05194101 0.21123048
v 0.19162979 0.04250529 0.21086385
v 0.16454452 -0.05066603 0.20940871
v 0.16483593 -0.05906076 0.2094763
v 0.16404309 -0.06304128 0.20978511
v 0.17212493 0.01206906 0.20971006
v 0.1810837 0.02538596 0.21012859
v 0.05536682 -0.05046154 0.2080857
v 0.04682712 -0.04219107 0.20809362
v 0.03165621 0.01675744 0.20867176
v 0.03257359 0.01992487 0.20858191
v 0.03447403 0.02315251 0.20857858
v 0.03720877 0.02625085 0.20858717
v 0.04079567 0.02958469 0.20859664
v 0.04507301 0.03387795 0.20861508
v 0.06692796 -0.05685167 0.2081896
v 0.15899923 -0.06911724 0.20968544
v 0.09873258 -0.06972105 0.20841369
v 0.08396864 -0.06469844 0.20829618
v 0.11218611 -0.07280787 0.20853191
v 0.03934018 -0.02545342 0.20828148
v 0.03227335 0.00496621 0.20985741
v 0.03341431 -0.00323221 0.20999296
v 0.03516347 -0.01125782 0.20964808
v 0.12786009 -0.07390314 0.20863869
v 0.06258233 0.04306475 0.20861819
v 0.08813845 0.05406745 0.20862737
v 0.11195247 0.06360685 0.20864372
v 0.14663398 -0.07235848 0.20918847
v 0.18412479 0.07201616 0.2102759
v 0.15897101 0.07373346 0.20923754
v 0.13484725 0.07071934 0.20883759
v 0.18593767 0.02442454 0.21460682
v 0.19692513 0.04117453 0.2159506
v 0.08334359 -0.06866061 0.21286441
v 0.09824007 -0.07381822 0.21296526
v 0.20382502 0.07361596 0.21628615
v 0.21181124 0.06802766 0.2170856
v 0.21322879 0.06324364 0.21731461
v 0.21123176 0.05747472 0.21721668
v 0.20547136 0.05087668 0.21677403
v 0.16966056 -0.05229652 0.21522367
v 0.16890886 -0.04054826 0.21531048
v 0.16977271 -0.06173723 0.21516397
v 0.16834938 -0.06730488 0.21514831
v 0.11184117 -0.07706134 0.21305759
v 0.05380759 -0.05392148 0.21266919
v 0.0436338 -0.04408638 0.21267525
v 0.02738211 0.01807759 0.21307285
v 0.02854513 0.02224456 0.21304455
v 0.03086866 0.02629273 0.21305412
v 0.03413672 0.03002215 0.21307024
v 0.03831474 0.03380495 0.21309015
v 0.04333604 0.03846312 0.213115
v 0.14724719 -0.07758264 0.21407295
v 0.16117313 -0.07466819 0.21484407
v 0.12789395 -0.07835026 0.21313518
v 0.1694393 -0.01752065 0.21480043
v 0.17122329 -0.00203593 0.21450229
v 0.17701333 0.01131999 0.21412693
v 0.03525841 -0.02482616 0.21281613
v 0.02816879 0.0053998 0.21382096
v 0.02934153 -0.00271903 0.21395064
v 0.03104961 -0.01060202 0.21373361
v 0.06607969 -0.06070338 0.21276328
v 0.11244005 0.06836581 0.21317432
v 0.08809541 0.05888904 0.21315619
v 0.0619129 0.04786586 0.21313601
v 0.18633574 0.07697464 0.21489031
v 0.16024246 0.07832817 0.21372582
v 0.13565579 0.07539206 0.21335104
v 0.20972818 0.0821134 0.20029537
v 0.2191658 0.07350792 0.20029059
v 0.22141566 0.06664125 0.20010365
v 0.21994733 0.05833813 0.19973637
v 0.2142789 0.04955938 0.19947864
v 0.20587182 0.03898695 0.19986997
v 0.17979243 -0.04300291 0.19877564
v 0.18038696 -0.0190037 0.20023396
v 0.18190221 -0.00356814 0.20078983
v 0.17959046 -0.05597949 0.19826294
v 0.17844134 -0.0672352 0.19805532
v 0.17516437 -0.07490535 0.19806952
v 0.09716422 -0.08356744 0.19951495
v 0.11103462 -0.08693298 0.19960039
v 0.08188308 -0.07812269 0.19941468
v 0.05009068 -0.06240895 0.19919127
v 0.03703614 -0.04904682 0.19917014
v 0.18702578 0.0093533 0.20097909
v 0.19517254 0.02229018 0.20099085
v 0.01960209 0.02043855 0.19913786
v 0.02105221 0.02655009 0.19951856
v 0.02405379 0.03228637 0.19958736
v 0.02827187 0.03748527 0.1996061
v 0.03361468 0.04248898 0.19962981
v 0.04015024 0.04814085 0.19965073
v 0.16460523 -0.08452233 0.1984792
v 0.02369618 -0.01085546 0.1984567
v 0.02210593 -0.00276792 0.19811058
v 0.02087053 0.00552986 0.19801127
v 0.02774147 -0.02588209 0.19915199
v 0.11362747 0.07876698 0.19970735
v 0.08832278 0.06933364 0.19969613
v 0.06093517 0.05819592 0.1996763
v 0.1624141 0.08799776 0.20021903
v 0.13720977 0.08551767 0.19985993
v 0.14821714 -0.08773098 0.19916296
v 0.12782675 -0.08823677 0.19966737
v 0.18940314 0.08626706 0.20058032
v 0.06397802 -0.06986315 0.19930605
v 0.16651681 -0.08966423 0.20319071
v 0.14879813 -0.09254312 0.20360621
v 0.12786293 -0.0926819 0.2038315
v 0.11067625 -0.091231 0.20379379
v 0.21286165 0.08698038 0.20497657
v 0.22476306 0.07751581 0.2048126
v 0.22764518 0.06918127 0.20472165
v 0.22630554 0.05902139 0.20458757
v 0.22029629 0.04872836 0.20443736
v 0.21157762 0.03751048 0.20448523
v 0.18713474 -0.00390393 0.20508627
v 0.18555462 -0.01926968 0.20472073
v 0.18525871 -0.0440142 0.2039123
v 0.18479332 -0.05792495 0.20344257
v 0.18324768 -0.07037372 0.20310692
v 0.17902451 -0.07931396 0.20293167
v 0.09664456 -0.08771169 0.20373526
v 0.0484978 -0.06589955 0.20344109
v 0.0337741 -0.05088799 0.2034396
v 0.01514417 0.02188125 0.20361933
v 0.01695825 0.02885937 0.20369784
v 0.02038368 0.03541237 0.2037311
v 0.02515333 0.04127267 0.20375639
v 0.03113066 0.04676139 0.20378953
v 0.03843974 0.05278973 0.20381782
v 0.08123198 -0.08212885 0.20365078
v 0.20033046 0.02110717 0.20506197
v 0.1920485 0.00853226 0.20520158
v 0.01907758 -0.01017876 0.20381698
v 0.01740154 -0.00214785 0.20371629
v 0.02346489 -0.02471803 0.2035947
v 0.01615129 0.00611496 0.20353773
v 0.08829356 0.07420752 0.20389193
v 0.11412914 0.08356957 0.20390389
v 0.06028458 0.06305162 0.20386122
v 0.13801428 0.09022504 0.20403921
v 0.16367399 0.09259001 0.20437407
v 0.19118148 0.09089221 0.20487262
v 0.06310501 -0.0737596 0.20354867
v 0.16416442 -0.03972663 0.20343707
v 0.16499494 -0.01738206 0.20412634
v 0.16698172 -0.00197338 0.20417271
v 0.20000353 0.06774912 0.20447887
v 0.20593962 0.0632452 0.2043996
v 0.20632398 0.06089768 0.20447167
v 0.20488894 0.05730247 0.204621
v 0.20000135 0.05172438 0.20445577
v 0.19205051 0.04222146 0.2043056
v 0.16488045 -0.05060527 0.20327614
v 0.16497573 -0.05893946 0.20312541
v 0.16404429 -0.06290106 0.20290313
v 0.17309242 0.01170558 0.20408651
v 0.18179008 0.025036 0.20447723
v 0.05537183 -0.05058789 0.20341016
v 0.04687258 -0.04248628 0.20340676
v 0.03172814 0.01668394 0.20367436
v 0.03260167 0.0198924 0.20368363
v 0.03448789 0.02313089 0.20370748
v 0.03722055 0.02622804 0.20371671
v 0.04080369 0.02956307 0.20374424
v 0.045079 0.03385832 0.20376679
v 0.06691708 -0.05687676 0.20350077
v 0.15897697 -0.06896753 0.20302037
v 0.08396682 -0.06472703 0.20358754
v 0.09874355 -0.06975014 0.20367625
v 0.11220676 -0.0728151 0.20375859
v 0.03946813 -0.02600058 0.20353348
v 0.032655 0.00460484 0.20401291
v 0.03382794 -0.00368903 0.20412439
v 0.0355321 -0.01183394 0.20404957
v 0.12788197 -0.07386849 0.20381352
v 0.06259245 0.04304335 0.20381103
v 0.08814821 0.0540381 0.2038504
v 0.11196629 0.06356784 0.20387998
v 0.14663925 -0.07226717 0.20341138
v 0.18401825 0.07181929 0.20466184
v 0.1589131 0.07360364 0.20440334
v 0.13483578 0.0706456 0.2040541
v 0.20347604 0.07309685 0.20009511
v 0.21135589 0.06744761 0.1999436
v 0.21270144 0.0628242 0.1997897
v 0.21088776 0.05723305 0.19963152
v 0.20559066 0.05056486 0.19954727
v 0.19771432 0.04068112 0.19996412
v 0.17115478 -0.01798089 0.19996793
v 0.17015758 -0.04077897 0.19863201
v 0.17330826 -0.00271966 0.20046694
v 0.17036473 -0.05221251 0.19815415
v 0.17009314 -0.0614791 0.19793722
v 0.16845196 -0.06703313 0.19787029
v 0.11188047 -0.07713213 0.19957889
v 0.0982568 -0.07393272 0.1994882
v 0.08332321 -0.06876887 0.19938695
v 0.05379259 -0.05425432 0.19917792
v 0.04370004 -0.04480373 0.199154
v 0.17904512 0.01056545 0.20055814
v 0.18738955 0.0237389 0.20087973
v 0.02750243 0.01791171 0.19923318
v 0.02854804 0.02220366 0.19952172
v 0.03085986 0.02627613 0.19957363
v 0.03413485 0.03000853 0.19958668
v 0.03830683 0.03379235 0.19960771
v 0.04333246 0.03845451 0.19962683
v 0.16120785 -0.07445713 0.19814801
v 0.03182999 -0.01213031 0.19840888
v 0.03013965 -0.00387182 0.19826468
v 0.02884485 0.00455125 0.19836325
v 0.03562193 -0.02659879 0.19909466
v 0.08810865 0.05886277 0.19967587
v 0.11246725 0.0683124 0.19969365
v 0.06192203 0.04785744 0.19965422
v 0.13562458 0.07526108 0.1998609
v 0.16010364 0.07808044 0.20020927
v 0.14727711 -0.07746237 0.19885474
v 0.12794458 -0.07833616 0.19963869
v 0.18613269 0.07651056 0.20029708
v 0.06603121 -0.06079806 0.19928529
v 0.03628584 -0.01745537 0.1845034
v 0.02823232 -0.01670902 0.18466
v 0.0347557 -0.0093127 0.1838797
v 0.02668255 -0.0085631 0.18410374
v 0.03346907 -0.00096451 0.18398074
v 0.02535938 -0.00020154 0.18425442
v 0.02803789 -0.02722873 0.19754426
v 0.03588074 -0.02766116 0.19752426
v 0.02773578 0.01778024 0.19740022
v 0.01984149 0.02023811 0.19746139
v 0.01509748 0.01745701 0.20857605
v 0.01942241 0.01710254 0.21306473
v 0.01963532 0.01213695 0.21322572
v 0.01532028 0.01247855 0.208763
v 0.02815902 0.0108734 0.19862829
v 0.03216322 0.010766 0.20383204
v 0.0274771 0.01591824 0.2132238
v 0.02769506 0.0114118 0.21351911
v 0.03171508 0.01507887 0.20895637
v 0.03187722 0.0110114 0.20941637
v 0.0151896 0.01739344 0.20352742
v 0.01549049 0.01236912 0.20347282
v 0.02017057 0.01179008 0.19822175
v 0.01977417 0.01687455 0.19869007
v 0.03188141 0.01492689 0.20370812
v 0.02775107 0.01557537 0.19894985
v 0.02449994 0.00616439 0.18495145
v 0.03264713 0.00535736 0.1846919
v 0.03137855 0.00963953 0.18745802
v 0.02331266 0.01056269 0.18752415
v 0.02033677 -0.01472626 0.20882825
v 0.02446719 -0.01470841 0.21323616
v 0.02614853 -0.0202492 0.21295012
v 0.02208355 -0.02025742 0.20849981
v 0.03414325 -0.02093849 0.21299283
v 0.03248737 -0.01538456 0.21336711
v 0.0346465 -0.02292153 0.19890382
v 0.03849819 -0.02238134 0.2036294
v 0.03830014 -0.02172396 0.20855462
v 0.03665138 -0.01615966 0.20910345
v 0.02049839 -0.01509412 0.20380996
v 0.02220914 -0.02070763 0.20366956
v 0.0249889 -0.01582987 0.19883485
v 0.0265704 -0.02170449 0.19905342
v 0.03693724 -0.01681317 0.20386637
v 0.03315471 -0.01717197 0.19866691
v 0.03742788 -0.02243956 0.18535612
v 0.02941216 -0.02170009 0.18545918
v 0.02958055 -0.02548917 0.18912151
v 0.03752537 -0.0261369 0.18906951
v 0.17604848 -0.00647986 0.19769483
v 0.17561459 -0.00638421 0.19773769
v 0.17522928 -0.0063029 0.19794735
v 0.17495086 -0.00624838 0.19829168
v 0.17482164 -0.00622895 0.19871851
v 0.17486184 -0.00624748 0.19916245
v 0.17486637 -0.00626525 0.19993016
v 0.17536273 -0.006377 0.19998705
v 0.17580935 -0.00647747 0.20002934
v 0.17624276 -0.00657497 0.20007345
v 0.1767303 -0.00668463 0.20012578
v 0.17691308 -0.00670897 0.19937303
v 0.17704227 -0.00672838 0.19894629
v 0.17700222 -0.00670985 0.19850227
v 0.17679944 -0.00665609 0.19810846
v 0.1764644 -0.00657534 0.19782516
v 0.17598095 -0.00647917 0.19835382
v 0.1757985 -0.00643889 0.19837188
v 0.17563626 -0.00640472 0.19845989
v 0.17551899 -0.00638179 0.19860494
v 0.17546477 -0.00637356 0.19878441
v 0.17548161 -0.00638137 0.19897142
v 0.17556688 -0.00640401 0.199137
v 0.17570772 -0.00643801 0.19925653
v 0.17588293 -0.0064782 0.1993111
v 0.17606547 -0.00651844 0.19929313
v 0.17622777 -0.00655266 0.19920492
v 0.17634478 -0.00657558 0.19905996
v 0.17639926 -0.00658378 0.19888034
v 0.17638251 -0.00657595 0.19869336
v 0.17629703 -0.00655336 0.19852769
v 0.17615601 -0.00651935 0.19840839
v 0.17570644 -0.00641156 0.1980544
v 0.17601475 -0.0064795 0.19802403
v 0.17543265 -0.0063538 0.19820347
v 0.17523482 -0.00631502 0.19844821
v 0.17514285 -0.00630122 0.19875133
v 0.17517125 -0.0063144 0.1990669
v 0.17521643 -0.00633459 0.19953405
v 0.17553511 -0.00640746 0.19962209
v 0.17584607 -0.00647783 0.19967055
v 0.1761544 -0.0065467 0.1996836
v 0.17647901 -0.00661868 0.19966575
v 0.17662939 -0.0066423 0.19921651
v 0.17672076 -0.00665615 0.19891339
v 0.17669245 -0.00664296 0.19859767
v 0.1765483 -0.00660475 0.19831788
v 0.17631042 -0.00654739 0.19811651
v 0.17594486 -0.00679321 0.19801704
v 0.1756365 -0.00672526 0.19804768
v 0.17572864 -0.00675258 0.1983648
v 0.17591092 -0.00679291 0.19834686
v 0.17536258 -0.00666749 0.19819678
v 0.17556646 -0.00671836 0.1984532
v 0.17516481 -0.00662874 0.19844155
v 0.17544889 -0.00669549 0.19859813
v 0.17507302 -0.00661492 0.19874464
v 0.17539486 -0.00668726 0.19877763
v 0.17510134 -0.00662814 0.19906024
v 0.17541173 -0.00669507 0.19896446
v 0.17514649 -0.0066483 0.19952701
v 0.17549705 -0.0067177 0.19913034
v 0.17546537 -0.00672116 0.19961522
v 0.17563793 -0.00675171 0.19924955
v 0.17577636 -0.0067915 0.19966371
v 0.17581316 -0.00679188 0.19930438
v 0.17608436 -0.0068604 0.1996767
v 0.17599543 -0.00683217 0.19928611
v 0.17640918 -0.0069324 0.19965891
v 0.17615786 -0.00686634 0.19919808
v 0.17655932 -0.00695603 0.1992097
v 0.17627507 -0.00688928 0.19905306
v 0.17665085 -0.00696984 0.19890646
v 0.17632934 -0.00689747 0.19887353
v 0.1766228 -0.00695665 0.19859103
v 0.17631253 -0.00688967 0.19868664
v 0.17647853 -0.00691846 0.19831125
v 0.176227 -0.00686707 0.19852088
v 0.17624047 -0.00686107 0.19810976
v 0.17608603 -0.00683309 0.19840143
v 0.17597842 -0.00679359 0.19768805
v 0.17554467 -0.00669792 0.19773082
v 0.17515939 -0.00661662 0.19794051
v 0.17488098 -0.00656207 0.19828485
v 0.17475166 -0.00654264 0.19871164
v 0.17479196 -0.0065612 0.1991557
v 0.1747964 -0.00657897 0.19992326
v 0.17529282 -0.00669072 0.19998033
v 0.1757397 -0.0067911 0.20002265
v 0.17617306 -0.00688861 0.20006658
v 0.17666044 -0.00699833 0.20011909
v 0.17684322 -0.00702266 0.19936604
v 0.17697233 -0.00704213 0.19893966
v 0.17693227 -0.00702357 0.19849552
v 0.17672947 -0.0069698 0.19810159
v 0.17639449 -0.00688904 0.19781808
v 0.17620781 -0.00576455 0.19771035
v 0.175774 -0.00566888 0.1977532
v 0.17538863 -0.00558762 0.19796298
v 0.17511019 -0.00553308 0.19830741
v 0.17498102 -0.00551362 0.19873413
v 0.1750209 -0.00553219 0.19917799
v 0.17502573 -0.00554993 0.19994574
v 0.17552194 -0.00566168 0.20000276
v 0.17596867 -0.00576209 0.20004494
v 0.17640215 -0.00585962 0.20008903
v 0.17688968 -0.00596928 0.20014138
v 0.17707252 -0.00599361 0.19938863
v 0.1772015 -0.00601309 0.19896189
v 0.17716148 -0.00599456 0.19851787
v 0.17695865 -0.00594076 0.19812412
v 0.17662352 -0.00586008 0.19784034
v 0.17614024 -0.00576387 0.19836914
v 0.17595771 -0.00572361 0.19838723
v 0.17579561 -0.00568939 0.19847552
v 0.1756784 -0.00566647 0.19862034
v 0.1756241 -0.00565824 0.19880022
v 0.175641 -0.00566605 0.1989869
v 0.17572617 -0.0056887 0.19915255
v 0.17586711 -0.00572267 0.19927193
v 0.17604211 -0.00576289 0.19932687
v 0.17622491 -0.00580314 0.19930881
v 0.17638707 -0.00583731 0.19922033
v 0.17650422 -0.00586025 0.19907562
v 0.17655846 -0.00586848 0.1988959
v 0.17654186 -0.00586064 0.19870905
v 0.17645636 -0.00583803 0.19854335
v 0.1763153 -0.00580405 0.19842398
v 0.17586579 -0.00569622 0.19807009
v 0.17617404 -0.00576423 0.19803956
v 0.175592 -0.00563847 0.19821922
v 0.17539405 -0.00559973 0.1984639
v 0.17530229 -0.00558593 0.19876712
v 0.17533052 -0.00559909 0.19908276
v 0.17537573 -0.00561926 0.1995494
v 0.1756944 -0.00569214 0.19963744
v 0.17600551 -0.00576249 0.19968614
v 0.17631357 -0.00583135 0.19969905
v 0.17663845 -0.00590337 0.19968117
v 0.17678844 -0.00592701 0.19923222
v 0.17688003 -0.00594084 0.19892899
v 0.17685189 -0.00592765 0.19861348
v 0.17670768 -0.00588947 0.19833348
v 0.17646968 -0.00583202 0.19813193
v 0.17610415 -0.00607787 0.19803276
v 0.17579591 -0.00600991 0.19806337
v 0.17588776 -0.00603732 0.19838035
v 0.17607045 -0.00607755 0.19836232
v 0.17552205 -0.00595213 0.19821226
v 0.17572578 -0.00600306 0.19846856
v 0.1753242 -0.00591342 0.19845697
v 0.1756083 -0.00598017 0.19861349
v 0.17523247 -0.00589958 0.19876021
v 0.17555415 -0.00597192 0.1987932
v 0.17526081 -0.00591276 0.19907566
v 0.17557093 -0.00597976 0.19898003
v 0.17530605 -0.00593293 0.19954276
v 0.17565634 -0.00600237 0.19914573
v 0.17562457 -0.00600583 0.1996307
v 0.17579725 -0.00603641 0.19926512
v 0.17593568 -0.00607619 0.19967934
v 0.17597243 -0.00607653 0.19932001
v 0.17624372 -0.00614507 0.19969221
v 0.17615491 -0.00611681 0.19930186
v 0.17656865 -0.00621707 0.19967445
v 0.17631718 -0.00615098 0.19921353
v 0.17671865 -0.00624067 0.19922533
v 0.17643415 -0.00617398 0.19906881
v 0.17681017 -0.00625455 0.198922
v 0.17648881 -0.00618213 0.19888889
v 0.17678183 -0.0062413 0.19860646
v 0.17647191 -0.00617436 0.19870227
v 0.17663759 -0.00620316 0.19832667
v 0.17638635 -0.00615173 0.19853654
v 0.17639988 -0.00614574 0.19812521
v 0.17624548 -0.00611773 0.19841715
v 0.17613789 -0.00607824 0.19770339
v 0.17570394 -0.00598257 0.19774657
v 0.17531874 -0.00590131 0.19795626
v 0.17504027 -0.00584678 0.19830054
v 0.17491111 -0.00582731 0.19872716
v 0.17495107 -0.00584589 0.19917118
v 0.17495563 -0.00586366 0.19993904
v 0.17545205 -0.00597538 0.19999596
v 0.1758987 -0.00607582 0.20003807
v 0.17633223 -0.00617332 0.20008218
v 0.17681983 -0.00628298 0.20013457
v 0.1770026 -0.00630729 0.1993817
v 0.17713159 -0.00632678 0.19895505
v 0.17709171 -0.00630821 0.19851097
v 0.1768887 -0.00625443 0.19811725
v 0.17655378 -0.00617373 0.19783353
v 0.17525765 -0.0066902 0.20031733
v 0.17475813 -0.00657772 0.20025999
v 0.17482802 -0.00626404 0.20026689
v 0.17532739 -0.00637653 0.20032432
v 0.17570647 -0.0067911 0.20035977
v 0.1757763 -0.0064774 0.20036646
v 0.17613798 -0.00688816 0.20040358
v 0.17620769 -0.00657444 0.20041063
v 0.1766242 -0.00699766 0.20045603
v 0.17669424 -0.00668397 0.20046269
v 0.17541694 -0.0059749 0.20033305
v 0.17491751 -0.00586242 0.20027574
v 0.17498719 -0.00554874 0.2002826
v 0.17548683 -0.0056612 0.20033994
v 0.17586579 -0.00607575 0.2003754
v 0.17593559 -0.0057621 0.20038235
v 0.17629718 -0.00617283 0.20041921
v 0.17636701 -0.00585913 0.20042616
v 0.17678362 -0.00628228 0.20047149
v 0.17685362 -0.00596859 0.20047846
v 0.17484924 -0.00617594 0.19875298
v 0.17497834 -0.00619542 0.19832642
v 0.17525664 -0.00624993 0.19798211
v 0.17564189 -0.00633122 0.1977723
v 0.17607593 -0.00642687 0.19772924
v 0.17649185 -0.00652231 0.19785954
v 0.17722401 -0.00668892 0.19801993
v 0.17717778 -0.00668969 0.19852967
v 0.17712742 -0.00668839 0.19898678
v 0.17708155 -0.00668787 0.19943104
v 0.17703262 -0.00668787 0.19993101
v 0.17627671 -0.00652015 0.19996182
v 0.17584303 -0.00642452 0.20000453
v 0.17542684 -0.00632901 0.19987429
v 0.17509195 -0.00624825 0.19959084
v 0.17488917 -0.00619452 0.19919706
v 0.17549207 -0.00632058 0.19881914
v 0.1755464 -0.00632876 0.19863949
v 0.17566359 -0.00635169 0.19849447
v 0.17582583 -0.00638593 0.19840623
v 0.17600855 -0.00642618 0.19838823
v 0.17618343 -0.0064664 0.19844295
v 0.17632442 -0.00650032 0.19856225
v 0.17640969 -0.00652295 0.19872786
v 0.17642658 -0.00653075 0.19891496
v 0.17637231 -0.00652252 0.19909445
v 0.17625525 -0.00649961 0.19923932
v 0.17609283 -0.00646543 0.19932766
v 0.17591041 -0.00642517 0.1993456
v 0.17573523 -0.006385 0.19929112
v 0.17559427 -0.006351 0.19917167
v 0.17550888 -0.00632835 0.19900603
v 0.17526209 -0.00626204 0.19848261
v 0.17517036 -0.00624821 0.19878606
v 0.1754598 -0.00630081 0.19823794
v 0.17573386 -0.00635856 0.19808907
v 0.17604219 -0.00642648 0.19805862
v 0.17633765 -0.00649437 0.19815094
v 0.17677462 -0.00659468 0.19829087
v 0.17679405 -0.0066064 0.19862885
v 0.17677739 -0.00660966 0.19895105
v 0.17672714 -0.00660529 0.19926278
v 0.17664423 -0.0065938 0.19958545
v 0.17618474 -0.00649284 0.19964487
v 0.17587658 -0.00642484 0.19967542
v 0.17558094 -0.00635698 0.199583
v 0.17534297 -0.0062996 0.19938139
v 0.17519885 -0.00626142 0.19910155
v 0.17524015 -0.00593452 0.19879287
v 0.17533189 -0.00594831 0.1984896
v 0.17561623 -0.00601506 0.19864621
v 0.17556196 -0.00600687 0.1988258
v 0.17552971 -0.00598708 0.19824478
v 0.17573344 -0.00603799 0.19850125
v 0.17580378 -0.00604484 0.19809582
v 0.17589592 -0.00607216 0.19841301
v 0.17611187 -0.00611281 0.19806528
v 0.17607823 -0.00611243 0.19839489
v 0.17640754 -0.00618067 0.19815793
v 0.17625317 -0.00615266 0.19844982
v 0.17684441 -0.00628095 0.19829773
v 0.17639419 -0.00618662 0.19856894
v 0.17686367 -0.00629267 0.19863554
v 0.17647954 -0.00620925 0.19873487
v 0.17684701 -0.00629594 0.19895759
v 0.17649641 -0.00621706 0.19892153
v 0.17679706 -0.00629154 0.19926959
v 0.17644199 -0.00620886 0.19910123
v 0.17671403 -0.00628012 0.19959229
v 0.1763249 -0.00618596 0.19924607
v 0.17625477 -0.00617907 0.19965162
v 0.17616257 -0.00615173 0.19933447
v 0.17594626 -0.00611113 0.19968223
v 0.1759803 -0.00611149 0.19935262
v 0.1756508 -0.00604328 0.19958964
v 0.17580512 -0.00607129 0.19929781
v 0.17541283 -0.00598589 0.19938808
v 0.17566406 -0.00603728 0.19917845
v 0.17526856 -0.00594767 0.19910824
v 0.17557874 -0.00601466 0.19901266
v 0.17491909 -0.00586221 0.19875979
v 0.17504826 -0.00588166 0.19833338
v 0.17532631 -0.00593622 0.19798886
v 0.17571169 -0.00601748 0.19777905
v 0.17614546 -0.00611317 0.1977359
v 0.17656162 -0.00620861 0.19786617
v 0.17729392 -0.00637516 0.19802671
v 0.17724764 -0.00637595 0.19853657
v 0.17719727 -0.0063747 0.19899356
v 0.17715129 -0.00637415 0.19943761
v 0.17710256 -0.00637418 0.19993776
v 0.17634645 -0.00620643 0.19996839
v 0.17591273 -0.00611077 0.20001134
v 0.17549657 -0.00601531 0.19988128
v 0.17516169 -0.00593455 0.19959759
v 0.17495891 -0.00588078 0.1992039
v 0.1746867 -0.00690564 0.19873727
v 0.17481577 -0.00692511 0.19831048
v 0.17509415 -0.00697961 0.19796608
v 0.17547947 -0.0070609 0.19775654
v 0.17591324 -0.00715653 0.19771339
v 0.17632934 -0.00725202 0.19784359
v 0.17706152 -0.00741856 0.19800414
v 0.17701515 -0.00741936 0.19851391
v 0.17696499 -0.00741813 0.19897092
v 0.17691907 -0.00741758 0.19941501
v 0.17687022 -0.00741757 0.19991512
v 0.17611414 -0.00724984 0.19994582
v 0.17568054 -0.00715417 0.19998885
v 0.17526435 -0.00705871 0.19985868
v 0.17492944 -0.00697795 0.19957496
v 0.17472648 -0.00692421 0.19918127
v 0.17532956 -0.00705027 0.19880329
v 0.17538401 -0.00705847 0.19862358
v 0.1755011 -0.0070814 0.19847865
v 0.17566344 -0.00711561 0.19839038
v 0.17584592 -0.00715587 0.19837217
v 0.17602092 -0.00719603 0.19842706
v 0.17616188 -0.00723006 0.19854636
v 0.17624735 -0.00725267 0.19871218
v 0.17626413 -0.00726047 0.19889895
v 0.17620962 -0.00725231 0.19907872
v 0.17609256 -0.00722935 0.19922344
v 0.17593044 -0.00719514 0.19931186
v 0.17574769 -0.0071549 0.19932989
v 0.17557266 -0.0071147 0.19927503
v 0.17543175 -0.00708071 0.19915585
v 0.17534637 -0.00705809 0.19899006
v 0.17509958 -0.00699175 0.19846688
v 0.17500791 -0.00697793 0.19877021
v 0.1752974 -0.00703048 0.19822211
v 0.1755715 -0.00708822 0.19807331
v 0.17587959 -0.00715623 0.19804261
v 0.17617517 -0.00722408 0.19813512
v 0.17661199 -0.0073244 0.19827498
v 0.17663145 -0.00733605 0.19861288
v 0.1766147 -0.00733936 0.19893507
v 0.17656463 -0.00733496 0.19924689
v 0.17648163 -0.00732353 0.19956968
v 0.17602229 -0.0072225 0.19962905
v 0.17571416 -0.00715454 0.19965966
v 0.17541843 -0.00708666 0.19956691
v 0.17518052 -0.0070293 0.19936536
v 0.17503622 -0.0069911 0.19908566
v 0.17507773 -0.0066642 0.19877694
v 0.1751694 -0.006678 0.19847379
v 0.17545384 -0.00674475 0.1986304
v 0.17539942 -0.00673656 0.19880999
v 0.17536735 -0.00671678 0.19822894
v 0.17557078 -0.00676769 0.19848538
v 0.17564129 -0.00677452 0.19807986
v 0.17573314 -0.00680193 0.1983972
v 0.17594954 -0.0068425 0.19804935
v 0.17591568 -0.00684218 0.19837908
v 0.176245 -0.00691034 0.19814182
v 0.17609077 -0.00688234 0.19843377
v 0.17668196 -0.0070107 0.19828192
v 0.17623177 -0.00691634 0.1985531
v 0.17670115 -0.00702239 0.19861964
v 0.17631724 -0.00693895 0.19871886
v 0.17668455 -0.00702567 0.19894166
v 0.17633378 -0.00694677 0.1989056
v 0.17663437 -0.0070213 0.19925363
v 0.17627948 -0.00693857 0.19908548
v 0.17655161 -0.00700981 0.19957639
v 0.17616245 -0.0069156 0.19923029
v 0.17609196 -0.00690884 0.19963574
v 0.17600029 -0.00688144 0.19931866
v 0.17578375 -0.00684085 0.19966626
v 0.17581757 -0.00684117 0.19933672
v 0.17548829 -0.00677296 0.19957388
v 0.17564252 -0.00680099 0.19928182
v 0.1752505 -0.00671557 0.19937236
v 0.17550164 -0.00676701 0.19916252
v 0.17510622 -0.00667735 0.1990924
v 0.1754162 -0.00674437 0.19899679
v 0.17475658 -0.0065919 0.19874398
v 0.17488551 -0.00661139 0.19831727
v 0.1751641 -0.0066659 0.19797287
v 0.17554941 -0.00674719 0.19776319
v 0.1759831 -0.00684288 0.19772027
v 0.17639914 -0.00693834 0.19785042
v 0.17713144 -0.00710488 0.19801093
v 0.17708495 -0.00710571 0.19852055
v 0.17703485 -0.00710439 0.19897754
v 0.17698898 -0.00710385 0.19942168
v 0.17694005 -0.00710382 0.19992171
v 0.17618396 -0.00693614 0.1999524
v 0.1757504 -0.00684045 0.19999559
v 0.1753343 -0.00674501 0.19986535
v 0.17499932 -0.00666424 0.19958157
v 0.17479649 -0.00661048 0.19918803
v 0.17500609 -0.00547166 0.19876831
v 0.17513513 -0.00549113 0.19834154
v 0.17541357 -0.00554567 0.19799718
v 0.17579907 -0.00562693 0.19778734
v 0.17623269 -0.00572262 0.19774437
v 0.17664876 -0.00581806 0.19787472
v 0.17738094 -0.00598461 0.19803521
v 0.17733472 -0.00598541 0.19854494
v 0.17728418 -0.00598416 0.19900202
v 0.17723837 -0.00598357 0.19944617
v 0.17718958 -0.00598362 0.19994613
v 0.17643347 -0.0058159 0.19997674
v 0.17599973 -0.00572024 0.20001992
v 0.17558378 -0.00562476 0.19988974
v 0.17524889 -0.00554398 0.19960603
v 0.1750459 -0.00549025 0.19921246
v 0.17564895 -0.0056163 0.19883438
v 0.17570325 -0.00562452 0.19865483
v 0.1758205 -0.00564745 0.19850981
v 0.17598265 -0.00568165 0.1984215
v 0.17616525 -0.00572191 0.19840332
v 0.17634025 -0.0057621 0.19845816
v 0.17648124 -0.00579609 0.19857743
v 0.17656654 -0.0058187 0.19874319
v 0.17658349 -0.00582652 0.19893008
v 0.1765291 -0.00581832 0.1991097
v 0.17641195 -0.00579539 0.19925448
v 0.17624962 -0.00576122 0.19934302
v 0.17606714 -0.00572092 0.19936099
v 0.17589229 -0.00568073 0.1993061
v 0.17575112 -0.00564676 0.19918704
v 0.17566579 -0.00562412 0.19902095
v 0.17541894 -0.00555777 0.1984981
v 0.17532718 -0.00554398 0.1988013
v 0.17561689 -0.00559655 0.19825336
v 0.17589068 -0.00565434 0.19810426
v 0.17619887 -0.00572226 0.19807368
v 0.17649456 -0.00579012 0.19816634
v 0.17693129 -0.00589042 0.19830629
v 0.17695096 -0.0059021 0.19864401
v 0.17693418 -0.0059054 0.19896608
v 0.17688405 -0.005901 0.1992779
v 0.17680105 -0.00588956 0.19960072
v 0.17634183 -0.00578854 0.19966009
v 0.17603349 -0.00572056 0.19969061
v 0.17573779 -0.00565272 0.19959816
v 0.17549973 -0.00559538 0.19939655
v 0.17535552 -0.00555716 0.19911685
v 0.17539727 -0.00523023 0.19880801
v 0.17548877 -0.00524408 0.19850489
v 0.17577317 -0.0053108 0.19866153
v 0.17571887 -0.00530261 0.19884097
v 0.17568674 -0.00528281 0.19826006
v 0.17589041 -0.00533372 0.19851669
v 0.17596057 -0.00534059 0.19811102
v 0.17605248 -0.00536797 0.19842842
v 0.17626884 -0.00540859 0.19808048
v 0.17623505 -0.00540822 0.19841015
v 0.1765643 -0.00547644 0.19817298
v 0.17641022 -0.00544838 0.19846493
v 0.17700126 -0.00557673 0.19831299
v 0.17655125 -0.00548239 0.1985844
v 0.17702072 -0.00558841 0.19865071
v 0.17663654 -0.00550501 0.19874987
v 0.17700395 -0.0055917 0.19897291
v 0.17665338 -0.00551283 0.19893685
v 0.176954 -0.00558731 0.19928494
v 0.17659902 -0.00550465 0.19911652
v 0.17687097 -0.00557587 0.19960746
v 0.17648187 -0.00548166 0.19926148
v 0.17641156 -0.00547484 0.19966694
v 0.17631954 -0.00544747 0.19934967
v 0.17610332 -0.0054069 0.19969734
v 0.17613726 -0.00540719 0.19936761
v 0.17580771 -0.00533905 0.19960501
v 0.175962 -0.00536702 0.19931307
v 0.17556968 -0.00528161 0.19940352
v 0.17582109 -0.00533306 0.19919371
v 0.17542541 -0.00524343 0.19912365
v 0.17573568 -0.00531045 0.19902795
v 0.17507582 -0.00515799 0.19877517
v 0.17520493 -0.00517745 0.19834837
v 0.17548346 -0.00523197 0.19800376
v 0.17586883 -0.00531324 0.19779431
v 0.17630261 -0.00540888 0.1977514
v 0.17671841 -0.0055044 0.19788152
v 0.17745077 -0.00567091 0.19804197
v 0.17740452 -0.00567171 0.19855168
v 0.17735406 -0.00567047 0.1990087
v 0.17730829 -0.0056699 0.19945293
v 0.1772595 -0.00566988 0.19995293
v 0.17650321 -0.0055022 0.19998365
v 0.17606964 -0.00540651 0.20002672
v 0.17565366 -0.00531106 0.19989645
v 0.17531859 -0.00523033 0.19961279
v 0.17511579 -0.00517655 0.19921916
v 0.17750671 -0.00643416 0.19856238
v 0.17755311 -0.00643343 0.19805032
v 0.17748338 -0.00674711 0.19804351
v 0.17743679 -0.00674789 0.19855578
v 0.17745602 -0.00643295 0.19902122
v 0.17738622 -0.00674668 0.19901458
v 0.17741033 -0.00643239 0.19946384
v 0.1773405 -0.00674612 0.199457
v 0.17736154 -0.00643238 0.19996291
v 0.17729181 -0.00674609 0.19995628
v 0.17734402 -0.00716386 0.19854669
v 0.17739057 -0.00716314 0.19803433
v 0.17732068 -0.00747684 0.19802756
v 0.17727413 -0.00747763 0.19853968
v 0.17729356 -0.00716263 0.19900526
v 0.17722371 -0.00747632 0.19899858
v 0.17724803 -0.00716207 0.19944794
v 0.17717811 -0.00747579 0.19944115
v 0.17719903 -0.00716211 0.19994707
v 0.17712929 -0.00747577 0.19994038
v 0.17766338 -0.00572996 0.19857776
v 0.17770984 -0.00572921 0.19806537
v 0.17763996 -0.00604291 0.19805866
v 0.17759335 -0.00604366 0.19857081
v 0.17761293 -0.0057287 0.1990365
v 0.17754313 -0.00604236 0.19902974
v 0.17756718 -0.00572814 0.19947901
v 0.17749723 -0.00604188 0.19947233
v 0.17751836 -0.00572816 0.1999782
v 0.1774486 -0.00604186 0.19997143
v 0.17784693 -0.00604987 0.19580413
v 0.17772927 -0.0065782 0.19579249
v 0.17761144 -0.00710654 0.19578112
v 0.17792296 -0.00552114 0.19621998
v 0.17780551 -0.00604946 0.19620846
v 0.17768782 -0.00657776 0.196197
v 0.17757022 -0.00710611 0.19618558
v 0.17745235 -0.00763443 0.19617408
v 0.17788162 -0.00552072 0.19662448
v 0.17776408 -0.00604904 0.19661296
v 0.17764642 -0.00657737 0.1966013
v 0.17752882 -0.00710571 0.19658976
v 0.17741113 -0.00763402 0.19657856
v 0.17771932 -0.0055191 0.19820922
v 0.17760184 -0.00604741 0.19819775
v 0.17748424 -0.00657571 0.19818612
v 0.17736661 -0.00710405 0.19817468
v 0.17724877 -0.00763238 0.19816327
v 0.17767801 -0.00551867 0.19861367
v 0.17756044 -0.00604696 0.19860217
v 0.17744261 -0.00657531 0.19859078
v 0.17732524 -0.0071036 0.19857919
v 0.17720732 -0.00763195 0.19856768
v 0.17763665 -0.00551823 0.19901806
v 0.17751905 -0.00604653 0.19900642
v 0.17740142 -0.00657487 0.19899496
v 0.17728382 -0.00710317 0.19898355
v 0.17716604 -0.00763152 0.19897207
v 0.17756858 -0.00551752 0.19968339
v 0.17745101 -0.00604585 0.19967189
v 0.17733332 -0.00657419 0.19966024
v 0.17721575 -0.00710251 0.19964879
v 0.17709794 -0.00763084 0.19963729
v 0.17752733 -0.0055171 0.20008781
v 0.17740947 -0.00604545 0.20007641
v 0.17729198 -0.00657378 0.2000648
v 0.17717403 -0.00710215 0.20005324
v 0.17705655 -0.00763042 0.20004177
v 0.17736813 -0.00604503 0.20048068
v 0.1772505 -0.00657337 0.20046904
v 0.17713281 -0.00710168 0.20045751
v 0.17812827 -0.00556733 0.19624108
v 0.17805197 -0.00609605 0.19582514
v 0.17801052 -0.00609562 0.19622962
v 0.17793443 -0.00662438 0.19581353
v 0.17789304 -0.00662397 0.19621825
v 0.17781677 -0.00715268 0.19580209
v 0.17777544 -0.00715224 0.19620674
v 0.17765748 -0.00768061 0.19619518
v 0.17808696 -0.00556688 0.19664552
v 0.17796912 -0.0060952 0.19663412
v 0.17785164 -0.00662351 0.19662246
v 0.17773395 -0.00715182 0.1966111
v 0.17761617 -0.00768015 0.19659951
v 0.17792478 -0.00556523 0.19823023
v 0.17780694 -0.00609358 0.19821873
v 0.1776894 -0.00662184 0.19820722
v 0.17757171 -0.00715019 0.1981959
v 0.17745408 -0.0076785 0.19818434
v 0.1778832 -0.00556484 0.19863477
v 0.17776554 -0.00609316 0.19862331
v 0.17764803 -0.00662148 0.19861146
v 0.17753028 -0.00714978 0.19860026
v 0.17741259 -0.00767809 0.19858869
v 0.17784199 -0.00556439 0.19903904
v 0.17772418 -0.00609274 0.1990275
v 0.1776067 -0.00662105 0.19901591
v 0.1774888 -0.00714939 0.19900438
v 0.17737126 -0.00767765 0.19899305
v 0.17777365 -0.00556374 0.19970431
v 0.17765614 -0.00609199 0.19969278
v 0.17753857 -0.00662035 0.19968134
v 0.17742082 -0.00714864 0.19966992
v 0.17730307 -0.007677 0.19965845
v 0.17773237 -0.00556324 0.2001087
v 0.17761468 -0.0060916 0.20009724
v 0.17749711 -0.00661991 0.2000857
v 0.17737937 -0.00714824 0.20007425
v 0.17726171 -0.00767656 0.20006269
v 0.17757344 -0.00609115 0.20050157
v 0.17745557 -0.00661949 0.20048999
v 0.177338 -0.00714781 0.20047864
v 0.17703315 -0.00763018 0.2002708
v 0.17723843 -0.00767628 0.20029187
v 0.17715084 -0.00710187 0.20028236
v 0.17759135 -0.00609137 0.20032636
v 0.1774736 -0.00661967 0.20031476
v 0.17726841 -0.00657355 0.20029363
v 0.17738604 -0.00604521 0.20030526
v 0.17750379 -0.00551686 0.20031672
v 0.17735588 -0.007148 0.2003034
v 0.17770877 -0.00556304 0.20033785
v 0.17448458 -0.00540191 0.20043627
v 0.17436695 -0.00593016 0.2004247
v 0.17424917 -0.00645851 0.20041313
v 0.17499685 -0.00496231 0.20048835
v 0.17487922 -0.00549063 0.20047675
v 0.17476159 -0.00601898 0.20046514
v 0.17464396 -0.00654726 0.20045381
v 0.17452618 -0.0070756 0.20044216
v 0.17539128 -0.00505108 0.20052871
v 0.17527398 -0.00557941 0.20051722
v 0.17515617 -0.00610777 0.20050576
v 0.17503845 -0.00663601 0.20049434
v 0.17492088 -0.00716433 0.20048278
v 0.17567193 -0.00511411 0.2005575
v 0.17555412 -0.00564244 0.2005461
v 0.17543652 -0.0061708 0.2005344
v 0.17531892 -0.00669911 0.20052292
v 0.17520099 -0.0072274 0.20051151
v 0.1760663 -0.00520293 0.20059785
v 0.17594876 -0.00573123 0.2005864
v 0.17583119 -0.00625957 0.20057496
v 0.1757135 -0.00678785 0.20056334
v 0.17559582 -0.00731618 0.20055183
v 0.17646089 -0.00529167 0.20063838
v 0.17634329 -0.00582001 0.20062707
v 0.17622593 -0.0063483 0.2006154
v 0.176108 -0.00687666 0.2006039
v 0.17599049 -0.00740497 0.20059239
v 0.17685568 -0.00538044 0.20067894
v 0.17673811 -0.00590874 0.20066748
v 0.1766203 -0.0064371 0.20065596
v 0.17650276 -0.00696542 0.20064449
v 0.17638501 -0.0074937 0.20063304
v 0.17725011 -0.00546922 0.20071941
v 0.17713272 -0.00599752 0.20070792
v 0.17701494 -0.00652583 0.20069643
v 0.17689725 -0.00705416 0.20068505
v 0.17677971 -0.00758247 0.20067349
v 0.17752721 -0.00608628 0.20074842
v 0.17740964 -0.00661461 0.20073676
v 0.17729207 -0.00714292 0.20072531
v 0.17501822 -0.00496253 0.20027786
v 0.17450603 -0.00540213 0.20022602
v 0.17490091 -0.00549085 0.20026655
v 0.17438855 -0.00593037 0.20021438
v 0.17478305 -0.0060192 0.20025494
v 0.17427083 -0.00645874 0.20020294
v 0.17466545 -0.0065475 0.20024341
v 0.17454779 -0.00707583 0.20023205
v 0.17541307 -0.00505128 0.20031848
v 0.17529529 -0.00557964 0.20030699
v 0.1751779 -0.00610794 0.20029553
v 0.17506009 -0.00663625 0.200284
v 0.17494237 -0.00716456 0.20027256
v 0.17569318 -0.00511436 0.20034724
v 0.17557585 -0.00564265 0.20033584
v 0.17545798 -0.00617098 0.20032417
v 0.17534041 -0.00669933 0.20031276
v 0.17522266 -0.0072276 0.20030124
v 0.17608803 -0.0052031 0.20038771
v 0.17597028 -0.00573146 0.20037619
v 0.17585274 -0.00625973 0.20036459
v 0.17573487 -0.00678807 0.20035317
v 0.17561721 -0.0073164 0.20034173
v 0.17648264 -0.0052919 0.20042821
v 0.17636489 -0.00582019 0.20041663
v 0.1762472 -0.00634854 0.20040509
v 0.17612972 -0.00687684 0.20039364
v 0.17601189 -0.00740517 0.20038229
v 0.17687702 -0.00538069 0.20046865
v 0.17675966 -0.00590896 0.20045717
v 0.17664194 -0.00643729 0.20044568
v 0.17652413 -0.00696564 0.20043411
v 0.17640656 -0.00749395 0.20042261
v 0.1772719 -0.00546942 0.20050916
v 0.17715406 -0.00599777 0.20049779
v 0.17703652 -0.00652608 0.20048621
v 0.17691898 -0.00705436 0.20047462
v 0.17680111 -0.0075827 0.20046317
v 0.17754891 -0.00608649 0.20053826
v 0.17743119 -0.00661484 0.20052674
v 0.1773135 -0.00714316 0.20051518
v 0.1770032 -0.00763275 0.20069626
v 0.17702469 -0.007633 0.20048606
v 0.1771208 -0.00710447 0.20070776
v 0.17737767 -0.00604803 0.20052059
v 0.17726013 -0.00657631 0.20050898
v 0.17723849 -0.00657613 0.20071944
v 0.17735633 -0.00604781 0.20073081
v 0.17747369 -0.00551947 0.20074233
v 0.17714238 -0.00710467 0.20049753
v 0.17749542 -0.00551969 0.20053222
v 0.17577666 -0.00724925 0.19884912
v 0.17532694 -0.00714804 0.19880278
v 0.17534485 -0.00715008 0.19871373
v 0.17537903 -0.00715594 0.19863003
v 0.1754288 -0.00716534 0.19855465
v 0.1754921 -0.00717802 0.19849042
v 0.17556598 -0.00719344 0.19844023
v 0.17564809 -0.00721099 0.19840554
v 0.17573517 -0.00722995 0.19838799
v 0.17582401 -0.00724971 0.19838814
v 0.17591095 -0.00726944 0.19840602
v 0.17599245 -0.00728841 0.19844074
v 0.17606583 -0.00730585 0.19849152
v 0.17612808 -0.0073211 0.19855581
v 0.17617687 -0.00733368 0.19863139
v 0.17621058 -0.00734288 0.19871531
v 0.17622712 -0.0073486 0.19880455
v 0.1762267 -0.00735043 0.1988952
v 0.1762087 -0.00734836 0.19898428
v 0.17617428 -0.00734254 0.1990682
v 0.1761246 -0.0073331 0.19914358
v 0.1760613 -0.00732046 0.19920763
v 0.17598742 -0.00730503 0.19925801
v 0.17590525 -0.00728753 0.19929257
v 0.17581835 -0.00726849 0.19931022
v 0.17572951 -0.00724874 0.19931013
v 0.17564272 -0.00722901 0.19929221
v 0.17556098 -0.00721006 0.19925737
v 0.1754876 -0.00719262 0.19920685
v 0.17542529 -0.00717735 0.19914244
v 0.17537647 -0.00716486 0.19906678
v 0.17534294 -0.00715562 0.19898293
v 0.17532625 -0.00714991 0.19889389
v 0.17535755 -0.00701074 0.19880585
v 0.17537528 -0.00701273 0.19871677
v 0.17540973 -0.00701859 0.19863306
v 0.17545956 -0.00702801 0.19855754
v 0.17552253 -0.00704072 0.19849337
v 0.17559662 -0.00705606 0.19844315
v 0.17567884 -0.00707361 0.19840844
v 0.17576581 -0.00709262 0.19839082
v 0.17585465 -0.00711232 0.19839097
v 0.17594137 -0.00713212 0.19840882
v 0.17602312 -0.00715106 0.19844375
v 0.17609635 -0.00716853 0.19849433
v 0.17615881 -0.00718377 0.19855876
v 0.17620769 -0.00719629 0.19863425
v 0.17624086 -0.0072056 0.19871814
v 0.17625773 -0.00721127 0.19880728
v 0.17625722 -0.00721304 0.19889824
v 0.17623931 -0.00721106 0.19898714
v 0.17620477 -0.00720521 0.19907094
v 0.17615509 -0.00719577 0.19914631
v 0.17609214 -0.00718307 0.19921062
v 0.176018 -0.00716772 0.19926099
v 0.17593589 -0.00715018 0.19929556
v 0.17584878 -0.00713116 0.19931314
v 0.17576021 -0.00711143 0.19931308
v 0.17567339 -0.00709169 0.1992952
v 0.17559161 -0.00707273 0.19926025
v 0.17551827 -0.00705526 0.19920961
v 0.17545583 -0.00704001 0.19914521
v 0.17540708 -0.00702749 0.19906981
v 0.17537367 -0.00701819 0.19898583
v 0.17535683 -0.00701259 0.19889684
v 0.17538783 -0.00687336 0.19880902
v 0.17540565 -0.00687542 0.19871985
v 0.17544034 -0.00688124 0.19863614
v 0.17548996 -0.00689066 0.19856047
v 0.17555308 -0.00690333 0.19849647
v 0.17562702 -0.00691874 0.19844612
v 0.17570924 -0.00693627 0.19841159
v 0.17579627 -0.0069553 0.19839388
v 0.17588502 -0.00697501 0.19839412
v 0.17597198 -0.00699473 0.19841191
v 0.17605355 -0.00701371 0.19844669
v 0.17612692 -0.00703116 0.1984975
v 0.17618927 -0.00704646 0.19856175
v 0.176238 -0.00705894 0.19863738
v 0.17627146 -0.00706822 0.1987212
v 0.17628809 -0.0070739 0.19881036
v 0.17628771 -0.00707572 0.19890125
v 0.17626982 -0.00707373 0.19899024
v 0.17623522 -0.00706788 0.19907397
v 0.17618557 -0.00705844 0.19914962
v 0.17612263 -0.00704574 0.19921374
v 0.17604842 -0.00703038 0.19926406
v 0.17596623 -0.00701286 0.19929866
v 0.17587927 -0.00699384 0.1993163
v 0.17579054 -0.00697406 0.19931598
v 0.1757037 -0.00695436 0.1992982
v 0.17562192 -0.0069354 0.19926326
v 0.17554858 -0.00691793 0.1992128
v 0.17548626 -0.00690267 0.19914837
v 0.17543748 -0.00689014 0.19907291
v 0.17540425 -0.00688082 0.19898887
v 0.17538741 -0.00687519 0.19889976
v 0.17541864 -0.00673602 0.19881197
v 0.17543649 -0.0067381 0.19872295
v 0.17547097 -0.00674392 0.19863894
v 0.17552083 -0.00675333 0.19856351
v 0.17558366 -0.00676601 0.1984995
v 0.1756578 -0.0067814 0.19844901
v 0.17574003 -0.00679893 0.19841465
v 0.17582717 -0.00681794 0.19839695
v 0.17591571 -0.00683771 0.19839704
v 0.1760025 -0.00685745 0.19841486
v 0.17608434 -0.00687636 0.19844982
v 0.17615777 -0.00689382 0.19850054
v 0.17621994 -0.00690911 0.1985647
v 0.17626884 -0.00692158 0.19864049
v 0.17630219 -0.00693088 0.19872432
v 0.176319 -0.00693654 0.19881343
v 0.17631825 -0.00693842 0.19890412
v 0.1763007 -0.00693636 0.19899335
v 0.1762661 -0.00693051 0.19907718
v 0.17621627 -0.00692111 0.19915251
v 0.17615321 -0.00690844 0.19921675
v 0.1760793 -0.00689304 0.19926694
v 0.17599713 -0.00687547 0.19930163
v 0.17591002 -0.00685647 0.19931927
v 0.1758213 -0.00683674 0.19931903
v 0.1757344 -0.00681703 0.19930106
v 0.17565274 -0.00679805 0.1992663
v 0.17557936 -0.00678061 0.19921591
v 0.1755169 -0.00676532 0.19915132
v 0.17546823 -0.0067528 0.19907584
v 0.17543488 -0.00674353 0.19899183
v 0.17541831 -0.00673785 0.19890257
v 0.17544925 -0.00659863 0.19881509
v 0.17546704 -0.0066007 0.19872589
v 0.17550164 -0.00660655 0.19864203
v 0.17555108 -0.00661601 0.19856657
v 0.17561432 -0.00662863 0.19850252
v 0.17568841 -0.00664405 0.1984521
v 0.17577034 -0.00666159 0.19841744
v 0.17585745 -0.00668065 0.19839997
v 0.17594617 -0.00670036 0.19840003
v 0.17603293 -0.00672007 0.19841791
v 0.1761147 -0.00673902 0.19845293
v 0.1761882 -0.00675644 0.19850336
v 0.17625042 -0.00677179 0.1985677
v 0.17629924 -0.00678425 0.19864343
v 0.17633277 -0.00679353 0.19872729
v 0.17634958 -0.00679916 0.19881643
v 0.1763488 -0.00680104 0.19890724
v 0.17633104 -0.00679903 0.19899632
v 0.17629671 -0.00679314 0.19908018
v 0.17624682 -0.00678372 0.19915552
v 0.17618373 -0.00677106 0.19921971
v 0.17610976 -0.00675568 0.19926999
v 0.1760275 -0.00673816 0.19930465
v 0.17594048 -0.00671915 0.19932209
v 0.1758517 -0.0066994 0.199322
v 0.175765 -0.00667962 0.19930426
v 0.1756832 -0.00666071 0.19926916
v 0.17560991 -0.00664325 0.19921879
v 0.17554757 -0.00662796 0.19915448
v 0.17549878 -0.00661548 0.19907878
v 0.17546528 -0.00660622 0.1989948
v 0.17544868 -0.00660049 0.19890563
v 0.1754798 -0.00646133 0.1988179
v 0.17549768 -0.00646339 0.19872891
v 0.17553204 -0.00646924 0.19864508
v 0.17558181 -0.00647867 0.1985695
v 0.17564493 -0.0064913 0.19850537
v 0.17571908 -0.00650673 0.19845509
v 0.17580106 -0.00652426 0.19842034
v 0.17588818 -0.00654324 0.19840294
v 0.17597684 -0.00656301 0.1984032
v 0.17606365 -0.00658273 0.19842097
v 0.17614537 -0.00660172 0.1984559
v 0.17621877 -0.00661914 0.19850623
v 0.17628103 -0.00663441 0.19857063
v 0.17632979 -0.0066469 0.19864633
v 0.1763634 -0.00665617 0.19873035
v 0.17638009 -0.00666187 0.19881948
v 0.17637953 -0.00666374 0.1989102
v 0.17636168 -0.00666166 0.19899925
v 0.17632728 -0.00665584 0.19908317
v 0.17627751 -0.00664637 0.19915872
v 0.17621418 -0.00663377 0.19922262
v 0.17614027 -0.00661832 0.1992731
v 0.17605829 -0.0066008 0.19930765
v 0.17597124 -0.00658176 0.19932508
v 0.17588245 -0.00656203 0.19932508
v 0.17579558 -0.00654231 0.19930714
v 0.17571395 -0.00652334 0.19927224
v 0.17564052 -0.00650594 0.19922167
v 0.17557808 -0.00649061 0.19915741
v 0.17552945 -0.0064781 0.19908171
v 0.17549592 -0.00646889 0.19899776
v 0.17547923 -0.0064632 0.19890865
v 0.17551034 -0.00632401 0.19882087
v 0.17552825 -0.00632599 0.19873186
v 0.17556259 -0.0063319 0.19864799
v 0.17561233 -0.00634129 0.19857275
v 0.17567548 -0.00635393 0.19850841
v 0.17574963 -0.00636933 0.19845816
v 0.17583164 -0.00638689 0.19842347
v 0.17591857 -0.00640591 0.19840596
v 0.17600736 -0.00642562 0.19840619
v 0.17609435 -0.00644534 0.19842392
v 0.17617607 -0.00646431 0.19845888
v 0.17624923 -0.00648179 0.19850939
v 0.17631167 -0.00649706 0.19857379
v 0.17636042 -0.00650958 0.19864924
v 0.17639374 -0.00651888 0.19873334
v 0.17641058 -0.00652453 0.19882251
v 0.1764101 -0.00652635 0.19891312
v 0.17639216 -0.00652435 0.19900226
v 0.17635768 -0.00651847 0.19908613
v 0.17630779 -0.00650905 0.19916164
v 0.17624488 -0.00649639 0.19922551
v 0.17617073 -0.00648098 0.19927604
v 0.17608872 -0.00646347 0.19931049
v 0.17600157 -0.00644445 0.19932824
v 0.17591309 -0.00642469 0.19932815
v 0.17582613 -0.00640494 0.19931033
v 0.17574438 -0.006386 0.1992753
v 0.17567107 -0.00636853 0.19922459
v 0.17560875 -0.00635326 0.19916044
v 0.17555987 -0.0063408 0.19908481
v 0.17552653 -0.00633148 0.19900089
v 0.1755096 -0.00632584 0.19891184
v 0.17554098 -0.00618664 0.19882381
v 0.17555895 -0.00618868 0.19873485
v 0.17559331 -0.00619451 0.19865107
v 0.17564308 -0.00620396 0.1985757
v 0.1757062 -0.00621662 0.19851145
v 0.17578008 -0.00623202 0.19846126
v 0.17586231 -0.0062495 0.19842648
v 0.17594939 -0.00626854 0.19840884
v 0.17603808 -0.00628828 0.19840899
v 0.17612487 -0.00630801 0.19842687
v 0.17620661 -0.00632699 0.19846195
v 0.17628005 -0.00634443 0.19851228
v 0.17634245 -0.00635965 0.1985768
v 0.17639118 -0.00637219 0.19865211
v 0.17642468 -0.00638148 0.19873628
v 0.17644125 -0.00638715 0.1988253
v 0.17644086 -0.006389 0.19891607
v 0.17642298 -0.00638694 0.19900527
v 0.17638841 -0.00638112 0.19908905
v 0.1763387 -0.00637169 0.19916456
v 0.17627561 -0.006359 0.19922867
v 0.17620158 -0.00634362 0.19927895
v 0.17611935 -0.00632608 0.19931352
v 0.17603227 -0.00630711 0.19933125
v 0.17594358 -0.00628734 0.1993311
v 0.17585679 -0.00626763 0.19931322
v 0.17577505 -0.00624863 0.19927844
v 0.17570161 -0.00623122 0.19922763
v 0.17563939 -0.00621594 0.19916337
v 0.17559063 -0.00620338 0.19908767
v 0.17555734 -0.00619412 0.19900393
v 0.17554041 -0.00618848 0.19891482
v 0.17557144 -0.00604931 0.19882695
v 0.17558929 -0.00605132 0.19873802
v 0.17562389 -0.00605716 0.19865398
v 0.17567372 -0.00606656 0.19857865
v 0.17573669 -0.00607923 0.19851438
v 0.17581066 -0.00609467 0.19846418
v 0.17589291 -0.00611218 0.19842942
v 0.17598009 -0.0061312 0.19841186
v 0.17606851 -0.00615096 0.19841201
v 0.17615538 -0.0061707 0.19842998
v 0.17623713 -0.00618962 0.19846479
v 0.17631074 -0.00620708 0.19851544
v 0.17637279 -0.00622237 0.1985798
v 0.17642173 -0.00623487 0.19865535
v 0.17645499 -0.00624415 0.19873927
v 0.1764718 -0.00624983 0.19882826
v 0.1764712 -0.00625165 0.19891922
v 0.17645347 -0.00624963 0.19900821
v 0.17641881 -0.00624378 0.19909204
v 0.17636922 -0.00623431 0.19916753
v 0.17630615 -0.00622168 0.19923169
v 0.17623212 -0.00620632 0.19928197
v 0.17614999 -0.00618874 0.19931654
v 0.17606279 -0.00616974 0.19933415
v 0.17597428 -0.00614999 0.19933404
v 0.17588749 -0.00613027 0.19931606
v 0.17580565 -0.00611129 0.19928139
v 0.17573222 -0.00609384 0.19923068
v 0.17566981 -0.00607858 0.19916634
v 0.17562118 -0.00606604 0.19909082
v 0.17558783 -0.00605677 0.19900687
v 0.17557093 -0.00605111 0.1989177
v 0.17560219 -0.0059119 0.19882981
v 0.17561981 -0.005914 0.19874082
v 0.17565447 -0.0059198 0.19865675
v 0.17570424 -0.00592925 0.19858147
v 0.17576721 -0.0059419 0.19851739
v 0.1758413 -0.00595733 0.19846703
v 0.17592337 -0.00597484 0.19843266
v 0.17601043 -0.00599385 0.19841469
v 0.17609909 -0.00601362 0.19841499
v 0.17618605 -0.00603336 0.19843278
v 0.17626765 -0.00605231 0.19846771
v 0.17634111 -0.00606975 0.1985185
v 0.17640349 -0.006085 0.19858266
v 0.17645224 -0.00609752 0.19865836
v 0.17648565 -0.00610677 0.19874216
v 0.17650249 -0.00611245 0.19883127
v 0.17650181 -0.00611431 0.19892217
v 0.17648389 -0.00611228 0.1990114
v 0.17644959 -0.00610644 0.19909502
v 0.17639979 -0.00609698 0.19917051
v 0.1763367 -0.00608433 0.19923459
v 0.17626279 -0.00606897 0.19928495
v 0.17618045 -0.00605144 0.19931973
v 0.17609351 -0.0060324 0.19933699
v 0.17600476 -0.00601261 0.1993369
v 0.17591798 -0.00599291 0.19931905
v 0.17583611 -0.00597396 0.19928421
v 0.17576274 -0.00595652 0.19923375
v 0.17570063 -0.0059412 0.19916929
v 0.17565167 -0.00592876 0.19909383
v 0.17561832 -0.00591947 0.19900979
v 0.17560163 -0.00591378 0.19892086
v 0.17563253 -0.00577457 0.19883295
v 0.17565053 -0.00577659 0.19874373
v 0.17568504 -0.00578245 0.19866001
v 0.17573458 -0.00579194 0.19858443
v 0.17579779 -0.00580452 0.19852048
v 0.17587193 -0.00581994 0.19847014
v 0.17595389 -0.00583748 0.19843548
v 0.17604106 -0.00585651 0.19841793
v 0.17612978 -0.00587623 0.19841793
v 0.17621642 -0.00589603 0.1984359
v 0.17629826 -0.00591495 0.19847071
v 0.17637169 -0.00593239 0.19852146
v 0.17643386 -0.00594767 0.19858562
v 0.17648267 -0.00596017 0.19866138
v 0.17651617 -0.00596941 0.19874534
v 0.17653307 -0.0059751 0.19883436
v 0.17653241 -0.00597698 0.19892516
v 0.17651447 -0.00597492 0.19901436
v 0.17648002 -0.00596904 0.19909814
v 0.17643046 -0.0059596 0.19917351
v 0.17636713 -0.00594702 0.19923758
v 0.17629319 -0.00593159 0.19928792
v 0.17621114 -0.00591404 0.19932264
v 0.176124 -0.00589502 0.19934019
v 0.17603519 -0.00587531 0.19933998
v 0.17594838 -0.0058556 0.19932216
v 0.17586672 -0.00583661 0.19928723
v 0.17579346 -0.00581914 0.19923675
v 0.175731 -0.00580385 0.19917243
v 0.17568236 -0.00579135 0.19909682
v 0.17564877 -0.0057821 0.19901284
v 0.17563223 -0.00577639 0.19892367
v 0.17566344 -0.00563726 0.19883586
v 0.17568123 -0.00563927 0.1987466
v 0.17571553 -0.00564516 0.1986628
v 0.17576524 -0.00565457 0.1985874
v 0.17582848 -0.00566721 0.19852338
v 0.17590257 -0.00568262 0.19847299
v 0.17598456 -0.00570019 0.19843833
v 0.17607167 -0.00571916 0.19842089
v 0.17616039 -0.00573891 0.19842101
v 0.17624729 -0.00575863 0.19843904
v 0.17632889 -0.00577759 0.19847367
v 0.17640233 -0.00579504 0.19852443
v 0.17646458 -0.00581035 0.1985885
v 0.17651355 -0.00582284 0.1986642
v 0.17654693 -0.00583211 0.19874821
v 0.17656371 -0.00583777 0.19883726
v 0.17656308 -0.00583964 0.19892825
v 0.17654514 -0.0058376 0.19901718
v 0.17651081 -0.00583175 0.1991011
v 0.17646095 -0.00582231 0.19917638
v 0.17639789 -0.00580963 0.19924049
v 0.1763238 -0.00579427 0.19929103
v 0.17624178 -0.00577673 0.19932542
v 0.17615479 -0.00575771 0.19934298
v 0.17606613 -0.00573791 0.19934298
v 0.17597919 -0.00571821 0.1993251
v 0.17589744 -0.00569924 0.19929017
v 0.17582419 -0.00568181 0.19923956
v 0.17576175 -0.00566653 0.19917543
v 0.17571282 -0.00565408 0.19909958
v 0.1756795 -0.0056448 0.19901578
v 0.17566266 -0.0056391 0.19892655
v 0.17569392 -0.00549992 0.19883875
v 0.17571181 -0.00550191 0.19874979
v 0.17574626 -0.00550776 0.19866578
v 0.17579594 -0.00551722 0.19859044
v 0.17585897 -0.0055299 0.19852633
v 0.17593321 -0.00554524 0.19847606
v 0.17601528 -0.00556283 0.1984414
v 0.17610225 -0.00558181 0.19842393
v 0.17619103 -0.00560154 0.19842405
v 0.17627787 -0.00562129 0.19844196
v 0.17635968 -0.00564021 0.19847688
v 0.17643293 -0.00565769 0.19852738
v 0.17649531 -0.00567296 0.19859169
v 0.17654401 -0.00568549 0.19866724
v 0.17657735 -0.00569478 0.19875116
v 0.17659416 -0.00570046 0.19884045
v 0.17659366 -0.00570232 0.19893117
v 0.17657589 -0.00570023 0.19902013
v 0.17654132 -0.00569438 0.19910405
v 0.17649173 -0.00568498 0.19917951
v 0.17642858 -0.00567229 0.19924356
v 0.1763544 -0.00565691 0.19929398
v 0.17627242 -0.00563936 0.19932867
v 0.17618525 -0.00562035 0.19934622
v 0.17609655 -0.00560061 0.19934605
v 0.1760098 -0.0055809 0.19932816
v 0.17592802 -0.00556193 0.19929318
v 0.17585456 -0.00554451 0.19924275
v 0.17579236 -0.0055292 0.19917832
v 0.17574361 -0.00551668 0.1991028
v 0.17571008 -0.0055074 0.19901876
v 0.17569339 -0.00550176 0.19892968
v 0.17572447 -0.00536255 0.19884182
v 0.17574235 -0.00536459 0.19875268
v 0.17577686 -0.00537044 0.19866897
v 0.17582652 -0.00537987 0.19859363
v 0.17588961 -0.00539253 0.1985294
v 0.17596355 -0.00540794 0.1984791
v 0.1760458 -0.00542549 0.19844426
v 0.17613294 -0.00544448 0.1984267
v 0.17622157 -0.00546419 0.198427
v 0.17630842 -0.00548392 0.19844479
v 0.17639017 -0.00550291 0.19847969
v 0.17646351 -0.00552038 0.19853024
v 0.17652577 -0.00553565 0.19859461
v 0.17657473 -0.00554813 0.1986701
v 0.17660802 -0.00555746 0.19875411
v 0.17662471 -0.00556314 0.19884331
v 0.17662423 -0.00556491 0.19893403
v 0.17660647 -0.00556291 0.19902299
v 0.17657181 -0.00555707 0.19910703
v 0.17652213 -0.00554761 0.19918246
v 0.17645913 -0.00553492 0.19924654
v 0.17638513 -0.00551958 0.19929687
v 0.17630282 -0.00550205 0.19933141
v 0.17621582 -0.00548302 0.19934921
v 0.17612722 -0.0054633 0.19934903
v 0.17604035 -0.00544354 0.1993312
v 0.17595872 -0.0054246 0.19929616
v 0.17588523 -0.00540711 0.19924543
v 0.17582285 -0.00539187 0.19918118
v 0.17577394 -0.00537936 0.19910578
v 0.17574071 -0.00537007 0.1990218
v 0.17572388 -0.00536442 0.19893272
v 0.17575499 -0.00522515 0.19884489
v 0.17577272 -0.00522726 0.19875584
v 0.17580723 -0.00523307 0.19867204
v 0.17585712 -0.00524249 0.19859658
v 0.17591998 -0.00525511 0.19853235
v 0.17599406 -0.00527055 0.19848202
v 0.17607623 -0.00528809 0.19844751
v 0.17616337 -0.00530709 0.19842989
v 0.17625206 -0.00532687 0.19843007
v 0.17633873 -0.00534661 0.19844771
v 0.17642054 -0.00536556 0.19848279
v 0.176494 -0.005383 0.19853334
v 0.17655643 -0.00539824 0.19859756
v 0.17660513 -0.00541074 0.19867326
v 0.17663857 -0.00542002 0.19875721
v 0.17665535 -0.0054257 0.19884626
v 0.17665466 -0.00542757 0.19893716
v 0.17663696 -0.00542552 0.19902618
v 0.17660242 -0.00541968 0.19911001
v 0.17655256 -0.00541027 0.1991855
v 0.17648959 -0.0053976 0.19924973
v 0.17641556 -0.00538219 0.19929985
v 0.1763333 -0.00536464 0.19933448
v 0.17624625 -0.00534564 0.19935219
v 0.17615762 -0.0053259 0.19935207
v 0.17607092 -0.00530613 0.19933415
v 0.175989 -0.00528721 0.19929929
v 0.17591562 -0.00526976 0.19924868
v 0.17585334 -0.00525447 0.19918422
v 0.17580458 -0.00524194 0.19910885
v 0.17577126 -0.00523266 0.19902478
v 0.17575457 -0.00522701 0.19893579
v 0.17620486 -0.00532634 0.19889108
v 0.17568108 -0.00747462 0.19928687
v 0.17551744 -0.00743708 0.19923621
v 0.1756865 -0.00742202 0.19934713
v 0.17550328 -0.00737999 0.19928988
v 0.17538586 -0.00740533 0.19912549
v 0.17535266 -0.00734365 0.19916445
v 0.17530939 -0.00738498 0.1989727
v 0.17526805 -0.00732111 0.19899109
v 0.17534393 -0.00738537 0.19863382
v 0.17530739 -0.00732149 0.19860699
v 0.17544978 -0.00740601 0.19849976
v 0.17542517 -0.00734441 0.19845455
v 0.17560124 -0.00743791 0.19841814
v 0.1755982 -0.00738092 0.19836241
v 0.17577165 -0.00747554 0.19840166
v 0.17578935 -0.00742305 0.19834339
v 0.17593526 -0.00751303 0.1984525
v 0.17597255 -0.00746514 0.19840088
v 0.17606198 -0.00754362 0.19856253
v 0.17612335 -0.00750144 0.19852614
v 0.17614334 -0.00756511 0.19871598
v 0.17620793 -0.00752404 0.19869932
v 0.17610862 -0.00756477 0.19905462
v 0.17616862 -0.00752362 0.19908356
v 0.17599791 -0.00754299 0.19918832
v 0.17605066 -0.00750071 0.19923597
v 0.1758514 -0.00751218 0.19927042
v 0.1758776 -0.00746417 0.19932821
v 0.17584395 -0.00750994 0.19924351
v 0.17598456 -0.0075396 0.19916707
v 0.17608436 -0.00755908 0.19904139
v 0.1759029 -0.00751922 0.19906821
v 0.17568385 -0.00747464 0.19925892
v 0.175704 -0.00747485 0.19906395
v 0.17553046 -0.00743936 0.19921132
v 0.17550814 -0.0074305 0.19902774
v 0.17540809 -0.00740989 0.19910809
v 0.1753357 -0.00739071 0.19896453
v 0.17611691 -0.00755941 0.19872388
v 0.17594435 -0.00751968 0.19866091
v 0.175749 -0.00747529 0.19862499
v 0.17555004 -0.00743089 0.19862037
v 0.17536827 -0.00739104 0.19864726
v 0.17604467 -0.0075402 0.19858074
v 0.17592242 -0.00751073 0.1984772
v 0.17576867 -0.00747553 0.19842964
v 0.17560878 -0.00744019 0.19844508
v 0.17546817 -0.00741053 0.19852134
v 0.17558968 -0.00711335 0.19924135
v 0.17575323 -0.00715083 0.19929195
v 0.17574676 -0.00715078 0.19935591
v 0.17556339 -0.00710871 0.19929836
v 0.17546293 -0.00708272 0.19913159
v 0.17541286 -0.00707242 0.19917227
v 0.17538142 -0.00706125 0.19897882
v 0.17532333 -0.00704873 0.19899766
v 0.17541602 -0.00706156 0.19864149
v 0.17536288 -0.00704909 0.19861139
v 0.17552673 -0.00708336 0.19850842
v 0.17548608 -0.00707317 0.1984585
v 0.17567303 -0.00711418 0.19842685
v 0.17565891 -0.0071097 0.19836582
v 0.17584344 -0.00715179 0.19841037
v 0.17585 -0.00715185 0.1983466
v 0.17600694 -0.00718926 0.19846124
v 0.17603316 -0.00719391 0.19840405
v 0.17613372 -0.0072199 0.19857065
v 0.17618387 -0.0072302 0.19853009
v 0.17621508 -0.00724135 0.19872371
v 0.17627331 -0.00725391 0.19870497
v 0.17618051 -0.00724106 0.19906093
v 0.17623382 -0.00725351 0.199091
v 0.17606997 -0.00721927 0.19919405
v 0.1761108 -0.00722945 0.19924397
v 0.1759237 -0.00718843 0.1992755
v 0.17593768 -0.00719294 0.19933654
v 0.17556363 -0.00710334 0.19904594
v 0.17577436 -0.00715111 0.19908438
v 0.1759887 -0.0071989 0.19908948
v 0.17560797 -0.00710378 0.19861294
v 0.17582219 -0.00715158 0.19861809
v 0.17603287 -0.00719935 0.19865648
v 0.17531308 -0.00704316 0.19884987
v 0.1752524 -0.00731443 0.19884377
v 0.17532283 -0.00704328 0.19875408
v 0.17526236 -0.0073145 0.19874829
v 0.17621356 -0.00753059 0.19894239
v 0.17614135 -0.00756946 0.19893527
v 0.17622342 -0.00753067 0.19884693
v 0.17615103 -0.00756954 0.19883939
v 0.17628371 -0.00725947 0.19885267
v 0.17627394 -0.00725932 0.19894827
v 0.17592865 -0.00752167 0.19891426
v 0.17611601 -0.00756377 0.19893252
v 0.17572146 -0.00747503 0.19889321
v 0.17550882 -0.00742725 0.19887113
v 0.175327 -0.00738626 0.19885164
v 0.17612573 -0.00756389 0.19883692
v 0.17593869 -0.00752179 0.19881704
v 0.17573133 -0.00747515 0.19879549
v 0.17551899 -0.00742733 0.19877383
v 0.17533671 -0.00738636 0.19875603
v 0.17530164 -0.00738058 0.19884908
v 0.17531141 -0.00738069 0.19875344
v 0.17537358 -0.00705681 0.19885598
v 0.1753833 -0.00705692 0.19876025
v 0.17622298 -0.00724582 0.19884641
v 0.17621311 -0.0072457 0.19894219
v 0.17557084 -0.00710118 0.19887708
v 0.17579338 -0.00715124 0.19889991
v 0.17601597 -0.00720131 0.19892267
v 0.17558056 -0.00710131 0.19877986
v 0.17580336 -0.00715138 0.19880242
v 0.1760258 -0.00720146 0.19882552
v 0.17527782 -0.00732006 0.19884637
v 0.1752876 -0.00732019 0.19875076
v 0.17619305 -0.00752387 0.19884368
v 0.17618337 -0.00752375 0.1989392
v 0.17601105 -0.00748287 0.19882413
v 0.17600107 -0.00748284 0.19892141
v 0.17547479 -0.00736231 0.19876918
v 0.17546507 -0.00736219 0.19886639
v 0.17574468 -0.00741543 0.19879663
v 0.1757349 -0.00741533 0.19889441
v 0.17621141 -0.00509292 0.19933864
v 0.17604795 -0.00505535 0.19928765
v 0.17619362 -0.00514533 0.19939701
v 0.17601046 -0.00510327 0.19933967
v 0.17591616 -0.00502361 0.1991772
v 0.17585983 -0.00506699 0.19921393
v 0.17583981 -0.00500327 0.19902442
v 0.17577531 -0.00504439 0.19904087
v 0.17587447 -0.00500364 0.1986854
v 0.17581462 -0.0050448 0.19865654
v 0.17598024 -0.00502426 0.19855123
v 0.17593225 -0.00506774 0.19850407
v 0.17613166 -0.00505623 0.19846975
v 0.17610544 -0.00510425 0.19841192
v 0.17630216 -0.00509382 0.19845336
v 0.17629647 -0.00514637 0.19839294
v 0.17646572 -0.00513129 0.19850418
v 0.17647975 -0.00518846 0.19845034
v 0.17659249 -0.00516191 0.19861421
v 0.1766304 -0.00522476 0.19857589
v 0.17667356 -0.00518343 0.19876757
v 0.17671498 -0.00524728 0.19874896
v 0.17663899 -0.00518304 0.19910633
v 0.17667573 -0.00524686 0.19913335
v 0.17652824 -0.00516129 0.19924008
v 0.17655786 -0.00522398 0.1992857
v 0.17638191 -0.00513043 0.19932207
v 0.17638468 -0.00518746 0.19937799
v 0.17637443 -0.00512822 0.19929504
v 0.17651498 -0.00515788 0.19921863
v 0.17661482 -0.00517737 0.1990931
v 0.17643326 -0.00513746 0.19911995
v 0.17621445 -0.00509291 0.19931063
v 0.17623445 -0.00509312 0.19911533
v 0.17606082 -0.00505768 0.199263
v 0.17603871 -0.00504874 0.19907937
v 0.17593845 -0.00502819 0.19915959
v 0.17586609 -0.00500899 0.19901606
v 0.17664736 -0.00517772 0.19877558
v 0.17647504 -0.00513793 0.19871246
v 0.17627933 -0.00509359 0.19867652
v 0.17608025 -0.0050492 0.19867187
v 0.17589882 -0.00500933 0.19869884
v 0.17657506 -0.00515853 0.19863221
v 0.17645281 -0.00512898 0.19852873
v 0.17629921 -0.00509379 0.19848117
v 0.17613926 -0.00505846 0.19849669
v 0.17599847 -0.00502882 0.19857308
v 0.17597594 -0.00537909 0.19927908
v 0.17613947 -0.00541663 0.19932954
v 0.17613297 -0.00541654 0.19939367
v 0.17594978 -0.00537448 0.19933603
v 0.17584919 -0.00534851 0.19916947
v 0.17579904 -0.00533823 0.19920991
v 0.17576775 -0.005327 0.19901658
v 0.17570948 -0.00531448 0.19903542
v 0.17580238 -0.00532731 0.19867925
v 0.17574918 -0.00531485 0.19864918
v 0.17591297 -0.00534918 0.19854633
v 0.17587214 -0.00533898 0.19849623
v 0.17605921 -0.00537997 0.19846467
v 0.17604515 -0.00537546 0.19840343
v 0.1762298 -0.00541753 0.19844819
v 0.17623615 -0.00541764 0.19838427
v 0.17639312 -0.00545506 0.19849892
v 0.17641943 -0.00545966 0.19844187
v 0.17651999 -0.00548568 0.1986085
v 0.17657011 -0.00549594 0.19856785
v 0.17660144 -0.00550716 0.19876132
v 0.17665958 -0.00551965 0.19874261
v 0.17656689 -0.00550679 0.19909851
v 0.17662006 -0.00551924 0.19912882
v 0.17645612 -0.00548503 0.19923175
v 0.17649713 -0.0054952 0.19928176
v 0.17630997 -0.00545418 0.19931338
v 0.17632404 -0.00545871 0.19937445
v 0.17594999 -0.00536908 0.1990837
v 0.17616084 -0.00541684 0.19912208
v 0.17637494 -0.00546469 0.19912712
v 0.17599439 -0.00536951 0.19865067
v 0.17620858 -0.00541732 0.19865576
v 0.17641925 -0.0054651 0.19869421
v 0.17569917 -0.00530897 0.19888751
v 0.17575958 -0.00503771 0.19889347
v 0.17570889 -0.00530903 0.19879187
v 0.17576953 -0.00503783 0.19879765
v 0.17672061 -0.00525389 0.19899202
v 0.17667168 -0.00518772 0.19898673
v 0.17673063 -0.00525397 0.19889639
v 0.17668151 -0.00518779 0.19889116
v 0.17666995 -0.00552522 0.19889046
v 0.17666024 -0.00552509 0.19898615
v 0.17645919 -0.00513994 0.19896596
v 0.17664653 -0.005182 0.19898419
v 0.17625173 -0.00509332 0.19894471
v 0.17603933 -0.00504552 0.19892284
v 0.17585745 -0.00500454 0.19890329
v 0.17665609 -0.00518216 0.19888854
v 0.17646899 -0.00514006 0.19886857
v 0.17626178 -0.00509338 0.1988472
v 0.17604938 -0.00504556 0.19882547
v 0.17586705 -0.00500466 0.19880765
v 0.17583209 -0.00499885 0.19890067
v 0.17584189 -0.00499892 0.19880506
v 0.17575979 -0.0053226 0.19889371
v 0.17576965 -0.00532268 0.19879795
v 0.17660927 -0.0055116 0.1988842
v 0.17659959 -0.00551144 0.19897984
v 0.17595717 -0.00536694 0.19891484
v 0.17617976 -0.00541704 0.19893766
v 0.17640224 -0.00546706 0.19896049
v 0.17596691 -0.00536704 0.19881765
v 0.1761896 -0.0054171 0.19884018
v 0.1764121 -0.00546721 0.19886322
v 0.17578488 -0.0050434 0.19889612
v 0.17579481 -0.00504349 0.19880037
v 0.1767002 -0.00524717 0.19889335
v 0.17669048 -0.00524704 0.19898881
v 0.17651817 -0.00520619 0.19887377
v 0.17650815 -0.00520606 0.19897098
v 0.17598193 -0.00508564 0.19881869
v 0.1759721 -0.00508551 0.198916
v 0.17624846 -0.00515308 0.19884592
v 0.17623865 -0.00515296 0.19894355
v 0.17753806 -0.00674329 0.19664736
v 0.17757034 -0.00663399 0.19667108
v 0.1775504 -0.00676102 0.19668175
v 0.17758676 -0.00663844 0.19670844
v 0.1776064 -0.00652497 0.19665467
v 0.17762813 -0.00651398 0.19668988
v 0.17764073 -0.00643485 0.1965993
v 0.1776666 -0.00641309 0.19662676
v 0.17768576 -0.00635219 0.1964147
v 0.17771774 -0.00631932 0.19641725
v 0.1776897 -0.00637229 0.1963135
v 0.17772266 -0.00634071 0.19630274
v 0.17767936 -0.00643447 0.19622521
v 0.17771014 -0.00641215 0.1962026
v 0.17765611 -0.00652727 0.19616445
v 0.1776843 -0.00651602 0.19613432
v 0.17762389 -0.00663643 0.19614097
v 0.17764824 -0.00663854 0.19610792
v 0.17758834 -0.00674247 0.19615833
v 0.17760697 -0.00676301 0.19612619
v 0.17755329 -0.00683559 0.19621245
v 0.17756843 -0.00686392 0.19618919
v 0.17750811 -0.00691831 0.19639714
v 0.17751741 -0.00695767 0.19639883
v 0.17750507 -0.0068952 0.1964997
v 0.17751246 -0.00693625 0.1965132
v 0.17751485 -0.00683603 0.19658678
v 0.1775248 -0.00686488 0.19661331
v 0.17751988 -0.00682363 0.19657512
v 0.17751017 -0.0068812 0.19649276
v 0.17751383 -0.00690035 0.19639772
v 0.17753708 -0.00680427 0.19646705
v 0.1775417 -0.00673647 0.1966321
v 0.17756775 -0.00668883 0.19652554
v 0.17757219 -0.00663389 0.19665436
v 0.17760276 -0.00656561 0.19656685
v 0.17760565 -0.00653241 0.19663865
v 0.17763799 -0.00644753 0.19658707
v 0.17755603 -0.00682296 0.19622476
v 0.17759144 -0.00670489 0.196245
v 0.17762628 -0.00658172 0.19628615
v 0.17765703 -0.00646623 0.1963447
v 0.17768013 -0.00637012 0.19641411
v 0.17758831 -0.00673806 0.19617293
v 0.17762205 -0.00663664 0.19615751
v 0.17765229 -0.00653404 0.19617964
v 0.17767402 -0.00644689 0.1962368
v 0.17768409 -0.00638928 0.19631917
v 0.17769625 -0.00665372 0.19668301
v 0.1776641 -0.00676288 0.19665908
v 0.1776553 -0.00677854 0.19669416
v 0.17769146 -0.00665592 0.1967206
v 0.17773157 -0.00654776 0.1966653
v 0.17773309 -0.00653128 0.1967017
v 0.1777665 -0.0064547 0.19661176
v 0.17777252 -0.00642706 0.19663941
v 0.17781156 -0.00637241 0.196428
v 0.17782408 -0.00633278 0.19642886
v 0.17781469 -0.00639568 0.19632583
v 0.17782822 -0.00635712 0.1963126
v 0.17780479 -0.00645498 0.19623881
v 0.17781585 -0.00642831 0.19621211
v 0.17778149 -0.00654778 0.19617834
v 0.17779016 -0.00653217 0.19614355
v 0.17774903 -0.00665694 0.19615466
v 0.17775389 -0.00665473 0.19611737
v 0.17771408 -0.00676289 0.19617199
v 0.17771217 -0.00677933 0.19613583
v 0.177679 -0.00685587 0.1962258
v 0.17767304 -0.00688354 0.19619828
v 0.17763412 -0.00693816 0.19640955
v 0.17762145 -0.00697786 0.19640885
v 0.17763093 -0.00691494 0.19651183
v 0.17761716 -0.00695353 0.19652497
v 0.17764094 -0.00685565 0.19659876
v 0.17762976 -0.00688233 0.19662538
v 0.17772942 -0.0065796 0.1965903
v 0.17769154 -0.00671225 0.19654586
v 0.17765873 -0.00683666 0.19648312
v 0.17778667 -0.00647399 0.19635443
v 0.17775374 -0.00659843 0.19629171
v 0.17771634 -0.00673101 0.19624683
v 0.177796 -0.00637631 0.19656664
v 0.17769092 -0.00635953 0.19655564
v 0.17780879 -0.00635298 0.19651438
v 0.17770335 -0.00633618 0.19650365
v 0.17753151 -0.00694084 0.1963123
v 0.17752108 -0.00690089 0.1963258
v 0.17754429 -0.00691748 0.19626046
v 0.17753407 -0.00687751 0.19627362
v 0.17764961 -0.0069343 0.19627116
v 0.17763662 -0.00695766 0.19632306
v 0.17755624 -0.00677255 0.19637991
v 0.17752516 -0.00688559 0.19633208
v 0.17759072 -0.00664713 0.19643256
v 0.17762592 -0.00651856 0.1964863
v 0.17765608 -0.00640828 0.19653207
v 0.17753803 -0.00686226 0.19627992
v 0.17756918 -0.00674884 0.19632662
v 0.17760366 -0.00662335 0.19637933
v 0.17763879 -0.00649487 0.19643302
v 0.17766881 -0.00638496 0.19647964
v 0.17766049 -0.00639293 0.19653831
v 0.1776731 -0.00636963 0.19648607
v 0.17778608 -0.00641302 0.19655115
v 0.17779874 -0.00638968 0.19649899
v 0.17765957 -0.00689759 0.19628627
v 0.17764663 -0.00692099 0.19633871
v 0.17775332 -0.00653255 0.19650159
v 0.17771619 -0.00666726 0.19644531
v 0.17767933 -0.00680181 0.19638894
v 0.17776608 -0.00650884 0.19644863
v 0.17772933 -0.00664341 0.19639226
v 0.17769241 -0.00677808 0.19633603
v 0.17768657 -0.00637484 0.19654926
v 0.17769929 -0.00635147 0.19649718
v 0.17754933 -0.00689912 0.19626794
v 0.17753645 -0.00692248 0.19632011
v 0.17757922 -0.00678881 0.19631354
v 0.1775667 -0.00681254 0.19636657
v 0.17766851 -0.00646445 0.19644954
v 0.17765539 -0.00648822 0.19650222
v 0.17762693 -0.00662704 0.1963817
v 0.17761382 -0.00665087 0.19643503
v 0.17743945 -0.00691535 0.19715727
v 0.17743584 -0.00689377 0.19726011
v 0.17744812 -0.00695645 0.19715811
v 0.17744389 -0.00693201 0.19727368
v 0.17744624 -0.00683252 0.19734907
v 0.17745554 -0.00686251 0.19737485
v 0.17746913 -0.00674092 0.19740764
v 0.17748183 -0.00675861 0.19744028
v 0.17753717 -0.00652487 0.19741426
v 0.17755892 -0.00651358 0.19744785
v 0.17757153 -0.00643331 0.197361
v 0.17759785 -0.00640976 0.19738915
v 0.17759972 -0.00637215 0.19727602
v 0.17762973 -0.00634046 0.19729173
v 0.17761695 -0.00635081 0.19717428
v 0.17764946 -0.00631614 0.1971775
v 0.17762076 -0.00637232 0.19707152
v 0.17765322 -0.00634068 0.19706206
v 0.17761007 -0.0064336 0.1969856
v 0.17764174 -0.00641008 0.19696077
v 0.17758721 -0.00652523 0.19692419
v 0.17761534 -0.00651396 0.19689546
v 0.17751929 -0.0067413 0.19691734
v 0.17753815 -0.00675904 0.1968878
v 0.17748463 -0.00683278 0.19697365
v 0.17749944 -0.00686281 0.19694683
v 0.17745676 -0.00689391 0.19705508
v 0.17746752 -0.00693216 0.19704401
v 0.17746117 -0.00687747 0.197062
v 0.17748752 -0.00682024 0.19698315
v 0.17752 -0.00673441 0.19693316
v 0.17749968 -0.00676302 0.19704088
v 0.17744508 -0.00689752 0.19715763
v 0.17748451 -0.00677297 0.19716155
v 0.17744144 -0.00687731 0.19725439
v 0.17747485 -0.00676287 0.19728273
v 0.17745131 -0.00681998 0.19733671
v 0.17747309 -0.00673411 0.19739241
v 0.17758354 -0.00653203 0.19693914
v 0.17758157 -0.00650326 0.19704893
v 0.17757198 -0.00649315 0.19716991
v 0.17755687 -0.00650308 0.19729074
v 0.17753636 -0.00653172 0.19739823
v 0.177605 -0.00644619 0.19699479
v 0.17761498 -0.0063888 0.19707705
v 0.17761126 -0.00636861 0.19717402
v 0.17759522 -0.00638864 0.19726941
v 0.17756897 -0.00644591 0.19734849
v 0.17756179 -0.0069127 0.19727335
v 0.17756569 -0.00693419 0.1971699
v 0.1775529 -0.00697497 0.19716882
v 0.17754876 -0.00695041 0.19728435
v 0.17757239 -0.00685175 0.19735884
v 0.17756038 -0.00688056 0.19738584
v 0.17759501 -0.00676048 0.19742059
v 0.1775867 -0.00677607 0.19745421
v 0.17766261 -0.00654533 0.19742693
v 0.17766422 -0.0065297 0.19746169
v 0.17769751 -0.00645419 0.19737079
v 0.17770344 -0.00642536 0.19739964
v 0.17772507 -0.00639331 0.19728893
v 0.17773589 -0.00635563 0.19730266
v 0.17774257 -0.00637204 0.19718721
v 0.17775517 -0.00633119 0.19718866
v 0.17774611 -0.00639347 0.19708409
v 0.17775926 -0.00635581 0.19707296
v 0.17773559 -0.0064545 0.19699864
v 0.17774778 -0.00642563 0.19697178
v 0.17771288 -0.0065457 0.19693706
v 0.17772132 -0.00653014 0.19690327
v 0.17764532 -0.00676083 0.1969303
v 0.17764386 -0.00677646 0.19689577
v 0.17761048 -0.00685199 0.19698646
v 0.17760437 -0.00688083 0.19695755
v 0.17758294 -0.00691287 0.19706836
v 0.17757222 -0.00695053 0.19705463
v 0.17759719 -0.00679102 0.19730486
v 0.17760708 -0.00680182 0.19717395
v 0.1776238 -0.00679119 0.19704416
v 0.17768392 -0.00651495 0.19731321
v 0.17770078 -0.00650436 0.19718314
v 0.1777105 -0.00651516 0.19705246
v 0.17761442 -0.00668332 0.19747276
v 0.17750874 -0.00666657 0.19746172
v 0.1776334 -0.00662232 0.1974747
v 0.1775279 -0.00660559 0.19746352
v 0.17756927 -0.00666705 0.1968721
v 0.17754489 -0.00666374 0.19690716
v 0.17758828 -0.00660602 0.19687403
v 0.1775642 -0.00660271 0.19690899
v 0.17769387 -0.00662278 0.19688484
v 0.17767444 -0.00668381 0.19688308
v 0.1775316 -0.00666416 0.19703748
v 0.17754331 -0.00666375 0.19692292
v 0.17751872 -0.00666417 0.1971648
v 0.1775051 -0.00666397 0.19729524
v 0.17749401 -0.00666336 0.19740691
v 0.17756274 -0.0066027 0.19692476
v 0.17755088 -0.00660217 0.19703955
v 0.17753809 -0.00660196 0.19716675
v 0.17752462 -0.00660193 0.19729705
v 0.17751303 -0.00660237 0.19740867
v 0.17749232 -0.00666336 0.19742244
v 0.17751136 -0.00660237 0.19742418
v 0.17761799 -0.00668342 0.19743521
v 0.17763724 -0.00662242 0.19743718
v 0.17768991 -0.00662279 0.19692222
v 0.17767092 -0.00668376 0.19692042
v 0.17763042 -0.00668401 0.19731421
v 0.17764443 -0.00668418 0.19717781
v 0.17765831 -0.00668417 0.19704131
v 0.17764988 -0.006622 0.19731622
v 0.17766362 -0.00662198 0.19717966
v 0.17767778 -0.00662219 0.19704318
v 0.17751044 -0.00666657 0.19744625
v 0.17752948 -0.00660562 0.19744823
v 0.17758637 -0.00660602 0.19689276
v 0.17756733 -0.00666698 0.19689086
v 0.1775752 -0.00660543 0.19700419
v 0.17755577 -0.00666744 0.19700227
v 0.17754149 -0.00660518 0.19733323
v 0.177522 -0.00666723 0.19733142
v 0.17756128 -0.00660564 0.1971689
v 0.1775417 -0.00666788 0.19716706
v 0.17472204 -0.00613202 0.20017676
v 0.17467585 -0.00614651 0.20017005
v 0.17472541 -0.00614798 0.20019088
v 0.17467388 -0.00616413 0.20018313
v 0.17463174 -0.00614067 0.2001634
v 0.17462351 -0.00615766 0.20017534
v 0.17459732 -0.00611488 0.20015806
v 0.17458492 -0.00612812 0.20016965
v 0.17457169 -0.00602373 0.20015408
v 0.17455604 -0.00602474 0.20016507
v 0.17458477 -0.00597222 0.20015597
v 0.17457017 -0.00596664 0.20016677
v 0.17461454 -0.00592642 0.20016028
v 0.17460423 -0.00591453 0.2001719
v 0.1746554 -0.00589381 0.20016628
v 0.17465007 -0.00587783 0.2001789
v 0.17470151 -0.00587932 0.20017334
v 0.17470172 -0.00586171 0.20018667
v 0.17474427 -0.00588586 0.20017974
v 0.17475196 -0.00586813 0.20019403
v 0.17478016 -0.00591095 0.20018501
v 0.17479065 -0.00589768 0.20020012
v 0.17480558 -0.00600212 0.20018924
v 0.17481952 -0.00600109 0.20020473
v 0.17479133 -0.0060543 0.20018722
v 0.17480552 -0.00605916 0.20020255
v 0.17476302 -0.00609939 0.20018301
v 0.17477136 -0.00611131 0.2001975
v 0.17475846 -0.00609387 0.20018221
v 0.17478582 -0.00605113 0.20018631
v 0.17479813 -0.0060028 0.20018814
v 0.17475551 -0.00603987 0.20018158
v 0.17471981 -0.0061245 0.20017656
v 0.1747052 -0.00607197 0.20017422
v 0.1746765 -0.0061381 0.20017015
v 0.17465254 -0.00609554 0.20016627
v 0.17463567 -0.00613249 0.20016379
v 0.17460307 -0.00610842 0.20015887
v 0.17477446 -0.00591738 0.20018409
v 0.17472481 -0.00593026 0.20017692
v 0.17467233 -0.00595386 0.20016911
v 0.17462185 -0.00598596 0.20016145
v 0.17457908 -0.00602304 0.20015516
v 0.17474189 -0.00589332 0.20017929
v 0.17470064 -0.00588769 0.20017321
v 0.17465755 -0.00590132 0.20016665
v 0.17461907 -0.00593195 0.20016112
v 0.1745916 -0.00597468 0.20015707
v 0.17467013 -0.00614599 0.20025129
v 0.17471611 -0.00613148 0.20025825
v 0.17472097 -0.00614867 0.20025917
v 0.17466932 -0.00616476 0.20025128
v 0.17462718 -0.00613954 0.20024484
v 0.17461884 -0.00615817 0.20024365
v 0.17459151 -0.00611464 0.20023933
v 0.17457881 -0.00612909 0.20023758
v 0.17456615 -0.00602389 0.2002352
v 0.17454987 -0.00602514 0.20023286
v 0.17458045 -0.00597184 0.20023757
v 0.17456507 -0.0059661 0.20023496
v 0.17460885 -0.00592686 0.20024159
v 0.17459926 -0.00591382 0.20024006
v 0.17464992 -0.00589426 0.20024777
v 0.17464515 -0.00587705 0.20024699
v 0.17469596 -0.00587976 0.20025463
v 0.17469683 -0.00586099 0.20025466
v 0.1747387 -0.00588617 0.20026098
v 0.17474728 -0.00586758 0.20026238
v 0.17477467 -0.0059111 0.20026648
v 0.17478725 -0.00589664 0.20026852
v 0.17479977 -0.00600188 0.20027063
v 0.17481631 -0.00600059 0.20027299
v 0.17478543 -0.00605391 0.20026849
v 0.17480084 -0.00605963 0.20027083
v 0.17475715 -0.00609889 0.20026426
v 0.17476695 -0.00611193 0.20026578
v 0.17464384 -0.0061011 0.20024721
v 0.17470064 -0.00607562 0.20025582
v 0.1747547 -0.00604112 0.20026378
v 0.17461136 -0.00598461 0.20024202
v 0.17466548 -0.00595012 0.20025007
v 0.1747221 -0.00592464 0.20025876
v 0.17456138 -0.00609353 0.20023483
v 0.17456618 -0.00609358 0.20016664
v 0.17455408 -0.0060678 0.20023359
v 0.17455875 -0.00606785 0.20016546
v 0.1748166 -0.00595798 0.20020408
v 0.1748017 -0.00596654 0.20018857
v 0.17480939 -0.00593224 0.20020295
v 0.17479455 -0.00594081 0.20018734
v 0.17480483 -0.00593219 0.20027098
v 0.17481201 -0.00595792 0.20027232
v 0.17474633 -0.00599674 0.20018018
v 0.17479515 -0.00597012 0.20018741
v 0.17469239 -0.00602603 0.20017223
v 0.17463693 -0.00605597 0.20016388
v 0.17458954 -0.00608147 0.20015686
v 0.17478793 -0.00594438 0.20018652
v 0.17473906 -0.00597057 0.20017899
v 0.174685 -0.00599977 0.20017086
v 0.17462971 -0.0060298 0.20016287
v 0.17458221 -0.00605569 0.2001556
v 0.17458275 -0.00608504 0.20015586
v 0.17457565 -0.00605927 0.20015475
v 0.17457717 -0.00608497 0.20023725
v 0.17456999 -0.00605925 0.20023597
v 0.17478883 -0.00594076 0.20026861
v 0.17479607 -0.00596648 0.20026975
v 0.17462858 -0.00605735 0.200245
v 0.17468664 -0.006026 0.20025341
v 0.17474472 -0.00599456 0.2002623
v 0.17462128 -0.00603119 0.20024368
v 0.17467936 -0.00599974 0.20025242
v 0.17473748 -0.0059684 0.20026113
v 0.17457252 -0.00609003 0.20016756
v 0.17456558 -0.00606427 0.2001665
v 0.17480152 -0.00593652 0.20020173
v 0.17480874 -0.00596223 0.20020291
v 0.1747539 -0.005962 0.20019456
v 0.17476132 -0.00598818 0.20019573
v 0.17461428 -0.00603765 0.20017378
v 0.17462155 -0.00606381 0.20017491
v 0.17468392 -0.00599976 0.20018585
v 0.17469126 -0.00602603 0.20018732
v 0.17718595 -0.00659906 0.20042775
v 0.17714622 -0.00669001 0.20042364
v 0.17720538 -0.00660715 0.20044294
v 0.17716118 -0.00670902 0.20043863
v 0.177089 -0.00675798 0.20041793
v 0.17709586 -0.00678681 0.20043191
v 0.17702299 -0.00679047 0.20041123
v 0.17702144 -0.0068225 0.20042428
v 0.17690259 -0.00674439 0.20039884
v 0.17688465 -0.00677023 0.20041047
v 0.1768665 -0.00667279 0.20039497
v 0.17684361 -0.00669017 0.20040606
v 0.17685583 -0.00657873 0.20039384
v 0.1768316 -0.0065828 0.20040464
v 0.1768713 -0.00647863 0.20039527
v 0.17684894 -0.00647051 0.2004062
v 0.17691078 -0.00638775 0.20039917
v 0.17689332 -0.00636866 0.20041073
v 0.17696747 -0.00632266 0.20040498
v 0.17695868 -0.00629088 0.20041737
v 0.17703405 -0.00628724 0.20041178
v 0.17703315 -0.00625519 0.20042511
v 0.17715448 -0.00633332 0.20042413
v 0.17716956 -0.00630747 0.200439
v 0.17718979 -0.00640784 0.20042784
v 0.17721077 -0.0063875 0.20044334
v 0.17720133 -0.00649906 0.20042918
v 0.17722287 -0.00649491 0.20044465
v 0.17719054 -0.00650128 0.20042789
v 0.17718029 -0.00641387 0.20042683
v 0.1771467 -0.00634633 0.2004235
v 0.17713353 -0.0064537 0.20042219
v 0.17717579 -0.0065953 0.2004266
v 0.17710661 -0.00656869 0.20041957
v 0.17713895 -0.00668068 0.20042291
v 0.17706835 -0.00667942 0.20041573
v 0.17708522 -0.00674371 0.20041737
v 0.17702329 -0.00677459 0.20041109
v 0.17703384 -0.00630311 0.20041181
v 0.17698869 -0.0063983 0.20040734
v 0.1769506 -0.00650901 0.20040343
v 0.17692375 -0.00662396 0.20040094
v 0.17691063 -0.00673137 0.20039965
v 0.17697176 -0.00633401 0.20040549
v 0.17691832 -0.00639702 0.2003999
v 0.17688131 -0.00648243 0.20039632
v 0.1768668 -0.00657638 0.20039494
v 0.1768769 -0.00666386 0.20039612
v 0.17713752 -0.00668968 0.20050488
v 0.17717677 -0.00659875 0.20050881
v 0.17719954 -0.0066074 0.2005113
v 0.17715516 -0.0067093 0.20050679
v 0.17708095 -0.00675483 0.20049923
v 0.17708951 -0.00678697 0.20050022
v 0.17701444 -0.00679034 0.20049247
v 0.17701399 -0.00682549 0.20049263
v 0.17689454 -0.00674446 0.20048014
v 0.17687657 -0.00677294 0.20047833
v 0.17685952 -0.00666998 0.20047646
v 0.17683568 -0.00668986 0.20047411
v 0.17684826 -0.00657883 0.20047538
v 0.17682382 -0.0065824 0.20047274
v 0.17686364 -0.00647876 0.20047675
v 0.17684087 -0.00647009 0.20047445
v 0.17690309 -0.00638788 0.20048056
v 0.17688536 -0.00636828 0.20047883
v 0.17695951 -0.00632274 0.20048637
v 0.17695096 -0.00629056 0.20048543
v 0.17702603 -0.00628722 0.20049326
v 0.17702671 -0.00625206 0.20049333
v 0.17714601 -0.00633318 0.20050549
v 0.17716383 -0.00630464 0.20050743
v 0.17718106 -0.00640755 0.20050911
v 0.17720463 -0.00638766 0.20051144
v 0.17719242 -0.0064987 0.20051039
v 0.17721682 -0.00649511 0.20051278
v 0.17706221 -0.00668976 0.20049722
v 0.17710328 -0.00657049 0.20050135
v 0.17713215 -0.0064467 0.20050424
v 0.17690846 -0.00663085 0.20048143
v 0.1769371 -0.00650704 0.20048432
v 0.17697835 -0.00638778 0.20048831
v 0.17695814 -0.00682018 0.20048673
v 0.1769649 -0.00682027 0.20041862
v 0.1769241 -0.00680719 0.20048342
v 0.17693117 -0.00680721 0.20041535
v 0.17712339 -0.00627048 0.20043426
v 0.17711466 -0.00630521 0.20042018
v 0.17708933 -0.00625749 0.20043063
v 0.17708087 -0.00629218 0.20041663
v 0.1770825 -0.0062574 0.2004987
v 0.17711645 -0.0062704 0.20050239
v 0.17708015 -0.00642683 0.20041652
v 0.17711028 -0.0063197 0.20041957
v 0.17704594 -0.0065455 0.20041345
v 0.17701092 -0.00666705 0.20040978
v 0.17698064 -0.00677107 0.20040683
v 0.17707666 -0.00630669 0.20041629
v 0.1770454 -0.00641362 0.20041315
v 0.17701131 -0.00653218 0.20040977
v 0.17697632 -0.00665373 0.20040616
v 0.17694652 -0.00675804 0.20040316
v 0.17697632 -0.00678556 0.2004064
v 0.17694249 -0.00677252 0.20040297
v 0.17696806 -0.00678544 0.20048783
v 0.17693412 -0.00677247 0.20048415
v 0.17707258 -0.00629209 0.20049803
v 0.17710632 -0.00630512 0.2005013
v 0.17700094 -0.0066727 0.20049093
v 0.17703759 -0.00654541 0.20049466
v 0.17707407 -0.0064181 0.20049819
v 0.17696631 -0.00665947 0.20048762
v 0.17700287 -0.00653212 0.2004911
v 0.1770395 -0.00640487 0.20049466
v 0.17696929 -0.00680579 0.2004189
v 0.17693531 -0.00679278 0.20041564
v 0.17708438 -0.00627481 0.20043027
v 0.17711842 -0.00628785 0.20043361
v 0.17705413 -0.00637885 0.20042741
v 0.17708861 -0.0063921 0.20043079
v 0.1769658 -0.00668562 0.20041869
v 0.17700043 -0.00669879 0.20042215
v 0.17700973 -0.00653218 0.20042473
v 0.17704448 -0.00654549 0.20042841
v 0.1796731 0.00909165 0.19777301
v 0.17923921 0.0091873 0.19781586
v 0.17885392 0.00926861 0.19802552
v 0.17857548 0.00932313 0.19836986
v 0.17844629 0.00934256 0.19879669
v 0.17848649 0.00932404 0.19924062
v 0.17849099 0.00930627 0.20000833
v 0.17898735 0.00919451 0.20006522
v 0.17943397 0.00909404 0.20010751
v 0.17986738 0.00899654 0.20015162
v 0.18035495 0.00888688 0.20020395
v 0.1805377 0.00886254 0.1994512
v 0.18066692 0.00884313 0.19902446
v 0.18062683 0.00886166 0.19858044
v 0.18042409 0.00891542 0.19818663
v 0.18008902 0.00899617 0.19790333
v 0.17960557 0.00909234 0.19843199
v 0.17942315 0.00913262 0.19845005
v 0.17926091 0.00916679 0.19853806
v 0.1791436 0.00918972 0.19868311
v 0.17908939 0.00919796 0.19886258
v 0.17910626 0.00919014 0.19904959
v 0.17919153 0.0091675 0.19921517
v 0.17933237 0.0091335 0.19933471
v 0.17950755 0.00909331 0.19938927
v 0.17969012 0.00905307 0.1993713
v 0.17985242 0.00901885 0.19928309
v 0.17996943 0.00899593 0.19913813
v 0.1800239 0.00898773 0.19895851
v 0.18000716 0.00899556 0.19877153
v 0.17992168 0.00901815 0.19860586
v 0.17978066 0.00905216 0.19848656
v 0.17933106 0.00915995 0.19813257
v 0.17963939 0.00909201 0.1981022
v 0.1790573 0.00921772 0.19828164
v 0.17885944 0.00925649 0.19852638
v 0.1787675 0.00927029 0.1988295
v 0.17879587 0.00925711 0.19914507
v 0.17884105 0.00923692 0.19961223
v 0.17915976 0.00916406 0.19970026
v 0.17947071 0.00909369 0.19974872
v 0.17977902 0.00902481 0.19976177
v 0.18010366 0.00895283 0.19974392
v 0.18025401 0.00892921 0.19929468
v 0.18034541 0.00891536 0.19899156
v 0.1803171 0.00892855 0.19867584
v 0.18017292 0.00896676 0.19839605
v 0.17993503 0.00902413 0.19819468
v 0.17956948 0.0087783 0.19809521
v 0.17926111 0.00884625 0.19812585
v 0.17935326 0.00881893 0.19844298
v 0.17953553 0.0087786 0.19842504
v 0.17898723 0.00890402 0.19827495
v 0.17919108 0.00885315 0.19853137
v 0.17878943 0.00894277 0.19851972
v 0.17907354 0.00887602 0.1986763
v 0.17869767 0.0089566 0.19882281
v 0.17901948 0.00888426 0.1988558
v 0.17872598 0.00894338 0.19913841
v 0.17903634 0.00887644 0.19904263
v 0.17877113 0.00892321 0.19960518
v 0.17912167 0.00885381 0.19920851
v 0.17908999 0.00885035 0.19969339
v 0.17926254 0.0088198 0.19932772
v 0.17940101 0.00878002 0.19974188
v 0.17943781 0.00877963 0.19938255
v 0.17970901 0.00871111 0.19975487
v 0.17962005 0.00873934 0.19936429
v 0.18003383 0.0086391 0.19973708
v 0.17978248 0.00870518 0.19927625
v 0.18018397 0.00861548 0.19928787
v 0.17989969 0.00868224 0.19913123
v 0.18027547 0.00860167 0.19898463
v 0.17995396 0.00867404 0.1989517
v 0.18024742 0.00861486 0.19866921
v 0.17993715 0.00868185 0.19876481
v 0.18010318 0.00865305 0.19838942
v 0.17985165 0.00870444 0.19859905
v 0.17986512 0.00871044 0.19818793
v 0.17971065 0.00873842 0.1984796
v 0.17960307 0.00877792 0.19776623
v 0.17916932 0.00887359 0.19780899
v 0.17878401 0.0089549 0.19801868
v 0.17850562 0.00900944 0.19836302
v 0.17837631 0.00902887 0.19878982
v 0.17841658 0.00901031 0.19923387
v 0.17842105 0.00899254 0.20000143
v 0.17891743 0.00888079 0.2000585
v 0.17936432 0.0087804 0.20010082
v 0.17979767 0.0086829 0.20014475
v 0.18028509 0.00857318 0.20019726
v 0.18046787 0.00854886 0.19944421
v 0.18059694 0.00852939 0.19901783
v 0.18055692 0.00854794 0.19857369
v 0.18035411 0.00860171 0.19817976
v 0.18001914 0.00868247 0.19789625
v 0.17983242 0.00980696 0.19778852
v 0.17939865 0.00990263 0.19783137
v 0.17901328 0.00998389 0.19804115
v 0.1787348 0.01003843 0.19838558
v 0.17860567 0.01005789 0.1988123
v 0.17864555 0.01003933 0.19925616
v 0.17865037 0.01002158 0.20002391
v 0.17914655 0.00990983 0.20008093
v 0.17959329 0.00980942 0.20012311
v 0.18002677 0.0097119 0.2001672
v 0.1805143 0.00960223 0.20021955
v 0.18069717 0.0095779 0.19946681
v 0.18082615 0.00955842 0.19904007
v 0.18078613 0.00957695 0.19859604
v 0.18058329 0.00963075 0.19820229
v 0.18024817 0.00971143 0.19791851
v 0.17976489 0.00980765 0.19844731
v 0.17958235 0.0098479 0.1984654
v 0.17942026 0.00988212 0.19855369
v 0.17930305 0.00990504 0.19869852
v 0.17924872 0.00991327 0.19887839
v 0.17926564 0.00990546 0.19906507
v 0.17935082 0.00988281 0.19923073
v 0.17949175 0.00984885 0.1993501
v 0.17966672 0.00980862 0.19940504
v 0.17984953 0.00976837 0.19938698
v 0.18001171 0.0097342 0.1992985
v 0.18012884 0.00971126 0.19915379
v 0.18018308 0.00970304 0.19897407
v 0.18016648 0.00971087 0.19878722
v 0.18008098 0.00973348 0.19862152
v 0.17993992 0.00976746 0.19850215
v 0.17949044 0.0098753 0.19814826
v 0.17979866 0.00980729 0.19811773
v 0.17921665 0.00993305 0.19829739
v 0.1790187 0.00997178 0.19854207
v 0.17892694 0.00998558 0.19884529
v 0.17895513 0.00997242 0.19916093
v 0.17900034 0.00995225 0.19962757
v 0.17931902 0.00987936 0.19971561
v 0.17963016 0.00980902 0.19976431
v 0.17993819 0.00974017 0.19977723
v 0.18026307 0.00966814 0.19975934
v 0.18041309 0.00964451 0.19931039
v 0.18050468 0.00963067 0.19900716
v 0.18047651 0.00964386 0.19869165
v 0.18033233 0.00968204 0.19841165
v 0.1800943 0.00973949 0.1982101
v 0.1797288 0.00949364 0.19811093
v 0.17942056 0.0095616 0.19814154
v 0.17951238 0.00953419 0.19845852
v 0.17969507 0.00949396 0.19844049
v 0.17914667 0.00961938 0.19829043
v 0.17935043 0.00956845 0.19854673
v 0.17894884 0.00965809 0.19853514
v 0.17923292 0.00959134 0.19869166
v 0.17885708 0.00967193 0.19883838
v 0.1791788 0.00959959 0.19887137
v 0.17888543 0.00965875 0.19915384
v 0.17919555 0.00959175 0.1990582
v 0.17893067 0.00963858 0.19962093
v 0.17928096 0.00956914 0.1992239
v 0.17924919 0.00956568 0.19970887
v 0.17942187 0.0095351 0.19934329
v 0.1795603 0.00949532 0.19975751
v 0.17959705 0.00949498 0.19939819
v 0.17986837 0.00942644 0.19977039
v 0.17977955 0.0094547 0.19938004
v 0.18019327 0.00935445 0.19975262
v 0.17994183 0.00942053 0.1992917
v 0.1803433 0.00933084 0.1993035
v 0.18005877 0.00939754 0.19914698
v 0.18043482 0.00931697 0.19900018
v 0.18011343 0.00938938 0.19896706
v 0.18040648 0.0093302 0.19868463
v 0.18009656 0.00939716 0.19878044
v 0.1802622 0.00936835 0.19840484
v 0.180011 0.00941978 0.19861471
v 0.1800245 0.00942577 0.19820338
v 0.17987012 0.00945378 0.19849532
v 0.17976254 0.00949328 0.19778156
v 0.17932859 0.00958894 0.19782474
v 0.17894339 0.0096702 0.19803443
v 0.17866489 0.00972473 0.19837871
v 0.17853573 0.0097442 0.19880533
v 0.17857572 0.00972562 0.19924935
v 0.17858025 0.00970785 0.20001721
v 0.1790767 0.00959614 0.20007413
v 0.17952331 0.00949569 0.20011624
v 0.17995685 0.00939818 0.20016035
v 0.18044444 0.00928853 0.20021274
v 0.18062725 0.00926422 0.19945988
v 0.18075621 0.00924473 0.19903323
v 0.18071633 0.00926331 0.19858914
v 0.18051335 0.00931708 0.19819542
v 0.1801784 0.00939778 0.19791171
v 0.17888227 0.00888131 0.20039551
v 0.17838275 0.00899379 0.20033817
v 0.17845267 0.00930747 0.20034506
v 0.178952 0.00919498 0.20040249
v 0.17933112 0.00878041 0.20043794
v 0.17940095 0.00909411 0.20044463
v 0.1797626 0.00868335 0.20048175
v 0.17983233 0.00899707 0.2004888
v 0.18024885 0.00857385 0.20053421
v 0.18031889 0.00888754 0.20054087
v 0.17904156 0.00959662 0.20041123
v 0.17854213 0.0097091 0.20035392
v 0.17861184 0.01002277 0.20036077
v 0.17911148 0.00991031 0.20041811
v 0.17949041 0.00949576 0.20045357
v 0.17956024 0.00980941 0.20046052
v 0.17992183 0.00939868 0.20049738
v 0.17999166 0.00971238 0.20050433
v 0.18040826 0.00928923 0.20054966
v 0.18047827 0.00960292 0.20055663
v 0.17847386 0.00939558 0.19883115
v 0.17860296 0.00937609 0.19840459
v 0.17888125 0.00932158 0.19806028
v 0.17926651 0.0092403 0.19785048
v 0.17970058 0.00914464 0.19780741
v 0.1801165 0.0090492 0.19793771
v 0.18084865 0.0088826 0.1980981
v 0.18080243 0.00888181 0.19860784
v 0.18075206 0.00888313 0.19906495
v 0.1807062 0.00888364 0.19950921
v 0.18065726 0.00888364 0.20000918
v 0.17990136 0.00905136 0.20003999
v 0.17946764 0.00914699 0.2000827
v 0.17905145 0.0092425 0.19995246
v 0.1787166 0.00932326 0.19966901
v 0.17851379 0.00937699 0.19927524
v 0.17911669 0.00925094 0.19889731
v 0.17917102 0.00924275 0.19871766
v 0.1792882 0.00921982 0.19857265
v 0.17945045 0.00918558 0.1984844
v 0.17963317 0.00914533 0.1984664
v 0.17980805 0.00910511 0.19852112
v 0.17994904 0.00907119 0.19864042
v 0.18003433 0.00904857 0.19880603
v 0.18005123 0.00904076 0.19899313
v 0.17999696 0.00904899 0.19917263
v 0.17987987 0.0090719 0.1993175
v 0.17971745 0.00910608 0.19940583
v 0.17953503 0.00914634 0.19942377
v 0.17935988 0.00918651 0.19936929
v 0.17921891 0.00922051 0.19924984
v 0.1791335 0.00924317 0.1990842
v 0.17888671 0.00930947 0.19856078
v 0.17879501 0.00932331 0.19886423
v 0.17908445 0.0092707 0.19831611
v 0.17935851 0.00921295 0.19816725
v 0.17966681 0.00914503 0.19813679
v 0.17996227 0.00907715 0.19822911
v 0.18039923 0.00897683 0.19836904
v 0.1804187 0.00896511 0.19870702
v 0.18040201 0.00896186 0.19902922
v 0.18035179 0.00896622 0.19934095
v 0.18026885 0.00897771 0.19966362
v 0.17980936 0.00907867 0.19972305
v 0.1795012 0.00914667 0.19975359
v 0.17920559 0.00921453 0.19966118
v 0.17896759 0.00927191 0.19945956
v 0.1788235 0.0093101 0.19917972
v 0.1788648 0.00963699 0.19887104
v 0.17895653 0.0096232 0.19856777
v 0.17924088 0.00955646 0.19872438
v 0.17918658 0.00956464 0.19890397
v 0.17915433 0.00958443 0.19832295
v 0.17935809 0.00953352 0.19857943
v 0.17942842 0.00952668 0.198174
v 0.17952054 0.00949935 0.19849118
v 0.17973652 0.00945871 0.19814345
v 0.17970287 0.00945908 0.19847306
v 0.18003216 0.00939085 0.1982361
v 0.17987781 0.00941885 0.19852799
v 0.18046906 0.00929056 0.19837591
v 0.18001884 0.00938488 0.19864711
v 0.18048831 0.00927884 0.19871372
v 0.18010419 0.00936226 0.19881305
v 0.18047162 0.00927558 0.19903576
v 0.18012103 0.00935446 0.1989997
v 0.18042171 0.00927997 0.19934776
v 0.18006664 0.00936265 0.19917941
v 0.18033868 0.00929139 0.19967046
v 0.17994952 0.00938555 0.19932425
v 0.17987939 0.00939244 0.1997298
v 0.17978718 0.00941978 0.19941264
v 0.17957088 0.00946039 0.1997604
v 0.17960494 0.00946002 0.19943079
v 0.17927542 0.00952823 0.19966781
v 0.17942977 0.00950023 0.19937598
v 0.17903748 0.00958563 0.19946625
v 0.17928871 0.00953423 0.19925662
v 0.1788932 0.00962385 0.19918641
v 0.17920339 0.00955685 0.19909083
v 0.17854371 0.00970931 0.19883796
v 0.17867291 0.00968985 0.19841155
v 0.17895096 0.00963529 0.19806703
v 0.17933633 0.00955404 0.19785723
v 0.17977011 0.00945834 0.19781407
v 0.18018627 0.0093629 0.19794434
v 0.18091854 0.00919636 0.19810488
v 0.18087226 0.00919557 0.19861474
v 0.18082192 0.00919682 0.19907173
v 0.18077594 0.00919736 0.19951579
v 0.18072721 0.00919733 0.20001593
v 0.17997109 0.00936508 0.20004656
v 0.17953738 0.00946074 0.20008951
v 0.17912122 0.0095562 0.19995945
v 0.1787863 0.00963696 0.19967576
v 0.17858353 0.00969073 0.19928208
v 0.17831131 0.00866587 0.19881545
v 0.17844042 0.00864641 0.19838865
v 0.1787188 0.0085919 0.19804425
v 0.17910412 0.00851061 0.19783471
v 0.17953789 0.00841498 0.19779156
v 0.17995396 0.00831949 0.19792176
v 0.18068614 0.00815295 0.19808231
v 0.18063977 0.00815216 0.19859208
v 0.18058961 0.00815339 0.1990491
v 0.18054372 0.00815393 0.19949318
v 0.18049487 0.00815394 0.19999329
v 0.17973879 0.00832167 0.20002399
v 0.17930519 0.00841734 0.20006702
v 0.178889 0.0085128 0.19993685
v 0.17855405 0.00859356 0.19965313
v 0.1783511 0.0086473 0.19925944
v 0.17895421 0.00852124 0.19888146
v 0.17900866 0.00851305 0.19870175
v 0.17912575 0.00849011 0.19855682
v 0.17928805 0.00845591 0.19846855
v 0.17947056 0.00841565 0.19845034
v 0.17964553 0.00837549 0.19850523
v 0.17978653 0.00834145 0.19862453
v 0.179872 0.00831884 0.19879035
v 0.17988875 0.00831105 0.19897712
v 0.17983424 0.00831921 0.19915689
v 0.17971721 0.00834216 0.19930161
v 0.17955508 0.00837637 0.19939003
v 0.17937231 0.00841661 0.19940806
v 0.17919728 0.00845682 0.1993532
v 0.17905637 0.00849081 0.19923402
v 0.17897102 0.00851343 0.19906823
v 0.17872422 0.00857977 0.19854505
v 0.17863252 0.00859358 0.19884838
v 0.17892205 0.00854104 0.19830028
v 0.17919614 0.00848329 0.19815148
v 0.17950424 0.00841528 0.19812078
v 0.17979982 0.00834744 0.19821329
v 0.1802366 0.00824711 0.19835315
v 0.18025609 0.00823546 0.19869105
v 0.18023932 0.00823215 0.19901324
v 0.18018928 0.00823655 0.19932507
v 0.18010625 0.00824799 0.19964785
v 0.1796469 0.00834902 0.19970722
v 0.17933881 0.00841697 0.19973783
v 0.17904305 0.00848485 0.19964508
v 0.17880514 0.00854221 0.19944353
v 0.17866087 0.00858041 0.19916383
v 0.17870238 0.00890732 0.19885511
v 0.17879402 0.00889351 0.19855196
v 0.17907849 0.00882676 0.19870857
v 0.17902407 0.00883495 0.19888816
v 0.178992 0.00885473 0.19830711
v 0.17919543 0.00880382 0.19856356
v 0.17926591 0.00879699 0.19815804
v 0.17935779 0.00876959 0.19847537
v 0.17957416 0.00872902 0.19812752
v 0.17954033 0.00872934 0.19845725
v 0.17986965 0.00866117 0.19822
v 0.17971539 0.00868918 0.19851194
v 0.18030661 0.00856081 0.1983601
v 0.17985639 0.00865517 0.19863127
v 0.1803258 0.00854912 0.19869782
v 0.17994189 0.00863256 0.19879703
v 0.18030917 0.00854584 0.19901983
v 0.17995843 0.00862474 0.19898377
v 0.18025898 0.00855021 0.1993318
v 0.1799041 0.00863294 0.19916366
v 0.18017622 0.0085617 0.19965456
v 0.17978707 0.00865591 0.19930847
v 0.17971658 0.00866267 0.19971391
v 0.17962494 0.00869007 0.19939683
v 0.1794084 0.00873066 0.19974443
v 0.17944219 0.00873034 0.19941489
v 0.17911294 0.00879855 0.19965206
v 0.17926716 0.00877052 0.19935999
v 0.17887511 0.00885595 0.19945053
v 0.17912626 0.00880451 0.19924069
v 0.17873084 0.00889416 0.19917057
v 0.17904081 0.00882714 0.19907496
v 0.1783812 0.00897961 0.19882215
v 0.17851012 0.00896013 0.19839544
v 0.17878875 0.00890561 0.19805105
v 0.17917406 0.00882432 0.19784136
v 0.17960771 0.00872863 0.19779844
v 0.18002376 0.00863317 0.19792859
v 0.18075606 0.00846663 0.1980891
v 0.1807096 0.0084658 0.19859872
v 0.1806595 0.00846712 0.19905571
v 0.1806136 0.00846767 0.19949986
v 0.18056467 0.00846769 0.19999988
v 0.17980861 0.00863537 0.20003058
v 0.17937502 0.00873107 0.20007376
v 0.17895892 0.0088265 0.19994352
v 0.17862394 0.00890727 0.19965975
v 0.17842114 0.00896103 0.19926621
v 0.17863071 0.01009985 0.19884648
v 0.17875975 0.01008037 0.19841972
v 0.17903822 0.01002584 0.19807535
v 0.17942369 0.00994459 0.19786551
v 0.17985734 0.00984889 0.19782254
v 0.18027338 0.00975345 0.19795289
v 0.18100559 0.00958691 0.19811338
v 0.18095934 0.0095861 0.19862312
v 0.18090882 0.00958735 0.19908019
v 0.18086302 0.00958794 0.19952434
v 0.18081423 0.00958789 0.2000243
v 0.18005812 0.00975561 0.20005491
v 0.17962434 0.00985127 0.20009809
v 0.17920839 0.00994675 0.19996792
v 0.17887353 0.01002753 0.1996842
v 0.17867055 0.01008126 0.19929063
v 0.1792736 0.00995521 0.19891256
v 0.1793279 0.00994699 0.198733
v 0.17944511 0.00992407 0.19858798
v 0.1796073 0.00988986 0.19849968
v 0.17978987 0.00984961 0.1984815
v 0.17996487 0.00980941 0.19853633
v 0.18010586 0.00977542 0.1986556
v 0.18019118 0.00975281 0.19882136
v 0.18020811 0.00974499 0.19900825
v 0.18015372 0.00975319 0.19918787
v 0.1800366 0.00977612 0.19933265
v 0.17987427 0.00981029 0.19942119
v 0.17969179 0.00985059 0.19943916
v 0.17951691 0.00989079 0.19938427
v 0.17937576 0.00992475 0.19926521
v 0.17929044 0.00994739 0.19909912
v 0.17904359 0.01001374 0.19857627
v 0.17895183 0.01002753 0.19887948
v 0.17924153 0.00997496 0.19833153
v 0.17951533 0.00991718 0.19818243
v 0.17982351 0.00984925 0.19815185
v 0.18011918 0.0097814 0.19824451
v 0.18055594 0.0096811 0.19838446
v 0.1805756 0.00966941 0.19872218
v 0.18055883 0.00966611 0.19904425
v 0.18050867 0.00967051 0.19935607
v 0.18042567 0.00968195 0.19967889
v 0.17996645 0.00978297 0.19973826
v 0.17965814 0.00985096 0.19976878
v 0.17936244 0.00991879 0.19967633
v 0.17912435 0.00997613 0.19947472
v 0.17898014 0.01001435 0.19919502
v 0.17902192 0.01034129 0.19888618
v 0.17911338 0.01032744 0.19858306
v 0.17939779 0.01026071 0.1987397
v 0.17934352 0.0102689 0.19891914
v 0.17931139 0.01028871 0.19833824
v 0.17951503 0.01023779 0.19859486
v 0.17958518 0.01023093 0.19818919
v 0.17967712 0.01020354 0.19850659
v 0.17989349 0.01016293 0.19815865
v 0.17985966 0.01016329 0.19848832
v 0.18018895 0.01009507 0.19825115
v 0.18003487 0.01012313 0.1985431
v 0.18062588 0.00999478 0.19839116
v 0.18017587 0.01008913 0.19866257
v 0.18064534 0.0099831 0.19872888
v 0.18026119 0.0100665 0.19882804
v 0.18062856 0.00997981 0.19905108
v 0.18027803 0.01005868 0.19901502
v 0.18057861 0.00998419 0.19936311
v 0.18022364 0.01006686 0.1991947
v 0.18049559 0.00999565 0.19968563
v 0.18010649 0.01008985 0.19933965
v 0.18003618 0.01009667 0.19974511
v 0.17994418 0.01012403 0.19942784
v 0.17972797 0.01016461 0.19977551
v 0.17976188 0.01016432 0.19944578
v 0.17943236 0.01023246 0.19968318
v 0.17958661 0.01020449 0.19939124
v 0.17919433 0.01028991 0.19948169
v 0.17944571 0.01023845 0.19927188
v 0.17905005 0.01032808 0.19920182
v 0.1793603 0.01026107 0.19910612
v 0.17870047 0.01041352 0.19885334
v 0.17882958 0.01039407 0.19842654
v 0.17910811 0.01033954 0.19808194
v 0.17949345 0.01025827 0.19787249
v 0.17992723 0.01016264 0.19782957
v 0.18034303 0.01006711 0.19795969
v 0.18107539 0.00990061 0.19812014
v 0.18102914 0.0098998 0.19862985
v 0.18097871 0.00990105 0.19908687
v 0.1809329 0.0099016 0.1995311
v 0.18088415 0.00990163 0.2000311
v 0.18012785 0.01006932 0.20006182
v 0.17969429 0.01016501 0.20010489
v 0.17927828 0.01026045 0.19997462
v 0.17894324 0.01034119 0.19969096
v 0.17874044 0.01039497 0.19929733
v 0.18113133 0.00913735 0.19864055
v 0.18117776 0.00913808 0.19812849
v 0.18110799 0.0088244 0.19812168
v 0.18106144 0.00882362 0.19863395
v 0.18108063 0.00913856 0.19909939
v 0.18101087 0.00882484 0.19909276
v 0.18103498 0.00913913 0.19954201
v 0.18096515 0.0088254 0.19953517
v 0.18098619 0.00913913 0.20004108
v 0.18091642 0.00882542 0.20003445
v 0.18096864 0.00840765 0.19862486
v 0.18101519 0.00840837 0.1981125
v 0.1809453 0.00809468 0.19810573
v 0.18089875 0.00809388 0.19861786
v 0.18091821 0.00840889 0.19908343
v 0.18084836 0.0080952 0.19907675
v 0.18087264 0.00840944 0.19952611
v 0.18080273 0.00809573 0.19951932
v 0.18082365 0.0084094 0.20002524
v 0.18075391 0.00809574 0.20001855
v 0.181288 0.00984155 0.19865593
v 0.18133449 0.00984231 0.19814354
v 0.1812646 0.00952861 0.19813683
v 0.18121799 0.00952785 0.19864898
v 0.18123757 0.00984281 0.19911468
v 0.18116775 0.00952915 0.19910791
v 0.18119183 0.00984337 0.19955718
v 0.18112188 0.00952963 0.1995505
v 0.18114301 0.00984336 0.20005637
v 0.18107321 0.00952966 0.2000496
v 0.18147155 0.00952164 0.1958823
v 0.18135392 0.0089933 0.19587066
v 0.18123608 0.00846497 0.19585929
v 0.18154758 0.01005037 0.19629815
v 0.18143013 0.00952205 0.19628663
v 0.18131247 0.00899374 0.19627517
v 0.18119484 0.0084654 0.19626376
v 0.181077 0.00793707 0.19625225
v 0.18150624 0.0100508 0.19670265
v 0.18138873 0.00952247 0.19669114
v 0.18127104 0.00899414 0.19667947
v 0.18115344 0.0084658 0.19666793
v 0.18103575 0.00793748 0.19665673
v 0.18134397 0.01005241 0.19828739
v 0.18122649 0.00952411 0.19827592
v 0.18110889 0.0089958 0.1982643
v 0.18099126 0.00846746 0.19825285
v 0.18087339 0.00793913 0.19824144
v 0.18130263 0.01005284 0.19869184
v 0.18118509 0.00952455 0.19868034
v 0.18106725 0.0089962 0.19866895
v 0.18094989 0.00846791 0.19865736
v 0.18083193 0.00793955 0.19864586
v 0.1812613 0.01005328 0.19909623
v 0.1811437 0.00952498 0.19908459
v 0.18102607 0.00899664 0.19907313
v 0.18090844 0.00846834 0.19906172
v 0.18079066 0.00793999 0.19905024
v 0.18119323 0.01005399 0.19976156
v 0.18107563 0.00952566 0.19975006
v 0.18095794 0.00899733 0.19973841
v 0.1808404 0.008469 0.19972696
v 0.18072256 0.00794066 0.19971546
v 0.18115198 0.01005441 0.20016598
v 0.18103411 0.00952606 0.20015458
v 0.18091663 0.00899773 0.20014298
v 0.18079868 0.00846936 0.20013141
v 0.18068119 0.00794108 0.20011994
v 0.18099278 0.00952648 0.20055885
v 0.18087515 0.00899815 0.20054721
v 0.18075746 0.00846983 0.20053568
v 0.18175289 0.01000418 0.19631925
v 0.18167659 0.00947547 0.19590331
v 0.18163514 0.00947589 0.19630779
v 0.18155908 0.00894713 0.1958917
v 0.18151766 0.00894754 0.19629642
v 0.18144142 0.00841883 0.19588026
v 0.18140009 0.00841927 0.19628492
v 0.1812821 0.00789089 0.19627335
v 0.18171161 0.01000463 0.1967237
v 0.18159377 0.00947631 0.1967123
v 0.18147626 0.008948 0.19670063
v 0.18135857 0.00841968 0.19668927
v 0.18124082 0.00789136 0.19667768
v 0.18154943 0.01000629 0.1983084
v 0.18143159 0.00947793 0.1982969
v 0.18131405 0.00894967 0.1982854
v 0.18119636 0.00842132 0.19827407
v 0.1810787 0.007893 0.19826251
v 0.18150782 0.01000667 0.19871294
v 0.18139019 0.00947834 0.19870148
v 0.18127265 0.00895003 0.19868964
v 0.18115493 0.00842173 0.19867843
v 0.18103724 0.00789342 0.19866687
v 0.1814666 0.01000712 0.19911721
v 0.18134883 0.00947877 0.19910568
v 0.18123135 0.00895046 0.19909408
v 0.18111342 0.00842212 0.19908255
v 0.18099591 0.00789386 0.19907122
v 0.18139827 0.01000777 0.19978249
v 0.18128079 0.00947952 0.19977095
v 0.18116319 0.00895116 0.19975951
v 0.18104547 0.00842287 0.19974809
v 0.18092772 0.00789451 0.19973662
v 0.18135702 0.01000827 0.20018687
v 0.18123933 0.00947992 0.20017541
v 0.18112173 0.0089516 0.20016387
v 0.18100401 0.00842328 0.20015242
v 0.18088635 0.00789495 0.20014086
v 0.18119809 0.00948036 0.20057974
v 0.18108022 0.00895202 0.20056816
v 0.18096265 0.0084237 0.20055681
v 0.18065777 0.00794133 0.20034897
v 0.18086308 0.00789522 0.20037004
v 0.18077549 0.00846965 0.20036053
v 0.181216 0.00948014 0.20040454
v 0.18109822 0.00895184 0.20039293
v 0.18089303 0.00899796 0.2003718
v 0.18101069 0.0095263 0.20038344
v 0.18112844 0.01005465 0.20039489
v 0.18098053 0.00842351 0.20038157
v 0.18133342 0.01000847 0.20041602
v 0.17810922 0.0101696 0.20051445
v 0.17799159 0.00964136 0.20050287
v 0.17787382 0.00911301 0.2004913
v 0.17862147 0.0106092 0.20056653
v 0.17850387 0.01008088 0.20055492
v 0.17838621 0.00955253 0.20054331
v 0.17826861 0.00902425 0.20053198
v 0.1781508 0.00849591 0.20052033
v 0.17901593 0.01052044 0.20060688
v 0.1788986 0.0099921 0.20059539
v 0.17878082 0.00946373 0.20058393
v 0.1786631 0.0089355 0.20057252
v 0.17854553 0.00840718 0.20056095
v 0.17929658 0.0104574 0.20063567
v 0.17917877 0.00992908 0.20062427
v 0.17906114 0.00940071 0.20061257
v 0.17894354 0.0088724 0.2006011
v 0.17882564 0.00834411 0.20058968
v 0.17969095 0.01036859 0.20067602
v 0.17957341 0.00984029 0.20066458
v 0.17945581 0.00931194 0.20065313
v 0.17933812 0.00878367 0.20064151
v 0.17922043 0.00825533 0.20063
v 0.18008554 0.01027985 0.20071655
v 0.17996794 0.00975151 0.20070524
v 0.17985054 0.00922321 0.20069357
v 0.17973262 0.00869485 0.20068207
v 0.17961511 0.00816654 0.20067057
v 0.1804803 0.01019107 0.20075711
v 0.18036273 0.00966277 0.20074565
v 0.18024492 0.00913441 0.20073413
v 0.18012738 0.0086061 0.20072266
v 0.18000963 0.00807781 0.20071122
v 0.18087476 0.01010229 0.20079758
v 0.18075737 0.009574 0.20078609
v 0.18063959 0.00904568 0.20077461
v 0.1805219 0.00851735 0.20076322
v 0.18040436 0.00798904 0.20075166
v 0.18115186 0.00948524 0.2008266
v 0.18103429 0.0089569 0.20081493
v 0.18091672 0.0084286 0.20080348
v 0.17864286 0.01060898 0.20035603
v 0.17813068 0.01016938 0.20030419
v 0.17852556 0.01008066 0.20034472
v 0.17801317 0.00964114 0.20029255
v 0.17840766 0.00955231 0.20033311
v 0.17789548 0.00911277 0.20028111
v 0.17829009 0.00902401 0.20032158
v 0.17817241 0.00849568 0.20031023
v 0.17903772 0.01052023 0.20039665
v 0.17891994 0.00999187 0.20038516
v 0.17880255 0.00946358 0.2003737
v 0.17868474 0.00893526 0.20036217
v 0.17856699 0.00840695 0.20035073
v 0.17931783 0.01045716 0.20042541
v 0.17920047 0.00992886 0.20041401
v 0.1790826 0.00940053 0.20040234
v 0.17896506 0.00887218 0.20039093
v 0.17884731 0.00834391 0.20037941
v 0.17971265 0.01036841 0.20046588
v 0.1795949 0.00984006 0.20045436
v 0.17947739 0.00931178 0.20044276
v 0.17935952 0.00878344 0.20043134
v 0.17924186 0.00825512 0.2004199
v 0.18010726 0.01027961 0.20050638
v 0.17998951 0.00975133 0.20049481
v 0.17987182 0.00922297 0.20048326
v 0.17975434 0.00869468 0.20047181
v 0.17963653 0.00816634 0.20046046
v 0.18050164 0.01019081 0.20054683
v 0.18038427 0.00966255 0.20053534
v 0.18026655 0.00913422 0.20052385
v 0.18014878 0.00860587 0.20051229
v 0.18003121 0.00807756 0.20050078
v 0.18089655 0.01010209 0.20058733
v 0.18077868 0.00957373 0.20057596
v 0.18066114 0.00904543 0.20056438
v 0.18054363 0.00851715 0.20055279
v 0.18042576 0.00798882 0.20054134
v 0.18117356 0.00948502 0.20061643
v 0.18105584 0.00895667 0.20060491
v 0.18093812 0.00842836 0.20059335
v 0.18062782 0.00793876 0.20077443
v 0.18064931 0.00793851 0.20056423
v 0.18074542 0.00846704 0.20078593
v 0.18100228 0.00952349 0.20059876
v 0.18088474 0.0089952 0.20058715
v 0.18086311 0.00899538 0.20079761
v 0.18098095 0.0095237 0.20080898
v 0.18109831 0.01005205 0.2008205
v 0.18076703 0.00846685 0.2005757
v 0.18112003 0.01005182 0.20061039
v 0.1794013 0.00832226 0.19892729
v 0.17895156 0.00842347 0.19888095
v 0.17896947 0.00842144 0.1987919
v 0.17900365 0.00841557 0.1987082
v 0.17905342 0.00840617 0.19863282
v 0.17911672 0.0083935 0.19856859
v 0.17919063 0.00837807 0.19851841
v 0.17927271 0.00836053 0.19848372
v 0.17935979 0.00834156 0.19846616
v 0.17944863 0.00832181 0.19846631
v 0.17953556 0.00830208 0.19848419
v 0.1796171 0.0082831 0.19851891
v 0.17969048 0.00826567 0.1985697
v 0.17975273 0.00825041 0.19863398
v 0.17980149 0.00823783 0.19870956
v 0.17983523 0.00822863 0.19879348
v 0.17985177 0.00822291 0.19888272
v 0.17985132 0.00822108 0.19897337
v 0.17983335 0.00822315 0.19906245
v 0.1797989 0.00822897 0.19914637
v 0.17974922 0.00823842 0.19922176
v 0.17968595 0.00825106 0.1992858
v 0.17961207 0.00826649 0.19933618
v 0.1795299 0.00828398 0.19937074
v 0.179443 0.00830302 0.1993884
v 0.17935416 0.00832277 0.19938831
v 0.17926734 0.0083425 0.19937038
v 0.17918562 0.00836145 0.19933554
v 0.17911222 0.00837889 0.19928503
v 0.1790499 0.00839416 0.19922061
v 0.17900112 0.00840665 0.19914495
v 0.17896759 0.00841588 0.19906111
v 0.17895087 0.0084216 0.19897206
v 0.17898219 0.00856078 0.19888402
v 0.17899993 0.00855879 0.19879494
v 0.17903438 0.00855292 0.19871123
v 0.17908418 0.0085435 0.19863571
v 0.17914718 0.00853079 0.19857154
v 0.17922124 0.00851545 0.19852133
v 0.17930349 0.0084979 0.19848661
v 0.17939046 0.00847889 0.19846899
v 0.17947927 0.00845919 0.19846914
v 0.17956599 0.00843939 0.19848699
v 0.17964777 0.00842046 0.19852192
v 0.17972099 0.00840298 0.1985725
v 0.17978343 0.00838774 0.19863693
v 0.1798323 0.00837522 0.19871242
v 0.1798655 0.00836591 0.19879631
v 0.17988234 0.00836024 0.19888545
v 0.17988184 0.00835848 0.19897641
v 0.17986393 0.00836045 0.19906531
v 0.17982938 0.0083663 0.19914911
v 0.17977973 0.00837574 0.19922448
v 0.17971676 0.00838844 0.1992888
v 0.17964264 0.00840379 0.19933916
v 0.17956054 0.00842133 0.19937373
v 0.1794734 0.00844034 0.19939132
v 0.17938482 0.00846008 0.19939126
v 0.17929801 0.00847983 0.19937337
v 0.17921623 0.00849878 0.19933842
v 0.17914289 0.00851625 0.19928778
v 0.17908045 0.0085315 0.19922338
v 0.1790317 0.00854402 0.19914798
v 0.17899832 0.00855332 0.199064
v 0.17898145 0.00855893 0.19897501
v 0.17901247 0.00869815 0.19888719
v 0.17903029 0.00869609 0.19879803
v 0.17906495 0.00869027 0.19871431
v 0.17911458 0.00868085 0.19863864
v 0.17917773 0.00866818 0.19857464
v 0.17925164 0.00865277 0.19852429
v 0.17933386 0.00863524 0.19848977
v 0.17942091 0.00861621 0.19847205
v 0.17950964 0.00859649 0.19847229
v 0.1795966 0.00857679 0.19849008
v 0.17967817 0.0085578 0.19852486
v 0.17975157 0.00854035 0.19857567
v 0.17981392 0.00852506 0.19863992
v 0.17986264 0.00851257 0.19871555
v 0.17989611 0.00850329 0.19879937
v 0.17991274 0.00849762 0.19888854
v 0.17991235 0.00849579 0.19897942
v 0.17989444 0.00849778 0.19906841
v 0.17985987 0.00850363 0.19915214
v 0.17981019 0.00851308 0.19922779
v 0.17974725 0.00852577 0.19929191
v 0.17967307 0.00854113 0.19934223
v 0.17959088 0.00855865 0.19937683
v 0.17950391 0.00857767 0.19939447
v 0.17941519 0.00859746 0.19939415
v 0.17932832 0.00861715 0.19937637
v 0.17924657 0.00863611 0.19934143
v 0.1791732 0.00865358 0.19929097
v 0.17911091 0.00866885 0.19922654
v 0.17906209 0.00868137 0.19915108
v 0.17902889 0.00869069 0.19906704
v 0.17901206 0.00869632 0.19897793
v 0.17904329 0.00883549 0.19889015
v 0.17906114 0.00883342 0.19880113
v 0.17909562 0.0088276 0.19871711
v 0.17914548 0.00881819 0.19864168
v 0.1792083 0.0088055 0.19857767
v 0.17928245 0.00879011 0.19852718
v 0.17936468 0.00877258 0.19849282
v 0.17945179 0.00875357 0.19847512
v 0.17954036 0.0087338 0.19847521
v 0.17962712 0.00871406 0.19849303
v 0.17970898 0.00869515 0.19852799
v 0.17978242 0.00867769 0.19857871
v 0.17984455 0.0086624 0.19864288
v 0.17989349 0.00864993 0.19871866
v 0.17992681 0.00864063 0.1988025
v 0.17994365 0.00863497 0.19889161
v 0.17994287 0.00863309 0.19898229
v 0.17992535 0.00863515 0.19907152
v 0.17989072 0.008641 0.19915536
v 0.17984092 0.0086504 0.19923068
v 0.17977783 0.00866307 0.19929492
v 0.17970395 0.00867847 0.19934511
v 0.17962178 0.00869604 0.1993798
v 0.17953467 0.00871504 0.19939744
v 0.17944595 0.00873477 0.1993972
v 0.17935901 0.00875448 0.19937923
v 0.17927736 0.00877346 0.19934447
v 0.17920401 0.00879089 0.19929409
v 0.17914152 0.00880619 0.19922949
v 0.17909288 0.00881872 0.19915401
v 0.17905953 0.00882798 0.19907
v 0.17904293 0.00883366 0.19898074
v 0.1790739 0.00897288 0.19889326
v 0.17909166 0.00897081 0.19880406
v 0.17912626 0.00896496 0.1987202
v 0.17917573 0.0089555 0.19864474
v 0.17923897 0.00894288 0.19858069
v 0.17931306 0.00892746 0.19853027
v 0.17939496 0.00890993 0.19849561
v 0.17948207 0.00889086 0.19847814
v 0.17957079 0.00887114 0.1984782
v 0.17965757 0.00885145 0.19849608
v 0.17973932 0.0088325 0.1985311
v 0.17981284 0.00881507 0.19858153
v 0.17987507 0.00879972 0.19864587
v 0.17992389 0.00878726 0.1987216
v 0.17995742 0.00877798 0.19880546
v 0.17997419 0.00877235 0.1988946
v 0.17997345 0.00877047 0.19898541
v 0.17995569 0.00877248 0.19907449
v 0.17992135 0.00877838 0.19915835
v 0.17987147 0.0087878 0.19923369
v 0.17980834 0.00880045 0.19929789
v 0.1797344 0.00881583 0.19934816
v 0.17965212 0.00883336 0.19938282
v 0.17956513 0.00885236 0.19940026
v 0.17947632 0.00887211 0.19940017
v 0.17938962 0.00889189 0.19938243
v 0.17930781 0.0089108 0.19934733
v 0.17923453 0.00892826 0.19929696
v 0.17917218 0.00894355 0.19923265
v 0.1791234 0.00895603 0.19915695
v 0.1790899 0.0089653 0.19907297
v 0.1790733 0.00897103 0.1989838
v 0.17910444 0.00911017 0.19889608
v 0.17912232 0.00910813 0.19880709
v 0.17915666 0.00910227 0.19872325
v 0.17920643 0.00909284 0.19864767
v 0.17926958 0.00908021 0.19858354
v 0.1793437 0.00906478 0.19853326
v 0.17942568 0.00904725 0.19849851
v 0.17951282 0.00902827 0.19848111
v 0.17960149 0.0090085 0.19848138
v 0.1796883 0.00898878 0.19849914
v 0.17977002 0.0089698 0.19853407
v 0.17984342 0.00895237 0.1985844
v 0.17990568 0.0089371 0.19864881
v 0.17995441 0.00892461 0.1987245
v 0.17998805 0.00891534 0.19880852
v 0.18000471 0.00890963 0.19889766
v 0.18000415 0.00890776 0.19898837
v 0.17998629 0.00890985 0.19907742
v 0.17995193 0.00891567 0.19916135
v 0.17990216 0.00892515 0.1992369
v 0.1798388 0.00893774 0.19930079
v 0.17976489 0.00895319 0.19935128
v 0.17968294 0.00897071 0.19938582
v 0.17959585 0.00898975 0.19940325
v 0.17950707 0.00900948 0.19940325
v 0.1794202 0.0090292 0.19938531
v 0.1793386 0.00904818 0.19935041
v 0.17926514 0.00906557 0.19929984
v 0.1792027 0.0090809 0.19923558
v 0.17915409 0.00909341 0.19915989
v 0.17912054 0.00910262 0.19907593
v 0.17910388 0.0091083 0.19898682
v 0.17913496 0.0092475 0.19889904
v 0.17915287 0.00924552 0.19881004
v 0.17918723 0.00923961 0.19872616
v 0.17923694 0.00923022 0.19865092
v 0.1793001 0.00921758 0.19858658
v 0.17937424 0.00920219 0.19853633
v 0.17945626 0.00918462 0.19850164
v 0.17954319 0.0091656 0.19848413
v 0.17963197 0.00914589 0.19848436
v 0.17971897 0.00912618 0.19850209
v 0.17980068 0.0091072 0.19853705
v 0.17987388 0.00908972 0.19858756
v 0.17993629 0.00907445 0.19865196
v 0.17998507 0.00906193 0.19872741
v 0.18001836 0.00905263 0.19881151
v 0.1800352 0.00904698 0.19890068
v 0.18003475 0.00904516 0.19899129
v 0.18001681 0.00904716 0.19908043
v 0.17998233 0.00905304 0.1991643
v 0.17993244 0.00906246 0.19923982
v 0.17986953 0.00907513 0.19930368
v 0.17979535 0.00909053 0.19935421
v 0.17971333 0.00910804 0.19938866
v 0.17962619 0.00912706 0.19940641
v 0.17953774 0.00914682 0.19940632
v 0.17945075 0.00916658 0.1993885
v 0.179369 0.00918551 0.19935347
v 0.17929568 0.00920298 0.19930276
v 0.17923337 0.00921825 0.19923861
v 0.17918452 0.00923072 0.19916299
v 0.17915114 0.00924003 0.19907906
v 0.17913425 0.00924567 0.19899001
v 0.17916563 0.00938487 0.19890198
v 0.1791836 0.00938283 0.19881302
v 0.17921793 0.009377 0.19872924
v 0.17926773 0.00936755 0.19865387
v 0.17933082 0.0093549 0.19858962
v 0.17940473 0.0093395 0.19853943
v 0.17948693 0.00932201 0.19850465
v 0.17957401 0.00930297 0.19848701
v 0.1796627 0.00928324 0.19848716
v 0.17974948 0.0092635 0.19850504
v 0.17983126 0.00924452 0.19854012
v 0.17990467 0.00922708 0.19859045
v 0.1799671 0.00921187 0.19865497
v 0.18001583 0.00919932 0.19873029
v 0.18004933 0.00919004 0.19881445
v 0.18006587 0.00918437 0.19890347
v 0.18006548 0.0091825 0.19899424
v 0.18004763 0.00918457 0.19908344
v 0.18001303 0.00919039 0.19916722
v 0.17996332 0.00919982 0.19924274
v 0.17990022 0.00921251 0.19930684
v 0.17982623 0.00922789 0.19935712
v 0.179744 0.00924543 0.19939169
v 0.17965689 0.0092644 0.19940942
v 0.17956823 0.00928417 0.19940927
v 0.17948144 0.00930387 0.19939139
v 0.17939966 0.00932288 0.19935661
v 0.17932623 0.00934029 0.1993058
v 0.17926403 0.00935557 0.19924154
v 0.17921525 0.00936813 0.19916585
v 0.17918196 0.00937739 0.1990821
v 0.17916503 0.00938304 0.19899299
v 0.17919609 0.0095222 0.19890512
v 0.17921391 0.00952019 0.19881619
v 0.17924854 0.00951435 0.19873215
v 0.17929837 0.00950495 0.19865682
v 0.17936131 0.00949228 0.19859255
v 0.17943531 0.00947685 0.19854235
v 0.17951753 0.00945933 0.19850759
v 0.17960473 0.00944031 0.19849003
v 0.17969313 0.00942055 0.19849018
v 0.17978 0.00940081 0.19850815
v 0.17986178 0.00938189 0.19854296
v 0.17993539 0.00936443 0.19859361
v 0.17999741 0.00934914 0.19865797
v 0.18004635 0.00933664 0.19873352
v 0.18007963 0.00932736 0.19881744
v 0.18009644 0.00932167 0.19890643
v 0.18009585 0.00931986 0.19899739
v 0.18007811 0.00932188 0.19908638
v 0.18004345 0.00932773 0.19917021
v 0.17999383 0.00933721 0.1992457
v 0.17993077 0.00934984 0.19930987
v 0.17985677 0.00936519 0.19936014
v 0.17977464 0.00938277 0.19939471
v 0.17968744 0.00940177 0.19941233
v 0.17959889 0.00942153 0.19941221
v 0.17951211 0.00944124 0.19939424
v 0.17943027 0.00946022 0.19935956
v 0.17935684 0.00947767 0.19930885
v 0.17929443 0.00949293 0.19924451
v 0.17924583 0.00950547 0.19916899
v 0.17921245 0.00951474 0.19908504
v 0.17919558 0.0095204 0.19899587
v 0.17922684 0.00965962 0.19890798
v 0.17924445 0.00965752 0.19881899
v 0.17927911 0.00965171 0.19873492
v 0.17932888 0.00964226 0.19865964
v 0.17939183 0.00962961 0.19859556
v 0.17946595 0.00961418 0.1985452
v 0.17954802 0.00959667 0.19851084
v 0.17963504 0.00957766 0.19849287
v 0.17972371 0.00955789 0.19849316
v 0.17981067 0.00953815 0.19851096
v 0.17989227 0.0095192 0.19854588
v 0.17996576 0.00950176 0.19859667
v 0.18002811 0.00948651 0.19866083
v 0.18007689 0.00947399 0.19873653
v 0.1801103 0.00946475 0.19882033
v 0.18012711 0.00945906 0.19890944
v 0.18012642 0.0094572 0.19900034
v 0.18010854 0.00945923 0.19908957
v 0.18007421 0.00946508 0.19917319
v 0.18002441 0.00947453 0.19924868
v 0.17996132 0.00948718 0.19931276
v 0.17988741 0.00950254 0.19936312
v 0.17980507 0.00952008 0.1993979
v 0.17971816 0.00953911 0.19941516
v 0.17962941 0.0095589 0.19941507
v 0.1795426 0.0095786 0.19939722
v 0.17946076 0.00959755 0.19936238
v 0.17938739 0.009615 0.19931192
v 0.17932525 0.00963031 0.19924746
v 0.17927628 0.00964276 0.199172
v 0.17924296 0.00965205 0.19908796
v 0.17922624 0.00965773 0.19899903
v 0.17925718 0.00979694 0.19891113
v 0.17927518 0.00979493 0.1988219
v 0.17930969 0.00978906 0.19873818
v 0.17935919 0.00977957 0.1986626
v 0.1794224 0.00976699 0.19859865
v 0.17949658 0.00975157 0.19854831
v 0.17957851 0.00973403 0.19851365
v 0.17966571 0.009715 0.1984961
v 0.17975443 0.00969528 0.1984961
v 0.17984107 0.00967548 0.19851407
v 0.17992287 0.00965656 0.19854888
v 0.17999634 0.00963912 0.19859963
v 0.1800585 0.00962384 0.1986638
v 0.18010732 0.00961134 0.19873955
v 0.18014079 0.00960211 0.19882351
v 0.18015769 0.00959641 0.19891253
v 0.18015706 0.00959453 0.19900333
v 0.18013912 0.00959659 0.19909253
v 0.18010467 0.00960246 0.19917631
v 0.18005511 0.00961191 0.19925168
v 0.17999175 0.0096245 0.19931575
v 0.17991784 0.00963992 0.19936609
v 0.17983579 0.00965748 0.19940081
v 0.17974865 0.00967649 0.19941836
v 0.17965984 0.00969621 0.19941815
v 0.17957302 0.00971591 0.19940033
v 0.17949134 0.0097349 0.1993654
v 0.17941811 0.00975237 0.19931492
v 0.17935565 0.00976767 0.1992506
v 0.17930701 0.00978016 0.199175
v 0.17927339 0.00978941 0.19909101
v 0.17925688 0.00979512 0.19900184
v 0.17928805 0.00993425 0.19891403
v 0.17930585 0.00993223 0.19882477
v 0.17934015 0.00992635 0.19874097
v 0.17938986 0.00991694 0.19866557
v 0.1794531 0.0099043 0.19860155
v 0.17952722 0.00988889 0.19855116
v 0.17960917 0.00987133 0.1985165
v 0.17969632 0.00985235 0.19849906
v 0.17978501 0.0098326 0.19849918
v 0.17987194 0.00981288 0.19851721
v 0.17995354 0.00979393 0.19855184
v 0.18002694 0.00977647 0.1986026
v 0.1800892 0.00976115 0.19866667
v 0.18013817 0.00974867 0.19874237
v 0.18017154 0.0097394 0.19882638
v 0.18018832 0.00973374 0.19891543
v 0.1801877 0.00973187 0.19900642
v 0.18016979 0.00973391 0.19909535
v 0.18013545 0.00973976 0.19917927
v 0.18008559 0.0097492 0.19925455
v 0.18002253 0.00976188 0.19931866
v 0.17994841 0.00977725 0.1993692
v 0.1798664 0.00979479 0.19940359
v 0.17977944 0.00981381 0.19942115
v 0.17969074 0.0098336 0.19942115
v 0.17960384 0.0098533 0.19940327
v 0.17952206 0.00987227 0.19936834
v 0.17944881 0.0098897 0.19931773
v 0.1793864 0.00990498 0.1992536
v 0.17933747 0.00991744 0.19917775
v 0.17930412 0.00992671 0.19909395
v 0.17928731 0.00993241 0.19900472
v 0.17931857 0.01007159 0.19891692
v 0.17933645 0.01006961 0.19882796
v 0.17937091 0.01006374 0.19874395
v 0.17942059 0.01005429 0.19866861
v 0.17948362 0.01004162 0.1986045
v 0.17955783 0.01002627 0.19855423
v 0.1796399 0.01000868 0.19851957
v 0.17972686 0.0099897 0.1985021
v 0.17981565 0.00996998 0.19850222
v 0.17990249 0.00995022 0.19852013
v 0.17998433 0.0099313 0.19855505
v 0.18005758 0.00991382 0.19860555
v 0.18011993 0.00989855 0.19866986
v 0.18016865 0.00988602 0.19874541
v 0.180202 0.00987673 0.19882933
v 0.18021881 0.00987105 0.19891862
v 0.1802183 0.00986919 0.19900934
v 0.18020051 0.00987128 0.1990983
v 0.18016594 0.00987713 0.19918222
v 0.18011635 0.00988653 0.19925768
v 0.18005323 0.00989922 0.19932173
v 0.17997902 0.0099146 0.19937215
v 0.17989704 0.00993215 0.19940684
v 0.17980986 0.00995116 0.1994244
v 0.1797212 0.0099709 0.19942422
v 0.17963445 0.00999062 0.19940634
v 0.17955267 0.01000959 0.19937135
v 0.17947918 0.01002701 0.19932092
v 0.17941701 0.01004231 0.19925649
v 0.17936825 0.01005483 0.19918097
v 0.1793347 0.01006411 0.19909693
v 0.17931804 0.01006975 0.19900785
v 0.17934912 0.01020896 0.19891999
v 0.179367 0.01020692 0.19883085
v 0.17940151 0.01020107 0.19874714
v 0.17945113 0.01019164 0.1986718
v 0.17951425 0.01017898 0.19860757
v 0.17958816 0.01016357 0.19855727
v 0.17967045 0.01014602 0.19852243
v 0.17975756 0.01012703 0.19850488
v 0.17984619 0.01010732 0.19850517
v 0.17993307 0.01008759 0.19852297
v 0.18001481 0.01006859 0.19855786
v 0.18008816 0.01005113 0.19860841
v 0.18015041 0.01003586 0.19867278
v 0.18019935 0.01002338 0.19874827
v 0.18023264 0.01001406 0.19883228
v 0.18024936 0.01000837 0.19892148
v 0.18024888 0.01000661 0.1990122
v 0.18023109 0.0100086 0.19910116
v 0.18019643 0.01001444 0.1991852
v 0.18014675 0.01002391 0.19926063
v 0.18008378 0.01003659 0.19932471
v 0.18000978 0.01005193 0.19937504
v 0.17992743 0.01006946 0.19940958
v 0.17984047 0.0100885 0.19942738
v 0.17975187 0.01010821 0.1994272
v 0.17966499 0.01012797 0.19940938
v 0.17958334 0.01014692 0.19937433
v 0.17950984 0.01016439 0.1993236
v 0.17944747 0.01017965 0.19925935
v 0.17939856 0.01019216 0.19918395
v 0.17936533 0.01020144 0.19909997
v 0.17934849 0.01020709 0.19901089
v 0.17937964 0.01034637 0.19892306
v 0.17939737 0.01034426 0.19883401
v 0.17943185 0.01033845 0.19875021
v 0.17948174 0.01032903 0.19867475
v 0.17954462 0.01031641 0.19861052
v 0.17961868 0.01030096 0.19856019
v 0.17970088 0.01028342 0.19852568
v 0.17978802 0.01026442 0.19850806
v 0.17987668 0.01024464 0.19850824
v 0.17996335 0.0102249 0.19852589
v 0.18004518 0.01020595 0.19856096
v 0.18011862 0.01018851 0.19861151
v 0.18018108 0.01017327 0.19867573
v 0.18022978 0.01016077 0.19875143
v 0.18026322 0.01015149 0.19883538
v 0.18028 0.01014581 0.19892443
v 0.18027928 0.01014394 0.19901533
v 0.18026158 0.01014599 0.19910435
v 0.18022707 0.01015183 0.19918818
v 0.18017721 0.01016124 0.19926367
v 0.18011421 0.01017391 0.1993279
v 0.18004018 0.01018932 0.19937802
v 0.17995792 0.01020687 0.19941265
v 0.1798709 0.01022588 0.19943036
v 0.17978227 0.01024561 0.19943024
v 0.17969554 0.01026538 0.19941233
v 0.17961362 0.01028431 0.19937746
v 0.17954027 0.01030175 0.19932685
v 0.17947796 0.01031704 0.19926239
v 0.17942923 0.01032958 0.19918702
v 0.17939591 0.01033885 0.19910295
v 0.17937922 0.0103445 0.19901396
v 0.1798295 0.01024517 0.19896926
v 0.1793057 0.0080969 0.19936505
v 0.17914208 0.00813443 0.19931438
v 0.17931115 0.00814949 0.19942531
v 0.17912793 0.00819153 0.19936806
v 0.17901048 0.00816618 0.19920367
v 0.17897728 0.00822786 0.19924262
v 0.17893403 0.00818653 0.19905087
v 0.17889267 0.0082504 0.19906926
v 0.17896854 0.00818614 0.19871199
v 0.17893201 0.00825003 0.19868516
v 0.1790744 0.0081655 0.19857794
v 0.17904979 0.00822709 0.19853273
v 0.17922586 0.0081336 0.19849631
v 0.17922285 0.00819059 0.19844058
v 0.17939627 0.00809597 0.19847983
v 0.17941397 0.00814846 0.19842156
v 0.17955988 0.00805848 0.19853067
v 0.17959716 0.00810637 0.19847905
v 0.1796866 0.0080279 0.1986407
v 0.17974799 0.00807007 0.19860431
v 0.17976796 0.0080064 0.19879415
v 0.17983254 0.00804748 0.19877749
v 0.17973327 0.00800674 0.1991328
v 0.17979323 0.00804789 0.19916173
v 0.17962256 0.00802853 0.19926649
v 0.17967531 0.0080708 0.19931414
v 0.17947605 0.00805934 0.19934859
v 0.17950221 0.00810734 0.19940638
v 0.1794686 0.00806157 0.19932168
v 0.1796092 0.0080319 0.19924524
v 0.17970901 0.00801244 0.19911956
v 0.17952752 0.0080523 0.19914639
v 0.1793085 0.00809687 0.19933709
v 0.17932862 0.00809666 0.19914212
v 0.17915508 0.00813215 0.1992895
v 0.17913276 0.00814101 0.19910591
v 0.17903271 0.00816163 0.19918626
v 0.17896032 0.0081808 0.1990427
v 0.17974153 0.0080121 0.19880205
v 0.17956897 0.00805183 0.19873908
v 0.17937362 0.00809622 0.19870317
v 0.17917466 0.00814062 0.19869855
v 0.17899292 0.00818048 0.19872543
v 0.17966932 0.00803131 0.19865891
v 0.17954707 0.00806078 0.19855538
v 0.17939329 0.00809598 0.19850781
v 0.17923343 0.00813132 0.19852325
v 0.17909282 0.00816099 0.19859951
v 0.17921432 0.00845816 0.19931952
v 0.17937785 0.00842068 0.19937013
v 0.17937141 0.00842073 0.19943408
v 0.17918804 0.0084628 0.19937653
v 0.17908757 0.0084888 0.19920976
v 0.17903751 0.00849909 0.19925044
v 0.17900604 0.00851026 0.19905699
v 0.17894795 0.00852278 0.19907583
v 0.17904067 0.00850996 0.19871966
v 0.17898753 0.00852243 0.19868956
v 0.17915138 0.00848816 0.19858659
v 0.1791107 0.00849834 0.19853667
v 0.17929768 0.00845733 0.19850502
v 0.17928353 0.00846181 0.19844399
v 0.17946806 0.00841973 0.19848854
v 0.17947465 0.00841966 0.19842477
v 0.17963156 0.00838225 0.19853942
v 0.17965781 0.0083776 0.19848223
v 0.17975837 0.00835162 0.19864882
v 0.17980849 0.0083413 0.19860826
v 0.17983973 0.00833016 0.19880189
v 0.17989796 0.0083176 0.19878314
v 0.17980513 0.00833046 0.1991391
v 0.17985844 0.00831801 0.19916917
v 0.17969462 0.00835224 0.19927223
v 0.17973545 0.00834206 0.19932214
v 0.17954835 0.00838308 0.19935368
v 0.17956233 0.00837857 0.19941471
v 0.17918825 0.00846817 0.19912411
v 0.17939898 0.0084204 0.19916255
v 0.17961335 0.00837261 0.19916765
v 0.17923259 0.00846773 0.19869111
v 0.17944684 0.00841994 0.19869627
v 0.17965751 0.00837216 0.19873465
v 0.17893773 0.00852835 0.19892804
v 0.17887702 0.00825708 0.19892194
v 0.17894747 0.00852823 0.19883225
v 0.17888701 0.00825701 0.19882646
v 0.17983818 0.00804092 0.19902056
v 0.17976597 0.00800206 0.19901344
v 0.17984804 0.00804084 0.1989251
v 0.17977568 0.00800197 0.19891756
v 0.17990836 0.00831205 0.19893084
v 0.17989856 0.00831219 0.19902645
v 0.17955327 0.00804984 0.19899243
v 0.17974063 0.00800775 0.1990107
v 0.17934608 0.00809649 0.19897139
v 0.17913344 0.00814427 0.1989493
v 0.17895162 0.00818525 0.19892981
v 0.17975035 0.00800762 0.19891509
v 0.17956334 0.00804972 0.19889521
v 0.17935597 0.00809637 0.19887366
v 0.17914363 0.00814418 0.198852
v 0.17896136 0.00818515 0.19883421
v 0.17892628 0.00819094 0.19892725
v 0.17893606 0.00819082 0.19883161
v 0.1789982 0.0085147 0.19893415
v 0.17900794 0.00851459 0.19883842
v 0.17984759 0.0083257 0.19892458
v 0.17983773 0.00832581 0.19902037
v 0.17919546 0.00847033 0.19895525
v 0.17941799 0.00842027 0.19897808
v 0.17964059 0.0083702 0.19900085
v 0.17920517 0.00847021 0.19885803
v 0.17942801 0.00842013 0.19888059
v 0.17965042 0.00837005 0.19890369
v 0.17890244 0.00825146 0.19892454
v 0.17891225 0.00825132 0.19882893
v 0.17981767 0.00804764 0.19892185
v 0.17980802 0.00804776 0.19901737
v 0.17963567 0.00808865 0.1989023
v 0.17962569 0.00808867 0.19899958
v 0.17909941 0.00820921 0.19884735
v 0.17908969 0.00820932 0.19894456
v 0.17936933 0.00815608 0.1988748
v 0.17935955 0.00815618 0.19897258
v 0.17983606 0.01047859 0.19941681
v 0.17967259 0.01051617 0.19936582
v 0.17981827 0.01042618 0.19947518
v 0.17963507 0.01046824 0.19941784
v 0.17954078 0.01054791 0.19925537
v 0.17948445 0.01050453 0.1992921
v 0.17946445 0.01056825 0.19910259
v 0.17939996 0.01052713 0.19911904
v 0.17949909 0.01056787 0.19876357
v 0.17943927 0.01052672 0.19873471
v 0.17960488 0.01054726 0.1986294
v 0.1795569 0.01050378 0.19858224
v 0.17975631 0.01051529 0.19854793
v 0.17973008 0.01046727 0.19849009
v 0.17992678 0.0104777 0.19853153
v 0.17992109 0.01042515 0.19847111
v 0.18009033 0.01044022 0.19858235
v 0.18010437 0.01038306 0.19852851
v 0.18021714 0.01040961 0.19869238
v 0.18025505 0.01034675 0.19865407
v 0.18029817 0.01038808 0.19884574
v 0.18033963 0.01032424 0.19882713
v 0.1802636 0.01038848 0.1991845
v 0.18030038 0.01032465 0.19921152
v 0.18015286 0.01041023 0.19931826
v 0.18018248 0.01034754 0.19936387
v 0.18000653 0.01044109 0.19940024
v 0.18000933 0.01038406 0.19945617
v 0.17999905 0.01044329 0.19937321
v 0.1801396 0.01041363 0.1992968
v 0.18023946 0.01039415 0.19917127
v 0.18005788 0.01043405 0.19919812
v 0.17983907 0.01047861 0.1993888
v 0.17985907 0.0104784 0.1991935
v 0.17968544 0.01051383 0.19934117
v 0.17966333 0.01052277 0.19915755
v 0.1795631 0.01054332 0.19923776
v 0.17949074 0.01056252 0.19909423
v 0.18027198 0.0103938 0.19885376
v 0.18009966 0.01043358 0.19879064
v 0.17990395 0.01047793 0.19875469
v 0.17970487 0.01052232 0.19875004
v 0.17952346 0.01056218 0.19877702
v 0.18019968 0.01041299 0.19871038
v 0.18007743 0.01044253 0.1986069
v 0.17992386 0.01047772 0.19855934
v 0.17976388 0.01051305 0.19857487
v 0.17962312 0.0105427 0.19865125
v 0.17960056 0.01019242 0.19935725
v 0.17976412 0.01015488 0.19940771
v 0.17975759 0.01015498 0.19947184
v 0.17957443 0.01019703 0.1994142
v 0.17947384 0.010223 0.19924764
v 0.17942369 0.01023328 0.19928808
v 0.17939239 0.01024452 0.19909475
v 0.17933413 0.01025703 0.19911359
v 0.17942702 0.0102442 0.19875742
v 0.17937383 0.01025666 0.19872735
v 0.17953762 0.01022233 0.1986245
v 0.17949676 0.01023253 0.1985744
v 0.17968386 0.01019154 0.19854284
v 0.17966979 0.01019605 0.1984816
v 0.17985442 0.01015399 0.19852636
v 0.1798608 0.01015387 0.19846244
v 0.18001776 0.01011645 0.19857709
v 0.18004405 0.01011185 0.19852004
v 0.1801446 0.01008584 0.19868667
v 0.18019476 0.01007558 0.19864602
v 0.18022608 0.01006435 0.1988395
v 0.1802842 0.01005186 0.19882078
v 0.18019154 0.01006472 0.19917668
v 0.18024468 0.01005227 0.19920699
v 0.18008077 0.01008648 0.19930993
v 0.18012175 0.01007631 0.19935993
v 0.17993459 0.01011734 0.19939155
v 0.17994868 0.0101128 0.19945262
v 0.1795746 0.01020244 0.19916187
v 0.17978549 0.01015467 0.19920025
v 0.17999959 0.01010682 0.19920529
v 0.17961904 0.010202 0.19872884
v 0.1798332 0.01015419 0.19873394
v 0.1800439 0.01010641 0.19877238
v 0.17932379 0.01026255 0.19896568
v 0.17938423 0.01053381 0.19897164
v 0.17933353 0.01026248 0.19887004
v 0.17939418 0.01053368 0.19887583
v 0.18034526 0.01031762 0.1990702
v 0.1802963 0.0103838 0.19906491
v 0.18035525 0.01031755 0.19897456
v 0.18030613 0.01038372 0.19896933
v 0.18029457 0.0100463 0.19896863
v 0.18028488 0.01004642 0.19906432
v 0.18008381 0.01043157 0.19904413
v 0.18027117 0.01038951 0.19906236
v 0.17987635 0.01047819 0.19902288
v 0.17966395 0.010526 0.19900101
v 0.1794821 0.01056697 0.19898146
v 0.18028071 0.01038936 0.19896671
v 0.18009361 0.01043146 0.19894674
v 0.1798864 0.01047813 0.19892537
v 0.179674 0.01052595 0.19890365
v 0.17949166 0.01056685 0.19888582
v 0.17945674 0.01057266 0.19897884
v 0.17946654 0.01057259 0.19888323
v 0.17938444 0.01024891 0.19897188
v 0.1793943 0.01024883 0.19887612
v 0.18023389 0.01005991 0.19896237
v 0.18022424 0.01006007 0.19905801
v 0.17958182 0.01020458 0.19899301
v 0.17980438 0.01015448 0.19901584
v 0.18002688 0.01010445 0.19903866
v 0.17959156 0.01020447 0.19889582
v 0.17981424 0.01015441 0.19891835
v 0.18003675 0.01010431 0.19894139
v 0.17940953 0.01052811 0.19897429
v 0.17941942 0.01052803 0.19887854
v 0.18032482 0.01032434 0.19897152
v 0.1803151 0.01032448 0.19906698
v 0.18014279 0.01036532 0.19895194
v 0.18013277 0.01036546 0.19904916
v 0.17960655 0.01048587 0.19889687
v 0.17959672 0.01048601 0.19899417
v 0.17987307 0.01041844 0.19892409
v 0.1798633 0.01041855 0.19902172
v 0.18116268 0.00882822 0.19672553
v 0.18119499 0.00893752 0.19674925
v 0.18117502 0.00881049 0.19675992
v 0.18121141 0.00893307 0.19678661
v 0.18123102 0.00904654 0.19673284
v 0.18125277 0.00905753 0.19676806
v 0.18126535 0.00913666 0.19667747
v 0.18129122 0.00915842 0.19670493
v 0.18131038 0.00921932 0.19649288
v 0.18134239 0.00925219 0.19649542
v 0.18131434 0.00919922 0.19639167
v 0.18134728 0.00923081 0.19638091
v 0.181304 0.00913704 0.19630338
v 0.18133476 0.00915936 0.19628077
v 0.18128076 0.00904424 0.19624263
v 0.18130895 0.00905549 0.1962125
v 0.18124851 0.00893508 0.19621914
v 0.18127289 0.00893297 0.19618609
v 0.18121296 0.00882904 0.1962365
v 0.18123161 0.0088085 0.19620436
v 0.18117791 0.00873592 0.19629062
v 0.18119308 0.00870759 0.19626736
v 0.18113276 0.0086532 0.19647531
v 0.18114206 0.00861384 0.19647701
v 0.18112972 0.0086763 0.19657787
v 0.18113708 0.00863526 0.19659137
v 0.18113946 0.00873548 0.19666495
v 0.18114942 0.00870664 0.19669148
v 0.18114453 0.00874788 0.19665329
v 0.18113479 0.00869031 0.19657093
v 0.18113845 0.00867116 0.19647589
v 0.1811617 0.00876725 0.19654522
v 0.18116632 0.00883504 0.19671027
v 0.18119236 0.00888268 0.19660371
v 0.18119683 0.00893762 0.19673253
v 0.18122738 0.0090059 0.19664502
v 0.1812303 0.0090391 0.19671683
v 0.18126261 0.00912398 0.19666524
v 0.18118068 0.00874855 0.19630293
v 0.18121606 0.00886662 0.19632317
v 0.18125093 0.0089898 0.19636432
v 0.18128165 0.00910528 0.19642287
v 0.18130478 0.00920139 0.19649228
v 0.18121296 0.00883345 0.1962511
v 0.18124666 0.00893487 0.19623568
v 0.18127694 0.00903747 0.19625781
v 0.18129867 0.00912462 0.19631497
v 0.18130871 0.00918224 0.19639734
v 0.18132087 0.00891779 0.19676119
v 0.18128874 0.00880863 0.19673726
v 0.18127995 0.00879297 0.19677233
v 0.1813161 0.00891559 0.19679877
v 0.18135622 0.00902375 0.19674347
v 0.18135771 0.00904023 0.19677987
v 0.18139115 0.00911681 0.19668993
v 0.18139717 0.00914445 0.19671759
v 0.18143621 0.0091991 0.19650617
v 0.18144872 0.00923873 0.19650703
v 0.18143934 0.00917584 0.19640401
v 0.18145287 0.00921439 0.19639077
v 0.18142941 0.00911653 0.19631698
v 0.1814405 0.0091432 0.19629028
v 0.18140614 0.00902373 0.19625651
v 0.18141478 0.00903934 0.19622172
v 0.18137368 0.00891457 0.19623284
v 0.18137854 0.00891679 0.19619554
v 0.18133872 0.00880863 0.19625017
v 0.18133682 0.00879218 0.196214
v 0.18130365 0.00871564 0.19630397
v 0.18129766 0.00868797 0.19627645
v 0.18125876 0.00863335 0.19648772
v 0.18124607 0.00859365 0.19648702
v 0.18125557 0.00865657 0.19659
v 0.18124181 0.00861799 0.19660314
v 0.18126556 0.00871587 0.19667694
v 0.18125438 0.00868919 0.19670355
v 0.18135407 0.00899191 0.19666847
v 0.18131619 0.00885926 0.19662404
v 0.18128338 0.00873486 0.19656129
v 0.18141132 0.00909752 0.1964326
v 0.18137839 0.00897308 0.19636988
v 0.18134096 0.0088405 0.196325
v 0.18142062 0.0091952 0.19664481
v 0.18131554 0.00921198 0.19663381
v 0.1814334 0.00921853 0.19659255
v 0.18132796 0.00923533 0.19658182
v 0.18115615 0.00863068 0.19639048
v 0.18114569 0.00867063 0.19640398
v 0.18116894 0.00865403 0.19633863
v 0.18115872 0.00869401 0.19635179
v 0.18127423 0.00863721 0.19634933
v 0.18126127 0.00861385 0.19640123
v 0.18118089 0.00879896 0.19645808
v 0.18114978 0.00868592 0.19641025
v 0.18121537 0.00892438 0.19651073
v 0.18125057 0.00905295 0.19656448
v 0.1812807 0.00916324 0.19661024
v 0.18116265 0.00870925 0.1963581
v 0.18119382 0.00882267 0.1964048
v 0.18122828 0.00894816 0.1964575
v 0.18126344 0.00907664 0.19651119
v 0.18129345 0.00918655 0.19655782
v 0.18128514 0.00917859 0.19661648
v 0.18129774 0.00920188 0.19656424
v 0.18141073 0.00915849 0.19662933
v 0.18142336 0.00918183 0.19657716
v 0.18128421 0.00867392 0.19636444
v 0.18127128 0.00865052 0.19641688
v 0.18137794 0.00903896 0.19657976
v 0.18134084 0.00890425 0.19652348
v 0.18130397 0.0087697 0.19646711
v 0.18139073 0.00906267 0.19652681
v 0.18135395 0.0089281 0.19647043
v 0.18131706 0.00879344 0.1964142
v 0.18131122 0.00919667 0.19662743
v 0.18132391 0.00922005 0.19657535
v 0.18117395 0.00867239 0.19634611
v 0.1811611 0.00864904 0.19639828
v 0.18120387 0.00878271 0.19639171
v 0.18119132 0.00875897 0.19644475
v 0.18129313 0.00910706 0.19652771
v 0.18128004 0.00908329 0.19658039
v 0.18125155 0.00894447 0.19645987
v 0.18123844 0.00892064 0.1965132
v 0.18106406 0.00865617 0.19723545
v 0.18106049 0.00867774 0.19733828
v 0.18107274 0.00861507 0.19723628
v 0.18106851 0.00863951 0.19735185
v 0.18107089 0.00873899 0.19742724
v 0.18108016 0.00870901 0.19745302
v 0.18109375 0.0088306 0.19748581
v 0.18110647 0.0088129 0.19751845
v 0.18116179 0.00904664 0.19749243
v 0.18118354 0.00905793 0.19752602
v 0.18119615 0.0091382 0.19743917
v 0.18122246 0.00916175 0.19746732
v 0.18122434 0.00919937 0.19735419
v 0.18125438 0.00923105 0.1973699
v 0.18124157 0.0092207 0.19725245
v 0.18127408 0.00925537 0.19725567
v 0.18124538 0.00919919 0.19714969
v 0.18127784 0.00923084 0.19714023
v 0.18123471 0.00913791 0.19706377
v 0.18126639 0.00916143 0.19703894
v 0.18121182 0.00904628 0.19700236
v 0.18123996 0.00905755 0.19697363
v 0.18114391 0.00883021 0.19699551
v 0.1811628 0.00881247 0.19696597
v 0.18110925 0.00873873 0.19705182
v 0.18112409 0.0087087 0.197025
v 0.18108138 0.0086776 0.19713325
v 0.18109217 0.00863935 0.19712218
v 0.18108579 0.00869404 0.19714017
v 0.18111214 0.00875127 0.19706133
v 0.18114462 0.0088371 0.19701133
v 0.18112433 0.00880849 0.19711905
v 0.18106973 0.00867399 0.1972358
v 0.18110913 0.00879854 0.19723972
v 0.18106606 0.0086942 0.19733256
v 0.18109947 0.00880864 0.1973609
v 0.18107596 0.00875153 0.19741489
v 0.18109774 0.00883741 0.19747059
v 0.18120816 0.00903948 0.19701731
v 0.18120622 0.00906825 0.1971271
v 0.18119663 0.00907836 0.19724808
v 0.18118149 0.00906843 0.19736892
v 0.18116101 0.0090398 0.1974764
v 0.18122965 0.00912533 0.19707296
v 0.1812396 0.00918271 0.19715522
v 0.1812359 0.0092029 0.19725219
v 0.18121984 0.00918287 0.19734758
v 0.18119359 0.0091256 0.19742666
v 0.18118643 0.00865881 0.19735153
v 0.18119034 0.00863732 0.19724807
v 0.18117755 0.00859654 0.19724699
v 0.18117338 0.0086211 0.19736252
v 0.18119704 0.00871976 0.19743701
v 0.181185 0.00869095 0.19746401
v 0.18121966 0.00881103 0.19749876
v 0.18121132 0.00879544 0.19753238
v 0.18128725 0.00902618 0.1975051
v 0.18128883 0.00904181 0.19753986
v 0.18132212 0.00911732 0.19744896
v 0.18132805 0.00914615 0.19747781
v 0.18134972 0.0091782 0.1973671
v 0.18136054 0.00921588 0.19738084
v 0.18136718 0.00919948 0.19726538
v 0.18137979 0.00924033 0.19726683
v 0.18137076 0.00917804 0.19716227
v 0.1813839 0.0092157 0.19715113
v 0.18136021 0.00911701 0.19707681
v 0.1813724 0.00914588 0.19704996
v 0.1813375 0.00902581 0.19701524
v 0.18134594 0.00904137 0.19698144
v 0.18126994 0.00881068 0.19700847
v 0.18126851 0.00879506 0.19697395
v 0.1812351 0.00871953 0.19706463
v 0.18122899 0.00869068 0.19703573
v 0.18120759 0.00865864 0.19714653
v 0.18119686 0.00862098 0.19713281
v 0.18122181 0.00878049 0.19738303
v 0.1812317 0.00876969 0.19725212
v 0.18124842 0.00878031 0.19712233
v 0.18130853 0.00905656 0.19739139
v 0.18132543 0.00906715 0.19726131
v 0.18133515 0.00905635 0.19713063
v 0.18123903 0.00888819 0.19755093
v 0.18113338 0.00890494 0.19753989
v 0.18125805 0.00894919 0.19755287
v 0.18115252 0.00896592 0.19754169
v 0.18119388 0.00890446 0.19695027
v 0.18116954 0.00890777 0.19698533
v 0.18121293 0.00896549 0.1969522
v 0.18118882 0.0089688 0.19698716
v 0.18131852 0.00894874 0.19696301
v 0.18129906 0.0088877 0.19696125
v 0.18115621 0.00890735 0.19711566
v 0.18116796 0.00890776 0.1970011
v 0.18114337 0.00890734 0.19724297
v 0.18112975 0.00890754 0.19737342
v 0.18111866 0.00890815 0.19748508
v 0.18118736 0.00896881 0.19700293
v 0.1811755 0.00896934 0.19711773
v 0.18116274 0.00896955 0.19724492
v 0.18114927 0.00896958 0.19737522
v 0.18113768 0.00896914 0.19748684
v 0.18111693 0.00890815 0.19750061
v 0.18113601 0.00896914 0.19750236
v 0.18124264 0.00888809 0.19751338
v 0.18126186 0.00894909 0.19751535
v 0.18131455 0.00894873 0.19700039
v 0.18129557 0.00888775 0.19699859
v 0.18125507 0.0088875 0.19739238
v 0.18126907 0.00888733 0.19725598
v 0.18128296 0.00888734 0.19711948
v 0.18127453 0.00894951 0.1973944
v 0.18128824 0.00894953 0.19725783
v 0.18130242 0.00894932 0.19712135
v 0.18113505 0.00890494 0.19752442
v 0.1811541 0.00896589 0.19752641
v 0.18121099 0.00896549 0.19697094
v 0.18119198 0.00890453 0.19696903
v 0.18119984 0.00896609 0.19708237
v 0.18118041 0.00890408 0.19708044
v 0.18116611 0.00896633 0.1974114
v 0.18114665 0.00890428 0.1974096
v 0.1811859 0.00896586 0.19724707
v 0.18116635 0.00890363 0.19724524
v 0.17834669 0.0094395 0.20025493
v 0.17830047 0.009425 0.20024822
v 0.17835006 0.00942354 0.20026905
v 0.17829853 0.00940739 0.20026131
v 0.17825639 0.00943084 0.20024158
v 0.17824813 0.00941385 0.20025351
v 0.17822197 0.00945663 0.20023623
v 0.17820957 0.00944339 0.20024782
v 0.17819634 0.00954778 0.20023225
v 0.17818066 0.00954677 0.20024325
v 0.17820942 0.00959929 0.20023414
v 0.17819479 0.00960487 0.20024494
v 0.17823919 0.00964509 0.20023845
v 0.17822885 0.00965699 0.20025007
v 0.17828005 0.00967771 0.20024445
v 0.17827472 0.00969368 0.20025707
v 0.17832616 0.0096922 0.20025152
v 0.17832636 0.0097098 0.20026484
v 0.17836892 0.00968565 0.20025791
v 0.17837661 0.00970337 0.2002722
v 0.1784048 0.00966056 0.20026318
v 0.17841529 0.00967383 0.20027829
v 0.1784302 0.00956939 0.20026741
v 0.17844414 0.00957042 0.2002829
v 0.17841598 0.00951721 0.20026539
v 0.17843014 0.00951235 0.20028072
v 0.17838764 0.00947212 0.20026119
v 0.17839601 0.0094602 0.20027567
v 0.17838308 0.00947764 0.20026038
v 0.17841047 0.00952039 0.20026448
v 0.17842277 0.00956871 0.20026631
v 0.17838013 0.00953164 0.20025976
v 0.17834445 0.00944701 0.20025473
v 0.17832982 0.00949955 0.20025239
v 0.17830115 0.00943341 0.20024833
v 0.17827716 0.00947597 0.20024444
v 0.17826029 0.00943903 0.20024196
v 0.17822772 0.00946309 0.20023705
v 0.17839908 0.00965413 0.20026226
v 0.17834946 0.00964125 0.20025509
v 0.17829698 0.00961765 0.20024728
v 0.17824646 0.00958555 0.20023962
v 0.1782037 0.00954847 0.20023334
v 0.17836651 0.0096782 0.20025746
v 0.17832529 0.00968382 0.20025138
v 0.1782822 0.00967019 0.20024482
v 0.17824369 0.00963956 0.2002393
v 0.17821621 0.00959684 0.20023524
v 0.17829477 0.00942552 0.20032946
v 0.17834073 0.00944003 0.20033642
v 0.17834559 0.00942284 0.20033735
v 0.17829394 0.00940675 0.20032945
v 0.17825183 0.00943197 0.20032301
v 0.17824348 0.00941334 0.20032182
v 0.17821615 0.00945687 0.2003175
v 0.17820346 0.00944242 0.20031575
v 0.17819079 0.00954762 0.20031337
v 0.17817449 0.00954637 0.20031103
v 0.17820507 0.00959967 0.20031574
v 0.17818969 0.00960541 0.20031313
v 0.1782335 0.00964465 0.20031976
v 0.17822387 0.00965769 0.20031823
v 0.17827454 0.00967725 0.20032595
v 0.17826977 0.00969446 0.20032516
v 0.17832058 0.00969175 0.2003328
v 0.17832148 0.00971052 0.20033283
v 0.17836332 0.00968534 0.20033915
v 0.1783719 0.00970393 0.20034055
v 0.17839929 0.00966041 0.20034465
v 0.17841187 0.00967488 0.20034669
v 0.17842438 0.00956964 0.2003488
v 0.17844092 0.00957093 0.20035116
v 0.17841005 0.0095176 0.20034666
v 0.17842546 0.00951188 0.200349
v 0.1783818 0.00947262 0.20034243
v 0.1783916 0.00945958 0.20034395
v 0.17826849 0.00947042 0.20032538
v 0.17832526 0.00949589 0.20033399
v 0.17837935 0.00953039 0.20034195
v 0.17823597 0.0095869 0.20032019
v 0.17829009 0.00962139 0.20032824
v 0.17834672 0.00964687 0.20033693
v 0.17818602 0.00947798 0.200313
v 0.17819082 0.00947793 0.20024481
v 0.17817872 0.00950371 0.20031176
v 0.1781834 0.00950366 0.20024363
v 0.17844125 0.00961353 0.20028226
v 0.17842632 0.00960497 0.20026674
v 0.17843401 0.00963928 0.20028112
v 0.1784192 0.00963069 0.20026551
v 0.17842948 0.00963933 0.20034915
v 0.17843663 0.0096136 0.20035049
v 0.17837098 0.00957477 0.20025835
v 0.17841976 0.00960139 0.20026558
v 0.17831704 0.00954548 0.2002504
v 0.17826154 0.00951554 0.20024205
v 0.17821416 0.00949004 0.20023503
v 0.17841255 0.00962713 0.20026469
v 0.17836368 0.00960094 0.20025716
v 0.17830961 0.00957175 0.20024903
v 0.17825433 0.0095417 0.20024104
v 0.17820686 0.00951582 0.20023377
v 0.17820736 0.00948647 0.20023404
v 0.1782003 0.00951224 0.20023292
v 0.17820179 0.00948654 0.20031543
v 0.17819461 0.00951226 0.20031414
v 0.17841348 0.00963075 0.20034678
v 0.17842072 0.00960503 0.20034793
v 0.1782532 0.00951416 0.20032317
v 0.17831128 0.0095455 0.20033158
v 0.17836934 0.00957695 0.20034048
v 0.1782459 0.00954033 0.20032185
v 0.17830398 0.00957177 0.2003306
v 0.17836213 0.00960311 0.2003393
v 0.17819714 0.00948148 0.20024573
v 0.17819023 0.00950724 0.20024468
v 0.17842614 0.00963499 0.2002799
v 0.17843338 0.00960928 0.20028108
v 0.17837855 0.00960951 0.20027273
v 0.17838594 0.00958333 0.2002739
v 0.17823889 0.00953386 0.20025195
v 0.17824617 0.0095077 0.20025308
v 0.17830857 0.00957175 0.20026402
v 0.17831587 0.00954548 0.20026549
v 0.18081057 0.00897245 0.20050592
v 0.18077087 0.0088815 0.20050181
v 0.18083 0.00896436 0.20052111
v 0.18078583 0.00886249 0.2005168
v 0.18071362 0.00881354 0.2004961
v 0.18072047 0.0087847 0.20051008
v 0.18064764 0.00878104 0.2004894
v 0.18064609 0.00874901 0.20050245
v 0.18052721 0.00882712 0.20047701
v 0.18050929 0.00880128 0.20048864
v 0.18049112 0.00889873 0.20047314
v 0.18046826 0.00888134 0.20048423
v 0.18048045 0.00899278 0.20047201
v 0.18045622 0.00898871 0.20048281
v 0.18049594 0.00909288 0.20047344
v 0.18047356 0.009101 0.20048438
v 0.1805354 0.00918376 0.20047734
v 0.18051794 0.00920285 0.20048891
v 0.18059209 0.00924885 0.20048315
v 0.18058329 0.00928064 0.20049554
v 0.18065869 0.00928427 0.20048995
v 0.18065777 0.00931632 0.20050329
v 0.18077912 0.00923819 0.2005023
v 0.18079417 0.00926404 0.20051717
v 0.18081441 0.00916368 0.20050601
v 0.18083542 0.00918402 0.20052151
v 0.18082594 0.00907244 0.20050735
v 0.18084752 0.00907661 0.20052282
v 0.18081519 0.00907023 0.20050606
v 0.18080493 0.00915764 0.200505
v 0.18077132 0.00922518 0.20050168
v 0.18075817 0.00911781 0.20050036
v 0.18080043 0.00897621 0.20050478
v 0.18073126 0.00900283 0.20049774
v 0.18076357 0.00889083 0.20050108
v 0.18069297 0.00889209 0.2004939
v 0.18070986 0.0088278 0.20049554
v 0.18064791 0.00879692 0.20048926
v 0.18065848 0.0092684 0.20048998
v 0.18061333 0.00917321 0.20048551
v 0.18057525 0.00906251 0.2004816
v 0.1805484 0.00894755 0.20047912
v 0.18053525 0.00884014 0.20047782
v 0.18059641 0.0092375 0.20048366
v 0.18054294 0.0091745 0.20047807
v 0.18050593 0.00908908 0.2004745
v 0.18049144 0.00899513 0.20047311
v 0.18050155 0.00890765 0.20047429
v 0.18076217 0.00888184 0.20058305
v 0.18080142 0.00897276 0.20058699
v 0.18082416 0.00896411 0.20058947
v 0.18077978 0.00886221 0.20058496
v 0.1807056 0.00881668 0.2005774
v 0.18071416 0.00878454 0.20057839
v 0.18063908 0.00878117 0.20057064
v 0.18063864 0.00874603 0.2005708
v 0.18051916 0.00882705 0.20055832
v 0.18050119 0.00879858 0.2005565
v 0.18048417 0.00890154 0.20055463
v 0.18046033 0.00888165 0.20055228
v 0.18047291 0.00899269 0.20055355
v 0.18044847 0.00898911 0.20055091
v 0.18048825 0.00909275 0.20055492
v 0.18046551 0.00910142 0.20055262
v 0.18052774 0.00918363 0.20055873
v 0.18050998 0.00920323 0.200557
v 0.18058416 0.00924877 0.20056454
v 0.18057557 0.00928096 0.20056361
v 0.18065065 0.00928429 0.20057143
v 0.18065136 0.00931945 0.2005715
v 0.18077063 0.00923833 0.20058366
v 0.18078848 0.00926687 0.2005856
v 0.18080568 0.00916396 0.20058728
v 0.18082925 0.00918385 0.20058961
v 0.18081706 0.00907282 0.20058856
v 0.18084144 0.0090764 0.20059095
v 0.18068683 0.00888175 0.20057539
v 0.18072792 0.00900102 0.20057952
v 0.18075677 0.00912481 0.20058241
v 0.18053311 0.00894066 0.2005596
v 0.18056175 0.00906447 0.20056249
v 0.18060299 0.00918373 0.20056648
v 0.18058279 0.00875133 0.2005649
v 0.18058955 0.00875124 0.20049679
v 0.18054875 0.00876433 0.20056159
v 0.18055582 0.0087643 0.20049352
v 0.18074801 0.00930103 0.20051243
v 0.18073931 0.0092663 0.20049835
v 0.18071395 0.00931402 0.2005088
v 0.18070548 0.00927933 0.20049481
v 0.18070715 0.0093141 0.20057687
v 0.18074107 0.00930111 0.20058056
v 0.1807048 0.00914469 0.20049469
v 0.1807349 0.00925181 0.20049774
v 0.18067058 0.00902601 0.20049162
v 0.18063554 0.00890446 0.20048795
v 0.18060529 0.00880044 0.200485
v 0.18070131 0.00926482 0.20049446
v 0.18067002 0.0091579 0.20049132
v 0.18063595 0.00903933 0.20048794
v 0.18060094 0.00891778 0.20048433
v 0.18057116 0.00881348 0.20048134
v 0.18060094 0.00878595 0.20048457
v 0.18056714 0.00879899 0.20048114
v 0.18059268 0.00878607 0.200566
v 0.18055874 0.00879905 0.20056232
v 0.1806972 0.00927942 0.2005762
v 0.18073093 0.00926639 0.20057947
v 0.18062558 0.00889882 0.2005691
v 0.18066224 0.0090261 0.20057283
v 0.18069869 0.00915341 0.20057636
v 0.18059092 0.00891205 0.2005658
v 0.18062752 0.00903939 0.20056927
v 0.18066412 0.00916663 0.20057283
v 0.1805939 0.00876573 0.20049707
v 0.18055996 0.00877874 0.20049381
v 0.180709 0.0092967 0.20050844
v 0.18074303 0.00928366 0.20051178
v 0.18067875 0.00919267 0.20050558
v 0.18071323 0.00917941 0.20050896
v 0.18059045 0.00888589 0.20049686
v 0.18062508 0.00887272 0.20050032
v 0.18063435 0.00903933 0.2005029
v 0.18066909 0.00902602 0.20050658
v 0.20802593 0.02233808 -0.09816317
v 0.19038188 0.01072775 0.11756232
v 0.18796911 0.00001565 0.11677388
v 0.20650333 0.01599106 -0.09621414
v 0.21114772 0.02162612 -0.09804377
v 0.1944302 0.00978807 0.11794059
v 0.19201746 -0.00092402 0.11715214
v 0.20965382 0.01541648 -0.09641228
v 0.20705348 -0.00982363 -0.17810633
v 0.20245701 -0.00878233 -0.17818799
v 0.21160334 0.01468424 -0.13571745
v 0.20700851 0.01572883 -0.13584879
v 0.21222281 0.02138095 -0.09800238
v 0.20695084 0.02258323 -0.09820401
v 0.21029409 0.0095956 -0.1305859
v 0.21079129 0.01502024 -0.09615984
v 0.20570009 0.01064049 -0.13072389
v 0.20542818 0.01623628 -0.09625563
v 0.20614686 -0.01328658 -0.17195388
v 0.20155069 -0.01224475 -0.1720435
v 0.21184825 0.02466708 -0.09823612
v 0.21081021 0.02632061 -0.09837245
v 0.19529148 0.01361191 0.11822204
v 0.19393786 0.01577127 0.11818802
v 0.18583655 0.01093815 0.20556885
v 0.18485033 0.00655977 0.20524656
v 0.18403163 0.01331924 0.2075535
v 0.18259322 0.00693297 0.20708343
v 0.18208771 -0.00570585 0.20434379
v 0.18110162 -0.0100837 0.20402154
v 0.19115629 -0.00474738 0.11687071
v 0.18901267 -0.00609555 0.11657854
v 0.17839211 -0.01171891 0.20571059
v 0.17983058 -0.00533264 0.20618063
v 0.20894512 0.01236804 -0.09568281
v 0.20728486 0.01134001 -0.0955476
v 0.20824119 -0.00529897 -0.18704521
v 0.20183849 -0.03575383 -0.21492654
v 0.20390358 -0.02526033 -0.21519097
v 0.20720732 -0.0044872 -0.1881406
v 0.20280325 -0.02451068 -0.21621096
v 0.2005198 -0.03618097 -0.21592369
v 0.21275585 0.01930416 -0.13920986
v 0.21181672 0.02051686 -0.13995713
v 0.21316829 0.02545053 -0.09846296
v 0.21213099 0.0270982 -0.09866643
v 0.2097789 0.01112644 -0.09527447
v 0.20942911 0.00628421 -0.1268734
v 0.20804673 0.00575797 -0.1260207
v 0.20811855 0.01011107 -0.09506453
v 0.20526275 -0.01626614 -0.16228628
v 0.20398008 -0.01635614 -0.16115644
v 0.2001177 -0.04036853 -0.1915726
v 0.20072498 -0.04018832 -0.20933568
v 0.19940388 -0.04062547 -0.21032625
v 0.19873166 -0.04087398 -0.19130548
v 0.2088207 0.02578743 -0.09838081
v 0.19136285 0.01508298 0.11788287
v 0.18127119 0.01259965 0.20569759
v 0.18014791 0.0076128 0.20533058
v 0.17738527 -0.00465286 0.20442777
v 0.18698814 -0.00433957 0.1164533
v 0.17626202 -0.00963972 0.2040607
v 0.20572876 0.01267505 -0.09574779
v 0.20368164 -0.00409169 -0.18744126
v 0.19973731 -0.02416745 -0.21553027
v 0.19699052 -0.03487879 -0.21526506
v 0.20822539 0.02063656 -0.13955345
v 0.20799067 0.02705961 -0.09871006
v 0.20476725 0.00709015 -0.12674686
v 0.20441216 0.0119279 -0.09540118
v 0.20063087 -0.01533085 -0.16203799
v 0.19596719 -0.03933636 -0.20967826
v 0.19595792 -0.03967535 -0.19154617
v 0.2099055 0.02652692 -0.09840688
v 0.19276461 0.01604363 0.11807833
v 0.18269172 0.01363269 0.2073951
v 0.18125331 0.00724644 0.20692506
v 0.1770522 -0.01140545 0.20555225
v 0.18783941 -0.00582321 0.11646886
v 0.17849063 -0.00501919 0.20602226
v 0.2063806 0.01154627 -0.09558288
v 0.200668 -0.02402855 -0.21622705
v 0.20459926 -0.0038969 -0.18817952
v 0.19770595 -0.03554555 -0.2159456
v 0.20920741 0.02110981 -0.14002859
v 0.20914724 0.0277786 -0.09877973
v 0.20513445 0.01079182 -0.09518156
v 0.20543989 0.00635116 -0.12610232
v 0.20137506 -0.01576511 -0.16121488
v 0.19667178 -0.04040779 -0.19133603
v 0.19668248 -0.04001064 -0.21035203
v 0.20668998 0.02365901 -0.04420192
v 0.20766213 0.02343631 -0.04415145
v 0.20276469 0.02095839 0.00990195
v 0.20380428 0.02071924 0.00997017
v 0.1981239 0.01842138 0.06397284
v 0.19923022 0.01816574 0.06406064
v 0.1996791 0.01250647 0.06395277
v 0.2005043 0.016133 0.06411604
v 0.20421227 0.01538265 0.01000435
v 0.20499861 0.01881351 0.0100496
v 0.20803347 0.01842122 -0.04397169
v 0.20877817 0.02165662 -0.04404498
v 0.19664347 -0.00070317 0.06373775
v 0.19747543 0.00292416 0.06376719
v 0.20143485 0.00349484 0.0106446
v 0.202232 0.00692788 0.01042173
v 0.20553356 0.00785074 -0.04247413
v 0.20628938 0.01109049 -0.04294953
v 0.19679912 0.01751617 0.06383557
v 0.19586032 0.01338892 0.06364959
v 0.20151913 0.02010879 0.00982085
v 0.20062494 0.01620798 0.00976878
v 0.20552399 0.02286459 -0.0442288
v 0.2046782 0.01918982 -0.04414635
v 0.19271019 -0.00032074 0.06341865
v 0.19351038 -0.00171527 0.06346829
v 0.1977393 0.00385177 0.01041636
v 0.19848886 0.00254659 0.01050231
v 0.20207655 0.00818298 -0.04261748
v 0.20277681 0.00696568 -0.04249328
v 0.19364666 0.00377326 0.06354336
v 0.19862636 0.00768524 0.01034472
v 0.20290967 0.0117569 -0.04288607
v 0.19461661 -0.00197092 0.0635564
v 0.19952803 0.00230747 0.01057098
v 0.20374897 0.00674295 -0.04244209
v -0.17604857 -0.00647986 0.19660727
v -0.17561468 -0.00638421 0.19665013
v -0.1752294 -0.0063029 0.19685979
v -0.17495095 -0.00624838 0.19720412
v -0.17482176 -0.00622895 0.19763095
v -0.17486196 -0.00624748 0.19807489
v -0.17486646 -0.00626525 0.1988426
v -0.17536282 -0.006377 0.19889949
v -0.17580944 -0.00647747 0.19894178
v -0.17624285 -0.00657497 0.19898589
v -0.17673042 -0.00668463 0.19903822
v -0.17691317 -0.00670897 0.19828547
v -0.17704239 -0.00672838 0.19785873
v -0.17700231 -0.00670985 0.19741471
v -0.17679956 -0.00665609 0.1970209
v -0.17646449 -0.00657534 0.1967376
v -0.17598104 -0.00647917 0.19726626
v -0.17579862 -0.00643889 0.19728432
v -0.17563638 -0.00640472 0.19737233
v -0.17551907 -0.00638179 0.19751738
v -0.17546486 -0.00637356 0.19769685
v -0.17548173 -0.00638137 0.19788385
v -0.175567 -0.00640401 0.19804944
v -0.17570784 -0.00643801 0.19816897
v -0.17588302 -0.0064782 0.19822354
v -0.17606559 -0.00651844 0.19820557
v -0.17622789 -0.00655266 0.19811736
v -0.1763449 -0.00657558 0.1979724
v -0.17639938 -0.00658378 0.19779278
v -0.17638263 -0.00657595 0.1976058
v -0.17629715 -0.00655336 0.19744013
v -0.17615613 -0.00651935 0.19732083
v -0.17570653 -0.00641156 0.19696684
v -0.17601487 -0.0064795 0.19693647
v -0.17543277 -0.0063538 0.19711591
v -0.17523491 -0.00631502 0.19736065
v -0.17514297 -0.00630122 0.19766376
v -0.17517134 -0.0063144 0.19797934
v -0.17521652 -0.00633459 0.19844649
v -0.17553523 -0.00640746 0.19853453
v -0.17584618 -0.00647783 0.19858299
v -0.17615449 -0.0065467 0.19859604
v -0.17647913 -0.00661868 0.19857819
v -0.17662948 -0.0066423 0.19812895
v -0.17672088 -0.00665615 0.19782583
v -0.17669257 -0.00664296 0.1975101
v -0.17654839 -0.00660475 0.19723032
v -0.1763105 -0.00654739 0.19702895
v -0.17594495 -0.00679321 0.19692948
v -0.17563659 -0.00672526 0.19696012
v -0.17572873 -0.00675258 0.19727724
v -0.175911 -0.00679291 0.1972593
v -0.1753627 -0.00666749 0.19710922
v -0.17556655 -0.00671836 0.19736564
v -0.1751649 -0.00662874 0.19735398
v -0.17544901 -0.00669549 0.19751057
v -0.17507314 -0.00661492 0.19765707
v -0.17539495 -0.00668726 0.19769007
v -0.17510145 -0.00662814 0.19797268
v -0.17541182 -0.00669507 0.1978769
v -0.17514661 -0.0066483 0.19843944
v -0.17549714 -0.0067177 0.19804278
v -0.17546546 -0.00672116 0.19852766
v -0.17563802 -0.00675171 0.19816198
v -0.17577648 -0.0067915 0.19857615
v -0.17581328 -0.00679188 0.19821682
v -0.17608448 -0.0068604 0.19858914
v -0.17599552 -0.00683217 0.19819855
v -0.1764093 -0.0069324 0.19857135
v -0.17615795 -0.00686634 0.19811052
v -0.17655944 -0.00695603 0.19812214
v -0.17627516 -0.00688928 0.1979655
v -0.17665094 -0.00696984 0.1978189
v -0.17632943 -0.00689747 0.19778597
v -0.17662289 -0.00695665 0.19750347
v -0.17631262 -0.00688967 0.19759908
v -0.17647865 -0.00691846 0.19722369
v -0.17622712 -0.00686707 0.19743332
v -0.17624059 -0.00686107 0.1970222
v -0.17608612 -0.00683309 0.19731387
v -0.17597854 -0.00679359 0.19660049
v -0.17554479 -0.00669792 0.19664326
v -0.17515948 -0.00661662 0.19685295
v -0.1748811 -0.00656207 0.19719728
v -0.17475178 -0.00654264 0.19762408
v -0.17479205 -0.0065612 0.19806814
v -0.17479652 -0.00657897 0.1988357
v -0.1752929 -0.00669072 0.19889277
v -0.17573979 -0.0067911 0.19893509
v -0.17617315 -0.00688861 0.19897902
v -0.17666056 -0.00699833 0.19903153
v -0.17684334 -0.00702266 0.19827848
v -0.17697241 -0.00704213 0.1978521
v -0.17693239 -0.00702357 0.19740796
v -0.17672959 -0.0069698 0.19701403
v -0.17639461 -0.00688904 0.19673052
v -0.1762079 -0.00576455 0.19662278
v -0.17577412 -0.00566888 0.19666564
v -0.17538875 -0.00558762 0.19687542
v -0.17511028 -0.00553308 0.19721984
v -0.17498114 -0.00551362 0.19764657
v -0.17502102 -0.00553219 0.19809043
v -0.17502585 -0.00554993 0.19885818
v -0.17552202 -0.00566168 0.19891519
v -0.17596876 -0.00576209 0.19895738
v -0.17640224 -0.00585962 0.19900147
v -0.17688977 -0.00596928 0.19905382
v -0.17707264 -0.00599361 0.19830107
v -0.17720162 -0.00601309 0.19787433
v -0.1771616 -0.00599456 0.19743031
v -0.17695877 -0.00594076 0.19703656
v -0.17662364 -0.00586008 0.19675278
v -0.17614036 -0.00576387 0.19728158
v -0.17595782 -0.00572361 0.19729967
v -0.17579573 -0.00568939 0.19738796
v -0.17567852 -0.00566647 0.19753278
v -0.17562419 -0.00565824 0.19771266
v -0.17564111 -0.00566605 0.19789934
v -0.17572629 -0.0056887 0.19806499
v -0.17586723 -0.00572267 0.19818437
v -0.17604219 -0.00576289 0.19823931
v -0.176225 -0.00580314 0.19822125
v -0.17638719 -0.00583731 0.19813276
v -0.17650431 -0.00586025 0.19798806
v -0.17655855 -0.00586848 0.19780834
v -0.17654195 -0.00586064 0.19762149
v -0.17645645 -0.00583803 0.19745579
v -0.17631539 -0.00580405 0.19733642
v -0.17586591 -0.00569622 0.19698253
v -0.17617413 -0.00576423 0.196952
v -0.17559212 -0.00563847 0.19713166
v -0.17539417 -0.00559973 0.19737634
v -0.17530241 -0.00558593 0.19767956
v -0.1753306 -0.00559909 0.1979952
v -0.17537581 -0.00561926 0.19846184
v -0.17569449 -0.00569214 0.19854988
v -0.17600563 -0.00576249 0.19859857
v -0.17631366 -0.00583135 0.19861149
v -0.17663854 -0.00590337 0.19859361
v -0.17678856 -0.00592701 0.19814465
v -0.17688015 -0.00594084 0.19784143
v -0.17685198 -0.00592765 0.19752591
v -0.1767078 -0.00588947 0.19724592
v -0.17646977 -0.00583202 0.19704437
v -0.17610427 -0.00607787 0.1969452
v -0.17579603 -0.00600991 0.19697581
v -0.17588785 -0.00603732 0.19729279
v -0.17607054 -0.00607755 0.19727475
v -0.17552214 -0.00595213 0.1971247
v -0.1757259 -0.00600306 0.197381
v -0.17532432 -0.00591342 0.19736941
v -0.17560839 -0.00598017 0.19752593
v -0.17523255 -0.00589958 0.19767265
v -0.17555427 -0.00597192 0.19770564
v -0.1752609 -0.00591276 0.1979881
v -0.17557102 -0.00597976 0.19789247
v -0.17530614 -0.00593293 0.1984552
v -0.17565643 -0.00600237 0.19805817
v -0.17562466 -0.00600583 0.19854314
v -0.17579734 -0.00603641 0.19817756
v -0.17593577 -0.00607619 0.19859178
v -0.17597252 -0.00607653 0.19823245
v -0.17624384 -0.00614507 0.19860465
v -0.17615503 -0.00611681 0.1982143
v -0.17656874 -0.00621707 0.19858689
v -0.1763173 -0.00615098 0.19812597
v -0.17671877 -0.00624067 0.19813777
v -0.17643424 -0.00617398 0.19798125
v -0.17681029 -0.00625455 0.19783444
v -0.1764889 -0.00618213 0.19780133
v -0.17678195 -0.0062413 0.1975189
v -0.17647203 -0.00617436 0.19761471
v -0.17663767 -0.00620316 0.19723911
v -0.17638647 -0.00615173 0.19744898
v -0.17639997 -0.00614574 0.19703765
v -0.1762456 -0.00611773 0.19732959
v -0.17613801 -0.00607824 0.19661583
v -0.17570406 -0.00598257 0.19665901
v -0.17531886 -0.00590131 0.1968687
v -0.17504036 -0.00584678 0.19721297
v -0.1749112 -0.00582731 0.19763959
v -0.17495119 -0.00584589 0.19808362
v -0.17495572 -0.00586366 0.19885148
v -0.17545217 -0.00597538 0.1989084
v -0.17589879 -0.00607582 0.19895051
v -0.17633232 -0.00617332 0.19899462
v -0.17681992 -0.00628298 0.19904701
v -0.17700272 -0.00630729 0.19829414
v -0.17713168 -0.00632678 0.19786749
v -0.1770918 -0.00630821 0.19742341
v -0.17688882 -0.00625443 0.19702969
v -0.17655387 -0.00617373 0.19674597
v -0.17525774 -0.0066902 0.19922977
v -0.17475822 -0.00657772 0.19917243
v -0.17482814 -0.00626404 0.19917933
v -0.17532748 -0.00637653 0.19923676
v -0.17570659 -0.0067911 0.19927221
v -0.17577642 -0.0064774 0.1992789
v -0.17613807 -0.00688816 0.19931602
v -0.17620781 -0.00657444 0.19932307
v -0.17662432 -0.00699766 0.19936847
v -0.17669436 -0.00668397 0.19937513
v -0.17541703 -0.0059749 0.19924549
v -0.1749176 -0.00586242 0.19918818
v -0.17498731 -0.00554874 0.19919504
v -0.17548695 -0.0056612 0.19925238
v -0.17586588 -0.00607575 0.19928784
v -0.17593571 -0.0057621 0.19929479
v -0.1762973 -0.00617283 0.19933165
v -0.17636713 -0.00585913 0.1993386
v -0.17678374 -0.00628228 0.19938392
v -0.17685374 -0.00596859 0.1993909
v -0.17484933 -0.00617594 0.19766542
v -0.17497843 -0.00619542 0.19723886
v -0.17525672 -0.00624993 0.19689455
v -0.17564198 -0.00633122 0.19668474
v -0.17607605 -0.00642687 0.19664168
v -0.17649197 -0.00652231 0.19677197
v -0.17722412 -0.00668892 0.19693237
v -0.1771779 -0.00668969 0.19744211
v -0.17712754 -0.00668839 0.19789922
v -0.17708167 -0.00668787 0.19834348
v -0.17703273 -0.00668787 0.19884344
v -0.17627683 -0.00652015 0.19887426
v -0.17584312 -0.00642452 0.19891697
v -0.17542693 -0.00632901 0.19878673
v -0.17509207 -0.00624825 0.19850328
v -0.17488926 -0.00619452 0.1981095
v -0.17549216 -0.00632058 0.19773158
v -0.17554649 -0.00632876 0.19755193
v -0.17566368 -0.00635169 0.19740691
v -0.17582592 -0.00638593 0.19731867
v -0.17600864 -0.00642618 0.19730067
v -0.17618352 -0.0064664 0.19735539
v -0.17632451 -0.00650032 0.19747468
v -0.17640981 -0.00652295 0.1976403
v -0.1764267 -0.00653075 0.19782739
v -0.17637243 -0.00652252 0.19800689
v -0.17625534 -0.00649961 0.19815176
v -0.17609292 -0.00646543 0.1982401
v -0.1759105 -0.00642517 0.19825804
v -0.17573535 -0.006385 0.19820356
v -0.17559438 -0.006351 0.19808411
v -0.17550897 -0.00632835 0.19791847
v -0.17526218 -0.00626204 0.19739505
v -0.17517048 -0.00624821 0.1976985
v -0.17545992 -0.00630081 0.19715037
v -0.17573398 -0.00635856 0.19700151
v -0.17604228 -0.00642648 0.19697105
v -0.17633774 -0.00649437 0.19706338
v -0.17677471 -0.00659468 0.1972033
v -0.17679417 -0.0066064 0.19754129
v -0.17677748 -0.00660966 0.19786348
v -0.17672726 -0.00660529 0.19817522
v -0.17664432 -0.0065938 0.19849789
v -0.17618483 -0.00649284 0.19855731
v -0.17587667 -0.00642484 0.19858786
v -0.17558106 -0.00635698 0.19849544
v -0.17534306 -0.0062996 0.19829383
v -0.17519897 -0.00626142 0.19801399
v -0.17524027 -0.00593452 0.19770531
v -0.17533201 -0.00594831 0.19740204
v -0.17561635 -0.00601506 0.19755865
v -0.17556205 -0.00600687 0.19773824
v -0.1755298 -0.00598708 0.19715721
v -0.17573356 -0.00603799 0.19741369
v -0.1758039 -0.00604484 0.19700826
v -0.17589601 -0.00607216 0.19732545
v -0.17611199 -0.00611281 0.19697772
v -0.17607834 -0.00611243 0.19730733
v -0.17640763 -0.00618067 0.19707037
v -0.17625328 -0.00615266 0.19736225
v -0.17684453 -0.00628095 0.19721017
v -0.17639431 -0.00618662 0.19748137
v -0.17686379 -0.00629267 0.19754798
v -0.17647966 -0.00620925 0.19764731
v -0.1768471 -0.00629594 0.19787003
v -0.1764965 -0.00621706 0.19783397
v -0.17679718 -0.00629154 0.19818203
v -0.17644211 -0.00620886 0.19801367
v -0.17671415 -0.00628012 0.19850473
v -0.17632499 -0.00618596 0.19815851
v -0.17625486 -0.00617907 0.19856406
v -0.17616266 -0.00615173 0.19824691
v -0.17594635 -0.00611113 0.19859467
v -0.17598041 -0.00611149 0.19826506
v -0.17565089 -0.00604328 0.19850207
v -0.17580524 -0.00607129 0.19821025
v -0.17541295 -0.00598589 0.19830052
v -0.17566418 -0.00603728 0.19809089
v -0.17526868 -0.00594767 0.19802068
v -0.17557886 -0.00601466 0.1979251
v -0.17491918 -0.00586221 0.19767223
v -0.17504838 -0.00588166 0.19724582
v -0.17532643 -0.00593622 0.1969013
v -0.17571181 -0.00601748 0.19669149
v -0.17614558 -0.00611317 0.19664834
v -0.17656174 -0.00620861 0.19677861
v -0.17729401 -0.00637516 0.19693915
v -0.17724773 -0.00637595 0.19744901
v -0.17719739 -0.0063747 0.197906
v -0.17715141 -0.00637415 0.19835005
v -0.17710268 -0.00637418 0.1988502
v -0.17634657 -0.00620643 0.19888083
v -0.17591285 -0.00611077 0.19892378
v -0.17549669 -0.00601531 0.19879372
v -0.17516177 -0.00593455 0.19851003
v -0.174959 -0.00588078 0.19811634
v -0.17468679 -0.00690564 0.19764971
v -0.17481589 -0.00692511 0.19722291
v -0.17509427 -0.00697961 0.19687852
v -0.17547959 -0.0070609 0.19666898
v -0.17591336 -0.00715653 0.19662582
v -0.17632943 -0.00725202 0.19675603
v -0.17706161 -0.00741856 0.19691658
v -0.17701524 -0.00741936 0.19742634
v -0.17696508 -0.00741813 0.19788336
v -0.17691919 -0.00741758 0.19832745
v -0.17687034 -0.00741757 0.19882756
v -0.17611426 -0.00724984 0.19885826
v -0.17568066 -0.00715417 0.19890129
v -0.17526447 -0.00705871 0.19877111
v -0.17492952 -0.00697795 0.1984874
v -0.17472657 -0.00692421 0.19809371
v -0.17532968 -0.00705027 0.19771572
v -0.17538413 -0.00705847 0.19753602
v -0.17550122 -0.0070814 0.19739109
v -0.17566353 -0.00711561 0.19730281
v -0.17584604 -0.00715587 0.1972846
v -0.17602101 -0.00719603 0.1973395
v -0.176162 -0.00723006 0.1974588
v -0.17624747 -0.00725267 0.19762462
v -0.17626422 -0.00726047 0.19781139
v -0.17620971 -0.00725231 0.19799116
v -0.17609268 -0.00722935 0.19813588
v -0.17593056 -0.00719514 0.1982243
v -0.17574778 -0.0071549 0.19824233
v -0.17557275 -0.0071147 0.19818747
v -0.17543184 -0.00708071 0.19806829
v -0.17534649 -0.00705809 0.1979025
v -0.1750997 -0.00699175 0.19737932
v -0.17500799 -0.00697793 0.19768264
v -0.17529752 -0.00703048 0.19713455
v -0.17557162 -0.00708822 0.19698575
v -0.17587971 -0.00715623 0.19695505
v -0.17617529 -0.00722408 0.19704756
v -0.17661207 -0.0073244 0.19718742
v -0.17663157 -0.00733605 0.19752532
v -0.17661479 -0.00733936 0.19784751
v -0.17656475 -0.00733496 0.19815933
v -0.17648172 -0.00732353 0.19848212
v -0.17602238 -0.0072225 0.19854149
v -0.17571428 -0.00715454 0.19857209
v -0.17541852 -0.00708666 0.19847935
v -0.17518061 -0.0070293 0.1982778
v -0.17503634 -0.0069911 0.1979981
v -0.17507785 -0.0066642 0.19768938
v -0.17516949 -0.006678 0.19738623
v -0.17545396 -0.00674475 0.19754284
v -0.17539954 -0.00673656 0.19772243
v -0.17536747 -0.00671678 0.19714137
v -0.1755709 -0.00676769 0.19739782
v -0.17564138 -0.00677452 0.1969923
v -0.17573326 -0.00680193 0.19730964
v -0.17594963 -0.0068425 0.19696179
v -0.1759158 -0.00684218 0.19729152
v -0.17624512 -0.00691034 0.19705426
v -0.17609086 -0.00688234 0.19734621
v -0.17668208 -0.0070107 0.19719436
v -0.17623186 -0.00691634 0.19746553
v -0.17670127 -0.00702239 0.19753208
v -0.17631736 -0.00693895 0.19763129
v -0.17668464 -0.00702567 0.1978541
v -0.1763339 -0.00694677 0.19781804
v -0.17663446 -0.0070213 0.19816607
v -0.17627957 -0.00693857 0.19799792
v -0.1765517 -0.00700981 0.19848883
v -0.17616254 -0.0069156 0.19814273
v -0.17609205 -0.00690884 0.19854818
v -0.17600041 -0.00688144 0.1982311
v -0.17578387 -0.00684085 0.1985787
v -0.17581766 -0.00684117 0.19824916
v -0.17548841 -0.00677296 0.19848632
v -0.17564263 -0.00680099 0.19819426
v -0.17525059 -0.00671557 0.1982848
v -0.17550173 -0.00676701 0.19807496
v -0.17510631 -0.00667735 0.19800484
v -0.17541629 -0.00674437 0.19790923
v -0.17475667 -0.0065919 0.19765642
v -0.1748856 -0.00661139 0.19722971
v -0.17516422 -0.0066659 0.19688531
v -0.17554953 -0.00674719 0.19667562
v -0.17598319 -0.00684288 0.19663271
v -0.17639923 -0.00693834 0.19676286
v -0.17713153 -0.00710488 0.19692337
v -0.17708507 -0.00710571 0.19743299
v -0.17703497 -0.00710439 0.19788998
v -0.17698907 -0.00710385 0.19833412
v -0.17694014 -0.00710382 0.19883415
v -0.17618408 -0.00693614 0.19886484
v -0.17575049 -0.00684045 0.19890803
v -0.17533439 -0.00674501 0.19877779
v -0.17499941 -0.00666424 0.19849401
v -0.17479661 -0.00661048 0.19810047
v -0.17500618 -0.00547166 0.19768075
v -0.17513522 -0.00549113 0.19725398
v -0.17541369 -0.00554567 0.19690962
v -0.17579916 -0.00562693 0.19669978
v -0.17623281 -0.00572262 0.1966568
v -0.17664885 -0.00581806 0.19678716
v -0.17738106 -0.00598461 0.19694764
v -0.17733481 -0.00598541 0.19745738
v -0.1772843 -0.00598416 0.19791446
v -0.17723849 -0.00598357 0.19835861
v -0.1771897 -0.00598362 0.19885857
v -0.17643359 -0.0058159 0.19888918
v -0.17599982 -0.00572024 0.19893236
v -0.17558386 -0.00562476 0.19880218
v -0.17524901 -0.00554398 0.19851847
v -0.17504602 -0.00549025 0.1981249
v -0.17564907 -0.0056163 0.19774682
v -0.17570337 -0.00562452 0.19756726
v -0.17582058 -0.00564745 0.19742225
v -0.17598277 -0.00568165 0.19733394
v -0.17616534 -0.00572191 0.19731576
v -0.17634034 -0.0057621 0.1973706
v -0.17648133 -0.00579609 0.19748987
v -0.17656666 -0.0058187 0.19765563
v -0.17658358 -0.00582652 0.19784252
v -0.17652919 -0.00581832 0.19802214
v -0.17641207 -0.00579539 0.19816692
v -0.17624974 -0.00576122 0.19825546
v -0.17606726 -0.00572092 0.19827343
v -0.17589238 -0.00568073 0.19821853
v -0.17575123 -0.00564676 0.19809947
v -0.17566591 -0.00562412 0.19793339
v -0.17541906 -0.00555777 0.19741053
v -0.1753273 -0.00554398 0.19771374
v -0.175617 -0.00559655 0.1971658
v -0.1758908 -0.00565434 0.1970167
v -0.17619898 -0.00572226 0.19698612
v -0.17649465 -0.00579012 0.19707877
v -0.17693141 -0.00589042 0.19721873
v -0.17695108 -0.0059021 0.19755645
v -0.1769343 -0.0059054 0.19787852
v -0.17688414 -0.005901 0.19819034
v -0.17680114 -0.00588956 0.19851316
v -0.17634192 -0.00578854 0.19857253
v -0.17603361 -0.00572056 0.19860304
v -0.17573791 -0.00565272 0.1985106
v -0.17549982 -0.00559538 0.19830898
v -0.17535561 -0.00555716 0.19802929
v -0.17539739 -0.00523023 0.19772045
v -0.17548885 -0.00524408 0.19741733
v -0.17577326 -0.0053108 0.19757397
v -0.17571899 -0.00530261 0.19775341
v -0.17568686 -0.00528281 0.1971725
v -0.1758905 -0.00533372 0.19742913
v -0.17596066 -0.00534059 0.19702346
v -0.1760526 -0.00536797 0.19734086
v -0.17626896 -0.00540859 0.19699291
v -0.17623513 -0.00540822 0.19732259
v -0.17656442 -0.00547644 0.19708542
v -0.17641034 -0.00544838 0.19737736
v -0.17700135 -0.00557673 0.19722543
v -0.17655134 -0.00548239 0.19749684
v -0.17702081 -0.00558841 0.19756315
v -0.17663666 -0.00550501 0.1976623
v -0.17700403 -0.0055917 0.19788534
v -0.1766535 -0.00551283 0.19784928
v -0.17695409 -0.00558731 0.19819738
v -0.17659911 -0.00550465 0.19802896
v -0.17687106 -0.00557587 0.1985199
v -0.17648196 -0.00548166 0.19817392
v -0.17641165 -0.00547484 0.19857938
v -0.17631965 -0.00544747 0.19826211
v -0.17610344 -0.0054069 0.19860978
v -0.17613735 -0.00540719 0.19828005
v -0.17580783 -0.00533905 0.19851745
v -0.17596209 -0.00536702 0.19822551
v -0.1755698 -0.00528161 0.19831596
v -0.17582118 -0.00533306 0.19810615
v -0.17542552 -0.00524343 0.19803609
v -0.17573577 -0.00531045 0.19794039
v -0.17507594 -0.00515799 0.19768761
v -0.17520505 -0.00517745 0.19726081
v -0.17548358 -0.00523197 0.1969162
v -0.17586892 -0.00531324 0.19670675
v -0.1763027 -0.00540888 0.19666384
v -0.1767185 -0.0055044 0.19679395
v -0.17745086 -0.00567091 0.19695441
v -0.17740461 -0.00567171 0.19746412
v -0.17735418 -0.00567047 0.19792114
v -0.17730838 -0.0056699 0.19836537
v -0.17725962 -0.00566988 0.19886536
v -0.17650333 -0.0055022 0.19889609
v -0.17606976 -0.00540651 0.19893916
v -0.17565375 -0.00531106 0.19880889
v -0.17531871 -0.00523033 0.19852523
v -0.17511591 -0.00517655 0.1981316
v -0.1775068 -0.00643416 0.19747482
v -0.17755323 -0.00643343 0.19696275
v -0.17748346 -0.00674711 0.19695594
v -0.17743691 -0.00674789 0.19746822
v -0.17745611 -0.00643295 0.19793365
v -0.17738634 -0.00674668 0.19792702
v -0.17741045 -0.00643239 0.19837628
v -0.17734062 -0.00674612 0.19836944
v -0.17736166 -0.00643238 0.19887535
v -0.1772919 -0.00674609 0.19886872
v -0.17734411 -0.00716386 0.19745913
v -0.17739066 -0.00716314 0.19694677
v -0.17732077 -0.00747684 0.19694
v -0.17727422 -0.00747763 0.19745212
v -0.17729368 -0.00716263 0.1979177
v -0.17722383 -0.00747632 0.19791102
v -0.17724812 -0.00716207 0.19836038
v -0.1771782 -0.00747579 0.19835358
v -0.17719912 -0.00716211 0.19885951
v -0.17712938 -0.00747577 0.19885282
v -0.17766347 -0.00572996 0.1974902
v -0.17770996 -0.00572921 0.1969778
v -0.17764008 -0.00604291 0.1969711
v -0.17759347 -0.00604366 0.19748325
v -0.17761305 -0.0057287 0.19794894
v -0.17754322 -0.00604236 0.19794218
v -0.1775673 -0.00572814 0.19839145
v -0.17749735 -0.00604188 0.19838477
v -0.17751848 -0.00572816 0.19889064
v -0.17744869 -0.00604186 0.19888387
v -0.17784702 -0.00604987 0.19471657
v -0.17772939 -0.0065782 0.19470493
v -0.17761156 -0.00710654 0.19469356
v -0.17792305 -0.00552114 0.19513241
v -0.1778056 -0.00604946 0.1951209
v -0.17768794 -0.00657776 0.19510944
v -0.17757031 -0.00710611 0.19509802
v -0.17745247 -0.00763443 0.19508652
v -0.17788171 -0.00552072 0.19553692
v -0.1777642 -0.00604904 0.1955254
v -0.17764651 -0.00657737 0.19551374
v -0.17752891 -0.00710571 0.1955022
v -0.17741122 -0.00763402 0.195491
v -0.17771944 -0.0055191 0.19712166
v -0.17760196 -0.00604741 0.19711019
v -0.17748436 -0.00657571 0.19709856
v -0.17736673 -0.00710405 0.19708712
v -0.17724886 -0.00763238 0.19707571
v -0.1776781 -0.00551867 0.19752611
v -0.17756056 -0.00604696 0.1975146
v -0.17744272 -0.00657531 0.19750322
v -0.17732536 -0.0071036 0.19749163
v -0.17720741 -0.00763195 0.19748012
v -0.17763677 -0.00551823 0.1979305
v -0.17751917 -0.00604653 0.19791886
v -0.17740154 -0.00657487 0.1979074
v -0.17728391 -0.00710317 0.19789598
v -0.17716613 -0.00763152 0.19788451
v -0.1775687 -0.00551752 0.19859583
v -0.1774511 -0.00604585 0.19858433
v -0.17733341 -0.00657419 0.19857268
v -0.17721587 -0.00710251 0.19856123
v -0.17709803 -0.00763084 0.19854973
v -0.17752745 -0.0055171 0.19900025
v -0.17740958 -0.00604545 0.19898885
v -0.1772921 -0.00657378 0.19897724
v -0.17717415 -0.00710215 0.19896568
v -0.17705667 -0.00763042 0.19895421
v -0.17736825 -0.00604503 0.19939312
v -0.17725062 -0.00657337 0.19938148
v -0.17713293 -0.00710168 0.19936995
v -0.17812836 -0.00556733 0.19515352
v -0.17805206 -0.00609605 0.19473758
v -0.17801061 -0.00609562 0.19514206
v -0.17793455 -0.00662438 0.19472597
v -0.17789313 -0.00662397 0.19513069
v -0.17781689 -0.00715268 0.19471453
v -0.17777556 -0.00715224 0.19511918
v -0.17765757 -0.00768061 0.19510762
v -0.17808708 -0.00556688 0.19555796
v -0.17796924 -0.0060952 0.19554656
v -0.17785173 -0.00662351 0.1955349
v -0.17773404 -0.00715182 0.19552354
v -0.17761629 -0.00768015 0.19551195
v -0.1779249 -0.00556523 0.19714267
v -0.17780706 -0.00609358 0.19713117
v -0.17768952 -0.00662184 0.19711966
v -0.17757183 -0.00715019 0.19710834
v -0.17745417 -0.0076785 0.19709678
v -0.17788329 -0.00556484 0.19754721
v -0.17776566 -0.00609316 0.19753575
v -0.17764812 -0.00662148 0.1975239
v -0.1775304 -0.00714978 0.1975127
v -0.17741271 -0.00767809 0.19750113
v -0.17784208 -0.00556439 0.19795148
v -0.1777243 -0.00609274 0.19793994
v -0.17760682 -0.00662105 0.19792835
v -0.17748889 -0.00714939 0.19791682
v -0.17737138 -0.00767765 0.19790549
v -0.17777374 -0.00556374 0.19861675
v -0.17765626 -0.00609199 0.19860522
v -0.17753866 -0.00662035 0.19859378
v -0.17742094 -0.00714864 0.19858236
v -0.17730319 -0.007677 0.19857089
v -0.17773249 -0.00556324 0.19902114
v -0.1776148 -0.0060916 0.19900968
v -0.1774972 -0.00661991 0.19899813
v -0.17737948 -0.00714824 0.19898669
v -0.17726182 -0.00767656 0.19897513
v -0.17757356 -0.00609115 0.19941401
v -0.17745569 -0.00661949 0.19940243
v -0.17733812 -0.00714781 0.19939108
v -0.17703324 -0.00763018 0.19918324
v -0.17723855 -0.00767628 0.19920431
v -0.17715096 -0.00710187 0.1991948
v -0.17759147 -0.00609137 0.1992388
v -0.17747369 -0.00661967 0.19922719
v -0.1772685 -0.00657355 0.19920606
v -0.17738616 -0.00604521 0.1992177
v -0.17750391 -0.00551686 0.19922916
v -0.177356 -0.007148 0.19921584
v -0.17770889 -0.00556304 0.19925029
v -0.1744847 -0.00540191 0.19934871
v -0.17436707 -0.00593016 0.19933714
v -0.17424929 -0.00645851 0.19932557
v -0.17499694 -0.00496231 0.19940079
v -0.17487934 -0.00549063 0.19938918
v -0.17476168 -0.00601898 0.19937758
v -0.17464408 -0.00654726 0.19936625
v -0.17452627 -0.0070756 0.1993546
v -0.1753914 -0.00505108 0.19944115
v -0.17527407 -0.00557941 0.19942966
v -0.17515629 -0.00610777 0.1994182
v -0.17503857 -0.00663601 0.19940678
v -0.174921 -0.00716433 0.19939522
v -0.17567205 -0.00511411 0.19946993
v -0.17555424 -0.00564244 0.19945853
v -0.17543661 -0.0061708 0.19944684
v -0.17531901 -0.00669911 0.19943536
v -0.17520111 -0.0072274 0.19942395
v -0.17606642 -0.00520293 0.19951029
v -0.17594888 -0.00573123 0.19949884
v -0.17583128 -0.00625957 0.1994874
v -0.17571359 -0.00678785 0.19947578
v -0.1755959 -0.00731618 0.19946427
v -0.17646101 -0.00529167 0.19955082
v -0.17634341 -0.00582001 0.19953951
v -0.17622602 -0.0063483 0.19952784
v -0.17610809 -0.00687666 0.19951634
v -0.17599058 -0.00740497 0.19950483
v -0.17685577 -0.00538044 0.19959138
v -0.1767382 -0.00590874 0.19957992
v -0.17662039 -0.0064371 0.1995684
v -0.17650285 -0.00696542 0.19955693
v -0.1763851 -0.0074937 0.19954548
v -0.17725023 -0.00546922 0.19963185
v -0.17713284 -0.00599752 0.19962036
v -0.17701506 -0.00652583 0.19960887
v -0.17689737 -0.00705416 0.19959749
v -0.17677983 -0.00758247 0.19958593
v -0.17752733 -0.00608628 0.19966086
v -0.17740976 -0.00661461 0.1996492
v -0.17729219 -0.00714292 0.19963775
v -0.17501834 -0.00496253 0.1991903
v -0.17450615 -0.00540213 0.19913846
v -0.17490103 -0.00549085 0.19917899
v -0.17438864 -0.00593037 0.19912682
v -0.17478314 -0.0060192 0.19916738
v -0.17427095 -0.00645874 0.19911538
v -0.17466557 -0.0065475 0.19915585
v -0.17454788 -0.00707583 0.19914449
v -0.17541319 -0.00505128 0.19923092
v -0.17529541 -0.00557964 0.19921943
v -0.17517802 -0.00610794 0.19920797
v -0.17506021 -0.00663625 0.19919644
v -0.17494246 -0.00716456 0.19918499
v -0.1756933 -0.00511436 0.19925968
v -0.17557594 -0.00564265 0.19924828
v -0.17545807 -0.00617098 0.19923661
v -0.17534053 -0.00669933 0.1992252
v -0.17522278 -0.0072276 0.19921368
v -0.17608812 -0.0052031 0.19930015
v -0.17597037 -0.00573146 0.19928863
v -0.17585286 -0.00625973 0.19927702
v -0.17573499 -0.00678807 0.19926561
v -0.17561733 -0.0073164 0.19925417
v -0.17648273 -0.0052919 0.19934065
v -0.17636498 -0.00582019 0.19932907
v -0.17624729 -0.00634854 0.19931753
v -0.17612981 -0.00687684 0.19930608
v -0.176012 -0.00740517 0.19929473
v -0.17687711 -0.00538069 0.19938109
v -0.17675975 -0.00590896 0.1993696
v -0.17664203 -0.00643729 0.19935812
v -0.17652425 -0.00696564 0.19934655
v -0.17640668 -0.00749395 0.19933505
v -0.17727202 -0.00546942 0.1994216
v -0.17715415 -0.00599777 0.19941023
v -0.17703661 -0.00652608 0.19939865
v -0.1769191 -0.00705436 0.19938705
v -0.17680123 -0.0075827 0.19937561
v -0.17754903 -0.00608649 0.1994507
v -0.17743131 -0.00661484 0.19943918
v -0.17731359 -0.00714316 0.19942762
v -0.17700329 -0.00763275 0.19960869
v -0.17702478 -0.007633 0.1993985
v -0.17712089 -0.00710447 0.1996202
v -0.17737776 -0.00604803 0.19943302
v -0.17726022 -0.00657631 0.19942142
v -0.17723858 -0.00657613 0.19963188
v -0.17735642 -0.00604781 0.19964325
v -0.17747378 -0.00551947 0.19965477
v -0.1771425 -0.00710467 0.19940997
v -0.1774955 -0.00551969 0.19944466
v -0.17577678 -0.00724925 0.19776156
v -0.17532703 -0.00714804 0.19771522
v -0.17534494 -0.00715008 0.19762617
v -0.17537912 -0.00715594 0.19754247
v -0.17542889 -0.00716534 0.19746708
v -0.17549219 -0.00717802 0.19740286
v -0.1755661 -0.00719344 0.19735267
v -0.17564818 -0.00721099 0.19731798
v -0.17573526 -0.00722995 0.19730043
v -0.1758241 -0.00724971 0.19730058
v -0.17591103 -0.00726944 0.19731846
v -0.17599257 -0.00728841 0.19735318
v -0.17606595 -0.00730585 0.19740396
v -0.1761282 -0.0073211 0.19746825
v -0.17617696 -0.00733368 0.19754383
v -0.1762107 -0.00734288 0.19762775
v -0.17622724 -0.0073486 0.19771699
v -0.17622679 -0.00735043 0.19780764
v -0.17620882 -0.00734836 0.19789671
v -0.17617437 -0.00734254 0.19798064
v -0.17612469 -0.0073331 0.19805602
v -0.17606142 -0.00732046 0.19812007
v -0.17598754 -0.00730503 0.19817045
v -0.17590537 -0.00728753 0.198205
v -0.17581847 -0.00726849 0.19822266
v -0.17572963 -0.00724874 0.19822257
v -0.17564281 -0.00722901 0.19820465
v -0.1755611 -0.00721006 0.19816981
v -0.17548769 -0.00719262 0.19811929
v -0.17542538 -0.00717735 0.19805488
v -0.17537659 -0.00716486 0.19797922
v -0.17534306 -0.00715562 0.19789537
v -0.17532634 -0.00714991 0.19780632
v -0.17535767 -0.00701074 0.19771829
v -0.1753754 -0.00701273 0.19762921
v -0.17540985 -0.00701859 0.19754549
v -0.17545965 -0.00702801 0.19746998
v -0.17552265 -0.00704072 0.19740581
v -0.17559671 -0.00705606 0.19735559
v -0.17567896 -0.00707361 0.19732087
v -0.17576593 -0.00709262 0.19730326
v -0.17585474 -0.00711232 0.19730341
v -0.17594146 -0.00713212 0.19732126
v -0.17602324 -0.00715106 0.19735619
v -0.17609646 -0.00716853 0.19740676
v -0.1761589 -0.00718377 0.1974712
v -0.17620778 -0.00719629 0.19754669
v -0.17624098 -0.0072056 0.19763058
v -0.17625781 -0.00721127 0.19771972
v -0.17625731 -0.00721304 0.19781068
v -0.1762394 -0.00721106 0.19789958
v -0.17620486 -0.00720521 0.19798338
v -0.17615521 -0.00719577 0.19805875
v -0.17609223 -0.00718307 0.19812306
v -0.17601811 -0.00716772 0.19817343
v -0.17593601 -0.00715018 0.198208
v -0.17584887 -0.00713116 0.19822558
v -0.17576029 -0.00711143 0.19822552
v -0.17567348 -0.00709169 0.19820764
v -0.1755917 -0.00707273 0.19817268
v -0.17551836 -0.00705526 0.19812205
v -0.17545592 -0.00704001 0.19805765
v -0.17540717 -0.00702749 0.19798225
v -0.17537379 -0.00701819 0.19789826
v -0.17535692 -0.00701259 0.19780927
v -0.17538794 -0.00687336 0.19772146
v -0.17540577 -0.00687542 0.19763229
v -0.17544043 -0.00688124 0.19754858
v -0.17549005 -0.00689066 0.19747291
v -0.1755532 -0.00690333 0.19740891
v -0.17562711 -0.00691874 0.19735856
v -0.17570933 -0.00693627 0.19732403
v -0.17579639 -0.0069553 0.19730632
v -0.17588511 -0.00697501 0.19730655
v -0.17597207 -0.00699473 0.19732435
v -0.17605364 -0.00701371 0.19735913
v -0.17612704 -0.00703116 0.19740994
v -0.17618939 -0.00704646 0.19747419
v -0.17623812 -0.00705894 0.19754982
v -0.17627158 -0.00706822 0.19763363
v -0.17628821 -0.0070739 0.1977228
v -0.17628783 -0.00707572 0.19781369
v -0.17626991 -0.00707373 0.19790267
v -0.17623534 -0.00706788 0.1979864
v -0.17618566 -0.00705844 0.19806206
v -0.17612272 -0.00704574 0.19812618
v -0.17604854 -0.00703038 0.1981765
v -0.17596635 -0.00701286 0.1982111
v -0.17587938 -0.00699384 0.19822874
v -0.17579066 -0.00697406 0.19822841
v -0.17570379 -0.00695436 0.19821064
v -0.17562204 -0.0069354 0.19817569
v -0.17554867 -0.00691793 0.19812524
v -0.17548638 -0.00690267 0.19806081
v -0.17543757 -0.00689014 0.19798535
v -0.17540437 -0.00688082 0.1979013
v -0.17538753 -0.00687519 0.1978122
v -0.17541876 -0.00673602 0.19772441
v -0.17543661 -0.0067381 0.19763539
v -0.17547109 -0.00674392 0.19755138
v -0.17552095 -0.00675333 0.19747595
v -0.17558378 -0.00676601 0.19741194
v -0.17565792 -0.0067814 0.19736145
v -0.17574015 -0.00679893 0.19732709
v -0.17582726 -0.00681794 0.19730939
v -0.17591583 -0.00683771 0.19730947
v -0.17600259 -0.00685745 0.1973273
v -0.17608445 -0.00687636 0.19736225
v -0.17615789 -0.00689382 0.19741298
v -0.17622003 -0.00690911 0.19747714
v -0.17626896 -0.00692158 0.19755293
v -0.17630228 -0.00693088 0.19763676
v -0.17631912 -0.00693654 0.19772587
v -0.17631834 -0.00693842 0.19781656
v -0.17630082 -0.00693636 0.19790579
v -0.17626619 -0.00693051 0.19798962
v -0.17621639 -0.00692111 0.19806495
v -0.1761533 -0.00690844 0.19812919
v -0.17607942 -0.00689304 0.19817937
v -0.17599725 -0.00687547 0.19821406
v -0.17591014 -0.00685647 0.19823171
v -0.17582142 -0.00683674 0.19823147
v -0.17573449 -0.00681703 0.1982135
v -0.17565283 -0.00679805 0.19817873
v -0.17557948 -0.00678061 0.19812835
v -0.17551699 -0.00676532 0.19806376
v -0.17546835 -0.0067528 0.19798828
v -0.175435 -0.00674353 0.19790427
v -0.1754184 -0.00673785 0.19781501
v -0.17544937 -0.00659863 0.19772753
v -0.17546713 -0.0066007 0.19763833
v -0.17550173 -0.00660655 0.19755446
v -0.1755512 -0.00661601 0.19747901
v -0.17561444 -0.00662863 0.19741496
v -0.17568853 -0.00664405 0.19736453
v -0.17577043 -0.00666159 0.19732987
v -0.17585754 -0.00668065 0.19731241
v -0.17594626 -0.00670036 0.19731247
v -0.17603305 -0.00672007 0.19733035
v -0.17611479 -0.00673902 0.19736537
v -0.17618832 -0.00675644 0.19741579
v -0.17625054 -0.00677179 0.19748014
v -0.17629936 -0.00678425 0.19755587
v -0.17633289 -0.00679353 0.19763973
v -0.17634967 -0.00679916 0.19772887
v -0.17634892 -0.00680104 0.19781968
v -0.17633116 -0.00679903 0.19790875
v -0.17629683 -0.00679314 0.19799262
v -0.17624694 -0.00678372 0.19806796
v -0.17618382 -0.00677106 0.19813215
v -0.17610988 -0.00675568 0.19818243
v -0.17602759 -0.00673816 0.19821709
v -0.1759406 -0.00671915 0.19823452
v -0.17585179 -0.0066994 0.19823443
v -0.17576509 -0.00667962 0.1982167
v -0.17568329 -0.00666071 0.19818159
v -0.17561 -0.00664325 0.19813123
v -0.17554765 -0.00662796 0.19806692
v -0.17549887 -0.00661548 0.19799122
v -0.17546537 -0.00660622 0.19790723
v -0.17544877 -0.00660049 0.19781807
v -0.17547991 -0.00646133 0.19773034
v -0.1754978 -0.00646339 0.19764135
v -0.17553213 -0.00646924 0.19755752
v -0.1755819 -0.00647867 0.19748194
v -0.17564505 -0.0064913 0.19741781
v -0.17571917 -0.00650673 0.19736753
v -0.17580115 -0.00652426 0.19733278
v -0.1758883 -0.00654324 0.19731538
v -0.17597696 -0.00656301 0.19731564
v -0.17606377 -0.00658273 0.19733341
v -0.17614549 -0.00660172 0.19736833
v -0.17621889 -0.00661914 0.19741867
v -0.17628115 -0.00663441 0.19748307
v -0.17632988 -0.0066469 0.19755877
v -0.17636352 -0.00665617 0.19764278
v -0.17638018 -0.00666187 0.19773192
v -0.17637962 -0.00666374 0.19782264
v -0.17636176 -0.00666166 0.19791169
v -0.1763274 -0.00665584 0.19799561
v -0.17627763 -0.00664637 0.19807116
v -0.17621427 -0.00663377 0.19813506
v -0.17614036 -0.00661832 0.19818554
v -0.17605841 -0.0066008 0.19822008
v -0.17597132 -0.00658176 0.19823752
v -0.17588254 -0.00656203 0.19823752
v -0.17579567 -0.00654231 0.19821958
v -0.17571407 -0.00652334 0.19818468
v -0.17564061 -0.00650594 0.1981341
v -0.17557817 -0.00649061 0.19806985
v -0.17552956 -0.0064781 0.19799415
v -0.17549601 -0.00646889 0.1979102
v -0.17547935 -0.0064632 0.19782109
v -0.17551043 -0.00632401 0.19773331
v -0.17552834 -0.00632599 0.1976443
v -0.17556271 -0.0063319 0.19756043
v -0.17561242 -0.00634129 0.19748519
v -0.17567557 -0.00635393 0.19742085
v -0.17574971 -0.00636933 0.1973706
v -0.17583173 -0.00638689 0.19733591
v -0.17591866 -0.00640591 0.1973184
v -0.17600745 -0.00642562 0.19731862
v -0.17609444 -0.00644534 0.19733636
v -0.17617616 -0.00646431 0.19737131
v -0.17624935 -0.00648179 0.19742183
v -0.17631176 -0.00649706 0.19748623
v -0.17636054 -0.00650958 0.19756168
v -0.17639383 -0.00651888 0.19764578
v -0.17641067 -0.00652453 0.19773495
v -0.17641022 -0.00652635 0.19782556
v -0.17639228 -0.00652435 0.1979147
v -0.1763578 -0.00651847 0.19799856
v -0.17630791 -0.00650905 0.19807408
v -0.176245 -0.00649639 0.19813795
v -0.17617082 -0.00648098 0.19818848
v -0.17608881 -0.00646347 0.19822293
v -0.17600166 -0.00644445 0.19824068
v -0.17591321 -0.00642469 0.19824059
v -0.17582622 -0.00640494 0.19822277
v -0.17574447 -0.006386 0.19818773
v -0.17567116 -0.00636853 0.19813703
v -0.17560884 -0.00635326 0.19807288
v -0.17555999 -0.0063408 0.19799725
v -0.17552661 -0.00633148 0.19791333
v -0.17550972 -0.00632584 0.19782428
v -0.1755411 -0.00618664 0.19773624
v -0.17555907 -0.00618868 0.19764728
v -0.1755934 -0.00619451 0.19756351
v -0.1756432 -0.00620396 0.19748814
v -0.17570629 -0.00621662 0.19742389
v -0.1757802 -0.00623202 0.1973737
v -0.1758624 -0.0062495 0.19733892
v -0.17594948 -0.00626854 0.19732128
v -0.17603817 -0.00628828 0.19732143
v -0.17612496 -0.00630801 0.19733931
v -0.17620673 -0.00632699 0.19737438
v -0.17628014 -0.00634443 0.19742472
v -0.17634257 -0.00635965 0.19748924
v -0.1763913 -0.00637219 0.19756455
v -0.1764248 -0.00638148 0.19764871
v -0.17644134 -0.00638715 0.19773773
v -0.17644095 -0.006389 0.19782851
v -0.1764231 -0.00638694 0.19791771
v -0.1763885 -0.00638112 0.19800148
v -0.17633879 -0.00637169 0.198077
v -0.1762757 -0.006359 0.19814111
v -0.1762017 -0.00634362 0.19819138
v -0.17611947 -0.00632608 0.19822596
v -0.17603236 -0.00630711 0.19824369
v -0.1759437 -0.00628734 0.19824354
v -0.17585691 -0.00626763 0.19822566
v -0.17577514 -0.00624863 0.19819088
v -0.1757017 -0.00623122 0.19814007
v -0.17563951 -0.00621594 0.19807581
v -0.17559072 -0.00620338 0.19800011
v -0.17555743 -0.00619412 0.19791637
v -0.1755405 -0.00618848 0.19782726
v -0.17557156 -0.00604931 0.19773939
v -0.17558938 -0.00605132 0.19765046
v -0.17562401 -0.00605716 0.19756642
v -0.17567384 -0.00606656 0.19749109
v -0.17573678 -0.00607923 0.19742682
v -0.17581078 -0.00609467 0.19737662
v -0.175893 -0.00611218 0.19734185
v -0.17598021 -0.0061312 0.1973243
v -0.1760686 -0.00615096 0.19732445
v -0.17615547 -0.0061707 0.19734242
v -0.17623725 -0.00618962 0.19737723
v -0.17631086 -0.00620708 0.19742788
v -0.17637288 -0.00622237 0.19749224
v -0.17642182 -0.00623487 0.19756779
v -0.17645511 -0.00624415 0.19765171
v -0.17647191 -0.00624983 0.1977407
v -0.17647132 -0.00625165 0.19783166
v -0.17645359 -0.00624963 0.19792065
v -0.17641893 -0.00624378 0.19800448
v -0.1763693 -0.00623431 0.19807997
v -0.17630624 -0.00622168 0.19814413
v -0.17623224 -0.00620632 0.19819441
v -0.17615011 -0.00618874 0.19822898
v -0.17606291 -0.00616974 0.19824659
v -0.17597436 -0.00614999 0.19824647
v -0.17588758 -0.00613027 0.1982285
v -0.17580574 -0.00611129 0.19819383
v -0.17573231 -0.00609384 0.19814312
v -0.1756699 -0.00607858 0.19807878
v -0.1756213 -0.00606604 0.19800326
v -0.17558792 -0.00605677 0.1979193
v -0.17557105 -0.00605111 0.19783014
v -0.17560231 -0.0059119 0.19774225
v -0.17561993 -0.005914 0.19765326
v -0.17565459 -0.0059198 0.19756919
v -0.17570436 -0.00592925 0.19749391
v -0.1757673 -0.0059419 0.19742983
v -0.17584142 -0.00595733 0.19737947
v -0.17592349 -0.00597484 0.1973451
v -0.17601051 -0.00599385 0.19732713
v -0.17609918 -0.00601362 0.19732743
v -0.17618614 -0.00603336 0.19734522
v -0.17626774 -0.00605231 0.19738015
v -0.17634123 -0.00606975 0.19743093
v -0.17640358 -0.006085 0.1974951
v -0.17645236 -0.00609752 0.1975708
v -0.17648577 -0.00610677 0.1976546
v -0.17650258 -0.00611245 0.19774371
v -0.1765019 -0.00611431 0.19783461
v -0.17648401 -0.00611228 0.19792383
v -0.17644968 -0.00610644 0.19800746
v -0.17639988 -0.00609698 0.19808295
v -0.17633679 -0.00608433 0.19814702
v -0.17626288 -0.00606897 0.19819739
v -0.17618054 -0.00605144 0.19823217
v -0.17609363 -0.0060324 0.19824942
v -0.17600488 -0.00601261 0.19824934
v -0.17591807 -0.00599291 0.19823148
v -0.17583623 -0.00597396 0.19819665
v -0.17576286 -0.00595652 0.19814619
v -0.17570072 -0.0059412 0.19808173
v -0.17565175 -0.00592876 0.19800627
v -0.17561844 -0.00591947 0.19792223
v -0.17560172 -0.00591378 0.1978333
v -0.17563265 -0.00577457 0.19774539
v -0.17565065 -0.00577659 0.19765617
v -0.17568516 -0.00578245 0.19757245
v -0.17573466 -0.00579194 0.19749687
v -0.17579788 -0.00580452 0.19743292
v -0.17587205 -0.00581994 0.19738258
v -0.17595398 -0.00583748 0.19734792
v -0.17604118 -0.00585651 0.19733037
v -0.1761299 -0.00587623 0.19733037
v -0.17621654 -0.00589603 0.19734834
v -0.17629835 -0.00591495 0.19738315
v -0.17637181 -0.00593239 0.1974339
v -0.17643398 -0.00594767 0.19749806
v -0.17648279 -0.00596017 0.19757382
v -0.17651626 -0.00596941 0.19765777
v -0.17653316 -0.0059751 0.19774679
v -0.17653253 -0.00597698 0.1978376
v -0.17651459 -0.00597492 0.1979268
v -0.17648014 -0.00596904 0.19801057
v -0.17643058 -0.0059596 0.19808594
v -0.17636722 -0.00594702 0.19815002
v -0.17629331 -0.00593159 0.19820036
v -0.17621126 -0.00591404 0.19823508
v -0.17612412 -0.00589502 0.19825263
v -0.17603531 -0.00587531 0.19825242
v -0.1759485 -0.0058556 0.1982346
v -0.17586681 -0.00583661 0.19819967
v -0.17579358 -0.00581914 0.19814918
v -0.17573112 -0.00580385 0.19808487
v -0.17568248 -0.00579135 0.19800926
v -0.17564886 -0.0057821 0.19792528
v -0.17563235 -0.00577639 0.19783611
v -0.17566353 -0.00563726 0.1977483
v -0.17568132 -0.00563927 0.19765904
v -0.17571562 -0.00564516 0.19757524
v -0.17576533 -0.00565457 0.19749984
v -0.17582857 -0.00566721 0.19743582
v -0.17590269 -0.00568262 0.19738543
v -0.17598465 -0.00570019 0.19735077
v -0.17607179 -0.00571916 0.19733333
v -0.17616048 -0.00573891 0.19733345
v -0.17624741 -0.00575863 0.19735148
v -0.17632901 -0.00577759 0.19738611
v -0.17640242 -0.00579504 0.19743686
v -0.17646467 -0.00581035 0.19750094
v -0.17651364 -0.00582284 0.19757664
v -0.17654702 -0.00583211 0.19766065
v -0.17656379 -0.00583777 0.1977497
v -0.17656317 -0.00583964 0.19784069
v -0.17654526 -0.0058376 0.19792962
v -0.17651093 -0.00583175 0.19801354
v -0.17646107 -0.00582231 0.19808882
v -0.176398 -0.00580963 0.19815293
v -0.17632389 -0.00579427 0.19820347
v -0.17624187 -0.00577673 0.19823786
v -0.17615491 -0.00575771 0.19825542
v -0.17606622 -0.00573791 0.19825542
v -0.17597931 -0.00571821 0.19823753
v -0.17589753 -0.00569924 0.19820261
v -0.17582428 -0.00568181 0.198152
v -0.17576187 -0.00566653 0.19808787
v -0.17571294 -0.00565408 0.19801202
v -0.17567959 -0.0056448 0.19792822
v -0.17566278 -0.0056391 0.19783899
v -0.17569404 -0.00549992 0.19775119
v -0.17571193 -0.00550191 0.19766223
v -0.17574638 -0.00550776 0.19757822
v -0.17579606 -0.00551722 0.19750288
v -0.17585909 -0.0055299 0.19743877
v -0.1759333 -0.00554524 0.1973885
v -0.17601537 -0.00556283 0.19735384
v -0.17610234 -0.00558181 0.19733637
v -0.17619112 -0.00560154 0.19733649
v -0.17627796 -0.00562129 0.1973544
v -0.1763598 -0.00564021 0.19738932
v -0.17643305 -0.00565769 0.19743982
v -0.1764954 -0.00567296 0.19750413
v -0.17654413 -0.00568549 0.19757968
v -0.17657747 -0.00569478 0.1976636
v -0.17659428 -0.00570046 0.19775289
v -0.17659378 -0.00570232 0.19784361
v -0.17657598 -0.00570023 0.19793257
v -0.17654141 -0.00569438 0.19801649
v -0.17649182 -0.00568498 0.19809195
v -0.1764287 -0.00567229 0.19815599
v -0.17635449 -0.00565691 0.19820642
v -0.17627251 -0.00563936 0.19824111
v -0.17618534 -0.00562035 0.19825866
v -0.17609667 -0.00560061 0.19825848
v -0.17600992 -0.0055809 0.1982406
v -0.17592814 -0.00556193 0.19820562
v -0.17585465 -0.00554451 0.19815519
v -0.17579248 -0.0055292 0.19809076
v -0.17574372 -0.00551668 0.19801524
v -0.17571017 -0.0055074 0.1979312
v -0.17569351 -0.00550176 0.19784212
v -0.17572459 -0.00536255 0.19775426
v -0.17574247 -0.00536459 0.19766512
v -0.17577698 -0.00537044 0.19758141
v -0.1758266 -0.00537987 0.19750607
v -0.17588973 -0.00539253 0.19744184
v -0.17596364 -0.00540794 0.19739154
v -0.17604592 -0.00542549 0.1973567
v -0.17613303 -0.00544448 0.19733914
v -0.17622166 -0.00546419 0.19733944
v -0.17630854 -0.00548392 0.19735723
v -0.17639029 -0.00550291 0.19739213
v -0.17646363 -0.00552038 0.19744268
v -0.17652589 -0.00553565 0.19750705
v -0.17657482 -0.00554813 0.19758254
v -0.17660811 -0.00555746 0.19766655
v -0.17662483 -0.00556314 0.19775575
v -0.17662435 -0.00556491 0.19784647
v -0.17660656 -0.00556291 0.19793543
v -0.1765719 -0.00555707 0.19801947
v -0.17652222 -0.00554761 0.1980949
v -0.17645925 -0.00553492 0.19815897
v -0.17638525 -0.00551958 0.19820931
v -0.17630291 -0.00550205 0.19824385
v -0.17621594 -0.00548302 0.19826164
v -0.17612734 -0.0054633 0.19826147
v -0.17604047 -0.00544354 0.19824364
v -0.17595881 -0.0054246 0.1982086
v -0.17588532 -0.00540711 0.19815787
v -0.17582294 -0.00539187 0.19809362
v -0.17577403 -0.00537936 0.19801822
v -0.1757408 -0.00537007 0.19793424
v -0.17572397 -0.00536442 0.19784516
v -0.17575511 -0.00522515 0.19775733
v -0.17577284 -0.00522726 0.19766828
v -0.17580732 -0.00523307 0.19758448
v -0.17585721 -0.00524249 0.19750902
v -0.17592009 -0.00525511 0.19744479
v -0.17599415 -0.00527055 0.19739446
v -0.17607635 -0.00528809 0.19735994
v -0.17616349 -0.00530709 0.19734233
v -0.17625215 -0.00532687 0.19734251
v -0.17633882 -0.00534661 0.19736015
v -0.17642065 -0.00536556 0.19739523
v -0.17649409 -0.005383 0.19744578
v -0.17655655 -0.00539824 0.19751
v -0.17660525 -0.00541074 0.1975857
v -0.17663869 -0.00542002 0.19766965
v -0.17665547 -0.0054257 0.1977587
v -0.17665475 -0.00542757 0.1978496
v -0.17663705 -0.00542552 0.19793862
v -0.17660254 -0.00541968 0.19802245
v -0.17655268 -0.00541027 0.19809794
v -0.17648968 -0.0053976 0.19816216
v -0.17641565 -0.00538219 0.19821229
v -0.17633339 -0.00536464 0.19824692
v -0.17624637 -0.00534564 0.19826462
v -0.17615774 -0.0053259 0.1982645
v -0.17607101 -0.00530613 0.19824659
v -0.17598909 -0.00528721 0.19821173
v -0.17591574 -0.00526976 0.19816112
v -0.17585343 -0.00525447 0.19809666
v -0.1758047 -0.00524194 0.19802129
v -0.17577138 -0.00523266 0.19793722
v -0.17575469 -0.00522701 0.19784823
v -0.17620497 -0.00532634 0.19780352
v -0.17568117 -0.00747462 0.19819931
v -0.17551755 -0.00743708 0.19814865
v -0.17568662 -0.00742202 0.19825957
v -0.1755034 -0.00737999 0.19820232
v -0.17538595 -0.00740533 0.19803793
v -0.17535275 -0.00734365 0.19807688
v -0.1753095 -0.00738498 0.19788514
v -0.17526814 -0.00732111 0.19790352
v -0.17534402 -0.00738537 0.19754625
v -0.17530748 -0.00732149 0.19751943
v -0.17544987 -0.00740601 0.1974122
v -0.17542526 -0.00734441 0.19736699
v -0.17560133 -0.00743791 0.19733057
v -0.17559832 -0.00738092 0.19727484
v -0.17577174 -0.00747554 0.19731409
v -0.17578944 -0.00742305 0.19725583
v -0.17593535 -0.00751303 0.19736494
v -0.17597264 -0.00746514 0.19731332
v -0.17606207 -0.00754362 0.19747497
v -0.17612347 -0.00750144 0.19743858
v -0.17614343 -0.00756511 0.19762842
v -0.17620801 -0.00752404 0.19761176
v -0.17610874 -0.00756477 0.19796706
v -0.17616871 -0.00752362 0.197996
v -0.17599803 -0.00754299 0.19810076
v -0.17605078 -0.00750071 0.19814841
v -0.17585152 -0.00751218 0.19818286
v -0.17587769 -0.00746417 0.19824065
v -0.17584407 -0.00750994 0.19815595
v -0.17598468 -0.0075396 0.19807951
v -0.17608448 -0.00755908 0.19795383
v -0.17590299 -0.00751922 0.19798065
v -0.17568397 -0.00747464 0.19817136
v -0.17570409 -0.00747485 0.19797639
v -0.17553055 -0.00743936 0.19812376
v -0.17550823 -0.0074305 0.19794018
v -0.17540818 -0.00740989 0.19802053
v -0.17533579 -0.00739071 0.19787697
v -0.176117 -0.00755941 0.19763632
v -0.17594444 -0.00751968 0.19757334
v -0.17574909 -0.00747529 0.19753743
v -0.17555013 -0.00743089 0.19753281
v -0.17536839 -0.00739104 0.19755969
v -0.17604479 -0.0075402 0.19749318
v -0.17592254 -0.00751073 0.19738964
v -0.17576876 -0.00747553 0.19734208
v -0.1756089 -0.00744019 0.19735752
v -0.17546829 -0.00741053 0.19743378
v -0.1755898 -0.00711335 0.19815379
v -0.17575332 -0.00715083 0.19820439
v -0.17574688 -0.00715078 0.19826835
v -0.17556351 -0.00710871 0.1982108
v -0.17546305 -0.00708272 0.19804403
v -0.17541298 -0.00707242 0.19808471
v -0.17538151 -0.00706125 0.19789126
v -0.17532342 -0.00704873 0.1979101
v -0.17541614 -0.00706156 0.19755393
v -0.175363 -0.00704909 0.19752383
v -0.17552685 -0.00708336 0.19742086
v -0.17548617 -0.00707317 0.19737094
v -0.17567315 -0.00711418 0.19733929
v -0.175659 -0.0071097 0.19727826
v -0.17584353 -0.00715179 0.19732281
v -0.17585012 -0.00715185 0.19725903
v -0.17600703 -0.00718926 0.19737368
v -0.17603328 -0.00719391 0.19731649
v -0.17613384 -0.0072199 0.19748309
v -0.17618396 -0.0072302 0.19744253
v -0.1762152 -0.00724135 0.19763615
v -0.17627343 -0.00725391 0.19761741
v -0.1761806 -0.00724106 0.19797337
v -0.17623391 -0.00725351 0.19800344
v -0.17607009 -0.00721927 0.19810649
v -0.17611092 -0.00722945 0.19815641
v -0.17592382 -0.00718843 0.19818794
v -0.1759378 -0.00719294 0.19824898
v -0.17556372 -0.00710334 0.19795838
v -0.17577445 -0.00715111 0.19799682
v -0.17598882 -0.0071989 0.19800192
v -0.17560806 -0.00710378 0.19752538
v -0.17582231 -0.00715158 0.19753053
v -0.17603299 -0.00719935 0.19756892
v -0.1753132 -0.00704316 0.19776231
v -0.17525249 -0.00731443 0.19775621
v -0.17532295 -0.00704328 0.19766652
v -0.17526248 -0.0073145 0.19766072
v -0.17621365 -0.00753059 0.19785483
v -0.17614144 -0.00756946 0.1978477
v -0.17622351 -0.00753067 0.19775937
v -0.17615115 -0.00756954 0.19775183
v -0.17628383 -0.00725947 0.19776511
v -0.17627403 -0.00725932 0.19786071
v -0.17592874 -0.00752167 0.19782669
v -0.1761161 -0.00756377 0.19784496
v -0.17572155 -0.00747503 0.19780565
v -0.17550891 -0.00742725 0.19778357
v -0.17532709 -0.00738626 0.19776408
v -0.17612582 -0.00756389 0.19774936
v -0.17593881 -0.00752179 0.19772948
v -0.17573145 -0.00747515 0.19770793
v -0.1755191 -0.00742733 0.19768627
v -0.17533683 -0.00738636 0.19766847
v -0.17530176 -0.00738058 0.19776152
v -0.17531153 -0.00738069 0.19766588
v -0.17537367 -0.00705681 0.19776842
v -0.17538341 -0.00705692 0.19767269
v -0.17622306 -0.00724582 0.19775885
v -0.1762132 -0.0072457 0.19785463
v -0.17557093 -0.00710118 0.19778952
v -0.17579346 -0.00715124 0.19781234
v -0.17601606 -0.00720131 0.19783511
v -0.17558065 -0.00710131 0.1976923
v -0.17580348 -0.00715138 0.19771486
v -0.17602589 -0.00720146 0.19773796
v -0.17527791 -0.00732006 0.1977588
v -0.17528772 -0.00732019 0.1976632
v -0.17619314 -0.00752387 0.19775612
v -0.17618349 -0.00752375 0.19785164
v -0.17601114 -0.00748287 0.19773657
v -0.17600116 -0.00748284 0.19783385
v -0.17547488 -0.00736231 0.19768162
v -0.17546516 -0.00736219 0.19777883
v -0.1757448 -0.00741543 0.19770906
v -0.17573502 -0.00741533 0.19780685
v -0.17621153 -0.00509292 0.19825108
v -0.17604807 -0.00505535 0.19820009
v -0.17619374 -0.00514533 0.19830945
v -0.17601054 -0.00510327 0.19825211
v -0.17591625 -0.00502361 0.19808964
v -0.17585992 -0.00506699 0.19812637
v -0.17583993 -0.00500327 0.19793686
v -0.17577543 -0.00504439 0.19795331
v -0.17587456 -0.00500364 0.19759784
v -0.17581474 -0.0050448 0.19756898
v -0.17598035 -0.00502426 0.19746367
v -0.17593237 -0.00506774 0.19741651
v -0.17613178 -0.00505623 0.19738219
v -0.17610555 -0.00510425 0.19732436
v -0.17630225 -0.00509382 0.1973658
v -0.17629656 -0.00514637 0.19730538
v -0.1764658 -0.00513129 0.19741661
v -0.17647984 -0.00518846 0.19736278
v -0.17659261 -0.00516191 0.19752664
v -0.17663052 -0.00522476 0.19748833
v -0.17667365 -0.00518343 0.19768001
v -0.1767151 -0.00524728 0.1976614
v -0.17663908 -0.00518304 0.19801877
v -0.17667585 -0.00524686 0.19804579
v -0.17652833 -0.00516129 0.19815252
v -0.17655795 -0.00522398 0.19819814
v -0.176382 -0.00513043 0.19823451
v -0.1763848 -0.00518746 0.19829043
v -0.17637452 -0.00512822 0.19820748
v -0.17651507 -0.00515788 0.19813107
v -0.17661494 -0.00517737 0.19800554
v -0.17643335 -0.00513746 0.19803239
v -0.17621454 -0.00509291 0.19822306
v -0.17623454 -0.00509312 0.19802777
v -0.17606091 -0.00505768 0.19817544
v -0.1760388 -0.00504874 0.19799181
v -0.17593857 -0.00502819 0.19807203
v -0.17586621 -0.00500899 0.1979285
v -0.17664745 -0.00517772 0.19768802
v -0.17647513 -0.00513793 0.1976249
v -0.17627942 -0.00509359 0.19758896
v -0.17608034 -0.0050492 0.19758431
v -0.17589893 -0.00500933 0.19761128
v -0.17657515 -0.00515853 0.19754464
v -0.1764529 -0.00512898 0.19744117
v -0.17629933 -0.00509379 0.19739361
v -0.17613935 -0.00505846 0.19740913
v -0.17599859 -0.00502882 0.19748552
v -0.17597603 -0.00537909 0.19819152
v -0.17613959 -0.00541663 0.19824197
v -0.17613306 -0.00541654 0.19830611
v -0.1759499 -0.00537448 0.19824847
v -0.17584931 -0.00534851 0.19808191
v -0.17579916 -0.00533823 0.19812235
v -0.17576786 -0.005327 0.19792902
v -0.1757096 -0.00531448 0.19794786
v -0.17580249 -0.00532731 0.19759169
v -0.1757493 -0.00531485 0.19756162
v -0.17591309 -0.00534918 0.19745877
v -0.17587223 -0.00533898 0.19740867
v -0.17605933 -0.00537997 0.19737711
v -0.17604526 -0.00537546 0.19731587
v -0.17622989 -0.00541753 0.19736063
v -0.17623627 -0.00541764 0.1972967
v -0.17639324 -0.00545506 0.19741135
v -0.17641952 -0.00545966 0.19735431
v -0.17652007 -0.00548568 0.19752094
v -0.17657023 -0.00549594 0.19748029
v -0.17660155 -0.00550716 0.19767376
v -0.17665967 -0.00551965 0.19765505
v -0.17656701 -0.00550679 0.19801095
v -0.17662015 -0.00551924 0.19804126
v -0.17645624 -0.00548503 0.19814419
v -0.17649722 -0.0054952 0.1981942
v -0.17631006 -0.00545418 0.19822582
v -0.17632415 -0.00545871 0.19828689
v -0.17595008 -0.00536908 0.19799614
v -0.17616096 -0.00541684 0.19803452
v -0.17637506 -0.00546469 0.19803956
v -0.17599451 -0.00536951 0.19756311
v -0.17620867 -0.00541732 0.1975682
v -0.17641937 -0.0054651 0.19760665
v -0.17569926 -0.00530897 0.19779995
v -0.1757597 -0.00503771 0.19780591
v -0.175709 -0.00530903 0.19770431
v -0.17576965 -0.00503783 0.19771009
v -0.17672073 -0.00525389 0.19790446
v -0.17667177 -0.00518772 0.19789917
v -0.17673072 -0.00525397 0.19780883
v -0.1766816 -0.00518779 0.1978036
v -0.17667004 -0.00552522 0.1978029
v -0.17666035 -0.00552509 0.19789859
v -0.17645928 -0.00513994 0.1978784
v -0.17664665 -0.005182 0.19789663
v -0.17625182 -0.00509332 0.19785715
v -0.17603942 -0.00504552 0.19783528
v -0.17585757 -0.00500454 0.19781573
v -0.17665618 -0.00518216 0.19780097
v -0.17646908 -0.00514006 0.19778101
v -0.17626187 -0.00509338 0.19775964
v -0.17604947 -0.00504556 0.19773791
v -0.17586714 -0.00500466 0.19772009
v -0.17583221 -0.00499885 0.1978131
v -0.17584201 -0.00499892 0.1977175
v -0.17575991 -0.0053226 0.19780615
v -0.17576977 -0.00532268 0.19771039
v -0.17660936 -0.0055116 0.19779664
v -0.17659971 -0.00551144 0.19789227
v -0.17595729 -0.00536694 0.19782728
v -0.17617985 -0.00541704 0.1978501
v -0.17640236 -0.00546706 0.19787293
v -0.17596703 -0.00536704 0.19773009
v -0.17618972 -0.0054171 0.19775262
v -0.17641222 -0.00546721 0.19777566
v -0.175785 -0.0050434 0.19780856
v -0.17579489 -0.00504349 0.1977128
v -0.17670029 -0.00524717 0.19780579
v -0.17669057 -0.00524704 0.19790124
v -0.17651826 -0.00520619 0.19778621
v -0.17650824 -0.00520606 0.19788342
v -0.17598202 -0.00508564 0.19773113
v -0.17597219 -0.00508551 0.19782844
v -0.17624855 -0.00515308 0.19775836
v -0.17623877 -0.00515296 0.19785599
v -0.17753815 -0.00674329 0.1955598
v -0.17757046 -0.00663399 0.19558352
v -0.17755049 -0.00676102 0.19559419
v -0.17758688 -0.00663844 0.19562088
v -0.17760649 -0.00652497 0.19556711
v -0.17762824 -0.00651398 0.19560232
v -0.17764082 -0.00643485 0.19551174
v -0.17766669 -0.00641309 0.1955392
v -0.17768585 -0.00635219 0.19532714
v -0.17771786 -0.00631932 0.19532969
v -0.17768982 -0.00637229 0.19522593
v -0.17772275 -0.00634071 0.19521518
v -0.17767947 -0.00643447 0.19513765
v -0.17771023 -0.00641215 0.19511504
v -0.17765623 -0.00652727 0.19507689
v -0.17768442 -0.00651602 0.19504676
v -0.17762398 -0.00663643 0.19505341
v -0.17764836 -0.00663854 0.19502036
v -0.17758843 -0.00674247 0.19507077
v -0.17760708 -0.00676301 0.19503863
v -0.17755338 -0.00683559 0.19512489
v -0.17756855 -0.00686392 0.19510163
v -0.17750823 -0.00691831 0.19530957
v -0.17751753 -0.00695767 0.19531127
v -0.17750519 -0.0068952 0.19541214
v -0.17751255 -0.00693625 0.19542564
v -0.17751494 -0.00683603 0.19549922
v -0.17752489 -0.00686488 0.19552575
v -0.17752 -0.00682363 0.19548755
v -0.17751026 -0.0068812 0.1954052
v -0.17751392 -0.00690035 0.19531016
v -0.17753717 -0.00680427 0.19537949
v -0.17754179 -0.00673647 0.19554454
v -0.17756784 -0.00668883 0.19543798
v -0.17757231 -0.00663389 0.1955668
v -0.17760285 -0.00656561 0.19547928
v -0.17760577 -0.00653241 0.19555109
v -0.17763808 -0.00644753 0.19549951
v -0.17755615 -0.00682296 0.1951372
v -0.17759153 -0.00670489 0.19515743
v -0.1776264 -0.00658172 0.19519859
v -0.17765712 -0.00646623 0.19525714
v -0.17768025 -0.00637012 0.19532655
v -0.17758843 -0.00673806 0.19508537
v -0.17762213 -0.00663664 0.19506995
v -0.17765241 -0.00653404 0.19509208
v -0.17767414 -0.00644689 0.19514924
v -0.17768418 -0.00638928 0.19523161
v -0.17769634 -0.00665372 0.19559545
v -0.17766422 -0.00676288 0.19557152
v -0.17765542 -0.00677854 0.1956066
v -0.17769157 -0.00665592 0.19563303
v -0.17773169 -0.00654776 0.19557774
v -0.17773318 -0.00653128 0.19561414
v -0.17776662 -0.0064547 0.1955242
v -0.17777264 -0.00642706 0.19555185
v -0.17781168 -0.00637241 0.19534044
v -0.17782419 -0.00633278 0.1953413
v -0.17781481 -0.00639568 0.19523827
v -0.17782834 -0.00635712 0.19522504
v -0.17780488 -0.00645498 0.19515125
v -0.17781597 -0.00642831 0.19512455
v -0.17778161 -0.00654778 0.19509078
v -0.17779025 -0.00653217 0.19505599
v -0.17774915 -0.00665694 0.1950671
v -0.17775401 -0.00665473 0.19502981
v -0.17771419 -0.00676289 0.19508443
v -0.17771229 -0.00677933 0.19504827
v -0.17767912 -0.00685587 0.19513824
v -0.17767313 -0.00688354 0.19511072
v -0.17763423 -0.00693816 0.19532199
v -0.17762154 -0.00697786 0.19532129
v -0.17763105 -0.00691494 0.19542427
v -0.17761728 -0.00695353 0.19543741
v -0.17764103 -0.00685565 0.1955112
v -0.17762985 -0.00688233 0.19553782
v -0.17772954 -0.0065796 0.19550274
v -0.17769166 -0.00671225 0.1954583
v -0.17765885 -0.00683666 0.19539555
v -0.17778679 -0.00647399 0.19526687
v -0.17775386 -0.00659843 0.19520415
v -0.17771643 -0.00673101 0.19515927
v -0.17779609 -0.00637631 0.19547908
v -0.17769101 -0.00635953 0.19546808
v -0.17780888 -0.00635298 0.19542682
v -0.17770344 -0.00633618 0.19541609
v -0.17753163 -0.00694084 0.19522474
v -0.17752116 -0.00690089 0.19523824
v -0.17754441 -0.00691748 0.1951729
v -0.17753419 -0.00687751 0.19518606
v -0.1776497 -0.0069343 0.1951836
v -0.17763674 -0.00695766 0.1952355
v -0.17755636 -0.00677255 0.19529235
v -0.17752525 -0.00688559 0.19524452
v -0.17759084 -0.00664713 0.19534499
v -0.17762604 -0.00651856 0.19539874
v -0.17765617 -0.00640828 0.1954445
v -0.17753812 -0.00686226 0.19519236
v -0.1775693 -0.00674884 0.19523906
v -0.17760375 -0.00662335 0.19529177
v -0.17763891 -0.00649487 0.19534546
v -0.17766892 -0.00638496 0.19539208
v -0.17766061 -0.00639293 0.19545075
v -0.17767322 -0.00636963 0.19539851
v -0.1777862 -0.00641302 0.19546359
v -0.17779883 -0.00638968 0.19541142
v -0.17765969 -0.00689759 0.19519871
v -0.17764675 -0.00692099 0.19525115
v -0.17775341 -0.00653255 0.19541403
v -0.17771631 -0.00666726 0.19535775
v -0.17767944 -0.00680181 0.19530138
v -0.1777662 -0.00650884 0.19536107
v -0.17772942 -0.00664341 0.1953047
v -0.17769253 -0.00677808 0.19524847
v -0.17768669 -0.00637484 0.1954617
v -0.17769938 -0.00635147 0.19540962
v -0.17754942 -0.00689912 0.19518038
v -0.17753657 -0.00692248 0.19523255
v -0.17757934 -0.00678881 0.19522598
v -0.17756679 -0.00681254 0.19527901
v -0.1776686 -0.00646445 0.19536198
v -0.17765551 -0.00648822 0.19541466
v -0.17762702 -0.00662704 0.19529414
v -0.17761391 -0.00665087 0.19534747
v -0.17743954 -0.00691535 0.19606971
v -0.17743596 -0.00689377 0.19617255
v -0.17744821 -0.00695645 0.19607055
v -0.17744398 -0.00693201 0.19618612
v -0.17744636 -0.00683252 0.19626151
v -0.17745563 -0.00686251 0.19628728
v -0.17746922 -0.00674092 0.19632008
v -0.17748194 -0.00675861 0.19635272
v -0.17753726 -0.00652487 0.1963267
v -0.17755901 -0.00651358 0.19636029
v -0.17757162 -0.00643331 0.19627344
v -0.17759794 -0.00640976 0.19630159
v -0.17759981 -0.00637215 0.19618846
v -0.17762985 -0.00634046 0.19620417
v -0.17761704 -0.00635081 0.19608672
v -0.17764955 -0.00631614 0.19608993
v -0.17762085 -0.00637232 0.19598396
v -0.17765331 -0.00634068 0.19597449
v -0.17761018 -0.0064336 0.19589804
v -0.17764186 -0.00641008 0.19587321
v -0.1775873 -0.00652523 0.19583663
v -0.17761543 -0.00651396 0.1958079
v -0.17751938 -0.0067413 0.19582977
v -0.17753827 -0.00675904 0.19580024
v -0.17748472 -0.00683278 0.19588609
v -0.17749956 -0.00686281 0.19585926
v -0.17745685 -0.00689391 0.19596752
v -0.17746764 -0.00693216 0.19595645
v -0.17746126 -0.00687747 0.19597443
v -0.17748761 -0.00682024 0.19589559
v -0.17752009 -0.00673441 0.1958456
v -0.1774998 -0.00676302 0.19595332
v -0.1774452 -0.00689752 0.19607007
v -0.1774846 -0.00677297 0.19607399
v -0.17744153 -0.00687731 0.19616682
v -0.17747494 -0.00676287 0.19619517
v -0.17745143 -0.00681998 0.19624915
v -0.17747321 -0.00673411 0.19630485
v -0.17758363 -0.00653203 0.19585157
v -0.17758169 -0.00650326 0.19596137
v -0.1775721 -0.00649315 0.19608235
v -0.17755696 -0.00650308 0.19620318
v -0.17753648 -0.00653172 0.19631066
v -0.17760512 -0.00644619 0.19590723
v -0.17761507 -0.0063888 0.19598949
v -0.17761138 -0.00636861 0.19608646
v -0.17759531 -0.00638864 0.19618184
v -0.17756906 -0.00644591 0.19626092
v -0.1775619 -0.0069127 0.19618579
v -0.17756581 -0.00693419 0.19608233
v -0.17755302 -0.00697497 0.19608126
v -0.17754885 -0.00695041 0.19619679
v -0.17757251 -0.00685175 0.19627128
v -0.17756047 -0.00688056 0.19629828
v -0.17759513 -0.00676048 0.19633303
v -0.17758679 -0.00677607 0.19636665
v -0.17766273 -0.00654533 0.19633936
v -0.17766431 -0.0065297 0.19637413
v -0.17769759 -0.00645419 0.19628323
v -0.17770353 -0.00642536 0.19631208
v -0.17772519 -0.00639331 0.19620136
v -0.17773601 -0.00635563 0.1962151
v -0.17774266 -0.00637204 0.19609965
v -0.17775526 -0.00633119 0.19610109
v -0.17774623 -0.00639347 0.19599653
v -0.17775937 -0.00635581 0.1959854
v -0.17773568 -0.0064545 0.19591108
v -0.17774787 -0.00642563 0.19588422
v -0.17771297 -0.0065457 0.1958495
v -0.17772141 -0.00653014 0.19581571
v -0.17764541 -0.00676083 0.19584274
v -0.17764398 -0.00677646 0.19580821
v -0.17761057 -0.00685199 0.1958989
v -0.17760446 -0.00688083 0.19586999
v -0.17758306 -0.00691287 0.1959808
v -0.17757234 -0.00695053 0.19596707
v -0.17759728 -0.00679102 0.19621729
v -0.17760717 -0.00680182 0.19608639
v -0.17762389 -0.00679119 0.1959566
v -0.177684 -0.00651495 0.19622565
v -0.1777009 -0.00650436 0.19609558
v -0.17771062 -0.00651516 0.1959649
v -0.17761451 -0.00668332 0.1963852
v -0.17750886 -0.00666657 0.19637416
v -0.17763352 -0.00662232 0.19638714
v -0.17752799 -0.00660559 0.19637596
v -0.17756936 -0.00666705 0.19578453
v -0.17754501 -0.00666374 0.1958196
v -0.1775884 -0.00660602 0.19578647
v -0.17756429 -0.00660271 0.19582143
v -0.17769399 -0.00662278 0.19579727
v -0.17767453 -0.00668381 0.19579552
v -0.17753168 -0.00666416 0.19594992
v -0.17754343 -0.00666375 0.19583536
v -0.17751884 -0.00666417 0.19607724
v -0.17750522 -0.00666397 0.19620768
v -0.17749413 -0.00666336 0.19631935
v -0.17756283 -0.0066027 0.1958372
v -0.17755097 -0.00660217 0.19595199
v -0.17753821 -0.00660196 0.19607919
v -0.17752474 -0.00660193 0.19620949
v -0.17751315 -0.00660237 0.19632111
v -0.17749241 -0.00666336 0.19633488
v -0.17751148 -0.00660237 0.19633662
v -0.17761811 -0.00668342 0.19634765
v -0.17763733 -0.00662242 0.19634962
v -0.17769002 -0.00662279 0.19583466
v -0.17767104 -0.00668376 0.19583286
v -0.17763054 -0.00668401 0.19622665
v -0.17764455 -0.00668418 0.19609025
v -0.17765843 -0.00668417 0.19595375
v -0.17765 -0.006622 0.19622866
v -0.17766371 -0.00662198 0.19609209
v -0.1776779 -0.00662219 0.19595561
v -0.17751053 -0.00666657 0.19635869
v -0.17752957 -0.00660562 0.19636067
v -0.17758646 -0.00660602 0.1958052
v -0.17756745 -0.00666698 0.1958033
v -0.17757532 -0.00660543 0.19591663
v -0.17755588 -0.00666744 0.19591471
v -0.17754158 -0.00660518 0.19624567
v -0.17752212 -0.00666723 0.19624386
v -0.17756137 -0.00660564 0.19608134
v -0.17754182 -0.00666788 0.1960795
v -0.17472216 -0.00613202 0.19908919
v -0.17467594 -0.00614651 0.19908249
v -0.17472553 -0.00614798 0.19910332
v -0.174674 -0.00616413 0.19909557
v -0.17463186 -0.00614067 0.19907584
v -0.1746236 -0.00615766 0.19908778
v -0.17459744 -0.00611488 0.19907049
v -0.17458504 -0.00612812 0.19908209
v -0.17457181 -0.00602373 0.19906652
v -0.17455613 -0.00602474 0.19907751
v -0.17458489 -0.00597222 0.19906841
v -0.17457026 -0.00596664 0.19907921
v -0.17461466 -0.00592642 0.19907271
v -0.17460432 -0.00591453 0.19908434
v -0.17465552 -0.00589381 0.19907872
v -0.17465019 -0.00587783 0.19909134
v -0.17470163 -0.00587932 0.19908578
v -0.17470184 -0.00586171 0.1990991
v -0.17474439 -0.00588586 0.19909218
v -0.17475208 -0.00586813 0.19910647
v -0.17478027 -0.00591095 0.19909745
v -0.17479077 -0.00589768 0.19911256
v -0.17480567 -0.00600212 0.19910168
v -0.17481961 -0.00600109 0.19911716
v -0.17479145 -0.0060543 0.19909966
v -0.17480561 -0.00605916 0.19911499
v -0.17476311 -0.00609939 0.19909545
v -0.17477148 -0.00611131 0.19910994
v -0.17475855 -0.00609387 0.19909465
v -0.17478594 -0.00605113 0.19909875
v -0.17479825 -0.0060028 0.19910058
v -0.1747556 -0.00603987 0.19909402
v -0.17471993 -0.0061245 0.199089
v -0.17470529 -0.00607197 0.19908666
v -0.17467662 -0.0061381 0.19908259
v -0.17465263 -0.00609554 0.1990787
v -0.17463576 -0.00613249 0.19907623
v -0.17460319 -0.00610842 0.19907131
v -0.17477455 -0.00591738 0.19909653
v -0.17472493 -0.00593026 0.19908936
v -0.17467245 -0.00595386 0.19908155
v -0.17462194 -0.00598596 0.19907389
v -0.17457917 -0.00602304 0.1990676
v -0.17474198 -0.00589332 0.19909173
v -0.17470076 -0.00588769 0.19908565
v -0.17465767 -0.00590132 0.19907909
v -0.17461916 -0.00593195 0.19907356
v -0.17459169 -0.00597468 0.19906951
v -0.17467024 -0.00614599 0.19916373
v -0.1747162 -0.00613148 0.19917069
v -0.17472106 -0.00614867 0.19917161
v -0.17466941 -0.00616476 0.19916372
v -0.1746273 -0.00613954 0.19915728
v -0.17461895 -0.00615817 0.19915609
v -0.17459163 -0.00611464 0.19915176
v -0.17457893 -0.00612909 0.19915002
v -0.17456626 -0.00602389 0.19914764
v -0.17454996 -0.00602514 0.1991453
v -0.17458054 -0.00597184 0.19915001
v -0.17456516 -0.0059661 0.1991474
v -0.17460897 -0.00592686 0.19915403
v -0.17459934 -0.00591382 0.19915249
v -0.17465001 -0.00589426 0.19916021
v -0.17464524 -0.00587705 0.19915942
v -0.17469605 -0.00587976 0.19916707
v -0.17469695 -0.00586099 0.1991671
v -0.17473879 -0.00588617 0.19917342
v -0.17474737 -0.00586758 0.19917482
v -0.17477476 -0.0059111 0.19917891
v -0.17478734 -0.00589664 0.19918096
v -0.17479986 -0.00600188 0.19918307
v -0.1748164 -0.00600059 0.19918543
v -0.17478552 -0.00605391 0.19918093
v -0.17480093 -0.00605963 0.19918327
v -0.17475727 -0.00609889 0.19917669
v -0.17476707 -0.00611193 0.19917821
v -0.17464396 -0.0061011 0.19915965
v -0.17470073 -0.00607562 0.19916826
v -0.17475482 -0.00604112 0.19917622
v -0.17461144 -0.00598461 0.19915446
v -0.17466557 -0.00595012 0.19916251
v -0.17472219 -0.00592464 0.1991712
v -0.1745615 -0.00609353 0.19914726
v -0.17456629 -0.00609358 0.19907908
v -0.17455419 -0.0060678 0.19914603
v -0.17455887 -0.00606785 0.1990779
v -0.17481672 -0.00595798 0.19911652
v -0.17480179 -0.00596654 0.19910101
v -0.17480948 -0.00593224 0.19911539
v -0.17479467 -0.00594081 0.19909977
v -0.17480495 -0.00593219 0.19918341
v -0.1748121 -0.00595792 0.19918476
v -0.17474645 -0.00599674 0.19909262
v -0.17479524 -0.00597012 0.19909985
v -0.17469251 -0.00602603 0.19908466
v -0.17463702 -0.00605597 0.19907632
v -0.17458963 -0.00608147 0.1990693
v -0.17478802 -0.00594438 0.19909896
v -0.17473915 -0.00597057 0.19909143
v -0.17468509 -0.00599977 0.19908329
v -0.1746298 -0.0060298 0.19907531
v -0.17458233 -0.00605569 0.19906804
v -0.17458283 -0.00608504 0.1990683
v -0.17457577 -0.00605927 0.19906719
v -0.17457726 -0.00608497 0.19914969
v -0.17457008 -0.00605925 0.19914841
v -0.17478895 -0.00594076 0.19918105
v -0.17479619 -0.00596648 0.19918219
v -0.17462867 -0.00605735 0.19915744
v -0.17468676 -0.006026 0.19916585
v -0.17474481 -0.00599456 0.19917474
v -0.17462137 -0.00603119 0.19915612
v -0.17467945 -0.00599974 0.19916486
v -0.1747376 -0.0059684 0.19917357
v -0.17457261 -0.00609003 0.19908
v -0.1745657 -0.00606427 0.19907894
v -0.17480161 -0.00593652 0.19911417
v -0.17480886 -0.00596223 0.19911535
v -0.17475402 -0.005962 0.199107
v -0.17476141 -0.00598818 0.19910816
v -0.17461437 -0.00603765 0.19908621
v -0.17462164 -0.00606381 0.19908735
v -0.17468404 -0.00599976 0.19909828
v -0.17469134 -0.00602603 0.19909976
v -0.17718604 -0.00659906 0.19934019
v -0.17714634 -0.00669001 0.19933608
v -0.17720547 -0.00660715 0.19935537
v -0.1771613 -0.00670902 0.19935107
v -0.17708909 -0.00675798 0.19933037
v -0.17709595 -0.00678681 0.19934435
v -0.17702311 -0.00679047 0.19932366
v -0.17702156 -0.0068225 0.19933672
v -0.17690268 -0.00674439 0.19931128
v -0.17688477 -0.00677023 0.1993229
v -0.17686659 -0.00667279 0.19930741
v -0.17684373 -0.00669017 0.19931849
v -0.17685592 -0.00657873 0.19930627
v -0.17683169 -0.0065828 0.19931708
v -0.17687141 -0.00647863 0.19930771
v -0.17684903 -0.00647051 0.19931864
v -0.17691087 -0.00638775 0.19931161
v -0.17689341 -0.00636866 0.19932317
v -0.17696756 -0.00632266 0.19931742
v -0.17695877 -0.00629088 0.1993298
v -0.17703416 -0.00628724 0.19932422
v -0.17703324 -0.00625519 0.19933755
v -0.1771546 -0.00633332 0.19933657
v -0.17716965 -0.00630747 0.19935144
v -0.17718988 -0.00640784 0.19934028
v -0.17721089 -0.0063875 0.19935578
v -0.17720142 -0.00649906 0.19934162
v -0.17722299 -0.00649491 0.19935709
v -0.17719066 -0.00650128 0.19934032
v -0.1771804 -0.00641387 0.19933927
v -0.17714679 -0.00634633 0.19933594
v -0.17713365 -0.0064537 0.19933463
v -0.1771759 -0.0065953 0.19933904
v -0.17710673 -0.00656869 0.19933201
v -0.17713904 -0.00668068 0.19933535
v -0.17706844 -0.00667942 0.19932816
v -0.17708534 -0.00674371 0.1993298
v -0.17702338 -0.00677459 0.19932353
v -0.17703396 -0.00630311 0.19932425
v -0.17698881 -0.0063983 0.19931978
v -0.17695072 -0.00650901 0.19931587
v -0.17692387 -0.00662396 0.19931338
v -0.17691072 -0.00673137 0.19931209
v -0.17697188 -0.00633401 0.19931793
v -0.17691841 -0.00639702 0.19931234
v -0.1768814 -0.00648243 0.19930876
v -0.17686691 -0.00657638 0.19930738
v -0.17687702 -0.00666386 0.19930855
v -0.17713764 -0.00668968 0.19941732
v -0.17717689 -0.00659875 0.19942125
v -0.17719963 -0.0066074 0.19942374
v -0.17715525 -0.0067093 0.19941923
v -0.17708107 -0.00675483 0.19941167
v -0.17708963 -0.00678697 0.19941265
v -0.17701456 -0.00679034 0.19940491
v -0.17701411 -0.00682549 0.19940507
v -0.17689463 -0.00674446 0.19939258
v -0.17687666 -0.00677294 0.19939076
v -0.17685964 -0.00666998 0.1993889
v -0.1768358 -0.00668986 0.19938655
v -0.17684838 -0.00657883 0.19938781
v -0.17682394 -0.0065824 0.19938518
v -0.17686373 -0.00647876 0.19938918
v -0.17684099 -0.00647009 0.19938689
v -0.17690321 -0.00638788 0.199393
v -0.17688545 -0.00636828 0.19939127
v -0.17695963 -0.00632274 0.19939881
v -0.17695105 -0.00629056 0.19939787
v -0.17702612 -0.00628722 0.1994057
v -0.17702683 -0.00625206 0.19940577
v -0.1771461 -0.00633318 0.19941793
v -0.17716395 -0.00630464 0.19941987
v -0.17718115 -0.00640755 0.19942155
v -0.17720472 -0.00638766 0.19942387
v -0.17719253 -0.0064987 0.19942283
v -0.17721691 -0.00649511 0.19942522
v -0.1770623 -0.00668976 0.19940966
v -0.1771034 -0.00657049 0.19941379
v -0.17713224 -0.0064467 0.19941668
v -0.17690858 -0.00663085 0.19939386
v -0.17693722 -0.00650704 0.19939675
v -0.17697846 -0.00638778 0.19940075
v -0.17695826 -0.00682018 0.19939917
v -0.17696502 -0.00682027 0.19933106
v -0.17692422 -0.00680719 0.19939586
v -0.17693129 -0.00680721 0.19932779
v -0.17712348 -0.00627048 0.1993467
v -0.17711478 -0.00630521 0.19933262
v -0.17708942 -0.00625749 0.19934307
v -0.17708095 -0.00629218 0.19932907
v -0.17708262 -0.0062574 0.19941113
v -0.17711654 -0.0062704 0.19941483
v -0.17708027 -0.00642683 0.19932895
v -0.17711037 -0.0063197 0.19933201
v -0.17704606 -0.0065455 0.19932588
v -0.17701101 -0.00666705 0.19932222
v -0.17698076 -0.00677107 0.19931927
v -0.17707678 -0.00630669 0.19932873
v -0.17704549 -0.00641362 0.19932559
v -0.17701143 -0.00653218 0.1993222
v -0.17697641 -0.00665373 0.1993186
v -0.17694664 -0.00675804 0.1993156
v -0.17697641 -0.00678556 0.19931884
v -0.17694261 -0.00677252 0.19931541
v -0.17696815 -0.00678544 0.19940027
v -0.17693421 -0.00677247 0.19939659
v -0.17707267 -0.00629209 0.19941046
v -0.17710641 -0.00630512 0.19941374
v -0.17700105 -0.0066727 0.19940337
v -0.17703771 -0.00654541 0.1994071
v -0.17707416 -0.0064181 0.19941063
v -0.17696639 -0.00665947 0.19940006
v -0.17700299 -0.00653212 0.19940353
v -0.17703959 -0.00640487 0.1994071
v -0.17696937 -0.00680579 0.19933134
v -0.17693543 -0.00679278 0.19932808
v -0.17708447 -0.00627481 0.19934271
v -0.17711851 -0.00628785 0.19934605
v -0.17705422 -0.00637885 0.19933985
v -0.1770887 -0.0063921 0.19934323
v -0.17696592 -0.00668562 0.19933113
v -0.17700055 -0.00669879 0.19933459
v -0.17700982 -0.00653218 0.19933717
v -0.17704457 -0.00654549 0.19934085
v -0.17967322 0.00909165 0.19668544
v -0.17923933 0.0091873 0.1967283
v -0.17885404 0.00926861 0.19693796
v -0.1785756 0.00932313 0.19728229
v -0.17844641 0.00934256 0.19770912
v -0.17848661 0.00932404 0.19815306
v -0.17849111 0.00930627 0.19892077
v -0.17898747 0.00919451 0.19897766
v -0.17943409 0.00909404 0.19901995
v -0.1798675 0.00899654 0.19906406
v -0.18035507 0.00888688 0.19911639
v -0.18053782 0.00886254 0.19836364
v -0.18066704 0.00884313 0.1979369
v -0.18062695 0.00886166 0.19749288
v -0.18042421 0.00891542 0.19709907
v -0.18008914 0.00899617 0.19681577
v -0.17960569 0.00909234 0.19734443
v -0.17942327 0.00913262 0.19736249
v -0.17926102 0.00916679 0.1974505
v -0.17914372 0.00918972 0.19759555
v -0.17908951 0.00919796 0.19777502
v -0.17910638 0.00919014 0.19796203
v -0.17919164 0.0091675 0.19812761
v -0.17933249 0.0091335 0.19824715
v -0.17950767 0.00909331 0.19830171
v -0.17969024 0.00905307 0.19828374
v -0.17985254 0.00901885 0.19819553
v -0.17996954 0.00899593 0.19805057
v -0.18002402 0.00898773 0.19787095
v -0.18000727 0.00899556 0.19768397
v -0.1799218 0.00901815 0.1975183
v -0.17978078 0.00905216 0.197399
v -0.17933118 0.00915995 0.19704501
v -0.17963951 0.00909201 0.19701464
v -0.17905741 0.00921772 0.19719408
v -0.17885956 0.00925649 0.19743882
v -0.17876762 0.00927029 0.19774194
v -0.17879599 0.00925711 0.19805751
v -0.17884117 0.00923692 0.19852466
v -0.17915988 0.00916406 0.1986127
v -0.17947083 0.00909369 0.19866116
v -0.17977914 0.00902481 0.19867421
v -0.18010377 0.00895283 0.19865636
v -0.18025413 0.00892921 0.19820712
v -0.18034553 0.00891536 0.197904
v -0.18031722 0.00892855 0.19758828
v -0.18017303 0.00896676 0.19730849
v -0.17993515 0.00902413 0.19710712
v -0.1795696 0.0087783 0.19700765
v -0.17926123 0.00884625 0.19703829
v -0.17935338 0.00881893 0.19735541
v -0.17953565 0.0087786 0.19733747
v -0.17898735 0.00890402 0.19718739
v -0.1791912 0.00885315 0.19744381
v -0.17878955 0.00894277 0.19743216
v -0.17907366 0.00887602 0.19758874
v -0.17869779 0.0089566 0.19773525
v -0.1790196 0.00888426 0.19776824
v -0.1787261 0.00894338 0.19805085
v -0.17903646 0.00887644 0.19795507
v -0.17877125 0.00892321 0.19851762
v -0.17912179 0.00885381 0.19812095
v -0.17909011 0.00885035 0.19860583
v -0.17926266 0.0088198 0.19824016
v -0.17940112 0.00878002 0.19865432
v -0.17943793 0.00877963 0.19829499
v -0.17970913 0.00871111 0.19866731
v -0.17962017 0.00873934 0.19827672
v -0.18003395 0.0086391 0.19864952
v -0.17978259 0.00870518 0.19818869
v -0.18018409 0.00861548 0.19820031
v -0.17989981 0.00868224 0.19804367
v -0.18027558 0.00860167 0.19789707
v -0.17995408 0.00867404 0.19786414
v -0.18024754 0.00861486 0.19758164
v -0.17993727 0.00868185 0.19767725
v -0.1801033 0.00865305 0.19730186
v -0.17985177 0.00870444 0.19751149
v -0.17986524 0.00871044 0.19710037
v -0.17971077 0.00873842 0.19739204
v -0.17960318 0.00877792 0.19667866
v -0.17916944 0.00887359 0.19672143
v -0.17878413 0.0089549 0.19693112
v -0.17850574 0.00900944 0.19727546
v -0.17837643 0.00902887 0.19770225
v -0.17841669 0.00901031 0.19814631
v -0.17842117 0.00899254 0.19891387
v -0.17891755 0.00888079 0.19897094
v -0.17936444 0.0087804 0.19901326
v -0.17979779 0.0086829 0.19905719
v -0.18028521 0.00857318 0.1991097
v -0.18046799 0.00854886 0.19835665
v -0.18059706 0.00852939 0.19793027
v -0.18055704 0.00854794 0.19748613
v -0.18035423 0.00860171 0.1970922
v -0.18001925 0.00868247 0.19680869
v -0.17983254 0.00980696 0.19670096
v -0.17939877 0.00990263 0.19674381
v -0.1790134 0.00998389 0.19695359
v -0.17873492 0.01003843 0.19729802
v -0.17860579 0.01005789 0.19772474
v -0.17864567 0.01003933 0.1981686
v -0.17865049 0.01002158 0.19893635
v -0.17914667 0.00990983 0.19899337
v -0.17959341 0.00980942 0.19903555
v -0.18002688 0.0097119 0.19907964
v -0.18051442 0.00960223 0.19913199
v -0.18069729 0.0095779 0.19837924
v -0.18082627 0.00955842 0.1979525
v -0.18078625 0.00957695 0.19750848
v -0.18058341 0.00963075 0.19711473
v -0.18024829 0.00971143 0.19683095
v -0.17976501 0.00980765 0.19735975
v -0.17958247 0.0098479 0.19737784
v -0.17942038 0.00988212 0.19746613
v -0.17930316 0.00990504 0.19761095
v -0.17924884 0.00991327 0.19779083
v -0.17926576 0.00990546 0.19797751
v -0.17935094 0.00988281 0.19814316
v -0.17949187 0.00984885 0.19826254
v -0.17966684 0.00980862 0.19831748
v -0.17984965 0.00976837 0.19829942
v -0.18001183 0.0097342 0.19821094
v -0.18012896 0.00971126 0.19806623
v -0.1801832 0.00970304 0.19788651
v -0.1801666 0.00971087 0.19769966
v -0.18008109 0.00973348 0.19753396
v -0.17994004 0.00976746 0.19741459
v -0.17949056 0.0098753 0.1970607
v -0.17979878 0.00980729 0.19703017
v -0.17921677 0.00993305 0.19720983
v -0.17901882 0.00997178 0.19745451
v -0.17892706 0.00998558 0.19775773
v -0.17895525 0.00997242 0.19807337
v -0.17900046 0.00995225 0.19854001
v -0.17931914 0.00987936 0.19862805
v -0.17963028 0.00980902 0.19867675
v -0.17993831 0.00974017 0.19868966
v -0.18026319 0.00966814 0.19867178
v -0.18041321 0.00964451 0.19822283
v -0.18050479 0.00963067 0.1979196
v -0.18047663 0.00964386 0.19760409
v -0.18033245 0.00968204 0.19732409
v -0.18009442 0.00973949 0.19712254
v -0.17972892 0.00949364 0.19702337
v -0.17942068 0.0095616 0.19705398
v -0.1795125 0.00953419 0.19737096
v -0.17969518 0.00949396 0.19735293
v -0.17914679 0.00961938 0.19720287
v -0.17935055 0.00956845 0.19745917
v -0.17894896 0.00965809 0.19744758
v -0.17923304 0.00959134 0.1976041
v -0.1788572 0.00967193 0.19775082
v -0.17917892 0.00959959 0.19778381
v -0.17888554 0.00965875 0.19806627
v -0.17919567 0.00959175 0.19797064
v -0.17893078 0.00963858 0.19853337
v -0.17928108 0.00956914 0.19813634
v -0.17924931 0.00956568 0.19862131
v -0.17942199 0.0095351 0.19825573
v -0.17956042 0.00949532 0.19866995
v -0.17959716 0.00949498 0.19831062
v -0.17986849 0.00942644 0.19868283
v -0.17977967 0.0094547 0.19829247
v -0.18019339 0.00935445 0.19866506
v -0.17994195 0.00942053 0.19820414
v -0.18034341 0.00933084 0.19821594
v -0.18005889 0.00939754 0.19805942
v -0.18043494 0.00931697 0.19791261
v -0.18011355 0.00938938 0.1978795
v -0.1804066 0.0093302 0.19759707
v -0.18009668 0.00939716 0.19769288
v -0.18026232 0.00936835 0.19731728
v -0.18001112 0.00941978 0.19752715
v -0.18002462 0.00942577 0.19711582
v -0.17987024 0.00945378 0.19740776
v -0.17976266 0.00949328 0.196694
v -0.17932871 0.00958894 0.19673718
v -0.17894351 0.0096702 0.19694687
v -0.17866501 0.00972473 0.19729115
v -0.17853584 0.0097442 0.19771777
v -0.17857584 0.00972562 0.19816179
v -0.17858037 0.00970785 0.19892965
v -0.17907682 0.00959614 0.19898657
v -0.17952343 0.00949569 0.19902868
v -0.17995697 0.00939818 0.19907279
v -0.18044456 0.00928853 0.19912518
v -0.18062737 0.00926422 0.19837231
v -0.18075633 0.00924473 0.19794566
v -0.18071645 0.00926331 0.19750158
v -0.18051347 0.00931708 0.19710786
v -0.18017852 0.00939778 0.19682414
v -0.17888239 0.00888131 0.19930794
v -0.17838287 0.00899379 0.1992506
v -0.17845279 0.00930747 0.1992575
v -0.17895212 0.00919498 0.19931493
v -0.17933124 0.00878041 0.19935038
v -0.17940107 0.00909411 0.19935707
v -0.17976272 0.00868335 0.19939419
v -0.17983245 0.00899707 0.19940124
v -0.18024897 0.00857385 0.19944664
v -0.18031901 0.00888754 0.1994533
v -0.17904168 0.00959662 0.19932366
v -0.17854225 0.0097091 0.19926635
v -0.17861196 0.01002277 0.19927321
v -0.1791116 0.00991031 0.19933055
v -0.17949053 0.00949576 0.19936601
v -0.17956036 0.00980941 0.19937296
v -0.17992195 0.00939868 0.19940982
v -0.17999178 0.00971238 0.19941677
v -0.18040838 0.00928923 0.1994621
v -0.18047839 0.00960292 0.19946907
v -0.17847397 0.00939558 0.19774359
v -0.17860308 0.00937609 0.19731703
v -0.17888137 0.00932158 0.19697272
v -0.17926663 0.0092403 0.19676291
v -0.1797007 0.00914464 0.19671985
v -0.18011662 0.0090492 0.19685015
v -0.18084877 0.0088826 0.19701054
v -0.18080255 0.00888181 0.19752028
v -0.18075218 0.00888313 0.19797739
v -0.18070632 0.00888364 0.19842165
v -0.18065738 0.00888364 0.19892162
v -0.17990148 0.00905136 0.19895243
v -0.17946776 0.00914699 0.19899514
v -0.17905157 0.0092425 0.1988649
v -0.17871671 0.00932326 0.19858145
v -0.17851391 0.00937699 0.19818767
v -0.17911681 0.00925094 0.19780975
v -0.17917114 0.00924275 0.1976301
v -0.17928832 0.00921982 0.19748508
v -0.17945057 0.00918558 0.19739684
v -0.17963329 0.00914533 0.19737884
v -0.17980817 0.00910511 0.19743356
v -0.17994916 0.00907119 0.19755286
v -0.18003445 0.00904857 0.19771847
v -0.18005135 0.00904076 0.19790557
v -0.17999708 0.00904899 0.19808507
v -0.17987999 0.0090719 0.19822993
v -0.17971757 0.00910608 0.19831827
v -0.17953515 0.00914634 0.19833621
v -0.17936 0.00918651 0.19828173
v -0.17921903 0.00922051 0.19816228
v -0.17913362 0.00924317 0.19799664
v -0.17888683 0.00930947 0.19747322
v -0.17879512 0.00932331 0.19777667
v -0.17908456 0.0092707 0.19722855
v -0.17935863 0.00921295 0.19707968
v -0.17966693 0.00914503 0.19704923
v -0.17996239 0.00907715 0.19714155
v -0.18039935 0.00897683 0.19728148
v -0.18041881 0.00896511 0.19761946
v -0.18040213 0.00896186 0.19794166
v -0.18035191 0.00896622 0.19825339
v -0.18026897 0.00897771 0.19857606
v -0.17980948 0.00907867 0.19863548
v -0.17950132 0.00914667 0.19866603
v -0.17920571 0.00921453 0.19857361
v -0.17896771 0.00927191 0.198372
v -0.17882362 0.0093101 0.19809216
v -0.17886492 0.00963699 0.19778348
v -0.17895665 0.0096232 0.19748021
v -0.179241 0.00955646 0.19763682
v -0.1791867 0.00956464 0.19781641
v -0.17915445 0.00958443 0.19723539
v -0.17935821 0.00953352 0.19749186
v -0.17942854 0.00952668 0.19708643
v -0.17952066 0.00949935 0.19740362
v -0.17973664 0.00945871 0.19705589
v -0.17970299 0.00945908 0.1973855
v -0.18003228 0.00939085 0.19714854
v -0.17987793 0.00941885 0.19744043
v -0.18046918 0.00929056 0.19728834
v -0.18001896 0.00938488 0.19755955
v -0.18048843 0.00927884 0.19762615
v -0.18010431 0.00936226 0.19772549
v -0.18047174 0.00927558 0.1979482
v -0.18012115 0.00935446 0.19791214
v -0.18042182 0.00927997 0.1982602
v -0.18006676 0.00936265 0.19809185
v -0.1803388 0.00929139 0.1985829
v -0.17994964 0.00938555 0.19823668
v -0.17987951 0.00939244 0.19864223
v -0.1797873 0.00941978 0.19832508
v -0.179571 0.00946039 0.19867284
v -0.17960506 0.00946002 0.19834323
v -0.17927554 0.00952823 0.19858025
v -0.17942988 0.00950023 0.19828842
v -0.1790376 0.00958563 0.19837869
v -0.17928883 0.00953423 0.19816906
v -0.17889332 0.00962385 0.19809885
v -0.17920351 0.00955685 0.19800327
v -0.17854383 0.00970931 0.1977504
v -0.17867302 0.00968985 0.19732399
v -0.17895108 0.00963529 0.19697947
v -0.17933645 0.00955404 0.19676967
v -0.17977023 0.00945834 0.19672651
v -0.18018639 0.0093629 0.19685678
v -0.18091866 0.00919636 0.19701732
v -0.18087238 0.00919557 0.19752718
v -0.18082204 0.00919682 0.19798417
v -0.18077606 0.00919736 0.19842822
v -0.18072733 0.00919733 0.19892837
v -0.17997121 0.00936508 0.198959
v -0.1795375 0.00946074 0.19900195
v -0.17912134 0.0095562 0.19887189
v -0.17878642 0.00963696 0.1985882
v -0.17858365 0.00969073 0.19819451
v -0.17831143 0.00866587 0.19772788
v -0.17844054 0.00864641 0.19730109
v -0.17871892 0.0085919 0.19695669
v -0.17910423 0.00851061 0.19674715
v -0.17953801 0.00841498 0.196704
v -0.17995408 0.00831949 0.1968342
v -0.18068626 0.00815295 0.19699475
v -0.18063989 0.00815216 0.19750452
v -0.18058973 0.00815339 0.19796153
v -0.18054384 0.00815393 0.19840562
v -0.18049499 0.00815394 0.19890573
v -0.1797389 0.00832167 0.19893643
v -0.17930531 0.00841734 0.19897946
v -0.17888912 0.0085128 0.19884929
v -0.17855417 0.00859356 0.19856557
v -0.17835122 0.0086473 0.19817188
v -0.17895433 0.00852124 0.1977939
v -0.17900878 0.00851305 0.19761419
v -0.17912587 0.00849011 0.19746926
v -0.17928817 0.00845591 0.19738099
v -0.17947068 0.00841565 0.19736278
v -0.17964565 0.00837549 0.19741767
v -0.17978665 0.00834145 0.19753697
v -0.17987212 0.00831884 0.19770279
v -0.17988887 0.00831105 0.19788956
v -0.17983436 0.00831921 0.19806933
v -0.17971733 0.00834216 0.19821405
v -0.1795552 0.00837637 0.19830247
v -0.17937243 0.00841661 0.1983205
v -0.1791974 0.00845682 0.19826564
v -0.17905649 0.00849081 0.19814646
v -0.17897114 0.00851343 0.19798067
v -0.17872434 0.00857977 0.19745749
v -0.17863264 0.00859358 0.19776082
v -0.17892217 0.00854104 0.19721272
v -0.17919626 0.00848329 0.19706392
v -0.17950436 0.00841528 0.19703322
v -0.17979994 0.00834744 0.19712573
v -0.18023672 0.00824711 0.19726559
v -0.18025621 0.00823546 0.19760349
v -0.18023943 0.00823215 0.19792568
v -0.1801894 0.00823655 0.1982375
v -0.18010637 0.00824799 0.19856029
v -0.17964702 0.00834902 0.19861966
v -0.17933893 0.00841697 0.19865027
v -0.17904317 0.00848485 0.19855752
v -0.17880526 0.00854221 0.19835597
v -0.17866098 0.00858041 0.19807627
v -0.1787025 0.00890732 0.19776755
v -0.17879414 0.00889351 0.1974644
v -0.1790786 0.00882676 0.19762101
v -0.17902419 0.00883495 0.1978006
v -0.17899212 0.00885473 0.19721955
v -0.17919555 0.00880382 0.197476
v -0.17926603 0.00879699 0.19707047
v -0.17935791 0.00876959 0.19738781
v -0.17957428 0.00872902 0.19703996
v -0.17954045 0.00872934 0.19736969
v -0.17986977 0.00866117 0.19713243
v -0.17971551 0.00868918 0.19742438
v -0.18030673 0.00856081 0.19727253
v -0.1798565 0.00865517 0.19754371
v -0.18032592 0.00854912 0.19761025
v -0.17994201 0.00863256 0.19770947
v -0.18030929 0.00854584 0.19793227
v -0.17995855 0.00862474 0.19789621
v -0.1802591 0.00855021 0.19824424
v -0.17990422 0.00863294 0.19807609
v -0.18017634 0.0085617 0.198567
v -0.17978718 0.00865591 0.1982209
v -0.1797167 0.00866267 0.19862635
v -0.17962506 0.00869007 0.19830927
v -0.17940852 0.00873066 0.19865687
v -0.17944231 0.00873034 0.19832733
v -0.17911306 0.00879855 0.1985645
v -0.17926728 0.00877052 0.19827243
v -0.17887523 0.00885595 0.19836297
v -0.17912638 0.00880451 0.19815313
v -0.17873096 0.00889416 0.19808301
v -0.17904093 0.00882714 0.1979874
v -0.17838132 0.00897961 0.19773459
v -0.17851024 0.00896013 0.19730788
v -0.17878887 0.00890561 0.19696348
v -0.17917418 0.00882432 0.1967538
v -0.17960783 0.00872863 0.19671088
v -0.18002387 0.00863317 0.19684103
v -0.18075618 0.00846663 0.19700154
v -0.18070972 0.0084658 0.19751116
v -0.18065962 0.00846712 0.19796815
v -0.18061372 0.00846767 0.19841229
v -0.18056479 0.00846769 0.19891232
v -0.17980873 0.00863537 0.19894301
v -0.17937514 0.00873107 0.1989862
v -0.17895904 0.0088265 0.19885596
v -0.17862406 0.00890727 0.19857218
v -0.17842125 0.00896103 0.19817864
v -0.17863082 0.01009985 0.19775892
v -0.17875987 0.01008037 0.19733215
v -0.17903834 0.01002584 0.19698779
v -0.1794238 0.00994459 0.19677795
v -0.17985746 0.00984889 0.19673498
v -0.1802735 0.00975345 0.19686533
v -0.18100571 0.00958691 0.19702582
v -0.18095946 0.0095861 0.19753556
v -0.18090894 0.00958735 0.19799263
v -0.18086314 0.00958794 0.19843678
v -0.18081435 0.00958789 0.19893674
v -0.18005824 0.00975561 0.19896735
v -0.17962446 0.00985127 0.19901053
v -0.17920851 0.00994675 0.19888036
v -0.17887365 0.01002753 0.19859664
v -0.17867067 0.01008126 0.19820307
v -0.17927372 0.00995521 0.197825
v -0.17932802 0.00994699 0.19764544
v -0.17944523 0.00992407 0.19750042
v -0.17960742 0.00988986 0.19741211
v -0.17978999 0.00984961 0.19739393
v -0.17996498 0.00980941 0.19744877
v -0.18010598 0.00977542 0.19756804
v -0.1801913 0.00975281 0.1977338
v -0.18020823 0.00974499 0.19792069
v -0.18015384 0.00975319 0.19810031
v -0.18003672 0.00977612 0.19824509
v -0.17987439 0.00981029 0.19833363
v -0.17969191 0.00985059 0.1983516
v -0.17951703 0.00989079 0.19829671
v -0.17937588 0.00992475 0.19817765
v -0.17929056 0.00994739 0.19801156
v -0.17904371 0.01001374 0.19748871
v -0.17895194 0.01002753 0.19779191
v -0.17924165 0.00997496 0.19724397
v -0.17951545 0.00991718 0.19709487
v -0.17982363 0.00984925 0.19706429
v -0.1801193 0.0097814 0.19715695
v -0.18055605 0.0096811 0.1972969
v -0.18057572 0.00966941 0.19763462
v -0.18055895 0.00966611 0.19795669
v -0.18050879 0.00967051 0.19826851
v -0.18042579 0.00968195 0.19859133
v -0.17996656 0.00978297 0.1986507
v -0.17965826 0.00985096 0.19868122
v -0.17936256 0.00991879 0.19858877
v -0.17912447 0.00997613 0.19838716
v -0.17898026 0.01001435 0.19810746
v -0.17902204 0.01034129 0.19779862
v -0.1791135 0.01032744 0.1974955
v -0.17939791 0.01026071 0.19765214
v -0.17934364 0.0102689 0.19783158
v -0.17931151 0.01028871 0.19725067
v -0.17951515 0.01023779 0.1975073
v -0.1795853 0.01023093 0.19710163
v -0.17967724 0.01020354 0.19741903
v -0.17989361 0.01016293 0.19707109
v -0.17985978 0.01016329 0.19740076
v -0.18018907 0.01009507 0.19716359
v -0.18003499 0.01012313 0.19745554
v -0.180626 0.00999478 0.1973036
v -0.18017599 0.01008913 0.19757501
v -0.18064546 0.0099831 0.19764132
v -0.18026131 0.0100665 0.19774048
v -0.18062868 0.00997981 0.19796352
v -0.18027815 0.01005868 0.19792746
v -0.18057873 0.00998419 0.19827555
v -0.18022376 0.01006686 0.19810713
v -0.1804957 0.00999565 0.19859807
v -0.18010661 0.01008985 0.19825209
v -0.1800363 0.01009667 0.19865755
v -0.1799443 0.01012403 0.19834028
v -0.17972809 0.01016461 0.19868795
v -0.179762 0.01016432 0.19835822
v -0.17943248 0.01023246 0.19859562
v -0.17958673 0.01020449 0.19830368
v -0.17919445 0.01028991 0.19839413
v -0.17944583 0.01023845 0.19818432
v -0.17905017 0.01032808 0.19811426
v -0.17936042 0.01026107 0.19801856
v -0.17870059 0.01041352 0.19776578
v -0.1788297 0.01039407 0.19733898
v -0.17910823 0.01033954 0.19699437
v -0.17949357 0.01025827 0.19678492
v -0.17992734 0.01016264 0.19674201
v -0.18034315 0.01006711 0.19687213
v -0.18107551 0.00990061 0.19703258
v -0.18102926 0.0098998 0.19754229
v -0.18097883 0.00990105 0.19799931
v -0.18093302 0.0099016 0.19844354
v -0.18088427 0.00990163 0.19894354
v -0.18012797 0.01006932 0.19897426
v -0.17969441 0.01016501 0.19901733
v -0.1792784 0.01026045 0.19888706
v -0.17894336 0.01034119 0.1986034
v -0.17874056 0.01039497 0.19820977
v -0.18113145 0.00913735 0.19755299
v -0.18117788 0.00913808 0.19704093
v -0.18110811 0.0088244 0.19703412
v -0.18106156 0.00882362 0.19754639
v -0.18108075 0.00913856 0.19801183
v -0.18101099 0.00882484 0.19800519
v -0.1810351 0.00913913 0.19845445
v -0.18096527 0.0088254 0.19844761
v -0.18098631 0.00913913 0.19895352
v -0.18091654 0.00882542 0.19894689
v -0.18096876 0.00840765 0.1975373
v -0.18101531 0.00840837 0.19702494
v -0.18094542 0.00809468 0.19701817
v -0.18089887 0.00809388 0.19753029
v -0.18091833 0.00840889 0.19799587
v -0.18084847 0.0080952 0.19798919
v -0.18087276 0.00840944 0.19843855
v -0.18080285 0.00809573 0.19843176
v -0.18082377 0.0084094 0.19893768
v -0.18075403 0.00809574 0.19893099
v -0.18128812 0.00984155 0.19756837
v -0.18133461 0.00984231 0.19705598
v -0.18126472 0.00952861 0.19704927
v -0.18121811 0.00952785 0.19756142
v -0.18123769 0.00984281 0.19802711
v -0.18116787 0.00952915 0.19802035
v -0.18119195 0.00984337 0.19846962
v -0.181122 0.00952963 0.19846294
v -0.18114313 0.00984336 0.19896881
v -0.18107333 0.00952966 0.19896204
v -0.18147167 0.00952164 0.19479474
v -0.18135404 0.0089933 0.1947831
v -0.1812362 0.00846497 0.19477173
v -0.1815477 0.01005037 0.19521059
v -0.18143025 0.00952205 0.19519907
v -0.18131259 0.00899374 0.19518761
v -0.18119496 0.0084654 0.19517619
v -0.18107712 0.00793707 0.19516469
v -0.18150636 0.0100508 0.19561509
v -0.18138885 0.00952247 0.19560357
v -0.18127116 0.00899414 0.19559191
v -0.18115356 0.0084658 0.19558037
v -0.18103587 0.00793748 0.19556917
v -0.18134409 0.01005241 0.19719983
v -0.18122661 0.00952411 0.19718836
v -0.18110901 0.0089958 0.19717674
v -0.18099138 0.00846746 0.19716529
v -0.18087351 0.00793913 0.19715388
v -0.18130275 0.01005284 0.19760428
v -0.18118521 0.00952455 0.19759278
v -0.18106737 0.0089962 0.19758139
v -0.18095001 0.00846791 0.1975698
v -0.18083205 0.00793955 0.19755829
v -0.18126142 0.01005328 0.19800867
v -0.18114382 0.00952498 0.19799703
v -0.18102619 0.00899664 0.19798557
v -0.18090856 0.00846834 0.19797416
v -0.18079078 0.00793999 0.19796268
v -0.18119335 0.01005399 0.198674
v -0.18107575 0.00952566 0.1986625
v -0.18095806 0.00899733 0.19865085
v -0.18084052 0.008469 0.1986394
v -0.18072268 0.00794066 0.1986279
v -0.1811521 0.01005441 0.19907842
v -0.18103423 0.00952606 0.19906702
v -0.18091675 0.00899773 0.19905541
v -0.18079879 0.00846936 0.19904385
v -0.18068131 0.00794108 0.19903238
v -0.1809929 0.00952648 0.19947129
v -0.18087527 0.00899815 0.19945965
v -0.18075758 0.00846983 0.19944812
v -0.18175301 0.01000418 0.19523169
v -0.18167671 0.00947547 0.19481575
v -0.18163526 0.00947589 0.19522023
v -0.1815592 0.00894713 0.19480414
v -0.18151778 0.00894754 0.19520886
v -0.18144154 0.00841883 0.1947927
v -0.18140021 0.00841927 0.19519735
v -0.18128222 0.00789089 0.19518579
v -0.18171173 0.01000463 0.19563613
v -0.18159389 0.00947631 0.19562473
v -0.18147638 0.008948 0.19561307
v -0.18135869 0.00841968 0.19560171
v -0.18124094 0.00789136 0.19559012
v -0.18154954 0.01000629 0.19722084
v -0.18143171 0.00947793 0.19720934
v -0.18131417 0.00894967 0.19719784
v -0.18119648 0.00842132 0.19718651
v -0.18107882 0.007893 0.19717495
v -0.18150794 0.01000667 0.19762538
v -0.18139031 0.00947834 0.19761392
v -0.18127277 0.00895003 0.19760207
v -0.18115505 0.00842173 0.19759087
v -0.18103736 0.00789342 0.1975793
v -0.18146672 0.01000712 0.19802965
v -0.18134895 0.00947877 0.19801811
v -0.18123146 0.00895046 0.19800652
v -0.18111354 0.00842212 0.19799499
v -0.18099603 0.00789386 0.19798366
v -0.18139839 0.01000777 0.19869492
v -0.18128091 0.00947952 0.19868339
v -0.18116331 0.00895116 0.19867195
v -0.18104559 0.00842287 0.19866053
v -0.18092784 0.00789451 0.19864906
v -0.18135714 0.01000827 0.19909931
v -0.18123945 0.00947992 0.19908785
v -0.18112185 0.0089516 0.19907631
v -0.18100413 0.00842328 0.19906486
v -0.18088647 0.00789495 0.1990533
v -0.18119821 0.00948036 0.19949218
v -0.18108034 0.00895202 0.1994806
v -0.18096277 0.0084237 0.19946925
v -0.18065789 0.00794133 0.19926141
v -0.1808632 0.00789522 0.19928248
v -0.18077561 0.00846965 0.19927297
v -0.18121612 0.00948014 0.19931697
v -0.18109834 0.00895184 0.19930537
v -0.18089315 0.00899796 0.19928424
v -0.18101081 0.0095263 0.19929587
v -0.18112856 0.01005465 0.19930733
v -0.18098065 0.00842351 0.19929401
v -0.18133354 0.01000847 0.19932846
v -0.17810934 0.0101696 0.19942688
v -0.17799171 0.00964136 0.19941531
v -0.17787393 0.00911301 0.19940374
v -0.17862159 0.0106092 0.19947896
v -0.17850399 0.01008088 0.19946736
v -0.17838633 0.00955253 0.19945575
v -0.17826873 0.00902425 0.19944442
v -0.17815092 0.00849591 0.19943277
v -0.17901605 0.01052044 0.19951932
v -0.17889872 0.0099921 0.19950783
v -0.17878094 0.00946373 0.19949637
v -0.17866322 0.0089355 0.19948495
v -0.17854565 0.00840718 0.19947339
v -0.1792967 0.0104574 0.19954811
v -0.17917889 0.00992908 0.19953671
v -0.17906126 0.00940071 0.19952501
v -0.17894366 0.0088724 0.19951354
v -0.17882576 0.00834411 0.19950212
v -0.17969107 0.01036859 0.19958846
v -0.17957353 0.00984029 0.19957701
v -0.17945593 0.00931194 0.19956557
v -0.17933824 0.00878367 0.19955395
v -0.17922055 0.00825533 0.19954244
v -0.18008565 0.01027985 0.19962899
v -0.17996805 0.00975151 0.19961768
v -0.17985066 0.00922321 0.19960601
v -0.17973274 0.00869485 0.19959451
v -0.17961522 0.00816654 0.199583
v -0.18048042 0.01019107 0.19966955
v -0.18036285 0.00966277 0.19965809
v -0.18024504 0.00913441 0.19964657
v -0.1801275 0.0086061 0.1996351
v -0.18000975 0.00807781 0.19962365
v -0.18087488 0.01010229 0.19971002
v -0.18075749 0.009574 0.19969853
v -0.18063971 0.00904568 0.19968704
v -0.18052202 0.00851735 0.19967566
v -0.18040448 0.00798904 0.1996641
v -0.18115198 0.00948524 0.19973903
v -0.18103441 0.0089569 0.19972737
v -0.18091684 0.0084286 0.19971592
v -0.17864298 0.01060898 0.19926847
v -0.1781308 0.01016938 0.19921663
v -0.17852568 0.01008066 0.19925716
v -0.17801329 0.00964114 0.19920499
v -0.17840778 0.00955231 0.19924555
v -0.1778956 0.00911277 0.19919355
v -0.17829021 0.00902401 0.19923402
v -0.17817252 0.00849568 0.19922266
v -0.17903783 0.01052023 0.19930909
v -0.17892006 0.00999187 0.1992976
v -0.17880266 0.00946358 0.19928614
v -0.17868486 0.00893526 0.19927461
v -0.17856711 0.00840695 0.19926317
v -0.17931795 0.01045716 0.19933785
v -0.17920059 0.00992886 0.19932645
v -0.17908272 0.00940053 0.19931478
v -0.17896518 0.00887218 0.19930337
v -0.17884743 0.00834391 0.19929185
v -0.17971277 0.01036841 0.19937832
v -0.17959502 0.00984006 0.1993668
v -0.17947751 0.00931178 0.1993552
v -0.17935964 0.00878344 0.19934378
v -0.17924198 0.00825512 0.19933234
v -0.18010738 0.01027961 0.19941882
v -0.17998963 0.00975133 0.19940725
v -0.17987194 0.00922297 0.1993957
v -0.17975446 0.00869468 0.19938425
v -0.17963665 0.00816634 0.1993729
v -0.18050175 0.01019081 0.19945927
v -0.18038439 0.00966255 0.19944778
v -0.18026667 0.00913422 0.19943629
v -0.1801489 0.00860587 0.19942472
v -0.18003132 0.00807756 0.19941322
v -0.18089667 0.01010209 0.19949977
v -0.1807788 0.00957373 0.1994884
v -0.18066126 0.00904543 0.19947682
v -0.18054375 0.00851715 0.19946523
v -0.18042588 0.00798882 0.19945378
v -0.18117368 0.00948502 0.19952887
v -0.18105596 0.00895667 0.19951735
v -0.18093824 0.00842836 0.19950579
v -0.18062794 0.00793876 0.19968687
v -0.18064943 0.00793851 0.19947667
v -0.18074554 0.00846704 0.19969837
v -0.1810024 0.00952349 0.1995112
v -0.18088486 0.0089952 0.19949959
v -0.18086323 0.00899538 0.19971005
v -0.18098107 0.0095237 0.19972142
v -0.18109843 0.01005205 0.19973294
v -0.18076714 0.00846685 0.19948814
v -0.18112015 0.01005182 0.19952283
v -0.17940142 0.00832226 0.19783973
v -0.17895168 0.00842347 0.19779339
v -0.17896959 0.00842144 0.19770434
v -0.17900377 0.00841557 0.19762064
v -0.17905354 0.00840617 0.19754526
v -0.17911684 0.0083935 0.19748103
v -0.17919075 0.00837807 0.19743084
v -0.17927283 0.00836053 0.19739615
v -0.17935991 0.00834156 0.1973786
v -0.17944875 0.00832181 0.19737875
v -0.17953568 0.00830208 0.19739663
v -0.17961722 0.0082831 0.19743135
v -0.17969059 0.00826567 0.19748213
v -0.17975285 0.00825041 0.19754642
v -0.17980161 0.00823783 0.197622
v -0.17983534 0.00822863 0.19770592
v -0.17985189 0.00822291 0.19779516
v -0.17985144 0.00822108 0.19788581
v -0.17983347 0.00822315 0.19797489
v -0.17979902 0.00822897 0.19805881
v -0.17974934 0.00823842 0.19813419
v -0.17968606 0.00825106 0.19819824
v -0.17961219 0.00826649 0.19824862
v -0.17953002 0.00828398 0.19828318
v -0.17944312 0.00830302 0.19830083
v -0.17935428 0.00832277 0.19830074
v -0.17926746 0.0083425 0.19828282
v -0.17918574 0.00836145 0.19824798
v -0.17911234 0.00837889 0.19819746
v -0.17905002 0.00839416 0.19813305
v -0.17900124 0.00840665 0.19805739
v -0.17896771 0.00841588 0.19797354
v -0.17895099 0.0084216 0.1978845
v -0.17898231 0.00856078 0.19779646
v -0.17900005 0.00855879 0.19770738
v -0.1790345 0.00855292 0.19762367
v -0.1790843 0.0085435 0.19754815
v -0.1791473 0.00853079 0.19748398
v -0.17922136 0.00851545 0.19743377
v -0.17930361 0.0084979 0.19739905
v -0.17939057 0.00847889 0.19738143
v -0.17947939 0.00845919 0.19738158
v -0.17956611 0.00843939 0.19739943
v -0.17964789 0.00842046 0.19743436
v -0.17972111 0.00840298 0.19748494
v -0.17978355 0.00838774 0.19754937
v -0.17983242 0.00837522 0.19762486
v -0.17986562 0.00836591 0.19770875
v -0.17988246 0.00836024 0.19779789
v -0.17988196 0.00835848 0.19788885
v -0.17986404 0.00836045 0.19797775
v -0.1798295 0.0083663 0.19806155
v -0.17977985 0.00837574 0.19813692
v -0.17971688 0.00838844 0.19820123
v -0.17964276 0.00840379 0.1982516
v -0.17956066 0.00842133 0.19828617
v -0.17947351 0.00844034 0.19830375
v -0.17938494 0.00846008 0.19830369
v -0.17929813 0.00847983 0.19828581
v -0.17921635 0.00849878 0.19825086
v -0.17914301 0.00851625 0.19820022
v -0.17908057 0.0085315 0.19813582
v -0.17903181 0.00854402 0.19806042
v -0.17899844 0.00855332 0.19797644
v -0.17898157 0.00855893 0.19788745
v -0.17901259 0.00869815 0.19779963
v -0.17903041 0.00869609 0.19771046
v -0.17906507 0.00869027 0.19762675
v -0.17911469 0.00868085 0.19755108
v -0.17917785 0.00866818 0.19748708
v -0.17925176 0.00865277 0.19743673
v -0.17933398 0.00863524 0.1974022
v -0.17942103 0.00861621 0.19738449
v -0.17950975 0.00859649 0.19738473
v -0.17959672 0.00857679 0.19740252
v -0.17967829 0.0085578 0.1974373
v -0.17975169 0.00854035 0.19748811
v -0.17981404 0.00852506 0.19755236
v -0.17986276 0.00851257 0.19762799
v -0.17989623 0.00850329 0.19771181
v -0.17991286 0.00849762 0.19780097
v -0.17991247 0.00849579 0.19789186
v -0.17989456 0.00849778 0.19798085
v -0.17985999 0.00850363 0.19806458
v -0.17981031 0.00851308 0.19814023
v -0.17974737 0.00852577 0.19820435
v -0.17967319 0.00854113 0.19825467
v -0.179591 0.00855865 0.19828927
v -0.17950403 0.00857767 0.19830691
v -0.17941531 0.00859746 0.19830659
v -0.17932844 0.00861715 0.19828881
v -0.17924669 0.00863611 0.19825387
v -0.17917332 0.00865358 0.19820341
v -0.17911103 0.00866885 0.19813898
v -0.17906221 0.00868137 0.19806352
v -0.17902901 0.00869069 0.19797948
v -0.17901217 0.00869632 0.19789037
v -0.17904341 0.00883549 0.19780258
v -0.17906126 0.00883342 0.19771356
v -0.17909574 0.0088276 0.19762955
v -0.1791456 0.00881819 0.19755412
v -0.17920842 0.0088055 0.19749011
v -0.17928257 0.00879011 0.19743962
v -0.1793648 0.00877258 0.19740526
v -0.17945191 0.00875357 0.19738756
v -0.17954048 0.0087338 0.19738765
v -0.17962724 0.00871406 0.19740547
v -0.1797091 0.00869515 0.19744043
v -0.17978254 0.00867769 0.19749115
v -0.17984467 0.0086624 0.19755531
v -0.17989361 0.00864993 0.1976311
v -0.17992693 0.00864063 0.19771494
v -0.17994377 0.00863497 0.19780404
v -0.17994299 0.00863309 0.19789473
v -0.17992547 0.00863515 0.19798396
v -0.17989084 0.008641 0.19806779
v -0.17984104 0.0086504 0.19814312
v -0.17977795 0.00866307 0.19820736
v -0.17970407 0.00867847 0.19825755
v -0.1796219 0.00869604 0.19829224
v -0.17953479 0.00871504 0.19830988
v -0.17944607 0.00873477 0.19830964
v -0.17935913 0.00875448 0.19829167
v -0.17927748 0.00877346 0.19825691
v -0.17920413 0.00879089 0.19820652
v -0.17914164 0.00880619 0.19814193
v -0.179093 0.00881872 0.19806645
v -0.17905965 0.00882798 0.19798244
v -0.17904305 0.00883366 0.19789318
v -0.17907401 0.00897288 0.1978057
v -0.17909178 0.00897081 0.1977165
v -0.17912638 0.00896496 0.19763264
v -0.17917585 0.0089555 0.19755718
v -0.17923909 0.00894288 0.19749313
v -0.17931318 0.00892746 0.19744271
v -0.17939508 0.00890993 0.19740805
v -0.17948219 0.00889086 0.19739058
v -0.17957091 0.00887114 0.19739064
v -0.17965769 0.00885145 0.19740852
v -0.17973944 0.0088325 0.19744354
v -0.17981296 0.00881507 0.19749397
v -0.17987519 0.00879972 0.19755831
v -0.17992401 0.00878726 0.19763404
v -0.17995753 0.00877798 0.1977179
v -0.17997431 0.00877235 0.19780704
v -0.17997357 0.00877047 0.19789785
v -0.17995581 0.00877248 0.19798693
v -0.17992147 0.00877838 0.19807079
v -0.17987158 0.0087878 0.19814613
v -0.17980846 0.00880045 0.19821032
v -0.17973452 0.00881583 0.1982606
v -0.17965224 0.00883336 0.19829526
v -0.17956525 0.00885236 0.1983127
v -0.17947644 0.00887211 0.19831261
v -0.17938974 0.00889189 0.19829487
v -0.17930793 0.0089108 0.19825977
v -0.17923465 0.00892826 0.1982094
v -0.1791723 0.00894355 0.19814509
v -0.17912352 0.00895603 0.19806939
v -0.17909002 0.0089653 0.19798541
v -0.17907342 0.00897103 0.19789624
v -0.17910456 0.00911017 0.19780851
v -0.17912244 0.00910813 0.19771952
v -0.17915678 0.00910227 0.19763569
v -0.17920655 0.00909284 0.19756011
v -0.1792697 0.00908021 0.19749598
v -0.17934382 0.00906478 0.1974457
v -0.1794258 0.00904725 0.19741095
v -0.17951294 0.00902827 0.19739355
v -0.17960161 0.0090085 0.19739382
v -0.17968842 0.00898878 0.19741158
v -0.17977014 0.0089698 0.19744651
v -0.17984354 0.00895237 0.19749684
v -0.1799058 0.0089371 0.19756124
v -0.17995452 0.00892461 0.19763694
v -0.17998817 0.00891534 0.19772096
v -0.18000483 0.00890963 0.19781009
v -0.18000426 0.00890776 0.19790081
v -0.17998641 0.00890985 0.19798986
v -0.17995205 0.00891567 0.19807378
v -0.17990228 0.00892515 0.19814933
v -0.17983892 0.00893774 0.19821323
v -0.17976501 0.00895319 0.19826372
v -0.17968305 0.00897071 0.19829826
v -0.17959597 0.00898975 0.19831569
v -0.17950719 0.00900948 0.19831569
v -0.17942032 0.0090292 0.19829775
v -0.17933872 0.00904818 0.19826285
v -0.17926526 0.00906557 0.19821228
v -0.17920282 0.0090809 0.19814802
v -0.17915421 0.00909341 0.19807232
v -0.17912066 0.00910262 0.19798837
v -0.179104 0.0091083 0.19789926
v -0.17913508 0.0092475 0.19781148
v -0.17915299 0.00924552 0.19772248
v -0.17918735 0.00923961 0.1976386
v -0.17923706 0.00923022 0.19756336
v -0.17930021 0.00921758 0.19749902
v -0.17937436 0.00920219 0.19744877
v -0.17945638 0.00918462 0.19741408
v -0.17954331 0.0091656 0.19739657
v -0.17963209 0.00914589 0.1973968
v -0.17971909 0.00912618 0.19741453
v -0.1798008 0.0091072 0.19744949
v -0.179874 0.00908972 0.1975
v -0.1799364 0.00907445 0.1975644
v -0.17998519 0.00906193 0.19763985
v -0.18001848 0.00905263 0.19772395
v -0.18003532 0.00904698 0.19781312
v -0.18003487 0.00904516 0.19790373
v -0.18001693 0.00904716 0.19799287
v -0.17998245 0.00905304 0.19807674
v -0.17993256 0.00906246 0.19815225
v -0.17986965 0.00907513 0.19821612
v -0.17979547 0.00909053 0.19826665
v -0.17971345 0.00910804 0.1983011
v -0.17962631 0.00912706 0.19831885
v -0.17953786 0.00914682 0.19831876
v -0.17945087 0.00916658 0.19830094
v -0.17936912 0.00918551 0.19826591
v -0.1792958 0.00920298 0.1982152
v -0.17923349 0.00921825 0.19815105
v -0.17918464 0.00923072 0.19807542
v -0.17915126 0.00924003 0.1979915
v -0.17913436 0.00924567 0.19790245
v -0.17916575 0.00938487 0.19781442
v -0.17918372 0.00938283 0.19772546
v -0.17921805 0.009377 0.19764168
v -0.17926785 0.00936755 0.19756631
v -0.17933094 0.0093549 0.19750206
v -0.17940485 0.0093395 0.19745187
v -0.17948705 0.00932201 0.19741709
v -0.17957413 0.00930297 0.19739945
v -0.17966282 0.00928324 0.1973996
v -0.1797496 0.0092635 0.19741748
v -0.17983138 0.00924452 0.19745256
v -0.17990478 0.00922708 0.19750289
v -0.17996722 0.00921187 0.19756741
v -0.18001595 0.00919932 0.19764272
v -0.18004944 0.00919004 0.19772689
v -0.18006598 0.00918437 0.19781591
v -0.1800656 0.0091825 0.19790668
v -0.18004775 0.00918457 0.19799588
v -0.18001315 0.00919039 0.19807966
v -0.17996344 0.00919982 0.19815518
v -0.17990034 0.00921251 0.19821928
v -0.17982634 0.00922789 0.19826956
v -0.17974412 0.00924543 0.19830413
v -0.17965701 0.0092644 0.19832186
v -0.17956835 0.00928417 0.19832171
v -0.17948156 0.00930387 0.19830383
v -0.17939978 0.00932288 0.19826905
v -0.17932635 0.00934029 0.19821824
v -0.17926415 0.00935557 0.19815398
v -0.17921537 0.00936813 0.19807829
v -0.17918208 0.00937739 0.19799454
v -0.17916515 0.00938304 0.19790543
v -0.1791962 0.0095222 0.19781756
v -0.17921403 0.00952019 0.19772863
v -0.17924866 0.00951435 0.19764459
v -0.17929849 0.00950495 0.19756926
v -0.17936143 0.00949228 0.19750499
v -0.17943543 0.00947685 0.19745479
v -0.17951765 0.00945933 0.19742003
v -0.17960485 0.00944031 0.19740247
v -0.17969325 0.00942055 0.19740262
v -0.17978012 0.00940081 0.19742059
v -0.1798619 0.00938189 0.1974554
v -0.17993551 0.00936443 0.19750605
v -0.17999753 0.00934914 0.19757041
v -0.18004646 0.00933664 0.19764596
v -0.18007975 0.00932736 0.19772988
v -0.18009656 0.00932167 0.19781887
v -0.18009597 0.00931986 0.19790983
v -0.18007823 0.00932188 0.19799882
v -0.18004357 0.00932773 0.19808265
v -0.17999395 0.00933721 0.19815814
v -0.17993089 0.00934984 0.1982223
v -0.17985689 0.00936519 0.19827258
v -0.17977476 0.00938277 0.19830715
v -0.17968756 0.00940177 0.19832477
v -0.17959901 0.00942153 0.19832465
v -0.17951223 0.00944124 0.19830668
v -0.17943039 0.00946022 0.198272
v -0.17935696 0.00947767 0.19822129
v -0.17929455 0.00949293 0.19815695
v -0.17924594 0.00950547 0.19808143
v -0.17921257 0.00951474 0.19799748
v -0.1791957 0.0095204 0.19790831
v -0.17922696 0.00965962 0.19782042
v -0.17924457 0.00965752 0.19773143
v -0.17927923 0.00965171 0.19764736
v -0.179329 0.00964226 0.19757208
v -0.17939195 0.00962961 0.197508
v -0.17946606 0.00961418 0.19745764
v -0.17954814 0.00959667 0.19742327
v -0.17963516 0.00957766 0.1974053
v -0.17972382 0.00955789 0.1974056
v -0.17981079 0.00953815 0.19742339
v -0.17989239 0.0095192 0.19745832
v -0.17996588 0.00950176 0.19750911
v -0.18002823 0.00948651 0.19757327
v -0.18007701 0.00947399 0.19764897
v -0.18011042 0.00946475 0.19773277
v -0.18012723 0.00945906 0.19782188
v -0.18012654 0.0094572 0.19791278
v -0.18010866 0.00945923 0.19800201
v -0.18007433 0.00946508 0.19808563
v -0.18002453 0.00947453 0.19816112
v -0.17996144 0.00948718 0.1982252
v -0.17988753 0.00950254 0.19827556
v -0.17980518 0.00952008 0.19831034
v -0.17971828 0.00953911 0.1983276
v -0.17962953 0.0095589 0.19832751
v -0.17954272 0.0095786 0.19830966
v -0.17946088 0.00959755 0.19827482
v -0.17938751 0.009615 0.19822436
v -0.17932537 0.00963031 0.1981599
v -0.1792764 0.00964276 0.19808444
v -0.17924308 0.00965205 0.1980004
v -0.17922636 0.00965773 0.19791147
v -0.1792573 0.00979694 0.19782356
v -0.1792753 0.00979493 0.19773434
v -0.17930981 0.00978906 0.19765062
v -0.17935931 0.00977957 0.19757504
v -0.17942252 0.00976699 0.19751109
v -0.1794967 0.00975157 0.19746075
v -0.17957863 0.00973403 0.19742609
v -0.17966583 0.009715 0.19740854
v -0.17975455 0.00969528 0.19740854
v -0.17984119 0.00967548 0.19742651
v -0.17992299 0.00965656 0.19746132
v -0.17999646 0.00963912 0.19751207
v -0.18005862 0.00962384 0.19757624
v -0.18010744 0.00961134 0.19765199
v -0.18014091 0.00960211 0.19773595
v -0.18015781 0.00959641 0.19782497
v -0.18015718 0.00959453 0.19791577
v -0.18013924 0.00959659 0.19800497
v -0.18010479 0.00960246 0.19808875
v -0.18005523 0.00961191 0.19816412
v -0.17999187 0.0096245 0.19822819
v -0.17991796 0.00963992 0.19827853
v -0.17983591 0.00965748 0.19831325
v -0.17974877 0.00967649 0.1983308
v -0.17965996 0.00969621 0.19833059
v -0.17957314 0.00971591 0.19831277
v -0.17949146 0.0097349 0.19827784
v -0.17941823 0.00975237 0.19822736
v -0.17935577 0.00976767 0.19816304
v -0.17930713 0.00978016 0.19808743
v -0.17927351 0.00978941 0.19800345
v -0.179257 0.00979512 0.19791428
v -0.17928817 0.00993425 0.19782647
v -0.17930597 0.00993223 0.19773721
v -0.17934027 0.00992635 0.19765341
v -0.17938998 0.00991694 0.19757801
v -0.17945322 0.0099043 0.19751399
v -0.17952734 0.00988889 0.1974636
v -0.17960929 0.00987133 0.19742894
v -0.17969644 0.00985235 0.1974115
v -0.17978513 0.0098326 0.19741162
v -0.17987206 0.00981288 0.19742965
v -0.17995366 0.00979393 0.19746428
v -0.18002706 0.00977647 0.19751504
v -0.18008932 0.00976115 0.19757911
v -0.18013829 0.00974867 0.19765481
v -0.18017166 0.0097394 0.19773882
v -0.18018844 0.00973374 0.19782787
v -0.18018782 0.00973187 0.19791886
v -0.18016991 0.00973391 0.19800779
v -0.18013557 0.00973976 0.19809171
v -0.18008571 0.0097492 0.19816699
v -0.18002265 0.00976188 0.1982311
v -0.17994853 0.00977725 0.19828164
v -0.17986652 0.00979479 0.19831603
v -0.17977955 0.00981381 0.19833359
v -0.17969086 0.0098336 0.19833359
v -0.17960396 0.0098533 0.19831571
v -0.17952218 0.00987227 0.19828078
v -0.17944893 0.0098897 0.19823017
v -0.17938652 0.00990498 0.19816604
v -0.17933759 0.00991744 0.19809019
v -0.17930424 0.00992671 0.19800639
v -0.17928743 0.00993241 0.19791716
v -0.17931869 0.01007159 0.19782936
v -0.17933657 0.01006961 0.1977404
v -0.17937102 0.01006374 0.19765639
v -0.17942071 0.01005429 0.19758105
v -0.17948374 0.01004162 0.19751694
v -0.17955794 0.01002627 0.19746667
v -0.17964002 0.01000868 0.19743201
v -0.17972698 0.0099897 0.19741454
v -0.17981576 0.00996998 0.19741466
v -0.17990261 0.00995022 0.19743257
v -0.17998445 0.0099313 0.19746749
v -0.1800577 0.00991382 0.19751799
v -0.18012005 0.00989855 0.1975823
v -0.18016877 0.00988602 0.19765785
v -0.18020212 0.00987673 0.19774177
v -0.18021893 0.00987105 0.19783106
v -0.18021842 0.00986919 0.19792178
v -0.18020063 0.00987128 0.19801074
v -0.18016606 0.00987713 0.19809466
v -0.18011647 0.00988653 0.19817012
v -0.18005335 0.00989922 0.19823417
v -0.17997914 0.0099146 0.19828459
v -0.17989715 0.00993215 0.19831928
v -0.17980998 0.00995116 0.19833684
v -0.17972132 0.0099709 0.19833666
v -0.17963457 0.00999062 0.19831877
v -0.17955279 0.01000959 0.19828379
v -0.1794793 0.01002701 0.19823336
v -0.17941713 0.01004231 0.19816893
v -0.17936837 0.01005483 0.19809341
v -0.17933481 0.01006411 0.19800937
v -0.17931816 0.01006975 0.19792029
v -0.17934924 0.01020896 0.19783243
v -0.17936712 0.01020692 0.19774329
v -0.17940163 0.01020107 0.19765958
v -0.17945125 0.01019164 0.19758424
v -0.17951437 0.01017898 0.19752001
v -0.17958828 0.01016357 0.19746971
v -0.17967057 0.01014602 0.19743487
v -0.17975768 0.01012703 0.19741731
v -0.17984631 0.01010732 0.19741761
v -0.17993319 0.01008759 0.1974354
v -0.18001493 0.01006859 0.1974703
v -0.18008828 0.01005113 0.19752085
v -0.18015053 0.01003586 0.19758522
v -0.18019947 0.01002338 0.19766071
v -0.18023276 0.01001406 0.19774472
v -0.18024948 0.01000837 0.19783392
v -0.180249 0.01000661 0.19792464
v -0.18023121 0.0100086 0.1980136
v -0.18019655 0.01001444 0.19809764
v -0.18014687 0.01002391 0.19817307
v -0.1800839 0.01003659 0.19823715
v -0.1800099 0.01005193 0.19828748
v -0.17992755 0.01006946 0.19832202
v -0.17984059 0.0100885 0.19833982
v -0.17975199 0.01010821 0.19833964
v -0.17966511 0.01012797 0.19832181
v -0.17958346 0.01014692 0.19828677
v -0.17950996 0.01016439 0.19823604
v -0.17944759 0.01017965 0.19817179
v -0.17939868 0.01019216 0.19809639
v -0.17936545 0.01020144 0.19801241
v -0.17934861 0.01020709 0.19792333
v -0.17937976 0.01034637 0.1978355
v -0.17939749 0.01034426 0.19774645
v -0.17943197 0.01033845 0.19766265
v -0.17948186 0.01032903 0.19758719
v -0.17954474 0.01031641 0.19752296
v -0.1796188 0.01030096 0.19747263
v -0.179701 0.01028342 0.19743812
v -0.17978814 0.01026442 0.1974205
v -0.1798768 0.01024464 0.19742068
v -0.17996347 0.0102249 0.19743832
v -0.1800453 0.01020595 0.1974734
v -0.18011874 0.01018851 0.19752395
v -0.1801812 0.01017327 0.19758817
v -0.1802299 0.01016077 0.19766387
v -0.18026334 0.01015149 0.19774782
v -0.18028011 0.01014581 0.19783687
v -0.1802794 0.01014394 0.19792777
v -0.1802617 0.01014599 0.19801679
v -0.18022719 0.01015183 0.19810062
v -0.18017733 0.01016124 0.19817611
v -0.18011432 0.01017391 0.19824034
v -0.1800403 0.01018932 0.19829046
v -0.17995804 0.01020687 0.19832509
v -0.17987102 0.01022588 0.1983428
v -0.17978239 0.01024561 0.19834268
v -0.17969566 0.01026538 0.19832477
v -0.17961373 0.01028431 0.1982899
v -0.17954039 0.01030175 0.19823929
v -0.17947807 0.01031704 0.19817483
v -0.17942935 0.01032958 0.19809946
v -0.17939603 0.01033885 0.19801539
v -0.17937934 0.0103445 0.1979264
v -0.17982962 0.01024517 0.19788169
v -0.17930582 0.0080969 0.19827748
v -0.1791422 0.00813443 0.19822682
v -0.17931127 0.00814949 0.19833774
v -0.17912805 0.00819153 0.19828049
v -0.1790106 0.00816618 0.1981161
v -0.1789774 0.00822786 0.19815506
v -0.17893415 0.00818653 0.19796331
v -0.17889279 0.0082504 0.1979817
v -0.17896866 0.00818614 0.19762443
v -0.17893213 0.00825003 0.1975976
v -0.17907452 0.0081655 0.19749037
v -0.1790499 0.00822709 0.19744516
v -0.17922598 0.0081336 0.19740875
v -0.17922297 0.00819059 0.19735302
v -0.17939639 0.00809597 0.19739227
v -0.17941409 0.00814846 0.197334
v -0.17956 0.00805848 0.19744311
v -0.17959728 0.00810637 0.19739149
v -0.17968672 0.0080279 0.19755314
v -0.17974811 0.00807007 0.19751675
v -0.17976808 0.0080064 0.19770659
v -0.17983266 0.00804748 0.19768993
v -0.17973339 0.00800674 0.19804523
v -0.17979335 0.00804789 0.19807417
v -0.17962268 0.00802853 0.19817893
v -0.17967543 0.0080708 0.19822658
v -0.17947617 0.00805934 0.19826103
v -0.17950233 0.00810734 0.19831882
v -0.17946872 0.00806157 0.19823412
v -0.17960932 0.0080319 0.19815768
v -0.17970913 0.00801244 0.198032
v -0.17952764 0.0080523 0.19805882
v -0.17930862 0.00809687 0.19824953
v -0.17932874 0.00809666 0.19805456
v -0.1791552 0.00813215 0.19820193
v -0.17913287 0.00814101 0.19801835
v -0.17903283 0.00816163 0.1980987
v -0.17896044 0.0081808 0.19795514
v -0.17974165 0.0080121 0.19771449
v -0.17956909 0.00805183 0.19765152
v -0.17937374 0.00809622 0.1976156
v -0.17917478 0.00814062 0.19761098
v -0.17899304 0.00818048 0.19763787
v -0.17966944 0.00803131 0.19757135
v -0.17954719 0.00806078 0.19746781
v -0.17939341 0.00809598 0.19742025
v -0.17923355 0.00813132 0.19743569
v -0.17909294 0.00816099 0.19751195
v -0.17921444 0.00845816 0.19823196
v -0.17937797 0.00842068 0.19828257
v -0.17937153 0.00842073 0.19834652
v -0.17918816 0.0084628 0.19828897
v -0.17908769 0.0084888 0.1981222
v -0.17903763 0.00849909 0.19816288
v -0.17900615 0.00851026 0.19796943
v -0.17894807 0.00852278 0.19798827
v -0.17904079 0.00850996 0.1976321
v -0.17898765 0.00852243 0.197602
v -0.1791515 0.00848816 0.19749903
v -0.17911082 0.00849834 0.19744911
v -0.1792978 0.00845733 0.19741746
v -0.17928364 0.00846181 0.19735643
v -0.17946818 0.00841973 0.19740098
v -0.17947477 0.00841966 0.19733721
v -0.17963168 0.00838225 0.19745186
v -0.17965793 0.0083776 0.19739466
v -0.17975848 0.00835162 0.19756126
v -0.17980861 0.0083413 0.1975207
v -0.17983984 0.00833016 0.19771432
v -0.17989808 0.0083176 0.19769558
v -0.17980524 0.00833046 0.19805154
v -0.17985856 0.00831801 0.19808161
v -0.17969474 0.00835224 0.19818466
v -0.17973557 0.00834206 0.19823458
v -0.17954847 0.00838308 0.19826611
v -0.17956244 0.00837857 0.19832715
v -0.17918837 0.00846817 0.19803655
v -0.1793991 0.0084204 0.19807499
v -0.17961347 0.00837261 0.19808009
v -0.17923271 0.00846773 0.19760355
v -0.17944696 0.00841994 0.1976087
v -0.17965763 0.00837216 0.19764709
v -0.17893785 0.00852835 0.19784048
v -0.17887714 0.00825708 0.19783438
v -0.17894759 0.00852823 0.19774469
v -0.17888712 0.00825701 0.1977389
v -0.1798383 0.00804092 0.197933
v -0.17976608 0.00800206 0.19792588
v -0.17984816 0.00804084 0.19783754
v -0.1797758 0.00800197 0.19783
v -0.17990848 0.00831205 0.19784328
v -0.17989867 0.00831219 0.19793888
v -0.17955339 0.00804984 0.19790487
v -0.17974075 0.00800775 0.19792313
v -0.1793462 0.00809649 0.19788382
v -0.17913356 0.00814427 0.19786174
v -0.17895174 0.00818525 0.19784225
v -0.17975047 0.00800762 0.19782753
v -0.17956346 0.00804972 0.19780765
v -0.17935609 0.00809637 0.1977861
v -0.17914375 0.00814418 0.19776444
v -0.17896148 0.00818515 0.19774664
v -0.1789264 0.00819094 0.19783969
v -0.17893618 0.00819082 0.19774405
v -0.17899832 0.0085147 0.19784659
v -0.17900806 0.00851459 0.19775086
v -0.17984771 0.0083257 0.19783702
v -0.17983785 0.00832581 0.19793281
v -0.17919558 0.00847033 0.19786769
v -0.17941811 0.00842027 0.19789052
v -0.17964071 0.0083702 0.19791328
v -0.17920529 0.00847021 0.19777047
v -0.17942813 0.00842013 0.19779303
v -0.17965054 0.00837005 0.19781613
v -0.17890256 0.00825146 0.19783698
v -0.17891237 0.00825132 0.19774137
v -0.17981779 0.00804764 0.19783429
v -0.17980814 0.00804776 0.19792981
v -0.17963579 0.00808865 0.19781474
v -0.1796258 0.00808867 0.19791202
v -0.17909953 0.00820921 0.19775979
v -0.17908981 0.00820932 0.197857
v -0.17936945 0.00815608 0.19778724
v -0.17935967 0.00815618 0.19788502
v -0.17983618 0.01047859 0.19832925
v -0.17967271 0.01051617 0.19827826
v -0.17981839 0.01042618 0.19838762
v -0.17963519 0.01046824 0.19833028
v -0.1795409 0.01054791 0.19816781
v -0.17948457 0.01050453 0.19820454
v -0.17946457 0.01056825 0.19801503
v -0.17940008 0.01052713 0.19803148
v -0.1794992 0.01056787 0.19767601
v -0.17943939 0.01052672 0.19764715
v -0.179605 0.01054726 0.19754184
v -0.17955702 0.01050378 0.19749468
v -0.17975643 0.01051529 0.19746036
v -0.1797302 0.01046727 0.19740253
v -0.1799269 0.0104777 0.19744397
v -0.17992121 0.01042515 0.19738355
v -0.18009045 0.01044022 0.19749479
v -0.18010449 0.01038306 0.19744095
v -0.18021726 0.01040961 0.19760482
v -0.18025517 0.01034675 0.1975665
v -0.18029829 0.01038808 0.19775818
v -0.18033975 0.01032424 0.19773957
v -0.18026372 0.01038848 0.19809694
v -0.1803005 0.01032465 0.19812396
v -0.18015298 0.01041023 0.19823069
v -0.1801826 0.01034754 0.19827631
v -0.18000665 0.01044109 0.19831268
v -0.18000945 0.01038406 0.1983686
v -0.17999917 0.01044329 0.19828565
v -0.18013972 0.01041363 0.19820924
v -0.18023958 0.01039415 0.19808371
v -0.180058 0.01043405 0.19811056
v -0.17983919 0.01047861 0.19830124
v -0.17985919 0.0104784 0.19810594
v -0.17968556 0.01051383 0.19825361
v -0.17966345 0.01052277 0.19806999
v -0.17956322 0.01054332 0.1981502
v -0.17949086 0.01056252 0.19800667
v -0.1802721 0.0103938 0.1977662
v -0.18009978 0.01043358 0.19770307
v -0.17990407 0.01047793 0.19766713
v -0.17970499 0.01052232 0.19766248
v -0.17952358 0.01056218 0.19768945
v -0.1801998 0.01041299 0.19762282
v -0.18007755 0.01044253 0.19751934
v -0.17992398 0.01047772 0.19747178
v -0.179764 0.01051305 0.19748731
v -0.17962324 0.0105427 0.19756369
v -0.17960068 0.01019242 0.19826969
v -0.17976424 0.01015488 0.19832015
v -0.17975771 0.01015498 0.19838428
v -0.17957454 0.01019703 0.19832664
v -0.17947396 0.010223 0.19816008
v -0.1794238 0.01023328 0.19820052
v -0.17939251 0.01024452 0.19800719
v -0.17933425 0.01025703 0.19802603
v -0.17942714 0.0102442 0.19766986
v -0.17937395 0.01025666 0.19763979
v -0.17953774 0.01022233 0.19753694
v -0.17949688 0.01023253 0.19748684
v -0.17968398 0.01019154 0.19745528
v -0.17966991 0.01019605 0.19739404
v -0.17985454 0.01015399 0.1974388
v -0.17986092 0.01015387 0.19737488
v -0.18001788 0.01011645 0.19748953
v -0.18004417 0.01011185 0.19743248
v -0.18014472 0.01008584 0.19759911
v -0.18019488 0.01007558 0.19755846
v -0.1802262 0.01006435 0.19775193
v -0.18028432 0.01005186 0.19773322
v -0.18019166 0.01006472 0.19808912
v -0.1802448 0.01005227 0.19811943
v -0.18008089 0.01008648 0.19822236
v -0.18012186 0.01007631 0.19827237
v -0.17993471 0.01011734 0.19830399
v -0.1799488 0.0101128 0.19836506
v -0.17957472 0.01020244 0.19807431
v -0.1797856 0.01015467 0.19811269
v -0.1799997 0.01010682 0.19811773
v -0.17961916 0.010202 0.19764128
v -0.17983332 0.01015419 0.19764637
v -0.18004402 0.01010641 0.19768482
v -0.17932391 0.01026255 0.19787812
v -0.17938435 0.01053381 0.19788408
v -0.17933365 0.01026248 0.19778248
v -0.1793943 0.01053368 0.19778826
v -0.18034538 0.01031762 0.19798263
v -0.18029642 0.0103838 0.19797734
v -0.18035537 0.01031755 0.197887
v -0.18030625 0.01038372 0.19788177
v -0.18029469 0.0100463 0.19788107
v -0.180285 0.01004642 0.19797676
v -0.18008393 0.01043157 0.19795657
v -0.18027129 0.01038951 0.1979748
v -0.17987647 0.01047819 0.19793532
v -0.17966407 0.010526 0.19791345
v -0.17948222 0.01056697 0.1978939
v -0.18028083 0.01038936 0.19787915
v -0.18009373 0.01043146 0.19785918
v -0.17988652 0.01047813 0.19783781
v -0.17967411 0.01052595 0.19781608
v -0.17949178 0.01056685 0.19779826
v -0.17945686 0.01057266 0.19789128
v -0.17946666 0.01057259 0.19779567
v -0.17938455 0.01024891 0.19788432
v -0.17939442 0.01024883 0.19778856
v -0.18023401 0.01005991 0.19787481
v -0.18022435 0.01006007 0.19797045
v -0.17958194 0.01020458 0.19790545
v -0.1798045 0.01015448 0.19792828
v -0.180027 0.01010445 0.1979511
v -0.17959168 0.01020447 0.19780826
v -0.17981436 0.01015441 0.19783079
v -0.18003687 0.01010431 0.19785383
v -0.17940965 0.01052811 0.19788673
v -0.17941954 0.01052803 0.19779098
v -0.18032494 0.01032434 0.19788396
v -0.18031522 0.01032448 0.19797942
v -0.1801429 0.01036532 0.19786438
v -0.18013289 0.01036546 0.19796159
v -0.17960667 0.01048587 0.1978093
v -0.17959684 0.01048601 0.19790661
v -0.17987319 0.01041844 0.19783653
v -0.17986342 0.01041855 0.19793416
v -0.1811628 0.00882822 0.19563797
v -0.18119511 0.00893752 0.19566169
v -0.18117514 0.00881049 0.19567236
v -0.18121153 0.00893307 0.19569905
v -0.18123114 0.00904654 0.19564528
v -0.18125289 0.00905753 0.19568049
v -0.18126547 0.00913666 0.19558991
v -0.18129134 0.00915842 0.19561737
v -0.1813105 0.00921932 0.19540531
v -0.18134251 0.00925219 0.19540786
v -0.18131446 0.00919922 0.19530411
v -0.1813474 0.00923081 0.19529335
v -0.18130412 0.00913704 0.19521582
v -0.18133488 0.00915936 0.19519321
v -0.18128088 0.00904424 0.19515506
v -0.18130907 0.00905549 0.19512493
v -0.18124863 0.00893508 0.19513158
v -0.18127301 0.00893297 0.19509853
v -0.18121308 0.00882904 0.19514894
v -0.18123173 0.0088085 0.1951168
v -0.18117803 0.00873592 0.19520306
v -0.1811932 0.00870759 0.1951798
v -0.18113288 0.0086532 0.19538775
v -0.18114218 0.00861384 0.19538945
v -0.18112984 0.0086763 0.19549031
v -0.1811372 0.00863526 0.19550381
v -0.18113958 0.00873548 0.19557739
v -0.18114954 0.00870664 0.19560392
v -0.18114465 0.00874788 0.19556573
v -0.1811349 0.00869031 0.19548337
v -0.18113857 0.00867116 0.19538833
v -0.18116182 0.00876725 0.19545766
v -0.18116644 0.00883504 0.19562271
v -0.18119248 0.00888268 0.19551615
v -0.18119695 0.00893762 0.19564497
v -0.1812275 0.0090059 0.19555746
v -0.18123042 0.0090391 0.19562926
v -0.18126273 0.00912398 0.19557768
v -0.1811808 0.00874855 0.19521537
v -0.18121618 0.00886662 0.19523561
v -0.18125104 0.0089898 0.19527676
v -0.18128177 0.00910528 0.19533531
v -0.1813049 0.00920139 0.19540472
v -0.18121308 0.00883345 0.19516354
v -0.18124678 0.00893487 0.19514812
v -0.18127706 0.00903747 0.19517025
v -0.18129879 0.00912462 0.19522741
v -0.18130883 0.00918224 0.19530978
v -0.18132099 0.00891779 0.19567363
v -0.18128886 0.00880863 0.19564969
v -0.18128007 0.00879297 0.19568477
v -0.18131622 0.00891559 0.19571121
v -0.18135634 0.00902375 0.19565591
v -0.18135783 0.00904023 0.19569231
v -0.18139126 0.00911681 0.19560237
v -0.18139728 0.00914445 0.19563002
v -0.18143633 0.0091991 0.19541861
v -0.18144884 0.00923873 0.19541947
v -0.18143945 0.00917584 0.19531644
v -0.18145299 0.00921439 0.19530321
v -0.18142953 0.00911653 0.19522942
v -0.18144062 0.0091432 0.19520272
v -0.18140626 0.00902373 0.19516895
v -0.1814149 0.00903934 0.19513416
v -0.1813738 0.00891457 0.19514527
v -0.18137866 0.00891679 0.19510798
v -0.18133884 0.00880863 0.1951626
v -0.18133693 0.00879218 0.19512644
v -0.18130376 0.00871564 0.19521641
v -0.18129777 0.00868797 0.19518889
v -0.18125888 0.00863335 0.19540016
v -0.18124619 0.00859365 0.19539946
v -0.18125569 0.00865657 0.19550244
v -0.18124193 0.00861799 0.19551558
v -0.18126568 0.00871587 0.19558937
v -0.1812545 0.00868919 0.19561599
v -0.18135419 0.00899191 0.19558091
v -0.18131631 0.00885926 0.19553647
v -0.1812835 0.00873486 0.19547373
v -0.18141144 0.00909752 0.19534504
v -0.18137851 0.00897308 0.19528232
v -0.18134108 0.0088405 0.19523744
v -0.18142074 0.0091952 0.19555725
v -0.18131566 0.00921198 0.19554625
v -0.18143352 0.00921853 0.19550499
v -0.18132808 0.00923533 0.19549426
v -0.18115627 0.00863068 0.19530291
v -0.18114581 0.00867063 0.19531641
v -0.18116906 0.00865403 0.19525107
v -0.18115884 0.00869401 0.19526423
v -0.18127435 0.00863721 0.19526177
v -0.18126139 0.00861385 0.19531367
v -0.18118101 0.00879896 0.19537052
v -0.1811499 0.00868592 0.19532269
v -0.18121549 0.00892438 0.19542317
v -0.18125069 0.00905295 0.19547691
v -0.18128082 0.00916324 0.19552268
v -0.18116277 0.00870925 0.19527053
v -0.18119394 0.00882267 0.19531723
v -0.18122839 0.00894816 0.19536994
v -0.18126356 0.00907664 0.19542363
v -0.18129357 0.00918655 0.19547025
v -0.18128526 0.00917859 0.19552892
v -0.18129786 0.00920188 0.19547668
v -0.18141084 0.00915849 0.19554176
v -0.18142348 0.00918183 0.1954896
v -0.18128433 0.00867392 0.19527688
v -0.1812714 0.00865052 0.19532932
v -0.18137806 0.00903896 0.1954922
v -0.18134096 0.00890425 0.19543592
v -0.18130409 0.0087697 0.19537955
v -0.18139085 0.00906267 0.19543924
v -0.18135407 0.0089281 0.19538287
v -0.18131718 0.00879344 0.19532664
v -0.18131133 0.00919667 0.19553987
v -0.18132403 0.00922005 0.19548779
v -0.18117407 0.00867239 0.19525855
v -0.18116122 0.00864904 0.19531072
v -0.18120399 0.00878271 0.19530415
v -0.18119144 0.00875897 0.19535718
v -0.18129324 0.00910706 0.19544015
v -0.18128016 0.00908329 0.19549283
v -0.18125167 0.00894447 0.19537231
v -0.18123856 0.00892064 0.19542564
v -0.18106418 0.00865617 0.19614788
v -0.18106061 0.00867774 0.19625072
v -0.18107286 0.00861507 0.19614872
v -0.18106862 0.00863951 0.19626429
v -0.18107101 0.00873899 0.19633968
v -0.18108028 0.00870901 0.19636546
v -0.18109387 0.0088306 0.19639825
v -0.18110659 0.0088129 0.19643089
v -0.18116191 0.00904664 0.19640487
v -0.18118366 0.00905793 0.19643846
v -0.18119627 0.0091382 0.19635161
v -0.18122258 0.00916175 0.19637976
v -0.18122446 0.00919937 0.19626663
v -0.1812545 0.00923105 0.19628234
v -0.18124169 0.0092207 0.19616489
v -0.1812742 0.00925537 0.19616811
v -0.1812455 0.00919919 0.19606213
v -0.18127796 0.00923084 0.19605267
v -0.18123483 0.00913791 0.19597621
v -0.18126651 0.00916143 0.19595138
v -0.18121194 0.00904628 0.1959148
v -0.18124008 0.00905755 0.19588607
v -0.18114402 0.00883021 0.19590795
v -0.18116292 0.00881247 0.19587841
v -0.18110936 0.00873873 0.19596426
v -0.18112421 0.0087087 0.19593744
v -0.1810815 0.0086776 0.19604569
v -0.18109229 0.00863935 0.19603462
v -0.18108591 0.00869404 0.19605261
v -0.18111226 0.00875127 0.19597376
v -0.18114474 0.0088371 0.19592377
v -0.18112444 0.00880849 0.19603149
v -0.18106985 0.00867399 0.19614824
v -0.18110925 0.00879854 0.19615216
v -0.18106618 0.0086942 0.196245
v -0.18109959 0.00880864 0.19627334
v -0.18107608 0.00875153 0.19632732
v -0.18109786 0.00883741 0.19638302
v -0.18120828 0.00903948 0.19592975
v -0.18120634 0.00906825 0.19603954
v -0.18119674 0.00907836 0.19616052
v -0.18118161 0.00906843 0.19628135
v -0.18116113 0.0090398 0.19638884
v -0.18122977 0.00912533 0.1959854
v -0.18123972 0.00918271 0.19606766
v -0.18123602 0.0092029 0.19616463
v -0.18121996 0.00918287 0.19626002
v -0.1811937 0.0091256 0.1963391
v -0.18118655 0.00865881 0.19626396
v -0.18119046 0.00863732 0.19616051
v -0.18117767 0.00859654 0.19615943
v -0.1811735 0.0086211 0.19627496
v -0.18119716 0.00871976 0.19634945
v -0.18118512 0.00869095 0.19637645
v -0.18121978 0.00881103 0.1964112
v -0.18121144 0.00879544 0.19644482
v -0.18128737 0.00902618 0.19641754
v -0.18128895 0.00904181 0.1964523
v -0.18132224 0.00911732 0.1963614
v -0.18132817 0.00914615 0.19639025
v -0.18134984 0.0091782 0.19627954
v -0.18136066 0.00921588 0.19629328
v -0.1813673 0.00919948 0.19617782
v -0.18137991 0.00924033 0.19617927
v -0.18137088 0.00917804 0.1960747
v -0.18138402 0.0092157 0.19606357
v -0.18136033 0.00911701 0.19598925
v -0.18137252 0.00914588 0.19596239
v -0.18133762 0.00902581 0.19592768
v -0.18134605 0.00904137 0.19589388
v -0.18127006 0.00881068 0.19592091
v -0.18126863 0.00879506 0.19588638
v -0.18123522 0.00871953 0.19597707
v -0.18122911 0.00869068 0.19594816
v -0.18120771 0.00865864 0.19605897
v -0.18119698 0.00862098 0.19604525
v -0.18122193 0.00878049 0.19629547
v -0.18123182 0.00876969 0.19616456
v -0.18124854 0.00878031 0.19603477
v -0.18130865 0.00905656 0.19630383
v -0.18132555 0.00906715 0.19617375
v -0.18133527 0.00905635 0.19604307
v -0.18123915 0.00888819 0.19646337
v -0.1811335 0.00890494 0.19645233
v -0.18125817 0.00894919 0.19646531
v -0.18115264 0.00896592 0.19645413
v -0.181194 0.00890446 0.19586271
v -0.18116965 0.00890777 0.19589777
v -0.18121305 0.00896549 0.19586464
v -0.18118894 0.0089688 0.1958996
v -0.18131864 0.00894874 0.19587545
v -0.18129918 0.0088877 0.19587369
v -0.18115633 0.00890735 0.19602809
v -0.18116807 0.00890776 0.19591353
v -0.18114349 0.00890734 0.19615541
v -0.18112987 0.00890754 0.19628585
v -0.18111878 0.00890815 0.19639752
v -0.18118748 0.00896881 0.19591537
v -0.18117561 0.00896934 0.19603017
v -0.18116286 0.00896955 0.19615736
v -0.18114939 0.00896958 0.19628766
v -0.1811378 0.00896914 0.19639928
v -0.18111705 0.00890815 0.19641305
v -0.18113613 0.00896914 0.19641479
v -0.18124276 0.00888809 0.19642582
v -0.18126198 0.00894909 0.19642779
v -0.18131467 0.00894873 0.19591283
v -0.18129569 0.00888775 0.19591103
v -0.18125519 0.0088875 0.19630482
v -0.18126919 0.00888733 0.19616842
v -0.18128308 0.00888734 0.19603192
v -0.18127465 0.00894951 0.19630684
v -0.18128836 0.00894953 0.19617027
v -0.18130254 0.00894932 0.19603379
v -0.18113517 0.00890494 0.19643686
v -0.18115422 0.00896589 0.19643884
v -0.18121111 0.00896549 0.19588337
v -0.1811921 0.00890453 0.19588147
v -0.18119996 0.00896609 0.1959948
v -0.18118053 0.00890408 0.19599288
v -0.18116623 0.00896633 0.19632384
v -0.18114677 0.00890428 0.19632203
v -0.18118602 0.00896586 0.19615951
v -0.18116647 0.00890363 0.19615767
v -0.17834681 0.0094395 0.19916737
v -0.17830058 0.009425 0.19916066
v -0.17835018 0.00942354 0.19918149
v -0.17829865 0.00940739 0.19917374
v -0.17825651 0.00943084 0.19915401
v -0.17824825 0.00941385 0.19916595
v -0.17822209 0.00945663 0.19914867
v -0.17820969 0.00944339 0.19916026
v -0.17819646 0.00954778 0.19914469
v -0.17818078 0.00954677 0.19915568
v -0.17820954 0.00959929 0.19914658
v -0.17819491 0.00960487 0.19915738
v -0.17823931 0.00964509 0.19915089
v -0.17822897 0.00965699 0.19916251
v -0.17828017 0.00967771 0.19915689
v -0.17827484 0.00969368 0.19916951
v -0.17832627 0.0096922 0.19916395
v -0.17832648 0.0097098 0.19917728
v -0.17836904 0.00968565 0.19917035
v -0.17837673 0.00970337 0.19918464
v -0.17840492 0.00966056 0.19917562
v -0.17841541 0.00967383 0.19919073
v -0.17843031 0.00956939 0.19917985
v -0.17844426 0.00957042 0.19919534
v -0.1784161 0.00951721 0.19917783
v -0.17843025 0.00951235 0.19919316
v -0.17838776 0.00947212 0.19917362
v -0.17839613 0.0094602 0.19918811
v -0.1783832 0.00947764 0.19917282
v -0.17841059 0.00952039 0.19917692
v -0.17842289 0.00956871 0.19917875
v -0.17838025 0.00953164 0.19917219
v -0.17834457 0.00944701 0.19916717
v -0.17832994 0.00949955 0.19916483
v -0.17830127 0.00943341 0.19916077
v -0.17827728 0.00947597 0.19915688
v -0.17826041 0.00943903 0.1991544
v -0.17822784 0.00946309 0.19914948
v -0.1783992 0.00965413 0.1991747
v -0.17834958 0.00964125 0.19916753
v -0.1782971 0.00961765 0.19915972
v -0.17824658 0.00958555 0.19915206
v -0.17820382 0.00954847 0.19914577
v -0.17836663 0.0096782 0.1991699
v -0.17832541 0.00968382 0.19916382
v -0.17828232 0.00967019 0.19915726
v -0.17824381 0.00963956 0.19915173
v -0.17821633 0.00959684 0.19914768
v -0.17829489 0.00942552 0.1992419
v -0.17834085 0.00944003 0.19924886
v -0.17834571 0.00942284 0.19924978
v -0.17829406 0.00940675 0.19924189
v -0.17825195 0.00943197 0.19923545
v -0.1782436 0.00941334 0.19923426
v -0.17821627 0.00945687 0.19922994
v -0.17820358 0.00944242 0.19922819
v -0.17819091 0.00954762 0.19922581
v -0.17817461 0.00954637 0.19922347
v -0.17820519 0.00959967 0.19922818
v -0.17818981 0.00960541 0.19922557
v -0.17823362 0.00964465 0.1992322
v -0.17822399 0.00965769 0.19923067
v -0.17827466 0.00967725 0.19923839
v -0.17826989 0.00969446 0.1992376
v -0.1783207 0.00969175 0.19924524
v -0.1783216 0.00971052 0.19924527
v -0.17836344 0.00968534 0.19925159
v -0.17837202 0.00970393 0.19925299
v -0.17839941 0.00966041 0.19925709
v -0.17841199 0.00967488 0.19925913
v -0.1784245 0.00956964 0.19926124
v -0.17844104 0.00957093 0.1992636
v -0.17841017 0.0095176 0.1992591
v -0.17842558 0.00951188 0.19926144
v -0.17838192 0.00947262 0.19925487
v -0.17839172 0.00945958 0.19925639
v -0.17826861 0.00947042 0.19923782
v -0.17832538 0.00949589 0.19924643
v -0.17837947 0.00953039 0.19925439
v -0.17823609 0.0095869 0.19923263
v -0.17829021 0.00962139 0.19924068
v -0.17834684 0.00964687 0.19924937
v -0.17818614 0.00947798 0.19922544
v -0.17819094 0.00947793 0.19915725
v -0.17817884 0.00950371 0.1992242
v -0.17818352 0.00950366 0.19915607
v -0.17844137 0.00961353 0.1991947
v -0.17842644 0.00960497 0.19917918
v -0.17843413 0.00963928 0.19919356
v -0.17841932 0.00963069 0.19917795
v -0.1784296 0.00963933 0.19926159
v -0.17843675 0.0096136 0.19926293
v -0.1783711 0.00957477 0.19917079
v -0.17841988 0.00960139 0.19917802
v -0.17831715 0.00954548 0.19916284
v -0.17826166 0.00951554 0.19915449
v -0.17821428 0.00949004 0.19914747
v -0.17841267 0.00962713 0.19917713
v -0.1783638 0.00960094 0.1991696
v -0.17830973 0.00957175 0.19916147
v -0.17825445 0.0095417 0.19915348
v -0.17820698 0.00951582 0.19914621
v -0.17820748 0.00948647 0.19914647
v -0.17820042 0.00951224 0.19914536
v -0.17820191 0.00948654 0.19922787
v -0.17819473 0.00951226 0.19922658
v -0.1784136 0.00963075 0.19925922
v -0.17842084 0.00960503 0.19926036
v -0.17825332 0.00951416 0.19923561
v -0.1783114 0.0095455 0.19924402
v -0.17836946 0.00957695 0.19925291
v -0.17824602 0.00954033 0.19923429
v -0.1783041 0.00957177 0.19924303
v -0.17836225 0.00960311 0.19925174
v -0.17819726 0.00948148 0.19915817
v -0.17819035 0.00950724 0.19915711
v -0.17842626 0.00963499 0.19919234
v -0.1784335 0.00960928 0.19919352
v -0.17837867 0.00960951 0.19918517
v -0.17838606 0.00958333 0.19918634
v -0.17823901 0.00953386 0.19916439
v -0.17824628 0.0095077 0.19916552
v -0.17830869 0.00957175 0.19917646
v -0.17831599 0.00954548 0.19917793
v -0.18081069 0.00897245 0.19941836
v -0.18077099 0.0088815 0.19941425
v -0.18083012 0.00896436 0.19943355
v -0.18078595 0.00886249 0.19942924
v -0.18071374 0.00881354 0.19940854
v -0.18072059 0.0087847 0.19942252
v -0.18064776 0.00878104 0.19940184
v -0.18064621 0.00874901 0.19941489
v -0.18052732 0.00882712 0.19938945
v -0.18050941 0.00880128 0.19940108
v -0.18049123 0.00889873 0.19938558
v -0.18046838 0.00888134 0.19939667
v -0.18048057 0.00899278 0.19938445
v -0.18045634 0.00898871 0.19939525
v -0.18049606 0.00909288 0.19938588
v -0.18047368 0.009101 0.19939681
v -0.18053552 0.00918376 0.19938978
v -0.18051806 0.00920285 0.19940134
v -0.1805922 0.00924885 0.19939559
v -0.18058341 0.00928064 0.19940798
v -0.18065881 0.00928427 0.19940239
v -0.18065789 0.00931632 0.19941572
v -0.18077924 0.00923819 0.19941474
v -0.18079429 0.00926404 0.19942961
v -0.18081453 0.00916368 0.19941845
v -0.18083554 0.00918402 0.19943395
v -0.18082606 0.00907244 0.19941979
v -0.18084764 0.00907661 0.19943526
v -0.1808153 0.00907023 0.1994185
v -0.18080505 0.00915764 0.19941744
v -0.18077144 0.00922518 0.19941411
v -0.18075829 0.00911781 0.1994128
v -0.18080055 0.00897621 0.19941721
v -0.18073138 0.00900283 0.19941018
v -0.18076369 0.00889083 0.19941352
v -0.18069309 0.00889209 0.19940634
v -0.18070998 0.0088278 0.19940798
v -0.18064802 0.00879692 0.1994017
v -0.1806586 0.0092684 0.19940242
v -0.18061345 0.00917321 0.19939795
v -0.18057537 0.00906251 0.19939404
v -0.18054851 0.00894755 0.19939155
v -0.18053537 0.00884014 0.19939026
v -0.18059653 0.0092375 0.1993961
v -0.18054306 0.0091745 0.19939051
v -0.18050605 0.00908908 0.19938693
v -0.18049156 0.00899513 0.19938555
v -0.18050167 0.00890765 0.19938673
v -0.18076229 0.00888184 0.19949549
v -0.18080154 0.00897276 0.19949942
v -0.18082428 0.00896411 0.19950191
v -0.1807799 0.00886221 0.1994974
v -0.18070572 0.00881668 0.19948984
v -0.18071427 0.00878454 0.19949083
v -0.1806392 0.00878117 0.19948308
v -0.18063876 0.00874603 0.19948324
v -0.18051928 0.00882705 0.19947075
v -0.18050131 0.00879858 0.19946894
v -0.18048429 0.00890154 0.19946707
v -0.18046045 0.00888165 0.19946472
v -0.18047303 0.00899269 0.19946599
v -0.18044859 0.00898911 0.19946335
v -0.18048837 0.00909275 0.19946736
v -0.18046563 0.00910142 0.19946506
v -0.18052786 0.00918363 0.19947117
v -0.1805101 0.00920323 0.19946944
v -0.18058428 0.00924877 0.19947698
v -0.18057569 0.00928096 0.19947604
v -0.18065077 0.00928429 0.19948387
v -0.18065148 0.00931945 0.19948394
v -0.18077075 0.00923833 0.1994961
v -0.1807886 0.00926687 0.19949804
v -0.1808058 0.00916396 0.19949972
v -0.18082937 0.00918385 0.19950205
v -0.18081718 0.00907282 0.199501
v -0.18084156 0.0090764 0.19950339
v -0.18068695 0.00888175 0.19948783
v -0.18072804 0.00900102 0.19949196
v -0.18075689 0.00912481 0.19949485
v -0.18053323 0.00894066 0.19947204
v -0.18056187 0.00906447 0.19947493
v -0.18060311 0.00918373 0.19947892
v -0.18058291 0.00875133 0.19947734
v -0.18058967 0.00875124 0.19940923
v -0.18054887 0.00876433 0.19947403
v -0.18055594 0.0087643 0.19940596
v -0.18074813 0.00930103 0.19942487
v -0.18073943 0.0092663 0.19941079
v -0.18071407 0.00931402 0.19942124
v -0.1807056 0.00927933 0.19940725
v -0.18070727 0.0093141 0.19948931
v -0.18074119 0.00930111 0.199493
v -0.18070492 0.00914469 0.19940713
v -0.18073502 0.00925181 0.19941018
v -0.1806707 0.00902601 0.19940406
v -0.18063566 0.00890446 0.19940039
v -0.18060541 0.00880044 0.19939744
v -0.18070143 0.00926482 0.1994069
v -0.18067014 0.0091579 0.19940376
v -0.18063607 0.00903933 0.19940038
v -0.18060106 0.00891778 0.19939677
v -0.18057128 0.00881348 0.19939377
v -0.18060106 0.00878595 0.19939701
v -0.18056726 0.00879899 0.19939358
v -0.1805928 0.00878607 0.19947844
v -0.18055886 0.00879905 0.19947476
v -0.18069732 0.00927942 0.19948864
v -0.18073105 0.00926639 0.19949191
v -0.1806257 0.00889882 0.19948154
v -0.18066236 0.0090261 0.19948527
v -0.18069881 0.00915341 0.1994888
v -0.18059104 0.00891205 0.19947823
v -0.18062764 0.00903939 0.19948171
v -0.18066424 0.00916663 0.19948527
v -0.18059402 0.00876573 0.19940951
v -0.18056008 0.00877874 0.19940625
v -0.18070912 0.0092967 0.19942088
v -0.18074315 0.00928366 0.19942422
v -0.18067887 0.00919267 0.19941802
v -0.18071335 0.00917941 0.1994214
v -0.18059057 0.00888589 0.1994093
v -0.1806252 0.00887272 0.19941276
v -0.18063446 0.00903933 0.19941534
v -0.18066921 0.00902602 0.19941902
v -0.20802605 0.02233808 -0.09925071
v -0.19038197 0.01072775 0.11647478
v -0.1879692 0.00001565 0.11568635
v -0.20650342 0.01599106 -0.09730168
v -0.21114781 0.02162612 -0.0991313
v -0.19443029 0.00978807 0.11685305
v -0.19201758 -0.00092402 0.1160646
v -0.20965391 0.01541648 -0.09749982
v -0.20705357 -0.00982363 -0.17919389
v -0.20245713 -0.00878233 -0.17927555
v -0.21160343 0.01468424 -0.13680501
v -0.2070086 0.01572883 -0.13693635
v -0.21222293 0.02138095 -0.09908992
v -0.20695096 0.02258323 -0.09929155
v -0.21029421 0.0095956 -0.13167347
v -0.2107914 0.01502024 -0.09724738
v -0.20570021 0.01064049 -0.13181145
v -0.2054283 0.01623628 -0.09734316
v -0.20614695 -0.01328658 -0.17304144
v -0.20155081 -0.01224475 -0.17313106
v -0.21184834 0.02466708 -0.09932366
v -0.2108103 0.02632061 -0.09945999
v -0.1952916 0.01361191 0.1171345
v -0.19393795 0.01577127 0.11710048
v -0.18583667 0.01093815 0.20448128
v -0.18485045 0.00655977 0.204159
v -0.18403175 0.01331924 0.20646594
v -0.18259334 0.00693297 0.20599587
v -0.18208783 -0.00570585 0.20325623
v -0.18110173 -0.0100837 0.20293398
v -0.19115641 -0.00474738 0.11578317
v -0.18901276 -0.00609555 0.11549101
v -0.17839223 -0.01171891 0.20462302
v -0.17983067 -0.00533264 0.20509307
v -0.20894521 0.01236804 -0.09677035
v -0.20728498 0.01134001 -0.09663514
v -0.20824128 -0.00529897 -0.18813277
v -0.20183861 -0.03575383 -0.2160141
v -0.20390367 -0.02526033 -0.21627853
v -0.20720741 -0.0044872 -0.18922816
v -0.20280334 -0.02451068 -0.21729852
v -0.20051991 -0.03618097 -0.21701125
v -0.21275597 0.01930416 -0.14029742
v -0.21181681 0.02051686 -0.14104469
v -0.21316838 0.02545053 -0.0995505
v -0.21213111 0.0270982 -0.09975396
v -0.20977899 0.01112644 -0.09636201
v -0.2094292 0.00628421 -0.12796096
v -0.20804685 0.00575797 -0.12710826
v -0.20811867 0.01011107 -0.09615207
v -0.20526287 -0.01626614 -0.16337384
v -0.20398017 -0.01635614 -0.162244
v -0.20011782 -0.04036853 -0.19266016
v -0.2007251 -0.04018832 -0.21042324
v -0.19940397 -0.04062547 -0.21141381
v -0.19873178 -0.04087398 -0.19239305
v -0.20882082 0.02578743 -0.09946835
v -0.19136294 0.01508298 0.11679533
v -0.18127131 0.01259965 0.20461003
v -0.18014803 0.0076128 0.20424301
v -0.17738536 -0.00465286 0.20334021
v -0.18698826 -0.00433957 0.11536576
v -0.17626214 -0.00963972 0.20297314
v -0.20572888 0.01267505 -0.09683533
v -0.20368176 -0.00409169 -0.18852882
v -0.19973743 -0.02416745 -0.21661783
v -0.1969906 -0.03487879 -0.21635262
v -0.20822548 0.02063656 -0.14064101
v -0.20799076 0.02705961 -0.09979759
v -0.20476737 0.00709015 -0.12783442
v -0.20441228 0.0119279 -0.09648872
v -0.20063099 -0.01533085 -0.16312556
v -0.19596728 -0.03933636 -0.21076582
v -0.19595801 -0.03967535 -0.19263373
v -0.20990562 0.02652692 -0.09949442
v -0.19276472 0.01604363 0.11699079
v -0.18269184 0.01363269 0.20630754
v -0.1812534 0.00724644 0.2058375
v -0.17705228 -0.01140545 0.20446468
v -0.18783953 -0.00582321 0.11538132
v -0.17849072 -0.00501919 0.2049347
v -0.20638069 0.01154627 -0.09667042
v -0.20066812 -0.02402855 -0.21731461
v -0.20459935 -0.0038969 -0.18926708
v -0.19770607 -0.03554555 -0.21703316
v -0.2092075 0.02110981 -0.14111615
v -0.20914733 0.0277786 -0.09986727
v -0.20513457 0.01079182 -0.0962691
v -0.20544001 0.00635116 -0.12718989
v -0.20137515 -0.01576511 -0.16230244
v -0.19667187 -0.04040779 -0.19242359
v -0.1966826 -0.04001064 -0.21143959
v -0.20669007 0.02365901 -0.04528945
v -0.20766225 0.02343631 -0.04523898
v -0.2027648 0.02095839 0.00881441
v -0.2038044 0.02071924 0.00888263
v -0.19812402 0.01842138 0.06288531
v -0.19923031 0.01816574 0.06297311
v -0.19967922 0.01250647 0.06286524
v -0.20050439 0.016133 0.06302851
v -0.20421236 0.01538265 0.00891681
v -0.20499873 0.01881351 0.00896206
v -0.20803359 0.01842122 -0.04505923
v -0.20877826 0.02165662 -0.04513251
v -0.19664359 -0.00070317 0.06265021
v -0.19747552 0.00292416 0.06267966
v -0.20143494 0.00349484 0.00955706
v -0.20223212 0.00692788 0.00933419
v -0.20553365 0.00785074 -0.04356166
v -0.2062895 0.01109049 -0.04403707
v -0.19679924 0.01751617 0.06274804
v -0.19586041 0.01338892 0.06256206
v -0.20151922 0.02010879 0.00873331
v -0.20062506 0.01620798 0.00868124
v -0.20552411 0.02286459 -0.04531633
v -0.20467832 0.01918982 -0.04523388
v -0.19271031 -0.00032074 0.06233112
v -0.19351047 -0.00171527 0.06238075
v -0.19773942 0.00385177 0.00932882
v -0.19848895 0.00254659 0.00941477
v -0.20207667 0.00818298 -0.04370501
v -0.2027769 0.00696568 -0.04358081
v -0.19364678 0.00377326 0.06245583
v -0.19862645 0.00768524 0.00925718
v -0.20290976 0.0117569 -0.0439736
v -0.1946167 -0.00197092 0.06246886
v -0.19952812 0.00230747 0.00948344
v -0.20374909 0.00674295 -0.04352962
v 0.03561402 -0.01643879 0.20627999
v 0.10233546 -0.01479711 0.20792
v 0.04718775 -0.02943229 0.20665
v 0.05002339 -0.0119806 0.206643
v 0.03869549 0.00057027 0.206244
v 0.02443259 0.01086226 0.206046
v 0.02352936 -0.02289406 0.206201
v 0.09828318 -0.00595624 0.207686
v 0.08858876 -0.01829383 0.207846
v 0.09921831 -0.02536709 0.20808899
v 0.11145199 -0.012642 0.20787599
v 0.11080203 0.0023008 0.20750999
v 0.10995899 -0.027802 0.20815199
v 0.09655699 -0.039708 0.208241
v 0.108314 -0.04253299 0.20830699
v 0.120373 -0.043076 0.208269
v 0.121358 -0.027446 0.20808799
v 0.122869 -0.010968 0.20776499
v 0.133566 -0.026435 0.207974
v 0.13586899 -0.009939 0.20766399
v 0.139445 0.007203 0.20735099
v 0.124944 0.006268 0.207383
v 0.143727 0.024883 0.207081
v 0.125661 0.022141 0.207035
v 0.10794506 0.01529221 0.20713399
v 0.09290351 0.00611226 0.207313
v 0.12452899 0.0355 0.206723
v 0.10458867 0.02844299 0.20675399
v 0.08733388 0.0193908 0.20691099
v 0.07388828 0.00747238 0.20703299
v 0.08122239 -0.00631154 0.207477
v 0.1007796 0.04126801 0.20641399
v 0.08164524 0.03273128 0.20653499
v 0.06656575 0.02147675 0.206615
v 0.05551805 0.00640841 0.20664
v 0.06439017 -0.00753341 0.20710599
v 0.07587182 0.04545072 0.20624999
v 0.05927997 0.03470587 0.20629799
v 0.04656913 0.01997507 0.20626899
v 0.05218567 0.0465875 0.20611399
v 0.0376176 0.03198153 0.206079
v 0.07012731 0.05718473 0.20607699
v 0.09646396 0.05363387 0.206136
v 0.09163416 0.06542033 0.205951
v 0.119727 0.060782 0.20612999
v 0.115699 0.07287 0.20593999
v 0.14516 0.06693799 0.206346
v 0.142303 0.07974799 0.206129
v 0.170855 0.070986 0.20682199
v 0.170107 0.08481 0.20658999
v 0.194635 0.071679 0.20733499
v 0.19834999 0.086093 0.20711499
v 0.21292699 0.06483999 0.20765799
v 0.21706199 0.074849 0.20747
v 0.18948 0.056026 0.207533
v 0.206136 0.05165499 0.20777399
v 0.18272599 0.04002799 0.207596
v 0.197767 0.037023 0.207771
v 0.175438 0.023386 0.20750899
v 0.189122 0.021782 0.207624
v 0.16869899 0.006617 0.20746499
v 0.181811 0.005453 0.20749999
v 0.16307599 -0.009792 0.20758999
v 0.17577199 -0.010632 0.20758099
v 0.15927299 -0.02557599 0.20782999
v 0.17163699 -0.026129 0.20780499
v 0.157325 -0.040663 0.208055
v 0.16948899 -0.04092 0.208037
v 0.15688799 -0.05512699 0.20815999
v 0.16898299 -0.055084 0.208165
v 0.15693199 -0.06924799 0.20816999
v 0.16923899 -0.06884899 0.208203
v 0.15549999 -0.08250799 0.208085
v 0.168916 -0.081115 0.20827099
v 0.14418 -0.069502 0.20815199
v 0.142839 -0.08244899 0.208035
v 0.131465 -0.070338 0.20817799
v 0.12997899 -0.08311899 0.20803
v 0.118675 -0.07102099 0.20822399
v 0.116717 -0.083787 0.208046
v 0.10601899 -0.070739 0.20827099
v 0.10379599 -0.08352299 0.20809
v 0.093082 -0.068526 0.20823599
v 0.09325499 -0.08241199 0.208091
v 0.079396 -0.06255699 0.20804999
v 0.075037 -0.075271 0.20788399
v 0.06763699 -0.05309199 0.20769099
v 0.062328 -0.065949 0.207549
v 0.05713563 -0.04157497 0.207175
v 0.05179867 -0.05492775 0.20704799
v 0.04063145 -0.04244016 0.206542
v 0.0710169 -0.03781707 0.20767299
v 0.06039619 -0.02503309 0.20716199
v 0.07380297 -0.02148957 0.207589
v 0.08246 -0.048176 0.208064
v 0.08486589 -0.03305612 0.20799699
v 0.09479299 -0.054444 0.20828199
v 0.10721799 -0.056963 0.20833699
v 0.11964599 -0.05746699 0.20829799
v 0.13217799 -0.05688599 0.208232
v 0.132578 -0.04230599 0.20818899
v 0.14473 -0.055968 0.208183
v 0.144913 -0.041198 0.2081
v 0.146403 -0.025714 0.20788399
v 0.14956 -0.009553 0.20760799
v 0.154356 0.007239 0.20738799
v 0.160153 0.024511 0.20727799
v 0.16601899 0.041969 0.20721
v 0.146062 0.040479 0.20685699
v 0.16955399 0.05708299 0.20704999
v 0.146264 0.053955 0.20660799
v 0.122611 0.04836 0.206409
v 0.03873421 0.00055528 0.20444099
v 0.05008817 -0.01200163 0.204841
v 0.0472463 -0.02944966 0.20484699
v 0.03564902 -0.0164534 0.20447699
v 0.02355579 -0.02290736 0.204398
v 0.02445516 0.01085134 0.204243
v 0.09923132 -0.0253951 0.20628599
v 0.08861761 -0.01832829 0.206044
v 0.09829866 -0.00600049 0.20588399
v 0.1023435 -0.01483514 0.206117
v 0.11080403 0.00225479 0.20570699
v 0.111449 -0.01268 0.206073
v 0.10995599 -0.027828 0.206349
v 0.108314 -0.04254499 0.206504
v 0.096574 -0.039723 0.206438
v 0.121347 -0.027473 0.206285
v 0.120364 -0.043088 0.206466
v 0.122859 -0.011004 0.205962
v 0.13586199 -0.009971 0.205861
v 0.13355499 -0.026462 0.206171
v 0.12494199 0.006229 0.20557999
v 0.139448 0.007173 0.205548
v 0.125669 0.022101 0.20523199
v 0.14374199 0.024854 0.20527799
v 0.1079543 0.01524408 0.20533199
v 0.09292262 0.00606366 0.205511
v 0.10460009 0.02839676 0.204951
v 0.124544 0.03545999 0.20491999
v 0.08735331 0.01934403 0.205108
v 0.08125855 -0.00635269 0.205675
v 0.07392622 0.00742981 0.20522999
v 0.0816617 0.0326905 0.204732
v 0.1007911 0.04122774 0.204612
v 0.06659986 0.02144108 0.204812
v 0.06444985 -0.00756537 0.20530399
v 0.05557009 0.00638025 0.20483799
v 0.05930385 0.03468132 0.20449499
v 0.07588222 0.04541997 0.204447
v 0.04660495 0.01995603 0.20446699
v 0.03764214 0.03196763 0.20427599
v 0.05220338 0.04656904 0.20431099
v 0.07013459 0.05716004 0.20427399
v 0.0916385 0.06539415 0.20414799
v 0.09647142 0.05360163 0.204333
v 0.115712 0.07284499 0.20413699
v 0.11974299 0.06075099 0.204327
v 0.142331 0.079723 0.204326
v 0.145189 0.066908 0.20454299
v 0.17014299 0.08478099 0.204787
v 0.17089299 0.070954 0.20501999
v 0.19837699 0.08605899 0.20531299
v 0.194664 0.07164599 0.20553299
v 0.217078 0.07481399 0.205667
v 0.212944 0.064808 0.20585499
v 0.20615699 0.05163399 0.205971
v 0.189511 0.056 0.20573
v 0.197787 0.037018 0.205968
v 0.18275399 0.04001599 0.20579299
v 0.18913699 0.021786 0.20581999
v 0.17545799 0.023382 0.205705
v 0.18181699 0.005449 0.205697
v 0.16870699 0.006608 0.20566099
v 0.17577 -0.010651 0.205778
v 0.163075 -0.009813 0.205787
v 0.171633 -0.026156 0.20600199
v 0.159268 -0.025602 0.206027
v 0.169487 -0.040941 0.20623399
v 0.157321 -0.04068199 0.20625099
v 0.16898299 -0.055093 0.20636099
v 0.15688699 -0.05513399 0.206357
v 0.16924899 -0.068851 0.2064
v 0.156937 -0.069245 0.206367
v 0.168931 -0.081115 0.206468
v 0.15550999 -0.082501 0.206282
v 0.14283999 -0.082433 0.20623199
v 0.144179 -0.06949199 0.206349
v 0.129975 -0.083098 0.206227
v 0.13145899 -0.070324 0.206375
v 0.11671099 -0.08376199 0.20624299
v 0.118669 -0.071004 0.206421
v 0.10379599 -0.08349899 0.20628699
v 0.10601899 -0.07072299 0.206468
v 0.093272 -0.08239299 0.20628799
v 0.09309999 -0.068515 0.20643299
v 0.075078 -0.075262 0.206081
v 0.07943599 -0.06255599 0.206247
v 0.062391 -0.065954 0.20574599
v 0.067698 -0.053102 0.205889
v 0.05187079 -0.05494282 0.205246
v 0.05720907 -0.04159274 0.205373
v 0.04068302 -0.042458 0.20474
v 0.06046812 -0.02505566 0.20535999
v 0.07107692 -0.03783561 0.20587
v 0.07385505 -0.02151768 0.205787
v 0.08490123 -0.0330773 0.20619399
v 0.08249899 -0.048186 0.206262
v 0.094811 -0.054446 0.20647899
v 0.107219 -0.056961 0.20653399
v 0.119639 -0.057464 0.206495
v 0.13216899 -0.056885 0.206429
v 0.132567 -0.04231999 0.206386
v 0.144905 -0.04121499 0.20629699
v 0.14472499 -0.055971 0.20637999
v 0.14639599 -0.025741 0.206081
v 0.14955699 -0.00958 0.205805
v 0.154364 0.007219 0.205584
v 0.160177 0.024494 0.205475
v 0.16605399 0.041946 0.20540699
v 0.146087 0.04044799 0.205054
v 0.14629399 0.053922 0.204805
v 0.169593 0.057052 0.20524799
v 0.122629 0.048322 0.20460699
v -0.03561402 -0.01643879 0.20627999
v -0.10233546 -0.01479711 0.20792
v -0.04718775 -0.02943229 0.20665
v -0.05002339 -0.0119806 0.206643
v -0.03869549 0.00057027 0.206244
v -0.02443259 0.01086226 0.206046
v -0.02352936 -0.02289406 0.206201
v -0.09828318 -0.00595624 0.207686
v -0.08858876 -0.01829383 0.207846
v -0.09921831 -0.02536709 0.20808899
v -0.11145199 -0.012642 0.20787599
v -0.11080203 0.0023008 0.20750999
v -0.10995899 -0.027802 0.20815199
v -0.09655699 -0.039708 0.208241
v -0.108314 -0.04253299 0.20830699
v -0.120373 -0.043076 0.208269
v -0.121358 -0.027446 0.20808799
v -0.122869 -0.010968 0.20776499
v -0.133566 -0.026435 0.207974
v -0.13586899 -0.009939 0.20766399
v -0.139445 0.007203 0.20735099
v -0.124944 0.006268 0.207383
v -0.143727 0.024883 0.207081
v -0.125661 0.022141 0.207035
v -0.10794506 0.01529221 0.20713399
v -0.09290351 0.00611226 0.207313
v -0.12452899 0.0355 0.206723
v -0.10458867 0.02844299 0.20675399
v -0.08733388 0.0193908 0.20691099
v -0.07388828 0.00747238 0.20703299
v -0.08122239 -0.00631154 0.207477
v -0.1007796 0.04126801 0.20641399
v -0.08164524 0.03273128 0.20653499
v -0.06656575 0.02147675 0.206615
v -0.05551805 0.00640841 0.20664
v -0.06439017 -0.00753341 0.20710599
v -0.07587182 0.04545072 0.20624999
v -0.05927997 0.03470587 0.20629799
v -0.04656913 0.01997507 0.20626899
v -0.05218567 0.0465875 0.20611399
v -0.0376176 0.03198153 0.206079
v -0.07012731 0.05718473 0.20607699
v -0.09646396 0.05363387 0.206136
v -0.09163416 0.06542033 0.205951
v -0.119727 0.060782 0.20612999
v -0.115699 0.07287 0.20593999
v -0.14516 0.06693799 0.206346
v -0.142303 0.07974799 0.206129
v -0.170855 0.070986 0.20682199
v -0.170107 0.08481 0.20658999
v -0.194635 0.071679 0.20733499
v -0.19834999 0.086093 0.20711499
v -0.21292699 0.06483999 0.20765799
v -0.21706199 0.074849 0.20747
v -0.18948 0.056026 0.207533
v -0.206136 0.05165499 0.20777399
v -0.18272599 0.04002799 0.207596
v -0.197767 0.037023 0.207771
v -0.175438 0.023386 0.20750899
v -0.189122 0.021782 0.207624
v -0.16869899 0.006617 0.20746499
v -0.181811 0.005453 0.20749999
v -0.16307599 -0.009792 0.20758999
v -0.17577199 -0.010632 0.20758099
v -0.15927299 -0.02557599 0.20782999
v -0.17163699 -0.026129 0.20780499
v -0.157325 -0.040663 0.208055
v -0.16948899 -0.04092 0.208037
v -0.15688799 -0.05512699 0.20815999
v -0.16898299 -0.055084 0.208165
v -0.15693199 -0.06924799 0.20816999
v -0.16923899 -0.06884899 0.208203
v -0.15549999 -0.08250799 0.208085
v -0.168916 -0.081115 0.20827099
v -0.14418 -0.069502 0.20815199
v -0.142839 -0.08244899 0.208035
v -0.131465 -0.070338 0.20817799
v -0.12997899 -0.08311899 0.20803
v -0.118675 -0.07102099 0.20822399
v -0.116717 -0.083787 0.208046
v -0.10601899 -0.070739 0.20827099
v -0.10379599 -0.08352299 0.20809
v -0.093082 -0.068526 0.20823599
v -0.09325499 -0.08241199 0.208091
v -0.079396 -0.06255699 0.20804999
v -0.075037 -0.075271 0.20788399
v -0.06763699 -0.05309199 0.20769099
v -0.062328 -0.065949 0.207549
v -0.05713563 -0.04157497 0.207175
v -0.05179867 -0.05492775 0.20704799
v -0.04063145 -0.04244016 0.206542
v -0.0710169 -0.03781707 0.20767299
v -0.06039619 -0.02503309 0.20716199
v -0.07380297 -0.02148957 0.207589
v -0.08246 -0.048176 0.208064
v -0.08486589 -0.03305612 0.20799699
v -0.09479299 -0.054444 0.20828199
v -0.10721799 -0.056963 0.20833699
v -0.11964599 -0.05746699 0.20829799
v -0.13217799 -0.05688599 0.208232
v -0.132578 -0.04230599 0.20818899
v -0.14473 -0.055968 0.208183
v -0.144913 -0.041198 0.2081
v -0.146403 -0.025714 0.20788399
v -0.14956 -0.009553 0.20760799
v -0.154356 0.007239 0.20738799
v -0.160153 0.024511 0.20727799
v -0.16601899 0.041969 0.20721
v -0.146062 0.040479 0.20685699
v -0.16955399 0.05708299 0.20704999
v -0.146264 0.053955 0.20660799
v -0.122611 0.04836 0.206409
v -0.03873421 0.00055528 0.20444099
v -0.05008817 -0.01200163 0.204841
v -0.0472463 -0.02944966 0.20484699
v -0.03564902 -0.0164534 0.20447699
v -0.02355579 -0.02290736 0.204398
v -0.02445516 0.01085134 0.204243
v -0.09923132 -0.0253951 0.20628599
v -0.08861761 -0.01832829 0.206044
v -0.09829866 -0.00600049 0.20588399
v -0.1023435 -0.01483514 0.206117
v -0.11080403 0.00225479 0.20570699
v -0.111449 -0.01268 0.206073
v -0.10995599 -0.027828 0.206349
v -0.108314 -0.04254499 0.206504
v -0.096574 -0.039723 0.206438
v -0.121347 -0.027473 0.206285
v -0.120364 -0.043088 0.206466
v -0.122859 -0.011004 0.205962
v -0.13586199 -0.009971 0.205861
v -0.13355499 -0.026462 0.206171
v -0.12494199 0.006229 0.20557999
v -0.139448 0.007173 0.205548
v -0.125669 0.022101 0.20523199
v -0.14374199 0.024854 0.20527799
v -0.1079543 0.01524408 0.20533199
v -0.09292262 0.00606366 0.205511
v -0.10460009 0.02839676 0.204951
v -0.124544 0.03545999 0.20491999
v -0.08735331 0.01934403 0.205108
v -0.08125855 -0.00635269 0.205675
v -0.07392622 0.00742981 0.20522999
v -0.0816617 0.0326905 0.204732
v -0.1007911 0.04122774 0.204612
v -0.06659986 0.02144108 0.204812
v -0.06444985 -0.00756537 0.20530399
v -0.05557009 0.00638025 0.20483799
v -0.05930385 0.03468132 0.20449499
v -0.07588222 0.04541997 0.204447
v -0.04660495 0.01995603 0.20446699
v -0.03764214 0.03196763 0.20427599
v -0.05220338 0.04656904 0.20431099
v -0.07013459 0.05716004 0.20427399
v -0.0916385 0.06539415 0.20414799
v -0.09647142 0.05360163 0.204333
v -0.115712 0.07284499 0.20413699
v -0.11974299 0.06075099 0.204327
v -0.142331 0.079723 0.204326
v -0.145189 0.066908 0.20454299
v -0.17014299 0.08478099 0.204787
v -0.17089299 0.070954 0.20501999
v -0.19837699 0.08605899 0.20531299
v -0.194664 0.07164599 0.20553299
v -0.217078 0.07481399 0.205667
v -0.212944 0.064808 0.20585499
v -0.20615699 0.05163399 0.205971
v -0.189511 0.056 0.20573
v -0.197787 0.037018 0.205968
v -0.18275399 0.04001599 0.20579299
v -0.18913699 0.021786 0.20581999
v -0.17545799 0.023382 0.205705
v -0.18181699 0.005449 0.205697
v -0.16870699 0.006608 0.20566099
v -0.17577 -0.010651 0.205778
v -0.163075 -0.009813 0.205787
v -0.171633 -0.026156 0.20600199
v -0.159268 -0.025602 0.206027
v -0.169487 -0.040941 0.20623399
v -0.157321 -0.04068199 0.20625099
v -0.16898299 -0.055093 0.20636099
v -0.15688699 -0.05513399 0.206357
v -0.16924899 -0.068851 0.2064
v -0.156937 -0.069245 0.206367
v -0.168931 -0.081115 0.206468
v -0.15550999 -0.082501 0.206282
v -0.14283999 -0.082433 0.20623199
v -0.144179 -0.06949199 0.206349
v -0.129975 -0.083098 0.206227
v -0.13145899 -0.070324 0.206375
v -0.11671099 -0.08376199 0.20624299
v -0.118669 -0.071004 0.206421
v -0.10379599 -0.08349899 0.20628699
v -0.10601899 -0.07072299 0.206468
v -0.093272 -0.08239299 0.20628799
v -0.09309999 -0.068515 0.20643299
v -0.075078 -0.075262 0.206081
v -0.07943599 -0.06255599 0.206247
v -0.062391 -0.065954 0.20574599
v -0.067698 -0.053102 0.205889
v -0.05187079 -0.05494282 0.205246
v -0.05720907 -0.04159274 0.205373
v -0.04068302 -0.042458 0.20474
v -0.06046812 -0.02505566 0.20535999
v -0.07107692 -0.03783561 0.20587
v -0.07385505 -0.02151768 0.205787
v -0.08490123 -0.0330773 0.20619399
v -0.08249899 -0.048186 0.206262
v -0.094811 -0.054446 0.20647899
v -0.107219 -0.056961 0.20653399
v -0.119639 -0.057464 0.206495
v -0.13216899 -0.056885 0.206429
v -0.132567 -0.04231999 0.206386
v -0.144905 -0.04121499 0.20629699
v -0.14472499 -0.055971 0.20637999
v -0.14639599 -0.025741 0.206081
v -0.14955699 -0.00958 0.205805
v -0.154364 0.007219 0.205584
v -0.160177 0.024494 0.205475
v -0.16605399 0.041946 0.20540699
v -0.146087 0.04044799 0.205054
v -0.14629399 0.053922 0.204805
v -0.169593 0.057052 0.20524799
v -0.122629 0.048322 0.20460699
g Group24660
f 9 19 15 8
f 20 16 17 21
f 6 7 18 22
f 10 23 19 9
f 24 20 21 25
f 5 6 22 26
f 11 27 23 10
f 28 24 25 29
f 4 5 26 30
f 12 31 27 11
f 32 28 29 33
f 3 4 30 34
f 13 35 31 12
f 36 32 33 37
f 2 3 34 38
f 14 39 35 13
f 40 36 37 41
f 1 2 38 42
f 15 19 21 17
f 22 18 16 20
f 19 23 25 21
f 26 22 20 24
f 23 27 29 25
f 30 26 24 28
f 27 31 33 29
f 34 30 28 32
f 31 35 37 33
f 38 34 32 36
f 35 39 41 37
f 42 38 36 40
f 47 9 8 43
f 44 48 49 45
f 50 46 7 6
f 51 10 9 47
f 48 52 53 49
f 54 50 6 5
f 55 11 10 51
f 52 56 57 53
f 58 54 5 4
f 59 12 11 55
f 56 60 61 57
f 62 58 4 3
f 63 13 12 59
f 60 64 65 61
f 66 62 3 2
f 67 14 13 63
f 64 68 69 65
f 70 66 2 1
f 45 49 47 43
f 48 44 46 50
f 49 53 51 47
f 52 48 50 54
f 53 57 55 51
f 56 52 54 58
f 57 61 59 55
f 60 56 58 62
f 61 65 63 59
f 64 60 62 66
f 65 69 67 63
f 68 64 66 70
f 71 72 39 14
f 73 40 41 74
f 75 76 77 78
f 79 1 42 80
f 39 72 74 41
f 80 42 40 73
f 81 82 77 76
f 83 71 14 67
f 68 84 85 69
f 86 75 78 87
f 88 70 1 79
f 69 85 83 67
f 86 87 89 90
f 84 68 70 88
f 78 77 72 71
f 79 80 76 75
f 77 82 74 72
f 81 76 80 73
f 73 74 82 81
f 90 89 85 84
f 71 83 87 78
f 75 86 88 79
f 84 88 86 90
f 83 85 89 87
f 8 15 91 92
f 93 94 95 96
f 16 97 98 17
f 7 99 100 18
f 91 15 17 98
f 93 96 101 102
f 18 100 97 16
f 43 8 92 103
f 104 44 45 105
f 94 106 107 95
f 46 108 99 7
f 105 45 43 103
f 109 110 107 106
f 44 104 108 46
f 92 91 96 95
f 102 101 98 97
f 94 93 100 99
f 91 98 101 96
f 93 102 97 100
f 95 107 103 92
f 99 108 106 94
f 107 110 105 103
f 104 105 110 109
f 109 106 108 104
g Group64088
f 358 402 401 357
f 160 115 113 159
f 122 121 119 120
f 376 420 396 371
f 124 123 121 122
f 126 125 123 124
f 128 127 125 126
f 112 129 127 128
f 161 130 131 162
f 134 132 130 161
f 135 133 132 134
f 137 136 133 135
f 139 138 136 137
f 116 140 118 141
f 305 422 398 281
f 142 143 145 144
f 412 373 374 411
f 348 384 385 349
f 354 393 394 355
f 146 147 149 148
f 148 149 151 150
f 150 151 153 152
f 152 153 155 154
f 157 156 154 155
f 114 158 159 113
f 115 160 141 118
f 158 114 138 139
f 365 407 408 366
f 117 164 140 116
f 111 165 129 112
f 163 166 165 111
f 162 131 166 163
f 144 145 167 173
f 168 171 170 172
f 169 174 171 168
f 179 177 178 181
f 177 179 180 176
f 156 157 181 178
f 186 183 176 180
f 183 186 184 182
f 120 119 187 185
f 185 187 182 184
f 143 142 188 175
f 175 188 164 117
f 112 229 228 111
f 357 401 392 347
f 230 117 116 231
f 233 122 120 232
f 368 409 419 380
f 234 124 122 233
f 235 126 124 234
f 236 128 126 235
f 229 112 128 236
f 237 135 134 238
f 239 137 135 237
f 240 139 137 239
f 231 116 141 241
f 282 399 422 305
f 145 143 242 243
f 417 383 379 415
f 345 391 393 354
f 149 147 244 245
f 151 149 245 246
f 153 151 246 247
f 155 153 247 248
f 157 155 248 249
f 250 159 158 251
f 252 160 159 250
f 241 141 160 252
f 161 253 238 134
f 162 254 253 161
f 163 255 254 162
f 111 228 255 163
f 251 158 139 240
f 364 406 407 365
f 256 167 145 243
f 257 169 168 258
f 258 168 172 259
f 260 175 117 230
f 261 180 179 262
f 262 179 181 263
f 263 181 157 249
f 242 143 175 260
f 264 185 184 265
f 265 184 186 266
f 266 186 180 261
f 232 120 185 264
f 254 191 189 253
f 232 192 193 233
f 383 417 418 382
f 233 193 194 234
f 234 194 195 235
f 235 195 196 236
f 236 196 197 229
f 238 190 198 237
f 237 198 199 239
f 239 199 200 240
f 255 201 191 254
f 228 202 201 255
f 229 197 202 228
f 347 392 390 346
f 280 396 420 303
f 242 203 204 243
f 421 381 382 418
f 352 388 389 353
f 244 205 206 245
f 245 206 207 246
f 246 207 208 247
f 247 208 209 248
f 248 209 210 249
f 240 200 212 251
f 363 405 406 364
f 241 215 213 231
f 230 214 211 260
f 258 218 217 257
f 243 204 216 256
f 259 219 218 258
f 252 220 215 241
f 249 210 221 263
f 263 221 222 262
f 262 222 223 261
f 250 224 220 252
f 251 212 224 250
f 265 226 225 264
f 261 223 227 266
f 266 227 226 265
f 214 230 231 213
f 190 238 253 189
f 203 242 260 211
f 192 232 264 225
f 113 307 306 114
f 115 308 307 113
f 118 309 308 115
f 121 311 310 119
f 366 408 416 377
f 123 312 311 121
f 125 313 312 123
f 127 314 313 125
f 129 315 314 127
f 130 317 316 131
f 132 318 317 130
f 133 319 318 132
f 136 320 319 133
f 138 321 320 136
f 140 322 309 118
f 304 421 418 300
f 144 324 323 142
f 422 367 369 398
f 384 348 381 421
f 351 387 388 352
f 148 326 325 146
f 150 327 326 148
f 152 328 327 150
f 154 329 328 152
f 156 330 329 154
f 114 306 321 138
f 362 404 405 363
f 164 331 322 140
f 420 376 380 419
f 165 332 315 129
f 166 333 332 165
f 131 316 333 166
f 171 335 334 170
f 173 336 324 144
f 174 337 335 171
f 176 339 338 177
f 177 338 340 178
f 178 340 330 156
f 182 342 341 183
f 183 341 339 176
f 119 310 343 187
f 187 343 342 182
f 142 323 344 188
f 188 344 331 164
f 318 273 274 317
f 322 279 280 309
f 331 281 279 322
f 335 294 293 334
f 337 295 294 335
f 338 298 299 340
f 341 301 297 339
f 308 303 302 307
f 310 267 304 343
f 343 304 300 342
f 323 282 305 344
f 344 305 281 331
f 292 306 307 302
f 303 308 309 280
f 267 310 311 268
f 378 414 415 379
f 268 311 312 269
f 269 312 313 270
f 270 313 314 271
f 271 314 315 272
f 275 316 317 274
f 273 318 319 276
f 276 319 320 277
f 277 320 321 278
f 267 384 421 304
f 282 323 324 283
f 397 370 371 396
f 414 378 377 416
f 350 386 387 351
f 286 325 326 287
f 287 326 327 288
f 288 327 328 289
f 289 328 329 290
f 290 329 330 291
f 278 321 306 292
f 361 403 404 362
f 398 369 370 397
f 272 315 332 285
f 285 332 333 284
f 284 333 316 275
f 283 324 336 296
f 298 338 339 297
f 291 330 340 299
f 301 341 342 300
f 189 346 345 190
f 191 347 346 189
f 192 348 349 193
f 360 400 413 372
f 193 349 350 194
f 194 350 351 195
f 195 351 352 196
f 196 352 353 197
f 190 345 354 198
f 198 354 355 199
f 199 355 356 200
f 201 357 347 191
f 202 358 357 201
f 197 353 358 202
f 359 399 400 360
f 303 420 419 302
f 203 359 360 204
f 399 359 367 422
f 349 385 386 350
f 205 361 362 206
f 206 362 363 207
f 207 363 364 208
f 208 364 365 209
f 209 365 366 210
f 211 367 359 203
f 200 356 368 212
f 213 370 369 214
f 215 371 370 213
f 214 369 367 211
f 218 374 373 217
f 204 360 372 216
f 219 375 374 218
f 220 376 371 215
f 210 366 377 221
f 221 377 378 222
f 222 378 379 223
f 224 380 376 220
f 212 368 380 224
f 225 381 348 192
f 226 382 381 225
f 223 379 383 227
f 227 383 382 226
f 385 384 267 268
f 302 419 409 292
f 386 385 268 269
f 387 386 269 270
f 388 387 270 271
f 389 388 271 272
f 390 274 273 391
f 392 275 274 390
f 393 391 273 276
f 394 393 276 277
f 395 394 277 278
f 279 397 396 280
f 281 398 397 279
f 301 417 415 297
f 283 400 399 282
f 391 345 346 390
f 411 374 375 410
f 356 395 409 368
f 401 284 275 392
f 402 285 284 401
f 389 272 285 402
f 355 394 395 356
f 287 404 403 286
f 288 405 404 287
f 289 406 405 288
f 290 407 406 289
f 291 408 407 290
f 409 395 278 292
f 353 389 402 358
f 296 413 400 283
f 297 415 414 298
f 298 414 416 299
f 299 416 408 291
f 300 418 417 301
f 426 425 423 424
f 293 294 426 424
f 411 410 423 425
f 428 427 425 426
f 294 295 428 426
f 412 411 425 427
f 413 296 429 430
f 286 403 431 432
f 433 434 147 146
f 435 436 174 169
f 437 438 373 412
f 147 434 439 244
f 440 435 169 257
f 439 441 205 244
f 442 440 257 217
f 146 325 443 433
f 436 444 337 174
f 444 445 295 337
f 446 443 325 286
f 441 447 361 205
f 447 448 403 361
f 217 373 438 442
f 449 450 427 428
f 295 445 449 428
f 437 412 427 450
f 432 431 451 452
f 446 286 432 452
f 403 448 451 431
f 436 435 434 433
f 435 440 439 434
f 441 439 440 442
f 433 443 444 436
f 445 444 443 446
f 442 438 447 441
f 438 437 448 447
f 446 452 449 445
f 450 449 452 451
f 437 450 451 448
f 172 170 453 454
f 455 456 173 167
f 457 455 167 256
f 259 172 454 458
f 459 460 372 413
f 256 216 461 457
f 458 462 219 259
f 170 334 463 453
f 456 464 336 173
f 334 293 465 463
f 464 466 296 336
f 410 375 467 468
f 216 372 460 461
f 462 467 375 219
f 424 423 469 470
f 465 293 424 470
f 410 468 469 423
f 471 472 430 429
f 296 466 471 429
f 459 413 430 472
f 456 455 454 453
f 455 457 458 454
f 462 458 457 461
f 453 463 464 456
f 466 464 463 465
f 460 459 468 467
f 461 460 467 462
f 459 472 469 468
f 470 469 472 471
f 465 470 471 466
f 720 719 763 764
f 522 521 475 477
f 484 482 481 483
f 738 733 758 782
f 486 484 483 485
f 488 486 485 487
f 490 488 487 489
f 474 490 489 491
f 523 524 493 492
f 496 523 492 494
f 497 496 494 495
f 499 497 495 498
f 501 499 498 500
f 478 503 480 502
f 667 643 760 784
f 504 506 507 505
f 774 773 736 735
f 710 711 747 746
f 716 717 756 755
f 508 510 511 509
f 510 512 513 511
f 512 514 515 513
f 514 516 517 515
f 519 517 516 518
f 476 475 521 520
f 477 480 503 522
f 520 501 500 476
f 727 728 770 769
f 479 478 502 526
f 473 474 491 527
f 525 473 527 528
f 524 525 528 493
f 506 535 529 507
f 530 534 532 533
f 531 530 533 536
f 541 543 540 539
f 539 538 542 541
f 518 540 543 519
f 548 542 538 545
f 545 544 546 548
f 482 547 549 481
f 547 546 544 549
f 505 537 550 504
f 537 479 526 550
f 474 473 590 591
f 719 709 754 763
f 592 593 478 479
f 595 594 482 484
f 730 742 781 771
f 596 595 484 486
f 597 596 486 488
f 598 597 488 490
f 591 598 490 474
f 599 600 496 497
f 601 599 497 499
f 602 601 499 501
f 593 603 503 478
f 644 667 784 761
f 507 605 604 505
f 779 777 741 745
f 707 716 755 753
f 511 607 606 509
f 513 608 607 511
f 515 609 608 513
f 517 610 609 515
f 519 611 610 517
f 612 613 520 521
f 614 612 521 522
f 603 614 522 503
f 523 496 600 615
f 524 523 615 616
f 525 524 616 617
f 473 525 617 590
f 613 602 501 520
f 726 727 769 768
f 618 605 507 529
f 619 620 530 531
f 620 621 534 530
f 622 592 479 537
f 623 624 541 542
f 624 625 543 541
f 625 611 519 543
f 604 622 537 505
f 626 627 546 547
f 627 628 548 546
f 628 623 542 548
f 594 626 547 482
f 616 615 551 553
f 594 595 555 554
f 745 744 780 779
f 595 596 556 555
f 596 597 557 556
f 597 598 558 557
f 598 591 559 558
f 600 599 560 552
f 599 601 561 560
f 601 602 562 561
f 617 616 553 563
f 590 617 563 564
f 591 590 564 559
f 709 708 752 754
f 642 665 782 758
f 604 605 566 565
f 783 780 744 743
f 714 715 751 750
f 606 607 568 567
f 607 608 569 568
f 608 609 570 569
f 609 610 571 570
f 610 611 572 571
f 602 613 574 562
f 725 726 768 767
f 603 593 575 577
f 592 622 573 576
f 620 619 579 580
f 605 618 578 566
f 621 620 580 581
f 614 603 577 582
f 611 625 583 572
f 625 624 584 583
f 624 623 585 584
f 612 614 582 586
f 613 612 586 574
f 627 626 587 588
f 623 628 589 585
f 628 627 588 589
f 576 575 593 592
f 552 551 615 600
f 565 573 622 604
f 554 587 626 594
f 475 476 668 669
f 477 475 669 670
f 480 477 670 671
f 483 481 672 673
f 728 739 778 770
f 485 483 673 674
f 487 485 674 675
f 489 487 675 676
f 491 489 676 677
f 492 493 678 679
f 494 492 679 680
f 495 494 680 681
f 498 495 681 682
f 500 498 682 683
f 502 480 671 684
f 666 662 780 783
f 506 504 685 686
f 784 760 731 729
f 746 783 743 710
f 713 714 750 749
f 510 508 687 688
f 512 510 688 689
f 514 512 689 690
f 516 514 690 691
f 518 516 691 692
f 476 500 683 668
f 724 725 767 766
f 526 502 684 693
f 782 781 742 738
f 527 491 677 694
f 528 527 694 695
f 493 528 695 678
f 533 532 696 697
f 535 506 686 698
f 536 533 697 699
f 538 539 700 701
f 539 540 702 700
f 540 518 692 702
f 544 545 703 704
f 545 538 701 703
f 481 549 705 672
f 549 544 704 705
f 504 550 706 685
f 550 526 693 706
f 680 679 636 635
f 684 671 642 641
f 693 684 641 643
f 697 696 655 656
f 699 697 656 657
f 700 702 661 660
f 703 701 659 663
f 670 669 664 665
f 672 705 666 629
f 705 704 662 666
f 685 706 667 644
f 706 693 643 667
f 654 664 669 668
f 665 642 671 670
f 629 630 673 672
f 740 741 777 776
f 630 631 674 673
f 631 632 675 674
f 632 633 676 675
f 633 634 677 676
f 637 636 679 678
f 635 638 681 680
f 638 639 682 681
f 639 640 683 682
f 629 666 783 746
f 644 645 686 685
f 759 758 733 732
f 776 778 739 740
f 712 713 749 748
f 648 649 688 687
f 649 650 689 688
f 650 651 690 689
f 651 652 691 690
f 652 653 692 691
f 640 654 668 683
f 723 724 766 765
f 760 759 732 731
f 634 647 694 677
f 647 646 695 694
f 646 637 678 695
f 645 658 698 686
f 660 659 701 700
f 653 661 702 692
f 663 662 704 703
f 551 552 707 708
f 553 551 708 709
f 554 555 711 710
f 722 734 775 762
f 555 556 712 711
f 556 557 713 712
f 557 558 714 713
f 558 559 715 714
f 552 560 716 707
f 560 561 717 716
f 561 562 718 717
f 563 553 709 719
f 564 563 719 720
f 559 564 720 715
f 721 722 762 761
f 665 664 781 782
f 565 566 722 721
f 761 784 729 721
f 711 712 748 747
f 567 568 724 723
f 568 569 725 724
f 569 570 726 725
f 570 571 727 726
f 571 572 728 727
f 573 565 721 729
f 562 574 730 718
f 575 576 731 732
f 577 575 732 733
f 576 573 729 731
f 580 579 735 736
f 566 578 734 722
f 581 580 736 737
f 582 577 733 738
f 572 583 739 728
f 583 584 740 739
f 584 585 741 740
f 586 582 738 742
f 574 586 742 730
f 587 554 710 743
f 588 587 743 744
f 585 589 745 741
f 589 588 744 745
f 747 630 629 746
f 664 654 771 781
f 748 631 630 747
f 749 632 631 748
f 750 633 632 749
f 751 634 633 750
f 752 753 635 636
f 754 752 636 637
f 755 638 635 753
f 756 639 638 755
f 757 640 639 756
f 641 642 758 759
f 643 641 759 760
f 663 659 777 779
f 645 644 761 762
f 753 752 708 707
f 773 772 737 736
f 718 730 771 757
f 763 754 637 646
f 764 763 646 647
f 751 764 647 634
f 717 718 757 756
f 649 648 765 766
f 650 649 766 767
f 651 650 767 768
f 652 651 768 769
f 653 652 769 770
f 771 654 640 757
f 715 720 764 751
f 658 645 762 775
f 659 660 776 777
f 660 661 778 776
f 661 653 770 778
f 662 663 779 780
f 788 786 785 787
f 655 786 788 656
f 773 787 785 772
f 790 788 787 789
f 656 788 790 657
f 774 789 787 773
f 775 792 791 658
f 648 794 793 765
f 795 508 509 796
f 797 531 536 798
f 799 774 735 800
f 509 606 801 796
f 802 619 531 797
f 801 606 567 803
f 804 579 619 802
f 508 795 805 687
f 798 536 699 806
f 806 699 657 807
f 808 648 687 805
f 803 567 723 809
f 809 723 765 810
f 579 804 800 735
f 811 790 789 812
f 657 790 811 807
f 799 812 789 774
f 794 814 813 793
f 808 814 794 648
f 765 793 813 810
f 798 795 796 797
f 797 796 801 802
f 803 804 802 801
f 795 798 806 805
f 807 808 805 806
f 804 803 809 800
f 800 809 810 799
f 808 807 811 814
f 812 813 814 811
f 799 810 813 812
f 534 816 815 532
f 817 529 535 818
f 819 618 529 817
f 621 820 816 534
f 821 775 734 822
f 618 819 823 578
f 820 621 581 824
f 532 815 825 696
f 818 535 698 826
f 696 825 827 655
f 826 698 658 828
f 772 830 829 737
f 578 823 822 734
f 824 581 737 829
f 786 832 831 785
f 827 832 786 655
f 772 785 831 830
f 833 791 792 834
f 658 791 833 828
f 821 834 792 775
f 818 815 816 817
f 817 816 820 819
f 824 823 819 820
f 815 818 826 825
f 828 827 825 826
f 822 829 830 821
f 823 824 829 822
f 821 830 831 834
f 832 833 834 831
f 827 828 833 832
g Group38686
f 886 885 884 883
f 851 852 885 886
f 851 868 867 852
f 885 888 887 884
f 852 853 888 885
f 852 867 869 853
f 888 890 889 887
f 853 854 890 888
f 853 869 870 854
f 890 892 891 889
f 854 855 892 890
f 854 870 871 855
f 892 894 893 891
f 855 856 894 892
f 855 871 872 856
f 894 896 895 893
f 856 857 896 894
f 856 872 873 857
f 896 898 897 895
f 857 858 898 896
f 857 873 874 858
f 898 900 899 897
f 858 859 900 898
f 858 874 875 859
f 900 902 901 899
f 859 860 902 900
f 859 875 876 860
f 902 904 903 901
f 860 861 904 902
f 860 876 877 861
f 904 906 905 903
f 861 862 906 904
f 861 877 878 862
f 906 908 907 905
f 862 863 908 906
f 862 878 879 863
f 908 910 909 907
f 863 864 910 908
f 863 879 880 864
f 910 912 911 909
f 864 865 912 910
f 864 880 881 865
f 912 914 913 911
f 865 866 914 912
f 865 881 882 866
f 914 886 883 913
f 866 851 886 914
f 866 882 868 851
f 883 884 916 915
f 836 835 915 916
f 868 835 836 867
f 884 887 917 916
f 837 836 916 917
f 867 836 837 869
f 887 889 918 917
f 838 837 917 918
f 869 837 838 870
f 889 891 919 918
f 839 838 918 919
f 870 838 839 871
f 891 893 920 919
f 840 839 919 920
f 871 839 840 872
f 893 895 921 920
f 841 840 920 921
f 872 840 841 873
f 895 897 922 921
f 873 841 842 874
f 897 899 923 922
f 874 842 843 875
f 899 901 924 923
f 875 843 844 876
f 901 903 925 924
f 876 844 845 877
f 903 905 926 925
f 846 845 925 926
f 877 845 846 878
f 905 907 927 926
f 847 846 926 927
f 878 846 847 879
f 907 909 928 927
f 848 847 927 928
f 879 847 848 880
f 909 911 929 928
f 849 848 928 929
f 880 848 849 881
f 911 913 930 929
f 850 849 929 930
f 881 849 850 882
f 913 883 915 930
f 835 850 930 915
f 882 850 835 868
f 982 981 980 979
f 947 948 981 982
f 947 964 963 948
f 981 984 983 980
f 948 949 984 981
f 948 963 965 949
f 984 986 985 983
f 949 950 986 984
f 949 965 966 950
f 986 988 987 985
f 950 951 988 986
f 950 966 967 951
f 988 990 989 987
f 951 952 990 988
f 951 967 968 952
f 990 992 991 989
f 952 953 992 990
f 952 968 969 953
f 992 994 993 991
f 953 954 994 992
f 953 969 970 954
f 994 996 995 993
f 954 955 996 994
f 954 970 971 955
f 996 998 997 995
f 955 956 998 996
f 955 971 972 956
f 998 1000 999 997
f 956 957 1000 998
f 956 972 973 957
f 1000 1002 1001 999
f 957 958 1002 1000
f 957 973 974 958
f 1002 1004 1003 1001
f 958 959 1004 1002
f 958 974 975 959
f 1004 1006 1005 1003
f 959 960 1006 1004
f 959 975 976 960
f 1006 1008 1007 1005
f 960 961 1008 1006
f 960 976 977 961
f 1008 1010 1009 1007
f 961 962 1010 1008
f 961 977 978 962
f 1010 982 979 1009
f 962 947 982 1010
f 962 978 964 947
f 979 980 1012 1011
f 932 931 1011 1012
f 964 931 932 963
f 980 983 1013 1012
f 933 932 1012 1013
f 963 932 933 965
f 983 985 1014 1013
f 934 933 1013 1014
f 965 933 934 966
f 985 987 1015 1014
f 935 934 1014 1015
f 966 934 935 967
f 987 989 1016 1015
f 936 935 1015 1016
f 967 935 936 968
f 989 991 1017 1016
f 937 936 1016 1017
f 968 936 937 969
f 991 993 1018 1017
f 969 937 938 970
f 993 995 1019 1018
f 970 938 939 971
f 995 997 1020 1019
f 971 939 940 972
f 997 999 1021 1020
f 972 940 941 973
f 999 1001 1022 1021
f 942 941 1021 1022
f 973 941 942 974
f 1001 1003 1023 1022
f 943 942 1022 1023
f 974 942 943 975
f 1003 1005 1024 1023
f 944 943 1023 1024
f 975 943 944 976
f 1005 1007 1025 1024
f 945 944 1024 1025
f 976 944 945 977
f 1007 1009 1026 1025
f 946 945 1025 1026
f 977 945 946 978
f 1009 979 1011 1026
f 931 946 1026 1011
f 978 946 931 964
f 1030 1029 1028 1027
f 921 922 1027 1028
f 841 921 1028 1029
f 842 841 1029 1030
f 1032 1030 1027 1031
f 922 923 1031 1027
f 843 842 1030 1032
f 1034 1032 1031 1033
f 923 924 1033 1031
f 844 843 1032 1034
f 1036 1034 1033 1035
f 925 845 1036 1035
f 924 925 1035 1033
f 845 844 1034 1036
f 1040 1039 1038 1037
f 1017 1018 1037 1038
f 937 1017 1038 1039
f 938 937 1039 1040
f 1042 1040 1037 1041
f 1018 1019 1041 1037
f 939 938 1040 1042
f 1044 1042 1041 1043
f 1019 1020 1043 1041
f 940 939 1042 1044
f 1046 1044 1043 1045
f 1021 941 1046 1045
f 1020 1021 1045 1043
f 941 940 1044 1046
g Group5487
f 1098 1097 1096 1095
f 1063 1064 1097 1098
f 1063 1080 1079 1064
f 1097 1100 1099 1096
f 1064 1065 1100 1097
f 1064 1079 1081 1065
f 1100 1102 1101 1099
f 1065 1066 1102 1100
f 1065 1081 1082 1066
f 1102 1104 1103 1101
f 1066 1067 1104 1102
f 1066 1082 1083 1067
f 1104 1106 1105 1103
f 1067 1068 1106 1104
f 1067 1083 1084 1068
f 1106 1108 1107 1105
f 1068 1069 1108 1106
f 1068 1084 1085 1069
f 1108 1110 1109 1107
f 1069 1070 1110 1108
f 1069 1085 1086 1070
f 1110 1112 1111 1109
f 1070 1071 1112 1110
f 1070 1086 1087 1071
f 1112 1114 1113 1111
f 1071 1072 1114 1112
f 1071 1087 1088 1072
f 1114 1116 1115 1113
f 1072 1073 1116 1114
f 1072 1088 1089 1073
f 1116 1118 1117 1115
f 1073 1074 1118 1116
f 1073 1089 1090 1074
f 1118 1120 1119 1117
f 1074 1075 1120 1118
f 1074 1090 1091 1075
f 1120 1122 1121 1119
f 1075 1076 1122 1120
f 1075 1091 1092 1076
f 1122 1124 1123 1121
f 1076 1077 1124 1122
f 1076 1092 1093 1077
f 1124 1126 1125 1123
f 1077 1078 1126 1124
f 1077 1093 1094 1078
f 1126 1098 1095 1125
f 1078 1063 1098 1126
f 1078 1094 1080 1063
f 1095 1096 1128 1127
f 1048 1047 1127 1128
f 1080 1047 1048 1079
f 1096 1099 1129 1128
f 1049 1048 1128 1129
f 1079 1048 1049 1081
f 1099 1101 1130 1129
f 1050 1049 1129 1130
f 1081 1049 1050 1082
f 1101 1103 1131 1130
f 1051 1050 1130 1131
f 1082 1050 1051 1083
f 1103 1105 1132 1131
f 1052 1051 1131 1132
f 1083 1051 1052 1084
f 1105 1107 1133 1132
f 1053 1052 1132 1133
f 1084 1052 1053 1085
f 1107 1109 1134 1133
f 1085 1053 1054 1086
f 1109 1111 1135 1134
f 1086 1054 1055 1087
f 1111 1113 1136 1135
f 1087 1055 1056 1088
f 1113 1115 1137 1136
f 1088 1056 1057 1089
f 1115 1117 1138 1137
f 1058 1057 1137 1138
f 1089 1057 1058 1090
f 1117 1119 1139 1138
f 1059 1058 1138 1139
f 1090 1058 1059 1091
f 1119 1121 1140 1139
f 1060 1059 1139 1140
f 1091 1059 1060 1092
f 1121 1123 1141 1140
f 1061 1060 1140 1141
f 1092 1060 1061 1093
f 1123 1125 1142 1141
f 1062 1061 1141 1142
f 1093 1061 1062 1094
f 1125 1095 1127 1142
f 1047 1062 1142 1127
f 1094 1062 1047 1080
f 1194 1193 1192 1191
f 1159 1160 1193 1194
f 1159 1176 1175 1160
f 1193 1196 1195 1192
f 1160 1161 1196 1193
f 1160 1175 1177 1161
f 1196 1198 1197 1195
f 1161 1162 1198 1196
f 1161 1177 1178 1162
f 1198 1200 1199 1197
f 1162 1163 1200 1198
f 1162 1178 1179 1163
f 1200 1202 1201 1199
f 1163 1164 1202 1200
f 1163 1179 1180 1164
f 1202 1204 1203 1201
f 1164 1165 1204 1202
f 1164 1180 1181 1165
f 1204 1206 1205 1203
f 1165 1166 1206 1204
f 1165 1181 1182 1166
f 1206 1208 1207 1205
f 1166 1167 1208 1206
f 1166 1182 1183 1167
f 1208 1210 1209 1207
f 1167 1168 1210 1208
f 1167 1183 1184 1168
f 1210 1212 1211 1209
f 1168 1169 1212 1210
f 1168 1184 1185 1169
f 1212 1214 1213 1211
f 1169 1170 1214 1212
f 1169 1185 1186 1170
f 1214 1216 1215 1213
f 1170 1171 1216 1214
f 1170 1186 1187 1171
f 1216 1218 1217 1215
f 1171 1172 1218 1216
f 1171 1187 1188 1172
f 1218 1220 1219 1217
f 1172 1173 1220 1218
f 1172 1188 1189 1173
f 1220 1222 1221 1219
f 1173 1174 1222 1220
f 1173 1189 1190 1174
f 1222 1194 1191 1221
f 1174 1159 1194 1222
f 1174 1190 1176 1159
f 1191 1192 1224 1223
f 1144 1143 1223 1224
f 1176 1143 1144 1175
f 1192 1195 1225 1224
f 1145 1144 1224 1225
f 1175 1144 1145 1177
f 1195 1197 1226 1225
f 1146 1145 1225 1226
f 1177 1145 1146 1178
f 1197 1199 1227 1226
f 1147 1146 1226 1227
f 1178 1146 1147 1179
f 1199 1201 1228 1227
f 1148 1147 1227 1228
f 1179 1147 1148 1180
f 1201 1203 1229 1228
f 1149 1148 1228 1229
f 1180 1148 1149 1181
f 1203 1205 1230 1229
f 1181 1149 1150 1182
f 1205 1207 1231 1230
f 1182 1150 1151 1183
f 1207 1209 1232 1231
f 1183 1151 1152 1184
f 1209 1211 1233 1232
f 1184 1152 1153 1185
f 1211 1213 1234 1233
f 1154 1153 1233 1234
f 1185 1153 1154 1186
f 1213 1215 1235 1234
f 1155 1154 1234 1235
f 1186 1154 1155 1187
f 1215 1217 1236 1235
f 1156 1155 1235 1236
f 1187 1155 1156 1188
f 1217 1219 1237 1236
f 1157 1156 1236 1237
f 1188 1156 1157 1189
f 1219 1221 1238 1237
f 1158 1157 1237 1238
f 1189 1157 1158 1190
f 1221 1191 1223 1238
f 1143 1158 1238 1223
f 1190 1158 1143 1176
f 1290 1289 1288 1287
f 1255 1256 1289 1290
f 1255 1272 1271 1256
f 1289 1292 1291 1288
f 1256 1257 1292 1289
f 1256 1271 1273 1257
f 1292 1294 1293 1291
f 1257 1258 1294 1292
f 1257 1273 1274 1258
f 1294 1296 1295 1293
f 1258 1259 1296 1294
f 1258 1274 1275 1259
f 1296 1298 1297 1295
f 1259 1260 1298 1296
f 1259 1275 1276 1260
f 1298 1300 1299 1297
f 1260 1261 1300 1298
f 1260 1276 1277 1261
f 1300 1302 1301 1299
f 1261 1262 1302 1300
f 1261 1277 1278 1262
f 1302 1304 1303 1301
f 1262 1263 1304 1302
f 1262 1278 1279 1263
f 1304 1306 1305 1303
f 1263 1264 1306 1304
f 1263 1279 1280 1264
f 1306 1308 1307 1305
f 1264 1265 1308 1306
f 1264 1280 1281 1265
f 1308 1310 1309 1307
f 1265 1266 1310 1308
f 1265 1281 1282 1266
f 1310 1312 1311 1309
f 1266 1267 1312 1310
f 1266 1282 1283 1267
f 1312 1314 1313 1311
f 1267 1268 1314 1312
f 1267 1283 1284 1268
f 1314 1316 1315 1313
f 1268 1269 1316 1314
f 1268 1284 1285 1269
f 1316 1318 1317 1315
f 1269 1270 1318 1316
f 1269 1285 1286 1270
f 1318 1290 1287 1317
f 1270 1255 1290 1318
f 1270 1286 1272 1255
f 1287 1288 1320 1319
f 1240 1239 1319 1320
f 1272 1239 1240 1271
f 1288 1291 1321 1320
f 1241 1240 1320 1321
f 1271 1240 1241 1273
f 1291 1293 1322 1321
f 1242 1241 1321 1322
f 1273 1241 1242 1274
f 1293 1295 1323 1322
f 1243 1242 1322 1323
f 1274 1242 1243 1275
f 1295 1297 1324 1323
f 1244 1243 1323 1324
f 1275 1243 1244 1276
f 1297 1299 1325 1324
f 1245 1244 1324 1325
f 1276 1244 1245 1277
f 1299 1301 1326 1325
f 1277 1245 1246 1278
f 1301 1303 1327 1326
f 1278 1246 1247 1279
f 1303 1305 1328 1327
f 1279 1247 1248 1280
f 1305 1307 1329 1328
f 1280 1248 1249 1281
f 1307 1309 1330 1329
f 1250 1249 1329 1330
f 1281 1249 1250 1282
f 1309 1311 1331 1330
f 1251 1250 1330 1331
f 1282 1250 1251 1283
f 1311 1313 1332 1331
f 1252 1251 1331 1332
f 1283 1251 1252 1284
f 1313 1315 1333 1332
f 1253 1252 1332 1333
f 1284 1252 1253 1285
f 1315 1317 1334 1333
f 1254 1253 1333 1334
f 1285 1253 1254 1286
f 1317 1287 1319 1334
f 1239 1254 1334 1319
f 1286 1254 1239 1272
f 1338 1337 1336 1335
f 1133 1134 1335 1336
f 1053 1133 1336 1337
f 1054 1053 1337 1338
f 1340 1338 1335 1339
f 1134 1135 1339 1335
f 1055 1054 1338 1340
f 1342 1340 1339 1341
f 1135 1136 1341 1339
f 1056 1055 1340 1342
f 1344 1342 1341 1343
f 1137 1057 1344 1343
f 1136 1137 1343 1341
f 1057 1056 1342 1344
f 1348 1347 1346 1345
f 1229 1230 1345 1346
f 1149 1229 1346 1347
f 1150 1149 1347 1348
f 1350 1348 1345 1349
f 1230 1231 1349 1345
f 1151 1150 1348 1350
f 1352 1350 1349 1351
f 1231 1232 1351 1349
f 1152 1151 1350 1352
f 1354 1352 1351 1353
f 1233 1153 1354 1353
f 1232 1233 1353 1351
f 1153 1152 1352 1354
f 1358 1357 1356 1355
f 1325 1326 1355 1356
f 1245 1325 1356 1357
f 1246 1245 1357 1358
f 1360 1358 1355 1359
f 1326 1327 1359 1355
f 1247 1246 1358 1360
f 1362 1360 1359 1361
f 1327 1328 1361 1359
f 1248 1247 1360 1362
f 1364 1362 1361 1363
f 1329 1249 1364 1363
f 1328 1329 1363 1361
f 1249 1248 1362 1364
g Group21658
f 1406 1408 1407
f 1365 1368 1406 1407
f 1384 1385 1390 1389
f 1368 1365 1369
f 1435 1440 1441 1436
f 1430 1435 1436 1431
f 1389 1390 1395 1394
f 1431 1436 1437 1432
f 1388 1389 1394 1393
f 1388 1393 1434 1429
f 1407 1408 1410 1409
f 1366 1365 1407 1409
f 1365 1366 1370 1369
f 1409 1410 1412 1411
f 1367 1366 1409 1411
f 1366 1367 1371 1370
f 1429 1434 1435 1430
f 1393 1394 1399 1398
f 1393 1398 1439 1434
f 1411 1412 1413
f 1372 1367 1411 1413
f 1367 1372 1371
f 1452 1449 1405 1404
f 1401 1402 1447 1449
f 1425 1430 1431 1426
f 1405 1447 1448 1446
f 1406 1414 1415 1408
f 1368 1373 1414 1406
f 1368 1369 1374 1373
f 1434 1439 1440 1435
f 1440 1450 1451 1441
f 1399 1400 1452 1453
f 1392 1387 1428 1433
f 1408 1415 1416 1410
f 1369 1370 1375 1374
f 1410 1416 1417 1412
f 1370 1371 1376 1375
f 1397 1392 1433 1438
f 1398 1399 1453 1454
f 1412 1417 1418 1413
f 1371 1372 1377 1376
f 1442 1455 1448 1443
f 1377 1372 1413 1418
f 1398 1454 1456 1439
f 1414 1419 1420 1415
f 1373 1378 1419 1414
f 1373 1374 1379 1378
f 1403 1404 1445 1444
f 1391 1392 1397 1396
f 1441 1451 1455 1442
f 1386 1387 1392 1391
f 1415 1420 1421 1416
f 1374 1375 1380 1379
f 1416 1421 1422 1417
f 1375 1376 1381 1380
f 1454 1403 1444 1456
f 1439 1456 1450 1440
f 1417 1422 1423 1418
f 1376 1377 1382 1381
f 1427 1432 1433 1428
f 1382 1377 1418 1423
f 1402 1397 1438 1443
f 1419 1424 1425 1420
f 1378 1383 1424 1419
f 1378 1379 1384 1383
f 1432 1437 1438 1433
f 1394 1395 1400 1399
f 1395 1396 1401 1400
f 1437 1442 1443 1438
f 1420 1425 1426 1421
f 1379 1380 1385 1384
f 1421 1426 1427 1422
f 1380 1381 1386 1385
f 1385 1386 1391 1390
f 1396 1397 1402 1401
f 1422 1427 1428 1423
f 1381 1382 1387 1386
f 1400 1401 1449 1452
f 1387 1382 1423 1428
f 1404 1405 1446 1445
f 1424 1429 1430 1425
f 1383 1388 1429 1424
f 1383 1384 1389 1388
f 1436 1441 1442 1437
f 1390 1391 1396 1395
f 1426 1431 1432 1427
f 1447 1402 1443 1448
f 1449 1447 1405
f 1450 1444 1445 1451
f 1453 1452 1404 1403
f 1454 1453 1403
f 1455 1446 1448
f 1456 1444 1450
f 1451 1445 1446 1455
g Group30909
f 1498 1500 1499
f 1457 1460 1498 1499
f 1476 1477 1482 1481
f 1460 1457 1461
f 1527 1532 1533 1528
f 1522 1527 1528 1523
f 1481 1482 1487 1486
f 1523 1528 1529 1524
f 1480 1481 1486 1485
f 1480 1485 1526 1521
f 1499 1500 1502 1501
f 1458 1457 1499 1501
f 1457 1458 1462 1461
f 1501 1502 1504 1503
f 1459 1458 1501 1503
f 1458 1459 1463 1462
f 1521 1526 1527 1522
f 1485 1486 1491 1490
f 1485 1490 1531 1526
f 1503 1504 1505
f 1464 1459 1503 1505
f 1459 1464 1463
f 1544 1541 1497 1496
f 1493 1494 1539 1541
f 1517 1522 1523 1518
f 1497 1539 1540 1538
f 1498 1506 1507 1500
f 1460 1465 1506 1498
f 1460 1461 1466 1465
f 1526 1531 1532 1527
f 1532 1542 1543 1533
f 1491 1492 1544 1545
f 1484 1479 1520 1525
f 1500 1507 1508 1502
f 1461 1462 1467 1466
f 1502 1508 1509 1504
f 1462 1463 1468 1467
f 1489 1484 1525 1530
f 1490 1491 1545 1546
f 1504 1509 1510 1505
f 1463 1464 1469 1468
f 1534 1547 1540 1535
f 1469 1464 1505 1510
f 1490 1546 1548 1531
f 1506 1511 1512 1507
f 1465 1470 1511 1506
f 1465 1466 1471 1470
f 1495 1496 1537 1536
f 1483 1484 1489 1488
f 1533 1543 1547 1534
f 1478 1479 1484 1483
f 1507 1512 1513 1508
f 1466 1467 1472 1471
f 1508 1513 1514 1509
f 1467 1468 1473 1472
f 1546 1495 1536 1548
f 1531 1548 1542 1532
f 1509 1514 1515 1510
f 1468 1469 1474 1473
f 1519 1524 1525 1520
f 1474 1469 1510 1515
f 1494 1489 1530 1535
f 1511 1516 1517 1512
f 1470 1475 1516 1511
f 1470 1471 1476 1475
f 1524 1529 1530 1525
f 1486 1487 1492 1491
f 1487 1488 1493 1492
f 1529 1534 1535 1530
f 1512 1517 1518 1513
f 1471 1472 1477 1476
f 1513 1518 1519 1514
f 1472 1473 1478 1477
f 1477 1478 1483 1482
f 1488 1489 1494 1493
f 1514 1519 1520 1515
f 1473 1474 1479 1478
f 1492 1493 1541 1544
f 1479 1474 1515 1520
f 1496 1497 1538 1537
f 1516 1521 1522 1517
f 1475 1480 1521 1516
f 1475 1476 1481 1480
f 1528 1533 1534 1529
f 1482 1483 1488 1487
f 1518 1523 1524 1519
f 1539 1494 1535 1540
f 1541 1539 1497
f 1542 1536 1537 1543
f 1545 1544 1496 1495
f 1546 1545 1495
f 1547 1538 1540
f 1548 1536 1542
f 1543 1537 1538 1547
g Group36886
f 1549 1550 1551
f 1549 1551 1552
f 1549 1552 1553
f 1549 1553 1554
f 1549 1554 1555
f 1549 1555 1556
f 1549 1556 1557
f 1549 1557 1558
f 1549 1558 1559
f 1549 1559 1560
f 1549 1560 1561
f 1549 1561 1562
f 1549 1562 1563
f 1549 1563 1564
f 1549 1564 1565
f 1549 1565 1566
f 1549 1566 1567
f 1549 1567 1568
f 1549 1568 1569
f 1549 1569 1570
f 1549 1570 1571
f 1549 1571 1572
f 1549 1572 1573
f 1549 1573 1574
f 1549 1574 1575
f 1549 1575 1576
f 1549 1576 1577
f 1549 1577 1578
f 1549 1578 1579
f 1549 1579 1580
f 1549 1580 1581
f 1549 1581 1550
f 1550 1582 1583 1551
f 1551 1583 1584 1552
f 1552 1584 1585 1553
f 1553 1585 1586 1554
f 1554 1586 1587 1555
f 1555 1587 1588 1556
f 1556 1588 1589 1557
f 1557 1589 1590 1558
f 1558 1590 1591 1559
f 1559 1591 1592 1560
f 1560 1592 1593 1561
f 1561 1593 1594 1562
f 1562 1594 1595 1563
f 1563 1595 1596 1564
f 1564 1596 1597 1565
f 1565 1597 1598 1566
f 1566 1598 1599 1567
f 1567 1599 1600 1568
f 1568 1600 1601 1569
f 1569 1601 1602 1570
f 1570 1602 1603 1571
f 1571 1603 1604 1572
f 1572 1604 1605 1573
f 1573 1605 1606 1574
f 1574 1606 1607 1575
f 1575 1607 1608 1576
f 1576 1608 1609 1577
f 1577 1609 1610 1578
f 1578 1610 1611 1579
f 1579 1611 1612 1580
f 1580 1612 1613 1581
f 1581 1613 1582 1550
f 1582 1614 1615 1583
f 1583 1615 1616 1584
f 1584 1616 1617 1585
f 1585 1617 1618 1586
f 1586 1618 1619 1587
f 1587 1619 1620 1588
f 1588 1620 1621 1589
f 1589 1621 1622 1590
f 1590 1622 1623 1591
f 1591 1623 1624 1592
f 1592 1624 1625 1593
f 1593 1625 1626 1594
f 1594 1626 1627 1595
f 1595 1627 1628 1596
f 1596 1628 1629 1597
f 1597 1629 1630 1598
f 1598 1630 1631 1599
f 1599 1631 1632 1600
f 1600 1632 1633 1601
f 1601 1633 1634 1602
f 1602 1634 1635 1603
f 1603 1635 1636 1604
f 1604 1636 1637 1605
f 1605 1637 1638 1606
f 1606 1638 1639 1607
f 1607 1639 1640 1608
f 1608 1640 1641 1609
f 1609 1641 1642 1610
f 1610 1642 1643 1611
f 1611 1643 1644 1612
f 1612 1644 1645 1613
f 1613 1645 1614 1582
f 1614 1646 1647 1615
f 1615 1647 1648 1616
f 1616 1648 1649 1617
f 1617 1649 1650 1618
f 1618 1650 1651 1619
f 1619 1651 1652 1620
f 1620 1652 1653 1621
f 1621 1653 1654 1622
f 1622 1654 1655 1623
f 1623 1655 1656 1624
f 1624 1656 1657 1625
f 1625 1657 1658 1626
f 1626 1658 1659 1627
f 1627 1659 1660 1628
f 1628 1660 1661 1629
f 1629 1661 1662 1630
f 1630 1662 1663 1631
f 1631 1663 1664 1632
f 1632 1664 1665 1633
f 1633 1665 1666 1634
f 1634 1666 1667 1635
f 1635 1667 1668 1636
f 1636 1668 1669 1637
f 1637 1669 1670 1638
f 1638 1670 1671 1639
f 1639 1671 1672 1640
f 1640 1672 1673 1641
f 1641 1673 1674 1642
f 1642 1674 1675 1643
f 1643 1675 1676 1644
f 1644 1676 1677 1645
f 1645 1677 1646 1614
f 1646 1678 1679 1647
f 1647 1679 1680 1648
f 1648 1680 1681 1649
f 1649 1681 1682 1650
f 1650 1682 1683 1651
f 1651 1683 1684 1652
f 1652 1684 1685 1653
f 1653 1685 1686 1654
f 1654 1686 1687 1655
f 1655 1687 1688 1656
f 1656 1688 1689 1657
f 1657 1689 1690 1658
f 1658 1690 1691 1659
f 1659 1691 1692 1660
f 1660 1692 1693 1661
f 1661 1693 1694 1662
f 1662 1694 1695 1663
f 1663 1695 1696 1664
f 1664 1696 1697 1665
f 1665 1697 1698 1666
f 1666 1698 1699 1667
f 1667 1699 1700 1668
f 1668 1700 1701 1669
f 1669 1701 1702 1670
f 1670 1702 1703 1671
f 1671 1703 1704 1672
f 1672 1704 1705 1673
f 1673 1705 1706 1674
f 1674 1706 1707 1675
f 1675 1707 1708 1676
f 1676 1708 1709 1677
f 1677 1709 1678 1646
f 1678 1710 1711 1679
f 1679 1711 1712 1680
f 1680 1712 1713 1681
f 1681 1713 1714 1682
f 1682 1714 1715 1683
f 1683 1715 1716 1684
f 1684 1716 1717 1685
f 1685 1717 1718 1686
f 1686 1718 1719 1687
f 1687 1719 1720 1688
f 1688 1720 1721 1689
f 1689 1721 1722 1690
f 1690 1722 1723 1691
f 1691 1723 1724 1692
f 1692 1724 1725 1693
f 1693 1725 1726 1694
f 1694 1726 1727 1695
f 1695 1727 1728 1696
f 1696 1728 1729 1697
f 1697 1729 1730 1698
f 1698 1730 1731 1699
f 1699 1731 1732 1700
f 1700 1732 1733 1701
f 1701 1733 1734 1702
f 1702 1734 1735 1703
f 1703 1735 1736 1704
f 1704 1736 1737 1705
f 1705 1737 1738 1706
f 1706 1738 1739 1707
f 1707 1739 1740 1708
f 1708 1740 1741 1709
f 1709 1741 1710 1678
f 1710 1742 1743 1711
f 1711 1743 1744 1712
f 1712 1744 1745 1713
f 1713 1745 1746 1714
f 1714 1746 1747 1715
f 1715 1747 1748 1716
f 1716 1748 1749 1717
f 1717 1749 1750 1718
f 1718 1750 1751 1719
f 1719 1751 1752 1720
f 1720 1752 1753 1721
f 1721 1753 1754 1722
f 1722 1754 1755 1723
f 1723 1755 1756 1724
f 1724 1756 1757 1725
f 1725 1757 1758 1726
f 1726 1758 1759 1727
f 1727 1759 1760 1728
f 1728 1760 1761 1729
f 1729 1761 1762 1730
f 1730 1762 1763 1731
f 1731 1763 1764 1732
f 1732 1764 1765 1733
f 1733 1765 1766 1734
f 1734 1766 1767 1735
f 1735 1767 1768 1736
f 1736 1768 1769 1737
f 1737 1769 1770 1738
f 1738 1770 1771 1739
f 1739 1771 1772 1740
f 1740 1772 1773 1741
f 1741 1773 1742 1710
f 1742 1774 1775 1743
f 1743 1775 1776 1744
f 1744 1776 1777 1745
f 1745 1777 1778 1746
f 1746 1778 1779 1747
f 1747 1779 1780 1748
f 1748 1780 1781 1749
f 1749 1781 1782 1750
f 1750 1782 1783 1751
f 1751 1783 1784 1752
f 1752 1784 1785 1753
f 1753 1785 1786 1754
f 1754 1786 1787 1755
f 1755 1787 1788 1756
f 1756 1788 1789 1757
f 1757 1789 1790 1758
f 1758 1790 1791 1759
f 1759 1791 1792 1760
f 1760 1792 1793 1761
f 1761 1793 1794 1762
f 1762 1794 1795 1763
f 1763 1795 1796 1764
f 1764 1796 1797 1765
f 1765 1797 1798 1766
f 1766 1798 1799 1767
f 1767 1799 1800 1768
f 1768 1800 1801 1769
f 1769 1801 1802 1770
f 1770 1802 1803 1771
f 1771 1803 1804 1772
f 1772 1804 1805 1773
f 1773 1805 1774 1742
f 1774 1806 1807 1775
f 1775 1807 1808 1776
f 1776 1808 1809 1777
f 1777 1809 1810 1778
f 1778 1810 1811 1779
f 1779 1811 1812 1780
f 1780 1812 1813 1781
f 1781 1813 1814 1782
f 1782 1814 1815 1783
f 1783 1815 1816 1784
f 1784 1816 1817 1785
f 1785 1817 1818 1786
f 1786 1818 1819 1787
f 1787 1819 1820 1788
f 1788 1820 1821 1789
f 1789 1821 1822 1790
f 1790 1822 1823 1791
f 1791 1823 1824 1792
f 1792 1824 1825 1793
f 1793 1825 1826 1794
f 1794 1826 1827 1795
f 1795 1827 1828 1796
f 1796 1828 1829 1797
f 1797 1829 1830 1798
f 1798 1830 1831 1799
f 1799 1831 1832 1800
f 1800 1832 1833 1801
f 1801 1833 1834 1802
f 1802 1834 1835 1803
f 1803 1835 1836 1804
f 1804 1836 1837 1805
f 1805 1837 1806 1774
f 1806 1838 1839 1807
f 1807 1839 1840 1808
f 1808 1840 1841 1809
f 1809 1841 1842 1810
f 1810 1842 1843 1811
f 1811 1843 1844 1812
f 1812 1844 1845 1813
f 1813 1845 1846 1814
f 1814 1846 1847 1815
f 1815 1847 1848 1816
f 1816 1848 1849 1817
f 1817 1849 1850 1818
f 1818 1850 1851 1819
f 1819 1851 1852 1820
f 1820 1852 1853 1821
f 1821 1853 1854 1822
f 1822 1854 1855 1823
f 1823 1855 1856 1824
f 1824 1856 1857 1825
f 1825 1857 1858 1826
f 1826 1858 1859 1827
f 1827 1859 1860 1828
f 1828 1860 1861 1829
f 1829 1861 1862 1830
f 1830 1862 1863 1831
f 1831 1863 1864 1832
f 1832 1864 1865 1833
f 1833 1865 1866 1834
f 1834 1866 1867 1835
f 1835 1867 1868 1836
f 1836 1868 1869 1837
f 1837 1869 1838 1806
f 1838 1870 1871 1839
f 1839 1871 1872 1840
f 1840 1872 1873 1841
f 1841 1873 1874 1842
f 1842 1874 1875 1843
f 1843 1875 1876 1844
f 1844 1876 1877 1845
f 1845 1877 1878 1846
f 1846 1878 1879 1847
f 1847 1879 1880 1848
f 1848 1880 1881 1849
f 1849 1881 1882 1850
f 1850 1882 1883 1851
f 1851 1883 1884 1852
f 1852 1884 1885 1853
f 1853 1885 1886 1854
f 1854 1886 1887 1855
f 1855 1887 1888 1856
f 1856 1888 1889 1857
f 1857 1889 1890 1858
f 1858 1890 1891 1859
f 1859 1891 1892 1860
f 1860 1892 1893 1861
f 1861 1893 1894 1862
f 1862 1894 1895 1863
f 1863 1895 1896 1864
f 1864 1896 1897 1865
f 1865 1897 1898 1866
f 1866 1898 1899 1867
f 1867 1899 1900 1868
f 1868 1900 1901 1869
f 1869 1901 1870 1838
f 1870 1902 1903 1871
f 1871 1903 1904 1872
f 1872 1904 1905 1873
f 1873 1905 1906 1874
f 1874 1906 1907 1875
f 1875 1907 1908 1876
f 1876 1908 1909 1877
f 1877 1909 1910 1878
f 1878 1910 1911 1879
f 1879 1911 1912 1880
f 1880 1912 1913 1881
f 1881 1913 1914 1882
f 1882 1914 1915 1883
f 1883 1915 1916 1884
f 1884 1916 1917 1885
f 1885 1917 1918 1886
f 1886 1918 1919 1887
f 1887 1919 1920 1888
f 1888 1920 1921 1889
f 1889 1921 1922 1890
f 1890 1922 1923 1891
f 1891 1923 1924 1892
f 1892 1924 1925 1893
f 1893 1925 1926 1894
f 1894 1926 1927 1895
f 1895 1927 1928 1896
f 1896 1928 1929 1897
f 1897 1929 1930 1898
f 1898 1930 1931 1899
f 1899 1931 1932 1900
f 1900 1932 1933 1901
f 1901 1933 1902 1870
f 1902 1934 1935 1903
f 1903 1935 1936 1904
f 1904 1936 1937 1905
f 1905 1937 1938 1906
f 1906 1938 1939 1907
f 1907 1939 1940 1908
f 1908 1940 1941 1909
f 1909 1941 1942 1910
f 1910 1942 1943 1911
f 1911 1943 1944 1912
f 1912 1944 1945 1913
f 1913 1945 1946 1914
f 1914 1946 1947 1915
f 1915 1947 1948 1916
f 1916 1948 1949 1917
f 1917 1949 1950 1918
f 1918 1950 1951 1919
f 1919 1951 1952 1920
f 1920 1952 1953 1921
f 1921 1953 1954 1922
f 1922 1954 1955 1923
f 1923 1955 1956 1924
f 1924 1956 1957 1925
f 1925 1957 1958 1926
f 1926 1958 1959 1927
f 1927 1959 1960 1928
f 1928 1960 1961 1929
f 1929 1961 1962 1930
f 1930 1962 1963 1931
f 1931 1963 1964 1932
f 1932 1964 1965 1933
f 1933 1965 1934 1902
f 1934 1966 1967 1935
f 1935 1967 1968 1936
f 1936 1968 1969 1937
f 1937 1969 1970 1938
f 1938 1970 1971 1939
f 1939 1971 1972 1940
f 1940 1972 1973 1941
f 1941 1973 1974 1942
f 1942 1974 1975 1943
f 1943 1975 1976 1944
f 1944 1976 1977 1945
f 1945 1977 1978 1946
f 1946 1978 1979 1947
f 1947 1979 1980 1948
f 1948 1980 1981 1949
f 1949 1981 1982 1950
f 1950 1982 1983 1951
f 1951 1983 1984 1952
f 1952 1984 1985 1953
f 1953 1985 1986 1954
f 1954 1986 1987 1955
f 1955 1987 1988 1956
f 1956 1988 1989 1957
f 1957 1989 1990 1958
f 1958 1990 1991 1959
f 1959 1991 1992 1960
f 1960 1992 1993 1961
f 1961 1993 1994 1962
f 1962 1994 1995 1963
f 1963 1995 1996 1964
f 1964 1996 1997 1965
f 1965 1997 1966 1934
f 1966 1998 1999 1967
f 1967 1999 2000 1968
f 1968 2000 2001 1969
f 1969 2001 2002 1970
f 1970 2002 2003 1971
f 1971 2003 2004 1972
f 1972 2004 2005 1973
f 1973 2005 2006 1974
f 1974 2006 2007 1975
f 1975 2007 2008 1976
f 1976 2008 2009 1977
f 1977 2009 2010 1978
f 1978 2010 2011 1979
f 1979 2011 2012 1980
f 1980 2012 2013 1981
f 1981 2013 2014 1982
f 1982 2014 2015 1983
f 1983 2015 2016 1984
f 1984 2016 2017 1985
f 1985 2017 2018 1986
f 1986 2018 2019 1987
f 1987 2019 2020 1988
f 1988 2020 2021 1989
f 1989 2021 2022 1990
f 1990 2022 2023 1991
f 1991 2023 2024 1992
f 1992 2024 2025 1993
f 1993 2025 2026 1994
f 1994 2026 2027 1995
f 1995 2027 2028 1996
f 1996 2028 2029 1997
f 1997 2029 1998 1966
f 1998 2030 1999
f 1999 2030 2000
f 2000 2030 2001
f 2001 2030 2002
f 2002 2030 2003
f 2003 2030 2004
f 2004 2030 2005
f 2005 2030 2006
f 2006 2030 2007
f 2007 2030 2008
f 2008 2030 2009
f 2009 2030 2010
f 2010 2030 2011
f 2011 2030 2012
f 2012 2030 2013
f 2013 2030 2014
f 2014 2030 2015
f 2015 2030 2016
f 2016 2030 2017
f 2017 2030 2018
f 2018 2030 2019
f 2019 2030 2020
f 2020 2030 2021
f 2021 2030 2022
f 2022 2030 2023
f 2023 2030 2024
f 2024 2030 2025
f 2025 2030 2026
f 2026 2030 2027
f 2027 2030 2028
f 2028 2030 2029
f 2029 2030 1998
g Group46253
f 2081 2082 2034 2033
f 2082 2084 2036 2034
f 2084 2086 2038 2036
f 2088 2090 2042 2040
f 2058 2033 2031 2057
f 2090 2092 2044 2042
f 2056 2058 2057 2055
f 2092 2094 2046 2044
f 2054 2056 2055 2053
f 2094 2096 2048 2046
f 2096 2098 2050 2048
f 2098 2100 2052 2050
f 2050 2052 2051 2049
f 2048 2050 2049 2047
f 2046 2048 2047 2045
f 2102 2104 2056 2054
f 2044 2046 2045 2043
f 2104 2106 2058 2056
f 2042 2044 2043 2041
f 2106 2081 2033 2058
f 2062 2061 2060 2059
f 2064 2062 2059 2063
f 2066 2064 2063 2065
f 2068 2066 2065 2067
f 2075 2074 2069 2070
f 2076 2075 2070 2071
f 2077 2076 2071 2072
f 2078 2077 2072 2073
f 2057 2031 2063 2059
f 2031 2032 2065 2063
f 2032 2035 2067 2065
f 2035 2037 2068 2067
f 2039 2041 2078 2073
f 2041 2043 2077 2078
f 2043 2045 2076 2077
f 2045 2047 2075 2076
f 2047 2049 2074 2075
f 2049 2051 2069 2074
f 2053 2055 2060 2061
f 2055 2057 2059 2060
f 2082 2081 2080 2079
f 2084 2082 2079 2083
f 2086 2084 2083 2085
f 2090 2088 2087 2089
f 2092 2090 2089 2091
f 2094 2092 2091 2093
f 2096 2094 2093 2095
f 2098 2096 2095 2097
f 2100 2098 2097 2099
f 2104 2102 2101 2103
f 2106 2104 2103 2105
f 2081 2106 2105 2080
f 2107 2085 2083 2079
f 2108 2107 2079 2080
f 2109 2108 2080 2105
f 2101 2109 2105 2103
f 2091 2089 2087 2110
f 2093 2091 2110 2111
f 2095 2093 2111 2112
f 2097 2095 2112 2099
f 2033 2034 2032 2031
f 2034 2036 2035 2032
f 2036 2038 2037 2035
f 2040 2042 2041 2039
f 2086 2113 2114 2038
f 2115 2088 2040 2116
f 2117 2054 2053 2118
f 2052 2119 2120 2051
f 2100 2121 2119 2052
f 2122 2102 2054 2117
f 2123 2124 2061 2062
f 2125 2123 2062 2064
f 2126 2125 2064 2066
f 2127 2126 2066 2068
f 2070 2069 2128 2129
f 2071 2070 2129 2130
f 2072 2071 2130 2131
f 2073 2072 2131 2132
f 2037 2133 2127 2068
f 2134 2039 2073 2132
f 2051 2120 2128 2069
f 2118 2053 2061 2124
f 2113 2086 2085 2135
f 2088 2115 2136 2087
f 2121 2100 2099 2137
f 2102 2122 2138 2101
f 2139 2135 2085 2107
f 2140 2139 2107 2108
f 2141 2140 2108 2109
f 2138 2141 2109 2101
f 2110 2087 2136 2142
f 2111 2110 2142 2143
f 2112 2111 2143 2144
f 2099 2112 2144 2137
f 2038 2114 2133 2037
f 2116 2040 2039 2134
f 2114 2113 2115 2116
f 2119 2121 2122 2117
f 2136 2115 2113 2135
f 2138 2122 2121 2137
f 2137 2144 2141 2138
f 2135 2139 2142 2136
f 2139 2140 2143 2142
f 2140 2141 2144 2143
f 2116 2146 2145 2114
f 2127 2133 2114 2145
f 2134 2132 2146 2116
f 2117 2148 2147 2119
f 2128 2120 2119 2147
f 2118 2124 2148 2117
f 2148 2150 2149 2147
f 2129 2128 2147 2149
f 2124 2123 2150 2148
f 2152 2145 2146 2151
f 2132 2131 2151 2146
f 2126 2127 2145 2152
f 2150 2154 2153 2149
f 2130 2129 2149 2153
f 2123 2125 2154 2150
f 2154 2152 2151 2153
f 2131 2130 2153 2151
f 2125 2126 2152 2154
g Group8548
f 2205 2157 2158 2206
f 2206 2158 2160 2208
f 2208 2160 2162 2210
f 2212 2164 2166 2214
f 2182 2181 2155 2157
f 2214 2166 2168 2216
f 2180 2179 2181 2182
f 2216 2168 2170 2218
f 2178 2177 2179 2180
f 2218 2170 2172 2220
f 2220 2172 2174 2222
f 2222 2174 2176 2224
f 2174 2173 2175 2176
f 2172 2171 2173 2174
f 2170 2169 2171 2172
f 2226 2178 2180 2228
f 2168 2167 2169 2170
f 2228 2180 2182 2230
f 2166 2165 2167 2168
f 2230 2182 2157 2205
f 2186 2183 2184 2185
f 2188 2187 2183 2186
f 2190 2189 2187 2188
f 2192 2191 2189 2190
f 2199 2194 2193 2198
f 2200 2195 2194 2199
f 2201 2196 2195 2200
f 2202 2197 2196 2201
f 2181 2183 2187 2155
f 2155 2187 2189 2156
f 2156 2189 2191 2159
f 2159 2191 2192 2161
f 2163 2197 2202 2165
f 2165 2202 2201 2167
f 2167 2201 2200 2169
f 2169 2200 2199 2171
f 2171 2199 2198 2173
f 2173 2198 2193 2175
f 2177 2185 2184 2179
f 2179 2184 2183 2181
f 2206 2203 2204 2205
f 2208 2207 2203 2206
f 2210 2209 2207 2208
f 2214 2213 2211 2212
f 2216 2215 2213 2214
f 2218 2217 2215 2216
f 2220 2219 2217 2218
f 2222 2221 2219 2220
f 2224 2223 2221 2222
f 2228 2227 2225 2226
f 2230 2229 2227 2228
f 2205 2204 2229 2230
f 2231 2203 2207 2209
f 2232 2204 2203 2231
f 2233 2229 2204 2232
f 2225 2227 2229 2233
f 2215 2234 2211 2213
f 2217 2235 2234 2215
f 2219 2236 2235 2217
f 2221 2223 2236 2219
f 2157 2155 2156 2158
f 2158 2156 2159 2160
f 2160 2159 2161 2162
f 2164 2163 2165 2166
f 2210 2162 2238 2237
f 2239 2240 2164 2212
f 2241 2242 2177 2178
f 2176 2175 2244 2243
f 2224 2176 2243 2245
f 2246 2241 2178 2226
f 2247 2186 2185 2248
f 2249 2188 2186 2247
f 2250 2190 2188 2249
f 2251 2192 2190 2250
f 2194 2253 2252 2193
f 2195 2254 2253 2194
f 2196 2255 2254 2195
f 2197 2256 2255 2196
f 2161 2192 2251 2257
f 2258 2256 2197 2163
f 2175 2193 2252 2244
f 2242 2248 2185 2177
f 2237 2259 2209 2210
f 2212 2211 2260 2239
f 2245 2261 2223 2224
f 2226 2225 2262 2246
f 2263 2231 2209 2259
f 2264 2232 2231 2263
f 2265 2233 2232 2264
f 2262 2225 2233 2265
f 2234 2266 2260 2211
f 2235 2267 2266 2234
f 2236 2268 2267 2235
f 2223 2261 2268 2236
f 2162 2161 2257 2238
f 2240 2258 2163 2164
f 2238 2240 2239 2237
f 2243 2241 2246 2245
f 2260 2259 2237 2239
f 2262 2261 2245 2246
f 2261 2262 2265 2268
f 2259 2260 2266 2263
f 2263 2266 2267 2264
f 2264 2267 2268 2265
f 2240 2238 2269 2270
f 2251 2269 2238 2257
f 2258 2240 2270 2256
f 2241 2243 2271 2272
f 2252 2271 2243 2244
f 2242 2241 2272 2248
f 2272 2271 2273 2274
f 2253 2273 2271 2252
f 2248 2272 2274 2247
f 2276 2275 2270 2269
f 2256 2270 2275 2255
f 2250 2276 2269 2251
f 2274 2273 2277 2278
f 2254 2277 2273 2253
f 2247 2274 2278 2249
f 2278 2277 2275 2276
f 2255 2275 2277 2254
f 2249 2278 2276 2250
g Group6118
f 2329 2330 2282 2281
f 2330 2332 2284 2282
f 2332 2334 2286 2284
f 2336 2338 2290 2288
f 2306 2281 2279 2305
f 2338 2340 2292 2290
f 2304 2306 2305 2303
f 2340 2342 2294 2292
f 2302 2304 2303 2301
f 2342 2344 2296 2294
f 2344 2346 2298 2296
f 2346 2348 2300 2298
f 2298 2300 2299 2297
f 2296 2298 2297 2295
f 2294 2296 2295 2293
f 2350 2352 2304 2302
f 2292 2294 2293 2291
f 2352 2354 2306 2304
f 2290 2292 2291 2289
f 2354 2329 2281 2306
f 2310 2309 2308 2307
f 2312 2310 2307 2311
f 2314 2312 2311 2313
f 2316 2314 2313 2315
f 2323 2322 2317 2318
f 2324 2323 2318 2319
f 2325 2324 2319 2320
f 2326 2325 2320 2321
f 2305 2279 2311 2307
f 2279 2280 2313 2311
f 2280 2283 2315 2313
f 2283 2285 2316 2315
f 2287 2289 2326 2321
f 2289 2291 2325 2326
f 2291 2293 2324 2325
f 2293 2295 2323 2324
f 2295 2297 2322 2323
f 2297 2299 2317 2322
f 2301 2303 2308 2309
f 2303 2305 2307 2308
f 2330 2329 2328 2327
f 2332 2330 2327 2331
f 2334 2332 2331 2333
f 2338 2336 2335 2337
f 2340 2338 2337 2339
f 2342 2340 2339 2341
f 2344 2342 2341 2343
f 2346 2344 2343 2345
f 2348 2346 2345 2347
f 2352 2350 2349 2351
f 2354 2352 2351 2353
f 2329 2354 2353 2328
f 2355 2333 2331 2327
f 2356 2355 2327 2328
f 2357 2356 2328 2353
f 2349 2357 2353 2351
f 2339 2337 2335 2358
f 2341 2339 2358 2359
f 2343 2341 2359 2360
f 2345 2343 2360 2347
f 2281 2282 2280 2279
f 2282 2284 2283 2280
f 2284 2286 2285 2283
f 2288 2290 2289 2287
f 2334 2361 2362 2286
f 2363 2336 2288 2364
f 2365 2302 2301 2366
f 2300 2367 2368 2299
f 2348 2369 2367 2300
f 2370 2350 2302 2365
f 2371 2372 2309 2310
f 2373 2371 2310 2312
f 2374 2373 2312 2314
f 2375 2374 2314 2316
f 2318 2317 2376 2377
f 2319 2318 2377 2378
f 2320 2319 2378 2379
f 2321 2320 2379 2380
f 2285 2381 2375 2316
f 2382 2287 2321 2380
f 2299 2368 2376 2317
f 2366 2301 2309 2372
f 2361 2334 2333 2383
f 2336 2363 2384 2335
f 2369 2348 2347 2385
f 2350 2370 2386 2349
f 2387 2383 2333 2355
f 2388 2387 2355 2356
f 2389 2388 2356 2357
f 2386 2389 2357 2349
f 2358 2335 2384 2390
f 2359 2358 2390 2391
f 2360 2359 2391 2392
f 2347 2360 2392 2385
f 2286 2362 2381 2285
f 2364 2288 2287 2382
f 2362 2361 2363 2364
f 2367 2369 2370 2365
f 2384 2363 2361 2383
f 2386 2370 2369 2385
f 2385 2392 2389 2386
f 2383 2387 2390 2384
f 2387 2388 2391 2390
f 2388 2389 2392 2391
f 2364 2394 2393 2362
f 2375 2381 2362 2393
f 2382 2380 2394 2364
f 2365 2396 2395 2367
f 2376 2368 2367 2395
f 2366 2372 2396 2365
f 2396 2398 2397 2395
f 2377 2376 2395 2397
f 2372 2371 2398 2396
f 2400 2393 2394 2399
f 2380 2379 2399 2394
f 2374 2375 2393 2400
f 2398 2402 2401 2397
f 2378 2377 2397 2401
f 2371 2373 2402 2398
f 2402 2400 2399 2401
f 2379 2378 2401 2399
f 2373 2374 2400 2402
g Group42531
f 2453 2454 2406 2405
f 2454 2456 2408 2406
f 2456 2458 2410 2408
f 2460 2462 2414 2412
f 2430 2405 2403 2429
f 2462 2464 2416 2414
f 2428 2430 2429 2427
f 2464 2466 2418 2416
f 2426 2428 2427 2425
f 2466 2468 2420 2418
f 2468 2470 2422 2420
f 2470 2472 2424 2422
f 2422 2424 2423 2421
f 2420 2422 2421 2419
f 2418 2420 2419 2417
f 2474 2476 2428 2426
f 2416 2418 2417 2415
f 2476 2478 2430 2428
f 2414 2416 2415 2413
f 2478 2453 2405 2430
f 2434 2433 2432 2431
f 2436 2434 2431 2435
f 2438 2436 2435 2437
f 2440 2438 2437 2439
f 2447 2446 2441 2442
f 2448 2447 2442 2443
f 2449 2448 2443 2444
f 2450 2449 2444 2445
f 2429 2403 2435 2431
f 2403 2404 2437 2435
f 2404 2407 2439 2437
f 2407 2409 2440 2439
f 2411 2413 2450 2445
f 2413 2415 2449 2450
f 2415 2417 2448 2449
f 2417 2419 2447 2448
f 2419 2421 2446 2447
f 2421 2423 2441 2446
f 2425 2427 2432 2433
f 2427 2429 2431 2432
f 2454 2453 2452 2451
f 2456 2454 2451 2455
f 2458 2456 2455 2457
f 2462 2460 2459 2461
f 2464 2462 2461 2463
f 2466 2464 2463 2465
f 2468 2466 2465 2467
f 2470 2468 2467 2469
f 2472 2470 2469 2471
f 2476 2474 2473 2475
f 2478 2476 2475 2477
f 2453 2478 2477 2452
f 2479 2457 2455 2451
f 2480 2479 2451 2452
f 2481 2480 2452 2477
f 2473 2481 2477 2475
f 2463 2461 2459 2482
f 2465 2463 2482 2483
f 2467 2465 2483 2484
f 2469 2467 2484 2471
f 2405 2406 2404 2403
f 2406 2408 2407 2404
f 2408 2410 2409 2407
f 2412 2414 2413 2411
f 2458 2485 2486 2410
f 2487 2460 2412 2488
f 2489 2426 2425 2490
f 2424 2491 2492 2423
f 2472 2493 2491 2424
f 2494 2474 2426 2489
f 2495 2496 2433 2434
f 2497 2495 2434 2436
f 2498 2497 2436 2438
f 2499 2498 2438 2440
f 2442 2441 2500 2501
f 2443 2442 2501 2502
f 2444 2443 2502 2503
f 2445 2444 2503 2504
f 2409 2505 2499 2440
f 2506 2411 2445 2504
f 2423 2492 2500 2441
f 2490 2425 2433 2496
f 2485 2458 2457 2507
f 2460 2487 2508 2459
f 2493 2472 2471 2509
f 2474 2494 2510 2473
f 2511 2507 2457 2479
f 2512 2511 2479 2480
f 2513 2512 2480 2481
f 2510 2513 2481 2473
f 2482 2459 2508 2514
f 2483 2482 2514 2515
f 2484 2483 2515 2516
f 2471 2484 2516 2509
f 2410 2486 2505 2409
f 2488 2412 2411 2506
f 2486 2485 2487 2488
f 2491 2493 2494 2489
f 2508 2487 2485 2507
f 2510 2494 2493 2509
f 2509 2516 2513 2510
f 2507 2511 2514 2508
f 2511 2512 2515 2514
f 2512 2513 2516 2515
f 2488 2518 2517 2486
f 2499 2505 2486 2517
f 2506 2504 2518 2488
f 2489 2520 2519 2491
f 2500 2492 2491 2519
f 2490 2496 2520 2489
f 2520 2522 2521 2519
f 2501 2500 2519 2521
f 2496 2495 2522 2520
f 2524 2517 2518 2523
f 2504 2503 2523 2518
f 2498 2499 2517 2524
f 2522 2526 2525 2521
f 2502 2501 2521 2525
f 2495 2497 2526 2522
f 2526 2524 2523 2525
f 2503 2502 2525 2523
f 2497 2498 2524 2526
g Group44202
f 2577 2578 2530 2529
f 2578 2580 2532 2530
f 2580 2582 2534 2532
f 2584 2586 2538 2536
f 2554 2529 2527 2553
f 2586 2588 2540 2538
f 2552 2554 2553 2551
f 2588 2590 2542 2540
f 2550 2552 2551 2549
f 2590 2592 2544 2542
f 2592 2594 2546 2544
f 2594 2596 2548 2546
f 2546 2548 2547 2545
f 2544 2546 2545 2543
f 2542 2544 2543 2541
f 2598 2600 2552 2550
f 2540 2542 2541 2539
f 2600 2602 2554 2552
f 2538 2540 2539 2537
f 2602 2577 2529 2554
f 2558 2557 2556 2555
f 2560 2558 2555 2559
f 2562 2560 2559 2561
f 2564 2562 2561 2563
f 2571 2570 2565 2566
f 2572 2571 2566 2567
f 2573 2572 2567 2568
f 2574 2573 2568 2569
f 2553 2527 2559 2555
f 2527 2528 2561 2559
f 2528 2531 2563 2561
f 2531 2533 2564 2563
f 2535 2537 2574 2569
f 2537 2539 2573 2574
f 2539 2541 2572 2573
f 2541 2543 2571 2572
f 2543 2545 2570 2571
f 2545 2547 2565 2570
f 2549 2551 2556 2557
f 2551 2553 2555 2556
f 2578 2577 2576 2575
f 2580 2578 2575 2579
f 2582 2580 2579 2581
f 2586 2584 2583 2585
f 2588 2586 2585 2587
f 2590 2588 2587 2589
f 2592 2590 2589 2591
f 2594 2592 2591 2593
f 2596 2594 2593 2595
f 2600 2598 2597 2599
f 2602 2600 2599 2601
f 2577 2602 2601 2576
f 2603 2581 2579 2575
f 2604 2603 2575 2576
f 2605 2604 2576 2601
f 2597 2605 2601 2599
f 2587 2585 2583 2606
f 2589 2587 2606 2607
f 2591 2589 2607 2608
f 2593 2591 2608 2595
f 2529 2530 2528 2527
f 2530 2532 2531 2528
f 2532 2534 2533 2531
f 2536 2538 2537 2535
f 2582 2609 2610 2534
f 2611 2584 2536 2612
f 2613 2550 2549 2614
f 2548 2615 2616 2547
f 2596 2617 2615 2548
f 2618 2598 2550 2613
f 2619 2620 2557 2558
f 2621 2619 2558 2560
f 2622 2621 2560 2562
f 2623 2622 2562 2564
f 2566 2565 2624 2625
f 2567 2566 2625 2626
f 2568 2567 2626 2627
f 2569 2568 2627 2628
f 2533 2629 2623 2564
f 2630 2535 2569 2628
f 2547 2616 2624 2565
f 2614 2549 2557 2620
f 2609 2582 2581 2631
f 2584 2611 2632 2583
f 2617 2596 2595 2633
f 2598 2618 2634 2597
f 2635 2631 2581 2603
f 2636 2635 2603 2604
f 2637 2636 2604 2605
f 2634 2637 2605 2597
f 2606 2583 2632 2638
f 2607 2606 2638 2639
f 2608 2607 2639 2640
f 2595 2608 2640 2633
f 2534 2610 2629 2533
f 2612 2536 2535 2630
f 2610 2609 2611 2612
f 2615 2617 2618 2613
f 2632 2611 2609 2631
f 2634 2618 2617 2633
f 2633 2640 2637 2634
f 2631 2635 2638 2632
f 2635 2636 2639 2638
f 2636 2637 2640 2639
f 2612 2642 2641 2610
f 2623 2629 2610 2641
f 2630 2628 2642 2612
f 2613 2644 2643 2615
f 2624 2616 2615 2643
f 2614 2620 2644 2613
f 2644 2646 2645 2643
f 2625 2624 2643 2645
f 2620 2619 2646 2644
f 2648 2641 2642 2647
f 2628 2627 2647 2642
f 2622 2623 2641 2648
f 2646 2650 2649 2645
f 2626 2625 2645 2649
f 2619 2621 2650 2646
f 2650 2648 2647 2649
f 2627 2626 2649 2647
f 2621 2622 2648 2650
g Group25347
f 2701 2702 2654 2653
f 2702 2704 2656 2654
f 2704 2706 2658 2656
f 2708 2710 2662 2660
f 2678 2653 2651 2677
f 2710 2712 2664 2662
f 2676 2678 2677 2675
f 2712 2714 2666 2664
f 2674 2676 2675 2673
f 2714 2716 2668 2666
f 2716 2718 2670 2668
f 2718 2720 2672 2670
f 2670 2672 2671 2669
f 2668 2670 2669 2667
f 2666 2668 2667 2665
f 2722 2724 2676 2674
f 2664 2666 2665 2663
f 2724 2726 2678 2676
f 2662 2664 2663 2661
f 2726 2701 2653 2678
f 2682 2681 2680 2679
f 2684 2682 2679 2683
f 2686 2684 2683 2685
f 2688 2686 2685 2687
f 2695 2694 2689 2690
f 2696 2695 2690 2691
f 2697 2696 2691 2692
f 2698 2697 2692 2693
f 2677 2651 2683 2679
f 2651 2652 2685 2683
f 2652 2655 2687 2685
f 2655 2657 2688 2687
f 2659 2661 2698 2693
f 2661 2663 2697 2698
f 2663 2665 2696 2697
f 2665 2667 2695 2696
f 2667 2669 2694 2695
f 2669 2671 2689 2694
f 2673 2675 2680 2681
f 2675 2677 2679 2680
f 2702 2701 2700 2699
f 2704 2702 2699 2703
f 2706 2704 2703 2705
f 2710 2708 2707 2709
f 2712 2710 2709 2711
f 2714 2712 2711 2713
f 2716 2714 2713 2715
f 2718 2716 2715 2717
f 2720 2718 2717 2719
f 2724 2722 2721 2723
f 2726 2724 2723 2725
f 2701 2726 2725 2700
f 2727 2705 2703 2699
f 2728 2727 2699 2700
f 2729 2728 2700 2725
f 2721 2729 2725 2723
f 2711 2709 2707 2730
f 2713 2711 2730 2731
f 2715 2713 2731 2732
f 2717 2715 2732 2719
f 2653 2654 2652 2651
f 2654 2656 2655 2652
f 2656 2658 2657 2655
f 2660 2662 2661 2659
f 2706 2733 2734 2658
f 2735 2708 2660 2736
f 2737 2674 2673 2738
f 2672 2739 2740 2671
f 2720 2741 2739 2672
f 2742 2722 2674 2737
f 2743 2744 2681 2682
f 2745 2743 2682 2684
f 2746 2745 2684 2686
f 2747 2746 2686 2688
f 2690 2689 2748 2749
f 2691 2690 2749 2750
f 2692 2691 2750 2751
f 2693 2692 2751 2752
f 2657 2753 2747 2688
f 2754 2659 2693 2752
f 2671 2740 2748 2689
f 2738 2673 2681 2744
f 2733 2706 2705 2755
f 2708 2735 2756 2707
f 2741 2720 2719 2757
f 2722 2742 2758 2721
f 2759 2755 2705 2727
f 2760 2759 2727 2728
f 2761 2760 2728 2729
f 2758 2761 2729 2721
f 2730 2707 2756 2762
f 2731 2730 2762 2763
f 2732 2731 2763 2764
f 2719 2732 2764 2757
f 2658 2734 2753 2657
f 2736 2660 2659 2754
f 2734 2733 2735 2736
f 2739 2741 2742 2737
f 2756 2735 2733 2755
f 2758 2742 2741 2757
f 2757 2764 2761 2758
f 2755 2759 2762 2756
f 2759 2760 2763 2762
f 2760 2761 2764 2763
f 2736 2766 2765 2734
f 2747 2753 2734 2765
f 2754 2752 2766 2736
f 2737 2768 2767 2739
f 2748 2740 2739 2767
f 2738 2744 2768 2737
f 2768 2770 2769 2767
f 2749 2748 2767 2769
f 2744 2743 2770 2768
f 2772 2765 2766 2771
f 2752 2751 2771 2766
f 2746 2747 2765 2772
f 2770 2774 2773 2769
f 2750 2749 2769 2773
f 2743 2745 2774 2770
f 2774 2772 2771 2773
f 2751 2750 2773 2771
f 2745 2746 2772 2774
g Group38686
f 2826 2825 2824 2823
f 2791 2792 2825 2826
f 2791 2808 2807 2792
f 2825 2828 2827 2824
f 2792 2793 2828 2825
f 2792 2807 2809 2793
f 2828 2830 2829 2827
f 2793 2794 2830 2828
f 2793 2809 2810 2794
f 2830 2832 2831 2829
f 2794 2795 2832 2830
f 2794 2810 2811 2795
f 2832 2834 2833 2831
f 2795 2796 2834 2832
f 2795 2811 2812 2796
f 2834 2836 2835 2833
f 2796 2797 2836 2834
f 2796 2812 2813 2797
f 2836 2838 2837 2835
f 2797 2798 2838 2836
f 2797 2813 2814 2798
f 2838 2840 2839 2837
f 2798 2799 2840 2838
f 2798 2814 2815 2799
f 2840 2842 2841 2839
f 2799 2800 2842 2840
f 2799 2815 2816 2800
f 2842 2844 2843 2841
f 2800 2801 2844 2842
f 2800 2816 2817 2801
f 2844 2846 2845 2843
f 2801 2802 2846 2844
f 2801 2817 2818 2802
f 2846 2848 2847 2845
f 2802 2803 2848 2846
f 2802 2818 2819 2803
f 2848 2850 2849 2847
f 2803 2804 2850 2848
f 2803 2819 2820 2804
f 2850 2852 2851 2849
f 2804 2805 2852 2850
f 2804 2820 2821 2805
f 2852 2854 2853 2851
f 2805 2806 2854 2852
f 2805 2821 2822 2806
f 2854 2826 2823 2853
f 2806 2791 2826 2854
f 2806 2822 2808 2791
f 2823 2824 2856 2855
f 2776 2775 2855 2856
f 2808 2775 2776 2807
f 2824 2827 2857 2856
f 2777 2776 2856 2857
f 2807 2776 2777 2809
f 2827 2829 2858 2857
f 2778 2777 2857 2858
f 2809 2777 2778 2810
f 2829 2831 2859 2858
f 2779 2778 2858 2859
f 2810 2778 2779 2811
f 2831 2833 2860 2859
f 2780 2779 2859 2860
f 2811 2779 2780 2812
f 2833 2835 2861 2860
f 2781 2780 2860 2861
f 2812 2780 2781 2813
f 2835 2837 2862 2861
f 2813 2781 2782 2814
f 2837 2839 2863 2862
f 2814 2782 2783 2815
f 2839 2841 2864 2863
f 2815 2783 2784 2816
f 2841 2843 2865 2864
f 2816 2784 2785 2817
f 2843 2845 2866 2865
f 2786 2785 2865 2866
f 2817 2785 2786 2818
f 2845 2847 2867 2866
f 2787 2786 2866 2867
f 2818 2786 2787 2819
f 2847 2849 2868 2867
f 2788 2787 2867 2868
f 2819 2787 2788 2820
f 2849 2851 2869 2868
f 2789 2788 2868 2869
f 2820 2788 2789 2821
f 2851 2853 2870 2869
f 2790 2789 2869 2870
f 2821 2789 2790 2822
f 2853 2823 2855 2870
f 2775 2790 2870 2855
f 2822 2790 2775 2808
f 2922 2921 2920 2919
f 2887 2888 2921 2922
f 2887 2904 2903 2888
f 2921 2924 2923 2920
f 2888 2889 2924 2921
f 2888 2903 2905 2889
f 2924 2926 2925 2923
f 2889 2890 2926 2924
f 2889 2905 2906 2890
f 2926 2928 2927 2925
f 2890 2891 2928 2926
f 2890 2906 2907 2891
f 2928 2930 2929 2927
f 2891 2892 2930 2928
f 2891 2907 2908 2892
f 2930 2932 2931 2929
f 2892 2893 2932 2930
f 2892 2908 2909 2893
f 2932 2934 2933 2931
f 2893 2894 2934 2932
f 2893 2909 2910 2894
f 2934 2936 2935 2933
f 2894 2895 2936 2934
f 2894 2910 2911 2895
f 2936 2938 2937 2935
f 2895 2896 2938 2936
f 2895 2911 2912 2896
f 2938 2940 2939 2937
f 2896 2897 2940 2938
f 2896 2912 2913 2897
f 2940 2942 2941 2939
f 2897 2898 2942 2940
f 2897 2913 2914 2898
f 2942 2944 2943 2941
f 2898 2899 2944 2942
f 2898 2914 2915 2899
f 2944 2946 2945 2943
f 2899 2900 2946 2944
f 2899 2915 2916 2900
f 2946 2948 2947 2945
f 2900 2901 2948 2946
f 2900 2916 2917 2901
f 2948 2950 2949 2947
f 2901 2902 2950 2948
f 2901 2917 2918 2902
f 2950 2922 2919 2949
f 2902 2887 2922 2950
f 2902 2918 2904 2887
f 2919 2920 2952 2951
f 2872 2871 2951 2952
f 2904 2871 2872 2903
f 2920 2923 2953 2952
f 2873 2872 2952 2953
f 2903 2872 2873 2905
f 2923 2925 2954 2953
f 2874 2873 2953 2954
f 2905 2873 2874 2906
f 2925 2927 2955 2954
f 2875 2874 2954 2955
f 2906 2874 2875 2907
f 2927 2929 2956 2955
f 2876 2875 2955 2956
f 2907 2875 2876 2908
f 2929 2931 2957 2956
f 2877 2876 2956 2957
f 2908 2876 2877 2909
f 2931 2933 2958 2957
f 2909 2877 2878 2910
f 2933 2935 2959 2958
f 2910 2878 2879 2911
f 2935 2937 2960 2959
f 2911 2879 2880 2912
f 2937 2939 2961 2960
f 2912 2880 2881 2913
f 2939 2941 2962 2961
f 2882 2881 2961 2962
f 2913 2881 2882 2914
f 2941 2943 2963 2962
f 2883 2882 2962 2963
f 2914 2882 2883 2915
f 2943 2945 2964 2963
f 2884 2883 2963 2964
f 2915 2883 2884 2916
f 2945 2947 2965 2964
f 2885 2884 2964 2965
f 2916 2884 2885 2917
f 2947 2949 2966 2965
f 2886 2885 2965 2966
f 2917 2885 2886 2918
f 2949 2919 2951 2966
f 2871 2886 2966 2951
f 2918 2886 2871 2904
f 2970 2969 2968 2967
f 2861 2862 2967 2968
f 2781 2861 2968 2969
f 2782 2781 2969 2970
f 2972 2970 2967 2971
f 2862 2863 2971 2967
f 2783 2782 2970 2972
f 2974 2972 2971 2973
f 2863 2864 2973 2971
f 2784 2783 2972 2974
f 2976 2974 2973 2975
f 2865 2785 2976 2975
f 2864 2865 2975 2973
f 2785 2784 2974 2976
f 2980 2979 2978 2977
f 2957 2958 2977 2978
f 2877 2957 2978 2979
f 2878 2877 2979 2980
f 2982 2980 2977 2981
f 2958 2959 2981 2977
f 2879 2878 2980 2982
f 2984 2982 2981 2983
f 2959 2960 2983 2981
f 2880 2879 2982 2984
f 2986 2984 2983 2985
f 2961 2881 2986 2985
f 2960 2961 2985 2983
f 2881 2880 2984 2986
g Group5487
f 3038 3037 3036 3035
f 3003 3004 3037 3038
f 3003 3020 3019 3004
f 3037 3040 3039 3036
f 3004 3005 3040 3037
f 3004 3019 3021 3005
f 3040 3042 3041 3039
f 3005 3006 3042 3040
f 3005 3021 3022 3006
f 3042 3044 3043 3041
f 3006 3007 3044 3042
f 3006 3022 3023 3007
f 3044 3046 3045 3043
f 3007 3008 3046 3044
f 3007 3023 3024 3008
f 3046 3048 3047 3045
f 3008 3009 3048 3046
f 3008 3024 3025 3009
f 3048 3050 3049 3047
f 3009 3010 3050 3048
f 3009 3025 3026 3010
f 3050 3052 3051 3049
f 3010 3011 3052 3050
f 3010 3026 3027 3011
f 3052 3054 3053 3051
f 3011 3012 3054 3052
f 3011 3027 3028 3012
f 3054 3056 3055 3053
f 3012 3013 3056 3054
f 3012 3028 3029 3013
f 3056 3058 3057 3055
f 3013 3014 3058 3056
f 3013 3029 3030 3014
f 3058 3060 3059 3057
f 3014 3015 3060 3058
f 3014 3030 3031 3015
f 3060 3062 3061 3059
f 3015 3016 3062 3060
f 3015 3031 3032 3016
f 3062 3064 3063 3061
f 3016 3017 3064 3062
f 3016 3032 3033 3017
f 3064 3066 3065 3063
f 3017 3018 3066 3064
f 3017 3033 3034 3018
f 3066 3038 3035 3065
f 3018 3003 3038 3066
f 3018 3034 3020 3003
f 3035 3036 3068 3067
f 2988 2987 3067 3068
f 3020 2987 2988 3019
f 3036 3039 3069 3068
f 2989 2988 3068 3069
f 3019 2988 2989 3021
f 3039 3041 3070 3069
f 2990 2989 3069 3070
f 3021 2989 2990 3022
f 3041 3043 3071 3070
f 2991 2990 3070 3071
f 3022 2990 2991 3023
f 3043 3045 3072 3071
f 2992 2991 3071 3072
f 3023 2991 2992 3024
f 3045 3047 3073 3072
f 2993 2992 3072 3073
f 3024 2992 2993 3025
f 3047 3049 3074 3073
f 3025 2993 2994 3026
f 3049 3051 3075 3074
f 3026 2994 2995 3027
f 3051 3053 3076 3075
f 3027 2995 2996 3028
f 3053 3055 3077 3076
f 3028 2996 2997 3029
f 3055 3057 3078 3077
f 2998 2997 3077 3078
f 3029 2997 2998 3030
f 3057 3059 3079 3078
f 2999 2998 3078 3079
f 3030 2998 2999 3031
f 3059 3061 3080 3079
f 3000 2999 3079 3080
f 3031 2999 3000 3032
f 3061 3063 3081 3080
f 3001 3000 3080 3081
f 3032 3000 3001 3033
f 3063 3065 3082 3081
f 3002 3001 3081 3082
f 3033 3001 3002 3034
f 3065 3035 3067 3082
f 2987 3002 3082 3067
f 3034 3002 2987 3020
f 3134 3133 3132 3131
f 3099 3100 3133 3134
f 3099 3116 3115 3100
f 3133 3136 3135 3132
f 3100 3101 3136 3133
f 3100 3115 3117 3101
f 3136 3138 3137 3135
f 3101 3102 3138 3136
f 3101 3117 3118 3102
f 3138 3140 3139 3137
f 3102 3103 3140 3138
f 3102 3118 3119 3103
f 3140 3142 3141 3139
f 3103 3104 3142 3140
f 3103 3119 3120 3104
f 3142 3144 3143 3141
f 3104 3105 3144 3142
f 3104 3120 3121 3105
f 3144 3146 3145 3143
f 3105 3106 3146 3144
f 3105 3121 3122 3106
f 3146 3148 3147 3145
f 3106 3107 3148 3146
f 3106 3122 3123 3107
f 3148 3150 3149 3147
f 3107 3108 3150 3148
f 3107 3123 3124 3108
f 3150 3152 3151 3149
f 3108 3109 3152 3150
f 3108 3124 3125 3109
f 3152 3154 3153 3151
f 3109 3110 3154 3152
f 3109 3125 3126 3110
f 3154 3156 3155 3153
f 3110 3111 3156 3154
f 3110 3126 3127 3111
f 3156 3158 3157 3155
f 3111 3112 3158 3156
f 3111 3127 3128 3112
f 3158 3160 3159 3157
f 3112 3113 3160 3158
f 3112 3128 3129 3113
f 3160 3162 3161 3159
f 3113 3114 3162 3160
f 3113 3129 3130 3114
f 3162 3134 3131 3161
f 3114 3099 3134 3162
f 3114 3130 3116 3099
f 3131 3132 3164 3163
f 3084 3083 3163 3164
f 3116 3083 3084 3115
f 3132 3135 3165 3164
f 3085 3084 3164 3165
f 3115 3084 3085 3117
f 3135 3137 3166 3165
f 3086 3085 3165 3166
f 3117 3085 3086 3118
f 3137 3139 3167 3166
f 3087 3086 3166 3167
f 3118 3086 3087 3119
f 3139 3141 3168 3167
f 3088 3087 3167 3168
f 3119 3087 3088 3120
f 3141 3143 3169 3168
f 3089 3088 3168 3169
f 3120 3088 3089 3121
f 3143 3145 3170 3169
f 3121 3089 3090 3122
f 3145 3147 3171 3170
f 3122 3090 3091 3123
f 3147 3149 3172 3171
f 3123 3091 3092 3124
f 3149 3151 3173 3172
f 3124 3092 3093 3125
f 3151 3153 3174 3173
f 3094 3093 3173 3174
f 3125 3093 3094 3126
f 3153 3155 3175 3174
f 3095 3094 3174 3175
f 3126 3094 3095 3127
f 3155 3157 3176 3175
f 3096 3095 3175 3176
f 3127 3095 3096 3128
f 3157 3159 3177 3176
f 3097 3096 3176 3177
f 3128 3096 3097 3129
f 3159 3161 3178 3177
f 3098 3097 3177 3178
f 3129 3097 3098 3130
f 3161 3131 3163 3178
f 3083 3098 3178 3163
f 3130 3098 3083 3116
f 3230 3229 3228 3227
f 3195 3196 3229 3230
f 3195 3212 3211 3196
f 3229 3232 3231 3228
f 3196 3197 3232 3229
f 3196 3211 3213 3197
f 3232 3234 3233 3231
f 3197 3198 3234 3232
f 3197 3213 3214 3198
f 3234 3236 3235 3233
f 3198 3199 3236 3234
f 3198 3214 3215 3199
f 3236 3238 3237 3235
f 3199 3200 3238 3236
f 3199 3215 3216 3200
f 3238 3240 3239 3237
f 3200 3201 3240 3238
f 3200 3216 3217 3201
f 3240 3242 3241 3239
f 3201 3202 3242 3240
f 3201 3217 3218 3202
f 3242 3244 3243 3241
f 3202 3203 3244 3242
f 3202 3218 3219 3203
f 3244 3246 3245 3243
f 3203 3204 3246 3244
f 3203 3219 3220 3204
f 3246 3248 3247 3245
f 3204 3205 3248 3246
f 3204 3220 3221 3205
f 3248 3250 3249 3247
f 3205 3206 3250 3248
f 3205 3221 3222 3206
f 3250 3252 3251 3249
f 3206 3207 3252 3250
f 3206 3222 3223 3207
f 3252 3254 3253 3251
f 3207 3208 3254 3252
f 3207 3223 3224 3208
f 3254 3256 3255 3253
f 3208 3209 3256 3254
f 3208 3224 3225 3209
f 3256 3258 3257 3255
f 3209 3210 3258 3256
f 3209 3225 3226 3210
f 3258 3230 3227 3257
f 3210 3195 3230 3258
f 3210 3226 3212 3195
f 3227 3228 3260 3259
f 3180 3179 3259 3260
f 3212 3179 3180 3211
f 3228 3231 3261 3260
f 3181 3180 3260 3261
f 3211 3180 3181 3213
f 3231 3233 3262 3261
f 3182 3181 3261 3262
f 3213 3181 3182 3214
f 3233 3235 3263 3262
f 3183 3182 3262 3263
f 3214 3182 3183 3215
f 3235 3237 3264 3263
f 3184 3183 3263 3264
f 3215 3183 3184 3216
f 3237 3239 3265 3264
f 3185 3184 3264 3265
f 3216 3184 3185 3217
f 3239 3241 3266 3265
f 3217 3185 3186 3218
f 3241 3243 3267 3266
f 3218 3186 3187 3219
f 3243 3245 3268 3267
f 3219 3187 3188 3220
f 3245 3247 3269 3268
f 3220 3188 3189 3221
f 3247 3249 3270 3269
f 3190 3189 3269 3270
f 3221 3189 3190 3222
f 3249 3251 3271 3270
f 3191 3190 3270 3271
f 3222 3190 3191 3223
f 3251 3253 3272 3271
f 3192 3191 3271 3272
f 3223 3191 3192 3224
f 3253 3255 3273 3272
f 3193 3192 3272 3273
f 3224 3192 3193 3225
f 3255 3257 3274 3273
f 3194 3193 3273 3274
f 3225 3193 3194 3226
f 3257 3227 3259 3274
f 3179 3194 3274 3259
f 3226 3194 3179 3212
f 3278 3277 3276 3275
f 3073 3074 3275 3276
f 2993 3073 3276 3277
f 2994 2993 3277 3278
f 3280 3278 3275 3279
f 3074 3075 3279 3275
f 2995 2994 3278 3280
f 3282 3280 3279 3281
f 3075 3076 3281 3279
f 2996 2995 3280 3282
f 3284 3282 3281 3283
f 3077 2997 3284 3283
f 3076 3077 3283 3281
f 2997 2996 3282 3284
f 3288 3287 3286 3285
f 3169 3170 3285 3286
f 3089 3169 3286 3287
f 3090 3089 3287 3288
f 3290 3288 3285 3289
f 3170 3171 3289 3285
f 3091 3090 3288 3290
f 3292 3290 3289 3291
f 3171 3172 3291 3289
f 3092 3091 3290 3292
f 3294 3292 3291 3293
f 3173 3093 3294 3293
f 3172 3173 3293 3291
f 3093 3092 3292 3294
f 3298 3297 3296 3295
f 3265 3266 3295 3296
f 3185 3265 3296 3297
f 3186 3185 3297 3298
f 3300 3298 3295 3299
f 3266 3267 3299 3295
f 3187 3186 3298 3300
f 3302 3300 3299 3301
f 3267 3268 3301 3299
f 3188 3187 3300 3302
f 3304 3302 3301 3303
f 3269 3189 3304 3303
f 3268 3269 3303 3301
f 3189 3188 3302 3304
g Group21658
f 3346 3348 3347
f 3305 3308 3346 3347
f 3324 3325 3330 3329
f 3308 3305 3309
f 3375 3380 3381 3376
f 3370 3375 3376 3371
f 3329 3330 3335 3334
f 3371 3376 3377 3372
f 3328 3329 3334 3333
f 3328 3333 3374 3369
f 3347 3348 3350 3349
f 3306 3305 3347 3349
f 3305 3306 3310 3309
f 3349 3350 3352 3351
f 3307 3306 3349 3351
f 3306 3307 3311 3310
f 3369 3374 3375 3370
f 3333 3334 3339 3338
f 3333 3338 3379 3374
f 3351 3352 3353
f 3312 3307 3351 3353
f 3307 3312 3311
f 3392 3389 3345 3344
f 3341 3342 3387 3389
f 3365 3370 3371 3366
f 3345 3387 3388 3386
f 3346 3354 3355 3348
f 3308 3313 3354 3346
f 3308 3309 3314 3313
f 3374 3379 3380 3375
f 3380 3390 3391 3381
f 3339 3340 3392 3393
f 3332 3327 3368 3373
f 3348 3355 3356 3350
f 3309 3310 3315 3314
f 3350 3356 3357 3352
f 3310 3311 3316 3315
f 3337 3332 3373 3378
f 3338 3339 3393 3394
f 3352 3357 3358 3353
f 3311 3312 3317 3316
f 3382 3395 3388 3383
f 3317 3312 3353 3358
f 3338 3394 3396 3379
f 3354 3359 3360 3355
f 3313 3318 3359 3354
f 3313 3314 3319 3318
f 3343 3344 3385 3384
f 3331 3332 3337 3336
f 3381 3391 3395 3382
f 3326 3327 3332 3331
f 3355 3360 3361 3356
f 3314 3315 3320 3319
f 3356 3361 3362 3357
f 3315 3316 3321 3320
f 3394 3343 3384 3396
f 3379 3396 3390 3380
f 3357 3362 3363 3358
f 3316 3317 3322 3321
f 3367 3372 3373 3368
f 3322 3317 3358 3363
f 3342 3337 3378 3383
f 3359 3364 3365 3360
f 3318 3323 3364 3359
f 3318 3319 3324 3323
f 3372 3377 3378 3373
f 3334 3335 3340 3339
f 3335 3336 3341 3340
f 3377 3382 3383 3378
f 3360 3365 3366 3361
f 3319 3320 3325 3324
f 3361 3366 3367 3362
f 3320 3321 3326 3325
f 3325 3326 3331 3330
f 3336 3337 3342 3341
f 3362 3367 3368 3363
f 3321 3322 3327 3326
f 3340 3341 3389 3392
f 3327 3322 3363 3368
f 3344 3345 3386 3385
f 3364 3369 3370 3365
f 3323 3328 3369 3364
f 3323 3324 3329 3328
f 3376 3381 3382 3377
f 3330 3331 3336 3335
f 3366 3371 3372 3367
f 3387 3342 3383 3388
f 3389 3387 3345
f 3390 3384 3385 3391
f 3393 3392 3344 3343
f 3394 3393 3343
f 3395 3386 3388
f 3396 3384 3390
f 3391 3385 3386 3395
g Group30909
f 3438 3440 3439
f 3397 3400 3438 3439
f 3416 3417 3422 3421
f 3400 3397 3401
f 3467 3472 3473 3468
f 3462 3467 3468 3463
f 3421 3422 3427 3426
f 3463 3468 3469 3464
f 3420 3421 3426 3425
f 3420 3425 3466 3461
f 3439 3440 3442 3441
f 3398 3397 3439 3441
f 3397 3398 3402 3401
f 3441 3442 3444 3443
f 3399 3398 3441 3443
f 3398 3399 3403 3402
f 3461 3466 3467 3462
f 3425 3426 3431 3430
f 3425 3430 3471 3466
f 3443 3444 3445
f 3404 3399 3443 3445
f 3399 3404 3403
f 3484 3481 3437 3436
f 3433 3434 3479 3481
f 3457 3462 3463 3458
f 3437 3479 3480 3478
f 3438 3446 3447 3440
f 3400 3405 3446 3438
f 3400 3401 3406 3405
f 3466 3471 3472 3467
f 3472 3482 3483 3473
f 3431 3432 3484 3485
f 3424 3419 3460 3465
f 3440 3447 3448 3442
f 3401 3402 3407 3406
f 3442 3448 3449 3444
f 3402 3403 3408 3407
f 3429 3424 3465 3470
f 3430 3431 3485 3486
f 3444 3449 3450 3445
f 3403 3404 3409 3408
f 3474 3487 3480 3475
f 3409 3404 3445 3450
f 3430 3486 3488 3471
f 3446 3451 3452 3447
f 3405 3410 3451 3446
f 3405 3406 3411 3410
f 3435 3436 3477 3476
f 3423 3424 3429 3428
f 3473 3483 3487 3474
f 3418 3419 3424 3423
f 3447 3452 3453 3448
f 3406 3407 3412 3411
f 3448 3453 3454 3449
f 3407 3408 3413 3412
f 3486 3435 3476 3488
f 3471 3488 3482 3472
f 3449 3454 3455 3450
f 3408 3409 3414 3413
f 3459 3464 3465 3460
f 3414 3409 3450 3455
f 3434 3429 3470 3475
f 3451 3456 3457 3452
f 3410 3415 3456 3451
f 3410 3411 3416 3415
f 3464 3469 3470 3465
f 3426 3427 3432 3431
f 3427 3428 3433 3432
f 3469 3474 3475 3470
f 3452 3457 3458 3453
f 3411 3412 3417 3416
f 3453 3458 3459 3454
f 3412 3413 3418 3417
f 3417 3418 3423 3422
f 3428 3429 3434 3433
f 3454 3459 3460 3455
f 3413 3414 3419 3418
f 3432 3433 3481 3484
f 3419 3414 3455 3460
f 3436 3437 3478 3477
f 3456 3461 3462 3457
f 3415 3420 3461 3456
f 3415 3416 3421 3420
f 3468 3473 3474 3469
f 3422 3423 3428 3427
f 3458 3463 3464 3459
f 3479 3434 3475 3480
f 3481 3479 3437
f 3482 3476 3477 3483
f 3485 3484 3436 3435
f 3486 3485 3435
f 3487 3478 3480
f 3488 3476 3482
f 3483 3477 3478 3487
g Group36886
f 3489 3490 3491
f 3489 3491 3492
f 3489 3492 3493
f 3489 3493 3494
f 3489 3494 3495
f 3489 3495 3496
f 3489 3496 3497
f 3489 3497 3498
f 3489 3498 3499
f 3489 3499 3500
f 3489 3500 3501
f 3489 3501 3502
f 3489 3502 3503
f 3489 3503 3504
f 3489 3504 3505
f 3489 3505 3506
f 3489 3506 3507
f 3489 3507 3508
f 3489 3508 3509
f 3489 3509 3510
f 3489 3510 3511
f 3489 3511 3512
f 3489 3512 3513
f 3489 3513 3514
f 3489 3514 3515
f 3489 3515 3516
f 3489 3516 3517
f 3489 3517 3518
f 3489 3518 3519
f 3489 3519 3520
f 3489 3520 3521
f 3489 3521 3490
f 3490 3522 3523 3491
f 3491 3523 3524 3492
f 3492 3524 3525 3493
f 3493 3525 3526 3494
f 3494 3526 3527 3495
f 3495 3527 3528 3496
f 3496 3528 3529 3497
f 3497 3529 3530 3498
f 3498 3530 3531 3499
f 3499 3531 3532 3500
f 3500 3532 3533 3501
f 3501 3533 3534 3502
f 3502 3534 3535 3503
f 3503 3535 3536 3504
f 3504 3536 3537 3505
f 3505 3537 3538 3506
f 3506 3538 3539 3507
f 3507 3539 3540 3508
f 3508 3540 3541 3509
f 3509 3541 3542 3510
f 3510 3542 3543 3511
f 3511 3543 3544 3512
f 3512 3544 3545 3513
f 3513 3545 3546 3514
f 3514 3546 3547 3515
f 3515 3547 3548 3516
f 3516 3548 3549 3517
f 3517 3549 3550 3518
f 3518 3550 3551 3519
f 3519 3551 3552 3520
f 3520 3552 3553 3521
f 3521 3553 3522 3490
f 3522 3554 3555 3523
f 3523 3555 3556 3524
f 3524 3556 3557 3525
f 3525 3557 3558 3526
f 3526 3558 3559 3527
f 3527 3559 3560 3528
f 3528 3560 3561 3529
f 3529 3561 3562 3530
f 3530 3562 3563 3531
f 3531 3563 3564 3532
f 3532 3564 3565 3533
f 3533 3565 3566 3534
f 3534 3566 3567 3535
f 3535 3567 3568 3536
f 3536 3568 3569 3537
f 3537 3569 3570 3538
f 3538 3570 3571 3539
f 3539 3571 3572 3540
f 3540 3572 3573 3541
f 3541 3573 3574 3542
f 3542 3574 3575 3543
f 3543 3575 3576 3544
f 3544 3576 3577 3545
f 3545 3577 3578 3546
f 3546 3578 3579 3547
f 3547 3579 3580 3548
f 3548 3580 3581 3549
f 3549 3581 3582 3550
f 3550 3582 3583 3551
f 3551 3583 3584 3552
f 3552 3584 3585 3553
f 3553 3585 3554 3522
f 3554 3586 3587 3555
f 3555 3587 3588 3556
f 3556 3588 3589 3557
f 3557 3589 3590 3558
f 3558 3590 3591 3559
f 3559 3591 3592 3560
f 3560 3592 3593 3561
f 3561 3593 3594 3562
f 3562 3594 3595 3563
f 3563 3595 3596 3564
f 3564 3596 3597 3565
f 3565 3597 3598 3566
f 3566 3598 3599 3567
f 3567 3599 3600 3568
f 3568 3600 3601 3569
f 3569 3601 3602 3570
f 3570 3602 3603 3571
f 3571 3603 3604 3572
f 3572 3604 3605 3573
f 3573 3605 3606 3574
f 3574 3606 3607 3575
f 3575 3607 3608 3576
f 3576 3608 3609 3577
f 3577 3609 3610 3578
f 3578 3610 3611 3579
f 3579 3611 3612 3580
f 3580 3612 3613 3581
f 3581 3613 3614 3582
f 3582 3614 3615 3583
f 3583 3615 3616 3584
f 3584 3616 3617 3585
f 3585 3617 3586 3554
f 3586 3618 3619 3587
f 3587 3619 3620 3588
f 3588 3620 3621 3589
f 3589 3621 3622 3590
f 3590 3622 3623 3591
f 3591 3623 3624 3592
f 3592 3624 3625 3593
f 3593 3625 3626 3594
f 3594 3626 3627 3595
f 3595 3627 3628 3596
f 3596 3628 3629 3597
f 3597 3629 3630 3598
f 3598 3630 3631 3599
f 3599 3631 3632 3600
f 3600 3632 3633 3601
f 3601 3633 3634 3602
f 3602 3634 3635 3603
f 3603 3635 3636 3604
f 3604 3636 3637 3605
f 3605 3637 3638 3606
f 3606 3638 3639 3607
f 3607 3639 3640 3608
f 3608 3640 3641 3609
f 3609 3641 3642 3610
f 3610 3642 3643 3611
f 3611 3643 3644 3612
f 3612 3644 3645 3613
f 3613 3645 3646 3614
f 3614 3646 3647 3615
f 3615 3647 3648 3616
f 3616 3648 3649 3617
f 3617 3649 3618 3586
f 3618 3650 3651 3619
f 3619 3651 3652 3620
f 3620 3652 3653 3621
f 3621 3653 3654 3622
f 3622 3654 3655 3623
f 3623 3655 3656 3624
f 3624 3656 3657 3625
f 3625 3657 3658 3626
f 3626 3658 3659 3627
f 3627 3659 3660 3628
f 3628 3660 3661 3629
f 3629 3661 3662 3630
f 3630 3662 3663 3631
f 3631 3663 3664 3632
f 3632 3664 3665 3633
f 3633 3665 3666 3634
f 3634 3666 3667 3635
f 3635 3667 3668 3636
f 3636 3668 3669 3637
f 3637 3669 3670 3638
f 3638 3670 3671 3639
f 3639 3671 3672 3640
f 3640 3672 3673 3641
f 3641 3673 3674 3642
f 3642 3674 3675 3643
f 3643 3675 3676 3644
f 3644 3676 3677 3645
f 3645 3677 3678 3646
f 3646 3678 3679 3647
f 3647 3679 3680 3648
f 3648 3680 3681 3649
f 3649 3681 3650 3618
f 3650 3682 3683 3651
f 3651 3683 3684 3652
f 3652 3684 3685 3653
f 3653 3685 3686 3654
f 3654 3686 3687 3655
f 3655 3687 3688 3656
f 3656 3688 3689 3657
f 3657 3689 3690 3658
f 3658 3690 3691 3659
f 3659 3691 3692 3660
f 3660 3692 3693 3661
f 3661 3693 3694 3662
f 3662 3694 3695 3663
f 3663 3695 3696 3664
f 3664 3696 3697 3665
f 3665 3697 3698 3666
f 3666 3698 3699 3667
f 3667 3699 3700 3668
f 3668 3700 3701 3669
f 3669 3701 3702 3670
f 3670 3702 3703 3671
f 3671 3703 3704 3672
f 3672 3704 3705 3673
f 3673 3705 3706 3674
f 3674 3706 3707 3675
f 3675 3707 3708 3676
f 3676 3708 3709 3677
f 3677 3709 3710 3678
f 3678 3710 3711 3679
f 3679 3711 3712 3680
f 3680 3712 3713 3681
f 3681 3713 3682 3650
f 3682 3714 3715 3683
f 3683 3715 3716 3684
f 3684 3716 3717 3685
f 3685 3717 3718 3686
f 3686 3718 3719 3687
f 3687 3719 3720 3688
f 3688 3720 3721 3689
f 3689 3721 3722 3690
f 3690 3722 3723 3691
f 3691 3723 3724 3692
f 3692 3724 3725 3693
f 3693 3725 3726 3694
f 3694 3726 3727 3695
f 3695 3727 3728 3696
f 3696 3728 3729 3697
f 3697 3729 3730 3698
f 3698 3730 3731 3699
f 3699 3731 3732 3700
f 3700 3732 3733 3701
f 3701 3733 3734 3702
f 3702 3734 3735 3703
f 3703 3735 3736 3704
f 3704 3736 3737 3705
f 3705 3737 3738 3706
f 3706 3738 3739 3707
f 3707 3739 3740 3708
f 3708 3740 3741 3709
f 3709 3741 3742 3710
f 3710 3742 3743 3711
f 3711 3743 3744 3712
f 3712 3744 3745 3713
f 3713 3745 3714 3682
f 3714 3746 3747 3715
f 3715 3747 3748 3716
f 3716 3748 3749 3717
f 3717 3749 3750 3718
f 3718 3750 3751 3719
f 3719 3751 3752 3720
f 3720 3752 3753 3721
f 3721 3753 3754 3722
f 3722 3754 3755 3723
f 3723 3755 3756 3724
f 3724 3756 3757 3725
f 3725 3757 3758 3726
f 3726 3758 3759 3727
f 3727 3759 3760 3728
f 3728 3760 3761 3729
f 3729 3761 3762 3730
f 3730 3762 3763 3731
f 3731 3763 3764 3732
f 3732 3764 3765 3733
f 3733 3765 3766 3734
f 3734 3766 3767 3735
f 3735 3767 3768 3736
f 3736 3768 3769 3737
f 3737 3769 3770 3738
f 3738 3770 3771 3739
f 3739 3771 3772 3740
f 3740 3772 3773 3741
f 3741 3773 3774 3742
f 3742 3774 3775 3743
f 3743 3775 3776 3744
f 3744 3776 3777 3745
f 3745 3777 3746 3714
f 3746 3778 3779 3747
f 3747 3779 3780 3748
f 3748 3780 3781 3749
f 3749 3781 3782 3750
f 3750 3782 3783 3751
f 3751 3783 3784 3752
f 3752 3784 3785 3753
f 3753 3785 3786 3754
f 3754 3786 3787 3755
f 3755 3787 3788 3756
f 3756 3788 3789 3757
f 3757 3789 3790 3758
f 3758 3790 3791 3759
f 3759 3791 3792 3760
f 3760 3792 3793 3761
f 3761 3793 3794 3762
f 3762 3794 3795 3763
f 3763 3795 3796 3764
f 3764 3796 3797 3765
f 3765 3797 3798 3766
f 3766 3798 3799 3767
f 3767 3799 3800 3768
f 3768 3800 3801 3769
f 3769 3801 3802 3770
f 3770 3802 3803 3771
f 3771 3803 3804 3772
f 3772 3804 3805 3773
f 3773 3805 3806 3774
f 3774 3806 3807 3775
f 3775 3807 3808 3776
f 3776 3808 3809 3777
f 3777 3809 3778 3746
f 3778 3810 3811 3779
f 3779 3811 3812 3780
f 3780 3812 3813 3781
f 3781 3813 3814 3782
f 3782 3814 3815 3783
f 3783 3815 3816 3784
f 3784 3816 3817 3785
f 3785 3817 3818 3786
f 3786 3818 3819 3787
f 3787 3819 3820 3788
f 3788 3820 3821 3789
f 3789 3821 3822 3790
f 3790 3822 3823 3791
f 3791 3823 3824 3792
f 3792 3824 3825 3793
f 3793 3825 3826 3794
f 3794 3826 3827 3795
f 3795 3827 3828 3796
f 3796 3828 3829 3797
f 3797 3829 3830 3798
f 3798 3830 3831 3799
f 3799 3831 3832 3800
f 3800 3832 3833 3801
f 3801 3833 3834 3802
f 3802 3834 3835 3803
f 3803 3835 3836 3804
f 3804 3836 3837 3805
f 3805 3837 3838 3806
f 3806 3838 3839 3807
f 3807 3839 3840 3808
f 3808 3840 3841 3809
f 3809 3841 3810 3778
f 3810 3842 3843 3811
f 3811 3843 3844 3812
f 3812 3844 3845 3813
f 3813 3845 3846 3814
f 3814 3846 3847 3815
f 3815 3847 3848 3816
f 3816 3848 3849 3817
f 3817 3849 3850 3818
f 3818 3850 3851 3819
f 3819 3851 3852 3820
f 3820 3852 3853 3821
f 3821 3853 3854 3822
f 3822 3854 3855 3823
f 3823 3855 3856 3824
f 3824 3856 3857 3825
f 3825 3857 3858 3826
f 3826 3858 3859 3827
f 3827 3859 3860 3828
f 3828 3860 3861 3829
f 3829 3861 3862 3830
f 3830 3862 3863 3831
f 3831 3863 3864 3832
f 3832 3864 3865 3833
f 3833 3865 3866 3834
f 3834 3866 3867 3835
f 3835 3867 3868 3836
f 3836 3868 3869 3837
f 3837 3869 3870 3838
f 3838 3870 3871 3839
f 3839 3871 3872 3840
f 3840 3872 3873 3841
f 3841 3873 3842 3810
f 3842 3874 3875 3843
f 3843 3875 3876 3844
f 3844 3876 3877 3845
f 3845 3877 3878 3846
f 3846 3878 3879 3847
f 3847 3879 3880 3848
f 3848 3880 3881 3849
f 3849 3881 3882 3850
f 3850 3882 3883 3851
f 3851 3883 3884 3852
f 3852 3884 3885 3853
f 3853 3885 3886 3854
f 3854 3886 3887 3855
f 3855 3887 3888 3856
f 3856 3888 3889 3857
f 3857 3889 3890 3858
f 3858 3890 3891 3859
f 3859 3891 3892 3860
f 3860 3892 3893 3861
f 3861 3893 3894 3862
f 3862 3894 3895 3863
f 3863 3895 3896 3864
f 3864 3896 3897 3865
f 3865 3897 3898 3866
f 3866 3898 3899 3867
f 3867 3899 3900 3868
f 3868 3900 3901 3869
f 3869 3901 3902 3870
f 3870 3902 3903 3871
f 3871 3903 3904 3872
f 3872 3904 3905 3873
f 3873 3905 3874 3842
f 3874 3906 3907 3875
f 3875 3907 3908 3876
f 3876 3908 3909 3877
f 3877 3909 3910 3878
f 3878 3910 3911 3879
f 3879 3911 3912 3880
f 3880 3912 3913 3881
f 3881 3913 3914 3882
f 3882 3914 3915 3883
f 3883 3915 3916 3884
f 3884 3916 3917 3885
f 3885 3917 3918 3886
f 3886 3918 3919 3887
f 3887 3919 3920 3888
f 3888 3920 3921 3889
f 3889 3921 3922 3890
f 3890 3922 3923 3891
f 3891 3923 3924 3892
f 3892 3924 3925 3893
f 3893 3925 3926 3894
f 3894 3926 3927 3895
f 3895 3927 3928 3896
f 3896 3928 3929 3897
f 3897 3929 3930 3898
f 3898 3930 3931 3899
f 3899 3931 3932 3900
f 3900 3932 3933 3901
f 3901 3933 3934 3902
f 3902 3934 3935 3903
f 3903 3935 3936 3904
f 3904 3936 3937 3905
f 3905 3937 3906 3874
f 3906 3938 3939 3907
f 3907 3939 3940 3908
f 3908 3940 3941 3909
f 3909 3941 3942 3910
f 3910 3942 3943 3911
f 3911 3943 3944 3912
f 3912 3944 3945 3913
f 3913 3945 3946 3914
f 3914 3946 3947 3915
f 3915 3947 3948 3916
f 3916 3948 3949 3917
f 3917 3949 3950 3918
f 3918 3950 3951 3919
f 3919 3951 3952 3920
f 3920 3952 3953 3921
f 3921 3953 3954 3922
f 3922 3954 3955 3923
f 3923 3955 3956 3924
f 3924 3956 3957 3925
f 3925 3957 3958 3926
f 3926 3958 3959 3927
f 3927 3959 3960 3928
f 3928 3960 3961 3929
f 3929 3961 3962 3930
f 3930 3962 3963 3931
f 3931 3963 3964 3932
f 3932 3964 3965 3933
f 3933 3965 3966 3934
f 3934 3966 3967 3935
f 3935 3967 3968 3936
f 3936 3968 3969 3937
f 3937 3969 3938 3906
f 3938 3970 3939
f 3939 3970 3940
f 3940 3970 3941
f 3941 3970 3942
f 3942 3970 3943
f 3943 3970 3944
f 3944 3970 3945
f 3945 3970 3946
f 3946 3970 3947
f 3947 3970 3948
f 3948 3970 3949
f 3949 3970 3950
f 3950 3970 3951
f 3951 3970 3952
f 3952 3970 3953
f 3953 3970 3954
f 3954 3970 3955
f 3955 3970 3956
f 3956 3970 3957
f 3957 3970 3958
f 3958 3970 3959
f 3959 3970 3960
f 3960 3970 3961
f 3961 3970 3962
f 3962 3970 3963
f 3963 3970 3964
f 3964 3970 3965
f 3965 3970 3966
f 3966 3970 3967
f 3967 3970 3968
f 3968 3970 3969
f 3969 3970 3938
g Group46253
f 4021 4022 3974 3973
f 4022 4024 3976 3974
f 4024 4026 3978 3976
f 4028 4030 3982 3980
f 3998 3973 3971 3997
f 4030 4032 3984 3982
f 3996 3998 3997 3995
f 4032 4034 3986 3984
f 3994 3996 3995 3993
f 4034 4036 3988 3986
f 4036 4038 3990 3988
f 4038 4040 3992 3990
f 3990 3992 3991 3989
f 3988 3990 3989 3987
f 3986 3988 3987 3985
f 4042 4044 3996 3994
f 3984 3986 3985 3983
f 4044 4046 3998 3996
f 3982 3984 3983 3981
f 4046 4021 3973 3998
f 4002 4001 4000 3999
f 4004 4002 3999 4003
f 4006 4004 4003 4005
f 4008 4006 4005 4007
f 4015 4014 4009 4010
f 4016 4015 4010 4011
f 4017 4016 4011 4012
f 4018 4017 4012 4013
f 3997 3971 4003 3999
f 3971 3972 4005 4003
f 3972 3975 4007 4005
f 3975 3977 4008 4007
f 3979 3981 4018 4013
f 3981 3983 4017 4018
f 3983 3985 4016 4017
f 3985 3987 4015 4016
f 3987 3989 4014 4015
f 3989 3991 4009 4014
f 3993 3995 4000 4001
f 3995 3997 3999 4000
f 4022 4021 4020 4019
f 4024 4022 4019 4023
f 4026 4024 4023 4025
f 4030 4028 4027 4029
f 4032 4030 4029 4031
f 4034 4032 4031 4033
f 4036 4034 4033 4035
f 4038 4036 4035 4037
f 4040 4038 4037 4039
f 4044 4042 4041 4043
f 4046 4044 4043 4045
f 4021 4046 4045 4020
f 4047 4025 4023 4019
f 4048 4047 4019 4020
f 4049 4048 4020 4045
f 4041 4049 4045 4043
f 4031 4029 4027 4050
f 4033 4031 4050 4051
f 4035 4033 4051 4052
f 4037 4035 4052 4039
f 3973 3974 3972 3971
f 3974 3976 3975 3972
f 3976 3978 3977 3975
f 3980 3982 3981 3979
f 4026 4053 4054 3978
f 4055 4028 3980 4056
f 4057 3994 3993 4058
f 3992 4059 4060 3991
f 4040 4061 4059 3992
f 4062 4042 3994 4057
f 4063 4064 4001 4002
f 4065 4063 4002 4004
f 4066 4065 4004 4006
f 4067 4066 4006 4008
f 4010 4009 4068 4069
f 4011 4010 4069 4070
f 4012 4011 4070 4071
f 4013 4012 4071 4072
f 3977 4073 4067 4008
f 4074 3979 4013 4072
f 3991 4060 4068 4009
f 4058 3993 4001 4064
f 4053 4026 4025 4075
f 4028 4055 4076 4027
f 4061 4040 4039 4077
f 4042 4062 4078 4041
f 4079 4075 4025 4047
f 4080 4079 4047 4048
f 4081 4080 4048 4049
f 4078 4081 4049 4041
f 4050 4027 4076 4082
f 4051 4050 4082 4083
f 4052 4051 4083 4084
f 4039 4052 4084 4077
f 3978 4054 4073 3977
f 4056 3980 3979 4074
f 4054 4053 4055 4056
f 4059 4061 4062 4057
f 4076 4055 4053 4075
f 4078 4062 4061 4077
f 4077 4084 4081 4078
f 4075 4079 4082 4076
f 4079 4080 4083 4082
f 4080 4081 4084 4083
f 4056 4086 4085 4054
f 4067 4073 4054 4085
f 4074 4072 4086 4056
f 4057 4088 4087 4059
f 4068 4060 4059 4087
f 4058 4064 4088 4057
f 4088 4090 4089 4087
f 4069 4068 4087 4089
f 4064 4063 4090 4088
f 4092 4085 4086 4091
f 4072 4071 4091 4086
f 4066 4067 4085 4092
f 4090 4094 4093 4089
f 4070 4069 4089 4093
f 4063 4065 4094 4090
f 4094 4092 4091 4093
f 4071 4070 4093 4091
f 4065 4066 4092 4094
g Group8548
f 4145 4097 4098 4146
f 4146 4098 4100 4148
f 4148 4100 4102 4150
f 4152 4104 4106 4154
f 4122 4121 4095 4097
f 4154 4106 4108 4156
f 4120 4119 4121 4122
f 4156 4108 4110 4158
f 4118 4117 4119 4120
f 4158 4110 4112 4160
f 4160 4112 4114 4162
f 4162 4114 4116 4164
f 4114 4113 4115 4116
f 4112 4111 4113 4114
f 4110 4109 4111 4112
f 4166 4118 4120 4168
f 4108 4107 4109 4110
f 4168 4120 4122 4170
f 4106 4105 4107 4108
f 4170 4122 4097 4145
f 4126 4123 4124 4125
f 4128 4127 4123 4126
f 4130 4129 4127 4128
f 4132 4131 4129 4130
f 4139 4134 4133 4138
f 4140 4135 4134 4139
f 4141 4136 4135 4140
f 4142 4137 4136 4141
f 4121 4123 4127 4095
f 4095 4127 4129 4096
f 4096 4129 4131 4099
f 4099 4131 4132 4101
f 4103 4137 4142 4105
f 4105 4142 4141 4107
f 4107 4141 4140 4109
f 4109 4140 4139 4111
f 4111 4139 4138 4113
f 4113 4138 4133 4115
f 4117 4125 4124 4119
f 4119 4124 4123 4121
f 4146 4143 4144 4145
f 4148 4147 4143 4146
f 4150 4149 4147 4148
f 4154 4153 4151 4152
f 4156 4155 4153 4154
f 4158 4157 4155 4156
f 4160 4159 4157 4158
f 4162 4161 4159 4160
f 4164 4163 4161 4162
f 4168 4167 4165 4166
f 4170 4169 4167 4168
f 4145 4144 4169 4170
f 4171 4143 4147 4149
f 4172 4144 4143 4171
f 4173 4169 4144 4172
f 4165 4167 4169 4173
f 4155 4174 4151 4153
f 4157 4175 4174 4155
f 4159 4176 4175 4157
f 4161 4163 4176 4159
f 4097 4095 4096 4098
f 4098 4096 4099 4100
f 4100 4099 4101 4102
f 4104 4103 4105 4106
f 4150 4102 4178 4177
f 4179 4180 4104 4152
f 4181 4182 4117 4118
f 4116 4115 4184 4183
f 4164 4116 4183 4185
f 4186 4181 4118 4166
f 4187 4126 4125 4188
f 4189 4128 4126 4187
f 4190 4130 4128 4189
f 4191 4132 4130 4190
f 4134 4193 4192 4133
f 4135 4194 4193 4134
f 4136 4195 4194 4135
f 4137 4196 4195 4136
f 4101 4132 4191 4197
f 4198 4196 4137 4103
f 4115 4133 4192 4184
f 4182 4188 4125 4117
f 4177 4199 4149 4150
f 4152 4151 4200 4179
f 4185 4201 4163 4164
f 4166 4165 4202 4186
f 4203 4171 4149 4199
f 4204 4172 4171 4203
f 4205 4173 4172 4204
f 4202 4165 4173 4205
f 4174 4206 4200 4151
f 4175 4207 4206 4174
f 4176 4208 4207 4175
f 4163 4201 4208 4176
f 4102 4101 4197 4178
f 4180 4198 4103 4104
f 4178 4180 4179 4177
f 4183 4181 4186 4185
f 4200 4199 4177 4179
f 4202 4201 4185 4186
f 4201 4202 4205 4208
f 4199 4200 4206 4203
f 4203 4206 4207 4204
f 4204 4207 4208 4205
f 4180 4178 4209 4210
f 4191 4209 4178 4197
f 4198 4180 4210 4196
f 4181 4183 4211 4212
f 4192 4211 4183 4184
f 4182 4181 4212 4188
f 4212 4211 4213 4214
f 4193 4213 4211 4192
f 4188 4212 4214 4187
f 4216 4215 4210 4209
f 4196 4210 4215 4195
f 4190 4216 4209 4191
f 4214 4213 4217 4218
f 4194 4217 4213 4193
f 4187 4214 4218 4189
f 4218 4217 4215 4216
f 4195 4215 4217 4194
f 4189 4218 4216 4190
g Group6118
f 4269 4270 4222 4221
f 4270 4272 4224 4222
f 4272 4274 4226 4224
f 4276 4278 4230 4228
f 4246 4221 4219 4245
f 4278 4280 4232 4230
f 4244 4246 4245 4243
f 4280 4282 4234 4232
f 4242 4244 4243 4241
f 4282 4284 4236 4234
f 4284 4286 4238 4236
f 4286 4288 4240 4238
f 4238 4240 4239 4237
f 4236 4238 4237 4235
f 4234 4236 4235 4233
f 4290 4292 4244 4242
f 4232 4234 4233 4231
f 4292 4294 4246 4244
f 4230 4232 4231 4229
f 4294 4269 4221 4246
f 4250 4249 4248 4247
f 4252 4250 4247 4251
f 4254 4252 4251 4253
f 4256 4254 4253 4255
f 4263 4262 4257 4258
f 4264 4263 4258 4259
f 4265 4264 4259 4260
f 4266 4265 4260 4261
f 4245 4219 4251 4247
f 4219 4220 4253 4251
f 4220 4223 4255 4253
f 4223 4225 4256 4255
f 4227 4229 4266 4261
f 4229 4231 4265 4266
f 4231 4233 4264 4265
f 4233 4235 4263 4264
f 4235 4237 4262 4263
f 4237 4239 4257 4262
f 4241 4243 4248 4249
f 4243 4245 4247 4248
f 4270 4269 4268 4267
f 4272 4270 4267 4271
f 4274 4272 4271 4273
f 4278 4276 4275 4277
f 4280 4278 4277 4279
f 4282 4280 4279 4281
f 4284 4282 4281 4283
f 4286 4284 4283 4285
f 4288 4286 4285 4287
f 4292 4290 4289 4291
f 4294 4292 4291 4293
f 4269 4294 4293 4268
f 4295 4273 4271 4267
f 4296 4295 4267 4268
f 4297 4296 4268 4293
f 4289 4297 4293 4291
f 4279 4277 4275 4298
f 4281 4279 4298 4299
f 4283 4281 4299 4300
f 4285 4283 4300 4287
f 4221 4222 4220 4219
f 4222 4224 4223 4220
f 4224 4226 4225 4223
f 4228 4230 4229 4227
f 4274 4301 4302 4226
f 4303 4276 4228 4304
f 4305 4242 4241 4306
f 4240 4307 4308 4239
f 4288 4309 4307 4240
f 4310 4290 4242 4305
f 4311 4312 4249 4250
f 4313 4311 4250 4252
f 4314 4313 4252 4254
f 4315 4314 4254 4256
f 4258 4257 4316 4317
f 4259 4258 4317 4318
f 4260 4259 4318 4319
f 4261 4260 4319 4320
f 4225 4321 4315 4256
f 4322 4227 4261 4320
f 4239 4308 4316 4257
f 4306 4241 4249 4312
f 4301 4274 4273 4323
f 4276 4303 4324 4275
f 4309 4288 4287 4325
f 4290 4310 4326 4289
f 4327 4323 4273 4295
f 4328 4327 4295 4296
f 4329 4328 4296 4297
f 4326 4329 4297 4289
f 4298 4275 4324 4330
f 4299 4298 4330 4331
f 4300 4299 4331 4332
f 4287 4300 4332 4325
f 4226 4302 4321 4225
f 4304 4228 4227 4322
f 4302 4301 4303 4304
f 4307 4309 4310 4305
f 4324 4303 4301 4323
f 4326 4310 4309 4325
f 4325 4332 4329 4326
f 4323 4327 4330 4324
f 4327 4328 4331 4330
f 4328 4329 4332 4331
f 4304 4334 4333 4302
f 4315 4321 4302 4333
f 4322 4320 4334 4304
f 4305 4336 4335 4307
f 4316 4308 4307 4335
f 4306 4312 4336 4305
f 4336 4338 4337 4335
f 4317 4316 4335 4337
f 4312 4311 4338 4336
f 4340 4333 4334 4339
f 4320 4319 4339 4334
f 4314 4315 4333 4340
f 4338 4342 4341 4337
f 4318 4317 4337 4341
f 4311 4313 4342 4338
f 4342 4340 4339 4341
f 4319 4318 4341 4339
f 4313 4314 4340 4342
g Group42531
f 4393 4394 4346 4345
f 4394 4396 4348 4346
f 4396 4398 4350 4348
f 4400 4402 4354 4352
f 4370 4345 4343 4369
f 4402 4404 4356 4354
f 4368 4370 4369 4367
f 4404 4406 4358 4356
f 4366 4368 4367 4365
f 4406 4408 4360 4358
f 4408 4410 4362 4360
f 4410 4412 4364 4362
f 4362 4364 4363 4361
f 4360 4362 4361 4359
f 4358 4360 4359 4357
f 4414 4416 4368 4366
f 4356 4358 4357 4355
f 4416 4418 4370 4368
f 4354 4356 4355 4353
f 4418 4393 4345 4370
f 4374 4373 4372 4371
f 4376 4374 4371 4375
f 4378 4376 4375 4377
f 4380 4378 4377 4379
f 4387 4386 4381 4382
f 4388 4387 4382 4383
f 4389 4388 4383 4384
f 4390 4389 4384 4385
f 4369 4343 4375 4371
f 4343 4344 4377 4375
f 4344 4347 4379 4377
f 4347 4349 4380 4379
f 4351 4353 4390 4385
f 4353 4355 4389 4390
f 4355 4357 4388 4389
f 4357 4359 4387 4388
f 4359 4361 4386 4387
f 4361 4363 4381 4386
f 4365 4367 4372 4373
f 4367 4369 4371 4372
f 4394 4393 4392 4391
f 4396 4394 4391 4395
f 4398 4396 4395 4397
f 4402 4400 4399 4401
f 4404 4402 4401 4403
f 4406 4404 4403 4405
f 4408 4406 4405 4407
f 4410 4408 4407 4409
f 4412 4410 4409 4411
f 4416 4414 4413 4415
f 4418 4416 4415 4417
f 4393 4418 4417 4392
f 4419 4397 4395 4391
f 4420 4419 4391 4392
f 4421 4420 4392 4417
f 4413 4421 4417 4415
f 4403 4401 4399 4422
f 4405 4403 4422 4423
f 4407 4405 4423 4424
f 4409 4407 4424 4411
f 4345 4346 4344 4343
f 4346 4348 4347 4344
f 4348 4350 4349 4347
f 4352 4354 4353 4351
f 4398 4425 4426 4350
f 4427 4400 4352 4428
f 4429 4366 4365 4430
f 4364 4431 4432 4363
f 4412 4433 4431 4364
f 4434 4414 4366 4429
f 4435 4436 4373 4374
f 4437 4435 4374 4376
f 4438 4437 4376 4378
f 4439 4438 4378 4380
f 4382 4381 4440 4441
f 4383 4382 4441 4442
f 4384 4383 4442 4443
f 4385 4384 4443 4444
f 4349 4445 4439 4380
f 4446 4351 4385 4444
f 4363 4432 4440 4381
f 4430 4365 4373 4436
f 4425 4398 4397 4447
f 4400 4427 4448 4399
f 4433 4412 4411 4449
f 4414 4434 4450 4413
f 4451 4447 4397 4419
f 4452 4451 4419 4420
f 4453 4452 4420 4421
f 4450 4453 4421 4413
f 4422 4399 4448 4454
f 4423 4422 4454 4455
f 4424 4423 4455 4456
f 4411 4424 4456 4449
f 4350 4426 4445 4349
f 4428 4352 4351 4446
f 4426 4425 4427 4428
f 4431 4433 4434 4429
f 4448 4427 4425 4447
f 4450 4434 4433 4449
f 4449 4456 4453 4450
f 4447 4451 4454 4448
f 4451 4452 4455 4454
f 4452 4453 4456 4455
f 4428 4458 4457 4426
f 4439 4445 4426 4457
f 4446 4444 4458 4428
f 4429 4460 4459 4431
f 4440 4432 4431 4459
f 4430 4436 4460 4429
f 4460 4462 4461 4459
f 4441 4440 4459 4461
f 4436 4435 4462 4460
f 4464 4457 4458 4463
f 4444 4443 4463 4458
f 4438 4439 4457 4464
f 4462 4466 4465 4461
f 4442 4441 4461 4465
f 4435 4437 4466 4462
f 4466 4464 4463 4465
f 4443 4442 4465 4463
f 4437 4438 4464 4466
g Group44202
f 4517 4518 4470 4469
f 4518 4520 4472 4470
f 4520 4522 4474 4472
f 4524 4526 4478 4476
f 4494 4469 4467 4493
f 4526 4528 4480 4478
f 4492 4494 4493 4491
f 4528 4530 4482 4480
f 4490 4492 4491 4489
f 4530 4532 4484 4482
f 4532 4534 4486 4484
f 4534 4536 4488 4486
f 4486 4488 4487 4485
f 4484 4486 4485 4483
f 4482 4484 4483 4481
f 4538 4540 4492 4490
f 4480 4482 4481 4479
f 4540 4542 4494 4492
f 4478 4480 4479 4477
f 4542 4517 4469 4494
f 4498 4497 4496 4495
f 4500 4498 4495 4499
f 4502 4500 4499 4501
f 4504 4502 4501 4503
f 4511 4510 4505 4506
f 4512 4511 4506 4507
f 4513 4512 4507 4508
f 4514 4513 4508 4509
f 4493 4467 4499 4495
f 4467 4468 4501 4499
f 4468 4471 4503 4501
f 4471 4473 4504 4503
f 4475 4477 4514 4509
f 4477 4479 4513 4514
f 4479 4481 4512 4513
f 4481 4483 4511 4512
f 4483 4485 4510 4511
f 4485 4487 4505 4510
f 4489 4491 4496 4497
f 4491 4493 4495 4496
f 4518 4517 4516 4515
f 4520 4518 4515 4519
f 4522 4520 4519 4521
f 4526 4524 4523 4525
f 4528 4526 4525 4527
f 4530 4528 4527 4529
f 4532 4530 4529 4531
f 4534 4532 4531 4533
f 4536 4534 4533 4535
f 4540 4538 4537 4539
f 4542 4540 4539 4541
f 4517 4542 4541 4516
f 4543 4521 4519 4515
f 4544 4543 4515 4516
f 4545 4544 4516 4541
f 4537 4545 4541 4539
f 4527 4525 4523 4546
f 4529 4527 4546 4547
f 4531 4529 4547 4548
f 4533 4531 4548 4535
f 4469 4470 4468 4467
f 4470 4472 4471 4468
f 4472 4474 4473 4471
f 4476 4478 4477 4475
f 4522 4549 4550 4474
f 4551 4524 4476 4552
f 4553 4490 4489 4554
f 4488 4555 4556 4487
f 4536 4557 4555 4488
f 4558 4538 4490 4553
f 4559 4560 4497 4498
f 4561 4559 4498 4500
f 4562 4561 4500 4502
f 4563 4562 4502 4504
f 4506 4505 4564 4565
f 4507 4506 4565 4566
f 4508 4507 4566 4567
f 4509 4508 4567 4568
f 4473 4569 4563 4504
f 4570 4475 4509 4568
f 4487 4556 4564 4505
f 4554 4489 4497 4560
f 4549 4522 4521 4571
f 4524 4551 4572 4523
f 4557 4536 4535 4573
f 4538 4558 4574 4537
f 4575 4571 4521 4543
f 4576 4575 4543 4544
f 4577 4576 4544 4545
f 4574 4577 4545 4537
f 4546 4523 4572 4578
f 4547 4546 4578 4579
f 4548 4547 4579 4580
f 4535 4548 4580 4573
f 4474 4550 4569 4473
f 4552 4476 4475 4570
f 4550 4549 4551 4552
f 4555 4557 4558 4553
f 4572 4551 4549 4571
f 4574 4558 4557 4573
f 4573 4580 4577 4574
f 4571 4575 4578 4572
f 4575 4576 4579 4578
f 4576 4577 4580 4579
f 4552 4582 4581 4550
f 4563 4569 4550 4581
f 4570 4568 4582 4552
f 4553 4584 4583 4555
f 4564 4556 4555 4583
f 4554 4560 4584 4553
f 4584 4586 4585 4583
f 4565 4564 4583 4585
f 4560 4559 4586 4584
f 4588 4581 4582 4587
f 4568 4567 4587 4582
f 4562 4563 4581 4588
f 4586 4590 4589 4585
f 4566 4565 4585 4589
f 4559 4561 4590 4586
f 4590 4588 4587 4589
f 4567 4566 4589 4587
f 4561 4562 4588 4590
g Group25347
f 4641 4642 4594 4593
f 4642 4644 4596 4594
f 4644 4646 4598 4596
f 4648 4650 4602 4600
f 4618 4593 4591 4617
f 4650 4652 4604 4602
f 4616 4618 4617 4615
f 4652 4654 4606 4604
f 4614 4616 4615 4613
f 4654 4656 4608 4606
f 4656 4658 4610 4608
f 4658 4660 4612 4610
f 4610 4612 4611 4609
f 4608 4610 4609 4607
f 4606 4608 4607 4605
f 4662 4664 4616 4614
f 4604 4606 4605 4603
f 4664 4666 4618 4616
f 4602 4604 4603 4601
f 4666 4641 4593 4618
f 4622 4621 4620 4619
f 4624 4622 4619 4623
f 4626 4624 4623 4625
f 4628 4626 4625 4627
f 4635 4634 4629 4630
f 4636 4635 4630 4631
f 4637 4636 4631 4632
f 4638 4637 4632 4633
f 4617 4591 4623 4619
f 4591 4592 4625 4623
f 4592 4595 4627 4625
f 4595 4597 4628 4627
f 4599 4601 4638 4633
f 4601 4603 4637 4638
f 4603 4605 4636 4637
f 4605 4607 4635 4636
f 4607 4609 4634 4635
f 4609 4611 4629 4634
f 4613 4615 4620 4621
f 4615 4617 4619 4620
f 4642 4641 4640 4639
f 4644 4642 4639 4643
f 4646 4644 4643 4645
f 4650 4648 4647 4649
f 4652 4650 4649 4651
f 4654 4652 4651 4653
f 4656 4654 4653 4655
f 4658 4656 4655 4657
f 4660 4658 4657 4659
f 4664 4662 4661 4663
f 4666 4664 4663 4665
f 4641 4666 4665 4640
f 4667 4645 4643 4639
f 4668 4667 4639 4640
f 4669 4668 4640 4665
f 4661 4669 4665 4663
f 4651 4649 4647 4670
f 4653 4651 4670 4671
f 4655 4653 4671 4672
f 4657 4655 4672 4659
f 4593 4594 4592 4591
f 4594 4596 4595 4592
f 4596 4598 4597 4595
f 4600 4602 4601 4599
f 4646 4673 4674 4598
f 4675 4648 4600 4676
f 4677 4614 4613 4678
f 4612 4679 4680 4611
f 4660 4681 4679 4612
f 4682 4662 4614 4677
f 4683 4684 4621 4622
f 4685 4683 4622 4624
f 4686 4685 4624 4626
f 4687 4686 4626 4628
f 4630 4629 4688 4689
f 4631 4630 4689 4690
f 4632 4631 4690 4691
f 4633 4632 4691 4692
f 4597 4693 4687 4628
f 4694 4599 4633 4692
f 4611 4680 4688 4629
f 4678 4613 4621 4684
f 4673 4646 4645 4695
f 4648 4675 4696 4647
f 4681 4660 4659 4697
f 4662 4682 4698 4661
f 4699 4695 4645 4667
f 4700 4699 4667 4668
f 4701 4700 4668 4669
f 4698 4701 4669 4661
f 4670 4647 4696 4702
f 4671 4670 4702 4703
f 4672 4671 4703 4704
f 4659 4672 4704 4697
f 4598 4674 4693 4597
f 4676 4600 4599 4694
f 4674 4673 4675 4676
f 4679 4681 4682 4677
f 4696 4675 4673 4695
f 4698 4682 4681 4697
f 4697 4704 4701 4698
f 4695 4699 4702 4696
f 4699 4700 4703 4702
f 4700 4701 4704 4703
f 4676 4706 4705 4674
f 4687 4693 4674 4705
f 4694 4692 4706 4676
f 4677 4708 4707 4679
f 4688 4680 4679 4707
f 4678 4684 4708 4677
f 4708 4710 4709 4707
f 4689 4688 4707 4709
f 4684 4683 4710 4708
f 4712 4705 4706 4711
f 4692 4691 4711 4706
f 4686 4687 4705 4712
f 4710 4714 4713 4709
f 4690 4689 4709 4713
f 4683 4685 4714 4710
f 4714 4712 4711 4713
f 4691 4690 4713 4711
f 4685 4686 4712 4714
g Group33247
f 4799 4806 4787 4781
f 4806 4805 4788 4787
f 4786 4788 4805 4804
f 4784 4786 4804 4803
f 4729 4733 4723 4725
f 4731 4726 4724 4734
f 4730 4729 4725 4727
f 4719 4722 4730 4727
f 4732 4728 4726 4731
f 4718 4715 4728 4732
f 4803 4802 4785 4784
f 4778 4785 4802 4796
f 4739 4740 4720 4737
f 4743 4744 4745 4721
f 4782 4783 4801 4800
f 4789 4801 4783 4771
f 4743 4721 4720 4740
f 4751 4723 4752 4753
f 4757 4725 4723 4751
f 4759 4727 4725 4757
f 4735 4719 4727 4759
f 4730 4761 4762 4729
f 4722 4749 4761 4730
f 4729 4762 4765 4733
f 4733 4765 4767 4768
f 4733 4768 4752 4723
f 4798 4797 4780 4779
f 4779 4782 4800 4798
f 4738 4741 4739 4737
f 4740 4739 4741 4742
f 4745 4744 4747 4746
f 4744 4743 4748 4747
f 4774 4775 4795 4792
f 4797 4799 4781 4780
f 4742 4748 4743 4740
f 4755 4754 4751 4753
f 4753 4752 4756 4755
f 4754 4758 4757 4751
f 4758 4760 4759 4757
f 4735 4759 4760 4736
f 4750 4764 4761 4749
f 4762 4761 4764 4763
f 4763 4766 4765 4762
f 4766 4770 4767 4765
f 4768 4767 4770 4769
f 4752 4768 4769 4756
f 4793 4795 4775 4777
f 4773 4772 4716 4774
f 4775 4717 4776 4777
f 4791 4790 4772 4773
f 4775 4774 4716 4717
f 4779 4780 4781 4724
f 4782 4779 4724 4726
f 4783 4782 4726 4728
f 4715 4771 4783 4728
f 4732 4731 4784 4785
f 4778 4718 4732 4785
f 4731 4734 4786 4784
f 4734 4787 4788 4786
f 4734 4724 4781 4787
f 4773 4774 4792 4791
f 4790 4791 4741 4738
f 4791 4792 4742 4741
f 4793 4794 4746 4747
f 4795 4793 4747 4748
f 4777 4776 4794 4793
f 4792 4795 4748 4742
f 4797 4798 4754 4755
f 4799 4797 4755 4756
f 4798 4800 4758 4754
f 4800 4801 4760 4758
f 4789 4736 4760 4801
f 4802 4803 4763 4764
f 4750 4796 4802 4764
f 4803 4804 4766 4763
f 4805 4806 4769 4770
f 4804 4805 4770 4766
f 4806 4799 4756 4769
f 4789 4807 4808 4736
f 4807 4809 4810 4808
f 4809 4811 4812 4810
f 4811 4790 4738 4812
f 4720 4813 4814 4737
f 4813 4815 4816 4814
f 4815 4817 4818 4816
f 4817 4719 4735 4818
f 4745 4819 4820 4721
f 4819 4821 4822 4820
f 4821 4823 4824 4822
f 4823 4749 4722 4824
f 4772 4825 4826 4716
f 4825 4827 4828 4826
f 4827 4829 4830 4828
f 4829 4771 4715 4830
f 4776 4831 4832 4794
f 4831 4833 4834 4832
f 4833 4835 4836 4834
f 4835 4778 4796 4836
f 4716 4826 4837 4717
f 4826 4828 4838 4837
f 4828 4830 4839 4838
f 4830 4715 4718 4839
f 4736 4808 4818 4735
f 4808 4810 4816 4818
f 4810 4812 4814 4816
f 4812 4738 4737 4814
f 4794 4832 4840 4746
f 4832 4834 4841 4840
f 4834 4836 4842 4841
f 4836 4796 4750 4842
f 4790 4811 4825 4772
f 4811 4809 4827 4825
f 4809 4807 4829 4827
f 4807 4789 4771 4829
f 4721 4820 4813 4720
f 4820 4822 4815 4813
f 4822 4824 4817 4815
f 4824 4722 4719 4817
f 4746 4840 4819 4745
f 4840 4841 4821 4819
f 4841 4842 4823 4821
f 4842 4750 4749 4823
f 4717 4837 4831 4776
f 4837 4838 4833 4831
f 4838 4839 4835 4833
f 4839 4718 4778 4835
g Group20923
f 4894 4891 4892 4893
f 4859 4894 4893 4860
f 4859 4860 4875 4876
f 4893 4892 4895 4896
f 4860 4893 4896 4861
f 4860 4861 4877 4875
f 4896 4895 4897 4898
f 4861 4896 4898 4862
f 4861 4862 4878 4877
f 4898 4897 4899 4900
f 4862 4898 4900 4863
f 4862 4863 4879 4878
f 4900 4899 4901 4902
f 4863 4900 4902 4864
f 4863 4864 4880 4879
f 4902 4901 4903 4904
f 4864 4902 4904 4865
f 4864 4865 4881 4880
f 4904 4903 4905 4906
f 4865 4904 4906 4866
f 4865 4866 4882 4881
f 4906 4905 4907 4908
f 4866 4906 4908 4867
f 4866 4867 4883 4882
f 4908 4907 4909 4910
f 4867 4908 4910 4868
f 4867 4868 4884 4883
f 4910 4909 4911 4912
f 4868 4910 4912 4869
f 4868 4869 4885 4884
f 4912 4911 4913 4914
f 4869 4912 4914 4870
f 4869 4870 4886 4885
f 4914 4913 4915 4916
f 4870 4914 4916 4871
f 4870 4871 4887 4886
f 4916 4915 4917 4918
f 4871 4916 4918 4872
f 4871 4872 4888 4887
f 4918 4917 4919 4920
f 4872 4918 4920 4873
f 4872 4873 4889 4888
f 4920 4919 4921 4922
f 4873 4920 4922 4874
f 4873 4874 4890 4889
f 4922 4921 4891 4894
f 4874 4922 4894 4859
f 4874 4859 4876 4890
f 4891 4923 4924 4892
f 4844 4924 4923 4843
f 4876 4875 4844 4843
f 4892 4924 4925 4895
f 4845 4925 4924 4844
f 4875 4877 4845 4844
f 4895 4925 4926 4897
f 4846 4926 4925 4845
f 4877 4878 4846 4845
f 4897 4926 4927 4899
f 4847 4927 4926 4846
f 4878 4879 4847 4846
f 4899 4927 4928 4901
f 4848 4928 4927 4847
f 4879 4880 4848 4847
f 4901 4928 4929 4903
f 4849 4929 4928 4848
f 4880 4881 4849 4848
f 4903 4929 4930 4905
f 4881 4882 4850 4849
f 4905 4930 4931 4907
f 4882 4883 4851 4850
f 4907 4931 4932 4909
f 4883 4884 4852 4851
f 4909 4932 4933 4911
f 4884 4885 4853 4852
f 4911 4933 4934 4913
f 4854 4934 4933 4853
f 4885 4886 4854 4853
f 4913 4934 4935 4915
f 4855 4935 4934 4854
f 4886 4887 4855 4854
f 4915 4935 4936 4917
f 4856 4936 4935 4855
f 4887 4888 4856 4855
f 4917 4936 4937 4919
f 4857 4937 4936 4856
f 4888 4889 4857 4856
f 4919 4937 4938 4921
f 4858 4938 4937 4857
f 4889 4890 4858 4857
f 4921 4938 4923 4891
f 4843 4923 4938 4858
f 4890 4876 4843 4858
f 4990 4987 4988 4989
f 4955 4990 4989 4956
f 4955 4956 4971 4972
f 4989 4988 4991 4992
f 4956 4989 4992 4957
f 4956 4957 4973 4971
f 4992 4991 4993 4994
f 4957 4992 4994 4958
f 4957 4958 4974 4973
f 4994 4993 4995 4996
f 4958 4994 4996 4959
f 4958 4959 4975 4974
f 4996 4995 4997 4998
f 4959 4996 4998 4960
f 4959 4960 4976 4975
f 4998 4997 4999 5000
f 4960 4998 5000 4961
f 4960 4961 4977 4976
f 5000 4999 5001 5002
f 4961 5000 5002 4962
f 4961 4962 4978 4977
f 5002 5001 5003 5004
f 4962 5002 5004 4963
f 4962 4963 4979 4978
f 5004 5003 5005 5006
f 4963 5004 5006 4964
f 4963 4964 4980 4979
f 5006 5005 5007 5008
f 4964 5006 5008 4965
f 4964 4965 4981 4980
f 5008 5007 5009 5010
f 4965 5008 5010 4966
f 4965 4966 4982 4981
f 5010 5009 5011 5012
f 4966 5010 5012 4967
f 4966 4967 4983 4982
f 5012 5011 5013 5014
f 4967 5012 5014 4968
f 4967 4968 4984 4983
f 5014 5013 5015 5016
f 4968 5014 5016 4969
f 4968 4969 4985 4984
f 5016 5015 5017 5018
f 4969 5016 5018 4970
f 4969 4970 4986 4985
f 5018 5017 4987 4990
f 4970 5018 4990 4955
f 4970 4955 4972 4986
f 4987 5019 5020 4988
f 4940 5020 5019 4939
f 4972 4971 4940 4939
f 4988 5020 5021 4991
f 4941 5021 5020 4940
f 4971 4973 4941 4940
f 4991 5021 5022 4993
f 4942 5022 5021 4941
f 4973 4974 4942 4941
f 4993 5022 5023 4995
f 4943 5023 5022 4942
f 4974 4975 4943 4942
f 4995 5023 5024 4997
f 4944 5024 5023 4943
f 4975 4976 4944 4943
f 4997 5024 5025 4999
f 4945 5025 5024 4944
f 4976 4977 4945 4944
f 4999 5025 5026 5001
f 4977 4978 4946 4945
f 5001 5026 5027 5003
f 4978 4979 4947 4946
f 5003 5027 5028 5005
f 4979 4980 4948 4947
f 5005 5028 5029 5007
f 4980 4981 4949 4948
f 5007 5029 5030 5009
f 4950 5030 5029 4949
f 4981 4982 4950 4949
f 5009 5030 5031 5011
f 4951 5031 5030 4950
f 4982 4983 4951 4950
f 5011 5031 5032 5013
f 4952 5032 5031 4951
f 4983 4984 4952 4951
f 5013 5032 5033 5015
f 4953 5033 5032 4952
f 4984 4985 4953 4952
f 5015 5033 5034 5017
f 4954 5034 5033 4953
f 4985 4986 4954 4953
f 5017 5034 5019 4987
f 4939 5019 5034 4954
f 4986 4972 4939 4954
f 5038 5035 5036 5037
f 4929 5036 5035 4930
f 4849 5037 5036 4929
f 4850 5038 5037 4849
f 5040 5039 5035 5038
f 4930 5035 5039 4931
f 4851 5040 5038 4850
f 5042 5041 5039 5040
f 4931 5039 5041 4932
f 4852 5042 5040 4851
f 5044 5043 5041 5042
f 4933 5043 5044 4853
f 4932 5041 5043 4933
f 4853 5044 5042 4852
f 5048 5045 5046 5047
f 5025 5046 5045 5026
f 4945 5047 5046 5025
f 4946 5048 5047 4945
f 5050 5049 5045 5048
f 5026 5045 5049 5027
f 4947 5050 5048 4946
f 5052 5051 5049 5050
f 5027 5049 5051 5028
f 4948 5052 5050 4947
f 5054 5053 5051 5052
f 5029 5053 5054 4949
f 5028 5051 5053 5029
f 4949 5054 5052 4948
g Group53260
f 5106 5103 5104 5105
f 5071 5106 5105 5072
f 5071 5072 5087 5088
f 5105 5104 5107 5108
f 5072 5105 5108 5073
f 5072 5073 5089 5087
f 5108 5107 5109 5110
f 5073 5108 5110 5074
f 5073 5074 5090 5089
f 5110 5109 5111 5112
f 5074 5110 5112 5075
f 5074 5075 5091 5090
f 5112 5111 5113 5114
f 5075 5112 5114 5076
f 5075 5076 5092 5091
f 5114 5113 5115 5116
f 5076 5114 5116 5077
f 5076 5077 5093 5092
f 5116 5115 5117 5118
f 5077 5116 5118 5078
f 5077 5078 5094 5093
f 5118 5117 5119 5120
f 5078 5118 5120 5079
f 5078 5079 5095 5094
f 5120 5119 5121 5122
f 5079 5120 5122 5080
f 5079 5080 5096 5095
f 5122 5121 5123 5124
f 5080 5122 5124 5081
f 5080 5081 5097 5096
f 5124 5123 5125 5126
f 5081 5124 5126 5082
f 5081 5082 5098 5097
f 5126 5125 5127 5128
f 5082 5126 5128 5083
f 5082 5083 5099 5098
f 5128 5127 5129 5130
f 5083 5128 5130 5084
f 5083 5084 5100 5099
f 5130 5129 5131 5132
f 5084 5130 5132 5085
f 5084 5085 5101 5100
f 5132 5131 5133 5134
f 5085 5132 5134 5086
f 5085 5086 5102 5101
f 5134 5133 5103 5106
f 5086 5134 5106 5071
f 5086 5071 5088 5102
f 5103 5135 5136 5104
f 5056 5136 5135 5055
f 5088 5087 5056 5055
f 5104 5136 5137 5107
f 5057 5137 5136 5056
f 5087 5089 5057 5056
f 5107 5137 5138 5109
f 5058 5138 5137 5057
f 5089 5090 5058 5057
f 5109 5138 5139 5111
f 5059 5139 5138 5058
f 5090 5091 5059 5058
f 5111 5139 5140 5113
f 5060 5140 5139 5059
f 5091 5092 5060 5059
f 5113 5140 5141 5115
f 5061 5141 5140 5060
f 5092 5093 5061 5060
f 5115 5141 5142 5117
f 5093 5094 5062 5061
f 5117 5142 5143 5119
f 5094 5095 5063 5062
f 5119 5143 5144 5121
f 5095 5096 5064 5063
f 5121 5144 5145 5123
f 5096 5097 5065 5064
f 5123 5145 5146 5125
f 5066 5146 5145 5065
f 5097 5098 5066 5065
f 5125 5146 5147 5127
f 5067 5147 5146 5066
f 5098 5099 5067 5066
f 5127 5147 5148 5129
f 5068 5148 5147 5067
f 5099 5100 5068 5067
f 5129 5148 5149 5131
f 5069 5149 5148 5068
f 5100 5101 5069 5068
f 5131 5149 5150 5133
f 5070 5150 5149 5069
f 5101 5102 5070 5069
f 5133 5150 5135 5103
f 5055 5135 5150 5070
f 5102 5088 5055 5070
f 5202 5199 5200 5201
f 5167 5202 5201 5168
f 5167 5168 5183 5184
f 5201 5200 5203 5204
f 5168 5201 5204 5169
f 5168 5169 5185 5183
f 5204 5203 5205 5206
f 5169 5204 5206 5170
f 5169 5170 5186 5185
f 5206 5205 5207 5208
f 5170 5206 5208 5171
f 5170 5171 5187 5186
f 5208 5207 5209 5210
f 5171 5208 5210 5172
f 5171 5172 5188 5187
f 5210 5209 5211 5212
f 5172 5210 5212 5173
f 5172 5173 5189 5188
f 5212 5211 5213 5214
f 5173 5212 5214 5174
f 5173 5174 5190 5189
f 5214 5213 5215 5216
f 5174 5214 5216 5175
f 5174 5175 5191 5190
f 5216 5215 5217 5218
f 5175 5216 5218 5176
f 5175 5176 5192 5191
f 5218 5217 5219 5220
f 5176 5218 5220 5177
f 5176 5177 5193 5192
f 5220 5219 5221 5222
f 5177 5220 5222 5178
f 5177 5178 5194 5193
f 5222 5221 5223 5224
f 5178 5222 5224 5179
f 5178 5179 5195 5194
f 5224 5223 5225 5226
f 5179 5224 5226 5180
f 5179 5180 5196 5195
f 5226 5225 5227 5228
f 5180 5226 5228 5181
f 5180 5181 5197 5196
f 5228 5227 5229 5230
f 5181 5228 5230 5182
f 5181 5182 5198 5197
f 5230 5229 5199 5202
f 5182 5230 5202 5167
f 5182 5167 5184 5198
f 5199 5231 5232 5200
f 5152 5232 5231 5151
f 5184 5183 5152 5151
f 5200 5232 5233 5203
f 5153 5233 5232 5152
f 5183 5185 5153 5152
f 5203 5233 5234 5205
f 5154 5234 5233 5153
f 5185 5186 5154 5153
f 5205 5234 5235 5207
f 5155 5235 5234 5154
f 5186 5187 5155 5154
f 5207 5235 5236 5209
f 5156 5236 5235 5155
f 5187 5188 5156 5155
f 5209 5236 5237 5211
f 5157 5237 5236 5156
f 5188 5189 5157 5156
f 5211 5237 5238 5213
f 5189 5190 5158 5157
f 5213 5238 5239 5215
f 5190 5191 5159 5158
f 5215 5239 5240 5217
f 5191 5192 5160 5159
f 5217 5240 5241 5219
f 5192 5193 5161 5160
f 5219 5241 5242 5221
f 5162 5242 5241 5161
f 5193 5194 5162 5161
f 5221 5242 5243 5223
f 5163 5243 5242 5162
f 5194 5195 5163 5162
f 5223 5243 5244 5225
f 5164 5244 5243 5163
f 5195 5196 5164 5163
f 5225 5244 5245 5227
f 5165 5245 5244 5164
f 5196 5197 5165 5164
f 5227 5245 5246 5229
f 5166 5246 5245 5165
f 5197 5198 5166 5165
f 5229 5246 5231 5199
f 5151 5231 5246 5166
f 5198 5184 5151 5166
f 5298 5295 5296 5297
f 5263 5298 5297 5264
f 5263 5264 5279 5280
f 5297 5296 5299 5300
f 5264 5297 5300 5265
f 5264 5265 5281 5279
f 5300 5299 5301 5302
f 5265 5300 5302 5266
f 5265 5266 5282 5281
f 5302 5301 5303 5304
f 5266 5302 5304 5267
f 5266 5267 5283 5282
f 5304 5303 5305 5306
f 5267 5304 5306 5268
f 5267 5268 5284 5283
f 5306 5305 5307 5308
f 5268 5306 5308 5269
f 5268 5269 5285 5284
f 5308 5307 5309 5310
f 5269 5308 5310 5270
f 5269 5270 5286 5285
f 5310 5309 5311 5312
f 5270 5310 5312 5271
f 5270 5271 5287 5286
f 5312 5311 5313 5314
f 5271 5312 5314 5272
f 5271 5272 5288 5287
f 5314 5313 5315 5316
f 5272 5314 5316 5273
f 5272 5273 5289 5288
f 5316 5315 5317 5318
f 5273 5316 5318 5274
f 5273 5274 5290 5289
f 5318 5317 5319 5320
f 5274 5318 5320 5275
f 5274 5275 5291 5290
f 5320 5319 5321 5322
f 5275 5320 5322 5276
f 5275 5276 5292 5291
f 5322 5321 5323 5324
f 5276 5322 5324 5277
f 5276 5277 5293 5292
f 5324 5323 5325 5326
f 5277 5324 5326 5278
f 5277 5278 5294 5293
f 5326 5325 5295 5298
f 5278 5326 5298 5263
f 5278 5263 5280 5294
f 5295 5327 5328 5296
f 5248 5328 5327 5247
f 5280 5279 5248 5247
f 5296 5328 5329 5299
f 5249 5329 5328 5248
f 5279 5281 5249 5248
f 5299 5329 5330 5301
f 5250 5330 5329 5249
f 5281 5282 5250 5249
f 5301 5330 5331 5303
f 5251 5331 5330 5250
f 5282 5283 5251 5250
f 5303 5331 5332 5305
f 5252 5332 5331 5251
f 5283 5284 5252 5251
f 5305 5332 5333 5307
f 5253 5333 5332 5252
f 5284 5285 5253 5252
f 5307 5333 5334 5309
f 5285 5286 5254 5253
f 5309 5334 5335 5311
f 5286 5287 5255 5254
f 5311 5335 5336 5313
f 5287 5288 5256 5255
f 5313 5336 5337 5315
f 5288 5289 5257 5256
f 5315 5337 5338 5317
f 5258 5338 5337 5257
f 5289 5290 5258 5257
f 5317 5338 5339 5319
f 5259 5339 5338 5258
f 5290 5291 5259 5258
f 5319 5339 5340 5321
f 5260 5340 5339 5259
f 5291 5292 5260 5259
f 5321 5340 5341 5323
f 5261 5341 5340 5260
f 5292 5293 5261 5260
f 5323 5341 5342 5325
f 5262 5342 5341 5261
f 5293 5294 5262 5261
f 5325 5342 5327 5295
f 5247 5327 5342 5262
f 5294 5280 5247 5262
f 5346 5343 5344 5345
f 5141 5344 5343 5142
f 5061 5345 5344 5141
f 5062 5346 5345 5061
f 5348 5347 5343 5346
f 5142 5343 5347 5143
f 5063 5348 5346 5062
f 5350 5349 5347 5348
f 5143 5347 5349 5144
f 5064 5350 5348 5063
f 5352 5351 5349 5350
f 5145 5351 5352 5065
f 5144 5349 5351 5145
f 5065 5352 5350 5064
f 5356 5353 5354 5355
f 5237 5354 5353 5238
f 5157 5355 5354 5237
f 5158 5356 5355 5157
f 5358 5357 5353 5356
f 5238 5353 5357 5239
f 5159 5358 5356 5158
f 5360 5359 5357 5358
f 5239 5357 5359 5240
f 5160 5360 5358 5159
f 5362 5361 5359 5360
f 5241 5361 5362 5161
f 5240 5359 5361 5241
f 5161 5362 5360 5160
f 5366 5363 5364 5365
f 5333 5364 5363 5334
f 5253 5365 5364 5333
f 5254 5366 5365 5253
f 5368 5367 5363 5366
f 5334 5363 5367 5335
f 5255 5368 5366 5254
f 5370 5369 5367 5368
f 5335 5367 5369 5336
f 5256 5370 5368 5255
f 5372 5371 5369 5370
f 5337 5371 5372 5257
f 5336 5369 5371 5337
f 5257 5372 5370 5256
g Group3895
f 5415 5416 5414
f 5373 5415 5414 5376
f 5392 5397 5398 5393
f 5377 5373 5376
f 5443 5444 5449 5448
f 5438 5439 5444 5443
f 5397 5402 5403 5398
f 5439 5440 5445 5444
f 5396 5401 5402 5397
f 5396 5437 5442 5401
f 5415 5417 5418 5416
f 5374 5417 5415 5373
f 5373 5377 5378 5374
f 5417 5419 5420 5418
f 5375 5419 5417 5374
f 5374 5378 5379 5375
f 5437 5438 5443 5442
f 5401 5406 5407 5402
f 5401 5442 5447 5406
f 5421 5420 5419
f 5380 5421 5419 5375
f 5379 5380 5375
f 5460 5412 5413 5457
f 5409 5457 5455 5410
f 5433 5434 5439 5438
f 5413 5454 5456 5455
f 5414 5416 5423 5422
f 5376 5414 5422 5381
f 5376 5381 5382 5377
f 5442 5443 5448 5447
f 5448 5449 5459 5458
f 5407 5461 5460 5408
f 5400 5441 5436 5395
f 5416 5418 5424 5423
f 5377 5382 5383 5378
f 5418 5420 5425 5424
f 5378 5383 5384 5379
f 5405 5446 5441 5400
f 5406 5462 5461 5407
f 5420 5421 5426 5425
f 5379 5384 5385 5380
f 5450 5451 5456 5463
f 5385 5426 5421 5380
f 5406 5447 5464 5462
f 5422 5423 5428 5427
f 5381 5422 5427 5386
f 5381 5386 5387 5382
f 5411 5452 5453 5412
f 5399 5404 5405 5400
f 5449 5450 5463 5459
f 5394 5399 5400 5395
f 5423 5424 5429 5428
f 5382 5387 5388 5383
f 5424 5425 5430 5429
f 5383 5388 5389 5384
f 5462 5464 5452 5411
f 5447 5448 5458 5464
f 5425 5426 5431 5430
f 5384 5389 5390 5385
f 5435 5436 5441 5440
f 5390 5431 5426 5385
f 5410 5451 5446 5405
f 5427 5428 5433 5432
f 5386 5427 5432 5391
f 5386 5391 5392 5387
f 5440 5441 5446 5445
f 5402 5407 5408 5403
f 5403 5408 5409 5404
f 5445 5446 5451 5450
f 5428 5429 5434 5433
f 5387 5392 5393 5388
f 5429 5430 5435 5434
f 5388 5393 5394 5389
f 5393 5398 5399 5394
f 5404 5409 5410 5405
f 5430 5431 5436 5435
f 5389 5394 5395 5390
f 5408 5460 5457 5409
f 5395 5436 5431 5390
f 5412 5453 5454 5413
f 5432 5433 5438 5437
f 5391 5432 5437 5396
f 5391 5396 5397 5392
f 5444 5445 5450 5449
f 5398 5403 5404 5399
f 5434 5435 5440 5439
f 5455 5456 5451 5410
f 5413 5455 5457
f 5458 5459 5453 5452
f 5461 5411 5412 5460
f 5411 5461 5462
f 5456 5454 5463
f 5458 5452 5464
f 5459 5463 5454 5453
g Group13146
f 5507 5508 5506
f 5465 5507 5506 5468
f 5484 5489 5490 5485
f 5469 5465 5468
f 5535 5536 5541 5540
f 5530 5531 5536 5535
f 5489 5494 5495 5490
f 5531 5532 5537 5536
f 5488 5493 5494 5489
f 5488 5529 5534 5493
f 5507 5509 5510 5508
f 5466 5509 5507 5465
f 5465 5469 5470 5466
f 5509 5511 5512 5510
f 5467 5511 5509 5466
f 5466 5470 5471 5467
f 5529 5530 5535 5534
f 5493 5498 5499 5494
f 5493 5534 5539 5498
f 5513 5512 5511
f 5472 5513 5511 5467
f 5471 5472 5467
f 5552 5504 5505 5549
f 5501 5549 5547 5502
f 5525 5526 5531 5530
f 5505 5546 5548 5547
f 5506 5508 5515 5514
f 5468 5506 5514 5473
f 5468 5473 5474 5469
f 5534 5535 5540 5539
f 5540 5541 5551 5550
f 5499 5553 5552 5500
f 5492 5533 5528 5487
f 5508 5510 5516 5515
f 5469 5474 5475 5470
f 5510 5512 5517 5516
f 5470 5475 5476 5471
f 5497 5538 5533 5492
f 5498 5554 5553 5499
f 5512 5513 5518 5517
f 5471 5476 5477 5472
f 5542 5543 5548 5555
f 5477 5518 5513 5472
f 5498 5539 5556 5554
f 5514 5515 5520 5519
f 5473 5514 5519 5478
f 5473 5478 5479 5474
f 5503 5544 5545 5504
f 5491 5496 5497 5492
f 5541 5542 5555 5551
f 5486 5491 5492 5487
f 5515 5516 5521 5520
f 5474 5479 5480 5475
f 5516 5517 5522 5521
f 5475 5480 5481 5476
f 5554 5556 5544 5503
f 5539 5540 5550 5556
f 5517 5518 5523 5522
f 5476 5481 5482 5477
f 5527 5528 5533 5532
f 5482 5523 5518 5477
f 5502 5543 5538 5497
f 5519 5520 5525 5524
f 5478 5519 5524 5483
f 5478 5483 5484 5479
f 5532 5533 5538 5537
f 5494 5499 5500 5495
f 5495 5500 5501 5496
f 5537 5538 5543 5542
f 5520 5521 5526 5525
f 5479 5484 5485 5480
f 5521 5522 5527 5526
f 5480 5485 5486 5481
f 5485 5490 5491 5486
f 5496 5501 5502 5497
f 5522 5523 5528 5527
f 5481 5486 5487 5482
f 5500 5552 5549 5501
f 5487 5528 5523 5482
f 5504 5545 5546 5505
f 5524 5525 5530 5529
f 5483 5524 5529 5488
f 5483 5488 5489 5484
f 5536 5537 5542 5541
f 5490 5495 5496 5491
f 5526 5527 5532 5531
f 5547 5548 5543 5502
f 5505 5547 5549
f 5550 5551 5545 5544
f 5553 5503 5504 5552
f 5503 5553 5554
f 5548 5546 5555
f 5550 5544 5556
f 5551 5555 5546 5545
g Group19123
f 5559 5558 5557
f 5560 5559 5557
f 5561 5560 5557
f 5562 5561 5557
f 5563 5562 5557
f 5564 5563 5557
f 5565 5564 5557
f 5566 5565 5557
f 5567 5566 5557
f 5568 5567 5557
f 5569 5568 5557
f 5570 5569 5557
f 5571 5570 5557
f 5572 5571 5557
f 5573 5572 5557
f 5574 5573 5557
f 5575 5574 5557
f 5576 5575 5557
f 5577 5576 5557
f 5578 5577 5557
f 5579 5578 5557
f 5580 5579 5557
f 5581 5580 5557
f 5582 5581 5557
f 5583 5582 5557
f 5584 5583 5557
f 5585 5584 5557
f 5586 5585 5557
f 5587 5586 5557
f 5588 5587 5557
f 5589 5588 5557
f 5558 5589 5557
f 5558 5559 5591 5590
f 5559 5560 5592 5591
f 5560 5561 5593 5592
f 5561 5562 5594 5593
f 5562 5563 5595 5594
f 5563 5564 5596 5595
f 5564 5565 5597 5596
f 5565 5566 5598 5597
f 5566 5567 5599 5598
f 5567 5568 5600 5599
f 5568 5569 5601 5600
f 5569 5570 5602 5601
f 5570 5571 5603 5602
f 5571 5572 5604 5603
f 5572 5573 5605 5604
f 5573 5574 5606 5605
f 5574 5575 5607 5606
f 5575 5576 5608 5607
f 5576 5577 5609 5608
f 5577 5578 5610 5609
f 5578 5579 5611 5610
f 5579 5580 5612 5611
f 5580 5581 5613 5612
f 5581 5582 5614 5613
f 5582 5583 5615 5614
f 5583 5584 5616 5615
f 5584 5585 5617 5616
f 5585 5586 5618 5617
f 5586 5587 5619 5618
f 5587 5588 5620 5619
f 5588 5589 5621 5620
f 5589 5558 5590 5621
f 5590 5591 5623 5622
f 5591 5592 5624 5623
f 5592 5593 5625 5624
f 5593 5594 5626 5625
f 5594 5595 5627 5626
f 5595 5596 5628 5627
f 5596 5597 5629 5628
f 5597 5598 5630 5629
f 5598 5599 5631 5630
f 5599 5600 5632 5631
f 5600 5601 5633 5632
f 5601 5602 5634 5633
f 5602 5603 5635 5634
f 5603 5604 5636 5635
f 5604 5605 5637 5636
f 5605 5606 5638 5637
f 5606 5607 5639 5638
f 5607 5608 5640 5639
f 5608 5609 5641 5640
f 5609 5610 5642 5641
f 5610 5611 5643 5642
f 5611 5612 5644 5643
f 5612 5613 5645 5644
f 5613 5614 5646 5645
f 5614 5615 5647 5646
f 5615 5616 5648 5647
f 5616 5617 5649 5648
f 5617 5618 5650 5649
f 5618 5619 5651 5650
f 5619 5620 5652 5651
f 5620 5621 5653 5652
f 5621 5590 5622 5653
f 5622 5623 5655 5654
f 5623 5624 5656 5655
f 5624 5625 5657 5656
f 5625 5626 5658 5657
f 5626 5627 5659 5658
f 5627 5628 5660 5659
f 5628 5629 5661 5660
f 5629 5630 5662 5661
f 5630 5631 5663 5662
f 5631 5632 5664 5663
f 5632 5633 5665 5664
f 5633 5634 5666 5665
f 5634 5635 5667 5666
f 5635 5636 5668 5667
f 5636 5637 5669 5668
f 5637 5638 5670 5669
f 5638 5639 5671 5670
f 5639 5640 5672 5671
f 5640 5641 5673 5672
f 5641 5642 5674 5673
f 5642 5643 5675 5674
f 5643 5644 5676 5675
f 5644 5645 5677 5676
f 5645 5646 5678 5677
f 5646 5647 5679 5678
f 5647 5648 5680 5679
f 5648 5649 5681 5680
f 5649 5650 5682 5681
f 5650 5651 5683 5682
f 5651 5652 5684 5683
f 5652 5653 5685 5684
f 5653 5622 5654 5685
f 5654 5655 5687 5686
f 5655 5656 5688 5687
f 5656 5657 5689 5688
f 5657 5658 5690 5689
f 5658 5659 5691 5690
f 5659 5660 5692 5691
f 5660 5661 5693 5692
f 5661 5662 5694 5693
f 5662 5663 5695 5694
f 5663 5664 5696 5695
f 5664 5665 5697 5696
f 5665 5666 5698 5697
f 5666 5667 5699 5698
f 5667 5668 5700 5699
f 5668 5669 5701 5700
f 5669 5670 5702 5701
f 5670 5671 5703 5702
f 5671 5672 5704 5703
f 5672 5673 5705 5704
f 5673 5674 5706 5705
f 5674 5675 5707 5706
f 5675 5676 5708 5707
f 5676 5677 5709 5708
f 5677 5678 5710 5709
f 5678 5679 5711 5710
f 5679 5680 5712 5711
f 5680 5681 5713 5712
f 5681 5682 5714 5713
f 5682 5683 5715 5714
f 5683 5684 5716 5715
f 5684 5685 5717 5716
f 5685 5654 5686 5717
f 5686 5687 5719 5718
f 5687 5688 5720 5719
f 5688 5689 5721 5720
f 5689 5690 5722 5721
f 5690 5691 5723 5722
f 5691 5692 5724 5723
f 5692 5693 5725 5724
f 5693 5694 5726 5725
f 5694 5695 5727 5726
f 5695 5696 5728 5727
f 5696 5697 5729 5728
f 5697 5698 5730 5729
f 5698 5699 5731 5730
f 5699 5700 5732 5731
f 5700 5701 5733 5732
f 5701 5702 5734 5733
f 5702 5703 5735 5734
f 5703 5704 5736 5735
f 5704 5705 5737 5736
f 5705 5706 5738 5737
f 5706 5707 5739 5738
f 5707 5708 5740 5739
f 5708 5709 5741 5740
f 5709 5710 5742 5741
f 5710 5711 5743 5742
f 5711 5712 5744 5743
f 5712 5713 5745 5744
f 5713 5714 5746 5745
f 5714 5715 5747 5746
f 5715 5716 5748 5747
f 5716 5717 5749 5748
f 5717 5686 5718 5749
f 5718 5719 5751 5750
f 5719 5720 5752 5751
f 5720 5721 5753 5752
f 5721 5722 5754 5753
f 5722 5723 5755 5754
f 5723 5724 5756 5755
f 5724 5725 5757 5756
f 5725 5726 5758 5757
f 5726 5727 5759 5758
f 5727 5728 5760 5759
f 5728 5729 5761 5760
f 5729 5730 5762 5761
f 5730 5731 5763 5762
f 5731 5732 5764 5763
f 5732 5733 5765 5764
f 5733 5734 5766 5765
f 5734 5735 5767 5766
f 5735 5736 5768 5767
f 5736 5737 5769 5768
f 5737 5738 5770 5769
f 5738 5739 5771 5770
f 5739 5740 5772 5771
f 5740 5741 5773 5772
f 5741 5742 5774 5773
f 5742 5743 5775 5774
f 5743 5744 5776 5775
f 5744 5745 5777 5776
f 5745 5746 5778 5777
f 5746 5747 5779 5778
f 5747 5748 5780 5779
f 5748 5749 5781 5780
f 5749 5718 5750 5781
f 5750 5751 5783 5782
f 5751 5752 5784 5783
f 5752 5753 5785 5784
f 5753 5754 5786 5785
f 5754 5755 5787 5786
f 5755 5756 5788 5787
f 5756 5757 5789 5788
f 5757 5758 5790 5789
f 5758 5759 5791 5790
f 5759 5760 5792 5791
f 5760 5761 5793 5792
f 5761 5762 5794 5793
f 5762 5763 5795 5794
f 5763 5764 5796 5795
f 5764 5765 5797 5796
f 5765 5766 5798 5797
f 5766 5767 5799 5798
f 5767 5768 5800 5799
f 5768 5769 5801 5800
f 5769 5770 5802 5801
f 5770 5771 5803 5802
f 5771 5772 5804 5803
f 5772 5773 5805 5804
f 5773 5774 5806 5805
f 5774 5775 5807 5806
f 5775 5776 5808 5807
f 5776 5777 5809 5808
f 5777 5778 5810 5809
f 5778 5779 5811 5810
f 5779 5780 5812 5811
f 5780 5781 5813 5812
f 5781 5750 5782 5813
f 5782 5783 5815 5814
f 5783 5784 5816 5815
f 5784 5785 5817 5816
f 5785 5786 5818 5817
f 5786 5787 5819 5818
f 5787 5788 5820 5819
f 5788 5789 5821 5820
f 5789 5790 5822 5821
f 5790 5791 5823 5822
f 5791 5792 5824 5823
f 5792 5793 5825 5824
f 5793 5794 5826 5825
f 5794 5795 5827 5826
f 5795 5796 5828 5827
f 5796 5797 5829 5828
f 5797 5798 5830 5829
f 5798 5799 5831 5830
f 5799 5800 5832 5831
f 5800 5801 5833 5832
f 5801 5802 5834 5833
f 5802 5803 5835 5834
f 5803 5804 5836 5835
f 5804 5805 5837 5836
f 5805 5806 5838 5837
f 5806 5807 5839 5838
f 5807 5808 5840 5839
f 5808 5809 5841 5840
f 5809 5810 5842 5841
f 5810 5811 5843 5842
f 5811 5812 5844 5843
f 5812 5813 5845 5844
f 5813 5782 5814 5845
f 5814 5815 5847 5846
f 5815 5816 5848 5847
f 5816 5817 5849 5848
f 5817 5818 5850 5849
f 5818 5819 5851 5850
f 5819 5820 5852 5851
f 5820 5821 5853 5852
f 5821 5822 5854 5853
f 5822 5823 5855 5854
f 5823 5824 5856 5855
f 5824 5825 5857 5856
f 5825 5826 5858 5857
f 5826 5827 5859 5858
f 5827 5828 5860 5859
f 5828 5829 5861 5860
f 5829 5830 5862 5861
f 5830 5831 5863 5862
f 5831 5832 5864 5863
f 5832 5833 5865 5864
f 5833 5834 5866 5865
f 5834 5835 5867 5866
f 5835 5836 5868 5867
f 5836 5837 5869 5868
f 5837 5838 5870 5869
f 5838 5839 5871 5870
f 5839 5840 5872 5871
f 5840 5841 5873 5872
f 5841 5842 5874 5873
f 5842 5843 5875 5874
f 5843 5844 5876 5875
f 5844 5845 5877 5876
f 5845 5814 5846 5877
f 5846 5847 5879 5878
f 5847 5848 5880 5879
f 5848 5849 5881 5880
f 5849 5850 5882 5881
f 5850 5851 5883 5882
f 5851 5852 5884 5883
f 5852 5853 5885 5884
f 5853 5854 5886 5885
f 5854 5855 5887 5886
f 5855 5856 5888 5887
f 5856 5857 5889 5888
f 5857 5858 5890 5889
f 5858 5859 5891 5890
f 5859 5860 5892 5891
f 5860 5861 5893 5892
f 5861 5862 5894 5893
f 5862 5863 5895 5894
f 5863 5864 5896 5895
f 5864 5865 5897 5896
f 5865 5866 5898 5897
f 5866 5867 5899 5898
f 5867 5868 5900 5899
f 5868 5869 5901 5900
f 5869 5870 5902 5901
f 5870 5871 5903 5902
f 5871 5872 5904 5903
f 5872 5873 5905 5904
f 5873 5874 5906 5905
f 5874 5875 5907 5906
f 5875 5876 5908 5907
f 5876 5877 5909 5908
f 5877 5846 5878 5909
f 5878 5879 5911 5910
f 5879 5880 5912 5911
f 5880 5881 5913 5912
f 5881 5882 5914 5913
f 5882 5883 5915 5914
f 5883 5884 5916 5915
f 5884 5885 5917 5916
f 5885 5886 5918 5917
f 5886 5887 5919 5918
f 5887 5888 5920 5919
f 5888 5889 5921 5920
f 5889 5890 5922 5921
f 5890 5891 5923 5922
f 5891 5892 5924 5923
f 5892 5893 5925 5924
f 5893 5894 5926 5925
f 5894 5895 5927 5926
f 5895 5896 5928 5927
f 5896 5897 5929 5928
f 5897 5898 5930 5929
f 5898 5899 5931 5930
f 5899 5900 5932 5931
f 5900 5901 5933 5932
f 5901 5902 5934 5933
f 5902 5903 5935 5934
f 5903 5904 5936 5935
f 5904 5905 5937 5936
f 5905 5906 5938 5937
f 5906 5907 5939 5938
f 5907 5908 5940 5939
f 5908 5909 5941 5940
f 5909 5878 5910 5941
f 5910 5911 5943 5942
f 5911 5912 5944 5943
f 5912 5913 5945 5944
f 5913 5914 5946 5945
f 5914 5915 5947 5946
f 5915 5916 5948 5947
f 5916 5917 5949 5948
f 5917 5918 5950 5949
f 5918 5919 5951 5950
f 5919 5920 5952 5951
f 5920 5921 5953 5952
f 5921 5922 5954 5953
f 5922 5923 5955 5954
f 5923 5924 5956 5955
f 5924 5925 5957 5956
f 5925 5926 5958 5957
f 5926 5927 5959 5958
f 5927 5928 5960 5959
f 5928 5929 5961 5960
f 5929 5930 5962 5961
f 5930 5931 5963 5962
f 5931 5932 5964 5963
f 5932 5933 5965 5964
f 5933 5934 5966 5965
f 5934 5935 5967 5966
f 5935 5936 5968 5967
f 5936 5937 5969 5968
f 5937 5938 5970 5969
f 5938 5939 5971 5970
f 5939 5940 5972 5971
f 5940 5941 5973 5972
f 5941 5910 5942 5973
f 5942 5943 5975 5974
f 5943 5944 5976 5975
f 5944 5945 5977 5976
f 5945 5946 5978 5977
f 5946 5947 5979 5978
f 5947 5948 5980 5979
f 5948 5949 5981 5980
f 5949 5950 5982 5981
f 5950 5951 5983 5982
f 5951 5952 5984 5983
f 5952 5953 5985 5984
f 5953 5954 5986 5985
f 5954 5955 5987 5986
f 5955 5956 5988 5987
f 5956 5957 5989 5988
f 5957 5958 5990 5989
f 5958 5959 5991 5990
f 5959 5960 5992 5991
f 5960 5961 5993 5992
f 5961 5962 5994 5993
f 5962 5963 5995 5994
f 5963 5964 5996 5995
f 5964 5965 5997 5996
f 5965 5966 5998 5997
f 5966 5967 5999 5998
f 5967 5968 6000 5999
f 5968 5969 6001 6000
f 5969 5970 6002 6001
f 5970 5971 6003 6002
f 5971 5972 6004 6003
f 5972 5973 6005 6004
f 5973 5942 5974 6005
f 5974 5975 6007 6006
f 5975 5976 6008 6007
f 5976 5977 6009 6008
f 5977 5978 6010 6009
f 5978 5979 6011 6010
f 5979 5980 6012 6011
f 5980 5981 6013 6012
f 5981 5982 6014 6013
f 5982 5983 6015 6014
f 5983 5984 6016 6015
f 5984 5985 6017 6016
f 5985 5986 6018 6017
f 5986 5987 6019 6018
f 5987 5988 6020 6019
f 5988 5989 6021 6020
f 5989 5990 6022 6021
f 5990 5991 6023 6022
f 5991 5992 6024 6023
f 5992 5993 6025 6024
f 5993 5994 6026 6025
f 5994 5995 6027 6026
f 5995 5996 6028 6027
f 5996 5997 6029 6028
f 5997 5998 6030 6029
f 5998 5999 6031 6030
f 5999 6000 6032 6031
f 6000 6001 6033 6032
f 6001 6002 6034 6033
f 6002 6003 6035 6034
f 6003 6004 6036 6035
f 6004 6005 6037 6036
f 6005 5974 6006 6037
f 6007 6038 6006
f 6008 6038 6007
f 6009 6038 6008
f 6010 6038 6009
f 6011 6038 6010
f 6012 6038 6011
f 6013 6038 6012
f 6014 6038 6013
f 6015 6038 6014
f 6016 6038 6015
f 6017 6038 6016
f 6018 6038 6017
f 6019 6038 6018
f 6020 6038 6019
f 6021 6038 6020
f 6022 6038 6021
f 6023 6038 6022
f 6024 6038 6023
f 6025 6038 6024
f 6026 6038 6025
f 6027 6038 6026
f 6028 6038 6027
f 6029 6038 6028
f 6030 6038 6029
f 6031 6038 6030
f 6032 6038 6031
f 6033 6038 6032
f 6034 6038 6033
f 6035 6038 6034
f 6036 6038 6035
f 6037 6038 6036
f 6006 6038 6037
g Group28490
f 6089 6041 6042 6090
f 6090 6042 6044 6092
f 6092 6044 6046 6094
f 6096 6048 6050 6098
f 6066 6065 6039 6041
f 6098 6050 6052 6100
f 6064 6063 6065 6066
f 6100 6052 6054 6102
f 6062 6061 6063 6064
f 6102 6054 6056 6104
f 6104 6056 6058 6106
f 6106 6058 6060 6108
f 6058 6057 6059 6060
f 6056 6055 6057 6058
f 6054 6053 6055 6056
f 6110 6062 6064 6112
f 6052 6051 6053 6054
f 6112 6064 6066 6114
f 6050 6049 6051 6052
f 6114 6066 6041 6089
f 6070 6067 6068 6069
f 6072 6071 6067 6070
f 6074 6073 6071 6072
f 6076 6075 6073 6074
f 6083 6078 6077 6082
f 6084 6079 6078 6083
f 6085 6080 6079 6084
f 6086 6081 6080 6085
f 6065 6067 6071 6039
f 6039 6071 6073 6040
f 6040 6073 6075 6043
f 6043 6075 6076 6045
f 6047 6081 6086 6049
f 6049 6086 6085 6051
f 6051 6085 6084 6053
f 6053 6084 6083 6055
f 6055 6083 6082 6057
f 6057 6082 6077 6059
f 6061 6069 6068 6063
f 6063 6068 6067 6065
f 6090 6087 6088 6089
f 6092 6091 6087 6090
f 6094 6093 6091 6092
f 6098 6097 6095 6096
f 6100 6099 6097 6098
f 6102 6101 6099 6100
f 6104 6103 6101 6102
f 6106 6105 6103 6104
f 6108 6107 6105 6106
f 6112 6111 6109 6110
f 6114 6113 6111 6112
f 6089 6088 6113 6114
f 6115 6087 6091 6093
f 6116 6088 6087 6115
f 6117 6113 6088 6116
f 6109 6111 6113 6117
f 6099 6118 6095 6097
f 6101 6119 6118 6099
f 6103 6120 6119 6101
f 6105 6107 6120 6103
f 6041 6039 6040 6042
f 6042 6040 6043 6044
f 6044 6043 6045 6046
f 6048 6047 6049 6050
f 6094 6046 6122 6121
f 6123 6124 6048 6096
f 6125 6126 6061 6062
f 6060 6059 6128 6127
f 6108 6060 6127 6129
f 6130 6125 6062 6110
f 6131 6070 6069 6132
f 6133 6072 6070 6131
f 6134 6074 6072 6133
f 6135 6076 6074 6134
f 6078 6137 6136 6077
f 6079 6138 6137 6078
f 6080 6139 6138 6079
f 6081 6140 6139 6080
f 6045 6076 6135 6141
f 6142 6140 6081 6047
f 6059 6077 6136 6128
f 6126 6132 6069 6061
f 6121 6143 6093 6094
f 6096 6095 6144 6123
f 6129 6145 6107 6108
f 6110 6109 6146 6130
f 6147 6115 6093 6143
f 6148 6116 6115 6147
f 6149 6117 6116 6148
f 6146 6109 6117 6149
f 6118 6150 6144 6095
f 6119 6151 6150 6118
f 6120 6152 6151 6119
f 6107 6145 6152 6120
f 6046 6045 6141 6122
f 6124 6142 6047 6048
f 6122 6124 6123 6121
f 6127 6125 6130 6129
f 6144 6143 6121 6123
f 6146 6145 6129 6130
f 6145 6146 6149 6152
f 6143 6144 6150 6147
f 6147 6150 6151 6148
f 6148 6151 6152 6149
f 6124 6122 6153 6154
f 6135 6153 6122 6141
f 6142 6124 6154 6140
f 6125 6127 6155 6156
f 6136 6155 6127 6128
f 6126 6125 6156 6132
f 6156 6155 6157 6158
f 6137 6157 6155 6136
f 6132 6156 6158 6131
f 6160 6159 6154 6153
f 6140 6154 6159 6139
f 6134 6160 6153 6135
f 6158 6157 6161 6162
f 6138 6161 6157 6137
f 6131 6158 6162 6133
f 6162 6161 6159 6160
f 6139 6159 6161 6138
f 6133 6162 6160 6134
g Group56321
f 6213 6214 6166 6165
f 6214 6216 6168 6166
f 6216 6218 6170 6168
f 6220 6222 6174 6172
f 6190 6165 6163 6189
f 6222 6224 6176 6174
f 6188 6190 6189 6187
f 6224 6226 6178 6176
f 6186 6188 6187 6185
f 6226 6228 6180 6178
f 6228 6230 6182 6180
f 6230 6232 6184 6182
f 6182 6184 6183 6181
f 6180 6182 6181 6179
f 6178 6180 6179 6177
f 6234 6236 6188 6186
f 6176 6178 6177 6175
f 6236 6238 6190 6188
f 6174 6176 6175 6173
f 6238 6213 6165 6190
f 6194 6193 6192 6191
f 6196 6194 6191 6195
f 6198 6196 6195 6197
f 6200 6198 6197 6199
f 6207 6206 6201 6202
f 6208 6207 6202 6203
f 6209 6208 6203 6204
f 6210 6209 6204 6205
f 6189 6163 6195 6191
f 6163 6164 6197 6195
f 6164 6167 6199 6197
f 6167 6169 6200 6199
f 6171 6173 6210 6205
f 6173 6175 6209 6210
f 6175 6177 6208 6209
f 6177 6179 6207 6208
f 6179 6181 6206 6207
f 6181 6183 6201 6206
f 6185 6187 6192 6193
f 6187 6189 6191 6192
f 6214 6213 6212 6211
f 6216 6214 6211 6215
f 6218 6216 6215 6217
f 6222 6220 6219 6221
f 6224 6222 6221 6223
f 6226 6224 6223 6225
f 6228 6226 6225 6227
f 6230 6228 6227 6229
f 6232 6230 6229 6231
f 6236 6234 6233 6235
f 6238 6236 6235 6237
f 6213 6238 6237 6212
f 6239 6217 6215 6211
f 6240 6239 6211 6212
f 6241 6240 6212 6237
f 6233 6241 6237 6235
f 6223 6221 6219 6242
f 6225 6223 6242 6243
f 6227 6225 6243 6244
f 6229 6227 6244 6231
f 6165 6166 6164 6163
f 6166 6168 6167 6164
f 6168 6170 6169 6167
f 6172 6174 6173 6171
f 6218 6245 6246 6170
f 6247 6220 6172 6248
f 6249 6186 6185 6250
f 6184 6251 6252 6183
f 6232 6253 6251 6184
f 6254 6234 6186 6249
f 6255 6256 6193 6194
f 6257 6255 6194 6196
f 6258 6257 6196 6198
f 6259 6258 6198 6200
f 6202 6201 6260 6261
f 6203 6202 6261 6262
f 6204 6203 6262 6263
f 6205 6204 6263 6264
f 6169 6265 6259 6200
f 6266 6171 6205 6264
f 6183 6252 6260 6201
f 6250 6185 6193 6256
f 6245 6218 6217 6267
f 6220 6247 6268 6219
f 6253 6232 6231 6269
f 6234 6254 6270 6233
f 6271 6267 6217 6239
f 6272 6271 6239 6240
f 6273 6272 6240 6241
f 6270 6273 6241 6233
f 6242 6219 6268 6274
f 6243 6242 6274 6275
f 6244 6243 6275 6276
f 6231 6244 6276 6269
f 6170 6246 6265 6169
f 6248 6172 6171 6266
f 6246 6245 6247 6248
f 6251 6253 6254 6249
f 6268 6247 6245 6267
f 6270 6254 6253 6269
f 6269 6276 6273 6270
f 6267 6271 6274 6268
f 6271 6272 6275 6274
f 6272 6273 6276 6275
f 6248 6278 6277 6246
f 6259 6265 6246 6277
f 6266 6264 6278 6248
f 6249 6280 6279 6251
f 6260 6252 6251 6279
f 6250 6256 6280 6249
f 6280 6282 6281 6279
f 6261 6260 6279 6281
f 6256 6255 6282 6280
f 6284 6277 6278 6283
f 6264 6263 6283 6278
f 6258 6259 6277 6284
f 6282 6286 6285 6281
f 6262 6261 6281 6285
f 6255 6257 6286 6282
f 6286 6284 6283 6285
f 6263 6262 6285 6283
f 6257 6258 6284 6286
g Group53891
f 6337 6289 6290 6338
f 6338 6290 6292 6340
f 6340 6292 6294 6342
f 6344 6296 6298 6346
f 6314 6313 6287 6289
f 6346 6298 6300 6348
f 6312 6311 6313 6314
f 6348 6300 6302 6350
f 6310 6309 6311 6312
f 6350 6302 6304 6352
f 6352 6304 6306 6354
f 6354 6306 6308 6356
f 6306 6305 6307 6308
f 6304 6303 6305 6306
f 6302 6301 6303 6304
f 6358 6310 6312 6360
f 6300 6299 6301 6302
f 6360 6312 6314 6362
f 6298 6297 6299 6300
f 6362 6314 6289 6337
f 6318 6315 6316 6317
f 6320 6319 6315 6318
f 6322 6321 6319 6320
f 6324 6323 6321 6322
f 6331 6326 6325 6330
f 6332 6327 6326 6331
f 6333 6328 6327 6332
f 6334 6329 6328 6333
f 6313 6315 6319 6287
f 6287 6319 6321 6288
f 6288 6321 6323 6291
f 6291 6323 6324 6293
f 6295 6329 6334 6297
f 6297 6334 6333 6299
f 6299 6333 6332 6301
f 6301 6332 6331 6303
f 6303 6331 6330 6305
f 6305 6330 6325 6307
f 6309 6317 6316 6311
f 6311 6316 6315 6313
f 6338 6335 6336 6337
f 6340 6339 6335 6338
f 6342 6341 6339 6340
f 6346 6345 6343 6344
f 6348 6347 6345 6346
f 6350 6349 6347 6348
f 6352 6351 6349 6350
f 6354 6353 6351 6352
f 6356 6355 6353 6354
f 6360 6359 6357 6358
f 6362 6361 6359 6360
f 6337 6336 6361 6362
f 6363 6335 6339 6341
f 6364 6336 6335 6363
f 6365 6361 6336 6364
f 6357 6359 6361 6365
f 6347 6366 6343 6345
f 6349 6367 6366 6347
f 6351 6368 6367 6349
f 6353 6355 6368 6351
f 6289 6287 6288 6290
f 6290 6288 6291 6292
f 6292 6291 6293 6294
f 6296 6295 6297 6298
f 6342 6294 6370 6369
f 6371 6372 6296 6344
f 6373 6374 6309 6310
f 6308 6307 6376 6375
f 6356 6308 6375 6377
f 6378 6373 6310 6358
f 6379 6318 6317 6380
f 6381 6320 6318 6379
f 6382 6322 6320 6381
f 6383 6324 6322 6382
f 6326 6385 6384 6325
f 6327 6386 6385 6326
f 6328 6387 6386 6327
f 6329 6388 6387 6328
f 6293 6324 6383 6389
f 6390 6388 6329 6295
f 6307 6325 6384 6376
f 6374 6380 6317 6309
f 6369 6391 6341 6342
f 6344 6343 6392 6371
f 6377 6393 6355 6356
f 6358 6357 6394 6378
f 6395 6363 6341 6391
f 6396 6364 6363 6395
f 6397 6365 6364 6396
f 6394 6357 6365 6397
f 6366 6398 6392 6343
f 6367 6399 6398 6366
f 6368 6400 6399 6367
f 6355 6393 6400 6368
f 6294 6293 6389 6370
f 6372 6390 6295 6296
f 6370 6372 6371 6369
f 6375 6373 6378 6377
f 6392 6391 6369 6371
f 6394 6393 6377 6378
f 6393 6394 6397 6400
f 6391 6392 6398 6395
f 6395 6398 6399 6396
f 6396 6399 6400 6397
f 6372 6370 6401 6402
f 6383 6401 6370 6389
f 6390 6372 6402 6388
f 6373 6375 6403 6404
f 6384 6403 6375 6376
f 6374 6373 6404 6380
f 6404 6403 6405 6406
f 6385 6405 6403 6384
f 6380 6404 6406 6379
f 6408 6407 6402 6401
f 6388 6402 6407 6387
f 6382 6408 6401 6383
f 6406 6405 6409 6410
f 6386 6409 6405 6385
f 6379 6406 6410 6381
f 6410 6409 6407 6408
f 6387 6407 6409 6386
f 6381 6410 6408 6382
g Group24768
f 6461 6413 6414 6462
f 6462 6414 6416 6464
f 6464 6416 6418 6466
f 6468 6420 6422 6470
f 6438 6437 6411 6413
f 6470 6422 6424 6472
f 6436 6435 6437 6438
f 6472 6424 6426 6474
f 6434 6433 6435 6436
f 6474 6426 6428 6476
f 6476 6428 6430 6478
f 6478 6430 6432 6480
f 6430 6429 6431 6432
f 6428 6427 6429 6430
f 6426 6425 6427 6428
f 6482 6434 6436 6484
f 6424 6423 6425 6426
f 6484 6436 6438 6486
f 6422 6421 6423 6424
f 6486 6438 6413 6461
f 6442 6439 6440 6441
f 6444 6443 6439 6442
f 6446 6445 6443 6444
f 6448 6447 6445 6446
f 6455 6450 6449 6454
f 6456 6451 6450 6455
f 6457 6452 6451 6456
f 6458 6453 6452 6457
f 6437 6439 6443 6411
f 6411 6443 6445 6412
f 6412 6445 6447 6415
f 6415 6447 6448 6417
f 6419 6453 6458 6421
f 6421 6458 6457 6423
f 6423 6457 6456 6425
f 6425 6456 6455 6427
f 6427 6455 6454 6429
f 6429 6454 6449 6431
f 6433 6441 6440 6435
f 6435 6440 6439 6437
f 6462 6459 6460 6461
f 6464 6463 6459 6462
f 6466 6465 6463 6464
f 6470 6469 6467 6468
f 6472 6471 6469 6470
f 6474 6473 6471 6472
f 6476 6475 6473 6474
f 6478 6477 6475 6476
f 6480 6479 6477 6478
f 6484 6483 6481 6482
f 6486 6485 6483 6484
f 6461 6460 6485 6486
f 6487 6459 6463 6465
f 6488 6460 6459 6487
f 6489 6485 6460 6488
f 6481 6483 6485 6489
f 6471 6490 6467 6469
f 6473 6491 6490 6471
f 6475 6492 6491 6473
f 6477 6479 6492 6475
f 6413 6411 6412 6414
f 6414 6412 6415 6416
f 6416 6415 6417 6418
f 6420 6419 6421 6422
f 6466 6418 6494 6493
f 6495 6496 6420 6468
f 6497 6498 6433 6434
f 6432 6431 6500 6499
f 6480 6432 6499 6501
f 6502 6497 6434 6482
f 6503 6442 6441 6504
f 6505 6444 6442 6503
f 6506 6446 6444 6505
f 6507 6448 6446 6506
f 6450 6509 6508 6449
f 6451 6510 6509 6450
f 6452 6511 6510 6451
f 6453 6512 6511 6452
f 6417 6448 6507 6513
f 6514 6512 6453 6419
f 6431 6449 6508 6500
f 6498 6504 6441 6433
f 6493 6515 6465 6466
f 6468 6467 6516 6495
f 6501 6517 6479 6480
f 6482 6481 6518 6502
f 6519 6487 6465 6515
f 6520 6488 6487 6519
f 6521 6489 6488 6520
f 6518 6481 6489 6521
f 6490 6522 6516 6467
f 6491 6523 6522 6490
f 6492 6524 6523 6491
f 6479 6517 6524 6492
f 6418 6417 6513 6494
f 6496 6514 6419 6420
f 6494 6496 6495 6493
f 6499 6497 6502 6501
f 6516 6515 6493 6495
f 6518 6517 6501 6502
f 6517 6518 6521 6524
f 6515 6516 6522 6519
f 6519 6522 6523 6520
f 6520 6523 6524 6521
f 6496 6494 6525 6526
f 6507 6525 6494 6513
f 6514 6496 6526 6512
f 6497 6499 6527 6528
f 6508 6527 6499 6500
f 6498 6497 6528 6504
f 6528 6527 6529 6530
f 6509 6529 6527 6508
f 6504 6528 6530 6503
f 6532 6531 6526 6525
f 6512 6526 6531 6511
f 6506 6532 6525 6507
f 6530 6529 6533 6534
f 6510 6533 6529 6509
f 6503 6530 6534 6505
f 6534 6533 6531 6532
f 6511 6531 6533 6510
f 6505 6534 6532 6506
g Group26439
f 6585 6537 6538 6586
f 6586 6538 6540 6588
f 6588 6540 6542 6590
f 6592 6544 6546 6594
f 6562 6561 6535 6537
f 6594 6546 6548 6596
f 6560 6559 6561 6562
f 6596 6548 6550 6598
f 6558 6557 6559 6560
f 6598 6550 6552 6600
f 6600 6552 6554 6602
f 6602 6554 6556 6604
f 6554 6553 6555 6556
f 6552 6551 6553 6554
f 6550 6549 6551 6552
f 6606 6558 6560 6608
f 6548 6547 6549 6550
f 6608 6560 6562 6610
f 6546 6545 6547 6548
f 6610 6562 6537 6585
f 6566 6563 6564 6565
f 6568 6567 6563 6566
f 6570 6569 6567 6568
f 6572 6571 6569 6570
f 6579 6574 6573 6578
f 6580 6575 6574 6579
f 6581 6576 6575 6580
f 6582 6577 6576 6581
f 6561 6563 6567 6535
f 6535 6567 6569 6536
f 6536 6569 6571 6539
f 6539 6571 6572 6541
f 6543 6577 6582 6545
f 6545 6582 6581 6547
f 6547 6581 6580 6549
f 6549 6580 6579 6551
f 6551 6579 6578 6553
f 6553 6578 6573 6555
f 6557 6565 6564 6559
f 6559 6564 6563 6561
f 6586 6583 6584 6585
f 6588 6587 6583 6586
f 6590 6589 6587 6588
f 6594 6593 6591 6592
f 6596 6595 6593 6594
f 6598 6597 6595 6596
f 6600 6599 6597 6598
f 6602 6601 6599 6600
f 6604 6603 6601 6602
f 6608 6607 6605 6606
f 6610 6609 6607 6608
f 6585 6584 6609 6610
f 6611 6583 6587 6589
f 6612 6584 6583 6611
f 6613 6609 6584 6612
f 6605 6607 6609 6613
f 6595 6614 6591 6593
f 6597 6615 6614 6595
f 6599 6616 6615 6597
f 6601 6603 6616 6599
f 6537 6535 6536 6538
f 6538 6536 6539 6540
f 6540 6539 6541 6542
f 6544 6543 6545 6546
f 6590 6542 6618 6617
f 6619 6620 6544 6592
f 6621 6622 6557 6558
f 6556 6555 6624 6623
f 6604 6556 6623 6625
f 6626 6621 6558 6606
f 6627 6566 6565 6628
f 6629 6568 6566 6627
f 6630 6570 6568 6629
f 6631 6572 6570 6630
f 6574 6633 6632 6573
f 6575 6634 6633 6574
f 6576 6635 6634 6575
f 6577 6636 6635 6576
f 6541 6572 6631 6637
f 6638 6636 6577 6543
f 6555 6573 6632 6624
f 6622 6628 6565 6557
f 6617 6639 6589 6590
f 6592 6591 6640 6619
f 6625 6641 6603 6604
f 6606 6605 6642 6626
f 6643 6611 6589 6639
f 6644 6612 6611 6643
f 6645 6613 6612 6644
f 6642 6605 6613 6645
f 6614 6646 6640 6591
f 6615 6647 6646 6614
f 6616 6648 6647 6615
f 6603 6641 6648 6616
f 6542 6541 6637 6618
f 6620 6638 6543 6544
f 6618 6620 6619 6617
f 6623 6621 6626 6625
f 6640 6639 6617 6619
f 6642 6641 6625 6626
f 6641 6642 6645 6648
f 6639 6640 6646 6643
f 6643 6646 6647 6644
f 6644 6647 6648 6645
f 6620 6618 6649 6650
f 6631 6649 6618 6637
f 6638 6620 6650 6636
f 6621 6623 6651 6652
f 6632 6651 6623 6624
f 6622 6621 6652 6628
f 6652 6651 6653 6654
f 6633 6653 6651 6632
f 6628 6652 6654 6627
f 6656 6655 6650 6649
f 6636 6650 6655 6635
f 6630 6656 6649 6631
f 6654 6653 6657 6658
f 6634 6657 6653 6633
f 6627 6654 6658 6629
f 6658 6657 6655 6656
f 6635 6655 6657 6634
f 6629 6658 6656 6630
g Group7584
f 6709 6661 6662 6710
f 6710 6662 6664 6712
f 6712 6664 6666 6714
f 6716 6668 6670 6718
f 6686 6685 6659 6661
f 6718 6670 6672 6720
f 6684 6683 6685 6686
f 6720 6672 6674 6722
f 6682 6681 6683 6684
f 6722 6674 6676 6724
f 6724 6676 6678 6726
f 6726 6678 6680 6728
f 6678 6677 6679 6680
f 6676 6675 6677 6678
f 6674 6673 6675 6676
f 6730 6682 6684 6732
f 6672 6671 6673 6674
f 6732 6684 6686 6734
f 6670 6669 6671 6672
f 6734 6686 6661 6709
f 6690 6687 6688 6689
f 6692 6691 6687 6690
f 6694 6693 6691 6692
f 6696 6695 6693 6694
f 6703 6698 6697 6702
f 6704 6699 6698 6703
f 6705 6700 6699 6704
f 6706 6701 6700 6705
f 6685 6687 6691 6659
f 6659 6691 6693 6660
f 6660 6693 6695 6663
f 6663 6695 6696 6665
f 6667 6701 6706 6669
f 6669 6706 6705 6671
f 6671 6705 6704 6673
f 6673 6704 6703 6675
f 6675 6703 6702 6677
f 6677 6702 6697 6679
f 6681 6689 6688 6683
f 6683 6688 6687 6685
f 6710 6707 6708 6709
f 6712 6711 6707 6710
f 6714 6713 6711 6712
f 6718 6717 6715 6716
f 6720 6719 6717 6718
f 6722 6721 6719 6720
f 6724 6723 6721 6722
f 6726 6725 6723 6724
f 6728 6727 6725 6726
f 6732 6731 6729 6730
f 6734 6733 6731 6732
f 6709 6708 6733 6734
f 6735 6707 6711 6713
f 6736 6708 6707 6735
f 6737 6733 6708 6736
f 6729 6731 6733 6737
f 6719 6738 6715 6717
f 6721 6739 6738 6719
f 6723 6740 6739 6721
f 6725 6727 6740 6723
f 6661 6659 6660 6662
f 6662 6660 6663 6664
f 6664 6663 6665 6666
f 6668 6667 6669 6670
f 6714 6666 6742 6741
f 6743 6744 6668 6716
f 6745 6746 6681 6682
f 6680 6679 6748 6747
f 6728 6680 6747 6749
f 6750 6745 6682 6730
f 6751 6690 6689 6752
f 6753 6692 6690 6751
f 6754 6694 6692 6753
f 6755 6696 6694 6754
f 6698 6757 6756 6697
f 6699 6758 6757 6698
f 6700 6759 6758 6699
f 6701 6760 6759 6700
f 6665 6696 6755 6761
f 6762 6760 6701 6667
f 6679 6697 6756 6748
f 6746 6752 6689 6681
f 6741 6763 6713 6714
f 6716 6715 6764 6743
f 6749 6765 6727 6728
f 6730 6729 6766 6750
f 6767 6735 6713 6763
f 6768 6736 6735 6767
f 6769 6737 6736 6768
f 6766 6729 6737 6769
f 6738 6770 6764 6715
f 6739 6771 6770 6738
f 6740 6772 6771 6739
f 6727 6765 6772 6740
f 6666 6665 6761 6742
f 6744 6762 6667 6668
f 6742 6744 6743 6741
f 6747 6745 6750 6749
f 6764 6763 6741 6743
f 6766 6765 6749 6750
f 6765 6766 6769 6772
f 6763 6764 6770 6767
f 6767 6770 6771 6768
f 6768 6771 6772 6769
f 6744 6742 6773 6774
f 6755 6773 6742 6761
f 6762 6744 6774 6760
f 6745 6747 6775 6776
f 6756 6775 6747 6748
f 6746 6745 6776 6752
f 6776 6775 6777 6778
f 6757 6777 6775 6756
f 6752 6776 6778 6751
f 6780 6779 6774 6773
f 6760 6774 6779 6759
f 6754 6780 6773 6755
f 6778 6777 6781 6782
f 6758 6781 6777 6757
f 6751 6778 6782 6753
f 6782 6781 6779 6780
f 6759 6779 6781 6758
f 6753 6782 6780 6754
g Group20923
f 6834 6831 6832 6833
f 6799 6834 6833 6800
f 6799 6800 6815 6816
f 6833 6832 6835 6836
f 6800 6833 6836 6801
f 6800 6801 6817 6815
f 6836 6835 6837 6838
f 6801 6836 6838 6802
f 6801 6802 6818 6817
f 6838 6837 6839 6840
f 6802 6838 6840 6803
f 6802 6803 6819 6818
f 6840 6839 6841 6842
f 6803 6840 6842 6804
f 6803 6804 6820 6819
f 6842 6841 6843 6844
f 6804 6842 6844 6805
f 6804 6805 6821 6820
f 6844 6843 6845 6846
f 6805 6844 6846 6806
f 6805 6806 6822 6821
f 6846 6845 6847 6848
f 6806 6846 6848 6807
f 6806 6807 6823 6822
f 6848 6847 6849 6850
f 6807 6848 6850 6808
f 6807 6808 6824 6823
f 6850 6849 6851 6852
f 6808 6850 6852 6809
f 6808 6809 6825 6824
f 6852 6851 6853 6854
f 6809 6852 6854 6810
f 6809 6810 6826 6825
f 6854 6853 6855 6856
f 6810 6854 6856 6811
f 6810 6811 6827 6826
f 6856 6855 6857 6858
f 6811 6856 6858 6812
f 6811 6812 6828 6827
f 6858 6857 6859 6860
f 6812 6858 6860 6813
f 6812 6813 6829 6828
f 6860 6859 6861 6862
f 6813 6860 6862 6814
f 6813 6814 6830 6829
f 6862 6861 6831 6834
f 6814 6862 6834 6799
f 6814 6799 6816 6830
f 6831 6863 6864 6832
f 6784 6864 6863 6783
f 6816 6815 6784 6783
f 6832 6864 6865 6835
f 6785 6865 6864 6784
f 6815 6817 6785 6784
f 6835 6865 6866 6837
f 6786 6866 6865 6785
f 6817 6818 6786 6785
f 6837 6866 6867 6839
f 6787 6867 6866 6786
f 6818 6819 6787 6786
f 6839 6867 6868 6841
f 6788 6868 6867 6787
f 6819 6820 6788 6787
f 6841 6868 6869 6843
f 6789 6869 6868 6788
f 6820 6821 6789 6788
f 6843 6869 6870 6845
f 6821 6822 6790 6789
f 6845 6870 6871 6847
f 6822 6823 6791 6790
f 6847 6871 6872 6849
f 6823 6824 6792 6791
f 6849 6872 6873 6851
f 6824 6825 6793 6792
f 6851 6873 6874 6853
f 6794 6874 6873 6793
f 6825 6826 6794 6793
f 6853 6874 6875 6855
f 6795 6875 6874 6794
f 6826 6827 6795 6794
f 6855 6875 6876 6857
f 6796 6876 6875 6795
f 6827 6828 6796 6795
f 6857 6876 6877 6859
f 6797 6877 6876 6796
f 6828 6829 6797 6796
f 6859 6877 6878 6861
f 6798 6878 6877 6797
f 6829 6830 6798 6797
f 6861 6878 6863 6831
f 6783 6863 6878 6798
f 6830 6816 6783 6798
f 6930 6927 6928 6929
f 6895 6930 6929 6896
f 6895 6896 6911 6912
f 6929 6928 6931 6932
f 6896 6929 6932 6897
f 6896 6897 6913 6911
f 6932 6931 6933 6934
f 6897 6932 6934 6898
f 6897 6898 6914 6913
f 6934 6933 6935 6936
f 6898 6934 6936 6899
f 6898 6899 6915 6914
f 6936 6935 6937 6938
f 6899 6936 6938 6900
f 6899 6900 6916 6915
f 6938 6937 6939 6940
f 6900 6938 6940 6901
f 6900 6901 6917 6916
f 6940 6939 6941 6942
f 6901 6940 6942 6902
f 6901 6902 6918 6917
f 6942 6941 6943 6944
f 6902 6942 6944 6903
f 6902 6903 6919 6918
f 6944 6943 6945 6946
f 6903 6944 6946 6904
f 6903 6904 6920 6919
f 6946 6945 6947 6948
f 6904 6946 6948 6905
f 6904 6905 6921 6920
f 6948 6947 6949 6950
f 6905 6948 6950 6906
f 6905 6906 6922 6921
f 6950 6949 6951 6952
f 6906 6950 6952 6907
f 6906 6907 6923 6922
f 6952 6951 6953 6954
f 6907 6952 6954 6908
f 6907 6908 6924 6923
f 6954 6953 6955 6956
f 6908 6954 6956 6909
f 6908 6909 6925 6924
f 6956 6955 6957 6958
f 6909 6956 6958 6910
f 6909 6910 6926 6925
f 6958 6957 6927 6930
f 6910 6958 6930 6895
f 6910 6895 6912 6926
f 6927 6959 6960 6928
f 6880 6960 6959 6879
f 6912 6911 6880 6879
f 6928 6960 6961 6931
f 6881 6961 6960 6880
f 6911 6913 6881 6880
f 6931 6961 6962 6933
f 6882 6962 6961 6881
f 6913 6914 6882 6881
f 6933 6962 6963 6935
f 6883 6963 6962 6882
f 6914 6915 6883 6882
f 6935 6963 6964 6937
f 6884 6964 6963 6883
f 6915 6916 6884 6883
f 6937 6964 6965 6939
f 6885 6965 6964 6884
f 6916 6917 6885 6884
f 6939 6965 6966 6941
f 6917 6918 6886 6885
f 6941 6966 6967 6943
f 6918 6919 6887 6886
f 6943 6967 6968 6945
f 6919 6920 6888 6887
f 6945 6968 6969 6947
f 6920 6921 6889 6888
f 6947 6969 6970 6949
f 6890 6970 6969 6889
f 6921 6922 6890 6889
f 6949 6970 6971 6951
f 6891 6971 6970 6890
f 6922 6923 6891 6890
f 6951 6971 6972 6953
f 6892 6972 6971 6891
f 6923 6924 6892 6891
f 6953 6972 6973 6955
f 6893 6973 6972 6892
f 6924 6925 6893 6892
f 6955 6973 6974 6957
f 6894 6974 6973 6893
f 6925 6926 6894 6893
f 6957 6974 6959 6927
f 6879 6959 6974 6894
f 6926 6912 6879 6894
f 6978 6975 6976 6977
f 6869 6976 6975 6870
f 6789 6977 6976 6869
f 6790 6978 6977 6789
f 6980 6979 6975 6978
f 6870 6975 6979 6871
f 6791 6980 6978 6790
f 6982 6981 6979 6980
f 6871 6979 6981 6872
f 6792 6982 6980 6791
f 6984 6983 6981 6982
f 6873 6983 6984 6793
f 6872 6981 6983 6873
f 6793 6984 6982 6792
f 6988 6985 6986 6987
f 6965 6986 6985 6966
f 6885 6987 6986 6965
f 6886 6988 6987 6885
f 6990 6989 6985 6988
f 6966 6985 6989 6967
f 6887 6990 6988 6886
f 6992 6991 6989 6990
f 6967 6989 6991 6968
f 6888 6992 6990 6887
f 6994 6993 6991 6992
f 6969 6993 6994 6889
f 6968 6991 6993 6969
f 6889 6994 6992 6888
g Group53260
f 7046 7043 7044 7045
f 7011 7046 7045 7012
f 7011 7012 7027 7028
f 7045 7044 7047 7048
f 7012 7045 7048 7013
f 7012 7013 7029 7027
f 7048 7047 7049 7050
f 7013 7048 7050 7014
f 7013 7014 7030 7029
f 7050 7049 7051 7052
f 7014 7050 7052 7015
f 7014 7015 7031 7030
f 7052 7051 7053 7054
f 7015 7052 7054 7016
f 7015 7016 7032 7031
f 7054 7053 7055 7056
f 7016 7054 7056 7017
f 7016 7017 7033 7032
f 7056 7055 7057 7058
f 7017 7056 7058 7018
f 7017 7018 7034 7033
f 7058 7057 7059 7060
f 7018 7058 7060 7019
f 7018 7019 7035 7034
f 7060 7059 7061 7062
f 7019 7060 7062 7020
f 7019 7020 7036 7035
f 7062 7061 7063 7064
f 7020 7062 7064 7021
f 7020 7021 7037 7036
f 7064 7063 7065 7066
f 7021 7064 7066 7022
f 7021 7022 7038 7037
f 7066 7065 7067 7068
f 7022 7066 7068 7023
f 7022 7023 7039 7038
f 7068 7067 7069 7070
f 7023 7068 7070 7024
f 7023 7024 7040 7039
f 7070 7069 7071 7072
f 7024 7070 7072 7025
f 7024 7025 7041 7040
f 7072 7071 7073 7074
f 7025 7072 7074 7026
f 7025 7026 7042 7041
f 7074 7073 7043 7046
f 7026 7074 7046 7011
f 7026 7011 7028 7042
f 7043 7075 7076 7044
f 6996 7076 7075 6995
f 7028 7027 6996 6995
f 7044 7076 7077 7047
f 6997 7077 7076 6996
f 7027 7029 6997 6996
f 7047 7077 7078 7049
f 6998 7078 7077 6997
f 7029 7030 6998 6997
f 7049 7078 7079 7051
f 6999 7079 7078 6998
f 7030 7031 6999 6998
f 7051 7079 7080 7053
f 7000 7080 7079 6999
f 7031 7032 7000 6999
f 7053 7080 7081 7055
f 7001 7081 7080 7000
f 7032 7033 7001 7000
f 7055 7081 7082 7057
f 7033 7034 7002 7001
f 7057 7082 7083 7059
f 7034 7035 7003 7002
f 7059 7083 7084 7061
f 7035 7036 7004 7003
f 7061 7084 7085 7063
f 7036 7037 7005 7004
f 7063 7085 7086 7065
f 7006 7086 7085 7005
f 7037 7038 7006 7005
f 7065 7086 7087 7067
f 7007 7087 7086 7006
f 7038 7039 7007 7006
f 7067 7087 7088 7069
f 7008 7088 7087 7007
f 7039 7040 7008 7007
f 7069 7088 7089 7071
f 7009 7089 7088 7008
f 7040 7041 7009 7008
f 7071 7089 7090 7073
f 7010 7090 7089 7009
f 7041 7042 7010 7009
f 7073 7090 7075 7043
f 6995 7075 7090 7010
f 7042 7028 6995 7010
f 7142 7139 7140 7141
f 7107 7142 7141 7108
f 7107 7108 7123 7124
f 7141 7140 7143 7144
f 7108 7141 7144 7109
f 7108 7109 7125 7123
f 7144 7143 7145 7146
f 7109 7144 7146 7110
f 7109 7110 7126 7125
f 7146 7145 7147 7148
f 7110 7146 7148 7111
f 7110 7111 7127 7126
f 7148 7147 7149 7150
f 7111 7148 7150 7112
f 7111 7112 7128 7127
f 7150 7149 7151 7152
f 7112 7150 7152 7113
f 7112 7113 7129 7128
f 7152 7151 7153 7154
f 7113 7152 7154 7114
f 7113 7114 7130 7129
f 7154 7153 7155 7156
f 7114 7154 7156 7115
f 7114 7115 7131 7130
f 7156 7155 7157 7158
f 7115 7156 7158 7116
f 7115 7116 7132 7131
f 7158 7157 7159 7160
f 7116 7158 7160 7117
f 7116 7117 7133 7132
f 7160 7159 7161 7162
f 7117 7160 7162 7118
f 7117 7118 7134 7133
f 7162 7161 7163 7164
f 7118 7162 7164 7119
f 7118 7119 7135 7134
f 7164 7163 7165 7166
f 7119 7164 7166 7120
f 7119 7120 7136 7135
f 7166 7165 7167 7168
f 7120 7166 7168 7121
f 7120 7121 7137 7136
f 7168 7167 7169 7170
f 7121 7168 7170 7122
f 7121 7122 7138 7137
f 7170 7169 7139 7142
f 7122 7170 7142 7107
f 7122 7107 7124 7138
f 7139 7171 7172 7140
f 7092 7172 7171 7091
f 7124 7123 7092 7091
f 7140 7172 7173 7143
f 7093 7173 7172 7092
f 7123 7125 7093 7092
f 7143 7173 7174 7145
f 7094 7174 7173 7093
f 7125 7126 7094 7093
f 7145 7174 7175 7147
f 7095 7175 7174 7094
f 7126 7127 7095 7094
f 7147 7175 7176 7149
f 7096 7176 7175 7095
f 7127 7128 7096 7095
f 7149 7176 7177 7151
f 7097 7177 7176 7096
f 7128 7129 7097 7096
f 7151 7177 7178 7153
f 7129 7130 7098 7097
f 7153 7178 7179 7155
f 7130 7131 7099 7098
f 7155 7179 7180 7157
f 7131 7132 7100 7099
f 7157 7180 7181 7159
f 7132 7133 7101 7100
f 7159 7181 7182 7161
f 7102 7182 7181 7101
f 7133 7134 7102 7101
f 7161 7182 7183 7163
f 7103 7183 7182 7102
f 7134 7135 7103 7102
f 7163 7183 7184 7165
f 7104 7184 7183 7103
f 7135 7136 7104 7103
f 7165 7184 7185 7167
f 7105 7185 7184 7104
f 7136 7137 7105 7104
f 7167 7185 7186 7169
f 7106 7186 7185 7105
f 7137 7138 7106 7105
f 7169 7186 7171 7139
f 7091 7171 7186 7106
f 7138 7124 7091 7106
f 7238 7235 7236 7237
f 7203 7238 7237 7204
f 7203 7204 7219 7220
f 7237 7236 7239 7240
f 7204 7237 7240 7205
f 7204 7205 7221 7219
f 7240 7239 7241 7242
f 7205 7240 7242 7206
f 7205 7206 7222 7221
f 7242 7241 7243 7244
f 7206 7242 7244 7207
f 7206 7207 7223 7222
f 7244 7243 7245 7246
f 7207 7244 7246 7208
f 7207 7208 7224 7223
f 7246 7245 7247 7248
f 7208 7246 7248 7209
f 7208 7209 7225 7224
f 7248 7247 7249 7250
f 7209 7248 7250 7210
f 7209 7210 7226 7225
f 7250 7249 7251 7252
f 7210 7250 7252 7211
f 7210 7211 7227 7226
f 7252 7251 7253 7254
f 7211 7252 7254 7212
f 7211 7212 7228 7227
f 7254 7253 7255 7256
f 7212 7254 7256 7213
f 7212 7213 7229 7228
f 7256 7255 7257 7258
f 7213 7256 7258 7214
f 7213 7214 7230 7229
f 7258 7257 7259 7260
f 7214 7258 7260 7215
f 7214 7215 7231 7230
f 7260 7259 7261 7262
f 7215 7260 7262 7216
f 7215 7216 7232 7231
f 7262 7261 7263 7264
f 7216 7262 7264 7217
f 7216 7217 7233 7232
f 7264 7263 7265 7266
f 7217 7264 7266 7218
f 7217 7218 7234 7233
f 7266 7265 7235 7238
f 7218 7266 7238 7203
f 7218 7203 7220 7234
f 7235 7267 7268 7236
f 7188 7268 7267 7187
f 7220 7219 7188 7187
f 7236 7268 7269 7239
f 7189 7269 7268 7188
f 7219 7221 7189 7188
f 7239 7269 7270 7241
f 7190 7270 7269 7189
f 7221 7222 7190 7189
f 7241 7270 7271 7243
f 7191 7271 7270 7190
f 7222 7223 7191 7190
f 7243 7271 7272 7245
f 7192 7272 7271 7191
f 7223 7224 7192 7191
f 7245 7272 7273 7247
f 7193 7273 7272 7192
f 7224 7225 7193 7192
f 7247 7273 7274 7249
f 7225 7226 7194 7193
f 7249 7274 7275 7251
f 7226 7227 7195 7194
f 7251 7275 7276 7253
f 7227 7228 7196 7195
f 7253 7276 7277 7255
f 7228 7229 7197 7196
f 7255 7277 7278 7257
f 7198 7278 7277 7197
f 7229 7230 7198 7197
f 7257 7278 7279 7259
f 7199 7279 7278 7198
f 7230 7231 7199 7198
f 7259 7279 7280 7261
f 7200 7280 7279 7199
f 7231 7232 7200 7199
f 7261 7280 7281 7263
f 7201 7281 7280 7200
f 7232 7233 7201 7200
f 7263 7281 7282 7265
f 7202 7282 7281 7201
f 7233 7234 7202 7201
f 7265 7282 7267 7235
f 7187 7267 7282 7202
f 7234 7220 7187 7202
f 7286 7283 7284 7285
f 7081 7284 7283 7082
f 7001 7285 7284 7081
f 7002 7286 7285 7001
f 7288 7287 7283 7286
f 7082 7283 7287 7083
f 7003 7288 7286 7002
f 7290 7289 7287 7288
f 7083 7287 7289 7084
f 7004 7290 7288 7003
f 7292 7291 7289 7290
f 7085 7291 7292 7005
f 7084 7289 7291 7085
f 7005 7292 7290 7004
f 7296 7293 7294 7295
f 7177 7294 7293 7178
f 7097 7295 7294 7177
f 7098 7296 7295 7097
f 7298 7297 7293 7296
f 7178 7293 7297 7179
f 7099 7298 7296 7098
f 7300 7299 7297 7298
f 7179 7297 7299 7180
f 7100 7300 7298 7099
f 7302 7301 7299 7300
f 7181 7301 7302 7101
f 7180 7299 7301 7181
f 7101 7302 7300 7100
f 7306 7303 7304 7305
f 7273 7304 7303 7274
f 7193 7305 7304 7273
f 7194 7306 7305 7193
f 7308 7307 7303 7306
f 7274 7303 7307 7275
f 7195 7308 7306 7194
f 7310 7309 7307 7308
f 7275 7307 7309 7276
f 7196 7310 7308 7195
f 7312 7311 7309 7310
f 7277 7311 7312 7197
f 7276 7309 7311 7277
f 7197 7312 7310 7196
g Group3895
f 7355 7356 7354
f 7313 7355 7354 7316
f 7332 7337 7338 7333
f 7317 7313 7316
f 7383 7384 7389 7388
f 7378 7379 7384 7383
f 7337 7342 7343 7338
f 7379 7380 7385 7384
f 7336 7341 7342 7337
f 7336 7377 7382 7341
f 7355 7357 7358 7356
f 7314 7357 7355 7313
f 7313 7317 7318 7314
f 7357 7359 7360 7358
f 7315 7359 7357 7314
f 7314 7318 7319 7315
f 7377 7378 7383 7382
f 7341 7346 7347 7342
f 7341 7382 7387 7346
f 7361 7360 7359
f 7320 7361 7359 7315
f 7319 7320 7315
f 7400 7352 7353 7397
f 7349 7397 7395 7350
f 7373 7374 7379 7378
f 7353 7394 7396 7395
f 7354 7356 7363 7362
f 7316 7354 7362 7321
f 7316 7321 7322 7317
f 7382 7383 7388 7387
f 7388 7389 7399 7398
f 7347 7401 7400 7348
f 7340 7381 7376 7335
f 7356 7358 7364 7363
f 7317 7322 7323 7318
f 7358 7360 7365 7364
f 7318 7323 7324 7319
f 7345 7386 7381 7340
f 7346 7402 7401 7347
f 7360 7361 7366 7365
f 7319 7324 7325 7320
f 7390 7391 7396 7403
f 7325 7366 7361 7320
f 7346 7387 7404 7402
f 7362 7363 7368 7367
f 7321 7362 7367 7326
f 7321 7326 7327 7322
f 7351 7392 7393 7352
f 7339 7344 7345 7340
f 7389 7390 7403 7399
f 7334 7339 7340 7335
f 7363 7364 7369 7368
f 7322 7327 7328 7323
f 7364 7365 7370 7369
f 7323 7328 7329 7324
f 7402 7404 7392 7351
f 7387 7388 7398 7404
f 7365 7366 7371 7370
f 7324 7329 7330 7325
f 7375 7376 7381 7380
f 7330 7371 7366 7325
f 7350 7391 7386 7345
f 7367 7368 7373 7372
f 7326 7367 7372 7331
f 7326 7331 7332 7327
f 7380 7381 7386 7385
f 7342 7347 7348 7343
f 7343 7348 7349 7344
f 7385 7386 7391 7390
f 7368 7369 7374 7373
f 7327 7332 7333 7328
f 7369 7370 7375 7374
f 7328 7333 7334 7329
f 7333 7338 7339 7334
f 7344 7349 7350 7345
f 7370 7371 7376 7375
f 7329 7334 7335 7330
f 7348 7400 7397 7349
f 7335 7376 7371 7330
f 7352 7393 7394 7353
f 7372 7373 7378 7377
f 7331 7372 7377 7336
f 7331 7336 7337 7332
f 7384 7385 7390 7389
f 7338 7343 7344 7339
f 7374 7375 7380 7379
f 7395 7396 7391 7350
f 7353 7395 7397
f 7398 7399 7393 7392
f 7401 7351 7352 7400
f 7351 7401 7402
f 7396 7394 7403
f 7398 7392 7404
f 7399 7403 7394 7393
g Group13146
f 7447 7448 7446
f 7405 7447 7446 7408
f 7424 7429 7430 7425
f 7409 7405 7408
f 7475 7476 7481 7480
f 7470 7471 7476 7475
f 7429 7434 7435 7430
f 7471 7472 7477 7476
f 7428 7433 7434 7429
f 7428 7469 7474 7433
f 7447 7449 7450 7448
f 7406 7449 7447 7405
f 7405 7409 7410 7406
f 7449 7451 7452 7450
f 7407 7451 7449 7406
f 7406 7410 7411 7407
f 7469 7470 7475 7474
f 7433 7438 7439 7434
f 7433 7474 7479 7438
f 7453 7452 7451
f 7412 7453 7451 7407
f 7411 7412 7407
f 7492 7444 7445 7489
f 7441 7489 7487 7442
f 7465 7466 7471 7470
f 7445 7486 7488 7487
f 7446 7448 7455 7454
f 7408 7446 7454 7413
f 7408 7413 7414 7409
f 7474 7475 7480 7479
f 7480 7481 7491 7490
f 7439 7493 7492 7440
f 7432 7473 7468 7427
f 7448 7450 7456 7455
f 7409 7414 7415 7410
f 7450 7452 7457 7456
f 7410 7415 7416 7411
f 7437 7478 7473 7432
f 7438 7494 7493 7439
f 7452 7453 7458 7457
f 7411 7416 7417 7412
f 7482 7483 7488 7495
f 7417 7458 7453 7412
f 7438 7479 7496 7494
f 7454 7455 7460 7459
f 7413 7454 7459 7418
f 7413 7418 7419 7414
f 7443 7484 7485 7444
f 7431 7436 7437 7432
f 7481 7482 7495 7491
f 7426 7431 7432 7427
f 7455 7456 7461 7460
f 7414 7419 7420 7415
f 7456 7457 7462 7461
f 7415 7420 7421 7416
f 7494 7496 7484 7443
f 7479 7480 7490 7496
f 7457 7458 7463 7462
f 7416 7421 7422 7417
f 7467 7468 7473 7472
f 7422 7463 7458 7417
f 7442 7483 7478 7437
f 7459 7460 7465 7464
f 7418 7459 7464 7423
f 7418 7423 7424 7419
f 7472 7473 7478 7477
f 7434 7439 7440 7435
f 7435 7440 7441 7436
f 7477 7478 7483 7482
f 7460 7461 7466 7465
f 7419 7424 7425 7420
f 7461 7462 7467 7466
f 7420 7425 7426 7421
f 7425 7430 7431 7426
f 7436 7441 7442 7437
f 7462 7463 7468 7467
f 7421 7426 7427 7422
f 7440 7492 7489 7441
f 7427 7468 7463 7422
f 7444 7485 7486 7445
f 7464 7465 7470 7469
f 7423 7464 7469 7428
f 7423 7428 7429 7424
f 7476 7477 7482 7481
f 7430 7435 7436 7431
f 7466 7467 7472 7471
f 7487 7488 7483 7442
f 7445 7487 7489
f 7490 7491 7485 7484
f 7493 7443 7444 7492
f 7443 7493 7494
f 7488 7486 7495
f 7490 7484 7496
f 7491 7495 7486 7485
g Group19123
f 7499 7498 7497
f 7500 7499 7497
f 7501 7500 7497
f 7502 7501 7497
f 7503 7502 7497
f 7504 7503 7497
f 7505 7504 7497
f 7506 7505 7497
f 7507 7506 7497
f 7508 7507 7497
f 7509 7508 7497
f 7510 7509 7497
f 7511 7510 7497
f 7512 7511 7497
f 7513 7512 7497
f 7514 7513 7497
f 7515 7514 7497
f 7516 7515 7497
f 7517 7516 7497
f 7518 7517 7497
f 7519 7518 7497
f 7520 7519 7497
f 7521 7520 7497
f 7522 7521 7497
f 7523 7522 7497
f 7524 7523 7497
f 7525 7524 7497
f 7526 7525 7497
f 7527 7526 7497
f 7528 7527 7497
f 7529 7528 7497
f 7498 7529 7497
f 7498 7499 7531 7530
f 7499 7500 7532 7531
f 7500 7501 7533 7532
f 7501 7502 7534 7533
f 7502 7503 7535 7534
f 7503 7504 7536 7535
f 7504 7505 7537 7536
f 7505 7506 7538 7537
f 7506 7507 7539 7538
f 7507 7508 7540 7539
f 7508 7509 7541 7540
f 7509 7510 7542 7541
f 7510 7511 7543 7542
f 7511 7512 7544 7543
f 7512 7513 7545 7544
f 7513 7514 7546 7545
f 7514 7515 7547 7546
f 7515 7516 7548 7547
f 7516 7517 7549 7548
f 7517 7518 7550 7549
f 7518 7519 7551 7550
f 7519 7520 7552 7551
f 7520 7521 7553 7552
f 7521 7522 7554 7553
f 7522 7523 7555 7554
f 7523 7524 7556 7555
f 7524 7525 7557 7556
f 7525 7526 7558 7557
f 7526 7527 7559 7558
f 7527 7528 7560 7559
f 7528 7529 7561 7560
f 7529 7498 7530 7561
f 7530 7531 7563 7562
f 7531 7532 7564 7563
f 7532 7533 7565 7564
f 7533 7534 7566 7565
f 7534 7535 7567 7566
f 7535 7536 7568 7567
f 7536 7537 7569 7568
f 7537 7538 7570 7569
f 7538 7539 7571 7570
f 7539 7540 7572 7571
f 7540 7541 7573 7572
f 7541 7542 7574 7573
f 7542 7543 7575 7574
f 7543 7544 7576 7575
f 7544 7545 7577 7576
f 7545 7546 7578 7577
f 7546 7547 7579 7578
f 7547 7548 7580 7579
f 7548 7549 7581 7580
f 7549 7550 7582 7581
f 7550 7551 7583 7582
f 7551 7552 7584 7583
f 7552 7553 7585 7584
f 7553 7554 7586 7585
f 7554 7555 7587 7586
f 7555 7556 7588 7587
f 7556 7557 7589 7588
f 7557 7558 7590 7589
f 7558 7559 7591 7590
f 7559 7560 7592 7591
f 7560 7561 7593 7592
f 7561 7530 7562 7593
f 7562 7563 7595 7594
f 7563 7564 7596 7595
f 7564 7565 7597 7596
f 7565 7566 7598 7597
f 7566 7567 7599 7598
f 7567 7568 7600 7599
f 7568 7569 7601 7600
f 7569 7570 7602 7601
f 7570 7571 7603 7602
f 7571 7572 7604 7603
f 7572 7573 7605 7604
f 7573 7574 7606 7605
f 7574 7575 7607 7606
f 7575 7576 7608 7607
f 7576 7577 7609 7608
f 7577 7578 7610 7609
f 7578 7579 7611 7610
f 7579 7580 7612 7611
f 7580 7581 7613 7612
f 7581 7582 7614 7613
f 7582 7583 7615 7614
f 7583 7584 7616 7615
f 7584 7585 7617 7616
f 7585 7586 7618 7617
f 7586 7587 7619 7618
f 7587 7588 7620 7619
f 7588 7589 7621 7620
f 7589 7590 7622 7621
f 7590 7591 7623 7622
f 7591 7592 7624 7623
f 7592 7593 7625 7624
f 7593 7562 7594 7625
f 7594 7595 7627 7626
f 7595 7596 7628 7627
f 7596 7597 7629 7628
f 7597 7598 7630 7629
f 7598 7599 7631 7630
f 7599 7600 7632 7631
f 7600 7601 7633 7632
f 7601 7602 7634 7633
f 7602 7603 7635 7634
f 7603 7604 7636 7635
f 7604 7605 7637 7636
f 7605 7606 7638 7637
f 7606 7607 7639 7638
f 7607 7608 7640 7639
f 7608 7609 7641 7640
f 7609 7610 7642 7641
f 7610 7611 7643 7642
f 7611 7612 7644 7643
f 7612 7613 7645 7644
f 7613 7614 7646 7645
f 7614 7615 7647 7646
f 7615 7616 7648 7647
f 7616 7617 7649 7648
f 7617 7618 7650 7649
f 7618 7619 7651 7650
f 7619 7620 7652 7651
f 7620 7621 7653 7652
f 7621 7622 7654 7653
f 7622 7623 7655 7654
f 7623 7624 7656 7655
f 7624 7625 7657 7656
f 7625 7594 7626 7657
f 7626 7627 7659 7658
f 7627 7628 7660 7659
f 7628 7629 7661 7660
f 7629 7630 7662 7661
f 7630 7631 7663 7662
f 7631 7632 7664 7663
f 7632 7633 7665 7664
f 7633 7634 7666 7665
f 7634 7635 7667 7666
f 7635 7636 7668 7667
f 7636 7637 7669 7668
f 7637 7638 7670 7669
f 7638 7639 7671 7670
f 7639 7640 7672 7671
f 7640 7641 7673 7672
f 7641 7642 7674 7673
f 7642 7643 7675 7674
f 7643 7644 7676 7675
f 7644 7645 7677 7676
f 7645 7646 7678 7677
f 7646 7647 7679 7678
f 7647 7648 7680 7679
f 7648 7649 7681 7680
f 7649 7650 7682 7681
f 7650 7651 7683 7682
f 7651 7652 7684 7683
f 7652 7653 7685 7684
f 7653 7654 7686 7685
f 7654 7655 7687 7686
f 7655 7656 7688 7687
f 7656 7657 7689 7688
f 7657 7626 7658 7689
f 7658 7659 7691 7690
f 7659 7660 7692 7691
f 7660 7661 7693 7692
f 7661 7662 7694 7693
f 7662 7663 7695 7694
f 7663 7664 7696 7695
f 7664 7665 7697 7696
f 7665 7666 7698 7697
f 7666 7667 7699 7698
f 7667 7668 7700 7699
f 7668 7669 7701 7700
f 7669 7670 7702 7701
f 7670 7671 7703 7702
f 7671 7672 7704 7703
f 7672 7673 7705 7704
f 7673 7674 7706 7705
f 7674 7675 7707 7706
f 7675 7676 7708 7707
f 7676 7677 7709 7708
f 7677 7678 7710 7709
f 7678 7679 7711 7710
f 7679 7680 7712 7711
f 7680 7681 7713 7712
f 7681 7682 7714 7713
f 7682 7683 7715 7714
f 7683 7684 7716 7715
f 7684 7685 7717 7716
f 7685 7686 7718 7717
f 7686 7687 7719 7718
f 7687 7688 7720 7719
f 7688 7689 7721 7720
f 7689 7658 7690 7721
f 7690 7691 7723 7722
f 7691 7692 7724 7723
f 7692 7693 7725 7724
f 7693 7694 7726 7725
f 7694 7695 7727 7726
f 7695 7696 7728 7727
f 7696 7697 7729 7728
f 7697 7698 7730 7729
f 7698 7699 7731 7730
f 7699 7700 7732 7731
f 7700 7701 7733 7732
f 7701 7702 7734 7733
f 7702 7703 7735 7734
f 7703 7704 7736 7735
f 7704 7705 7737 7736
f 7705 7706 7738 7737
f 7706 7707 7739 7738
f 7707 7708 7740 7739
f 7708 7709 7741 7740
f 7709 7710 7742 7741
f 7710 7711 7743 7742
f 7711 7712 7744 7743
f 7712 7713 7745 7744
f 7713 7714 7746 7745
f 7714 7715 7747 7746
f 7715 7716 7748 7747
f 7716 7717 7749 7748
f 7717 7718 7750 7749
f 7718 7719 7751 7750
f 7719 7720 7752 7751
f 7720 7721 7753 7752
f 7721 7690 7722 7753
f 7722 7723 7755 7754
f 7723 7724 7756 7755
f 7724 7725 7757 7756
f 7725 7726 7758 7757
f 7726 7727 7759 7758
f 7727 7728 7760 7759
f 7728 7729 7761 7760
f 7729 7730 7762 7761
f 7730 7731 7763 7762
f 7731 7732 7764 7763
f 7732 7733 7765 7764
f 7733 7734 7766 7765
f 7734 7735 7767 7766
f 7735 7736 7768 7767
f 7736 7737 7769 7768
f 7737 7738 7770 7769
f 7738 7739 7771 7770
f 7739 7740 7772 7771
f 7740 7741 7773 7772
f 7741 7742 7774 7773
f 7742 7743 7775 7774
f 7743 7744 7776 7775
f 7744 7745 7777 7776
f 7745 7746 7778 7777
f 7746 7747 7779 7778
f 7747 7748 7780 7779
f 7748 7749 7781 7780
f 7749 7750 7782 7781
f 7750 7751 7783 7782
f 7751 7752 7784 7783
f 7752 7753 7785 7784
f 7753 7722 7754 7785
f 7754 7755 7787 7786
f 7755 7756 7788 7787
f 7756 7757 7789 7788
f 7757 7758 7790 7789
f 7758 7759 7791 7790
f 7759 7760 7792 7791
f 7760 7761 7793 7792
f 7761 7762 7794 7793
f 7762 7763 7795 7794
f 7763 7764 7796 7795
f 7764 7765 7797 7796
f 7765 7766 7798 7797
f 7766 7767 7799 7798
f 7767 7768 7800 7799
f 7768 7769 7801 7800
f 7769 7770 7802 7801
f 7770 7771 7803 7802
f 7771 7772 7804 7803
f 7772 7773 7805 7804
f 7773 7774 7806 7805
f 7774 7775 7807 7806
f 7775 7776 7808 7807
f 7776 7777 7809 7808
f 7777 7778 7810 7809
f 7778 7779 7811 7810
f 7779 7780 7812 7811
f 7780 7781 7813 7812
f 7781 7782 7814 7813
f 7782 7783 7815 7814
f 7783 7784 7816 7815
f 7784 7785 7817 7816
f 7785 7754 7786 7817
f 7786 7787 7819 7818
f 7787 7788 7820 7819
f 7788 7789 7821 7820
f 7789 7790 7822 7821
f 7790 7791 7823 7822
f 7791 7792 7824 7823
f 7792 7793 7825 7824
f 7793 7794 7826 7825
f 7794 7795 7827 7826
f 7795 7796 7828 7827
f 7796 7797 7829 7828
f 7797 7798 7830 7829
f 7798 7799 7831 7830
f 7799 7800 7832 7831
f 7800 7801 7833 7832
f 7801 7802 7834 7833
f 7802 7803 7835 7834
f 7803 7804 7836 7835
f 7804 7805 7837 7836
f 7805 7806 7838 7837
f 7806 7807 7839 7838
f 7807 7808 7840 7839
f 7808 7809 7841 7840
f 7809 7810 7842 7841
f 7810 7811 7843 7842
f 7811 7812 7844 7843
f 7812 7813 7845 7844
f 7813 7814 7846 7845
f 7814 7815 7847 7846
f 7815 7816 7848 7847
f 7816 7817 7849 7848
f 7817 7786 7818 7849
f 7818 7819 7851 7850
f 7819 7820 7852 7851
f 7820 7821 7853 7852
f 7821 7822 7854 7853
f 7822 7823 7855 7854
f 7823 7824 7856 7855
f 7824 7825 7857 7856
f 7825 7826 7858 7857
f 7826 7827 7859 7858
f 7827 7828 7860 7859
f 7828 7829 7861 7860
f 7829 7830 7862 7861
f 7830 7831 7863 7862
f 7831 7832 7864 7863
f 7832 7833 7865 7864
f 7833 7834 7866 7865
f 7834 7835 7867 7866
f 7835 7836 7868 7867
f 7836 7837 7869 7868
f 7837 7838 7870 7869
f 7838 7839 7871 7870
f 7839 7840 7872 7871
f 7840 7841 7873 7872
f 7841 7842 7874 7873
f 7842 7843 7875 7874
f 7843 7844 7876 7875
f 7844 7845 7877 7876
f 7845 7846 7878 7877
f 7846 7847 7879 7878
f 7847 7848 7880 7879
f 7848 7849 7881 7880
f 7849 7818 7850 7881
f 7850 7851 7883 7882
f 7851 7852 7884 7883
f 7852 7853 7885 7884
f 7853 7854 7886 7885
f 7854 7855 7887 7886
f 7855 7856 7888 7887
f 7856 7857 7889 7888
f 7857 7858 7890 7889
f 7858 7859 7891 7890
f 7859 7860 7892 7891
f 7860 7861 7893 7892
f 7861 7862 7894 7893
f 7862 7863 7895 7894
f 7863 7864 7896 7895
f 7864 7865 7897 7896
f 7865 7866 7898 7897
f 7866 7867 7899 7898
f 7867 7868 7900 7899
f 7868 7869 7901 7900
f 7869 7870 7902 7901
f 7870 7871 7903 7902
f 7871 7872 7904 7903
f 7872 7873 7905 7904
f 7873 7874 7906 7905
f 7874 7875 7907 7906
f 7875 7876 7908 7907
f 7876 7877 7909 7908
f 7877 7878 7910 7909
f 7878 7879 7911 7910
f 7879 7880 7912 7911
f 7880 7881 7913 7912
f 7881 7850 7882 7913
f 7882 7883 7915 7914
f 7883 7884 7916 7915
f 7884 7885 7917 7916
f 7885 7886 7918 7917
f 7886 7887 7919 7918
f 7887 7888 7920 7919
f 7888 7889 7921 7920
f 7889 7890 7922 7921
f 7890 7891 7923 7922
f 7891 7892 7924 7923
f 7892 7893 7925 7924
f 7893 7894 7926 7925
f 7894 7895 7927 7926
f 7895 7896 7928 7927
f 7896 7897 7929 7928
f 7897 7898 7930 7929
f 7898 7899 7931 7930
f 7899 7900 7932 7931
f 7900 7901 7933 7932
f 7901 7902 7934 7933
f 7902 7903 7935 7934
f 7903 7904 7936 7935
f 7904 7905 7937 7936
f 7905 7906 7938 7937
f 7906 7907 7939 7938
f 7907 7908 7940 7939
f 7908 7909 7941 7940
f 7909 7910 7942 7941
f 7910 7911 7943 7942
f 7911 7912 7944 7943
f 7912 7913 7945 7944
f 7913 7882 7914 7945
f 7914 7915 7947 7946
f 7915 7916 7948 7947
f 7916 7917 7949 7948
f 7917 7918 7950 7949
f 7918 7919 7951 7950
f 7919 7920 7952 7951
f 7920 7921 7953 7952
f 7921 7922 7954 7953
f 7922 7923 7955 7954
f 7923 7924 7956 7955
f 7924 7925 7957 7956
f 7925 7926 7958 7957
f 7926 7927 7959 7958
f 7927 7928 7960 7959
f 7928 7929 7961 7960
f 7929 7930 7962 7961
f 7930 7931 7963 7962
f 7931 7932 7964 7963
f 7932 7933 7965 7964
f 7933 7934 7966 7965
f 7934 7935 7967 7966
f 7935 7936 7968 7967
f 7936 7937 7969 7968
f 7937 7938 7970 7969
f 7938 7939 7971 7970
f 7939 7940 7972 7971
f 7940 7941 7973 7972
f 7941 7942 7974 7973
f 7942 7943 7975 7974
f 7943 7944 7976 7975
f 7944 7945 7977 7976
f 7945 7914 7946 7977
f 7947 7978 7946
f 7948 7978 7947
f 7949 7978 7948
f 7950 7978 7949
f 7951 7978 7950
f 7952 7978 7951
f 7953 7978 7952
f 7954 7978 7953
f 7955 7978 7954
f 7956 7978 7955
f 7957 7978 7956
f 7958 7978 7957
f 7959 7978 7958
f 7960 7978 7959
f 7961 7978 7960
f 7962 7978 7961
f 7963 7978 7962
f 7964 7978 7963
f 7965 7978 7964
f 7966 7978 7965
f 7967 7978 7966
f 7968 7978 7967
f 7969 7978 7968
f 7970 7978 7969
f 7971 7978 7970
f 7972 7978 7971
f 7973 7978 7972
f 7974 7978 7973
f 7975 7978 7974
f 7976 7978 7975
f 7977 7978 7976
f 7946 7978 7977
g Group28490
f 8029 7981 7982 8030
f 8030 7982 7984 8032
f 8032 7984 7986 8034
f 8036 7988 7990 8038
f 8006 8005 7979 7981
f 8038 7990 7992 8040
f 8004 8003 8005 8006
f 8040 7992 7994 8042
f 8002 8001 8003 8004
f 8042 7994 7996 8044
f 8044 7996 7998 8046
f 8046 7998 8000 8048
f 7998 7997 7999 8000
f 7996 7995 7997 7998
f 7994 7993 7995 7996
f 8050 8002 8004 8052
f 7992 7991 7993 7994
f 8052 8004 8006 8054
f 7990 7989 7991 7992
f 8054 8006 7981 8029
f 8010 8007 8008 8009
f 8012 8011 8007 8010
f 8014 8013 8011 8012
f 8016 8015 8013 8014
f 8023 8018 8017 8022
f 8024 8019 8018 8023
f 8025 8020 8019 8024
f 8026 8021 8020 8025
f 8005 8007 8011 7979
f 7979 8011 8013 7980
f 7980 8013 8015 7983
f 7983 8015 8016 7985
f 7987 8021 8026 7989
f 7989 8026 8025 7991
f 7991 8025 8024 7993
f 7993 8024 8023 7995
f 7995 8023 8022 7997
f 7997 8022 8017 7999
f 8001 8009 8008 8003
f 8003 8008 8007 8005
f 8030 8027 8028 8029
f 8032 8031 8027 8030
f 8034 8033 8031 8032
f 8038 8037 8035 8036
f 8040 8039 8037 8038
f 8042 8041 8039 8040
f 8044 8043 8041 8042
f 8046 8045 8043 8044
f 8048 8047 8045 8046
f 8052 8051 8049 8050
f 8054 8053 8051 8052
f 8029 8028 8053 8054
f 8055 8027 8031 8033
f 8056 8028 8027 8055
f 8057 8053 8028 8056
f 8049 8051 8053 8057
f 8039 8058 8035 8037
f 8041 8059 8058 8039
f 8043 8060 8059 8041
f 8045 8047 8060 8043
f 7981 7979 7980 7982
f 7982 7980 7983 7984
f 7984 7983 7985 7986
f 7988 7987 7989 7990
f 8034 7986 8062 8061
f 8063 8064 7988 8036
f 8065 8066 8001 8002
f 8000 7999 8068 8067
f 8048 8000 8067 8069
f 8070 8065 8002 8050
f 8071 8010 8009 8072
f 8073 8012 8010 8071
f 8074 8014 8012 8073
f 8075 8016 8014 8074
f 8018 8077 8076 8017
f 8019 8078 8077 8018
f 8020 8079 8078 8019
f 8021 8080 8079 8020
f 7985 8016 8075 8081
f 8082 8080 8021 7987
f 7999 8017 8076 8068
f 8066 8072 8009 8001
f 8061 8083 8033 8034
f 8036 8035 8084 8063
f 8069 8085 8047 8048
f 8050 8049 8086 8070
f 8087 8055 8033 8083
f 8088 8056 8055 8087
f 8089 8057 8056 8088
f 8086 8049 8057 8089
f 8058 8090 8084 8035
f 8059 8091 8090 8058
f 8060 8092 8091 8059
f 8047 8085 8092 8060
f 7986 7985 8081 8062
f 8064 8082 7987 7988
f 8062 8064 8063 8061
f 8067 8065 8070 8069
f 8084 8083 8061 8063
f 8086 8085 8069 8070
f 8085 8086 8089 8092
f 8083 8084 8090 8087
f 8087 8090 8091 8088
f 8088 8091 8092 8089
f 8064 8062 8093 8094
f 8075 8093 8062 8081
f 8082 8064 8094 8080
f 8065 8067 8095 8096
f 8076 8095 8067 8068
f 8066 8065 8096 8072
f 8096 8095 8097 8098
f 8077 8097 8095 8076
f 8072 8096 8098 8071
f 8100 8099 8094 8093
f 8080 8094 8099 8079
f 8074 8100 8093 8075
f 8098 8097 8101 8102
f 8078 8101 8097 8077
f 8071 8098 8102 8073
f 8102 8101 8099 8100
f 8079 8099 8101 8078
f 8073 8102 8100 8074
g Group56321
f 8153 8154 8106 8105
f 8154 8156 8108 8106
f 8156 8158 8110 8108
f 8160 8162 8114 8112
f 8130 8105 8103 8129
f 8162 8164 8116 8114
f 8128 8130 8129 8127
f 8164 8166 8118 8116
f 8126 8128 8127 8125
f 8166 8168 8120 8118
f 8168 8170 8122 8120
f 8170 8172 8124 8122
f 8122 8124 8123 8121
f 8120 8122 8121 8119
f 8118 8120 8119 8117
f 8174 8176 8128 8126
f 8116 8118 8117 8115
f 8176 8178 8130 8128
f 8114 8116 8115 8113
f 8178 8153 8105 8130
f 8134 8133 8132 8131
f 8136 8134 8131 8135
f 8138 8136 8135 8137
f 8140 8138 8137 8139
f 8147 8146 8141 8142
f 8148 8147 8142 8143
f 8149 8148 8143 8144
f 8150 8149 8144 8145
f 8129 8103 8135 8131
f 8103 8104 8137 8135
f 8104 8107 8139 8137
f 8107 8109 8140 8139
f 8111 8113 8150 8145
f 8113 8115 8149 8150
f 8115 8117 8148 8149
f 8117 8119 8147 8148
f 8119 8121 8146 8147
f 8121 8123 8141 8146
f 8125 8127 8132 8133
f 8127 8129 8131 8132
f 8154 8153 8152 8151
f 8156 8154 8151 8155
f 8158 8156 8155 8157
f 8162 8160 8159 8161
f 8164 8162 8161 8163
f 8166 8164 8163 8165
f 8168 8166 8165 8167
f 8170 8168 8167 8169
f 8172 8170 8169 8171
f 8176 8174 8173 8175
f 8178 8176 8175 8177
f 8153 8178 8177 8152
f 8179 8157 8155 8151
f 8180 8179 8151 8152
f 8181 8180 8152 8177
f 8173 8181 8177 8175
f 8163 8161 8159 8182
f 8165 8163 8182 8183
f 8167 8165 8183 8184
f 8169 8167 8184 8171
f 8105 8106 8104 8103
f 8106 8108 8107 8104
f 8108 8110 8109 8107
f 8112 8114 8113 8111
f 8158 8185 8186 8110
f 8187 8160 8112 8188
f 8189 8126 8125 8190
f 8124 8191 8192 8123
f 8172 8193 8191 8124
f 8194 8174 8126 8189
f 8195 8196 8133 8134
f 8197 8195 8134 8136
f 8198 8197 8136 8138
f 8199 8198 8138 8140
f 8142 8141 8200 8201
f 8143 8142 8201 8202
f 8144 8143 8202 8203
f 8145 8144 8203 8204
f 8109 8205 8199 8140
f 8206 8111 8145 8204
f 8123 8192 8200 8141
f 8190 8125 8133 8196
f 8185 8158 8157 8207
f 8160 8187 8208 8159
f 8193 8172 8171 8209
f 8174 8194 8210 8173
f 8211 8207 8157 8179
f 8212 8211 8179 8180
f 8213 8212 8180 8181
f 8210 8213 8181 8173
f 8182 8159 8208 8214
f 8183 8182 8214 8215
f 8184 8183 8215 8216
f 8171 8184 8216 8209
f 8110 8186 8205 8109
f 8188 8112 8111 8206
f 8186 8185 8187 8188
f 8191 8193 8194 8189
f 8208 8187 8185 8207
f 8210 8194 8193 8209
f 8209 8216 8213 8210
f 8207 8211 8214 8208
f 8211 8212 8215 8214
f 8212 8213 8216 8215
f 8188 8218 8217 8186
f 8199 8205 8186 8217
f 8206 8204 8218 8188
f 8189 8220 8219 8191
f 8200 8192 8191 8219
f 8190 8196 8220 8189
f 8220 8222 8221 8219
f 8201 8200 8219 8221
f 8196 8195 8222 8220
f 8224 8217 8218 8223
f 8204 8203 8223 8218
f 8198 8199 8217 8224
f 8222 8226 8225 8221
f 8202 8201 8221 8225
f 8195 8197 8226 8222
f 8226 8224 8223 8225
f 8203 8202 8225 8223
f 8197 8198 8224 8226
g Group53891
f 8277 8229 8230 8278
f 8278 8230 8232 8280
f 8280 8232 8234 8282
f 8284 8236 8238 8286
f 8254 8253 8227 8229
f 8286 8238 8240 8288
f 8252 8251 8253 8254
f 8288 8240 8242 8290
f 8250 8249 8251 8252
f 8290 8242 8244 8292
f 8292 8244 8246 8294
f 8294 8246 8248 8296
f 8246 8245 8247 8248
f 8244 8243 8245 8246
f 8242 8241 8243 8244
f 8298 8250 8252 8300
f 8240 8239 8241 8242
f 8300 8252 8254 8302
f 8238 8237 8239 8240
f 8302 8254 8229 8277
f 8258 8255 8256 8257
f 8260 8259 8255 8258
f 8262 8261 8259 8260
f 8264 8263 8261 8262
f 8271 8266 8265 8270
f 8272 8267 8266 8271
f 8273 8268 8267 8272
f 8274 8269 8268 8273
f 8253 8255 8259 8227
f 8227 8259 8261 8228
f 8228 8261 8263 8231
f 8231 8263 8264 8233
f 8235 8269 8274 8237
f 8237 8274 8273 8239
f 8239 8273 8272 8241
f 8241 8272 8271 8243
f 8243 8271 8270 8245
f 8245 8270 8265 8247
f 8249 8257 8256 8251
f 8251 8256 8255 8253
f 8278 8275 8276 8277
f 8280 8279 8275 8278
f 8282 8281 8279 8280
f 8286 8285 8283 8284
f 8288 8287 8285 8286
f 8290 8289 8287 8288
f 8292 8291 8289 8290
f 8294 8293 8291 8292
f 8296 8295 8293 8294
f 8300 8299 8297 8298
f 8302 8301 8299 8300
f 8277 8276 8301 8302
f 8303 8275 8279 8281
f 8304 8276 8275 8303
f 8305 8301 8276 8304
f 8297 8299 8301 8305
f 8287 8306 8283 8285
f 8289 8307 8306 8287
f 8291 8308 8307 8289
f 8293 8295 8308 8291
f 8229 8227 8228 8230
f 8230 8228 8231 8232
f 8232 8231 8233 8234
f 8236 8235 8237 8238
f 8282 8234 8310 8309
f 8311 8312 8236 8284
f 8313 8314 8249 8250
f 8248 8247 8316 8315
f 8296 8248 8315 8317
f 8318 8313 8250 8298
f 8319 8258 8257 8320
f 8321 8260 8258 8319
f 8322 8262 8260 8321
f 8323 8264 8262 8322
f 8266 8325 8324 8265
f 8267 8326 8325 8266
f 8268 8327 8326 8267
f 8269 8328 8327 8268
f 8233 8264 8323 8329
f 8330 8328 8269 8235
f 8247 8265 8324 8316
f 8314 8320 8257 8249
f 8309 8331 8281 8282
f 8284 8283 8332 8311
f 8317 8333 8295 8296
f 8298 8297 8334 8318
f 8335 8303 8281 8331
f 8336 8304 8303 8335
f 8337 8305 8304 8336
f 8334 8297 8305 8337
f 8306 8338 8332 8283
f 8307 8339 8338 8306
f 8308 8340 8339 8307
f 8295 8333 8340 8308
f 8234 8233 8329 8310
f 8312 8330 8235 8236
f 8310 8312 8311 8309
f 8315 8313 8318 8317
f 8332 8331 8309 8311
f 8334 8333 8317 8318
f 8333 8334 8337 8340
f 8331 8332 8338 8335
f 8335 8338 8339 8336
f 8336 8339 8340 8337
f 8312 8310 8341 8342
f 8323 8341 8310 8329
f 8330 8312 8342 8328
f 8313 8315 8343 8344
f 8324 8343 8315 8316
f 8314 8313 8344 8320
f 8344 8343 8345 8346
f 8325 8345 8343 8324
f 8320 8344 8346 8319
f 8348 8347 8342 8341
f 8328 8342 8347 8327
f 8322 8348 8341 8323
f 8346 8345 8349 8350
f 8326 8349 8345 8325
f 8319 8346 8350 8321
f 8350 8349 8347 8348
f 8327 8347 8349 8326
f 8321 8350 8348 8322
g Group24768
f 8401 8353 8354 8402
f 8402 8354 8356 8404
f 8404 8356 8358 8406
f 8408 8360 8362 8410
f 8378 8377 8351 8353
f 8410 8362 8364 8412
f 8376 8375 8377 8378
f 8412 8364 8366 8414
f 8374 8373 8375 8376
f 8414 8366 8368 8416
f 8416 8368 8370 8418
f 8418 8370 8372 8420
f 8370 8369 8371 8372
f 8368 8367 8369 8370
f 8366 8365 8367 8368
f 8422 8374 8376 8424
f 8364 8363 8365 8366
f 8424 8376 8378 8426
f 8362 8361 8363 8364
f 8426 8378 8353 8401
f 8382 8379 8380 8381
f 8384 8383 8379 8382
f 8386 8385 8383 8384
f 8388 8387 8385 8386
f 8395 8390 8389 8394
f 8396 8391 8390 8395
f 8397 8392 8391 8396
f 8398 8393 8392 8397
f 8377 8379 8383 8351
f 8351 8383 8385 8352
f 8352 8385 8387 8355
f 8355 8387 8388 8357
f 8359 8393 8398 8361
f 8361 8398 8397 8363
f 8363 8397 8396 8365
f 8365 8396 8395 8367
f 8367 8395 8394 8369
f 8369 8394 8389 8371
f 8373 8381 8380 8375
f 8375 8380 8379 8377
f 8402 8399 8400 8401
f 8404 8403 8399 8402
f 8406 8405 8403 8404
f 8410 8409 8407 8408
f 8412 8411 8409 8410
f 8414 8413 8411 8412
f 8416 8415 8413 8414
f 8418 8417 8415 8416
f 8420 8419 8417 8418
f 8424 8423 8421 8422
f 8426 8425 8423 8424
f 8401 8400 8425 8426
f 8427 8399 8403 8405
f 8428 8400 8399 8427
f 8429 8425 8400 8428
f 8421 8423 8425 8429
f 8411 8430 8407 8409
f 8413 8431 8430 8411
f 8415 8432 8431 8413
f 8417 8419 8432 8415
f 8353 8351 8352 8354
f 8354 8352 8355 8356
f 8356 8355 8357 8358
f 8360 8359 8361 8362
f 8406 8358 8434 8433
f 8435 8436 8360 8408
f 8437 8438 8373 8374
f 8372 8371 8440 8439
f 8420 8372 8439 8441
f 8442 8437 8374 8422
f 8443 8382 8381 8444
f 8445 8384 8382 8443
f 8446 8386 8384 8445
f 8447 8388 8386 8446
f 8390 8449 8448 8389
f 8391 8450 8449 8390
f 8392 8451 8450 8391
f 8393 8452 8451 8392
f 8357 8388 8447 8453
f 8454 8452 8393 8359
f 8371 8389 8448 8440
f 8438 8444 8381 8373
f 8433 8455 8405 8406
f 8408 8407 8456 8435
f 8441 8457 8419 8420
f 8422 8421 8458 8442
f 8459 8427 8405 8455
f 8460 8428 8427 8459
f 8461 8429 8428 8460
f 8458 8421 8429 8461
f 8430 8462 8456 8407
f 8431 8463 8462 8430
f 8432 8464 8463 8431
f 8419 8457 8464 8432
f 8358 8357 8453 8434
f 8436 8454 8359 8360
f 8434 8436 8435 8433
f 8439 8437 8442 8441
f 8456 8455 8433 8435
f 8458 8457 8441 8442
f 8457 8458 8461 8464
f 8455 8456 8462 8459
f 8459 8462 8463 8460
f 8460 8463 8464 8461
f 8436 8434 8465 8466
f 8447 8465 8434 8453
f 8454 8436 8466 8452
f 8437 8439 8467 8468
f 8448 8467 8439 8440
f 8438 8437 8468 8444
f 8468 8467 8469 8470
f 8449 8469 8467 8448
f 8444 8468 8470 8443
f 8472 8471 8466 8465
f 8452 8466 8471 8451
f 8446 8472 8465 8447
f 8470 8469 8473 8474
f 8450 8473 8469 8449
f 8443 8470 8474 8445
f 8474 8473 8471 8472
f 8451 8471 8473 8450
f 8445 8474 8472 8446
g Group26439
f 8525 8477 8478 8526
f 8526 8478 8480 8528
f 8528 8480 8482 8530
f 8532 8484 8486 8534
f 8502 8501 8475 8477
f 8534 8486 8488 8536
f 8500 8499 8501 8502
f 8536 8488 8490 8538
f 8498 8497 8499 8500
f 8538 8490 8492 8540
f 8540 8492 8494 8542
f 8542 8494 8496 8544
f 8494 8493 8495 8496
f 8492 8491 8493 8494
f 8490 8489 8491 8492
f 8546 8498 8500 8548
f 8488 8487 8489 8490
f 8548 8500 8502 8550
f 8486 8485 8487 8488
f 8550 8502 8477 8525
f 8506 8503 8504 8505
f 8508 8507 8503 8506
f 8510 8509 8507 8508
f 8512 8511 8509 8510
f 8519 8514 8513 8518
f 8520 8515 8514 8519
f 8521 8516 8515 8520
f 8522 8517 8516 8521
f 8501 8503 8507 8475
f 8475 8507 8509 8476
f 8476 8509 8511 8479
f 8479 8511 8512 8481
f 8483 8517 8522 8485
f 8485 8522 8521 8487
f 8487 8521 8520 8489
f 8489 8520 8519 8491
f 8491 8519 8518 8493
f 8493 8518 8513 8495
f 8497 8505 8504 8499
f 8499 8504 8503 8501
f 8526 8523 8524 8525
f 8528 8527 8523 8526
f 8530 8529 8527 8528
f 8534 8533 8531 8532
f 8536 8535 8533 8534
f 8538 8537 8535 8536
f 8540 8539 8537 8538
f 8542 8541 8539 8540
f 8544 8543 8541 8542
f 8548 8547 8545 8546
f 8550 8549 8547 8548
f 8525 8524 8549 8550
f 8551 8523 8527 8529
f 8552 8524 8523 8551
f 8553 8549 8524 8552
f 8545 8547 8549 8553
f 8535 8554 8531 8533
f 8537 8555 8554 8535
f 8539 8556 8555 8537
f 8541 8543 8556 8539
f 8477 8475 8476 8478
f 8478 8476 8479 8480
f 8480 8479 8481 8482
f 8484 8483 8485 8486
f 8530 8482 8558 8557
f 8559 8560 8484 8532
f 8561 8562 8497 8498
f 8496 8495 8564 8563
f 8544 8496 8563 8565
f 8566 8561 8498 8546
f 8567 8506 8505 8568
f 8569 8508 8506 8567
f 8570 8510 8508 8569
f 8571 8512 8510 8570
f 8514 8573 8572 8513
f 8515 8574 8573 8514
f 8516 8575 8574 8515
f 8517 8576 8575 8516
f 8481 8512 8571 8577
f 8578 8576 8517 8483
f 8495 8513 8572 8564
f 8562 8568 8505 8497
f 8557 8579 8529 8530
f 8532 8531 8580 8559
f 8565 8581 8543 8544
f 8546 8545 8582 8566
f 8583 8551 8529 8579
f 8584 8552 8551 8583
f 8585 8553 8552 8584
f 8582 8545 8553 8585
f 8554 8586 8580 8531
f 8555 8587 8586 8554
f 8556 8588 8587 8555
f 8543 8581 8588 8556
f 8482 8481 8577 8558
f 8560 8578 8483 8484
f 8558 8560 8559 8557
f 8563 8561 8566 8565
f 8580 8579 8557 8559
f 8582 8581 8565 8566
f 8581 8582 8585 8588
f 8579 8580 8586 8583
f 8583 8586 8587 8584
f 8584 8587 8588 8585
f 8560 8558 8589 8590
f 8571 8589 8558 8577
f 8578 8560 8590 8576
f 8561 8563 8591 8592
f 8572 8591 8563 8564
f 8562 8561 8592 8568
f 8592 8591 8593 8594
f 8573 8593 8591 8572
f 8568 8592 8594 8567
f 8596 8595 8590 8589
f 8576 8590 8595 8575
f 8570 8596 8589 8571
f 8594 8593 8597 8598
f 8574 8597 8593 8573
f 8567 8594 8598 8569
f 8598 8597 8595 8596
f 8575 8595 8597 8574
f 8569 8598 8596 8570
g Group7584
f 8649 8601 8602 8650
f 8650 8602 8604 8652
f 8652 8604 8606 8654
f 8656 8608 8610 8658
f 8626 8625 8599 8601
f 8658 8610 8612 8660
f 8624 8623 8625 8626
f 8660 8612 8614 8662
f 8622 8621 8623 8624
f 8662 8614 8616 8664
f 8664 8616 8618 8666
f 8666 8618 8620 8668
f 8618 8617 8619 8620
f 8616 8615 8617 8618
f 8614 8613 8615 8616
f 8670 8622 8624 8672
f 8612 8611 8613 8614
f 8672 8624 8626 8674
f 8610 8609 8611 8612
f 8674 8626 8601 8649
f 8630 8627 8628 8629
f 8632 8631 8627 8630
f 8634 8633 8631 8632
f 8636 8635 8633 8634
f 8643 8638 8637 8642
f 8644 8639 8638 8643
f 8645 8640 8639 8644
f 8646 8641 8640 8645
f 8625 8627 8631 8599
f 8599 8631 8633 8600
f 8600 8633 8635 8603
f 8603 8635 8636 8605
f 8607 8641 8646 8609
f 8609 8646 8645 8611
f 8611 8645 8644 8613
f 8613 8644 8643 8615
f 8615 8643 8642 8617
f 8617 8642 8637 8619
f 8621 8629 8628 8623
f 8623 8628 8627 8625
f 8650 8647 8648 8649
f 8652 8651 8647 8650
f 8654 8653 8651 8652
f 8658 8657 8655 8656
f 8660 8659 8657 8658
f 8662 8661 8659 8660
f 8664 8663 8661 8662
f 8666 8665 8663 8664
f 8668 8667 8665 8666
f 8672 8671 8669 8670
f 8674 8673 8671 8672
f 8649 8648 8673 8674
f 8675 8647 8651 8653
f 8676 8648 8647 8675
f 8677 8673 8648 8676
f 8669 8671 8673 8677
f 8659 8678 8655 8657
f 8661 8679 8678 8659
f 8663 8680 8679 8661
f 8665 8667 8680 8663
f 8601 8599 8600 8602
f 8602 8600 8603 8604
f 8604 8603 8605 8606
f 8608 8607 8609 8610
f 8654 8606 8682 8681
f 8683 8684 8608 8656
f 8685 8686 8621 8622
f 8620 8619 8688 8687
f 8668 8620 8687 8689
f 8690 8685 8622 8670
f 8691 8630 8629 8692
f 8693 8632 8630 8691
f 8694 8634 8632 8693
f 8695 8636 8634 8694
f 8638 8697 8696 8637
f 8639 8698 8697 8638
f 8640 8699 8698 8639
f 8641 8700 8699 8640
f 8605 8636 8695 8701
f 8702 8700 8641 8607
f 8619 8637 8696 8688
f 8686 8692 8629 8621
f 8681 8703 8653 8654
f 8656 8655 8704 8683
f 8689 8705 8667 8668
f 8670 8669 8706 8690
f 8707 8675 8653 8703
f 8708 8676 8675 8707
f 8709 8677 8676 8708
f 8706 8669 8677 8709
f 8678 8710 8704 8655
f 8679 8711 8710 8678
f 8680 8712 8711 8679
f 8667 8705 8712 8680
f 8606 8605 8701 8682
f 8684 8702 8607 8608
f 8682 8684 8683 8681
f 8687 8685 8690 8689
f 8704 8703 8681 8683
f 8706 8705 8689 8690
f 8705 8706 8709 8712
f 8703 8704 8710 8707
f 8707 8710 8711 8708
f 8708 8711 8712 8709
f 8684 8682 8713 8714
f 8695 8713 8682 8701
f 8702 8684 8714 8700
f 8685 8687 8715 8716
f 8696 8715 8687 8688
f 8686 8685 8716 8692
f 8716 8715 8717 8718
f 8697 8717 8715 8696
f 8692 8716 8718 8691
f 8720 8719 8714 8713
f 8700 8714 8719 8699
f 8694 8720 8713 8695
f 8718 8717 8721 8722
f 8698 8721 8717 8697
f 8691 8718 8722 8693
f 8722 8721 8719 8720
f 8699 8719 8721 8698
f 8693 8722 8720 8694
g Group15484
f 8807 8789 8795 8814
f 8814 8795 8796 8813
f 8794 8812 8813 8796
f 8792 8811 8812 8794
f 8737 8733 8731 8741
f 8739 8742 8732 8734
f 8738 8735 8733 8737
f 8727 8735 8738 8730
f 8740 8739 8734 8736
f 8726 8740 8736 8723
f 8811 8792 8793 8810
f 8786 8804 8810 8793
f 8747 8745 8728 8748
f 8751 8729 8753 8752
f 8790 8808 8809 8791
f 8797 8779 8791 8809
f 8751 8748 8728 8729
f 8759 8761 8760 8731
f 8765 8759 8731 8733
f 8767 8765 8733 8735
f 8743 8767 8735 8727
f 8738 8737 8770 8769
f 8730 8738 8769 8757
f 8737 8741 8773 8770
f 8741 8776 8775 8773
f 8741 8731 8760 8776
f 8806 8787 8788 8805
f 8787 8806 8808 8790
f 8746 8745 8747 8749
f 8748 8750 8749 8747
f 8753 8754 8755 8752
f 8752 8755 8756 8751
f 8782 8800 8803 8783
f 8805 8788 8789 8807
f 8750 8748 8751 8756
f 8763 8761 8759 8762
f 8761 8763 8764 8760
f 8762 8759 8765 8766
f 8766 8765 8767 8768
f 8743 8744 8768 8767
f 8758 8757 8769 8772
f 8770 8771 8772 8769
f 8771 8770 8773 8774
f 8774 8773 8775 8778
f 8776 8777 8778 8775
f 8760 8764 8777 8776
f 8801 8785 8783 8803
f 8781 8782 8724 8780
f 8783 8785 8784 8725
f 8799 8781 8780 8798
f 8783 8725 8724 8782
f 8787 8732 8789 8788
f 8790 8734 8732 8787
f 8791 8736 8734 8790
f 8723 8736 8791 8779
f 8740 8793 8792 8739
f 8786 8793 8740 8726
f 8739 8792 8794 8742
f 8742 8794 8796 8795
f 8742 8795 8789 8732
f 8781 8799 8800 8782
f 8798 8746 8749 8799
f 8799 8749 8750 8800
f 8801 8755 8754 8802
f 8803 8756 8755 8801
f 8785 8801 8802 8784
f 8800 8750 8756 8803
f 8805 8763 8762 8806
f 8807 8764 8763 8805
f 8806 8762 8766 8808
f 8808 8766 8768 8809
f 8797 8809 8768 8744
f 8810 8772 8771 8811
f 8758 8772 8810 8804
f 8811 8771 8774 8812
f 8813 8778 8777 8814
f 8812 8774 8778 8813
f 8814 8777 8764 8807
f 8797 8744 8816 8815
f 8815 8816 8818 8817
f 8817 8818 8820 8819
f 8819 8820 8746 8798
f 8728 8745 8822 8821
f 8821 8822 8824 8823
f 8823 8824 8826 8825
f 8825 8826 8743 8727
f 8753 8729 8828 8827
f 8827 8828 8830 8829
f 8829 8830 8832 8831
f 8831 8832 8730 8757
f 8780 8724 8834 8833
f 8833 8834 8836 8835
f 8835 8836 8838 8837
f 8837 8838 8723 8779
f 8784 8802 8840 8839
f 8839 8840 8842 8841
f 8841 8842 8844 8843
f 8843 8844 8804 8786
f 8724 8725 8845 8834
f 8834 8845 8846 8836
f 8836 8846 8847 8838
f 8838 8847 8726 8723
f 8744 8743 8826 8816
f 8816 8826 8824 8818
f 8818 8824 8822 8820
f 8820 8822 8745 8746
f 8802 8754 8848 8840
f 8840 8848 8849 8842
f 8842 8849 8850 8844
f 8844 8850 8758 8804
f 8798 8780 8833 8819
f 8819 8833 8835 8817
f 8817 8835 8837 8815
f 8815 8837 8779 8797
f 8729 8728 8821 8828
f 8828 8821 8823 8830
f 8830 8823 8825 8832
f 8832 8825 8727 8730
f 8754 8753 8827 8848
f 8848 8827 8829 8849
f 8849 8829 8831 8850
f 8850 8831 8757 8758
f 8725 8784 8839 8845
f 8845 8839 8841 8846
f 8846 8841 8843 8847
f 8847 8843 8786 8726
g Group48237
f 8966 8965 8964 8963
f 8851 8855 8854 8853
f 8966 8963 8968 8967
f 8856 8857 8967 8968
f 8851 8857 8856 8855
f 8972 8971 8970 8969
f 8852 8860 8859 8858
f 8972 8974 8973 8971
f 8852 8858 8862 8861
f 8972 8969 8975 8974
f 8852 8861 8863 8860
f 8975 8969 8977 8976
f 8863 8865 8864 8860
f 8975 8976 8979 8978
f 8863 8867 8866 8865
f 8975 8978 8980 8974
f 8863 8861 8868 8867
f 8980 8978 8982 8981
f 8868 8870 8869 8867
f 8980 8981 8984 8983
f 8868 8872 8871 8870
f 8980 8983 8973 8974
f 8868 8861 8862 8872
f 8983 8984 8986 8985
f 8872 8874 8873 8871
f 8983 8985 8987 8973
f 8872 8862 8875 8874
f 8987 8988 8971 8973
f 8875 8862 8858 8876
f 8987 8985 8990 8989
f 8875 8878 8877 8874
f 8987 8989 8991 8988
f 8875 8876 8879 8878
f 8991 8993 8992 8988
f 8879 8876 8881 8880
f 8991 8989 8995 8994
f 8879 8883 8882 8878
f 8991 8994 8996 8993
f 8879 8880 8884 8883
f 8996 8998 8997 8993
f 8884 8880 8886 8885
f 8996 8994 9000 8999
f 8884 8888 8887 8883
f 8996 8999 9001 8998
f 8884 8885 8889 8888
f 9001 8963 8964 8998
f 8889 8885 8854 8855
f 9001 8999 9003 9002
f 8890 8891 9002 9003
f 8889 8891 8890 8888
f 9001 9002 8968 8963
f 8891 8856 8968 9002
f 8889 8855 8856 8891
f 9003 8999 9000 9004
f 8892 8890 9003 9004
f 8890 8892 8887 8888
f 9004 9000 9006 9005
f 8894 8892 9004 9005
f 8892 8894 8893 8887
f 9005 9006 9008 9007
f 8896 8894 9005 9007
f 8894 8896 8895 8893
f 9007 9008 9010 9009
f 8898 8896 9007 9009
f 8896 8898 8897 8895
f 9009 9010 9012 9011
f 8900 8898 9009 9011
f 8898 8900 8899 8897
f 9011 9012 9014 9013
f 8902 8900 9011 9013
f 8900 8902 8901 8899
f 9013 9014 9016 9015
f 8904 8902 9013 9015
f 8903 8904 9015 9016
f 8902 8904 8903 8901
f 9016 9014 9018 9017
f 8906 8903 9016 9017
f 8903 8906 8905 8901
f 9017 9018 9020 9019
f 8908 8906 9017 9019
f 8906 8908 8907 8905
f 9019 9020 9022 9021
f 8910 8908 9019 9021
f 8908 8910 8909 8907
f 9021 9022 9024 9023
f 8912 8910 9021 9023
f 8910 8912 8911 8909
f 9023 9024 9026 9025
f 8914 8912 9023 9025
f 8912 8914 8913 8911
f 9025 9026 9028 9027
f 8916 8914 9025 9027
f 8914 8916 8915 8913
f 9027 9028 9030 9029
f 8918 8916 9027 9029
f 8916 8918 8917 8915
f 9029 9030 9032 9031
f 8920 8918 9029 9031
f 8918 8920 8919 8917
f 9031 9032 9034 9033
f 8922 8920 9031 9033
f 8920 8922 8921 8919
f 9033 9034 9036 9035
f 8924 8922 9033 9035
f 8923 8924 9035 9036
f 8922 8924 8923 8921
f 9036 9034 9038 9037
f 8926 8923 9036 9037
f 8923 8926 8925 8921
f 9037 9038 9040 9039
f 8928 8926 9037 9039
f 8926 8928 8927 8925
f 9039 9040 9042 9041
f 8930 8928 9039 9041
f 8928 8930 8929 8927
f 9041 9042 9044 9043
f 8932 8930 9041 9043
f 8930 8932 8931 8929
f 9043 9044 9046 9045
f 8934 8932 9043 9045
f 8932 8934 8933 8931
f 9045 9046 9048 9047
f 8936 8934 9045 9047
f 8934 8936 8935 8933
f 9047 9048 9050 9049
f 8938 8936 9047 9049
f 8936 8938 8937 8935
f 9049 9050 9052 9051
f 8940 8938 9049 9051
f 8938 8940 8939 8937
f 9051 9052 8965 9053
f 8941 8940 9051 9053
f 8940 8941 8853 8939
f 9052 9050 9055 9054
f 8939 8943 8942 8937
f 9052 9054 8964 8965
f 8939 8853 8854 8943
f 9054 9055 9056 8997
f 8943 8886 8944 8942
f 9054 8997 8998 8964
f 8943 8854 8885 8886
f 9056 9055 9058 9057
f 8944 8946 8945 8942
f 9056 9057 8970 8992
f 8944 8881 8859 8946
f 9056 8992 8993 8997
f 8944 8886 8880 8881
f 9057 9058 9059 8977
f 8946 8864 8947 8945
f 9057 8977 8969 8970
f 8946 8859 8860 8864
f 9059 9046 9044 9060
f 8947 8948 8931 8933
f 9059 9060 8976 8977
f 8947 8864 8865 8948
f 9059 9058 9048 9046
f 8947 8933 8935 8945
f 9060 9044 9042 9061
f 8948 8949 8929 8931
f 9060 9061 8979 8976
f 8948 8865 8866 8949
f 9061 9042 9040 9062
f 8949 8950 8927 8929
f 9061 9062 9063 8979
f 8949 8866 8951 8950
f 9063 9062 9065 9064
f 8951 8953 8952 8950
f 9063 9064 9066 8982
f 8951 8869 8954 8953
f 9063 8982 8978 8979
f 8951 8866 8867 8869
f 9066 9064 9030 9028
f 8954 8915 8917 8953
f 9066 9028 9026 9067
f 8954 8955 8913 8915
f 9066 9067 8981 8982
f 8954 8869 8870 8955
f 9067 9026 9024 9068
f 8955 8956 8911 8913
f 9067 9068 8984 8981
f 8955 8870 8871 8956
f 9068 9024 9022 9069
f 8956 8957 8909 8911
f 9068 9069 8986 8984
f 8956 8871 8873 8957
f 9069 9022 9020 9070
f 8957 8958 8907 8909
f 9069 9070 9071 8986
f 8957 8873 8959 8958
f 9071 8990 8985 8986
f 8959 8873 8874 8877
f 9071 9070 9073 9072
f 8959 8961 8960 8958
f 9071 9072 9074 8990
f 8959 8877 8962 8961
f 9074 8995 8989 8990
f 8962 8877 8878 8882
f 9074 9072 9010 9008
f 8962 8895 8897 8961
f 9074 9008 9006 8995
f 8962 8882 8893 8895
f 9072 9073 9012 9010
f 8961 8897 8899 8960
f 9073 9070 9020 9018
f 8960 8905 8907 8958
f 9073 9018 9014 9012
f 8960 8899 8901 8905
f 9064 9065 9032 9030
f 8953 8917 8919 8952
f 9065 9062 9040 9038
f 8952 8925 8927 8950
f 9065 9038 9034 9032
f 8952 8919 8921 8925
f 9058 9055 9050 9048
f 8945 8935 8937 8942
f 9006 9000 8994 8995
f 8893 8882 8883 8887
f 8992 8970 8971 8988
f 8881 8876 8858 8859
f 9053 8965 8966 8967
f 8857 8941 9053 8967
f 8941 8857 8851 8853
g Group18017
f 9190 9187 9188 9189
f 9075 9077 9078 9079
f 9190 9191 9192 9187
f 9080 9192 9191 9081
f 9075 9079 9080 9081
f 9196 9193 9194 9195
f 9076 9082 9083 9084
f 9196 9195 9197 9198
f 9076 9085 9086 9082
f 9196 9198 9199 9193
f 9076 9084 9087 9085
f 9199 9200 9201 9193
f 9087 9084 9088 9089
f 9199 9202 9203 9200
f 9087 9089 9090 9091
f 9199 9198 9204 9202
f 9087 9091 9092 9085
f 9204 9205 9206 9202
f 9092 9091 9093 9094
f 9204 9207 9208 9205
f 9092 9094 9095 9096
f 9204 9198 9197 9207
f 9092 9096 9086 9085
f 9207 9209 9210 9208
f 9096 9095 9097 9098
f 9207 9197 9211 9209
f 9096 9098 9099 9086
f 9211 9197 9195 9212
f 9099 9100 9082 9086
f 9211 9213 9214 9209
f 9099 9098 9101 9102
f 9211 9212 9215 9213
f 9099 9102 9103 9100
f 9215 9212 9216 9217
f 9103 9104 9105 9100
f 9215 9218 9219 9213
f 9103 9102 9106 9107
f 9215 9217 9220 9218
f 9103 9107 9108 9104
f 9220 9217 9221 9222
f 9108 9109 9110 9104
f 9220 9223 9224 9218
f 9108 9107 9111 9112
f 9220 9222 9225 9223
f 9108 9112 9113 9109
f 9225 9222 9188 9187
f 9113 9079 9078 9109
f 9225 9226 9227 9223
f 9114 9227 9226 9115
f 9113 9112 9114 9115
f 9225 9187 9192 9226
f 9115 9226 9192 9080
f 9113 9115 9080 9079
f 9227 9228 9224 9223
f 9116 9228 9227 9114
f 9114 9112 9111 9116
f 9228 9229 9230 9224
f 9118 9229 9228 9116
f 9116 9111 9117 9118
f 9229 9231 9232 9230
f 9120 9231 9229 9118
f 9118 9117 9119 9120
f 9231 9233 9234 9232
f 9122 9233 9231 9120
f 9120 9119 9121 9122
f 9233 9235 9236 9234
f 9124 9235 9233 9122
f 9122 9121 9123 9124
f 9235 9237 9238 9236
f 9126 9237 9235 9124
f 9124 9123 9125 9126
f 9237 9239 9240 9238
f 9128 9239 9237 9126
f 9127 9240 9239 9128
f 9126 9125 9127 9128
f 9240 9241 9242 9238
f 9130 9241 9240 9127
f 9127 9125 9129 9130
f 9241 9243 9244 9242
f 9132 9243 9241 9130
f 9130 9129 9131 9132
f 9243 9245 9246 9244
f 9134 9245 9243 9132
f 9132 9131 9133 9134
f 9245 9247 9248 9246
f 9136 9247 9245 9134
f 9134 9133 9135 9136
f 9247 9249 9250 9248
f 9138 9249 9247 9136
f 9136 9135 9137 9138
f 9249 9251 9252 9250
f 9140 9251 9249 9138
f 9138 9137 9139 9140
f 9251 9253 9254 9252
f 9142 9253 9251 9140
f 9140 9139 9141 9142
f 9253 9255 9256 9254
f 9144 9255 9253 9142
f 9142 9141 9143 9144
f 9255 9257 9258 9256
f 9146 9257 9255 9144
f 9144 9143 9145 9146
f 9257 9259 9260 9258
f 9148 9259 9257 9146
f 9147 9260 9259 9148
f 9146 9145 9147 9148
f 9260 9261 9262 9258
f 9150 9261 9260 9147
f 9147 9145 9149 9150
f 9261 9263 9264 9262
f 9152 9263 9261 9150
f 9150 9149 9151 9152
f 9263 9265 9266 9264
f 9154 9265 9263 9152
f 9152 9151 9153 9154
f 9265 9267 9268 9266
f 9156 9267 9265 9154
f 9154 9153 9155 9156
f 9267 9269 9270 9268
f 9158 9269 9267 9156
f 9156 9155 9157 9158
f 9269 9271 9272 9270
f 9160 9271 9269 9158
f 9158 9157 9159 9160
f 9271 9273 9274 9272
f 9162 9273 9271 9160
f 9160 9159 9161 9162
f 9273 9275 9276 9274
f 9164 9275 9273 9162
f 9162 9161 9163 9164
f 9275 9277 9189 9276
f 9165 9277 9275 9164
f 9164 9163 9077 9165
f 9276 9278 9279 9274
f 9163 9161 9166 9167
f 9276 9189 9188 9278
f 9163 9167 9078 9077
f 9278 9221 9280 9279
f 9167 9166 9168 9110
f 9278 9188 9222 9221
f 9167 9110 9109 9078
f 9280 9281 9282 9279
f 9168 9166 9169 9170
f 9280 9216 9194 9281
f 9168 9170 9083 9105
f 9280 9221 9217 9216
f 9168 9105 9104 9110
f 9281 9201 9283 9282
f 9170 9169 9171 9088
f 9281 9194 9193 9201
f 9170 9088 9084 9083
f 9283 9284 9268 9270
f 9171 9157 9155 9172
f 9283 9201 9200 9284
f 9171 9172 9089 9088
f 9283 9270 9272 9282
f 9171 9169 9159 9157
f 9284 9285 9266 9268
f 9172 9155 9153 9173
f 9284 9200 9203 9285
f 9172 9173 9090 9089
f 9285 9286 9264 9266
f 9173 9153 9151 9174
f 9285 9203 9287 9286
f 9173 9174 9175 9090
f 9287 9288 9289 9286
f 9175 9174 9176 9177
f 9287 9206 9290 9288
f 9175 9177 9178 9093
f 9287 9203 9202 9206
f 9175 9093 9091 9090
f 9290 9252 9254 9288
f 9178 9177 9141 9139
f 9290 9291 9250 9252
f 9178 9139 9137 9179
f 9290 9206 9205 9291
f 9178 9179 9094 9093
f 9291 9292 9248 9250
f 9179 9137 9135 9180
f 9291 9205 9208 9292
f 9179 9180 9095 9094
f 9292 9293 9246 9248
f 9180 9135 9133 9181
f 9292 9208 9210 9293
f 9180 9181 9097 9095
f 9293 9294 9244 9246
f 9181 9133 9131 9182
f 9293 9210 9295 9294
f 9181 9182 9183 9097
f 9295 9210 9209 9214
f 9183 9101 9098 9097
f 9295 9296 9297 9294
f 9183 9182 9184 9185
f 9295 9214 9298 9296
f 9183 9185 9186 9101
f 9298 9214 9213 9219
f 9186 9106 9102 9101
f 9298 9232 9234 9296
f 9186 9185 9121 9119
f 9298 9219 9230 9232
f 9186 9119 9117 9106
f 9296 9234 9236 9297
f 9185 9184 9123 9121
f 9297 9242 9244 9294
f 9184 9182 9131 9129
f 9297 9236 9238 9242
f 9184 9129 9125 9123
f 9288 9254 9256 9289
f 9177 9176 9143 9141
f 9289 9262 9264 9286
f 9176 9174 9151 9149
f 9289 9256 9258 9262
f 9176 9149 9145 9143
f 9282 9272 9274 9279
f 9169 9166 9161 9159
f 9230 9219 9218 9224
f 9117 9111 9107 9106
f 9216 9212 9195 9194
f 9105 9083 9082 9100
f 9277 9191 9190 9189
f 9081 9191 9277 9165
f 9165 9077 9075 9081

 