# File exported by ZBrush version 2021
# www.zbrush.com
#Vertex Count 16168
#Face Count 16656
#Auto scale x=1.000000 y=1.000000 z=1.000000
#Auto offset x=-0.000000 y=-0.000000 z=-0.000000
v 0.25150859 0.04015898 -0.01099926
v 0.25176006 0.03824955 -0.01115467
v 0.25195825 0.03638285 -0.01167848
v 0.25209862 0.03463184 -0.01255256
v 0.25217783 0.03305953 -0.01374271
v 0.25219106 0.03172773 -0.01520405
v 0.25214177 0.03068751 -0.01688171
v 0.25203156 0.02997613 -0.01870988
v 0.25186783 0.02962237 -0.02061898
v 0.25165236 0.02963882 -0.02253688
v 0.25139552 0.03002703 -0.02438787
v 0.25110518 0.03076827 -0.02610167
v 0.25078994 0.03184062 -0.02761165
v 0.25046217 0.03320187 -0.02885795
v 0.25013262 0.03480142 -0.02979434
v 0.24981306 0.03657758 -0.03038179
v 0.2495142 0.03846287 -0.03060096
v 0.24924787 0.04038274 -0.03044024
v 0.24902692 0.04226249 -0.02990872
v 0.24885931 0.04403561 -0.02902588
v 0.24875387 0.04562288 -0.02782724
v 0.24871805 0.0469734 -0.02635578
v 0.24874839 0.04802393 -0.02467351
v 0.24885174 0.04873907 -0.02284417
v 0.24902197 0.0490902 -0.0209359
v 0.24925115 0.04906463 -0.01902333
v 0.24953208 0.04866105 -0.01717781
v 0.2498487 0.04789972 -0.01547465
v 0.25019091 0.0468083 -0.01397402
v 0.25054258 0.04543191 -0.01273535
v 0.25088822 0.04382199 -0.01180671
v 0.25121343 0.04204124 -0.01121987
v 0.24209138 0.03861248 -0.00906703
v 0.24233225 0.03671008 -0.00921697
v 0.24251303 0.03485381 -0.00973603
v 0.24262553 0.03311967 -0.01059995
v 0.24266937 0.0315696 -0.0117784
v 0.24264431 0.03026604 -0.01322512
v 0.24254986 0.02925646 -0.01488684
v 0.24238997 0.02857834 -0.01669888
v 0.24217277 0.02825856 -0.01858998
v 0.24190524 0.0283097 -0.02048893
v 0.24159809 0.02872955 -0.02232329
v 0.24126261 0.0295068 -0.02402193
v 0.24090915 0.03060257 -0.02551809
v 0.24055203 0.03198641 -0.02675371
v 0.24020215 0.03359782 -0.02768246
v 0.2398746 0.03537863 -0.02826823
v 0.2395806 0.03725856 -0.02848827
v 0.23933199 0.03916841 -0.02833419
v 0.23913773 0.04103255 -0.02781249
v 0.23900806 0.04277521 -0.02694237
v 0.23894804 0.04433697 -0.02575724
v 0.23896008 0.04565066 -0.02430601
v 0.23904648 0.04666632 -0.02264109
v 0.23920071 0.047347 -0.02082846
v 0.23942285 0.04766637 -0.01893658
v 0.23969605 0.04761046 -0.01704193
v 0.2400169 0.0471791 -0.01521247
v 0.2403692 0.04639309 -0.01352057
v 0.24073746 0.04528516 -0.01202963
v 0.24111154 0.04389369 -0.01079713
v 0.24146932 0.04227435 -0.00987214
v 0.24180123 0.04049038 -0.00928749
v 0.23921501 0.03771191 -0.01843901
v 0.25125825 0.03996294 -0.01334655
v 0.25145179 0.03851014 -0.01346402
v 0.25160425 0.03708952 -0.01386365
v 0.25171554 0.03575593 -0.01452932
v 0.25177741 0.03455573 -0.0154353
v 0.25179213 0.03354215 -0.01654771
v 0.25175875 0.03274893 -0.01782332
v 0.25167751 0.03220766 -0.01921427
v 0.25155526 0.031937 -0.02066622
v 0.25139254 0.03194868 -0.02212608
v 0.25119948 0.03224152 -0.02353289
v 0.25097823 0.03280746 -0.02483577
v 0.2507385 0.03362286 -0.02598381
v 0.25048786 0.03465807 -0.02693087
v 0.2502374 0.03587323 -0.02764222
v 0.24999348 0.03722435 -0.02809071
v 0.24976699 0.03865534 -0.02825589
v 0.24956588 0.0401172 -0.02813416
v 0.24939833 0.04154765 -0.02772953
v 0.24927148 0.04289287 -0.02705848
v 0.24918922 0.04409992 -0.02614632
v 0.24916151 0.04512602 -0.02502906
v 0.24918577 0.0459252 -0.02374879
v 0.24926087 0.04647243 -0.02235713
v 0.24938736 0.04673928 -0.02090553
v 0.24955855 0.04672193 -0.01945131
v 0.24976699 0.04641896 -0.01804807
v 0.25000453 0.04584306 -0.01675012
v 0.25026178 0.04501539 -0.01560931
v 0.25052559 0.04396909 -0.01466683
v 0.25078678 0.04274672 -0.01395842
v 0.2510336 0.04139453 -0.01351352
v 0.25112521 0.03987693 -0.01447104
v 0.25129067 0.03864312 -0.01457095
v 0.2514224 0.03743821 -0.01491084
v 0.25151717 0.03630495 -0.01547659
v 0.25157433 0.03528791 -0.01624497
v 0.25158935 0.03442257 -0.01718954
v 0.25156354 0.03374898 -0.0182726
v 0.25149774 0.0332871 -0.01945556
v 0.25139683 0.03305435 -0.02068776
v 0.25126373 0.03306281 -0.02192557
v 0.25110155 0.03330987 -0.02312091
v 0.25091791 0.03378462 -0.02422611
v 0.25071692 0.03447818 -0.0252011
v 0.25050765 0.03535348 -0.02600531
v 0.25029379 0.03638523 -0.02660966
v 0.2500897 0.0375294 -0.02698757
v 0.24989591 0.03874403 -0.02712929
v 0.24972342 0.03998345 -0.02702559
v 0.24957965 0.04119771 -0.02668221
v 0.24947087 0.04234081 -0.02611183
v 0.24940024 0.04336804 -0.02533748
v 0.24937169 0.04423862 -0.02438945
v 0.24938808 0.04491949 -0.02330268
v 0.24944894 0.04538542 -0.02212027
v 0.24955289 0.04561668 -0.02088838
v 0.24969337 0.04560208 -0.01965294
v 0.24986867 0.04534816 -0.01846144
v 0.25006705 0.04485964 -0.01735968
v 0.25028199 0.04416096 -0.01639099
v 0.25050413 0.04327529 -0.01559131
v 0.25072544 0.04223752 -0.01499105
v 0.25093489 0.04109239 -0.01461205
v 0.24906352 0.03973913 -0.01320166
v 0.24468994 0.03907847 -0.01229355
v 0.24447351 0.04044568 -0.01245337
v 0.24884691 0.04110902 -0.01336034
v 0.24423801 0.04173928 -0.01288037
v 0.24861361 0.04239982 -0.01378807
v 0.2439903 0.04290586 -0.01355845
v 0.24836792 0.04356652 -0.01446677
v 0.24374491 0.04390078 -0.01446147
v 0.2481233 0.0445621 -0.01537103
v 0.24350729 0.04468441 -0.01555552
v 0.2478899 0.04534369 -0.01646492
v 0.24329307 0.04523009 -0.01679888
v 0.24767676 0.04588627 -0.01771103
v 0.24310639 0.04550856 -0.01814558
v 0.24749437 0.04616564 -0.01905849
v 0.24295967 0.04551702 -0.01954411
v 0.24735155 0.04616779 -0.02045742
v 0.24285727 0.04524666 -0.02093803
v 0.24725458 0.04589426 -0.02185353
v 0.24280411 0.04471176 -0.02227552
v 0.24720528 0.04535573 -0.0231925
v 0.24280318 0.04393148 -0.02350672
v 0.24721232 0.04457283 -0.0244243
v 0.24285072 0.04293769 -0.02458163
v 0.24726411 0.04357415 -0.02550295
v 0.24294549 0.041772 -0.02546111
v 0.24736419 0.04240548 -0.02638304
v 0.24308371 0.04047197 -0.02610817
v 0.24750563 0.04110556 -0.02703121
v 0.24325621 0.03909677 -0.02649858
v 0.24767974 0.03972905 -0.02742399
v 0.24345699 0.03769719 -0.02661756
v 0.2478818 0.03832596 -0.02754246
v 0.24367705 0.03632503 -0.02646018
v 0.24810166 0.03695327 -0.02738463
v 0.24390694 0.03503662 -0.02602901
v 0.24832995 0.03566616 -0.02695632
v 0.2441371 0.03387868 -0.02534735
v 0.24856056 0.03450971 -0.02627135
v 0.24436247 0.032898 -0.02443655
v 0.24878361 0.03352946 -0.02536063
v 0.24457541 0.03212976 -0.02333299
v 0.24899217 0.03276479 -0.02425521
v 0.24476671 0.03160023 -0.02208166
v 0.24917838 0.03223955 -0.02300215
v 0.24493199 0.03133612 -0.02072957
v 0.24933883 0.03197807 -0.02164718
v 0.24506774 0.0313397 -0.01932569
v 0.24946944 0.03198212 -0.02024341
v 0.24516347 0.03161072 -0.01793238
v 0.24956087 0.03225666 -0.01884732
v 0.24522429 0.03214108 -0.01659526
v 0.24961565 0.03279197 -0.01750862
v 0.24524006 0.03290933 -0.01537006
v 0.24962852 0.03356361 -0.01628121
v 0.24521157 0.03389 -0.01430124
v 0.24959592 0.03454786 -0.01521155
v 0.24514222 0.03504157 -0.01343117
v 0.24952112 0.03569972 -0.01434036
v 0.24502849 0.03632229 -0.0127916
v 0.24940703 0.0369836 -0.0137007
v 0.24487617 0.03768497 -0.01240807
v 0.24925252 0.03834676 -0.01331569
v 0.25250947 0.04027628 -0.01159374
v 0.25275105 0.03844147 -0.01174279
v 0.25237375 0.03833198 -0.01128521
v 0.25212347 0.04024553 -0.0111301
v 0.25294029 0.03664416 -0.01224752
v 0.25257229 0.03646487 -0.01180886
v 0.2530775 0.03495997 -0.01308708
v 0.25271219 0.03471589 -0.01268155
v 0.25315219 0.03344792 -0.01423329
v 0.25278943 0.03314298 -0.0138727
v 0.25316566 0.03216701 -0.01563836
v 0.25280296 0.03181368 -0.01533355
v 0.25311875 0.031165 -0.01725069
v 0.25275266 0.03077107 -0.01700952
v 0.25301253 0.03048384 -0.01900913
v 0.25264108 0.03006088 -0.01883848
v 0.25285589 0.03014004 -0.02084333
v 0.25247365 0.02970743 -0.02074684
v 0.25264763 0.03015869 -0.02268763
v 0.25225806 0.02972555 -0.02266353
v 0.25239944 0.03053122 -0.0244684
v 0.25200092 0.03011351 -0.02451381
v 0.25211966 0.03124874 -0.02611626
v 0.25170838 0.03085953 -0.02622834
v 0.25181639 0.03227967 -0.02756689
v 0.25139302 0.03193318 -0.02773683
v 0.25150048 0.03359121 -0.02876517
v 0.25106334 0.03329521 -0.02898308
v 0.25118356 0.03512638 -0.02966512
v 0.25073307 0.03489434 -0.0299187
v 0.2508735 0.03683263 -0.03023114
v 0.25041163 0.03666931 -0.0305068
v 0.25058633 0.03864616 -0.03044184
v 0.25011456 0.03855335 -0.03072563
v 0.25033152 0.04049402 -0.03028707
v 0.24984853 0.04047387 -0.03056509
v 0.25012159 0.04230243 -0.02977568
v 0.24962936 0.0423547 -0.03003446
v 0.24996106 0.0440045 -0.02892763
v 0.24946354 0.04412591 -0.02915186
v 0.24985764 0.04553133 -0.02777475
v 0.24935905 0.04571402 -0.02795299
v 0.24982498 0.04682761 -0.02636032
v 0.24932351 0.04705935 -0.02648253
v 0.24985663 0.0478388 -0.02474272
v 0.24935703 0.04811036 -0.02480142
v 0.24995504 0.04852306 -0.02298437
v 0.24946139 0.04882359 -0.02297274
v 0.25011849 0.04886078 -0.02114976
v 0.24963294 0.04917502 -0.02106398
v 0.25033921 0.04883927 -0.01931046
v 0.24986295 0.04915034 -0.01915129
v 0.25060808 0.04845178 -0.01753616
v 0.25014412 0.04874819 -0.01730787
v 0.25091302 0.04771822 -0.01589731
v 0.25046175 0.04798322 -0.01560364
v 0.25124132 0.04667013 -0.01445437
v 0.25080454 0.04689192 -0.01410464
v 0.2515791 0.04534775 -0.01326347
v 0.25115698 0.04551482 -0.01286551
v 0.25191158 0.04379904 -0.01236988
v 0.25150233 0.04390597 -0.011937
v 0.25222444 0.04208588 -0.01180526
v 0.25182741 0.04212474 -0.01134974
v 0.25193393 0.04009866 -0.01348118
v 0.25212663 0.03864479 -0.01360085
v 0.25228333 0.03722363 -0.01399988
v 0.25239831 0.03588354 -0.01466731
v 0.25246614 0.0346831 -0.01557522
v 0.25248694 0.03366637 -0.01668968
v 0.25246018 0.03286582 -0.01796855
v 0.25238782 0.03231668 -0.01936175
v 0.25227212 0.03204041 -0.02081723
v 0.25212127 0.03204524 -0.02227926
v 0.25193554 0.03233397 -0.02368951
v 0.25172418 0.03289407 -0.02499655
v 0.25149208 0.03370493 -0.0261456
v 0.25124788 0.03473794 -0.02709507
v 0.25099945 0.03595095 -0.02780799
v 0.25075751 0.03730076 -0.02825514
v 0.25052744 0.03873288 -0.0284213
v 0.25032454 0.04019248 -0.02829808
v 0.25015324 0.04162955 -0.02789225
v 0.25001829 0.04297727 -0.02721928
v 0.24992947 0.04419267 -0.0263039
v 0.24989061 0.04522341 -0.02518315
v 0.24990557 0.04602938 -0.02390077
v 0.24997322 0.04658168 -0.02250574
v 0.25009065 0.04685622 -0.02105044
v 0.25025528 0.04684376 -0.01959331
v 0.25045603 0.04654347 -0.01818811
v 0.2506864 0.04597044 -0.01688846
v 0.2509402 0.04514604 -0.01574597
v 0.25120216 0.04410404 -0.01480132
v 0.25146246 0.04288214 -0.01409287
v 0.25170832 0.04153031 -0.0136471
v 0.25225806 0.04018181 -0.01326378
v 0.2524603 0.03867393 -0.01338719
v 0.25262343 0.03719729 -0.0138022
v 0.25274312 0.03580945 -0.01449426
v 0.25281471 0.03456443 -0.01543628
v 0.25283849 0.03350329 -0.01659304
v 0.25281375 0.03267306 -0.01792167
v 0.25274145 0.0321024 -0.01936784
v 0.25262701 0.03181374 -0.02087845
v 0.25247198 0.03181606 -0.02239578
v 0.25228399 0.0321111 -0.02386057
v 0.25206869 0.03269183 -0.02521617
v 0.25182914 0.03353005 -0.02641058
v 0.25157946 0.03459918 -0.02739522
v 0.25132322 0.03585481 -0.02813582
v 0.25107353 0.03725463 -0.02860027
v 0.25083643 0.03874099 -0.02877107
v 0.25062257 0.040259 -0.02864357
v 0.25044077 0.04174649 -0.02822093
v 0.25029951 0.04315173 -0.02752231
v 0.25020295 0.04441124 -0.02657195
v 0.25016045 0.04548221 -0.02540882
v 0.25017255 0.0463224 -0.02407634
v 0.25023806 0.04689818 -0.02262846
v 0.25035607 0.04718357 -0.02111851
v 0.25052404 0.04717296 -0.01960548
v 0.25073033 0.04686486 -0.01814687
v 0.25096929 0.04627025 -0.01679918
v 0.25123089 0.04541611 -0.01561336
v 0.25149959 0.04433566 -0.01463402
v 0.25176912 0.04307019 -0.01389906
v 0.25202423 0.04166561 -0.01343651
v 0.24479991 0.03908687 -0.00961765
v 0.2450439 0.03718161 -0.00977086
v 0.24522998 0.03532117 -0.01029043
v 0.24535256 0.03358072 -0.01115924
v 0.24540984 0.03202337 -0.01234231
v 0.24539923 0.03070908 -0.01379512
v 0.24532228 0.0296868 -0.01546128
v 0.24517902 0.02899748 -0.01728034
v 0.2449826 0.02866387 -0.01917635
v 0.24473381 0.02870482 -0.0210837
v 0.24444508 0.02911144 -0.02292404
v 0.24412748 0.02987611 -0.02462694
v 0.24378746 0.03096318 -0.02612778
v 0.2434428 0.03233557 -0.02736956
v 0.24309951 0.03394508 -0.0282992
v 0.24277368 0.03572428 -0.0288872
v 0.24247887 0.03760623 -0.02910663
v 0.24222523 0.03951895 -0.02894981
v 0.24202016 0.04138904 -0.02842445
v 0.24187541 0.04314392 -0.02754955
v 0.24179983 0.04471319 -0.02635931
v 0.24179276 0.04604244 -0.0249009
v 0.24185869 0.04707217 -0.0232296
v 0.24199414 0.04776454 -0.02141043
v 0.2421956 0.04809528 -0.01951361
v 0.24245375 0.04804897 -0.01761076
v 0.24275943 0.04762977 -0.01577596
v 0.2431001 0.04685342 -0.0140791
v 0.24345976 0.04575091 -0.01258531
v 0.2438212 0.04436361 -0.01135208
v 0.24417698 0.04275101 -0.01042363
v 0.24450576 0.04096877 -0.00983965
v 0.24481049 0.04097831 -0.01024385
v 0.24509432 0.03916651 -0.01002983
v 0.24449491 0.04269522 -0.01080663
v 0.24415662 0.04424881 -0.01170289
v 0.24381187 0.04558169 -0.01289398
v 0.24347603 0.04663741 -0.01433723
v 0.24315974 0.04737943 -0.01597623
v 0.24287658 0.047773 -0.01774979
v 0.24264311 0.047809 -0.01958799
v 0.2424646 0.04747939 -0.02142114
v 0.24235078 0.04680103 -0.0231807
v 0.24230447 0.04579746 -0.02479657
v 0.24232661 0.0445072 -0.02620873
v 0.24241235 0.04298555 -0.02736091
v 0.24256426 0.0412845 -0.02820779
v 0.24277001 0.0394755 -0.02871655
v 0.24301999 0.03762805 -0.0288701
v 0.24330592 0.03581339 -0.02865808
v 0.2436175 0.0341019 -0.02809102
v 0.24394193 0.03255635 -0.02719229
v 0.24426546 0.03123849 -0.02599354
v 0.24458038 0.03019583 -0.02454199
v 0.24487304 0.02947104 -0.02289595
v 0.24513417 0.02908825 -0.02111686
v 0.24535948 0.02906036 -0.01927299
v 0.24553334 0.02939403 -0.01743866
v 0.24565178 0.03006988 -0.01568124
v 0.24571242 0.03106451 -0.01407083
v 0.24571192 0.03233891 -0.01266528
v 0.24564576 0.03384673 -0.01152196
v 0.24551788 0.03553193 -0.01068175
v 0.24533298 0.03732615 -0.01017836
v 0.24960826 0.04180443 -0.01088581
v 0.24990306 0.03992277 -0.01066582
v 0.24928179 0.04358315 -0.01147189
v 0.24893489 0.04519355 -0.01240263
v 0.24858249 0.04657352 -0.01363998
v 0.24824078 0.04766404 -0.01513997
v 0.24792316 0.04842418 -0.01684486
v 0.24764296 0.04882848 -0.01868934
v 0.24741336 0.04885512 -0.02060073
v 0.24724248 0.048505 -0.02250953
v 0.24713817 0.04778832 -0.02433848
v 0.24710515 0.04673838 -0.02602137
v 0.24714198 0.04538917 -0.02749105
v 0.2472485 0.04379993 -0.02869
v 0.24741342 0.0420314 -0.02957329
v 0.24763378 0.04015094 -0.03010512
v 0.24790045 0.0382294 -0.03026428
v 0.24819989 0.03634405 -0.03004622
v 0.24851925 0.03457015 -0.02945676
v 0.24884966 0.03297013 -0.02852206
v 0.24917784 0.0316081 -0.02727536
v 0.24949263 0.0305345 -0.02576592
v 0.24978415 0.02979141 -0.02405254
v 0.25004124 0.02940243 -0.0222023
v 0.25025773 0.02938652 -0.02028423
v 0.25042212 0.02974212 -0.01837518
v 0.25053376 0.03045147 -0.0165466
v 0.25058317 0.03149193 -0.01486998
v 0.25056952 0.03282231 -0.01340877
v 0.25049108 0.03439319 -0.01221965
v 0.25035285 0.03614515 -0.01134508
v 0.25015258 0.0380131 -0.0108201
v 0.24944107 0.03984576 -0.01092906
v 0.24915716 0.04166168 -0.01114074
v 0.24884322 0.04337525 -0.01170579
v 0.24850834 0.04492658 -0.01260387
v 0.24817176 0.0462557 -0.01379559
v 0.24784317 0.04730558 -0.01524284
v 0.24753722 0.04803896 -0.0168855
v 0.24726936 0.04842513 -0.01866386
v 0.24704852 0.04845047 -0.02050683
v 0.24688687 0.04810988 -0.02234673
v 0.246789 0.04742097 -0.02411145
v 0.24676045 0.04640483 -0.02573211
v 0.24679657 0.04510402 -0.02714996
v 0.2469004 0.04357332 -0.02830677
v 0.24706301 0.04186666 -0.02915789
v 0.24727675 0.04005038 -0.02967072
v 0.24753227 0.03820061 -0.02982482
v 0.24782171 0.03638392 -0.02961441
v 0.24812831 0.03467267 -0.02904676
v 0.24844725 0.03313082 -0.02814482
v 0.24876251 0.03182023 -0.02694266
v 0.24906393 0.0307874 -0.02548728
v 0.24934187 0.03007054 -0.02383535
v 0.24959008 0.02969914 -0.02205153
v 0.24979494 0.02968394 -0.02020247
v 0.24995158 0.03002548 -0.0183625
v 0.25005734 0.03071212 -0.01659961
v 0.25010311 0.03171563 -0.01498244
v 0.25008684 0.03300255 -0.01357382
v 0.25001102 0.03451532 -0.01242762
v 0.24987588 0.03620713 -0.01158374
v 0.24968282 0.03800666 -0.01107842
v 0.25218457 0.0395751 -0.02114598
v 0.25265646 0.0410496 -0.01581509
v 0.25282043 0.03999823 -0.01569297
v 0.25205069 0.03996384 -0.01467274
v 0.25186294 0.0411759 -0.01481416
v 0.25247365 0.04204499 -0.01614379
v 0.25165152 0.04232561 -0.01519298
v 0.25227838 0.04294747 -0.0166635
v 0.25142741 0.04336482 -0.0157923
v 0.25207787 0.04372042 -0.01735418
v 0.25119942 0.04425174 -0.01659067
v 0.25187939 0.04433643 -0.01819111
v 0.25097739 0.04495751 -0.01755585
v 0.25169616 0.04476547 -0.01914207
v 0.25076967 0.04545015 -0.01865601
v 0.2515304 0.04499709 -0.02016884
v 0.25058436 0.04571247 -0.01984269
v 0.25138962 0.0450176 -0.02123614
v 0.25043201 0.04573392 -0.02107387
v 0.25128132 0.0448299 -0.02229769
v 0.25031358 0.04551369 -0.02230178
v 0.25121086 0.04444199 -0.02331658
v 0.25023984 0.04505729 -0.02347896
v 0.25117927 0.04386085 -0.02425206
v 0.25021022 0.04438561 -0.02456025
v 0.25118428 0.04311817 -0.02506913
v 0.25022399 0.0435208 -0.02550494
v 0.25122892 0.04223972 -0.02573482
v 0.25028359 0.04250305 -0.02627524
v 0.25131088 0.04125702 -0.0262247
v 0.25038445 0.04136747 -0.02684135
v 0.25142371 0.04020965 -0.02651928
v 0.25051981 0.04015553 -0.02718134
v 0.25157004 0.0391398 -0.02660646
v 0.25068908 0.03892046 -0.0272844
v 0.25173455 0.03808707 -0.0264834
v 0.25087994 0.03770655 -0.02714281
v 0.25191617 0.03709149 -0.02615656
v 0.25108701 0.03656119 -0.02676542
v 0.25210696 0.03619432 -0.0256351
v 0.25130522 0.03552478 -0.02616374
v 0.25229847 0.03542679 -0.02494165
v 0.2515217 0.0346449 -0.02536047
v 0.25248742 0.03481686 -0.02410104
v 0.25173372 0.0339452 -0.02439054
v 0.25266277 0.03439229 -0.02314662
v 0.25192868 0.03346204 -0.02328772
v 0.25282275 0.03416603 -0.02211703
v 0.25210303 0.0332061 -0.02209766
v 0.25295603 0.03414797 -0.02104952
v 0.25225114 0.0331881 -0.02086356
v 0.25306338 0.03433758 -0.01998714
v 0.25236666 0.03341203 -0.01963712
v 0.25313848 0.03472387 -0.01896932
v 0.25244414 0.03386658 -0.01845966
v 0.25317609 0.03530091 -0.018035
v 0.25248169 0.03453344 -0.01738042
v 0.25317776 0.03603905 -0.01721943
v 0.25247734 0.03538864 -0.01643865
v 0.25313973 0.03691297 -0.01655732
v 0.25242877 0.03639966 -0.01567284
v 0.25306743 0.03788882 -0.01606994
v 0.25233924 0.03752869 -0.0151103
v 0.2529602 0.03892976 -0.01577885
v 0.25221246 0.03873151 -0.01477339
v 0.19899579 0.00679737 -0.10364235
v 0.19914591 0.00491458 -0.10352164
v 0.1989682 0.00304269 -0.10354591
v 0.19847214 0.00125592 -0.10371739
v 0.19767877 -0.00038552 -0.10403071
v 0.19661811 -0.00181204 -0.10447332
v 0.19533637 -0.00297433 -0.10503174
v 0.19387915 -0.00382757 -0.10568353
v 0.19230946 -0.00434351 -0.10640706
v 0.19068169 -0.00449705 -0.10717141
v 0.18906012 -0.00428485 -0.10794826
v 0.18750354 -0.0037108 -0.10870546
v 0.18607205 -0.00279998 -0.10941264
v 0.18481847 -0.00157964 -0.11004035
v 0.18378821 -0.00009888 -0.11056439
v 0.18302029 0.0015884 -0.11096295
v 0.18254432 0.00341594 -0.11122244
v 0.18237832 0.00531411 -0.11132833
v 0.1825284 0.00721007 -0.11128154
v 0.18299117 0.00902748 -0.11108095
v 0.18375027 0.0106973 -0.11073926
v 0.18478137 0.01215326 -0.11027122
v 0.18604236 0.01333361 -0.10969409
v 0.18748718 0.0141949 -0.10903403
v 0.18906316 0.01470696 -0.10831474
v 0.19070699 0.01484853 -0.10756438
v 0.19235876 0.01460987 -0.10681106
v 0.19394609 0.01400703 -0.10608187
v 0.19541132 0.01306474 -0.10540408
v 0.19669452 0.01181787 -0.10479973
v 0.19774565 0.01031595 -0.10429517
v 0.19852373 0.00862228 -0.10390315
v 0.1944175 0.00677663 -0.0916462
v 0.19457653 0.00488519 -0.09153217
v 0.19441247 0.00300169 -0.09156937
v 0.19393467 0.00119727 -0.09175505
v 0.19316017 -0.00045692 -0.0920832
v 0.19212383 -0.00190252 -0.09254535
v 0.19086211 -0.00308656 -0.09312097
v 0.18942576 -0.00395959 -0.093791
v 0.18787205 -0.0044896 -0.09452724
v 0.18625879 -0.00465762 -0.09530302
v 0.1846466 -0.00445371 -0.09608912
v 0.18309828 -0.00388628 -0.09685351
v 0.18167194 -0.00297939 -0.09756539
v 0.18042311 -0.00176256 -0.09819643
v 0.17939361 -0.000283 -0.09872176
v 0.17862722 0.00140464 -0.09912118
v 0.17815023 0.00323009 -0.09937817
v 0.17798236 0.00513094 -0.09948444
v 0.17812904 0.00702869 -0.09943433
v 0.17858865 0.00884991 -0.09923191
v 0.17934304 0.01052326 -0.09888544
v 0.18036344 0.01198607 -0.09840972
v 0.18161162 0.01318037 -0.09782363
v 0.18304258 0.01405918 -0.09714978
v 0.18460014 0.0145868 -0.09641538
v 0.18622118 0.01474475 -0.09564676
v 0.18784883 0.01452684 -0.09487485
v 0.18941494 0.01394361 -0.09412737
v 0.19086155 0.0130164 -0.09343098
v 0.19213131 0.01178258 -0.09281688
v 0.19317022 0.01029241 -0.09230037
v 0.193944 0.00860077 -0.09190654
v 0.18550628 0.00501227 -0.09350014
v 0.19697374 0.00643801 -0.10450559
v 0.19709003 0.00500577 -0.10441485
v 0.19695824 0.0035808 -0.10443573
v 0.19658231 0.00222027 -0.10456755
v 0.19598087 0.00097364 -0.10480644
v 0.19517767 -0.00011372 -0.10514566
v 0.19420459 -0.0010004 -0.10557031
v 0.19309839 -0.00165098 -0.10606737
v 0.19190442 -0.00204372 -0.10661664
v 0.19066548 -0.00215882 -0.1071977
v 0.18943196 -0.0019958 -0.10778783
v 0.1882483 -0.00155758 -0.10836271
v 0.18715646 -0.00086331 -0.10889749
v 0.18620279 0.00006669 -0.10937405
v 0.18541878 0.00119191 -0.10977111
v 0.18483305 0.0024746 -0.11007484
v 0.18447136 0.00386524 -0.11026956
v 0.18434608 0.00530707 -0.1103517
v 0.18446198 0.00674665 -0.11031743
v 0.18481621 0.00812655 -0.11016763
v 0.18539565 0.00939393 -0.10990814
v 0.18617975 0.01049912 -0.10955414
v 0.18714013 0.01139593 -0.10911653
v 0.18823832 0.01205188 -0.10861431
v 0.18943584 0.01244306 -0.10806803
v 0.19068387 0.01254963 -0.10749636
v 0.191935 0.0123704 -0.10692089
v 0.19314119 0.01191479 -0.10636413
v 0.19425231 0.01119971 -0.10584756
v 0.19522523 0.01025217 -0.10538608
v 0.19602525 0.00911295 -0.10500031
v 0.19661456 0.00782823 -0.10470336
v 0.1960242 0.00624442 -0.10494215
v 0.19612357 0.00502824 -0.10486531
v 0.19600912 0.0038222 -0.10488202
v 0.19568997 0.00266957 -0.10499337
v 0.19517999 0.00161087 -0.10519554
v 0.19449764 0.00068956 -0.10548186
v 0.19367012 -0.00006115 -0.10584023
v 0.19273003 -0.000611 -0.10626128
v 0.19171643 -0.00093978 -0.10672561
v 0.19066399 -0.00103771 -0.10721679
v 0.1896159 -0.00089937 -0.10771526
v 0.18861013 -0.00052678 -0.10820162
v 0.1876825 0.00006473 -0.10865452
v 0.18687373 0.00085252 -0.10905933
v 0.18620672 0.00180906 -0.10939513
v 0.18571272 0.00289619 -0.10965168
v 0.18540489 0.00407499 -0.10981891
v 0.18529775 0.00529831 -0.10988695
v 0.18539816 0.00651764 -0.10985879
v 0.18569871 0.00768727 -0.10973225
v 0.18619054 0.00876379 -0.10951454
v 0.18685737 0.00969952 -0.10921537
v 0.18767353 0.01045787 -0.10884541
v 0.18860718 0.01101303 -0.10842024
v 0.18962338 0.01134169 -0.10795763
v 0.19068512 0.01143074 -0.1074742
v 0.19174784 0.01127737 -0.10698851
v 0.19277152 0.01089084 -0.10651616
v 0.19371542 0.01028341 -0.10607881
v 0.19454169 0.0094791 -0.10568908
v 0.19521939 0.00851196 -0.10536256
v 0.19571995 0.00742042 -0.10510978
v 0.19591459 0.00621962 -0.10227276
v 0.19384908 0.00618654 -0.09680753
v 0.19350597 0.00751209 -0.0969982
v 0.19557219 0.0075441 -0.10246291
v 0.19293758 0.00874608 -0.0972791
v 0.19500479 0.00877744 -0.10274519
v 0.19216582 0.00984376 -0.0976407
v 0.19423201 0.00987798 -0.10310594
v 0.19122275 0.0107603 -0.09807054
v 0.19328725 0.01079499 -0.10353547
v 0.19014558 0.01145827 -0.09855164
v 0.19220763 0.01149398 -0.1040149
v 0.18897458 0.01191079 -0.09906879
v 0.19103547 0.01194775 -0.10453132
v 0.18775796 0.01209771 -0.09960147
v 0.18981802 0.01213794 -0.10506219
v 0.18654489 0.0120123 -0.10013395
v 0.18860536 0.01205205 -0.1055927
v 0.18538284 0.01165467 -0.10064169
v 0.18744212 0.0116955 -0.10610095
v 0.18431624 0.01104277 -0.10110802
v 0.18637484 0.01108348 -0.10656556
v 0.18338736 0.01019477 -0.101517
v 0.18544471 0.01023471 -0.10697452
v 0.18262603 0.009148 -0.10184561
v 0.18468293 0.00918841 -0.10730435
v 0.1820628 0.00794422 -0.10208597
v 0.1841208 0.00798505 -0.10754557
v 0.18171978 0.00662976 -0.10222629
v 0.18377816 0.00667017 -0.10768432
v 0.18160638 0.00525426 -0.10225621
v 0.18366411 0.00529533 -0.10771631
v 0.18172404 0.00387668 -0.1021768
v 0.18378138 0.00391894 -0.10763591
v 0.18206974 0.00254994 -0.1019902
v 0.18412819 0.00259017 -0.10744772
v 0.18263113 0.00132256 -0.10170095
v 0.18468657 0.00136286 -0.10715948
v 0.18338155 0.0002436 -0.10132245
v 0.1854386 0.0002827 -0.10678079
v 0.18429818 -0.00064891 -0.10086913
v 0.18635585 -0.00060838 -0.10632941
v 0.18534758 -0.00131857 -0.10036312
v 0.18740445 -0.00127977 -0.10581955
v 0.18648672 -0.00174403 -0.0998195
v 0.18854534 -0.00170391 -0.10527881
v 0.1876772 -0.00191128 -0.09926667
v 0.18973639 -0.00187122 -0.10472511
v 0.18887725 -0.0018115 -0.09872351
v 0.19093519 -0.00176942 -0.10418241
v 0.19003316 -0.00145351 -0.09821052
v 0.19209337 -0.00141149 -0.10367135
v 0.19110965 -0.00084596 -0.0977521
v 0.19317129 -0.00080871 -0.10321318
v 0.19205904 -0.00001657 -0.09736159
v 0.19412183 0.00002014 -0.10282322
v 0.19284686 0.00100547 -0.09705159
v 0.19490903 0.00104361 -0.10251466
v 0.19343984 0.00218457 -0.09683969
v 0.1955032 0.00221729 -0.10230135
v 0.19381412 0.00347179 -0.09672501
v 0.19587889 0.00350546 -0.10219021
v 0.19395124 0.00482249 -0.09671425
v 0.1960183 0.00485557 -0.10218029
v 0.19913986 0.00676471 -0.10505065
v 0.19928392 0.00495219 -0.10493465
v 0.19941359 0.00493371 -0.1042603
v 0.19926321 0.00681787 -0.10438033
v 0.19911405 0.00315135 -0.10495829
v 0.19923684 0.00306099 -0.10428491
v 0.19863867 0.00143045 -0.10512416
v 0.19874274 0.00127095 -0.10445737
v 0.19787818 -0.00014537 -0.10542915
v 0.19795087 -0.00036573 -0.10477269
v 0.19685983 -0.00152021 -0.10585422
v 0.19689264 -0.00179565 -0.10521676
v 0.19563058 -0.00264149 -0.10639403
v 0.1956121 -0.00296127 -0.1057755
v 0.19423192 -0.00346261 -0.107023
v 0.19415622 -0.00381666 -0.10642953
v 0.19272357 -0.00395923 -0.10771827
v 0.19258779 -0.0043351 -0.10715224
v 0.1911599 -0.00411248 -0.10845493
v 0.19096052 -0.00448972 -0.10791755
v 0.18959999 -0.00390625 -0.10920295
v 0.18934035 -0.00427913 -0.10869637
v 0.18810495 -0.00335681 -0.10993264
v 0.18778514 -0.00370454 -0.10945496
v 0.18672892 -0.00247782 -0.11061238
v 0.18635478 -0.00279188 -0.11016293
v 0.18552354 -0.00130504 -0.11121698
v 0.18510153 -0.00157344 -0.11079168
v 0.18453246 0.00011718 -0.11172087
v 0.18407213 -0.00009328 -0.11131598
v 0.18379494 0.00173831 -0.11210387
v 0.18330526 0.00159186 -0.11171457
v 0.18333566 0.00349593 -0.11235182
v 0.18282774 0.00341987 -0.11197248
v 0.18317633 0.00532239 -0.11245346
v 0.18266212 0.0053187 -0.11207807
v 0.18332147 0.00714868 -0.11240977
v 0.1828109 0.00721621 -0.11203097
v 0.18376559 0.0088939 -0.11221737
v 0.18327489 0.00903415 -0.11183197
v 0.18449509 0.01050126 -0.11188741
v 0.18403178 0.01070392 -0.11148861
v 0.18548616 0.01189982 -0.11143636
v 0.18506318 0.01215928 -0.11101935
v 0.18669679 0.01303857 -0.11088063
v 0.18632149 0.01334404 -0.11044215
v 0.18808466 0.01386821 -0.11024538
v 0.1877655 0.01420664 -0.109781
v 0.18959805 0.01436126 -0.10955277
v 0.18933847 0.01471972 -0.10905908
v 0.19117644 0.01449829 -0.10882826
v 0.19098207 0.01486158 -0.10830789
v 0.19276189 0.01427304 -0.10810263
v 0.19262969 0.01462626 -0.10755272
v 0.19428551 0.0136944 -0.10739789
v 0.1942161 0.01402324 -0.1068208
v 0.19569543 0.01278537 -0.10674499
v 0.19568052 0.01308035 -0.10614357
v 0.19692724 0.01159101 -0.10616368
v 0.19696292 0.01183599 -0.10553846
v 0.19793638 0.0101481 -0.1056758
v 0.19801187 0.01033496 -0.105032
v 0.19868275 0.00851857 -0.10529798
v 0.19878962 0.00864064 -0.10463924
v 0.19734144 0.0064153 -0.10542455
v 0.19745478 0.00498449 -0.10533265
v 0.19731822 0.00356411 -0.10534874
v 0.19693985 0.00220608 -0.10547917
v 0.19633334 0.0009635 -0.10571426
v 0.19552621 -0.00011879 -0.10604921
v 0.19454708 -0.00100094 -0.10647039
v 0.19343844 -0.00164741 -0.1069632
v 0.19223868 -0.00203561 -0.10750791
v 0.19099775 -0.00215059 -0.10808736
v 0.18976217 -0.00198483 -0.10867502
v 0.18857631 -0.00154662 -0.10924986
v 0.18748486 -0.00085115 -0.10978364
v 0.18653038 0.00007969 -0.11026013
v 0.18574526 0.00120657 -0.11065755
v 0.18516099 0.00249028 -0.11095909
v 0.18479755 0.00387758 -0.1111542
v 0.18467414 0.00532043 -0.11123725
v 0.18478977 0.00676113 -0.11120379
v 0.1851437 0.0081408 -0.1110537
v 0.18572509 0.00940561 -0.11079633
v 0.18651044 0.01050967 -0.1104418
v 0.18747389 0.01140457 -0.11000832
v 0.18857616 0.01205712 -0.10950842
v 0.18977776 0.01244401 -0.10896469
v 0.19103047 0.01254516 -0.10839756
v 0.19228538 0.01236468 -0.10782624
v 0.19349637 0.01190108 -0.10727164
v 0.19461259 0.01118302 -0.10675935
v 0.19559046 0.01023513 -0.10630238
v 0.19639071 0.00909173 -0.10591884
v 0.19698104 0.00780403 -0.10562121
v 0.19773986 0.00645023 -0.10572543
v 0.1978569 0.00496584 -0.10562999
v 0.19771412 0.00349289 -0.10564556
v 0.19731912 0.00208693 -0.10577818
v 0.19668838 0.00080084 -0.10602033
v 0.1958476 -0.00032186 -0.10636521
v 0.19483068 -0.00123268 -0.106802
v 0.19367766 -0.00190323 -0.10731077
v 0.192433 -0.00230372 -0.10787543
v 0.19114422 -0.0024206 -0.10847478
v 0.18986174 -0.00225204 -0.10908347
v 0.18863174 -0.00179588 -0.10967876
v 0.18750014 -0.00107234 -0.11023367
v 0.18651044 -0.0001083 -0.11072821
v 0.18569687 0.00105989 -0.11113958
v 0.1850897 0.0023908 -0.11145446
v 0.18471473 0.00383126 -0.11165651
v 0.18458554 0.00532895 -0.11174274
v 0.1847068 0.00682318 -0.11170679
v 0.18507269 0.00825244 -0.11155121
v 0.18567496 0.00956594 -0.11128356
v 0.18649116 0.0107088 -0.11091852
v 0.18749049 0.01163882 -0.11046701
v 0.18863397 0.01231509 -0.10995063
v 0.18988239 0.01271081 -0.10938832
v 0.1911844 0.01281726 -0.10880116
v 0.19249001 0.01262557 -0.10821197
v 0.19374692 0.01214474 -0.10763946
v 0.19490665 0.01139676 -0.1071084
v 0.19592317 0.01041114 -0.10663619
v 0.19675403 0.0092237 -0.1062383
v 0.19736638 0.00788778 -0.1059309
v 0.19579029 0.00674581 -0.09517498
v 0.19594267 0.0048604 -0.0950575
v 0.19577401 0.00298237 -0.09508922
v 0.19528502 0.00118589 -0.0952667
v 0.19450208 -0.00046271 -0.0955879
v 0.19345367 -0.00189757 -0.09604086
v 0.19218051 -0.00306963 -0.09660615
v 0.19073313 -0.00393366 -0.09726554
v 0.18917247 -0.00445592 -0.09799586
v 0.18754851 -0.00461489 -0.09876424
v 0.18593022 -0.00440263 -0.09954381
v 0.18437892 -0.00383442 -0.10030412
v 0.18294709 -0.00292122 -0.10101052
v 0.18169337 -0.00170278 -0.10164173
v 0.18066462 -0.00022143 -0.10216452
v 0.17989611 0.00146538 -0.10256309
v 0.17941868 0.00329393 -0.1028211
v 0.17925348 0.0051909 -0.10292772
v 0.1794033 0.0070849 -0.10288064
v 0.17986586 0.00890374 -0.10267964
v 0.18062475 0.01057487 -0.10233917
v 0.18165195 0.01203191 -0.10186882
v 0.18290826 0.01321792 -0.10128769
v 0.18434694 0.01408678 -0.10062159
v 0.18591338 0.01460647 -0.09989591
v 0.18754807 0.01475369 -0.09913609
v 0.18918666 0.01452875 -0.09837516
v 0.19076538 0.01393348 -0.09763622
v 0.19221985 0.01299762 -0.09694976
v 0.19349327 0.01175928 -0.09633769
v 0.19454154 0.01026433 -0.09582792
v 0.19531467 0.00857102 -0.09543474
v 0.19526544 0.00841212 -0.09609857
v 0.19572174 0.0066539 -0.09584669
v 0.19451889 0.01004493 -0.09647601
v 0.19350519 0.01148921 -0.09696387
v 0.19227027 0.01269018 -0.09754723
v 0.19086167 0.01359671 -0.09820455
v 0.18933185 0.01417785 -0.09890858
v 0.18774342 0.01440256 -0.09963563
v 0.18615889 0.01426929 -0.10035941
v 0.1846404 0.01377749 -0.10105132
v 0.18324756 0.01294589 -0.10168872
v 0.18203076 0.01180833 -0.10224338
v 0.18103486 0.01040816 -0.10269247
v 0.18029981 0.00880086 -0.1030178
v 0.17985159 0.0070523 -0.10320934
v 0.17970529 0.00522494 -0.10325337
v 0.17986452 0.00339663 -0.10315022
v 0.18032372 0.0016368 -0.10290034
v 0.18106466 0.00001061 -0.10251642
v 0.18205809 -0.00141727 -0.10201358
v 0.18326804 -0.00259584 -0.10140849
v 0.18465057 -0.00347662 -0.10072843
v 0.18615055 -0.00403213 -0.0999993
v 0.18771484 -0.00423771 -0.09925263
v 0.18928742 -0.00409287 -0.09851796
v 0.19080016 -0.00359576 -0.09782108
v 0.1922028 -0.00277048 -0.09719207
v 0.19343787 -0.00164872 -0.09665525
v 0.19445753 -0.00027132 -0.09622583
v 0.19522184 0.0013076 -0.09592339
v 0.19569891 0.00303208 -0.09575624
v 0.1958673 0.00483715 -0.09573148
v 0.1977801 0.00859665 -0.1019183
v 0.19825267 0.00677406 -0.10165693
v 0.19700276 0.01029229 -0.10230854
v 0.19595062 0.01179444 -0.10281392
v 0.19466701 0.01304274 -0.10341568
v 0.19320103 0.01398456 -0.1040941
v 0.19161221 0.0145877 -0.10482329
v 0.18996101 0.01482588 -0.10557601
v 0.18831622 0.01468884 -0.10632576
v 0.18673893 0.01417809 -0.10704392
v 0.18529275 0.013314 -0.10770215
v 0.18402984 0.01213538 -0.10827898
v 0.18299982 0.01067972 -0.10874672
v 0.1822392 0.00901246 -0.10908779
v 0.18177399 0.00719541 -0.1092857
v 0.18162378 0.00530004 -0.10933332
v 0.18179068 0.00340199 -0.10922627
v 0.18226671 0.00157278 -0.10896939
v 0.18303436 -0.00011098 -0.10856995
v 0.18406486 -0.00159347 -0.10804653
v 0.18531835 -0.00281375 -0.10741811
v 0.18675082 -0.0037263 -0.10671096
v 0.18830674 -0.00430166 -0.10595424
v 0.18993005 -0.00451523 -0.10517976
v 0.19155973 -0.00436097 -0.10441608
v 0.1931321 -0.00384861 -0.10369329
v 0.19458958 -0.002994 -0.10304353
v 0.19587278 -0.00183123 -0.10248538
v 0.19693359 -0.00040578 -0.1020433
v 0.19772735 0.00123161 -0.10173191
v 0.19822466 0.00301873 -0.10156115
v 0.19840291 0.00488895 -0.10153567
v 0.19778674 0.00669091 -0.1013102
v 0.19733139 0.00844854 -0.10156201
v 0.19658312 0.01008063 -0.10193933
v 0.1955659 0.01152735 -0.10242442
v 0.19432899 0.01273274 -0.10300356
v 0.19291308 0.01364249 -0.10365596
v 0.19137957 0.01422864 -0.10435665
v 0.18978548 0.01445853 -0.10507916
v 0.18819683 0.01433086 -0.1057991
v 0.18667486 0.01383972 -0.10648861
v 0.18527761 0.01301056 -0.10712189
v 0.18406108 0.01187384 -0.10767539
v 0.18306288 0.01047408 -0.10812316
v 0.18232768 0.00887006 -0.10845132
v 0.18187886 0.00712084 -0.10864145
v 0.18173298 0.00529319 -0.10868535
v 0.18189361 0.00346624 -0.10858263
v 0.18235209 0.00170368 -0.10833448
v 0.18309223 0.00007909 -0.10794916
v 0.18408596 -0.00134927 -0.10744606
v 0.18529689 -0.00252693 -0.10684215
v 0.18667832 -0.00340795 -0.106161
v 0.18818026 -0.003964 -0.10543318
v 0.18974614 -0.00417375 -0.10468845
v 0.19131997 -0.00402772 -0.10395485
v 0.19283735 -0.00353592 -0.1032614
v 0.19424408 -0.00271326 -0.10263647
v 0.19548374 -0.00159603 -0.10210073
v 0.19650882 -0.00022304 -0.10167759
v 0.19727468 0.00135302 -0.10137777
v 0.19775784 0.00307279 -0.10121518
v 0.1979298 0.00487488 -0.10119219
v 0.19148474 0.00519686 -0.10946527
v 0.19579738 0.00718373 -0.10747214
v 0.19606232 0.00616294 -0.10732737
v 0.19639536 0.00628173 -0.10598537
v 0.1960887 0.00746047 -0.1061533
v 0.19536411 0.00812625 -0.10769276
v 0.19558897 0.0085507 -0.10640727
v 0.19478073 0.00896251 -0.10798084
v 0.19491434 0.00951689 -0.10673638
v 0.19407188 0.0096547 -0.10832531
v 0.19409224 0.01031661 -0.10713145
v 0.19326105 0.01017314 -0.10871145
v 0.1931549 0.01091843 -0.10757294
v 0.19238144 0.0105018 -0.10912703
v 0.19213676 0.0113002 -0.1080506
v 0.19146901 0.01062625 -0.10955609
v 0.19108033 0.01144588 -0.10854113
v 0.19055774 0.01054108 -0.10998406
v 0.19002747 0.01134944 -0.1090319
v 0.18968457 0.01024907 -0.11039135
v 0.18901625 0.01101702 -0.10949957
v 0.18888235 0.00976008 -0.11076603
v 0.18808862 0.01045584 -0.10992945
v 0.18818238 0.0090959 -0.11109399
v 0.18727767 0.00969326 -0.11030273
v 0.18760877 0.00827819 -0.11135638
v 0.1866146 0.00875097 -0.11060441
v 0.18718478 0.00734341 -0.11154763
v 0.18612316 0.00767833 -0.11082364
v 0.18692538 0.00632971 -0.11165957
v 0.18582466 0.00650608 -0.11095109
v 0.18684127 0.00526732 -0.11168494
v 0.18572741 0.00528478 -0.11098059
v 0.1869353 0.00420385 -0.11162685
v 0.18583342 0.00405925 -0.11091257
v 0.18720251 0.00318378 -0.11148245
v 0.18614175 0.002882 -0.11074555
v 0.18763074 0.00224006 -0.11126022
v 0.18663501 0.00179529 -0.11048923
v 0.18820747 0.00141209 -0.11096799
v 0.1873019 0.00083941 -0.11015377
v 0.18890807 0.00072902 -0.11061467
v 0.18811154 0.00005179 -0.1097466
v 0.18970871 0.00021922 -0.11021888
v 0.18903386 -0.00053739 -0.10929201
v 0.19057586 -0.00010091 -0.10979222
v 0.19003701 -0.00090837 -0.10880143
v 0.19147977 -0.00021529 -0.10935606
v 0.19108223 -0.00104266 -0.10830105
v 0.1923848 -0.00012421 -0.10892318
v 0.19212973 -0.00094169 -0.10780456
v 0.19325766 0.00017082 -0.10851549
v 0.19313707 -0.00060612 -0.10733717
v 0.19406431 0.00065386 -0.1081446
v 0.194072 -0.00005084 -0.10691239
v 0.19477096 0.0013138 -0.10782375
v 0.1948907 0.00070476 -0.106546
v 0.19535517 0.00212222 -0.10756831
v 0.19556799 0.00163489 -0.10625501
v 0.19578856 0.00304448 -0.107384
v 0.19607207 0.00269621 -0.10604648
v 0.19605955 0.00405424 -0.10728372
v 0.19638589 0.00385469 -0.10593091
v 0.19615134 0.00510549 -0.10726424
v 0.19649416 0.00506579 -0.10591199
v 0.17261114 0.0117259 -0.1127033
v 0.18188297 -0.01548588 -0.10746144
v 0.24635718 0.05833518 -0.00240266
v 0.25226235 0.02769875 0.00385473
v 0.17601665 0.0137971 -0.11092739
v 0.18482971 -0.01385378 -0.10521412
v 0.24554425 0.05697196 -0.00793447
v 0.25120598 0.02623695 -0.00167701
v 0.24494838 0.0507853 -0.0367235
v 0.2444809 0.05372589 -0.02193999
v 0.24800512 0.0484268 -0.05322947
v 0.21331718 0.03247821 -0.09496188
v 0.19853109 0.02534133 -0.10206734
v 0.18574452 0.01904261 -0.10656656
v 0.2214719 0.00345379 -0.08944765
v 0.20713236 -0.00300079 -0.09633723
v 0.19434547 -0.00909948 -0.10005725
v 0.25322443 0.01719731 -0.04705049
v 0.25021368 0.01977336 -0.03048218
v 0.2497593 0.02279907 -0.01568373
v 0.17975011 -0.00056439 -0.10693952
v 0.24894312 0.04168105 -0.00471985
v 0.24953858 0.04296809 0.00073596
v 0.17708861 -0.00201797 -0.10999116
v 0.24733766 0.03498339 -0.03392773
v 0.25059491 0.03260791 -0.05014993
v 0.20373126 0.01171302 -0.10101799
v 0.21738728 0.01784962 -0.09240768
v 0.24544134 0.03566443 -0.02736505
v 0.24805189 0.02990371 -0.01706984
v 0.24671357 0.03062659 -0.02364953
v 0.24832285 0.04037028 -0.01016404
v 0.24882349 0.033984 -0.01149196
v 0.2456426 0.04614263 -0.02033604
v 0.24705013 0.04542446 -0.01380595
v 0.24509516 0.04215025 -0.02596005
v 0.19140628 -0.00348937 -0.10058648
v 0.19675737 0.00844228 -0.10225648
v 0.19621288 0.00168186 -0.10086581
v 0.18717533 0.01259535 -0.10555942
v 0.19319468 0.01309263 -0.1042964
v 0.1821309 0.00070613 -0.10415907
v 0.18585863 -0.0037356 -0.10211413
v 0.18286448 0.0076161 -0.10578818
v 0.18261858 -0.01386189 -0.10260395
v 0.17754259 -0.00061255 -0.1042836
v 0.17488297 -0.00205278 -0.10735026
v 0.17970821 -0.01546651 -0.10487411
v 0.24999611 0.01660686 -0.047134
v 0.24740633 0.03205877 -0.05021069
v 0.24633051 0.04236757 0.00063559
v 0.24574264 0.041085 -0.00482283
v 0.24798259 0.02562993 -0.00177479
v 0.24904146 0.02709204 0.00375448
v 0.24481806 0.04786729 -0.05329075
v 0.24699458 0.0191766 -0.03057287
v 0.24413675 0.0344001 -0.03401123
v 0.20487979 -0.0030092 -0.09369251
v 0.21927595 0.0035184 -0.08682935
v 0.21517819 0.01788169 -0.08975988
v 0.20141926 0.01163309 -0.09830144
v 0.24312764 0.05772286 -0.00250176
v 0.24231153 0.05635929 -0.00803517
v 0.24172201 0.05018883 -0.03681306
v 0.1703352 0.01166182 -0.11003186
v 0.17369952 0.01369869 -0.10822271
v 0.21107351 0.03248179 -0.09230459
v 0.19617933 0.02523666 -0.09933889
v 0.24349734 0.03002864 -0.02374478
v 0.2422221 0.0350663 -0.02746045
v 0.24652259 0.02218371 -0.01578215
v 0.24483162 0.02930158 -0.01716637
v 0.24561148 0.03338515 -0.01159179
v 0.24511444 0.03976893 -0.01026268
v 0.24383491 0.04482179 -0.01390646
v 0.24123683 0.05310916 -0.02203868
v 0.24241778 0.04553705 -0.02043665
v 0.2418735 0.04155051 -0.02605584
v 0.19392404 0.00160211 -0.09816422
v 0.18914982 -0.00355505 -0.09791123
v 0.19204825 -0.00916248 -0.09739532
v 0.19442859 0.00833153 -0.09952922
v 0.19082906 0.01295292 -0.10154348
v 0.18333959 0.01888293 -0.10380767
v 0.18479973 0.01244354 -0.10280569
v 0.18364405 -0.003784 -0.09946434
v 0.17989313 0.00063562 -0.10148671
v 0.18056434 0.00750225 -0.10307734
v 0.2392553 0.01200681 -0.06361265
v 0.23648047 0.01167041 -0.06190746
v 0.23276132 0.0266478 -0.06496083
v 0.22903794 0.04194706 -0.06793022
v 0.23179271 0.04228109 -0.06964609
v 0.23550668 0.02696436 -0.06667403
v 0.22072407 0.02064687 -0.08193792
v 0.22470259 0.00609052 -0.07896857
v 0.22708115 0.0061534 -0.08129892
v 0.22310218 0.02072471 -0.08429093
v 0.21914449 0.0355708 -0.0869771
v 0.21674022 0.03546732 -0.08461649
v 0.23351258 0.00924682 -0.07195517
v 0.23092469 0.00903862 -0.0699552
v 0.22708347 0.02381742 -0.07296869
v 0.22323724 0.03889173 -0.07580105
v 0.22582644 0.03911536 -0.07782121
v 0.22965535 0.02402234 -0.07498388
v 0.24888131 -0.10662061 -0.00864803
v 0.24887254 -0.10839784 -0.00893669
v 0.24885854 -0.11010098 -0.00956699
v 0.24884149 -0.11166435 -0.01051611
v 0.2488242 -0.11302977 -0.01174712
v 0.24880626 -0.11414432 -0.01321372
v 0.24879148 -0.11496728 -0.01486017
v 0.2487801 -0.11546605 -0.01662233
v 0.24877479 -0.11562496 -0.01843263
v 0.24877354 -0.11543524 -0.02022303
v 0.24877634 -0.11490339 -0.02192262
v 0.24878183 -0.11405211 -0.02346752
v 0.24878802 -0.11290973 -0.02479722
v 0.24879476 -0.11151981 -0.02585895
v 0.24880036 -0.10993373 -0.02661359
v 0.24880388 -0.10821253 -0.02702938
v 0.24880352 -0.10642218 -0.0270934
v 0.24879953 -0.10463237 -0.02680048
v 0.24879422 -0.10291439 -0.02616433
v 0.2487882 -0.10132795 -0.02520803
v 0.24878189 -0.09994471 -0.02397067
v 0.24878135 -0.09880924 -0.02249551
v 0.24877908 -0.09797507 -0.02084597
v 0.24878493 -0.09747034 -0.0190831
v 0.24879559 -0.09731465 -0.01727318
v 0.24880936 -0.09751534 -0.01548695
v 0.24882647 -0.09806484 -0.01379121
v 0.2488434 -0.09893745 -0.01225513
v 0.24886009 -0.10010206 -0.0109329
v 0.24887409 -0.10150915 -0.00987695
v 0.2488825 -0.10310691 -0.00912868
v 0.24888411 -0.10483384 -0.00871331
v 0.23985019 -0.10658735 -0.00802589
v 0.23983293 -0.10835707 -0.00830968
v 0.23980388 -0.11004763 -0.00893622
v 0.23976317 -0.1115908 -0.00987709
v 0.23971587 -0.11293101 -0.01109884
v 0.2396655 -0.11401486 -0.01255298
v 0.23961237 -0.11480236 -0.01418649
v 0.23955875 -0.11526447 -0.01593585
v 0.23950803 -0.11538386 -0.01773191
v 0.23946124 -0.11515569 -0.01950712
v 0.23942112 -0.11458718 -0.02119383
v 0.23938852 -0.11369764 -0.02272627
v 0.239362 -0.11252701 -0.02404514
v 0.23934328 -0.11111211 -0.02509827
v 0.23933082 -0.10951238 -0.02584708
v 0.23932719 -0.10778605 -0.02626198
v 0.23933035 -0.10600107 -0.02632707
v 0.23934134 -0.10422337 -0.02603949
v 0.23935884 -0.10252314 -0.02541123
v 0.23938378 -0.1009702 -0.02446586
v 0.23941758 -0.09961706 -0.02323865
v 0.23945674 -0.09852212 -0.02178071
v 0.23950302 -0.09772813 -0.02014462
v 0.23955196 -0.09726244 -0.0183951
v 0.23960718 -0.09714448 -0.01659784
v 0.23965862 -0.09737747 -0.01482642
v 0.23971033 -0.09795802 -0.01314379
v 0.23975792 -0.09885895 -0.01161652
v 0.23979744 -0.10004138 -0.01030192
v 0.23983034 -0.10146766 -0.00925064
v 0.23984879 -0.10307455 -0.00850518
v 0.23985689 -0.10480487 -0.0080911
v 0.2380436 -0.10625028 -0.01705789
v 0.24887535 -0.10658609 -0.01084709
v 0.24887087 -0.10794013 -0.01106575
v 0.24886164 -0.10923647 -0.01154614
v 0.24885258 -0.11042618 -0.01226849
v 0.2488406 -0.11146992 -0.01320575
v 0.2488313 -0.11231774 -0.01432149
v 0.24882349 -0.1129471 -0.01557319
v 0.24881729 -0.11332851 -0.01691355
v 0.24881562 -0.11345022 -0.01829018
v 0.24881485 -0.11330723 -0.01965295
v 0.24881932 -0.11290502 -0.02094471
v 0.24882331 -0.11225593 -0.02211906
v 0.2488282 -0.11138671 -0.02312989
v 0.24883189 -0.11032903 -0.02393684
v 0.2488363 -0.109124 -0.02451015
v 0.24883768 -0.10781544 -0.02482806
v 0.24883738 -0.10645633 -0.02487555
v 0.24883577 -0.10509359 -0.02465298
v 0.24883279 -0.10378634 -0.02416877
v 0.24882814 -0.10258323 -0.02344206
v 0.24882152 -0.10153091 -0.02250075
v 0.24882057 -0.10066813 -0.0213807
v 0.24882015 -0.10003256 -0.0201252
v 0.24882188 -0.09964591 -0.01878429
v 0.24882677 -0.09952813 -0.01740781
v 0.2488344 -0.0996775 -0.01604991
v 0.24884322 -0.10009121 -0.0147606
v 0.24885383 -0.1007511 -0.01359004
v 0.24886402 -0.10163408 -0.01258497
v 0.24887105 -0.1027041 -0.01178192
v 0.24887576 -0.10391676 -0.01121082
v 0.24887713 -0.10522812 -0.01089602
v 0.24885669 -0.10656136 -0.01190507
v 0.24885413 -0.10771113 -0.01209074
v 0.24884823 -0.10881108 -0.01249886
v 0.24884119 -0.10982245 -0.01311268
v 0.24883511 -0.11070722 -0.01390697
v 0.24882921 -0.11143291 -0.01485452
v 0.2488254 -0.11196631 -0.01591694
v 0.24882194 -0.1122924 -0.01705678
v 0.24882313 -0.11239987 -0.01822502
v 0.24882707 -0.11228042 -0.01938009
v 0.24883201 -0.11194008 -0.02047764
v 0.24883863 -0.11139589 -0.02147378
v 0.24884548 -0.11065691 -0.02233206
v 0.24885067 -0.10976243 -0.02301722
v 0.24885293 -0.10873997 -0.02350452
v 0.24885681 -0.10763114 -0.02377165
v 0.2488555 -0.10647708 -0.02381353
v 0.24885228 -0.10532224 -0.02362448
v 0.24884787 -0.10421168 -0.02321371
v 0.24884328 -0.10318929 -0.02259617
v 0.24883732 -0.10229337 -0.02179697
v 0.24883177 -0.10156202 -0.020847
v 0.24882778 -0.10101914 -0.01978162
v 0.24882629 -0.10068851 -0.01864251
v 0.24882832 -0.10058391 -0.01747435
v 0.24883106 -0.10070973 -0.01632123
v 0.24883738 -0.10105752 -0.01522643
v 0.24884274 -0.10161781 -0.01423306
v 0.24884906 -0.10236293 -0.01337966
v 0.24885389 -0.10326808 -0.01269817
v 0.24885794 -0.10429775 -0.0122145
v 0.24885866 -0.10540759 -0.01194586
v 0.24680188 -0.10643422 -0.01098549
v 0.24261921 -0.10636639 -0.0106775
v 0.2426196 -0.10506773 -0.01072461
v 0.24680265 -0.10513311 -0.01103136
v 0.24261948 -0.103814 -0.01102692
v 0.24680373 -0.10388159 -0.01133436
v 0.24261626 -0.10265654 -0.01157362
v 0.24680253 -0.10272491 -0.01188131
v 0.24261549 -0.10164046 -0.01234294
v 0.24680247 -0.10170805 -0.01265165
v 0.24261209 -0.10080361 -0.01330677
v 0.24680289 -0.10087412 -0.01361503
v 0.24261403 -0.10017889 -0.01442726
v 0.24680557 -0.10025221 -0.01473825
v 0.24261558 -0.09979581 -0.01566423
v 0.24681177 -0.09986901 -0.0159754
v 0.24262309 -0.09966266 -0.01696907
v 0.24682226 -0.09974247 -0.01728077
v 0.24263361 -0.0997917 -0.01829005
v 0.24683722 -0.09987545 -0.01860364
v 0.24264845 -0.10017591 -0.01957778
v 0.24685469 -0.10026365 -0.01989253
v 0.24266767 -0.10080009 -0.02078368
v 0.24688103 -0.10089206 -0.02109857
v 0.24268671 -0.10163998 -0.02185988
v 0.24690392 -0.10173672 -0.02217806
v 0.24270695 -0.10265797 -0.02276608
v 0.24692824 -0.10275775 -0.02308464
v 0.24272549 -0.10382545 -0.0234654
v 0.24694946 -0.10392475 -0.02378473
v 0.24273911 -0.10508292 -0.02393112
v 0.24696466 -0.10518449 -0.02425267
v 0.24274867 -0.10638839 -0.02414574
v 0.24697497 -0.10649335 -0.02446702
v 0.24275139 -0.107692 -0.02410082
v 0.24697735 -0.10779762 -0.02442176
v 0.24274647 -0.10894095 -0.02379482
v 0.24697151 -0.10904449 -0.02411846
v 0.24273437 -0.11008828 -0.02324598
v 0.24695995 -0.11019086 -0.02356648
v 0.24271827 -0.11108881 -0.02247028
v 0.24694165 -0.11119049 -0.02279114
v 0.24269983 -0.1119064 -0.02149895
v 0.24691906 -0.11200529 -0.02181818
v 0.24267819 -0.11251312 -0.02037209
v 0.24689319 -0.11260706 -0.02068992
v 0.24265831 -0.11288136 -0.01913119
v 0.24686935 -0.11297029 -0.01944659
v 0.24264198 -0.11300092 -0.01782144
v 0.24684795 -0.11308997 -0.01813745
v 0.24262511 -0.11287051 -0.01650167
v 0.24682804 -0.11295491 -0.01681509
v 0.2426171 -0.11249071 -0.01521401
v 0.24681481 -0.11257141 -0.01552617
v 0.24261039 -0.11188036 -0.01401292
v 0.24680593 -0.11195695 -0.01432303
v 0.24260774 -0.11105495 -0.01294158
v 0.2467992 -0.11112755 -0.01325104
v 0.24260976 -0.11005312 -0.01204264
v 0.24679711 -0.11012363 -0.01235146
v 0.24261188 -0.10890859 -0.01134928
v 0.24679938 -0.10897654 -0.01165784
v 0.24261584 -0.10766398 -0.01088886
v 0.24680069 -0.10773122 -0.01119617
v 0.24987791 -0.10663873 -0.00907395
v 0.2498701 -0.10834717 -0.00935104
v 0.24946145 -0.10841703 -0.00898162
v 0.24947135 -0.10663521 -0.0086927
v 0.24985484 -0.1099866 -0.00995843
v 0.24944685 -0.11011922 -0.00961171
v 0.24984024 -0.11148881 -0.01086997
v 0.24943022 -0.1116808 -0.01055942
v 0.24982266 -0.11280256 -0.01205555
v 0.24941156 -0.1130467 -0.01179155
v 0.24980633 -0.11387556 -0.01346557
v 0.24939368 -0.11415922 -0.01325751
v 0.24979184 -0.1146667 -0.01504803
v 0.24937735 -0.11498266 -0.01490259
v 0.24978135 -0.1151452 -0.01674267
v 0.24936483 -0.11548352 -0.01666553
v 0.24977688 -0.11530083 -0.01848215
v 0.24935673 -0.11564022 -0.01847545
v 0.2497742 -0.11511623 -0.02020379
v 0.24935434 -0.11544895 -0.02026471
v 0.24977593 -0.11460506 -0.02183915
v 0.24935756 -0.11491721 -0.02196383
v 0.24978153 -0.11378222 -0.02332425
v 0.24936179 -0.11406213 -0.02350909
v 0.24978707 -0.11268365 -0.02460167
v 0.24936811 -0.11291766 -0.02483721
v 0.24979327 -0.11134535 -0.02562233
v 0.24937312 -0.11152631 -0.02589918
v 0.24979852 -0.10982167 -0.02634779
v 0.24937807 -0.109941 -0.02665309
v 0.24979887 -0.10816782 -0.02674914
v 0.2493792 -0.10822022 -0.02706986
v 0.24979852 -0.10644644 -0.02681059
v 0.24938063 -0.10643094 -0.02713341
v 0.24979613 -0.10472363 -0.02652843
v 0.24937658 -0.10464114 -0.02684075
v 0.24979297 -0.1030718 -0.02591616
v 0.24937294 -0.1029216 -0.02620511
v 0.24978707 -0.10154819 -0.0249976
v 0.24936829 -0.10133755 -0.02524906
v 0.24978046 -0.1002177 -0.02380762
v 0.24936322 -0.09995353 -0.02401125
v 0.24978075 -0.09912848 -0.02238964
v 0.24936233 -0.09882259 -0.02253742
v 0.24978159 -0.09832537 -0.0208031
v 0.2493637 -0.09798824 -0.02088861
v 0.24978576 -0.09784239 -0.01910914
v 0.24936966 -0.09748572 -0.01912639
v 0.24979524 -0.09769374 -0.01736909
v 0.24938134 -0.09733116 -0.01731596
v 0.24980936 -0.0978837 -0.01565103
v 0.24939589 -0.09753042 -0.01552944
v 0.24982558 -0.09841072 -0.01402064
v 0.24941407 -0.09807896 -0.01383543
v 0.24984102 -0.09925228 -0.01254268
v 0.24943171 -0.09895485 -0.01229854
v 0.24985717 -0.10037046 -0.01127126
v 0.24944905 -0.10011971 -0.01097783
v 0.24987022 -0.10172277 -0.01025609
v 0.249463 -0.10152787 -0.00992143
v 0.24987839 -0.10325998 -0.00953595
v 0.24947176 -0.10312455 -0.00917321
v 0.24987922 -0.10492044 -0.0091363
v 0.24947302 -0.10485106 -0.00875742
v 0.24952314 -0.1065675 -0.01088822
v 0.24951778 -0.10792034 -0.01110906
v 0.24951206 -0.10921925 -0.01158858
v 0.24950622 -0.11041528 -0.01231276
v 0.24949966 -0.11145895 -0.01325122
v 0.24949537 -0.11231243 -0.01436863
v 0.24949328 -0.112948 -0.0156232
v 0.249494 -0.11333727 -0.01696547
v 0.24949841 -0.11346501 -0.01834523
v 0.24950753 -0.11333 -0.0197094
v 0.24951861 -0.11293315 -0.02100389
v 0.24953077 -0.11229103 -0.02218162
v 0.2495424 -0.11142784 -0.02319303
v 0.24955193 -0.11037272 -0.02400164
v 0.24955783 -0.10917025 -0.02457629
v 0.24956105 -0.10786265 -0.02489282
v 0.24955825 -0.10650122 -0.02494151
v 0.24955444 -0.1051414 -0.02471792
v 0.24954806 -0.10382765 -0.02423229
v 0.24953703 -0.10261952 -0.0235043
v 0.24952457 -0.10155934 -0.02256014
v 0.2495139 -0.10069149 -0.02143753
v 0.24950568 -0.10004818 -0.02018039
v 0.24950085 -0.0996561 -0.01883669
v 0.24949841 -0.0995289 -0.01745693
v 0.24950061 -0.09967345 -0.01609663
v 0.24950282 -0.10008341 -0.01480612
v 0.2495061 -0.10074007 -0.01363453
v 0.24951373 -0.10161829 -0.01262801
v 0.24952016 -0.10268479 -0.01182265
v 0.24952434 -0.10389804 -0.01125167
v 0.2495241 -0.10520839 -0.01093613
v 0.24980662 -0.10656207 -0.01064729
v 0.24980323 -0.107966 -0.0108755
v 0.24979768 -0.10931456 -0.01137399
v 0.24979136 -0.11055469 -0.01212488
v 0.24978624 -0.11163622 -0.01309837
v 0.2497829 -0.1125285 -0.01425853
v 0.24978391 -0.11318785 -0.01556146
v 0.24978695 -0.11359369 -0.01695462
v 0.24979607 -0.1137284 -0.01838616
v 0.2498074 -0.11359185 -0.01980206
v 0.24982206 -0.11318421 -0.02114659
v 0.24983863 -0.11251896 -0.02236761
v 0.24985133 -0.11162632 -0.02341912
v 0.24986432 -0.11053484 -0.02425758
v 0.24987171 -0.10928875 -0.02485471
v 0.24987636 -0.10793292 -0.02518348
v 0.24987463 -0.10652154 -0.02523235
v 0.24986814 -0.10510599 -0.02500057
v 0.2498577 -0.1037445 -0.02449596
v 0.24984531 -0.10248637 -0.02373996
v 0.24982892 -0.1013866 -0.02276015
v 0.24981562 -0.10048311 -0.02159531
v 0.24980448 -0.09981304 -0.02028913
v 0.24979524 -0.09940201 -0.01889475
v 0.24978928 -0.09926992 -0.01746372
v 0.24978958 -0.09941726 -0.01605114
v 0.24979023 -0.09983998 -0.0147116
v 0.24979405 -0.10052084 -0.01349658
v 0.24980066 -0.1014319 -0.01245196
v 0.24980406 -0.10253536 -0.01161735
v 0.24980823 -0.10379183 -0.01102484
v 0.2498077 -0.10515373 -0.01069772
v 0.24244746 -0.10657072 -0.00820042
v 0.24243283 -0.10834294 -0.00848728
v 0.24240818 -0.1100384 -0.00911417
v 0.24237617 -0.11158901 -0.01005909
v 0.24234056 -0.11293691 -0.01128439
v 0.24230235 -0.11403292 -0.01274367
v 0.24226391 -0.11483472 -0.01438073
v 0.24222433 -0.11531072 -0.01613582
v 0.24219137 -0.11544561 -0.01793547
v 0.24216118 -0.11522829 -0.01971735
v 0.24213659 -0.1146745 -0.02140889
v 0.24211922 -0.11379891 -0.02294447
v 0.24210387 -0.11264026 -0.02426706
v 0.24209615 -0.11123657 -0.02532552
v 0.24208977 -0.10963916 -0.02607456
v 0.24208778 -0.10791462 -0.02649132
v 0.24209004 -0.10612797 -0.02655575
v 0.24209669 -0.10434734 -0.02626595
v 0.24210512 -0.10263973 -0.02563483
v 0.24211758 -0.10107308 -0.02468533
v 0.2421374 -0.09971058 -0.02345439
v 0.24216061 -0.09859889 -0.02199033
v 0.24218952 -0.09778863 -0.02034923
v 0.24222251 -0.09730953 -0.01859455
v 0.2422598 -0.09717732 -0.01679395
v 0.2422983 -0.09740161 -0.01501558
v 0.24233737 -0.09796911 -0.01332856
v 0.24237456 -0.09885829 -0.01179708
v 0.24240645 -0.10003483 -0.01048032
v 0.24242839 -0.10145419 -0.00942933
v 0.24244585 -0.10305637 -0.00868028
v 0.24245092 -0.10478413 -0.00826708
v 0.24277353 -0.104797 -0.00860494
v 0.24277055 -0.10651695 -0.00854057
v 0.24276986 -0.1031329 -0.00900302
v 0.24275717 -0.10159051 -0.00972582
v 0.24273923 -0.10022693 -0.01074108
v 0.24271777 -0.09910053 -0.01201284
v 0.2426919 -0.09824991 -0.01349149
v 0.24266383 -0.09771478 -0.015122
v 0.24264019 -0.09751009 -0.01683906
v 0.24261736 -0.09764897 -0.01857851
v 0.24260059 -0.09812295 -0.0202746
v 0.24258735 -0.09891712 -0.02186037
v 0.24257805 -0.09999889 -0.02327664
v 0.24256992 -0.10132187 -0.02446727
v 0.2425678 -0.10284268 -0.02538533
v 0.24256682 -0.10449576 -0.02599566
v 0.24256521 -0.10621625 -0.02627708
v 0.24256369 -0.10793989 -0.02621448
v 0.24256402 -0.10959804 -0.02581246
v 0.242565 -0.11113166 -0.02508817
v 0.24256485 -0.11247825 -0.02406688
v 0.24256792 -0.11358958 -0.02278838
v 0.24257347 -0.11442041 -0.02130432
v 0.24258244 -0.11494326 -0.01967003
v 0.24259918 -0.11513888 -0.01794785
v 0.2426179 -0.11499607 -0.01620741
v 0.24263915 -0.11452448 -0.01451305
v 0.24266502 -0.11374044 -0.01293164
v 0.24269247 -0.11267632 -0.0115205
v 0.24271756 -0.11136865 -0.01033723
v 0.24274015 -0.10986596 -0.00942402
v 0.24275913 -0.10823065 -0.00881789
v 0.24734696 -0.10480421 -0.0086008
v 0.24734422 -0.10659009 -0.00853606
v 0.24734428 -0.10307902 -0.00901581
v 0.2473351 -0.10148042 -0.00976604
v 0.24732121 -0.10006976 -0.01082054
v 0.24730446 -0.09890598 -0.01214219
v 0.24728652 -0.0980345 -0.01368011
v 0.24726966 -0.09748405 -0.01537486
v 0.24725571 -0.09728354 -0.01715987
v 0.2472448 -0.09743696 -0.01897022
v 0.24723812 -0.09794282 -0.02073288
v 0.24723741 -0.0987758 -0.02238329
v 0.24723967 -0.09991079 -0.02385655
v 0.24724623 -0.10129505 -0.02509435
v 0.2472504 -0.10287803 -0.0260509
v 0.24725541 -0.10459637 -0.02668748
v 0.24725911 -0.10638749 -0.02697913
v 0.24726012 -0.10817748 -0.02691596
v 0.2472569 -0.10989719 -0.02649808
v 0.24725207 -0.11148434 -0.02574507
v 0.24724546 -0.1128757 -0.0246829
v 0.24723902 -0.11401897 -0.02335389
v 0.24723407 -0.11487203 -0.02180958
v 0.24723115 -0.11540484 -0.02011058
v 0.24723407 -0.11559385 -0.01831983
v 0.24724003 -0.11543399 -0.01650938
v 0.24725183 -0.11493551 -0.01474687
v 0.24726757 -0.11411291 -0.01310138
v 0.24728462 -0.11299908 -0.01163512
v 0.24730286 -0.11163491 -0.01040501
v 0.24732151 -0.11007225 -0.00945514
v 0.24733391 -0.10836756 -0.0088239
v 0.24693462 -0.10656309 -0.00883757
v 0.24693843 -0.1048398 -0.00889942
v 0.24693605 -0.10317832 -0.00929956
v 0.24692705 -0.10163855 -0.01002383
v 0.24691543 -0.10027992 -0.01103911
v 0.2469007 -0.0991593 -0.0123143
v 0.24688383 -0.09831917 -0.01379587
v 0.24686899 -0.09779232 -0.01542998
v 0.24685576 -0.09759938 -0.01715119
v 0.246847 -0.09775143 -0.01889617
v 0.2468436 -0.09823727 -0.02059647
v 0.24684557 -0.09904426 -0.02218586
v 0.24684819 -0.10013884 -0.02360704
v 0.24685582 -0.10147243 -0.02480099
v 0.24686303 -0.10299962 -0.02572253
v 0.24686858 -0.10465967 -0.02633649
v 0.24687168 -0.1063838 -0.02661814
v 0.24687269 -0.1081103 -0.02655707
v 0.24686858 -0.10976737 -0.02615501
v 0.2468644 -0.11129695 -0.02542805
v 0.24685761 -0.11263632 -0.02440386
v 0.24684909 -0.11373585 -0.02312237
v 0.24684181 -0.11455756 -0.02163381
v 0.24684009 -0.11506784 -0.01999547
v 0.24683901 -0.11525017 -0.01826947
v 0.24684289 -0.11509662 -0.0165249
v 0.24685344 -0.11461263 -0.01482562
v 0.24686619 -0.11381965 -0.0132387
v 0.24688091 -0.11274129 -0.01182508
v 0.24689737 -0.1114273 -0.01063964
v 0.24691423 -0.10991799 -0.00972313
v 0.24692633 -0.1082766 -0.00911543
v 0.25045961 -0.10653519 -0.01797395
v 0.25055021 -0.10565048 -0.01287426
v 0.25054776 -0.1066479 -0.01283888
v 0.24973629 -0.106624 -0.0119836
v 0.24973957 -0.10547298 -0.01202493
v 0.25054842 -0.10468542 -0.01310733
v 0.24973742 -0.10435837 -0.01229329
v 0.25054162 -0.1037898 -0.01352624
v 0.24973104 -0.10332715 -0.01277631
v 0.25053077 -0.10299837 -0.01411504
v 0.24972079 -0.10241991 -0.01345714
v 0.25051569 -0.1023423 -0.01485262
v 0.24970881 -0.1016671 -0.0143074
v 0.25050073 -0.10185033 -0.01571062
v 0.24969534 -0.10110163 -0.01529985
v 0.25048321 -0.10153615 -0.01665434
v 0.2496805 -0.10074478 -0.01639046
v 0.25046491 -0.10141623 -0.0176519
v 0.24966733 -0.10061168 -0.01754036
v 0.25044846 -0.10149353 -0.01865929
v 0.24965344 -0.10070335 -0.01870531
v 0.25043457 -0.10176158 -0.01964159
v 0.24964396 -0.10102456 -0.01984006
v 0.250422 -0.10222148 -0.02056005
v 0.24963633 -0.10155618 -0.02090103
v 0.25041061 -0.10284262 -0.02138004
v 0.24962888 -0.10227978 -0.02184875
v 0.25040113 -0.10360544 -0.02206835
v 0.2496256 -0.10316604 -0.02264458
v 0.25039523 -0.10448283 -0.02259991
v 0.24962376 -0.10418164 -0.02325824
v 0.25038862 -0.10543841 -0.022954
v 0.24962084 -0.1052882 -0.02366655
v 0.25038904 -0.10643649 -0.02311511
v 0.24962191 -0.10643893 -0.02385475
v 0.25038731 -0.10743516 -0.02307874
v 0.24962072 -0.10759151 -0.02381321
v 0.25038784 -0.10839933 -0.02284776
v 0.24961958 -0.10870134 -0.02354619
v 0.25039047 -0.10929024 -0.02242721
v 0.2496206 -0.10972893 -0.02306148
v 0.25039404 -0.11007511 -0.02183634
v 0.24962084 -0.11062842 -0.02237675
v 0.25040066 -0.11072546 -0.02109589
v 0.24962423 -0.11137443 -0.02152257
v 0.25040853 -0.11121177 -0.02023517
v 0.24962709 -0.11192822 -0.02052816
v 0.25042092 -0.11151874 -0.01928893
v 0.24963222 -0.11227774 -0.01943506
v 0.25043344 -0.11163634 -0.01829168
v 0.24964092 -0.11240845 -0.01828267
v 0.25044965 -0.11155772 -0.01728341
v 0.24965314 -0.1123119 -0.01711892
v 0.25046712 -0.11129093 -0.01630179
v 0.24966637 -0.11199384 -0.01598381
v 0.25048428 -0.11083644 -0.01538415
v 0.2496808 -0.11146795 -0.01492426
v 0.25050222 -0.11022043 -0.01456524
v 0.2496957 -0.11075353 -0.01397909
v 0.25051653 -0.10946232 -0.01387993
v 0.24970839 -0.1098755 -0.01318695
v 0.25053131 -0.10859209 -0.01335017
v 0.24972026 -0.1088683 -0.0125758
v 0.25054204 -0.1076439 -0.01299947
v 0.24973063 -0.10777068 -0.01217022
v 0.20487478 -0.12170547 -0.10339384
v 0.20474863 -0.12346136 -0.10343717
v 0.20433676 -0.12514185 -0.10364955
v 0.20365861 -0.12668049 -0.10402469
v 0.20274102 -0.1280269 -0.10455059
v 0.20161947 -0.1291216 -0.10520515
v 0.20034182 -0.1299293 -0.10596746
v 0.19895374 -0.13041716 -0.10680694
v 0.19751477 -0.13057333 -0.1076943
v 0.19607493 -0.13038551 -0.108593
v 0.194691 -0.12986236 -0.10946901
v 0.19341358 -0.12902063 -0.11028723
v 0.19229149 -0.12789505 -0.1110148
v 0.19136604 -0.12652319 -0.11162113
v 0.19067034 -0.12495672 -0.11208364
v 0.19023069 -0.12325525 -0.11238263
v 0.19006449 -0.12148523 -0.11250829
v 0.19017663 -0.11971187 -0.11245191
v 0.19056418 -0.11800706 -0.11221972
v 0.19121295 -0.11643642 -0.11181843
v 0.19209998 -0.11506158 -0.11126767
v 0.19319576 -0.11393708 -0.11058968
v 0.19445514 -0.11310952 -0.10981092
v 0.1958321 -0.11261308 -0.1089642
v 0.19727695 -0.11246168 -0.10808026
v 0.19873085 -0.11266291 -0.10719396
v 0.20014119 -0.11321401 -0.10633852
v 0.20144602 -0.11408454 -0.10554558
v 0.20259815 -0.11524176 -0.10484469
v 0.20354935 -0.11664259 -0.10425888
v 0.20426338 -0.11822909 -0.10381414
v 0.20471161 -0.11993861 -0.10352088
v 0.19940391 -0.12182676 -0.09287849
v 0.19928589 -0.12359267 -0.09292674
v 0.19888839 -0.12528437 -0.09314903
v 0.19822847 -0.12684112 -0.09353485
v 0.19733151 -0.12819916 -0.09407115
v 0.19623524 -0.12931436 -0.09474042
v 0.19497904 -0.1301431 -0.0955149
v 0.19361364 -0.13065123 -0.0963677
v 0.19219285 -0.13082182 -0.09726291
v 0.19076994 -0.13064706 -0.09816814
v 0.18939858 -0.13013249 -0.09904962
v 0.1881321 -0.12929785 -0.09987144
v 0.18701711 -0.12817615 -0.10060067
v 0.18609806 -0.12680691 -0.10120842
v 0.18540459 -0.12524199 -0.10167057
v 0.1849671 -0.12354081 -0.10196963
v 0.18479958 -0.12177169 -0.10209331
v 0.18490958 -0.11999702 -0.10203787
v 0.18529194 -0.11828959 -0.10180456
v 0.18593576 -0.11671501 -0.10140337
v 0.18681526 -0.11533701 -0.10085077
v 0.18789809 -0.11420524 -0.10016932
v 0.18914216 -0.11336594 -0.09938538
v 0.19050294 -0.11285162 -0.0985293
v 0.19192677 -0.11268419 -0.09763562
v 0.19335633 -0.11286813 -0.09673663
v 0.19474169 -0.11339765 -0.0958681
v 0.19602415 -0.11424881 -0.09506136
v 0.19715601 -0.11539089 -0.09434592
v 0.19809377 -0.11677819 -0.0937537
v 0.19879549 -0.11835372 -0.0932992
v 0.19923931 -0.12005984 -0.09300478
v 0.19118782 -0.12180537 -0.09571372
v 0.2030974 -0.12162572 -0.10441312
v 0.20300319 -0.12296223 -0.10444672
v 0.20269286 -0.12424135 -0.10460978
v 0.20217841 -0.12541419 -0.104897
v 0.20148232 -0.12643641 -0.10529686
v 0.20063287 -0.12727099 -0.1057973
v 0.19966238 -0.12788802 -0.10637719
v 0.19860866 -0.12826138 -0.1070164
v 0.1975139 -0.12838035 -0.10769093
v 0.19641834 -0.1282351 -0.10837392
v 0.19536584 -0.12783551 -0.10903925
v 0.19439464 -0.12719404 -0.10966025
v 0.19353798 -0.12633729 -0.11021101
v 0.19283416 -0.12529158 -0.11067137
v 0.1923044 -0.12410146 -0.11102186
v 0.19196862 -0.12280798 -0.11125002
v 0.19184234 -0.12146085 -0.11134295
v 0.19192859 -0.12011402 -0.11130137
v 0.19222468 -0.11881911 -0.11112594
v 0.19272002 -0.11762821 -0.11082317
v 0.19339677 -0.1165837 -0.11040485
v 0.19422969 -0.11573088 -0.10989123
v 0.19518864 -0.11510384 -0.10930018
v 0.19623559 -0.11472392 -0.10865606
v 0.19733333 -0.11460709 -0.10798416
v 0.19843721 -0.11476105 -0.10730987
v 0.19950506 -0.11517679 -0.10665719
v 0.20049643 -0.1158359 -0.10605218
v 0.20137006 -0.11671483 -0.10551797
v 0.20209032 -0.11777871 -0.1050712
v 0.20263409 -0.11898273 -0.10473094
v 0.2029736 -0.12028002 -0.10450884
v 0.20224791 -0.12161034 -0.10493395
v 0.20216825 -0.12274575 -0.10496277
v 0.20190295 -0.12382912 -0.10510043
v 0.20146641 -0.12482166 -0.1053431
v 0.20087638 -0.12568944 -0.10568238
v 0.20015427 -0.12639731 -0.10610536
v 0.19932919 -0.12691837 -0.10659561
v 0.19843396 -0.1272335 -0.10713793
v 0.19750508 -0.12732935 -0.10770779
v 0.19657364 -0.12720656 -0.10828609
v 0.19567909 -0.1268683 -0.10884872
v 0.19485372 -0.12632328 -0.10937465
v 0.19412571 -0.12559348 -0.10984093
v 0.19352859 -0.12470752 -0.11023218
v 0.1930778 -0.1236962 -0.11052858
v 0.19279515 -0.12260019 -0.11072072
v 0.19268742 -0.12145865 -0.11080156
v 0.19275969 -0.12031495 -0.1107651
v 0.19301283 -0.11921948 -0.11061714
v 0.19343322 -0.11820811 -0.1103608
v 0.19400757 -0.11732184 -0.11000767
v 0.19471594 -0.11659979 -0.10957276
v 0.1955305 -0.11607009 -0.10907285
v 0.19642022 -0.11574983 -0.10852707
v 0.19735199 -0.11565321 -0.10795827
v 0.19829103 -0.115785 -0.10738698
v 0.19919824 -0.11613947 -0.10683572
v 0.20003986 -0.11670005 -0.10632214
v 0.20078209 -0.11744481 -0.10586991
v 0.20139423 -0.11834859 -0.10549211
v 0.20185428 -0.11937046 -0.10520446
v 0.2021428 -0.12047201 -0.10501525
v 0.20180857 -0.12181699 -0.10253842
v 0.19935217 -0.12189489 -0.09773125
v 0.19923391 -0.12061059 -0.09782443
v 0.20169007 -0.12053412 -0.10263106
v 0.1989052 -0.11936605 -0.09803406
v 0.20136243 -0.11928999 -0.10284205
v 0.19837933 -0.1182056 -0.09835299
v 0.20083555 -0.11812776 -0.10316058
v 0.19767826 -0.11717808 -0.09877042
v 0.20013305 -0.11709821 -0.10357763
v 0.19682991 -0.11632382 -0.09927028
v 0.19928175 -0.11624336 -0.10407645
v 0.19586613 -0.11567521 -0.09983537
v 0.19831657 -0.11559414 -0.1046414
v 0.19482621 -0.11526119 -0.10044421
v 0.19727557 -0.11517703 -0.10524885
v 0.19375285 -0.11509645 -0.10107739
v 0.19620162 -0.11501395 -0.10588118
v 0.19268783 -0.11519235 -0.10170677
v 0.19513475 -0.11510813 -0.10651131
v 0.19167202 -0.11553895 -0.10231085
v 0.19411733 -0.11545419 -0.1071142
v 0.19074505 -0.11612916 -0.10286777
v 0.19318896 -0.11604481 -0.10767201
v 0.18993771 -0.11693489 -0.10335045
v 0.19238075 -0.11684978 -0.10815611
v 0.18928256 -0.11792409 -0.10374403
v 0.19172647 -0.11783939 -0.1085507
v 0.18880513 -0.11905854 -0.10403099
v 0.19124838 -0.11897498 -0.10883633
v 0.18851921 -0.12029564 -0.10419619
v 0.19096186 -0.12021189 -0.10900395
v 0.18843451 -0.12158185 -0.10423526
v 0.19087708 -0.12149626 -0.10904223
v 0.18855586 -0.12286692 -0.10414556
v 0.19099879 -0.12278288 -0.10895112
v 0.18887826 -0.12410503 -0.10392833
v 0.19131872 -0.12402093 -0.10873469
v 0.18938541 -0.12524521 -0.10359422
v 0.19182732 -0.12516284 -0.10840019
v 0.19006297 -0.12624901 -0.10315594
v 0.19250625 -0.12616372 -0.10796329
v 0.190887 -0.12707459 -0.10263394
v 0.19332945 -0.12699228 -0.10743771
v 0.19182264 -0.12769496 -0.10204518
v 0.19426757 -0.12761122 -0.10685074
v 0.19283938 -0.12808799 -0.10141861
v 0.19528514 -0.12800359 -0.10622303
v 0.19390144 -0.12823772 -0.10077592
v 0.1963472 -0.12815231 -0.10558012
v 0.19496074 -0.1281411 -0.10014226
v 0.1974093 -0.12805634 -0.10494758
v 0.19598567 -0.12780016 -0.09954513
v 0.19843581 -0.12771868 -0.10435011
v 0.19693085 -0.12722832 -0.09900428
v 0.19938224 -0.12714737 -0.10380951
v 0.19776046 -0.12644839 -0.09853851
v 0.20021259 -0.12636578 -0.10334447
v 0.19844263 -0.125485 -0.09816975
v 0.20089542 -0.12540668 -0.1029751
v 0.19894781 -0.12437796 -0.09790565
v 0.20140299 -0.12429982 -0.10271342
v 0.19925409 -0.1231659 -0.09775801
v 0.20171129 -0.12308883 -0.10256575
v 0.20516228 -0.12165492 -0.10466617
v 0.20504036 -0.12334543 -0.10470783
v 0.20507988 -0.12343388 -0.10408045
v 0.20520621 -0.12167733 -0.10403644
v 0.204645 -0.12496215 -0.10491211
v 0.20466917 -0.12511599 -0.10429258
v 0.2039943 -0.12644624 -0.10527401
v 0.20399233 -0.12665772 -0.10466937
v 0.20311465 -0.12773656 -0.10578247
v 0.20307675 -0.12799978 -0.10519601
v 0.20203733 -0.12879306 -0.10641203
v 0.20195746 -0.12909853 -0.10585244
v 0.20081141 -0.12957292 -0.10714744
v 0.20068052 -0.12990874 -0.10661486
v 0.19947913 -0.13004374 -0.10795666
v 0.19929376 -0.13039887 -0.10745637
v 0.19809609 -0.1301946 -0.10880924
v 0.19785571 -0.13055795 -0.10834322
v 0.19671291 -0.13001841 -0.10967546
v 0.19641655 -0.13037079 -0.10924292
v 0.19538188 -0.12951368 -0.11051862
v 0.19503384 -0.12984848 -0.11012063
v 0.19415494 -0.12870651 -0.111307
v 0.19375765 -0.12900698 -0.11093994
v 0.19307658 -0.12762183 -0.11200603
v 0.19263678 -0.12787991 -0.11166751
v 0.19218665 -0.12630283 -0.11258993
v 0.19171169 -0.1265099 -0.11227513
v 0.19151714 -0.12479871 -0.11303484
v 0.19101658 -0.12494438 -0.11273801
v 0.19109493 -0.12316423 -0.11332217
v 0.19057771 -0.12324506 -0.11303698
v 0.19093352 -0.12146061 -0.11344154
v 0.19040989 -0.12147337 -0.11316138
v 0.19104227 -0.11975634 -0.11338705
v 0.19052279 -0.11970126 -0.11310453
v 0.19141596 -0.11811339 -0.11316466
v 0.19090914 -0.11799305 -0.11287205
v 0.19203877 -0.11660414 -0.11277955
v 0.19155943 -0.11642211 -0.11247213
v 0.19289153 -0.11528009 -0.11224853
v 0.19244444 -0.1150465 -0.11191999
v 0.1939446 -0.11419981 -0.11159601
v 0.19353997 -0.11392289 -0.11124102
v 0.19515407 -0.11340147 -0.11084602
v 0.19479739 -0.11309212 -0.11046213
v 0.19647669 -0.11292237 -0.11003146
v 0.19617342 -0.11259394 -0.10961438
v 0.19786438 -0.11277604 -0.10918048
v 0.19761529 -0.11244088 -0.10872829
v 0.1992605 -0.11296826 -0.1083258
v 0.19906935 -0.11264187 -0.10784114
v 0.2006146 -0.1134935 -0.10750214
v 0.20047599 -0.11318916 -0.10698441
v 0.20186656 -0.11433029 -0.10673633
v 0.20177951 -0.11406052 -0.10618927
v 0.2029744 -0.11544603 -0.10606139
v 0.20293074 -0.11521852 -0.10548853
v 0.20388823 -0.11678731 -0.10549815
v 0.20388159 -0.11661523 -0.10490218
v 0.20457273 -0.11831206 -0.10506779
v 0.2045933 -0.11820226 -0.1044557
v 0.2050023 -0.11995607 -0.10478503
v 0.20504152 -0.11991059 -0.10416156
v 0.20352017 -0.12164211 -0.1052254
v 0.20342341 -0.12297713 -0.10525821
v 0.20310884 -0.12425291 -0.1054175
v 0.20259198 -0.12542152 -0.10570344
v 0.20189097 -0.1264401 -0.10610046
v 0.20103716 -0.12727004 -0.10659731
v 0.20006111 -0.12788236 -0.10717466
v 0.19900402 -0.1282525 -0.1078106
v 0.19790414 -0.12836515 -0.10848117
v 0.19680562 -0.12821972 -0.10916376
v 0.19575062 -0.12781971 -0.10982736
v 0.19477695 -0.12717658 -0.11044914
v 0.1939204 -0.12631833 -0.11099869
v 0.19321554 -0.12527215 -0.11145936
v 0.19268465 -0.12408119 -0.11181037
v 0.19234985 -0.12278664 -0.11203637
v 0.1922217 -0.12144225 -0.11213025
v 0.19231024 -0.12009578 -0.11208919
v 0.19260653 -0.1187995 -0.1119146
v 0.19310209 -0.11760747 -0.11161106
v 0.19378048 -0.11656546 -0.11119423
v 0.19461524 -0.11571377 -0.11067958
v 0.195578 -0.11508798 -0.11009155
v 0.1966286 -0.11471337 -0.10944931
v 0.19773092 -0.11459964 -0.10877901
v 0.19883921 -0.11475873 -0.10810825
v 0.19991144 -0.11517608 -0.10745871
v 0.20090693 -0.11584413 -0.10685543
v 0.20178532 -0.11672627 -0.10632453
v 0.2025114 -0.11779063 -0.10588123
v 0.2030555 -0.11899852 -0.10554279
v 0.20339545 -0.12029779 -0.10532029
v 0.20391491 -0.12165671 -0.10546077
v 0.20381394 -0.12304055 -0.10549511
v 0.20348611 -0.12436401 -0.1056595
v 0.20294725 -0.12557482 -0.10595347
v 0.20221924 -0.12662768 -0.10636401
v 0.20132961 -0.12748861 -0.10687764
v 0.20031651 -0.12811893 -0.10747625
v 0.19921687 -0.12850117 -0.10813441
v 0.19807553 -0.12861841 -0.10882957
v 0.19693449 -0.12846487 -0.10953599
v 0.19583869 -0.12805229 -0.11022421
v 0.19482848 -0.12738502 -0.11086828
v 0.19394081 -0.12649256 -0.11143989
v 0.19320949 -0.12540853 -0.11191803
v 0.19265958 -0.12417322 -0.11228155
v 0.19231116 -0.12283068 -0.11251767
v 0.19218024 -0.12143552 -0.11261463
v 0.19227081 -0.12003701 -0.11257209
v 0.19257918 -0.11869508 -0.11238945
v 0.19309216 -0.1174581 -0.11207507
v 0.19379559 -0.11637717 -0.11164163
v 0.19466292 -0.11549586 -0.1111105
v 0.19566196 -0.11484485 -0.11049835
v 0.19675254 -0.11445576 -0.10983348
v 0.19789722 -0.11434471 -0.10914021
v 0.19905006 -0.11450761 -0.10844466
v 0.20016607 -0.11494576 -0.10777412
v 0.20119983 -0.1156373 -0.10715028
v 0.20211276 -0.11655455 -0.10660006
v 0.20286768 -0.11766254 -0.10614151
v 0.20343253 -0.11891663 -0.10579084
v 0.20378536 -0.12026345 -0.10556097
v 0.20101875 -0.12183195 -0.0959825
v 0.2008948 -0.123591 -0.09602837
v 0.20049291 -0.12527638 -0.0962456
v 0.19982251 -0.12682497 -0.09662501
v 0.19891667 -0.1281777 -0.09715589
v 0.19780913 -0.1292817 -0.09781769
v 0.19654208 -0.13009774 -0.09858348
v 0.19516557 -0.13059699 -0.0994274
v 0.19373822 -0.13076001 -0.10031811
v 0.19230446 -0.13057559 -0.10121826
v 0.19092729 -0.13005369 -0.10209412
v 0.18965661 -0.12921685 -0.10291282
v 0.18853649 -0.12808895 -0.10363773
v 0.18761295 -0.12671858 -0.1042459
v 0.18691971 -0.12515205 -0.10470623
v 0.18647998 -0.12345182 -0.10500487
v 0.18631207 -0.12167924 -0.10512948
v 0.1864247 -0.11990863 -0.10507409
v 0.18680986 -0.11820459 -0.10484302
v 0.18745681 -0.11663329 -0.10444271
v 0.18834173 -0.11525809 -0.1038947
v 0.18943101 -0.11413115 -0.10321724
v 0.19068282 -0.11330068 -0.10243731
v 0.19205161 -0.11279481 -0.10158771
v 0.19348463 -0.11263614 -0.10070082
v 0.19492715 -0.11283201 -0.09980873
v 0.19632321 -0.11336845 -0.09894876
v 0.19761726 -0.11423212 -0.09814911
v 0.19875744 -0.11538279 -0.09744238
v 0.19969835 -0.11677408 -0.09685128
v 0.20040887 -0.11835527 -0.09640211
v 0.20085233 -0.1200636 -0.09610891
v 0.20086187 -0.1201505 -0.09673358
v 0.20102047 -0.12185376 -0.09661053
v 0.20043319 -0.11850446 -0.09701521
v 0.19974467 -0.11697715 -0.0974453
v 0.19883081 -0.11562895 -0.09800937
v 0.19772547 -0.11451435 -0.09868771
v 0.19646999 -0.11367374 -0.09945184
v 0.19511503 -0.11314976 -0.10027572
v 0.19371545 -0.11295241 -0.10112872
v 0.19232595 -0.11309701 -0.10197768
v 0.19100049 -0.11357659 -0.102793
v 0.18978732 -0.11437261 -0.10354086
v 0.18873158 -0.11545366 -0.10419078
v 0.18787455 -0.11677587 -0.10471712
v 0.18724909 -0.11828678 -0.10510125
v 0.18687468 -0.11993056 -0.10532341
v 0.18676635 -0.12163645 -0.10537657
v 0.18692714 -0.12334269 -0.10525503
v 0.18735125 -0.12498229 -0.1049672
v 0.18802174 -0.12649214 -0.10452423
v 0.18891388 -0.12781703 -0.10394061
v 0.18999642 -0.12890458 -0.10324212
v 0.19122564 -0.12971782 -0.10245594
v 0.19255876 -0.13022434 -0.10161452
v 0.19394749 -0.13040888 -0.10075195
v 0.19533219 -0.13025933 -0.09989874
v 0.19666689 -0.12978577 -0.09909021
v 0.19789588 -0.12900692 -0.09835841
v 0.19897246 -0.12794917 -0.0977263
v 0.19985479 -0.12665426 -0.09722057
v 0.20050641 -0.12516951 -0.09685792
v 0.20089981 -0.12354832 -0.09665297
v 0.20381739 -0.11997985 -0.10178064
v 0.20398095 -0.12174576 -0.10165312
v 0.2033694 -0.11826968 -0.10207203
v 0.2026546 -0.11668223 -0.10251777
v 0.20170304 -0.11528205 -0.10310081
v 0.20055055 -0.11412531 -0.10380263
v 0.19924446 -0.11325293 -0.10459561
v 0.19783458 -0.11270177 -0.10545023
v 0.19638031 -0.11249792 -0.10633599
v 0.19493442 -0.11264723 -0.1072185
v 0.1935558 -0.11314719 -0.10806364
v 0.19229537 -0.11397147 -0.10884212
v 0.19120064 -0.11509525 -0.10951991
v 0.19031268 -0.11646807 -0.11006956
v 0.18966132 -0.11803776 -0.11046858
v 0.18927395 -0.11974459 -0.11070156
v 0.18916234 -0.12151622 -0.11075702
v 0.18932887 -0.12328767 -0.11063365
v 0.18976843 -0.12498569 -0.11033335
v 0.19046437 -0.12655288 -0.10987188
v 0.19138944 -0.12792575 -0.10926456
v 0.19251266 -0.12905311 -0.10853742
v 0.19378927 -0.12989521 -0.10771988
v 0.19517412 -0.13042026 -0.10684597
v 0.1966159 -0.13060808 -0.105948
v 0.19805669 -0.13045519 -0.10506147
v 0.19944506 -0.12996566 -0.10422361
v 0.20072412 -0.12915933 -0.10346152
v 0.20184567 -0.12806433 -0.1028073
v 0.20276323 -0.12672203 -0.10228395
v 0.20344245 -0.12518286 -0.10190899
v 0.20385417 -0.12350451 -0.10169614
v 0.2034977 -0.12176972 -0.10139937
v 0.20334017 -0.12006682 -0.10152194
v 0.20290878 -0.11842072 -0.10180431
v 0.20221728 -0.11689066 -0.10223229
v 0.2013002 -0.11553931 -0.10279332
v 0.20018678 -0.11442244 -0.10346856
v 0.19892665 -0.11357629 -0.10423069
v 0.19756537 -0.11304646 -0.10505189
v 0.19616085 -0.11284357 -0.10590282
v 0.19476559 -0.11298739 -0.10675139
v 0.19343397 -0.11346596 -0.10756495
v 0.19221928 -0.11426031 -0.10831288
v 0.19115951 -0.11534041 -0.10896308
v 0.19030177 -0.11666047 -0.1094925
v 0.18967431 -0.11817175 -0.10987643
v 0.18929973 -0.11981606 -0.11009915
v 0.18919214 -0.12152248 -0.11015253
v 0.18935236 -0.1232298 -0.11003346
v 0.18977594 -0.12486839 -0.1097439
v 0.19044733 -0.12637877 -0.10930006
v 0.1913414 -0.12770324 -0.10871651
v 0.19242408 -0.12879055 -0.10801616
v 0.19365692 -0.12960392 -0.10722956
v 0.19499278 -0.13011324 -0.10638921
v 0.19638478 -0.13029688 -0.10552573
v 0.19777533 -0.13015264 -0.10467401
v 0.19911515 -0.12968099 -0.10386762
v 0.20035055 -0.1289066 -0.10313541
v 0.20143374 -0.12785297 -0.10250727
v 0.20231843 -0.12656229 -0.10200312
v 0.20297679 -0.12508148 -0.10164392
v 0.20337373 -0.12346434 -0.10143992
v 0.19839263 -0.12147837 -0.10970039
v 0.20241537 -0.12053132 -0.10721042
v 0.20250725 -0.12152063 -0.10714092
v 0.20269587 -0.12156474 -0.10585406
v 0.20258906 -0.1204229 -0.10593555
v 0.20216628 -0.11957955 -0.1073758
v 0.20230186 -0.11932206 -0.10612577
v 0.20177185 -0.11869657 -0.10762971
v 0.20184478 -0.1183018 -0.10641572
v 0.20124793 -0.1179189 -0.10796198
v 0.20123672 -0.11740303 -0.10679757
v 0.20061221 -0.1172803 -0.1083599
v 0.20050078 -0.11666274 -0.10725323
v 0.19989052 -0.11680167 -0.10880982
v 0.19966536 -0.1161077 -0.10777054
v 0.19911313 -0.11650288 -0.10929366
v 0.19876399 -0.11576068 -0.1083259
v 0.19830805 -0.11639726 -0.10979619
v 0.19783356 -0.11563706 -0.10890248
v 0.19750839 -0.11648821 -0.11029377
v 0.19690746 -0.11573666 -0.10947526
v 0.19674447 -0.11677253 -0.11077158
v 0.19602373 -0.11606288 -0.11002463
v 0.19604641 -0.11723887 -0.111211
v 0.19521457 -0.11659783 -0.11052715
v 0.19543701 -0.117872 -0.11158976
v 0.19450992 -0.11732602 -0.11096375
v 0.19494199 -0.11864095 -0.1118974
v 0.19393685 -0.11820852 -0.11131717
v 0.19457942 -0.11951744 -0.11212108
v 0.1935186 -0.1192218 -0.11157436
v 0.19436276 -0.12047255 -0.11224999
v 0.19326895 -0.12032055 -0.11172275
v 0.19430106 -0.1214655 -0.11228242
v 0.19319525 -0.12146365 -0.11175966
v 0.19439524 -0.12245422 -0.11221252
v 0.19330406 -0.12260508 -0.11167852
v 0.19463998 -0.12340503 -0.11204611
v 0.19358593 -0.12370103 -0.1114868
v 0.19502919 -0.12428051 -0.11178863
v 0.19403657 -0.12471199 -0.11119086
v 0.19554537 -0.12504887 -0.11144784
v 0.19463363 -0.12559819 -0.11079794
v 0.19617229 -0.12567842 -0.11104156
v 0.19535595 -0.12632483 -0.11033077
v 0.19688263 -0.12614929 -0.11058213
v 0.19617834 -0.12686818 -0.10980165
v 0.19765284 -0.12643611 -0.1100912
v 0.1970694 -0.12720358 -0.10923785
v 0.1984522 -0.12653738 -0.10958493
v 0.19799542 -0.12732315 -0.10865558
v 0.19925177 -0.1264435 -0.1090864
v 0.19891804 -0.12721991 -0.10808368
v 0.2000193 -0.12616539 -0.1086125
v 0.19980841 -0.12689918 -0.10753883
v 0.20072421 -0.12570315 -0.10817941
v 0.20062419 -0.12637168 -0.1070424
v 0.20134252 -0.125081 -0.10780625
v 0.20134145 -0.12565618 -0.10661529
v 0.20184513 -0.12432324 -0.10750542
v 0.20192551 -0.12478506 -0.10627132
v 0.20221874 -0.12345182 -0.10729184
v 0.20235714 -0.12378656 -0.10602523
v 0.20244175 -0.12250644 -0.10716845
v 0.20261669 -0.12269794 -0.10588587
v 0.18253722 -0.11206096 -0.11394532
v 0.18687704 -0.13889253 -0.11056684
v 0.24551412 -0.08977431 0.00020458
v 0.24621732 -0.11924338 0.00385129
v 0.18575727 -0.11086893 -0.11174994
v 0.18957176 -0.13805848 -0.10802516
v 0.24513876 -0.09048587 -0.00511279
v 0.24560597 -0.12000435 -0.00150103
v 0.24661995 -0.09397411 -0.03232438
v 0.24512621 -0.09226793 -0.01845007
v 0.25071525 -0.0954647 -0.04747083
v 0.22085988 -0.10121566 -0.09126895
v 0.20705032 -0.10474222 -0.10008662
v 0.19493502 -0.10802424 -0.10619845
v 0.22391009 -0.12953555 -0.08792184
v 0.21057772 -0.13252961 -0.09643125
v 0.19840955 -0.13568502 -0.1018068
v 0.25072044 -0.1253544 -0.04402321
v 0.24668917 -0.12367796 -0.0287948
v 0.24521777 -0.12189716 -0.01489761
v 0.18685722 -0.12492257 -0.10896927
v 0.24589949 -0.10527628 -0.00315547
v 0.2460684 -0.10459262 0.00205771
v 0.18453392 -0.12558323 -0.11220183
v 0.24641467 -0.10903388 -0.03091998
v 0.25067359 -0.1105923 -0.04577663
v 0.20990276 -0.11815762 -0.09977985
v 0.22238305 -0.11546677 -0.08979401
v 0.24413266 -0.10856038 -0.02499128
v 0.24474138 -0.11500984 -0.01571783
v 0.24426046 -0.11365079 -0.0218761
v 0.24570381 -0.10597777 -0.00836272
v 0.24544155 -0.11180776 -0.01011264
v 0.24502262 -0.0995146 -0.01752707
v 0.24557191 -0.10087806 -0.01140731
v 0.24454253 -0.10267078 -0.02314359
v 0.19651708 -0.13002002 -0.10210672
v 0.20318946 -0.11988687 -0.10198097
v 0.20164564 -0.12607944 -0.10137118
v 0.19528389 -0.11423564 -0.10569848
v 0.20074591 -0.11488646 -0.10383127
v 0.18892702 -0.12436258 -0.10603344
v 0.19154745 -0.12920087 -0.1041436
v 0.19068613 -0.11804837 -0.10683135
v 0.1872847 -0.13788044 -0.10585575
v 0.18456369 -0.12478643 -0.10676109
v 0.1822454 -0.12543386 -0.11000567
v 0.18462926 -0.1386944 -0.1084118
v 0.24769714 -0.12534338 -0.04449874
v 0.24769029 -0.11055129 -0.04622313
v 0.24306401 -0.10459327 0.00156792
v 0.24290305 -0.10527354 -0.00364644
v 0.24258703 -0.12000811 -0.00199062
v 0.24320045 -0.11924731 0.00335964
v 0.24773243 -0.09543371 -0.04791851
v 0.24367436 -0.12367415 -0.02927657
v 0.24341803 -0.10902082 -0.0313918
v 0.20824924 -0.13234692 -0.0942344
v 0.22164553 -0.12929499 -0.0857364
v 0.22009939 -0.11525571 -0.08758588
v 0.20750331 -0.11803728 -0.09752902
v 0.24248865 -0.0897814 -0.00028734
v 0.24211058 -0.09049302 -0.00560655
v 0.24359819 -0.09396946 -0.03280586
v 0.18017712 -0.11192852 -0.11173106
v 0.1833519 -0.11076307 -0.10951248
v 0.21854004 -0.10102504 -0.08905803
v 0.20461008 -0.10463738 -0.09783152
v 0.24124872 -0.11364758 -0.02236177
v 0.24111774 -0.1085577 -0.0254774
v 0.24218514 -0.12190645 -0.01538997
v 0.24172526 -0.11500984 -0.01620545
v 0.24243447 -0.111808 -0.01060208
v 0.24269887 -0.10598039 -0.00885095
v 0.24256095 -0.10087961 -0.01189801
v 0.24208742 -0.09227854 -0.01894358
v 0.24200269 -0.09951758 -0.01801918
v 0.241526 -0.10266947 -0.02363039
v 0.19926911 -0.1259613 -0.09913211
v 0.19417429 -0.12989258 -0.0998869
v 0.19603127 -0.13554698 -0.09960378
v 0.20076954 -0.11979186 -0.09972538
v 0.19828566 -0.11481297 -0.1015584
v 0.1924355 -0.10796397 -0.10392616
v 0.19281277 -0.11417305 -0.10342682
v 0.18924793 -0.12906265 -0.10194152
v 0.18660137 -0.12424224 -0.1038153
v 0.18829354 -0.11795949 -0.10458743
v 0.23887109 -0.12655615 -0.061298
v 0.23611655 -0.12651789 -0.06005286
v 0.23501089 -0.11197239 -0.06191911
v 0.2339358 -0.09713572 -0.06367975
v 0.23667287 -0.09717178 -0.06493734
v 0.2377367 -0.11202257 -0.06317685
v 0.22480481 -0.11421954 -0.07948846
v 0.22621193 -0.12841904 -0.07763407
v 0.22863104 -0.12859416 -0.07952246
v 0.22722783 -0.11437958 -0.0813969
v 0.22584939 -0.09994018 -0.08296196
v 0.22339835 -0.09979903 -0.08105188
v 0.23403793 -0.12751728 -0.06989689
v 0.2314414 -0.12741428 -0.06834797
v 0.23019337 -0.11303257 -0.07020898
v 0.22896239 -0.09839105 -0.07187635
v 0.23156437 -0.09847766 -0.07344188
v 0.23277676 -0.11313402 -0.07177346
v 0.02781029 -0.00644105 -0.05952617
v 0.02788003 -0.00755828 -0.05914395
v 0.02791927 -0.00858926 -0.0585492
v 0.02792461 -0.00949698 -0.05776518
v 0.02789535 -0.01024615 -0.05682209
v 0.02783248 -0.01080834 -0.05575534
v 0.02773754 -0.01116329 -0.054605
v 0.02761405 -0.01129603 -0.05341737
v 0.02746492 -0.01120591 -0.05223641
v 0.02729661 -0.01089233 -0.05110798
v 0.02711749 -0.01036822 -0.0500748
v 0.02693351 -0.00965279 -0.04917708
v 0.02675404 -0.00877422 -0.04845009
v 0.02658562 -0.00776231 -0.04792283
v 0.02643436 -0.0066598 -0.04761384
v 0.02630884 -0.00550288 -0.04753772
v 0.02621274 -0.00434064 -0.04769438
v 0.02615169 -0.00321441 -0.04807983
v 0.02612448 -0.00217169 -0.04867894
v 0.02613353 -0.00125056 -0.04946749
v 0.02617715 -0.00048822 -0.05041513
v 0.0262514 0.00008869 -0.05148744
v 0.02635681 0.00045019 -0.05263891
v 0.02648435 0.00058805 -0.05382768
v 0.02663043 0.00049531 -0.05500849
v 0.02679006 0.00017362 -0.05613469
v 0.0269568 -0.00036233 -0.05716455
v 0.02712677 -0.00109159 -0.05805563
v 0.02729174 -0.0019868 -0.05877805
v 0.02744791 -0.00300914 -0.05930195
v 0.02758934 -0.00412118 -0.05960654
v 0.02771229 -0.00528144 -0.0596826
v 0.03370673 -0.00582051 -0.0590833
v 0.03378852 -0.00693029 -0.05869833
v 0.03384323 -0.00795269 -0.05810224
v 0.03386905 -0.0088458 -0.05731846
v 0.03386339 -0.00957614 -0.05637852
v 0.03382481 -0.01011604 -0.05531679
v 0.03375618 -0.01044768 -0.05417345
v 0.03366018 -0.01055538 -0.05299294
v 0.03353953 -0.01043766 -0.05182204
v 0.03339952 -0.01009798 -0.05070358
v 0.03324444 -0.00954699 -0.04968132
v 0.03308073 -0.00880795 -0.04879543
v 0.03291628 -0.00790882 -0.04807983
v 0.03275874 -0.00688189 -0.04756246
v 0.03261287 -0.00576937 -0.0472616
v 0.03248482 -0.00461024 -0.04719156
v 0.03238042 -0.00345146 -0.04735212
v 0.03230257 -0.0023356 -0.04774024
v 0.03225545 -0.00130611 -0.04833756
v 0.03223909 -0.00040638 -0.04912364
v 0.03225341 0.00033253 -0.05006889
v 0.03229866 0.00088083 -0.0511319
v 0.03237124 0.00121492 -0.05227733
v 0.03247075 0.00132578 -0.05345803
v 0.03258861 0.00120639 -0.05462984
v 0.03272591 0.00086188 -0.05574523
v 0.03287307 0.00030452 -0.05676514
v 0.03302759 -0.00044196 -0.05764773
v 0.03318336 -0.00134939 -0.05836108
v 0.03333319 -0.00238388 -0.05887727
v 0.03347417 -0.00350302 -0.05917482
v 0.03360036 -0.00466227 -0.05924489
v 0.03405338 -0.00450593 -0.05315337
v 0.0276278 -0.0061832 -0.0581062
v 0.02767908 -0.00703394 -0.05781613
v 0.02770875 -0.00781875 -0.05736324
v 0.02771024 -0.00851011 -0.05676636
v 0.02768791 -0.00908368 -0.05604838
v 0.02763717 -0.0095117 -0.05523742
v 0.02756322 -0.00978261 -0.0543633
v 0.02746733 -0.00988638 -0.05345906
v 0.02735189 -0.00981712 -0.05256128
v 0.02722477 -0.00957989 -0.0517019
v 0.02708687 -0.00918191 -0.05091702
v 0.02694748 -0.00863838 -0.0502352
v 0.02681034 -0.00797039 -0.04968255
v 0.02668313 -0.00720071 -0.04928204
v 0.02656879 -0.00636112 -0.04904718
v 0.0264738 -0.00548273 -0.04898779
v 0.02640086 -0.00459933 -0.04910798
v 0.02635246 -0.00374448 -0.04940118
v 0.02633242 -0.00295084 -0.04985639
v 0.0263385 -0.00225096 -0.05045566
v 0.02637321 -0.00167018 -0.05117689
v 0.02642966 -0.00123155 -0.05199122
v 0.02650929 -0.00095629 -0.05286737
v 0.02660797 -0.00085014 -0.05377182
v 0.02672066 -0.0009216 -0.05466939
v 0.02684393 -0.00116246 -0.05552575
v 0.0269731 -0.00156676 -0.05630842
v 0.02710393 -0.00212025 -0.05698783
v 0.02723084 -0.00279802 -0.05753717
v 0.02735111 -0.00357526 -0.05793546
v 0.02746079 -0.00441962 -0.05816814
v 0.02755291 -0.00530022 -0.0582254
v 0.02754555 -0.00605237 -0.05742705
v 0.0275898 -0.0067752 -0.05718065
v 0.02761185 -0.00744098 -0.05679656
v 0.02761278 -0.00802969 -0.05628954
v 0.02759057 -0.00851506 -0.05568052
v 0.02754671 -0.00888109 -0.0549923
v 0.02748291 -0.00911355 -0.05424971
v 0.02740008 -0.0092026 -0.05348154
v 0.02730092 -0.00914627 -0.05272031
v 0.02718992 -0.008946 -0.05199157
v 0.027072 -0.00861024 -0.05132491
v 0.02695247 -0.00815254 -0.0507453
v 0.0268349 -0.00758487 -0.05027623
v 0.02672508 -0.0069338 -0.04993547
v 0.02662907 -0.00622266 -0.04973569
v 0.02654692 -0.0054773 -0.0496876
v 0.02648555 -0.00472849 -0.04978763
v 0.02644639 -0.00400167 -0.05003629
v 0.02643011 -0.00332772 -0.05042268
v 0.02643639 -0.002734 -0.05093184
v 0.02646555 -0.00224024 -0.05154402
v 0.02651697 -0.00186693 -0.0522345
v 0.02658657 -0.00163132 -0.05297827
v 0.02667135 -0.00153893 -0.05374659
v 0.02676834 -0.00159663 -0.05450779
v 0.02687564 -0.00180089 -0.05523529
v 0.02698693 -0.00214195 -0.05590089
v 0.02709951 -0.00260871 -0.05647713
v 0.02720875 -0.003183 -0.0569429
v 0.0273111 -0.00383985 -0.05728152
v 0.02740394 -0.00455689 -0.0574791
v 0.0274826 -0.0053038 -0.05752814
v 0.02893111 -0.00591945 -0.05785688
v 0.03166455 -0.00560015 -0.05766775
v 0.03159473 -0.00475621 -0.05778047
v 0.02886315 -0.00507444 -0.0579699
v 0.03150587 -0.00391382 -0.05772476
v 0.02877404 -0.00423234 -0.05791235
v 0.03140137 -0.00310701 -0.05750107
v 0.02866958 -0.00342667 -0.0576879
v 0.03128327 -0.00236827 -0.05711877
v 0.02855132 -0.00268822 -0.05730502
v 0.03115792 -0.00172513 -0.05659168
v 0.02842487 -0.00204682 -0.05677733
v 0.0310268 -0.00120252 -0.05594075
v 0.02829308 -0.00152516 -0.05612399
v 0.03089626 -0.00082147 -0.05518906
v 0.02816011 -0.00114703 -0.05537187
v 0.03076912 -0.00059795 -0.05436587
v 0.02803224 -0.00092637 -0.05454845
v 0.0306513 -0.00054109 -0.05350461
v 0.02791184 -0.00087088 -0.05368608
v 0.03054706 -0.00065308 -0.05263585
v 0.02780434 -0.00098562 -0.05281733
v 0.03045877 -0.00092774 -0.05179446
v 0.02771222 -0.00126564 -0.05197517
v 0.03039318 -0.00135725 -0.05101222
v 0.02764302 -0.00169622 -0.05119222
v 0.03035051 -0.00192159 -0.05032018
v 0.02759772 -0.00226289 -0.05049964
v 0.03033495 -0.00260043 -0.04974429
v 0.02757872 -0.00294226 -0.04992431
v 0.03034784 -0.00336432 -0.04930758
v 0.02758963 -0.00370806 -0.04948715
v 0.03038721 -0.00418633 -0.04902681
v 0.02762806 -0.00453126 -0.04920714
v 0.0304552 -0.00503307 -0.04891293
v 0.02769512 -0.00537914 -0.04909297
v 0.03054693 -0.0058735 -0.04897076
v 0.02778692 -0.00621664 -0.04915068
v 0.03066084 -0.00667047 -0.04919683
v 0.02790012 -0.00701463 -0.04937943
v 0.03078952 -0.00739735 -0.04958253
v 0.02802864 -0.00774216 -0.04976576
v 0.03092893 -0.00803059 -0.05011504
v 0.02816952 -0.00837051 -0.05029988
v 0.0310727 -0.00853943 -0.05077032
v 0.02831545 -0.00887882 -0.05095678
v 0.03121375 -0.00890934 -0.05152445
v 0.02845891 -0.00924503 -0.05171221
v 0.03134677 -0.00912529 -0.0523509
v 0.0285944 -0.00945979 -0.05253894
v 0.03146808 -0.00917983 -0.05321122
v 0.02871781 -0.00951093 -0.05340149
v 0.03156854 -0.00907176 -0.05407988
v 0.02882229 -0.00940084 -0.05426993
v 0.03164893 -0.00880402 -0.05491797
v 0.02890407 -0.00913065 -0.0551088
v 0.03170425 -0.00838571 -0.05569683
v 0.02896262 -0.00870811 -0.05588847
v 0.03173298 -0.00783395 -0.05638444
v 0.02899482 -0.00815701 -0.05657548
v 0.03173595 -0.00716954 -0.05695578
v 0.02899852 -0.00748956 -0.05714735
v 0.03171231 -0.006415 -0.05738928
v 0.02897709 -0.00673586 -0.05758012
v 0.027132 -0.00648051 -0.05934057
v 0.02719942 -0.00755488 -0.0589726
v 0.02749789 -0.0076093 -0.05916567
v 0.02742724 -0.0064907 -0.05954897
v 0.0272382 -0.00854641 -0.05840007
v 0.0275374 -0.00863999 -0.05857096
v 0.02724192 -0.00941968 -0.0576464
v 0.02754269 -0.00954735 -0.05778786
v 0.02721453 -0.01013863 -0.05673873
v 0.0275146 -0.01029557 -0.05684482
v 0.02715403 -0.01068103 -0.05571319
v 0.02745158 -0.01085645 -0.05577798
v 0.02706242 -0.01102274 -0.05460808
v 0.0273577 -0.01121085 -0.05462875
v 0.02694386 -0.01115077 -0.0534655
v 0.02723513 -0.01134502 -0.05344019
v 0.02679918 -0.01106482 -0.05233046
v 0.02708683 -0.0112527 -0.05226032
v 0.02663932 -0.01076245 -0.05124456
v 0.02692066 -0.01093924 -0.05113189
v 0.02646722 -0.01025736 -0.05025175
v 0.02674047 -0.0104137 -0.05009963
v 0.02629069 -0.00956809 -0.04938912
v 0.0265582 -0.00969725 -0.04920198
v 0.02611768 -0.00872236 -0.04869117
v 0.02637783 -0.00881785 -0.04847606
v 0.02595562 -0.00774848 -0.04818346
v 0.02621012 -0.00780516 -0.04794796
v 0.02581178 -0.00668817 -0.04788686
v 0.02606009 -0.00670152 -0.04764007
v 0.02569226 -0.00557678 -0.04781165
v 0.02593524 -0.00554573 -0.04756285
v 0.02559949 -0.00445956 -0.04796226
v 0.02583835 -0.00438416 -0.0477205
v 0.02553981 -0.00337696 -0.04833366
v 0.02577704 -0.00325882 -0.04810604
v 0.02551246 -0.00237327 -0.04891045
v 0.02574914 -0.00221538 -0.04870428
v 0.02552129 -0.00148785 -0.04966754
v 0.02575628 -0.00129407 -0.04949292
v 0.02556393 -0.00075578 -0.05057874
v 0.02579956 -0.00053167 -0.05044038
v 0.02563459 -0.00020319 -0.05160966
v 0.025874 0.00004088 -0.05151258
v 0.02573407 0.00014692 -0.05271808
v 0.02597734 0.00040459 -0.05266314
v 0.02585719 0.00027847 -0.05385971
v 0.02610459 0.00054121 -0.05385185
v 0.02599803 0.00018763 -0.05499474
v 0.02624999 0.00044655 -0.05503271
v 0.02615137 -0.0001192 -0.05607834
v 0.02640881 0.00012517 -0.05615891
v 0.02631222 -0.00063514 -0.05706778
v 0.02657547 -0.00041151 -0.05718759
v 0.02647632 -0.00133657 -0.05792583
v 0.02674523 -0.00114125 -0.05807982
v 0.02663471 -0.0021972 -0.05862047
v 0.02690966 -0.00203591 -0.05880022
v 0.02678461 -0.00318032 -0.05912375
v 0.02706559 -0.00305944 -0.05932392
v 0.02692101 -0.00424945 -0.05941712
v 0.0272074 -0.00417113 -0.05962861
v 0.02703942 -0.00536501 -0.05949014
v 0.02733013 -0.00533169 -0.05970466
v 0.02720139 -0.00621444 -0.05814554
v 0.02725186 -0.00706404 -0.05785425
v 0.02727838 -0.00785225 -0.05740298
v 0.02727702 -0.00854581 -0.05680567
v 0.02724943 -0.00912052 -0.05608809
v 0.02719614 -0.00955128 -0.0552755
v 0.02711804 -0.0098285 -0.05439952
v 0.02701747 -0.00993657 -0.05349521
v 0.0268987 -0.00987356 -0.05259529
v 0.02676524 -0.00963991 -0.05173444
v 0.02662437 -0.009247 -0.05094814
v 0.02647973 -0.00870847 -0.05026273
v 0.02633936 -0.00804317 -0.04970943
v 0.02620922 -0.00727582 -0.04930704
v 0.0260948 -0.00643837 -0.04907049
v 0.02600001 -0.00555998 -0.04901117
v 0.0259297 -0.00467556 -0.04912978
v 0.02588414 -0.0038191 -0.04942217
v 0.02586602 -0.00302296 -0.04987877
v 0.02587806 -0.00231921 -0.0504775
v 0.02591602 -0.00173389 -0.05120039
v 0.02597953 -0.00129252 -0.05201539
v 0.02606431 -0.00101155 -0.05289353
v 0.02616703 -0.0009002 -0.05379893
v 0.0262846 -0.00096595 -0.05469884
v 0.02641136 -0.00120371 -0.05555643
v 0.02654396 -0.00160688 -0.05634034
v 0.02667796 -0.00215637 -0.05702143
v 0.02680693 -0.00283211 -0.05757134
v 0.02692764 -0.00360566 -0.05797251
v 0.02703537 -0.00445181 -0.05820579
v 0.02712832 -0.00533074 -0.05826494
v 0.02703639 -0.00625753 -0.05833015
v 0.02708685 -0.00714057 -0.05802947
v 0.027114 -0.00795793 -0.05756055
v 0.02711242 -0.00867807 -0.05694144
v 0.02708279 -0.00927454 -0.05619628
v 0.02702594 -0.00972604 -0.05535374
v 0.02694257 -0.01001256 -0.05444401
v 0.02683698 -0.01012557 -0.05350497
v 0.02671098 -0.01006192 -0.05257145
v 0.0265721 -0.00982177 -0.05167789
v 0.02642302 -0.00941687 -0.05086006
v 0.02627081 -0.00885784 -0.05015138
v 0.02612597 -0.00816953 -0.04957476
v 0.02598877 -0.00737619 -0.0491573
v 0.02587008 -0.006509 -0.04891075
v 0.02577107 -0.00559741 -0.04884884
v 0.02569774 -0.00468045 -0.04897268
v 0.02565294 -0.00379121 -0.04927565
v 0.02563694 -0.00296425 -0.04974888
v 0.02565003 -0.00223249 -0.05037135
v 0.02569307 -0.00162369 -0.05112012
v 0.02576043 -0.00116419 -0.05196587
v 0.02584926 -0.00086969 -0.05287783
v 0.0259589 -0.00075209 -0.05381801
v 0.02608295 -0.00081849 -0.05475048
v 0.02621504 -0.00106543 -0.0556418
v 0.0263546 -0.00147926 -0.0564562
v 0.02649344 -0.00204956 -0.05716268
v 0.02662694 -0.00275033 -0.05773368
v 0.02675284 -0.00355267 -0.05814885
v 0.02686571 -0.00442886 -0.05839111
v 0.02696196 -0.00534206 -0.05845193
v 0.03200715 -0.00598192 -0.05921921
v 0.03208544 -0.00709497 -0.05883423
v 0.03213596 -0.00812029 -0.05823819
v 0.03215483 -0.00901866 -0.0574533
v 0.03214043 -0.00975579 -0.0565109
v 0.03209347 -0.0103054 -0.05544751
v 0.03201571 -0.01064509 -0.05430233
v 0.03191002 -0.01076221 -0.05311759
v 0.03177799 -0.01065403 -0.05194449
v 0.03162778 -0.01032245 -0.05082141
v 0.0314637 -0.00978338 -0.04979634
v 0.03129124 -0.00905227 -0.04890751
v 0.03112135 -0.0081616 -0.04818778
v 0.03095828 -0.0071417 -0.04766604
v 0.03081033 -0.00603133 -0.04736394
v 0.03068284 -0.00487309 -0.04729062
v 0.03057992 -0.00371348 -0.04745105
v 0.03050727 -0.00259399 -0.04783921
v 0.03046649 -0.00156021 -0.04843752
v 0.03046003 -0.00065165 -0.04922481
v 0.03048371 0.00009584 -0.05017154
v 0.03053942 0.00065439 -0.05123931
v 0.03062388 0.00100028 -0.05238661
v 0.03073322 0.00111991 -0.05357051
v 0.03086243 0.00101047 -0.05474463
v 0.03100802 0.00067418 -0.05586437
v 0.03116319 0.00012481 -0.05688715
v 0.03132272 -0.00061464 -0.05777381
v 0.03148285 -0.00151848 -0.05848899
v 0.03163721 -0.00254809 -0.05900647
v 0.03177757 -0.00366282 -0.05930842
v 0.03190338 -0.0048232 -0.05937856
v 0.031667 -0.00481909 -0.05918939
v 0.03176457 -0.00593709 -0.05903739
v 0.03154733 -0.00370085 -0.05911999
v 0.03141005 -0.00262725 -0.05882708
v 0.03126052 -0.00163841 -0.05832606
v 0.03110142 -0.00077343 -0.05763449
v 0.03094241 -0.00006443 -0.05677808
v 0.03078788 0.00045806 -0.05578877
v 0.03063975 0.00077414 -0.05470697
v 0.0305064 0.00087231 -0.0535722
v 0.0303913 0.00074815 -0.05242835
v 0.03030077 0.00040543 -0.05132019
v 0.03023738 -0.0001412 -0.05028818
v 0.03020553 -0.00086867 -0.04937436
v 0.03020493 -0.00175172 -0.04861418
v 0.03023783 -0.00275391 -0.04803707
v 0.03030349 -0.00383389 -0.04766344
v 0.03040021 -0.0049535 -0.04751036
v 0.0305228 -0.00606787 -0.04758301
v 0.03066673 -0.00713527 -0.04787607
v 0.03082857 -0.00811404 -0.04838149
v 0.03099795 -0.00896698 -0.04907745
v 0.03117044 -0.00966256 -0.04993843
v 0.03133711 -0.01017534 -0.05093001
v 0.03148932 -0.01048547 -0.05201503
v 0.03162442 -0.01058065 -0.05314988
v 0.03173684 -0.01045882 -0.05429374
v 0.03181969 -0.01012378 -0.05539854
v 0.0318717 -0.00958865 -0.05642613
v 0.03189302 -0.00887209 -0.05733547
v 0.03188129 -0.00800192 -0.05809227
v 0.03183691 -0.00701165 -0.05866695
v 0.02871379 -0.00516033 -0.05961517
v 0.02881183 -0.00632065 -0.05945843
v 0.0285918 -0.00400257 -0.05953925
v 0.02845002 -0.00288838 -0.05923374
v 0.0282938 -0.00186461 -0.05871108
v 0.02812845 -0.00096964 -0.05798979
v 0.0279594 -0.00024163 -0.05709659
v 0.02779166 0.00029569 -0.05606786
v 0.02763287 0.00061637 -0.05494173
v 0.02748664 0.00071084 -0.05376195
v 0.02736013 0.0005722 -0.05257317
v 0.02725587 0.00021076 -0.05142065
v 0.02718168 -0.00036364 -0.05034927
v 0.02713716 -0.00112682 -0.04940167
v 0.02712946 -0.00204747 -0.04861192
v 0.02715764 -0.00309062 -0.04801361
v 0.02721916 -0.00421607 -0.04762901
v 0.02731515 -0.00538015 -0.04747111
v 0.0274411 -0.00653356 -0.04754823
v 0.02759116 -0.00763869 -0.04785608
v 0.02775995 -0.00864994 -0.04838419
v 0.02794048 -0.0095306 -0.04910987
v 0.02812287 -0.01024615 -0.05000754
v 0.02830301 -0.01077014 -0.05103977
v 0.02846943 -0.01108366 -0.05216815
v 0.02861854 -0.01117539 -0.05334914
v 0.0287421 -0.01104068 -0.05453772
v 0.02883689 -0.01068651 -0.05568709
v 0.02889875 -0.01012462 -0.05675388
v 0.02892773 -0.00937688 -0.05769597
v 0.0289214 -0.00846946 -0.05848019
v 0.02888297 -0.00743818 -0.05907607
v 0.02904621 -0.00624078 -0.05923201
v 0.02895148 -0.00512182 -0.0593829
v 0.02883338 -0.00400489 -0.05931018
v 0.02869693 -0.00293415 -0.05901407
v 0.02854523 -0.0019477 -0.05851111
v 0.0283855 -0.00108641 -0.05781459
v 0.0282223 -0.00038415 -0.05695564
v 0.02805959 0.00013226 -0.05596324
v 0.02790591 0.00044024 -0.05487767
v 0.02776337 0.00052928 -0.05373962
v 0.02764009 0.00039792 -0.05259279
v 0.02753822 0.00004547 -0.05148332
v 0.02746539 -0.00051009 -0.05044997
v 0.02742217 -0.00124537 -0.04953554
v 0.0274137 -0.00213366 -0.04877509
v 0.02743905 -0.00314062 -0.04819801
v 0.02750008 -0.00422394 -0.04782638
v 0.0275921 -0.00534528 -0.04767448
v 0.02771369 -0.0064578 -0.04774929
v 0.02785874 -0.00752216 -0.04804658
v 0.02802186 -0.00849694 -0.04855513
v 0.02819589 -0.00934416 -0.04925504
v 0.02837534 -0.01003247 -0.05012055
v 0.0285477 -0.01053595 -0.05111525
v 0.02871056 -0.01083868 -0.0522042
v 0.02885513 -0.01092398 -0.05334126
v 0.02897489 -0.01079487 -0.05448697
v 0.02906722 -0.01045322 -0.05559527
v 0.02912841 -0.00990843 -0.05662397
v 0.02915654 -0.0091874 -0.05753194
v 0.02915079 -0.00831341 -0.05828892
v 0.02911374 -0.00731796 -0.05886272
v 0.02596912 -0.00550681 -0.05368253
v 0.0263176 -0.00548625 -0.05706426
v 0.02637474 -0.00613325 -0.05697508
v 0.02697443 -0.00614839 -0.05745164
v 0.02690881 -0.00540179 -0.05755372
v 0.02624722 -0.00483894 -0.05702284
v 0.02682916 -0.00465416 -0.05750484
v 0.02616788 -0.00421375 -0.05685434
v 0.02673701 -0.00393593 -0.0573092
v 0.02608173 -0.00364112 -0.05656325
v 0.02663626 -0.00327533 -0.0569727
v 0.02599066 -0.00313615 -0.05616239
v 0.02652994 -0.00269907 -0.05650876
v 0.02589841 -0.00272566 -0.05566449
v 0.0264212 -0.00222736 -0.05593327
v 0.02580967 -0.00242155 -0.05509268
v 0.02631502 -0.00187927 -0.05527133
v 0.02572673 -0.00223618 -0.0544631
v 0.02621517 -0.00166899 -0.05454724
v 0.02565152 -0.00217729 -0.0538072
v 0.02612495 -0.00160408 -0.05378731
v 0.02558753 -0.00224524 -0.05314428
v 0.02604709 -0.00168907 -0.05302218
v 0.02553755 -0.00244242 -0.05250195
v 0.02598543 -0.00191843 -0.05228014
v 0.02550474 -0.00275456 -0.05190499
v 0.0259432 -0.00228512 -0.05159037
v 0.02548991 -0.00317478 -0.05137588
v 0.02591996 -0.00277102 -0.05098063
v 0.02549124 -0.00368243 -0.05093682
v 0.02591918 -0.00336086 -0.05047278
v 0.02551416 -0.00426262 -0.05060104
v 0.02594169 -0.00403147 -0.05008648
v 0.02555291 -0.00488925 -0.05038566
v 0.02598409 -0.00475424 -0.04983798
v 0.0256088 -0.0055381 -0.05029752
v 0.02604759 -0.00550425 -0.04973588
v 0.0256793 -0.00618463 -0.05033793
v 0.02612939 -0.00624948 -0.04978381
v 0.0257617 -0.00680553 -0.05050866
v 0.02622425 -0.00696504 -0.04998058
v 0.0258535 -0.00737381 -0.05079982
v 0.02633163 -0.00762027 -0.05032033
v 0.02594828 -0.0078746 -0.05120294
v 0.02644375 -0.00818997 -0.05078552
v 0.02604491 -0.00828146 -0.05170197
v 0.02655906 -0.00865495 -0.05136316
v 0.02613669 -0.00858253 -0.05227692
v 0.02666999 -0.00899869 -0.05202628
v 0.02622438 -0.00876486 -0.05290448
v 0.02677367 -0.00920534 -0.05275252
v 0.0262986 -0.00882285 -0.05356249
v 0.02686495 -0.00926733 -0.05351146
v 0.02636092 -0.0087552 -0.05422432
v 0.02694096 -0.00918614 -0.05427758
v 0.0264081 -0.00856149 -0.0548666
v 0.02699868 -0.00895965 -0.05501738
v 0.02643686 -0.00825309 -0.05546252
v 0.02703612 -0.00860059 -0.05570588
v 0.02644887 -0.00783807 -0.05598827
v 0.02705274 -0.00811928 -0.05631349
v 0.02644093 -0.00733447 -0.05642834
v 0.02704785 -0.00753355 -0.05681923
v 0.02641609 -0.00675886 -0.0567608
v 0.02701957 -0.00687009 -0.05720317
v 0.00425241 -0.00189071 0.02058672
v 0.00446015 -0.00296908 0.02094616
v 0.00472185 -0.00393551 0.02150679
v 0.00502356 -0.00475281 0.02224709
v 0.00535243 -0.00539445 0.02313999
v 0.00569726 -0.00583088 0.02414989
v 0.00604215 -0.00605058 0.0252399
v 0.00637344 -0.00604504 0.02636656
v 0.00667706 -0.00581634 0.02748718
v 0.00694343 -0.00537109 0.02855871
v 0.00716136 -0.00472724 0.02954078
v 0.00732442 -0.00390726 0.03039391
v 0.007426 -0.00294137 0.03108706
v 0.00746567 -0.00186741 0.03159152
v 0.00744036 -0.00072211 0.03188848
v 0.00735421 0.00044906 0.03196583
v 0.00720806 0.00160354 0.03182257
v 0.0070106 0.00269448 0.03146158
v 0.00676628 0.0036807 0.03089945
v 0.00648653 0.00452119 0.03015641
v 0.00617755 0.00518721 0.02926079
v 0.00585171 0.00564605 0.02824721
v 0.00552044 0.00588119 0.02715585
v 0.00519586 0.00588345 0.02602892
v 0.00488847 0.00565147 0.02490752
v 0.00461283 0.0051946 0.0238373
v 0.00437656 0.00452941 0.02285787
v 0.00419364 0.00368613 0.02200745
v 0.00406982 0.00269621 0.021318
v 0.00401311 0.00159901 0.02081627
v 0.00402367 0.00043821 0.02052169
v 0.00410551 -0.00074011 0.02044347
v 0.01118738 -0.00135546 0.01822508
v 0.01139406 -0.00243979 0.01858762
v 0.01164904 -0.00341582 0.01915177
v 0.01194097 -0.00424557 0.0198951
v 0.01226071 -0.00489842 0.02079023
v 0.01259073 -0.00535219 0.02180185
v 0.012922 -0.00558811 0.02289265
v 0.01323855 -0.00559806 0.02402154
v 0.0135298 -0.00538104 0.02514146
v 0.0137845 -0.00494778 0.0262118
v 0.0139917 -0.00431233 0.0271921
v 0.01414449 -0.0034967 0.02804285
v 0.01423952 -0.00253623 0.02873244
v 0.01427095 -0.00146442 0.02923212
v 0.0142406 -0.00032097 0.02952538
v 0.01414878 0.00085002 0.02959917
v 0.01399974 0.00200271 0.02945261
v 0.01379853 0.00309377 0.02908992
v 0.01355413 0.00408172 0.02852443
v 0.01327361 0.00492638 0.02777862
v 0.01296726 0.00559413 0.02688105
v 0.01264691 0.00605905 0.02586811
v 0.01232412 0.00630474 0.02477599
v 0.01201036 0.00631934 0.02364806
v 0.01171734 0.00610089 0.02252712
v 0.01145794 0.00565916 0.02145803
v 0.01124024 0.00501304 0.02048015
v 0.01107596 0.00418466 0.01963174
v 0.01096945 0.00320857 0.0189436
v 0.01092456 0.00212293 0.01844437
v 0.01094898 0.00097072 0.01815232
v 0.01103597 -0.0002039 0.01807858
v 0.01375846 0.00042378 0.02344406
v 0.00465211 -0.00143307 0.02194016
v 0.00480966 -0.00225353 0.0222129
v 0.00500584 -0.00299 0.02263925
v 0.00523403 -0.00361239 0.02320212
v 0.00548424 -0.00409954 0.02388066
v 0.00574425 -0.00443488 0.0246488
v 0.00600498 -0.0046035 0.02547757
v 0.00625742 -0.00460052 0.02633418
v 0.00648778 -0.00442653 0.02718684
v 0.00669001 -0.00408762 0.02800184
v 0.00685698 -0.0035969 0.02874792
v 0.00698037 -0.00297272 0.02939571
v 0.00706025 -0.00223672 0.0299222
v 0.00709042 -0.00141835 0.03030557
v 0.00707301 -0.0005474 0.03053109
v 0.00700666 0.00034356 0.0305914
v 0.00689751 0.00122034 0.03048104
v 0.00674609 0.00204914 0.03020709
v 0.00655931 0.00279772 0.02978035
v 0.0063444 0.00343668 0.02921494
v 0.00610949 0.00393998 0.0285339
v 0.00586028 0.00428831 0.02776339
v 0.00560779 0.00446564 0.02693438
v 0.00536149 0.00446826 0.02607668
v 0.00512818 0.00429284 0.02522511
v 0.00491927 0.00394511 0.02441134
v 0.00474206 0.00344222 0.02366665
v 0.00460398 0.00280231 0.02301928
v 0.00451179 0.00205159 0.02249625
v 0.00447018 0.00121909 0.02211432
v 0.00447806 0.00033712 0.02188904
v 0.00454056 -0.00055664 0.02182987
v 0.0048239 -0.00123065 0.02258941
v 0.00495749 -0.00192737 0.02282033
v 0.00512496 -0.00255042 0.02318156
v 0.00531862 -0.0030781 0.02365936
v 0.00553067 -0.00349116 0.02423485
v 0.00575268 -0.00377428 0.02488613
v 0.00597523 -0.00391632 0.02558942
v 0.00618989 -0.00391143 0.02631606
v 0.00638601 -0.00376331 0.02703721
v 0.00656002 -0.00347393 0.02772967
v 0.00670196 -0.00305742 0.02836182
v 0.00680814 -0.00252729 0.02891261
v 0.00687671 -0.00190168 0.0293588
v 0.00690199 -0.0012077 0.02968367
v 0.00688742 -0.00046736 0.02987544
v 0.00683148 0.00028801 0.02992457
v 0.00673873 0.00103187 0.02983278
v 0.00661063 0.00173395 0.02960064
v 0.00645165 0.00236779 0.02923803
v 0.00626938 0.00290972 0.02875882
v 0.00606896 0.00333666 0.02818096
v 0.00585664 0.00363111 0.02752833
v 0.00564178 0.0037803 0.02682482
v 0.00543112 0.0037806 0.02609813
v 0.00523289 0.00363028 0.02537595
v 0.0050542 0.00333464 0.02468477
v 0.00490263 0.00290697 0.02405393
v 0.00478596 0.00236338 0.02350459
v 0.00470588 0.00172561 0.0230597
v 0.00466995 0.0010187 0.02273722
v 0.00467662 0.00027132 0.02254669
v 0.00472909 -0.00048869 0.02249659
v 0.00601658 -0.00139302 0.02162825
v 0.00917138 -0.00116688 0.02054918
v 0.00906477 -0.00033086 0.02044536
v 0.00591051 -0.00055784 0.02152494
v 0.00900896 0.00052684 0.02050274
v 0.00585473 0.000301 0.02158181
v 0.00900542 0.00137555 0.02071695
v 0.00585289 0.00115066 0.02179656
v 0.00905413 0.00218015 0.02108154
v 0.00590228 0.00195789 0.02216166
v 0.00915318 0.00291138 0.02158089
v 0.00600367 0.0026884 0.02266152
v 0.00929669 0.00353634 0.02219827
v 0.00614765 0.00331437 0.02328046
v 0.00947889 0.00403183 0.02290865
v 0.00633229 0.003811 0.02399026
v 0.00969098 0.00437533 0.02368698
v 0.0065453 0.00415605 0.02476788
v 0.00992462 0.00455743 0.02449963
v 0.0067801 0.00433784 0.02558188
v 0.01017137 0.0045672 0.02531728
v 0.00702718 0.00434798 0.02639966
v 0.01041938 0.0044052 0.02611013
v 0.00727634 0.00418692 0.02719164
v 0.01066577 0.00407946 0.02684541
v 0.00752158 0.0038616 0.02792779
v 0.0108956 0.00360536 0.02749587
v 0.00775019 0.00338649 0.0285782
v 0.0111025 0.00299787 0.0280347
v 0.00795786 0.00277942 0.02911679
v 0.0112834 0.00228416 0.02844297
v 0.00813729 0.00206524 0.02952567
v 0.01142795 0.00149309 0.02870446
v 0.00828224 0.00127464 0.02978683
v 0.01153299 0.00065392 0.02880942
v 0.0083876 0.00043547 0.02988923
v 0.01159425 -0.00019919 0.02875087
v 0.00844828 -0.00041657 0.02983219
v 0.01161025 -0.00103253 0.02853529
v 0.00846341 -0.00125205 0.02961501
v 0.01157873 -0.00181788 0.02816917
v 0.00842956 -0.00203841 0.02924827
v 0.0114979 -0.00252604 0.0276661
v 0.00834996 -0.0027455 0.02874366
v 0.01137353 -0.00312912 0.02704604
v 0.00822392 -0.00334817 0.02812411
v 0.01120684 -0.00360685 0.02633411
v 0.00805665 -0.00382578 0.0274107
v 0.01100333 -0.00394004 0.02555445
v 0.00785259 -0.00416076 0.02663175
v 0.01077339 -0.00411909 0.02474161
v 0.00762036 -0.00433886 0.02581862
v 0.01051999 -0.00413501 0.02392414
v 0.00736666 -0.0043571 0.02500099
v 0.01025838 -0.00398743 0.02313367
v 0.00710423 -0.00420928 0.02421044
v 0.00999859 -0.00368207 0.02240009
v 0.00684442 -0.00390464 0.02347689
v 0.00974781 -0.00322872 0.0217532
v 0.00659374 -0.00345319 0.0228302
v 0.0095217 -0.0026434 0.02121494
v 0.0063661 -0.00286811 0.02229324
v 0.00932649 -0.0019474 0.02080933
v 0.0061714 -0.00217342 0.02188797
v 0.00358944 -0.00185668 0.02105897
v 0.00379026 -0.00289374 0.02140421
v 0.00404008 -0.0029881 0.02109579
v 0.00383193 -0.00190842 0.02073724
v 0.00404089 -0.00382411 0.02194349
v 0.00430079 -0.0039553 0.02165641
v 0.00432909 -0.00461161 0.0226555
v 0.0046014 -0.00477433 0.02239681
v 0.00464396 -0.00522714 0.02351398
v 0.00492932 -0.00541329 0.02328965
v 0.0049754 -0.00565034 0.02448585
v 0.00527215 -0.00585299 0.02430073
v 0.00530428 -0.00586408 0.02553363
v 0.00561696 -0.00607448 0.02538963
v 0.00562165 -0.00585955 0.02661737
v 0.00594753 -0.00607001 0.02651738
v 0.00591363 -0.00564169 0.02769523
v 0.00625075 -0.00584358 0.02763796
v 0.00616831 -0.00521493 0.02872632
v 0.00651633 -0.00539869 0.02870955
v 0.00637814 -0.00459569 0.02967007
v 0.00673334 -0.00475543 0.02969165
v 0.00653337 -0.00380682 0.03049121
v 0.00689511 -0.00393706 0.03054573
v 0.00663111 -0.0028783 0.03115661
v 0.00699557 -0.00297105 0.03123783
v 0.00666837 -0.001845 0.03164151
v 0.00703469 -0.00189667 0.03174226
v 0.00664513 -0.00074487 0.03192833
v 0.00701042 -0.00075262 0.03203929
v 0.00656214 0.00038123 0.03200267
v 0.00692293 0.0004189 0.03211749
v 0.00642245 0.00149112 0.03186551
v 0.00677748 0.00157266 0.03197323
v 0.00623226 0.00254088 0.03151778
v 0.00658036 0.00266504 0.03161225
v 0.00599726 0.0034905 0.03097692
v 0.0063366 0.00365221 0.03104997
v 0.00572787 0.00429916 0.03026238
v 0.00605532 0.00449246 0.03030594
v 0.0054317 0.00493788 0.02940117
v 0.0057483 0.00515884 0.02941134
v 0.00511915 0.00537973 0.0284258
v 0.00542225 0.00561749 0.0283967
v 0.00480149 0.00560826 0.02737655
v 0.00509299 0.00585484 0.02730634
v 0.00449002 0.0056104 0.02629368
v 0.00476832 0.00585633 0.02617952
v 0.00419541 0.00538951 0.02521489
v 0.00446285 0.00562697 0.02505794
v 0.00393115 0.00495237 0.02418617
v 0.00418697 0.00517112 0.02398671
v 0.00370625 0.00431346 0.02324299
v 0.00395321 0.00450855 0.02300728
v 0.00353258 0.00350451 0.02242551
v 0.00377205 0.00366598 0.02215687
v 0.0034138 0.00255185 0.0217618
v 0.0036484 0.0026763 0.0214685
v 0.00335942 0.00149941 0.02127945
v 0.00359225 0.00158041 0.02096572
v 0.00337169 0.00038433 0.02099608
v 0.00360406 0.00042003 0.02067122
v 0.00344995 -0.00074946 0.02092092
v 0.00368582 -0.000759 0.02059302
v 0.00411329 -0.00149285 0.02211556
v 0.0042713 -0.00231152 0.02238781
v 0.00447068 -0.00304526 0.02281374
v 0.0046996 -0.00366562 0.02337632
v 0.00495231 -0.00414937 0.02405459
v 0.00521547 -0.00448077 0.02482264
v 0.00548032 -0.00464582 0.02565034
v 0.0057345 -0.00463932 0.02650596
v 0.00596923 -0.00446331 0.02735792
v 0.00617422 -0.00412201 0.02817432
v 0.00634107 -0.00362932 0.02891977
v 0.00646664 -0.00300312 0.02957008
v 0.00654824 -0.00226891 0.0300962
v 0.00657886 -0.00144916 0.0304801
v 0.00656228 -0.00057679 0.03070621
v 0.00649776 0.00031417 0.03076604
v 0.00638913 0.00119102 0.03065723
v 0.006237 0.00201863 0.03038368
v 0.00605109 0.00276857 0.0299563
v 0.00583651 0.00340676 0.02939211
v 0.00559979 0.00390887 0.02871137
v 0.00535124 0.00425612 0.02794085
v 0.00509574 0.00443255 0.02711178
v 0.00484678 0.004431 0.02625498
v 0.00461082 0.00425207 0.02540222
v 0.00439841 0.00390178 0.02458913
v 0.00421813 0.00339627 0.02384508
v 0.0040771 0.00275141 0.02319731
v 0.0039807 0.00199669 0.02267278
v 0.0039345 0.00116294 0.0222903
v 0.00394149 0.00027889 0.02206653
v 0.00400321 -0.00061607 0.02200681
v 0.00383065 -0.0015707 0.02203351
v 0.0039946 -0.00242197 0.02231553
v 0.00420177 -0.00318026 0.02275613
v 0.00444103 -0.00382316 0.02333961
v 0.00470358 -0.004323 0.02404275
v 0.0049791 -0.00466495 0.02483964
v 0.00525348 -0.00483357 0.02569818
v 0.00551887 -0.0048269 0.02658668
v 0.00576322 -0.00464379 0.0274703
v 0.00597649 -0.00428837 0.02831526
v 0.00615206 -0.00377732 0.02909015
v 0.00628297 -0.00312799 0.02976379
v 0.00636672 -0.00236409 0.03030992
v 0.00639845 -0.00151521 0.03070769
v 0.00638115 -0.00061184 0.03094361
v 0.00631521 0.00031399 0.03100591
v 0.00620144 0.00122261 0.03089356
v 0.00604469 0.00208151 0.03060932
v 0.00585099 0.00285923 0.03016611
v 0.00562993 0.00352066 0.02958111
v 0.00538577 0.00404238 0.02887536
v 0.00512506 0.00440138 0.02807696
v 0.00486171 0.00458449 0.02721596
v 0.0046017 0.00458347 0.02632733
v 0.00435569 0.00439506 0.02544393
v 0.00413374 0.00403195 0.02459922
v 0.0039442 0.00350379 0.02382788
v 0.00379726 0.00283366 0.02315586
v 0.00369509 0.00205063 0.0226123
v 0.00364594 0.00118374 0.02221596
v 0.00365272 0.00026541 0.02198248
v 0.00371608 -0.00066459 0.02192127
v 0.00913914 -0.00154 0.01891492
v 0.0093489 -0.00262057 0.01927656
v 0.00960607 -0.00359314 0.01983911
v 0.00990424 -0.00441575 0.02058183
v 0.01022838 -0.00506323 0.0214756
v 0.01056612 -0.00550794 0.02248795
v 0.01090425 -0.00573521 0.02357762
v 0.01122988 -0.00573772 0.02470457
v 0.01152556 -0.00551521 0.02582383
v 0.01178686 -0.00507414 0.02689456
v 0.01199958 -0.00443208 0.02787335
v 0.0121564 -0.00361484 0.02872492
v 0.01225526 -0.00265026 0.0294143
v 0.01228993 -0.001576 0.0299168
v 0.01226096 -0.00043213 0.03021001
v 0.01217182 0.00073856 0.03028561
v 0.01202371 0.00189369 0.03013981
v 0.01182272 0.00298219 0.02977684
v 0.01157592 0.00396889 0.02921294
v 0.01129499 0.00480991 0.02846763
v 0.01098511 0.00547444 0.02757143
v 0.01066111 0.00593721 0.02655755
v 0.01033388 0.00617623 0.0254665
v 0.01001413 0.00618302 0.02433946
v 0.00971405 0.005957 0.02322031
v 0.00944697 0.00550776 0.02214979
v 0.00922079 0.00485247 0.02117247
v 0.00904771 0.00401604 0.02032344
v 0.00893444 0.00303417 0.01963658
v 0.00888639 0.00194436 0.01913658
v 0.00890407 0.00078725 0.01884271
v 0.00899004 -0.00038933 0.01876918
v 0.00873207 -0.00041735 0.01907825
v 0.00887543 -0.00152611 0.01921797
v 0.00865098 0.00071758 0.01915066
v 0.0086383 0.00183528 0.01943416
v 0.00868922 0.00289118 0.01991558
v 0.00880391 0.00384217 0.02057854
v 0.00897747 0.00465488 0.02139634
v 0.00920128 0.00529259 0.0223401
v 0.00946608 0.00573319 0.02337051
v 0.00976022 0.0059567 0.0244483
v 0.01007326 0.00595563 0.0255346
v 0.01039228 0.00572866 0.02658661
v 0.01070847 0.00528925 0.02756296
v 0.01100825 0.00464963 0.02842565
v 0.01128136 0.00384014 0.02914319
v 0.01151863 0.00289183 0.02968609
v 0.01171157 0.00184047 0.0300352
v 0.0118542 0.00072938 0.03017501
v 0.01193931 -0.00039982 0.03010143
v 0.01196454 -0.00150334 0.02981751
v 0.01192877 -0.00254178 0.02933362
v 0.01183037 -0.00347358 0.02866701
v 0.01167611 -0.00426518 0.02784666
v 0.01146636 -0.00488621 0.02690237
v 0.01120953 -0.00531601 0.02587061
v 0.01091869 -0.00553673 0.02479181
v 0.01059991 -0.00554037 0.02370555
v 0.01026762 -0.00532817 0.022657
v 0.00993722 -0.0049048 0.02168203
v 0.00961894 -0.00428766 0.02082097
v 0.00932861 -0.00349968 0.02010616
v 0.00907705 -0.00256651 0.01956465
v 0.00524654 -0.00066632 0.02004954
v 0.00539498 -0.00181651 0.0201928
v 0.00516673 0.00051188 0.02012664
v 0.00515571 0.00167286 0.02042106
v 0.00521307 0.00277084 0.02092267
v 0.0053371 0.00376147 0.02161199
v 0.00552048 0.00460368 0.02246234
v 0.00575594 0.00526982 0.02344162
v 0.00603307 0.00572669 0.02451171
v 0.00634113 0.00596106 0.0256331
v 0.00666628 0.0059579 0.02675995
v 0.0069977 0.00572454 0.02785122
v 0.00732377 0.00526499 0.02886386
v 0.00763291 0.00460171 0.02975943
v 0.00791484 0.00376135 0.03050353
v 0.0081586 0.00277406 0.03106681
v 0.00835733 0.00168496 0.03142575
v 0.00850229 0.00052964 0.03157122
v 0.00858887 -0.00064069 0.03149185
v 0.00861387 -0.00178694 0.03119504
v 0.00857443 -0.00286191 0.03069075
v 0.00847219 -0.00382721 0.02999869
v 0.00831026 -0.0046485 0.02914565
v 0.00809085 -0.00529229 0.02816473
v 0.00782359 -0.00573843 0.02709224
v 0.0075194 -0.00596904 0.02597181
v 0.0071868 -0.00597441 0.02484512
v 0.00684232 -0.005755 0.02375526
v 0.0064962 -0.0053175 0.0227452
v 0.00616601 -0.00467908 0.02185345
v 0.00586387 -0.0038622 0.02111206
v 0.00560402 -0.00289672 0.02055142
v 0.00572196 -0.00174939 0.02029599
v 0.00557932 -0.0006414 0.02015779
v 0.00550121 0.00049507 0.02023277
v 0.00549237 0.00161469 0.0205169
v 0.00554819 0.00267291 0.02099887
v 0.00566866 0.00362771 0.02166445
v 0.00584616 0.00444459 0.0224836
v 0.00607565 0.00508678 0.02342761
v 0.00634479 0.00553244 0.02445798
v 0.00664201 0.0057581 0.02553762
v 0.00695858 0.00575745 0.02662346
v 0.00727891 0.00553292 0.0276746
v 0.00759595 0.00509232 0.02865195
v 0.00789422 0.00445586 0.02951419
v 0.00816648 0.00364601 0.030231
v 0.00840258 0.00269639 0.03077289
v 0.00859302 0.0016449 0.03111968
v 0.00873373 0.00053292 0.03125909
v 0.0088178 -0.00059503 0.03118291
v 0.00884072 -0.00170004 0.03089738
v 0.00880201 -0.00273799 0.03041176
v 0.00870269 -0.00366902 0.02974456
v 0.00854538 -0.00446212 0.02892263
v 0.00833287 -0.00508528 0.0279771
v 0.00807331 -0.00551807 0.02694422
v 0.00777901 -0.00574076 0.02586558
v 0.00745667 -0.00574743 0.02477889
v 0.00712219 -0.0055387 0.02372914
v 0.00678793 -0.00511789 0.0227554
v 0.00646933 -0.00450426 0.02189685
v 0.00617613 -0.0037195 0.02118183
v 0.00592359 -0.0027889 0.02064246
v 0.00458272 -0.00016665 0.02662644
v 0.00369173 -0.00048291 0.02340369
v 0.00377498 -0.00112652 0.02348594
v 0.00423054 -0.00124949 0.02280173
v 0.00413557 -0.0005058 0.02270823
v 0.00364387 0.0001738 0.02344693
v 0.00408185 0.00025242 0.0227576
v 0.00363285 0.00081926 0.02361216
v 0.00407102 0.00099897 0.02294739
v 0.00365802 0.00142693 0.02389189
v 0.00410319 0.0017029 0.02327122
v 0.00372096 0.0019741 0.02427634
v 0.0041787 0.00233668 0.0237144
v 0.00381629 0.00243955 0.0247529
v 0.0042911 0.0028752 0.02426417
v 0.00394087 0.00280422 0.02529937
v 0.00443733 0.0032981 0.0248956
v 0.00408964 0.00305342 0.02589881
v 0.00461064 0.00358772 0.02558535
v 0.00425521 0.00317812 0.02652486
v 0.00480506 0.00373333 0.02630825
v 0.00443346 0.00317013 0.02715618
v 0.00501065 0.00372815 0.02703576
v 0.00461393 0.00303715 0.02776606
v 0.00522337 0.00357568 0.02773926
v 0.00479578 0.00277662 0.028333
v 0.00543317 0.00327801 0.02839202
v 0.00496811 0.00240451 0.02883412
v 0.00563287 0.00285106 0.02897008
v 0.00512569 0.00193518 0.02925073
v 0.00581441 0.00230908 0.02944861
v 0.00526325 0.001383 0.02956607
v 0.00597302 0.00167262 0.0298118
v 0.00537435 0.00077229 0.02976929
v 0.00610159 0.0009697 0.0300455
v 0.00545567 0.00012838 0.02984949
v 0.00619653 0.00022643 0.0301391
v 0.00550547 -0.0005269 0.02980823
v 0.00625283 -0.00052946 0.03008963
v 0.00552013 -0.00116753 0.0296429
v 0.00626821 -0.00126701 0.02989859
v 0.00550063 -0.00176858 0.02936097
v 0.00624452 -0.00196111 0.02957351
v 0.00544534 -0.00230729 0.02897414
v 0.00617928 -0.00258505 0.029129
v 0.00535724 -0.00276541 0.02849846
v 0.00607585 -0.00311338 0.02857795
v 0.00523778 -0.00312304 0.02794976
v 0.00593642 -0.00352656 0.02794635
v 0.0050941 -0.00336784 0.02735018
v 0.00576819 -0.00381326 0.02725434
v 0.00492761 -0.00349062 0.02672407
v 0.0055741 -0.00395703 0.02653338
v 0.00474724 -0.00348871 0.02609392
v 0.00536374 -0.00395721 0.02580595
v 0.00456091 -0.00335657 0.02548303
v 0.00514605 -0.00380897 0.02510365
v 0.00437438 -0.00310564 0.02491635
v 0.00492784 -0.0035215 0.02445011
v 0.00419611 -0.00274193 0.02441643
v 0.00472041 -0.00310492 0.02387442
v 0.00403092 -0.00227922 0.02400106
v 0.00452913 -0.002572 0.0233951
v 0.00388832 -0.00173312 0.02368697
v 0.00436304 -0.00194507 0.02303428
v 0.00900317 0.00912129 0.0346857
v 0.01111627 -0.00877118 0.03539738
v 0.02980545 0.00372713 -0.06688585
v 0.03135356 -0.01572036 -0.0658808
v 0.00833222 0.00913208 0.03193932
v 0.01086686 -0.00889605 0.03279708
v 0.02961345 0.00386411 -0.06335575
v 0.03131527 -0.01559531 -0.0623002
v 0.02642425 0.00440555 -0.04563452
v 0.02853297 0.00413703 -0.05459118
v 0.02250511 0.00475764 -0.03613499
v 0.00531717 0.00898385 0.00546661
v 0.00286829 0.00822258 0.01540037
v 0.00618007 0.00884538 0.02453082
v 0.00709664 -0.00975513 0.00678271
v 0.00556521 -0.01011997 0.01652352
v 0.00919751 -0.00944197 0.02531484
v 0.02451345 -0.0148915 -0.03488686
v 0.02838651 -0.01513528 -0.04446708
v 0.03047917 -0.0153594 -0.05344964
v 0.01040386 -0.00005137 0.03239386
v 0.03013778 -0.00594055 -0.06297159
v 0.03045536 -0.00606906 -0.06641131
v 0.01017273 0.00014084 0.03511489
v 0.02754144 -0.00544321 -0.04477363
v 0.02354605 -0.00517803 -0.03546587
v 0.00302593 -0.00079649 0.01608292
v 0.00617046 -0.00042355 0.00625743
v 0.0295213 -0.00560104 -0.04841535
v 0.03032128 -0.01079392 -0.05367455
v 0.03000684 -0.00922614 -0.04983592
v 0.02984049 -0.00582534 -0.05952938
v 0.03018569 -0.00937879 -0.0577075
v 0.02909495 -0.00062805 -0.05433385
v 0.02936337 -0.00220167 -0.05815358
v 0.02908505 -0.00202906 -0.05032146
v 0.00937343 -0.0054878 0.02543446
v 0.00535292 -0.00044906 0.02057228
v 0.00693676 -0.00406277 0.02202198
v 0.00685036 0.00484645 0.02513844
v 0.00519696 0.00326585 0.02178396
v 0.01063647 -0.00024193 0.0299484
v 0.01071401 -0.00389039 0.02860694
v 0.00886406 0.00341445 0.02846342
v 0.01280965 -0.00842452 0.03284017
v 0.01237026 0.00039428 0.03242842
v 0.0121301 0.00059461 0.03515126
v 0.01303216 -0.00829333 0.03542592
v 0.02642858 -0.01461035 -0.03429639
v 0.02543639 -0.00488388 -0.03490122
v 0.03235921 -0.00579416 -0.06581241
v 0.03203595 -0.00566643 -0.06237265
v 0.03322857 -0.01532256 -0.06170027
v 0.03326471 -0.01544815 -0.06527881
v 0.02439735 0.00504583 -0.0355681
v 0.03029711 -0.0148589 -0.0438724
v 0.02943982 -0.00516158 -0.0441892
v 0.00753772 -0.00963956 0.01657351
v 0.00893905 -0.00944876 0.00602262
v 0.00803203 -0.00013589 0.00549277
v 0.00506067 -0.00034159 0.01615106
v 0.03172246 0.00400066 -0.06628277
v 0.03153235 0.00413626 -0.06275162
v 0.02833939 0.00468337 -0.04503977
v 0.01100244 0.00957793 0.03474967
v 0.01036477 0.00957834 0.0320189
v 0.00720388 0.00926339 0.00471346
v 0.00492451 0.00867635 0.01548793
v 0.03191414 -0.00894933 -0.04923914
v 0.03143168 -0.00532519 -0.04781754
v 0.03240061 -0.01508915 -0.05284442
v 0.0322326 -0.01052051 -0.05307555
v 0.03209121 -0.00910544 -0.05710846
v 0.03174351 -0.00555127 -0.05893138
v 0.03127103 -0.00192695 -0.0575537
v 0.03045871 0.00440901 -0.053985
v 0.03100907 -0.00035369 -0.05373199
v 0.03099643 -0.00175333 -0.04972258
v 0.00895571 -0.00361388 0.02208512
v 0.01136774 -0.00503855 0.02548834
v 0.01119968 -0.00897848 0.02539187
v 0.00740128 -0.00000608 0.020652
v 0.00727219 0.00370192 0.02187817
v 0.00827479 0.00928062 0.02464656
v 0.00893177 0.00527834 0.02523995
v 0.01267928 -0.00344336 0.02864762
v 0.0126232 0.0001989 0.02999642
v 0.01089453 0.00384867 0.02853721
v 0.02453447 -0.01402992 -0.02685584
v 0.02645668 -0.01375055 -0.02655012
v 0.02557474 -0.00413197 -0.02706914
v 0.02469047 0.00566005 -0.0276972
v 0.02277485 0.0053848 -0.02798982
v 0.02366567 -0.00441378 -0.02735647
v 0.00749881 0.00853341 0.00128376
v 0.00938879 0.00881332 0.0006613
v 0.00967906 0.00808358 -0.00289996
v 0.01157295 0.00836277 -0.00339171
v 0.011859 0.00763374 -0.00708307
v 0.0137563 0.00791209 -0.0074441
v 0.01403914 0.00718349 -0.01126702
v 0.01594062 0.00746119 -0.01149732
v 0.01622004 0.00673294 -0.01545028
v 0.01812527 0.00701075 -0.0155499
v 0.01840267 0.00628328 -0.01963136
v 0.02031132 0.00656026 -0.01960128
v 0.02058718 0.00583362 -0.02381173
v 0.02249945 0.00611019 -0.02364989
v 0.02234962 -0.01349532 -0.02265468
v 0.02426161 -0.01321375 -0.02248275
v 0.02016754 -0.01296138 -0.01845218
v 0.02206883 -0.01267588 -0.01841315
v 0.01798762 -0.01242768 -0.01424795
v 0.01987917 -0.01213854 -0.01434174
v 0.0158087 -0.01189291 -0.01004152
v 0.0176908 -0.01160049 -0.01026918
v 0.01363119 -0.01135867 -0.00583539
v 0.01550344 -0.01106262 -0.00619593
v 0.01145404 -0.01082283 -0.00162919
v 0.01331537 -0.0105248 -0.00212253
v 0.00927516 -0.01028919 0.00257769
v 0.01112778 -0.00998675 0.00195047
v 0.00835652 -0.00092333 0.00205451
v 0.01054146 -0.00142186 -0.00214826
v 0.0127259 -0.00192028 -0.00635143
v 0.0149106 -0.00242012 -0.01055543
v 0.01709631 -0.00291854 -0.01475777
v 0.01928336 -0.00341749 -0.01895894
v 0.02147271 -0.0039159 -0.02315826
v 0.02337634 -0.0036332 -0.0230028
v 0.02118097 -0.00313371 -0.01893515
v 0.0189875 -0.00263428 -0.01486472
v 0.01679661 -0.00213491 -0.01079312
v 0.01460559 -0.00163424 -0.00672188
v 0.0124148 -0.0011354 -0.00264944
v 0.01022425 -0.0006349 0.00142156
v 0.00556741 -0.00030618 0.014384
v 0.00777808 -0.00960719 0.01482005
v 0.00606627 -0.00027102 0.01261084
v 0.00801645 -0.00957417 0.01306605
v 0.00656272 -0.00023704 0.01083393
v 0.00825147 -0.00954192 0.01130828
v 0.00705504 -0.00020372 0.00905555
v 0.00848298 -0.00951081 0.00954804
v 0.00754448 -0.00016927 0.00727501
v 0.00871226 -0.00947946 0.0077867
v 0.006848 -0.00981527 0.00841181
v 0.00659701 -0.00987511 0.01003812
v 0.0063433 -0.00993675 0.01166338
v 0.00608754 -0.0099973 0.01328613
v 0.00582716 -0.01005917 0.01490512
v 0.00356218 -0.0007323 0.01445398
v 0.00408922 -0.00067067 0.01282
v 0.00461417 -0.0006085 0.01118218
v 0.00513589 -0.00054585 0.00954292
v 0.00565352 -0.00048559 0.00790054
v 0.00683085 0.00916671 0.00651448
v 0.00645567 0.00906866 0.00831379
v 0.00607656 0.00897103 0.01011041
v 0.00569568 0.0088731 0.01190561
v 0.0053111 0.00877451 0.01369753
v 0.0032831 0.00835079 0.01374956
v 0.0036964 0.00847804 0.01209827
v 0.004106 0.00860548 0.0104432
v 0.00451239 0.00873094 0.00878668
v 0.00491605 0.00885742 0.007127
v 0.03251063 -0.0893163 -0.05685205
v 0.03260305 -0.09040856 -0.05648312
v 0.03267742 -0.09141665 -0.05590505
v 0.03272931 -0.09230476 -0.05514023
v 0.03275558 -0.09303885 -0.05421795
v 0.03275573 -0.09358972 -0.053173
v 0.0327291 -0.09393882 -0.05204465
v 0.03267616 -0.09407174 -0.05087803
v 0.03259706 -0.09398484 -0.04971641
v 0.03249599 -0.09368044 -0.04860483
v 0.03237863 -0.09317052 -0.04758554
v 0.03224812 -0.09247291 -0.04669823
v 0.03211186 -0.09161639 -0.04597784
v 0.03197505 -0.09062832 -0.04545316
v 0.03184272 -0.08955204 -0.04514232
v 0.0317217 -0.088422 -0.04506042
v 0.03161651 -0.08728563 -0.04520743
v 0.03153265 -0.08618569 -0.04558005
v 0.03147008 -0.08516514 -0.04616329
v 0.03143207 -0.0842635 -0.04693348
v 0.03141918 -0.08351695 -0.04786101
v 0.03143004 -0.08295255 -0.04891195
v 0.03146686 -0.08259642 -0.05004219
v 0.03152356 -0.08245933 -0.0512102
v 0.03159984 -0.08254873 -0.05237152
v 0.03169265 -0.0828607 -0.05348032
v 0.03179832 -0.08338195 -0.05449561
v 0.03191511 -0.08409285 -0.05537556
v 0.03203753 -0.084966 -0.05609066
v 0.03216245 -0.08596348 -0.0566114
v 0.03228586 -0.08705049 -0.05691709
v 0.0324038 -0.08818298 -0.05699886
v 0.03828216 -0.08872228 -0.05682154
v 0.03838365 -0.08980727 -0.0564523
v 0.03847074 -0.09080749 -0.05587513
v 0.0385405 -0.09168237 -0.05511295
v 0.03858803 -0.09239739 -0.0541963
v 0.03861061 -0.09292674 -0.05315852
v 0.03860834 -0.09325283 -0.05203893
v 0.03858169 -0.0933603 -0.05088132
v 0.03852997 -0.09324663 -0.04973108
v 0.03845671 -0.0929169 -0.0486309
v 0.03836311 -0.09238094 -0.04762321
v 0.03825325 -0.09166061 -0.04674778
v 0.03813352 -0.09078323 -0.04603844
v 0.03800896 -0.0897808 -0.0455227
v 0.03788393 -0.08869385 -0.04521887
v 0.0377626 -0.0875616 -0.04514138
v 0.03765184 -0.08642977 -0.04529037
v 0.03755369 -0.08533823 -0.04566309
v 0.03747408 -0.08433175 -0.04624187
v 0.03741351 -0.08345067 -0.04700691
v 0.03737395 -0.0827263 -0.04792939
v 0.03735803 -0.08218956 -0.04896879
v 0.03736412 -0.08185994 -0.05009056
v 0.03739445 -0.08174926 -0.05124867
v 0.03744304 -0.08186405 -0.05239952
v 0.037514 -0.08219826 -0.05349651
v 0.03760004 -0.08274173 -0.0545015
v 0.03770082 -0.0834704 -0.05537311
v 0.03781199 -0.08435535 -0.05607969
v 0.03792931 -0.08536541 -0.05659371
v 0.03805011 -0.08645767 -0.05689405
v 0.03816946 -0.08759105 -0.05697136
v 0.03895562 -0.08745122 -0.05106133
v 0.03241501 -0.08906728 -0.05545293
v 0.03248324 -0.08989828 -0.05517304
v 0.03253978 -0.09066617 -0.05473281
v 0.03257634 -0.0913428 -0.05415013
v 0.03259638 -0.09190344 -0.05344812
v 0.03259397 -0.0923236 -0.05265345
v 0.03257187 -0.0925908 -0.05179593
v 0.03252962 -0.09269225 -0.05090753
v 0.03246763 -0.09262669 -0.05002442
v 0.03239172 -0.09239637 -0.04917783
v 0.03230078 -0.09200871 -0.04840345
v 0.03220187 -0.09147959 -0.04772956
v 0.0320978 -0.09082752 -0.04718181
v 0.03199451 -0.09007644 -0.04678323
v 0.03189432 -0.08925712 -0.04654715
v 0.03180294 -0.08839821 -0.04648335
v 0.0317228 -0.08753496 -0.04659636
v 0.03165715 -0.08670008 -0.04687956
v 0.03161014 -0.08592402 -0.04732274
v 0.03158095 -0.08523881 -0.04790795
v 0.03157258 -0.08467036 -0.04861404
v 0.0315806 -0.08424055 -0.04941225
v 0.03160798 -0.08397012 -0.05027228
v 0.031653 -0.08386504 -0.05116081
v 0.03171261 -0.08393281 -0.05204382
v 0.03178477 -0.08416688 -0.05288708
v 0.03186759 -0.08456081 -0.05365867
v 0.03195804 -0.08509969 -0.05432985
v 0.03205217 -0.08575987 -0.05487357
v 0.03214884 -0.08651888 -0.05526955
v 0.03224464 -0.08734369 -0.05550328
v 0.03233323 -0.08820343 -0.0555648
v 0.03237341 -0.08894002 -0.05478477
v 0.03243183 -0.08964651 -0.0545469
v 0.0324768 -0.09029775 -0.05417335
v 0.03250787 -0.09087395 -0.05367856
v 0.03252153 -0.0913496 -0.05308286
v 0.03251862 -0.091708 -0.05240852
v 0.03249875 -0.091937 -0.05167982
v 0.03246158 -0.09202408 -0.050925
v 0.03240789 -0.09197032 -0.05017599
v 0.03234025 -0.09177589 -0.04945811
v 0.03226215 -0.09144979 -0.04880026
v 0.03217717 -0.09100365 -0.04822734
v 0.03208763 -0.09044975 -0.04776242
v 0.0319979 -0.08981472 -0.04742312
v 0.03191418 -0.08911985 -0.04722235
v 0.03183501 -0.08839154 -0.04717061
v 0.03176797 -0.08766067 -0.04726454
v 0.03171373 -0.0869503 -0.04750487
v 0.03167448 -0.08629113 -0.04788095
v 0.03165068 -0.08570975 -0.04837838
v 0.03164334 -0.08522599 -0.04897787
v 0.03165343 -0.08486086 -0.0496547
v 0.03167886 -0.08462923 -0.05038489
v 0.03171792 -0.0845375 -0.05114005
v 0.03176956 -0.0845927 -0.05188883
v 0.03183364 -0.08478987 -0.05260543
v 0.03190549 -0.08512252 -0.05326169
v 0.03198401 -0.08557826 -0.05383081
v 0.03206546 -0.08613741 -0.05429211
v 0.03214769 -0.08677828 -0.05462871
v 0.03222877 -0.08747923 -0.05482716
v 0.03230434 -0.08820766 -0.0548797
v 0.03369687 -0.08881247 -0.05530093
v 0.03637317 -0.08850598 -0.05530124
v 0.03629642 -0.08768129 -0.05540733
v 0.03362171 -0.08798676 -0.05540743
v 0.03621081 -0.08685821 -0.05534769
v 0.03353543 -0.08716446 -0.05534642
v 0.0361193 -0.08607101 -0.05512318
v 0.03344388 -0.08637833 -0.05512139
v 0.03602371 -0.08534938 -0.05474308
v 0.03334759 -0.08565688 -0.05474081
v 0.03592952 -0.08472263 -0.05422128
v 0.03325232 -0.08503156 -0.05421839
v 0.03583702 -0.08421331 -0.05357809
v 0.03315905 -0.08452296 -0.053573
v 0.03575108 -0.08384299 -0.05283656
v 0.03307062 -0.08415484 -0.05283102
v 0.03567284 -0.08362537 -0.05202541
v 0.03299169 -0.08394086 -0.05201957
v 0.0356068 -0.08357137 -0.05117761
v 0.03292269 -0.08388942 -0.05117063
v 0.03555439 -0.08368206 -0.05032341
v 0.03286727 -0.08400178 -0.0503163
v 0.03551651 -0.08395272 -0.04949673
v 0.03282574 -0.08427667 -0.04948829
v 0.03549773 -0.08437353 -0.04872917
v 0.03280397 -0.08469879 -0.04871981
v 0.03549646 -0.08492589 -0.04805095
v 0.03280023 -0.08525425 -0.04804069
v 0.03551573 -0.08558988 -0.0474877
v 0.03281638 -0.08591884 -0.04747774
v 0.03555491 -0.08633744 -0.04706206
v 0.03285413 -0.08666789 -0.04705134
v 0.03561128 -0.0871405 -0.04679018
v 0.03291002 -0.08747226 -0.04677989
v 0.03568627 -0.08796769 -0.04668298
v 0.03298423 -0.088301 -0.04667222
v 0.03577481 -0.08878797 -0.04674485
v 0.03307322 -0.08911818 -0.04673356
v 0.0358751 -0.0895673 -0.04697221
v 0.03317311 -0.08989739 -0.04696339
v 0.03598093 -0.09027612 -0.04735634
v 0.03327927 -0.09060734 -0.04734789
v 0.03608863 -0.09089309 -0.04788437
v 0.03338836 -0.09122043 -0.04787746
v 0.03619322 -0.09138965 -0.04853266
v 0.03349519 -0.09171581 -0.04852723
v 0.03628906 -0.09174984 -0.04927707
v 0.03359363 -0.09207171 -0.04927311
v 0.03637269 -0.09195947 -0.05009185
v 0.03367984 -0.09228074 -0.05008822
v 0.03644275 -0.0920118 -0.05093891
v 0.03375183 -0.09232872 -0.05093751
v 0.03649154 -0.09190434 -0.05179282
v 0.03380436 -0.09222 -0.05179172
v 0.03652208 -0.09164065 -0.0526158
v 0.03383593 -0.09195375 -0.05261562
v 0.03653067 -0.09123122 -0.05337942
v 0.03384784 -0.09154063 -0.05338035
v 0.03651822 -0.09069037 -0.05405248
v 0.03383849 -0.09100061 -0.05405306
v 0.03648717 -0.09004038 -0.05461045
v 0.03380795 -0.09034705 -0.05461181
v 0.03643783 -0.08930283 -0.05503223
v 0.03375991 -0.08961051 -0.05503314
v 0.03186105 -0.08935362 -0.05662443
v 0.03194987 -0.09040296 -0.0562692
v 0.03222965 -0.09045732 -0.05647812
v 0.03213651 -0.08936381 -0.05684797
v 0.03202243 -0.09137415 -0.05571283
v 0.03230406 -0.09146529 -0.05590011
v 0.03207043 -0.09222823 -0.05497744
v 0.03235588 -0.09235334 -0.05513611
v 0.03209679 -0.09293252 -0.05408989
v 0.03238337 -0.09308534 -0.05421399
v 0.03209717 -0.09346497 -0.05308532
v 0.03238346 -0.09363681 -0.05316898
v 0.03207105 -0.09380084 -0.05200108
v 0.03235771 -0.09398436 -0.05204172
v 0.03202019 -0.09392726 -0.05087888
v 0.03230556 -0.09411823 -0.05087413
v 0.03194326 -0.09384548 -0.04976217
v 0.03222752 -0.0940296 -0.04971364
v 0.03184781 -0.09355199 -0.04869282
v 0.03212813 -0.09372514 -0.04860226
v 0.03173485 -0.09306031 -0.04771329
v 0.03200979 -0.09321445 -0.04758388
v 0.03160979 -0.09238946 -0.04686078
v 0.03188114 -0.09251606 -0.04669674
v 0.03147856 -0.09156268 -0.04616909
v 0.03174421 -0.09165716 -0.04597731
v 0.03134689 -0.09061348 -0.04566371
v 0.03160804 -0.09066945 -0.04545174
v 0.03122099 -0.08957773 -0.04536552
v 0.0314764 -0.08959215 -0.045142
v 0.03110596 -0.08849209 -0.04528507
v 0.03135654 -0.08846229 -0.04505923
v 0.03100455 -0.08739984 -0.04542634
v 0.03125034 -0.08732783 -0.04520718
v 0.03092267 -0.08634114 -0.04578527
v 0.03116631 -0.08622753 -0.04557982
v 0.03086138 -0.08536058 -0.04634666
v 0.03110303 -0.08520728 -0.04616193
v 0.03082496 -0.08449441 -0.04708619
v 0.03106316 -0.08430576 -0.04693216
v 0.03081334 -0.08377683 -0.04797809
v 0.03105026 -0.08355921 -0.04785968
v 0.03082289 -0.08323496 -0.04898861
v 0.03106093 -0.08299803 -0.04891058
v 0.03085639 -0.08289128 -0.05007646
v 0.03109605 -0.08264029 -0.05003978
v 0.03091177 -0.08276081 -0.05119817
v 0.03115245 -0.08250504 -0.05120763
v 0.03098503 -0.08284759 -0.05231435
v 0.03122792 -0.08259487 -0.05236889
v 0.03107417 -0.08314555 -0.05338132
v 0.03131992 -0.08290565 -0.05347763
v 0.03117628 -0.08364749 -0.05435681
v 0.03142548 -0.08342951 -0.05449185
v 0.03128921 -0.08433139 -0.05520413
v 0.03154232 -0.08414077 -0.05537286
v 0.03140666 -0.08517086 -0.05589153
v 0.03166403 -0.08501362 -0.05608584
v 0.03152659 -0.08612954 -0.05639173
v 0.03178896 -0.08601182 -0.05660646
v 0.03164557 -0.08717358 -0.05668623
v 0.0319124 -0.08709782 -0.05691234
v 0.03175942 -0.08826327 -0.05676455
v 0.03203051 -0.08823096 -0.0569939
v 0.03199699 -0.08909583 -0.05546262
v 0.03206465 -0.08992767 -0.05518119
v 0.03211846 -0.0906983 -0.05474215
v 0.03215278 -0.09137606 -0.05415884
v 0.03216799 -0.09193903 -0.05345675
v 0.03216319 -0.09236085 -0.05266027
v 0.03213742 -0.0926336 -0.05180045
v 0.03209036 -0.09274077 -0.05091171
v 0.03202555 -0.09268087 -0.05002623
v 0.03194314 -0.09245449 -0.04917797
v 0.03184891 -0.09207183 -0.04840203
v 0.03174501 -0.09154665 -0.04772445
v 0.03163762 -0.09089797 -0.04717602
v 0.03153124 -0.09014958 -0.04677563
v 0.03143065 -0.08933138 -0.04653805
v 0.03133908 -0.0884726 -0.04647474
v 0.03126145 -0.08760952 -0.04658637
v 0.03119836 -0.08677262 -0.04686925
v 0.03115278 -0.08599287 -0.04731408
v 0.03112852 -0.08530473 -0.04789947
v 0.03112315 -0.08473229 -0.04860739
v 0.03113806 -0.0842998 -0.04940679
v 0.03117027 -0.08402365 -0.05026912
v 0.03121924 -0.08391332 -0.05115898
v 0.03128321 -0.08397549 -0.05204446
v 0.03135885 -0.08420628 -0.05288914
v 0.0314452 -0.08459854 -0.05366231
v 0.03153893 -0.08513426 -0.0543349
v 0.03163531 -0.0857926 -0.05487932
v 0.03173247 -0.08654916 -0.05527785
v 0.03182661 -0.08737415 -0.05551185
v 0.03191657 -0.08823341 -0.05557506
v 0.03182515 -0.08913809 -0.05563179
v 0.03189417 -0.09000098 -0.05534105
v 0.03194962 -0.09080052 -0.05488479
v 0.03198509 -0.09150469 -0.05428012
v 0.03200002 -0.09208923 -0.05355078
v 0.03199348 -0.0925315 -0.05272486
v 0.03196453 -0.09281325 -0.05183179
v 0.03191484 -0.09292501 -0.05090875
v 0.03184439 -0.09286487 -0.04998996
v 0.03175873 -0.09263175 -0.04910964
v 0.03165822 -0.09223723 -0.04830253
v 0.03154819 -0.09169232 -0.0476017
v 0.03143742 -0.09102177 -0.04703036
v 0.03132485 -0.09024697 -0.04661502
v 0.03122033 -0.08940017 -0.04636749
v 0.03112464 -0.08851015 -0.04630127
v 0.03104342 -0.08761268 -0.04641816
v 0.0309799 -0.0867443 -0.04671146
v 0.0309352 -0.08593642 -0.04717271
v 0.03091094 -0.08522063 -0.04778127
v 0.03090888 -0.08462435 -0.04851498
v 0.03092537 -0.08417367 -0.04934472
v 0.0309599 -0.08388418 -0.05024027
v 0.03101324 -0.0837686 -0.05116467
v 0.03108178 -0.08383142 -0.05208233
v 0.03116105 -0.08407032 -0.05296007
v 0.03125226 -0.08447402 -0.0537634
v 0.03134962 -0.08502972 -0.05446105
v 0.03144931 -0.08571273 -0.05502629
v 0.0315511 -0.08649563 -0.05543864
v 0.03164999 -0.08735072 -0.05568164
v 0.03174303 -0.08824306 -0.05574659
v 0.0366174 -0.08887714 -0.056839
v 0.0367165 -0.08996564 -0.05646924
v 0.03679987 -0.09096825 -0.05589157
v 0.03686303 -0.09184742 -0.05512758
v 0.03690275 -0.0925697 -0.05420771
v 0.03691754 -0.09310793 -0.05316757
v 0.03690655 -0.09344267 -0.05204565
v 0.03687061 -0.09355962 -0.05088307
v 0.03680804 -0.0934543 -0.04973013
v 0.03672489 -0.09313339 -0.0486247
v 0.03662238 -0.09260839 -0.04761372
v 0.03650388 -0.0918957 -0.04673517
v 0.0363786 -0.0910263 -0.04602161
v 0.03624842 -0.09003019 -0.0455018
v 0.03612052 -0.08894634 -0.04519687
v 0.03599936 -0.0878154 -0.04511648
v 0.03588939 -0.0866819 -0.04526583
v 0.0357959 -0.08558797 -0.04563914
v 0.0357215 -0.08457648 -0.04621975
v 0.03567018 -0.08368676 -0.04698688
v 0.03563972 -0.08295542 -0.04791154
v 0.03563309 -0.08240699 -0.04895639
v 0.03565054 -0.08206617 -0.05008095
v 0.03569025 -0.08194726 -0.05124276
v 0.03575012 -0.08205235 -0.05239653
v 0.0358288 -0.08237928 -0.05349857
v 0.03592266 -0.08291453 -0.05450657
v 0.0360284 -0.08363568 -0.05538218
v 0.03614465 -0.08451706 -0.05609075
v 0.03626659 -0.08552163 -0.05660584
v 0.03638736 -0.08661085 -0.05691004
v 0.03650661 -0.08774465 -0.05698719
v 0.0362868 -0.08774 -0.05678666
v 0.03639197 -0.08883291 -0.05664477
v 0.03617261 -0.08664852 -0.05671091
v 0.03605421 -0.08559948 -0.05641608
v 0.03593554 -0.08463412 -0.05591754
v 0.0358187 -0.0837903 -0.05523242
v 0.03571083 -0.08309948 -0.05438651
v 0.03561564 -0.08259052 -0.0534114
v 0.03553174 -0.08228343 -0.05234642
v 0.03546607 -0.0821895 -0.05123082
v 0.03541848 -0.08231324 -0.05010749
v 0.03539301 -0.08265012 -0.04902077
v 0.03539014 -0.08318591 -0.04801001
v 0.03541148 -0.0838983 -0.0471166
v 0.03545494 -0.08476269 -0.04637531
v 0.03552103 -0.08574265 -0.04581463
v 0.03560721 -0.08679938 -0.04545449
v 0.03571158 -0.08789247 -0.04531164
v 0.03582824 -0.08898121 -0.04539049
v 0.03595334 -0.09002322 -0.04568597
v 0.03608394 -0.09097856 -0.04618968
v 0.03621097 -0.091811 -0.04687978
v 0.03633115 -0.09248906 -0.0477309
v 0.03643854 -0.09298884 -0.04870908
v 0.03652593 -0.09328931 -0.04977736
v 0.03659365 -0.09338074 -0.05089318
v 0.0366384 -0.09325957 -0.05201625
v 0.03665626 -0.0929299 -0.05309935
v 0.03664843 -0.0924052 -0.0541051
v 0.03661707 -0.09170371 -0.05499338
v 0.03656168 -0.09085226 -0.05573067
v 0.03648484 -0.08988344 -0.05628828
v 0.03338393 -0.08806687 -0.05700104
v 0.03349102 -0.08920043 -0.05685409
v 0.03326662 -0.08693581 -0.05691937
v 0.03314322 -0.08584797 -0.0566128
v 0.03301836 -0.0848487 -0.05609315
v 0.03289571 -0.08397686 -0.05537919
v 0.03277966 -0.08326619 -0.0544973
v 0.03267316 -0.08274257 -0.05348309
v 0.03258138 -0.08243185 -0.05237437
v 0.03250498 -0.0823419 -0.051214
v 0.03244907 -0.08247888 -0.05004606
v 0.03241339 -0.08283412 -0.0489149
v 0.03240269 -0.08339798 -0.04786484
v 0.03241458 -0.08414542 -0.04693727
v 0.03245381 -0.08504569 -0.04616601
v 0.03251726 -0.08606624 -0.04558375
v 0.03260125 -0.08716636 -0.04521203
v 0.03270662 -0.0883035 -0.04506382
v 0.03282753 -0.08943069 -0.04514673
v 0.03295916 -0.09051001 -0.04545639
v 0.03309594 -0.09149658 -0.04598198
v 0.03323325 -0.0923559 -0.04670137
v 0.03336205 -0.09305262 -0.04758849
v 0.03348039 -0.09356319 -0.04860675
v 0.03357982 -0.09386718 -0.04971823
v 0.03365865 -0.09395474 -0.05087981
v 0.03371171 -0.09382134 -0.05204738
v 0.03373835 -0.09347337 -0.05317488
v 0.03373721 -0.0929225 -0.05421977
v 0.03371068 -0.09218919 -0.05514111
v 0.033658 -0.09130245 -0.05590599
v 0.03358441 -0.09029352 -0.05648512
v 0.03373166 -0.08912384 -0.05664962
v 0.03362811 -0.08803087 -0.05679098
v 0.03351509 -0.08693993 -0.05671294
v 0.03339632 -0.08589333 -0.05641563
v 0.03327476 -0.08493095 -0.05591559
v 0.0331563 -0.08409148 -0.05522609
v 0.03304391 -0.08340627 -0.05437787
v 0.03294024 -0.08290433 -0.0533994
v 0.03285119 -0.0826047 -0.05233062
v 0.03277624 -0.08251953 -0.05121116
v 0.03272118 -0.08265042 -0.05008443
v 0.03268515 -0.08299601 -0.04899531
v 0.03267385 -0.08354061 -0.04798257
v 0.03268482 -0.08426129 -0.04708735
v 0.03272132 -0.08512967 -0.04634459
v 0.03278091 -0.08611494 -0.04578292
v 0.03286375 -0.08717376 -0.04542398
v 0.03296434 -0.08827036 -0.04528126
v 0.03308139 -0.08935648 -0.04536176
v 0.03320842 -0.09039616 -0.04566079
v 0.03334104 -0.09134751 -0.04616695
v 0.03347325 -0.09217339 -0.04686072
v 0.03360077 -0.09284466 -0.04771633
v 0.03371382 -0.09333586 -0.04869775
v 0.033812 -0.09362816 -0.04977027
v 0.03388884 -0.0937097 -0.05088888
v 0.03394041 -0.09358167 -0.05201436
v 0.03396694 -0.09324544 -0.05310166
v 0.03396749 -0.09271156 -0.05410942
v 0.03394192 -0.09200555 -0.05499717
v 0.03389164 -0.09114956 -0.05573556
v 0.03382113 -0.09017676 -0.05629325
v 0.03104582 -0.08841222 -0.05102714
v 0.03119454 -0.08838516 -0.05434866
v 0.03125593 -0.08901834 -0.05426548
v 0.03181444 -0.08903276 -0.0547706
v 0.03174343 -0.08830356 -0.05486585
v 0.0311277 -0.08775258 -0.05430363
v 0.03166709 -0.08757275 -0.05481311
v 0.03105864 -0.08714222 -0.05413394
v 0.03158712 -0.08687108 -0.05461645
v 0.03099042 -0.08658313 -0.05384441
v 0.03150678 -0.08622622 -0.05428161
v 0.03092369 -0.08609157 -0.05344732
v 0.03142836 -0.08566391 -0.05382207
v 0.03086161 -0.08569061 -0.05295559
v 0.03135423 -0.08520442 -0.05325374
v 0.03080704 -0.08539462 -0.05239204
v 0.03128764 -0.08486574 -0.05260123
v 0.03076144 -0.08521473 -0.05177242
v 0.03123074 -0.08466237 -0.05188835
v 0.03072501 -0.08515852 -0.05112772
v 0.03118556 -0.08459949 -0.05114127
v 0.03070018 -0.08522641 -0.05047687
v 0.03115296 -0.08468377 -0.05038969
v 0.03068799 -0.08541971 -0.04984704
v 0.03113499 -0.08491009 -0.04966197
v 0.0306901 -0.08572584 -0.04926274
v 0.03113349 -0.08526885 -0.04898629
v 0.03070608 -0.08613747 -0.04874568
v 0.0311461 -0.08574491 -0.04838995
v 0.03073271 -0.08663421 -0.04831746
v 0.0311752 -0.08632201 -0.04789446
v 0.03077472 -0.08720159 -0.04799152
v 0.03121983 -0.08697849 -0.04751906
v 0.03082546 -0.0878151 -0.04778411
v 0.03127648 -0.08768463 -0.04727935
v 0.03088578 -0.0884487 -0.04770178
v 0.03134544 -0.08841639 -0.04718378
v 0.03095286 -0.08908027 -0.04774587
v 0.03142369 -0.08914554 -0.04723579
v 0.03102452 -0.08968657 -0.04791775
v 0.03150636 -0.08984404 -0.04743376
v 0.03109821 -0.09024161 -0.04820793
v 0.03159306 -0.09048336 -0.04777216
v 0.03116856 -0.09072881 -0.04860732
v 0.03167692 -0.0910393 -0.04823308
v 0.03123514 -0.09112584 -0.04910047
v 0.0317577 -0.09149253 -0.04880406
v 0.03129245 -0.0914191 -0.04966722
v 0.0318287 -0.09182643 -0.04945806
v 0.03134268 -0.09159594 -0.0502852
v 0.03188927 -0.09202754 -0.05017313
v 0.03137829 -0.0916512 -0.05093191
v 0.03193569 -0.09208667 -0.05091944
v 0.0314012 -0.09158545 -0.05158159
v 0.03196626 -0.09200578 -0.05167179
v 0.03141064 -0.09139484 -0.0522111
v 0.03198031 -0.09178406 -0.05239722
v 0.03140467 -0.09109276 -0.05279423
v 0.03197718 -0.09143155 -0.05307142
v 0.03138611 -0.0906856 -0.05330786
v 0.03195819 -0.09096026 -0.05366512
v 0.03135296 -0.09019237 -0.05373663
v 0.03192399 -0.09038722 -0.05415821
v 0.03130921 -0.08962941 -0.0540593
v 0.03187367 -0.08973854 -0.05453103
v 0.01461767 -0.08490794 0.02340162
v 0.01484141 -0.08596205 0.02373791
v 0.01512963 -0.08690714 0.02426735
v 0.01546748 -0.08770787 0.02497006
v 0.01584125 -0.08833634 0.02582027
v 0.01623763 -0.08876562 0.02678412
v 0.0166387 -0.08898276 0.02782637
v 0.01702889 -0.08897936 0.02890563
v 0.01739161 -0.08875888 0.02998115
v 0.01771523 -0.0883255 0.03101139
v 0.01798633 -0.08769798 0.03195772
v 0.01819609 -0.08689826 0.03278175
v 0.01833695 -0.08595633 0.03345376
v 0.0184063 -0.08490759 0.0339454
v 0.01839958 -0.08378887 0.03423883
v 0.01832013 -0.08264482 0.03432154
v 0.01816979 -0.0815171 0.03419255
v 0.01795619 -0.08044958 0.03385409
v 0.0176846 -0.07948535 0.03332202
v 0.01736809 -0.07866179 0.03261528
v 0.01701388 -0.07800895 0.03176103
v 0.01663579 -0.07755839 0.03079237
v 0.01624796 -0.07732582 0.02974784
v 0.01586429 -0.07732212 0.02866788
v 0.01549792 -0.07754635 0.02759179
v 0.015165 -0.07799041 0.02656337
v 0.01487612 -0.07863837 0.02562091
v 0.01464679 -0.07946056 0.02480073
v 0.01448491 -0.08042705 0.02413385
v 0.01439894 -0.08149707 0.02364594
v 0.01439162 -0.08263146 0.02335595
v 0.01446608 -0.08378255 0.02327267
v 0.02124364 -0.0843926 0.0206271
v 0.02146488 -0.08545368 0.02096573
v 0.02174526 -0.08640909 0.02149809
v 0.02207204 -0.08722156 0.02220304
v 0.02243468 -0.08786177 0.02305463
v 0.02281445 -0.08830744 0.02401938
v 0.02320068 -0.08854073 0.02506172
v 0.02357459 -0.08855295 0.02614251
v 0.02392345 -0.08834368 0.02721653
v 0.02423396 -0.08792281 0.0282449
v 0.02449343 -0.08730417 0.02918872
v 0.02469252 -0.08650827 0.03001014
v 0.02482591 -0.08557194 0.03067813
v 0.02488654 -0.08452463 0.03116516
v 0.02487531 -0.08340817 0.03145498
v 0.02479125 -0.08226454 0.03153486
v 0.02463834 -0.08113759 0.03140329
v 0.0244227 -0.08007019 0.03106406
v 0.02415274 -0.07910347 0.03052959
v 0.02383707 -0.07827609 0.02982157
v 0.02348709 -0.0776214 0.02896671
v 0.02311679 -0.07716506 0.02800002
v 0.0227387 -0.07692217 0.02695585
v 0.02236795 -0.07690584 0.02587579
v 0.02201695 -0.0771169 0.02480091
v 0.02170187 -0.07754552 0.02377405
v 0.02143241 -0.078175 0.02283324
v 0.02122217 -0.07898294 0.02201494
v 0.02107767 -0.07993471 0.02134906
v 0.02100392 -0.08099389 0.02086327
v 0.02100952 -0.08211988 0.02057504
v 0.02108879 -0.08326762 0.02049571
v 0.02405457 -0.08266913 0.02555133
v 0.01509958 -0.08446151 0.02470873
v 0.01526901 -0.08526361 0.02496396
v 0.01548543 -0.08598417 0.02536681
v 0.01574152 -0.08659428 0.02590117
v 0.0160255 -0.08707207 0.02654725
v 0.01632459 -0.08740007 0.02728042
v 0.01662858 -0.08756744 0.02807304
v 0.01692519 -0.08756589 0.02889352
v 0.01720079 -0.08739739 0.02971198
v 0.01744682 -0.08706861 0.03049563
v 0.01765404 -0.08658993 0.03121441
v 0.01781309 -0.08598083 0.03184016
v 0.01792277 -0.08526271 0.03235041
v 0.01797492 -0.08446401 0.03272406
v 0.01797189 -0.08361339 0.03294671
v 0.01791088 -0.08274292 0.03301114
v 0.01779843 -0.08188611 0.0329117
v 0.01763461 -0.08107572 0.03265482
v 0.01742762 -0.08034384 0.03225099
v 0.01718463 -0.07971692 0.03171332
v 0.01691526 -0.0792244 0.03106387
v 0.0166263 -0.07888275 0.03032756
v 0.0163308 -0.07870787 0.02953423
v 0.01603969 -0.07870358 0.02871215
v 0.01576153 -0.07887309 0.02789501
v 0.01550892 -0.07921057 0.02711303
v 0.0152916 -0.07970064 0.02639625
v 0.01511835 -0.08032459 0.02577183
v 0.01499674 -0.0810576 0.02526585
v 0.01493326 -0.08186924 0.02489425
v 0.01492737 -0.08273059 0.0246724
v 0.01498439 -0.08360451 0.02460945
v 0.01530671 -0.08426439 0.02533322
v 0.01545058 -0.08494621 0.02554929
v 0.0156354 -0.08555614 0.0258906
v 0.01585261 -0.0860725 0.02634421
v 0.01609316 -0.08647769 0.02689221
v 0.01634875 -0.08675539 0.02751375
v 0.01660758 -0.08689606 0.02818635
v 0.01685993 -0.08689272 0.02888231
v 0.01709428 -0.08674877 0.02957451
v 0.01730537 -0.08646822 0.03024014
v 0.01748164 -0.08606201 0.03084925
v 0.01761787 -0.08554536 0.03138123
v 0.01771147 -0.08493429 0.03181355
v 0.01775603 -0.08425712 0.03213036
v 0.01775353 -0.08353388 0.03231955
v 0.01770201 -0.08279508 0.03237226
v 0.01760606 -0.08206856 0.03228952
v 0.01746776 -0.08138203 0.03207191
v 0.01729132 -0.0807619 0.03172886
v 0.01708545 -0.0802316 0.03127313
v 0.01685576 -0.07981312 0.03072192
v 0.01660977 -0.07952386 0.0300985
v 0.01635829 -0.07937711 0.02942523
v 0.01610953 -0.0793752 0.02872883
v 0.01587358 -0.07952046 0.02803584
v 0.01565765 -0.07980847 0.02737171
v 0.01547212 -0.08022499 0.02676454
v 0.0153256 -0.08075487 0.02623463
v 0.01522076 -0.08137655 0.02580432
v 0.01516633 -0.08206665 0.02549064
v 0.01516128 -0.08279728 0.02530301
v 0.01520898 -0.08353948 0.02524966
v 0.01639187 -0.08442711 0.02429354
v 0.01940716 -0.08421075 0.02302777
v 0.01929715 -0.08339375 0.02293429
v 0.01628221 -0.08361136 0.02420049
v 0.01924651 -0.08255517 0.02299507
v 0.0162312 -0.08277249 0.02426075
v 0.01925612 -0.08172631 0.02320565
v 0.01624255 -0.08194196 0.02447177
v 0.01932544 -0.08094072 0.02355985
v 0.01631271 -0.08115434 0.02482647
v 0.01945209 -0.08022731 0.02404228
v 0.01644176 -0.08044159 0.02530945
v 0.01962902 -0.07961779 0.02463717
v 0.01661968 -0.0798307 0.0259059
v 0.01984913 -0.07913518 0.02532021
v 0.01684239 -0.07934749 0.02658843
v 0.02010278 -0.07880079 0.02606753
v 0.01709679 -0.07901161 0.0273353
v 0.02037938 -0.07862514 0.02684685
v 0.0173747 -0.07883584 0.02811603
v 0.02066868 -0.07861721 0.02762993
v 0.01766472 -0.07882714 0.02889951
v 0.02095811 -0.07877665 0.02838847
v 0.01795536 -0.07898682 0.02965735
v 0.02124189 -0.07909631 0.02909054
v 0.01823902 -0.07930588 0.03036066
v 0.02150504 -0.07956171 0.02971077
v 0.01850087 -0.07977122 0.0309811
v 0.02173912 -0.0801559 0.03022317
v 0.01873602 -0.08036571 0.03149333
v 0.02193952 -0.08085453 0.03060951
v 0.01893514 -0.08106404 0.03188067
v 0.02209606 -0.08162826 0.03085463
v 0.01909255 -0.08183741 0.03212549
v 0.02220417 -0.08244812 0.03094935
v 0.01920104 -0.08265733 0.03221772
v 0.02226042 -0.08328175 0.03088709
v 0.0192566 -0.08349019 0.03215691
v 0.022263 -0.08409541 0.0306743
v 0.01925846 -0.08430522 0.0319426
v 0.02221018 -0.08486294 0.03031748
v 0.01920314 -0.08507341 0.03158544
v 0.02210144 -0.08555287 0.0298302
v 0.01909537 -0.08576351 0.03109635
v 0.02194274 -0.08614146 0.02923158
v 0.01893528 -0.08635103 0.03049813
v 0.02173765 -0.08660715 0.02854597
v 0.01872913 -0.08681714 0.02981098
v 0.02149239 -0.08693063 0.02779688
v 0.01848332 -0.08714306 0.0290623
v 0.02121956 -0.08710366 0.02701722
v 0.0182079 -0.08731442 0.02828226
v 0.02092361 -0.08711791 0.02623475
v 0.01791152 -0.08733058 0.02749938
v 0.0206213 -0.08697116 0.02547939
v 0.01760779 -0.08718532 0.02674384
v 0.02032425 -0.08667254 0.02477975
v 0.01731029 -0.08688598 0.02604402
v 0.02004104 -0.08622747 0.02416442
v 0.01702705 -0.08644312 0.02542862
v 0.01978813 -0.08565431 0.02365391
v 0.01677255 -0.0858699 0.02491923
v 0.01957377 -0.08497345 0.02327096
v 0.01655822 -0.08519089 0.02453643
v 0.01400366 -0.08487206 0.02391214
v 0.0142195 -0.08588719 0.02423514
v 0.01444239 -0.08597922 0.02391469
v 0.01421892 -0.08492392 0.02357931
v 0.01449573 -0.08679747 0.02474456
v 0.01472996 -0.08692574 0.0244442
v 0.01481901 -0.08756882 0.0254205
v 0.01506659 -0.08772796 0.02514705
v 0.01517684 -0.08817213 0.02623805
v 0.0154396 -0.08835476 0.02599725
v 0.01555779 -0.08858758 0.0271655
v 0.01583431 -0.08878696 0.02696223
v 0.01594093 -0.08879894 0.02816768
v 0.0162352 -0.08900445 0.0280035
v 0.01631512 -0.08879631 0.02920595
v 0.01662451 -0.08900356 0.02908395
v 0.01666388 -0.08858567 0.03024046
v 0.01698708 -0.0887838 0.03015945
v 0.01697376 -0.08817178 0.03123205
v 0.01730982 -0.08835142 0.03118976
v 0.01723464 -0.08756727 0.03214128
v 0.01757982 -0.08772504 0.03213603
v 0.01743517 -0.08679825 0.03293465
v 0.01778883 -0.08692628 0.03296117
v 0.01757061 -0.08589249 0.03357966
v 0.01792826 -0.08598417 0.0336322
v 0.01763577 -0.08488351 0.03405236
v 0.01799696 -0.0849353 0.03412383
v 0.01763089 -0.08380913 0.0343355
v 0.01799106 -0.08381819 0.03441711
v 0.01755476 -0.08270865 0.03441508
v 0.01791055 -0.08267355 0.03450103
v 0.0174106 -0.08162379 0.03429151
v 0.01776103 -0.08154606 0.0343708
v 0.01720496 -0.08059817 0.03396561
v 0.01754748 -0.08047717 0.03403246
v 0.01694379 -0.07966935 0.03345364
v 0.01727698 -0.07951223 0.03350028
v 0.01663893 -0.0788778 0.0327739
v 0.01695844 -0.07868874 0.0327926
v 0.01629891 -0.07825088 0.03195259
v 0.01660617 -0.0780363 0.03193921
v 0.01593655 -0.07781744 0.03102041
v 0.0162281 -0.07758581 0.03096965
v 0.01556437 -0.07759219 0.03001609
v 0.01584225 -0.07735168 0.02992595
v 0.01519605 -0.07758748 0.02897826
v 0.0154585 -0.07734745 0.02884597
v 0.01484434 -0.07780081 0.02794303
v 0.01509409 -0.07756918 0.02776972
v 0.01452523 -0.07822597 0.02695446
v 0.01476103 -0.0780124 0.02674039
v 0.01424948 -0.07884848 0.02604661
v 0.01447425 -0.07865816 0.02579774
v 0.0140311 -0.07963711 0.02525803
v 0.01424674 -0.07947963 0.02497742
v 0.01387538 -0.08056676 0.02461604
v 0.01408498 -0.08044499 0.0243116
v 0.01379339 -0.08159416 0.02414689
v 0.01399983 -0.08151567 0.0238226
v 0.01378817 -0.08268302 0.02386779
v 0.01399357 -0.08264839 0.02353256
v 0.01385956 -0.08379 0.0237877
v 0.0140681 -0.08380049 0.02344933
v 0.01458094 -0.08451962 0.02491335
v 0.01475073 -0.08531993 0.02516816
v 0.01497088 -0.08603787 0.02557061
v 0.01522791 -0.08664548 0.02610476
v 0.01551474 -0.08712023 0.02675066
v 0.01581703 -0.08744472 0.02748377
v 0.01612496 -0.08760857 0.02827536
v 0.01642389 -0.08760392 0.02909512
v 0.01670385 -0.08743315 0.02991273
v 0.01695272 -0.08710098 0.0306978
v 0.01716051 -0.08662051 0.03141618
v 0.01732165 -0.08601069 0.03204442
v 0.01743294 -0.08529377 0.03255433
v 0.01748581 -0.08449357 0.0329285
v 0.01748359 -0.08364218 0.03315178
v 0.01742411 -0.08277142 0.03321565
v 0.01731206 -0.08191454 0.03311746
v 0.01714781 -0.08110535 0.03286098
v 0.01694091 -0.08037132 0.03245635
v 0.01669781 -0.07974654 0.03191968
v 0.01642648 -0.07925444 0.03127026
v 0.01613811 -0.07891339 0.03053373
v 0.01583954 -0.07873934 0.02974025
v 0.01554517 -0.07873928 0.02891907
v 0.01526435 -0.07891225 0.02810061
v 0.01500814 -0.07925349 0.02731926
v 0.01478745 -0.07974565 0.02660313
v 0.01461129 -0.08037483 0.02597829
v 0.01448521 -0.08111 0.02547095
v 0.01441729 -0.08192479 0.02509906
v 0.0144106 -0.08278799 0.0248788
v 0.01446725 -0.08366257 0.02481535
v 0.01429717 -0.08459568 0.0248495
v 0.01447408 -0.08542752 0.02511342
v 0.0147022 -0.08616942 0.02552975
v 0.01497064 -0.08679932 0.0260837
v 0.01526891 -0.08728963 0.02675337
v 0.01558534 -0.08762556 0.02751404
v 0.01590438 -0.08779162 0.02833517
v 0.01621644 -0.08778595 0.02918642
v 0.01650811 -0.08760964 0.03003444
v 0.01676658 -0.08726435 0.03084701
v 0.01698413 -0.08676636 0.03159378
v 0.01715238 -0.08613264 0.03224453
v 0.01726675 -0.08538687 0.03277393
v 0.01732194 -0.08455878 0.03316181
v 0.01731938 -0.08367633 0.03339477
v 0.01725859 -0.08277177 0.03346106
v 0.0171412 -0.08188384 0.03335991
v 0.01697177 -0.08104342 0.03309316
v 0.01675653 -0.08028394 0.03267349
v 0.01650578 -0.07963484 0.03211685
v 0.01622513 -0.07912409 0.03144341
v 0.01592357 -0.07877218 0.0306804
v 0.01561484 -0.07859146 0.02985608
v 0.01530807 -0.07859045 0.02900423
v 0.01501486 -0.0787732 0.02815654
v 0.01474799 -0.07912576 0.02734478
v 0.01451636 -0.07963943 0.02660236
v 0.01433247 -0.08029425 0.02595428
v 0.01420038 -0.08105766 0.0254285
v 0.01412861 -0.08190405 0.02504319
v 0.01412086 -0.08280032 0.02481345
v 0.01417866 -0.08370906 0.02474834
v 0.01928359 -0.08457142 0.02143643
v 0.01950806 -0.08562785 0.02177426
v 0.01979075 -0.08657985 0.02230513
v 0.02012394 -0.08738595 0.02300936
v 0.02049161 -0.08801984 0.02385966
v 0.02087931 -0.08845722 0.02482505
v 0.02127255 -0.08868187 0.02586624
v 0.02165572 -0.0886867 0.02694498
v 0.02200914 -0.08847206 0.02801835
v 0.02232667 -0.08804249 0.02904707
v 0.02259166 -0.0874179 0.02998938
v 0.02279488 -0.08662176 0.03081158
v 0.02293225 -0.08568054 0.03147931
v 0.02299622 -0.08463162 0.03196906
v 0.02298599 -0.08351391 0.0322588
v 0.02290454 -0.0823698 0.03234012
v 0.02275259 -0.08124172 0.03220909
v 0.02253632 -0.08017641 0.0318695
v 0.02226403 -0.07921135 0.03133658
v 0.02194731 -0.07838809 0.03062865
v 0.02159352 -0.0777359 0.02977502
v 0.02121891 -0.07728147 0.0288072
v 0.02083698 -0.07704615 0.02776406
v 0.02045953 -0.07703644 0.0266848
v 0.02010108 -0.07725507 0.02561185
v 0.01977819 -0.07769161 0.0245837
v 0.01950003 -0.07832938 0.02364363
v 0.01928105 -0.07914459 0.02282504
v 0.01912983 -0.08010315 0.02216074
v 0.01905305 -0.08116668 0.0216742
v 0.01905205 -0.08229732 0.02138463
v 0.01913046 -0.08344572 0.02130564
v 0.01889544 -0.08347445 0.02162358
v 0.01904271 -0.08455824 0.02174909
v 0.01882101 -0.08236497 0.0217011
v 0.01882632 -0.08127421 0.02198028
v 0.01890508 -0.08024287 0.02244843
v 0.01905641 -0.0793153 0.02308961
v 0.01927402 -0.07852298 0.02387781
v 0.01954854 -0.07790088 0.02478554
v 0.01986721 -0.07747364 0.02577511
v 0.02021778 -0.07725775 0.0268085
v 0.0205865 -0.07726115 0.02784883
v 0.02095911 -0.07748502 0.02885492
v 0.02132446 -0.07791686 0.0297871
v 0.02166702 -0.07854342 0.03060897
v 0.02197454 -0.07933586 0.03129057
v 0.02223731 -0.08026415 0.03180394
v 0.02244509 -0.08129155 0.03213077
v 0.02259182 -0.08237832 0.03225648
v 0.02266973 -0.08348149 0.03217751
v 0.02267663 -0.08455956 0.03189715
v 0.02261295 -0.08557337 0.03142556
v 0.02247711 -0.08648186 0.03077974
v 0.02227782 -0.08725374 0.02998775
v 0.02201754 -0.08785873 0.02907857
v 0.02170631 -0.08827704 0.02808732
v 0.02135936 -0.08849036 0.02705257
v 0.02098508 -0.08849155 0.02601267
v 0.02059944 -0.08828169 0.02501092
v 0.02022012 -0.08786499 0.02408108
v 0.01985995 -0.08726066 0.02326205
v 0.01953568 -0.08648914 0.02258403
v 0.0192589 -0.0855754 0.02207305
v 0.01555468 -0.08371204 0.02280928
v 0.01570715 -0.08483743 0.02293817
v 0.01548171 -0.08256089 0.02289136
v 0.01548887 -0.08142769 0.02318126
v 0.01557489 -0.08035588 0.02366903
v 0.01573742 -0.07938885 0.02433567
v 0.01596676 -0.07856744 0.02515576
v 0.01625528 -0.07791882 0.02609808
v 0.01658893 -0.07747429 0.02712624
v 0.01695628 -0.07724815 0.02820216
v 0.01734076 -0.07725334 0.02928205
v 0.01772852 -0.07748401 0.03032647
v 0.01810653 -0.07793593 0.03129409
v 0.01846078 -0.07858467 0.03214813
v 0.01878005 -0.07940828 0.03285568
v 0.01905066 -0.0803737 0.03338889
v 0.01926522 -0.08143866 0.03372526
v 0.01941496 -0.08256775 0.0338565
v 0.01949431 -0.08371156 0.03377181
v 0.01950017 -0.0848307 0.03347863
v 0.01943177 -0.08588075 0.03298702
v 0.0192905 -0.08682256 0.03231621
v 0.01908187 -0.087623 0.03149231
v 0.0188091 -0.08825027 0.03054726
v 0.01848439 -0.08868432 0.02951618
v 0.01812118 -0.088907 0.02844094
v 0.01773006 -0.0889095 0.02736177
v 0.0173291 -0.08869379 0.02631961
v 0.01693182 -0.08826381 0.02535586
v 0.01655723 -0.08763736 0.02450676
v 0.01621834 -0.08683776 0.02380313
v 0.01593186 -0.08589315 0.02327356
v 0.01603023 -0.08477181 0.02301505
v 0.01588313 -0.08368915 0.0228907
v 0.01581164 -0.08257901 0.02297045
v 0.01582063 -0.08148497 0.0232501
v 0.01590428 -0.08045244 0.02371876
v 0.01606163 -0.07952046 0.02436236
v 0.0162837 -0.0787242 0.02515233
v 0.01656407 -0.07809883 0.02606053
v 0.01688776 -0.07766544 0.02705043
v 0.01724212 -0.07744723 0.02808613
v 0.01761501 -0.07744944 0.0291265
v 0.01798987 -0.07767218 0.03013245
v 0.01835697 -0.07810378 0.03106608
v 0.01869896 -0.07872813 0.03188838
v 0.01900656 -0.07952076 0.03256989
v 0.01926868 -0.08045029 0.03308282
v 0.01947458 -0.08147788 0.03340788
v 0.01961974 -0.08256465 0.03353356
v 0.01969672 -0.08366727 0.03345215
v 0.01970197 -0.08474671 0.03317026
v 0.0196348 -0.08575958 0.03269694
v 0.01949767 -0.08666813 0.03205023
v 0.01929539 -0.0874415 0.03125643
v 0.01903162 -0.08804929 0.03034551
v 0.01871726 -0.0884689 0.02935267
v 0.01836584 -0.08868503 0.02831772
v 0.01798711 -0.08868944 0.02727693
v 0.01759825 -0.08848315 0.02627333
v 0.01721448 -0.08807039 0.02534425
v 0.01685309 -0.0874679 0.02452695
v 0.01652512 -0.08669936 0.02384844
v 0.01624706 -0.08578872 0.02333902
v 0.0153126 -0.08323043 0.02929866
v 0.01425416 -0.08353179 0.02620927
v 0.01433922 -0.08416235 0.02628327
v 0.01474276 -0.08428156 0.02558288
v 0.01464542 -0.08355462 0.02549867
v 0.01421023 -0.08289027 0.02625548
v 0.01459587 -0.08281385 0.02555145
v 0.01420969 -0.08226096 0.02641847
v 0.01459709 -0.08208406 0.02573847
v 0.01425128 -0.0816667 0.02669073
v 0.01464781 -0.0813983 0.02605365
v 0.01433555 -0.08113354 0.0270629
v 0.01474766 -0.08077967 0.0264825
v 0.01445676 -0.08068007 0.02752263
v 0.01489048 -0.08025431 0.02701283
v 0.01461054 -0.0803253 0.02804868
v 0.01507044 -0.0798428 0.02762056
v 0.01479076 -0.08008259 0.02862469
v 0.01528027 -0.07956117 0.02828341
v 0.01498946 -0.07996255 0.02922536
v 0.01551297 -0.07942032 0.02897696
v 0.01520016 -0.07997119 0.02983008
v 0.01575641 -0.07942646 0.0296742
v 0.01541185 -0.0801025 0.03041366
v 0.01600518 -0.07957792 0.03034728
v 0.01562228 -0.08035862 0.03095513
v 0.01624792 -0.07986921 0.03097074
v 0.0158194 -0.08072233 0.03143266
v 0.01647665 -0.08028787 0.03152183
v 0.01599735 -0.08118277 0.03182854
v 0.01668182 -0.08081913 0.03197658
v 0.01614969 -0.08172267 0.0321267
v 0.0168573 -0.08144146 0.03232003
v 0.01626933 -0.08231991 0.03231702
v 0.01699609 -0.0821287 0.0325391
v 0.01635265 -0.08294987 0.03238917
v 0.01709383 -0.08285528 0.03262329
v 0.01639869 -0.08358925 0.03234474
v 0.01714524 -0.0835939 0.03257023
v 0.01640282 -0.08421528 0.03218139
v 0.01714849 -0.08431446 0.03238166
v 0.01636685 -0.08480233 0.03190655
v 0.01710592 -0.08499193 0.03206471
v 0.01628965 -0.08532792 0.03153174
v 0.01701537 -0.08560091 0.03163404
v 0.0161759 -0.08577454 0.03107228
v 0.01688199 -0.08611542 0.03110176
v 0.01602673 -0.08612239 0.03054373
v 0.01670847 -0.08651858 0.03049335
v 0.01585103 -0.08636128 0.02996735
v 0.01650331 -0.08679765 0.02982811
v 0.01565191 -0.086479 0.02936662
v 0.01627157 -0.08693617 0.02913636
v 0.0154392 -0.0864759 0.02876309
v 0.01602367 -0.08693391 0.02843963
v 0.01522176 -0.08634597 0.02817901
v 0.01577004 -0.08678841 0.02776798
v 0.01500677 -0.08609944 0.02763817
v 0.01551879 -0.08650589 0.02714433
v 0.01480399 -0.08574229 0.02716215
v 0.01528261 -0.08609741 0.02659606
v 0.01461892 -0.08528941 0.02676796
v 0.01506826 -0.08557587 0.02614114
v 0.01446179 -0.08475476 0.02647125
v 0.01488546 -0.08496254 0.02580039
v 0.01999531 -0.07419371 0.03678106
v 0.02206721 -0.09168261 0.03730716
v 0.03411774 -0.07935971 -0.06409199
v 0.03565239 -0.09836989 -0.06324363
v 0.01918252 -0.07417762 0.03414488
v 0.02167365 -0.09179931 0.03478493
v 0.03413251 -0.07923346 -0.06063373
v 0.0358199 -0.09825366 -0.05974664
v 0.03204089 -0.078731 -0.04311869
v 0.03358006 -0.07898044 -0.05200677
v 0.028772 -0.07839793 -0.033573
v 0.01457651 -0.07428759 0.00837108
v 0.01289571 -0.07502573 0.0183624
v 0.01665594 -0.07444047 0.02705711
v 0.01635554 -0.09260529 0.00950811
v 0.01555912 -0.0929569 0.01924985
v 0.01961343 -0.09231519 0.02759213
v 0.03076868 -0.09760284 -0.03251919
v 0.03398827 -0.09783226 -0.04214021
v 0.03551103 -0.09803819 -0.05105229
v 0.02121581 -0.08315467 0.03443746
v 0.03464801 -0.08881598 -0.06030989
v 0.03476205 -0.08893537 -0.06368704
v 0.02114592 -0.08297216 0.03710821
v 0.0331658 -0.08835917 -0.04236528
v 0.0298086 -0.08810967 -0.03300486
v 0.0130689 -0.08384108 0.01900087
v 0.01543789 -0.08348453 0.00907149
v 0.0348834 -0.08851051 -0.04605802
v 0.03535116 -0.09357649 -0.05125519
v 0.03526848 -0.09205025 -0.04748348
v 0.03455355 -0.08870965 -0.05693172
v 0.03498901 -0.09218543 -0.05518171
v 0.0341346 -0.08363944 -0.05180122
v 0.03417339 -0.08517015 -0.05555115
v 0.03435376 -0.08501517 -0.04788472
v 0.01979882 -0.08845305 0.02770325
v 0.01560217 -0.08351385 0.02323133
v 0.01722596 -0.08705079 0.02453587
v 0.01733845 -0.07834929 0.0275995
v 0.01552758 -0.07988452 0.02443153
v 0.02130281 -0.08333712 0.03203533
v 0.02129438 -0.0868994 0.03071455
v 0.01949404 -0.07975792 0.03070978
v 0.02357125 -0.09134268 0.03469633
v 0.02313626 -0.08272332 0.03433894
v 0.0230573 -0.08253157 0.03701215
v 0.02393801 -0.09122008 0.03720627
v 0.03267035 -0.09733349 -0.03207223
v 0.03168445 -0.08782595 -0.03258148
v 0.03665297 -0.08867168 -0.06323123
v 0.03653336 -0.08855301 -0.05985371
v 0.03772015 -0.0979923 -0.05929037
v 0.03755069 -0.09810781 -0.06278535
v 0.03064951 -0.07812041 -0.03314767
v 0.0358855 -0.09756648 -0.0416888
v 0.03505091 -0.08808881 -0.04192323
v 0.01748625 -0.09249121 0.01916601
v 0.01810999 -0.09230643 0.00864275
v 0.01721068 -0.08320438 0.00820037
v 0.01505768 -0.08340042 0.01893046
v 0.03602151 -0.0790981 -0.06363292
v 0.03603812 -0.0789718 -0.06017392
v 0.03394247 -0.0784657 -0.04266772
v 0.02194939 -0.07375133 0.03670896
v 0.02117003 -0.07374459 0.03408581
v 0.01637436 -0.07401728 0.00750952
v 0.01490643 -0.07458639 0.01830953
v 0.03716277 -0.09178441 -0.04702999
v 0.03678071 -0.08824467 -0.04560371
v 0.03741944 -0.09777951 -0.05059156
v 0.03724935 -0.09331435 -0.05079988
v 0.0368816 -0.09192299 -0.05472596
v 0.03644328 -0.08844661 -0.0564768
v 0.0360679 -0.08490634 -0.05509452
v 0.03549313 -0.07872021 -0.0515453
v 0.03603569 -0.08337545 -0.05134308
v 0.03625204 -0.08475023 -0.04742945
v 0.01919883 -0.0866155 0.02446166
v 0.02174775 -0.0880174 0.02762175
v 0.02157111 -0.09186667 0.02753262
v 0.01760496 -0.083085 0.02317129
v 0.01755759 -0.07946366 0.02438379
v 0.01870615 -0.07401901 0.02702896
v 0.01937518 -0.07793194 0.02755853
v 0.02321415 -0.08646702 0.03062212
v 0.02324402 -0.0829091 0.03194857
v 0.02147906 -0.07933801 0.03064519
v 0.03126136 -0.09677499 -0.02467021
v 0.03315364 -0.09650641 -0.02450153
v 0.03228013 -0.08710515 -0.02493465
v 0.03139819 -0.07753425 -0.02547367
v 0.02951312 -0.07779914 -0.02562999
v 0.03040162 -0.08737683 -0.02508623
v 0.01643961 -0.07472807 0.00411768
v 0.01824831 -0.07445734 0.00338332
v 0.01830204 -0.07516807 -0.00013641
v 0.02012138 -0.07489728 -0.00074354
v 0.02016458 -0.07560634 -0.0043894
v 0.02199485 -0.07533687 -0.00486928
v 0.02202824 -0.07604551 -0.00864249
v 0.02387009 -0.07577788 -0.00899516
v 0.02389379 -0.07648515 -0.01289388
v 0.0257468 -0.07621741 -0.01311934
v 0.02576287 -0.07692337 -0.01714191
v 0.02762638 -0.07665664 -0.01724112
v 0.02763563 -0.07736116 -0.02138784
v 0.02950986 -0.07709485 -0.0213588
v 0.02938816 -0.09625393 -0.0204056
v 0.03126296 -0.09598302 -0.02036678
v 0.02751947 -0.095734 -0.01613814
v 0.02937619 -0.09545862 -0.01622813
v 0.02565458 -0.09521454 -0.01186761
v 0.02749411 -0.09493374 -0.01208649
v 0.02379208 -0.09469109 -0.00759365
v 0.02561542 -0.09440869 -0.00794243
v 0.02193248 -0.09416997 -0.00331902
v 0.02373844 -0.09388369 -0.00379671
v 0.0200739 -0.09364813 0.00095644
v 0.02186185 -0.09335815 0.00034996
v 0.01821481 -0.09312617 0.00523311
v 0.01998626 -0.09283262 0.0044967
v 0.01730426 -0.08397156 0.00479811
v 0.01916973 -0.0844587 0.00052505
v 0.02103577 -0.08494585 -0.00374786
v 0.02290261 -0.085433 -0.00802087
v 0.02477162 -0.08591949 -0.01229124
v 0.02664387 -0.08640527 -0.01655923
v 0.02851984 -0.08689159 -0.02082409
v 0.0303857 -0.08661878 -0.02080064
v 0.02849611 -0.0861321 -0.01666383
v 0.0266106 -0.08564478 -0.01252293
v 0.02472874 -0.08515667 -0.00837971
v 0.02284847 -0.08466821 -0.00423573
v 0.02096905 -0.08418136 -0.00008986
v 0.01909066 -0.08369189 0.00405506
v 0.01543492 -0.08336538 0.01715689
v 0.01760033 -0.09245878 0.01741973
v 0.01579908 -0.08333164 0.01537308
v 0.0177113 -0.09242719 0.01567216
v 0.01615853 -0.08329916 0.0135838
v 0.0178173 -0.09239554 0.01391933
v 0.01651282 -0.08326774 0.01179202
v 0.01791816 -0.09236586 0.01216284
v 0.01686318 -0.08323568 0.00999729
v 0.01801557 -0.0923357 0.01040438
v 0.0162321 -0.09266209 0.01113946
v 0.01610584 -0.09271967 0.01276768
v 0.01597569 -0.09277892 0.01439399
v 0.01584211 -0.09283787 0.01601656
v 0.01570197 -0.09289741 0.01763386
v 0.01348261 -0.08377909 0.01736005
v 0.0138823 -0.08371919 0.01571003
v 0.01427729 -0.08365935 0.01405465
v 0.014668 -0.0835998 0.01239653
v 0.0150537 -0.083543 0.01073465
v 0.01613903 -0.07411056 0.00931689
v 0.01590145 -0.07420486 0.01112215
v 0.01565882 -0.07429885 0.01292402
v 0.01541271 -0.07439351 0.01472315
v 0.01516106 -0.07449013 0.01651747
v 0.01318577 -0.07490104 0.01670461
v 0.01347316 -0.07477664 0.01504559
v 0.01375491 -0.07465308 0.01338117
v 0.01403216 -0.07453161 0.01171419
v 0.01430578 -0.07440948 0.01004322
v 0.01503006 0.0444501 0.01531881
v 0.01994389 0.04996323 0.03330013
v 0.02776796 0.05855572 0.05665157
v 0.03886236 0.0699678 0.07891016
v 0.0538313 0.08254534 0.09882667
v 0.07226354 0.09494131 0.11445365
v 0.09295246 0.10857647 0.12323901
v 0.11439185 0.12552309 0.12305957
v 0.13530698 0.14693981 0.1136636
v 0.1551966 0.16843891 0.09694961
v 0.17420092 0.17936998 0.07549165
v 0.19214573 0.17031067 0.05030319
v 0.20764002 0.14026534 0.02212694
v 0.21973994 0.1050744 -0.00686684
v 0.22585582 0.08468419 -0.02924472
v 0.01686438 0.0299704 0.01279215
v 0.02336811 0.03519135 0.03283913
v 0.03170055 0.04355394 0.05587843
v 0.04323307 0.05378967 0.07782591
v 0.05852747 0.0650922 0.09735433
v 0.07718896 0.07702326 0.11253918
v 0.09804574 0.09031045 0.12120336
v 0.11965143 0.10596168 0.12166857
v 0.14071136 0.12408965 0.11355438
v 0.16049218 0.14145445 0.09789669
v 0.17891484 0.14977473 0.0763954
v 0.19577017 0.14168721 0.05035688
v 0.20996436 0.11641162 0.02117249
v 0.22088566 0.08653396 -0.00909677
v 0.22769603 0.06845951 -0.03567244
v 0.0192174 0.00557196 0.01262913
v 0.02641288 0.00988066 0.03293505
v 0.03563833 0.01603508 0.05646342
v 0.04848182 0.02338463 0.07894931
v 0.06560181 0.03175056 0.0988634
v 0.08643143 0.04108339 0.11435944
v 0.1096168 0.05155187 0.12352547
v 0.13347929 0.06319707 0.12474879
v 0.15637186 0.07534176 0.1172657
v 0.1771608 0.08572149 0.10160832
v 0.19525218 0.08991038 0.07914342
v 0.20991399 0.08548945 0.05165875
v 0.22030058 0.07334989 0.02075281
v 0.22741434 0.05778366 -0.01201856
v 0.23242765 0.04570925 -0.04036051
v 0.02152526 -0.01435154 0.0122129
v 0.02919224 -0.01252794 0.03278999
v 0.03944471 -0.00996953 0.05676855
v 0.05402905 -0.00667268 0.07955141
v 0.07348152 -0.00249797 0.09948924
v 0.09702698 0.0026021 0.11486688
v 0.12312563 0.00863224 0.12387201
v 0.14975473 0.01533359 0.12487456
v 0.17478165 0.0219919 0.11709576
v 0.19656986 0.02740687 0.10129921
v 0.21386289 0.03053778 0.07901535
v 0.2256526 0.03136944 0.05209958
v 0.23153883 0.03056895 0.02169223
v 0.23465576 0.02702373 -0.01096576
v 0.23880869 0.02055031 -0.0404635
v 0.02339134 -0.03342032 0.01157095
v 0.03157632 -0.0332089 0.03220892
v 0.04296084 -0.03349053 0.05617237
v 0.05918144 -0.03374683 0.07853332
v 0.08047323 -0.03355687 0.09765707
v 0.10594355 -0.03267115 0.11194082
v 0.13389167 -0.03093713 0.11971351
v 0.16196516 -0.02843964 0.11963325
v 0.18768897 -0.02561515 0.11141382
v 0.2090536 -0.02306264 0.09609954
v 0.22463113 -0.02093714 0.07521868
v 0.23369851 -0.01889497 0.05021923
v 0.23677864 -0.01675188 0.02205008
v 0.23799738 -0.01597678 -0.00831982
v 0.2421197 -0.01809567 -0.03573334
v 0.02485162 -0.05374652 0.0112157
v 0.03352326 -0.05377996 0.03168642
v 0.04583127 -0.05519849 0.05522778
v 0.06318642 -0.0573216 0.0766794
v 0.08544424 -0.0596798 0.09449918
v 0.11156549 -0.0618931 0.1072172
v 0.13972634 -0.06356757 0.11338448
v 0.16741409 -0.06448084 0.11206791
v 0.19201865 -0.06476599 0.10350704
v 0.21151158 -0.06472867 0.08884704
v 0.22492873 -0.06457251 0.06947938
v 0.23235559 -0.06399917 0.04662024
v 0.23494917 -0.06264501 0.02100056
v 0.23599669 -0.06107288 -0.00684232
v 0.23913401 -0.06027197 -0.03253946
v 0.02684986 -0.07560449 0.01195598
v 0.03569151 -0.07478272 0.03204846
v 0.0482093 -0.07538807 0.05493425
v 0.06589385 -0.07730084 0.075462
v 0.08822443 -0.08025378 0.09218805
v 0.1139746 -0.08398026 0.10374619
v 0.1412501 -0.08807319 0.10880649
v 0.16751021 -0.09226 0.10665446
v 0.19024947 -0.09642958 0.09781049
v 0.20768755 -0.10048079 0.08355193
v 0.2195287 -0.1038239 0.06529986
v 0.22659534 -0.10550427 0.04421019
v 0.23017457 -0.10453116 0.02083554
v 0.23192602 -0.10138243 -0.00468913
v 0.23383975 -0.09734439 -0.02869272
v 0.02978466 -0.09858673 0.01370859
v 0.0380724 -0.09667116 0.03343209
v 0.04986411 -0.0949791 0.05591726
v 0.06695369 -0.09467554 0.07630865
v 0.08873622 -0.09603697 0.09319946
v 0.11395204 -0.09929287 0.10499274
v 0.14062565 -0.10451328 0.11008723
v 0.16613608 -0.11185157 0.10771255
v 0.18814081 -0.12110555 0.09845351
v 0.20497363 -0.13148731 0.08386012
v 0.21662983 -0.14024466 0.06558701
v 0.22394856 -0.14483362 0.04486057
v 0.22809481 -0.14323991 0.02232559
v 0.2304531 -0.13810294 -0.00149189
v 0.2327196 -0.13254791 -0.02308439
v 0.03123347 -0.11143571 0.01710505
v 0.03782253 -0.11058795 0.03488099
v 0.04891623 -0.10684233 0.05774205
v 0.0652906 -0.10381078 0.07912021
v 0.08698055 -0.10279989 0.09740988
v 0.11275399 -0.10456693 0.1104614
v 0.14031153 -0.1097055 0.11622178
v 0.16671368 -0.11891996 0.1137972
v 0.18965038 -0.13212508 0.10377408
v 0.20736509 -0.14829313 0.0882273
v 0.21986839 -0.16192364 0.06916809
v 0.22750765 -0.16898226 0.04786447
v 0.230912 -0.16545724 0.02467021
v 0.23277583 -0.15790623 0.00054422
v 0.2346622 -0.15009361 -0.01841243
v 0.01312444 0.0505737 0.03602629
v 0.01682517 0.03066563 0.04195521
v 0.00940401 0.02834212 0.01206744
v 0.00849445 0.04471951 0.01493321
v 0.0213777 0.05891811 0.06045817
v 0.0240896 0.04003673 0.06075076
v 0.03313652 0.07041484 0.08388096
v 0.03660677 0.05013048 0.0841398
v 0.04908185 0.0832169 0.10494104
v 0.05327005 0.06142097 0.10509996
v 0.06894651 0.09582096 0.12163004
v 0.07380964 0.07366377 0.12155965
v 0.09156694 0.10994172 0.13109907
v 0.09710434 0.08767676 0.13110238
v 0.11500563 0.12785184 0.13081204
v 0.12134935 0.10427248 0.13170918
v 0.13751572 0.15047597 0.12063616
v 0.14475596 0.12295109 0.12301188
v 0.15871006 0.17288845 0.10288089
v 0.16651213 0.14027971 0.106198
v 0.17890456 0.18412399 0.08030153
v 0.18652883 0.14830011 0.08294806
v 0.19781625 0.17474675 0.05398625
v 0.20444491 0.14008736 0.0548416
v 0.21387803 0.14393657 0.02496765
v 0.21907782 0.11496532 0.02398387
v 0.22623834 0.10798806 -0.00459933
v 0.22907733 0.08809268 -0.001
v 0.23177021 0.08450371 -0.03044557
v 0.23486834 0.06673568 -0.03888101
v 0.01870355 0.00919807 0.03972348
v 0.01170033 0.00408077 0.01204573
v 0.02787933 0.01480734 0.06128903
v 0.04163223 0.02216804 0.08522693
v 0.06008105 0.03064394 0.10658041
v 0.08263199 0.04029679 0.1232844
v 0.1079571 0.05140966 0.13324657
v 0.13428187 0.06396228 0.13457587
v 0.15963003 0.07700204 0.12633836
v 0.18256264 0.0880264 0.10918192
v 0.20229935 0.09256649 0.08468352
v 0.21800494 0.08826404 0.05494158
v 0.22879809 0.0760433 0.02213706
v 0.23572582 0.06209015 -0.00785981
v 0.23956346 0.04587304 -0.0445657
v 0.02162958 -0.01379841 0.03971078
v 0.01398116 -0.01569151 0.0116238
v 0.03184802 -0.01147365 0.06178568
v 0.04746486 -0.0082429 0.08609263
v 0.06834373 -0.00405013 0.10743697
v 0.09363053 0.00124144 0.12391462
v 0.12182925 0.00772762 0.13361573
v 0.15090078 0.01517969 0.13468781
v 0.17840558 0.02274084 0.12612032
v 0.20233061 0.02896666 0.1087372
v 0.22122544 0.03263163 0.0842875
v 0.23400753 0.03362745 0.05495898
v 0.24024054 0.03268027 0.02269378
v 0.24325305 0.03013926 -0.00641097
v 0.24611474 0.02108663 -0.04444726
v 0.02417393 -0.03488451 0.03925135
v 0.01580692 -0.03463792 0.01100095
v 0.03554835 -0.03528261 0.06137771
v 0.05290539 -0.03568083 0.08529268
v 0.07570051 -0.03556513 0.10577348
v 0.10295683 -0.03465026 0.12105551
v 0.13299351 -0.03271341 0.12940207
v 0.16343173 -0.02977842 0.12931513
v 0.1915782 -0.0263409 0.12031754
v 0.21513766 -0.0231924 0.10339832
v 0.23241418 -0.02067118 0.08018467
v 0.24243104 -0.01848936 0.0525919
v 0.24572864 -0.01637297 0.02271886
v 0.24677661 -0.01522618 -0.00381926
v 0.24959395 -0.01818239 -0.03888089
v 0.02630099 -0.05564546 0.03882381
v 0.01725744 -0.05510151 0.01072775
v 0.03857352 -0.05710363 0.06057632
v 0.05711761 -0.05930662 0.08359907
v 0.08091922 -0.06173026 0.10275336
v 0.1088567 -0.06398421 0.11640694
v 0.13908994 -0.06564962 0.12304362
v 0.16906186 -0.06647211 0.12161305
v 0.19603201 -0.06660276 0.11220703
v 0.21772864 -0.06640666 0.09585893
v 0.23280853 -0.06608611 0.07411296
v 0.24110004 -0.06528347 0.04881224
v 0.24390739 -0.06367963 0.02168988
v 0.24495399 -0.06217396 -0.00262282
v 0.24646274 -0.0609343 -0.03563972
v 0.02855305 -0.07635885 0.03917935
v 0.0192581 -0.07710564 0.01154426
v 0.0409924 -0.07682669 0.06035955
v 0.05989893 -0.0784164 0.08252686
v 0.08384893 -0.08103352 0.10061445
v 0.11152865 -0.08453244 0.11305645
v 0.14095601 -0.08864051 0.11849108
v 0.16950985 -0.09308224 0.11612784
v 0.19455912 -0.09761476 0.1063476
v 0.21407535 -0.10194438 0.09036117
v 0.22740337 -0.10534673 0.06989502
v 0.23524648 -0.10686975 0.04672533
v 0.23909288 -0.10564637 0.02195948
v 0.2411071 -0.10303908 -0.00072157
v 0.24096334 -0.09750884 -0.03200075
v 0.03137749 -0.09298467 0.04255505
v 0.02215573 -0.0997886 0.01318299
v 0.04221739 -0.09335982 0.06123374
v 0.0607791 -0.09202039 0.08322347
v 0.08459826 -0.09195429 0.10118272
v 0.11224051 -0.09403169 0.11331487
v 0.14142176 -0.09901213 0.11838495
v 0.16935935 -0.10706889 0.11576703
v 0.19350063 -0.11729008 0.10568768
v 0.21195137 -0.1279996 0.08956463
v 0.22460901 -0.13660091 0.06947457
v 0.23246571 -0.14106929 0.04715652
v 0.2369799 -0.13993269 0.02360123
v 0.23950836 -0.132869 0.00435063
v 0.2399002 -0.13138932 -0.02570813
v 0.03132837 -0.11262333 0.03779672
v 0.02492798 -0.11373943 0.0169629
v 0.04285414 -0.10764837 0.0618303
v 0.06024108 -0.10267639 0.08450207
v 0.08369988 -0.09945476 0.10349089
v 0.11163993 -0.09968674 0.11646369
v 0.141276 -0.10456323 0.1220408
v 0.16962736 -0.11484217 0.11967036
v 0.19432982 -0.13001775 0.10933414
v 0.21334001 -0.14818489 0.09283537
v 0.22666564 -0.16308599 0.07257956
v 0.23471111 -0.17081219 0.05021258
v 0.23814773 -0.16726905 0.02624814
v 0.23997959 -0.159536 0.00167705
v 0.24113708 -0.15048241 -0.019919
v 0.01073825 0.04814308 0.03713697
v 0.01283335 0.03385376 0.03713889
v 0.00738924 0.02858239 0.01600025
v 0.0066243 0.04306083 0.01813828
v 0.01928206 0.05640041 0.06196309
v 0.02169627 0.04518812 0.06168825
v 0.03140815 0.06774741 0.08582116
v 0.03417228 0.0557577 0.08531674
v 0.04781546 0.08043766 0.1072945
v 0.05079963 0.06758493 0.10652294
v 0.06830655 0.09311407 0.12434628
v 0.07140063 0.08021777 0.12323793
v 0.09174973 0.10746669 0.13407877
v 0.09489271 0.09471172 0.13288047
v 0.11605379 0.12562251 0.13388016
v 0.11932954 0.11219644 0.13325521
v 0.13928115 0.14817982 0.12364274
v 0.14281725 0.13231003 0.12413319
v 0.16103661 0.17023319 0.10566169
v 0.16469979 0.15121549 0.10700464
v 0.18165636 0.18113023 0.08257933
v 0.18506556 0.16013479 0.08371799
v 0.20081633 0.17174351 0.05558345
v 0.20360028 0.15125966 0.05574999
v 0.21694287 0.14130348 0.02598989
v 0.21900394 0.12370181 0.02514972
v 0.22926414 0.10580664 -0.00404344
v 0.23159101 0.08774715 -0.00649386
v 0.23404359 0.08516287 -0.02751256
v 0.23692873 0.06945091 -0.03449489
v 0.01490106 0.00761687 0.03417734
v 0.00979094 0.00425934 0.01606312
v 0.2418195 0.04843169 -0.04050667
v 0.23881706 0.05880481 -0.01618035
v 0.01761307 -0.0145992 0.03403291
v 0.01214313 -0.01590979 0.01569373
v 0.24851609 0.02277517 -0.04006265
v 0.24579876 0.02905893 -0.01469816
v 0.01991843 -0.03504121 0.03354874
v 0.01404331 -0.0350402 0.01511427
v 0.25201702 -0.01772862 -0.03462013
v 0.24911835 -0.01544165 -0.01127338
v 0.02185285 -0.05561429 0.03320987
v 0.01558267 -0.05551207 0.01487713
v 0.24905303 -0.06140208 -0.03169368
v 0.24713876 -0.06207257 -0.00962417
v 0.02406392 -0.07662326 0.03372212
v 0.01763085 -0.07738447 0.01568076
v 0.24378678 -0.09846711 -0.02843067
v 0.24320909 -0.10220885 -0.00743918
v 0.02772178 -0.09788614 0.03812313
v 0.02041706 -0.09978121 0.01721731
v 0.24268129 -0.13204556 -0.02235168
v 0.24153834 -0.13836926 -0.00025717
v 0.02858572 -0.11089807 0.03894317
v 0.02284726 -0.112181 0.02014752
v 0.0407783 -0.09697508 0.06252519
v 0.04046886 -0.10581982 0.06341245
v 0.05945458 -0.09435075 0.08487546
v 0.0584447 -0.10063684 0.08641582
v 0.08368188 -0.09298557 0.10306192
v 0.08263548 -0.09701144 0.10542266
v 0.1119292 -0.09422445 0.11517982
v 0.11135613 -0.09690153 0.11814346
v 0.14169481 -0.09920531 0.12020087
v 0.14171192 -0.10170775 0.12352451
v 0.17012992 -0.10824424 0.11763402
v 0.17072758 -0.11212295 0.12116071
v 0.19469261 -0.12024742 0.10745055
v 0.19598832 -0.12737947 0.11078576
v 0.21341747 -0.13306617 0.09103685
v 0.21536979 -0.14521348 0.09400678
v 0.22628542 -0.14330548 0.07066011
v 0.22887766 -0.15965718 0.07334145
v 0.23427459 -0.14865601 0.0481519
v 0.23704642 -0.16715896 0.05060101
v 0.23877722 -0.14731186 0.02449501
v 0.24069786 -0.16403812 0.02644514
v 0.24265831 -0.15673524 0.00178051
v 0.24347376 -0.14913821 -0.01750581
v 0.01709202 0.04734855 0.02156523
v 0.01198843 0.04528957 0.01380655
v 0.01019206 0.04816293 0.02392796
v 0.01650759 0.05125802 0.0346103
v 0.01364712 0.04878538 0.02269586
v 0.01588543 0.03957015 0.01278681
v 0.01290943 0.02884322 0.01092335
v 0.00848266 0.03795778 0.01199679
v 0.01199097 0.03848874 0.0108876
v 0.02197648 0.04440343 0.03284295
v 0.02013889 0.03212398 0.02119421
v 0.01897359 0.04151308 0.02119536
v 0.02348234 0.0537855 0.04504214
v 0.01684062 0.05423641 0.04827184
v 0.02449567 0.05973041 0.05849827
v 0.02010865 0.05499136 0.04660245
v 0.02995676 0.05304342 0.05591634
v 0.02718557 0.03906041 0.04443561
v 0.02561022 0.04832273 0.04445548
v 0.03286144 0.06401455 0.0679888
v 0.02677154 0.06438607 0.07237766
v 0.03587436 0.07125365 0.08133281
v 0.02971496 0.06522393 0.07012353
v 0.04112733 0.06405603 0.07788513
v 0.03702152 0.04849439 0.06706273
v 0.03509918 0.05833649 0.06710975
v 0.04587214 0.07622212 0.08927095
v 0.04058635 0.07677829 0.09481784
v 0.05128942 0.08401691 0.10182093
v 0.04308283 0.07760387 0.09198046
v 0.05605479 0.0761767 0.09748502
v 0.05041972 0.05934751 0.0880052
v 0.04813105 0.07005524 0.08809227
v 0.06268136 0.08870899 0.10733294
v 0.05858334 0.08947175 0.11400315
v 0.07039278 0.09652012 0.11798623
v 0.06044349 0.09023439 0.11060909
v 0.07433689 0.0884934 0.11277961
v 0.06750208 0.07094752 0.10562713
v 0.06484203 0.08226484 0.10581767
v 0.08241935 0.10147488 0.1198531
v 0.0800272 0.1025452 0.12744808
v 0.09199198 0.11037832 0.12710753
v 0.08098424 0.10313767 0.12359523
v 0.09479448 0.10210192 0.12140694
v 0.08743257 0.083431 0.11780586
v 0.08438272 0.09503519 0.11806076
v 0.10366647 0.11651366 0.12431994
v 0.10330727 0.11830949 0.13222593
v 0.11437261 0.12783974 0.12683111
v 0.10318943 0.11853396 0.1281957
v 0.116001 0.11860346 0.12149289
v 0.10884159 0.09780198 0.12250745
v 0.1053873 0.10990506 0.12256455
v 0.12495885 0.13583958 0.11942032
v 0.12642011 0.13877517 0.12684154
v 0.13603788 0.15003794 0.116966
v 0.1253373 0.13853257 0.12298813
v 0.13673356 0.13871824 0.1127434
v 0.13030624 0.11484247 0.11863663
v 0.1264753 0.1283549 0.11815136
v 0.14537513 0.15829771 0.10605023
v 0.14825886 0.16235214 0.1125199
v 0.15655592 0.17224317 0.09967215
v 0.14642822 0.16178 0.10906426
v 0.15639323 0.15860742 0.09663882
v 0.15077215 0.13334476 0.10656295
v 0.14669939 0.14925229 0.10547091
v 0.16480392 0.17588597 0.08673072
v 0.16892999 0.18056851 0.09210818
v 0.1761623 0.18349248 0.07768257
v 0.16646891 0.17990934 0.08917997
v 0.17503172 0.16854715 0.07533086
v 0.16987499 0.14726191 0.08778993
v 0.16583523 0.16543352 0.08655252
v 0.18339067 0.17761933 0.06333092
v 0.18862035 0.18228662 0.06755925
v 0.19462829 0.17423981 0.05202532
v 0.18563136 0.18170893 0.0652744
v 0.19250586 0.15975868 0.04993502
v 0.18760564 0.14800268 0.06386561
v 0.18398913 0.16676354 0.06309294
v 0.20023804 0.15711444 0.03646301
v 0.20623251 0.16119515 0.03968621
v 0.21045658 0.14357864 0.0235229
v 0.20290604 0.16076511 0.03800409
v 0.20757126 0.13119518 0.02147135
v 0.20323056 0.13057196 0.03602513
v 0.20038101 0.14720898 0.03595388
v 0.21432393 0.12199848 0.0076113
v 0.22076261 0.12527442 0.0101391
v 0.22273439 0.10774141 -0.00565907
v 0.21727109 0.12497401 0.00889362
v 0.21933311 0.09766286 -0.00790388
v 0.21594831 0.10096257 0.00610093
v 0.21403408 0.11379581 0.00680928
v 0.22333756 0.09225797 -0.02109077
v 0.22965696 0.09485393 -0.01904779
v 0.22842818 0.08435481 -0.03111929
v 0.22623002 0.09467023 -0.01991075
v 0.2262246 0.07780301 -0.03333913
v 0.2333295 0.07556861 -0.03603211
v 0.23150539 0.06639915 -0.03920929
v 0.2299979 0.07538956 -0.03654272
v 0.22447869 0.07543486 -0.02432804
v 0.22303345 0.0854457 -0.02253975
v 0.01800596 0.01791191 0.01274048
v 0.01518344 0.00456398 0.01080831
v 0.0105099 0.01633715 0.0120964
v 0.01400529 0.01681667 0.01090202
v 0.02488312 0.02294188 0.03289021
v 0.02278194 0.0074113 0.02111484
v 0.02144102 0.0200234 0.02117403
v 0.0171022 0.02227777 0.03959088
v 0.0225839 0.01156312 0.04894685
v 0.02585921 0.02909123 0.06089943
v 0.01920065 0.03564393 0.0486338
v 0.02081716 0.02514064 0.04870478
v 0.03363793 0.03044641 0.05612412
v 0.030645 0.01277941 0.04475894
v 0.02890356 0.02645647 0.04457632
v 0.03419526 0.01834625 0.0734607
v 0.03885585 0.03809487 0.08451062
v 0.02986059 0.04489529 0.07264754
v 0.03183983 0.03342658 0.07290424
v 0.04574452 0.03943914 0.07830037
v 0.04155158 0.01957511 0.06792525
v 0.03922123 0.03478986 0.0674251
v 0.05028988 0.02626675 0.09635391
v 0.0562297 0.04825693 0.10564184
v 0.04442233 0.05565428 0.09504506
v 0.04700597 0.0430451 0.09551108
v 0.06181749 0.04947531 0.09799268
v 0.05652564 0.02744674 0.08934032
v 0.0532981 0.0443446 0.0885702
v 0.07091822 0.03530544 0.11564501
v 0.0775615 0.05948954 0.12221252
v 0.06311305 0.06738239 0.11404286
v 0.06646647 0.05371022 0.11463839
v 0.08139591 0.06037819 0.11330734
v 0.07562916 0.03628695 0.10728478
v 0.07123801 0.0547983 0.10632556
v 0.09505303 0.04566246 0.12923473
v 0.1016347 0.0723474 0.13196399
v 0.08521919 0.08038824 0.12733873
v 0.08935982 0.06568002 0.12807533
v 0.10323417 0.07255804 0.12222051
v 0.09783209 0.04616695 0.11984312
v 0.09212736 0.06627363 0.11867612
v 0.12112065 0.05754637 0.1350705
v 0.12668752 0.08723509 0.13295194
v 0.10922872 0.09565168 0.1325736
v 0.11415933 0.07955771 0.13361844
v 0.12579417 0.08647751 0.12312462
v 0.12157096 0.05725354 0.1251955
v 0.11451927 0.07929992 0.12372881
v 0.14717912 0.07054394 0.13163289
v 0.15088188 0.10342305 0.12452754
v 0.1332238 0.11349904 0.12846604
v 0.13897368 0.09530341 0.1298795
v 0.14763397 0.10176956 0.11544441
v 0.14512735 0.06931251 0.12208005
v 0.13687166 0.09406775 0.12033054
v 0.17145237 0.08304446 0.11878696
v 0.17312774 0.11788225 0.10758165
v 0.15585014 0.13224732 0.11551505
v 0.16227769 0.11125296 0.11702498
v 0.16783931 0.11568927 0.09988072
v 0.16707 0.0810253 0.11038328
v 0.15796417 0.10927993 0.10856378
v 0.19287741 0.09130191 0.09772475
v 0.19303232 0.12417584 0.08372397
v 0.17674809 0.14594054 0.09528171
v 0.18339982 0.12240046 0.09640675
v 0.18611067 0.1218034 0.07788045
v 0.18658316 0.08878773 0.09111663
v 0.17723575 0.1200816 0.08958743
v 0.21073183 0.09151768 0.07032609
v 0.21001362 0.11753356 0.05478584
v 0.19582551 0.14642864 0.06937963
v 0.20196384 0.1225745 0.06975623
v 0.20199972 0.11519891 0.05100529
v 0.20308178 0.08877492 0.06592409
v 0.19442039 0.12020063 0.06495486
v 0.2239499 0.08291447 0.03881919
v 0.22302067 0.09810841 0.0229294
v 0.21219402 0.12903487 0.03959911
v 0.21700021 0.10898625 0.03909491
v 0.21453237 0.0959618 0.0208469
v 0.2155894 0.08015787 0.03654708
v 0.20868215 0.10672462 0.03622562
v 0.23278024 0.06822371 0.00507321
v 0.23199677 0.07668089 -0.00580934
v 0.22510069 0.09957212 0.00832701
v 0.2281726 0.08607524 0.00653548
v 0.22376826 0.0727154 -0.01077212
v 0.22423902 0.06563407 0.00443932
v 0.21961462 0.08409315 0.00509984
v 0.22976577 0.0574485 -0.0382782
v 0.23692053 0.05669021 -0.04206561
v 0.23610961 0.04488641 -0.04448001
v 0.23351717 0.05600583 -0.04214744
v 0.22983661 0.05057537 -0.02824593
v 0.22683385 0.06342625 -0.02652562
v 0.24079 -0.15562748 -0.01051271
v 0.24314954 -0.15025174 -0.01970918
v 0.24346867 -0.15294665 -0.01046254
v 0.2419849 -0.1592831 0.00193429
v 0.24279901 -0.1553834 -0.01028176
v 0.24057757 -0.14272224 -0.02386466
v 0.24192419 -0.13128668 -0.02556628
v 0.24331951 -0.14332205 -0.02052714
v 0.24259644 -0.14252996 -0.02368208
v 0.24229592 -0.1493923 0.00101269
v 0.24255004 -0.13444042 -0.01287713
v 0.24309253 -0.14592808 -0.01127966
v 0.23914897 -0.16358399 0.01397313
v 0.24178177 -0.16059052 0.0141196
v 0.24013373 -0.16696268 0.0266093
v 0.24114742 -0.16330903 0.01427291
v 0.23844727 -0.13786846 0.01150271
v 0.23757657 -0.14465695 0.02401534
v 0.24024698 -0.14500957 0.01240186
v 0.24025595 -0.1359682 0.00240198
v 0.23910248 -0.14251995 0.01199623
v 0.24003189 -0.15563011 0.02552261
v 0.24131098 -0.15276223 0.01330277
v 0.2368257 -0.17009031 0.03837436
v 0.23926588 -0.16660016 0.03864702
v 0.23664644 -0.1704182 0.05076365
v 0.23879164 -0.16974139 0.03881847
v 0.23504766 -0.14110964 0.03550114
v 0.23295617 -0.14574706 0.04750232
v 0.23685872 -0.14868599 0.03643085
v 0.235587 -0.14585417 0.03586752
v 0.23594695 -0.15784883 0.04945756
v 0.23835337 -0.15759068 0.03760433
v 0.2313326 -0.1682012 0.06162311
v 0.23360067 -0.16459548 0.06218244
v 0.22849518 -0.16259837 0.07341563
v 0.23322382 -0.16776382 0.06230769
v 0.22904974 -0.13947957 0.058521
v 0.22504514 -0.14079564 0.06984566
v 0.23080822 -0.14674973 0.05960007
v 0.22950643 -0.14396888 0.05886908
v 0.22785192 -0.15140926 0.07212431
v 0.23248437 -0.15560776 0.0609922
v 0.22068706 -0.15629679 0.08305577
v 0.22282522 -0.15309059 0.08402864
v 0.21496933 -0.14752876 0.09398748
v 0.22243058 -0.15574169 0.08405239
v 0.21895393 -0.13269728 0.0798967
v 0.21237471 -0.13133174 0.09003435
v 0.220532 -0.1386615 0.08121739
v 0.21938049 -0.13650149 0.08030992
v 0.21463421 -0.13904309 0.09269218
v 0.22193637 -0.14579439 0.08277021
v 0.20456835 -0.13910579 0.10170248
v 0.20643782 -0.1363402 0.1030403
v 0.19562563 -0.12901431 0.11072262
v 0.20604887 -0.13829481 0.10299117
v 0.20346829 -0.12274414 0.09825423
v 0.19390955 -0.11950194 0.10628529
v 0.20481154 -0.12676757 0.09988396
v 0.20389047 -0.12552952 0.09879078
v 0.19553116 -0.12366592 0.10932283
v 0.20584303 -0.13143444 0.10165248
v 0.18258252 -0.12188178 0.1154078
v 0.18398061 -0.11923819 0.11690023
v 0.17045536 -0.11341011 0.1211102
v 0.18365663 -0.12065821 0.11684143
v 0.18204337 -0.11199879 0.11158751
v 0.16967448 -0.10823607 0.11642098
v 0.18303906 -0.11398899 0.11342883
v 0.18241503 -0.11365687 0.11222351
v 0.17054992 -0.10997128 0.11960792
v 0.18366789 -0.11643219 0.11537508
v 0.15576562 -0.10904234 0.12186962
v 0.15654289 -0.10624277 0.12334376
v 0.1415776 -0.10288077 0.12345612
v 0.15633553 -0.10745197 0.12329253
v 0.15571165 -0.1026979 0.11803951
v 0.14157688 -0.09954232 0.11904177
v 0.15624305 -0.10326761 0.11988282
v 0.15595501 -0.10348171 0.11869335
v 0.14174544 -0.10020458 0.12206727
v 0.15647551 -0.10451811 0.12181997
v 0.12643757 -0.10148316 0.12021949
v 0.12652152 -0.09862899 0.12177947
v 0.11137574 -0.0980727 0.11797085
v 0.12646189 -0.0997926 0.12166887
v 0.12681084 -0.09613412 0.11678266
v 0.11216924 -0.09449929 0.11404229
v 0.12680092 -0.0962091 0.11861389
v 0.1268599 -0.09656244 0.11746817
v 0.1115994 -0.09532135 0.11687991
v 0.12666136 -0.09716647 0.12040603
v 0.09727301 -0.09905815 0.11083155
v 0.09660046 -0.09641969 0.11265185
v 0.08283711 -0.09823006 0.10509698
v 0.09670674 -0.09760642 0.11240255
v 0.02040698 -0.00487107 0.01245528
v 0.01744809 -0.01511007 0.0103705
v 0.0128762 -0.0062868 0.01187889
v 0.01635012 -0.00575739 0.01062733
v 0.0278491 -0.00176358 0.03291287
v 0.02526072 -0.01351094 0.02080058
v 0.02406356 -0.00351405 0.02099666
v 0.02021192 -0.00270336 0.03977158
v 0.02591507 -0.01281303 0.04916596
v 0.02988151 0.00131565 0.06162032
v 0.02428343 -0.00100606 0.04912076
v 0.03757171 0.00263369 0.05670695
v 0.03385711 -0.01134294 0.04483723
v 0.03229223 0.00029844 0.04486513
v 0.03900866 -0.00996261 0.07418185
v 0.04453975 0.00666612 0.08581517
v 0.03660422 0.00386661 0.07393588
v 0.05126543 0.00800359 0.07941433
v 0.04614332 -0.00842076 0.06841004
v 0.04386602 0.00519913 0.06829205
v 0.05728409 -0.00627601 0.09725558
v 0.06420671 0.01307892 0.10725776
v 0.05377685 0.00973302 0.0970056
v 0.06955731 0.01434648 0.09942988
v 0.06317842 -0.0046997 0.0899818
v 0.05986186 0.01105338 0.08986817
v 0.08052132 -0.00155031 0.11640259
v 0.08814095 0.02066654 0.12395402
v 0.07572115 0.01671522 0.11632344
v 0.09176924 0.02166724 0.1149711
v 0.08482954 -0.00006586 0.10786115
v 0.08025529 0.01788163 0.10787617
v 0.10748506 0.00434166 0.12973403
v 0.114927 0.02956771 0.13391727
v 0.10128795 0.02495682 0.12990132
v 0.11645052 0.0300017 0.12418469
v 0.10987836 0.00551134 0.12027514
v 0.1039127 0.0257129 0.12047845
v 0.13640871 0.01137536 0.13531678
v 0.14268565 0.03957468 0.13525912
v 0.1288234 0.03447961 0.13575342
v 0.14175647 0.03916508 0.12543001
v 0.13651064 0.01193523 0.12544271
v 0.12914753 0.03451597 0.12587514
v 0.16498377 0.01903307 0.13158023
v 0.16921243 0.04971653 0.12692421
v 0.15622237 0.04473346 0.13228163
v 0.16579571 0.04839003 0.11786967
v 0.16257849 0.0187391 0.12205401
v 0.15402948 0.04386049 0.12273249
v 0.19091391 0.02610856 0.11843138
v 0.19275301 0.05804508 0.10959047
v 0.18143421 0.05427974 0.11928987
v 0.18718266 0.05596405 0.10209678
v 0.18616414 0.02492976 0.11011293
v 0.17688372 0.05254662 0.11093099
v 0.2124767 0.03114587 0.09725957
v 0.21215987 0.06193083 0.0849211
v 0.20303395 0.06063252 0.09803762
v 0.2049714 0.05937051 0.07954236
v 0.2058433 0.02927631 0.09084763
v 0.19658231 0.05827468 0.09154801
v 0.22844836 0.03341257 0.07010983
v 0.22643438 0.06048637 0.05512502
v 0.22001397 0.06182837 0.07053043
v 0.21823349 0.05775636 0.05209592
v 0.22050747 0.03119003 0.06605921
v 0.21223825 0.05914562 0.06633717
v 0.23776438 0.03341472 0.039067
v 0.23487037 0.0547108 0.02225448
v 0.23125931 0.05806392 0.03896431
v 0.22629222 0.05208188 0.02114867
v 0.22917494 0.03121376 0.03725588
v 0.22280603 0.05536311 0.03698134
v 0.24195712 0.03132408 0.00609887
v 0.23970764 0.04727494 -0.00771062
v 0.23764842 0.0505808 0.00520119
v 0.23125651 0.04331553 -0.01192475
v 0.23320862 0.0292831 0.00557234
v 0.22902771 0.04803127 0.00475277
v 0.23567506 0.03417801 -0.04112316
v 0.24287486 0.03472453 -0.04536082
v 0.24254241 0.02025955 -0.04458509
v 0.2393603 0.03371405 -0.04533026
v 0.23635119 0.02345877 -0.02778405
v 0.23322302 0.03803801 -0.02860239
v 0.05076744 -0.09254723 0.07260914
v 0.04162127 -0.09560769 0.06186653
v 0.04935703 -0.09553927 0.07408542
v 0.0602612 -0.09360635 0.08397347
v 0.05019563 -0.09447145 0.07330431
v 0.04036829 -0.1013605 0.06314589
v 0.0486659 -0.10313826 0.0752552
v 0.05874403 -0.09739208 0.08586681
v 0.04877824 -0.09927195 0.07487223
v 0.03640023 -0.11026346 0.04985323
v 0.04115565 -0.10741108 0.06300719
v 0.03381589 -0.10849374 0.05120812
v 0.02946278 -0.11266094 0.03864742
v 0.03460069 -0.11018472 0.05085578
v 0.03527253 -0.09445905 0.04935041
v 0.02977376 -0.09537196 0.04059946
v 0.03383353 -0.09862929 0.05047148
v 0.03468208 -0.09701335 0.0499231
v 0.02813122 -0.10559976 0.03873772
v 0.03355067 -0.10354954 0.05098847
v 0.02334878 -0.10846442 0.01371747
v 0.02301514 -0.11390167 0.01765957
v 0.02150075 -0.10835862 0.01771741
v 0.02025921 -0.10001707 0.01390407
v 0.0214394 -0.10866022 0.01441301
v 0.02754567 -0.11445426 0.02591097
v 0.02465702 -0.11276871 0.0269187
v 0.02564435 -0.11456769 0.0266592
v 0.02310984 -0.09887194 0.02622794
v 0.02392343 -0.10727089 0.02673665
v 0.17874452 -0.12503701 0.10961778
v 0.19198671 -0.1318416 0.10682053
v 0.16813778 -0.11743098 0.11705431
v 0.18064436 -0.1241002 0.11280866
v 0.15367993 -0.10792505 0.10981673
v 0.16608244 -0.11705249 0.11043461
v 0.15381038 -0.11379993 0.11602122
v 0.14032715 -0.10863268 0.11284801
v 0.15350207 -0.11244946 0.11260844
v 0.14074081 -0.10759347 0.11945754
v 0.15474432 -0.11191147 0.11927697
v 0.12726748 -0.10164618 0.10844416
v 0.12649443 -0.10666471 0.11433029
v 0.11341675 -0.10336351 0.10739117
v 0.12684109 -0.10562986 0.11107039
v 0.11213057 -0.1025964 0.11372333
v 0.12640395 -0.10452795 0.11757659
v 0.10102623 -0.09742343 0.09983963
v 0.09948595 -0.10330009 0.10472935
v 0.08813496 -0.10078549 0.09493029
v 0.10042695 -0.10175979 0.10192497
v 0.23996022 -0.12203735 0.00092355
v 0.24212396 -0.1208114 -0.00545271
v 0.24221563 -0.10272991 -0.00396365
v 0.24112722 -0.12152761 -0.00217604
v 0.23989269 -0.11552518 -0.02880824
v 0.24298369 -0.09773987 -0.03195183
v 0.2427183 -0.11636805 -0.02537207
v 0.24191671 -0.11559605 -0.02872829
v 0.24379733 -0.10037243 -0.01792736
v 0.24272045 -0.11859893 -0.01539922
v 0.02069461 -0.08887183 0.01236666
v 0.01903147 -0.08900946 0.01645497
v 0.0173873 -0.07742154 0.01231033
v 0.01881363 -0.08914941 0.01311521
v 0.02974917 -0.08715945 0.0397309
v 0.02602976 -0.0764029 0.03641285
v 0.02532898 -0.08767008 0.0343478
v 0.02727389 -0.08737075 0.03700725
v 0.02056031 -0.07703429 0.02481452
v 0.02189129 -0.08836638 0.02551381
v 0.24298441 -0.0832774 -0.00185852
v 0.24510476 -0.08285051 -0.00874621
v 0.24592542 -0.06206893 -0.00602886
v 0.2440193 -0.08310788 -0.00518715
v 0.24351945 -0.07972025 -0.03412178
v 0.24847616 -0.06117373 -0.03545667
v 0.24624358 -0.08052212 -0.03036971
v 0.24553617 -0.08000272 -0.03402029
v 0.24839444 -0.06177592 -0.02063101
v 0.24597311 -0.08172988 -0.01954277
v 0.01814014 -0.06588131 0.01099203
v 0.01650212 -0.06624686 0.01514536
v 0.01537434 -0.05540978 0.01147418
v 0.01626629 -0.06620067 0.01175391
v 0.02740196 -0.0659278 0.0388832
v 0.0237936 -0.05553829 0.03596446
v 0.02290771 -0.06599921 0.03334454
v 0.02486991 -0.06586188 0.03606911
v 0.01842884 -0.05559307 0.02415156
v 0.01941736 -0.06615388 0.02435607
v 0.09133116 0.1097002 0.13329932
v 0.1039308 0.11597687 0.13527086
v 0.1153535 0.12785822 0.13300746
v 0.10337083 0.11818456 0.13444823
v 0.09328793 0.10105323 0.1338073
v 0.10712324 0.10306561 0.13427349
v 0.11774439 0.1189109 0.13389435
v 0.10553782 0.10950255 0.13510295
v 0.02252324 -0.02380108 0.01189608
v 0.01926208 -0.03401684 0.00973111
v 0.01495822 -0.02506059 0.01130851
v 0.01842031 -0.02445656 0.01004944
v 0.03044288 -0.0229507 0.03253252
v 0.02731252 -0.03319591 0.02018452
v 0.02634878 -0.02334094 0.02050784
v 0.02295761 -0.02445656 0.03951557
v 0.02892711 -0.03503555 0.04875649
v 0.03376027 -0.02364683 0.06167811
v 0.02747704 -0.02410614 0.04902116
v 0.04126321 -0.02198356 0.05656239
v 0.03673383 -0.03332495 0.04428041
v 0.03535218 -0.02250516 0.04461777
v 0.04353642 -0.03551811 0.07364146
v 0.05029312 -0.02238875 0.08587663
v 0.04135138 -0.02309274 0.07405047
v 0.05670584 -0.02061331 0.07921651
v 0.05043366 -0.0336498 0.06765695
v 0.04836283 -0.02136761 0.06816484
v 0.0636703 -0.03570634 0.0960748
v 0.07222882 -0.02035361 0.10688057
v 0.06062842 -0.02148288 0.0968944
v 0.07717173 -0.01854318 0.09883938
v 0.06923393 -0.03372532 0.08859917
v 0.06634714 -0.01967698 0.08950936
v 0.08886534 -0.0352236 0.11417382
v 0.09864347 -0.01733654 0.12285932
v 0.08496598 -0.018978 0.11561235
v 0.10182208 -0.01563364 0.11377149
v 0.09278094 -0.03321266 0.10550952
v 0.08906499 -0.01719933 0.10700133
v 0.11776746 -0.03381359 0.12619882
v 0.12794938 -0.01320511 0.13198459
v 0.11306465 -0.01540786 0.12839263
v 0.12903282 -0.0118317 0.12226098
v 0.11974829 -0.0319103 0.11673581
v 0.1152388 -0.0138362 0.11892539
v 0.14833173 -0.03134691 0.13046398
v 0.15792965 -0.00811427 0.13254624
v 0.14301785 -0.01074552 0.13340815
v 0.15660357 -0.00734901 0.12278762
v 0.14807072 -0.02976125 0.1206935
v 0.14292201 -0.00964456 0.12357619
v 0.17794355 -0.0280717 0.12588578
v 0.18598642 -0.0027492 0.1237601
v 0.17234402 -0.00539815 0.12928515
v 0.18220686 -0.00277739 0.11478293
v 0.17525517 -0.02702844 0.11649069
v 0.16977495 -0.00501912 0.11981183
v 0.20404753 -0.0247004 0.11275255
v 0.20992651 0.00181919 0.10655148
v 0.19858264 -0.00031954 0.11610949
v 0.20398643 0.0010426 0.09916808
v 0.19901552 -0.02428597 0.10455072
v 0.19367057 -0.00074112 0.10783518
v 0.22463545 -0.02186447 0.09246238
v 0.22810772 0.00503349 0.08263433
v 0.219814 0.00359231 0.09530472
v 0.22052022 0.00376337 0.07750131
v 0.21762266 -0.02196347 0.08625865
v 0.21297502 0.00252974 0.08898112
v 0.23834574 -0.0195676 0.06680474
v 0.23942929 0.00711208 0.05406584
v 0.23467201 0.00617265 0.06880516
v 0.23086717 0.00569921 0.05145242
v 0.22998765 -0.01993227 0.06317008
v 0.22650563 0.00478917 0.06495583
v 0.2446708 -0.01737046 0.03781509
v 0.24391409 0.00851649 0.02286703
v 0.24230229 0.00795108 0.03866338
v 0.2350718 0.00722247 0.02204146
v 0.23577022 -0.017771 0.03647217
v 0.23353993 0.00658512 0.03709822
v 0.24626828 -0.01565897 0.0075475
v 0.24567204 0.00858861 -0.00501005
v 0.24488622 0.00863391 0.00694565
v 0.23697316 0.00662106 -0.00961649
v 0.23729959 -0.01602578 0.00707432
v 0.23601037 0.00738489 0.00643019
v 0.24112942 0.00251895 -0.03827855
v 0.24854452 0.00280386 -0.04182142
v 0.24595248 -0.01833337 -0.03930461
v 0.24492949 0.00229036 -0.04213148
v 0.23953616 -0.01698845 -0.02399709
v 0.23857873 0.00448077 -0.02597981
v 0.05078277 -0.10504955 0.07347759
v 0.05887026 -0.10199415 0.0859918
v 0.04922547 -0.10460895 0.07482556
v 0.06984258 -0.09850591 0.09657474
v 0.08302725 -0.09481674 0.10447721
v 0.07095686 -0.09343385 0.09461826
v 0.07022858 -0.09582835 0.09582863
v 0.07211176 -0.09178054 0.09282536
v 0.08426968 -0.09285724 0.10197846
v 0.07167639 -0.09301227 0.09361157
v 0.07128476 -0.1007362 0.0946104
v 0.07014942 -0.09978056 0.0961878
v 0.24637742 -0.0391516 -0.00314996
v 0.24863864 -0.03921347 -0.01032349
v 0.24774107 -0.01507169 -0.00750189
v 0.24732032 -0.0390197 -0.00667108
v 0.24869397 -0.03992492 -0.0370232
v 0.25160396 -0.0181213 -0.03863216
v 0.25118011 -0.03997862 -0.03290699
v 0.25070744 -0.04004067 -0.0367839
v 0.25086569 -0.01658165 -0.02290663
v 0.25020837 -0.03961795 -0.02157782
v 0.0165264 -0.04466962 0.01076899
v 0.01480767 -0.04509377 0.01490326
v 0.01390787 -0.03493672 0.01171596
v 0.01463422 -0.04496932 0.01149883
v 0.02525685 -0.04528915 0.03898368
v 0.02179179 -0.03493183 0.03633502
v 0.0208926 -0.04528856 0.03331337
v 0.02280265 -0.0452221 0.03608878
v 0.01669114 -0.03507614 0.02443348
v 0.01756066 -0.04522293 0.02421307
v 0.24809165 0.00807094 -0.0129029
v 0.24446639 0.02991408 -0.01052909
v 0.24672463 0.00866615 -0.00890943
v 0.24808855 0.02153444 -0.04434906
v 0.25095486 0.00387215 -0.03744372
v 0.25054144 0.00306761 -0.04163141
v 0.24745091 0.02598118 -0.02736087
v 0.2498198 0.00600653 -0.02514092
v 0.01315564 -0.02540212 0.01540047
v 0.01207633 -0.01599949 0.01232274
v 0.01305578 -0.02536749 0.01201342
v 0.01941089 -0.01424652 0.03680773
v 0.01882181 -0.02489322 0.03381018
v 0.02065661 -0.02468472 0.03659601
v 0.01458926 -0.01529812 0.02496274
v 0.01569947 -0.02518773 0.02470554
v 0.09744788 -0.09319937 0.10995563
v 0.09693614 -0.0945934 0.11153233
v 0.09807213 -0.09267216 0.10806402
v 0.09787005 -0.09330868 0.10883393
v 0.09551095 0.09269201 0.13169321
v 0.08289901 0.08715069 0.12909999
v 0.07225715 0.07823807 0.12214773
v 0.08364141 0.08516305 0.12794306
v 0.06814686 0.09543502 0.12363773
v 0.07978143 0.09994012 0.13031378
v 0.07949779 0.10221791 0.12957146
v 0.06973738 0.08660882 0.12409204
v 0.08126378 0.09349685 0.1300233
v 0.06065654 0.0737499 0.11560013
v 0.05181993 0.06563657 0.10561417
v 0.06160493 0.07177573 0.11459682
v 0.24248015 0.04525792 -0.0161451
v 0.23746487 0.06027537 -0.01214957
v 0.24116066 0.04639536 -0.01199625
v 0.24147015 0.04643797 -0.04457877
v 0.24522054 0.03693097 -0.0411621
v 0.24481394 0.03528797 -0.0453524
v 0.24060189 0.05370569 -0.02833666
v 0.24413847 0.04117858 -0.02864664
v 0.01100474 -0.00629967 0.01592612
v 0.00978687 0.00381654 0.01273422
v 0.01096805 -0.00657308 0.01257556
v 0.01662936 0.00830024 0.03690604
v 0.0163028 -0.00391137 0.0341525
v 0.01806831 -0.00338381 0.03690616
v 0.01205896 0.00589829 0.0252204
v 0.01336571 -0.00514781 0.02513888
v 0.02411995 -0.04340803 0.01130384
v 0.02068476 -0.05440372 0.00942238
v 0.01996896 -0.04401201 0.00948251
v 0.03256711 -0.04348236 0.03188699
v 0.02895281 -0.05355685 0.01976506
v 0.02813695 -0.04326707 0.01989698
v 0.03142527 -0.05621802 0.04819646
v 0.0371426 -0.04645681 0.06096509
v 0.03022134 -0.04575437 0.04844166
v 0.04447053 -0.04456955 0.05568264
v 0.03909945 -0.05435806 0.04359582
v 0.03795843 -0.04394382 0.04389876
v 0.04715338 -0.05815148 0.07245652
v 0.05518137 -0.04802674 0.08446674
v 0.04546752 -0.04723495 0.07305574
v 0.06134147 -0.04600226 0.07762499
v 0.05386916 -0.05620437 0.06631622
v 0.0522641 -0.04527533 0.06698864
v 0.06842009 -0.06051588 0.09376449
v 0.0785973 -0.04942053 0.10430069
v 0.06626977 -0.04876941 0.09495067
v 0.08323083 -0.04730421 0.09612072
v 0.07375489 -0.05849534 0.08613471
v 0.07170478 -0.04669249 0.08739937
v 0.09447435 -0.06290519 0.11036587
v 0.10634817 -0.05028063 0.11876934
v 0.09202977 -0.04993915 0.11230947
v 0.1091805 -0.04814058 0.10963004
v 0.0981239 -0.06082969 0.10158966
v 0.09579659 -0.04780006 0.1035986
v 0.12383838 -0.0649113 0.12068125
v 0.13666814 -0.050278 0.1262477
v 0.12133424 -0.05040103 0.12347289
v 0.13742223 -0.04822987 0.11659187
v 0.12554118 -0.0628165 0.1111921
v 0.12316127 -0.04828769 0.11401303
v 0.1542823 -0.0661621 0.12334856
v 0.16706675 -0.04928529 0.12547165
v 0.15203061 -0.04989188 0.1269221
v 0.16550144 -0.0474962 0.11587382
v 0.15379631 -0.06411635 0.11366454
v 0.15164616 -0.04795318 0.11721226
v 0.18307551 -0.06660169 0.11785367
v 0.19480401 -0.04762154 0.1162666
v 0.1814228 -0.04850125 0.12187331
v 0.1908462 -0.04622089 0.10747136
v 0.18024221 -0.06468379 0.10863039
v 0.17865553 -0.04689866 0.11257589
v 0.20764023 -0.06652623 0.10481049
v 0.21756011 -0.04586052 0.09964273
v 0.20691692 -0.04672747 0.1087904
v 0.21139192 -0.04484289 0.09249001
v 0.20248168 -0.06476926 0.09685275
v 0.20181101 -0.04552644 0.10071314
v 0.22612541 -0.06627798 0.08554733
v 0.23375138 -0.04428827 0.07716126
v 0.22653302 -0.04506349 0.0890216
v 0.22588378 -0.04355019 0.0723865
v 0.21898892 -0.06467777 0.07966971
v 0.21943071 -0.04419946 0.08299106
v 0.23775565 -0.06577664 0.06179216
v 0.24274471 -0.04260492 0.05068329
v 0.23913058 -0.04348641 0.06429544
v 0.2339684 -0.0420503 0.04846462
v 0.22934588 -0.06436842 0.05843502
v 0.23070716 -0.04284954 0.06084539
v 0.24297496 -0.06454652 0.03540006
v 0.24552345 -0.04058438 0.02219372
v 0.24466753 -0.0415917 0.03658365
v 0.23654758 -0.04014796 0.02157218
v 0.23407149 -0.06339645 0.03411927
v 0.23573535 -0.04110527 0.03534159
v 0.24442416 -0.0628001 0.00781617
v 0.245936 -0.03972208 0.00771037
v 0.23751717 -0.03885877 -0.00751849
v 0.23544454 -0.06182831 0.00733273
v 0.236945 -0.03931319 0.00725266
v 0.24126204 -0.0394712 -0.03399272
v 0.24281078 -0.06052428 -0.03596294
v 0.24504354 -0.03974968 -0.03743952
v 0.23704457 -0.06050437 -0.02148284
v 0.23885494 -0.03904283 -0.02264305
v 0.2354893 0.0718351 -0.01374052
v 0.23008832 0.08794212 -0.00329426
v 0.23403546 0.07372027 -0.00982764
v 0.23674598 0.06695032 -0.0386295
v 0.23906198 0.0593695 -0.03786144
v 0.23880878 0.05709439 -0.04196535
v 0.23520767 0.07664352 -0.02251713
v 0.23756024 0.06566727 -0.02576913
v 0.00855242 0.01659566 0.0160697
v 0.00747875 0.02806705 0.01270433
v 0.00859036 0.01607346 0.0127612
v 0.01502044 0.03241086 0.03979957
v 0.01341914 0.02043491 0.03411736
v 0.01509524 0.02120626 0.03682309
v 0.00939249 0.03045439 0.0251219
v 0.01070127 0.01847368 0.02519516
v 0.23364219 0.08461916 -0.03003294
v 0.23539954 0.07838267 -0.03167557
v 0.23519673 0.07570052 -0.03568916
v 0.22817349 0.108141 -0.00400638
v 0.23268029 0.09283906 -0.01879306
v 0.23156365 0.09498131 -0.01854983
v 0.2302328 0.09859311 -0.00487371
v 0.23373803 0.08621358 -0.0201536
v 0.22542807 0.10690552 0.00969064
v 0.21850901 0.12067085 0.0246526
v 0.22483956 0.10415267 0.00918694
v 0.21576279 0.14414072 0.02576965
v 0.22381076 0.12287586 0.01093372
v 0.22268635 0.12545138 0.01083071
v 0.21825292 0.13253444 0.02568937
v 0.22490513 0.11492079 0.01041328
v 0.21172392 0.1391294 0.04061774
v 0.20328313 0.14771872 0.05529204
v 0.21131631 0.13581544 0.04013926
v 0.19957223 0.17502987 0.05507089
v 0.20928442 0.1583454 0.04097636
v 0.20806425 0.16143679 0.04061834
v 0.20246821 0.16154408 0.05582854
v 0.21077561 0.14877432 0.04093654
v 0.19464352 0.1581639 0.07020243
v 0.18496006 0.15647971 0.08326279
v 0.1944313 0.15450787 0.06975552
v 0.18041607 0.18447303 0.08174616
v 0.19151946 0.1792376 0.0695007
v 0.19026684 0.18260663 0.06882099
v 0.18358528 0.17068469 0.08336341
v 0.19332581 0.16874861 0.07003924
v 0.1750769 0.15746897 0.09603937
v 0.16477933 0.14788734 0.10643883
v 0.17506939 0.15393114 0.09554718
v 0.15989777 0.17324465 0.10465012
v 0.17148819 0.17771947 0.09467034
v 0.17028659 0.18093198 0.09372316
v 0.16304495 0.16077733 0.10659593
v 0.17348408 0.16764837 0.0955946
v 0.15395653 0.14242357 0.11645114
v 0.14303997 0.12955677 0.1233105
v 0.15410995 0.13937073 0.11576834
v 0.13832974 0.15071702 0.12266063
v 0.15032255 0.15989673 0.1154419
v 0.14926791 0.16266775 0.11442547
v 0.14117068 0.14028084 0.12418916
v 0.15228974 0.15120643 0.11622959
v 0.13125118 0.12208896 0.12980487
v 0.11971402 0.10995483 0.13216871
v 0.13154795 0.11961793 0.1288394
v 0.12784785 0.13655626 0.12989667
v 0.12701579 0.13890844 0.12896636
v 0.12963879 0.12934255 0.13016691
v 0.10761841 0.10096806 0.13311079
v 0.04786174 0.0827763 0.10665897
v 0.05760548 0.08670443 0.1165466
v 0.05755529 0.08905118 0.11587286
v 0.04912954 0.07394564 0.10716622
v 0.05898126 0.08016544 0.11635309
v 0.04196349 0.06156015 0.0963417
v 0.03528183 0.05396258 0.08458947
v 0.04303659 0.05968016 0.09552428
v 0.0316225 0.06995147 0.08528259
v 0.03907312 0.07404029 0.09696927
v 0.0392066 0.07632249 0.09637963
v 0.03256968 0.06168395 0.08578
v 0.04031715 0.06773328 0.09688991
v 0.02745046 0.05025917 0.07370892
v 0.02284114 0.04351359 0.06114464
v 0.02858187 0.0485388 0.07307159
v 0.01965126 0.05846899 0.06153344
v 0.02484993 0.06179451 0.07410079
v 0.0251432 0.06392347 0.07361649
v 0.02023665 0.0507279 0.06198778
v 0.02591256 0.05595886 0.07409183
v 0.01680621 0.04067075 0.04942262
v 0.01796162 0.03899204 0.04898057
v 0.01124949 0.05019462 0.03679963
v 0.01458901 0.05178111 0.04956445
v 0.01502993 0.05381852 0.04918551
v 0.01144565 0.04243862 0.03724452
v 0.01543044 0.04616582 0.04962942
v 0.00640237 0.03809177 0.01590832
v 0.00656671 0.0444045 0.0155537
v 0.00655301 0.03766512 0.01261222
v 0.00769763 0.04568982 0.02491429
v 0.00827962 0.0478186 0.02460206
v 0.0082324 0.03971451 0.02505967
v 0.23116853 -0.13501417 -0.013817
v 0.23338472 -0.14427107 -0.0214567
v 0.23356911 -0.15407872 -0.01156169
v 0.230966 -0.1505137 -0.00032036
v 0.23174396 -0.14701509 -0.01243222
v 0.23748958 -0.15089958 -0.02029886
v 0.23634505 -0.15999537 0.00121188
v 0.2371487 -0.15607154 -0.01093062
v 0.23623105 -0.13157451 -0.02596448
v 0.23691812 -0.14307135 -0.02419524
v 0.22944933 -0.14094585 0.01056147
v 0.23193427 -0.16186046 0.01266142
v 0.2288101 -0.15698885 0.02349766
v 0.23001998 -0.15397656 0.01168021
v 0.23454919 -0.16782546 0.02559438
v 0.23552766 -0.16408211 0.01343088
v 0.22632667 -0.1446858 0.03378307
v 0.2295773 -0.16821301 0.03645074
v 0.22500228 -0.15960168 0.04625565
v 0.22723913 -0.15913677 0.0350599
v 0.23120462 -0.17152625 0.04921481
v 0.23326358 -0.17072212 0.03757033
v 0.22076362 -0.14323228 0.05548493
v 0.22428008 -0.16662198 0.05877286
v 0.21753218 -0.15361285 0.06717541
v 0.22179454 -0.1575635 0.05697353
v 0.22335153 -0.16397136 0.0710665
v 0.22790515 -0.16899395 0.06038377
v 0.21140417 -0.13622999 0.07509771
v 0.21424591 -0.15568047 0.07904182
v 0.2055163 -0.14210689 0.08576068
v 0.21213233 -0.14833802 0.07682429
v 0.21038934 -0.14937937 0.0907503
v 0.21752819 -0.15730482 0.08125222
v 0.19722557 -0.12631285 0.09171693
v 0.1991786 -0.14015936 0.09655764
v 0.18837276 -0.12850749 0.10078743
v 0.1976065 -0.13528335 0.0938265
v 0.20188868 -0.14057999 0.09937036
v 0.17770031 -0.11626535 0.10385517
v 0.17778554 -0.12241822 0.10640887
v 0.02572901 -0.06441694 0.0114274
v 0.02267044 -0.07639652 0.01022254
v 0.02155322 -0.06515479 0.00966911
v 0.03455247 -0.06411045 0.03172655
v 0.0310226 -0.07504129 0.02035517
v 0.02989037 -0.06406444 0.01990858
v 0.03373314 -0.07647621 0.04831687
v 0.03987166 -0.06715601 0.06034731
v 0.03260367 -0.06638354 0.04814063
v 0.04708123 -0.06535601 0.05494215
v 0.04136043 -0.07490742 0.04366431
v 0.04023031 -0.06456744 0.04349491
v 0.04975236 -0.0774818 0.07184085
v 0.05871024 -0.06940138 0.08289126
v 0.04860113 -0.06817561 0.07200883
v 0.06471633 -0.06764513 0.07588364
v 0.05641783 -0.07619762 0.06558927
v 0.05526329 -0.06639766 0.06579642
v 0.07131747 -0.07960462 0.0921822
v 0.08266661 -0.07230621 0.10142326
v 0.07011532 -0.07079279 0.09276001
v 0.08711291 -0.07057762 0.09306121
v 0.07654606 -0.07866305 0.08438517
v 0.07538 -0.06905347 0.08502993
v 0.09733521 -0.08268815 0.10763146
v 0.1105215 -0.07551217 0.11437311
v 0.0962139 -0.07389879 0.10868956
v 0.11313115 -0.07378232 0.10507925
v 0.10077927 -0.08204585 0.0987005
v 0.09977427 -0.07217478 0.09980413
v 0.12618205 -0.08652746 0.11671379
v 0.14037603 -0.07857728 0.1203109
v 0.12535351 -0.07708656 0.11828929
v 0.14090657 -0.07680785 0.11058022
v 0.12757507 -0.08600056 0.10714906
v 0.12695121 -0.07534074 0.10870868
v 0.15551111 -0.09083539 0.11827713
v 0.16964319 -0.08117824 0.11833709
v 0.15525472 -0.07994169 0.12031194
v 0.16790491 -0.07935446 0.10877306
v 0.15466943 -0.09016364 0.10861675
v 0.15466886 -0.07814508 0.11058113
v 0.18261528 -0.09535169 0.11209966
v 0.19562941 -0.08329629 0.10873892
v 0.18319484 -0.08228963 0.11443188
v 0.19154781 -0.08142107 0.1000721
v 0.17944958 -0.09434932 0.10299591
v 0.18028152 -0.08043897 0.1052166
v 0.20507299 -0.09984391 0.09902737
v 0.21617737 -0.08505171 0.09262147
v 0.20666679 -0.08422017 0.10140076
v 0.20992276 -0.08314853 0.08567836
v 0.1996718 -0.09849971 0.09126797
v 0.20145243 -0.08232384 0.09350009
v 0.22148558 -0.1038177 0.08057215
v 0.23027363 -0.08633321 0.0715883
v 0.22403097 -0.08578139 0.08260491
v 0.22241628 -0.08450168 0.06697177
v 0.21426779 -0.10229593 0.07484533
v 0.21688637 -0.08389711 0.07678464
v 0.23192846 -0.10641354 0.05856541
v 0.23822736 -0.08657228 0.04745079
v 0.23494944 -0.08662939 0.05980957
v 0.22953826 -0.08497232 0.04511759
v 0.22358581 -0.10494822 0.0550668
v 0.22658625 -0.08489519 0.05639255
v 0.23754259 -0.10656863 0.03451785
v 0.24148997 -0.08521872 0.02160555
v 0.24027544 -0.08606654 0.03469491
v 0.23255503 -0.08392101 0.02072817
v 0.22871401 -0.10533148 0.0327947
v 0.23141467 -0.08462613 0.03321807
v 0.24017378 -0.10424077 0.0090662
v 0.24226731 -0.08413481 0.00824673
v 0.23389974 -0.081667 -0.00592116
v 0.23121061 -0.10320305 0.00834814
v 0.233298 -0.08292186 0.00768191
v 0.2363128 -0.07916265 -0.03085605
v 0.23730063 -0.09709495 -0.03208732
v 0.23986312 -0.07922202 -0.03430153
v 0.23242566 -0.09910166 -0.0182981
v 0.23461464 -0.0801953 -0.02008161
v 0.02831315 -0.08749437 0.01281826
v 0.02562746 -0.09930276 0.01194977
v 0.02413274 -0.08826369 0.01108213
v 0.03697651 -0.08610659 0.03269299
v 0.03373761 -0.0976693 0.02196402
v 0.03242098 -0.08673781 0.02113167
v 0.04189136 -0.08633035 0.06069342
v 0.03478905 -0.08672428 0.04876718
v 0.04920423 -0.08564096 0.05531218
v 0.04337433 -0.09571719 0.04482796
v 0.04249964 -0.08571785 0.04417218
v 0.06062359 -0.08645629 0.08268955
v 0.05054698 -0.08624458 0.07208116
v 0.06668125 -0.08661425 0.07563811
v 0.05776137 -0.09462761 0.06646454
v 0.05730373 -0.08594739 0.06585486
v 0.0844753 -0.08779782 0.10063117
v 0.07198738 -0.08695596 0.09227643
v 0.0887657 -0.08896696 0.09225977
v 0.07732871 -0.09513247 0.08528815
v 0.07721894 -0.08762013 0.0844997
v 0.11206429 -0.09070742 0.11284516
v 0.09792416 -0.0890389 0.10754291
v 0.11419308 -0.09265768 0.10374768
v 0.10117004 -0.09065693 0.09873841
v 0.14125976 -0.09541457 0.11802527
v 0.1266264 -0.0928331 0.11637133
v 0.14104494 -0.09748399 0.10869127
v 0.12759625 -0.09493631 0.10709898
v 0.16935983 -0.10186541 0.11547035
v 0.15561357 -0.09845203 0.11771032
v 0.16676625 -0.10333973 0.1063767
v 0.15420451 -0.10029351 0.10842388
v 0.19378325 -0.10947054 0.10551967
v 0.18217077 -0.1055758 0.11134904
v 0.18893986 -0.11003547 0.09736599
v 0.17842209 -0.10659962 0.10262971
v 0.21259242 -0.11723256 0.08950773
v 0.20393472 -0.11343419 0.09815566
v 0.20586776 -0.11710345 0.08303471
v 0.19808813 -0.11360687 0.09076885
v 0.22545507 -0.12344354 0.06934053
v 0.21972429 -0.12062883 0.07982673
v 0.21744754 -0.12302666 0.0649001
v 0.21227833 -0.12031161 0.07436056
v 0.2332775 -0.12657308 0.04676242
v 0.22990948 -0.12549567 0.05827786
v 0.2246057 -0.1261298 0.04415169
v 0.22150299 -0.12504351 0.05480694
v 0.23753714 -0.12540614 0.02277033
v 0.23574942 -0.12646526 0.03491903
v 0.22861868 -0.1250289 0.02140312
v 0.2269181 -0.12605136 0.03300545
v 0.23885232 -0.12363106 0.01033874
v 0.23077523 -0.12096035 -0.00308043
v 0.229887 -0.12328255 0.00937937
v 0.23275673 -0.11602246 -0.02579931
v 0.23622414 -0.11539822 -0.02895171
v 0.23133629 -0.1182087 -0.01599107
v 0.08529163 -0.10166758 0.10059612
v 0.09831691 -0.10167765 0.10798589
v 0.07552886 -0.10299992 0.08878032
v 0.06658612 -0.10057276 0.07737059
v 0.0768046 -0.10040813 0.08666481
v 0.06277831 -0.10389757 0.08185459
v 0.0733833 -0.10245943 0.0917851
v 0.05642551 -0.10514444 0.06871016
v 0.04998789 -0.10226589 0.05659037
v 0.05763017 -0.10121959 0.06728965
v 0.04598958 -0.1080476 0.05978184
v 0.05366298 -0.10582435 0.07110612
v 0.0427454 -0.10874646 0.04640654
v 0.03864217 -0.1050685 0.03403679
v 0.04371101 -0.10362768 0.04544021
v 0.03474997 -0.11251914 0.03633775
v 0.03971179 -0.11037129 0.04812388
v 0.03405701 -0.11209589 0.02334165
v 0.0309302 -0.10738104 0.01432101
v 0.03462206 -0.10635119 0.02257689
v 0.02842646 -0.11340874 0.01576993
v 0.02684259 -0.10806137 0.01252754
v 0.03102438 -0.11421316 0.02462932
v 0.03730094 -0.10548645 0.01658772
v 0.04062372 -0.11859417 -0.00369303
v 0.04686341 -0.13968294 -0.03096853
v 0.05596532 -0.15779519 -0.05882074
v 0.06871312 -0.16749137 -0.08584866
v 0.08566138 -0.17170822 -0.10839866
v 0.106642 -0.17512166 -0.12324412
v 0.13078719 -0.17961245 -0.1279546
v 0.15680462 -0.1822735 -0.12145381
v 0.18145787 -0.18197214 -0.10600475
v 0.20090818 -0.17914789 -0.0830763
v 0.21323898 -0.17322737 -0.05440646
v 0.21800345 -0.16178673 -0.02144182
v 0.21842113 -0.14681863 0.01271756
v 0.21978831 -0.13547295 0.03700168
v 0.03680214 -0.09057188 0.01823794
v 0.04176913 -0.10501915 -0.00443353
v 0.04776379 -0.12347912 -0.0318632
v 0.05637063 -0.13989812 -0.05929689
v 0.06890983 -0.15084898 -0.08514543
v 0.08602743 -0.15639036 -0.10677678
v 0.10752943 -0.16035604 -0.12085923
v 0.13208773 -0.16469395 -0.12527856
v 0.15771657 -0.16784179 -0.11940654
v 0.18136984 -0.16828161 -0.10392899
v 0.19986432 -0.1661933 -0.08142605
v 0.21145096 -0.16046667 -0.05351961
v 0.21597656 -0.14949119 -0.02165336
v 0.21636915 -0.13480943 0.01163027
v 0.21832382 -0.12329906 0.0388424
v 0.03558491 -0.07698011 0.01674793
v 0.04074202 -0.09042185 -0.00578914
v 0.04620477 -0.1061154 -0.03348782
v 0.05432052 -0.11996895 -0.06086527
v 0.06678333 -0.13028466 -0.08621677
v 0.08459366 -0.13660436 -0.10739991
v 0.10767399 -0.14133071 -0.12101768
v 0.13401538 -0.14611595 -0.1247174
v 0.16046536 -0.14973634 -0.11807694
v 0.18362873 -0.15065676 -0.1022366
v 0.20131158 -0.14897936 -0.08006385
v 0.21235969 -0.14392 -0.05331973
v 0.21703431 -0.134709 -0.02343074
v 0.21782311 -0.12233376 0.0079403
v 0.2193138 -0.11150419 0.0348589
v 0.0342312 -0.06679946 0.01522522
v 0.03873973 -0.07761657 -0.00744246
v 0.04333671 -0.09021735 -0.03543232
v 0.05107748 -0.1012724 -0.06280913
v 0.06393667 -0.10978794 -0.08777138
v 0.0828325 -0.11570185 -0.10856382
v 0.10789524 -0.12030714 -0.12170172
v 0.13644442 -0.12488752 -0.12418884
v 0.16398072 -0.12842583 -0.11612018
v 0.1869606 -0.12959879 -0.09988956
v 0.20420059 -0.12845665 -0.07848772
v 0.21510425 -0.12451744 -0.05359179
v 0.22019705 -0.11740362 -0.02638482
v 0.22144815 -0.10742282 0.00236504
v 0.22223204 -0.09740293 0.02815546
v 0.03291874 -0.05894506 0.01368741
v 0.03639959 -0.06632995 -0.00926975
v 0.03999393 -0.07540953 -0.03751883
v 0.04753707 -0.0834828 -0.06474705
v 0.06117331 -0.08969283 -0.08903612
v 0.08161198 -0.09403693 -0.108856
v 0.10851942 -0.09738296 -0.12115593
v 0.13887721 -0.10071599 -0.12201269
v 0.1670165 -0.10347044 -0.1126165
v 0.18996444 -0.10462993 -0.09673249
v 0.20709878 -0.10388696 -0.07679317
v 0.21817207 -0.100883 -0.05422775
v 0.22379779 -0.09519976 -0.02985479
v 0.22566425 -0.08635187 -0.00376777
v 0.22660917 -0.07593578 0.02062065
v 0.03151144 -0.05103486 0.01224909
v 0.0341737 -0.05539435 -0.0109277
v 0.03704194 -0.06117987 -0.03928642
v 0.04451439 -0.06637305 -0.06621283
v 0.05899713 -0.07012951 -0.08959694
v 0.08094444 -0.07235342 -0.10802808
v 0.10940042 -0.0736742 -0.11914026
v 0.14106971 -0.07508188 -0.1189455
v 0.16935184 -0.07662296 -0.10902138
v 0.19208672 -0.07727229 -0.093913
v 0.20917406 -0.07653802 -0.07571585
v 0.22046655 -0.07406383 -0.05547743
v 0.22655469 -0.06932777 -0.03370579
v 0.2291927 -0.06149226 -0.01047046
v 0.23117199 -0.05174297 0.01073842
v 0.0301392 -0.04209822 0.01127936
v 0.03242224 -0.04428637 -0.01204535
v 0.03499859 -0.04740476 -0.04037639
v 0.04249242 -0.0500639 -0.06696161
v 0.05768027 -0.05149698 -0.08948746
v 0.08070493 -0.05151295 -0.10672146
v 0.11024435 -0.05055594 -0.11678271
v 0.14268222 -0.04987657 -0.11598689
v 0.17066177 -0.05005574 -0.10618332
v 0.19319942 -0.049874 -0.09221345
v 0.21008837 -0.04884707 -0.07567399
v 0.22138249 -0.04658663 -0.05734704
v 0.22762697 -0.04253822 -0.03750982
v 0.23087078 -0.03574979 -0.01637996
v 0.23398822 -0.02757078 0.00186461
v 0.0290414 -0.03244328 0.01101962
v 0.03134267 -0.03320884 -0.01245572
v 0.03401892 -0.03432685 -0.04068516
v 0.04161712 -0.0348885 -0.06697423
v 0.05717115 -0.03428715 -0.08890631
v 0.08066096 -0.03229445 -0.10541286
v 0.11061484 -0.02935791 -0.11466918
v 0.14267942 -0.02724546 -0.11305368
v 0.17064595 -0.02591204 -0.10429193
v 0.19303563 -0.02469039 -0.09168853
v 0.20966172 -0.02323204 -0.07654842
v 0.22074195 -0.02113652 -0.05959731
v 0.22679817 -0.01795893 -0.04089381
v 0.23051643 -0.01268762 -0.02077334
v 0.23456955 -0.00642699 -0.00408921
v 0.02843887 -0.02289307 0.01140519
v 0.03094277 -0.02262204 -0.01228014
v 0.03400981 -0.02223372 -0.04037013
v 0.04186083 -0.02112162 -0.06638383
v 0.05728652 -0.01883751 -0.08808603
v 0.08052728 -0.01523202 -0.10430347
v 0.1104967 -0.0110194 -0.11262577
v 0.14154106 -0.00808769 -0.11071056
v 0.1687017 -0.00576984 -0.10296322
v 0.19056442 -0.00370627 -0.09158361
v 0.20693054 -0.00174725 -0.07756145
v 0.21785128 0.00020802 -0.06142651
v 0.22428149 0.00257599 -0.04323121
v 0.22861266 0.00615841 -0.02335026
v 0.23308947 0.0104767 -0.006813
v 0.02820505 -0.01355838 0.0120536
v 0.03094447 -0.01260078 -0.01190242
v 0.03448642 -0.01115262 -0.03985402
v 0.04270372 -0.00880104 -0.06556718
v 0.05800574 -0.00526815 -0.0870422
v 0.08067923 -0.00061869 -0.10292126
v 0.10987981 0.00401288 -0.11011946
v 0.13962909 0.00766396 -0.10880518
v 0.16583749 0.010764 -0.10208544
v 0.18705269 0.01347988 -0.09162633
v 0.20321592 0.01591312 -0.07837627
v 0.21431365 0.01787871 -0.06271915
v 0.221197 0.0194934 -0.04463194
v 0.22580429 0.02130925 -0.02438678
v 0.23010671 0.02356004 -0.00697332
v 0.02803477 -0.00412482 0.01254112
v 0.03096261 -0.0029205 -0.01175167
v 0.03493622 -0.00088417 -0.03956138
v 0.04345708 0.00225019 -0.06500713
v 0.05866854 0.00654602 -0.0862258
v 0.08085469 0.01172334 -0.10166103
v 0.1088319 0.01653164 -0.10840626
v 0.13718664 0.02067899 -0.10769438
v 0.16238278 0.02441233 -0.10166356
v 0.18318578 0.02790844 -0.09189271
v 0.19928479 0.03095692 -0.07912965
v 0.21065798 0.03309506 -0.06370674
v 0.21792313 0.03406328 -0.04553557
v 0.22253793 0.03409117 -0.02468051
v 0.22627678 0.03395372 -0.00587008
v 0.0276515 0.00578284 0.012488
v 0.03063153 0.00673455 -0.01213793
v 0.03488542 0.00887745 -0.03980379
v 0.04364264 0.0123139 -0.06505493
v 0.05888154 0.01685917 -0.08605027
v 0.08078376 0.02205622 -0.10096583
v 0.1074071 0.0270102 -0.10800149
v 0.13440585 0.03155887 -0.1077113
v 0.15883171 0.03614401 -0.10216902
v 0.17933186 0.04072713 -0.0927826
v 0.1954419 0.04474383 -0.08024061
v 0.2070446 0.0473535 -0.06485322
v 0.21463999 0.04794091 -0.04654128
v 0.21932512 0.04650783 -0.02524997
v 0.22265055 0.04415339 -0.00567806
v 0.02691857 0.01664596 0.01111812
v 0.02974228 0.01694071 -0.01320461
v 0.03392529 0.01860535 -0.04070355
v 0.04283925 0.02179193 -0.06595408
v 0.05829723 0.02605074 -0.08701096
v 0.0799952 0.03085666 -0.10193131
v 0.10564302 0.03581398 -0.1095983
v 0.13178214 0.04091692 -0.10975788
v 0.15587136 0.04678177 -0.10443206
v 0.1761789 0.05307692 -0.0949767
v 0.19224831 0.05869191 -0.08226372
v 0.20393782 0.0622645 -0.06666629
v 0.21169042 0.06276673 -0.048114
v 0.21660023 0.06043946 -0.0266058
v 0.22013467 0.05676621 -0.00694375
v 0.02574399 0.02978038 0.00945906
v 0.02817289 0.02914506 -0.01456437
v 0.0318545 0.02931916 -0.04209787
v 0.04064821 0.03126049 -0.06781342
v 0.05630026 0.0345177 -0.08971558
v 0.07796742 0.0385797 -0.10577537
v 0.10354607 0.04335039 -0.11447397
v 0.12993234 0.04920518 -0.11524613
v 0.15449088 0.05685401 -0.1096395
v 0.17515674 0.06603616 -0.0994956
v 0.19130456 0.07444095 -0.08602228
v 0.20271468 0.07975804 -0.06973919
v 0.20998308 0.07999366 -0.05055754
v 0.21482056 0.07696092 -0.02863217
v 0.21889701 0.07301706 -0.0086584
v 0.02390078 0.04200559 0.00554751
v 0.02514939 0.04221659 -0.01587476
v 0.02838542 0.04012358 -0.04372257
v 0.03676065 0.03941786 -0.07061137
v 0.05223896 0.04094421 -0.09469732
v 0.07458662 0.04405129 -0.11302745
v 0.10154212 0.04843467 -0.12320268
v 0.12962201 0.05486452 -0.12441953
v 0.15582445 0.06452524 -0.1179526
v 0.17756697 0.07783478 -0.10640575
v 0.19420287 0.09029734 -0.09158434
v 0.20507872 0.09825235 -0.07416942
v 0.2108874 0.09721851 -0.0538245
v 0.2147732 0.09284758 -0.03091302
v 0.21854919 0.08761525 -0.0120608
v 0.03569316 -0.12068736 -0.00516403
v 0.03547685 -0.10383033 -0.00643
v 0.03176999 -0.0901525 0.01821307
v 0.0328268 -0.10623502 0.01822893
v 0.04215778 -0.14217263 -0.03291973
v 0.04157035 -0.12203198 -0.0344519
v 0.05196321 -0.16054636 -0.06098859
v 0.0504342 -0.13825184 -0.06254808
v 0.06546468 -0.16988492 -0.08848533
v 0.06359197 -0.14925503 -0.08923375
v 0.08315352 -0.17368263 -0.11182496
v 0.08193457 -0.15467321 -0.11204125
v 0.10512667 -0.17682075 -0.12781435
v 0.10540727 -0.1584286 -0.12729898
v 0.13069865 -0.18134957 -0.13358277
v 0.13231962 -0.16274374 -0.13238918
v 0.15801265 -0.18424165 -0.1260651
v 0.16003185 -0.16617238 -0.12596312
v 0.18345707 -0.18392443 -0.10923999
v 0.18519619 -0.16684728 -0.10902001
v 0.20341408 -0.18091404 -0.08505892
v 0.20478904 -0.16483193 -0.08477013
v 0.21634674 -0.17484009 -0.05546932
v 0.21717137 -0.1590411 -0.05520737
v 0.22176826 -0.16318798 -0.02186649
v 0.22220435 -0.14802879 -0.02217819
v 0.22293517 -0.14804393 0.01241782
v 0.2228412 -0.13329929 0.01137059
v 0.22441306 -0.13526493 0.0395678
v 0.22360223 -0.12266254 0.04000667
v 0.03465301 -0.09165608 -0.00724184
v 0.03135952 -0.07771766 0.01580849
v 0.04017162 -0.10756963 -0.03540282
v 0.04860724 -0.12138301 -0.06367357
v 0.06171752 -0.13146805 -0.09020372
v 0.08073864 -0.13741469 -0.11273521
v 0.10567366 -0.14182382 -0.12750631
v 0.13418132 -0.14653217 -0.13170209
v 0.16268596 -0.15024942 -0.12453904
v 0.18754306 -0.15127241 -0.10740323
v 0.20648801 -0.14971053 -0.08352591
v 0.21834752 -0.14482373 -0.0550013
v 0.22337573 -0.13581246 -0.02368756
v 0.22421851 -0.12357378 0.00829011
v 0.22407642 -0.11247921 0.03510379
v 0.03266802 -0.07909143 -0.00855493
v 0.03008628 -0.06764382 0.0144914
v 0.03729673 -0.09195923 -0.03702628
v 0.04540622 -0.10290849 -0.0655159
v 0.0590221 -0.11105024 -0.09186756
v 0.07920529 -0.11644989 -0.11405689
v 0.10617635 -0.12060248 -0.12826173
v 0.13689947 -0.12497371 -0.1311061
v 0.16642239 -0.1285696 -0.12248029
v 0.19100448 -0.12997126 -0.10501514
v 0.20945909 -0.12915039 -0.08199174
v 0.22113731 -0.12558865 -0.05534327
v 0.22654318 -0.11882531 -0.02665831
v 0.22777733 -0.1090061 0.00288931
v 0.2268213 -0.09851712 0.02871097
v 0.03031535 -0.06777894 -0.01016541
v 0.02879165 -0.05978065 0.01311744
v 0.03395232 -0.077075 -0.03899735
v 0.04192398 -0.0849632 -0.06755222
v 0.05645404 -0.0906744 -0.0933898
v 0.07828492 -0.09436976 -0.11460258
v 0.10715474 -0.09715586 -0.12782929
v 0.13969153 -0.10025459 -0.12893962
v 0.16970792 -0.10315597 -0.11897361
v 0.19404029 -0.10461884 -0.10189532
v 0.21231001 -0.10428172 -0.08045951
v 0.22417137 -0.10168802 -0.05623874
v 0.23016578 -0.09633964 -0.0304114
v 0.23205691 -0.08763545 -0.00342109
v 0.23127698 -0.07681697 0.0212192
v 0.02804512 -0.05663079 -0.0117471
v 0.0273758 -0.0517894 0.01177616
v 0.03095632 -0.06249302 -0.04083017
v 0.03893432 -0.06742686 -0.06925118
v 0.0544771 -0.07065868 -0.09425792
v 0.07794629 -0.07223898 -0.11399755
v 0.10836654 -0.07301628 -0.12589803
v 0.14211937 -0.07423687 -0.12580034
v 0.17203861 -0.07598155 -0.11531692
v 0.19608861 -0.07697188 -0.09920538
v 0.21427735 -0.07659226 -0.07965006
v 0.22639995 -0.07442557 -0.05784631
v 0.23292172 -0.06993603 -0.03466996
v 0.23552233 -0.06226456 -0.01057397
v 0.23549222 -0.05230259 0.0109069
v 0.02624179 -0.0452131 -0.01290576
v 0.02597573 -0.04272997 0.01082568
v 0.02886112 -0.0482198 -0.04208442
v 0.03693142 -0.05055773 -0.07026295
v 0.05331907 -0.05154192 -0.09442272
v 0.07795924 -0.05106449 -0.11288009
v 0.10944328 -0.04970115 -0.1236225
v 0.14382952 -0.04890906 -0.12281649
v 0.17326894 -0.04930079 -0.11254899
v 0.19709593 -0.04937791 -0.0977306
v 0.2150619 -0.04857617 -0.07992378
v 0.22722858 -0.04647016 -0.0600859
v 0.23394638 -0.04256421 -0.03890667
v 0.23706963 -0.03595352 -0.01702827
v 0.23785892 -0.0277903 0.00156685
v 0.02512578 -0.03380858 -0.0134307
v 0.02482869 -0.03293418 0.01052279
v 0.0278696 -0.03464758 -0.04257891
v 0.03610079 -0.03484356 -0.07048295
v 0.05291528 -0.03391802 -0.09403446
v 0.07805516 -0.03162396 -0.11172629
v 0.10993593 -0.02844017 -0.1216062
v 0.14376559 -0.0263279 -0.11992247
v 0.17307153 -0.02513343 -0.11079871
v 0.19671911 -0.02403658 -0.09745278
v 0.21448466 -0.02264738 -0.08110854
v 0.22648245 -0.02056723 -0.06265547
v 0.23301622 -0.01744771 -0.04267185
v 0.23657506 -0.01233911 -0.02195172
v 0.23820599 -0.00629204 -0.00477089
v 0.02470886 -0.0229569 -0.01339606
v 0.02415598 -0.02325201 0.0108339
v 0.02788114 -0.02219152 -0.04243666
v 0.03639389 -0.0207073 -0.07003237
v 0.05306917 -0.01820701 -0.09333327
v 0.07795011 -0.01442974 -0.11074917
v 0.10986108 -0.01005971 -0.11957624
v 0.14249983 -0.00715172 -0.11761016
v 0.17091798 -0.00492352 -0.10956062
v 0.19398576 -0.00289726 -0.09748692
v 0.21154338 -0.00087916 -0.08232833
v 0.22343218 0.00116568 -0.06473854
v 0.23036694 0.00357347 -0.04530544
v 0.23455554 0.00712007 -0.02483265
v 0.23665967 0.01106202 -0.00768207
v 0.02470139 -0.01281291 -0.01315257
v 0.0238238 -0.01384806 0.01140297
v 0.02839003 -0.01097786 -0.04206648
v 0.03727327 -0.00829094 -0.06930123
v 0.05381009 -0.00458967 -0.0923316
v 0.07814703 0.00018864 -0.10941804
v 0.10923535 0.00489884 -0.11707927
v 0.14045074 0.00851994 -0.1157448
v 0.16786193 0.01161158 -0.10874629
v 0.19028601 0.01441603 -0.09764091
v 0.20765528 0.01700806 -0.08330027
v 0.21974936 0.01913791 -0.06621085
v 0.22717261 0.02089762 -0.04683289
v 0.23168733 0.02285009 -0.02585243
v 0.23374134 0.02462846 -0.00774738
v 0.02470355 -0.00320357 -0.01310646
v 0.02349888 -0.0044409 0.01182214
v 0.02887034 -0.00087302 -0.04189589
v 0.03805676 0.00251036 -0.06882359
v 0.05450453 0.00694304 -0.09157425
v 0.07839307 0.01220583 -0.10818042
v 0.10816974 0.01698648 -0.11540414
v 0.13793945 0.02114015 -0.11468927
v 0.16432485 0.02502065 -0.10838543
v 0.18631708 0.02876013 -0.09800476
v 0.20361128 0.0320903 -0.08418388
v 0.21599936 0.03448087 -0.06732689
v 0.22384637 0.0356639 -0.04775173
v 0.22846397 0.03591871 -0.02591856
v 0.23013252 0.03529959 -0.00631479
v 0.02434903 0.006217 -0.01353295
v 0.02291244 0.00537639 0.01173822
v 0.02886177 0.00841844 -0.04221153
v 0.03830876 0.01190924 -0.06894938
v 0.05480983 0.01645499 -0.09147571
v 0.07841263 0.02156513 -0.10751176
v 0.10679263 0.02638119 -0.11500022
v 0.13523072 0.03103232 -0.11470215
v 0.16085284 0.03598272 -0.10889768
v 0.18250113 0.04102927 -0.0989179
v 0.19978153 0.0455231 -0.08536697
v 0.21239161 0.04851722 -0.06855572
v 0.22059971 0.04937279 -0.04876563
v 0.22538134 0.04811972 -0.02635889
v 0.22667831 0.04530608 -0.00607003
v 0.02346693 0.0161435 -0.01452256
v 0.02214881 0.01615959 0.01041896
v 0.02796386 0.01751011 -0.04306564
v 0.03765222 0.02035099 -0.06981352
v 0.05445617 0.02420806 -0.09231719
v 0.07786736 0.02854561 -0.10818359
v 0.1052664 0.03322708 -0.11617037
v 0.13288921 0.03856176 -0.11632574
v 0.15820708 0.04508429 -0.11082091
v 0.17964136 0.05217641 -0.10085398
v 0.19679662 0.0585258 -0.08723161
v 0.20942539 0.06268912 -0.07031092
v 0.21775564 0.06358897 -0.05034976
v 0.22278758 0.06142175 -0.02778673
v 0.22432795 0.0574485 -0.00744655
v 0.02202205 0.0261147 -0.01554347
v 0.02050872 0.02901572 0.01010698
v 0.02615524 0.02597832 -0.04412495
v 0.03598949 0.02738684 -0.07116138
v 0.05329468 0.02980548 -0.09395313
v 0.07674149 0.03311812 -0.1102151
v 0.10387941 0.03761702 -0.11875742
v 0.13155245 0.0437054 -0.11949212
v 0.15723532 0.05198288 -0.11405253
v 0.17887824 0.06176722 -0.10386717
v 0.1959505 0.07061153 -0.0898745
v 0.2083019 0.07637906 -0.07257946
v 0.21631577 0.07749289 -0.05231189
v 0.22141602 0.07501912 -0.02967246
v 0.22382253 0.07299983 -0.00844028
v 0.01988904 0.04318881 -0.01676325
v 0.01928965 0.04316413 0.00764628
v 0.02338872 0.04016226 -0.04539589
v 0.03271888 0.03803074 -0.07335515
v 0.04934842 0.03817534 -0.09848952
v 0.07318333 0.04048448 -0.11724709
v 0.10154181 0.04462266 -0.12755018
v 0.13095042 0.05134701 -0.12883314
v 0.15844535 0.06197297 -0.12237881
v 0.18119919 0.07686471 -0.11066179
v 0.19857797 0.09078991 -0.09533166
v 0.20990589 0.09984177 -0.07704472
v 0.21564579 0.0991494 -0.05569909
v 0.21946582 0.09504711 -0.03221225
v 0.22319027 0.0890972 -0.01056593
v 0.0335867 -0.11881244 -0.00585436
v 0.03405145 -0.10748356 -0.00655988
v 0.03074252 -0.09619724 0.01439284
v 0.03099406 -0.10578906 0.0150864
v 0.04007696 -0.13994503 -0.03384413
v 0.04029174 -0.12639182 -0.03467712
v 0.04992176 -0.15815603 -0.06208937
v 0.04939642 -0.14323836 -0.06290663
v 0.06361053 -0.16770952 -0.08977119
v 0.06274984 -0.15414118 -0.08996048
v 0.08172424 -0.17159479 -0.11345404
v 0.08119175 -0.15919429 -0.11319067
v 0.10442671 -0.17465585 -0.12978929
v 0.10473794 -0.16265845 -0.12889568
v 0.13090419 -0.17913109 -0.13575342
v 0.13187485 -0.16691964 -0.13430774
v 0.15894106 -0.18222308 -0.12813583
v 0.1599771 -0.17033577 -0.12768822
v 0.18482571 -0.18210494 -0.11084756
v 0.18560826 -0.17091149 -0.11050184
v 0.20507749 -0.17920529 -0.08613713
v 0.20561763 -0.16872358 -0.08585525
v 0.21819031 -0.17310321 -0.05603345
v 0.218322 -0.16276013 -0.05577261
v 0.223708 -0.1614148 -0.02211487
v 0.22348108 -0.15136003 -0.02217278
v 0.22491532 -0.14618909 0.01216011
v 0.22418123 -0.1361981 0.01170871
v 0.22607624 -0.13487523 0.03629516
v 0.22531011 -0.12717473 0.03587362
v 0.02016476 0.02920442 -0.01591233
v 0.01806529 0.04078626 -0.01684748
v 0.01753296 0.04102027 0.00498664
v 0.01864967 0.03192108 0.00576064
v 0.02424603 0.02832025 -0.04473775
v 0.02175599 0.03783446 -0.04579984
v 0.03427436 0.02879285 -0.07225385
v 0.03152556 0.03569215 -0.07408366
v 0.05197649 0.03040659 -0.09559313
v 0.0488195 0.03562784 -0.09922912
v 0.07591236 0.03326964 -0.11226992
v 0.07322116 0.03777045 -0.11772929
v 0.10353367 0.03764599 -0.12108704
v 0.10193199 0.04187434 -0.12778699
v 0.13176077 0.04397738 -0.12197515
v 0.1315822 0.04862654 -0.12901589
v 0.15803831 0.05297774 -0.11646225
v 0.15930616 0.05928045 -0.12275323
v 0.18010503 0.06404513 -0.10607327
v 0.18228945 0.07399612 -0.11124417
v 0.19740018 0.0741086 -0.09177415
v 0.19991228 0.08769607 -0.09594504
v 0.20974916 0.08071827 -0.07409627
v 0.21160107 0.09667497 -0.07747661
v 0.21752539 0.08184099 -0.05342618
v 0.21773886 0.09648829 -0.05592661
v 0.2224988 0.07926279 -0.03054216
v 0.22176167 0.09277457 -0.03236051
v 0.22505176 0.0776245 -0.01241332
v 0.22481825 0.08775746 -0.01320937
v 0.03880964 -0.11088746 0.00957166
v 0.03541373 -0.10610055 0.01884223
v 0.03391716 -0.11316758 0.00836156
v 0.03823318 -0.12061709 -0.0043331
v 0.03649592 -0.11307424 0.00906348
v 0.03737379 -0.09914201 0.01892774
v 0.03402145 -0.08879154 0.02093463
v 0.03210139 -0.09768331 0.02104957
v 0.03463143 -0.09749507 0.02163752
v 0.04165149 -0.1127153 -0.00384954
v 0.03928842 -0.09656041 0.00872028
v 0.0395104 -0.10457676 0.00934372
v 0.0433531 -0.12877178 -0.01722283
v 0.03847596 -0.1309992 -0.01895868
v 0.04459435 -0.14209437 -0.03182095
v 0.0409818 -0.13093185 -0.01798129
v 0.04778556 -0.13265603 -0.03114441
v 0.04453174 -0.11420613 -0.01803918
v 0.04440589 -0.1224755 -0.01738757
v 0.05102032 -0.14959079 -0.04488081
v 0.04663151 -0.15227675 -0.046944
v 0.05407011 -0.16044473 -0.05980157
v 0.04892354 -0.15218126 -0.04579126
v 0.05661901 -0.15008485 -0.05877653
v 0.05165152 -0.13219791 -0.04567264
v 0.05180243 -0.14205795 -0.04499478
v 0.06183859 -0.16359639 -0.07264973
v 0.05821829 -0.16621488 -0.07501083
v 0.06719047 -0.16985046 -0.08713421
v 0.06013591 -0.16613793 -0.0737616
v 0.06921201 -0.16047161 -0.08521672
v 0.06209613 -0.14611959 -0.07256604
v 0.06239793 -0.15614229 -0.07232818
v 0.07666043 -0.16997927 -0.09789833
v 0.07377017 -0.17215377 -0.10088744
v 0.08447139 -0.17376482 -0.1101166
v 0.07530274 -0.17217433 -0.09938282
v 0.08614014 -0.1653161 -0.10728055
v 0.07689199 -0.15407407 -0.09670068
v 0.07713338 -0.16331732 -0.09701038
v 0.09569535 -0.17332553 -0.11694932
v 0.09363266 -0.17513227 -0.12090601
v 0.10587305 -0.17701643 -0.12555584
v 0.0946938 -0.17527771 -0.11894572
v 0.1071945 -0.16896277 -0.12168743
v 0.09629961 -0.15839499 -0.1149179
v 0.09620945 -0.1671043 -0.11560058
v 0.11838039 -0.17738872 -0.1269766
v 0.11755371 -0.17906838 -0.13223379
v 0.13065075 -0.18154752 -0.13078782
v 0.11791133 -0.17928642 -0.12963342
v 0.13131082 -0.17333424 -0.12621334
v 0.11953705 -0.16254562 -0.12433648
v 0.1189483 -0.17117053 -0.12525883
v 0.14373883 -0.18128049 -0.12598472
v 0.14434605 -0.18313866 -0.13128197
v 0.15729963 -0.18427705 -0.12373889
v 0.14393299 -0.18325913 -0.12862877
v 0.15697711 -0.17618078 -0.12015841
v 0.14494678 -0.16653382 -0.12361502
v 0.14412203 -0.17505908 -0.12444951
v 0.16955536 -0.18247002 -0.1147472
v 0.17121529 -0.18446421 -0.1186654
v 0.1823869 -0.18390339 -0.10764049
v 0.17029193 -0.18445497 -0.11670067
v 0.18110853 -0.17621451 -0.1048309
v 0.17000064 -0.16839337 -0.1127144
v 0.16947114 -0.17653399 -0.11353194
v 0.1919797 -0.18087637 -0.09536657
v 0.19424063 -0.18274277 -0.09794457
v 0.20213374 -0.18092805 -0.08409815
v 0.1930617 -0.18273204 -0.09668406
v 0.20010593 -0.17374634 -0.0821948
v 0.1913951 -0.16760051 -0.09343995
v 0.19139421 -0.17532044 -0.09431633
v 0.20803123 -0.17674267 -0.06937708
v 0.21082517 -0.17843294 -0.07086192
v 0.21480086 -0.1749264 -0.05495957
v 0.20942074 -0.17848014 -0.07014876
v 0.21206054 -0.16789239 -0.05390057
v 0.20656633 -0.16390484 -0.06806522
v 0.20702228 -0.17139029 -0.06867253
v 0.21642485 -0.16816532 -0.03830181
v 0.21985095 -0.16967612 -0.03899603
v 0.21990272 -0.16336882 -0.02163596
v 0.21815294 -0.16980814 -0.03865368
v 0.2166436 -0.15657734 -0.02139828
v 0.21446844 -0.15561199 -0.03795106
v 0.21513754 -0.16289085 -0.03802906
v 0.21839213 -0.15432113 -0.00420485
v 0.22252792 -0.15561932 -0.00450476
v 0.22069096 -0.14832413 0.01263388
v 0.22047707 -0.15585106 -0.00431126
v 0.21695736 -0.14160114 0.01244439
v 0.21633365 -0.14225357 -0.00492045
v 0.21696758 -0.14914375 -0.00434853
v 0.21892076 -0.14032983 0.02863384
v 0.22379368 -0.14153295 0.02823054
v 0.22182875 -0.13556426 0.03989578
v 0.22135937 -0.1418538 0.02851306
v 0.21883618 -0.13026744 0.0397633
v 0.22410336 -0.12841385 0.04306465
v 0.2209627 -0.12176728 0.04252328
v 0.22144764 -0.12857836 0.0433538
v 0.21691277 -0.12806856 0.0273814
v 0.21746024 -0.13495874 0.02830456
v 0.03189723 -0.0838809 0.01646569
v 0.03233313 -0.08372855 0.00598873
v 0.03531785 -0.09852701 -0.006723
v 0.03301687 -0.09518986 0.00692014
v 0.0329004 -0.09015035 0.00655982
v 0.03621039 -0.08325731 0.01750459
v 0.03287586 -0.07540303 0.01948782
v 0.03344913 -0.08152473 0.02021289
v 0.04142888 -0.09754252 -0.00507646
v 0.03818933 -0.08264184 0.00731047
v 0.03883075 -0.0892573 0.00804022
v 0.03717628 -0.0997194 -0.02115346
v 0.04117833 -0.11577236 -0.03478284
v 0.03826912 -0.11294066 -0.0203111
v 0.03800487 -0.10720855 -0.02060499
v 0.04720105 -0.11462074 -0.03263895
v 0.04329768 -0.09835219 -0.01951452
v 0.04412299 -0.10612762 -0.01874141
v 0.04390828 -0.11485648 -0.0496458
v 0.049844 -0.13096094 -0.062938
v 0.04555678 -0.13061618 -0.04858171
v 0.04505471 -0.12379753 -0.04895344
v 0.05555904 -0.12981802 -0.06000986
v 0.04981138 -0.11339145 -0.04733154
v 0.05095027 -0.12262594 -0.0464537
v 0.05448864 -0.12695437 -0.07727804
v 0.06293431 -0.14163118 -0.08953338
v 0.05640833 -0.14449435 -0.07619938
v 0.05575661 -0.13694113 -0.07655838
v 0.06802826 -0.1406793 -0.08554019
v 0.05993408 -0.12563449 -0.07390999
v 0.0612154 -0.1358717 -0.07313246
v 0.07045871 -0.1348195 -0.10219766
v 0.08152433 -0.14735472 -0.11219192
v 0.0720971 -0.15244275 -0.1013505
v 0.07151956 -0.14492833 -0.1015828
v 0.08544304 -0.1467334 -0.10690158
v 0.07499972 -0.13381558 -0.09753819
v 0.07610664 -0.14413332 -0.09695257
v 0.09258257 -0.13965791 -0.1212931
v 0.10556072 -0.15146213 -0.12721496
v 0.09311407 -0.15656566 -0.12079725
v 0.09296011 -0.14943575 -0.12084748
v 0.10764568 -0.15111923 -0.12073352
v 0.09557462 -0.13902664 -0.11532865
v 0.09602984 -0.14897549 -0.11492031
v 0.11969384 -0.14418798 -0.13100823
v 0.1330772 -0.15599542 -0.13193154
v 0.11858531 -0.1605696 -0.13122648
v 0.1190595 -0.15372651 -0.13095915
v 0.13298425 -0.15567141 -0.12486513
v 0.1206225 -0.14376235 -0.12416063
v 0.12006908 -0.1534242 -0.12406659
v 0.14867377 -0.14863914 -0.12948921
v 0.16107252 -0.15956789 -0.12524619
v 0.14628058 -0.16470623 -0.13059508
v 0.14723444 -0.15803402 -0.1299843
v 0.15892297 -0.15909856 -0.11875311
v 0.14744782 -0.14818459 -0.12264757
v 0.14607584 -0.15764355 -0.12307527
v 0.17573285 -0.15110009 -0.11701966
v 0.18606841 -0.16038483 -0.10825745
v 0.17313635 -0.16685825 -0.11861156
v 0.17413306 -0.16032308 -0.11784529
v 0.18227154 -0.1598218 -0.10310943
v 0.17261406 -0.15053522 -0.11113186
v 0.17110505 -0.15979683 -0.11195508
v 0.19784581 -0.15084791 -0.09616097
v 0.20534515 -0.15854454 -0.08417212
v 0.19581332 -0.1662231 -0.09766697
v 0.19653207 -0.15983808 -0.09695763
v 0.20032146 -0.1579588 -0.0807428
v 0.19324517 -0.15017938 -0.09181595
v 0.192072 -0.15925949 -0.0926449
v 0.2133179 -0.14774596 -0.0697301
v 0.21746227 -0.15311873 -0.05504121
v 0.21192508 -0.16251754 -0.07054649
v 0.21232917 -0.15636801 -0.07012675
v 0.2115975 -0.15249669 -0.05334123
v 0.20767748 -0.1469348 -0.06717374
v 0.20683497 -0.15576714 -0.06758441
v 0.22158929 -0.14081609 -0.03956644
v 0.22246244 -0.14296102 -0.02272417
v 0.22047761 -0.1541652 -0.03896365
v 0.22072359 -0.14860981 -0.03913438
v 0.21615722 -0.1422792 -0.02235523
v 0.21537554 -0.13980996 -0.03867549
v 0.21459385 -0.14795851 -0.0381838
v 0.22403869 -0.12990325 -0.00762636
v 0.22317853 -0.12932062 0.01019354
v 0.22271198 -0.1407724 -0.00521308
v 0.22302773 -0.13629251 -0.00612861
v 0.2167243 -0.12858146 0.01009075
v 0.21764522 -0.12872135 -0.00777489
v 0.21662029 -0.13558232 -0.00609885
v 0.22455647 -0.11731326 0.02373495
v 0.22337049 -0.11789196 0.0372097
v 0.22343304 -0.12650966 0.02701197
v 0.22367534 -0.12275934 0.02578387
v 0.21852558 -0.11729747 0.03722275
v 0.22180357 -0.11043107 0.03879201
v 0.22111639 -0.11600136 0.0410377
v 0.21818321 -0.11603355 0.02336333
v 0.21721062 -0.12198883 0.02571915
v 0.03073976 -0.07233053 0.01515396
v 0.0307738 -0.07261049 0.00471314
v 0.03374328 -0.08518677 -0.00785388
v 0.03160286 -0.07789838 0.00537447
v 0.03491279 -0.07152181 0.01598899
v 0.03165544 -0.06563746 0.01807067
v 0.0322655 -0.07013708 0.01877659
v 0.03981945 -0.08379274 -0.00658273
v 0.03656373 -0.07133829 0.00572957
v 0.03741499 -0.07668834 0.00653795
v 0.03471868 -0.0856409 -0.02260359
v 0.03884409 -0.09964823 -0.03615622
v 0.03605025 -0.09254062 -0.02182323
v 0.04488273 -0.09799987 -0.03442622
v 0.04084551 -0.08399736 -0.02131691
v 0.04217414 -0.09098929 -0.02037896
v 0.04077408 -0.09774774 -0.0514161
v 0.04709347 -0.11205381 -0.06454637
v 0.04244587 -0.10619503 -0.05047552
v 0.05279034 -0.11047744 -0.06181313
v 0.0466685 -0.09601533 -0.04932763
v 0.04834784 -0.10454553 -0.04829973
v 0.05144872 -0.10734558 -0.07906893
v 0.06038883 -0.1212666 -0.0910115
v 0.0530242 -0.11709725 -0.07813452
v 0.06539028 -0.11998766 -0.08699004
v 0.05679915 -0.1058709 -0.07568394
v 0.05842999 -0.11564666 -0.07478062
v 0.06824595 -0.11401516 -0.10370468
v 0.07993143 -0.12710261 -0.11341806
v 0.06933731 -0.12450337 -0.10295007
v 0.08368577 -0.12626081 -0.10801673
v 0.07259314 -0.11300361 -0.09889143
v 0.07379429 -0.12343704 -0.09823038
v 0.0919845 -0.11856645 -0.1224011
v 0.10587031 -0.13152813 -0.12793603
v 0.09223204 -0.1293587 -0.12188365
v 0.10774488 -0.13106817 -0.12142016
v 0.09471822 -0.11806529 -0.11630876
v 0.09510881 -0.12872743 -0.11586464
v 0.12137293 -0.1227948 -0.13116356
v 0.13548788 -0.13618665 -0.13151523
v 0.12047671 -0.13387024 -0.13116556
v 0.13519582 -0.13587451 -0.12457937
v 0.12200795 -0.12263876 -0.12431777
v 0.12127556 -0.13351512 -0.12433075
v 0.15208083 -0.12697047 -0.12809091
v 0.16453275 -0.13991397 -0.12366461
v 0.15034043 -0.13828069 -0.12893021
v 0.16221332 -0.13953918 -0.11725816
v 0.15059241 -0.12688428 -0.12134842
v 0.14900085 -0.13795638 -0.12214908
v 0.17942977 -0.12955474 -0.11463809
v 0.1892499 -0.141146 -0.10632253
v 0.17756363 -0.14084583 -0.11597228
v 0.18525597 -0.1406117 -0.1011746
v 0.17613792 -0.1293118 -0.10882942
v 0.17435738 -0.14040058 -0.11012364
v 0.20104813 -0.12986415 -0.09406207
v 0.20791474 -0.13995128 -0.08278623
v 0.19940871 -0.14088004 -0.0951852
v 0.20266988 -0.13919299 -0.07930854
v 0.19634556 -0.12933993 -0.08971407
v 0.19473376 -0.14024227 -0.09083862
v 0.2161374 -0.12774735 -0.06901672
v 0.21962994 -0.13572567 -0.05510423
v 0.21464273 -0.13826292 -0.06935194
v 0.21359735 -0.13467609 -0.05340923
v 0.21043354 -0.12686711 -0.06639598
v 0.20894339 -0.1373645 -0.06677644
v 0.22451287 -0.12261045 -0.04117596
v 0.22480437 -0.12789505 -0.02503386
v 0.22291538 -0.13225239 -0.0402644
v 0.2184562 -0.12654715 -0.02480687
v 0.21827328 -0.1213513 -0.04022755
v 0.21667411 -0.13104534 -0.03937465
v 0.22750607 -0.11424714 -0.01193358
v 0.22581347 -0.11699152 0.00577978
v 0.22560414 -0.12271052 -0.00961425
v 0.219466 -0.11548 0.00529344
v 0.22113192 -0.11271143 -0.01214474
v 0.21922594 -0.12125819 -0.00983973
v 0.2277323 -0.10323077 0.01770166
v 0.22521331 -0.10628384 0.032137
v 0.22593113 -0.11103153 0.02093354
v 0.22055929 -0.10516077 0.03170594
v 0.2244941 -0.09646081 0.03212448
v 0.22291663 -0.10420543 0.03567973
v 0.22151565 -0.10168844 0.01701701
v 0.21965992 -0.10951638 0.02035958
v 0.02944624 -0.06358021 0.0138099
v 0.02902052 -0.06324607 0.00326046
v 0.03150747 -0.0733447 -0.00934036
v 0.02990989 -0.0678156 0.00400024
v 0.03357741 -0.0627284 0.01445454
v 0.03050294 -0.05827748 0.01665098
v 0.03108216 -0.0618149 0.01736091
v 0.03758172 -0.07185494 -0.0083536
v 0.03480445 -0.06198877 0.00405345
v 0.03569172 -0.0665301 0.00489224
v 0.03180291 -0.07248461 -0.02440551
v 0.03563007 -0.08445566 -0.03799612
v 0.03327379 -0.0789898 -0.02348412
v 0.04166832 -0.08271235 -0.03648503
v 0.03794373 -0.07088792 -0.02330073
v 0.03940421 -0.07733428 -0.02231045
v 0.03723247 -0.08126127 -0.05347859
v 0.04364916 -0.09388256 -0.06654302
v 0.03899939 -0.08944833 -0.05244159
v 0.04929053 -0.09228432 -0.06380888
v 0.04310806 -0.07964122 -0.05140316
v 0.04488235 -0.08772981 -0.05038433
v 0.04830605 -0.08809542 -0.08092226
v 0.05769058 -0.10084056 -0.09268374
v 0.04984744 -0.09767592 -0.08002353
v 0.06250994 -0.0996859 -0.08847216
v 0.05353319 -0.08683532 -0.0773439
v 0.05513657 -0.09627157 -0.07655971
v 0.06644275 -0.09271574 -0.10475622
v 0.07866228 -0.10548871 -0.11446829
v 0.06727454 -0.10338848 -0.10432599
v 0.0821459 -0.10492485 -0.10885261
v 0.07053563 -0.09205412 -0.09966618
v 0.07149963 -0.10252326 -0.09938269
v 0.09199368 -0.09578502 -0.12251012
v 0.10661686 -0.10907203 -0.12824048
v 0.09191563 -0.10731267 -0.12262868
v 0.10816169 -0.10902571 -0.12162397
v 0.09439467 -0.09575963 -0.11622835
v 0.09448859 -0.10703086 -0.11644347
v 0.12335362 -0.09867405 -0.12991042
v 0.13831868 -0.11290651 -0.13020975
v 0.12234745 -0.11098027 -0.13073593
v 0.1376793 -0.11309486 -0.12328542
v 0.12362208 -0.09906667 -0.12301342
v 0.12279917 -0.11109286 -0.12386345
v 0.15526947 -0.10181176 -0.12510246
v 0.16816416 -0.11622351 -0.12084413
v 0.15374139 -0.11472106 -0.12675449
v 0.16558083 -0.11631655 -0.11448757
v 0.15345922 -0.10223388 -0.11836552
v 0.15208044 -0.11489355 -0.1200134
v 0.18262776 -0.10409814 -0.11112683
v 0.19262242 -0.11771357 -0.10348048
v 0.18113604 -0.11721622 -0.11295327
v 0.18854942 -0.1175329 -0.09834898
v 0.1791974 -0.10427486 -0.10531028
v 0.17775872 -0.11718922 -0.10714827
v 0.20395782 -0.10470163 -0.09161262
v 0.2109555 -0.11718946 -0.0811805
v 0.20258992 -0.11772829 -0.09282361
v 0.20571014 -0.11662763 -0.0776119
v 0.19928064 -0.10451644 -0.08716924
v 0.19788831 -0.11736613 -0.08844307
v 0.21902713 -0.10329741 -0.06861589
v 0.22269532 -0.11417669 -0.05571146
v 0.21763655 -0.11602538 -0.06874904
v 0.21667388 -0.11319965 -0.05384954
v 0.21337169 -0.10269308 -0.0657769
v 0.21194887 -0.11525505 -0.06603686
v 0.22780555 -0.09939283 -0.04348397
v 0.22838595 -0.10821783 -0.02845601
v 0.22619375 -0.1115849 -0.04224919
v 0.22202989 -0.106884 -0.0280658
v 0.22157266 -0.0984044 -0.04225229
v 0.21995565 -0.11041355 -0.04118046
v 0.23148837 -0.09245753 -0.01708043
v 0.22992524 -0.09905284 -0.00015466
v 0.22952601 -0.10404408 -0.01442576
v 0.2235645 -0.09756684 -0.00063014
v 0.22507095 -0.09121316 -0.01703959
v 0.22313273 -0.10259795 -0.01454127
v 0.2321538 -0.0817613 0.01063647
v 0.22894081 -0.08839148 0.02522703
v 0.22989374 -0.09323316 0.01436084
v 0.22430157 -0.08736878 0.02459926
v 0.22892338 -0.07478761 0.02445389
v 0.22657507 -0.08633446 0.02854995
v 0.22585007 -0.08052438 0.00999948
v 0.22362637 -0.091802 0.01364463
v 0.02809388 -0.05588585 0.01242198
v 0.02722678 -0.05388855 0.00182641
v 0.02914414 -0.06222432 -0.01098557
v 0.0281143 -0.058631 0.00251837
v 0.03222267 -0.05508357 0.0129341
v 0.02921425 -0.05077159 0.01529482
v 0.02987399 -0.05463504 0.01594434
v 0.03524776 -0.06086397 -0.01014462
v 0.03303749 -0.05277967 0.00250618
v 0.03390872 -0.05743527 0.00324052
v 0.02910891 -0.0595783 -0.02613681
v 0.03237096 -0.06975281 -0.03996149
v 0.03039347 -0.0660215 -0.02530873
v 0.0384305 -0.06823688 -0.03846825
v 0.03530133 -0.05826681 -0.0250461
v 0.03655676 -0.0645442 -0.0242291
v 0.03412358 -0.06513875 -0.05531463
v 0.04033143 -0.07613205 -0.06846976
v 0.03558415 -0.07315152 -0.05445422
v 0.04592495 -0.07484 -0.06555825
v 0.0400162 -0.06391584 -0.05308609
v 0.04146444 -0.07170254 -0.05231726
v 0.04571113 -0.06926494 -0.08230081
v 0.05537308 -0.08059012 -0.09391403
v 0.04691043 -0.07860809 -0.08169089
v 0.05999031 -0.07982319 -0.08940743
v 0.05082611 -0.06844782 -0.07843437
v 0.05207888 -0.0775491 -0.07797387
v 0.0652552 -0.07161349 -0.10491668
v 0.07805653 -0.08324492 -0.11441058
v 0.06577023 -0.08209228 -0.10493638
v 0.08121611 -0.08314359 -0.10854738
v 0.06907161 -0.07140421 -0.09954763
v 0.06972237 -0.0816546 -0.09970366
v 0.09245101 -0.07264453 -0.12122169
v 0.10775243 -0.08507448 -0.12698619
v 0.0921868 -0.08417618 -0.12198964
v 0.10894338 -0.08554148 -0.12026771
v 0.0945084 -0.07306051 -0.1147807
v 0.09441096 -0.08438903 -0.11562381
v 0.12528917 -0.07354176 -0.12733607
v 0.14096435 -0.08728492 -0.12741062
v 0.1243446 -0.08612293 -0.12871339
v 0.14001441 -0.08796888 -0.12051525
v 0.12525638 -0.07434535 -0.1204416
v 0.12444959 -0.08675009 -0.12181381
v 0.1577565 -0.07511824 -0.12155687
v 0.1710028 -0.08964586 -0.11708623
v 0.15661236 -0.08852285 -0.12331791
v 0.16829055 -0.0901485 -0.11076313
v 0.15583363 -0.07589644 -0.11491273
v 0.15472328 -0.08915108 -0.11662565
v 0.18480393 -0.07661944 -0.10779253
v 0.19519358 -0.09093684 -0.10043688
v 0.18384984 -0.09046661 -0.10936711
v 0.19114673 -0.09110665 -0.09522136
v 0.18142864 -0.07709759 -0.10195003
v 0.18043106 -0.09081375 -0.10354578
v 0.2059291 -0.07697916 -0.08977656
v 0.21342954 -0.09063869 -0.07993442
v 0.20507454 -0.09101206 -0.09057235
v 0.20826727 -0.09041518 -0.07614356
v 0.20134854 -0.07709938 -0.08512566
v 0.20044001 -0.09098774 -0.08603654
v 0.22108528 -0.07576251 -0.0689684
v 0.22543248 -0.08831965 -0.05695498
v 0.22019621 -0.08976227 -0.06868402
v 0.21946281 -0.08772492 -0.05477154
v 0.21552455 -0.07554745 -0.06581136
v 0.21458426 -0.08934629 -0.06569361
v 0.23026958 -0.07251924 -0.04639753
v 0.23171535 -0.08345341 -0.03250865
v 0.22919637 -0.0862475 -0.04488061
v 0.22534295 -0.08256328 -0.03175696
v 0.22406712 -0.07202667 -0.04477863
v 0.22297489 -0.0854929 -0.04346173
v 0.23458376 -0.06657052 -0.02271185
v 0.23397243 -0.0752601 -0.006979
v 0.233217 -0.07984447 -0.01988732
v 0.22759577 -0.07421743 -0.00712364
v 0.22815769 -0.06585985 -0.02224983
v 0.22678926 -0.07885062 -0.01964995
v 0.23600491 -0.05686008 0.00169293
v 0.2335338 -0.06470638 0.01622136
v 0.23425066 -0.06953954 0.00625377
v 0.22899594 -0.06398111 0.01580267
v 0.23344588 -0.05053925 0.01388595
v 0.23130393 -0.06278049 0.01933391
v 0.22997584 -0.05609047 0.00157261
v 0.22804549 -0.06852692 0.00583867
v 0.02665957 -0.04738736 0.01123252
v 0.02564245 -0.04382473 0.00078143
v 0.0270682 -0.05094671 -0.01239639
v 0.0263929 -0.04893845 0.00123693
v 0.03080676 -0.04669034 0.01168669
v 0.02788666 -0.04209178 0.01436334
v 0.02854144 -0.04657304 0.0147562
v 0.03322355 -0.04985767 -0.0115686
v 0.03149699 -0.04293602 0.00145898
v 0.03222421 -0.04793363 0.00190313
v 0.02712873 -0.04673039 -0.02737213
v 0.02977856 -0.0552966 -0.04154559
v 0.02801244 -0.05313134 -0.026833
v 0.03589258 -0.05422389 -0.03992661
v 0.03337812 -0.04583007 -0.02618107
v 0.03423533 -0.05201828 -0.0257025
v 0.03199778 -0.04952406 -0.05650932
v 0.03779396 -0.05888021 -0.06985311
v 0.03292016 -0.05724304 -0.05600628
v 0.04336569 -0.05809873 -0.0666807
v 0.037917 -0.04884773 -0.05405945
v 0.03882858 -0.05628436 -0.05366941
v 0.04405532 -0.05123519 -0.08296248
v 0.05379581 -0.0609498 -0.09442152
v 0.04475707 -0.06011652 -0.08272433
v 0.05822996 -0.06066578 -0.08961524
v 0.04908336 -0.05095505 -0.07881419
v 0.04982649 -0.05956506 -0.07871055
v 0.06467226 -0.05146449 -0.10446026
v 0.07792384 -0.06147944 -0.11346939
v 0.0648963 -0.06137508 -0.10474633
v 0.08078297 -0.0617761 -0.1074009
v 0.06827222 -0.05166727 -0.09885218
v 0.06859438 -0.06138134 -0.09925083
v 0.09302341 -0.0504055 -0.1194885
v 0.10895354 -0.06117284 -0.12475173
v 0.09274261 -0.06134873 -0.12036136
v 0.109857 -0.06195455 -0.11795495
v 0.0948229 -0.05108082 -0.11290885
v 0.09465801 -0.06191468 -0.11384984
v 0.12679722 -0.04916608 -0.1246206
v 0.14313864 -0.06134647 -0.12428837
v 0.12615624 -0.06114518 -0.12597021
v 0.14202103 -0.06228452 -0.11745534
v 0.12658694 -0.05012017 -0.11771181
v 0.12601712 -0.06205284 -0.11907438
v 0.15928366 -0.04904139 -0.11854486
v 0.17280519 -0.06244915 -0.11380004
v 0.15868812 -0.06186366 -0.11997691
v 0.17014896 -0.06316763 -0.10748592
v 0.15736132 -0.04992622 -0.11189837
v 0.1567507 -0.06272232 -0.1133454
v 0.18589395 -0.04942649 -0.10557253
v 0.19673103 -0.06303012 -0.09830186
v 0.18549096 -0.06285542 -0.10652152
v 0.19277352 -0.06343698 -0.09290603
v 0.18262207 -0.05005103 -0.09957971
v 0.18215882 -0.06342071 -0.10061737
v 0.20681226 -0.04911202 -0.08913903
v 0.21481776 -0.06247234 -0.07965081
v 0.20651158 -0.06291955 -0.08930078
v 0.20977747 -0.06258308 -0.07556205
v 0.2023521 -0.04948884 -0.08421028
v 0.2019858 -0.06317132 -0.0845166
v 0.22186371 -0.04771256 -0.07021085
v 0.22699448 -0.06036073 -0.0588987
v 0.22163447 -0.06163978 -0.06948404
v 0.2211025 -0.06023788 -0.05634176
v 0.21641692 -0.04790002 -0.06670929
v 0.2161304 -0.06162631 -0.06615418
v 0.23116874 -0.04479926 -0.04963396
v 0.23367232 -0.05616146 -0.03681758
v 0.23092883 -0.05857461 -0.0479936
v 0.22732213 -0.05584573 -0.03563475
v 0.22502937 -0.0448476 -0.04761852
v 0.22475349 -0.058353 -0.04617244
v 0.23582431 -0.03963166 -0.0279559
v 0.23655733 -0.04898858 -0.01395167
v 0.23545882 -0.05300319 -0.02541955
v 0.2302891 -0.04849958 -0.01358103
v 0.22944355 -0.0395137 -0.02700715
v 0.22904786 -0.05258911 -0.02471706
v 0.23795014 -0.03148061 -0.00637035
v 0.23693162 -0.03985083 0.00594938
v 0.23723617 -0.04401111 -0.00256589
v 0.23284834 -0.03946054 0.00602089
v 0.23618978 -0.0264579 0.00433231
v 0.23507994 -0.03828978 0.00880586
v 0.23230037 -0.03121835 -0.00589777
v 0.23140347 -0.04349327 -0.00238824
v 0.02535346 -0.03786844 0.0105901
v 0.02449761 -0.03335511 0.0003616
v 0.02559303 -0.03947442 -0.01324755
v 0.02500367 -0.03859442 0.00049136
v 0.02953912 -0.03730666 0.01105945
v 0.02676286 -0.03257465 0.01411494
v 0.02728051 -0.03738009 0.014151
v 0.03179422 -0.03871327 -0.01233597
v 0.03040455 -0.03270751 0.00111878
v 0.03088365 -0.03782701 0.00120129
v 0.02606957 -0.03426855 -0.0279161
v 0.02822783 -0.04131817 -0.0424239
v 0.02648309 -0.04042172 -0.02772881
v 0.03437637 -0.04075855 -0.04062299
v 0.03234479 -0.03378558 -0.02657187
v 0.03275009 -0.03973567 -0.02646478
v 0.03106605 -0.03485888 -0.05690336
v 0.03636675 -0.04252666 -0.07046825
v 0.03138041 -0.04204422 -0.05680402
v 0.04190782 -0.04231524 -0.06705486
v 0.03697219 -0.03472107 -0.05425102
v 0.03729767 -0.04164773 -0.0542483
v 0.04341428 -0.0345419 -0.08291115
v 0.05303759 -0.04251372 -0.09428043
v 0.04361226 -0.04269212 -0.08301641
v 0.05733806 -0.04269015 -0.08923878
v 0.04836585 -0.03475427 -0.07855931
v 0.04859973 -0.0426718 -0.07875594
v 0.06451088 -0.03293502 -0.10369941
v 0.07802286 -0.04109245 -0.11228419
v 0.06456232 -0.04196685 -0.10409298
v 0.08068314 -0.0416637 -0.10604519
v 0.06798479 -0.0334571 -0.09791512
v 0.0680863 -0.04234319 -0.09839069
v 0.09340084 -0.03001499 -0.1179347
v 0.10976588 -0.03875851 -0.12258748
v 0.09325478 -0.0399326 -0.1186836
v 0.11049371 -0.03965222 -0.11569425
v 0.09505314 -0.03082954 -0.1112262
v 0.0949667 -0.04068785 -0.11203556
v 0.12704855 -0.02723199 -0.12202154
v 0.14399832 -0.03721749 -0.12132782
v 0.12706357 -0.03783875 -0.12329179
v 0.14286667 -0.03816312 -0.11448209
v 0.12679991 -0.02817666 -0.11505671
v 0.12682053 -0.03879463 -0.11635404
v 0.15911346 -0.02566856 -0.11605036
v 0.17339575 -0.03679263 -0.11157757
v 0.15941953 -0.03693538 -0.11722757
v 0.17087033 -0.03755992 -0.10514116
v 0.1573241 -0.02652311 -0.1093262
v 0.15755164 -0.03780674 -0.11054526
v 0.18561971 -0.0246008 -0.10455984
v 0.19715869 -0.03628087 -0.09749656
v 0.18599626 -0.03658682 -0.10496372
v 0.19335687 -0.03685855 -0.09184883
v 0.18255755 -0.02531164 -0.09836884
v 0.18281841 -0.03725475 -0.09886808
v 0.20633122 -0.02340447 -0.08959646
v 0.21502134 -0.03519761 -0.08045608
v 0.20682233 -0.03583866 -0.08928599
v 0.2101171 -0.03562861 -0.07604337
v 0.20205804 -0.02401506 -0.08438158
v 0.20244628 -0.03633493 -0.08420623
v 0.22120729 -0.02170902 -0.07210575
v 0.2271161 -0.03310191 -0.06138186
v 0.22179022 -0.03429716 -0.07113033
v 0.22131732 -0.03345078 -0.0584756
v 0.21588373 -0.0222848 -0.06828822
v 0.21640026 -0.03468322 -0.06746297
v 0.23029243 -0.01919841 -0.05282357
v 0.23372381 -0.02957719 -0.040893
v 0.23098468 -0.03157788 -0.05128376
v 0.22744941 -0.0298264 -0.03929726
v 0.22425338 -0.0197491 -0.05047095
v 0.22488987 -0.03188514 -0.04909209
v 0.23503154 -0.01516062 -0.03226225
v 0.23705172 -0.0236805 -0.01972004
v 0.23566091 -0.02694875 -0.03026672
v 0.23092398 -0.02375006 -0.01879187
v 0.22875669 -0.01560032 -0.03085079
v 0.22932747 -0.02711224 -0.02907576
v 0.23788335 -0.00898653 -0.0120978
v 0.23828104 -0.01656204 -0.00202253
v 0.23815196 -0.01975935 -0.00956796
v 0.23455447 -0.01651328 -0.0015158
v 0.23679193 -0.00544184 -0.00204162
v 0.23675879 -0.01546585 0.00070405
v 0.23246589 -0.00923603 -0.01109295
v 0.232638 -0.01974529 -0.00880987
v 0.02443612 -0.02805864 0.01062058
v 0.02391643 -0.0231809 0.00051948
v 0.02484454 -0.02829742 -0.01346423
v 0.02414437 -0.02821201 0.00038689
v 0.02868121 -0.02763718 0.01115251
v 0.02609666 -0.02310931 0.01450737
v 0.0263742 -0.02781504 0.01425098
v 0.03107178 -0.02784293 -0.01241975
v 0.02988275 -0.02274501 0.00139308
v 0.03008015 -0.02767884 0.00120011
v 0.0258639 -0.02264201 -0.02787276
v 0.02777818 -0.02826708 -0.04256433
v 0.02588192 -0.02833694 -0.02794682
v 0.03391978 -0.02815109 -0.0405814
v 0.03213349 -0.02247989 -0.02636555
v 0.03215737 -0.02803236 -0.02652044
v 0.03125911 -0.02155757 -0.05661378
v 0.03613458 -0.02756518 -0.0703206
v 0.0310533 -0.02802467 -0.05682035
v 0.04162547 -0.02782315 -0.06673401
v 0.03712737 -0.0218001 -0.05380088
v 0.03694187 -0.02810376 -0.0540822
v 0.04368175 -0.01960653 -0.08232037
v 0.0529165 -0.02580791 -0.09372471
v 0.04344775 -0.02684068 -0.08267148
v 0.05714744 -0.02633041 -0.08852709
v 0.04858573 -0.02014249 -0.07784519
v 0.04837213 -0.0272417 -0.0782483
v 0.06450227 -0.01646089 -0.10292681
v 0.07799661 -0.02272063 -0.11125128
v 0.06446301 -0.02442312 -0.10333408
v 0.08058228 -0.02346921 -0.10486499
v 0.06794721 -0.01717734 -0.09700795
v 0.06791668 -0.02506011 -0.09747397
v 0.09338163 -0.01217496 -0.1164482
v 0.10996855 -0.01884323 -0.12063799
v 0.09342537 -0.02073711 -0.11722955
v 0.11061754 -0.01978778 -0.11368718
v 0.09498507 -0.01307016 -0.10966572
v 0.09504585 -0.0216006 -0.11047675
v 0.12645235 -0.00844621 -0.11968758
v 0.14325186 -0.0163002 -0.11869989
v 0.12684521 -0.0174117 -0.12084726
v 0.14222496 -0.01722389 -0.11181478
v 0.12623825 -0.00941342 -0.11271546
v 0.12660723 -0.01836931 -0.11387506
v 0.15734753 -0.00599259 -0.11417245
v 0.17218238 -0.01453375 -0.11012611
v 0.15838399 -0.01536482 -0.11503858
v 0.16986069 -0.01534575 -0.10356802
v 0.15573641 -0.0068832 -0.10738702
v 0.15668129 -0.01623529 -0.10828109
v 0.18313351 -0.00390023 -0.10396114
v 0.19557675 -0.01293957 -0.09745271
v 0.18458738 -0.01373606 -0.1042253
v 0.19202682 -0.01367121 -0.09160877
v 0.18031498 -0.00471657 -0.0976563
v 0.18164855 -0.01449871 -0.09796863
v 0.20346823 -0.00188839 -0.09024992
v 0.21323919 -0.01123249 -0.08174159
v 0.20512864 -0.01211512 -0.08992498
v 0.20851945 -0.01196301 -0.07706762
v 0.19943872 -0.00271761 -0.08486226
v 0.20097768 -0.01283675 -0.08461282
v 0.21817436 0.00012743 -0.07379917
v 0.22515428 -0.00917607 -0.0637758
v 0.21990624 -0.01026219 -0.07300161
v 0.21949049 -0.00994908 -0.06058161
v 0.21303287 -0.00078773 -0.06974946
v 0.21467039 -0.01101511 -0.06905852
v 0.2273879 0.00227326 -0.05522088
v 0.23183462 -0.00642591 -0.04413921
v 0.22900816 -0.00794541 -0.05413419
v 0.22568228 -0.00718694 -0.04219636
v 0.22149246 0.00128817 -0.05259154
v 0.223039 -0.00872242 -0.05163227
v 0.23269394 0.00519037 -0.03505142
v 0.23571264 -0.00209754 -0.02364813
v 0.23399871 -0.00447481 -0.0338526
v 0.22971677 -0.00274837 -0.02228074
v 0.2265439 0.00419288 -0.03333205
v 0.22778704 -0.00519478 -0.03226007
v 0.23613786 0.0093593 -0.01502306
v 0.2376416 0.0028947 -0.00663031
v 0.23718729 0.00069576 -0.01389898
v 0.23405534 0.00254505 -0.00582431
v 0.23533931 0.01138359 -0.00486921
v 0.23629424 0.00348579 -0.00386736
v 0.23082083 0.00849372 -0.01374198
v 0.23183444 0.00014931 -0.01271546
v 0.02396689 -0.01852995 0.01111328
v 0.02370188 -0.01346981 0.00090855
v 0.02467829 -0.01780271 -0.01327414
v 0.02378498 -0.01827812 0.00071166
v 0.02829403 -0.01821547 0.0117246
v 0.0257786 -0.01383662 0.01516965
v 0.02591225 -0.01846492 0.01483245
v 0.03091704 -0.01755201 -0.0120888
v 0.02974364 -0.0131396 0.0019
v 0.02978549 -0.01791214 0.0016455
v 0.02611097 -0.01199013 -0.02761926
v 0.02810728 -0.01643466 -0.04225214
v 0.02595957 -0.01720023 -0.0277457
v 0.03422033 -0.01657718 -0.0401095
v 0.03235866 -0.01196068 -0.0259649
v 0.032219 -0.01713216 -0.02616214
v 0.03199792 -0.00975054 -0.05606938
v 0.03680465 -0.01428812 -0.0696679
v 0.03160009 -0.01547247 -0.05634232
v 0.04225155 -0.01478922 -0.06597307
v 0.0378285 -0.01011061 -0.05313609
v 0.03744885 -0.01581066 -0.05346597
v 0.04455464 -0.00658321 -0.08143547
v 0.05340194 -0.01113539 -0.09284009
v 0.04408556 -0.01285821 -0.08188032
v 0.05760807 -0.01182252 -0.08756777
v 0.04943199 -0.00719052 -0.07690315
v 0.04897443 -0.01346653 -0.07737338
v 0.06500672 -0.00227594 -0.10184916
v 0.0780184 -0.00679558 -0.11010958
v 0.06471198 -0.00907647 -0.10240801
v 0.08057727 -0.00762647 -0.10363006
v 0.06841702 -0.00302153 -0.0958824
v 0.06814264 -0.00983655 -0.09645787
v 0.09323223 0.00263404 -0.11446776
v 0.10961129 -0.00218021 -0.11831402
v 0.09332307 -0.00440388 -0.11547107
v 0.11024714 -0.00313186 -0.1113619
v 0.09480498 0.00177502 -0.10765655
v 0.09491091 -0.00530761 -0.10867117
v 0.1251294 0.00682205 -0.11733274
v 0.141552 0.00109744 -0.11660314
v 0.12586814 -0.00040096 -0.11846116
v 0.14066523 0.00017541 -0.1096858
v 0.12498854 0.00594341 -0.11034129
v 0.12568929 -0.00135153 -0.11148306
v 0.15473598 0.01011085 -0.11283083
v 0.1694692 0.00377064 -0.10910246
v 0.15612071 0.00247925 -0.11343193
v 0.16735649 0.0029056 -0.1024721
v 0.15329942 0.00926804 -0.1059942
v 0.15460297 0.00159007 -0.10662122
v 0.17970624 0.01304125 -0.10364624
v 0.19219991 0.00618559 -0.09754656
v 0.18149197 0.00499695 -0.10376889
v 0.18888345 0.00530022 -0.09158663
v 0.17708134 0.01216083 -0.09725563
v 0.17878034 0.00413441 -0.09742016
v 0.19961947 0.01575374 -0.09084147
v 0.20965445 0.0084874 -0.08284029
v 0.20160454 0.00735801 -0.09054967
v 0.20513519 0.0074917 -0.0779909
v 0.19577166 0.01474368 -0.08531831
v 0.19767519 0.00642508 -0.08509217
v 0.21434319 0.01813423 -0.07507009
v 0.22161674 0.01055598 -0.06553943
v 0.21629878 0.00954407 -0.07447987
v 0.21611315 0.00943225 -0.06212943
v 0.20936259 0.0169546 -0.07084566
v 0.2112427 0.00848269 -0.07033756
v 0.22394013 0.02002847 -0.05678333
v 0.22880202 0.01263296 -0.04618164
v 0.22568807 0.01155 -0.05608872
v 0.2227765 0.01141572 -0.04402454
v 0.21817162 0.01869869 -0.05398875
v 0.21986049 0.01037639 -0.053364
v 0.22970446 0.02183514 -0.03640534
v 0.23319515 0.01539409 -0.02552878
v 0.2312487 0.01391458 -0.03587201
v 0.22729241 0.01412433 -0.02401776
v 0.22364914 0.02034252 -0.03462616
v 0.22515234 0.0126506 -0.03409479
v 0.2332746 0.02394729 -0.015526
v 0.23533147 0.01827746 -0.00800736
v 0.23480936 0.01707547 -0.01552158
v 0.23174902 0.01744163 -0.00714708
v 0.23236316 0.02439135 -0.00483791
v 0.23400157 0.01831924 -0.0051432
v 0.2279385 0.02245765 -0.01432938
v 0.22950202 0.01588207 -0.01423693
v 0.02368186 -0.00916945 0.01164748
v 0.02349265 -0.003995 0.00112339
v 0.02472631 -0.00795918 -0.01308555
v 0.02361964 -0.00872474 0.00105534
v 0.0281311 -0.00887829 0.01233502
v 0.02549839 -0.00444132 0.01568654
v 0.02565318 -0.00917899 0.01546255
v 0.0309758 -0.00773608 -0.01177753
v 0.02965201 -0.00361931 0.00221057
v 0.02971289 -0.00838983 0.00209931
v 0.02635562 -0.00216591 -0.02756419
v 0.02866337 -0.00580209 -0.04193543
v 0.02626089 -0.0069915 -0.02754686
v 0.03474493 -0.00593519 -0.03965795
v 0.03257944 -0.0020228 -0.02579221
v 0.03249694 -0.00693684 -0.02582847
v 0.03266952 0.0006867 -0.05574774
v 0.03770724 -0.00269931 -0.06900538
v 0.03237256 -0.00437438 -0.05585789
v 0.04312415 -0.00313335 -0.06523108
v 0.03846781 0.00053793 -0.05270936
v 0.03818773 -0.00467366 -0.05287042
v 0.04533625 0.00459581 -0.08082795
v 0.05418906 0.00143528 -0.09189341
v 0.04498529 -0.00076943 -0.08106926
v 0.05837284 0.00084459 -0.08657942
v 0.05018694 0.00425672 -0.07622521
v 0.04985236 -0.00129342 -0.07650523
v 0.06555955 0.00955319 -0.10087705
v 0.07828166 0.00652772 -0.10875928
v 0.06530075 0.003937 -0.10132241
v 0.08078021 0.00582188 -0.1022529
v 0.06891196 0.00910151 -0.09487165
v 0.06868509 0.00328159 -0.09533988
v 0.09289572 0.01468241 -0.11292919
v 0.10874999 0.01128345 -0.116099
v 0.09309218 0.00899797 -0.11360716
v 0.10940606 0.01055085 -0.10912279
v 0.09443479 0.01420629 -0.10609181
v 0.09464918 0.00826811 -0.10678497
v 0.12331672 0.01912069 -0.1158863
v 0.13923874 0.01518899 -0.11510005
v 0.12427274 0.01332181 -0.11646781
v 0.13846445 0.0144748 -0.10813305
v 0.12322624 0.01867562 -0.10884617
v 0.12416477 0.01260036 -0.10945347
v 0.15164133 0.02310085 -0.11212585
v 0.16612377 0.01866447 -0.10848778
v 0.15322619 0.016963 -0.11238227
v 0.16415751 0.01788961 -0.10179492
v 0.15028178 0.02258265 -0.10523272
v 0.1518445 0.01623177 -0.10551655
v 0.17589303 0.02691942 -0.10365621
v 0.18831059 0.02190357 -0.09777863
v 0.17781955 0.02031362 -0.10359016
v 0.18514108 0.02096772 -0.09171124
v 0.17336016 0.02619755 -0.09718895
v 0.17525613 0.01946824 -0.0971585
v 0.19556835 0.03050917 -0.09149766
v 0.20562875 0.02482765 -0.08373013
v 0.19759461 0.02342802 -0.09114158
v 0.20125675 0.02367854 -0.07873711
v 0.19183093 0.02951687 -0.08585821
v 0.19381347 0.02238804 -0.08555629
v 0.21040999 0.03342807 -0.07611352
v 0.21787041 0.02705723 -0.06678526
v 0.21237084 0.0260427 -0.07559508
v 0.21249082 0.02570337 -0.06322418
v 0.20553648 0.03216254 -0.07175063
v 0.2074536 0.02478754 -0.07129722
v 0.2204138 0.03520947 -0.05786545
v 0.22551277 0.02850908 -0.04732415
v 0.22217646 0.02785533 -0.05735005
v 0.21957275 0.02697086 -0.04510865
v 0.21472144 0.03371816 -0.05498201
v 0.21645483 0.02641195 -0.05450498
v 0.22648993 0.03589701 -0.0370087
v 0.2300879 0.02961254 -0.02591936
v 0.22810345 0.02909207 -0.03674279
v 0.22419661 0.02787637 -0.02456045
v 0.22045826 0.03416514 -0.03532677
v 0.22207173 0.02743524 -0.03500387
v 0.22988888 0.03573596 -0.01476376
v 0.23197376 0.03020429 -0.0070433
v 0.23160621 0.03007978 -0.01516769
v 0.22823518 0.02895134 -0.00643838
v 0.22856268 0.03456115 -0.00334226
v 0.23050645 0.02969634 -0.00410179
v 0.22437331 0.03390878 -0.01392225
v 0.22619143 0.02836293 -0.01414829
v 0.02323325 0.00038927 0.01190242
v 0.02297885 0.00562393 0.00085337
v 0.02458421 0.0014975 -0.01324868
v 0.02327565 0.00076544 0.00108416
v 0.02787993 0.00074821 0.01264434
v 0.02499719 0.00547546 0.01567886
v 0.02527636 0.00042802 0.015817
v 0.03085683 0.00188416 -0.01186244
v 0.02929423 0.00615942 0.00197847
v 0.02951986 0.00121432 0.00220101
v 0.02617556 0.00715023 -0.02797785
v 0.02895427 0.00384348 -0.04198524
v 0.02634057 0.00252229 -0.02770689
v 0.03500134 0.00403618 -0.03960412
v 0.03236972 0.00764107 -0.02614947
v 0.03255052 0.00281751 -0.0258955
v 0.03281127 0.01001429 -0.05596442
v 0.03827295 0.00736212 -0.06879884
v 0.03283382 0.00546181 -0.05577868
v 0.04364785 0.00738275 -0.06493791
v 0.03855548 0.01044273 -0.0528483
v 0.03860974 0.00556051 -0.05269389
v 0.04563961 0.0140742 -0.08087959
v 0.05472147 0.01193887 -0.09142255
v 0.04556603 0.00953084 -0.08075771
v 0.05885163 0.01186764 -0.08602792
v 0.05040996 0.01446938 -0.07619537
v 0.05038751 0.00949615 -0.07610832
v 0.06582561 0.01899808 -0.10045894
v 0.07845189 0.01720714 -0.10772704
v 0.06574859 0.01456195 -0.10056109
v 0.08087756 0.01711279 -0.10118059
v 0.06908034 0.01943397 -0.09439975
v 0.06906252 0.01446622 -0.09451877
v 0.09229619 0.0240156 -0.11231757
v 0.10750935 0.02201867 -0.11502577
v 0.09263608 0.01968359 -0.11247342
v 0.10816387 0.02200394 -0.10800373
v 0.09376836 0.02458751 -0.10547009
v 0.0941535 0.01962918 -0.10561209
v 0.12121867 0.02869439 -0.11568389
v 0.13657739 0.02640956 -0.11453188
v 0.12228004 0.02424001 -0.11560889
v 0.13581112 0.02634751 -0.10751457
v 0.12107314 0.02930825 -0.1086478
v 0.12218193 0.02422559 -0.10854584
v 0.14848536 0.03347295 -0.11238827
v 0.16253656 0.03077161 -0.10849934
v 0.15003129 0.02858781 -0.11210245
v 0.16057956 0.03046315 -0.10175342
v 0.14704448 0.03384 -0.10549465
v 0.14865514 0.02842098 -0.10518661
v 0.17220342 0.03852874 -0.10438424
v 0.18434846 0.03509801 -0.09836523
v 0.17398792 0.03296095 -0.10389975
v 0.18122348 0.03444761 -0.09222234
v 0.16961002 0.03846454 -0.09790518
v 0.17145031 0.03248935 -0.09740673
v 0.19171041 0.04340416 -0.09256752
v 0.20164093 0.0389418 -0.08471566
v 0.19358009 0.03712487 -0.0919566
v 0.19732856 0.03792154 -0.07960926
v 0.1879498 0.04285782 -0.08688088
v 0.1898545 0.0362876 -0.08627542
v 0.20666587 0.04725694 -0.07734932
v 0.21415579 0.04157751 -0.06790001
v 0.20848941 0.04044759 -0.0766832
v 0.20882719 0.0402472 -0.0642291
v 0.20178586 0.04627072 -0.07290136
v 0.20363092 0.03926181 -0.07226482
v 0.2169862 0.04921633 -0.05902687
v 0.22219833 0.04255414 -0.04821163
v 0.21866983 0.04226893 -0.05840594
v 0.21626776 0.04098457 -0.04599355
v 0.21128001 0.0479083 -0.05608528
v 0.21298375 0.04081642 -0.0554888
v 0.22338113 0.04900372 -0.03777504
v 0.22688281 0.04200327 -0.02603885
v 0.22490778 0.04246354 -0.03732742
v 0.22089776 0.04022091 -0.02488847
v 0.21727237 0.04745751 -0.03616521
v 0.21884685 0.04076707 -0.03569328
v 0.22665086 0.04672855 -0.01482121
v 0.22832235 0.04020714 -0.00598142
v 0.22820818 0.04117804 -0.01463117
v 0.22437435 0.03890579 -0.00559616
v 0.22495305 0.04432773 -0.00301373
v 0.2266635 0.03931105 -0.00296657
v 0.22094619 0.04514372 -0.01408891
v 0.22259625 0.03940421 -0.01387979
v 0.0225644 0.01057601 0.01117959
v 0.02215546 0.01602774 -0.00030436
v 0.02398001 0.01103037 -0.01398001
v 0.02261449 0.01064801 0.00034688
v 0.02733417 0.01102125 0.01191564
v 0.0242703 0.01641094 0.01428442
v 0.02467142 0.0107463 0.01509723
v 0.03026085 0.01168763 -0.01260628
v 0.0284917 0.01672732 0.00074612
v 0.0289521 0.01126462 0.00145086
v 0.02525982 0.01663583 -0.02887238
v 0.02853995 0.01292198 -0.04258279
v 0.02581956 0.01179158 -0.02837999
v 0.03453383 0.01369112 -0.040178
v 0.03142124 0.01757067 -0.02710793
v 0.0319969 0.0125029 -0.02656521
v 0.03200757 0.01877099 -0.05681486
v 0.03811724 0.01620453 -0.06929336
v 0.0325479 0.01440727 -0.0563183
v 0.04338798 0.01709067 -0.06539022
v 0.03765026 0.02003288 -0.05373135
v 0.03824666 0.01523292 -0.05319669
v 0.04515897 0.02218967 -0.08175535
v 0.05473888 0.02052205 -0.09177117
v 0.04552124 0.01826745 -0.08121444
v 0.05871786 0.02156901 -0.08635757
v 0.0497356 0.02382028 -0.07713479
v 0.05021153 0.01922339 -0.07652693
v 0.0654715 0.02633237 -0.1011763
v 0.07822976 0.02531147 -0.10764779
v 0.0657489 0.02289599 -0.1006538
v 0.08050889 0.02661842 -0.1011713
v 0.06848209 0.02841442 -0.09531977
v 0.06890899 0.02406501 -0.09463296
v 0.09130606 0.03083169 -0.11318997
v 0.10604339 0.03007757 -0.11536544
v 0.09185906 0.02769368 -0.1125401
v 0.10656721 0.03159552 -0.10848454
v 0.09254092 0.03332716 -0.10671575
v 0.09324228 0.02913492 -0.10579061
v 0.11922735 0.03577113 -0.11710048
v 0.13397792 0.03504431 -0.11527399
v 0.12018874 0.0324974 -0.11615955
v 0.13303813 0.03639316 -0.10840217
v 0.11882527 0.03830647 -0.11050422
v 0.11994156 0.03398096 -0.1092472
v 0.14595213 0.04169637 -0.11419113
v 0.15936917 0.04071867 -0.10964951
v 0.14709362 0.03780704 -0.11306009
v 0.15722325 0.04155761 -0.10301331
v 0.14420843 0.04375857 -0.10768245
v 0.14553043 0.0389288 -0.10627302
v 0.16944494 0.0486356 -0.10633943
v 0.18087214 0.04666692 -0.09972021
v 0.17063823 0.04371053 -0.1051731
v 0.1775884 0.04688888 -0.09365603
v 0.16653928 0.04993659 -0.10015929
v 0.16792228 0.0442444 -0.0987764
v 0.18877181 0.05553495 -0.09447275
v 0.19809874 0.05197387 -0.08618038
v 0.19004121 0.04947358 -0.0933789
v 0.19367826 0.05159723 -0.08108867
v 0.18475759 0.05605459 -0.08899649
v 0.18618246 0.04938721 -0.08774656
v 0.20367482 0.06096243 -0.07916618
v 0.2107588 0.05546987 -0.0693444
v 0.20499739 0.05401146 -0.07815627
v 0.20535588 0.05461287 -0.06564098
v 0.19862374 0.06081247 -0.07482408
v 0.20005071 0.05337631 -0.07372337
v 0.21406662 0.06354951 -0.06070109
v 0.21908119 0.05631142 -0.04947585
v 0.21540498 0.05622988 -0.05978284
v 0.21307361 0.05513572 -0.04723737
v 0.20824304 0.06289899 -0.05777944
v 0.20964971 0.05519467 -0.05683099
v 0.22064921 0.06285738 -0.0392704
v 0.22399601 0.05452054 -0.02695768
v 0.22193318 0.05573105 -0.03842772
v 0.21786978 0.05319291 -0.02583085
v 0.21443244 0.06192117 -0.0376208
v 0.21576947 0.05445081 -0.036804
v 0.22421008 0.05935072 -0.0162226
v 0.22533774 0.05097413 -0.0066074
v 0.22530427 0.05270922 -0.01538501
v 0.221228 0.05004376 -0.00617725
v 0.22255229 0.05651831 -0.00432727
v 0.22357493 0.04999083 -0.00352266
v 0.21832561 0.05839687 -0.01537503
v 0.21950763 0.05141747 -0.01461763
v 0.02162552 0.02229559 0.00964925
v 0.02087463 0.02656012 -0.00147471
v 0.02279986 0.02176195 -0.01509368
v 0.02157618 0.0219534 -0.00096869
v 0.02639431 0.02283781 0.01028579
v 0.02315251 0.02961665 0.01263605
v 0.02376601 0.02263981 0.01345352
v 0.02907382 0.02269047 -0.0138701
v 0.02715548 0.02950632 -0.0007715
v 0.02791199 0.0227434 -0.00000794
v 0.02360543 0.02588242 -0.02986539
v 0.02710866 0.02234274 -0.04362711
v 0.02448388 0.02187222 -0.02941431
v 0.03303832 0.02375108 -0.0413577
v 0.02958168 0.02904397 -0.02842821
v 0.03063403 0.02301347 -0.02774317
v 0.03020275 0.02651548 -0.05800605
v 0.03686756 0.02445447 -0.07049274
v 0.03115345 0.02323305 -0.05742847
v 0.04195175 0.02649706 -0.06675696
v 0.03546493 0.03008544 -0.05530767
v 0.03673325 0.02494293 -0.05444393
v 0.04375704 0.02848684 -0.0832436
v 0.05390822 0.0275765 -0.09312056
v 0.04450067 0.02591735 -0.08249483
v 0.05755537 0.03035783 -0.08807155
v 0.04763884 0.03276079 -0.07937134
v 0.0489267 0.02832371 -0.07805168
v 0.06439004 0.03133493 -0.10299138
v 0.07728984 0.03136634 -0.1091682
v 0.06494566 0.02938544 -0.10205724
v 0.0791855 0.03483015 -0.10338025
v 0.06649565 0.03646129 -0.0985808
v 0.06773454 0.03253448 -0.09656147
v 0.09004623 0.03519749 -0.11548099
v 0.10446675 0.03595095 -0.11746505
v 0.0906183 0.03354078 -0.11431718
v 0.10463333 0.03972244 -0.11148761
v 0.09045777 0.04086077 -0.11110679
v 0.09162954 0.03722214 -0.10838852
v 0.11781563 0.04041785 -0.12001163
v 0.13203463 0.04169952 -0.1179357
v 0.11837174 0.03863626 -0.1185716
v 0.13071236 0.04519861 -0.11194997
v 0.1168117 0.04609453 -0.11577582
v 0.11776318 0.04234427 -0.11257939
v 0.1447874 0.04758453 -0.11744669
v 0.15748834 0.0491833 -0.11247929
v 0.14515757 0.04524445 -0.11585525
v 0.15489324 0.05189472 -0.10657003
v 0.14258611 0.05279398 -0.11311972
v 0.14317479 0.04839748 -0.10988481
v 0.16861122 0.05682855 -0.1094868
v 0.1789903 0.05772215 -0.10240107
v 0.16877582 0.05343157 -0.10795549
v 0.1752887 0.05943423 -0.09687838
v 0.16536459 0.06138145 -0.10504799
v 0.1656121 0.05564647 -0.1021923
v 0.18799939 0.06644654 -0.09731029
v 0.19607925 0.06541109 -0.08859622
v 0.18810221 0.06179022 -0.0959321
v 0.19136199 0.06624114 -0.08387655
v 0.18381625 0.07047998 -0.09313173
v 0.18388092 0.06304025 -0.09075497
v 0.2027072 0.07400637 -0.08161852
v 0.20855954 0.07043099 -0.07149979
v 0.20289045 0.06836074 -0.08044056
v 0.20296844 0.07055056 -0.06800335
v 0.19758239 0.07764744 -0.07823252
v 0.19770479 0.06881332 -0.07629675
v 0.21276617 0.07747745 -0.06279565
v 0.21673512 0.07142609 -0.05139479
v 0.21311232 0.07141208 -0.0618083
v 0.2106122 0.07102996 -0.04920349
v 0.20676648 0.08043164 -0.06051924
v 0.20721015 0.07124424 -0.05898392
v 0.21916738 0.07661652 -0.04117324
v 0.22181758 0.06903857 -0.02879758
v 0.21961438 0.07059359 -0.04028789
v 0.21558439 0.06840896 -0.02754968
v 0.21260944 0.07877039 -0.03983986
v 0.2133553 0.07004344 -0.03862644
v 0.22315692 0.07287001 -0.01810193
v 0.22367787 0.06496661 -0.00844054
v 0.2234098 0.06688302 -0.01723382
v 0.21939757 0.06450921 -0.00782765
v 0.22152122 0.07256019 -0.00611615
v 0.22190803 0.06412828 -0.00526142
v 0.21678972 0.07476353 -0.01720106
v 0.21744412 0.06624996 -0.01627026
v 0.02454564 0.04320728 -0.00213151
v 0.02246367 0.04370629 -0.01639364
v 0.0192994 0.04442554 -0.00284404
v 0.02190003 0.04354852 0.00787931
v 0.02190034 0.0448603 -0.00257198
v 0.02495027 0.03765535 0.00867781
v 0.01981653 0.03717702 0.01163134
v 0.02242556 0.03752666 0.01186467
v 0.02695863 0.03650838 -0.01524864
v 0.02616619 0.03720843 -0.00150481
v 0.02630188 0.04110467 -0.02981126
v 0.02579028 0.04099607 -0.04463108
v 0.02110069 0.04168307 -0.03103574
v 0.02362464 0.04233104 -0.0304923
v 0.03035527 0.03550463 -0.04288214
v 0.02821262 0.03587579 -0.02912036
v 0.03178195 0.03952145 -0.05739036
v 0.03457557 0.03940516 -0.07211091
v 0.02720593 0.03888005 -0.05957868
v 0.02936644 0.03996235 -0.05857391
v 0.03885146 0.03613561 -0.06913864
v 0.03381448 0.03558725 -0.05629573
v 0.04359143 0.03993254 -0.08318255
v 0.05056215 0.04014766 -0.09686996
v 0.04009347 0.03780883 -0.08649639
v 0.04163977 0.03949576 -0.08503287
v 0.0543398 0.03855729 -0.09211824
v 0.04572568 0.03715884 -0.08118826
v 0.0626683 0.04233366 -0.10475023
v 0.07365755 0.04280787 -0.11558797
v 0.06050305 0.03908956 -0.10882216
v 0.06134615 0.0412718 -0.10715251
v 0.07622882 0.04214763 -0.10937366
v 0.06459591 0.04022908 -0.10160188
v 0.0877017 0.04604834 -0.11921475
v 0.10138674 0.04704469 -0.12594333
v 0.08701571 0.04229259 -0.12351658
v 0.08716129 0.04469388 -0.12188413
v 0.10238876 0.04672902 -0.11887922
v 0.08897464 0.04428678 -0.11516886
v 0.11563573 0.05132311 -0.12488114
v 0.13023072 0.0536524 -0.12722329
v 0.11630319 0.04758369 -0.12926578
v 0.11586273 0.0499764 -0.1276683
v 0.12954571 0.0529043 -0.11991508
v 0.11602728 0.04955822 -0.1203965
v 0.1431401 0.05921053 -0.12198723
v 0.15717327 0.06392025 -0.12068781
v 0.14513447 0.0560857 -0.12642073
v 0.14413189 0.05823975 -0.1247732
v 0.15486574 0.06161797 -0.11385164
v 0.14259973 0.05689644 -0.11762832
v 0.16730934 0.07097339 -0.11268402
v 0.1794759 0.07829964 -0.10894341
v 0.17047324 0.06917899 -0.11705827
v 0.16896167 0.07087492 -0.11533769
v 0.17602145 0.07295823 -0.10296392
v 0.1660203 0.06714975 -0.10889954
v 0.18656927 0.08439153 -0.09934295
v 0.19649854 0.09177184 -0.09377423
v 0.19060406 0.08418542 -0.1033912
v 0.18869447 0.08538347 -0.10172597
v 0.19236144 0.08349007 -0.08879597
v 0.18482786 0.0785107 -0.09623628
v 0.20035374 0.09520429 -0.08321967
v 0.20753756 0.10045099 -0.07586208
v 0.20501089 0.09632331 -0.08656778
v 0.2027696 0.09710961 -0.08517739
v 0.20344466 0.0901727 -0.07196167
v 0.19854497 0.08758014 -0.08072246
v 0.20843347 0.09858429 -0.06435474
v 0.21318396 0.09945863 -0.05495546
v 0.21326476 0.10039961 -0.06670776
v 0.21083235 0.10085338 -0.06575553
v 0.20994746 0.08972686 -0.05222818
v 0.20712631 0.09066021 -0.06245932
v 0.21291005 0.09517765 -0.04262661
v 0.21695309 0.09509879 -0.03169373
v 0.2176069 0.09723907 -0.04416093
v 0.21512386 0.09740775 -0.04355922
v 0.21430593 0.08595454 -0.02982293
v 0.2122665 0.0880568 -0.04128007
v 0.21851328 0.08203434 -0.00926552
v 0.22377747 0.08165049 -0.00711945
v 0.22060605 0.08903372 -0.01009459
v 0.2212713 0.08155351 -0.00668267
v 0.21674931 0.09061688 -0.01883557
v 0.22153979 0.09294742 -0.01997209
v 0.21897363 0.09292841 -0.01948517
v 0.21628981 0.0837239 -0.01806516
v 0.03033601 -0.0995801 0.0173009
v 0.03165971 -0.09891521 0.00688901
v 0.0335778 -0.11314672 -0.00626355
v 0.03170266 -0.11115807 0.00773682
v 0.03143912 -0.10503697 0.00726574
v 0.03132596 -0.10628455 0.01792037
v 0.03421824 -0.1207056 -0.00557941
v 0.03242388 -0.11319899 0.00801059
v 0.0348694 -0.10559743 -0.00649567
v 0.03079736 -0.09286201 0.01693181
v 0.03239334 -0.09687215 0.0069011
v 0.03061344 -0.09775286 0.02075001
v 0.036886 -0.11687129 -0.02049735
v 0.03994821 -0.13317054 -0.03433947
v 0.03639883 -0.12899267 -0.01976114
v 0.03640305 -0.12293034 -0.02019638
v 0.04073279 -0.14220172 -0.03348242
v 0.03701926 -0.1310172 -0.01945024
v 0.04105379 -0.12412542 -0.03456563
v 0.03770201 -0.11485159 -0.02040557
v 0.04439799 -0.13535809 -0.04885264
v 0.04943209 -0.15070939 -0.06260323
v 0.04455835 -0.14991629 -0.04796368
v 0.04424556 -0.14264375 -0.04849912
v 0.05067288 -0.16060948 -0.06165108
v 0.04526506 -0.15232467 -0.04755665
v 0.05000774 -0.1407147 -0.06271292
v 0.04508635 -0.13290935 -0.04871425
v 0.05547863 -0.1495015 -0.07672181
v 0.06297384 -0.16093963 -0.09001228
v 0.05624608 -0.1639167 -0.07619129
v 0.05564353 -0.15672314 -0.07658055
v 0.06435612 -0.16993117 -0.08931317
v 0.05701303 -0.16627776 -0.0757442
v 0.06324321 -0.15183669 -0.08953837
v 0.05602469 -0.14705324 -0.07642399
v 0.07131452 -0.15715444 -0.10228543
v 0.08129305 -0.16539657 -0.11352199
v 0.07209306 -0.17004782 -0.10233205
v 0.07151488 -0.16361004 -0.10248129
v 0.08229105 -0.17365813 -0.11291281
v 0.07277264 -0.1721698 -0.10183545
v 0.08161456 -0.15712022 -0.11253561
v 0.07176875 -0.15497446 -0.10174672
v 0.09239956 -0.16091746 -0.12217173
v 0.10448802 -0.16864037 -0.12958855
v 0.09253395 -0.17301631 -0.12271754
v 0.09233342 -0.1669597 -0.1226696
v 0.10464214 -0.17670893 -0.12921175
v 0.09293989 -0.17505985 -0.12214647
v 0.10508865 -0.16070759 -0.12799581
v 0.09279345 -0.15892344 -0.12139302
v 0.11800616 -0.16475242 -0.13303127
v 0.13138938 -0.17300558 -0.13529568
v 0.11730705 -0.17685514 -0.13433405
v 0.11760825 -0.1707831 -0.13394305
v 0.13072863 -0.18122834 -0.13521036
v 0.11732057 -0.17893755 -0.13378202
v 0.13205182 -0.1649422 -0.13325977
v 0.11828307 -0.16279661 -0.13202165
v 0.14601475 -0.16888153 -0.13245481
v 0.15954566 -0.17627567 -0.12815716
v 0.14494687 -0.18100142 -0.13344806
v 0.14552635 -0.17492842 -0.13321054
v 0.15849492 -0.18421828 -0.12748429
v 0.14461889 -0.18306267 -0.13284727
v 0.1599029 -0.16836494 -0.12686675
v 0.14607009 -0.16689807 -0.13150097
v 0.17331418 -0.17098474 -0.12022237
v 0.18536835 -0.17651557 -0.1108779
v 0.17239135 -0.18255263 -0.12053238
v 0.17297422 -0.17677134 -0.12060395
v 0.1842294 -0.18394911 -0.11030531
v 0.17186 -0.18447309 -0.11991433
v 0.18529701 -0.16902256 -0.10982531
v 0.17311576 -0.16904598 -0.11948107
v 0.19644269 -0.17020344 -0.09897025
v 0.20554605 -0.17397308 -0.08614129
v 0.19577184 -0.18099445 -0.09928914
v 0.19628426 -0.17560774 -0.09930552
v 0.20438116 -0.18092966 -0.08575747
v 0.19511741 -0.18276828 -0.0988243
v 0.2051225 -0.16695106 -0.08536467
v 0.19603455 -0.16837698 -0.0983809
v 0.21293425 -0.16633594 -0.07138454
v 0.21848329 -0.16793459 -0.05598281
v 0.21259123 -0.17671948 -0.07167115
v 0.21297815 -0.17153441 -0.07163982
v 0.21747696 -0.17481929 -0.05584473
v 0.21187779 -0.17843258 -0.07139077
v 0.21767118 -0.16102552 -0.05548263
v 0.21235486 -0.16458535 -0.07099276
v 0.2217102 -0.15771406 -0.03923312
v 0.22383108 -0.15638184 -0.02217456
v 0.22175154 -0.16792291 -0.03936573
v 0.22196477 -0.16281646 -0.03935082
v 0.22302845 -0.16311007 -0.02201915
v 0.22104892 -0.16962897 -0.03924045
v 0.22274157 -0.14970201 -0.02208419
v 0.22101047 -0.15601438 -0.03905053
v 0.22401675 -0.14386093 -0.00499796
v 0.22478526 -0.14117723 0.01191324
v 0.22449141 -0.15381515 -0.00472766
v 0.22449129 -0.1488263 -0.00488473
v 0.22432088 -0.14790499 0.01229419
v 0.22385156 -0.15550988 -0.00462225
v 0.2233541 -0.13458216 0.0117017
v 0.22323253 -0.14223569 -0.0049718
v 0.224839 -0.12935555 0.02736466
v 0.22606876 -0.12979286 0.03900715
v 0.22579368 -0.13960295 0.02791282
v 0.22555261 -0.13445931 0.02761393
v 0.22590425 -0.13510513 0.03938289
v 0.22523948 -0.1413716 0.02807425
v 0.22482073 -0.12461268 0.03880264
v 0.22561413 -0.12829887 0.04288613
v 0.22397658 -0.12770777 0.02735121
v 0.01779433 0.03661513 0.00806379
v 0.01739289 0.0420041 -0.00283573
v 0.01888847 0.0349431 -0.01639586
v 0.0190946 0.02987122 -0.0018308
v 0.01801488 0.03589326 -0.00234149
v 0.01916757 0.0305435 0.00861242
v 0.02117658 0.02742832 -0.01572206
v 0.02004884 0.02798008 -0.00165109
v 0.01841065 0.04287558 -0.01694231
v 0.01779947 0.04292881 0.00754875
v 0.01780932 0.04416102 -0.00296732
v 0.01833446 0.03695845 0.01154334
v 0.01935553 0.03931844 -0.03126462
v 0.02278711 0.03299635 -0.04532143
v 0.0216981 0.02863937 -0.03032187
v 0.02030458 0.03391373 -0.03082448
v 0.02528477 0.02697575 -0.04441696
v 0.02273746 0.02705025 -0.03008496
v 0.02200013 0.03966599 -0.04580505
v 0.01964914 0.04129368 -0.03131418
v 0.02575766 0.03656834 -0.06016603
v 0.03272377 0.03211486 -0.07327291
v 0.02836053 0.02839255 -0.05883811
v 0.02686023 0.03237754 -0.05958082
v 0.03524387 0.02802455 -0.07164912
v 0.02937332 0.02733677 -0.05839463
v 0.03161286 0.03722906 -0.07406188
v 0.02593791 0.03824222 -0.06013743
v 0.03922354 0.03537774 -0.0872726
v 0.05028874 0.03283816 -0.09754877
v 0.04222157 0.02945643 -0.08461513
v 0.04057771 0.0322625 -0.08606833
v 0.05281442 0.03007286 -0.09458585
v 0.04313946 0.02893185 -0.08381189
v 0.04863675 0.03703755 -0.09940913
v 0.03917482 0.03683161 -0.08732926
v 0.06028121 0.03644383 -0.10944996
v 0.074527 0.03531104 -0.11514388
v 0.06331273 0.03166735 -0.10485793
v 0.06172359 0.03385841 -0.10729744
v 0.07646635 0.0331456 -0.11093775
v 0.06402366 0.03146106 -0.10367364
v 0.07290559 0.03915005 -0.11819561
v 0.06001119 0.0378344 -0.10977304
v 0.08725176 0.03954875 -0.12386207
v 0.10274947 0.03954231 -0.12457849
v 0.08945582 0.03524625 -0.11768813
v 0.0883435 0.03718167 -0.12091787
v 0.10373931 0.03759294 -0.11955554
v 0.08984112 0.03517592 -0.11624027
v 0.10162647 0.04323309 -0.12847116
v 0.08692751 0.04091531 -0.12445198
v 0.11682073 0.04484301 -0.12944537
v 0.13173878 0.04609453 -0.12563781
v 0.11773683 0.04051661 -0.12244074
v 0.11732091 0.04246491 -0.12608352
v 0.13157996 0.04382264 -0.12038268
v 0.11775287 0.04043906 -0.12085899
v 0.1313602 0.05002486 -0.12975609
v 0.11655209 0.04621094 -0.13018201
v 0.14588064 0.05339479 -0.12668067
v 0.158789 0.05595415 -0.11975736
v 0.14530143 0.04814595 -0.11991678
v 0.14568364 0.05057668 -0.12344446
v 0.15746939 0.05245143 -0.11497028
v 0.14491909 0.04784989 -0.11835884
v 0.15917375 0.06085592 -0.1233472
v 0.14570742 0.05485075 -0.12736478
v 0.17144909 0.06641823 -0.11754864
v 0.18135431 0.06889176 -0.10881106
v 0.16965147 0.05843091 -0.11180842
v 0.17068842 0.06227225 -0.11483094
v 0.17926481 0.06277281 -0.10475808
v 0.16893103 0.05755549 -0.11039932
v 0.18218758 0.07604223 -0.11164486
v 0.17133975 0.06820732 -0.11804333
v 0.19180762 0.08120173 -0.10401717
v 0.19884452 0.08081388 -0.09399794
v 0.18936348 0.06936305 -0.09937443
v 0.19075897 0.07517451 -0.10184362
v 0.19641321 0.07210934 -0.09066682
v 0.18843179 0.0677126 -0.09816046
v 0.19976949 0.09022617 -0.09622251
v 0.19169887 0.08349871 -0.1043439
v 0.20651313 0.09313863 -0.08710677
v 0.21089035 0.08864313 -0.07589186
v 0.20418793 0.07800954 -0.08333436
v 0.20555293 0.08550387 -0.085344
v 0.20879226 0.07821911 -0.07321841
v 0.20318967 0.07570022 -0.08233775
v 0.21126651 0.09949535 -0.07772191
v 0.20629534 0.09587252 -0.08736266
v 0.21516853 0.09744966 -0.06703017
v 0.21786347 0.08914452 -0.05474594
v 0.21410554 0.08188843 -0.06410063
v 0.21486178 0.0896331 -0.06565201
v 0.21679455 0.07946133 -0.05280195
v 0.21325203 0.07940322 -0.06335419
v 0.21708172 0.09899097 -0.05613357
v 0.21467319 0.10015201 -0.06725733
v 0.21983566 0.09481501 -0.04432445
v 0.22236609 0.08601802 -0.03150014
v 0.22027695 0.08089739 -0.04215185
v 0.22029089 0.08784759 -0.04329523
v 0.22191235 0.07701164 -0.03009347
v 0.21964508 0.07860237 -0.04161956
v 0.22093188 0.09502786 -0.03251618
v 0.21905931 0.09716051 -0.0445145
v 0.22381961 0.0907098 -0.02017109
v 0.22548452 0.08226287 -0.01051033
v 0.22432982 0.07714444 -0.0188618
v 0.2243112 0.08393019 -0.01956128
v 0.2248663 0.07537353 -0.00992105
v 0.22370415 0.0748741 -0.01850995
v 0.22468218 0.08912843 -0.01083882
v 0.2252441 0.08169525 -0.00737925
v 0.22302547 0.09296149 -0.02025436
v -0.25150859 0.04015898 -0.01099926
v -0.25176006 0.03824955 -0.01115467
v -0.25195825 0.03638285 -0.01167848
v -0.25209862 0.03463184 -0.01255256
v -0.25217783 0.03305953 -0.01374271
v -0.25219106 0.03172773 -0.01520405
v -0.25214177 0.03068751 -0.01688171
v -0.25203156 0.02997613 -0.01870988
v -0.25186783 0.02962237 -0.02061898
v -0.25165236 0.02963882 -0.02253688
v -0.25139552 0.03002703 -0.02438787
v -0.25110518 0.03076827 -0.02610167
v -0.25078994 0.03184062 -0.02761165
v -0.25046217 0.03320187 -0.02885795
v -0.25013262 0.03480142 -0.02979434
v -0.24981306 0.03657758 -0.03038179
v -0.2495142 0.03846287 -0.03060096
v -0.24924787 0.04038274 -0.03044024
v -0.24902692 0.04226249 -0.02990872
v -0.24885931 0.04403561 -0.02902588
v -0.24875387 0.04562288 -0.02782724
v -0.24871805 0.0469734 -0.02635578
v -0.24874839 0.04802393 -0.02467351
v -0.24885174 0.04873907 -0.02284417
v -0.24902197 0.0490902 -0.0209359
v -0.24925115 0.04906463 -0.01902333
v -0.24953208 0.04866105 -0.01717781
v -0.2498487 0.04789972 -0.01547465
v -0.25019091 0.0468083 -0.01397402
v -0.25054258 0.04543191 -0.01273535
v -0.25088822 0.04382199 -0.01180671
v -0.25121343 0.04204124 -0.01121987
v -0.24209138 0.03861248 -0.00906703
v -0.24233225 0.03671008 -0.00921697
v -0.24251303 0.03485381 -0.00973603
v -0.24262553 0.03311967 -0.01059995
v -0.24266937 0.0315696 -0.0117784
v -0.24264431 0.03026604 -0.01322512
v -0.24254986 0.02925646 -0.01488684
v -0.24238997 0.02857834 -0.01669888
v -0.24217277 0.02825856 -0.01858998
v -0.24190524 0.0283097 -0.02048893
v -0.24159809 0.02872955 -0.02232329
v -0.24126261 0.0295068 -0.02402193
v -0.24090915 0.03060257 -0.02551809
v -0.24055203 0.03198641 -0.02675371
v -0.24020215 0.03359782 -0.02768246
v -0.2398746 0.03537863 -0.02826823
v -0.2395806 0.03725856 -0.02848827
v -0.23933199 0.03916841 -0.02833419
v -0.23913773 0.04103255 -0.02781249
v -0.23900806 0.04277521 -0.02694237
v -0.23894804 0.04433697 -0.02575724
v -0.23896008 0.04565066 -0.02430601
v -0.23904648 0.04666632 -0.02264109
v -0.23920071 0.047347 -0.02082846
v -0.23942285 0.04766637 -0.01893658
v -0.23969605 0.04761046 -0.01704193
v -0.2400169 0.0471791 -0.01521247
v -0.2403692 0.04639309 -0.01352057
v -0.24073746 0.04528516 -0.01202963
v -0.24111154 0.04389369 -0.01079713
v -0.24146932 0.04227435 -0.00987214
v -0.24180123 0.04049038 -0.00928749
v -0.23921501 0.03771191 -0.01843901
v -0.25125825 0.03996294 -0.01334655
v -0.25145179 0.03851014 -0.01346402
v -0.25160425 0.03708952 -0.01386365
v -0.25171554 0.03575593 -0.01452932
v -0.25177741 0.03455573 -0.0154353
v -0.25179213 0.03354215 -0.01654771
v -0.25175875 0.03274893 -0.01782332
v -0.25167751 0.03220766 -0.01921427
v -0.25155526 0.031937 -0.02066622
v -0.25139254 0.03194868 -0.02212608
v -0.25119948 0.03224152 -0.02353289
v -0.25097823 0.03280746 -0.02483577
v -0.2507385 0.03362286 -0.02598381
v -0.25048786 0.03465807 -0.02693087
v -0.2502374 0.03587323 -0.02764222
v -0.24999348 0.03722435 -0.02809071
v -0.24976699 0.03865534 -0.02825589
v -0.24956588 0.0401172 -0.02813416
v -0.24939833 0.04154765 -0.02772953
v -0.24927148 0.04289287 -0.02705848
v -0.24918922 0.04409992 -0.02614632
v -0.24916151 0.04512602 -0.02502906
v -0.24918577 0.0459252 -0.02374879
v -0.24926087 0.04647243 -0.02235713
v -0.24938736 0.04673928 -0.02090553
v -0.24955855 0.04672193 -0.01945131
v -0.24976699 0.04641896 -0.01804807
v -0.25000453 0.04584306 -0.01675012
v -0.25026178 0.04501539 -0.01560931
v -0.25052559 0.04396909 -0.01466683
v -0.25078678 0.04274672 -0.01395842
v -0.2510336 0.04139453 -0.01351352
v -0.25112521 0.03987693 -0.01447104
v -0.25129067 0.03864312 -0.01457095
v -0.2514224 0.03743821 -0.01491084
v -0.25151717 0.03630495 -0.01547659
v -0.25157433 0.03528791 -0.01624497
v -0.25158935 0.03442257 -0.01718954
v -0.25156354 0.03374898 -0.0182726
v -0.25149774 0.0332871 -0.01945556
v -0.25139683 0.03305435 -0.02068776
v -0.25126373 0.03306281 -0.02192557
v -0.25110155 0.03330987 -0.02312091
v -0.25091791 0.03378462 -0.02422611
v -0.25071692 0.03447818 -0.0252011
v -0.25050765 0.03535348 -0.02600531
v -0.25029379 0.03638523 -0.02660966
v -0.2500897 0.0375294 -0.02698757
v -0.24989591 0.03874403 -0.02712929
v -0.24972342 0.03998345 -0.02702559
v -0.24957965 0.04119771 -0.02668221
v -0.24947087 0.04234081 -0.02611183
v -0.24940024 0.04336804 -0.02533748
v -0.24937169 0.04423862 -0.02438945
v -0.24938808 0.04491949 -0.02330268
v -0.24944894 0.04538542 -0.02212027
v -0.24955289 0.04561668 -0.02088838
v -0.24969337 0.04560208 -0.01965294
v -0.24986867 0.04534816 -0.01846144
v -0.25006705 0.04485964 -0.01735968
v -0.25028199 0.04416096 -0.01639099
v -0.25050413 0.04327529 -0.01559131
v -0.25072544 0.04223752 -0.01499105
v -0.25093489 0.04109239 -0.01461205
v -0.24906352 0.03973913 -0.01320166
v -0.24468994 0.03907847 -0.01229355
v -0.24447351 0.04044568 -0.01245337
v -0.24884691 0.04110902 -0.01336034
v -0.24423801 0.04173928 -0.01288037
v -0.24861361 0.04239982 -0.01378807
v -0.2439903 0.04290586 -0.01355845
v -0.24836792 0.04356652 -0.01446677
v -0.24374491 0.04390078 -0.01446147
v -0.2481233 0.0445621 -0.01537103
v -0.24350729 0.04468441 -0.01555552
v -0.2478899 0.04534369 -0.01646492
v -0.24329307 0.04523009 -0.01679888
v -0.24767676 0.04588627 -0.01771103
v -0.24310639 0.04550856 -0.01814558
v -0.24749437 0.04616564 -0.01905849
v -0.24295967 0.04551702 -0.01954411
v -0.24735155 0.04616779 -0.02045742
v -0.24285727 0.04524666 -0.02093803
v -0.24725458 0.04589426 -0.02185353
v -0.24280411 0.04471176 -0.02227552
v -0.24720528 0.04535573 -0.0231925
v -0.24280318 0.04393148 -0.02350672
v -0.24721232 0.04457283 -0.0244243
v -0.24285072 0.04293769 -0.02458163
v -0.24726411 0.04357415 -0.02550295
v -0.24294549 0.041772 -0.02546111
v -0.24736419 0.04240548 -0.02638304
v -0.24308371 0.04047197 -0.02610817
v -0.24750563 0.04110556 -0.02703121
v -0.24325621 0.03909677 -0.02649858
v -0.24767974 0.03972905 -0.02742399
v -0.24345699 0.03769719 -0.02661756
v -0.2478818 0.03832596 -0.02754246
v -0.24367705 0.03632503 -0.02646018
v -0.24810166 0.03695327 -0.02738463
v -0.24390694 0.03503662 -0.02602901
v -0.24832995 0.03566616 -0.02695632
v -0.2441371 0.03387868 -0.02534735
v -0.24856056 0.03450971 -0.02627135
v -0.24436247 0.032898 -0.02443655
v -0.24878361 0.03352946 -0.02536063
v -0.24457541 0.03212976 -0.02333299
v -0.24899217 0.03276479 -0.02425521
v -0.24476671 0.03160023 -0.02208166
v -0.24917838 0.03223955 -0.02300215
v -0.24493199 0.03133612 -0.02072957
v -0.24933883 0.03197807 -0.02164718
v -0.24506774 0.0313397 -0.01932569
v -0.24946944 0.03198212 -0.02024341
v -0.24516347 0.03161072 -0.01793238
v -0.24956087 0.03225666 -0.01884732
v -0.24522429 0.03214108 -0.01659526
v -0.24961565 0.03279197 -0.01750862
v -0.24524006 0.03290933 -0.01537006
v -0.24962852 0.03356361 -0.01628121
v -0.24521157 0.03389 -0.01430124
v -0.24959592 0.03454786 -0.01521155
v -0.24514222 0.03504157 -0.01343117
v -0.24952112 0.03569972 -0.01434036
v -0.24502849 0.03632229 -0.0127916
v -0.24940703 0.0369836 -0.0137007
v -0.24487617 0.03768497 -0.01240807
v -0.24925252 0.03834676 -0.01331569
v -0.25250947 0.04027628 -0.01159374
v -0.25275105 0.03844147 -0.01174279
v -0.25237375 0.03833198 -0.01128521
v -0.25212347 0.04024553 -0.0111301
v -0.25294029 0.03664416 -0.01224752
v -0.25257229 0.03646487 -0.01180886
v -0.2530775 0.03495997 -0.01308708
v -0.25271219 0.03471589 -0.01268155
v -0.25315219 0.03344792 -0.01423329
v -0.25278943 0.03314298 -0.0138727
v -0.25316566 0.03216701 -0.01563836
v -0.25280296 0.03181368 -0.01533355
v -0.25311875 0.031165 -0.01725069
v -0.25275266 0.03077107 -0.01700952
v -0.25301253 0.03048384 -0.01900913
v -0.25264108 0.03006088 -0.01883848
v -0.25285589 0.03014004 -0.02084333
v -0.25247365 0.02970743 -0.02074684
v -0.25264763 0.03015869 -0.02268763
v -0.25225806 0.02972555 -0.02266353
v -0.25239944 0.03053122 -0.0244684
v -0.25200092 0.03011351 -0.02451381
v -0.25211966 0.03124874 -0.02611626
v -0.25170838 0.03085953 -0.02622834
v -0.25181639 0.03227967 -0.02756689
v -0.25139302 0.03193318 -0.02773683
v -0.25150048 0.03359121 -0.02876517
v -0.25106334 0.03329521 -0.02898308
v -0.25118356 0.03512638 -0.02966512
v -0.25073307 0.03489434 -0.0299187
v -0.2508735 0.03683263 -0.03023114
v -0.25041163 0.03666931 -0.0305068
v -0.25058633 0.03864616 -0.03044184
v -0.25011456 0.03855335 -0.03072563
v -0.25033152 0.04049402 -0.03028707
v -0.24984853 0.04047387 -0.03056509
v -0.25012159 0.04230243 -0.02977568
v -0.24962936 0.0423547 -0.03003446
v -0.24996106 0.0440045 -0.02892763
v -0.24946354 0.04412591 -0.02915186
v -0.24985764 0.04553133 -0.02777475
v -0.24935905 0.04571402 -0.02795299
v -0.24982498 0.04682761 -0.02636032
v -0.24932351 0.04705935 -0.02648253
v -0.24985663 0.0478388 -0.02474272
v -0.24935703 0.04811036 -0.02480142
v -0.24995504 0.04852306 -0.02298437
v -0.24946139 0.04882359 -0.02297274
v -0.25011849 0.04886078 -0.02114976
v -0.24963294 0.04917502 -0.02106398
v -0.25033921 0.04883927 -0.01931046
v -0.24986295 0.04915034 -0.01915129
v -0.25060808 0.04845178 -0.01753616
v -0.25014412 0.04874819 -0.01730787
v -0.25091302 0.04771822 -0.01589731
v -0.25046175 0.04798322 -0.01560364
v -0.25124132 0.04667013 -0.01445437
v -0.25080454 0.04689192 -0.01410464
v -0.2515791 0.04534775 -0.01326347
v -0.25115698 0.04551482 -0.01286551
v -0.25191158 0.04379904 -0.01236988
v -0.25150233 0.04390597 -0.011937
v -0.25222444 0.04208588 -0.01180526
v -0.25182741 0.04212474 -0.01134974
v -0.25193393 0.04009866 -0.01348118
v -0.25212663 0.03864479 -0.01360085
v -0.25228333 0.03722363 -0.01399988
v -0.25239831 0.03588354 -0.01466731
v -0.25246614 0.0346831 -0.01557522
v -0.25248694 0.03366637 -0.01668968
v -0.25246018 0.03286582 -0.01796855
v -0.25238782 0.03231668 -0.01936175
v -0.25227212 0.03204041 -0.02081723
v -0.25212127 0.03204524 -0.02227926
v -0.25193554 0.03233397 -0.02368951
v -0.25172418 0.03289407 -0.02499655
v -0.25149208 0.03370493 -0.0261456
v -0.25124788 0.03473794 -0.02709507
v -0.25099945 0.03595095 -0.02780799
v -0.25075751 0.03730076 -0.02825514
v -0.25052744 0.03873288 -0.0284213
v -0.25032454 0.04019248 -0.02829808
v -0.25015324 0.04162955 -0.02789225
v -0.25001829 0.04297727 -0.02721928
v -0.24992947 0.04419267 -0.0263039
v -0.24989061 0.04522341 -0.02518315
v -0.24990557 0.04602938 -0.02390077
v -0.24997322 0.04658168 -0.02250574
v -0.25009065 0.04685622 -0.02105044
v -0.25025528 0.04684376 -0.01959331
v -0.25045603 0.04654347 -0.01818811
v -0.2506864 0.04597044 -0.01688846
v -0.2509402 0.04514604 -0.01574597
v -0.25120216 0.04410404 -0.01480132
v -0.25146246 0.04288214 -0.01409287
v -0.25170832 0.04153031 -0.0136471
v -0.25225806 0.04018181 -0.01326378
v -0.2524603 0.03867393 -0.01338719
v -0.25262343 0.03719729 -0.0138022
v -0.25274312 0.03580945 -0.01449426
v -0.25281471 0.03456443 -0.01543628
v -0.25283849 0.03350329 -0.01659304
v -0.25281375 0.03267306 -0.01792167
v -0.25274145 0.0321024 -0.01936784
v -0.25262701 0.03181374 -0.02087845
v -0.25247198 0.03181606 -0.02239578
v -0.25228399 0.0321111 -0.02386057
v -0.25206869 0.03269183 -0.02521617
v -0.25182914 0.03353005 -0.02641058
v -0.25157946 0.03459918 -0.02739522
v -0.25132322 0.03585481 -0.02813582
v -0.25107353 0.03725463 -0.02860027
v -0.25083643 0.03874099 -0.02877107
v -0.25062257 0.040259 -0.02864357
v -0.25044077 0.04174649 -0.02822093
v -0.25029951 0.04315173 -0.02752231
v -0.25020295 0.04441124 -0.02657195
v -0.25016045 0.04548221 -0.02540882
v -0.25017255 0.0463224 -0.02407634
v -0.25023806 0.04689818 -0.02262846
v -0.25035607 0.04718357 -0.02111851
v -0.25052404 0.04717296 -0.01960548
v -0.25073033 0.04686486 -0.01814687
v -0.25096929 0.04627025 -0.01679918
v -0.25123089 0.04541611 -0.01561336
v -0.25149959 0.04433566 -0.01463402
v -0.25176912 0.04307019 -0.01389906
v -0.25202423 0.04166561 -0.01343651
v -0.24479991 0.03908687 -0.00961765
v -0.2450439 0.03718161 -0.00977086
v -0.24522998 0.03532117 -0.01029043
v -0.24535256 0.03358072 -0.01115924
v -0.24540984 0.03202337 -0.01234231
v -0.24539923 0.03070908 -0.01379512
v -0.24532228 0.0296868 -0.01546128
v -0.24517902 0.02899748 -0.01728034
v -0.2449826 0.02866387 -0.01917635
v -0.24473381 0.02870482 -0.0210837
v -0.24444508 0.02911144 -0.02292404
v -0.24412748 0.02987611 -0.02462694
v -0.24378746 0.03096318 -0.02612778
v -0.2434428 0.03233557 -0.02736956
v -0.24309951 0.03394508 -0.0282992
v -0.24277368 0.03572428 -0.0288872
v -0.24247887 0.03760623 -0.02910663
v -0.24222523 0.03951895 -0.02894981
v -0.24202016 0.04138904 -0.02842445
v -0.24187541 0.04314392 -0.02754955
v -0.24179983 0.04471319 -0.02635931
v -0.24179276 0.04604244 -0.0249009
v -0.24185869 0.04707217 -0.0232296
v -0.24199414 0.04776454 -0.02141043
v -0.2421956 0.04809528 -0.01951361
v -0.24245375 0.04804897 -0.01761076
v -0.24275943 0.04762977 -0.01577596
v -0.2431001 0.04685342 -0.0140791
v -0.24345976 0.04575091 -0.01258531
v -0.2438212 0.04436361 -0.01135208
v -0.24417698 0.04275101 -0.01042363
v -0.24450576 0.04096877 -0.00983965
v -0.24481049 0.04097831 -0.01024385
v -0.24509432 0.03916651 -0.01002983
v -0.24449491 0.04269522 -0.01080663
v -0.24415662 0.04424881 -0.01170289
v -0.24381187 0.04558169 -0.01289398
v -0.24347603 0.04663741 -0.01433723
v -0.24315974 0.04737943 -0.01597623
v -0.24287658 0.047773 -0.01774979
v -0.24264311 0.047809 -0.01958799
v -0.2424646 0.04747939 -0.02142114
v -0.24235078 0.04680103 -0.0231807
v -0.24230447 0.04579746 -0.02479657
v -0.24232661 0.0445072 -0.02620873
v -0.24241235 0.04298555 -0.02736091
v -0.24256426 0.0412845 -0.02820779
v -0.24277001 0.0394755 -0.02871655
v -0.24301999 0.03762805 -0.0288701
v -0.24330592 0.03581339 -0.02865808
v -0.2436175 0.0341019 -0.02809102
v -0.24394193 0.03255635 -0.02719229
v -0.24426546 0.03123849 -0.02599354
v -0.24458038 0.03019583 -0.02454199
v -0.24487304 0.02947104 -0.02289595
v -0.24513417 0.02908825 -0.02111686
v -0.24535948 0.02906036 -0.01927299
v -0.24553334 0.02939403 -0.01743866
v -0.24565178 0.03006988 -0.01568124
v -0.24571242 0.03106451 -0.01407083
v -0.24571192 0.03233891 -0.01266528
v -0.24564576 0.03384673 -0.01152196
v -0.24551788 0.03553193 -0.01068175
v -0.24533298 0.03732615 -0.01017836
v -0.24960826 0.04180443 -0.01088581
v -0.24990306 0.03992277 -0.01066582
v -0.24928179 0.04358315 -0.01147189
v -0.24893489 0.04519355 -0.01240263
v -0.24858249 0.04657352 -0.01363998
v -0.24824078 0.04766404 -0.01513997
v -0.24792316 0.04842418 -0.01684486
v -0.24764296 0.04882848 -0.01868934
v -0.24741336 0.04885512 -0.02060073
v -0.24724248 0.048505 -0.02250953
v -0.24713817 0.04778832 -0.02433848
v -0.24710515 0.04673838 -0.02602137
v -0.24714198 0.04538917 -0.02749105
v -0.2472485 0.04379993 -0.02869
v -0.24741342 0.0420314 -0.02957329
v -0.24763378 0.04015094 -0.03010512
v -0.24790045 0.0382294 -0.03026428
v -0.24819989 0.03634405 -0.03004622
v -0.24851925 0.03457015 -0.02945676
v -0.24884966 0.03297013 -0.02852206
v -0.24917784 0.0316081 -0.02727536
v -0.24949263 0.0305345 -0.02576592
v -0.24978415 0.02979141 -0.02405254
v -0.25004124 0.02940243 -0.0222023
v -0.25025773 0.02938652 -0.02028423
v -0.25042212 0.02974212 -0.01837518
v -0.25053376 0.03045147 -0.0165466
v -0.25058317 0.03149193 -0.01486998
v -0.25056952 0.03282231 -0.01340877
v -0.25049108 0.03439319 -0.01221965
v -0.25035285 0.03614515 -0.01134508
v -0.25015258 0.0380131 -0.0108201
v -0.24944107 0.03984576 -0.01092906
v -0.24915716 0.04166168 -0.01114074
v -0.24884322 0.04337525 -0.01170579
v -0.24850834 0.04492658 -0.01260387
v -0.24817176 0.0462557 -0.01379559
v -0.24784317 0.04730558 -0.01524284
v -0.24753722 0.04803896 -0.0168855
v -0.24726936 0.04842513 -0.01866386
v -0.24704852 0.04845047 -0.02050683
v -0.24688687 0.04810988 -0.02234673
v -0.246789 0.04742097 -0.02411145
v -0.24676045 0.04640483 -0.02573211
v -0.24679657 0.04510402 -0.02714996
v -0.2469004 0.04357332 -0.02830677
v -0.24706301 0.04186666 -0.02915789
v -0.24727675 0.04005038 -0.02967072
v -0.24753227 0.03820061 -0.02982482
v -0.24782171 0.03638392 -0.02961441
v -0.24812831 0.03467267 -0.02904676
v -0.24844725 0.03313082 -0.02814482
v -0.24876251 0.03182023 -0.02694266
v -0.24906393 0.0307874 -0.02548728
v -0.24934187 0.03007054 -0.02383535
v -0.24959008 0.02969914 -0.02205153
v -0.24979494 0.02968394 -0.02020247
v -0.24995158 0.03002548 -0.0183625
v -0.25005734 0.03071212 -0.01659961
v -0.25010311 0.03171563 -0.01498244
v -0.25008684 0.03300255 -0.01357382
v -0.25001102 0.03451532 -0.01242762
v -0.24987588 0.03620713 -0.01158374
v -0.24968282 0.03800666 -0.01107842
v -0.25218457 0.0395751 -0.02114598
v -0.25265646 0.0410496 -0.01581509
v -0.25282043 0.03999823 -0.01569297
v -0.25205069 0.03996384 -0.01467274
v -0.25186294 0.0411759 -0.01481416
v -0.25247365 0.04204499 -0.01614379
v -0.25165152 0.04232561 -0.01519298
v -0.25227838 0.04294747 -0.0166635
v -0.25142741 0.04336482 -0.0157923
v -0.25207787 0.04372042 -0.01735418
v -0.25119942 0.04425174 -0.01659067
v -0.25187939 0.04433643 -0.01819111
v -0.25097739 0.04495751 -0.01755585
v -0.25169616 0.04476547 -0.01914207
v -0.25076967 0.04545015 -0.01865601
v -0.2515304 0.04499709 -0.02016884
v -0.25058436 0.04571247 -0.01984269
v -0.25138962 0.0450176 -0.02123614
v -0.25043201 0.04573392 -0.02107387
v -0.25128132 0.0448299 -0.02229769
v -0.25031358 0.04551369 -0.02230178
v -0.25121086 0.04444199 -0.02331658
v -0.25023984 0.04505729 -0.02347896
v -0.25117927 0.04386085 -0.02425206
v -0.25021022 0.04438561 -0.02456025
v -0.25118428 0.04311817 -0.02506913
v -0.25022399 0.0435208 -0.02550494
v -0.25122892 0.04223972 -0.02573482
v -0.25028359 0.04250305 -0.02627524
v -0.25131088 0.04125702 -0.0262247
v -0.25038445 0.04136747 -0.02684135
v -0.25142371 0.04020965 -0.02651928
v -0.25051981 0.04015553 -0.02718134
v -0.25157004 0.0391398 -0.02660646
v -0.25068908 0.03892046 -0.0272844
v -0.25173455 0.03808707 -0.0264834
v -0.25087994 0.03770655 -0.02714281
v -0.25191617 0.03709149 -0.02615656
v -0.25108701 0.03656119 -0.02676542
v -0.25210696 0.03619432 -0.0256351
v -0.25130522 0.03552478 -0.02616374
v -0.25229847 0.03542679 -0.02494165
v -0.2515217 0.0346449 -0.02536047
v -0.25248742 0.03481686 -0.02410104
v -0.25173372 0.0339452 -0.02439054
v -0.25266277 0.03439229 -0.02314662
v -0.25192868 0.03346204 -0.02328772
v -0.25282275 0.03416603 -0.02211703
v -0.25210303 0.0332061 -0.02209766
v -0.25295603 0.03414797 -0.02104952
v -0.25225114 0.0331881 -0.02086356
v -0.25306338 0.03433758 -0.01998714
v -0.25236666 0.03341203 -0.01963712
v -0.25313848 0.03472387 -0.01896932
v -0.25244414 0.03386658 -0.01845966
v -0.25317609 0.03530091 -0.018035
v -0.25248169 0.03453344 -0.01738042
v -0.25317776 0.03603905 -0.01721943
v -0.25247734 0.03538864 -0.01643865
v -0.25313973 0.03691297 -0.01655732
v -0.25242877 0.03639966 -0.01567284
v -0.25306743 0.03788882 -0.01606994
v -0.25233924 0.03752869 -0.0151103
v -0.2529602 0.03892976 -0.01577885
v -0.25221246 0.03873151 -0.01477339
v -0.19899579 0.00679737 -0.10364235
v -0.19914591 0.00491458 -0.10352164
v -0.1989682 0.00304269 -0.10354591
v -0.19847214 0.00125592 -0.10371739
v -0.19767877 -0.00038552 -0.10403071
v -0.19661811 -0.00181204 -0.10447332
v -0.19533637 -0.00297433 -0.10503174
v -0.19387915 -0.00382757 -0.10568353
v -0.19230946 -0.00434351 -0.10640706
v -0.19068169 -0.00449705 -0.10717141
v -0.18906012 -0.00428485 -0.10794826
v -0.18750354 -0.0037108 -0.10870546
v -0.18607205 -0.00279998 -0.10941264
v -0.18481847 -0.00157964 -0.11004035
v -0.18378821 -0.00009888 -0.11056439
v -0.18302029 0.0015884 -0.11096295
v -0.18254432 0.00341594 -0.11122244
v -0.18237832 0.00531411 -0.11132833
v -0.1825284 0.00721007 -0.11128154
v -0.18299117 0.00902748 -0.11108095
v -0.18375027 0.0106973 -0.11073926
v -0.18478137 0.01215326 -0.11027122
v -0.18604236 0.01333361 -0.10969409
v -0.18748718 0.0141949 -0.10903403
v -0.18906316 0.01470696 -0.10831474
v -0.19070699 0.01484853 -0.10756438
v -0.19235876 0.01460987 -0.10681106
v -0.19394609 0.01400703 -0.10608187
v -0.19541132 0.01306474 -0.10540408
v -0.19669452 0.01181787 -0.10479973
v -0.19774565 0.01031595 -0.10429517
v -0.19852373 0.00862228 -0.10390315
v -0.1944175 0.00677663 -0.0916462
v -0.19457653 0.00488519 -0.09153217
v -0.19441247 0.00300169 -0.09156937
v -0.19393467 0.00119727 -0.09175505
v -0.19316017 -0.00045692 -0.0920832
v -0.19212383 -0.00190252 -0.09254535
v -0.19086211 -0.00308656 -0.09312097
v -0.18942576 -0.00395959 -0.093791
v -0.18787205 -0.0044896 -0.09452724
v -0.18625879 -0.00465762 -0.09530302
v -0.1846466 -0.00445371 -0.09608912
v -0.18309828 -0.00388628 -0.09685351
v -0.18167194 -0.00297939 -0.09756539
v -0.18042311 -0.00176256 -0.09819643
v -0.17939361 -0.000283 -0.09872176
v -0.17862722 0.00140464 -0.09912118
v -0.17815023 0.00323009 -0.09937817
v -0.17798236 0.00513094 -0.09948444
v -0.17812904 0.00702869 -0.09943433
v -0.17858865 0.00884991 -0.09923191
v -0.17934304 0.01052326 -0.09888544
v -0.18036344 0.01198607 -0.09840972
v -0.18161162 0.01318037 -0.09782363
v -0.18304258 0.01405918 -0.09714978
v -0.18460014 0.0145868 -0.09641538
v -0.18622118 0.01474475 -0.09564676
v -0.18784883 0.01452684 -0.09487485
v -0.18941494 0.01394361 -0.09412737
v -0.19086155 0.0130164 -0.09343098
v -0.19213131 0.01178258 -0.09281688
v -0.19317022 0.01029241 -0.09230037
v -0.193944 0.00860077 -0.09190654
v -0.18550628 0.00501227 -0.09350014
v -0.19697374 0.00643801 -0.10450559
v -0.19709003 0.00500577 -0.10441485
v -0.19695824 0.0035808 -0.10443573
v -0.19658231 0.00222027 -0.10456755
v -0.19598087 0.00097364 -0.10480644
v -0.19517767 -0.00011372 -0.10514566
v -0.19420459 -0.0010004 -0.10557031
v -0.19309839 -0.00165098 -0.10606737
v -0.19190442 -0.00204372 -0.10661664
v -0.19066548 -0.00215882 -0.1071977
v -0.18943196 -0.0019958 -0.10778783
v -0.1882483 -0.00155758 -0.10836271
v -0.18715646 -0.00086331 -0.10889749
v -0.18620279 0.00006669 -0.10937405
v -0.18541878 0.00119191 -0.10977111
v -0.18483305 0.0024746 -0.11007484
v -0.18447136 0.00386524 -0.11026956
v -0.18434608 0.00530707 -0.1103517
v -0.18446198 0.00674665 -0.11031743
v -0.18481621 0.00812655 -0.11016763
v -0.18539565 0.00939393 -0.10990814
v -0.18617975 0.01049912 -0.10955414
v -0.18714013 0.01139593 -0.10911653
v -0.18823832 0.01205188 -0.10861431
v -0.18943584 0.01244306 -0.10806803
v -0.19068387 0.01254963 -0.10749636
v -0.191935 0.0123704 -0.10692089
v -0.19314119 0.01191479 -0.10636413
v -0.19425231 0.01119971 -0.10584756
v -0.19522523 0.01025217 -0.10538608
v -0.19602525 0.00911295 -0.10500031
v -0.19661456 0.00782823 -0.10470336
v -0.1960242 0.00624442 -0.10494215
v -0.19612357 0.00502824 -0.10486531
v -0.19600912 0.0038222 -0.10488202
v -0.19568997 0.00266957 -0.10499337
v -0.19517999 0.00161087 -0.10519554
v -0.19449764 0.00068956 -0.10548186
v -0.19367012 -0.00006115 -0.10584023
v -0.19273003 -0.000611 -0.10626128
v -0.19171643 -0.00093978 -0.10672561
v -0.19066399 -0.00103771 -0.10721679
v -0.1896159 -0.00089937 -0.10771526
v -0.18861013 -0.00052678 -0.10820162
v -0.1876825 0.00006473 -0.10865452
v -0.18687373 0.00085252 -0.10905933
v -0.18620672 0.00180906 -0.10939513
v -0.18571272 0.00289619 -0.10965168
v -0.18540489 0.00407499 -0.10981891
v -0.18529775 0.00529831 -0.10988695
v -0.18539816 0.00651764 -0.10985879
v -0.18569871 0.00768727 -0.10973225
v -0.18619054 0.00876379 -0.10951454
v -0.18685737 0.00969952 -0.10921537
v -0.18767353 0.01045787 -0.10884541
v -0.18860718 0.01101303 -0.10842024
v -0.18962338 0.01134169 -0.10795763
v -0.19068512 0.01143074 -0.1074742
v -0.19174784 0.01127737 -0.10698851
v -0.19277152 0.01089084 -0.10651616
v -0.19371542 0.01028341 -0.10607881
v -0.19454169 0.0094791 -0.10568908
v -0.19521939 0.00851196 -0.10536256
v -0.19571995 0.00742042 -0.10510978
v -0.19591459 0.00621962 -0.10227276
v -0.19384908 0.00618654 -0.09680753
v -0.19350597 0.00751209 -0.0969982
v -0.19557219 0.0075441 -0.10246291
v -0.19293758 0.00874608 -0.0972791
v -0.19500479 0.00877744 -0.10274519
v -0.19216582 0.00984376 -0.0976407
v -0.19423201 0.00987798 -0.10310594
v -0.19122275 0.0107603 -0.09807054
v -0.19328725 0.01079499 -0.10353547
v -0.19014558 0.01145827 -0.09855164
v -0.19220763 0.01149398 -0.1040149
v -0.18897458 0.01191079 -0.09906879
v -0.19103547 0.01194775 -0.10453132
v -0.18775796 0.01209771 -0.09960147
v -0.18981802 0.01213794 -0.10506219
v -0.18654489 0.0120123 -0.10013395
v -0.18860536 0.01205205 -0.1055927
v -0.18538284 0.01165467 -0.10064169
v -0.18744212 0.0116955 -0.10610095
v -0.18431624 0.01104277 -0.10110802
v -0.18637484 0.01108348 -0.10656556
v -0.18338736 0.01019477 -0.101517
v -0.18544471 0.01023471 -0.10697452
v -0.18262603 0.009148 -0.10184561
v -0.18468293 0.00918841 -0.10730435
v -0.1820628 0.00794422 -0.10208597
v -0.1841208 0.00798505 -0.10754557
v -0.18171978 0.00662976 -0.10222629
v -0.18377816 0.00667017 -0.10768432
v -0.18160638 0.00525426 -0.10225621
v -0.18366411 0.00529533 -0.10771631
v -0.18172404 0.00387668 -0.1021768
v -0.18378138 0.00391894 -0.10763591
v -0.18206974 0.00254994 -0.1019902
v -0.18412819 0.00259017 -0.10744772
v -0.18263113 0.00132256 -0.10170095
v -0.18468657 0.00136286 -0.10715948
v -0.18338155 0.0002436 -0.10132245
v -0.1854386 0.0002827 -0.10678079
v -0.18429818 -0.00064891 -0.10086913
v -0.18635585 -0.00060838 -0.10632941
v -0.18534758 -0.00131857 -0.10036312
v -0.18740445 -0.00127977 -0.10581955
v -0.18648672 -0.00174403 -0.0998195
v -0.18854534 -0.00170391 -0.10527881
v -0.1876772 -0.00191128 -0.09926667
v -0.18973639 -0.00187122 -0.10472511
v -0.18887725 -0.0018115 -0.09872351
v -0.19093519 -0.00176942 -0.10418241
v -0.19003316 -0.00145351 -0.09821052
v -0.19209337 -0.00141149 -0.10367135
v -0.19110965 -0.00084596 -0.0977521
v -0.19317129 -0.00080871 -0.10321318
v -0.19205904 -0.00001657 -0.09736159
v -0.19412183 0.00002014 -0.10282322
v -0.19284686 0.00100547 -0.09705159
v -0.19490903 0.00104361 -0.10251466
v -0.19343984 0.00218457 -0.09683969
v -0.1955032 0.00221729 -0.10230135
v -0.19381412 0.00347179 -0.09672501
v -0.19587889 0.00350546 -0.10219021
v -0.19395124 0.00482249 -0.09671425
v -0.1960183 0.00485557 -0.10218029
v -0.19913986 0.00676471 -0.10505065
v -0.19928392 0.00495219 -0.10493465
v -0.19941359 0.00493371 -0.1042603
v -0.19926321 0.00681787 -0.10438033
v -0.19911405 0.00315135 -0.10495829
v -0.19923684 0.00306099 -0.10428491
v -0.19863867 0.00143045 -0.10512416
v -0.19874274 0.00127095 -0.10445737
v -0.19787818 -0.00014537 -0.10542915
v -0.19795087 -0.00036573 -0.10477269
v -0.19685983 -0.00152021 -0.10585422
v -0.19689264 -0.00179565 -0.10521676
v -0.19563058 -0.00264149 -0.10639403
v -0.1956121 -0.00296127 -0.1057755
v -0.19423192 -0.00346261 -0.107023
v -0.19415622 -0.00381666 -0.10642953
v -0.19272357 -0.00395923 -0.10771827
v -0.19258779 -0.0043351 -0.10715224
v -0.1911599 -0.00411248 -0.10845493
v -0.19096052 -0.00448972 -0.10791755
v -0.18959999 -0.00390625 -0.10920295
v -0.18934035 -0.00427913 -0.10869637
v -0.18810495 -0.00335681 -0.10993264
v -0.18778514 -0.00370454 -0.10945496
v -0.18672892 -0.00247782 -0.11061238
v -0.18635478 -0.00279188 -0.11016293
v -0.18552354 -0.00130504 -0.11121698
v -0.18510153 -0.00157344 -0.11079168
v -0.18453246 0.00011718 -0.11172087
v -0.18407213 -0.00009328 -0.11131598
v -0.18379494 0.00173831 -0.11210387
v -0.18330526 0.00159186 -0.11171457
v -0.18333566 0.00349593 -0.11235182
v -0.18282774 0.00341987 -0.11197248
v -0.18317633 0.00532239 -0.11245346
v -0.18266212 0.0053187 -0.11207807
v -0.18332147 0.00714868 -0.11240977
v -0.1828109 0.00721621 -0.11203097
v -0.18376559 0.0088939 -0.11221737
v -0.18327489 0.00903415 -0.11183197
v -0.18449509 0.01050126 -0.11188741
v -0.18403178 0.01070392 -0.11148861
v -0.18548616 0.01189982 -0.11143636
v -0.18506318 0.01215928 -0.11101935
v -0.18669679 0.01303857 -0.11088063
v -0.18632149 0.01334404 -0.11044215
v -0.18808466 0.01386821 -0.11024538
v -0.1877655 0.01420664 -0.109781
v -0.18959805 0.01436126 -0.10955277
v -0.18933847 0.01471972 -0.10905908
v -0.19117644 0.01449829 -0.10882826
v -0.19098207 0.01486158 -0.10830789
v -0.19276189 0.01427304 -0.10810263
v -0.19262969 0.01462626 -0.10755272
v -0.19428551 0.0136944 -0.10739789
v -0.1942161 0.01402324 -0.1068208
v -0.19569543 0.01278537 -0.10674499
v -0.19568052 0.01308035 -0.10614357
v -0.19692724 0.01159101 -0.10616368
v -0.19696292 0.01183599 -0.10553846
v -0.19793638 0.0101481 -0.1056758
v -0.19801187 0.01033496 -0.105032
v -0.19868275 0.00851857 -0.10529798
v -0.19878962 0.00864064 -0.10463924
v -0.19734144 0.0064153 -0.10542455
v -0.19745478 0.00498449 -0.10533265
v -0.19731822 0.00356411 -0.10534874
v -0.19693985 0.00220608 -0.10547917
v -0.19633334 0.0009635 -0.10571426
v -0.19552621 -0.00011879 -0.10604921
v -0.19454708 -0.00100094 -0.10647039
v -0.19343844 -0.00164741 -0.1069632
v -0.19223868 -0.00203561 -0.10750791
v -0.19099775 -0.00215059 -0.10808736
v -0.18976217 -0.00198483 -0.10867502
v -0.18857631 -0.00154662 -0.10924986
v -0.18748486 -0.00085115 -0.10978364
v -0.18653038 0.00007969 -0.11026013
v -0.18574526 0.00120657 -0.11065755
v -0.18516099 0.00249028 -0.11095909
v -0.18479755 0.00387758 -0.1111542
v -0.18467414 0.00532043 -0.11123725
v -0.18478977 0.00676113 -0.11120379
v -0.1851437 0.0081408 -0.1110537
v -0.18572509 0.00940561 -0.11079633
v -0.18651044 0.01050967 -0.1104418
v -0.18747389 0.01140457 -0.11000832
v -0.18857616 0.01205712 -0.10950842
v -0.18977776 0.01244401 -0.10896469
v -0.19103047 0.01254516 -0.10839756
v -0.19228538 0.01236468 -0.10782624
v -0.19349637 0.01190108 -0.10727164
v -0.19461259 0.01118302 -0.10675935
v -0.19559046 0.01023513 -0.10630238
v -0.19639071 0.00909173 -0.10591884
v -0.19698104 0.00780403 -0.10562121
v -0.19773986 0.00645023 -0.10572543
v -0.1978569 0.00496584 -0.10562999
v -0.19771412 0.00349289 -0.10564556
v -0.19731912 0.00208693 -0.10577818
v -0.19668838 0.00080084 -0.10602033
v -0.1958476 -0.00032186 -0.10636521
v -0.19483068 -0.00123268 -0.106802
v -0.19367766 -0.00190323 -0.10731077
v -0.192433 -0.00230372 -0.10787543
v -0.19114422 -0.0024206 -0.10847478
v -0.18986174 -0.00225204 -0.10908347
v -0.18863174 -0.00179588 -0.10967876
v -0.18750014 -0.00107234 -0.11023367
v -0.18651044 -0.0001083 -0.11072821
v -0.18569687 0.00105989 -0.11113958
v -0.1850897 0.0023908 -0.11145446
v -0.18471473 0.00383126 -0.11165651
v -0.18458554 0.00532895 -0.11174274
v -0.1847068 0.00682318 -0.11170679
v -0.18507269 0.00825244 -0.11155121
v -0.18567496 0.00956594 -0.11128356
v -0.18649116 0.0107088 -0.11091852
v -0.18749049 0.01163882 -0.11046701
v -0.18863397 0.01231509 -0.10995063
v -0.18988239 0.01271081 -0.10938832
v -0.1911844 0.01281726 -0.10880116
v -0.19249001 0.01262557 -0.10821197
v -0.19374692 0.01214474 -0.10763946
v -0.19490665 0.01139676 -0.1071084
v -0.19592317 0.01041114 -0.10663619
v -0.19675403 0.0092237 -0.1062383
v -0.19736638 0.00788778 -0.1059309
v -0.19579029 0.00674581 -0.09517498
v -0.19594267 0.0048604 -0.0950575
v -0.19577401 0.00298237 -0.09508922
v -0.19528502 0.00118589 -0.0952667
v -0.19450208 -0.00046271 -0.0955879
v -0.19345367 -0.00189757 -0.09604086
v -0.19218051 -0.00306963 -0.09660615
v -0.19073313 -0.00393366 -0.09726554
v -0.18917247 -0.00445592 -0.09799586
v -0.18754851 -0.00461489 -0.09876424
v -0.18593022 -0.00440263 -0.09954381
v -0.18437892 -0.00383442 -0.10030412
v -0.18294709 -0.00292122 -0.10101052
v -0.18169337 -0.00170278 -0.10164173
v -0.18066462 -0.00022143 -0.10216452
v -0.17989611 0.00146538 -0.10256309
v -0.17941868 0.00329393 -0.1028211
v -0.17925348 0.0051909 -0.10292772
v -0.1794033 0.0070849 -0.10288064
v -0.17986586 0.00890374 -0.10267964
v -0.18062475 0.01057487 -0.10233917
v -0.18165195 0.01203191 -0.10186882
v -0.18290826 0.01321792 -0.10128769
v -0.18434694 0.01408678 -0.10062159
v -0.18591338 0.01460647 -0.09989591
v -0.18754807 0.01475369 -0.09913609
v -0.18918666 0.01452875 -0.09837516
v -0.19076538 0.01393348 -0.09763622
v -0.19221985 0.01299762 -0.09694976
v -0.19349327 0.01175928 -0.09633769
v -0.19454154 0.01026433 -0.09582792
v -0.19531467 0.00857102 -0.09543474
v -0.19526544 0.00841212 -0.09609857
v -0.19572174 0.0066539 -0.09584669
v -0.19451889 0.01004493 -0.09647601
v -0.19350519 0.01148921 -0.09696387
v -0.19227027 0.01269018 -0.09754723
v -0.19086167 0.01359671 -0.09820455
v -0.18933185 0.01417785 -0.09890858
v -0.18774342 0.01440256 -0.09963563
v -0.18615889 0.01426929 -0.10035941
v -0.1846404 0.01377749 -0.10105132
v -0.18324756 0.01294589 -0.10168872
v -0.18203076 0.01180833 -0.10224338
v -0.18103486 0.01040816 -0.10269247
v -0.18029981 0.00880086 -0.1030178
v -0.17985159 0.0070523 -0.10320934
v -0.17970529 0.00522494 -0.10325337
v -0.17986452 0.00339663 -0.10315022
v -0.18032372 0.0016368 -0.10290034
v -0.18106466 0.00001061 -0.10251642
v -0.18205809 -0.00141727 -0.10201358
v -0.18326804 -0.00259584 -0.10140849
v -0.18465057 -0.00347662 -0.10072843
v -0.18615055 -0.00403213 -0.0999993
v -0.18771484 -0.00423771 -0.09925263
v -0.18928742 -0.00409287 -0.09851796
v -0.19080016 -0.00359576 -0.09782108
v -0.1922028 -0.00277048 -0.09719207
v -0.19343787 -0.00164872 -0.09665525
v -0.19445753 -0.00027132 -0.09622583
v -0.19522184 0.0013076 -0.09592339
v -0.19569891 0.00303208 -0.09575624
v -0.1958673 0.00483715 -0.09573148
v -0.1977801 0.00859665 -0.1019183
v -0.19825267 0.00677406 -0.10165693
v -0.19700276 0.01029229 -0.10230854
v -0.19595062 0.01179444 -0.10281392
v -0.19466701 0.01304274 -0.10341568
v -0.19320103 0.01398456 -0.1040941
v -0.19161221 0.0145877 -0.10482329
v -0.18996101 0.01482588 -0.10557601
v -0.18831622 0.01468884 -0.10632576
v -0.18673893 0.01417809 -0.10704392
v -0.18529275 0.013314 -0.10770215
v -0.18402984 0.01213538 -0.10827898
v -0.18299982 0.01067972 -0.10874672
v -0.1822392 0.00901246 -0.10908779
v -0.18177399 0.00719541 -0.1092857
v -0.18162378 0.00530004 -0.10933332
v -0.18179068 0.00340199 -0.10922627
v -0.18226671 0.00157278 -0.10896939
v -0.18303436 -0.00011098 -0.10856995
v -0.18406486 -0.00159347 -0.10804653
v -0.18531835 -0.00281375 -0.10741811
v -0.18675082 -0.0037263 -0.10671096
v -0.18830674 -0.00430166 -0.10595424
v -0.18993005 -0.00451523 -0.10517976
v -0.19155973 -0.00436097 -0.10441608
v -0.1931321 -0.00384861 -0.10369329
v -0.19458958 -0.002994 -0.10304353
v -0.19587278 -0.00183123 -0.10248538
v -0.19693359 -0.00040578 -0.1020433
v -0.19772735 0.00123161 -0.10173191
v -0.19822466 0.00301873 -0.10156115
v -0.19840291 0.00488895 -0.10153567
v -0.19778674 0.00669091 -0.1013102
v -0.19733139 0.00844854 -0.10156201
v -0.19658312 0.01008063 -0.10193933
v -0.1955659 0.01152735 -0.10242442
v -0.19432899 0.01273274 -0.10300356
v -0.19291308 0.01364249 -0.10365596
v -0.19137957 0.01422864 -0.10435665
v -0.18978548 0.01445853 -0.10507916
v -0.18819683 0.01433086 -0.1057991
v -0.18667486 0.01383972 -0.10648861
v -0.18527761 0.01301056 -0.10712189
v -0.18406108 0.01187384 -0.10767539
v -0.18306288 0.01047408 -0.10812316
v -0.18232768 0.00887006 -0.10845132
v -0.18187886 0.00712084 -0.10864145
v -0.18173298 0.00529319 -0.10868535
v -0.18189361 0.00346624 -0.10858263
v -0.18235209 0.00170368 -0.10833448
v -0.18309223 0.00007909 -0.10794916
v -0.18408596 -0.00134927 -0.10744606
v -0.18529689 -0.00252693 -0.10684215
v -0.18667832 -0.00340795 -0.106161
v -0.18818026 -0.003964 -0.10543318
v -0.18974614 -0.00417375 -0.10468845
v -0.19131997 -0.00402772 -0.10395485
v -0.19283735 -0.00353592 -0.1032614
v -0.19424408 -0.00271326 -0.10263647
v -0.19548374 -0.00159603 -0.10210073
v -0.19650882 -0.00022304 -0.10167759
v -0.19727468 0.00135302 -0.10137777
v -0.19775784 0.00307279 -0.10121518
v -0.1979298 0.00487488 -0.10119219
v -0.19148474 0.00519686 -0.10946527
v -0.19579738 0.00718373 -0.10747214
v -0.19606232 0.00616294 -0.10732737
v -0.19639536 0.00628173 -0.10598537
v -0.1960887 0.00746047 -0.1061533
v -0.19536411 0.00812625 -0.10769276
v -0.19558897 0.0085507 -0.10640727
v -0.19478073 0.00896251 -0.10798084
v -0.19491434 0.00951689 -0.10673638
v -0.19407188 0.0096547 -0.10832531
v -0.19409224 0.01031661 -0.10713145
v -0.19326105 0.01017314 -0.10871145
v -0.1931549 0.01091843 -0.10757294
v -0.19238144 0.0105018 -0.10912703
v -0.19213676 0.0113002 -0.1080506
v -0.19146901 0.01062625 -0.10955609
v -0.19108033 0.01144588 -0.10854113
v -0.19055774 0.01054108 -0.10998406
v -0.19002747 0.01134944 -0.1090319
v -0.18968457 0.01024907 -0.11039135
v -0.18901625 0.01101702 -0.10949957
v -0.18888235 0.00976008 -0.11076603
v -0.18808862 0.01045584 -0.10992945
v -0.18818238 0.0090959 -0.11109399
v -0.18727767 0.00969326 -0.11030273
v -0.18760877 0.00827819 -0.11135638
v -0.1866146 0.00875097 -0.11060441
v -0.18718478 0.00734341 -0.11154763
v -0.18612316 0.00767833 -0.11082364
v -0.18692538 0.00632971 -0.11165957
v -0.18582466 0.00650608 -0.11095109
v -0.18684127 0.00526732 -0.11168494
v -0.18572741 0.00528478 -0.11098059
v -0.1869353 0.00420385 -0.11162685
v -0.18583342 0.00405925 -0.11091257
v -0.18720251 0.00318378 -0.11148245
v -0.18614175 0.002882 -0.11074555
v -0.18763074 0.00224006 -0.11126022
v -0.18663501 0.00179529 -0.11048923
v -0.18820747 0.00141209 -0.11096799
v -0.1873019 0.00083941 -0.11015377
v -0.18890807 0.00072902 -0.11061467
v -0.18811154 0.00005179 -0.1097466
v -0.18970871 0.00021922 -0.11021888
v -0.18903386 -0.00053739 -0.10929201
v -0.19057586 -0.00010091 -0.10979222
v -0.19003701 -0.00090837 -0.10880143
v -0.19147977 -0.00021529 -0.10935606
v -0.19108223 -0.00104266 -0.10830105
v -0.1923848 -0.00012421 -0.10892318
v -0.19212973 -0.00094169 -0.10780456
v -0.19325766 0.00017082 -0.10851549
v -0.19313707 -0.00060612 -0.10733717
v -0.19406431 0.00065386 -0.1081446
v -0.194072 -0.00005084 -0.10691239
v -0.19477096 0.0013138 -0.10782375
v -0.1948907 0.00070476 -0.106546
v -0.19535517 0.00212222 -0.10756831
v -0.19556799 0.00163489 -0.10625501
v -0.19578856 0.00304448 -0.107384
v -0.19607207 0.00269621 -0.10604648
v -0.19605955 0.00405424 -0.10728372
v -0.19638589 0.00385469 -0.10593091
v -0.19615134 0.00510549 -0.10726424
v -0.19649416 0.00506579 -0.10591199
v -0.17261114 0.0117259 -0.1127033
v -0.18188297 -0.01548588 -0.10746144
v -0.24635718 0.05833518 -0.00240266
v -0.25226235 0.02769875 0.00385473
v -0.17601665 0.0137971 -0.11092739
v -0.18482971 -0.01385378 -0.10521412
v -0.24554425 0.05697196 -0.00793447
v -0.25120598 0.02623695 -0.00167701
v -0.24494838 0.0507853 -0.0367235
v -0.2444809 0.05372589 -0.02193999
v -0.24800512 0.0484268 -0.05322947
v -0.21331718 0.03247821 -0.09496188
v -0.19853109 0.02534133 -0.10206734
v -0.18574452 0.01904261 -0.10656656
v -0.2214719 0.00345379 -0.08944765
v -0.20713236 -0.00300079 -0.09633723
v -0.19434547 -0.00909948 -0.10005725
v -0.25322443 0.01719731 -0.04705049
v -0.25021368 0.01977336 -0.03048218
v -0.2497593 0.02279907 -0.01568373
v -0.17975011 -0.00056439 -0.10693952
v -0.24894312 0.04168105 -0.00471985
v -0.24953858 0.04296809 0.00073596
v -0.17708861 -0.00201797 -0.10999116
v -0.24733766 0.03498339 -0.03392773
v -0.25059491 0.03260791 -0.05014993
v -0.20373126 0.01171302 -0.10101799
v -0.21738728 0.01784962 -0.09240768
v -0.24544134 0.03566443 -0.02736505
v -0.24805189 0.02990371 -0.01706984
v -0.24671357 0.03062659 -0.02364953
v -0.24832285 0.04037028 -0.01016404
v -0.24882349 0.033984 -0.01149196
v -0.2456426 0.04614263 -0.02033604
v -0.24705013 0.04542446 -0.01380595
v -0.24509516 0.04215025 -0.02596005
v -0.19140628 -0.00348937 -0.10058648
v -0.19675737 0.00844228 -0.10225648
v -0.19621288 0.00168186 -0.10086581
v -0.18717533 0.01259535 -0.10555942
v -0.19319468 0.01309263 -0.1042964
v -0.1821309 0.00070613 -0.10415907
v -0.18585863 -0.0037356 -0.10211413
v -0.18286448 0.0076161 -0.10578818
v -0.18261858 -0.01386189 -0.10260395
v -0.17754259 -0.00061255 -0.1042836
v -0.17488297 -0.00205278 -0.10735026
v -0.17970821 -0.01546651 -0.10487411
v -0.24999611 0.01660686 -0.047134
v -0.24740633 0.03205877 -0.05021069
v -0.24633051 0.04236757 0.00063559
v -0.24574264 0.041085 -0.00482283
v -0.24798259 0.02562993 -0.00177479
v -0.24904146 0.02709204 0.00375448
v -0.24481806 0.04786729 -0.05329075
v -0.24699458 0.0191766 -0.03057287
v -0.24413675 0.0344001 -0.03401123
v -0.20487979 -0.0030092 -0.09369251
v -0.21927595 0.0035184 -0.08682935
v -0.21517819 0.01788169 -0.08975988
v -0.20141926 0.01163309 -0.09830144
v -0.24312764 0.05772286 -0.00250176
v -0.24231153 0.05635929 -0.00803517
v -0.24172201 0.05018883 -0.03681306
v -0.1703352 0.01166182 -0.11003186
v -0.17369952 0.01369869 -0.10822271
v -0.21107351 0.03248179 -0.09230459
v -0.19617933 0.02523666 -0.09933889
v -0.24349734 0.03002864 -0.02374478
v -0.2422221 0.0350663 -0.02746045
v -0.24652259 0.02218371 -0.01578215
v -0.24483162 0.02930158 -0.01716637
v -0.24561148 0.03338515 -0.01159179
v -0.24511444 0.03976893 -0.01026268
v -0.24383491 0.04482179 -0.01390646
v -0.24123683 0.05310916 -0.02203868
v -0.24241778 0.04553705 -0.02043665
v -0.2418735 0.04155051 -0.02605584
v -0.19392404 0.00160211 -0.09816422
v -0.18914982 -0.00355505 -0.09791123
v -0.19204825 -0.00916248 -0.09739532
v -0.19442859 0.00833153 -0.09952922
v -0.19082906 0.01295292 -0.10154348
v -0.18333959 0.01888293 -0.10380767
v -0.18479973 0.01244354 -0.10280569
v -0.18364405 -0.003784 -0.09946434
v -0.17989313 0.00063562 -0.10148671
v -0.18056434 0.00750225 -0.10307734
v -0.2392553 0.01200681 -0.06361265
v -0.23648047 0.01167041 -0.06190746
v -0.23276132 0.0266478 -0.06496083
v -0.22903794 0.04194706 -0.06793022
v -0.23179271 0.04228109 -0.06964609
v -0.23550668 0.02696436 -0.06667403
v -0.22072407 0.02064687 -0.08193792
v -0.22470259 0.00609052 -0.07896857
v -0.22708115 0.0061534 -0.08129892
v -0.22310218 0.02072471 -0.08429093
v -0.21914449 0.0355708 -0.0869771
v -0.21674022 0.03546732 -0.08461649
v -0.23351258 0.00924682 -0.07195517
v -0.23092469 0.00903862 -0.0699552
v -0.22708347 0.02381742 -0.07296869
v -0.22323724 0.03889173 -0.07580105
v -0.22582644 0.03911536 -0.07782121
v -0.22965535 0.02402234 -0.07498388
v -0.24888131 -0.10662061 -0.00864803
v -0.24887254 -0.10839784 -0.00893669
v -0.24885854 -0.11010098 -0.00956699
v -0.24884149 -0.11166435 -0.01051611
v -0.2488242 -0.11302977 -0.01174712
v -0.24880626 -0.11414432 -0.01321372
v -0.24879148 -0.11496728 -0.01486017
v -0.2487801 -0.11546605 -0.01662233
v -0.24877479 -0.11562496 -0.01843263
v -0.24877354 -0.11543524 -0.02022303
v -0.24877634 -0.11490339 -0.02192262
v -0.24878183 -0.11405211 -0.02346752
v -0.24878802 -0.11290973 -0.02479722
v -0.24879476 -0.11151981 -0.02585895
v -0.24880036 -0.10993373 -0.02661359
v -0.24880388 -0.10821253 -0.02702938
v -0.24880352 -0.10642218 -0.0270934
v -0.24879953 -0.10463237 -0.02680048
v -0.24879422 -0.10291439 -0.02616433
v -0.2487882 -0.10132795 -0.02520803
v -0.24878189 -0.09994471 -0.02397067
v -0.24878135 -0.09880924 -0.02249551
v -0.24877908 -0.09797507 -0.02084597
v -0.24878493 -0.09747034 -0.0190831
v -0.24879559 -0.09731465 -0.01727318
v -0.24880936 -0.09751534 -0.01548695
v -0.24882647 -0.09806484 -0.01379121
v -0.2488434 -0.09893745 -0.01225513
v -0.24886009 -0.10010206 -0.0109329
v -0.24887409 -0.10150915 -0.00987695
v -0.2488825 -0.10310691 -0.00912868
v -0.24888411 -0.10483384 -0.00871331
v -0.23985019 -0.10658735 -0.00802589
v -0.23983293 -0.10835707 -0.00830968
v -0.23980388 -0.11004763 -0.00893622
v -0.23976317 -0.1115908 -0.00987709
v -0.23971587 -0.11293101 -0.01109884
v -0.2396655 -0.11401486 -0.01255298
v -0.23961237 -0.11480236 -0.01418649
v -0.23955875 -0.11526447 -0.01593585
v -0.23950803 -0.11538386 -0.01773191
v -0.23946124 -0.11515569 -0.01950712
v -0.23942112 -0.11458718 -0.02119383
v -0.23938852 -0.11369764 -0.02272627
v -0.239362 -0.11252701 -0.02404514
v -0.23934328 -0.11111211 -0.02509827
v -0.23933082 -0.10951238 -0.02584708
v -0.23932719 -0.10778605 -0.02626198
v -0.23933035 -0.10600107 -0.02632707
v -0.23934134 -0.10422337 -0.02603949
v -0.23935884 -0.10252314 -0.02541123
v -0.23938378 -0.1009702 -0.02446586
v -0.23941758 -0.09961706 -0.02323865
v -0.23945674 -0.09852212 -0.02178071
v -0.23950302 -0.09772813 -0.02014462
v -0.23955196 -0.09726244 -0.0183951
v -0.23960718 -0.09714448 -0.01659784
v -0.23965862 -0.09737747 -0.01482642
v -0.23971033 -0.09795802 -0.01314379
v -0.23975792 -0.09885895 -0.01161652
v -0.23979744 -0.10004138 -0.01030192
v -0.23983034 -0.10146766 -0.00925064
v -0.23984879 -0.10307455 -0.00850518
v -0.23985689 -0.10480487 -0.0080911
v -0.2380436 -0.10625028 -0.01705789
v -0.24887535 -0.10658609 -0.01084709
v -0.24887087 -0.10794013 -0.01106575
v -0.24886164 -0.10923647 -0.01154614
v -0.24885258 -0.11042618 -0.01226849
v -0.2488406 -0.11146992 -0.01320575
v -0.2488313 -0.11231774 -0.01432149
v -0.24882349 -0.1129471 -0.01557319
v -0.24881729 -0.11332851 -0.01691355
v -0.24881562 -0.11345022 -0.01829018
v -0.24881485 -0.11330723 -0.01965295
v -0.24881932 -0.11290502 -0.02094471
v -0.24882331 -0.11225593 -0.02211906
v -0.2488282 -0.11138671 -0.02312989
v -0.24883189 -0.11032903 -0.02393684
v -0.2488363 -0.109124 -0.02451015
v -0.24883768 -0.10781544 -0.02482806
v -0.24883738 -0.10645633 -0.02487555
v -0.24883577 -0.10509359 -0.02465298
v -0.24883279 -0.10378634 -0.02416877
v -0.24882814 -0.10258323 -0.02344206
v -0.24882152 -0.10153091 -0.02250075
v -0.24882057 -0.10066813 -0.0213807
v -0.24882015 -0.10003256 -0.0201252
v -0.24882188 -0.09964591 -0.01878429
v -0.24882677 -0.09952813 -0.01740781
v -0.2488344 -0.0996775 -0.01604991
v -0.24884322 -0.10009121 -0.0147606
v -0.24885383 -0.1007511 -0.01359004
v -0.24886402 -0.10163408 -0.01258497
v -0.24887105 -0.1027041 -0.01178192
v -0.24887576 -0.10391676 -0.01121082
v -0.24887713 -0.10522812 -0.01089602
v -0.24885669 -0.10656136 -0.01190507
v -0.24885413 -0.10771113 -0.01209074
v -0.24884823 -0.10881108 -0.01249886
v -0.24884119 -0.10982245 -0.01311268
v -0.24883511 -0.11070722 -0.01390697
v -0.24882921 -0.11143291 -0.01485452
v -0.2488254 -0.11196631 -0.01591694
v -0.24882194 -0.1122924 -0.01705678
v -0.24882313 -0.11239987 -0.01822502
v -0.24882707 -0.11228042 -0.01938009
v -0.24883201 -0.11194008 -0.02047764
v -0.24883863 -0.11139589 -0.02147378
v -0.24884548 -0.11065691 -0.02233206
v -0.24885067 -0.10976243 -0.02301722
v -0.24885293 -0.10873997 -0.02350452
v -0.24885681 -0.10763114 -0.02377165
v -0.2488555 -0.10647708 -0.02381353
v -0.24885228 -0.10532224 -0.02362448
v -0.24884787 -0.10421168 -0.02321371
v -0.24884328 -0.10318929 -0.02259617
v -0.24883732 -0.10229337 -0.02179697
v -0.24883177 -0.10156202 -0.020847
v -0.24882778 -0.10101914 -0.01978162
v -0.24882629 -0.10068851 -0.01864251
v -0.24882832 -0.10058391 -0.01747435
v -0.24883106 -0.10070973 -0.01632123
v -0.24883738 -0.10105752 -0.01522643
v -0.24884274 -0.10161781 -0.01423306
v -0.24884906 -0.10236293 -0.01337966
v -0.24885389 -0.10326808 -0.01269817
v -0.24885794 -0.10429775 -0.0122145
v -0.24885866 -0.10540759 -0.01194586
v -0.24680188 -0.10643422 -0.01098549
v -0.24261921 -0.10636639 -0.0106775
v -0.2426196 -0.10506773 -0.01072461
v -0.24680265 -0.10513311 -0.01103136
v -0.24261948 -0.103814 -0.01102692
v -0.24680373 -0.10388159 -0.01133436
v -0.24261626 -0.10265654 -0.01157362
v -0.24680253 -0.10272491 -0.01188131
v -0.24261549 -0.10164046 -0.01234294
v -0.24680247 -0.10170805 -0.01265165
v -0.24261209 -0.10080361 -0.01330677
v -0.24680289 -0.10087412 -0.01361503
v -0.24261403 -0.10017889 -0.01442726
v -0.24680557 -0.10025221 -0.01473825
v -0.24261558 -0.09979581 -0.01566423
v -0.24681177 -0.09986901 -0.0159754
v -0.24262309 -0.09966266 -0.01696907
v -0.24682226 -0.09974247 -0.01728077
v -0.24263361 -0.0997917 -0.01829005
v -0.24683722 -0.09987545 -0.01860364
v -0.24264845 -0.10017591 -0.01957778
v -0.24685469 -0.10026365 -0.01989253
v -0.24266767 -0.10080009 -0.02078368
v -0.24688103 -0.10089206 -0.02109857
v -0.24268671 -0.10163998 -0.02185988
v -0.24690392 -0.10173672 -0.02217806
v -0.24270695 -0.10265797 -0.02276608
v -0.24692824 -0.10275775 -0.02308464
v -0.24272549 -0.10382545 -0.0234654
v -0.24694946 -0.10392475 -0.02378473
v -0.24273911 -0.10508292 -0.02393112
v -0.24696466 -0.10518449 -0.02425267
v -0.24274867 -0.10638839 -0.02414574
v -0.24697497 -0.10649335 -0.02446702
v -0.24275139 -0.107692 -0.02410082
v -0.24697735 -0.10779762 -0.02442176
v -0.24274647 -0.10894095 -0.02379482
v -0.24697151 -0.10904449 -0.02411846
v -0.24273437 -0.11008828 -0.02324598
v -0.24695995 -0.11019086 -0.02356648
v -0.24271827 -0.11108881 -0.02247028
v -0.24694165 -0.11119049 -0.02279114
v -0.24269983 -0.1119064 -0.02149895
v -0.24691906 -0.11200529 -0.02181818
v -0.24267819 -0.11251312 -0.02037209
v -0.24689319 -0.11260706 -0.02068992
v -0.24265831 -0.11288136 -0.01913119
v -0.24686935 -0.11297029 -0.01944659
v -0.24264198 -0.11300092 -0.01782144
v -0.24684795 -0.11308997 -0.01813745
v -0.24262511 -0.11287051 -0.01650167
v -0.24682804 -0.11295491 -0.01681509
v -0.2426171 -0.11249071 -0.01521401
v -0.24681481 -0.11257141 -0.01552617
v -0.24261039 -0.11188036 -0.01401292
v -0.24680593 -0.11195695 -0.01432303
v -0.24260774 -0.11105495 -0.01294158
v -0.2467992 -0.11112755 -0.01325104
v -0.24260976 -0.11005312 -0.01204264
v -0.24679711 -0.11012363 -0.01235146
v -0.24261188 -0.10890859 -0.01134928
v -0.24679938 -0.10897654 -0.01165784
v -0.24261584 -0.10766398 -0.01088886
v -0.24680069 -0.10773122 -0.01119617
v -0.24987791 -0.10663873 -0.00907395
v -0.2498701 -0.10834717 -0.00935104
v -0.24946145 -0.10841703 -0.00898162
v -0.24947135 -0.10663521 -0.0086927
v -0.24985484 -0.1099866 -0.00995843
v -0.24944685 -0.11011922 -0.00961171
v -0.24984024 -0.11148881 -0.01086997
v -0.24943022 -0.1116808 -0.01055942
v -0.24982266 -0.11280256 -0.01205555
v -0.24941156 -0.1130467 -0.01179155
v -0.24980633 -0.11387556 -0.01346557
v -0.24939368 -0.11415922 -0.01325751
v -0.24979184 -0.1146667 -0.01504803
v -0.24937735 -0.11498266 -0.01490259
v -0.24978135 -0.1151452 -0.01674267
v -0.24936483 -0.11548352 -0.01666553
v -0.24977688 -0.11530083 -0.01848215
v -0.24935673 -0.11564022 -0.01847545
v -0.2497742 -0.11511623 -0.02020379
v -0.24935434 -0.11544895 -0.02026471
v -0.24977593 -0.11460506 -0.02183915
v -0.24935756 -0.11491721 -0.02196383
v -0.24978153 -0.11378222 -0.02332425
v -0.24936179 -0.11406213 -0.02350909
v -0.24978707 -0.11268365 -0.02460167
v -0.24936811 -0.11291766 -0.02483721
v -0.24979327 -0.11134535 -0.02562233
v -0.24937312 -0.11152631 -0.02589918
v -0.24979852 -0.10982167 -0.02634779
v -0.24937807 -0.109941 -0.02665309
v -0.24979887 -0.10816782 -0.02674914
v -0.2493792 -0.10822022 -0.02706986
v -0.24979852 -0.10644644 -0.02681059
v -0.24938063 -0.10643094 -0.02713341
v -0.24979613 -0.10472363 -0.02652843
v -0.24937658 -0.10464114 -0.02684075
v -0.24979297 -0.1030718 -0.02591616
v -0.24937294 -0.1029216 -0.02620511
v -0.24978707 -0.10154819 -0.0249976
v -0.24936829 -0.10133755 -0.02524906
v -0.24978046 -0.1002177 -0.02380762
v -0.24936322 -0.09995353 -0.02401125
v -0.24978075 -0.09912848 -0.02238964
v -0.24936233 -0.09882259 -0.02253742
v -0.24978159 -0.09832537 -0.0208031
v -0.2493637 -0.09798824 -0.02088861
v -0.24978576 -0.09784239 -0.01910914
v -0.24936966 -0.09748572 -0.01912639
v -0.24979524 -0.09769374 -0.01736909
v -0.24938134 -0.09733116 -0.01731596
v -0.24980936 -0.0978837 -0.01565103
v -0.24939589 -0.09753042 -0.01552944
v -0.24982558 -0.09841072 -0.01402064
v -0.24941407 -0.09807896 -0.01383543
v -0.24984102 -0.09925228 -0.01254268
v -0.24943171 -0.09895485 -0.01229854
v -0.24985717 -0.10037046 -0.01127126
v -0.24944905 -0.10011971 -0.01097783
v -0.24987022 -0.10172277 -0.01025609
v -0.249463 -0.10152787 -0.00992143
v -0.24987839 -0.10325998 -0.00953595
v -0.24947176 -0.10312455 -0.00917321
v -0.24987922 -0.10492044 -0.0091363
v -0.24947302 -0.10485106 -0.00875742
v -0.24952314 -0.1065675 -0.01088822
v -0.24951778 -0.10792034 -0.01110906
v -0.24951206 -0.10921925 -0.01158858
v -0.24950622 -0.11041528 -0.01231276
v -0.24949966 -0.11145895 -0.01325122
v -0.24949537 -0.11231243 -0.01436863
v -0.24949328 -0.112948 -0.0156232
v -0.249494 -0.11333727 -0.01696547
v -0.24949841 -0.11346501 -0.01834523
v -0.24950753 -0.11333 -0.0197094
v -0.24951861 -0.11293315 -0.02100389
v -0.24953077 -0.11229103 -0.02218162
v -0.2495424 -0.11142784 -0.02319303
v -0.24955193 -0.11037272 -0.02400164
v -0.24955783 -0.10917025 -0.02457629
v -0.24956105 -0.10786265 -0.02489282
v -0.24955825 -0.10650122 -0.02494151
v -0.24955444 -0.1051414 -0.02471792
v -0.24954806 -0.10382765 -0.02423229
v -0.24953703 -0.10261952 -0.0235043
v -0.24952457 -0.10155934 -0.02256014
v -0.2495139 -0.10069149 -0.02143753
v -0.24950568 -0.10004818 -0.02018039
v -0.24950085 -0.0996561 -0.01883669
v -0.24949841 -0.0995289 -0.01745693
v -0.24950061 -0.09967345 -0.01609663
v -0.24950282 -0.10008341 -0.01480612
v -0.2495061 -0.10074007 -0.01363453
v -0.24951373 -0.10161829 -0.01262801
v -0.24952016 -0.10268479 -0.01182265
v -0.24952434 -0.10389804 -0.01125167
v -0.2495241 -0.10520839 -0.01093613
v -0.24980662 -0.10656207 -0.01064729
v -0.24980323 -0.107966 -0.0108755
v -0.24979768 -0.10931456 -0.01137399
v -0.24979136 -0.11055469 -0.01212488
v -0.24978624 -0.11163622 -0.01309837
v -0.2497829 -0.1125285 -0.01425853
v -0.24978391 -0.11318785 -0.01556146
v -0.24978695 -0.11359369 -0.01695462
v -0.24979607 -0.1137284 -0.01838616
v -0.2498074 -0.11359185 -0.01980206
v -0.24982206 -0.11318421 -0.02114659
v -0.24983863 -0.11251896 -0.02236761
v -0.24985133 -0.11162632 -0.02341912
v -0.24986432 -0.11053484 -0.02425758
v -0.24987171 -0.10928875 -0.02485471
v -0.24987636 -0.10793292 -0.02518348
v -0.24987463 -0.10652154 -0.02523235
v -0.24986814 -0.10510599 -0.02500057
v -0.2498577 -0.1037445 -0.02449596
v -0.24984531 -0.10248637 -0.02373996
v -0.24982892 -0.1013866 -0.02276015
v -0.24981562 -0.10048311 -0.02159531
v -0.24980448 -0.09981304 -0.02028913
v -0.24979524 -0.09940201 -0.01889475
v -0.24978928 -0.09926992 -0.01746372
v -0.24978958 -0.09941726 -0.01605114
v -0.24979023 -0.09983998 -0.0147116
v -0.24979405 -0.10052084 -0.01349658
v -0.24980066 -0.1014319 -0.01245196
v -0.24980406 -0.10253536 -0.01161735
v -0.24980823 -0.10379183 -0.01102484
v -0.2498077 -0.10515373 -0.01069772
v -0.24244746 -0.10657072 -0.00820042
v -0.24243283 -0.10834294 -0.00848728
v -0.24240818 -0.1100384 -0.00911417
v -0.24237617 -0.11158901 -0.01005909
v -0.24234056 -0.11293691 -0.01128439
v -0.24230235 -0.11403292 -0.01274367
v -0.24226391 -0.11483472 -0.01438073
v -0.24222433 -0.11531072 -0.01613582
v -0.24219137 -0.11544561 -0.01793547
v -0.24216118 -0.11522829 -0.01971735
v -0.24213659 -0.1146745 -0.02140889
v -0.24211922 -0.11379891 -0.02294447
v -0.24210387 -0.11264026 -0.02426706
v -0.24209615 -0.11123657 -0.02532552
v -0.24208977 -0.10963916 -0.02607456
v -0.24208778 -0.10791462 -0.02649132
v -0.24209004 -0.10612797 -0.02655575
v -0.24209669 -0.10434734 -0.02626595
v -0.24210512 -0.10263973 -0.02563483
v -0.24211758 -0.10107308 -0.02468533
v -0.2421374 -0.09971058 -0.02345439
v -0.24216061 -0.09859889 -0.02199033
v -0.24218952 -0.09778863 -0.02034923
v -0.24222251 -0.09730953 -0.01859455
v -0.2422598 -0.09717732 -0.01679395
v -0.2422983 -0.09740161 -0.01501558
v -0.24233737 -0.09796911 -0.01332856
v -0.24237456 -0.09885829 -0.01179708
v -0.24240645 -0.10003483 -0.01048032
v -0.24242839 -0.10145419 -0.00942933
v -0.24244585 -0.10305637 -0.00868028
v -0.24245092 -0.10478413 -0.00826708
v -0.24277353 -0.104797 -0.00860494
v -0.24277055 -0.10651695 -0.00854057
v -0.24276986 -0.1031329 -0.00900302
v -0.24275717 -0.10159051 -0.00972582
v -0.24273923 -0.10022693 -0.01074108
v -0.24271777 -0.09910053 -0.01201284
v -0.2426919 -0.09824991 -0.01349149
v -0.24266383 -0.09771478 -0.015122
v -0.24264019 -0.09751009 -0.01683906
v -0.24261736 -0.09764897 -0.01857851
v -0.24260059 -0.09812295 -0.0202746
v -0.24258735 -0.09891712 -0.02186037
v -0.24257805 -0.09999889 -0.02327664
v -0.24256992 -0.10132187 -0.02446727
v -0.2425678 -0.10284268 -0.02538533
v -0.24256682 -0.10449576 -0.02599566
v -0.24256521 -0.10621625 -0.02627708
v -0.24256369 -0.10793989 -0.02621448
v -0.24256402 -0.10959804 -0.02581246
v -0.242565 -0.11113166 -0.02508817
v -0.24256485 -0.11247825 -0.02406688
v -0.24256792 -0.11358958 -0.02278838
v -0.24257347 -0.11442041 -0.02130432
v -0.24258244 -0.11494326 -0.01967003
v -0.24259918 -0.11513888 -0.01794785
v -0.2426179 -0.11499607 -0.01620741
v -0.24263915 -0.11452448 -0.01451305
v -0.24266502 -0.11374044 -0.01293164
v -0.24269247 -0.11267632 -0.0115205
v -0.24271756 -0.11136865 -0.01033723
v -0.24274015 -0.10986596 -0.00942402
v -0.24275913 -0.10823065 -0.00881789
v -0.24734696 -0.10480421 -0.0086008
v -0.24734422 -0.10659009 -0.00853606
v -0.24734428 -0.10307902 -0.00901581
v -0.2473351 -0.10148042 -0.00976604
v -0.24732121 -0.10006976 -0.01082054
v -0.24730446 -0.09890598 -0.01214219
v -0.24728652 -0.0980345 -0.01368011
v -0.24726966 -0.09748405 -0.01537486
v -0.24725571 -0.09728354 -0.01715987
v -0.2472448 -0.09743696 -0.01897022
v -0.24723812 -0.09794282 -0.02073288
v -0.24723741 -0.0987758 -0.02238329
v -0.24723967 -0.09991079 -0.02385655
v -0.24724623 -0.10129505 -0.02509435
v -0.2472504 -0.10287803 -0.0260509
v -0.24725541 -0.10459637 -0.02668748
v -0.24725911 -0.10638749 -0.02697913
v -0.24726012 -0.10817748 -0.02691596
v -0.2472569 -0.10989719 -0.02649808
v -0.24725207 -0.11148434 -0.02574507
v -0.24724546 -0.1128757 -0.0246829
v -0.24723902 -0.11401897 -0.02335389
v -0.24723407 -0.11487203 -0.02180958
v -0.24723115 -0.11540484 -0.02011058
v -0.24723407 -0.11559385 -0.01831983
v -0.24724003 -0.11543399 -0.01650938
v -0.24725183 -0.11493551 -0.01474687
v -0.24726757 -0.11411291 -0.01310138
v -0.24728462 -0.11299908 -0.01163512
v -0.24730286 -0.11163491 -0.01040501
v -0.24732151 -0.11007225 -0.00945514
v -0.24733391 -0.10836756 -0.0088239
v -0.24693462 -0.10656309 -0.00883757
v -0.24693843 -0.1048398 -0.00889942
v -0.24693605 -0.10317832 -0.00929956
v -0.24692705 -0.10163855 -0.01002383
v -0.24691543 -0.10027992 -0.01103911
v -0.2469007 -0.0991593 -0.0123143
v -0.24688383 -0.09831917 -0.01379587
v -0.24686899 -0.09779232 -0.01542998
v -0.24685576 -0.09759938 -0.01715119
v -0.246847 -0.09775143 -0.01889617
v -0.2468436 -0.09823727 -0.02059647
v -0.24684557 -0.09904426 -0.02218586
v -0.24684819 -0.10013884 -0.02360704
v -0.24685582 -0.10147243 -0.02480099
v -0.24686303 -0.10299962 -0.02572253
v -0.24686858 -0.10465967 -0.02633649
v -0.24687168 -0.1063838 -0.02661814
v -0.24687269 -0.1081103 -0.02655707
v -0.24686858 -0.10976737 -0.02615501
v -0.2468644 -0.11129695 -0.02542805
v -0.24685761 -0.11263632 -0.02440386
v -0.24684909 -0.11373585 -0.02312237
v -0.24684181 -0.11455756 -0.02163381
v -0.24684009 -0.11506784 -0.01999547
v -0.24683901 -0.11525017 -0.01826947
v -0.24684289 -0.11509662 -0.0165249
v -0.24685344 -0.11461263 -0.01482562
v -0.24686619 -0.11381965 -0.0132387
v -0.24688091 -0.11274129 -0.01182508
v -0.24689737 -0.1114273 -0.01063964
v -0.24691423 -0.10991799 -0.00972313
v -0.24692633 -0.1082766 -0.00911543
v -0.25045961 -0.10653519 -0.01797395
v -0.25055021 -0.10565048 -0.01287426
v -0.25054776 -0.1066479 -0.01283888
v -0.24973629 -0.106624 -0.0119836
v -0.24973957 -0.10547298 -0.01202493
v -0.25054842 -0.10468542 -0.01310733
v -0.24973742 -0.10435837 -0.01229329
v -0.25054162 -0.1037898 -0.01352624
v -0.24973104 -0.10332715 -0.01277631
v -0.25053077 -0.10299837 -0.01411504
v -0.24972079 -0.10241991 -0.01345714
v -0.25051569 -0.1023423 -0.01485262
v -0.24970881 -0.1016671 -0.0143074
v -0.25050073 -0.10185033 -0.01571062
v -0.24969534 -0.10110163 -0.01529985
v -0.25048321 -0.10153615 -0.01665434
v -0.2496805 -0.10074478 -0.01639046
v -0.25046491 -0.10141623 -0.0176519
v -0.24966733 -0.10061168 -0.01754036
v -0.25044846 -0.10149353 -0.01865929
v -0.24965344 -0.10070335 -0.01870531
v -0.25043457 -0.10176158 -0.01964159
v -0.24964396 -0.10102456 -0.01984006
v -0.250422 -0.10222148 -0.02056005
v -0.24963633 -0.10155618 -0.02090103
v -0.25041061 -0.10284262 -0.02138004
v -0.24962888 -0.10227978 -0.02184875
v -0.25040113 -0.10360544 -0.02206835
v -0.2496256 -0.10316604 -0.02264458
v -0.25039523 -0.10448283 -0.02259991
v -0.24962376 -0.10418164 -0.02325824
v -0.25038862 -0.10543841 -0.022954
v -0.24962084 -0.1052882 -0.02366655
v -0.25038904 -0.10643649 -0.02311511
v -0.24962191 -0.10643893 -0.02385475
v -0.25038731 -0.10743516 -0.02307874
v -0.24962072 -0.10759151 -0.02381321
v -0.25038784 -0.10839933 -0.02284776
v -0.24961958 -0.10870134 -0.02354619
v -0.25039047 -0.10929024 -0.02242721
v -0.2496206 -0.10972893 -0.02306148
v -0.25039404 -0.11007511 -0.02183634
v -0.24962084 -0.11062842 -0.02237675
v -0.25040066 -0.11072546 -0.02109589
v -0.24962423 -0.11137443 -0.02152257
v -0.25040853 -0.11121177 -0.02023517
v -0.24962709 -0.11192822 -0.02052816
v -0.25042092 -0.11151874 -0.01928893
v -0.24963222 -0.11227774 -0.01943506
v -0.25043344 -0.11163634 -0.01829168
v -0.24964092 -0.11240845 -0.01828267
v -0.25044965 -0.11155772 -0.01728341
v -0.24965314 -0.1123119 -0.01711892
v -0.25046712 -0.11129093 -0.01630179
v -0.24966637 -0.11199384 -0.01598381
v -0.25048428 -0.11083644 -0.01538415
v -0.2496808 -0.11146795 -0.01492426
v -0.25050222 -0.11022043 -0.01456524
v -0.2496957 -0.11075353 -0.01397909
v -0.25051653 -0.10946232 -0.01387993
v -0.24970839 -0.1098755 -0.01318695
v -0.25053131 -0.10859209 -0.01335017
v -0.24972026 -0.1088683 -0.0125758
v -0.25054204 -0.1076439 -0.01299947
v -0.24973063 -0.10777068 -0.01217022
v -0.20487478 -0.12170547 -0.10339384
v -0.20474863 -0.12346136 -0.10343717
v -0.20433676 -0.12514185 -0.10364955
v -0.20365861 -0.12668049 -0.10402469
v -0.20274102 -0.1280269 -0.10455059
v -0.20161947 -0.1291216 -0.10520515
v -0.20034182 -0.1299293 -0.10596746
v -0.19895374 -0.13041716 -0.10680694
v -0.19751477 -0.13057333 -0.1076943
v -0.19607493 -0.13038551 -0.108593
v -0.194691 -0.12986236 -0.10946901
v -0.19341358 -0.12902063 -0.11028723
v -0.19229149 -0.12789505 -0.1110148
v -0.19136604 -0.12652319 -0.11162113
v -0.19067034 -0.12495672 -0.11208364
v -0.19023069 -0.12325525 -0.11238263
v -0.19006449 -0.12148523 -0.11250829
v -0.19017663 -0.11971187 -0.11245191
v -0.19056418 -0.11800706 -0.11221972
v -0.19121295 -0.11643642 -0.11181843
v -0.19209998 -0.11506158 -0.11126767
v -0.19319576 -0.11393708 -0.11058968
v -0.19445514 -0.11310952 -0.10981092
v -0.1958321 -0.11261308 -0.1089642
v -0.19727695 -0.11246168 -0.10808026
v -0.19873085 -0.11266291 -0.10719396
v -0.20014119 -0.11321401 -0.10633852
v -0.20144602 -0.11408454 -0.10554558
v -0.20259815 -0.11524176 -0.10484469
v -0.20354935 -0.11664259 -0.10425888
v -0.20426338 -0.11822909 -0.10381414
v -0.20471161 -0.11993861 -0.10352088
v -0.19940391 -0.12182676 -0.09287849
v -0.19928589 -0.12359267 -0.09292674
v -0.19888839 -0.12528437 -0.09314903
v -0.19822847 -0.12684112 -0.09353485
v -0.19733151 -0.12819916 -0.09407115
v -0.19623524 -0.12931436 -0.09474042
v -0.19497904 -0.1301431 -0.0955149
v -0.19361364 -0.13065123 -0.0963677
v -0.19219285 -0.13082182 -0.09726291
v -0.19076994 -0.13064706 -0.09816814
v -0.18939858 -0.13013249 -0.09904962
v -0.1881321 -0.12929785 -0.09987144
v -0.18701711 -0.12817615 -0.10060067
v -0.18609806 -0.12680691 -0.10120842
v -0.18540459 -0.12524199 -0.10167057
v -0.1849671 -0.12354081 -0.10196963
v -0.18479958 -0.12177169 -0.10209331
v -0.18490958 -0.11999702 -0.10203787
v -0.18529194 -0.11828959 -0.10180456
v -0.18593576 -0.11671501 -0.10140337
v -0.18681526 -0.11533701 -0.10085077
v -0.18789809 -0.11420524 -0.10016932
v -0.18914216 -0.11336594 -0.09938538
v -0.19050294 -0.11285162 -0.0985293
v -0.19192677 -0.11268419 -0.09763562
v -0.19335633 -0.11286813 -0.09673663
v -0.19474169 -0.11339765 -0.0958681
v -0.19602415 -0.11424881 -0.09506136
v -0.19715601 -0.11539089 -0.09434592
v -0.19809377 -0.11677819 -0.0937537
v -0.19879549 -0.11835372 -0.0932992
v -0.19923931 -0.12005984 -0.09300478
v -0.19118782 -0.12180537 -0.09571372
v -0.2030974 -0.12162572 -0.10441312
v -0.20300319 -0.12296223 -0.10444672
v -0.20269286 -0.12424135 -0.10460978
v -0.20217841 -0.12541419 -0.104897
v -0.20148232 -0.12643641 -0.10529686
v -0.20063287 -0.12727099 -0.1057973
v -0.19966238 -0.12788802 -0.10637719
v -0.19860866 -0.12826138 -0.1070164
v -0.1975139 -0.12838035 -0.10769093
v -0.19641834 -0.1282351 -0.10837392
v -0.19536584 -0.12783551 -0.10903925
v -0.19439464 -0.12719404 -0.10966025
v -0.19353798 -0.12633729 -0.11021101
v -0.19283416 -0.12529158 -0.11067137
v -0.1923044 -0.12410146 -0.11102186
v -0.19196862 -0.12280798 -0.11125002
v -0.19184234 -0.12146085 -0.11134295
v -0.19192859 -0.12011402 -0.11130137
v -0.19222468 -0.11881911 -0.11112594
v -0.19272002 -0.11762821 -0.11082317
v -0.19339677 -0.1165837 -0.11040485
v -0.19422969 -0.11573088 -0.10989123
v -0.19518864 -0.11510384 -0.10930018
v -0.19623559 -0.11472392 -0.10865606
v -0.19733333 -0.11460709 -0.10798416
v -0.19843721 -0.11476105 -0.10730987
v -0.19950506 -0.11517679 -0.10665719
v -0.20049643 -0.1158359 -0.10605218
v -0.20137006 -0.11671483 -0.10551797
v -0.20209032 -0.11777871 -0.1050712
v -0.20263409 -0.11898273 -0.10473094
v -0.2029736 -0.12028002 -0.10450884
v -0.20224791 -0.12161034 -0.10493395
v -0.20216825 -0.12274575 -0.10496277
v -0.20190295 -0.12382912 -0.10510043
v -0.20146641 -0.12482166 -0.1053431
v -0.20087638 -0.12568944 -0.10568238
v -0.20015427 -0.12639731 -0.10610536
v -0.19932919 -0.12691837 -0.10659561
v -0.19843396 -0.1272335 -0.10713793
v -0.19750508 -0.12732935 -0.10770779
v -0.19657364 -0.12720656 -0.10828609
v -0.19567909 -0.1268683 -0.10884872
v -0.19485372 -0.12632328 -0.10937465
v -0.19412571 -0.12559348 -0.10984093
v -0.19352859 -0.12470752 -0.11023218
v -0.1930778 -0.1236962 -0.11052858
v -0.19279515 -0.12260019 -0.11072072
v -0.19268742 -0.12145865 -0.11080156
v -0.19275969 -0.12031495 -0.1107651
v -0.19301283 -0.11921948 -0.11061714
v -0.19343322 -0.11820811 -0.1103608
v -0.19400757 -0.11732184 -0.11000767
v -0.19471594 -0.11659979 -0.10957276
v -0.1955305 -0.11607009 -0.10907285
v -0.19642022 -0.11574983 -0.10852707
v -0.19735199 -0.11565321 -0.10795827
v -0.19829103 -0.115785 -0.10738698
v -0.19919824 -0.11613947 -0.10683572
v -0.20003986 -0.11670005 -0.10632214
v -0.20078209 -0.11744481 -0.10586991
v -0.20139423 -0.11834859 -0.10549211
v -0.20185428 -0.11937046 -0.10520446
v -0.2021428 -0.12047201 -0.10501525
v -0.20180857 -0.12181699 -0.10253842
v -0.19935217 -0.12189489 -0.09773125
v -0.19923391 -0.12061059 -0.09782443
v -0.20169007 -0.12053412 -0.10263106
v -0.1989052 -0.11936605 -0.09803406
v -0.20136243 -0.11928999 -0.10284205
v -0.19837933 -0.1182056 -0.09835299
v -0.20083555 -0.11812776 -0.10316058
v -0.19767826 -0.11717808 -0.09877042
v -0.20013305 -0.11709821 -0.10357763
v -0.19682991 -0.11632382 -0.09927028
v -0.19928175 -0.11624336 -0.10407645
v -0.19586613 -0.11567521 -0.09983537
v -0.19831657 -0.11559414 -0.1046414
v -0.19482621 -0.11526119 -0.10044421
v -0.19727557 -0.11517703 -0.10524885
v -0.19375285 -0.11509645 -0.10107739
v -0.19620162 -0.11501395 -0.10588118
v -0.19268783 -0.11519235 -0.10170677
v -0.19513475 -0.11510813 -0.10651131
v -0.19167202 -0.11553895 -0.10231085
v -0.19411733 -0.11545419 -0.1071142
v -0.19074505 -0.11612916 -0.10286777
v -0.19318896 -0.11604481 -0.10767201
v -0.18993771 -0.11693489 -0.10335045
v -0.19238075 -0.11684978 -0.10815611
v -0.18928256 -0.11792409 -0.10374403
v -0.19172647 -0.11783939 -0.1085507
v -0.18880513 -0.11905854 -0.10403099
v -0.19124838 -0.11897498 -0.10883633
v -0.18851921 -0.12029564 -0.10419619
v -0.19096186 -0.12021189 -0.10900395
v -0.18843451 -0.12158185 -0.10423526
v -0.19087708 -0.12149626 -0.10904223
v -0.18855586 -0.12286692 -0.10414556
v -0.19099879 -0.12278288 -0.10895112
v -0.18887826 -0.12410503 -0.10392833
v -0.19131872 -0.12402093 -0.10873469
v -0.18938541 -0.12524521 -0.10359422
v -0.19182732 -0.12516284 -0.10840019
v -0.19006297 -0.12624901 -0.10315594
v -0.19250625 -0.12616372 -0.10796329
v -0.190887 -0.12707459 -0.10263394
v -0.19332945 -0.12699228 -0.10743771
v -0.19182264 -0.12769496 -0.10204518
v -0.19426757 -0.12761122 -0.10685074
v -0.19283938 -0.12808799 -0.10141861
v -0.19528514 -0.12800359 -0.10622303
v -0.19390144 -0.12823772 -0.10077592
v -0.1963472 -0.12815231 -0.10558012
v -0.19496074 -0.1281411 -0.10014226
v -0.1974093 -0.12805634 -0.10494758
v -0.19598567 -0.12780016 -0.09954513
v -0.19843581 -0.12771868 -0.10435011
v -0.19693085 -0.12722832 -0.09900428
v -0.19938224 -0.12714737 -0.10380951
v -0.19776046 -0.12644839 -0.09853851
v -0.20021259 -0.12636578 -0.10334447
v -0.19844263 -0.125485 -0.09816975
v -0.20089542 -0.12540668 -0.1029751
v -0.19894781 -0.12437796 -0.09790565
v -0.20140299 -0.12429982 -0.10271342
v -0.19925409 -0.1231659 -0.09775801
v -0.20171129 -0.12308883 -0.10256575
v -0.20516228 -0.12165492 -0.10466617
v -0.20504036 -0.12334543 -0.10470783
v -0.20507988 -0.12343388 -0.10408045
v -0.20520621 -0.12167733 -0.10403644
v -0.204645 -0.12496215 -0.10491211
v -0.20466917 -0.12511599 -0.10429258
v -0.2039943 -0.12644624 -0.10527401
v -0.20399233 -0.12665772 -0.10466937
v -0.20311465 -0.12773656 -0.10578247
v -0.20307675 -0.12799978 -0.10519601
v -0.20203733 -0.12879306 -0.10641203
v -0.20195746 -0.12909853 -0.10585244
v -0.20081141 -0.12957292 -0.10714744
v -0.20068052 -0.12990874 -0.10661486
v -0.19947913 -0.13004374 -0.10795666
v -0.19929376 -0.13039887 -0.10745637
v -0.19809609 -0.1301946 -0.10880924
v -0.19785571 -0.13055795 -0.10834322
v -0.19671291 -0.13001841 -0.10967546
v -0.19641655 -0.13037079 -0.10924292
v -0.19538188 -0.12951368 -0.11051862
v -0.19503384 -0.12984848 -0.11012063
v -0.19415494 -0.12870651 -0.111307
v -0.19375765 -0.12900698 -0.11093994
v -0.19307658 -0.12762183 -0.11200603
v -0.19263678 -0.12787991 -0.11166751
v -0.19218665 -0.12630283 -0.11258993
v -0.19171169 -0.1265099 -0.11227513
v -0.19151714 -0.12479871 -0.11303484
v -0.19101658 -0.12494438 -0.11273801
v -0.19109493 -0.12316423 -0.11332217
v -0.19057771 -0.12324506 -0.11303698
v -0.19093352 -0.12146061 -0.11344154
v -0.19040989 -0.12147337 -0.11316138
v -0.19104227 -0.11975634 -0.11338705
v -0.19052279 -0.11970126 -0.11310453
v -0.19141596 -0.11811339 -0.11316466
v -0.19090914 -0.11799305 -0.11287205
v -0.19203877 -0.11660414 -0.11277955
v -0.19155943 -0.11642211 -0.11247213
v -0.19289153 -0.11528009 -0.11224853
v -0.19244444 -0.1150465 -0.11191999
v -0.1939446 -0.11419981 -0.11159601
v -0.19353997 -0.11392289 -0.11124102
v -0.19515407 -0.11340147 -0.11084602
v -0.19479739 -0.11309212 -0.11046213
v -0.19647669 -0.11292237 -0.11003146
v -0.19617342 -0.11259394 -0.10961438
v -0.19786438 -0.11277604 -0.10918048
v -0.19761529 -0.11244088 -0.10872829
v -0.1992605 -0.11296826 -0.1083258
v -0.19906935 -0.11264187 -0.10784114
v -0.2006146 -0.1134935 -0.10750214
v -0.20047599 -0.11318916 -0.10698441
v -0.20186656 -0.11433029 -0.10673633
v -0.20177951 -0.11406052 -0.10618927
v -0.2029744 -0.11544603 -0.10606139
v -0.20293074 -0.11521852 -0.10548853
v -0.20388823 -0.11678731 -0.10549815
v -0.20388159 -0.11661523 -0.10490218
v -0.20457273 -0.11831206 -0.10506779
v -0.2045933 -0.11820226 -0.1044557
v -0.2050023 -0.11995607 -0.10478503
v -0.20504152 -0.11991059 -0.10416156
v -0.20352017 -0.12164211 -0.1052254
v -0.20342341 -0.12297713 -0.10525821
v -0.20310884 -0.12425291 -0.1054175
v -0.20259198 -0.12542152 -0.10570344
v -0.20189097 -0.1264401 -0.10610046
v -0.20103716 -0.12727004 -0.10659731
v -0.20006111 -0.12788236 -0.10717466
v -0.19900402 -0.1282525 -0.1078106
v -0.19790414 -0.12836515 -0.10848117
v -0.19680562 -0.12821972 -0.10916376
v -0.19575062 -0.12781971 -0.10982736
v -0.19477695 -0.12717658 -0.11044914
v -0.1939204 -0.12631833 -0.11099869
v -0.19321554 -0.12527215 -0.11145936
v -0.19268465 -0.12408119 -0.11181037
v -0.19234985 -0.12278664 -0.11203637
v -0.1922217 -0.12144225 -0.11213025
v -0.19231024 -0.12009578 -0.11208919
v -0.19260653 -0.1187995 -0.1119146
v -0.19310209 -0.11760747 -0.11161106
v -0.19378048 -0.11656546 -0.11119423
v -0.19461524 -0.11571377 -0.11067958
v -0.195578 -0.11508798 -0.11009155
v -0.1966286 -0.11471337 -0.10944931
v -0.19773092 -0.11459964 -0.10877901
v -0.19883921 -0.11475873 -0.10810825
v -0.19991144 -0.11517608 -0.10745871
v -0.20090693 -0.11584413 -0.10685543
v -0.20178532 -0.11672627 -0.10632453
v -0.2025114 -0.11779063 -0.10588123
v -0.2030555 -0.11899852 -0.10554279
v -0.20339545 -0.12029779 -0.10532029
v -0.20391491 -0.12165671 -0.10546077
v -0.20381394 -0.12304055 -0.10549511
v -0.20348611 -0.12436401 -0.1056595
v -0.20294725 -0.12557482 -0.10595347
v -0.20221924 -0.12662768 -0.10636401
v -0.20132961 -0.12748861 -0.10687764
v -0.20031651 -0.12811893 -0.10747625
v -0.19921687 -0.12850117 -0.10813441
v -0.19807553 -0.12861841 -0.10882957
v -0.19693449 -0.12846487 -0.10953599
v -0.19583869 -0.12805229 -0.11022421
v -0.19482848 -0.12738502 -0.11086828
v -0.19394081 -0.12649256 -0.11143989
v -0.19320949 -0.12540853 -0.11191803
v -0.19265958 -0.12417322 -0.11228155
v -0.19231116 -0.12283068 -0.11251767
v -0.19218024 -0.12143552 -0.11261463
v -0.19227081 -0.12003701 -0.11257209
v -0.19257918 -0.11869508 -0.11238945
v -0.19309216 -0.1174581 -0.11207507
v -0.19379559 -0.11637717 -0.11164163
v -0.19466292 -0.11549586 -0.1111105
v -0.19566196 -0.11484485 -0.11049835
v -0.19675254 -0.11445576 -0.10983348
v -0.19789722 -0.11434471 -0.10914021
v -0.19905006 -0.11450761 -0.10844466
v -0.20016607 -0.11494576 -0.10777412
v -0.20119983 -0.1156373 -0.10715028
v -0.20211276 -0.11655455 -0.10660006
v -0.20286768 -0.11766254 -0.10614151
v -0.20343253 -0.11891663 -0.10579084
v -0.20378536 -0.12026345 -0.10556097
v -0.20101875 -0.12183195 -0.0959825
v -0.2008948 -0.123591 -0.09602837
v -0.20049291 -0.12527638 -0.0962456
v -0.19982251 -0.12682497 -0.09662501
v -0.19891667 -0.1281777 -0.09715589
v -0.19780913 -0.1292817 -0.09781769
v -0.19654208 -0.13009774 -0.09858348
v -0.19516557 -0.13059699 -0.0994274
v -0.19373822 -0.13076001 -0.10031811
v -0.19230446 -0.13057559 -0.10121826
v -0.19092729 -0.13005369 -0.10209412
v -0.18965661 -0.12921685 -0.10291282
v -0.18853649 -0.12808895 -0.10363773
v -0.18761295 -0.12671858 -0.1042459
v -0.18691971 -0.12515205 -0.10470623
v -0.18647998 -0.12345182 -0.10500487
v -0.18631207 -0.12167924 -0.10512948
v -0.1864247 -0.11990863 -0.10507409
v -0.18680986 -0.11820459 -0.10484302
v -0.18745681 -0.11663329 -0.10444271
v -0.18834173 -0.11525809 -0.1038947
v -0.18943101 -0.11413115 -0.10321724
v -0.19068282 -0.11330068 -0.10243731
v -0.19205161 -0.11279481 -0.10158771
v -0.19348463 -0.11263614 -0.10070082
v -0.19492715 -0.11283201 -0.09980873
v -0.19632321 -0.11336845 -0.09894876
v -0.19761726 -0.11423212 -0.09814911
v -0.19875744 -0.11538279 -0.09744238
v -0.19969835 -0.11677408 -0.09685128
v -0.20040887 -0.11835527 -0.09640211
v -0.20085233 -0.1200636 -0.09610891
v -0.20086187 -0.1201505 -0.09673358
v -0.20102047 -0.12185376 -0.09661053
v -0.20043319 -0.11850446 -0.09701521
v -0.19974467 -0.11697715 -0.0974453
v -0.19883081 -0.11562895 -0.09800937
v -0.19772547 -0.11451435 -0.09868771
v -0.19646999 -0.11367374 -0.09945184
v -0.19511503 -0.11314976 -0.10027572
v -0.19371545 -0.11295241 -0.10112872
v -0.19232595 -0.11309701 -0.10197768
v -0.19100049 -0.11357659 -0.102793
v -0.18978732 -0.11437261 -0.10354086
v -0.18873158 -0.11545366 -0.10419078
v -0.18787455 -0.11677587 -0.10471712
v -0.18724909 -0.11828678 -0.10510125
v -0.18687468 -0.11993056 -0.10532341
v -0.18676635 -0.12163645 -0.10537657
v -0.18692714 -0.12334269 -0.10525503
v -0.18735125 -0.12498229 -0.1049672
v -0.18802174 -0.12649214 -0.10452423
v -0.18891388 -0.12781703 -0.10394061
v -0.18999642 -0.12890458 -0.10324212
v -0.19122564 -0.12971782 -0.10245594
v -0.19255876 -0.13022434 -0.10161452
v -0.19394749 -0.13040888 -0.10075195
v -0.19533219 -0.13025933 -0.09989874
v -0.19666689 -0.12978577 -0.09909021
v -0.19789588 -0.12900692 -0.09835841
v -0.19897246 -0.12794917 -0.0977263
v -0.19985479 -0.12665426 -0.09722057
v -0.20050641 -0.12516951 -0.09685792
v -0.20089981 -0.12354832 -0.09665297
v -0.20381739 -0.11997985 -0.10178064
v -0.20398095 -0.12174576 -0.10165312
v -0.2033694 -0.11826968 -0.10207203
v -0.2026546 -0.11668223 -0.10251777
v -0.20170304 -0.11528205 -0.10310081
v -0.20055055 -0.11412531 -0.10380263
v -0.19924446 -0.11325293 -0.10459561
v -0.19783458 -0.11270177 -0.10545023
v -0.19638031 -0.11249792 -0.10633599
v -0.19493442 -0.11264723 -0.1072185
v -0.1935558 -0.11314719 -0.10806364
v -0.19229537 -0.11397147 -0.10884212
v -0.19120064 -0.11509525 -0.10951991
v -0.19031268 -0.11646807 -0.11006956
v -0.18966132 -0.11803776 -0.11046858
v -0.18927395 -0.11974459 -0.11070156
v -0.18916234 -0.12151622 -0.11075702
v -0.18932887 -0.12328767 -0.11063365
v -0.18976843 -0.12498569 -0.11033335
v -0.19046437 -0.12655288 -0.10987188
v -0.19138944 -0.12792575 -0.10926456
v -0.19251266 -0.12905311 -0.10853742
v -0.19378927 -0.12989521 -0.10771988
v -0.19517412 -0.13042026 -0.10684597
v -0.1966159 -0.13060808 -0.105948
v -0.19805669 -0.13045519 -0.10506147
v -0.19944506 -0.12996566 -0.10422361
v -0.20072412 -0.12915933 -0.10346152
v -0.20184567 -0.12806433 -0.1028073
v -0.20276323 -0.12672203 -0.10228395
v -0.20344245 -0.12518286 -0.10190899
v -0.20385417 -0.12350451 -0.10169614
v -0.2034977 -0.12176972 -0.10139937
v -0.20334017 -0.12006682 -0.10152194
v -0.20290878 -0.11842072 -0.10180431
v -0.20221728 -0.11689066 -0.10223229
v -0.2013002 -0.11553931 -0.10279332
v -0.20018678 -0.11442244 -0.10346856
v -0.19892665 -0.11357629 -0.10423069
v -0.19756537 -0.11304646 -0.10505189
v -0.19616085 -0.11284357 -0.10590282
v -0.19476559 -0.11298739 -0.10675139
v -0.19343397 -0.11346596 -0.10756495
v -0.19221928 -0.11426031 -0.10831288
v -0.19115951 -0.11534041 -0.10896308
v -0.19030177 -0.11666047 -0.1094925
v -0.18967431 -0.11817175 -0.10987643
v -0.18929973 -0.11981606 -0.11009915
v -0.18919214 -0.12152248 -0.11015253
v -0.18935236 -0.1232298 -0.11003346
v -0.18977594 -0.12486839 -0.1097439
v -0.19044733 -0.12637877 -0.10930006
v -0.1913414 -0.12770324 -0.10871651
v -0.19242408 -0.12879055 -0.10801616
v -0.19365692 -0.12960392 -0.10722956
v -0.19499278 -0.13011324 -0.10638921
v -0.19638478 -0.13029688 -0.10552573
v -0.19777533 -0.13015264 -0.10467401
v -0.19911515 -0.12968099 -0.10386762
v -0.20035055 -0.1289066 -0.10313541
v -0.20143374 -0.12785297 -0.10250727
v -0.20231843 -0.12656229 -0.10200312
v -0.20297679 -0.12508148 -0.10164392
v -0.20337373 -0.12346434 -0.10143992
v -0.19839263 -0.12147837 -0.10970039
v -0.20241537 -0.12053132 -0.10721042
v -0.20250725 -0.12152063 -0.10714092
v -0.20269587 -0.12156474 -0.10585406
v -0.20258906 -0.1204229 -0.10593555
v -0.20216628 -0.11957955 -0.1073758
v -0.20230186 -0.11932206 -0.10612577
v -0.20177185 -0.11869657 -0.10762971
v -0.20184478 -0.1183018 -0.10641572
v -0.20124793 -0.1179189 -0.10796198
v -0.20123672 -0.11740303 -0.10679757
v -0.20061221 -0.1172803 -0.1083599
v -0.20050078 -0.11666274 -0.10725323
v -0.19989052 -0.11680167 -0.10880982
v -0.19966536 -0.1161077 -0.10777054
v -0.19911313 -0.11650288 -0.10929366
v -0.19876399 -0.11576068 -0.1083259
v -0.19830805 -0.11639726 -0.10979619
v -0.19783356 -0.11563706 -0.10890248
v -0.19750839 -0.11648821 -0.11029377
v -0.19690746 -0.11573666 -0.10947526
v -0.19674447 -0.11677253 -0.11077158
v -0.19602373 -0.11606288 -0.11002463
v -0.19604641 -0.11723887 -0.111211
v -0.19521457 -0.11659783 -0.11052715
v -0.19543701 -0.117872 -0.11158976
v -0.19450992 -0.11732602 -0.11096375
v -0.19494199 -0.11864095 -0.1118974
v -0.19393685 -0.11820852 -0.11131717
v -0.19457942 -0.11951744 -0.11212108
v -0.1935186 -0.1192218 -0.11157436
v -0.19436276 -0.12047255 -0.11224999
v -0.19326895 -0.12032055 -0.11172275
v -0.19430106 -0.1214655 -0.11228242
v -0.19319525 -0.12146365 -0.11175966
v -0.19439524 -0.12245422 -0.11221252
v -0.19330406 -0.12260508 -0.11167852
v -0.19463998 -0.12340503 -0.11204611
v -0.19358593 -0.12370103 -0.1114868
v -0.19502919 -0.12428051 -0.11178863
v -0.19403657 -0.12471199 -0.11119086
v -0.19554537 -0.12504887 -0.11144784
v -0.19463363 -0.12559819 -0.11079794
v -0.19617229 -0.12567842 -0.11104156
v -0.19535595 -0.12632483 -0.11033077
v -0.19688263 -0.12614929 -0.11058213
v -0.19617834 -0.12686818 -0.10980165
v -0.19765284 -0.12643611 -0.1100912
v -0.1970694 -0.12720358 -0.10923785
v -0.1984522 -0.12653738 -0.10958493
v -0.19799542 -0.12732315 -0.10865558
v -0.19925177 -0.1264435 -0.1090864
v -0.19891804 -0.12721991 -0.10808368
v -0.2000193 -0.12616539 -0.1086125
v -0.19980841 -0.12689918 -0.10753883
v -0.20072421 -0.12570315 -0.10817941
v -0.20062419 -0.12637168 -0.1070424
v -0.20134252 -0.125081 -0.10780625
v -0.20134145 -0.12565618 -0.10661529
v -0.20184513 -0.12432324 -0.10750542
v -0.20192551 -0.12478506 -0.10627132
v -0.20221874 -0.12345182 -0.10729184
v -0.20235714 -0.12378656 -0.10602523
v -0.20244175 -0.12250644 -0.10716845
v -0.20261669 -0.12269794 -0.10588587
v -0.18253722 -0.11206096 -0.11394532
v -0.18687704 -0.13889253 -0.11056684
v -0.24551412 -0.08977431 0.00020458
v -0.24621732 -0.11924338 0.00385129
v -0.18575727 -0.11086893 -0.11174994
v -0.18957176 -0.13805848 -0.10802516
v -0.24513876 -0.09048587 -0.00511279
v -0.24560597 -0.12000435 -0.00150103
v -0.24661995 -0.09397411 -0.03232438
v -0.24512621 -0.09226793 -0.01845007
v -0.25071525 -0.0954647 -0.04747083
v -0.22085988 -0.10121566 -0.09126895
v -0.20705032 -0.10474222 -0.10008662
v -0.19493502 -0.10802424 -0.10619845
v -0.22391009 -0.12953555 -0.08792184
v -0.21057772 -0.13252961 -0.09643125
v -0.19840955 -0.13568502 -0.1018068
v -0.25072044 -0.1253544 -0.04402321
v -0.24668917 -0.12367796 -0.0287948
v -0.24521777 -0.12189716 -0.01489761
v -0.18685722 -0.12492257 -0.10896927
v -0.24589949 -0.10527628 -0.00315547
v -0.2460684 -0.10459262 0.00205771
v -0.18453392 -0.12558323 -0.11220183
v -0.24641467 -0.10903388 -0.03091998
v -0.25067359 -0.1105923 -0.04577663
v -0.20990276 -0.11815762 -0.09977985
v -0.22238305 -0.11546677 -0.08979401
v -0.24413266 -0.10856038 -0.02499128
v -0.24474138 -0.11500984 -0.01571783
v -0.24426046 -0.11365079 -0.0218761
v -0.24570381 -0.10597777 -0.00836272
v -0.24544155 -0.11180776 -0.01011264
v -0.24502262 -0.0995146 -0.01752707
v -0.24557191 -0.10087806 -0.01140731
v -0.24454253 -0.10267078 -0.02314359
v -0.19651708 -0.13002002 -0.10210672
v -0.20318946 -0.11988687 -0.10198097
v -0.20164564 -0.12607944 -0.10137118
v -0.19528389 -0.11423564 -0.10569848
v -0.20074591 -0.11488646 -0.10383127
v -0.18892702 -0.12436258 -0.10603344
v -0.19154745 -0.12920087 -0.1041436
v -0.19068613 -0.11804837 -0.10683135
v -0.1872847 -0.13788044 -0.10585575
v -0.18456369 -0.12478643 -0.10676109
v -0.1822454 -0.12543386 -0.11000567
v -0.18462926 -0.1386944 -0.1084118
v -0.24769714 -0.12534338 -0.04449874
v -0.24769029 -0.11055129 -0.04622313
v -0.24306401 -0.10459327 0.00156792
v -0.24290305 -0.10527354 -0.00364644
v -0.24258703 -0.12000811 -0.00199062
v -0.24320045 -0.11924731 0.00335964
v -0.24773243 -0.09543371 -0.04791851
v -0.24367436 -0.12367415 -0.02927657
v -0.24341803 -0.10902082 -0.0313918
v -0.20824924 -0.13234692 -0.0942344
v -0.22164553 -0.12929499 -0.0857364
v -0.22009939 -0.11525571 -0.08758588
v -0.20750331 -0.11803728 -0.09752902
v -0.24248865 -0.0897814 -0.00028734
v -0.24211058 -0.09049302 -0.00560655
v -0.24359819 -0.09396946 -0.03280586
v -0.18017712 -0.11192852 -0.11173106
v -0.1833519 -0.11076307 -0.10951248
v -0.21854004 -0.10102504 -0.08905803
v -0.20461008 -0.10463738 -0.09783152
v -0.24124872 -0.11364758 -0.02236177
v -0.24111774 -0.1085577 -0.0254774
v -0.24218514 -0.12190645 -0.01538997
v -0.24172526 -0.11500984 -0.01620545
v -0.24243447 -0.111808 -0.01060208
v -0.24269887 -0.10598039 -0.00885095
v -0.24256095 -0.10087961 -0.01189801
v -0.24208742 -0.09227854 -0.01894358
v -0.24200269 -0.09951758 -0.01801918
v -0.241526 -0.10266947 -0.02363039
v -0.19926911 -0.1259613 -0.09913211
v -0.19417429 -0.12989258 -0.0998869
v -0.19603127 -0.13554698 -0.09960378
v -0.20076954 -0.11979186 -0.09972538
v -0.19828566 -0.11481297 -0.1015584
v -0.1924355 -0.10796397 -0.10392616
v -0.19281277 -0.11417305 -0.10342682
v -0.18924793 -0.12906265 -0.10194152
v -0.18660137 -0.12424224 -0.1038153
v -0.18829354 -0.11795949 -0.10458743
v -0.23887109 -0.12655615 -0.061298
v -0.23611655 -0.12651789 -0.06005286
v -0.23501089 -0.11197239 -0.06191911
v -0.2339358 -0.09713572 -0.06367975
v -0.23667287 -0.09717178 -0.06493734
v -0.2377367 -0.11202257 -0.06317685
v -0.22480481 -0.11421954 -0.07948846
v -0.22621193 -0.12841904 -0.07763407
v -0.22863104 -0.12859416 -0.07952246
v -0.22722783 -0.11437958 -0.0813969
v -0.22584939 -0.09994018 -0.08296196
v -0.22339835 -0.09979903 -0.08105188
v -0.23403793 -0.12751728 -0.06989689
v -0.2314414 -0.12741428 -0.06834797
v -0.23019337 -0.11303257 -0.07020898
v -0.22896239 -0.09839105 -0.07187635
v -0.23156437 -0.09847766 -0.07344188
v -0.23277676 -0.11313402 -0.07177346
v -0.02781029 -0.00644105 -0.05952617
v -0.02788003 -0.00755828 -0.05914395
v -0.02791927 -0.00858926 -0.0585492
v -0.02792461 -0.00949698 -0.05776518
v -0.02789535 -0.01024615 -0.05682209
v -0.02783248 -0.01080834 -0.05575534
v -0.02773754 -0.01116329 -0.054605
v -0.02761405 -0.01129603 -0.05341737
v -0.02746492 -0.01120591 -0.05223641
v -0.02729661 -0.01089233 -0.05110798
v -0.02711749 -0.01036822 -0.0500748
v -0.02693351 -0.00965279 -0.04917708
v -0.02675404 -0.00877422 -0.04845009
v -0.02658562 -0.00776231 -0.04792283
v -0.02643436 -0.0066598 -0.04761384
v -0.02630884 -0.00550288 -0.04753772
v -0.02621274 -0.00434064 -0.04769438
v -0.02615169 -0.00321441 -0.04807983
v -0.02612448 -0.00217169 -0.04867894
v -0.02613353 -0.00125056 -0.04946749
v -0.02617715 -0.00048822 -0.05041513
v -0.0262514 0.00008869 -0.05148744
v -0.02635681 0.00045019 -0.05263891
v -0.02648435 0.00058805 -0.05382768
v -0.02663043 0.00049531 -0.05500849
v -0.02679006 0.00017362 -0.05613469
v -0.0269568 -0.00036233 -0.05716455
v -0.02712677 -0.00109159 -0.05805563
v -0.02729174 -0.0019868 -0.05877805
v -0.02744791 -0.00300914 -0.05930195
v -0.02758934 -0.00412118 -0.05960654
v -0.02771229 -0.00528144 -0.0596826
v -0.03370673 -0.00582051 -0.0590833
v -0.03378852 -0.00693029 -0.05869833
v -0.03384323 -0.00795269 -0.05810224
v -0.03386905 -0.0088458 -0.05731846
v -0.03386339 -0.00957614 -0.05637852
v -0.03382481 -0.01011604 -0.05531679
v -0.03375618 -0.01044768 -0.05417345
v -0.03366018 -0.01055538 -0.05299294
v -0.03353953 -0.01043766 -0.05182204
v -0.03339952 -0.01009798 -0.05070358
v -0.03324444 -0.00954699 -0.04968132
v -0.03308073 -0.00880795 -0.04879543
v -0.03291628 -0.00790882 -0.04807983
v -0.03275874 -0.00688189 -0.04756246
v -0.03261287 -0.00576937 -0.0472616
v -0.03248482 -0.00461024 -0.04719156
v -0.03238042 -0.00345146 -0.04735212
v -0.03230257 -0.0023356 -0.04774024
v -0.03225545 -0.00130611 -0.04833756
v -0.03223909 -0.00040638 -0.04912364
v -0.03225341 0.00033253 -0.05006889
v -0.03229866 0.00088083 -0.0511319
v -0.03237124 0.00121492 -0.05227733
v -0.03247075 0.00132578 -0.05345803
v -0.03258861 0.00120639 -0.05462984
v -0.03272591 0.00086188 -0.05574523
v -0.03287307 0.00030452 -0.05676514
v -0.03302759 -0.00044196 -0.05764773
v -0.03318336 -0.00134939 -0.05836108
v -0.03333319 -0.00238388 -0.05887727
v -0.03347417 -0.00350302 -0.05917482
v -0.03360036 -0.00466227 -0.05924489
v -0.03405338 -0.00450593 -0.05315337
v -0.0276278 -0.0061832 -0.0581062
v -0.02767908 -0.00703394 -0.05781613
v -0.02770875 -0.00781875 -0.05736324
v -0.02771024 -0.00851011 -0.05676636
v -0.02768791 -0.00908368 -0.05604838
v -0.02763717 -0.0095117 -0.05523742
v -0.02756322 -0.00978261 -0.0543633
v -0.02746733 -0.00988638 -0.05345906
v -0.02735189 -0.00981712 -0.05256128
v -0.02722477 -0.00957989 -0.0517019
v -0.02708687 -0.00918191 -0.05091702
v -0.02694748 -0.00863838 -0.0502352
v -0.02681034 -0.00797039 -0.04968255
v -0.02668313 -0.00720071 -0.04928204
v -0.02656879 -0.00636112 -0.04904718
v -0.0264738 -0.00548273 -0.04898779
v -0.02640086 -0.00459933 -0.04910798
v -0.02635246 -0.00374448 -0.04940118
v -0.02633242 -0.00295084 -0.04985639
v -0.0263385 -0.00225096 -0.05045566
v -0.02637321 -0.00167018 -0.05117689
v -0.02642966 -0.00123155 -0.05199122
v -0.02650929 -0.00095629 -0.05286737
v -0.02660797 -0.00085014 -0.05377182
v -0.02672066 -0.0009216 -0.05466939
v -0.02684393 -0.00116246 -0.05552575
v -0.0269731 -0.00156676 -0.05630842
v -0.02710393 -0.00212025 -0.05698783
v -0.02723084 -0.00279802 -0.05753717
v -0.02735111 -0.00357526 -0.05793546
v -0.02746079 -0.00441962 -0.05816814
v -0.02755291 -0.00530022 -0.0582254
v -0.02754555 -0.00605237 -0.05742705
v -0.0275898 -0.0067752 -0.05718065
v -0.02761185 -0.00744098 -0.05679656
v -0.02761278 -0.00802969 -0.05628954
v -0.02759057 -0.00851506 -0.05568052
v -0.02754671 -0.00888109 -0.0549923
v -0.02748291 -0.00911355 -0.05424971
v -0.02740008 -0.0092026 -0.05348154
v -0.02730092 -0.00914627 -0.05272031
v -0.02718992 -0.008946 -0.05199157
v -0.027072 -0.00861024 -0.05132491
v -0.02695247 -0.00815254 -0.0507453
v -0.0268349 -0.00758487 -0.05027623
v -0.02672508 -0.0069338 -0.04993547
v -0.02662907 -0.00622266 -0.04973569
v -0.02654692 -0.0054773 -0.0496876
v -0.02648555 -0.00472849 -0.04978763
v -0.02644639 -0.00400167 -0.05003629
v -0.02643011 -0.00332772 -0.05042268
v -0.02643639 -0.002734 -0.05093184
v -0.02646555 -0.00224024 -0.05154402
v -0.02651697 -0.00186693 -0.0522345
v -0.02658657 -0.00163132 -0.05297827
v -0.02667135 -0.00153893 -0.05374659
v -0.02676834 -0.00159663 -0.05450779
v -0.02687564 -0.00180089 -0.05523529
v -0.02698693 -0.00214195 -0.05590089
v -0.02709951 -0.00260871 -0.05647713
v -0.02720875 -0.003183 -0.0569429
v -0.0273111 -0.00383985 -0.05728152
v -0.02740394 -0.00455689 -0.0574791
v -0.0274826 -0.0053038 -0.05752814
v -0.02893111 -0.00591945 -0.05785688
v -0.03166455 -0.00560015 -0.05766775
v -0.03159473 -0.00475621 -0.05778047
v -0.02886315 -0.00507444 -0.0579699
v -0.03150587 -0.00391382 -0.05772476
v -0.02877404 -0.00423234 -0.05791235
v -0.03140137 -0.00310701 -0.05750107
v -0.02866958 -0.00342667 -0.0576879
v -0.03128327 -0.00236827 -0.05711877
v -0.02855132 -0.00268822 -0.05730502
v -0.03115792 -0.00172513 -0.05659168
v -0.02842487 -0.00204682 -0.05677733
v -0.0310268 -0.00120252 -0.05594075
v -0.02829308 -0.00152516 -0.05612399
v -0.03089626 -0.00082147 -0.05518906
v -0.02816011 -0.00114703 -0.05537187
v -0.03076912 -0.00059795 -0.05436587
v -0.02803224 -0.00092637 -0.05454845
v -0.0306513 -0.00054109 -0.05350461
v -0.02791184 -0.00087088 -0.05368608
v -0.03054706 -0.00065308 -0.05263585
v -0.02780434 -0.00098562 -0.05281733
v -0.03045877 -0.00092774 -0.05179446
v -0.02771222 -0.00126564 -0.05197517
v -0.03039318 -0.00135725 -0.05101222
v -0.02764302 -0.00169622 -0.05119222
v -0.03035051 -0.00192159 -0.05032018
v -0.02759772 -0.00226289 -0.05049964
v -0.03033495 -0.00260043 -0.04974429
v -0.02757872 -0.00294226 -0.04992431
v -0.03034784 -0.00336432 -0.04930758
v -0.02758963 -0.00370806 -0.04948715
v -0.03038721 -0.00418633 -0.04902681
v -0.02762806 -0.00453126 -0.04920714
v -0.0304552 -0.00503307 -0.04891293
v -0.02769512 -0.00537914 -0.04909297
v -0.03054693 -0.0058735 -0.04897076
v -0.02778692 -0.00621664 -0.04915068
v -0.03066084 -0.00667047 -0.04919683
v -0.02790012 -0.00701463 -0.04937943
v -0.03078952 -0.00739735 -0.04958253
v -0.02802864 -0.00774216 -0.04976576
v -0.03092893 -0.00803059 -0.05011504
v -0.02816952 -0.00837051 -0.05029988
v -0.0310727 -0.00853943 -0.05077032
v -0.02831545 -0.00887882 -0.05095678
v -0.03121375 -0.00890934 -0.05152445
v -0.02845891 -0.00924503 -0.05171221
v -0.03134677 -0.00912529 -0.0523509
v -0.0285944 -0.00945979 -0.05253894
v -0.03146808 -0.00917983 -0.05321122
v -0.02871781 -0.00951093 -0.05340149
v -0.03156854 -0.00907176 -0.05407988
v -0.02882229 -0.00940084 -0.05426993
v -0.03164893 -0.00880402 -0.05491797
v -0.02890407 -0.00913065 -0.0551088
v -0.03170425 -0.00838571 -0.05569683
v -0.02896262 -0.00870811 -0.05588847
v -0.03173298 -0.00783395 -0.05638444
v -0.02899482 -0.00815701 -0.05657548
v -0.03173595 -0.00716954 -0.05695578
v -0.02899852 -0.00748956 -0.05714735
v -0.03171231 -0.006415 -0.05738928
v -0.02897709 -0.00673586 -0.05758012
v -0.027132 -0.00648051 -0.05934057
v -0.02719942 -0.00755488 -0.0589726
v -0.02749789 -0.0076093 -0.05916567
v -0.02742724 -0.0064907 -0.05954897
v -0.0272382 -0.00854641 -0.05840007
v -0.0275374 -0.00863999 -0.05857096
v -0.02724192 -0.00941968 -0.0576464
v -0.02754269 -0.00954735 -0.05778786
v -0.02721453 -0.01013863 -0.05673873
v -0.0275146 -0.01029557 -0.05684482
v -0.02715403 -0.01068103 -0.05571319
v -0.02745158 -0.01085645 -0.05577798
v -0.02706242 -0.01102274 -0.05460808
v -0.0273577 -0.01121085 -0.05462875
v -0.02694386 -0.01115077 -0.0534655
v -0.02723513 -0.01134502 -0.05344019
v -0.02679918 -0.01106482 -0.05233046
v -0.02708683 -0.0112527 -0.05226032
v -0.02663932 -0.01076245 -0.05124456
v -0.02692066 -0.01093924 -0.05113189
v -0.02646722 -0.01025736 -0.05025175
v -0.02674047 -0.0104137 -0.05009963
v -0.02629069 -0.00956809 -0.04938912
v -0.0265582 -0.00969725 -0.04920198
v -0.02611768 -0.00872236 -0.04869117
v -0.02637783 -0.00881785 -0.04847606
v -0.02595562 -0.00774848 -0.04818346
v -0.02621012 -0.00780516 -0.04794796
v -0.02581178 -0.00668817 -0.04788686
v -0.02606009 -0.00670152 -0.04764007
v -0.02569226 -0.00557678 -0.04781165
v -0.02593524 -0.00554573 -0.04756285
v -0.02559949 -0.00445956 -0.04796226
v -0.02583835 -0.00438416 -0.0477205
v -0.02553981 -0.00337696 -0.04833366
v -0.02577704 -0.00325882 -0.04810604
v -0.02551246 -0.00237327 -0.04891045
v -0.02574914 -0.00221538 -0.04870428
v -0.02552129 -0.00148785 -0.04966754
v -0.02575628 -0.00129407 -0.04949292
v -0.02556393 -0.00075578 -0.05057874
v -0.02579956 -0.00053167 -0.05044038
v -0.02563459 -0.00020319 -0.05160966
v -0.025874 0.00004088 -0.05151258
v -0.02573407 0.00014692 -0.05271808
v -0.02597734 0.00040459 -0.05266314
v -0.02585719 0.00027847 -0.05385971
v -0.02610459 0.00054121 -0.05385185
v -0.02599803 0.00018763 -0.05499474
v -0.02624999 0.00044655 -0.05503271
v -0.02615137 -0.0001192 -0.05607834
v -0.02640881 0.00012517 -0.05615891
v -0.02631222 -0.00063514 -0.05706778
v -0.02657547 -0.00041151 -0.05718759
v -0.02647632 -0.00133657 -0.05792583
v -0.02674523 -0.00114125 -0.05807982
v -0.02663471 -0.0021972 -0.05862047
v -0.02690966 -0.00203591 -0.05880022
v -0.02678461 -0.00318032 -0.05912375
v -0.02706559 -0.00305944 -0.05932392
v -0.02692101 -0.00424945 -0.05941712
v -0.0272074 -0.00417113 -0.05962861
v -0.02703942 -0.00536501 -0.05949014
v -0.02733013 -0.00533169 -0.05970466
v -0.02720139 -0.00621444 -0.05814554
v -0.02725186 -0.00706404 -0.05785425
v -0.02727838 -0.00785225 -0.05740298
v -0.02727702 -0.00854581 -0.05680567
v -0.02724943 -0.00912052 -0.05608809
v -0.02719614 -0.00955128 -0.0552755
v -0.02711804 -0.0098285 -0.05439952
v -0.02701747 -0.00993657 -0.05349521
v -0.0268987 -0.00987356 -0.05259529
v -0.02676524 -0.00963991 -0.05173444
v -0.02662437 -0.009247 -0.05094814
v -0.02647973 -0.00870847 -0.05026273
v -0.02633936 -0.00804317 -0.04970943
v -0.02620922 -0.00727582 -0.04930704
v -0.0260948 -0.00643837 -0.04907049
v -0.02600001 -0.00555998 -0.04901117
v -0.0259297 -0.00467556 -0.04912978
v -0.02588414 -0.0038191 -0.04942217
v -0.02586602 -0.00302296 -0.04987877
v -0.02587806 -0.00231921 -0.0504775
v -0.02591602 -0.00173389 -0.05120039
v -0.02597953 -0.00129252 -0.05201539
v -0.02606431 -0.00101155 -0.05289353
v -0.02616703 -0.0009002 -0.05379893
v -0.0262846 -0.00096595 -0.05469884
v -0.02641136 -0.00120371 -0.05555643
v -0.02654396 -0.00160688 -0.05634034
v -0.02667796 -0.00215637 -0.05702143
v -0.02680693 -0.00283211 -0.05757134
v -0.02692764 -0.00360566 -0.05797251
v -0.02703537 -0.00445181 -0.05820579
v -0.02712832 -0.00533074 -0.05826494
v -0.02703639 -0.00625753 -0.05833015
v -0.02708685 -0.00714057 -0.05802947
v -0.027114 -0.00795793 -0.05756055
v -0.02711242 -0.00867807 -0.05694144
v -0.02708279 -0.00927454 -0.05619628
v -0.02702594 -0.00972604 -0.05535374
v -0.02694257 -0.01001256 -0.05444401
v -0.02683698 -0.01012557 -0.05350497
v -0.02671098 -0.01006192 -0.05257145
v -0.0265721 -0.00982177 -0.05167789
v -0.02642302 -0.00941687 -0.05086006
v -0.02627081 -0.00885784 -0.05015138
v -0.02612597 -0.00816953 -0.04957476
v -0.02598877 -0.00737619 -0.0491573
v -0.02587008 -0.006509 -0.04891075
v -0.02577107 -0.00559741 -0.04884884
v -0.02569774 -0.00468045 -0.04897268
v -0.02565294 -0.00379121 -0.04927565
v -0.02563694 -0.00296425 -0.04974888
v -0.02565003 -0.00223249 -0.05037135
v -0.02569307 -0.00162369 -0.05112012
v -0.02576043 -0.00116419 -0.05196587
v -0.02584926 -0.00086969 -0.05287783
v -0.0259589 -0.00075209 -0.05381801
v -0.02608295 -0.00081849 -0.05475048
v -0.02621504 -0.00106543 -0.0556418
v -0.0263546 -0.00147926 -0.0564562
v -0.02649344 -0.00204956 -0.05716268
v -0.02662694 -0.00275033 -0.05773368
v -0.02675284 -0.00355267 -0.05814885
v -0.02686571 -0.00442886 -0.05839111
v -0.02696196 -0.00534206 -0.05845193
v -0.03200715 -0.00598192 -0.05921921
v -0.03208544 -0.00709497 -0.05883423
v -0.03213596 -0.00812029 -0.05823819
v -0.03215483 -0.00901866 -0.0574533
v -0.03214043 -0.00975579 -0.0565109
v -0.03209347 -0.0103054 -0.05544751
v -0.03201571 -0.01064509 -0.05430233
v -0.03191002 -0.01076221 -0.05311759
v -0.03177799 -0.01065403 -0.05194449
v -0.03162778 -0.01032245 -0.05082141
v -0.0314637 -0.00978338 -0.04979634
v -0.03129124 -0.00905227 -0.04890751
v -0.03112135 -0.0081616 -0.04818778
v -0.03095828 -0.0071417 -0.04766604
v -0.03081033 -0.00603133 -0.04736394
v -0.03068284 -0.00487309 -0.04729062
v -0.03057992 -0.00371348 -0.04745105
v -0.03050727 -0.00259399 -0.04783921
v -0.03046649 -0.00156021 -0.04843752
v -0.03046003 -0.00065165 -0.04922481
v -0.03048371 0.00009584 -0.05017154
v -0.03053942 0.00065439 -0.05123931
v -0.03062388 0.00100028 -0.05238661
v -0.03073322 0.00111991 -0.05357051
v -0.03086243 0.00101047 -0.05474463
v -0.03100802 0.00067418 -0.05586437
v -0.03116319 0.00012481 -0.05688715
v -0.03132272 -0.00061464 -0.05777381
v -0.03148285 -0.00151848 -0.05848899
v -0.03163721 -0.00254809 -0.05900647
v -0.03177757 -0.00366282 -0.05930842
v -0.03190338 -0.0048232 -0.05937856
v -0.031667 -0.00481909 -0.05918939
v -0.03176457 -0.00593709 -0.05903739
v -0.03154733 -0.00370085 -0.05911999
v -0.03141005 -0.00262725 -0.05882708
v -0.03126052 -0.00163841 -0.05832606
v -0.03110142 -0.00077343 -0.05763449
v -0.03094241 -0.00006443 -0.05677808
v -0.03078788 0.00045806 -0.05578877
v -0.03063975 0.00077414 -0.05470697
v -0.0305064 0.00087231 -0.0535722
v -0.0303913 0.00074815 -0.05242835
v -0.03030077 0.00040543 -0.05132019
v -0.03023738 -0.0001412 -0.05028818
v -0.03020553 -0.00086867 -0.04937436
v -0.03020493 -0.00175172 -0.04861418
v -0.03023783 -0.00275391 -0.04803707
v -0.03030349 -0.00383389 -0.04766344
v -0.03040021 -0.0049535 -0.04751036
v -0.0305228 -0.00606787 -0.04758301
v -0.03066673 -0.00713527 -0.04787607
v -0.03082857 -0.00811404 -0.04838149
v -0.03099795 -0.00896698 -0.04907745
v -0.03117044 -0.00966256 -0.04993843
v -0.03133711 -0.01017534 -0.05093001
v -0.03148932 -0.01048547 -0.05201503
v -0.03162442 -0.01058065 -0.05314988
v -0.03173684 -0.01045882 -0.05429374
v -0.03181969 -0.01012378 -0.05539854
v -0.0318717 -0.00958865 -0.05642613
v -0.03189302 -0.00887209 -0.05733547
v -0.03188129 -0.00800192 -0.05809227
v -0.03183691 -0.00701165 -0.05866695
v -0.02871379 -0.00516033 -0.05961517
v -0.02881183 -0.00632065 -0.05945843
v -0.0285918 -0.00400257 -0.05953925
v -0.02845002 -0.00288838 -0.05923374
v -0.0282938 -0.00186461 -0.05871108
v -0.02812845 -0.00096964 -0.05798979
v -0.0279594 -0.00024163 -0.05709659
v -0.02779166 0.00029569 -0.05606786
v -0.02763287 0.00061637 -0.05494173
v -0.02748664 0.00071084 -0.05376195
v -0.02736013 0.0005722 -0.05257317
v -0.02725587 0.00021076 -0.05142065
v -0.02718168 -0.00036364 -0.05034927
v -0.02713716 -0.00112682 -0.04940167
v -0.02712946 -0.00204747 -0.04861192
v -0.02715764 -0.00309062 -0.04801361
v -0.02721916 -0.00421607 -0.04762901
v -0.02731515 -0.00538015 -0.04747111
v -0.0274411 -0.00653356 -0.04754823
v -0.02759116 -0.00763869 -0.04785608
v -0.02775995 -0.00864994 -0.04838419
v -0.02794048 -0.0095306 -0.04910987
v -0.02812287 -0.01024615 -0.05000754
v -0.02830301 -0.01077014 -0.05103977
v -0.02846943 -0.01108366 -0.05216815
v -0.02861854 -0.01117539 -0.05334914
v -0.0287421 -0.01104068 -0.05453772
v -0.02883689 -0.01068651 -0.05568709
v -0.02889875 -0.01012462 -0.05675388
v -0.02892773 -0.00937688 -0.05769597
v -0.0289214 -0.00846946 -0.05848019
v -0.02888297 -0.00743818 -0.05907607
v -0.02904621 -0.00624078 -0.05923201
v -0.02895148 -0.00512182 -0.0593829
v -0.02883338 -0.00400489 -0.05931018
v -0.02869693 -0.00293415 -0.05901407
v -0.02854523 -0.0019477 -0.05851111
v -0.0283855 -0.00108641 -0.05781459
v -0.0282223 -0.00038415 -0.05695564
v -0.02805959 0.00013226 -0.05596324
v -0.02790591 0.00044024 -0.05487767
v -0.02776337 0.00052928 -0.05373962
v -0.02764009 0.00039792 -0.05259279
v -0.02753822 0.00004547 -0.05148332
v -0.02746539 -0.00051009 -0.05044997
v -0.02742217 -0.00124537 -0.04953554
v -0.0274137 -0.00213366 -0.04877509
v -0.02743905 -0.00314062 -0.04819801
v -0.02750008 -0.00422394 -0.04782638
v -0.0275921 -0.00534528 -0.04767448
v -0.02771369 -0.0064578 -0.04774929
v -0.02785874 -0.00752216 -0.04804658
v -0.02802186 -0.00849694 -0.04855513
v -0.02819589 -0.00934416 -0.04925504
v -0.02837534 -0.01003247 -0.05012055
v -0.0285477 -0.01053595 -0.05111525
v -0.02871056 -0.01083868 -0.0522042
v -0.02885513 -0.01092398 -0.05334126
v -0.02897489 -0.01079487 -0.05448697
v -0.02906722 -0.01045322 -0.05559527
v -0.02912841 -0.00990843 -0.05662397
v -0.02915654 -0.0091874 -0.05753194
v -0.02915079 -0.00831341 -0.05828892
v -0.02911374 -0.00731796 -0.05886272
v -0.02596912 -0.00550681 -0.05368253
v -0.0263176 -0.00548625 -0.05706426
v -0.02637474 -0.00613325 -0.05697508
v -0.02697443 -0.00614839 -0.05745164
v -0.02690881 -0.00540179 -0.05755372
v -0.02624722 -0.00483894 -0.05702284
v -0.02682916 -0.00465416 -0.05750484
v -0.02616788 -0.00421375 -0.05685434
v -0.02673701 -0.00393593 -0.0573092
v -0.02608173 -0.00364112 -0.05656325
v -0.02663626 -0.00327533 -0.0569727
v -0.02599066 -0.00313615 -0.05616239
v -0.02652994 -0.00269907 -0.05650876
v -0.02589841 -0.00272566 -0.05566449
v -0.0264212 -0.00222736 -0.05593327
v -0.02580967 -0.00242155 -0.05509268
v -0.02631502 -0.00187927 -0.05527133
v -0.02572673 -0.00223618 -0.0544631
v -0.02621517 -0.00166899 -0.05454724
v -0.02565152 -0.00217729 -0.0538072
v -0.02612495 -0.00160408 -0.05378731
v -0.02558753 -0.00224524 -0.05314428
v -0.02604709 -0.00168907 -0.05302218
v -0.02553755 -0.00244242 -0.05250195
v -0.02598543 -0.00191843 -0.05228014
v -0.02550474 -0.00275456 -0.05190499
v -0.0259432 -0.00228512 -0.05159037
v -0.02548991 -0.00317478 -0.05137588
v -0.02591996 -0.00277102 -0.05098063
v -0.02549124 -0.00368243 -0.05093682
v -0.02591918 -0.00336086 -0.05047278
v -0.02551416 -0.00426262 -0.05060104
v -0.02594169 -0.00403147 -0.05008648
v -0.02555291 -0.00488925 -0.05038566
v -0.02598409 -0.00475424 -0.04983798
v -0.0256088 -0.0055381 -0.05029752
v -0.02604759 -0.00550425 -0.04973588
v -0.0256793 -0.00618463 -0.05033793
v -0.02612939 -0.00624948 -0.04978381
v -0.0257617 -0.00680553 -0.05050866
v -0.02622425 -0.00696504 -0.04998058
v -0.0258535 -0.00737381 -0.05079982
v -0.02633163 -0.00762027 -0.05032033
v -0.02594828 -0.0078746 -0.05120294
v -0.02644375 -0.00818997 -0.05078552
v -0.02604491 -0.00828146 -0.05170197
v -0.02655906 -0.00865495 -0.05136316
v -0.02613669 -0.00858253 -0.05227692
v -0.02666999 -0.00899869 -0.05202628
v -0.02622438 -0.00876486 -0.05290448
v -0.02677367 -0.00920534 -0.05275252
v -0.0262986 -0.00882285 -0.05356249
v -0.02686495 -0.00926733 -0.05351146
v -0.02636092 -0.0087552 -0.05422432
v -0.02694096 -0.00918614 -0.05427758
v -0.0264081 -0.00856149 -0.0548666
v -0.02699868 -0.00895965 -0.05501738
v -0.02643686 -0.00825309 -0.05546252
v -0.02703612 -0.00860059 -0.05570588
v -0.02644887 -0.00783807 -0.05598827
v -0.02705274 -0.00811928 -0.05631349
v -0.02644093 -0.00733447 -0.05642834
v -0.02704785 -0.00753355 -0.05681923
v -0.02641609 -0.00675886 -0.0567608
v -0.02701957 -0.00687009 -0.05720317
v -0.00425241 -0.00189071 0.02058672
v -0.00446015 -0.00296908 0.02094616
v -0.00472185 -0.00393551 0.02150679
v -0.00502356 -0.00475281 0.02224709
v -0.00535243 -0.00539445 0.02313999
v -0.00569726 -0.00583088 0.02414989
v -0.00604215 -0.00605058 0.0252399
v -0.00637344 -0.00604504 0.02636656
v -0.00667706 -0.00581634 0.02748718
v -0.00694343 -0.00537109 0.02855871
v -0.00716136 -0.00472724 0.02954078
v -0.00732442 -0.00390726 0.03039391
v -0.007426 -0.00294137 0.03108706
v -0.00746567 -0.00186741 0.03159152
v -0.00744036 -0.00072211 0.03188848
v -0.00735421 0.00044906 0.03196583
v -0.00720806 0.00160354 0.03182257
v -0.0070106 0.00269448 0.03146158
v -0.00676628 0.0036807 0.03089945
v -0.00648653 0.00452119 0.03015641
v -0.00617755 0.00518721 0.02926079
v -0.00585171 0.00564605 0.02824721
v -0.00552044 0.00588119 0.02715585
v -0.00519586 0.00588345 0.02602892
v -0.00488847 0.00565147 0.02490752
v -0.00461283 0.0051946 0.0238373
v -0.00437656 0.00452941 0.02285787
v -0.00419364 0.00368613 0.02200745
v -0.00406982 0.00269621 0.021318
v -0.00401311 0.00159901 0.02081627
v -0.00402367 0.00043821 0.02052169
v -0.00410551 -0.00074011 0.02044347
v -0.01118738 -0.00135546 0.01822508
v -0.01139406 -0.00243979 0.01858762
v -0.01164904 -0.00341582 0.01915177
v -0.01194097 -0.00424557 0.0198951
v -0.01226071 -0.00489842 0.02079023
v -0.01259073 -0.00535219 0.02180185
v -0.012922 -0.00558811 0.02289265
v -0.01323855 -0.00559806 0.02402154
v -0.0135298 -0.00538104 0.02514146
v -0.0137845 -0.00494778 0.0262118
v -0.0139917 -0.00431233 0.0271921
v -0.01414449 -0.0034967 0.02804285
v -0.01423952 -0.00253623 0.02873244
v -0.01427095 -0.00146442 0.02923212
v -0.0142406 -0.00032097 0.02952538
v -0.01414878 0.00085002 0.02959917
v -0.01399974 0.00200271 0.02945261
v -0.01379853 0.00309377 0.02908992
v -0.01355413 0.00408172 0.02852443
v -0.01327361 0.00492638 0.02777862
v -0.01296726 0.00559413 0.02688105
v -0.01264691 0.00605905 0.02586811
v -0.01232412 0.00630474 0.02477599
v -0.01201036 0.00631934 0.02364806
v -0.01171734 0.00610089 0.02252712
v -0.01145794 0.00565916 0.02145803
v -0.01124024 0.00501304 0.02048015
v -0.01107596 0.00418466 0.01963174
v -0.01096945 0.00320857 0.0189436
v -0.01092456 0.00212293 0.01844437
v -0.01094898 0.00097072 0.01815232
v -0.01103597 -0.0002039 0.01807858
v -0.01375846 0.00042378 0.02344406
v -0.00465211 -0.00143307 0.02194016
v -0.00480966 -0.00225353 0.0222129
v -0.00500584 -0.00299 0.02263925
v -0.00523403 -0.00361239 0.02320212
v -0.00548424 -0.00409954 0.02388066
v -0.00574425 -0.00443488 0.0246488
v -0.00600498 -0.0046035 0.02547757
v -0.00625742 -0.00460052 0.02633418
v -0.00648778 -0.00442653 0.02718684
v -0.00669001 -0.00408762 0.02800184
v -0.00685698 -0.0035969 0.02874792
v -0.00698037 -0.00297272 0.02939571
v -0.00706025 -0.00223672 0.0299222
v -0.00709042 -0.00141835 0.03030557
v -0.00707301 -0.0005474 0.03053109
v -0.00700666 0.00034356 0.0305914
v -0.00689751 0.00122034 0.03048104
v -0.00674609 0.00204914 0.03020709
v -0.00655931 0.00279772 0.02978035
v -0.0063444 0.00343668 0.02921494
v -0.00610949 0.00393998 0.0285339
v -0.00586028 0.00428831 0.02776339
v -0.00560779 0.00446564 0.02693438
v -0.00536149 0.00446826 0.02607668
v -0.00512818 0.00429284 0.02522511
v -0.00491927 0.00394511 0.02441134
v -0.00474206 0.00344222 0.02366665
v -0.00460398 0.00280231 0.02301928
v -0.00451179 0.00205159 0.02249625
v -0.00447018 0.00121909 0.02211432
v -0.00447806 0.00033712 0.02188904
v -0.00454056 -0.00055664 0.02182987
v -0.0048239 -0.00123065 0.02258941
v -0.00495749 -0.00192737 0.02282033
v -0.00512496 -0.00255042 0.02318156
v -0.00531862 -0.0030781 0.02365936
v -0.00553067 -0.00349116 0.02423485
v -0.00575268 -0.00377428 0.02488613
v -0.00597523 -0.00391632 0.02558942
v -0.00618989 -0.00391143 0.02631606
v -0.00638601 -0.00376331 0.02703721
v -0.00656002 -0.00347393 0.02772967
v -0.00670196 -0.00305742 0.02836182
v -0.00680814 -0.00252729 0.02891261
v -0.00687671 -0.00190168 0.0293588
v -0.00690199 -0.0012077 0.02968367
v -0.00688742 -0.00046736 0.02987544
v -0.00683148 0.00028801 0.02992457
v -0.00673873 0.00103187 0.02983278
v -0.00661063 0.00173395 0.02960064
v -0.00645165 0.00236779 0.02923803
v -0.00626938 0.00290972 0.02875882
v -0.00606896 0.00333666 0.02818096
v -0.00585664 0.00363111 0.02752833
v -0.00564178 0.0037803 0.02682482
v -0.00543112 0.0037806 0.02609813
v -0.00523289 0.00363028 0.02537595
v -0.0050542 0.00333464 0.02468477
v -0.00490263 0.00290697 0.02405393
v -0.00478596 0.00236338 0.02350459
v -0.00470588 0.00172561 0.0230597
v -0.00466995 0.0010187 0.02273722
v -0.00467662 0.00027132 0.02254669
v -0.00472909 -0.00048869 0.02249659
v -0.00601658 -0.00139302 0.02162825
v -0.00917138 -0.00116688 0.02054918
v -0.00906477 -0.00033086 0.02044536
v -0.00591051 -0.00055784 0.02152494
v -0.00900896 0.00052684 0.02050274
v -0.00585473 0.000301 0.02158181
v -0.00900542 0.00137555 0.02071695
v -0.00585289 0.00115066 0.02179656
v -0.00905413 0.00218015 0.02108154
v -0.00590228 0.00195789 0.02216166
v -0.00915318 0.00291138 0.02158089
v -0.00600367 0.0026884 0.02266152
v -0.00929669 0.00353634 0.02219827
v -0.00614765 0.00331437 0.02328046
v -0.00947889 0.00403183 0.02290865
v -0.00633229 0.003811 0.02399026
v -0.00969098 0.00437533 0.02368698
v -0.0065453 0.00415605 0.02476788
v -0.00992462 0.00455743 0.02449963
v -0.0067801 0.00433784 0.02558188
v -0.01017137 0.0045672 0.02531728
v -0.00702718 0.00434798 0.02639966
v -0.01041938 0.0044052 0.02611013
v -0.00727634 0.00418692 0.02719164
v -0.01066577 0.00407946 0.02684541
v -0.00752158 0.0038616 0.02792779
v -0.0108956 0.00360536 0.02749587
v -0.00775019 0.00338649 0.0285782
v -0.0111025 0.00299787 0.0280347
v -0.00795786 0.00277942 0.02911679
v -0.0112834 0.00228416 0.02844297
v -0.00813729 0.00206524 0.02952567
v -0.01142795 0.00149309 0.02870446
v -0.00828224 0.00127464 0.02978683
v -0.01153299 0.00065392 0.02880942
v -0.0083876 0.00043547 0.02988923
v -0.01159425 -0.00019919 0.02875087
v -0.00844828 -0.00041657 0.02983219
v -0.01161025 -0.00103253 0.02853529
v -0.00846341 -0.00125205 0.02961501
v -0.01157873 -0.00181788 0.02816917
v -0.00842956 -0.00203841 0.02924827
v -0.0114979 -0.00252604 0.0276661
v -0.00834996 -0.0027455 0.02874366
v -0.01137353 -0.00312912 0.02704604
v -0.00822392 -0.00334817 0.02812411
v -0.01120684 -0.00360685 0.02633411
v -0.00805665 -0.00382578 0.0274107
v -0.01100333 -0.00394004 0.02555445
v -0.00785259 -0.00416076 0.02663175
v -0.01077339 -0.00411909 0.02474161
v -0.00762036 -0.00433886 0.02581862
v -0.01051999 -0.00413501 0.02392414
v -0.00736666 -0.0043571 0.02500099
v -0.01025838 -0.00398743 0.02313367
v -0.00710423 -0.00420928 0.02421044
v -0.00999859 -0.00368207 0.02240009
v -0.00684442 -0.00390464 0.02347689
v -0.00974781 -0.00322872 0.0217532
v -0.00659374 -0.00345319 0.0228302
v -0.0095217 -0.0026434 0.02121494
v -0.0063661 -0.00286811 0.02229324
v -0.00932649 -0.0019474 0.02080933
v -0.0061714 -0.00217342 0.02188797
v -0.00358944 -0.00185668 0.02105897
v -0.00379026 -0.00289374 0.02140421
v -0.00404008 -0.0029881 0.02109579
v -0.00383193 -0.00190842 0.02073724
v -0.00404089 -0.00382411 0.02194349
v -0.00430079 -0.0039553 0.02165641
v -0.00432909 -0.00461161 0.0226555
v -0.0046014 -0.00477433 0.02239681
v -0.00464396 -0.00522714 0.02351398
v -0.00492932 -0.00541329 0.02328965
v -0.0049754 -0.00565034 0.02448585
v -0.00527215 -0.00585299 0.02430073
v -0.00530428 -0.00586408 0.02553363
v -0.00561696 -0.00607448 0.02538963
v -0.00562165 -0.00585955 0.02661737
v -0.00594753 -0.00607001 0.02651738
v -0.00591363 -0.00564169 0.02769523
v -0.00625075 -0.00584358 0.02763796
v -0.00616831 -0.00521493 0.02872632
v -0.00651633 -0.00539869 0.02870955
v -0.00637814 -0.00459569 0.02967007
v -0.00673334 -0.00475543 0.02969165
v -0.00653337 -0.00380682 0.03049121
v -0.00689511 -0.00393706 0.03054573
v -0.00663111 -0.0028783 0.03115661
v -0.00699557 -0.00297105 0.03123783
v -0.00666837 -0.001845 0.03164151
v -0.00703469 -0.00189667 0.03174226
v -0.00664513 -0.00074487 0.03192833
v -0.00701042 -0.00075262 0.03203929
v -0.00656214 0.00038123 0.03200267
v -0.00692293 0.0004189 0.03211749
v -0.00642245 0.00149112 0.03186551
v -0.00677748 0.00157266 0.03197323
v -0.00623226 0.00254088 0.03151778
v -0.00658036 0.00266504 0.03161225
v -0.00599726 0.0034905 0.03097692
v -0.0063366 0.00365221 0.03104997
v -0.00572787 0.00429916 0.03026238
v -0.00605532 0.00449246 0.03030594
v -0.0054317 0.00493788 0.02940117
v -0.0057483 0.00515884 0.02941134
v -0.00511915 0.00537973 0.0284258
v -0.00542225 0.00561749 0.0283967
v -0.00480149 0.00560826 0.02737655
v -0.00509299 0.00585484 0.02730634
v -0.00449002 0.0056104 0.02629368
v -0.00476832 0.00585633 0.02617952
v -0.00419541 0.00538951 0.02521489
v -0.00446285 0.00562697 0.02505794
v -0.00393115 0.00495237 0.02418617
v -0.00418697 0.00517112 0.02398671
v -0.00370625 0.00431346 0.02324299
v -0.00395321 0.00450855 0.02300728
v -0.00353258 0.00350451 0.02242551
v -0.00377205 0.00366598 0.02215687
v -0.0034138 0.00255185 0.0217618
v -0.0036484 0.0026763 0.0214685
v -0.00335942 0.00149941 0.02127945
v -0.00359225 0.00158041 0.02096572
v -0.00337169 0.00038433 0.02099608
v -0.00360406 0.00042003 0.02067122
v -0.00344995 -0.00074946 0.02092092
v -0.00368582 -0.000759 0.02059302
v -0.00411329 -0.00149285 0.02211556
v -0.0042713 -0.00231152 0.02238781
v -0.00447068 -0.00304526 0.02281374
v -0.0046996 -0.00366562 0.02337632
v -0.00495231 -0.00414937 0.02405459
v -0.00521547 -0.00448077 0.02482264
v -0.00548032 -0.00464582 0.02565034
v -0.0057345 -0.00463932 0.02650596
v -0.00596923 -0.00446331 0.02735792
v -0.00617422 -0.00412201 0.02817432
v -0.00634107 -0.00362932 0.02891977
v -0.00646664 -0.00300312 0.02957008
v -0.00654824 -0.00226891 0.0300962
v -0.00657886 -0.00144916 0.0304801
v -0.00656228 -0.00057679 0.03070621
v -0.00649776 0.00031417 0.03076604
v -0.00638913 0.00119102 0.03065723
v -0.006237 0.00201863 0.03038368
v -0.00605109 0.00276857 0.0299563
v -0.00583651 0.00340676 0.02939211
v -0.00559979 0.00390887 0.02871137
v -0.00535124 0.00425612 0.02794085
v -0.00509574 0.00443255 0.02711178
v -0.00484678 0.004431 0.02625498
v -0.00461082 0.00425207 0.02540222
v -0.00439841 0.00390178 0.02458913
v -0.00421813 0.00339627 0.02384508
v -0.0040771 0.00275141 0.02319731
v -0.0039807 0.00199669 0.02267278
v -0.0039345 0.00116294 0.0222903
v -0.00394149 0.00027889 0.02206653
v -0.00400321 -0.00061607 0.02200681
v -0.00383065 -0.0015707 0.02203351
v -0.0039946 -0.00242197 0.02231553
v -0.00420177 -0.00318026 0.02275613
v -0.00444103 -0.00382316 0.02333961
v -0.00470358 -0.004323 0.02404275
v -0.0049791 -0.00466495 0.02483964
v -0.00525348 -0.00483357 0.02569818
v -0.00551887 -0.0048269 0.02658668
v -0.00576322 -0.00464379 0.0274703
v -0.00597649 -0.00428837 0.02831526
v -0.00615206 -0.00377732 0.02909015
v -0.00628297 -0.00312799 0.02976379
v -0.00636672 -0.00236409 0.03030992
v -0.00639845 -0.00151521 0.03070769
v -0.00638115 -0.00061184 0.03094361
v -0.00631521 0.00031399 0.03100591
v -0.00620144 0.00122261 0.03089356
v -0.00604469 0.00208151 0.03060932
v -0.00585099 0.00285923 0.03016611
v -0.00562993 0.00352066 0.02958111
v -0.00538577 0.00404238 0.02887536
v -0.00512506 0.00440138 0.02807696
v -0.00486171 0.00458449 0.02721596
v -0.0046017 0.00458347 0.02632733
v -0.00435569 0.00439506 0.02544393
v -0.00413374 0.00403195 0.02459922
v -0.0039442 0.00350379 0.02382788
v -0.00379726 0.00283366 0.02315586
v -0.00369509 0.00205063 0.0226123
v -0.00364594 0.00118374 0.02221596
v -0.00365272 0.00026541 0.02198248
v -0.00371608 -0.00066459 0.02192127
v -0.00913914 -0.00154 0.01891492
v -0.0093489 -0.00262057 0.01927656
v -0.00960607 -0.00359314 0.01983911
v -0.00990424 -0.00441575 0.02058183
v -0.01022838 -0.00506323 0.0214756
v -0.01056612 -0.00550794 0.02248795
v -0.01090425 -0.00573521 0.02357762
v -0.01122988 -0.00573772 0.02470457
v -0.01152556 -0.00551521 0.02582383
v -0.01178686 -0.00507414 0.02689456
v -0.01199958 -0.00443208 0.02787335
v -0.0121564 -0.00361484 0.02872492
v -0.01225526 -0.00265026 0.0294143
v -0.01228993 -0.001576 0.0299168
v -0.01226096 -0.00043213 0.03021001
v -0.01217182 0.00073856 0.03028561
v -0.01202371 0.00189369 0.03013981
v -0.01182272 0.00298219 0.02977684
v -0.01157592 0.00396889 0.02921294
v -0.01129499 0.00480991 0.02846763
v -0.01098511 0.00547444 0.02757143
v -0.01066111 0.00593721 0.02655755
v -0.01033388 0.00617623 0.0254665
v -0.01001413 0.00618302 0.02433946
v -0.00971405 0.005957 0.02322031
v -0.00944697 0.00550776 0.02214979
v -0.00922079 0.00485247 0.02117247
v -0.00904771 0.00401604 0.02032344
v -0.00893444 0.00303417 0.01963658
v -0.00888639 0.00194436 0.01913658
v -0.00890407 0.00078725 0.01884271
v -0.00899004 -0.00038933 0.01876918
v -0.00873207 -0.00041735 0.01907825
v -0.00887543 -0.00152611 0.01921797
v -0.00865098 0.00071758 0.01915066
v -0.0086383 0.00183528 0.01943416
v -0.00868922 0.00289118 0.01991558
v -0.00880391 0.00384217 0.02057854
v -0.00897747 0.00465488 0.02139634
v -0.00920128 0.00529259 0.0223401
v -0.00946608 0.00573319 0.02337051
v -0.00976022 0.0059567 0.0244483
v -0.01007326 0.00595563 0.0255346
v -0.01039228 0.00572866 0.02658661
v -0.01070847 0.00528925 0.02756296
v -0.01100825 0.00464963 0.02842565
v -0.01128136 0.00384014 0.02914319
v -0.01151863 0.00289183 0.02968609
v -0.01171157 0.00184047 0.0300352
v -0.0118542 0.00072938 0.03017501
v -0.01193931 -0.00039982 0.03010143
v -0.01196454 -0.00150334 0.02981751
v -0.01192877 -0.00254178 0.02933362
v -0.01183037 -0.00347358 0.02866701
v -0.01167611 -0.00426518 0.02784666
v -0.01146636 -0.00488621 0.02690237
v -0.01120953 -0.00531601 0.02587061
v -0.01091869 -0.00553673 0.02479181
v -0.01059991 -0.00554037 0.02370555
v -0.01026762 -0.00532817 0.022657
v -0.00993722 -0.0049048 0.02168203
v -0.00961894 -0.00428766 0.02082097
v -0.00932861 -0.00349968 0.02010616
v -0.00907705 -0.00256651 0.01956465
v -0.00524654 -0.00066632 0.02004954
v -0.00539498 -0.00181651 0.0201928
v -0.00516673 0.00051188 0.02012664
v -0.00515571 0.00167286 0.02042106
v -0.00521307 0.00277084 0.02092267
v -0.0053371 0.00376147 0.02161199
v -0.00552048 0.00460368 0.02246234
v -0.00575594 0.00526982 0.02344162
v -0.00603307 0.00572669 0.02451171
v -0.00634113 0.00596106 0.0256331
v -0.00666628 0.0059579 0.02675995
v -0.0069977 0.00572454 0.02785122
v -0.00732377 0.00526499 0.02886386
v -0.00763291 0.00460171 0.02975943
v -0.00791484 0.00376135 0.03050353
v -0.0081586 0.00277406 0.03106681
v -0.00835733 0.00168496 0.03142575
v -0.00850229 0.00052964 0.03157122
v -0.00858887 -0.00064069 0.03149185
v -0.00861387 -0.00178694 0.03119504
v -0.00857443 -0.00286191 0.03069075
v -0.00847219 -0.00382721 0.02999869
v -0.00831026 -0.0046485 0.02914565
v -0.00809085 -0.00529229 0.02816473
v -0.00782359 -0.00573843 0.02709224
v -0.0075194 -0.00596904 0.02597181
v -0.0071868 -0.00597441 0.02484512
v -0.00684232 -0.005755 0.02375526
v -0.0064962 -0.0053175 0.0227452
v -0.00616601 -0.00467908 0.02185345
v -0.00586387 -0.0038622 0.02111206
v -0.00560402 -0.00289672 0.02055142
v -0.00572196 -0.00174939 0.02029599
v -0.00557932 -0.0006414 0.02015779
v -0.00550121 0.00049507 0.02023277
v -0.00549237 0.00161469 0.0205169
v -0.00554819 0.00267291 0.02099887
v -0.00566866 0.00362771 0.02166445
v -0.00584616 0.00444459 0.0224836
v -0.00607565 0.00508678 0.02342761
v -0.00634479 0.00553244 0.02445798
v -0.00664201 0.0057581 0.02553762
v -0.00695858 0.00575745 0.02662346
v -0.00727891 0.00553292 0.0276746
v -0.00759595 0.00509232 0.02865195
v -0.00789422 0.00445586 0.02951419
v -0.00816648 0.00364601 0.030231
v -0.00840258 0.00269639 0.03077289
v -0.00859302 0.0016449 0.03111968
v -0.00873373 0.00053292 0.03125909
v -0.0088178 -0.00059503 0.03118291
v -0.00884072 -0.00170004 0.03089738
v -0.00880201 -0.00273799 0.03041176
v -0.00870269 -0.00366902 0.02974456
v -0.00854538 -0.00446212 0.02892263
v -0.00833287 -0.00508528 0.0279771
v -0.00807331 -0.00551807 0.02694422
v -0.00777901 -0.00574076 0.02586558
v -0.00745667 -0.00574743 0.02477889
v -0.00712219 -0.0055387 0.02372914
v -0.00678793 -0.00511789 0.0227554
v -0.00646933 -0.00450426 0.02189685
v -0.00617613 -0.0037195 0.02118183
v -0.00592359 -0.0027889 0.02064246
v -0.00458272 -0.00016665 0.02662644
v -0.00369173 -0.00048291 0.02340369
v -0.00377498 -0.00112652 0.02348594
v -0.00423054 -0.00124949 0.02280173
v -0.00413557 -0.0005058 0.02270823
v -0.00364387 0.0001738 0.02344693
v -0.00408185 0.00025242 0.0227576
v -0.00363285 0.00081926 0.02361216
v -0.00407102 0.00099897 0.02294739
v -0.00365802 0.00142693 0.02389189
v -0.00410319 0.0017029 0.02327122
v -0.00372096 0.0019741 0.02427634
v -0.0041787 0.00233668 0.0237144
v -0.00381629 0.00243955 0.0247529
v -0.0042911 0.0028752 0.02426417
v -0.00394087 0.00280422 0.02529937
v -0.00443733 0.0032981 0.0248956
v -0.00408964 0.00305342 0.02589881
v -0.00461064 0.00358772 0.02558535
v -0.00425521 0.00317812 0.02652486
v -0.00480506 0.00373333 0.02630825
v -0.00443346 0.00317013 0.02715618
v -0.00501065 0.00372815 0.02703576
v -0.00461393 0.00303715 0.02776606
v -0.00522337 0.00357568 0.02773926
v -0.00479578 0.00277662 0.028333
v -0.00543317 0.00327801 0.02839202
v -0.00496811 0.00240451 0.02883412
v -0.00563287 0.00285106 0.02897008
v -0.00512569 0.00193518 0.02925073
v -0.00581441 0.00230908 0.02944861
v -0.00526325 0.001383 0.02956607
v -0.00597302 0.00167262 0.0298118
v -0.00537435 0.00077229 0.02976929
v -0.00610159 0.0009697 0.0300455
v -0.00545567 0.00012838 0.02984949
v -0.00619653 0.00022643 0.0301391
v -0.00550547 -0.0005269 0.02980823
v -0.00625283 -0.00052946 0.03008963
v -0.00552013 -0.00116753 0.0296429
v -0.00626821 -0.00126701 0.02989859
v -0.00550063 -0.00176858 0.02936097
v -0.00624452 -0.00196111 0.02957351
v -0.00544534 -0.00230729 0.02897414
v -0.00617928 -0.00258505 0.029129
v -0.00535724 -0.00276541 0.02849846
v -0.00607585 -0.00311338 0.02857795
v -0.00523778 -0.00312304 0.02794976
v -0.00593642 -0.00352656 0.02794635
v -0.0050941 -0.00336784 0.02735018
v -0.00576819 -0.00381326 0.02725434
v -0.00492761 -0.00349062 0.02672407
v -0.0055741 -0.00395703 0.02653338
v -0.00474724 -0.00348871 0.02609392
v -0.00536374 -0.00395721 0.02580595
v -0.00456091 -0.00335657 0.02548303
v -0.00514605 -0.00380897 0.02510365
v -0.00437438 -0.00310564 0.02491635
v -0.00492784 -0.0035215 0.02445011
v -0.00419611 -0.00274193 0.02441643
v -0.00472041 -0.00310492 0.02387442
v -0.00403092 -0.00227922 0.02400106
v -0.00452913 -0.002572 0.0233951
v -0.00388832 -0.00173312 0.02368697
v -0.00436304 -0.00194507 0.02303428
v -0.00900317 0.00912129 0.0346857
v -0.01111627 -0.00877118 0.03539738
v -0.02980545 0.00372713 -0.06688585
v -0.03135356 -0.01572036 -0.0658808
v -0.00833222 0.00913208 0.03193932
v -0.01086686 -0.00889605 0.03279708
v -0.02961345 0.00386411 -0.06335575
v -0.03131527 -0.01559531 -0.0623002
v -0.02642425 0.00440555 -0.04563452
v -0.02853297 0.00413703 -0.05459118
v -0.02250511 0.00475764 -0.03613499
v -0.00531717 0.00898385 0.00546661
v -0.00286829 0.00822258 0.01540037
v -0.00618007 0.00884538 0.02453082
v -0.00709664 -0.00975513 0.00678271
v -0.00556521 -0.01011997 0.01652352
v -0.00919751 -0.00944197 0.02531484
v -0.02451345 -0.0148915 -0.03488686
v -0.02838651 -0.01513528 -0.04446708
v -0.03047917 -0.0153594 -0.05344964
v -0.01040386 -0.00005137 0.03239386
v -0.03013778 -0.00594055 -0.06297159
v -0.03045536 -0.00606906 -0.06641131
v -0.01017273 0.00014084 0.03511489
v -0.02754144 -0.00544321 -0.04477363
v -0.02354605 -0.00517803 -0.03546587
v -0.00302593 -0.00079649 0.01608292
v -0.00617046 -0.00042355 0.00625743
v -0.0295213 -0.00560104 -0.04841535
v -0.03032128 -0.01079392 -0.05367455
v -0.03000684 -0.00922614 -0.04983592
v -0.02984049 -0.00582534 -0.05952938
v -0.03018569 -0.00937879 -0.0577075
v -0.02909495 -0.00062805 -0.05433385
v -0.02936337 -0.00220167 -0.05815358
v -0.02908505 -0.00202906 -0.05032146
v -0.00937343 -0.0054878 0.02543446
v -0.00535292 -0.00044906 0.02057228
v -0.00693676 -0.00406277 0.02202198
v -0.00685036 0.00484645 0.02513844
v -0.00519696 0.00326585 0.02178396
v -0.01063647 -0.00024193 0.0299484
v -0.01071401 -0.00389039 0.02860694
v -0.00886406 0.00341445 0.02846342
v -0.01280965 -0.00842452 0.03284017
v -0.01237026 0.00039428 0.03242842
v -0.0121301 0.00059461 0.03515126
v -0.01303216 -0.00829333 0.03542592
v -0.02642858 -0.01461035 -0.03429639
v -0.02543639 -0.00488388 -0.03490122
v -0.03235921 -0.00579416 -0.06581241
v -0.03203595 -0.00566643 -0.06237265
v -0.03322857 -0.01532256 -0.06170027
v -0.03326471 -0.01544815 -0.06527881
v -0.02439735 0.00504583 -0.0355681
v -0.03029711 -0.0148589 -0.0438724
v -0.02943982 -0.00516158 -0.0441892
v -0.00753772 -0.00963956 0.01657351
v -0.00893905 -0.00944876 0.00602262
v -0.00803203 -0.00013589 0.00549277
v -0.00506067 -0.00034159 0.01615106
v -0.03172246 0.00400066 -0.06628277
v -0.03153235 0.00413626 -0.06275162
v -0.02833939 0.00468337 -0.04503977
v -0.01100244 0.00957793 0.03474967
v -0.01036477 0.00957834 0.0320189
v -0.00720388 0.00926339 0.00471346
v -0.00492451 0.00867635 0.01548793
v -0.03191414 -0.00894933 -0.04923914
v -0.03143168 -0.00532519 -0.04781754
v -0.03240061 -0.01508915 -0.05284442
v -0.0322326 -0.01052051 -0.05307555
v -0.03209121 -0.00910544 -0.05710846
v -0.03174351 -0.00555127 -0.05893138
v -0.03127103 -0.00192695 -0.0575537
v -0.03045871 0.00440901 -0.053985
v -0.03100907 -0.00035369 -0.05373199
v -0.03099643 -0.00175333 -0.04972258
v -0.00895571 -0.00361388 0.02208512
v -0.01136774 -0.00503855 0.02548834
v -0.01119968 -0.00897848 0.02539187
v -0.00740128 -0.00000608 0.020652
v -0.00727219 0.00370192 0.02187817
v -0.00827479 0.00928062 0.02464656
v -0.00893177 0.00527834 0.02523995
v -0.01267928 -0.00344336 0.02864762
v -0.0126232 0.0001989 0.02999642
v -0.01089453 0.00384867 0.02853721
v -0.02453447 -0.01402992 -0.02685584
v -0.02645668 -0.01375055 -0.02655012
v -0.02557474 -0.00413197 -0.02706914
v -0.02469047 0.00566005 -0.0276972
v -0.02277485 0.0053848 -0.02798982
v -0.02366567 -0.00441378 -0.02735647
v -0.00749881 0.00853341 0.00128376
v -0.00938879 0.00881332 0.0006613
v -0.00967906 0.00808358 -0.00289996
v -0.01157295 0.00836277 -0.00339171
v -0.011859 0.00763374 -0.00708307
v -0.0137563 0.00791209 -0.0074441
v -0.01403914 0.00718349 -0.01126702
v -0.01594062 0.00746119 -0.01149732
v -0.01622004 0.00673294 -0.01545028
v -0.01812527 0.00701075 -0.0155499
v -0.01840267 0.00628328 -0.01963136
v -0.02031132 0.00656026 -0.01960128
v -0.02058718 0.00583362 -0.02381173
v -0.02249945 0.00611019 -0.02364989
v -0.02234962 -0.01349532 -0.02265468
v -0.02426161 -0.01321375 -0.02248275
v -0.02016754 -0.01296138 -0.01845218
v -0.02206883 -0.01267588 -0.01841315
v -0.01798762 -0.01242768 -0.01424795
v -0.01987917 -0.01213854 -0.01434174
v -0.0158087 -0.01189291 -0.01004152
v -0.0176908 -0.01160049 -0.01026918
v -0.01363119 -0.01135867 -0.00583539
v -0.01550344 -0.01106262 -0.00619593
v -0.01145404 -0.01082283 -0.00162919
v -0.01331537 -0.0105248 -0.00212253
v -0.00927516 -0.01028919 0.00257769
v -0.01112778 -0.00998675 0.00195047
v -0.00835652 -0.00092333 0.00205451
v -0.01054146 -0.00142186 -0.00214826
v -0.0127259 -0.00192028 -0.00635143
v -0.0149106 -0.00242012 -0.01055543
v -0.01709631 -0.00291854 -0.01475777
v -0.01928336 -0.00341749 -0.01895894
v -0.02147271 -0.0039159 -0.02315826
v -0.02337634 -0.0036332 -0.0230028
v -0.02118097 -0.00313371 -0.01893515
v -0.0189875 -0.00263428 -0.01486472
v -0.01679661 -0.00213491 -0.01079312
v -0.01460559 -0.00163424 -0.00672188
v -0.0124148 -0.0011354 -0.00264944
v -0.01022425 -0.0006349 0.00142156
v -0.00556741 -0.00030618 0.014384
v -0.00777808 -0.00960719 0.01482005
v -0.00606627 -0.00027102 0.01261084
v -0.00801645 -0.00957417 0.01306605
v -0.00656272 -0.00023704 0.01083393
v -0.00825147 -0.00954192 0.01130828
v -0.00705504 -0.00020372 0.00905555
v -0.00848298 -0.00951081 0.00954804
v -0.00754448 -0.00016927 0.00727501
v -0.00871226 -0.00947946 0.0077867
v -0.006848 -0.00981527 0.00841181
v -0.00659701 -0.00987511 0.01003812
v -0.0063433 -0.00993675 0.01166338
v -0.00608754 -0.0099973 0.01328613
v -0.00582716 -0.01005917 0.01490512
v -0.00356218 -0.0007323 0.01445398
v -0.00408922 -0.00067067 0.01282
v -0.00461417 -0.0006085 0.01118218
v -0.00513589 -0.00054585 0.00954292
v -0.00565352 -0.00048559 0.00790054
v -0.00683085 0.00916671 0.00651448
v -0.00645567 0.00906866 0.00831379
v -0.00607656 0.00897103 0.01011041
v -0.00569568 0.0088731 0.01190561
v -0.0053111 0.00877451 0.01369753
v -0.0032831 0.00835079 0.01374956
v -0.0036964 0.00847804 0.01209827
v -0.004106 0.00860548 0.0104432
v -0.00451239 0.00873094 0.00878668
v -0.00491605 0.00885742 0.007127
v -0.03251063 -0.0893163 -0.05685205
v -0.03260305 -0.09040856 -0.05648312
v -0.03267742 -0.09141665 -0.05590505
v -0.03272931 -0.09230476 -0.05514023
v -0.03275558 -0.09303885 -0.05421795
v -0.03275573 -0.09358972 -0.053173
v -0.0327291 -0.09393882 -0.05204465
v -0.03267616 -0.09407174 -0.05087803
v -0.03259706 -0.09398484 -0.04971641
v -0.03249599 -0.09368044 -0.04860483
v -0.03237863 -0.09317052 -0.04758554
v -0.03224812 -0.09247291 -0.04669823
v -0.03211186 -0.09161639 -0.04597784
v -0.03197505 -0.09062832 -0.04545316
v -0.03184272 -0.08955204 -0.04514232
v -0.0317217 -0.088422 -0.04506042
v -0.03161651 -0.08728563 -0.04520743
v -0.03153265 -0.08618569 -0.04558005
v -0.03147008 -0.08516514 -0.04616329
v -0.03143207 -0.0842635 -0.04693348
v -0.03141918 -0.08351695 -0.04786101
v -0.03143004 -0.08295255 -0.04891195
v -0.03146686 -0.08259642 -0.05004219
v -0.03152356 -0.08245933 -0.0512102
v -0.03159984 -0.08254873 -0.05237152
v -0.03169265 -0.0828607 -0.05348032
v -0.03179832 -0.08338195 -0.05449561
v -0.03191511 -0.08409285 -0.05537556
v -0.03203753 -0.084966 -0.05609066
v -0.03216245 -0.08596348 -0.0566114
v -0.03228586 -0.08705049 -0.05691709
v -0.0324038 -0.08818298 -0.05699886
v -0.03828216 -0.08872228 -0.05682154
v -0.03838365 -0.08980727 -0.0564523
v -0.03847074 -0.09080749 -0.05587513
v -0.0385405 -0.09168237 -0.05511295
v -0.03858803 -0.09239739 -0.0541963
v -0.03861061 -0.09292674 -0.05315852
v -0.03860834 -0.09325283 -0.05203893
v -0.03858169 -0.0933603 -0.05088132
v -0.03852997 -0.09324663 -0.04973108
v -0.03845671 -0.0929169 -0.0486309
v -0.03836311 -0.09238094 -0.04762321
v -0.03825325 -0.09166061 -0.04674778
v -0.03813352 -0.09078323 -0.04603844
v -0.03800896 -0.0897808 -0.0455227
v -0.03788393 -0.08869385 -0.04521887
v -0.0377626 -0.0875616 -0.04514138
v -0.03765184 -0.08642977 -0.04529037
v -0.03755369 -0.08533823 -0.04566309
v -0.03747408 -0.08433175 -0.04624187
v -0.03741351 -0.08345067 -0.04700691
v -0.03737395 -0.0827263 -0.04792939
v -0.03735803 -0.08218956 -0.04896879
v -0.03736412 -0.08185994 -0.05009056
v -0.03739445 -0.08174926 -0.05124867
v -0.03744304 -0.08186405 -0.05239952
v -0.037514 -0.08219826 -0.05349651
v -0.03760004 -0.08274173 -0.0545015
v -0.03770082 -0.0834704 -0.05537311
v -0.03781199 -0.08435535 -0.05607969
v -0.03792931 -0.08536541 -0.05659371
v -0.03805011 -0.08645767 -0.05689405
v -0.03816946 -0.08759105 -0.05697136
v -0.03895562 -0.08745122 -0.05106133
v -0.03241501 -0.08906728 -0.05545293
v -0.03248324 -0.08989828 -0.05517304
v -0.03253978 -0.09066617 -0.05473281
v -0.03257634 -0.0913428 -0.05415013
v -0.03259638 -0.09190344 -0.05344812
v -0.03259397 -0.0923236 -0.05265345
v -0.03257187 -0.0925908 -0.05179593
v -0.03252962 -0.09269225 -0.05090753
v -0.03246763 -0.09262669 -0.05002442
v -0.03239172 -0.09239637 -0.04917783
v -0.03230078 -0.09200871 -0.04840345
v -0.03220187 -0.09147959 -0.04772956
v -0.0320978 -0.09082752 -0.04718181
v -0.03199451 -0.09007644 -0.04678323
v -0.03189432 -0.08925712 -0.04654715
v -0.03180294 -0.08839821 -0.04648335
v -0.0317228 -0.08753496 -0.04659636
v -0.03165715 -0.08670008 -0.04687956
v -0.03161014 -0.08592402 -0.04732274
v -0.03158095 -0.08523881 -0.04790795
v -0.03157258 -0.08467036 -0.04861404
v -0.0315806 -0.08424055 -0.04941225
v -0.03160798 -0.08397012 -0.05027228
v -0.031653 -0.08386504 -0.05116081
v -0.03171261 -0.08393281 -0.05204382
v -0.03178477 -0.08416688 -0.05288708
v -0.03186759 -0.08456081 -0.05365867
v -0.03195804 -0.08509969 -0.05432985
v -0.03205217 -0.08575987 -0.05487357
v -0.03214884 -0.08651888 -0.05526955
v -0.03224464 -0.08734369 -0.05550328
v -0.03233323 -0.08820343 -0.0555648
v -0.03237341 -0.08894002 -0.05478477
v -0.03243183 -0.08964651 -0.0545469
v -0.0324768 -0.09029775 -0.05417335
v -0.03250787 -0.09087395 -0.05367856
v -0.03252153 -0.0913496 -0.05308286
v -0.03251862 -0.091708 -0.05240852
v -0.03249875 -0.091937 -0.05167982
v -0.03246158 -0.09202408 -0.050925
v -0.03240789 -0.09197032 -0.05017599
v -0.03234025 -0.09177589 -0.04945811
v -0.03226215 -0.09144979 -0.04880026
v -0.03217717 -0.09100365 -0.04822734
v -0.03208763 -0.09044975 -0.04776242
v -0.0319979 -0.08981472 -0.04742312
v -0.03191418 -0.08911985 -0.04722235
v -0.03183501 -0.08839154 -0.04717061
v -0.03176797 -0.08766067 -0.04726454
v -0.03171373 -0.0869503 -0.04750487
v -0.03167448 -0.08629113 -0.04788095
v -0.03165068 -0.08570975 -0.04837838
v -0.03164334 -0.08522599 -0.04897787
v -0.03165343 -0.08486086 -0.0496547
v -0.03167886 -0.08462923 -0.05038489
v -0.03171792 -0.0845375 -0.05114005
v -0.03176956 -0.0845927 -0.05188883
v -0.03183364 -0.08478987 -0.05260543
v -0.03190549 -0.08512252 -0.05326169
v -0.03198401 -0.08557826 -0.05383081
v -0.03206546 -0.08613741 -0.05429211
v -0.03214769 -0.08677828 -0.05462871
v -0.03222877 -0.08747923 -0.05482716
v -0.03230434 -0.08820766 -0.0548797
v -0.03369687 -0.08881247 -0.05530093
v -0.03637317 -0.08850598 -0.05530124
v -0.03629642 -0.08768129 -0.05540733
v -0.03362171 -0.08798676 -0.05540743
v -0.03621081 -0.08685821 -0.05534769
v -0.03353543 -0.08716446 -0.05534642
v -0.0361193 -0.08607101 -0.05512318
v -0.03344388 -0.08637833 -0.05512139
v -0.03602371 -0.08534938 -0.05474308
v -0.03334759 -0.08565688 -0.05474081
v -0.03592952 -0.08472263 -0.05422128
v -0.03325232 -0.08503156 -0.05421839
v -0.03583702 -0.08421331 -0.05357809
v -0.03315905 -0.08452296 -0.053573
v -0.03575108 -0.08384299 -0.05283656
v -0.03307062 -0.08415484 -0.05283102
v -0.03567284 -0.08362537 -0.05202541
v -0.03299169 -0.08394086 -0.05201957
v -0.0356068 -0.08357137 -0.05117761
v -0.03292269 -0.08388942 -0.05117063
v -0.03555439 -0.08368206 -0.05032341
v -0.03286727 -0.08400178 -0.0503163
v -0.03551651 -0.08395272 -0.04949673
v -0.03282574 -0.08427667 -0.04948829
v -0.03549773 -0.08437353 -0.04872917
v -0.03280397 -0.08469879 -0.04871981
v -0.03549646 -0.08492589 -0.04805095
v -0.03280023 -0.08525425 -0.04804069
v -0.03551573 -0.08558988 -0.0474877
v -0.03281638 -0.08591884 -0.04747774
v -0.03555491 -0.08633744 -0.04706206
v -0.03285413 -0.08666789 -0.04705134
v -0.03561128 -0.0871405 -0.04679018
v -0.03291002 -0.08747226 -0.04677989
v -0.03568627 -0.08796769 -0.04668298
v -0.03298423 -0.088301 -0.04667222
v -0.03577481 -0.08878797 -0.04674485
v -0.03307322 -0.08911818 -0.04673356
v -0.0358751 -0.0895673 -0.04697221
v -0.03317311 -0.08989739 -0.04696339
v -0.03598093 -0.09027612 -0.04735634
v -0.03327927 -0.09060734 -0.04734789
v -0.03608863 -0.09089309 -0.04788437
v -0.03338836 -0.09122043 -0.04787746
v -0.03619322 -0.09138965 -0.04853266
v -0.03349519 -0.09171581 -0.04852723
v -0.03628906 -0.09174984 -0.04927707
v -0.03359363 -0.09207171 -0.04927311
v -0.03637269 -0.09195947 -0.05009185
v -0.03367984 -0.09228074 -0.05008822
v -0.03644275 -0.0920118 -0.05093891
v -0.03375183 -0.09232872 -0.05093751
v -0.03649154 -0.09190434 -0.05179282
v -0.03380436 -0.09222 -0.05179172
v -0.03652208 -0.09164065 -0.0526158
v -0.03383593 -0.09195375 -0.05261562
v -0.03653067 -0.09123122 -0.05337942
v -0.03384784 -0.09154063 -0.05338035
v -0.03651822 -0.09069037 -0.05405248
v -0.03383849 -0.09100061 -0.05405306
v -0.03648717 -0.09004038 -0.05461045
v -0.03380795 -0.09034705 -0.05461181
v -0.03643783 -0.08930283 -0.05503223
v -0.03375991 -0.08961051 -0.05503314
v -0.03186105 -0.08935362 -0.05662443
v -0.03194987 -0.09040296 -0.0562692
v -0.03222965 -0.09045732 -0.05647812
v -0.03213651 -0.08936381 -0.05684797
v -0.03202243 -0.09137415 -0.05571283
v -0.03230406 -0.09146529 -0.05590011
v -0.03207043 -0.09222823 -0.05497744
v -0.03235588 -0.09235334 -0.05513611
v -0.03209679 -0.09293252 -0.05408989
v -0.03238337 -0.09308534 -0.05421399
v -0.03209717 -0.09346497 -0.05308532
v -0.03238346 -0.09363681 -0.05316898
v -0.03207105 -0.09380084 -0.05200108
v -0.03235771 -0.09398436 -0.05204172
v -0.03202019 -0.09392726 -0.05087888
v -0.03230556 -0.09411823 -0.05087413
v -0.03194326 -0.09384548 -0.04976217
v -0.03222752 -0.0940296 -0.04971364
v -0.03184781 -0.09355199 -0.04869282
v -0.03212813 -0.09372514 -0.04860226
v -0.03173485 -0.09306031 -0.04771329
v -0.03200979 -0.09321445 -0.04758388
v -0.03160979 -0.09238946 -0.04686078
v -0.03188114 -0.09251606 -0.04669674
v -0.03147856 -0.09156268 -0.04616909
v -0.03174421 -0.09165716 -0.04597731
v -0.03134689 -0.09061348 -0.04566371
v -0.03160804 -0.09066945 -0.04545174
v -0.03122099 -0.08957773 -0.04536552
v -0.0314764 -0.08959215 -0.045142
v -0.03110596 -0.08849209 -0.04528507
v -0.03135654 -0.08846229 -0.04505923
v -0.03100455 -0.08739984 -0.04542634
v -0.03125034 -0.08732783 -0.04520718
v -0.03092267 -0.08634114 -0.04578527
v -0.03116631 -0.08622753 -0.04557982
v -0.03086138 -0.08536058 -0.04634666
v -0.03110303 -0.08520728 -0.04616193
v -0.03082496 -0.08449441 -0.04708619
v -0.03106316 -0.08430576 -0.04693216
v -0.03081334 -0.08377683 -0.04797809
v -0.03105026 -0.08355921 -0.04785968
v -0.03082289 -0.08323496 -0.04898861
v -0.03106093 -0.08299803 -0.04891058
v -0.03085639 -0.08289128 -0.05007646
v -0.03109605 -0.08264029 -0.05003978
v -0.03091177 -0.08276081 -0.05119817
v -0.03115245 -0.08250504 -0.05120763
v -0.03098503 -0.08284759 -0.05231435
v -0.03122792 -0.08259487 -0.05236889
v -0.03107417 -0.08314555 -0.05338132
v -0.03131992 -0.08290565 -0.05347763
v -0.03117628 -0.08364749 -0.05435681
v -0.03142548 -0.08342951 -0.05449185
v -0.03128921 -0.08433139 -0.05520413
v -0.03154232 -0.08414077 -0.05537286
v -0.03140666 -0.08517086 -0.05589153
v -0.03166403 -0.08501362 -0.05608584
v -0.03152659 -0.08612954 -0.05639173
v -0.03178896 -0.08601182 -0.05660646
v -0.03164557 -0.08717358 -0.05668623
v -0.0319124 -0.08709782 -0.05691234
v -0.03175942 -0.08826327 -0.05676455
v -0.03203051 -0.08823096 -0.0569939
v -0.03199699 -0.08909583 -0.05546262
v -0.03206465 -0.08992767 -0.05518119
v -0.03211846 -0.0906983 -0.05474215
v -0.03215278 -0.09137606 -0.05415884
v -0.03216799 -0.09193903 -0.05345675
v -0.03216319 -0.09236085 -0.05266027
v -0.03213742 -0.0926336 -0.05180045
v -0.03209036 -0.09274077 -0.05091171
v -0.03202555 -0.09268087 -0.05002623
v -0.03194314 -0.09245449 -0.04917797
v -0.03184891 -0.09207183 -0.04840203
v -0.03174501 -0.09154665 -0.04772445
v -0.03163762 -0.09089797 -0.04717602
v -0.03153124 -0.09014958 -0.04677563
v -0.03143065 -0.08933138 -0.04653805
v -0.03133908 -0.0884726 -0.04647474
v -0.03126145 -0.08760952 -0.04658637
v -0.03119836 -0.08677262 -0.04686925
v -0.03115278 -0.08599287 -0.04731408
v -0.03112852 -0.08530473 -0.04789947
v -0.03112315 -0.08473229 -0.04860739
v -0.03113806 -0.0842998 -0.04940679
v -0.03117027 -0.08402365 -0.05026912
v -0.03121924 -0.08391332 -0.05115898
v -0.03128321 -0.08397549 -0.05204446
v -0.03135885 -0.08420628 -0.05288914
v -0.0314452 -0.08459854 -0.05366231
v -0.03153893 -0.08513426 -0.0543349
v -0.03163531 -0.0857926 -0.05487932
v -0.03173247 -0.08654916 -0.05527785
v -0.03182661 -0.08737415 -0.05551185
v -0.03191657 -0.08823341 -0.05557506
v -0.03182515 -0.08913809 -0.05563179
v -0.03189417 -0.09000098 -0.05534105
v -0.03194962 -0.09080052 -0.05488479
v -0.03198509 -0.09150469 -0.05428012
v -0.03200002 -0.09208923 -0.05355078
v -0.03199348 -0.0925315 -0.05272486
v -0.03196453 -0.09281325 -0.05183179
v -0.03191484 -0.09292501 -0.05090875
v -0.03184439 -0.09286487 -0.04998996
v -0.03175873 -0.09263175 -0.04910964
v -0.03165822 -0.09223723 -0.04830253
v -0.03154819 -0.09169232 -0.0476017
v -0.03143742 -0.09102177 -0.04703036
v -0.03132485 -0.09024697 -0.04661502
v -0.03122033 -0.08940017 -0.04636749
v -0.03112464 -0.08851015 -0.04630127
v -0.03104342 -0.08761268 -0.04641816
v -0.0309799 -0.0867443 -0.04671146
v -0.0309352 -0.08593642 -0.04717271
v -0.03091094 -0.08522063 -0.04778127
v -0.03090888 -0.08462435 -0.04851498
v -0.03092537 -0.08417367 -0.04934472
v -0.0309599 -0.08388418 -0.05024027
v -0.03101324 -0.0837686 -0.05116467
v -0.03108178 -0.08383142 -0.05208233
v -0.03116105 -0.08407032 -0.05296007
v -0.03125226 -0.08447402 -0.0537634
v -0.03134962 -0.08502972 -0.05446105
v -0.03144931 -0.08571273 -0.05502629
v -0.0315511 -0.08649563 -0.05543864
v -0.03164999 -0.08735072 -0.05568164
v -0.03174303 -0.08824306 -0.05574659
v -0.0366174 -0.08887714 -0.056839
v -0.0367165 -0.08996564 -0.05646924
v -0.03679987 -0.09096825 -0.05589157
v -0.03686303 -0.09184742 -0.05512758
v -0.03690275 -0.0925697 -0.05420771
v -0.03691754 -0.09310793 -0.05316757
v -0.03690655 -0.09344267 -0.05204565
v -0.03687061 -0.09355962 -0.05088307
v -0.03680804 -0.0934543 -0.04973013
v -0.03672489 -0.09313339 -0.0486247
v -0.03662238 -0.09260839 -0.04761372
v -0.03650388 -0.0918957 -0.04673517
v -0.0363786 -0.0910263 -0.04602161
v -0.03624842 -0.09003019 -0.0455018
v -0.03612052 -0.08894634 -0.04519687
v -0.03599936 -0.0878154 -0.04511648
v -0.03588939 -0.0866819 -0.04526583
v -0.0357959 -0.08558797 -0.04563914
v -0.0357215 -0.08457648 -0.04621975
v -0.03567018 -0.08368676 -0.04698688
v -0.03563972 -0.08295542 -0.04791154
v -0.03563309 -0.08240699 -0.04895639
v -0.03565054 -0.08206617 -0.05008095
v -0.03569025 -0.08194726 -0.05124276
v -0.03575012 -0.08205235 -0.05239653
v -0.0358288 -0.08237928 -0.05349857
v -0.03592266 -0.08291453 -0.05450657
v -0.0360284 -0.08363568 -0.05538218
v -0.03614465 -0.08451706 -0.05609075
v -0.03626659 -0.08552163 -0.05660584
v -0.03638736 -0.08661085 -0.05691004
v -0.03650661 -0.08774465 -0.05698719
v -0.0362868 -0.08774 -0.05678666
v -0.03639197 -0.08883291 -0.05664477
v -0.03617261 -0.08664852 -0.05671091
v -0.03605421 -0.08559948 -0.05641608
v -0.03593554 -0.08463412 -0.05591754
v -0.0358187 -0.0837903 -0.05523242
v -0.03571083 -0.08309948 -0.05438651
v -0.03561564 -0.08259052 -0.0534114
v -0.03553174 -0.08228343 -0.05234642
v -0.03546607 -0.0821895 -0.05123082
v -0.03541848 -0.08231324 -0.05010749
v -0.03539301 -0.08265012 -0.04902077
v -0.03539014 -0.08318591 -0.04801001
v -0.03541148 -0.0838983 -0.0471166
v -0.03545494 -0.08476269 -0.04637531
v -0.03552103 -0.08574265 -0.04581463
v -0.03560721 -0.08679938 -0.04545449
v -0.03571158 -0.08789247 -0.04531164
v -0.03582824 -0.08898121 -0.04539049
v -0.03595334 -0.09002322 -0.04568597
v -0.03608394 -0.09097856 -0.04618968
v -0.03621097 -0.091811 -0.04687978
v -0.03633115 -0.09248906 -0.0477309
v -0.03643854 -0.09298884 -0.04870908
v -0.03652593 -0.09328931 -0.04977736
v -0.03659365 -0.09338074 -0.05089318
v -0.0366384 -0.09325957 -0.05201625
v -0.03665626 -0.0929299 -0.05309935
v -0.03664843 -0.0924052 -0.0541051
v -0.03661707 -0.09170371 -0.05499338
v -0.03656168 -0.09085226 -0.05573067
v -0.03648484 -0.08988344 -0.05628828
v -0.03338393 -0.08806687 -0.05700104
v -0.03349102 -0.08920043 -0.05685409
v -0.03326662 -0.08693581 -0.05691937
v -0.03314322 -0.08584797 -0.0566128
v -0.03301836 -0.0848487 -0.05609315
v -0.03289571 -0.08397686 -0.05537919
v -0.03277966 -0.08326619 -0.0544973
v -0.03267316 -0.08274257 -0.05348309
v -0.03258138 -0.08243185 -0.05237437
v -0.03250498 -0.0823419 -0.051214
v -0.03244907 -0.08247888 -0.05004606
v -0.03241339 -0.08283412 -0.0489149
v -0.03240269 -0.08339798 -0.04786484
v -0.03241458 -0.08414542 -0.04693727
v -0.03245381 -0.08504569 -0.04616601
v -0.03251726 -0.08606624 -0.04558375
v -0.03260125 -0.08716636 -0.04521203
v -0.03270662 -0.0883035 -0.04506382
v -0.03282753 -0.08943069 -0.04514673
v -0.03295916 -0.09051001 -0.04545639
v -0.03309594 -0.09149658 -0.04598198
v -0.03323325 -0.0923559 -0.04670137
v -0.03336205 -0.09305262 -0.04758849
v -0.03348039 -0.09356319 -0.04860675
v -0.03357982 -0.09386718 -0.04971823
v -0.03365865 -0.09395474 -0.05087981
v -0.03371171 -0.09382134 -0.05204738
v -0.03373835 -0.09347337 -0.05317488
v -0.03373721 -0.0929225 -0.05421977
v -0.03371068 -0.09218919 -0.05514111
v -0.033658 -0.09130245 -0.05590599
v -0.03358441 -0.09029352 -0.05648512
v -0.03373166 -0.08912384 -0.05664962
v -0.03362811 -0.08803087 -0.05679098
v -0.03351509 -0.08693993 -0.05671294
v -0.03339632 -0.08589333 -0.05641563
v -0.03327476 -0.08493095 -0.05591559
v -0.0331563 -0.08409148 -0.05522609
v -0.03304391 -0.08340627 -0.05437787
v -0.03294024 -0.08290433 -0.0533994
v -0.03285119 -0.0826047 -0.05233062
v -0.03277624 -0.08251953 -0.05121116
v -0.03272118 -0.08265042 -0.05008443
v -0.03268515 -0.08299601 -0.04899531
v -0.03267385 -0.08354061 -0.04798257
v -0.03268482 -0.08426129 -0.04708735
v -0.03272132 -0.08512967 -0.04634459
v -0.03278091 -0.08611494 -0.04578292
v -0.03286375 -0.08717376 -0.04542398
v -0.03296434 -0.08827036 -0.04528126
v -0.03308139 -0.08935648 -0.04536176
v -0.03320842 -0.09039616 -0.04566079
v -0.03334104 -0.09134751 -0.04616695
v -0.03347325 -0.09217339 -0.04686072
v -0.03360077 -0.09284466 -0.04771633
v -0.03371382 -0.09333586 -0.04869775
v -0.033812 -0.09362816 -0.04977027
v -0.03388884 -0.0937097 -0.05088888
v -0.03394041 -0.09358167 -0.05201436
v -0.03396694 -0.09324544 -0.05310166
v -0.03396749 -0.09271156 -0.05410942
v -0.03394192 -0.09200555 -0.05499717
v -0.03389164 -0.09114956 -0.05573556
v -0.03382113 -0.09017676 -0.05629325
v -0.03104582 -0.08841222 -0.05102714
v -0.03119454 -0.08838516 -0.05434866
v -0.03125593 -0.08901834 -0.05426548
v -0.03181444 -0.08903276 -0.0547706
v -0.03174343 -0.08830356 -0.05486585
v -0.0311277 -0.08775258 -0.05430363
v -0.03166709 -0.08757275 -0.05481311
v -0.03105864 -0.08714222 -0.05413394
v -0.03158712 -0.08687108 -0.05461645
v -0.03099042 -0.08658313 -0.05384441
v -0.03150678 -0.08622622 -0.05428161
v -0.03092369 -0.08609157 -0.05344732
v -0.03142836 -0.08566391 -0.05382207
v -0.03086161 -0.08569061 -0.05295559
v -0.03135423 -0.08520442 -0.05325374
v -0.03080704 -0.08539462 -0.05239204
v -0.03128764 -0.08486574 -0.05260123
v -0.03076144 -0.08521473 -0.05177242
v -0.03123074 -0.08466237 -0.05188835
v -0.03072501 -0.08515852 -0.05112772
v -0.03118556 -0.08459949 -0.05114127
v -0.03070018 -0.08522641 -0.05047687
v -0.03115296 -0.08468377 -0.05038969
v -0.03068799 -0.08541971 -0.04984704
v -0.03113499 -0.08491009 -0.04966197
v -0.0306901 -0.08572584 -0.04926274
v -0.03113349 -0.08526885 -0.04898629
v -0.03070608 -0.08613747 -0.04874568
v -0.0311461 -0.08574491 -0.04838995
v -0.03073271 -0.08663421 -0.04831746
v -0.0311752 -0.08632201 -0.04789446
v -0.03077472 -0.08720159 -0.04799152
v -0.03121983 -0.08697849 -0.04751906
v -0.03082546 -0.0878151 -0.04778411
v -0.03127648 -0.08768463 -0.04727935
v -0.03088578 -0.0884487 -0.04770178
v -0.03134544 -0.08841639 -0.04718378
v -0.03095286 -0.08908027 -0.04774587
v -0.03142369 -0.08914554 -0.04723579
v -0.03102452 -0.08968657 -0.04791775
v -0.03150636 -0.08984404 -0.04743376
v -0.03109821 -0.09024161 -0.04820793
v -0.03159306 -0.09048336 -0.04777216
v -0.03116856 -0.09072881 -0.04860732
v -0.03167692 -0.0910393 -0.04823308
v -0.03123514 -0.09112584 -0.04910047
v -0.0317577 -0.09149253 -0.04880406
v -0.03129245 -0.0914191 -0.04966722
v -0.0318287 -0.09182643 -0.04945806
v -0.03134268 -0.09159594 -0.0502852
v -0.03188927 -0.09202754 -0.05017313
v -0.03137829 -0.0916512 -0.05093191
v -0.03193569 -0.09208667 -0.05091944
v -0.0314012 -0.09158545 -0.05158159
v -0.03196626 -0.09200578 -0.05167179
v -0.03141064 -0.09139484 -0.0522111
v -0.03198031 -0.09178406 -0.05239722
v -0.03140467 -0.09109276 -0.05279423
v -0.03197718 -0.09143155 -0.05307142
v -0.03138611 -0.0906856 -0.05330786
v -0.03195819 -0.09096026 -0.05366512
v -0.03135296 -0.09019237 -0.05373663
v -0.03192399 -0.09038722 -0.05415821
v -0.03130921 -0.08962941 -0.0540593
v -0.03187367 -0.08973854 -0.05453103
v -0.01461767 -0.08490794 0.02340162
v -0.01484141 -0.08596205 0.02373791
v -0.01512963 -0.08690714 0.02426735
v -0.01546748 -0.08770787 0.02497006
v -0.01584125 -0.08833634 0.02582027
v -0.01623763 -0.08876562 0.02678412
v -0.0166387 -0.08898276 0.02782637
v -0.01702889 -0.08897936 0.02890563
v -0.01739161 -0.08875888 0.02998115
v -0.01771523 -0.0883255 0.03101139
v -0.01798633 -0.08769798 0.03195772
v -0.01819609 -0.08689826 0.03278175
v -0.01833695 -0.08595633 0.03345376
v -0.0184063 -0.08490759 0.0339454
v -0.01839958 -0.08378887 0.03423883
v -0.01832013 -0.08264482 0.03432154
v -0.01816979 -0.0815171 0.03419255
v -0.01795619 -0.08044958 0.03385409
v -0.0176846 -0.07948535 0.03332202
v -0.01736809 -0.07866179 0.03261528
v -0.01701388 -0.07800895 0.03176103
v -0.01663579 -0.07755839 0.03079237
v -0.01624796 -0.07732582 0.02974784
v -0.01586429 -0.07732212 0.02866788
v -0.01549792 -0.07754635 0.02759179
v -0.015165 -0.07799041 0.02656337
v -0.01487612 -0.07863837 0.02562091
v -0.01464679 -0.07946056 0.02480073
v -0.01448491 -0.08042705 0.02413385
v -0.01439894 -0.08149707 0.02364594
v -0.01439162 -0.08263146 0.02335595
v -0.01446608 -0.08378255 0.02327267
v -0.02124364 -0.0843926 0.0206271
v -0.02146488 -0.08545368 0.02096573
v -0.02174526 -0.08640909 0.02149809
v -0.02207204 -0.08722156 0.02220304
v -0.02243468 -0.08786177 0.02305463
v -0.02281445 -0.08830744 0.02401938
v -0.02320068 -0.08854073 0.02506172
v -0.02357459 -0.08855295 0.02614251
v -0.02392345 -0.08834368 0.02721653
v -0.02423396 -0.08792281 0.0282449
v -0.02449343 -0.08730417 0.02918872
v -0.02469252 -0.08650827 0.03001014
v -0.02482591 -0.08557194 0.03067813
v -0.02488654 -0.08452463 0.03116516
v -0.02487531 -0.08340817 0.03145498
v -0.02479125 -0.08226454 0.03153486
v -0.02463834 -0.08113759 0.03140329
v -0.0244227 -0.08007019 0.03106406
v -0.02415274 -0.07910347 0.03052959
v -0.02383707 -0.07827609 0.02982157
v -0.02348709 -0.0776214 0.02896671
v -0.02311679 -0.07716506 0.02800002
v -0.0227387 -0.07692217 0.02695585
v -0.02236795 -0.07690584 0.02587579
v -0.02201695 -0.0771169 0.02480091
v -0.02170187 -0.07754552 0.02377405
v -0.02143241 -0.078175 0.02283324
v -0.02122217 -0.07898294 0.02201494
v -0.02107767 -0.07993471 0.02134906
v -0.02100392 -0.08099389 0.02086327
v -0.02100952 -0.08211988 0.02057504
v -0.02108879 -0.08326762 0.02049571
v -0.02405457 -0.08266913 0.02555133
v -0.01509958 -0.08446151 0.02470873
v -0.01526901 -0.08526361 0.02496396
v -0.01548543 -0.08598417 0.02536681
v -0.01574152 -0.08659428 0.02590117
v -0.0160255 -0.08707207 0.02654725
v -0.01632459 -0.08740007 0.02728042
v -0.01662858 -0.08756744 0.02807304
v -0.01692519 -0.08756589 0.02889352
v -0.01720079 -0.08739739 0.02971198
v -0.01744682 -0.08706861 0.03049563
v -0.01765404 -0.08658993 0.03121441
v -0.01781309 -0.08598083 0.03184016
v -0.01792277 -0.08526271 0.03235041
v -0.01797492 -0.08446401 0.03272406
v -0.01797189 -0.08361339 0.03294671
v -0.01791088 -0.08274292 0.03301114
v -0.01779843 -0.08188611 0.0329117
v -0.01763461 -0.08107572 0.03265482
v -0.01742762 -0.08034384 0.03225099
v -0.01718463 -0.07971692 0.03171332
v -0.01691526 -0.0792244 0.03106387
v -0.0166263 -0.07888275 0.03032756
v -0.0163308 -0.07870787 0.02953423
v -0.01603969 -0.07870358 0.02871215
v -0.01576153 -0.07887309 0.02789501
v -0.01550892 -0.07921057 0.02711303
v -0.0152916 -0.07970064 0.02639625
v -0.01511835 -0.08032459 0.02577183
v -0.01499674 -0.0810576 0.02526585
v -0.01493326 -0.08186924 0.02489425
v -0.01492737 -0.08273059 0.0246724
v -0.01498439 -0.08360451 0.02460945
v -0.01530671 -0.08426439 0.02533322
v -0.01545058 -0.08494621 0.02554929
v -0.0156354 -0.08555614 0.0258906
v -0.01585261 -0.0860725 0.02634421
v -0.01609316 -0.08647769 0.02689221
v -0.01634875 -0.08675539 0.02751375
v -0.01660758 -0.08689606 0.02818635
v -0.01685993 -0.08689272 0.02888231
v -0.01709428 -0.08674877 0.02957451
v -0.01730537 -0.08646822 0.03024014
v -0.01748164 -0.08606201 0.03084925
v -0.01761787 -0.08554536 0.03138123
v -0.01771147 -0.08493429 0.03181355
v -0.01775603 -0.08425712 0.03213036
v -0.01775353 -0.08353388 0.03231955
v -0.01770201 -0.08279508 0.03237226
v -0.01760606 -0.08206856 0.03228952
v -0.01746776 -0.08138203 0.03207191
v -0.01729132 -0.0807619 0.03172886
v -0.01708545 -0.0802316 0.03127313
v -0.01685576 -0.07981312 0.03072192
v -0.01660977 -0.07952386 0.0300985
v -0.01635829 -0.07937711 0.02942523
v -0.01610953 -0.0793752 0.02872883
v -0.01587358 -0.07952046 0.02803584
v -0.01565765 -0.07980847 0.02737171
v -0.01547212 -0.08022499 0.02676454
v -0.0153256 -0.08075487 0.02623463
v -0.01522076 -0.08137655 0.02580432
v -0.01516633 -0.08206665 0.02549064
v -0.01516128 -0.08279728 0.02530301
v -0.01520898 -0.08353948 0.02524966
v -0.01639187 -0.08442711 0.02429354
v -0.01940716 -0.08421075 0.02302777
v -0.01929715 -0.08339375 0.02293429
v -0.01628221 -0.08361136 0.02420049
v -0.01924651 -0.08255517 0.02299507
v -0.0162312 -0.08277249 0.02426075
v -0.01925612 -0.08172631 0.02320565
v -0.01624255 -0.08194196 0.02447177
v -0.01932544 -0.08094072 0.02355985
v -0.01631271 -0.08115434 0.02482647
v -0.01945209 -0.08022731 0.02404228
v -0.01644176 -0.08044159 0.02530945
v -0.01962902 -0.07961779 0.02463717
v -0.01661968 -0.0798307 0.0259059
v -0.01984913 -0.07913518 0.02532021
v -0.01684239 -0.07934749 0.02658843
v -0.02010278 -0.07880079 0.02606753
v -0.01709679 -0.07901161 0.0273353
v -0.02037938 -0.07862514 0.02684685
v -0.0173747 -0.07883584 0.02811603
v -0.02066868 -0.07861721 0.02762993
v -0.01766472 -0.07882714 0.02889951
v -0.02095811 -0.07877665 0.02838847
v -0.01795536 -0.07898682 0.02965735
v -0.02124189 -0.07909631 0.02909054
v -0.01823902 -0.07930588 0.03036066
v -0.02150504 -0.07956171 0.02971077
v -0.01850087 -0.07977122 0.0309811
v -0.02173912 -0.0801559 0.03022317
v -0.01873602 -0.08036571 0.03149333
v -0.02193952 -0.08085453 0.03060951
v -0.01893514 -0.08106404 0.03188067
v -0.02209606 -0.08162826 0.03085463
v -0.01909255 -0.08183741 0.03212549
v -0.02220417 -0.08244812 0.03094935
v -0.01920104 -0.08265733 0.03221772
v -0.02226042 -0.08328175 0.03088709
v -0.0192566 -0.08349019 0.03215691
v -0.022263 -0.08409541 0.0306743
v -0.01925846 -0.08430522 0.0319426
v -0.02221018 -0.08486294 0.03031748
v -0.01920314 -0.08507341 0.03158544
v -0.02210144 -0.08555287 0.0298302
v -0.01909537 -0.08576351 0.03109635
v -0.02194274 -0.08614146 0.02923158
v -0.01893528 -0.08635103 0.03049813
v -0.02173765 -0.08660715 0.02854597
v -0.01872913 -0.08681714 0.02981098
v -0.02149239 -0.08693063 0.02779688
v -0.01848332 -0.08714306 0.0290623
v -0.02121956 -0.08710366 0.02701722
v -0.0182079 -0.08731442 0.02828226
v -0.02092361 -0.08711791 0.02623475
v -0.01791152 -0.08733058 0.02749938
v -0.0206213 -0.08697116 0.02547939
v -0.01760779 -0.08718532 0.02674384
v -0.02032425 -0.08667254 0.02477975
v -0.01731029 -0.08688598 0.02604402
v -0.02004104 -0.08622747 0.02416442
v -0.01702705 -0.08644312 0.02542862
v -0.01978813 -0.08565431 0.02365391
v -0.01677255 -0.0858699 0.02491923
v -0.01957377 -0.08497345 0.02327096
v -0.01655822 -0.08519089 0.02453643
v -0.01400366 -0.08487206 0.02391214
v -0.0142195 -0.08588719 0.02423514
v -0.01444239 -0.08597922 0.02391469
v -0.01421892 -0.08492392 0.02357931
v -0.01449573 -0.08679747 0.02474456
v -0.01472996 -0.08692574 0.0244442
v -0.01481901 -0.08756882 0.0254205
v -0.01506659 -0.08772796 0.02514705
v -0.01517684 -0.08817213 0.02623805
v -0.0154396 -0.08835476 0.02599725
v -0.01555779 -0.08858758 0.0271655
v -0.01583431 -0.08878696 0.02696223
v -0.01594093 -0.08879894 0.02816768
v -0.0162352 -0.08900445 0.0280035
v -0.01631512 -0.08879631 0.02920595
v -0.01662451 -0.08900356 0.02908395
v -0.01666388 -0.08858567 0.03024046
v -0.01698708 -0.0887838 0.03015945
v -0.01697376 -0.08817178 0.03123205
v -0.01730982 -0.08835142 0.03118976
v -0.01723464 -0.08756727 0.03214128
v -0.01757982 -0.08772504 0.03213603
v -0.01743517 -0.08679825 0.03293465
v -0.01778883 -0.08692628 0.03296117
v -0.01757061 -0.08589249 0.03357966
v -0.01792826 -0.08598417 0.0336322
v -0.01763577 -0.08488351 0.03405236
v -0.01799696 -0.0849353 0.03412383
v -0.01763089 -0.08380913 0.0343355
v -0.01799106 -0.08381819 0.03441711
v -0.01755476 -0.08270865 0.03441508
v -0.01791055 -0.08267355 0.03450103
v -0.0174106 -0.08162379 0.03429151
v -0.01776103 -0.08154606 0.0343708
v -0.01720496 -0.08059817 0.03396561
v -0.01754748 -0.08047717 0.03403246
v -0.01694379 -0.07966935 0.03345364
v -0.01727698 -0.07951223 0.03350028
v -0.01663893 -0.0788778 0.0327739
v -0.01695844 -0.07868874 0.0327926
v -0.01629891 -0.07825088 0.03195259
v -0.01660617 -0.0780363 0.03193921
v -0.01593655 -0.07781744 0.03102041
v -0.0162281 -0.07758581 0.03096965
v -0.01556437 -0.07759219 0.03001609
v -0.01584225 -0.07735168 0.02992595
v -0.01519605 -0.07758748 0.02897826
v -0.0154585 -0.07734745 0.02884597
v -0.01484434 -0.07780081 0.02794303
v -0.01509409 -0.07756918 0.02776972
v -0.01452523 -0.07822597 0.02695446
v -0.01476103 -0.0780124 0.02674039
v -0.01424948 -0.07884848 0.02604661
v -0.01447425 -0.07865816 0.02579774
v -0.0140311 -0.07963711 0.02525803
v -0.01424674 -0.07947963 0.02497742
v -0.01387538 -0.08056676 0.02461604
v -0.01408498 -0.08044499 0.0243116
v -0.01379339 -0.08159416 0.02414689
v -0.01399983 -0.08151567 0.0238226
v -0.01378817 -0.08268302 0.02386779
v -0.01399357 -0.08264839 0.02353256
v -0.01385956 -0.08379 0.0237877
v -0.0140681 -0.08380049 0.02344933
v -0.01458094 -0.08451962 0.02491335
v -0.01475073 -0.08531993 0.02516816
v -0.01497088 -0.08603787 0.02557061
v -0.01522791 -0.08664548 0.02610476
v -0.01551474 -0.08712023 0.02675066
v -0.01581703 -0.08744472 0.02748377
v -0.01612496 -0.08760857 0.02827536
v -0.01642389 -0.08760392 0.02909512
v -0.01670385 -0.08743315 0.02991273
v -0.01695272 -0.08710098 0.0306978
v -0.01716051 -0.08662051 0.03141618
v -0.01732165 -0.08601069 0.03204442
v -0.01743294 -0.08529377 0.03255433
v -0.01748581 -0.08449357 0.0329285
v -0.01748359 -0.08364218 0.03315178
v -0.01742411 -0.08277142 0.03321565
v -0.01731206 -0.08191454 0.03311746
v -0.01714781 -0.08110535 0.03286098
v -0.01694091 -0.08037132 0.03245635
v -0.01669781 -0.07974654 0.03191968
v -0.01642648 -0.07925444 0.03127026
v -0.01613811 -0.07891339 0.03053373
v -0.01583954 -0.07873934 0.02974025
v -0.01554517 -0.07873928 0.02891907
v -0.01526435 -0.07891225 0.02810061
v -0.01500814 -0.07925349 0.02731926
v -0.01478745 -0.07974565 0.02660313
v -0.01461129 -0.08037483 0.02597829
v -0.01448521 -0.08111 0.02547095
v -0.01441729 -0.08192479 0.02509906
v -0.0144106 -0.08278799 0.0248788
v -0.01446725 -0.08366257 0.02481535
v -0.01429717 -0.08459568 0.0248495
v -0.01447408 -0.08542752 0.02511342
v -0.0147022 -0.08616942 0.02552975
v -0.01497064 -0.08679932 0.0260837
v -0.01526891 -0.08728963 0.02675337
v -0.01558534 -0.08762556 0.02751404
v -0.01590438 -0.08779162 0.02833517
v -0.01621644 -0.08778595 0.02918642
v -0.01650811 -0.08760964 0.03003444
v -0.01676658 -0.08726435 0.03084701
v -0.01698413 -0.08676636 0.03159378
v -0.01715238 -0.08613264 0.03224453
v -0.01726675 -0.08538687 0.03277393
v -0.01732194 -0.08455878 0.03316181
v -0.01731938 -0.08367633 0.03339477
v -0.01725859 -0.08277177 0.03346106
v -0.0171412 -0.08188384 0.03335991
v -0.01697177 -0.08104342 0.03309316
v -0.01675653 -0.08028394 0.03267349
v -0.01650578 -0.07963484 0.03211685
v -0.01622513 -0.07912409 0.03144341
v -0.01592357 -0.07877218 0.0306804
v -0.01561484 -0.07859146 0.02985608
v -0.01530807 -0.07859045 0.02900423
v -0.01501486 -0.0787732 0.02815654
v -0.01474799 -0.07912576 0.02734478
v -0.01451636 -0.07963943 0.02660236
v -0.01433247 -0.08029425 0.02595428
v -0.01420038 -0.08105766 0.0254285
v -0.01412861 -0.08190405 0.02504319
v -0.01412086 -0.08280032 0.02481345
v -0.01417866 -0.08370906 0.02474834
v -0.01928359 -0.08457142 0.02143643
v -0.01950806 -0.08562785 0.02177426
v -0.01979075 -0.08657985 0.02230513
v -0.02012394 -0.08738595 0.02300936
v -0.02049161 -0.08801984 0.02385966
v -0.02087931 -0.08845722 0.02482505
v -0.02127255 -0.08868187 0.02586624
v -0.02165572 -0.0886867 0.02694498
v -0.02200914 -0.08847206 0.02801835
v -0.02232667 -0.08804249 0.02904707
v -0.02259166 -0.0874179 0.02998938
v -0.02279488 -0.08662176 0.03081158
v -0.02293225 -0.08568054 0.03147931
v -0.02299622 -0.08463162 0.03196906
v -0.02298599 -0.08351391 0.0322588
v -0.02290454 -0.0823698 0.03234012
v -0.02275259 -0.08124172 0.03220909
v -0.02253632 -0.08017641 0.0318695
v -0.02226403 -0.07921135 0.03133658
v -0.02194731 -0.07838809 0.03062865
v -0.02159352 -0.0777359 0.02977502
v -0.02121891 -0.07728147 0.0288072
v -0.02083698 -0.07704615 0.02776406
v -0.02045953 -0.07703644 0.0266848
v -0.02010108 -0.07725507 0.02561185
v -0.01977819 -0.07769161 0.0245837
v -0.01950003 -0.07832938 0.02364363
v -0.01928105 -0.07914459 0.02282504
v -0.01912983 -0.08010315 0.02216074
v -0.01905305 -0.08116668 0.0216742
v -0.01905205 -0.08229732 0.02138463
v -0.01913046 -0.08344572 0.02130564
v -0.01889544 -0.08347445 0.02162358
v -0.01904271 -0.08455824 0.02174909
v -0.01882101 -0.08236497 0.0217011
v -0.01882632 -0.08127421 0.02198028
v -0.01890508 -0.08024287 0.02244843
v -0.01905641 -0.0793153 0.02308961
v -0.01927402 -0.07852298 0.02387781
v -0.01954854 -0.07790088 0.02478554
v -0.01986721 -0.07747364 0.02577511
v -0.02021778 -0.07725775 0.0268085
v -0.0205865 -0.07726115 0.02784883
v -0.02095911 -0.07748502 0.02885492
v -0.02132446 -0.07791686 0.0297871
v -0.02166702 -0.07854342 0.03060897
v -0.02197454 -0.07933586 0.03129057
v -0.02223731 -0.08026415 0.03180394
v -0.02244509 -0.08129155 0.03213077
v -0.02259182 -0.08237832 0.03225648
v -0.02266973 -0.08348149 0.03217751
v -0.02267663 -0.08455956 0.03189715
v -0.02261295 -0.08557337 0.03142556
v -0.02247711 -0.08648186 0.03077974
v -0.02227782 -0.08725374 0.02998775
v -0.02201754 -0.08785873 0.02907857
v -0.02170631 -0.08827704 0.02808732
v -0.02135936 -0.08849036 0.02705257
v -0.02098508 -0.08849155 0.02601267
v -0.02059944 -0.08828169 0.02501092
v -0.02022012 -0.08786499 0.02408108
v -0.01985995 -0.08726066 0.02326205
v -0.01953568 -0.08648914 0.02258403
v -0.0192589 -0.0855754 0.02207305
v -0.01555468 -0.08371204 0.02280928
v -0.01570715 -0.08483743 0.02293817
v -0.01548171 -0.08256089 0.02289136
v -0.01548887 -0.08142769 0.02318126
v -0.01557489 -0.08035588 0.02366903
v -0.01573742 -0.07938885 0.02433567
v -0.01596676 -0.07856744 0.02515576
v -0.01625528 -0.07791882 0.02609808
v -0.01658893 -0.07747429 0.02712624
v -0.01695628 -0.07724815 0.02820216
v -0.01734076 -0.07725334 0.02928205
v -0.01772852 -0.07748401 0.03032647
v -0.01810653 -0.07793593 0.03129409
v -0.01846078 -0.07858467 0.03214813
v -0.01878005 -0.07940828 0.03285568
v -0.01905066 -0.0803737 0.03338889
v -0.01926522 -0.08143866 0.03372526
v -0.01941496 -0.08256775 0.0338565
v -0.01949431 -0.08371156 0.03377181
v -0.01950017 -0.0848307 0.03347863
v -0.01943177 -0.08588075 0.03298702
v -0.0192905 -0.08682256 0.03231621
v -0.01908187 -0.087623 0.03149231
v -0.0188091 -0.08825027 0.03054726
v -0.01848439 -0.08868432 0.02951618
v -0.01812118 -0.088907 0.02844094
v -0.01773006 -0.0889095 0.02736177
v -0.0173291 -0.08869379 0.02631961
v -0.01693182 -0.08826381 0.02535586
v -0.01655723 -0.08763736 0.02450676
v -0.01621834 -0.08683776 0.02380313
v -0.01593186 -0.08589315 0.02327356
v -0.01603023 -0.08477181 0.02301505
v -0.01588313 -0.08368915 0.0228907
v -0.01581164 -0.08257901 0.02297045
v -0.01582063 -0.08148497 0.0232501
v -0.01590428 -0.08045244 0.02371876
v -0.01606163 -0.07952046 0.02436236
v -0.0162837 -0.0787242 0.02515233
v -0.01656407 -0.07809883 0.02606053
v -0.01688776 -0.07766544 0.02705043
v -0.01724212 -0.07744723 0.02808613
v -0.01761501 -0.07744944 0.0291265
v -0.01798987 -0.07767218 0.03013245
v -0.01835697 -0.07810378 0.03106608
v -0.01869896 -0.07872813 0.03188838
v -0.01900656 -0.07952076 0.03256989
v -0.01926868 -0.08045029 0.03308282
v -0.01947458 -0.08147788 0.03340788
v -0.01961974 -0.08256465 0.03353356
v -0.01969672 -0.08366727 0.03345215
v -0.01970197 -0.08474671 0.03317026
v -0.0196348 -0.08575958 0.03269694
v -0.01949767 -0.08666813 0.03205023
v -0.01929539 -0.0874415 0.03125643
v -0.01903162 -0.08804929 0.03034551
v -0.01871726 -0.0884689 0.02935267
v -0.01836584 -0.08868503 0.02831772
v -0.01798711 -0.08868944 0.02727693
v -0.01759825 -0.08848315 0.02627333
v -0.01721448 -0.08807039 0.02534425
v -0.01685309 -0.0874679 0.02452695
v -0.01652512 -0.08669936 0.02384844
v -0.01624706 -0.08578872 0.02333902
v -0.0153126 -0.08323043 0.02929866
v -0.01425416 -0.08353179 0.02620927
v -0.01433922 -0.08416235 0.02628327
v -0.01474276 -0.08428156 0.02558288
v -0.01464542 -0.08355462 0.02549867
v -0.01421023 -0.08289027 0.02625548
v -0.01459587 -0.08281385 0.02555145
v -0.01420969 -0.08226096 0.02641847
v -0.01459709 -0.08208406 0.02573847
v -0.01425128 -0.0816667 0.02669073
v -0.01464781 -0.0813983 0.02605365
v -0.01433555 -0.08113354 0.0270629
v -0.01474766 -0.08077967 0.0264825
v -0.01445676 -0.08068007 0.02752263
v -0.01489048 -0.08025431 0.02701283
v -0.01461054 -0.0803253 0.02804868
v -0.01507044 -0.0798428 0.02762056
v -0.01479076 -0.08008259 0.02862469
v -0.01528027 -0.07956117 0.02828341
v -0.01498946 -0.07996255 0.02922536
v -0.01551297 -0.07942032 0.02897696
v -0.01520016 -0.07997119 0.02983008
v -0.01575641 -0.07942646 0.0296742
v -0.01541185 -0.0801025 0.03041366
v -0.01600518 -0.07957792 0.03034728
v -0.01562228 -0.08035862 0.03095513
v -0.01624792 -0.07986921 0.03097074
v -0.0158194 -0.08072233 0.03143266
v -0.01647665 -0.08028787 0.03152183
v -0.01599735 -0.08118277 0.03182854
v -0.01668182 -0.08081913 0.03197658
v -0.01614969 -0.08172267 0.0321267
v -0.0168573 -0.08144146 0.03232003
v -0.01626933 -0.08231991 0.03231702
v -0.01699609 -0.0821287 0.0325391
v -0.01635265 -0.08294987 0.03238917
v -0.01709383 -0.08285528 0.03262329
v -0.01639869 -0.08358925 0.03234474
v -0.01714524 -0.0835939 0.03257023
v -0.01640282 -0.08421528 0.03218139
v -0.01714849 -0.08431446 0.03238166
v -0.01636685 -0.08480233 0.03190655
v -0.01710592 -0.08499193 0.03206471
v -0.01628965 -0.08532792 0.03153174
v -0.01701537 -0.08560091 0.03163404
v -0.0161759 -0.08577454 0.03107228
v -0.01688199 -0.08611542 0.03110176
v -0.01602673 -0.08612239 0.03054373
v -0.01670847 -0.08651858 0.03049335
v -0.01585103 -0.08636128 0.02996735
v -0.01650331 -0.08679765 0.02982811
v -0.01565191 -0.086479 0.02936662
v -0.01627157 -0.08693617 0.02913636
v -0.0154392 -0.0864759 0.02876309
v -0.01602367 -0.08693391 0.02843963
v -0.01522176 -0.08634597 0.02817901
v -0.01577004 -0.08678841 0.02776798
v -0.01500677 -0.08609944 0.02763817
v -0.01551879 -0.08650589 0.02714433
v -0.01480399 -0.08574229 0.02716215
v -0.01528261 -0.08609741 0.02659606
v -0.01461892 -0.08528941 0.02676796
v -0.01506826 -0.08557587 0.02614114
v -0.01446179 -0.08475476 0.02647125
v -0.01488546 -0.08496254 0.02580039
v -0.01999531 -0.07419371 0.03678106
v -0.02206721 -0.09168261 0.03730716
v -0.03411774 -0.07935971 -0.06409199
v -0.03565239 -0.09836989 -0.06324363
v -0.01918252 -0.07417762 0.03414488
v -0.02167365 -0.09179931 0.03478493
v -0.03413251 -0.07923346 -0.06063373
v -0.0358199 -0.09825366 -0.05974664
v -0.03204089 -0.078731 -0.04311869
v -0.03358006 -0.07898044 -0.05200677
v -0.028772 -0.07839793 -0.033573
v -0.01457651 -0.07428759 0.00837108
v -0.01289571 -0.07502573 0.0183624
v -0.01665594 -0.07444047 0.02705711
v -0.01635554 -0.09260529 0.00950811
v -0.01555912 -0.0929569 0.01924985
v -0.01961343 -0.09231519 0.02759213
v -0.03076868 -0.09760284 -0.03251919
v -0.03398827 -0.09783226 -0.04214021
v -0.03551103 -0.09803819 -0.05105229
v -0.02121581 -0.08315467 0.03443746
v -0.03464801 -0.08881598 -0.06030989
v -0.03476205 -0.08893537 -0.06368704
v -0.02114592 -0.08297216 0.03710821
v -0.0331658 -0.08835917 -0.04236528
v -0.0298086 -0.08810967 -0.03300486
v -0.0130689 -0.08384108 0.01900087
v -0.01543789 -0.08348453 0.00907149
v -0.0348834 -0.08851051 -0.04605802
v -0.03535116 -0.09357649 -0.05125519
v -0.03526848 -0.09205025 -0.04748348
v -0.03455355 -0.08870965 -0.05693172
v -0.03498901 -0.09218543 -0.05518171
v -0.0341346 -0.08363944 -0.05180122
v -0.03417339 -0.08517015 -0.05555115
v -0.03435376 -0.08501517 -0.04788472
v -0.01979882 -0.08845305 0.02770325
v -0.01560217 -0.08351385 0.02323133
v -0.01722596 -0.08705079 0.02453587
v -0.01733845 -0.07834929 0.0275995
v -0.01552758 -0.07988452 0.02443153
v -0.02130281 -0.08333712 0.03203533
v -0.02129438 -0.0868994 0.03071455
v -0.01949404 -0.07975792 0.03070978
v -0.02357125 -0.09134268 0.03469633
v -0.02313626 -0.08272332 0.03433894
v -0.0230573 -0.08253157 0.03701215
v -0.02393801 -0.09122008 0.03720627
v -0.03267035 -0.09733349 -0.03207223
v -0.03168445 -0.08782595 -0.03258148
v -0.03665297 -0.08867168 -0.06323123
v -0.03653336 -0.08855301 -0.05985371
v -0.03772015 -0.0979923 -0.05929037
v -0.03755069 -0.09810781 -0.06278535
v -0.03064951 -0.07812041 -0.03314767
v -0.0358855 -0.09756648 -0.0416888
v -0.03505091 -0.08808881 -0.04192323
v -0.01748625 -0.09249121 0.01916601
v -0.01810999 -0.09230643 0.00864275
v -0.01721068 -0.08320438 0.00820037
v -0.01505768 -0.08340042 0.01893046
v -0.03602151 -0.0790981 -0.06363292
v -0.03603812 -0.0789718 -0.06017392
v -0.03394247 -0.0784657 -0.04266772
v -0.02194939 -0.07375133 0.03670896
v -0.02117003 -0.07374459 0.03408581
v -0.01637436 -0.07401728 0.00750952
v -0.01490643 -0.07458639 0.01830953
v -0.03716277 -0.09178441 -0.04702999
v -0.03678071 -0.08824467 -0.04560371
v -0.03741944 -0.09777951 -0.05059156
v -0.03724935 -0.09331435 -0.05079988
v -0.0368816 -0.09192299 -0.05472596
v -0.03644328 -0.08844661 -0.0564768
v -0.0360679 -0.08490634 -0.05509452
v -0.03549313 -0.07872021 -0.0515453
v -0.03603569 -0.08337545 -0.05134308
v -0.03625204 -0.08475023 -0.04742945
v -0.01919883 -0.0866155 0.02446166
v -0.02174775 -0.0880174 0.02762175
v -0.02157111 -0.09186667 0.02753262
v -0.01760496 -0.083085 0.02317129
v -0.01755759 -0.07946366 0.02438379
v -0.01870615 -0.07401901 0.02702896
v -0.01937518 -0.07793194 0.02755853
v -0.02321415 -0.08646702 0.03062212
v -0.02324402 -0.0829091 0.03194857
v -0.02147906 -0.07933801 0.03064519
v -0.03126136 -0.09677499 -0.02467021
v -0.03315364 -0.09650641 -0.02450153
v -0.03228013 -0.08710515 -0.02493465
v -0.03139819 -0.07753425 -0.02547367
v -0.02951312 -0.07779914 -0.02562999
v -0.03040162 -0.08737683 -0.02508623
v -0.01643961 -0.07472807 0.00411768
v -0.01824831 -0.07445734 0.00338332
v -0.01830204 -0.07516807 -0.00013641
v -0.02012138 -0.07489728 -0.00074354
v -0.02016458 -0.07560634 -0.0043894
v -0.02199485 -0.07533687 -0.00486928
v -0.02202824 -0.07604551 -0.00864249
v -0.02387009 -0.07577788 -0.00899516
v -0.02389379 -0.07648515 -0.01289388
v -0.0257468 -0.07621741 -0.01311934
v -0.02576287 -0.07692337 -0.01714191
v -0.02762638 -0.07665664 -0.01724112
v -0.02763563 -0.07736116 -0.02138784
v -0.02950986 -0.07709485 -0.0213588
v -0.02938816 -0.09625393 -0.0204056
v -0.03126296 -0.09598302 -0.02036678
v -0.02751947 -0.095734 -0.01613814
v -0.02937619 -0.09545862 -0.01622813
v -0.02565458 -0.09521454 -0.01186761
v -0.02749411 -0.09493374 -0.01208649
v -0.02379208 -0.09469109 -0.00759365
v -0.02561542 -0.09440869 -0.00794243
v -0.02193248 -0.09416997 -0.00331902
v -0.02373844 -0.09388369 -0.00379671
v -0.0200739 -0.09364813 0.00095644
v -0.02186185 -0.09335815 0.00034996
v -0.01821481 -0.09312617 0.00523311
v -0.01998626 -0.09283262 0.0044967
v -0.01730426 -0.08397156 0.00479811
v -0.01916973 -0.0844587 0.00052505
v -0.02103577 -0.08494585 -0.00374786
v -0.02290261 -0.085433 -0.00802087
v -0.02477162 -0.08591949 -0.01229124
v -0.02664387 -0.08640527 -0.01655923
v -0.02851984 -0.08689159 -0.02082409
v -0.0303857 -0.08661878 -0.02080064
v -0.02849611 -0.0861321 -0.01666383
v -0.0266106 -0.08564478 -0.01252293
v -0.02472874 -0.08515667 -0.00837971
v -0.02284847 -0.08466821 -0.00423573
v -0.02096905 -0.08418136 -0.00008986
v -0.01909066 -0.08369189 0.00405506
v -0.01543492 -0.08336538 0.01715689
v -0.01760033 -0.09245878 0.01741973
v -0.01579908 -0.08333164 0.01537308
v -0.0177113 -0.09242719 0.01567216
v -0.01615853 -0.08329916 0.0135838
v -0.0178173 -0.09239554 0.01391933
v -0.01651282 -0.08326774 0.01179202
v -0.01791816 -0.09236586 0.01216284
v -0.01686318 -0.08323568 0.00999729
v -0.01801557 -0.0923357 0.01040438
v -0.0162321 -0.09266209 0.01113946
v -0.01610584 -0.09271967 0.01276768
v -0.01597569 -0.09277892 0.01439399
v -0.01584211 -0.09283787 0.01601656
v -0.01570197 -0.09289741 0.01763386
v -0.01348261 -0.08377909 0.01736005
v -0.0138823 -0.08371919 0.01571003
v -0.01427729 -0.08365935 0.01405465
v -0.014668 -0.0835998 0.01239653
v -0.0150537 -0.083543 0.01073465
v -0.01613903 -0.07411056 0.00931689
v -0.01590145 -0.07420486 0.01112215
v -0.01565882 -0.07429885 0.01292402
v -0.01541271 -0.07439351 0.01472315
v -0.01516106 -0.07449013 0.01651747
v -0.01318577 -0.07490104 0.01670461
v -0.01347316 -0.07477664 0.01504559
v -0.01375491 -0.07465308 0.01338117
v -0.01403216 -0.07453161 0.01171419
v -0.01430578 -0.07440948 0.01004322
v -0.01503006 0.0444501 0.01531881
v -0.01994389 0.04996323 0.03330013
v -0.02776796 0.05855572 0.05665157
v -0.03886236 0.0699678 0.07891016
v -0.0538313 0.08254534 0.09882667
v -0.07226354 0.09494131 0.11445365
v -0.09295246 0.10857647 0.12323901
v -0.11439185 0.12552309 0.12305957
v -0.13530698 0.14693981 0.1136636
v -0.1551966 0.16843891 0.09694961
v -0.17420092 0.17936998 0.07549165
v -0.19214573 0.17031067 0.05030319
v -0.20764002 0.14026534 0.02212694
v -0.21973994 0.1050744 -0.00686684
v -0.22585582 0.08468419 -0.02924472
v -0.01686438 0.0299704 0.01279215
v -0.02336811 0.03519135 0.03283913
v -0.03170055 0.04355394 0.05587843
v -0.04323307 0.05378967 0.07782591
v -0.05852747 0.0650922 0.09735433
v -0.07718896 0.07702326 0.11253918
v -0.09804574 0.09031045 0.12120336
v -0.11965143 0.10596168 0.12166857
v -0.14071136 0.12408965 0.11355438
v -0.16049218 0.14145445 0.09789669
v -0.17891484 0.14977473 0.0763954
v -0.19577017 0.14168721 0.05035688
v -0.20996436 0.11641162 0.02117249
v -0.22088566 0.08653396 -0.00909677
v -0.22769603 0.06845951 -0.03567244
v -0.0192174 0.00557196 0.01262913
v -0.02641288 0.00988066 0.03293505
v -0.03563833 0.01603508 0.05646342
v -0.04848182 0.02338463 0.07894931
v -0.06560181 0.03175056 0.0988634
v -0.08643143 0.04108339 0.11435944
v -0.1096168 0.05155187 0.12352547
v -0.13347929 0.06319707 0.12474879
v -0.15637186 0.07534176 0.1172657
v -0.1771608 0.08572149 0.10160832
v -0.19525218 0.08991038 0.07914342
v -0.20991399 0.08548945 0.05165875
v -0.22030058 0.07334989 0.02075281
v -0.22741434 0.05778366 -0.01201856
v -0.23242765 0.04570925 -0.04036051
v -0.02152526 -0.01435154 0.0122129
v -0.02919224 -0.01252794 0.03278999
v -0.03944471 -0.00996953 0.05676855
v -0.05402905 -0.00667268 0.07955141
v -0.07348152 -0.00249797 0.09948924
v -0.09702698 0.0026021 0.11486688
v -0.12312563 0.00863224 0.12387201
v -0.14975473 0.01533359 0.12487456
v -0.17478165 0.0219919 0.11709576
v -0.19656986 0.02740687 0.10129921
v -0.21386289 0.03053778 0.07901535
v -0.2256526 0.03136944 0.05209958
v -0.23153883 0.03056895 0.02169223
v -0.23465576 0.02702373 -0.01096576
v -0.23880869 0.02055031 -0.0404635
v -0.02339134 -0.03342032 0.01157095
v -0.03157632 -0.0332089 0.03220892
v -0.04296084 -0.03349053 0.05617237
v -0.05918144 -0.03374683 0.07853332
v -0.08047323 -0.03355687 0.09765707
v -0.10594355 -0.03267115 0.11194082
v -0.13389167 -0.03093713 0.11971351
v -0.16196516 -0.02843964 0.11963325
v -0.18768897 -0.02561515 0.11141382
v -0.2090536 -0.02306264 0.09609954
v -0.22463113 -0.02093714 0.07521868
v -0.23369851 -0.01889497 0.05021923
v -0.23677864 -0.01675188 0.02205008
v -0.23799738 -0.01597678 -0.00831982
v -0.2421197 -0.01809567 -0.03573334
v -0.02485162 -0.05374652 0.0112157
v -0.03352326 -0.05377996 0.03168642
v -0.04583127 -0.05519849 0.05522778
v -0.06318642 -0.0573216 0.0766794
v -0.08544424 -0.0596798 0.09449918
v -0.11156549 -0.0618931 0.1072172
v -0.13972634 -0.06356757 0.11338448
v -0.16741409 -0.06448084 0.11206791
v -0.19201865 -0.06476599 0.10350704
v -0.21151158 -0.06472867 0.08884704
v -0.22492873 -0.06457251 0.06947938
v -0.23235559 -0.06399917 0.04662024
v -0.23494917 -0.06264501 0.02100056
v -0.23599669 -0.06107288 -0.00684232
v -0.23913401 -0.06027197 -0.03253946
v -0.02684986 -0.07560449 0.01195598
v -0.03569151 -0.07478272 0.03204846
v -0.0482093 -0.07538807 0.05493425
v -0.06589385 -0.07730084 0.075462
v -0.08822443 -0.08025378 0.09218805
v -0.1139746 -0.08398026 0.10374619
v -0.1412501 -0.08807319 0.10880649
v -0.16751021 -0.09226 0.10665446
v -0.19024947 -0.09642958 0.09781049
v -0.20768755 -0.10048079 0.08355193
v -0.2195287 -0.1038239 0.06529986
v -0.22659534 -0.10550427 0.04421019
v -0.23017457 -0.10453116 0.02083554
v -0.23192602 -0.10138243 -0.00468913
v -0.23383975 -0.09734439 -0.02869272
v -0.02978466 -0.09858673 0.01370859
v -0.0380724 -0.09667116 0.03343209
v -0.04986411 -0.0949791 0.05591726
v -0.06695369 -0.09467554 0.07630865
v -0.08873622 -0.09603697 0.09319946
v -0.11395204 -0.09929287 0.10499274
v -0.14062565 -0.10451328 0.11008723
v -0.16613608 -0.11185157 0.10771255
v -0.18814081 -0.12110555 0.09845351
v -0.20497363 -0.13148731 0.08386012
v -0.21662983 -0.14024466 0.06558701
v -0.22394856 -0.14483362 0.04486057
v -0.22809481 -0.14323991 0.02232559
v -0.2304531 -0.13810294 -0.00149189
v -0.2327196 -0.13254791 -0.02308439
v -0.03123347 -0.11143571 0.01710505
v -0.03782253 -0.11058795 0.03488099
v -0.04891623 -0.10684233 0.05774205
v -0.0652906 -0.10381078 0.07912021
v -0.08698055 -0.10279989 0.09740988
v -0.11275399 -0.10456693 0.1104614
v -0.14031153 -0.1097055 0.11622178
v -0.16671368 -0.11891996 0.1137972
v -0.18965038 -0.13212508 0.10377408
v -0.20736509 -0.14829313 0.0882273
v -0.21986839 -0.16192364 0.06916809
v -0.22750765 -0.16898226 0.04786447
v -0.230912 -0.16545724 0.02467021
v -0.23277583 -0.15790623 0.00054422
v -0.2346622 -0.15009361 -0.01841243
v -0.01312444 0.0505737 0.03602629
v -0.01682517 0.03066563 0.04195521
v -0.00940401 0.02834212 0.01206744
v -0.00849445 0.04471951 0.01493321
v -0.0213777 0.05891811 0.06045817
v -0.0240896 0.04003673 0.06075076
v -0.03313652 0.07041484 0.08388096
v -0.03660677 0.05013048 0.0841398
v -0.04908185 0.0832169 0.10494104
v -0.05327005 0.06142097 0.10509996
v -0.06894651 0.09582096 0.12163004
v -0.07380964 0.07366377 0.12155965
v -0.09156694 0.10994172 0.13109907
v -0.09710434 0.08767676 0.13110238
v -0.11500563 0.12785184 0.13081204
v -0.12134935 0.10427248 0.13170918
v -0.13751572 0.15047597 0.12063616
v -0.14475596 0.12295109 0.12301188
v -0.15871006 0.17288845 0.10288089
v -0.16651213 0.14027971 0.106198
v -0.17890456 0.18412399 0.08030153
v -0.18652883 0.14830011 0.08294806
v -0.19781625 0.17474675 0.05398625
v -0.20444491 0.14008736 0.0548416
v -0.21387803 0.14393657 0.02496765
v -0.21907782 0.11496532 0.02398387
v -0.22623834 0.10798806 -0.00459933
v -0.22907733 0.08809268 -0.001
v -0.23177021 0.08450371 -0.03044557
v -0.23486834 0.06673568 -0.03888101
v -0.01870355 0.00919807 0.03972348
v -0.01170033 0.00408077 0.01204573
v -0.02787933 0.01480734 0.06128903
v -0.04163223 0.02216804 0.08522693
v -0.06008105 0.03064394 0.10658041
v -0.08263199 0.04029679 0.1232844
v -0.1079571 0.05140966 0.13324657
v -0.13428187 0.06396228 0.13457587
v -0.15963003 0.07700204 0.12633836
v -0.18256264 0.0880264 0.10918192
v -0.20229935 0.09256649 0.08468352
v -0.21800494 0.08826404 0.05494158
v -0.22879809 0.0760433 0.02213706
v -0.23572582 0.06209015 -0.00785981
v -0.23956346 0.04587304 -0.0445657
v -0.02162958 -0.01379841 0.03971078
v -0.01398116 -0.01569151 0.0116238
v -0.03184802 -0.01147365 0.06178568
v -0.04746486 -0.0082429 0.08609263
v -0.06834373 -0.00405013 0.10743697
v -0.09363053 0.00124144 0.12391462
v -0.12182925 0.00772762 0.13361573
v -0.15090078 0.01517969 0.13468781
v -0.17840558 0.02274084 0.12612032
v -0.20233061 0.02896666 0.1087372
v -0.22122544 0.03263163 0.0842875
v -0.23400753 0.03362745 0.05495898
v -0.24024054 0.03268027 0.02269378
v -0.24325305 0.03013926 -0.00641097
v -0.24611474 0.02108663 -0.04444726
v -0.02417393 -0.03488451 0.03925135
v -0.01580692 -0.03463792 0.01100095
v -0.03554835 -0.03528261 0.06137771
v -0.05290539 -0.03568083 0.08529268
v -0.07570051 -0.03556513 0.10577348
v -0.10295683 -0.03465026 0.12105551
v -0.13299351 -0.03271341 0.12940207
v -0.16343173 -0.02977842 0.12931513
v -0.1915782 -0.0263409 0.12031754
v -0.21513766 -0.0231924 0.10339832
v -0.23241418 -0.02067118 0.08018467
v -0.24243104 -0.01848936 0.0525919
v -0.24572864 -0.01637297 0.02271886
v -0.24677661 -0.01522618 -0.00381926
v -0.24959395 -0.01818239 -0.03888089
v -0.02630099 -0.05564546 0.03882381
v -0.01725744 -0.05510151 0.01072775
v -0.03857352 -0.05710363 0.06057632
v -0.05711761 -0.05930662 0.08359907
v -0.08091922 -0.06173026 0.10275336
v -0.1088567 -0.06398421 0.11640694
v -0.13908994 -0.06564962 0.12304362
v -0.16906186 -0.06647211 0.12161305
v -0.19603201 -0.06660276 0.11220703
v -0.21772864 -0.06640666 0.09585893
v -0.23280853 -0.06608611 0.07411296
v -0.24110004 -0.06528347 0.04881224
v -0.24390739 -0.06367963 0.02168988
v -0.24495399 -0.06217396 -0.00262282
v -0.24646274 -0.0609343 -0.03563972
v -0.02855305 -0.07635885 0.03917935
v -0.0192581 -0.07710564 0.01154426
v -0.0409924 -0.07682669 0.06035955
v -0.05989893 -0.0784164 0.08252686
v -0.08384893 -0.08103352 0.10061445
v -0.11152865 -0.08453244 0.11305645
v -0.14095601 -0.08864051 0.11849108
v -0.16950985 -0.09308224 0.11612784
v -0.19455912 -0.09761476 0.1063476
v -0.21407535 -0.10194438 0.09036117
v -0.22740337 -0.10534673 0.06989502
v -0.23524648 -0.10686975 0.04672533
v -0.23909288 -0.10564637 0.02195948
v -0.2411071 -0.10303908 -0.00072157
v -0.24096334 -0.09750884 -0.03200075
v -0.03137749 -0.09298467 0.04255505
v -0.02215573 -0.0997886 0.01318299
v -0.04221739 -0.09335982 0.06123374
v -0.0607791 -0.09202039 0.08322347
v -0.08459826 -0.09195429 0.10118272
v -0.11224051 -0.09403169 0.11331487
v -0.14142176 -0.09901213 0.11838495
v -0.16935935 -0.10706889 0.11576703
v -0.19350063 -0.11729008 0.10568768
v -0.21195137 -0.1279996 0.08956463
v -0.22460901 -0.13660091 0.06947457
v -0.23246571 -0.14106929 0.04715652
v -0.2369799 -0.13993269 0.02360123
v -0.23950836 -0.132869 0.00435063
v -0.2399002 -0.13138932 -0.02570813
v -0.03132837 -0.11262333 0.03779672
v -0.02492798 -0.11373943 0.0169629
v -0.04285414 -0.10764837 0.0618303
v -0.06024108 -0.10267639 0.08450207
v -0.08369988 -0.09945476 0.10349089
v -0.11163993 -0.09968674 0.11646369
v -0.141276 -0.10456323 0.1220408
v -0.16962736 -0.11484217 0.11967036
v -0.19432982 -0.13001775 0.10933414
v -0.21334001 -0.14818489 0.09283537
v -0.22666564 -0.16308599 0.07257956
v -0.23471111 -0.17081219 0.05021258
v -0.23814773 -0.16726905 0.02624814
v -0.23997959 -0.159536 0.00167705
v -0.24113708 -0.15048241 -0.019919
v -0.01073825 0.04814308 0.03713697
v -0.01283335 0.03385376 0.03713889
v -0.00738924 0.02858239 0.01600025
v -0.0066243 0.04306083 0.01813828
v -0.01928206 0.05640041 0.06196309
v -0.02169627 0.04518812 0.06168825
v -0.03140815 0.06774741 0.08582116
v -0.03417228 0.0557577 0.08531674
v -0.04781546 0.08043766 0.1072945
v -0.05079963 0.06758493 0.10652294
v -0.06830655 0.09311407 0.12434628
v -0.07140063 0.08021777 0.12323793
v -0.09174973 0.10746669 0.13407877
v -0.09489271 0.09471172 0.13288047
v -0.11605379 0.12562251 0.13388016
v -0.11932954 0.11219644 0.13325521
v -0.13928115 0.14817982 0.12364274
v -0.14281725 0.13231003 0.12413319
v -0.16103661 0.17023319 0.10566169
v -0.16469979 0.15121549 0.10700464
v -0.18165636 0.18113023 0.08257933
v -0.18506556 0.16013479 0.08371799
v -0.20081633 0.17174351 0.05558345
v -0.20360028 0.15125966 0.05574999
v -0.21694287 0.14130348 0.02598989
v -0.21900394 0.12370181 0.02514972
v -0.22926414 0.10580664 -0.00404344
v -0.23159101 0.08774715 -0.00649386
v -0.23404359 0.08516287 -0.02751256
v -0.23692873 0.06945091 -0.03449489
v -0.01490106 0.00761687 0.03417734
v -0.00979094 0.00425934 0.01606312
v -0.2418195 0.04843169 -0.04050667
v -0.23881706 0.05880481 -0.01618035
v -0.01761307 -0.0145992 0.03403291
v -0.01214313 -0.01590979 0.01569373
v -0.24851609 0.02277517 -0.04006265
v -0.24579876 0.02905893 -0.01469816
v -0.01991843 -0.03504121 0.03354874
v -0.01404331 -0.0350402 0.01511427
v -0.25201702 -0.01772862 -0.03462013
v -0.24911835 -0.01544165 -0.01127338
v -0.02185285 -0.05561429 0.03320987
v -0.01558267 -0.05551207 0.01487713
v -0.24905303 -0.06140208 -0.03169368
v -0.24713876 -0.06207257 -0.00962417
v -0.02406392 -0.07662326 0.03372212
v -0.01763085 -0.07738447 0.01568076
v -0.24378678 -0.09846711 -0.02843067
v -0.24320909 -0.10220885 -0.00743918
v -0.02772178 -0.09788614 0.03812313
v -0.02041706 -0.09978121 0.01721731
v -0.24268129 -0.13204556 -0.02235168
v -0.24153834 -0.13836926 -0.00025717
v -0.02858572 -0.11089807 0.03894317
v -0.02284726 -0.112181 0.02014752
v -0.0407783 -0.09697508 0.06252519
v -0.04046886 -0.10581982 0.06341245
v -0.05945458 -0.09435075 0.08487546
v -0.0584447 -0.10063684 0.08641582
v -0.08368188 -0.09298557 0.10306192
v -0.08263548 -0.09701144 0.10542266
v -0.1119292 -0.09422445 0.11517982
v -0.11135613 -0.09690153 0.11814346
v -0.14169481 -0.09920531 0.12020087
v -0.14171192 -0.10170775 0.12352451
v -0.17012992 -0.10824424 0.11763402
v -0.17072758 -0.11212295 0.12116071
v -0.19469261 -0.12024742 0.10745055
v -0.19598832 -0.12737947 0.11078576
v -0.21341747 -0.13306617 0.09103685
v -0.21536979 -0.14521348 0.09400678
v -0.22628542 -0.14330548 0.07066011
v -0.22887766 -0.15965718 0.07334145
v -0.23427459 -0.14865601 0.0481519
v -0.23704642 -0.16715896 0.05060101
v -0.23877722 -0.14731186 0.02449501
v -0.24069786 -0.16403812 0.02644514
v -0.24265831 -0.15673524 0.00178051
v -0.24347376 -0.14913821 -0.01750581
v -0.01709202 0.04734855 0.02156523
v -0.01198843 0.04528957 0.01380655
v -0.01019206 0.04816293 0.02392796
v -0.01650759 0.05125802 0.0346103
v -0.01364712 0.04878538 0.02269586
v -0.01588543 0.03957015 0.01278681
v -0.01290943 0.02884322 0.01092335
v -0.00848266 0.03795778 0.01199679
v -0.01199097 0.03848874 0.0108876
v -0.02197648 0.04440343 0.03284295
v -0.02013889 0.03212398 0.02119421
v -0.01897359 0.04151308 0.02119536
v -0.02348234 0.0537855 0.04504214
v -0.01684062 0.05423641 0.04827184
v -0.02449567 0.05973041 0.05849827
v -0.02010865 0.05499136 0.04660245
v -0.02995676 0.05304342 0.05591634
v -0.02718557 0.03906041 0.04443561
v -0.02561022 0.04832273 0.04445548
v -0.03286144 0.06401455 0.0679888
v -0.02677154 0.06438607 0.07237766
v -0.03587436 0.07125365 0.08133281
v -0.02971496 0.06522393 0.07012353
v -0.04112733 0.06405603 0.07788513
v -0.03702152 0.04849439 0.06706273
v -0.03509918 0.05833649 0.06710975
v -0.04587214 0.07622212 0.08927095
v -0.04058635 0.07677829 0.09481784
v -0.05128942 0.08401691 0.10182093
v -0.04308283 0.07760387 0.09198046
v -0.05605479 0.0761767 0.09748502
v -0.05041972 0.05934751 0.0880052
v -0.04813105 0.07005524 0.08809227
v -0.06268136 0.08870899 0.10733294
v -0.05858334 0.08947175 0.11400315
v -0.07039278 0.09652012 0.11798623
v -0.06044349 0.09023439 0.11060909
v -0.07433689 0.0884934 0.11277961
v -0.06750208 0.07094752 0.10562713
v -0.06484203 0.08226484 0.10581767
v -0.08241935 0.10147488 0.1198531
v -0.0800272 0.1025452 0.12744808
v -0.09199198 0.11037832 0.12710753
v -0.08098424 0.10313767 0.12359523
v -0.09479448 0.10210192 0.12140694
v -0.08743257 0.083431 0.11780586
v -0.08438272 0.09503519 0.11806076
v -0.10366647 0.11651366 0.12431994
v -0.10330727 0.11830949 0.13222593
v -0.11437261 0.12783974 0.12683111
v -0.10318943 0.11853396 0.1281957
v -0.116001 0.11860346 0.12149289
v -0.10884159 0.09780198 0.12250745
v -0.1053873 0.10990506 0.12256455
v -0.12495885 0.13583958 0.11942032
v -0.12642011 0.13877517 0.12684154
v -0.13603788 0.15003794 0.116966
v -0.1253373 0.13853257 0.12298813
v -0.13673356 0.13871824 0.1127434
v -0.13030624 0.11484247 0.11863663
v -0.1264753 0.1283549 0.11815136
v -0.14537513 0.15829771 0.10605023
v -0.14825886 0.16235214 0.1125199
v -0.15655592 0.17224317 0.09967215
v -0.14642822 0.16178 0.10906426
v -0.15639323 0.15860742 0.09663882
v -0.15077215 0.13334476 0.10656295
v -0.14669939 0.14925229 0.10547091
v -0.16480392 0.17588597 0.08673072
v -0.16892999 0.18056851 0.09210818
v -0.1761623 0.18349248 0.07768257
v -0.16646891 0.17990934 0.08917997
v -0.17503172 0.16854715 0.07533086
v -0.16987499 0.14726191 0.08778993
v -0.16583523 0.16543352 0.08655252
v -0.18339067 0.17761933 0.06333092
v -0.18862035 0.18228662 0.06755925
v -0.19462829 0.17423981 0.05202532
v -0.18563136 0.18170893 0.0652744
v -0.19250586 0.15975868 0.04993502
v -0.18760564 0.14800268 0.06386561
v -0.18398913 0.16676354 0.06309294
v -0.20023804 0.15711444 0.03646301
v -0.20623251 0.16119515 0.03968621
v -0.21045658 0.14357864 0.0235229
v -0.20290604 0.16076511 0.03800409
v -0.20757126 0.13119518 0.02147135
v -0.20323056 0.13057196 0.03602513
v -0.20038101 0.14720898 0.03595388
v -0.21432393 0.12199848 0.0076113
v -0.22076261 0.12527442 0.0101391
v -0.22273439 0.10774141 -0.00565907
v -0.21727109 0.12497401 0.00889362
v -0.21933311 0.09766286 -0.00790388
v -0.21594831 0.10096257 0.00610093
v -0.21403408 0.11379581 0.00680928
v -0.22333756 0.09225797 -0.02109077
v -0.22965696 0.09485393 -0.01904779
v -0.22842818 0.08435481 -0.03111929
v -0.22623002 0.09467023 -0.01991075
v -0.2262246 0.07780301 -0.03333913
v -0.2333295 0.07556861 -0.03603211
v -0.23150539 0.06639915 -0.03920929
v -0.2299979 0.07538956 -0.03654272
v -0.22447869 0.07543486 -0.02432804
v -0.22303345 0.0854457 -0.02253975
v -0.01800596 0.01791191 0.01274048
v -0.01518344 0.00456398 0.01080831
v -0.0105099 0.01633715 0.0120964
v -0.01400529 0.01681667 0.01090202
v -0.02488312 0.02294188 0.03289021
v -0.02278194 0.0074113 0.02111484
v -0.02144102 0.0200234 0.02117403
v -0.0171022 0.02227777 0.03959088
v -0.0225839 0.01156312 0.04894685
v -0.02585921 0.02909123 0.06089943
v -0.01920065 0.03564393 0.0486338
v -0.02081716 0.02514064 0.04870478
v -0.03363793 0.03044641 0.05612412
v -0.030645 0.01277941 0.04475894
v -0.02890356 0.02645647 0.04457632
v -0.03419526 0.01834625 0.0734607
v -0.03885585 0.03809487 0.08451062
v -0.02986059 0.04489529 0.07264754
v -0.03183983 0.03342658 0.07290424
v -0.04574452 0.03943914 0.07830037
v -0.04155158 0.01957511 0.06792525
v -0.03922123 0.03478986 0.0674251
v -0.05028988 0.02626675 0.09635391
v -0.0562297 0.04825693 0.10564184
v -0.04442233 0.05565428 0.09504506
v -0.04700597 0.0430451 0.09551108
v -0.06181749 0.04947531 0.09799268
v -0.05652564 0.02744674 0.08934032
v -0.0532981 0.0443446 0.0885702
v -0.07091822 0.03530544 0.11564501
v -0.0775615 0.05948954 0.12221252
v -0.06311305 0.06738239 0.11404286
v -0.06646647 0.05371022 0.11463839
v -0.08139591 0.06037819 0.11330734
v -0.07562916 0.03628695 0.10728478
v -0.07123801 0.0547983 0.10632556
v -0.09505303 0.04566246 0.12923473
v -0.1016347 0.0723474 0.13196399
v -0.08521919 0.08038824 0.12733873
v -0.08935982 0.06568002 0.12807533
v -0.10323417 0.07255804 0.12222051
v -0.09783209 0.04616695 0.11984312
v -0.09212736 0.06627363 0.11867612
v -0.12112065 0.05754637 0.1350705
v -0.12668752 0.08723509 0.13295194
v -0.10922872 0.09565168 0.1325736
v -0.11415933 0.07955771 0.13361844
v -0.12579417 0.08647751 0.12312462
v -0.12157096 0.05725354 0.1251955
v -0.11451927 0.07929992 0.12372881
v -0.14717912 0.07054394 0.13163289
v -0.15088188 0.10342305 0.12452754
v -0.1332238 0.11349904 0.12846604
v -0.13897368 0.09530341 0.1298795
v -0.14763397 0.10176956 0.11544441
v -0.14512735 0.06931251 0.12208005
v -0.13687166 0.09406775 0.12033054
v -0.17145237 0.08304446 0.11878696
v -0.17312774 0.11788225 0.10758165
v -0.15585014 0.13224732 0.11551505
v -0.16227769 0.11125296 0.11702498
v -0.16783931 0.11568927 0.09988072
v -0.16707 0.0810253 0.11038328
v -0.15796417 0.10927993 0.10856378
v -0.19287741 0.09130191 0.09772475
v -0.19303232 0.12417584 0.08372397
v -0.17674809 0.14594054 0.09528171
v -0.18339982 0.12240046 0.09640675
v -0.18611067 0.1218034 0.07788045
v -0.18658316 0.08878773 0.09111663
v -0.17723575 0.1200816 0.08958743
v -0.21073183 0.09151768 0.07032609
v -0.21001362 0.11753356 0.05478584
v -0.19582551 0.14642864 0.06937963
v -0.20196384 0.1225745 0.06975623
v -0.20199972 0.11519891 0.05100529
v -0.20308178 0.08877492 0.06592409
v -0.19442039 0.12020063 0.06495486
v -0.2239499 0.08291447 0.03881919
v -0.22302067 0.09810841 0.0229294
v -0.21219402 0.12903487 0.03959911
v -0.21700021 0.10898625 0.03909491
v -0.21453237 0.0959618 0.0208469
v -0.2155894 0.08015787 0.03654708
v -0.20868215 0.10672462 0.03622562
v -0.23278024 0.06822371 0.00507321
v -0.23199677 0.07668089 -0.00580934
v -0.22510069 0.09957212 0.00832701
v -0.2281726 0.08607524 0.00653548
v -0.22376826 0.0727154 -0.01077212
v -0.22423902 0.06563407 0.00443932
v -0.21961462 0.08409315 0.00509984
v -0.22976577 0.0574485 -0.0382782
v -0.23692053 0.05669021 -0.04206561
v -0.23610961 0.04488641 -0.04448001
v -0.23351717 0.05600583 -0.04214744
v -0.22983661 0.05057537 -0.02824593
v -0.22683385 0.06342625 -0.02652562
v -0.24079 -0.15562748 -0.01051271
v -0.24314954 -0.15025174 -0.01970918
v -0.24346867 -0.15294665 -0.01046254
v -0.2419849 -0.1592831 0.00193429
v -0.24279901 -0.1553834 -0.01028176
v -0.24057757 -0.14272224 -0.02386466
v -0.24192419 -0.13128668 -0.02556628
v -0.24331951 -0.14332205 -0.02052714
v -0.24259644 -0.14252996 -0.02368208
v -0.24229592 -0.1493923 0.00101269
v -0.24255004 -0.13444042 -0.01287713
v -0.24309253 -0.14592808 -0.01127966
v -0.23914897 -0.16358399 0.01397313
v -0.24178177 -0.16059052 0.0141196
v -0.24013373 -0.16696268 0.0266093
v -0.24114742 -0.16330903 0.01427291
v -0.23844727 -0.13786846 0.01150271
v -0.23757657 -0.14465695 0.02401534
v -0.24024698 -0.14500957 0.01240186
v -0.24025595 -0.1359682 0.00240198
v -0.23910248 -0.14251995 0.01199623
v -0.24003189 -0.15563011 0.02552261
v -0.24131098 -0.15276223 0.01330277
v -0.2368257 -0.17009031 0.03837436
v -0.23926588 -0.16660016 0.03864702
v -0.23664644 -0.1704182 0.05076365
v -0.23879164 -0.16974139 0.03881847
v -0.23504766 -0.14110964 0.03550114
v -0.23295617 -0.14574706 0.04750232
v -0.23685872 -0.14868599 0.03643085
v -0.235587 -0.14585417 0.03586752
v -0.23594695 -0.15784883 0.04945756
v -0.23835337 -0.15759068 0.03760433
v -0.2313326 -0.1682012 0.06162311
v -0.23360067 -0.16459548 0.06218244
v -0.22849518 -0.16259837 0.07341563
v -0.23322382 -0.16776382 0.06230769
v -0.22904974 -0.13947957 0.058521
v -0.22504514 -0.14079564 0.06984566
v -0.23080822 -0.14674973 0.05960007
v -0.22950643 -0.14396888 0.05886908
v -0.22785192 -0.15140926 0.07212431
v -0.23248437 -0.15560776 0.0609922
v -0.22068706 -0.15629679 0.08305577
v -0.22282522 -0.15309059 0.08402864
v -0.21496933 -0.14752876 0.09398748
v -0.22243058 -0.15574169 0.08405239
v -0.21895393 -0.13269728 0.0798967
v -0.21237471 -0.13133174 0.09003435
v -0.220532 -0.1386615 0.08121739
v -0.21938049 -0.13650149 0.08030992
v -0.21463421 -0.13904309 0.09269218
v -0.22193637 -0.14579439 0.08277021
v -0.20456835 -0.13910579 0.10170248
v -0.20643782 -0.1363402 0.1030403
v -0.19562563 -0.12901431 0.11072262
v -0.20604887 -0.13829481 0.10299117
v -0.20346829 -0.12274414 0.09825423
v -0.19390955 -0.11950194 0.10628529
v -0.20481154 -0.12676757 0.09988396
v -0.20389047 -0.12552952 0.09879078
v -0.19553116 -0.12366592 0.10932283
v -0.20584303 -0.13143444 0.10165248
v -0.18258252 -0.12188178 0.1154078
v -0.18398061 -0.11923819 0.11690023
v -0.17045536 -0.11341011 0.1211102
v -0.18365663 -0.12065821 0.11684143
v -0.18204337 -0.11199879 0.11158751
v -0.16967448 -0.10823607 0.11642098
v -0.18303906 -0.11398899 0.11342883
v -0.18241503 -0.11365687 0.11222351
v -0.17054992 -0.10997128 0.11960792
v -0.18366789 -0.11643219 0.11537508
v -0.15576562 -0.10904234 0.12186962
v -0.15654289 -0.10624277 0.12334376
v -0.1415776 -0.10288077 0.12345612
v -0.15633553 -0.10745197 0.12329253
v -0.15571165 -0.1026979 0.11803951
v -0.14157688 -0.09954232 0.11904177
v -0.15624305 -0.10326761 0.11988282
v -0.15595501 -0.10348171 0.11869335
v -0.14174544 -0.10020458 0.12206727
v -0.15647551 -0.10451811 0.12181997
v -0.12643757 -0.10148316 0.12021949
v -0.12652152 -0.09862899 0.12177947
v -0.11137574 -0.0980727 0.11797085
v -0.12646189 -0.0997926 0.12166887
v -0.12681084 -0.09613412 0.11678266
v -0.11216924 -0.09449929 0.11404229
v -0.12680092 -0.0962091 0.11861389
v -0.1268599 -0.09656244 0.11746817
v -0.1115994 -0.09532135 0.11687991
v -0.12666136 -0.09716647 0.12040603
v -0.09727301 -0.09905815 0.11083155
v -0.09660046 -0.09641969 0.11265185
v -0.08283711 -0.09823006 0.10509698
v -0.09670674 -0.09760642 0.11240255
v -0.02040698 -0.00487107 0.01245528
v -0.01744809 -0.01511007 0.0103705
v -0.0128762 -0.0062868 0.01187889
v -0.01635012 -0.00575739 0.01062733
v -0.0278491 -0.00176358 0.03291287
v -0.02526072 -0.01351094 0.02080058
v -0.02406356 -0.00351405 0.02099666
v -0.02021192 -0.00270336 0.03977158
v -0.02591507 -0.01281303 0.04916596
v -0.02988151 0.00131565 0.06162032
v -0.02428343 -0.00100606 0.04912076
v -0.03757171 0.00263369 0.05670695
v -0.03385711 -0.01134294 0.04483723
v -0.03229223 0.00029844 0.04486513
v -0.03900866 -0.00996261 0.07418185
v -0.04453975 0.00666612 0.08581517
v -0.03660422 0.00386661 0.07393588
v -0.05126543 0.00800359 0.07941433
v -0.04614332 -0.00842076 0.06841004
v -0.04386602 0.00519913 0.06829205
v -0.05728409 -0.00627601 0.09725558
v -0.06420671 0.01307892 0.10725776
v -0.05377685 0.00973302 0.0970056
v -0.06955731 0.01434648 0.09942988
v -0.06317842 -0.0046997 0.0899818
v -0.05986186 0.01105338 0.08986817
v -0.08052132 -0.00155031 0.11640259
v -0.08814095 0.02066654 0.12395402
v -0.07572115 0.01671522 0.11632344
v -0.09176924 0.02166724 0.1149711
v -0.08482954 -0.00006586 0.10786115
v -0.08025529 0.01788163 0.10787617
v -0.10748506 0.00434166 0.12973403
v -0.114927 0.02956771 0.13391727
v -0.10128795 0.02495682 0.12990132
v -0.11645052 0.0300017 0.12418469
v -0.10987836 0.00551134 0.12027514
v -0.1039127 0.0257129 0.12047845
v -0.13640871 0.01137536 0.13531678
v -0.14268565 0.03957468 0.13525912
v -0.1288234 0.03447961 0.13575342
v -0.14175647 0.03916508 0.12543001
v -0.13651064 0.01193523 0.12544271
v -0.12914753 0.03451597 0.12587514
v -0.16498377 0.01903307 0.13158023
v -0.16921243 0.04971653 0.12692421
v -0.15622237 0.04473346 0.13228163
v -0.16579571 0.04839003 0.11786967
v -0.16257849 0.0187391 0.12205401
v -0.15402948 0.04386049 0.12273249
v -0.19091391 0.02610856 0.11843138
v -0.19275301 0.05804508 0.10959047
v -0.18143421 0.05427974 0.11928987
v -0.18718266 0.05596405 0.10209678
v -0.18616414 0.02492976 0.11011293
v -0.17688372 0.05254662 0.11093099
v -0.2124767 0.03114587 0.09725957
v -0.21215987 0.06193083 0.0849211
v -0.20303395 0.06063252 0.09803762
v -0.2049714 0.05937051 0.07954236
v -0.2058433 0.02927631 0.09084763
v -0.19658231 0.05827468 0.09154801
v -0.22844836 0.03341257 0.07010983
v -0.22643438 0.06048637 0.05512502
v -0.22001397 0.06182837 0.07053043
v -0.21823349 0.05775636 0.05209592
v -0.22050747 0.03119003 0.06605921
v -0.21223825 0.05914562 0.06633717
v -0.23776438 0.03341472 0.039067
v -0.23487037 0.0547108 0.02225448
v -0.23125931 0.05806392 0.03896431
v -0.22629222 0.05208188 0.02114867
v -0.22917494 0.03121376 0.03725588
v -0.22280603 0.05536311 0.03698134
v -0.24195712 0.03132408 0.00609887
v -0.23970764 0.04727494 -0.00771062
v -0.23764842 0.0505808 0.00520119
v -0.23125651 0.04331553 -0.01192475
v -0.23320862 0.0292831 0.00557234
v -0.22902771 0.04803127 0.00475277
v -0.23567506 0.03417801 -0.04112316
v -0.24287486 0.03472453 -0.04536082
v -0.24254241 0.02025955 -0.04458509
v -0.2393603 0.03371405 -0.04533026
v -0.23635119 0.02345877 -0.02778405
v -0.23322302 0.03803801 -0.02860239
v -0.05076744 -0.09254723 0.07260914
v -0.04162127 -0.09560769 0.06186653
v -0.04935703 -0.09553927 0.07408542
v -0.0602612 -0.09360635 0.08397347
v -0.05019563 -0.09447145 0.07330431
v -0.04036829 -0.1013605 0.06314589
v -0.0486659 -0.10313826 0.0752552
v -0.05874403 -0.09739208 0.08586681
v -0.04877824 -0.09927195 0.07487223
v -0.03640023 -0.11026346 0.04985323
v -0.04115565 -0.10741108 0.06300719
v -0.03381589 -0.10849374 0.05120812
v -0.02946278 -0.11266094 0.03864742
v -0.03460069 -0.11018472 0.05085578
v -0.03527253 -0.09445905 0.04935041
v -0.02977376 -0.09537196 0.04059946
v -0.03383353 -0.09862929 0.05047148
v -0.03468208 -0.09701335 0.0499231
v -0.02813122 -0.10559976 0.03873772
v -0.03355067 -0.10354954 0.05098847
v -0.02334878 -0.10846442 0.01371747
v -0.02301514 -0.11390167 0.01765957
v -0.02150075 -0.10835862 0.01771741
v -0.02025921 -0.10001707 0.01390407
v -0.0214394 -0.10866022 0.01441301
v -0.02754567 -0.11445426 0.02591097
v -0.02465702 -0.11276871 0.0269187
v -0.02564435 -0.11456769 0.0266592
v -0.02310984 -0.09887194 0.02622794
v -0.02392343 -0.10727089 0.02673665
v -0.17874452 -0.12503701 0.10961778
v -0.19198671 -0.1318416 0.10682053
v -0.16813778 -0.11743098 0.11705431
v -0.18064436 -0.1241002 0.11280866
v -0.15367993 -0.10792505 0.10981673
v -0.16608244 -0.11705249 0.11043461
v -0.15381038 -0.11379993 0.11602122
v -0.14032715 -0.10863268 0.11284801
v -0.15350207 -0.11244946 0.11260844
v -0.14074081 -0.10759347 0.11945754
v -0.15474432 -0.11191147 0.11927697
v -0.12726748 -0.10164618 0.10844416
v -0.12649443 -0.10666471 0.11433029
v -0.11341675 -0.10336351 0.10739117
v -0.12684109 -0.10562986 0.11107039
v -0.11213057 -0.1025964 0.11372333
v -0.12640395 -0.10452795 0.11757659
v -0.10102623 -0.09742343 0.09983963
v -0.09948595 -0.10330009 0.10472935
v -0.08813496 -0.10078549 0.09493029
v -0.10042695 -0.10175979 0.10192497
v -0.23996022 -0.12203735 0.00092355
v -0.24212396 -0.1208114 -0.00545271
v -0.24221563 -0.10272991 -0.00396365
v -0.24112722 -0.12152761 -0.00217604
v -0.23989269 -0.11552518 -0.02880824
v -0.24298369 -0.09773987 -0.03195183
v -0.2427183 -0.11636805 -0.02537207
v -0.24191671 -0.11559605 -0.02872829
v -0.24379733 -0.10037243 -0.01792736
v -0.24272045 -0.11859893 -0.01539922
v -0.02069461 -0.08887183 0.01236666
v -0.01903147 -0.08900946 0.01645497
v -0.0173873 -0.07742154 0.01231033
v -0.01881363 -0.08914941 0.01311521
v -0.02974917 -0.08715945 0.0397309
v -0.02602976 -0.0764029 0.03641285
v -0.02532898 -0.08767008 0.0343478
v -0.02727389 -0.08737075 0.03700725
v -0.02056031 -0.07703429 0.02481452
v -0.02189129 -0.08836638 0.02551381
v -0.24298441 -0.0832774 -0.00185852
v -0.24510476 -0.08285051 -0.00874621
v -0.24592542 -0.06206893 -0.00602886
v -0.2440193 -0.08310788 -0.00518715
v -0.24351945 -0.07972025 -0.03412178
v -0.24847616 -0.06117373 -0.03545667
v -0.24624358 -0.08052212 -0.03036971
v -0.24553617 -0.08000272 -0.03402029
v -0.24839444 -0.06177592 -0.02063101
v -0.24597311 -0.08172988 -0.01954277
v -0.01814014 -0.06588131 0.01099203
v -0.01650212 -0.06624686 0.01514536
v -0.01537434 -0.05540978 0.01147418
v -0.01626629 -0.06620067 0.01175391
v -0.02740196 -0.0659278 0.0388832
v -0.0237936 -0.05553829 0.03596446
v -0.02290771 -0.06599921 0.03334454
v -0.02486991 -0.06586188 0.03606911
v -0.01842884 -0.05559307 0.02415156
v -0.01941736 -0.06615388 0.02435607
v -0.09133116 0.1097002 0.13329932
v -0.1039308 0.11597687 0.13527086
v -0.1153535 0.12785822 0.13300746
v -0.10337083 0.11818456 0.13444823
v -0.09328793 0.10105323 0.1338073
v -0.10712324 0.10306561 0.13427349
v -0.11774439 0.1189109 0.13389435
v -0.10553782 0.10950255 0.13510295
v -0.02252324 -0.02380108 0.01189608
v -0.01926208 -0.03401684 0.00973111
v -0.01495822 -0.02506059 0.01130851
v -0.01842031 -0.02445656 0.01004944
v -0.03044288 -0.0229507 0.03253252
v -0.02731252 -0.03319591 0.02018452
v -0.02634878 -0.02334094 0.02050784
v -0.02295761 -0.02445656 0.03951557
v -0.02892711 -0.03503555 0.04875649
v -0.03376027 -0.02364683 0.06167811
v -0.02747704 -0.02410614 0.04902116
v -0.04126321 -0.02198356 0.05656239
v -0.03673383 -0.03332495 0.04428041
v -0.03535218 -0.02250516 0.04461777
v -0.04353642 -0.03551811 0.07364146
v -0.05029312 -0.02238875 0.08587663
v -0.04135138 -0.02309274 0.07405047
v -0.05670584 -0.02061331 0.07921651
v -0.05043366 -0.0336498 0.06765695
v -0.04836283 -0.02136761 0.06816484
v -0.0636703 -0.03570634 0.0960748
v -0.07222882 -0.02035361 0.10688057
v -0.06062842 -0.02148288 0.0968944
v -0.07717173 -0.01854318 0.09883938
v -0.06923393 -0.03372532 0.08859917
v -0.06634714 -0.01967698 0.08950936
v -0.08886534 -0.0352236 0.11417382
v -0.09864347 -0.01733654 0.12285932
v -0.08496598 -0.018978 0.11561235
v -0.10182208 -0.01563364 0.11377149
v -0.09278094 -0.03321266 0.10550952
v -0.08906499 -0.01719933 0.10700133
v -0.11776746 -0.03381359 0.12619882
v -0.12794938 -0.01320511 0.13198459
v -0.11306465 -0.01540786 0.12839263
v -0.12903282 -0.0118317 0.12226098
v -0.11974829 -0.0319103 0.11673581
v -0.1152388 -0.0138362 0.11892539
v -0.14833173 -0.03134691 0.13046398
v -0.15792965 -0.00811427 0.13254624
v -0.14301785 -0.01074552 0.13340815
v -0.15660357 -0.00734901 0.12278762
v -0.14807072 -0.02976125 0.1206935
v -0.14292201 -0.00964456 0.12357619
v -0.17794355 -0.0280717 0.12588578
v -0.18598642 -0.0027492 0.1237601
v -0.17234402 -0.00539815 0.12928515
v -0.18220686 -0.00277739 0.11478293
v -0.17525517 -0.02702844 0.11649069
v -0.16977495 -0.00501912 0.11981183
v -0.20404753 -0.0247004 0.11275255
v -0.20992651 0.00181919 0.10655148
v -0.19858264 -0.00031954 0.11610949
v -0.20398643 0.0010426 0.09916808
v -0.19901552 -0.02428597 0.10455072
v -0.19367057 -0.00074112 0.10783518
v -0.22463545 -0.02186447 0.09246238
v -0.22810772 0.00503349 0.08263433
v -0.219814 0.00359231 0.09530472
v -0.22052022 0.00376337 0.07750131
v -0.21762266 -0.02196347 0.08625865
v -0.21297502 0.00252974 0.08898112
v -0.23834574 -0.0195676 0.06680474
v -0.23942929 0.00711208 0.05406584
v -0.23467201 0.00617265 0.06880516
v -0.23086717 0.00569921 0.05145242
v -0.22998765 -0.01993227 0.06317008
v -0.22650563 0.00478917 0.06495583
v -0.2446708 -0.01737046 0.03781509
v -0.24391409 0.00851649 0.02286703
v -0.24230229 0.00795108 0.03866338
v -0.2350718 0.00722247 0.02204146
v -0.23577022 -0.017771 0.03647217
v -0.23353993 0.00658512 0.03709822
v -0.24626828 -0.01565897 0.0075475
v -0.24567204 0.00858861 -0.00501005
v -0.24488622 0.00863391 0.00694565
v -0.23697316 0.00662106 -0.00961649
v -0.23729959 -0.01602578 0.00707432
v -0.23601037 0.00738489 0.00643019
v -0.24112942 0.00251895 -0.03827855
v -0.24854452 0.00280386 -0.04182142
v -0.24595248 -0.01833337 -0.03930461
v -0.24492949 0.00229036 -0.04213148
v -0.23953616 -0.01698845 -0.02399709
v -0.23857873 0.00448077 -0.02597981
v -0.05078277 -0.10504955 0.07347759
v -0.05887026 -0.10199415 0.0859918
v -0.04922547 -0.10460895 0.07482556
v -0.06984258 -0.09850591 0.09657474
v -0.08302725 -0.09481674 0.10447721
v -0.07095686 -0.09343385 0.09461826
v -0.07022858 -0.09582835 0.09582863
v -0.07211176 -0.09178054 0.09282536
v -0.08426968 -0.09285724 0.10197846
v -0.07167639 -0.09301227 0.09361157
v -0.07128476 -0.1007362 0.0946104
v -0.07014942 -0.09978056 0.0961878
v -0.24637742 -0.0391516 -0.00314996
v -0.24863864 -0.03921347 -0.01032349
v -0.24774107 -0.01507169 -0.00750189
v -0.24732032 -0.0390197 -0.00667108
v -0.24869397 -0.03992492 -0.0370232
v -0.25160396 -0.0181213 -0.03863216
v -0.25118011 -0.03997862 -0.03290699
v -0.25070744 -0.04004067 -0.0367839
v -0.25086569 -0.01658165 -0.02290663
v -0.25020837 -0.03961795 -0.02157782
v -0.0165264 -0.04466962 0.01076899
v -0.01480767 -0.04509377 0.01490326
v -0.01390787 -0.03493672 0.01171596
v -0.01463422 -0.04496932 0.01149883
v -0.02525685 -0.04528915 0.03898368
v -0.02179179 -0.03493183 0.03633502
v -0.0208926 -0.04528856 0.03331337
v -0.02280265 -0.0452221 0.03608878
v -0.01669114 -0.03507614 0.02443348
v -0.01756066 -0.04522293 0.02421307
v -0.24809165 0.00807094 -0.0129029
v -0.24446639 0.02991408 -0.01052909
v -0.24672463 0.00866615 -0.00890943
v -0.24808855 0.02153444 -0.04434906
v -0.25095486 0.00387215 -0.03744372
v -0.25054144 0.00306761 -0.04163141
v -0.24745091 0.02598118 -0.02736087
v -0.2498198 0.00600653 -0.02514092
v -0.01315564 -0.02540212 0.01540047
v -0.01207633 -0.01599949 0.01232274
v -0.01305578 -0.02536749 0.01201342
v -0.01941089 -0.01424652 0.03680773
v -0.01882181 -0.02489322 0.03381018
v -0.02065661 -0.02468472 0.03659601
v -0.01458926 -0.01529812 0.02496274
v -0.01569947 -0.02518773 0.02470554
v -0.09744788 -0.09319937 0.10995563
v -0.09693614 -0.0945934 0.11153233
v -0.09807213 -0.09267216 0.10806402
v -0.09787005 -0.09330868 0.10883393
v -0.09551095 0.09269201 0.13169321
v -0.08289901 0.08715069 0.12909999
v -0.07225715 0.07823807 0.12214773
v -0.08364141 0.08516305 0.12794306
v -0.06814686 0.09543502 0.12363773
v -0.07978143 0.09994012 0.13031378
v -0.07949779 0.10221791 0.12957146
v -0.06973738 0.08660882 0.12409204
v -0.08126378 0.09349685 0.1300233
v -0.06065654 0.0737499 0.11560013
v -0.05181993 0.06563657 0.10561417
v -0.06160493 0.07177573 0.11459682
v -0.24248015 0.04525792 -0.0161451
v -0.23746487 0.06027537 -0.01214957
v -0.24116066 0.04639536 -0.01199625
v -0.24147015 0.04643797 -0.04457877
v -0.24522054 0.03693097 -0.0411621
v -0.24481394 0.03528797 -0.0453524
v -0.24060189 0.05370569 -0.02833666
v -0.24413847 0.04117858 -0.02864664
v -0.01100474 -0.00629967 0.01592612
v -0.00978687 0.00381654 0.01273422
v -0.01096805 -0.00657308 0.01257556
v -0.01662936 0.00830024 0.03690604
v -0.0163028 -0.00391137 0.0341525
v -0.01806831 -0.00338381 0.03690616
v -0.01205896 0.00589829 0.0252204
v -0.01336571 -0.00514781 0.02513888
v -0.02411995 -0.04340803 0.01130384
v -0.02068476 -0.05440372 0.00942238
v -0.01996896 -0.04401201 0.00948251
v -0.03256711 -0.04348236 0.03188699
v -0.02895281 -0.05355685 0.01976506
v -0.02813695 -0.04326707 0.01989698
v -0.03142527 -0.05621802 0.04819646
v -0.0371426 -0.04645681 0.06096509
v -0.03022134 -0.04575437 0.04844166
v -0.04447053 -0.04456955 0.05568264
v -0.03909945 -0.05435806 0.04359582
v -0.03795843 -0.04394382 0.04389876
v -0.04715338 -0.05815148 0.07245652
v -0.05518137 -0.04802674 0.08446674
v -0.04546752 -0.04723495 0.07305574
v -0.06134147 -0.04600226 0.07762499
v -0.05386916 -0.05620437 0.06631622
v -0.0522641 -0.04527533 0.06698864
v -0.06842009 -0.06051588 0.09376449
v -0.0785973 -0.04942053 0.10430069
v -0.06626977 -0.04876941 0.09495067
v -0.08323083 -0.04730421 0.09612072
v -0.07375489 -0.05849534 0.08613471
v -0.07170478 -0.04669249 0.08739937
v -0.09447435 -0.06290519 0.11036587
v -0.10634817 -0.05028063 0.11876934
v -0.09202977 -0.04993915 0.11230947
v -0.1091805 -0.04814058 0.10963004
v -0.0981239 -0.06082969 0.10158966
v -0.09579659 -0.04780006 0.1035986
v -0.12383838 -0.0649113 0.12068125
v -0.13666814 -0.050278 0.1262477
v -0.12133424 -0.05040103 0.12347289
v -0.13742223 -0.04822987 0.11659187
v -0.12554118 -0.0628165 0.1111921
v -0.12316127 -0.04828769 0.11401303
v -0.1542823 -0.0661621 0.12334856
v -0.16706675 -0.04928529 0.12547165
v -0.15203061 -0.04989188 0.1269221
v -0.16550144 -0.0474962 0.11587382
v -0.15379631 -0.06411635 0.11366454
v -0.15164616 -0.04795318 0.11721226
v -0.18307551 -0.06660169 0.11785367
v -0.19480401 -0.04762154 0.1162666
v -0.1814228 -0.04850125 0.12187331
v -0.1908462 -0.04622089 0.10747136
v -0.18024221 -0.06468379 0.10863039
v -0.17865553 -0.04689866 0.11257589
v -0.20764023 -0.06652623 0.10481049
v -0.21756011 -0.04586052 0.09964273
v -0.20691692 -0.04672747 0.1087904
v -0.21139192 -0.04484289 0.09249001
v -0.20248168 -0.06476926 0.09685275
v -0.20181101 -0.04552644 0.10071314
v -0.22612541 -0.06627798 0.08554733
v -0.23375138 -0.04428827 0.07716126
v -0.22653302 -0.04506349 0.0890216
v -0.22588378 -0.04355019 0.0723865
v -0.21898892 -0.06467777 0.07966971
v -0.21943071 -0.04419946 0.08299106
v -0.23775565 -0.06577664 0.06179216
v -0.24274471 -0.04260492 0.05068329
v -0.23913058 -0.04348641 0.06429544
v -0.2339684 -0.0420503 0.04846462
v -0.22934588 -0.06436842 0.05843502
v -0.23070716 -0.04284954 0.06084539
v -0.24297496 -0.06454652 0.03540006
v -0.24552345 -0.04058438 0.02219372
v -0.24466753 -0.0415917 0.03658365
v -0.23654758 -0.04014796 0.02157218
v -0.23407149 -0.06339645 0.03411927
v -0.23573535 -0.04110527 0.03534159
v -0.24442416 -0.0628001 0.00781617
v -0.245936 -0.03972208 0.00771037
v -0.23751717 -0.03885877 -0.00751849
v -0.23544454 -0.06182831 0.00733273
v -0.236945 -0.03931319 0.00725266
v -0.24126204 -0.0394712 -0.03399272
v -0.24281078 -0.06052428 -0.03596294
v -0.24504354 -0.03974968 -0.03743952
v -0.23704457 -0.06050437 -0.02148284
v -0.23885494 -0.03904283 -0.02264305
v -0.2354893 0.0718351 -0.01374052
v -0.23008832 0.08794212 -0.00329426
v -0.23403546 0.07372027 -0.00982764
v -0.23674598 0.06695032 -0.0386295
v -0.23906198 0.0593695 -0.03786144
v -0.23880878 0.05709439 -0.04196535
v -0.23520767 0.07664352 -0.02251713
v -0.23756024 0.06566727 -0.02576913
v -0.00855242 0.01659566 0.0160697
v -0.00747875 0.02806705 0.01270433
v -0.00859036 0.01607346 0.0127612
v -0.01502044 0.03241086 0.03979957
v -0.01341914 0.02043491 0.03411736
v -0.01509524 0.02120626 0.03682309
v -0.00939249 0.03045439 0.0251219
v -0.01070127 0.01847368 0.02519516
v -0.23364219 0.08461916 -0.03003294
v -0.23539954 0.07838267 -0.03167557
v -0.23519673 0.07570052 -0.03568916
v -0.22817349 0.108141 -0.00400638
v -0.23268029 0.09283906 -0.01879306
v -0.23156365 0.09498131 -0.01854983
v -0.2302328 0.09859311 -0.00487371
v -0.23373803 0.08621358 -0.0201536
v -0.22542807 0.10690552 0.00969064
v -0.21850901 0.12067085 0.0246526
v -0.22483956 0.10415267 0.00918694
v -0.21576279 0.14414072 0.02576965
v -0.22381076 0.12287586 0.01093372
v -0.22268635 0.12545138 0.01083071
v -0.21825292 0.13253444 0.02568937
v -0.22490513 0.11492079 0.01041328
v -0.21172392 0.1391294 0.04061774
v -0.20328313 0.14771872 0.05529204
v -0.21131631 0.13581544 0.04013926
v -0.19957223 0.17502987 0.05507089
v -0.20928442 0.1583454 0.04097636
v -0.20806425 0.16143679 0.04061834
v -0.20246821 0.16154408 0.05582854
v -0.21077561 0.14877432 0.04093654
v -0.19464352 0.1581639 0.07020243
v -0.18496006 0.15647971 0.08326279
v -0.1944313 0.15450787 0.06975552
v -0.18041607 0.18447303 0.08174616
v -0.19151946 0.1792376 0.0695007
v -0.19026684 0.18260663 0.06882099
v -0.18358528 0.17068469 0.08336341
v -0.19332581 0.16874861 0.07003924
v -0.1750769 0.15746897 0.09603937
v -0.16477933 0.14788734 0.10643883
v -0.17506939 0.15393114 0.09554718
v -0.15989777 0.17324465 0.10465012
v -0.17148819 0.17771947 0.09467034
v -0.17028659 0.18093198 0.09372316
v -0.16304495 0.16077733 0.10659593
v -0.17348408 0.16764837 0.0955946
v -0.15395653 0.14242357 0.11645114
v -0.14303997 0.12955677 0.1233105
v -0.15410995 0.13937073 0.11576834
v -0.13832974 0.15071702 0.12266063
v -0.15032255 0.15989673 0.1154419
v -0.14926791 0.16266775 0.11442547
v -0.14117068 0.14028084 0.12418916
v -0.15228974 0.15120643 0.11622959
v -0.13125118 0.12208896 0.12980487
v -0.11971402 0.10995483 0.13216871
v -0.13154795 0.11961793 0.1288394
v -0.12784785 0.13655626 0.12989667
v -0.12701579 0.13890844 0.12896636
v -0.12963879 0.12934255 0.13016691
v -0.10761841 0.10096806 0.13311079
v -0.04786174 0.0827763 0.10665897
v -0.05760548 0.08670443 0.1165466
v -0.05755529 0.08905118 0.11587286
v -0.04912954 0.07394564 0.10716622
v -0.05898126 0.08016544 0.11635309
v -0.04196349 0.06156015 0.0963417
v -0.03528183 0.05396258 0.08458947
v -0.04303659 0.05968016 0.09552428
v -0.0316225 0.06995147 0.08528259
v -0.03907312 0.07404029 0.09696927
v -0.0392066 0.07632249 0.09637963
v -0.03256968 0.06168395 0.08578
v -0.04031715 0.06773328 0.09688991
v -0.02745046 0.05025917 0.07370892
v -0.02284114 0.04351359 0.06114464
v -0.02858187 0.0485388 0.07307159
v -0.01965126 0.05846899 0.06153344
v -0.02484993 0.06179451 0.07410079
v -0.0251432 0.06392347 0.07361649
v -0.02023665 0.0507279 0.06198778
v -0.02591256 0.05595886 0.07409183
v -0.01680621 0.04067075 0.04942262
v -0.01796162 0.03899204 0.04898057
v -0.01124949 0.05019462 0.03679963
v -0.01458901 0.05178111 0.04956445
v -0.01502993 0.05381852 0.04918551
v -0.01144565 0.04243862 0.03724452
v -0.01543044 0.04616582 0.04962942
v -0.00640237 0.03809177 0.01590832
v -0.00656671 0.0444045 0.0155537
v -0.00655301 0.03766512 0.01261222
v -0.00769763 0.04568982 0.02491429
v -0.00827962 0.0478186 0.02460206
v -0.0082324 0.03971451 0.02505967
v -0.23116853 -0.13501417 -0.013817
v -0.23338472 -0.14427107 -0.0214567
v -0.23356911 -0.15407872 -0.01156169
v -0.230966 -0.1505137 -0.00032036
v -0.23174396 -0.14701509 -0.01243222
v -0.23748958 -0.15089958 -0.02029886
v -0.23634505 -0.15999537 0.00121188
v -0.2371487 -0.15607154 -0.01093062
v -0.23623105 -0.13157451 -0.02596448
v -0.23691812 -0.14307135 -0.02419524
v -0.22944933 -0.14094585 0.01056147
v -0.23193427 -0.16186046 0.01266142
v -0.2288101 -0.15698885 0.02349766
v -0.23001998 -0.15397656 0.01168021
v -0.23454919 -0.16782546 0.02559438
v -0.23552766 -0.16408211 0.01343088
v -0.22632667 -0.1446858 0.03378307
v -0.2295773 -0.16821301 0.03645074
v -0.22500228 -0.15960168 0.04625565
v -0.22723913 -0.15913677 0.0350599
v -0.23120462 -0.17152625 0.04921481
v -0.23326358 -0.17072212 0.03757033
v -0.22076362 -0.14323228 0.05548493
v -0.22428008 -0.16662198 0.05877286
v -0.21753218 -0.15361285 0.06717541
v -0.22179454 -0.1575635 0.05697353
v -0.22335153 -0.16397136 0.0710665
v -0.22790515 -0.16899395 0.06038377
v -0.21140417 -0.13622999 0.07509771
v -0.21424591 -0.15568047 0.07904182
v -0.2055163 -0.14210689 0.08576068
v -0.21213233 -0.14833802 0.07682429
v -0.21038934 -0.14937937 0.0907503
v -0.21752819 -0.15730482 0.08125222
v -0.19722557 -0.12631285 0.09171693
v -0.1991786 -0.14015936 0.09655764
v -0.18837276 -0.12850749 0.10078743
v -0.1976065 -0.13528335 0.0938265
v -0.20188868 -0.14057999 0.09937036
v -0.17770031 -0.11626535 0.10385517
v -0.17778554 -0.12241822 0.10640887
v -0.02572901 -0.06441694 0.0114274
v -0.02267044 -0.07639652 0.01022254
v -0.02155322 -0.06515479 0.00966911
v -0.03455247 -0.06411045 0.03172655
v -0.0310226 -0.07504129 0.02035517
v -0.02989037 -0.06406444 0.01990858
v -0.03373314 -0.07647621 0.04831687
v -0.03987166 -0.06715601 0.06034731
v -0.03260367 -0.06638354 0.04814063
v -0.04708123 -0.06535601 0.05494215
v -0.04136043 -0.07490742 0.04366431
v -0.04023031 -0.06456744 0.04349491
v -0.04975236 -0.0774818 0.07184085
v -0.05871024 -0.06940138 0.08289126
v -0.04860113 -0.06817561 0.07200883
v -0.06471633 -0.06764513 0.07588364
v -0.05641783 -0.07619762 0.06558927
v -0.05526329 -0.06639766 0.06579642
v -0.07131747 -0.07960462 0.0921822
v -0.08266661 -0.07230621 0.10142326
v -0.07011532 -0.07079279 0.09276001
v -0.08711291 -0.07057762 0.09306121
v -0.07654606 -0.07866305 0.08438517
v -0.07538 -0.06905347 0.08502993
v -0.09733521 -0.08268815 0.10763146
v -0.1105215 -0.07551217 0.11437311
v -0.0962139 -0.07389879 0.10868956
v -0.11313115 -0.07378232 0.10507925
v -0.10077927 -0.08204585 0.0987005
v -0.09977427 -0.07217478 0.09980413
v -0.12618205 -0.08652746 0.11671379
v -0.14037603 -0.07857728 0.1203109
v -0.12535351 -0.07708656 0.11828929
v -0.14090657 -0.07680785 0.11058022
v -0.12757507 -0.08600056 0.10714906
v -0.12695121 -0.07534074 0.10870868
v -0.15551111 -0.09083539 0.11827713
v -0.16964319 -0.08117824 0.11833709
v -0.15525472 -0.07994169 0.12031194
v -0.16790491 -0.07935446 0.10877306
v -0.15466943 -0.09016364 0.10861675
v -0.15466886 -0.07814508 0.11058113
v -0.18261528 -0.09535169 0.11209966
v -0.19562941 -0.08329629 0.10873892
v -0.18319484 -0.08228963 0.11443188
v -0.19154781 -0.08142107 0.1000721
v -0.17944958 -0.09434932 0.10299591
v -0.18028152 -0.08043897 0.1052166
v -0.20507299 -0.09984391 0.09902737
v -0.21617737 -0.08505171 0.09262147
v -0.20666679 -0.08422017 0.10140076
v -0.20992276 -0.08314853 0.08567836
v -0.1996718 -0.09849971 0.09126797
v -0.20145243 -0.08232384 0.09350009
v -0.22148558 -0.1038177 0.08057215
v -0.23027363 -0.08633321 0.0715883
v -0.22403097 -0.08578139 0.08260491
v -0.22241628 -0.08450168 0.06697177
v -0.21426779 -0.10229593 0.07484533
v -0.21688637 -0.08389711 0.07678464
v -0.23192846 -0.10641354 0.05856541
v -0.23822736 -0.08657228 0.04745079
v -0.23494944 -0.08662939 0.05980957
v -0.22953826 -0.08497232 0.04511759
v -0.22358581 -0.10494822 0.0550668
v -0.22658625 -0.08489519 0.05639255
v -0.23754259 -0.10656863 0.03451785
v -0.24148997 -0.08521872 0.02160555
v -0.24027544 -0.08606654 0.03469491
v -0.23255503 -0.08392101 0.02072817
v -0.22871401 -0.10533148 0.0327947
v -0.23141467 -0.08462613 0.03321807
v -0.24017378 -0.10424077 0.0090662
v -0.24226731 -0.08413481 0.00824673
v -0.23389974 -0.081667 -0.00592116
v -0.23121061 -0.10320305 0.00834814
v -0.233298 -0.08292186 0.00768191
v -0.2363128 -0.07916265 -0.03085605
v -0.23730063 -0.09709495 -0.03208732
v -0.23986312 -0.07922202 -0.03430153
v -0.23242566 -0.09910166 -0.0182981
v -0.23461464 -0.0801953 -0.02008161
v -0.02831315 -0.08749437 0.01281826
v -0.02562746 -0.09930276 0.01194977
v -0.02413274 -0.08826369 0.01108213
v -0.03697651 -0.08610659 0.03269299
v -0.03373761 -0.0976693 0.02196402
v -0.03242098 -0.08673781 0.02113167
v -0.04189136 -0.08633035 0.06069342
v -0.03478905 -0.08672428 0.04876718
v -0.04920423 -0.08564096 0.05531218
v -0.04337433 -0.09571719 0.04482796
v -0.04249964 -0.08571785 0.04417218
v -0.06062359 -0.08645629 0.08268955
v -0.05054698 -0.08624458 0.07208116
v -0.06668125 -0.08661425 0.07563811
v -0.05776137 -0.09462761 0.06646454
v -0.05730373 -0.08594739 0.06585486
v -0.0844753 -0.08779782 0.10063117
v -0.07198738 -0.08695596 0.09227643
v -0.0887657 -0.08896696 0.09225977
v -0.07732871 -0.09513247 0.08528815
v -0.07721894 -0.08762013 0.0844997
v -0.11206429 -0.09070742 0.11284516
v -0.09792416 -0.0890389 0.10754291
v -0.11419308 -0.09265768 0.10374768
v -0.10117004 -0.09065693 0.09873841
v -0.14125976 -0.09541457 0.11802527
v -0.1266264 -0.0928331 0.11637133
v -0.14104494 -0.09748399 0.10869127
v -0.12759625 -0.09493631 0.10709898
v -0.16935983 -0.10186541 0.11547035
v -0.15561357 -0.09845203 0.11771032
v -0.16676625 -0.10333973 0.1063767
v -0.15420451 -0.10029351 0.10842388
v -0.19378325 -0.10947054 0.10551967
v -0.18217077 -0.1055758 0.11134904
v -0.18893986 -0.11003547 0.09736599
v -0.17842209 -0.10659962 0.10262971
v -0.21259242 -0.11723256 0.08950773
v -0.20393472 -0.11343419 0.09815566
v -0.20586776 -0.11710345 0.08303471
v -0.19808813 -0.11360687 0.09076885
v -0.22545507 -0.12344354 0.06934053
v -0.21972429 -0.12062883 0.07982673
v -0.21744754 -0.12302666 0.0649001
v -0.21227833 -0.12031161 0.07436056
v -0.2332775 -0.12657308 0.04676242
v -0.22990948 -0.12549567 0.05827786
v -0.2246057 -0.1261298 0.04415169
v -0.22150299 -0.12504351 0.05480694
v -0.23753714 -0.12540614 0.02277033
v -0.23574942 -0.12646526 0.03491903
v -0.22861868 -0.1250289 0.02140312
v -0.2269181 -0.12605136 0.03300545
v -0.23885232 -0.12363106 0.01033874
v -0.23077523 -0.12096035 -0.00308043
v -0.229887 -0.12328255 0.00937937
v -0.23275673 -0.11602246 -0.02579931
v -0.23622414 -0.11539822 -0.02895171
v -0.23133629 -0.1182087 -0.01599107
v -0.08529163 -0.10166758 0.10059612
v -0.09831691 -0.10167765 0.10798589
v -0.07552886 -0.10299992 0.08878032
v -0.06658612 -0.10057276 0.07737059
v -0.0768046 -0.10040813 0.08666481
v -0.06277831 -0.10389757 0.08185459
v -0.0733833 -0.10245943 0.0917851
v -0.05642551 -0.10514444 0.06871016
v -0.04998789 -0.10226589 0.05659037
v -0.05763017 -0.10121959 0.06728965
v -0.04598958 -0.1080476 0.05978184
v -0.05366298 -0.10582435 0.07110612
v -0.0427454 -0.10874646 0.04640654
v -0.03864217 -0.1050685 0.03403679
v -0.04371101 -0.10362768 0.04544021
v -0.03474997 -0.11251914 0.03633775
v -0.03971179 -0.11037129 0.04812388
v -0.03405701 -0.11209589 0.02334165
v -0.0309302 -0.10738104 0.01432101
v -0.03462206 -0.10635119 0.02257689
v -0.02842646 -0.11340874 0.01576993
v -0.02684259 -0.10806137 0.01252754
v -0.03102438 -0.11421316 0.02462932
v -0.03730094 -0.10548645 0.01658772
v -0.04062372 -0.11859417 -0.00369303
v -0.04686341 -0.13968294 -0.03096853
v -0.05596532 -0.15779519 -0.05882074
v -0.06871312 -0.16749137 -0.08584866
v -0.08566138 -0.17170822 -0.10839866
v -0.106642 -0.17512166 -0.12324412
v -0.13078719 -0.17961245 -0.1279546
v -0.15680462 -0.1822735 -0.12145381
v -0.18145787 -0.18197214 -0.10600475
v -0.20090818 -0.17914789 -0.0830763
v -0.21323898 -0.17322737 -0.05440646
v -0.21800345 -0.16178673 -0.02144182
v -0.21842113 -0.14681863 0.01271756
v -0.21978831 -0.13547295 0.03700168
v -0.03680214 -0.09057188 0.01823794
v -0.04176913 -0.10501915 -0.00443353
v -0.04776379 -0.12347912 -0.0318632
v -0.05637063 -0.13989812 -0.05929689
v -0.06890983 -0.15084898 -0.08514543
v -0.08602743 -0.15639036 -0.10677678
v -0.10752943 -0.16035604 -0.12085923
v -0.13208773 -0.16469395 -0.12527856
v -0.15771657 -0.16784179 -0.11940654
v -0.18136984 -0.16828161 -0.10392899
v -0.19986432 -0.1661933 -0.08142605
v -0.21145096 -0.16046667 -0.05351961
v -0.21597656 -0.14949119 -0.02165336
v -0.21636915 -0.13480943 0.01163027
v -0.21832382 -0.12329906 0.0388424
v -0.03558491 -0.07698011 0.01674793
v -0.04074202 -0.09042185 -0.00578914
v -0.04620477 -0.1061154 -0.03348782
v -0.05432052 -0.11996895 -0.06086527
v -0.06678333 -0.13028466 -0.08621677
v -0.08459366 -0.13660436 -0.10739991
v -0.10767399 -0.14133071 -0.12101768
v -0.13401538 -0.14611595 -0.1247174
v -0.16046536 -0.14973634 -0.11807694
v -0.18362873 -0.15065676 -0.1022366
v -0.20131158 -0.14897936 -0.08006385
v -0.21235969 -0.14392 -0.05331973
v -0.21703431 -0.134709 -0.02343074
v -0.21782311 -0.12233376 0.0079403
v -0.2193138 -0.11150419 0.0348589
v -0.0342312 -0.06679946 0.01522522
v -0.03873973 -0.07761657 -0.00744246
v -0.04333671 -0.09021735 -0.03543232
v -0.05107748 -0.1012724 -0.06280913
v -0.06393667 -0.10978794 -0.08777138
v -0.0828325 -0.11570185 -0.10856382
v -0.10789524 -0.12030714 -0.12170172
v -0.13644442 -0.12488752 -0.12418884
v -0.16398072 -0.12842583 -0.11612018
v -0.1869606 -0.12959879 -0.09988956
v -0.20420059 -0.12845665 -0.07848772
v -0.21510425 -0.12451744 -0.05359179
v -0.22019705 -0.11740362 -0.02638482
v -0.22144815 -0.10742282 0.00236504
v -0.22223204 -0.09740293 0.02815546
v -0.03291874 -0.05894506 0.01368741
v -0.03639959 -0.06632995 -0.00926975
v -0.03999393 -0.07540953 -0.03751883
v -0.04753707 -0.0834828 -0.06474705
v -0.06117331 -0.08969283 -0.08903612
v -0.08161198 -0.09403693 -0.108856
v -0.10851942 -0.09738296 -0.12115593
v -0.13887721 -0.10071599 -0.12201269
v -0.1670165 -0.10347044 -0.1126165
v -0.18996444 -0.10462993 -0.09673249
v -0.20709878 -0.10388696 -0.07679317
v -0.21817207 -0.100883 -0.05422775
v -0.22379779 -0.09519976 -0.02985479
v -0.22566425 -0.08635187 -0.00376777
v -0.22660917 -0.07593578 0.02062065
v -0.03151144 -0.05103486 0.01224909
v -0.0341737 -0.05539435 -0.0109277
v -0.03704194 -0.06117987 -0.03928642
v -0.04451439 -0.06637305 -0.06621283
v -0.05899713 -0.07012951 -0.08959694
v -0.08094444 -0.07235342 -0.10802808
v -0.10940042 -0.0736742 -0.11914026
v -0.14106971 -0.07508188 -0.1189455
v -0.16935184 -0.07662296 -0.10902138
v -0.19208672 -0.07727229 -0.093913
v -0.20917406 -0.07653802 -0.07571585
v -0.22046655 -0.07406383 -0.05547743
v -0.22655469 -0.06932777 -0.03370579
v -0.2291927 -0.06149226 -0.01047046
v -0.23117199 -0.05174297 0.01073842
v -0.0301392 -0.04209822 0.01127936
v -0.03242224 -0.04428637 -0.01204535
v -0.03499859 -0.04740476 -0.04037639
v -0.04249242 -0.0500639 -0.06696161
v -0.05768027 -0.05149698 -0.08948746
v -0.08070493 -0.05151295 -0.10672146
v -0.11024435 -0.05055594 -0.11678271
v -0.14268222 -0.04987657 -0.11598689
v -0.17066177 -0.05005574 -0.10618332
v -0.19319942 -0.049874 -0.09221345
v -0.21008837 -0.04884707 -0.07567399
v -0.22138249 -0.04658663 -0.05734704
v -0.22762697 -0.04253822 -0.03750982
v -0.23087078 -0.03574979 -0.01637996
v -0.23398822 -0.02757078 0.00186461
v -0.0290414 -0.03244328 0.01101962
v -0.03134267 -0.03320884 -0.01245572
v -0.03401892 -0.03432685 -0.04068516
v -0.04161712 -0.0348885 -0.06697423
v -0.05717115 -0.03428715 -0.08890631
v -0.08066096 -0.03229445 -0.10541286
v -0.11061484 -0.02935791 -0.11466918
v -0.14267942 -0.02724546 -0.11305368
v -0.17064595 -0.02591204 -0.10429193
v -0.19303563 -0.02469039 -0.09168853
v -0.20966172 -0.02323204 -0.07654842
v -0.22074195 -0.02113652 -0.05959731
v -0.22679817 -0.01795893 -0.04089381
v -0.23051643 -0.01268762 -0.02077334
v -0.23456955 -0.00642699 -0.00408921
v -0.02843887 -0.02289307 0.01140519
v -0.03094277 -0.02262204 -0.01228014
v -0.03400981 -0.02223372 -0.04037013
v -0.04186083 -0.02112162 -0.06638383
v -0.05728652 -0.01883751 -0.08808603
v -0.08052728 -0.01523202 -0.10430347
v -0.1104967 -0.0110194 -0.11262577
v -0.14154106 -0.00808769 -0.11071056
v -0.1687017 -0.00576984 -0.10296322
v -0.19056442 -0.00370627 -0.09158361
v -0.20693054 -0.00174725 -0.07756145
v -0.21785128 0.00020802 -0.06142651
v -0.22428149 0.00257599 -0.04323121
v -0.22861266 0.00615841 -0.02335026
v -0.23308947 0.0104767 -0.006813
v -0.02820505 -0.01355838 0.0120536
v -0.03094447 -0.01260078 -0.01190242
v -0.03448642 -0.01115262 -0.03985402
v -0.04270372 -0.00880104 -0.06556718
v -0.05800574 -0.00526815 -0.0870422
v -0.08067923 -0.00061869 -0.10292126
v -0.10987981 0.00401288 -0.11011946
v -0.13962909 0.00766396 -0.10880518
v -0.16583749 0.010764 -0.10208544
v -0.18705269 0.01347988 -0.09162633
v -0.20321592 0.01591312 -0.07837627
v -0.21431365 0.01787871 -0.06271915
v -0.221197 0.0194934 -0.04463194
v -0.22580429 0.02130925 -0.02438678
v -0.23010671 0.02356004 -0.00697332
v -0.02803477 -0.00412482 0.01254112
v -0.03096261 -0.0029205 -0.01175167
v -0.03493622 -0.00088417 -0.03956138
v -0.04345708 0.00225019 -0.06500713
v -0.05866854 0.00654602 -0.0862258
v -0.08085469 0.01172334 -0.10166103
v -0.1088319 0.01653164 -0.10840626
v -0.13718664 0.02067899 -0.10769438
v -0.16238278 0.02441233 -0.10166356
v -0.18318578 0.02790844 -0.09189271
v -0.19928479 0.03095692 -0.07912965
v -0.21065798 0.03309506 -0.06370674
v -0.21792313 0.03406328 -0.04553557
v -0.22253793 0.03409117 -0.02468051
v -0.22627678 0.03395372 -0.00587008
v -0.0276515 0.00578284 0.012488
v -0.03063153 0.00673455 -0.01213793
v -0.03488542 0.00887745 -0.03980379
v -0.04364264 0.0123139 -0.06505493
v -0.05888154 0.01685917 -0.08605027
v -0.08078376 0.02205622 -0.10096583
v -0.1074071 0.0270102 -0.10800149
v -0.13440585 0.03155887 -0.1077113
v -0.15883171 0.03614401 -0.10216902
v -0.17933186 0.04072713 -0.0927826
v -0.1954419 0.04474383 -0.08024061
v -0.2070446 0.0473535 -0.06485322
v -0.21463999 0.04794091 -0.04654128
v -0.21932512 0.04650783 -0.02524997
v -0.22265055 0.04415339 -0.00567806
v -0.02691857 0.01664596 0.01111812
v -0.02974228 0.01694071 -0.01320461
v -0.03392529 0.01860535 -0.04070355
v -0.04283925 0.02179193 -0.06595408
v -0.05829723 0.02605074 -0.08701096
v -0.0799952 0.03085666 -0.10193131
v -0.10564302 0.03581398 -0.1095983
v -0.13178214 0.04091692 -0.10975788
v -0.15587136 0.04678177 -0.10443206
v -0.1761789 0.05307692 -0.0949767
v -0.19224831 0.05869191 -0.08226372
v -0.20393782 0.0622645 -0.06666629
v -0.21169042 0.06276673 -0.048114
v -0.21660023 0.06043946 -0.0266058
v -0.22013467 0.05676621 -0.00694375
v -0.02574399 0.02978038 0.00945906
v -0.02817289 0.02914506 -0.01456437
v -0.0318545 0.02931916 -0.04209787
v -0.04064821 0.03126049 -0.06781342
v -0.05630026 0.0345177 -0.08971558
v -0.07796742 0.0385797 -0.10577537
v -0.10354607 0.04335039 -0.11447397
v -0.12993234 0.04920518 -0.11524613
v -0.15449088 0.05685401 -0.1096395
v -0.17515674 0.06603616 -0.0994956
v -0.19130456 0.07444095 -0.08602228
v -0.20271468 0.07975804 -0.06973919
v -0.20998308 0.07999366 -0.05055754
v -0.21482056 0.07696092 -0.02863217
v -0.21889701 0.07301706 -0.0086584
v -0.02390078 0.04200559 0.00554751
v -0.02514939 0.04221659 -0.01587476
v -0.02838542 0.04012358 -0.04372257
v -0.03676065 0.03941786 -0.07061137
v -0.05223896 0.04094421 -0.09469732
v -0.07458662 0.04405129 -0.11302745
v -0.10154212 0.04843467 -0.12320268
v -0.12962201 0.05486452 -0.12441953
v -0.15582445 0.06452524 -0.1179526
v -0.17756697 0.07783478 -0.10640575
v -0.19420287 0.09029734 -0.09158434
v -0.20507872 0.09825235 -0.07416942
v -0.2108874 0.09721851 -0.0538245
v -0.2147732 0.09284758 -0.03091302
v -0.21854919 0.08761525 -0.0120608
v -0.03569316 -0.12068736 -0.00516403
v -0.03547685 -0.10383033 -0.00643
v -0.03176999 -0.0901525 0.01821307
v -0.0328268 -0.10623502 0.01822893
v -0.04215778 -0.14217263 -0.03291973
v -0.04157035 -0.12203198 -0.0344519
v -0.05196321 -0.16054636 -0.06098859
v -0.0504342 -0.13825184 -0.06254808
v -0.06546468 -0.16988492 -0.08848533
v -0.06359197 -0.14925503 -0.08923375
v -0.08315352 -0.17368263 -0.11182496
v -0.08193457 -0.15467321 -0.11204125
v -0.10512667 -0.17682075 -0.12781435
v -0.10540727 -0.1584286 -0.12729898
v -0.13069865 -0.18134957 -0.13358277
v -0.13231962 -0.16274374 -0.13238918
v -0.15801265 -0.18424165 -0.1260651
v -0.16003185 -0.16617238 -0.12596312
v -0.18345707 -0.18392443 -0.10923999
v -0.18519619 -0.16684728 -0.10902001
v -0.20341408 -0.18091404 -0.08505892
v -0.20478904 -0.16483193 -0.08477013
v -0.21634674 -0.17484009 -0.05546932
v -0.21717137 -0.1590411 -0.05520737
v -0.22176826 -0.16318798 -0.02186649
v -0.22220435 -0.14802879 -0.02217819
v -0.22293517 -0.14804393 0.01241782
v -0.2228412 -0.13329929 0.01137059
v -0.22441306 -0.13526493 0.0395678
v -0.22360223 -0.12266254 0.04000667
v -0.03465301 -0.09165608 -0.00724184
v -0.03135952 -0.07771766 0.01580849
v -0.04017162 -0.10756963 -0.03540282
v -0.04860724 -0.12138301 -0.06367357
v -0.06171752 -0.13146805 -0.09020372
v -0.08073864 -0.13741469 -0.11273521
v -0.10567366 -0.14182382 -0.12750631
v -0.13418132 -0.14653217 -0.13170209
v -0.16268596 -0.15024942 -0.12453904
v -0.18754306 -0.15127241 -0.10740323
v -0.20648801 -0.14971053 -0.08352591
v -0.21834752 -0.14482373 -0.0550013
v -0.22337573 -0.13581246 -0.02368756
v -0.22421851 -0.12357378 0.00829011
v -0.22407642 -0.11247921 0.03510379
v -0.03266802 -0.07909143 -0.00855493
v -0.03008628 -0.06764382 0.0144914
v -0.03729673 -0.09195923 -0.03702628
v -0.04540622 -0.10290849 -0.0655159
v -0.0590221 -0.11105024 -0.09186756
v -0.07920529 -0.11644989 -0.11405689
v -0.10617635 -0.12060248 -0.12826173
v -0.13689947 -0.12497371 -0.1311061
v -0.16642239 -0.1285696 -0.12248029
v -0.19100448 -0.12997126 -0.10501514
v -0.20945909 -0.12915039 -0.08199174
v -0.22113731 -0.12558865 -0.05534327
v -0.22654318 -0.11882531 -0.02665831
v -0.22777733 -0.1090061 0.00288931
v -0.2268213 -0.09851712 0.02871097
v -0.03031535 -0.06777894 -0.01016541
v -0.02879165 -0.05978065 0.01311744
v -0.03395232 -0.077075 -0.03899735
v -0.04192398 -0.0849632 -0.06755222
v -0.05645404 -0.0906744 -0.0933898
v -0.07828492 -0.09436976 -0.11460258
v -0.10715474 -0.09715586 -0.12782929
v -0.13969153 -0.10025459 -0.12893962
v -0.16970792 -0.10315597 -0.11897361
v -0.19404029 -0.10461884 -0.10189532
v -0.21231001 -0.10428172 -0.08045951
v -0.22417137 -0.10168802 -0.05623874
v -0.23016578 -0.09633964 -0.0304114
v -0.23205691 -0.08763545 -0.00342109
v -0.23127698 -0.07681697 0.0212192
v -0.02804512 -0.05663079 -0.0117471
v -0.0273758 -0.0517894 0.01177616
v -0.03095632 -0.06249302 -0.04083017
v -0.03893432 -0.06742686 -0.06925118
v -0.0544771 -0.07065868 -0.09425792
v -0.07794629 -0.07223898 -0.11399755
v -0.10836654 -0.07301628 -0.12589803
v -0.14211937 -0.07423687 -0.12580034
v -0.17203861 -0.07598155 -0.11531692
v -0.19608861 -0.07697188 -0.09920538
v -0.21427735 -0.07659226 -0.07965006
v -0.22639995 -0.07442557 -0.05784631
v -0.23292172 -0.06993603 -0.03466996
v -0.23552233 -0.06226456 -0.01057397
v -0.23549222 -0.05230259 0.0109069
v -0.02624179 -0.0452131 -0.01290576
v -0.02597573 -0.04272997 0.01082568
v -0.02886112 -0.0482198 -0.04208442
v -0.03693142 -0.05055773 -0.07026295
v -0.05331907 -0.05154192 -0.09442272
v -0.07795924 -0.05106449 -0.11288009
v -0.10944328 -0.04970115 -0.1236225
v -0.14382952 -0.04890906 -0.12281649
v -0.17326894 -0.04930079 -0.11254899
v -0.19709593 -0.04937791 -0.0977306
v -0.2150619 -0.04857617 -0.07992378
v -0.22722858 -0.04647016 -0.0600859
v -0.23394638 -0.04256421 -0.03890667
v -0.23706963 -0.03595352 -0.01702827
v -0.23785892 -0.0277903 0.00156685
v -0.02512578 -0.03380858 -0.0134307
v -0.02482869 -0.03293418 0.01052279
v -0.0278696 -0.03464758 -0.04257891
v -0.03610079 -0.03484356 -0.07048295
v -0.05291528 -0.03391802 -0.09403446
v -0.07805516 -0.03162396 -0.11172629
v -0.10993593 -0.02844017 -0.1216062
v -0.14376559 -0.0263279 -0.11992247
v -0.17307153 -0.02513343 -0.11079871
v -0.19671911 -0.02403658 -0.09745278
v -0.21448466 -0.02264738 -0.08110854
v -0.22648245 -0.02056723 -0.06265547
v -0.23301622 -0.01744771 -0.04267185
v -0.23657506 -0.01233911 -0.02195172
v -0.23820599 -0.00629204 -0.00477089
v -0.02470886 -0.0229569 -0.01339606
v -0.02415598 -0.02325201 0.0108339
v -0.02788114 -0.02219152 -0.04243666
v -0.03639389 -0.0207073 -0.07003237
v -0.05306917 -0.01820701 -0.09333327
v -0.07795011 -0.01442974 -0.11074917
v -0.10986108 -0.01005971 -0.11957624
v -0.14249983 -0.00715172 -0.11761016
v -0.17091798 -0.00492352 -0.10956062
v -0.19398576 -0.00289726 -0.09748692
v -0.21154338 -0.00087916 -0.08232833
v -0.22343218 0.00116568 -0.06473854
v -0.23036694 0.00357347 -0.04530544
v -0.23455554 0.00712007 -0.02483265
v -0.23665967 0.01106202 -0.00768207
v -0.02470139 -0.01281291 -0.01315257
v -0.0238238 -0.01384806 0.01140297
v -0.02839003 -0.01097786 -0.04206648
v -0.03727327 -0.00829094 -0.06930123
v -0.05381009 -0.00458967 -0.0923316
v -0.07814703 0.00018864 -0.10941804
v -0.10923535 0.00489884 -0.11707927
v -0.14045074 0.00851994 -0.1157448
v -0.16786193 0.01161158 -0.10874629
v -0.19028601 0.01441603 -0.09764091
v -0.20765528 0.01700806 -0.08330027
v -0.21974936 0.01913791 -0.06621085
v -0.22717261 0.02089762 -0.04683289
v -0.23168733 0.02285009 -0.02585243
v -0.23374134 0.02462846 -0.00774738
v -0.02470355 -0.00320357 -0.01310646
v -0.02349888 -0.0044409 0.01182214
v -0.02887034 -0.00087302 -0.04189589
v -0.03805676 0.00251036 -0.06882359
v -0.05450453 0.00694304 -0.09157425
v -0.07839307 0.01220583 -0.10818042
v -0.10816974 0.01698648 -0.11540414
v -0.13793945 0.02114015 -0.11468927
v -0.16432485 0.02502065 -0.10838543
v -0.18631708 0.02876013 -0.09800476
v -0.20361128 0.0320903 -0.08418388
v -0.21599936 0.03448087 -0.06732689
v -0.22384637 0.0356639 -0.04775173
v -0.22846397 0.03591871 -0.02591856
v -0.23013252 0.03529959 -0.00631479
v -0.02434903 0.006217 -0.01353295
v -0.02291244 0.00537639 0.01173822
v -0.02886177 0.00841844 -0.04221153
v -0.03830876 0.01190924 -0.06894938
v -0.05480983 0.01645499 -0.09147571
v -0.07841263 0.02156513 -0.10751176
v -0.10679263 0.02638119 -0.11500022
v -0.13523072 0.03103232 -0.11470215
v -0.16085284 0.03598272 -0.10889768
v -0.18250113 0.04102927 -0.0989179
v -0.19978153 0.0455231 -0.08536697
v -0.21239161 0.04851722 -0.06855572
v -0.22059971 0.04937279 -0.04876563
v -0.22538134 0.04811972 -0.02635889
v -0.22667831 0.04530608 -0.00607003
v -0.02346693 0.0161435 -0.01452256
v -0.02214881 0.01615959 0.01041896
v -0.02796386 0.01751011 -0.04306564
v -0.03765222 0.02035099 -0.06981352
v -0.05445617 0.02420806 -0.09231719
v -0.07786736 0.02854561 -0.10818359
v -0.1052664 0.03322708 -0.11617037
v -0.13288921 0.03856176 -0.11632574
v -0.15820708 0.04508429 -0.11082091
v -0.17964136 0.05217641 -0.10085398
v -0.19679662 0.0585258 -0.08723161
v -0.20942539 0.06268912 -0.07031092
v -0.21775564 0.06358897 -0.05034976
v -0.22278758 0.06142175 -0.02778673
v -0.22432795 0.0574485 -0.00744655
v -0.02202205 0.0261147 -0.01554347
v -0.02050872 0.02901572 0.01010698
v -0.02615524 0.02597832 -0.04412495
v -0.03598949 0.02738684 -0.07116138
v -0.05329468 0.02980548 -0.09395313
v -0.07674149 0.03311812 -0.1102151
v -0.10387941 0.03761702 -0.11875742
v -0.13155245 0.0437054 -0.11949212
v -0.15723532 0.05198288 -0.11405253
v -0.17887824 0.06176722 -0.10386717
v -0.1959505 0.07061153 -0.0898745
v -0.2083019 0.07637906 -0.07257946
v -0.21631577 0.07749289 -0.05231189
v -0.22141602 0.07501912 -0.02967246
v -0.22382253 0.07299983 -0.00844028
v -0.01988904 0.04318881 -0.01676325
v -0.01928965 0.04316413 0.00764628
v -0.02338872 0.04016226 -0.04539589
v -0.03271888 0.03803074 -0.07335515
v -0.04934842 0.03817534 -0.09848952
v -0.07318333 0.04048448 -0.11724709
v -0.10154181 0.04462266 -0.12755018
v -0.13095042 0.05134701 -0.12883314
v -0.15844535 0.06197297 -0.12237881
v -0.18119919 0.07686471 -0.11066179
v -0.19857797 0.09078991 -0.09533166
v -0.20990589 0.09984177 -0.07704472
v -0.21564579 0.0991494 -0.05569909
v -0.21946582 0.09504711 -0.03221225
v -0.22319027 0.0890972 -0.01056593
v -0.0335867 -0.11881244 -0.00585436
v -0.03405145 -0.10748356 -0.00655988
v -0.03074252 -0.09619724 0.01439284
v -0.03099406 -0.10578906 0.0150864
v -0.04007696 -0.13994503 -0.03384413
v -0.04029174 -0.12639182 -0.03467712
v -0.04992176 -0.15815603 -0.06208937
v -0.04939642 -0.14323836 -0.06290663
v -0.06361053 -0.16770952 -0.08977119
v -0.06274984 -0.15414118 -0.08996048
v -0.08172424 -0.17159479 -0.11345404
v -0.08119175 -0.15919429 -0.11319067
v -0.10442671 -0.17465585 -0.12978929
v -0.10473794 -0.16265845 -0.12889568
v -0.13090419 -0.17913109 -0.13575342
v -0.13187485 -0.16691964 -0.13430774
v -0.15894106 -0.18222308 -0.12813583
v -0.1599771 -0.17033577 -0.12768822
v -0.18482571 -0.18210494 -0.11084756
v -0.18560826 -0.17091149 -0.11050184
v -0.20507749 -0.17920529 -0.08613713
v -0.20561763 -0.16872358 -0.08585525
v -0.21819031 -0.17310321 -0.05603345
v -0.218322 -0.16276013 -0.05577261
v -0.223708 -0.1614148 -0.02211487
v -0.22348108 -0.15136003 -0.02217278
v -0.22491532 -0.14618909 0.01216011
v -0.22418123 -0.1361981 0.01170871
v -0.22607624 -0.13487523 0.03629516
v -0.22531011 -0.12717473 0.03587362
v -0.02016476 0.02920442 -0.01591233
v -0.01806529 0.04078626 -0.01684748
v -0.01753296 0.04102027 0.00498664
v -0.01864967 0.03192108 0.00576064
v -0.02424603 0.02832025 -0.04473775
v -0.02175599 0.03783446 -0.04579984
v -0.03427436 0.02879285 -0.07225385
v -0.03152556 0.03569215 -0.07408366
v -0.05197649 0.03040659 -0.09559313
v -0.0488195 0.03562784 -0.09922912
v -0.07591236 0.03326964 -0.11226992
v -0.07322116 0.03777045 -0.11772929
v -0.10353367 0.03764599 -0.12108704
v -0.10193199 0.04187434 -0.12778699
v -0.13176077 0.04397738 -0.12197515
v -0.1315822 0.04862654 -0.12901589
v -0.15803831 0.05297774 -0.11646225
v -0.15930616 0.05928045 -0.12275323
v -0.18010503 0.06404513 -0.10607327
v -0.18228945 0.07399612 -0.11124417
v -0.19740018 0.0741086 -0.09177415
v -0.19991228 0.08769607 -0.09594504
v -0.20974916 0.08071827 -0.07409627
v -0.21160107 0.09667497 -0.07747661
v -0.21752539 0.08184099 -0.05342618
v -0.21773886 0.09648829 -0.05592661
v -0.2224988 0.07926279 -0.03054216
v -0.22176167 0.09277457 -0.03236051
v -0.22505176 0.0776245 -0.01241332
v -0.22481825 0.08775746 -0.01320937
v -0.03880964 -0.11088746 0.00957166
v -0.03541373 -0.10610055 0.01884223
v -0.03391716 -0.11316758 0.00836156
v -0.03823318 -0.12061709 -0.0043331
v -0.03649592 -0.11307424 0.00906348
v -0.03737379 -0.09914201 0.01892774
v -0.03402145 -0.08879154 0.02093463
v -0.03210139 -0.09768331 0.02104957
v -0.03463143 -0.09749507 0.02163752
v -0.04165149 -0.1127153 -0.00384954
v -0.03928842 -0.09656041 0.00872028
v -0.0395104 -0.10457676 0.00934372
v -0.0433531 -0.12877178 -0.01722283
v -0.03847596 -0.1309992 -0.01895868
v -0.04459435 -0.14209437 -0.03182095
v -0.0409818 -0.13093185 -0.01798129
v -0.04778556 -0.13265603 -0.03114441
v -0.04453174 -0.11420613 -0.01803918
v -0.04440589 -0.1224755 -0.01738757
v -0.05102032 -0.14959079 -0.04488081
v -0.04663151 -0.15227675 -0.046944
v -0.05407011 -0.16044473 -0.05980157
v -0.04892354 -0.15218126 -0.04579126
v -0.05661901 -0.15008485 -0.05877653
v -0.05165152 -0.13219791 -0.04567264
v -0.05180243 -0.14205795 -0.04499478
v -0.06183859 -0.16359639 -0.07264973
v -0.05821829 -0.16621488 -0.07501083
v -0.06719047 -0.16985046 -0.08713421
v -0.06013591 -0.16613793 -0.0737616
v -0.06921201 -0.16047161 -0.08521672
v -0.06209613 -0.14611959 -0.07256604
v -0.06239793 -0.15614229 -0.07232818
v -0.07666043 -0.16997927 -0.09789833
v -0.07377017 -0.17215377 -0.10088744
v -0.08447139 -0.17376482 -0.1101166
v -0.07530274 -0.17217433 -0.09938282
v -0.08614014 -0.1653161 -0.10728055
v -0.07689199 -0.15407407 -0.09670068
v -0.07713338 -0.16331732 -0.09701038
v -0.09569535 -0.17332553 -0.11694932
v -0.09363266 -0.17513227 -0.12090601
v -0.10587305 -0.17701643 -0.12555584
v -0.0946938 -0.17527771 -0.11894572
v -0.1071945 -0.16896277 -0.12168743
v -0.09629961 -0.15839499 -0.1149179
v -0.09620945 -0.1671043 -0.11560058
v -0.11838039 -0.17738872 -0.1269766
v -0.11755371 -0.17906838 -0.13223379
v -0.13065075 -0.18154752 -0.13078782
v -0.11791133 -0.17928642 -0.12963342
v -0.13131082 -0.17333424 -0.12621334
v -0.11953705 -0.16254562 -0.12433648
v -0.1189483 -0.17117053 -0.12525883
v -0.14373883 -0.18128049 -0.12598472
v -0.14434605 -0.18313866 -0.13128197
v -0.15729963 -0.18427705 -0.12373889
v -0.14393299 -0.18325913 -0.12862877
v -0.15697711 -0.17618078 -0.12015841
v -0.14494678 -0.16653382 -0.12361502
v -0.14412203 -0.17505908 -0.12444951
v -0.16955536 -0.18247002 -0.1147472
v -0.17121529 -0.18446421 -0.1186654
v -0.1823869 -0.18390339 -0.10764049
v -0.17029193 -0.18445497 -0.11670067
v -0.18110853 -0.17621451 -0.1048309
v -0.17000064 -0.16839337 -0.1127144
v -0.16947114 -0.17653399 -0.11353194
v -0.1919797 -0.18087637 -0.09536657
v -0.19424063 -0.18274277 -0.09794457
v -0.20213374 -0.18092805 -0.08409815
v -0.1930617 -0.18273204 -0.09668406
v -0.20010593 -0.17374634 -0.0821948
v -0.1913951 -0.16760051 -0.09343995
v -0.19139421 -0.17532044 -0.09431633
v -0.20803123 -0.17674267 -0.06937708
v -0.21082517 -0.17843294 -0.07086192
v -0.21480086 -0.1749264 -0.05495957
v -0.20942074 -0.17848014 -0.07014876
v -0.21206054 -0.16789239 -0.05390057
v -0.20656633 -0.16390484 -0.06806522
v -0.20702228 -0.17139029 -0.06867253
v -0.21642485 -0.16816532 -0.03830181
v -0.21985095 -0.16967612 -0.03899603
v -0.21990272 -0.16336882 -0.02163596
v -0.21815294 -0.16980814 -0.03865368
v -0.2166436 -0.15657734 -0.02139828
v -0.21446844 -0.15561199 -0.03795106
v -0.21513754 -0.16289085 -0.03802906
v -0.21839213 -0.15432113 -0.00420485
v -0.22252792 -0.15561932 -0.00450476
v -0.22069096 -0.14832413 0.01263388
v -0.22047707 -0.15585106 -0.00431126
v -0.21695736 -0.14160114 0.01244439
v -0.21633365 -0.14225357 -0.00492045
v -0.21696758 -0.14914375 -0.00434853
v -0.21892076 -0.14032983 0.02863384
v -0.22379368 -0.14153295 0.02823054
v -0.22182875 -0.13556426 0.03989578
v -0.22135937 -0.1418538 0.02851306
v -0.21883618 -0.13026744 0.0397633
v -0.22410336 -0.12841385 0.04306465
v -0.2209627 -0.12176728 0.04252328
v -0.22144764 -0.12857836 0.0433538
v -0.21691277 -0.12806856 0.0273814
v -0.21746024 -0.13495874 0.02830456
v -0.03189723 -0.0838809 0.01646569
v -0.03233313 -0.08372855 0.00598873
v -0.03531785 -0.09852701 -0.006723
v -0.03301687 -0.09518986 0.00692014
v -0.0329004 -0.09015035 0.00655982
v -0.03621039 -0.08325731 0.01750459
v -0.03287586 -0.07540303 0.01948782
v -0.03344913 -0.08152473 0.02021289
v -0.04142888 -0.09754252 -0.00507646
v -0.03818933 -0.08264184 0.00731047
v -0.03883075 -0.0892573 0.00804022
v -0.03717628 -0.0997194 -0.02115346
v -0.04117833 -0.11577236 -0.03478284
v -0.03826912 -0.11294066 -0.0203111
v -0.03800487 -0.10720855 -0.02060499
v -0.04720105 -0.11462074 -0.03263895
v -0.04329768 -0.09835219 -0.01951452
v -0.04412299 -0.10612762 -0.01874141
v -0.04390828 -0.11485648 -0.0496458
v -0.049844 -0.13096094 -0.062938
v -0.04555678 -0.13061618 -0.04858171
v -0.04505471 -0.12379753 -0.04895344
v -0.05555904 -0.12981802 -0.06000986
v -0.04981138 -0.11339145 -0.04733154
v -0.05095027 -0.12262594 -0.0464537
v -0.05448864 -0.12695437 -0.07727804
v -0.06293431 -0.14163118 -0.08953338
v -0.05640833 -0.14449435 -0.07619938
v -0.05575661 -0.13694113 -0.07655838
v -0.06802826 -0.1406793 -0.08554019
v -0.05993408 -0.12563449 -0.07390999
v -0.0612154 -0.1358717 -0.07313246
v -0.07045871 -0.1348195 -0.10219766
v -0.08152433 -0.14735472 -0.11219192
v -0.0720971 -0.15244275 -0.1013505
v -0.07151956 -0.14492833 -0.1015828
v -0.08544304 -0.1467334 -0.10690158
v -0.07499972 -0.13381558 -0.09753819
v -0.07610664 -0.14413332 -0.09695257
v -0.09258257 -0.13965791 -0.1212931
v -0.10556072 -0.15146213 -0.12721496
v -0.09311407 -0.15656566 -0.12079725
v -0.09296011 -0.14943575 -0.12084748
v -0.10764568 -0.15111923 -0.12073352
v -0.09557462 -0.13902664 -0.11532865
v -0.09602984 -0.14897549 -0.11492031
v -0.11969384 -0.14418798 -0.13100823
v -0.1330772 -0.15599542 -0.13193154
v -0.11858531 -0.1605696 -0.13122648
v -0.1190595 -0.15372651 -0.13095915
v -0.13298425 -0.15567141 -0.12486513
v -0.1206225 -0.14376235 -0.12416063
v -0.12006908 -0.1534242 -0.12406659
v -0.14867377 -0.14863914 -0.12948921
v -0.16107252 -0.15956789 -0.12524619
v -0.14628058 -0.16470623 -0.13059508
v -0.14723444 -0.15803402 -0.1299843
v -0.15892297 -0.15909856 -0.11875311
v -0.14744782 -0.14818459 -0.12264757
v -0.14607584 -0.15764355 -0.12307527
v -0.17573285 -0.15110009 -0.11701966
v -0.18606841 -0.16038483 -0.10825745
v -0.17313635 -0.16685825 -0.11861156
v -0.17413306 -0.16032308 -0.11784529
v -0.18227154 -0.1598218 -0.10310943
v -0.17261406 -0.15053522 -0.11113186
v -0.17110505 -0.15979683 -0.11195508
v -0.19784581 -0.15084791 -0.09616097
v -0.20534515 -0.15854454 -0.08417212
v -0.19581332 -0.1662231 -0.09766697
v -0.19653207 -0.15983808 -0.09695763
v -0.20032146 -0.1579588 -0.0807428
v -0.19324517 -0.15017938 -0.09181595
v -0.192072 -0.15925949 -0.0926449
v -0.2133179 -0.14774596 -0.0697301
v -0.21746227 -0.15311873 -0.05504121
v -0.21192508 -0.16251754 -0.07054649
v -0.21232917 -0.15636801 -0.07012675
v -0.2115975 -0.15249669 -0.05334123
v -0.20767748 -0.1469348 -0.06717374
v -0.20683497 -0.15576714 -0.06758441
v -0.22158929 -0.14081609 -0.03956644
v -0.22246244 -0.14296102 -0.02272417
v -0.22047761 -0.1541652 -0.03896365
v -0.22072359 -0.14860981 -0.03913438
v -0.21615722 -0.1422792 -0.02235523
v -0.21537554 -0.13980996 -0.03867549
v -0.21459385 -0.14795851 -0.0381838
v -0.22403869 -0.12990325 -0.00762636
v -0.22317853 -0.12932062 0.01019354
v -0.22271198 -0.1407724 -0.00521308
v -0.22302773 -0.13629251 -0.00612861
v -0.2167243 -0.12858146 0.01009075
v -0.21764522 -0.12872135 -0.00777489
v -0.21662029 -0.13558232 -0.00609885
v -0.22455647 -0.11731326 0.02373495
v -0.22337049 -0.11789196 0.0372097
v -0.22343304 -0.12650966 0.02701197
v -0.22367534 -0.12275934 0.02578387
v -0.21852558 -0.11729747 0.03722275
v -0.22180357 -0.11043107 0.03879201
v -0.22111639 -0.11600136 0.0410377
v -0.21818321 -0.11603355 0.02336333
v -0.21721062 -0.12198883 0.02571915
v -0.03073976 -0.07233053 0.01515396
v -0.0307738 -0.07261049 0.00471314
v -0.03374328 -0.08518677 -0.00785388
v -0.03160286 -0.07789838 0.00537447
v -0.03491279 -0.07152181 0.01598899
v -0.03165544 -0.06563746 0.01807067
v -0.0322655 -0.07013708 0.01877659
v -0.03981945 -0.08379274 -0.00658273
v -0.03656373 -0.07133829 0.00572957
v -0.03741499 -0.07668834 0.00653795
v -0.03471868 -0.0856409 -0.02260359
v -0.03884409 -0.09964823 -0.03615622
v -0.03605025 -0.09254062 -0.02182323
v -0.04488273 -0.09799987 -0.03442622
v -0.04084551 -0.08399736 -0.02131691
v -0.04217414 -0.09098929 -0.02037896
v -0.04077408 -0.09774774 -0.0514161
v -0.04709347 -0.11205381 -0.06454637
v -0.04244587 -0.10619503 -0.05047552
v -0.05279034 -0.11047744 -0.06181313
v -0.0466685 -0.09601533 -0.04932763
v -0.04834784 -0.10454553 -0.04829973
v -0.05144872 -0.10734558 -0.07906893
v -0.06038883 -0.1212666 -0.0910115
v -0.0530242 -0.11709725 -0.07813452
v -0.06539028 -0.11998766 -0.08699004
v -0.05679915 -0.1058709 -0.07568394
v -0.05842999 -0.11564666 -0.07478062
v -0.06824595 -0.11401516 -0.10370468
v -0.07993143 -0.12710261 -0.11341806
v -0.06933731 -0.12450337 -0.10295007
v -0.08368577 -0.12626081 -0.10801673
v -0.07259314 -0.11300361 -0.09889143
v -0.07379429 -0.12343704 -0.09823038
v -0.0919845 -0.11856645 -0.1224011
v -0.10587031 -0.13152813 -0.12793603
v -0.09223204 -0.1293587 -0.12188365
v -0.10774488 -0.13106817 -0.12142016
v -0.09471822 -0.11806529 -0.11630876
v -0.09510881 -0.12872743 -0.11586464
v -0.12137293 -0.1227948 -0.13116356
v -0.13548788 -0.13618665 -0.13151523
v -0.12047671 -0.13387024 -0.13116556
v -0.13519582 -0.13587451 -0.12457937
v -0.12200795 -0.12263876 -0.12431777
v -0.12127556 -0.13351512 -0.12433075
v -0.15208083 -0.12697047 -0.12809091
v -0.16453275 -0.13991397 -0.12366461
v -0.15034043 -0.13828069 -0.12893021
v -0.16221332 -0.13953918 -0.11725816
v -0.15059241 -0.12688428 -0.12134842
v -0.14900085 -0.13795638 -0.12214908
v -0.17942977 -0.12955474 -0.11463809
v -0.1892499 -0.141146 -0.10632253
v -0.17756363 -0.14084583 -0.11597228
v -0.18525597 -0.1406117 -0.1011746
v -0.17613792 -0.1293118 -0.10882942
v -0.17435738 -0.14040058 -0.11012364
v -0.20104813 -0.12986415 -0.09406207
v -0.20791474 -0.13995128 -0.08278623
v -0.19940871 -0.14088004 -0.0951852
v -0.20266988 -0.13919299 -0.07930854
v -0.19634556 -0.12933993 -0.08971407
v -0.19473376 -0.14024227 -0.09083862
v -0.2161374 -0.12774735 -0.06901672
v -0.21962994 -0.13572567 -0.05510423
v -0.21464273 -0.13826292 -0.06935194
v -0.21359735 -0.13467609 -0.05340923
v -0.21043354 -0.12686711 -0.06639598
v -0.20894339 -0.1373645 -0.06677644
v -0.22451287 -0.12261045 -0.04117596
v -0.22480437 -0.12789505 -0.02503386
v -0.22291538 -0.13225239 -0.0402644
v -0.2184562 -0.12654715 -0.02480687
v -0.21827328 -0.1213513 -0.04022755
v -0.21667411 -0.13104534 -0.03937465
v -0.22750607 -0.11424714 -0.01193358
v -0.22581347 -0.11699152 0.00577978
v -0.22560414 -0.12271052 -0.00961425
v -0.219466 -0.11548 0.00529344
v -0.22113192 -0.11271143 -0.01214474
v -0.21922594 -0.12125819 -0.00983973
v -0.2277323 -0.10323077 0.01770166
v -0.22521331 -0.10628384 0.032137
v -0.22593113 -0.11103153 0.02093354
v -0.22055929 -0.10516077 0.03170594
v -0.2244941 -0.09646081 0.03212448
v -0.22291663 -0.10420543 0.03567973
v -0.22151565 -0.10168844 0.01701701
v -0.21965992 -0.10951638 0.02035958
v -0.02944624 -0.06358021 0.0138099
v -0.02902052 -0.06324607 0.00326046
v -0.03150747 -0.0733447 -0.00934036
v -0.02990989 -0.0678156 0.00400024
v -0.03357741 -0.0627284 0.01445454
v -0.03050294 -0.05827748 0.01665098
v -0.03108216 -0.0618149 0.01736091
v -0.03758172 -0.07185494 -0.0083536
v -0.03480445 -0.06198877 0.00405345
v -0.03569172 -0.0665301 0.00489224
v -0.03180291 -0.07248461 -0.02440551
v -0.03563007 -0.08445566 -0.03799612
v -0.03327379 -0.0789898 -0.02348412
v -0.04166832 -0.08271235 -0.03648503
v -0.03794373 -0.07088792 -0.02330073
v -0.03940421 -0.07733428 -0.02231045
v -0.03723247 -0.08126127 -0.05347859
v -0.04364916 -0.09388256 -0.06654302
v -0.03899939 -0.08944833 -0.05244159
v -0.04929053 -0.09228432 -0.06380888
v -0.04310806 -0.07964122 -0.05140316
v -0.04488235 -0.08772981 -0.05038433
v -0.04830605 -0.08809542 -0.08092226
v -0.05769058 -0.10084056 -0.09268374
v -0.04984744 -0.09767592 -0.08002353
v -0.06250994 -0.0996859 -0.08847216
v -0.05353319 -0.08683532 -0.0773439
v -0.05513657 -0.09627157 -0.07655971
v -0.06644275 -0.09271574 -0.10475622
v -0.07866228 -0.10548871 -0.11446829
v -0.06727454 -0.10338848 -0.10432599
v -0.0821459 -0.10492485 -0.10885261
v -0.07053563 -0.09205412 -0.09966618
v -0.07149963 -0.10252326 -0.09938269
v -0.09199368 -0.09578502 -0.12251012
v -0.10661686 -0.10907203 -0.12824048
v -0.09191563 -0.10731267 -0.12262868
v -0.10816169 -0.10902571 -0.12162397
v -0.09439467 -0.09575963 -0.11622835
v -0.09448859 -0.10703086 -0.11644347
v -0.12335362 -0.09867405 -0.12991042
v -0.13831868 -0.11290651 -0.13020975
v -0.12234745 -0.11098027 -0.13073593
v -0.1376793 -0.11309486 -0.12328542
v -0.12362208 -0.09906667 -0.12301342
v -0.12279917 -0.11109286 -0.12386345
v -0.15526947 -0.10181176 -0.12510246
v -0.16816416 -0.11622351 -0.12084413
v -0.15374139 -0.11472106 -0.12675449
v -0.16558083 -0.11631655 -0.11448757
v -0.15345922 -0.10223388 -0.11836552
v -0.15208044 -0.11489355 -0.1200134
v -0.18262776 -0.10409814 -0.11112683
v -0.19262242 -0.11771357 -0.10348048
v -0.18113604 -0.11721622 -0.11295327
v -0.18854942 -0.1175329 -0.09834898
v -0.1791974 -0.10427486 -0.10531028
v -0.17775872 -0.11718922 -0.10714827
v -0.20395782 -0.10470163 -0.09161262
v -0.2109555 -0.11718946 -0.0811805
v -0.20258992 -0.11772829 -0.09282361
v -0.20571014 -0.11662763 -0.0776119
v -0.19928064 -0.10451644 -0.08716924
v -0.19788831 -0.11736613 -0.08844307
v -0.21902713 -0.10329741 -0.06861589
v -0.22269532 -0.11417669 -0.05571146
v -0.21763655 -0.11602538 -0.06874904
v -0.21667388 -0.11319965 -0.05384954
v -0.21337169 -0.10269308 -0.0657769
v -0.21194887 -0.11525505 -0.06603686
v -0.22780555 -0.09939283 -0.04348397
v -0.22838595 -0.10821783 -0.02845601
v -0.22619375 -0.1115849 -0.04224919
v -0.22202989 -0.106884 -0.0280658
v -0.22157266 -0.0984044 -0.04225229
v -0.21995565 -0.11041355 -0.04118046
v -0.23148837 -0.09245753 -0.01708043
v -0.22992524 -0.09905284 -0.00015466
v -0.22952601 -0.10404408 -0.01442576
v -0.2235645 -0.09756684 -0.00063014
v -0.22507095 -0.09121316 -0.01703959
v -0.22313273 -0.10259795 -0.01454127
v -0.2321538 -0.0817613 0.01063647
v -0.22894081 -0.08839148 0.02522703
v -0.22989374 -0.09323316 0.01436084
v -0.22430157 -0.08736878 0.02459926
v -0.22892338 -0.07478761 0.02445389
v -0.22657507 -0.08633446 0.02854995
v -0.22585007 -0.08052438 0.00999948
v -0.22362637 -0.091802 0.01364463
v -0.02809388 -0.05588585 0.01242198
v -0.02722678 -0.05388855 0.00182641
v -0.02914414 -0.06222432 -0.01098557
v -0.0281143 -0.058631 0.00251837
v -0.03222267 -0.05508357 0.0129341
v -0.02921425 -0.05077159 0.01529482
v -0.02987399 -0.05463504 0.01594434
v -0.03524776 -0.06086397 -0.01014462
v -0.03303749 -0.05277967 0.00250618
v -0.03390872 -0.05743527 0.00324052
v -0.02910891 -0.0595783 -0.02613681
v -0.03237096 -0.06975281 -0.03996149
v -0.03039347 -0.0660215 -0.02530873
v -0.0384305 -0.06823688 -0.03846825
v -0.03530133 -0.05826681 -0.0250461
v -0.03655676 -0.0645442 -0.0242291
v -0.03412358 -0.06513875 -0.05531463
v -0.04033143 -0.07613205 -0.06846976
v -0.03558415 -0.07315152 -0.05445422
v -0.04592495 -0.07484 -0.06555825
v -0.0400162 -0.06391584 -0.05308609
v -0.04146444 -0.07170254 -0.05231726
v -0.04571113 -0.06926494 -0.08230081
v -0.05537308 -0.08059012 -0.09391403
v -0.04691043 -0.07860809 -0.08169089
v -0.05999031 -0.07982319 -0.08940743
v -0.05082611 -0.06844782 -0.07843437
v -0.05207888 -0.0775491 -0.07797387
v -0.0652552 -0.07161349 -0.10491668
v -0.07805653 -0.08324492 -0.11441058
v -0.06577023 -0.08209228 -0.10493638
v -0.08121611 -0.08314359 -0.10854738
v -0.06907161 -0.07140421 -0.09954763
v -0.06972237 -0.0816546 -0.09970366
v -0.09245101 -0.07264453 -0.12122169
v -0.10775243 -0.08507448 -0.12698619
v -0.0921868 -0.08417618 -0.12198964
v -0.10894338 -0.08554148 -0.12026771
v -0.0945084 -0.07306051 -0.1147807
v -0.09441096 -0.08438903 -0.11562381
v -0.12528917 -0.07354176 -0.12733607
v -0.14096435 -0.08728492 -0.12741062
v -0.1243446 -0.08612293 -0.12871339
v -0.14001441 -0.08796888 -0.12051525
v -0.12525638 -0.07434535 -0.1204416
v -0.12444959 -0.08675009 -0.12181381
v -0.1577565 -0.07511824 -0.12155687
v -0.1710028 -0.08964586 -0.11708623
v -0.15661236 -0.08852285 -0.12331791
v -0.16829055 -0.0901485 -0.11076313
v -0.15583363 -0.07589644 -0.11491273
v -0.15472328 -0.08915108 -0.11662565
v -0.18480393 -0.07661944 -0.10779253
v -0.19519358 -0.09093684 -0.10043688
v -0.18384984 -0.09046661 -0.10936711
v -0.19114673 -0.09110665 -0.09522136
v -0.18142864 -0.07709759 -0.10195003
v -0.18043106 -0.09081375 -0.10354578
v -0.2059291 -0.07697916 -0.08977656
v -0.21342954 -0.09063869 -0.07993442
v -0.20507454 -0.09101206 -0.09057235
v -0.20826727 -0.09041518 -0.07614356
v -0.20134854 -0.07709938 -0.08512566
v -0.20044001 -0.09098774 -0.08603654
v -0.22108528 -0.07576251 -0.0689684
v -0.22543248 -0.08831965 -0.05695498
v -0.22019621 -0.08976227 -0.06868402
v -0.21946281 -0.08772492 -0.05477154
v -0.21552455 -0.07554745 -0.06581136
v -0.21458426 -0.08934629 -0.06569361
v -0.23026958 -0.07251924 -0.04639753
v -0.23171535 -0.08345341 -0.03250865
v -0.22919637 -0.0862475 -0.04488061
v -0.22534295 -0.08256328 -0.03175696
v -0.22406712 -0.07202667 -0.04477863
v -0.22297489 -0.0854929 -0.04346173
v -0.23458376 -0.06657052 -0.02271185
v -0.23397243 -0.0752601 -0.006979
v -0.233217 -0.07984447 -0.01988732
v -0.22759577 -0.07421743 -0.00712364
v -0.22815769 -0.06585985 -0.02224983
v -0.22678926 -0.07885062 -0.01964995
v -0.23600491 -0.05686008 0.00169293
v -0.2335338 -0.06470638 0.01622136
v -0.23425066 -0.06953954 0.00625377
v -0.22899594 -0.06398111 0.01580267
v -0.23344588 -0.05053925 0.01388595
v -0.23130393 -0.06278049 0.01933391
v -0.22997584 -0.05609047 0.00157261
v -0.22804549 -0.06852692 0.00583867
v -0.02665957 -0.04738736 0.01123252
v -0.02564245 -0.04382473 0.00078143
v -0.0270682 -0.05094671 -0.01239639
v -0.0263929 -0.04893845 0.00123693
v -0.03080676 -0.04669034 0.01168669
v -0.02788666 -0.04209178 0.01436334
v -0.02854144 -0.04657304 0.0147562
v -0.03322355 -0.04985767 -0.0115686
v -0.03149699 -0.04293602 0.00145898
v -0.03222421 -0.04793363 0.00190313
v -0.02712873 -0.04673039 -0.02737213
v -0.02977856 -0.0552966 -0.04154559
v -0.02801244 -0.05313134 -0.026833
v -0.03589258 -0.05422389 -0.03992661
v -0.03337812 -0.04583007 -0.02618107
v -0.03423533 -0.05201828 -0.0257025
v -0.03199778 -0.04952406 -0.05650932
v -0.03779396 -0.05888021 -0.06985311
v -0.03292016 -0.05724304 -0.05600628
v -0.04336569 -0.05809873 -0.0666807
v -0.037917 -0.04884773 -0.05405945
v -0.03882858 -0.05628436 -0.05366941
v -0.04405532 -0.05123519 -0.08296248
v -0.05379581 -0.0609498 -0.09442152
v -0.04475707 -0.06011652 -0.08272433
v -0.05822996 -0.06066578 -0.08961524
v -0.04908336 -0.05095505 -0.07881419
v -0.04982649 -0.05956506 -0.07871055
v -0.06467226 -0.05146449 -0.10446026
v -0.07792384 -0.06147944 -0.11346939
v -0.0648963 -0.06137508 -0.10474633
v -0.08078297 -0.0617761 -0.1074009
v -0.06827222 -0.05166727 -0.09885218
v -0.06859438 -0.06138134 -0.09925083
v -0.09302341 -0.0504055 -0.1194885
v -0.10895354 -0.06117284 -0.12475173
v -0.09274261 -0.06134873 -0.12036136
v -0.109857 -0.06195455 -0.11795495
v -0.0948229 -0.05108082 -0.11290885
v -0.09465801 -0.06191468 -0.11384984
v -0.12679722 -0.04916608 -0.1246206
v -0.14313864 -0.06134647 -0.12428837
v -0.12615624 -0.06114518 -0.12597021
v -0.14202103 -0.06228452 -0.11745534
v -0.12658694 -0.05012017 -0.11771181
v -0.12601712 -0.06205284 -0.11907438
v -0.15928366 -0.04904139 -0.11854486
v -0.17280519 -0.06244915 -0.11380004
v -0.15868812 -0.06186366 -0.11997691
v -0.17014896 -0.06316763 -0.10748592
v -0.15736132 -0.04992622 -0.11189837
v -0.1567507 -0.06272232 -0.1133454
v -0.18589395 -0.04942649 -0.10557253
v -0.19673103 -0.06303012 -0.09830186
v -0.18549096 -0.06285542 -0.10652152
v -0.19277352 -0.06343698 -0.09290603
v -0.18262207 -0.05005103 -0.09957971
v -0.18215882 -0.06342071 -0.10061737
v -0.20681226 -0.04911202 -0.08913903
v -0.21481776 -0.06247234 -0.07965081
v -0.20651158 -0.06291955 -0.08930078
v -0.20977747 -0.06258308 -0.07556205
v -0.2023521 -0.04948884 -0.08421028
v -0.2019858 -0.06317132 -0.0845166
v -0.22186371 -0.04771256 -0.07021085
v -0.22699448 -0.06036073 -0.0588987
v -0.22163447 -0.06163978 -0.06948404
v -0.2211025 -0.06023788 -0.05634176
v -0.21641692 -0.04790002 -0.06670929
v -0.2161304 -0.06162631 -0.06615418
v -0.23116874 -0.04479926 -0.04963396
v -0.23367232 -0.05616146 -0.03681758
v -0.23092883 -0.05857461 -0.0479936
v -0.22732213 -0.05584573 -0.03563475
v -0.22502937 -0.0448476 -0.04761852
v -0.22475349 -0.058353 -0.04617244
v -0.23582431 -0.03963166 -0.0279559
v -0.23655733 -0.04898858 -0.01395167
v -0.23545882 -0.05300319 -0.02541955
v -0.2302891 -0.04849958 -0.01358103
v -0.22944355 -0.0395137 -0.02700715
v -0.22904786 -0.05258911 -0.02471706
v -0.23795014 -0.03148061 -0.00637035
v -0.23693162 -0.03985083 0.00594938
v -0.23723617 -0.04401111 -0.00256589
v -0.23284834 -0.03946054 0.00602089
v -0.23618978 -0.0264579 0.00433231
v -0.23507994 -0.03828978 0.00880586
v -0.23230037 -0.03121835 -0.00589777
v -0.23140347 -0.04349327 -0.00238824
v -0.02535346 -0.03786844 0.0105901
v -0.02449761 -0.03335511 0.0003616
v -0.02559303 -0.03947442 -0.01324755
v -0.02500367 -0.03859442 0.00049136
v -0.02953912 -0.03730666 0.01105945
v -0.02676286 -0.03257465 0.01411494
v -0.02728051 -0.03738009 0.014151
v -0.03179422 -0.03871327 -0.01233597
v -0.03040455 -0.03270751 0.00111878
v -0.03088365 -0.03782701 0.00120129
v -0.02606957 -0.03426855 -0.0279161
v -0.02822783 -0.04131817 -0.0424239
v -0.02648309 -0.04042172 -0.02772881
v -0.03437637 -0.04075855 -0.04062299
v -0.03234479 -0.03378558 -0.02657187
v -0.03275009 -0.03973567 -0.02646478
v -0.03106605 -0.03485888 -0.05690336
v -0.03636675 -0.04252666 -0.07046825
v -0.03138041 -0.04204422 -0.05680402
v -0.04190782 -0.04231524 -0.06705486
v -0.03697219 -0.03472107 -0.05425102
v -0.03729767 -0.04164773 -0.0542483
v -0.04341428 -0.0345419 -0.08291115
v -0.05303759 -0.04251372 -0.09428043
v -0.04361226 -0.04269212 -0.08301641
v -0.05733806 -0.04269015 -0.08923878
v -0.04836585 -0.03475427 -0.07855931
v -0.04859973 -0.0426718 -0.07875594
v -0.06451088 -0.03293502 -0.10369941
v -0.07802286 -0.04109245 -0.11228419
v -0.06456232 -0.04196685 -0.10409298
v -0.08068314 -0.0416637 -0.10604519
v -0.06798479 -0.0334571 -0.09791512
v -0.0680863 -0.04234319 -0.09839069
v -0.09340084 -0.03001499 -0.1179347
v -0.10976588 -0.03875851 -0.12258748
v -0.09325478 -0.0399326 -0.1186836
v -0.11049371 -0.03965222 -0.11569425
v -0.09505314 -0.03082954 -0.1112262
v -0.0949667 -0.04068785 -0.11203556
v -0.12704855 -0.02723199 -0.12202154
v -0.14399832 -0.03721749 -0.12132782
v -0.12706357 -0.03783875 -0.12329179
v -0.14286667 -0.03816312 -0.11448209
v -0.12679991 -0.02817666 -0.11505671
v -0.12682053 -0.03879463 -0.11635404
v -0.15911346 -0.02566856 -0.11605036
v -0.17339575 -0.03679263 -0.11157757
v -0.15941953 -0.03693538 -0.11722757
v -0.17087033 -0.03755992 -0.10514116
v -0.1573241 -0.02652311 -0.1093262
v -0.15755164 -0.03780674 -0.11054526
v -0.18561971 -0.0246008 -0.10455984
v -0.19715869 -0.03628087 -0.09749656
v -0.18599626 -0.03658682 -0.10496372
v -0.19335687 -0.03685855 -0.09184883
v -0.18255755 -0.02531164 -0.09836884
v -0.18281841 -0.03725475 -0.09886808
v -0.20633122 -0.02340447 -0.08959646
v -0.21502134 -0.03519761 -0.08045608
v -0.20682233 -0.03583866 -0.08928599
v -0.2101171 -0.03562861 -0.07604337
v -0.20205804 -0.02401506 -0.08438158
v -0.20244628 -0.03633493 -0.08420623
v -0.22120729 -0.02170902 -0.07210575
v -0.2271161 -0.03310191 -0.06138186
v -0.22179022 -0.03429716 -0.07113033
v -0.22131732 -0.03345078 -0.0584756
v -0.21588373 -0.0222848 -0.06828822
v -0.21640026 -0.03468322 -0.06746297
v -0.23029243 -0.01919841 -0.05282357
v -0.23372381 -0.02957719 -0.040893
v -0.23098468 -0.03157788 -0.05128376
v -0.22744941 -0.0298264 -0.03929726
v -0.22425338 -0.0197491 -0.05047095
v -0.22488987 -0.03188514 -0.04909209
v -0.23503154 -0.01516062 -0.03226225
v -0.23705172 -0.0236805 -0.01972004
v -0.23566091 -0.02694875 -0.03026672
v -0.23092398 -0.02375006 -0.01879187
v -0.22875669 -0.01560032 -0.03085079
v -0.22932747 -0.02711224 -0.02907576
v -0.23788335 -0.00898653 -0.0120978
v -0.23828104 -0.01656204 -0.00202253
v -0.23815196 -0.01975935 -0.00956796
v -0.23455447 -0.01651328 -0.0015158
v -0.23679193 -0.00544184 -0.00204162
v -0.23675879 -0.01546585 0.00070405
v -0.23246589 -0.00923603 -0.01109295
v -0.232638 -0.01974529 -0.00880987
v -0.02443612 -0.02805864 0.01062058
v -0.02391643 -0.0231809 0.00051948
v -0.02484454 -0.02829742 -0.01346423
v -0.02414437 -0.02821201 0.00038689
v -0.02868121 -0.02763718 0.01115251
v -0.02609666 -0.02310931 0.01450737
v -0.0263742 -0.02781504 0.01425098
v -0.03107178 -0.02784293 -0.01241975
v -0.02988275 -0.02274501 0.00139308
v -0.03008015 -0.02767884 0.00120011
v -0.0258639 -0.02264201 -0.02787276
v -0.02777818 -0.02826708 -0.04256433
v -0.02588192 -0.02833694 -0.02794682
v -0.03391978 -0.02815109 -0.0405814
v -0.03213349 -0.02247989 -0.02636555
v -0.03215737 -0.02803236 -0.02652044
v -0.03125911 -0.02155757 -0.05661378
v -0.03613458 -0.02756518 -0.0703206
v -0.0310533 -0.02802467 -0.05682035
v -0.04162547 -0.02782315 -0.06673401
v -0.03712737 -0.0218001 -0.05380088
v -0.03694187 -0.02810376 -0.0540822
v -0.04368175 -0.01960653 -0.08232037
v -0.0529165 -0.02580791 -0.09372471
v -0.04344775 -0.02684068 -0.08267148
v -0.05714744 -0.02633041 -0.08852709
v -0.04858573 -0.02014249 -0.07784519
v -0.04837213 -0.0272417 -0.0782483
v -0.06450227 -0.01646089 -0.10292681
v -0.07799661 -0.02272063 -0.11125128
v -0.06446301 -0.02442312 -0.10333408
v -0.08058228 -0.02346921 -0.10486499
v -0.06794721 -0.01717734 -0.09700795
v -0.06791668 -0.02506011 -0.09747397
v -0.09338163 -0.01217496 -0.1164482
v -0.10996855 -0.01884323 -0.12063799
v -0.09342537 -0.02073711 -0.11722955
v -0.11061754 -0.01978778 -0.11368718
v -0.09498507 -0.01307016 -0.10966572
v -0.09504585 -0.0216006 -0.11047675
v -0.12645235 -0.00844621 -0.11968758
v -0.14325186 -0.0163002 -0.11869989
v -0.12684521 -0.0174117 -0.12084726
v -0.14222496 -0.01722389 -0.11181478
v -0.12623825 -0.00941342 -0.11271546
v -0.12660723 -0.01836931 -0.11387506
v -0.15734753 -0.00599259 -0.11417245
v -0.17218238 -0.01453375 -0.11012611
v -0.15838399 -0.01536482 -0.11503858
v -0.16986069 -0.01534575 -0.10356802
v -0.15573641 -0.0068832 -0.10738702
v -0.15668129 -0.01623529 -0.10828109
v -0.18313351 -0.00390023 -0.10396114
v -0.19557675 -0.01293957 -0.09745271
v -0.18458738 -0.01373606 -0.1042253
v -0.19202682 -0.01367121 -0.09160877
v -0.18031498 -0.00471657 -0.0976563
v -0.18164855 -0.01449871 -0.09796863
v -0.20346823 -0.00188839 -0.09024992
v -0.21323919 -0.01123249 -0.08174159
v -0.20512864 -0.01211512 -0.08992498
v -0.20851945 -0.01196301 -0.07706762
v -0.19943872 -0.00271761 -0.08486226
v -0.20097768 -0.01283675 -0.08461282
v -0.21817436 0.00012743 -0.07379917
v -0.22515428 -0.00917607 -0.0637758
v -0.21990624 -0.01026219 -0.07300161
v -0.21949049 -0.00994908 -0.06058161
v -0.21303287 -0.00078773 -0.06974946
v -0.21467039 -0.01101511 -0.06905852
v -0.2273879 0.00227326 -0.05522088
v -0.23183462 -0.00642591 -0.04413921
v -0.22900816 -0.00794541 -0.05413419
v -0.22568228 -0.00718694 -0.04219636
v -0.22149246 0.00128817 -0.05259154
v -0.223039 -0.00872242 -0.05163227
v -0.23269394 0.00519037 -0.03505142
v -0.23571264 -0.00209754 -0.02364813
v -0.23399871 -0.00447481 -0.0338526
v -0.22971677 -0.00274837 -0.02228074
v -0.2265439 0.00419288 -0.03333205
v -0.22778704 -0.00519478 -0.03226007
v -0.23613786 0.0093593 -0.01502306
v -0.2376416 0.0028947 -0.00663031
v -0.23718729 0.00069576 -0.01389898
v -0.23405534 0.00254505 -0.00582431
v -0.23533931 0.01138359 -0.00486921
v -0.23629424 0.00348579 -0.00386736
v -0.23082083 0.00849372 -0.01374198
v -0.23183444 0.00014931 -0.01271546
v -0.02396689 -0.01852995 0.01111328
v -0.02370188 -0.01346981 0.00090855
v -0.02467829 -0.01780271 -0.01327414
v -0.02378498 -0.01827812 0.00071166
v -0.02829403 -0.01821547 0.0117246
v -0.0257786 -0.01383662 0.01516965
v -0.02591225 -0.01846492 0.01483245
v -0.03091704 -0.01755201 -0.0120888
v -0.02974364 -0.0131396 0.0019
v -0.02978549 -0.01791214 0.0016455
v -0.02611097 -0.01199013 -0.02761926
v -0.02810728 -0.01643466 -0.04225214
v -0.02595957 -0.01720023 -0.0277457
v -0.03422033 -0.01657718 -0.0401095
v -0.03235866 -0.01196068 -0.0259649
v -0.032219 -0.01713216 -0.02616214
v -0.03199792 -0.00975054 -0.05606938
v -0.03680465 -0.01428812 -0.0696679
v -0.03160009 -0.01547247 -0.05634232
v -0.04225155 -0.01478922 -0.06597307
v -0.0378285 -0.01011061 -0.05313609
v -0.03744885 -0.01581066 -0.05346597
v -0.04455464 -0.00658321 -0.08143547
v -0.05340194 -0.01113539 -0.09284009
v -0.04408556 -0.01285821 -0.08188032
v -0.05760807 -0.01182252 -0.08756777
v -0.04943199 -0.00719052 -0.07690315
v -0.04897443 -0.01346653 -0.07737338
v -0.06500672 -0.00227594 -0.10184916
v -0.0780184 -0.00679558 -0.11010958
v -0.06471198 -0.00907647 -0.10240801
v -0.08057727 -0.00762647 -0.10363006
v -0.06841702 -0.00302153 -0.0958824
v -0.06814264 -0.00983655 -0.09645787
v -0.09323223 0.00263404 -0.11446776
v -0.10961129 -0.00218021 -0.11831402
v -0.09332307 -0.00440388 -0.11547107
v -0.11024714 -0.00313186 -0.1113619
v -0.09480498 0.00177502 -0.10765655
v -0.09491091 -0.00530761 -0.10867117
v -0.1251294 0.00682205 -0.11733274
v -0.141552 0.00109744 -0.11660314
v -0.12586814 -0.00040096 -0.11846116
v -0.14066523 0.00017541 -0.1096858
v -0.12498854 0.00594341 -0.11034129
v -0.12568929 -0.00135153 -0.11148306
v -0.15473598 0.01011085 -0.11283083
v -0.1694692 0.00377064 -0.10910246
v -0.15612071 0.00247925 -0.11343193
v -0.16735649 0.0029056 -0.1024721
v -0.15329942 0.00926804 -0.1059942
v -0.15460297 0.00159007 -0.10662122
v -0.17970624 0.01304125 -0.10364624
v -0.19219991 0.00618559 -0.09754656
v -0.18149197 0.00499695 -0.10376889
v -0.18888345 0.00530022 -0.09158663
v -0.17708134 0.01216083 -0.09725563
v -0.17878034 0.00413441 -0.09742016
v -0.19961947 0.01575374 -0.09084147
v -0.20965445 0.0084874 -0.08284029
v -0.20160454 0.00735801 -0.09054967
v -0.20513519 0.0074917 -0.0779909
v -0.19577166 0.01474368 -0.08531831
v -0.19767519 0.00642508 -0.08509217
v -0.21434319 0.01813423 -0.07507009
v -0.22161674 0.01055598 -0.06553943
v -0.21629878 0.00954407 -0.07447987
v -0.21611315 0.00943225 -0.06212943
v -0.20936259 0.0169546 -0.07084566
v -0.2112427 0.00848269 -0.07033756
v -0.22394013 0.02002847 -0.05678333
v -0.22880202 0.01263296 -0.04618164
v -0.22568807 0.01155 -0.05608872
v -0.2227765 0.01141572 -0.04402454
v -0.21817162 0.01869869 -0.05398875
v -0.21986049 0.01037639 -0.053364
v -0.22970446 0.02183514 -0.03640534
v -0.23319515 0.01539409 -0.02552878
v -0.2312487 0.01391458 -0.03587201
v -0.22729241 0.01412433 -0.02401776
v -0.22364914 0.02034252 -0.03462616
v -0.22515234 0.0126506 -0.03409479
v -0.2332746 0.02394729 -0.015526
v -0.23533147 0.01827746 -0.00800736
v -0.23480936 0.01707547 -0.01552158
v -0.23174902 0.01744163 -0.00714708
v -0.23236316 0.02439135 -0.00483791
v -0.23400157 0.01831924 -0.0051432
v -0.2279385 0.02245765 -0.01432938
v -0.22950202 0.01588207 -0.01423693
v -0.02368186 -0.00916945 0.01164748
v -0.02349265 -0.003995 0.00112339
v -0.02472631 -0.00795918 -0.01308555
v -0.02361964 -0.00872474 0.00105534
v -0.0281311 -0.00887829 0.01233502
v -0.02549839 -0.00444132 0.01568654
v -0.02565318 -0.00917899 0.01546255
v -0.0309758 -0.00773608 -0.01177753
v -0.02965201 -0.00361931 0.00221057
v -0.02971289 -0.00838983 0.00209931
v -0.02635562 -0.00216591 -0.02756419
v -0.02866337 -0.00580209 -0.04193543
v -0.02626089 -0.0069915 -0.02754686
v -0.03474493 -0.00593519 -0.03965795
v -0.03257944 -0.0020228 -0.02579221
v -0.03249694 -0.00693684 -0.02582847
v -0.03266952 0.0006867 -0.05574774
v -0.03770724 -0.00269931 -0.06900538
v -0.03237256 -0.00437438 -0.05585789
v -0.04312415 -0.00313335 -0.06523108
v -0.03846781 0.00053793 -0.05270936
v -0.03818773 -0.00467366 -0.05287042
v -0.04533625 0.00459581 -0.08082795
v -0.05418906 0.00143528 -0.09189341
v -0.04498529 -0.00076943 -0.08106926
v -0.05837284 0.00084459 -0.08657942
v -0.05018694 0.00425672 -0.07622521
v -0.04985236 -0.00129342 -0.07650523
v -0.06555955 0.00955319 -0.10087705
v -0.07828166 0.00652772 -0.10875928
v -0.06530075 0.003937 -0.10132241
v -0.08078021 0.00582188 -0.1022529
v -0.06891196 0.00910151 -0.09487165
v -0.06868509 0.00328159 -0.09533988
v -0.09289572 0.01468241 -0.11292919
v -0.10874999 0.01128345 -0.116099
v -0.09309218 0.00899797 -0.11360716
v -0.10940606 0.01055085 -0.10912279
v -0.09443479 0.01420629 -0.10609181
v -0.09464918 0.00826811 -0.10678497
v -0.12331672 0.01912069 -0.1158863
v -0.13923874 0.01518899 -0.11510005
v -0.12427274 0.01332181 -0.11646781
v -0.13846445 0.0144748 -0.10813305
v -0.12322624 0.01867562 -0.10884617
v -0.12416477 0.01260036 -0.10945347
v -0.15164133 0.02310085 -0.11212585
v -0.16612377 0.01866447 -0.10848778
v -0.15322619 0.016963 -0.11238227
v -0.16415751 0.01788961 -0.10179492
v -0.15028178 0.02258265 -0.10523272
v -0.1518445 0.01623177 -0.10551655
v -0.17589303 0.02691942 -0.10365621
v -0.18831059 0.02190357 -0.09777863
v -0.17781955 0.02031362 -0.10359016
v -0.18514108 0.02096772 -0.09171124
v -0.17336016 0.02619755 -0.09718895
v -0.17525613 0.01946824 -0.0971585
v -0.19556835 0.03050917 -0.09149766
v -0.20562875 0.02482765 -0.08373013
v -0.19759461 0.02342802 -0.09114158
v -0.20125675 0.02367854 -0.07873711
v -0.19183093 0.02951687 -0.08585821
v -0.19381347 0.02238804 -0.08555629
v -0.21040999 0.03342807 -0.07611352
v -0.21787041 0.02705723 -0.06678526
v -0.21237084 0.0260427 -0.07559508
v -0.21249082 0.02570337 -0.06322418
v -0.20553648 0.03216254 -0.07175063
v -0.2074536 0.02478754 -0.07129722
v -0.2204138 0.03520947 -0.05786545
v -0.22551277 0.02850908 -0.04732415
v -0.22217646 0.02785533 -0.05735005
v -0.21957275 0.02697086 -0.04510865
v -0.21472144 0.03371816 -0.05498201
v -0.21645483 0.02641195 -0.05450498
v -0.22648993 0.03589701 -0.0370087
v -0.2300879 0.02961254 -0.02591936
v -0.22810345 0.02909207 -0.03674279
v -0.22419661 0.02787637 -0.02456045
v -0.22045826 0.03416514 -0.03532677
v -0.22207173 0.02743524 -0.03500387
v -0.22988888 0.03573596 -0.01476376
v -0.23197376 0.03020429 -0.0070433
v -0.23160621 0.03007978 -0.01516769
v -0.22823518 0.02895134 -0.00643838
v -0.22856268 0.03456115 -0.00334226
v -0.23050645 0.02969634 -0.00410179
v -0.22437331 0.03390878 -0.01392225
v -0.22619143 0.02836293 -0.01414829
v -0.02323325 0.00038927 0.01190242
v -0.02297885 0.00562393 0.00085337
v -0.02458421 0.0014975 -0.01324868
v -0.02327565 0.00076544 0.00108416
v -0.02787993 0.00074821 0.01264434
v -0.02499719 0.00547546 0.01567886
v -0.02527636 0.00042802 0.015817
v -0.03085683 0.00188416 -0.01186244
v -0.02929423 0.00615942 0.00197847
v -0.02951986 0.00121432 0.00220101
v -0.02617556 0.00715023 -0.02797785
v -0.02895427 0.00384348 -0.04198524
v -0.02634057 0.00252229 -0.02770689
v -0.03500134 0.00403618 -0.03960412
v -0.03236972 0.00764107 -0.02614947
v -0.03255052 0.00281751 -0.0258955
v -0.03281127 0.01001429 -0.05596442
v -0.03827295 0.00736212 -0.06879884
v -0.03283382 0.00546181 -0.05577868
v -0.04364785 0.00738275 -0.06493791
v -0.03855548 0.01044273 -0.0528483
v -0.03860974 0.00556051 -0.05269389
v -0.04563961 0.0140742 -0.08087959
v -0.05472147 0.01193887 -0.09142255
v -0.04556603 0.00953084 -0.08075771
v -0.05885163 0.01186764 -0.08602792
v -0.05040996 0.01446938 -0.07619537
v -0.05038751 0.00949615 -0.07610832
v -0.06582561 0.01899808 -0.10045894
v -0.07845189 0.01720714 -0.10772704
v -0.06574859 0.01456195 -0.10056109
v -0.08087756 0.01711279 -0.10118059
v -0.06908034 0.01943397 -0.09439975
v -0.06906252 0.01446622 -0.09451877
v -0.09229619 0.0240156 -0.11231757
v -0.10750935 0.02201867 -0.11502577
v -0.09263608 0.01968359 -0.11247342
v -0.10816387 0.02200394 -0.10800373
v -0.09376836 0.02458751 -0.10547009
v -0.0941535 0.01962918 -0.10561209
v -0.12121867 0.02869439 -0.11568389
v -0.13657739 0.02640956 -0.11453188
v -0.12228004 0.02424001 -0.11560889
v -0.13581112 0.02634751 -0.10751457
v -0.12107314 0.02930825 -0.1086478
v -0.12218193 0.02422559 -0.10854584
v -0.14848536 0.03347295 -0.11238827
v -0.16253656 0.03077161 -0.10849934
v -0.15003129 0.02858781 -0.11210245
v -0.16057956 0.03046315 -0.10175342
v -0.14704448 0.03384 -0.10549465
v -0.14865514 0.02842098 -0.10518661
v -0.17220342 0.03852874 -0.10438424
v -0.18434846 0.03509801 -0.09836523
v -0.17398792 0.03296095 -0.10389975
v -0.18122348 0.03444761 -0.09222234
v -0.16961002 0.03846454 -0.09790518
v -0.17145031 0.03248935 -0.09740673
v -0.19171041 0.04340416 -0.09256752
v -0.20164093 0.0389418 -0.08471566
v -0.19358009 0.03712487 -0.0919566
v -0.19732856 0.03792154 -0.07960926
v -0.1879498 0.04285782 -0.08688088
v -0.1898545 0.0362876 -0.08627542
v -0.20666587 0.04725694 -0.07734932
v -0.21415579 0.04157751 -0.06790001
v -0.20848941 0.04044759 -0.0766832
v -0.20882719 0.0402472 -0.0642291
v -0.20178586 0.04627072 -0.07290136
v -0.20363092 0.03926181 -0.07226482
v -0.2169862 0.04921633 -0.05902687
v -0.22219833 0.04255414 -0.04821163
v -0.21866983 0.04226893 -0.05840594
v -0.21626776 0.04098457 -0.04599355
v -0.21128001 0.0479083 -0.05608528
v -0.21298375 0.04081642 -0.0554888
v -0.22338113 0.04900372 -0.03777504
v -0.22688281 0.04200327 -0.02603885
v -0.22490778 0.04246354 -0.03732742
v -0.22089776 0.04022091 -0.02488847
v -0.21727237 0.04745751 -0.03616521
v -0.21884685 0.04076707 -0.03569328
v -0.22665086 0.04672855 -0.01482121
v -0.22832235 0.04020714 -0.00598142
v -0.22820818 0.04117804 -0.01463117
v -0.22437435 0.03890579 -0.00559616
v -0.22495305 0.04432773 -0.00301373
v -0.2266635 0.03931105 -0.00296657
v -0.22094619 0.04514372 -0.01408891
v -0.22259625 0.03940421 -0.01387979
v -0.0225644 0.01057601 0.01117959
v -0.02215546 0.01602774 -0.00030436
v -0.02398001 0.01103037 -0.01398001
v -0.02261449 0.01064801 0.00034688
v -0.02733417 0.01102125 0.01191564
v -0.0242703 0.01641094 0.01428442
v -0.02467142 0.0107463 0.01509723
v -0.03026085 0.01168763 -0.01260628
v -0.0284917 0.01672732 0.00074612
v -0.0289521 0.01126462 0.00145086
v -0.02525982 0.01663583 -0.02887238
v -0.02853995 0.01292198 -0.04258279
v -0.02581956 0.01179158 -0.02837999
v -0.03453383 0.01369112 -0.040178
v -0.03142124 0.01757067 -0.02710793
v -0.0319969 0.0125029 -0.02656521
v -0.03200757 0.01877099 -0.05681486
v -0.03811724 0.01620453 -0.06929336
v -0.0325479 0.01440727 -0.0563183
v -0.04338798 0.01709067 -0.06539022
v -0.03765026 0.02003288 -0.05373135
v -0.03824666 0.01523292 -0.05319669
v -0.04515897 0.02218967 -0.08175535
v -0.05473888 0.02052205 -0.09177117
v -0.04552124 0.01826745 -0.08121444
v -0.05871786 0.02156901 -0.08635757
v -0.0497356 0.02382028 -0.07713479
v -0.05021153 0.01922339 -0.07652693
v -0.0654715 0.02633237 -0.1011763
v -0.07822976 0.02531147 -0.10764779
v -0.0657489 0.02289599 -0.1006538
v -0.08050889 0.02661842 -0.1011713
v -0.06848209 0.02841442 -0.09531977
v -0.06890899 0.02406501 -0.09463296
v -0.09130606 0.03083169 -0.11318997
v -0.10604339 0.03007757 -0.11536544
v -0.09185906 0.02769368 -0.1125401
v -0.10656721 0.03159552 -0.10848454
v -0.09254092 0.03332716 -0.10671575
v -0.09324228 0.02913492 -0.10579061
v -0.11922735 0.03577113 -0.11710048
v -0.13397792 0.03504431 -0.11527399
v -0.12018874 0.0324974 -0.11615955
v -0.13303813 0.03639316 -0.10840217
v -0.11882527 0.03830647 -0.11050422
v -0.11994156 0.03398096 -0.1092472
v -0.14595213 0.04169637 -0.11419113
v -0.15936917 0.04071867 -0.10964951
v -0.14709362 0.03780704 -0.11306009
v -0.15722325 0.04155761 -0.10301331
v -0.14420843 0.04375857 -0.10768245
v -0.14553043 0.0389288 -0.10627302
v -0.16944494 0.0486356 -0.10633943
v -0.18087214 0.04666692 -0.09972021
v -0.17063823 0.04371053 -0.1051731
v -0.1775884 0.04688888 -0.09365603
v -0.16653928 0.04993659 -0.10015929
v -0.16792228 0.0442444 -0.0987764
v -0.18877181 0.05553495 -0.09447275
v -0.19809874 0.05197387 -0.08618038
v -0.19004121 0.04947358 -0.0933789
v -0.19367826 0.05159723 -0.08108867
v -0.18475759 0.05605459 -0.08899649
v -0.18618246 0.04938721 -0.08774656
v -0.20367482 0.06096243 -0.07916618
v -0.2107588 0.05546987 -0.0693444
v -0.20499739 0.05401146 -0.07815627
v -0.20535588 0.05461287 -0.06564098
v -0.19862374 0.06081247 -0.07482408
v -0.20005071 0.05337631 -0.07372337
v -0.21406662 0.06354951 -0.06070109
v -0.21908119 0.05631142 -0.04947585
v -0.21540498 0.05622988 -0.05978284
v -0.21307361 0.05513572 -0.04723737
v -0.20824304 0.06289899 -0.05777944
v -0.20964971 0.05519467 -0.05683099
v -0.22064921 0.06285738 -0.0392704
v -0.22399601 0.05452054 -0.02695768
v -0.22193318 0.05573105 -0.03842772
v -0.21786978 0.05319291 -0.02583085
v -0.21443244 0.06192117 -0.0376208
v -0.21576947 0.05445081 -0.036804
v -0.22421008 0.05935072 -0.0162226
v -0.22533774 0.05097413 -0.0066074
v -0.22530427 0.05270922 -0.01538501
v -0.221228 0.05004376 -0.00617725
v -0.22255229 0.05651831 -0.00432727
v -0.22357493 0.04999083 -0.00352266
v -0.21832561 0.05839687 -0.01537503
v -0.21950763 0.05141747 -0.01461763
v -0.02162552 0.02229559 0.00964925
v -0.02087463 0.02656012 -0.00147471
v -0.02279986 0.02176195 -0.01509368
v -0.02157618 0.0219534 -0.00096869
v -0.02639431 0.02283781 0.01028579
v -0.02315251 0.02961665 0.01263605
v -0.02376601 0.02263981 0.01345352
v -0.02907382 0.02269047 -0.0138701
v -0.02715548 0.02950632 -0.0007715
v -0.02791199 0.0227434 -0.00000794
v -0.02360543 0.02588242 -0.02986539
v -0.02710866 0.02234274 -0.04362711
v -0.02448388 0.02187222 -0.02941431
v -0.03303832 0.02375108 -0.0413577
v -0.02958168 0.02904397 -0.02842821
v -0.03063403 0.02301347 -0.02774317
v -0.03020275 0.02651548 -0.05800605
v -0.03686756 0.02445447 -0.07049274
v -0.03115345 0.02323305 -0.05742847
v -0.04195175 0.02649706 -0.06675696
v -0.03546493 0.03008544 -0.05530767
v -0.03673325 0.02494293 -0.05444393
v -0.04375704 0.02848684 -0.0832436
v -0.05390822 0.0275765 -0.09312056
v -0.04450067 0.02591735 -0.08249483
v -0.05755537 0.03035783 -0.08807155
v -0.04763884 0.03276079 -0.07937134
v -0.0489267 0.02832371 -0.07805168
v -0.06439004 0.03133493 -0.10299138
v -0.07728984 0.03136634 -0.1091682
v -0.06494566 0.02938544 -0.10205724
v -0.0791855 0.03483015 -0.10338025
v -0.06649565 0.03646129 -0.0985808
v -0.06773454 0.03253448 -0.09656147
v -0.09004623 0.03519749 -0.11548099
v -0.10446675 0.03595095 -0.11746505
v -0.0906183 0.03354078 -0.11431718
v -0.10463333 0.03972244 -0.11148761
v -0.09045777 0.04086077 -0.11110679
v -0.09162954 0.03722214 -0.10838852
v -0.11781563 0.04041785 -0.12001163
v -0.13203463 0.04169952 -0.1179357
v -0.11837174 0.03863626 -0.1185716
v -0.13071236 0.04519861 -0.11194997
v -0.1168117 0.04609453 -0.11577582
v -0.11776318 0.04234427 -0.11257939
v -0.1447874 0.04758453 -0.11744669
v -0.15748834 0.0491833 -0.11247929
v -0.14515757 0.04524445 -0.11585525
v -0.15489324 0.05189472 -0.10657003
v -0.14258611 0.05279398 -0.11311972
v -0.14317479 0.04839748 -0.10988481
v -0.16861122 0.05682855 -0.1094868
v -0.1789903 0.05772215 -0.10240107
v -0.16877582 0.05343157 -0.10795549
v -0.1752887 0.05943423 -0.09687838
v -0.16536459 0.06138145 -0.10504799
v -0.1656121 0.05564647 -0.1021923
v -0.18799939 0.06644654 -0.09731029
v -0.19607925 0.06541109 -0.08859622
v -0.18810221 0.06179022 -0.0959321
v -0.19136199 0.06624114 -0.08387655
v -0.18381625 0.07047998 -0.09313173
v -0.18388092 0.06304025 -0.09075497
v -0.2027072 0.07400637 -0.08161852
v -0.20855954 0.07043099 -0.07149979
v -0.20289045 0.06836074 -0.08044056
v -0.20296844 0.07055056 -0.06800335
v -0.19758239 0.07764744 -0.07823252
v -0.19770479 0.06881332 -0.07629675
v -0.21276617 0.07747745 -0.06279565
v -0.21673512 0.07142609 -0.05139479
v -0.21311232 0.07141208 -0.0618083
v -0.2106122 0.07102996 -0.04920349
v -0.20676648 0.08043164 -0.06051924
v -0.20721015 0.07124424 -0.05898392
v -0.21916738 0.07661652 -0.04117324
v -0.22181758 0.06903857 -0.02879758
v -0.21961438 0.07059359 -0.04028789
v -0.21558439 0.06840896 -0.02754968
v -0.21260944 0.07877039 -0.03983986
v -0.2133553 0.07004344 -0.03862644
v -0.22315692 0.07287001 -0.01810193
v -0.22367787 0.06496661 -0.00844054
v -0.2234098 0.06688302 -0.01723382
v -0.21939757 0.06450921 -0.00782765
v -0.22152122 0.07256019 -0.00611615
v -0.22190803 0.06412828 -0.00526142
v -0.21678972 0.07476353 -0.01720106
v -0.21744412 0.06624996 -0.01627026
v -0.02454564 0.04320728 -0.00213151
v -0.02246367 0.04370629 -0.01639364
v -0.0192994 0.04442554 -0.00284404
v -0.02190003 0.04354852 0.00787931
v -0.02190034 0.0448603 -0.00257198
v -0.02495027 0.03765535 0.00867781
v -0.01981653 0.03717702 0.01163134
v -0.02242556 0.03752666 0.01186467
v -0.02695863 0.03650838 -0.01524864
v -0.02616619 0.03720843 -0.00150481
v -0.02630188 0.04110467 -0.02981126
v -0.02579028 0.04099607 -0.04463108
v -0.02110069 0.04168307 -0.03103574
v -0.02362464 0.04233104 -0.0304923
v -0.03035527 0.03550463 -0.04288214
v -0.02821262 0.03587579 -0.02912036
v -0.03178195 0.03952145 -0.05739036
v -0.03457557 0.03940516 -0.07211091
v -0.02720593 0.03888005 -0.05957868
v -0.02936644 0.03996235 -0.05857391
v -0.03885146 0.03613561 -0.06913864
v -0.03381448 0.03558725 -0.05629573
v -0.04359143 0.03993254 -0.08318255
v -0.05056215 0.04014766 -0.09686996
v -0.04009347 0.03780883 -0.08649639
v -0.04163977 0.03949576 -0.08503287
v -0.0543398 0.03855729 -0.09211824
v -0.04572568 0.03715884 -0.08118826
v -0.0626683 0.04233366 -0.10475023
v -0.07365755 0.04280787 -0.11558797
v -0.06050305 0.03908956 -0.10882216
v -0.06134615 0.0412718 -0.10715251
v -0.07622882 0.04214763 -0.10937366
v -0.06459591 0.04022908 -0.10160188
v -0.0877017 0.04604834 -0.11921475
v -0.10138674 0.04704469 -0.12594333
v -0.08701571 0.04229259 -0.12351658
v -0.08716129 0.04469388 -0.12188413
v -0.10238876 0.04672902 -0.11887922
v -0.08897464 0.04428678 -0.11516886
v -0.11563573 0.05132311 -0.12488114
v -0.13023072 0.0536524 -0.12722329
v -0.11630319 0.04758369 -0.12926578
v -0.11586273 0.0499764 -0.1276683
v -0.12954571 0.0529043 -0.11991508
v -0.11602728 0.04955822 -0.1203965
v -0.1431401 0.05921053 -0.12198723
v -0.15717327 0.06392025 -0.12068781
v -0.14513447 0.0560857 -0.12642073
v -0.14413189 0.05823975 -0.1247732
v -0.15486574 0.06161797 -0.11385164
v -0.14259973 0.05689644 -0.11762832
v -0.16730934 0.07097339 -0.11268402
v -0.1794759 0.07829964 -0.10894341
v -0.17047324 0.06917899 -0.11705827
v -0.16896167 0.07087492 -0.11533769
v -0.17602145 0.07295823 -0.10296392
v -0.1660203 0.06714975 -0.10889954
v -0.18656927 0.08439153 -0.09934295
v -0.19649854 0.09177184 -0.09377423
v -0.19060406 0.08418542 -0.1033912
v -0.18869447 0.08538347 -0.10172597
v -0.19236144 0.08349007 -0.08879597
v -0.18482786 0.0785107 -0.09623628
v -0.20035374 0.09520429 -0.08321967
v -0.20753756 0.10045099 -0.07586208
v -0.20501089 0.09632331 -0.08656778
v -0.2027696 0.09710961 -0.08517739
v -0.20344466 0.0901727 -0.07196167
v -0.19854497 0.08758014 -0.08072246
v -0.20843347 0.09858429 -0.06435474
v -0.21318396 0.09945863 -0.05495546
v -0.21326476 0.10039961 -0.06670776
v -0.21083235 0.10085338 -0.06575553
v -0.20994746 0.08972686 -0.05222818
v -0.20712631 0.09066021 -0.06245932
v -0.21291005 0.09517765 -0.04262661
v -0.21695309 0.09509879 -0.03169373
v -0.2176069 0.09723907 -0.04416093
v -0.21512386 0.09740775 -0.04355922
v -0.21430593 0.08595454 -0.02982293
v -0.2122665 0.0880568 -0.04128007
v -0.21851328 0.08203434 -0.00926552
v -0.22377747 0.08165049 -0.00711945
v -0.22060605 0.08903372 -0.01009459
v -0.2212713 0.08155351 -0.00668267
v -0.21674931 0.09061688 -0.01883557
v -0.22153979 0.09294742 -0.01997209
v -0.21897363 0.09292841 -0.01948517
v -0.21628981 0.0837239 -0.01806516
v -0.03033601 -0.0995801 0.0173009
v -0.03165971 -0.09891521 0.00688901
v -0.0335778 -0.11314672 -0.00626355
v -0.03170266 -0.11115807 0.00773682
v -0.03143912 -0.10503697 0.00726574
v -0.03132596 -0.10628455 0.01792037
v -0.03421824 -0.1207056 -0.00557941
v -0.03242388 -0.11319899 0.00801059
v -0.0348694 -0.10559743 -0.00649567
v -0.03079736 -0.09286201 0.01693181
v -0.03239334 -0.09687215 0.0069011
v -0.03061344 -0.09775286 0.02075001
v -0.036886 -0.11687129 -0.02049735
v -0.03994821 -0.13317054 -0.03433947
v -0.03639883 -0.12899267 -0.01976114
v -0.03640305 -0.12293034 -0.02019638
v -0.04073279 -0.14220172 -0.03348242
v -0.03701926 -0.1310172 -0.01945024
v -0.04105379 -0.12412542 -0.03456563
v -0.03770201 -0.11485159 -0.02040557
v -0.04439799 -0.13535809 -0.04885264
v -0.04943209 -0.15070939 -0.06260323
v -0.04455835 -0.14991629 -0.04796368
v -0.04424556 -0.14264375 -0.04849912
v -0.05067288 -0.16060948 -0.06165108
v -0.04526506 -0.15232467 -0.04755665
v -0.05000774 -0.1407147 -0.06271292
v -0.04508635 -0.13290935 -0.04871425
v -0.05547863 -0.1495015 -0.07672181
v -0.06297384 -0.16093963 -0.09001228
v -0.05624608 -0.1639167 -0.07619129
v -0.05564353 -0.15672314 -0.07658055
v -0.06435612 -0.16993117 -0.08931317
v -0.05701303 -0.16627776 -0.0757442
v -0.06324321 -0.15183669 -0.08953837
v -0.05602469 -0.14705324 -0.07642399
v -0.07131452 -0.15715444 -0.10228543
v -0.08129305 -0.16539657 -0.11352199
v -0.07209306 -0.17004782 -0.10233205
v -0.07151488 -0.16361004 -0.10248129
v -0.08229105 -0.17365813 -0.11291281
v -0.07277264 -0.1721698 -0.10183545
v -0.08161456 -0.15712022 -0.11253561
v -0.07176875 -0.15497446 -0.10174672
v -0.09239956 -0.16091746 -0.12217173
v -0.10448802 -0.16864037 -0.12958855
v -0.09253395 -0.17301631 -0.12271754
v -0.09233342 -0.1669597 -0.1226696
v -0.10464214 -0.17670893 -0.12921175
v -0.09293989 -0.17505985 -0.12214647
v -0.10508865 -0.16070759 -0.12799581
v -0.09279345 -0.15892344 -0.12139302
v -0.11800616 -0.16475242 -0.13303127
v -0.13138938 -0.17300558 -0.13529568
v -0.11730705 -0.17685514 -0.13433405
v -0.11760825 -0.1707831 -0.13394305
v -0.13072863 -0.18122834 -0.13521036
v -0.11732057 -0.17893755 -0.13378202
v -0.13205182 -0.1649422 -0.13325977
v -0.11828307 -0.16279661 -0.13202165
v -0.14601475 -0.16888153 -0.13245481
v -0.15954566 -0.17627567 -0.12815716
v -0.14494687 -0.18100142 -0.13344806
v -0.14552635 -0.17492842 -0.13321054
v -0.15849492 -0.18421828 -0.12748429
v -0.14461889 -0.18306267 -0.13284727
v -0.1599029 -0.16836494 -0.12686675
v -0.14607009 -0.16689807 -0.13150097
v -0.17331418 -0.17098474 -0.12022237
v -0.18536835 -0.17651557 -0.1108779
v -0.17239135 -0.18255263 -0.12053238
v -0.17297422 -0.17677134 -0.12060395
v -0.1842294 -0.18394911 -0.11030531
v -0.17186 -0.18447309 -0.11991433
v -0.18529701 -0.16902256 -0.10982531
v -0.17311576 -0.16904598 -0.11948107
v -0.19644269 -0.17020344 -0.09897025
v -0.20554605 -0.17397308 -0.08614129
v -0.19577184 -0.18099445 -0.09928914
v -0.19628426 -0.17560774 -0.09930552
v -0.20438116 -0.18092966 -0.08575747
v -0.19511741 -0.18276828 -0.0988243
v -0.2051225 -0.16695106 -0.08536467
v -0.19603455 -0.16837698 -0.0983809
v -0.21293425 -0.16633594 -0.07138454
v -0.21848329 -0.16793459 -0.05598281
v -0.21259123 -0.17671948 -0.07167115
v -0.21297815 -0.17153441 -0.07163982
v -0.21747696 -0.17481929 -0.05584473
v -0.21187779 -0.17843258 -0.07139077
v -0.21767118 -0.16102552 -0.05548263
v -0.21235486 -0.16458535 -0.07099276
v -0.2217102 -0.15771406 -0.03923312
v -0.22383108 -0.15638184 -0.02217456
v -0.22175154 -0.16792291 -0.03936573
v -0.22196477 -0.16281646 -0.03935082
v -0.22302845 -0.16311007 -0.02201915
v -0.22104892 -0.16962897 -0.03924045
v -0.22274157 -0.14970201 -0.02208419
v -0.22101047 -0.15601438 -0.03905053
v -0.22401675 -0.14386093 -0.00499796
v -0.22478526 -0.14117723 0.01191324
v -0.22449141 -0.15381515 -0.00472766
v -0.22449129 -0.1488263 -0.00488473
v -0.22432088 -0.14790499 0.01229419
v -0.22385156 -0.15550988 -0.00462225
v -0.2233541 -0.13458216 0.0117017
v -0.22323253 -0.14223569 -0.0049718
v -0.224839 -0.12935555 0.02736466
v -0.22606876 -0.12979286 0.03900715
v -0.22579368 -0.13960295 0.02791282
v -0.22555261 -0.13445931 0.02761393
v -0.22590425 -0.13510513 0.03938289
v -0.22523948 -0.1413716 0.02807425
v -0.22482073 -0.12461268 0.03880264
v -0.22561413 -0.12829887 0.04288613
v -0.22397658 -0.12770777 0.02735121
v -0.01779433 0.03661513 0.00806379
v -0.01739289 0.0420041 -0.00283573
v -0.01888847 0.0349431 -0.01639586
v -0.0190946 0.02987122 -0.0018308
v -0.01801488 0.03589326 -0.00234149
v -0.01916757 0.0305435 0.00861242
v -0.02117658 0.02742832 -0.01572206
v -0.02004884 0.02798008 -0.00165109
v -0.01841065 0.04287558 -0.01694231
v -0.01779947 0.04292881 0.00754875
v -0.01780932 0.04416102 -0.00296732
v -0.01833446 0.03695845 0.01154334
v -0.01935553 0.03931844 -0.03126462
v -0.02278711 0.03299635 -0.04532143
v -0.0216981 0.02863937 -0.03032187
v -0.02030458 0.03391373 -0.03082448
v -0.02528477 0.02697575 -0.04441696
v -0.02273746 0.02705025 -0.03008496
v -0.02200013 0.03966599 -0.04580505
v -0.01964914 0.04129368 -0.03131418
v -0.02575766 0.03656834 -0.06016603
v -0.03272377 0.03211486 -0.07327291
v -0.02836053 0.02839255 -0.05883811
v -0.02686023 0.03237754 -0.05958082
v -0.03524387 0.02802455 -0.07164912
v -0.02937332 0.02733677 -0.05839463
v -0.03161286 0.03722906 -0.07406188
v -0.02593791 0.03824222 -0.06013743
v -0.03922354 0.03537774 -0.0872726
v -0.05028874 0.03283816 -0.09754877
v -0.04222157 0.02945643 -0.08461513
v -0.04057771 0.0322625 -0.08606833
v -0.05281442 0.03007286 -0.09458585
v -0.04313946 0.02893185 -0.08381189
v -0.04863675 0.03703755 -0.09940913
v -0.03917482 0.03683161 -0.08732926
v -0.06028121 0.03644383 -0.10944996
v -0.074527 0.03531104 -0.11514388
v -0.06331273 0.03166735 -0.10485793
v -0.06172359 0.03385841 -0.10729744
v -0.07646635 0.0331456 -0.11093775
v -0.06402366 0.03146106 -0.10367364
v -0.07290559 0.03915005 -0.11819561
v -0.06001119 0.0378344 -0.10977304
v -0.08725176 0.03954875 -0.12386207
v -0.10274947 0.03954231 -0.12457849
v -0.08945582 0.03524625 -0.11768813
v -0.0883435 0.03718167 -0.12091787
v -0.10373931 0.03759294 -0.11955554
v -0.08984112 0.03517592 -0.11624027
v -0.10162647 0.04323309 -0.12847116
v -0.08692751 0.04091531 -0.12445198
v -0.11682073 0.04484301 -0.12944537
v -0.13173878 0.04609453 -0.12563781
v -0.11773683 0.04051661 -0.12244074
v -0.11732091 0.04246491 -0.12608352
v -0.13157996 0.04382264 -0.12038268
v -0.11775287 0.04043906 -0.12085899
v -0.1313602 0.05002486 -0.12975609
v -0.11655209 0.04621094 -0.13018201
v -0.14588064 0.05339479 -0.12668067
v -0.158789 0.05595415 -0.11975736
v -0.14530143 0.04814595 -0.11991678
v -0.14568364 0.05057668 -0.12344446
v -0.15746939 0.05245143 -0.11497028
v -0.14491909 0.04784989 -0.11835884
v -0.15917375 0.06085592 -0.1233472
v -0.14570742 0.05485075 -0.12736478
v -0.17144909 0.06641823 -0.11754864
v -0.18135431 0.06889176 -0.10881106
v -0.16965147 0.05843091 -0.11180842
v -0.17068842 0.06227225 -0.11483094
v -0.17926481 0.06277281 -0.10475808
v -0.16893103 0.05755549 -0.11039932
v -0.18218758 0.07604223 -0.11164486
v -0.17133975 0.06820732 -0.11804333
v -0.19180762 0.08120173 -0.10401717
v -0.19884452 0.08081388 -0.09399794
v -0.18936348 0.06936305 -0.09937443
v -0.19075897 0.07517451 -0.10184362
v -0.19641321 0.07210934 -0.09066682
v -0.18843179 0.0677126 -0.09816046
v -0.19976949 0.09022617 -0.09622251
v -0.19169887 0.08349871 -0.1043439
v -0.20651313 0.09313863 -0.08710677
v -0.21089035 0.08864313 -0.07589186
v -0.20418793 0.07800954 -0.08333436
v -0.20555293 0.08550387 -0.085344
v -0.20879226 0.07821911 -0.07321841
v -0.20318967 0.07570022 -0.08233775
v -0.21126651 0.09949535 -0.07772191
v -0.20629534 0.09587252 -0.08736266
v -0.21516853 0.09744966 -0.06703017
v -0.21786347 0.08914452 -0.05474594
v -0.21410554 0.08188843 -0.06410063
v -0.21486178 0.0896331 -0.06565201
v -0.21679455 0.07946133 -0.05280195
v -0.21325203 0.07940322 -0.06335419
v -0.21708172 0.09899097 -0.05613357
v -0.21467319 0.10015201 -0.06725733
v -0.21983566 0.09481501 -0.04432445
v -0.22236609 0.08601802 -0.03150014
v -0.22027695 0.08089739 -0.04215185
v -0.22029089 0.08784759 -0.04329523
v -0.22191235 0.07701164 -0.03009347
v -0.21964508 0.07860237 -0.04161956
v -0.22093188 0.09502786 -0.03251618
v -0.21905931 0.09716051 -0.0445145
v -0.22381961 0.0907098 -0.02017109
v -0.22548452 0.08226287 -0.01051033
v -0.22432982 0.07714444 -0.0188618
v -0.2243112 0.08393019 -0.01956128
v -0.2248663 0.07537353 -0.00992105
v -0.22370415 0.0748741 -0.01850995
v -0.22468218 0.08912843 -0.01083882
v -0.2252441 0.08169525 -0.00737925
v -0.22302547 0.09296149 -0.02025436
g Group34263
f 64 65 33
f 63 65 64
f 62 65 63
f 61 65 62
f 60 65 61
f 59 65 60
f 58 65 59
f 57 65 58
f 56 65 57
f 55 65 56
f 54 65 55
f 53 65 54
f 52 65 53
f 51 65 52
f 50 65 51
f 49 65 50
f 48 65 49
f 47 65 48
f 46 65 47
f 45 65 46
f 44 65 45
f 43 65 44
f 42 65 43
f 41 65 42
f 40 65 41
f 39 65 40
f 38 65 39
f 37 65 38
f 36 65 37
f 35 65 36
f 34 65 35
f 33 65 34
f 98 66 67 99
f 99 67 68 100
f 100 68 69 101
f 101 69 70 102
f 102 70 71 103
f 103 71 72 104
f 104 72 73 105
f 105 73 74 106
f 106 74 75 107
f 107 75 76 108
f 108 76 77 109
f 109 77 78 110
f 110 78 79 111
f 111 79 80 112
f 112 80 81 113
f 113 81 82 114
f 114 82 83 115
f 115 83 84 116
f 116 84 85 117
f 117 85 86 118
f 118 86 87 119
f 119 87 88 120
f 120 88 89 121
f 121 89 90 122
f 122 90 91 123
f 123 91 92 124
f 124 92 93 125
f 125 93 94 126
f 126 94 95 127
f 127 95 96 128
f 128 96 97 129
f 129 97 66 98
f 133 132 131 130
f 135 134 132 133
f 137 136 134 135
f 139 138 136 137
f 141 140 138 139
f 143 142 140 141
f 145 144 142 143
f 147 146 144 145
f 149 148 146 147
f 151 150 148 149
f 153 152 150 151
f 155 154 152 153
f 157 156 154 155
f 159 158 156 157
f 161 160 158 159
f 163 162 160 161
f 165 164 162 163
f 167 166 164 165
f 169 168 166 167
f 171 170 168 169
f 173 172 170 171
f 175 174 172 173
f 177 176 174 175
f 179 178 176 177
f 181 180 178 179
f 183 182 180 181
f 185 184 182 183
f 187 186 184 185
f 189 188 186 187
f 191 190 188 189
f 193 192 190 191
f 130 131 192 193
f 1 2 196 197
f 2 3 199 196
f 3 4 201 199
f 4 5 203 201
f 5 6 205 203
f 6 7 207 205
f 7 8 209 207
f 8 9 211 209
f 9 10 213 211
f 10 11 215 213
f 11 12 217 215
f 12 13 219 217
f 13 14 221 219
f 14 15 223 221
f 15 16 225 223
f 16 17 227 225
f 17 18 229 227
f 18 19 231 229
f 19 20 233 231
f 20 21 235 233
f 21 22 237 235
f 22 23 239 237
f 23 24 241 239
f 24 25 243 241
f 25 26 245 243
f 26 27 247 245
f 27 28 249 247
f 28 29 251 249
f 29 30 253 251
f 30 31 255 253
f 31 32 257 255
f 32 1 197 257
f 195 194 197 196
f 196 199 198 195
f 199 201 200 198
f 201 203 202 200
f 203 205 204 202
f 205 207 206 204
f 207 209 208 206
f 209 211 210 208
f 211 213 212 210
f 213 215 214 212
f 215 217 216 214
f 217 219 218 216
f 219 221 220 218
f 221 223 222 220
f 223 225 224 222
f 225 227 226 224
f 227 229 228 226
f 229 231 230 228
f 231 233 232 230
f 233 235 234 232
f 235 237 236 234
f 237 239 238 236
f 239 241 240 238
f 241 243 242 240
f 243 245 244 242
f 245 247 246 244
f 247 249 248 246
f 249 251 250 248
f 251 253 252 250
f 253 255 254 252
f 255 257 256 254
f 194 256 257 197
f 67 66 258 259
f 68 67 259 260
f 69 68 260 261
f 70 69 261 262
f 71 70 262 263
f 72 71 263 264
f 73 72 264 265
f 74 73 265 266
f 75 74 266 267
f 76 75 267 268
f 77 76 268 269
f 78 77 269 270
f 79 78 270 271
f 80 79 271 272
f 81 80 272 273
f 82 81 273 274
f 83 82 274 275
f 84 83 275 276
f 85 84 276 277
f 86 85 277 278
f 87 86 278 279
f 88 87 279 280
f 89 88 280 281
f 90 89 281 282
f 91 90 282 283
f 92 91 283 284
f 93 92 284 285
f 94 93 285 286
f 95 94 286 287
f 96 95 287 288
f 97 96 288 289
f 66 97 289 258
f 290 194 195 291
f 291 195 198 292
f 292 198 200 293
f 293 200 202 294
f 294 202 204 295
f 295 204 206 296
f 296 206 208 297
f 297 208 210 298
f 298 210 212 299
f 299 212 214 300
f 300 214 216 301
f 301 216 218 302
f 302 218 220 303
f 303 220 222 304
f 304 222 224 305
f 305 224 226 306
f 306 226 228 307
f 307 228 230 308
f 308 230 232 309
f 309 232 234 310
f 310 234 236 311
f 311 236 238 312
f 312 238 240 313
f 313 240 242 314
f 314 242 244 315
f 315 244 246 316
f 316 246 248 317
f 317 248 250 318
f 318 250 252 319
f 319 252 254 320
f 320 254 256 321
f 321 256 194 290
f 291 292 260 259
f 292 293 261 260
f 293 294 262 261
f 294 295 263 262
f 295 296 264 263
f 296 297 265 264
f 297 298 266 265
f 298 299 267 266
f 299 300 268 267
f 300 301 269 268
f 301 302 270 269
f 302 303 271 270
f 303 304 272 271
f 304 305 273 272
f 305 306 274 273
f 306 307 275 274
f 307 308 276 275
f 308 309 277 276
f 309 310 278 277
f 310 311 279 278
f 311 312 280 279
f 312 313 281 280
f 313 314 282 281
f 314 315 283 282
f 315 316 284 283
f 316 317 285 284
f 317 318 286 285
f 318 319 287 286
f 319 320 288 287
f 320 321 289 288
f 259 258 290 291
f 258 289 321 290
f 322 33 34 323
f 323 34 35 324
f 324 35 36 325
f 325 36 37 326
f 326 37 38 327
f 327 38 39 328
f 328 39 40 329
f 329 40 41 330
f 330 41 42 331
f 331 42 43 332
f 332 43 44 333
f 333 44 45 334
f 334 45 46 335
f 335 46 47 336
f 336 47 48 337
f 337 48 49 338
f 338 49 50 339
f 339 50 51 340
f 340 51 52 341
f 341 52 53 342
f 342 53 54 343
f 343 54 55 344
f 344 55 56 345
f 345 56 57 346
f 346 57 58 347
f 347 58 59 348
f 348 59 60 349
f 349 60 61 350
f 350 61 62 351
f 351 62 63 352
f 352 63 64 353
f 353 64 33 322
f 354 355 131 132
f 356 354 132 134
f 357 356 134 136
f 358 357 136 138
f 359 358 138 140
f 360 359 140 142
f 361 360 142 144
f 362 361 144 146
f 363 362 146 148
f 364 363 148 150
f 365 364 150 152
f 366 365 152 154
f 367 366 154 156
f 368 367 156 158
f 369 368 158 160
f 370 369 160 162
f 371 370 162 164
f 372 371 164 166
f 373 372 166 168
f 374 373 168 170
f 375 374 170 172
f 376 375 172 174
f 377 376 174 176
f 378 377 176 178
f 379 378 178 180
f 380 379 180 182
f 381 380 182 184
f 382 381 184 186
f 383 382 186 188
f 384 383 188 190
f 385 384 190 192
f 355 385 192 131
f 355 354 353 322
f 352 353 354 356
f 351 352 356 357
f 350 351 357 358
f 349 350 358 359
f 348 349 359 360
f 347 348 360 361
f 346 347 361 362
f 345 346 362 363
f 344 345 363 364
f 343 344 364 365
f 342 343 365 366
f 341 342 366 367
f 340 341 367 368
f 339 340 368 369
f 338 339 369 370
f 337 338 370 371
f 336 337 371 372
f 335 336 372 373
f 334 335 373 374
f 333 334 374 375
f 332 333 375 376
f 331 332 376 377
f 330 331 377 378
f 329 330 378 379
f 328 329 379 380
f 327 328 380 381
f 326 327 381 382
f 325 326 382 383
f 324 325 383 384
f 323 324 384 385
f 322 323 385 355
f 32 386 387 1
f 31 388 386 32
f 30 389 388 31
f 29 390 389 30
f 28 391 390 29
f 27 392 391 28
f 26 393 392 27
f 25 394 393 26
f 24 395 394 25
f 23 396 395 24
f 22 397 396 23
f 21 398 397 22
f 20 399 398 21
f 19 400 399 20
f 18 401 400 19
f 17 402 401 18
f 16 403 402 17
f 15 404 403 16
f 14 405 404 15
f 13 406 405 14
f 12 407 406 13
f 11 408 407 12
f 10 409 408 11
f 9 410 409 10
f 8 411 410 9
f 7 412 411 8
f 6 413 412 7
f 5 414 413 6
f 4 415 414 5
f 3 416 415 4
f 2 417 416 3
f 1 387 417 2
f 418 419 133 130
f 419 420 135 133
f 420 421 137 135
f 421 422 139 137
f 422 423 141 139
f 423 424 143 141
f 424 425 145 143
f 425 426 147 145
f 426 427 149 147
f 427 428 151 149
f 428 429 153 151
f 429 430 155 153
f 430 431 157 155
f 431 432 159 157
f 432 433 161 159
f 433 434 163 161
f 434 435 165 163
f 435 436 167 165
f 436 437 169 167
f 437 438 171 169
f 438 439 173 171
f 439 440 175 173
f 440 441 177 175
f 441 442 179 177
f 442 443 181 179
f 443 444 183 181
f 444 445 185 183
f 445 446 187 185
f 446 447 189 187
f 447 448 191 189
f 448 449 193 191
f 449 418 130 193
f 419 418 387 386
f 418 449 417 387
f 386 388 420 419
f 388 389 421 420
f 389 390 422 421
f 390 391 423 422
f 391 392 424 423
f 392 393 425 424
f 393 394 426 425
f 394 395 427 426
f 395 396 428 427
f 396 397 429 428
f 397 398 430 429
f 398 399 431 430
f 399 400 432 431
f 400 401 433 432
f 401 402 434 433
f 402 403 435 434
f 403 404 436 435
f 404 405 437 436
f 405 406 438 437
f 406 407 439 438
f 407 408 440 439
f 408 409 441 440
f 409 410 442 441
f 410 411 443 442
f 411 412 444 443
f 412 413 445 444
f 413 414 446 445
f 414 415 447 446
f 415 416 448 447
f 416 417 449 448
f 450 451 452
f 129 98 453 454
f 450 455 451
f 128 129 454 456
f 450 457 455
f 127 128 456 458
f 450 459 457
f 126 127 458 460
f 450 461 459
f 125 126 460 462
f 450 463 461
f 124 125 462 464
f 450 465 463
f 123 124 464 466
f 450 467 465
f 122 123 466 468
f 450 469 467
f 121 122 468 470
f 450 471 469
f 120 121 470 472
f 450 473 471
f 119 120 472 474
f 450 475 473
f 118 119 474 476
f 450 477 475
f 117 118 476 478
f 450 479 477
f 116 117 478 480
f 450 481 479
f 115 116 480 482
f 450 483 481
f 114 115 482 484
f 450 485 483
f 113 114 484 486
f 450 487 485
f 112 113 486 488
f 450 489 487
f 111 112 488 490
f 450 491 489
f 110 111 490 492
f 450 493 491
f 109 110 492 494
f 450 495 493
f 108 109 494 496
f 450 497 495
f 107 108 496 498
f 450 499 497
f 106 107 498 500
f 450 501 499
f 105 106 500 502
f 450 503 501
f 104 105 502 504
f 450 505 503
f 103 104 504 506
f 450 507 505
f 102 103 506 508
f 450 509 507
f 101 102 508 510
f 450 511 509
f 100 101 510 512
f 450 513 511
f 99 100 512 514
f 450 452 513
f 98 99 514 453
f 452 451 454 453
f 451 455 456 454
f 455 457 458 456
f 457 459 460 458
f 459 461 462 460
f 461 463 464 462
f 463 465 466 464
f 465 467 468 466
f 467 469 470 468
f 469 471 472 470
f 471 473 474 472
f 473 475 476 474
f 475 477 478 476
f 477 479 480 478
f 479 481 482 480
f 481 483 484 482
f 483 485 486 484
f 485 487 488 486
f 487 489 490 488
f 489 491 492 490
f 491 493 494 492
f 493 495 496 494
f 495 497 498 496
f 497 499 500 498
f 499 501 502 500
f 501 503 504 502
f 503 505 506 504
f 505 507 508 506
f 507 509 510 508
f 509 511 512 510
f 511 513 514 512
f 453 514 513 452
f 578 579 547
f 577 579 578
f 576 579 577
f 575 579 576
f 574 579 575
f 573 579 574
f 572 579 573
f 571 579 572
f 570 579 571
f 569 579 570
f 568 579 569
f 567 579 568
f 566 579 567
f 565 579 566
f 564 579 565
f 563 579 564
f 562 579 563
f 561 579 562
f 560 579 561
f 559 579 560
f 558 579 559
f 557 579 558
f 556 579 557
f 555 579 556
f 554 579 555
f 553 579 554
f 552 579 553
f 551 579 552
f 550 579 551
f 549 579 550
f 548 579 549
f 547 579 548
f 612 580 581 613
f 613 581 582 614
f 614 582 583 615
f 615 583 584 616
f 616 584 585 617
f 617 585 586 618
f 618 586 587 619
f 619 587 588 620
f 620 588 589 621
f 621 589 590 622
f 622 590 591 623
f 623 591 592 624
f 624 592 593 625
f 625 593 594 626
f 626 594 595 627
f 627 595 596 628
f 628 596 597 629
f 629 597 598 630
f 630 598 599 631
f 631 599 600 632
f 632 600 601 633
f 633 601 602 634
f 634 602 603 635
f 635 603 604 636
f 636 604 605 637
f 637 605 606 638
f 638 606 607 639
f 639 607 608 640
f 640 608 609 641
f 641 609 610 642
f 642 610 611 643
f 643 611 580 612
f 647 646 645 644
f 649 648 646 647
f 651 650 648 649
f 653 652 650 651
f 655 654 652 653
f 657 656 654 655
f 659 658 656 657
f 661 660 658 659
f 663 662 660 661
f 665 664 662 663
f 667 666 664 665
f 669 668 666 667
f 671 670 668 669
f 673 672 670 671
f 675 674 672 673
f 677 676 674 675
f 679 678 676 677
f 681 680 678 679
f 683 682 680 681
f 685 684 682 683
f 687 686 684 685
f 689 688 686 687
f 691 690 688 689
f 693 692 690 691
f 695 694 692 693
f 697 696 694 695
f 699 698 696 697
f 701 700 698 699
f 703 702 700 701
f 705 704 702 703
f 707 706 704 705
f 644 645 706 707
f 515 516 710 711
f 516 517 713 710
f 517 518 715 713
f 518 519 717 715
f 519 520 719 717
f 520 521 721 719
f 521 522 723 721
f 522 523 725 723
f 523 524 727 725
f 524 525 729 727
f 525 526 731 729
f 526 527 733 731
f 527 528 735 733
f 528 529 737 735
f 529 530 739 737
f 530 531 741 739
f 531 532 743 741
f 532 533 745 743
f 533 534 747 745
f 534 535 749 747
f 535 536 751 749
f 536 537 753 751
f 537 538 755 753
f 538 539 757 755
f 539 540 759 757
f 540 541 761 759
f 541 542 763 761
f 542 543 765 763
f 543 544 767 765
f 544 545 769 767
f 545 546 771 769
f 546 515 711 771
f 709 708 711 710
f 710 713 712 709
f 713 715 714 712
f 715 717 716 714
f 717 719 718 716
f 719 721 720 718
f 721 723 722 720
f 723 725 724 722
f 725 727 726 724
f 727 729 728 726
f 729 731 730 728
f 731 733 732 730
f 733 735 734 732
f 735 737 736 734
f 737 739 738 736
f 739 741 740 738
f 741 743 742 740
f 743 745 744 742
f 745 747 746 744
f 747 749 748 746
f 749 751 750 748
f 751 753 752 750
f 753 755 754 752
f 755 757 756 754
f 757 759 758 756
f 759 761 760 758
f 761 763 762 760
f 763 765 764 762
f 765 767 766 764
f 767 769 768 766
f 769 771 770 768
f 708 770 771 711
f 581 580 772 773
f 582 581 773 774
f 583 582 774 775
f 584 583 775 776
f 585 584 776 777
f 586 585 777 778
f 587 586 778 779
f 588 587 779 780
f 589 588 780 781
f 590 589 781 782
f 591 590 782 783
f 592 591 783 784
f 593 592 784 785
f 594 593 785 786
f 595 594 786 787
f 596 595 787 788
f 597 596 788 789
f 598 597 789 790
f 599 598 790 791
f 600 599 791 792
f 601 600 792 793
f 602 601 793 794
f 603 602 794 795
f 604 603 795 796
f 605 604 796 797
f 606 605 797 798
f 607 606 798 799
f 608 607 799 800
f 609 608 800 801
f 610 609 801 802
f 611 610 802 803
f 580 611 803 772
f 804 708 709 805
f 805 709 712 806
f 806 712 714 807
f 807 714 716 808
f 808 716 718 809
f 809 718 720 810
f 810 720 722 811
f 811 722 724 812
f 812 724 726 813
f 813 726 728 814
f 814 728 730 815
f 815 730 732 816
f 816 732 734 817
f 817 734 736 818
f 818 736 738 819
f 819 738 740 820
f 820 740 742 821
f 821 742 744 822
f 822 744 746 823
f 823 746 748 824
f 824 748 750 825
f 825 750 752 826
f 826 752 754 827
f 827 754 756 828
f 828 756 758 829
f 829 758 760 830
f 830 760 762 831
f 831 762 764 832
f 832 764 766 833
f 833 766 768 834
f 834 768 770 835
f 835 770 708 804
f 805 806 774 773
f 806 807 775 774
f 807 808 776 775
f 808 809 777 776
f 809 810 778 777
f 810 811 779 778
f 811 812 780 779
f 812 813 781 780
f 813 814 782 781
f 814 815 783 782
f 815 816 784 783
f 816 817 785 784
f 817 818 786 785
f 818 819 787 786
f 819 820 788 787
f 820 821 789 788
f 821 822 790 789
f 822 823 791 790
f 823 824 792 791
f 824 825 793 792
f 825 826 794 793
f 826 827 795 794
f 827 828 796 795
f 828 829 797 796
f 829 830 798 797
f 830 831 799 798
f 831 832 800 799
f 832 833 801 800
f 833 834 802 801
f 834 835 803 802
f 773 772 804 805
f 772 803 835 804
f 836 547 548 837
f 837 548 549 838
f 838 549 550 839
f 839 550 551 840
f 840 551 552 841
f 841 552 553 842
f 842 553 554 843
f 843 554 555 844
f 844 555 556 845
f 845 556 557 846
f 846 557 558 847
f 847 558 559 848
f 848 559 560 849
f 849 560 561 850
f 850 561 562 851
f 851 562 563 852
f 852 563 564 853
f 853 564 565 854
f 854 565 566 855
f 855 566 567 856
f 856 567 568 857
f 857 568 569 858
f 858 569 570 859
f 859 570 571 860
f 860 571 572 861
f 861 572 573 862
f 862 573 574 863
f 863 574 575 864
f 864 575 576 865
f 865 576 577 866
f 866 577 578 867
f 867 578 547 836
f 868 869 645 646
f 870 868 646 648
f 871 870 648 650
f 872 871 650 652
f 873 872 652 654
f 874 873 654 656
f 875 874 656 658
f 876 875 658 660
f 877 876 660 662
f 878 877 662 664
f 879 878 664 666
f 880 879 666 668
f 881 880 668 670
f 882 881 670 672
f 883 882 672 674
f 884 883 674 676
f 885 884 676 678
f 886 885 678 680
f 887 886 680 682
f 888 887 682 684
f 889 888 684 686
f 890 889 686 688
f 891 890 688 690
f 892 891 690 692
f 893 892 692 694
f 894 893 694 696
f 895 894 696 698
f 896 895 698 700
f 897 896 700 702
f 898 897 702 704
f 899 898 704 706
f 869 899 706 645
f 869 868 867 836
f 866 867 868 870
f 865 866 870 871
f 864 865 871 872
f 863 864 872 873
f 862 863 873 874
f 861 862 874 875
f 860 861 875 876
f 859 860 876 877
f 858 859 877 878
f 857 858 878 879
f 856 857 879 880
f 855 856 880 881
f 854 855 881 882
f 853 854 882 883
f 852 853 883 884
f 851 852 884 885
f 850 851 885 886
f 849 850 886 887
f 848 849 887 888
f 847 848 888 889
f 846 847 889 890
f 845 846 890 891
f 844 845 891 892
f 843 844 892 893
f 842 843 893 894
f 841 842 894 895
f 840 841 895 896
f 839 840 896 897
f 838 839 897 898
f 837 838 898 899
f 836 837 899 869
f 546 900 901 515
f 545 902 900 546
f 544 903 902 545
f 543 904 903 544
f 542 905 904 543
f 541 906 905 542
f 540 907 906 541
f 539 908 907 540
f 538 909 908 539
f 537 910 909 538
f 536 911 910 537
f 535 912 911 536
f 534 913 912 535
f 533 914 913 534
f 532 915 914 533
f 531 916 915 532
f 530 917 916 531
f 529 918 917 530
f 528 919 918 529
f 527 920 919 528
f 526 921 920 527
f 525 922 921 526
f 524 923 922 525
f 523 924 923 524
f 522 925 924 523
f 521 926 925 522
f 520 927 926 521
f 519 928 927 520
f 518 929 928 519
f 517 930 929 518
f 516 931 930 517
f 515 901 931 516
f 932 933 647 644
f 933 934 649 647
f 934 935 651 649
f 935 936 653 651
f 936 937 655 653
f 937 938 657 655
f 938 939 659 657
f 939 940 661 659
f 940 941 663 661
f 941 942 665 663
f 942 943 667 665
f 943 944 669 667
f 944 945 671 669
f 945 946 673 671
f 946 947 675 673
f 947 948 677 675
f 948 949 679 677
f 949 950 681 679
f 950 951 683 681
f 951 952 685 683
f 952 953 687 685
f 953 954 689 687
f 954 955 691 689
f 955 956 693 691
f 956 957 695 693
f 957 958 697 695
f 958 959 699 697
f 959 960 701 699
f 960 961 703 701
f 961 962 705 703
f 962 963 707 705
f 963 932 644 707
f 933 932 901 900
f 932 963 931 901
f 900 902 934 933
f 902 903 935 934
f 903 904 936 935
f 904 905 937 936
f 905 906 938 937
f 906 907 939 938
f 907 908 940 939
f 908 909 941 940
f 909 910 942 941
f 910 911 943 942
f 911 912 944 943
f 912 913 945 944
f 913 914 946 945
f 914 915 947 946
f 915 916 948 947
f 916 917 949 948
f 917 918 950 949
f 918 919 951 950
f 919 920 952 951
f 920 921 953 952
f 921 922 954 953
f 922 923 955 954
f 923 924 956 955
f 924 925 957 956
f 925 926 958 957
f 926 927 959 958
f 927 928 960 959
f 928 929 961 960
f 929 930 962 961
f 930 931 963 962
f 964 965 966
f 643 612 967 968
f 964 969 965
f 642 643 968 970
f 964 971 969
f 641 642 970 972
f 964 973 971
f 640 641 972 974
f 964 975 973
f 639 640 974 976
f 964 977 975
f 638 639 976 978
f 964 979 977
f 637 638 978 980
f 964 981 979
f 636 637 980 982
f 964 983 981
f 635 636 982 984
f 964 985 983
f 634 635 984 986
f 964 987 985
f 633 634 986 988
f 964 989 987
f 632 633 988 990
f 964 991 989
f 631 632 990 992
f 964 993 991
f 630 631 992 994
f 964 995 993
f 629 630 994 996
f 964 997 995
f 628 629 996 998
f 964 999 997
f 627 628 998 1000
f 964 1001 999
f 626 627 1000 1002
f 964 1003 1001
f 625 626 1002 1004
f 964 1005 1003
f 624 625 1004 1006
f 964 1007 1005
f 623 624 1006 1008
f 964 1009 1007
f 622 623 1008 1010
f 964 1011 1009
f 621 622 1010 1012
f 964 1013 1011
f 620 621 1012 1014
f 964 1015 1013
f 619 620 1014 1016
f 964 1017 1015
f 618 619 1016 1018
f 964 1019 1017
f 617 618 1018 1020
f 964 1021 1019
f 616 617 1020 1022
f 964 1023 1021
f 615 616 1022 1024
f 964 1025 1023
f 614 615 1024 1026
f 964 1027 1025
f 613 614 1026 1028
f 964 966 1027
f 612 613 1028 967
f 966 965 968 967
f 965 969 970 968
f 969 971 972 970
f 971 973 974 972
f 973 975 976 974
f 975 977 978 976
f 977 979 980 978
f 979 981 982 980
f 981 983 984 982
f 983 985 986 984
f 985 987 988 986
f 987 989 990 988
f 989 991 992 990
f 991 993 994 992
f 993 995 996 994
f 995 997 998 996
f 997 999 1000 998
f 999 1001 1002 1000
f 1001 1003 1004 1002
f 1003 1005 1006 1004
f 1005 1007 1008 1006
f 1007 1009 1010 1008
f 1009 1011 1012 1010
f 1011 1013 1014 1012
f 1013 1015 1016 1014
f 1015 1017 1018 1016
f 1017 1019 1020 1018
f 1019 1021 1022 1020
f 1021 1023 1024 1022
f 1023 1025 1026 1024
f 1025 1027 1028 1026
f 967 1028 1027 966
f 1076 1075 1074 1073
f 1034 1030 1076 1073
f 1030 1052 1075 1076
f 1030 1034 1049 1052
f 1082 1081 1080 1079
f 1051 1032 1082 1079
f 1032 1036 1081 1082
f 1032 1051 1050 1036
f 1077 1078 1085 1084
f 1047 1046 1077 1084
f 1046 1047 1053 1054
f 1089 1088 1087 1086
f 1043 1044 1086 1087
f 1055 1044 1043 1056
f 1087 1088 1123 1124
f 1046 1117 1118 1077
f 1043 1125 1126 1056
f 1079 1080 1091 1090
f 1031 1051 1079 1090
f 1035 1031 1090 1091
f 1051 1031 1035 1050
f 1078 1083 1092 1085
f 1039 1037 1092 1083
f 1054 1053 1037 1039
f 1094 1074 1075 1093
f 1029 1033 1094 1093
f 1052 1029 1093 1075
f 1033 1029 1052 1049
f 1083 1078 1119 1120
f 1040 1127 1128 1095
f 1039 1121 1122 1054
f 1095 1088 1089 1096
f 1041 1040 1095 1096
f 1040 1041 1055 1056
f 1085 1098 1097 1084
f 1057 1059 1097 1098
f 1053 1047 1059 1057
f 1097 1100 1099 1084
f 1048 1047 1084 1099
f 1059 1058 1100 1097
f 1059 1047 1048 1058
f 1099 1100 1101 1081
f 1036 1048 1099 1081
f 1058 1061 1101 1100
f 1048 1036 1061 1058
f 1101 1102 1080 1081
f 1061 1060 1102 1101
f 1061 1036 1050 1060
f 1080 1102 1103 1091
f 1060 1063 1103 1102
f 1050 1035 1063 1060
f 1103 1105 1104 1091
f 1038 1035 1091 1104
f 1063 1062 1105 1103
f 1063 1035 1038 1062
f 1104 1105 1106 1092
f 1037 1038 1104 1092
f 1062 1064 1106 1105
f 1038 1037 1064 1062
f 1106 1098 1085 1092
f 1064 1057 1098 1106
f 1064 1037 1053 1057
f 1109 1108 1107 1086
f 1044 1045 1109 1086
f 1065 1067 1107 1108
f 1045 1044 1067 1065
f 1107 1110 1089 1086
f 1067 1066 1110 1107
f 1067 1044 1055 1066
f 1089 1110 1111 1096
f 1066 1069 1111 1110
f 1055 1041 1069 1066
f 1111 1113 1112 1096
f 1042 1041 1096 1112
f 1069 1068 1113 1111
f 1069 1041 1042 1068
f 1074 1115 1114 1073
f 1070 1071 1114 1115
f 1049 1034 1071 1070
f 1114 1108 1109 1073
f 1045 1034 1073 1109
f 1071 1065 1108 1114
f 1071 1034 1045 1065
f 1112 1113 1116 1094
f 1033 1042 1112 1094
f 1068 1072 1116 1113
f 1042 1033 1072 1068
f 1116 1115 1074 1094
f 1072 1070 1115 1116
f 1072 1033 1049 1070
f 1127 1040 1056 1126
f 1117 1129 1130 1118
f 1128 1123 1088 1095
f 1120 1119 1131 1132
f 1125 1043 1087 1124
f 1121 1133 1134 1122
f 1127 1133 1132 1128
f 1125 1129 1134 1126
f 1124 1123 1131 1130
f 1118 1119 1078 1077
f 1117 1046 1054 1122
f 1121 1039 1083 1120
f 1129 1125 1124 1130
f 1132 1131 1123 1128
f 1133 1127 1126 1134
f 1133 1121 1120 1132
f 1129 1117 1122 1134
f 1130 1131 1119 1118
f 1198 1199 1167
f 1197 1199 1198
f 1196 1199 1197
f 1195 1199 1196
f 1194 1199 1195
f 1193 1199 1194
f 1192 1199 1193
f 1191 1199 1192
f 1190 1199 1191
f 1189 1199 1190
f 1188 1199 1189
f 1187 1199 1188
f 1186 1199 1187
f 1185 1199 1186
f 1184 1199 1185
f 1183 1199 1184
f 1182 1199 1183
f 1181 1199 1182
f 1180 1199 1181
f 1179 1199 1180
f 1178 1199 1179
f 1177 1199 1178
f 1176 1199 1177
f 1175 1199 1176
f 1174 1199 1175
f 1173 1199 1174
f 1172 1199 1173
f 1171 1199 1172
f 1170 1199 1171
f 1169 1199 1170
f 1168 1199 1169
f 1167 1199 1168
f 1232 1200 1201 1233
f 1233 1201 1202 1234
f 1234 1202 1203 1235
f 1235 1203 1204 1236
f 1236 1204 1205 1237
f 1237 1205 1206 1238
f 1238 1206 1207 1239
f 1239 1207 1208 1240
f 1240 1208 1209 1241
f 1241 1209 1210 1242
f 1242 1210 1211 1243
f 1243 1211 1212 1244
f 1244 1212 1213 1245
f 1245 1213 1214 1246
f 1246 1214 1215 1247
f 1247 1215 1216 1248
f 1248 1216 1217 1249
f 1249 1217 1218 1250
f 1250 1218 1219 1251
f 1251 1219 1220 1252
f 1252 1220 1221 1253
f 1253 1221 1222 1254
f 1254 1222 1223 1255
f 1255 1223 1224 1256
f 1256 1224 1225 1257
f 1257 1225 1226 1258
f 1258 1226 1227 1259
f 1259 1227 1228 1260
f 1260 1228 1229 1261
f 1261 1229 1230 1262
f 1262 1230 1231 1263
f 1263 1231 1200 1232
f 1267 1266 1265 1264
f 1269 1268 1266 1267
f 1271 1270 1268 1269
f 1273 1272 1270 1271
f 1275 1274 1272 1273
f 1277 1276 1274 1275
f 1279 1278 1276 1277
f 1281 1280 1278 1279
f 1283 1282 1280 1281
f 1285 1284 1282 1283
f 1287 1286 1284 1285
f 1289 1288 1286 1287
f 1291 1290 1288 1289
f 1293 1292 1290 1291
f 1295 1294 1292 1293
f 1297 1296 1294 1295
f 1299 1298 1296 1297
f 1301 1300 1298 1299
f 1303 1302 1300 1301
f 1305 1304 1302 1303
f 1307 1306 1304 1305
f 1309 1308 1306 1307
f 1311 1310 1308 1309
f 1313 1312 1310 1311
f 1315 1314 1312 1313
f 1317 1316 1314 1315
f 1319 1318 1316 1317
f 1321 1320 1318 1319
f 1323 1322 1320 1321
f 1325 1324 1322 1323
f 1327 1326 1324 1325
f 1264 1265 1326 1327
f 1135 1136 1330 1331
f 1136 1137 1333 1330
f 1137 1138 1335 1333
f 1138 1139 1337 1335
f 1139 1140 1339 1337
f 1140 1141 1341 1339
f 1141 1142 1343 1341
f 1142 1143 1345 1343
f 1143 1144 1347 1345
f 1144 1145 1349 1347
f 1145 1146 1351 1349
f 1146 1147 1353 1351
f 1147 1148 1355 1353
f 1148 1149 1357 1355
f 1149 1150 1359 1357
f 1150 1151 1361 1359
f 1151 1152 1363 1361
f 1152 1153 1365 1363
f 1153 1154 1367 1365
f 1154 1155 1369 1367
f 1155 1156 1371 1369
f 1156 1157 1373 1371
f 1157 1158 1375 1373
f 1158 1159 1377 1375
f 1159 1160 1379 1377
f 1160 1161 1381 1379
f 1161 1162 1383 1381
f 1162 1163 1385 1383
f 1163 1164 1387 1385
f 1164 1165 1389 1387
f 1165 1166 1391 1389
f 1166 1135 1331 1391
f 1329 1328 1331 1330
f 1330 1333 1332 1329
f 1333 1335 1334 1332
f 1335 1337 1336 1334
f 1337 1339 1338 1336
f 1339 1341 1340 1338
f 1341 1343 1342 1340
f 1343 1345 1344 1342
f 1345 1347 1346 1344
f 1347 1349 1348 1346
f 1349 1351 1350 1348
f 1351 1353 1352 1350
f 1353 1355 1354 1352
f 1355 1357 1356 1354
f 1357 1359 1358 1356
f 1359 1361 1360 1358
f 1361 1363 1362 1360
f 1363 1365 1364 1362
f 1365 1367 1366 1364
f 1367 1369 1368 1366
f 1369 1371 1370 1368
f 1371 1373 1372 1370
f 1373 1375 1374 1372
f 1375 1377 1376 1374
f 1377 1379 1378 1376
f 1379 1381 1380 1378
f 1381 1383 1382 1380
f 1383 1385 1384 1382
f 1385 1387 1386 1384
f 1387 1389 1388 1386
f 1389 1391 1390 1388
f 1328 1390 1391 1331
f 1201 1200 1392 1393
f 1202 1201 1393 1394
f 1203 1202 1394 1395
f 1204 1203 1395 1396
f 1205 1204 1396 1397
f 1206 1205 1397 1398
f 1207 1206 1398 1399
f 1208 1207 1399 1400
f 1209 1208 1400 1401
f 1210 1209 1401 1402
f 1211 1210 1402 1403
f 1212 1211 1403 1404
f 1213 1212 1404 1405
f 1214 1213 1405 1406
f 1215 1214 1406 1407
f 1216 1215 1407 1408
f 1217 1216 1408 1409
f 1218 1217 1409 1410
f 1219 1218 1410 1411
f 1220 1219 1411 1412
f 1221 1220 1412 1413
f 1222 1221 1413 1414
f 1223 1222 1414 1415
f 1224 1223 1415 1416
f 1225 1224 1416 1417
f 1226 1225 1417 1418
f 1227 1226 1418 1419
f 1228 1227 1419 1420
f 1229 1228 1420 1421
f 1230 1229 1421 1422
f 1231 1230 1422 1423
f 1200 1231 1423 1392
f 1424 1328 1329 1425
f 1425 1329 1332 1426
f 1426 1332 1334 1427
f 1427 1334 1336 1428
f 1428 1336 1338 1429
f 1429 1338 1340 1430
f 1430 1340 1342 1431
f 1431 1342 1344 1432
f 1432 1344 1346 1433
f 1433 1346 1348 1434
f 1434 1348 1350 1435
f 1435 1350 1352 1436
f 1436 1352 1354 1437
f 1437 1354 1356 1438
f 1438 1356 1358 1439
f 1439 1358 1360 1440
f 1440 1360 1362 1441
f 1441 1362 1364 1442
f 1442 1364 1366 1443
f 1443 1366 1368 1444
f 1444 1368 1370 1445
f 1445 1370 1372 1446
f 1446 1372 1374 1447
f 1447 1374 1376 1448
f 1448 1376 1378 1449
f 1449 1378 1380 1450
f 1450 1380 1382 1451
f 1451 1382 1384 1452
f 1452 1384 1386 1453
f 1453 1386 1388 1454
f 1454 1388 1390 1455
f 1455 1390 1328 1424
f 1425 1426 1394 1393
f 1426 1427 1395 1394
f 1427 1428 1396 1395
f 1428 1429 1397 1396
f 1429 1430 1398 1397
f 1430 1431 1399 1398
f 1431 1432 1400 1399
f 1432 1433 1401 1400
f 1433 1434 1402 1401
f 1434 1435 1403 1402
f 1435 1436 1404 1403
f 1436 1437 1405 1404
f 1437 1438 1406 1405
f 1438 1439 1407 1406
f 1439 1440 1408 1407
f 1440 1441 1409 1408
f 1441 1442 1410 1409
f 1442 1443 1411 1410
f 1443 1444 1412 1411
f 1444 1445 1413 1412
f 1445 1446 1414 1413
f 1446 1447 1415 1414
f 1447 1448 1416 1415
f 1448 1449 1417 1416
f 1449 1450 1418 1417
f 1450 1451 1419 1418
f 1451 1452 1420 1419
f 1452 1453 1421 1420
f 1453 1454 1422 1421
f 1454 1455 1423 1422
f 1393 1392 1424 1425
f 1392 1423 1455 1424
f 1456 1167 1168 1457
f 1457 1168 1169 1458
f 1458 1169 1170 1459
f 1459 1170 1171 1460
f 1460 1171 1172 1461
f 1461 1172 1173 1462
f 1462 1173 1174 1463
f 1463 1174 1175 1464
f 1464 1175 1176 1465
f 1465 1176 1177 1466
f 1466 1177 1178 1467
f 1467 1178 1179 1468
f 1468 1179 1180 1469
f 1469 1180 1181 1470
f 1470 1181 1182 1471
f 1471 1182 1183 1472
f 1472 1183 1184 1473
f 1473 1184 1185 1474
f 1474 1185 1186 1475
f 1475 1186 1187 1476
f 1476 1187 1188 1477
f 1477 1188 1189 1478
f 1478 1189 1190 1479
f 1479 1190 1191 1480
f 1480 1191 1192 1481
f 1481 1192 1193 1482
f 1482 1193 1194 1483
f 1483 1194 1195 1484
f 1484 1195 1196 1485
f 1485 1196 1197 1486
f 1486 1197 1198 1487
f 1487 1198 1167 1456
f 1488 1489 1265 1266
f 1490 1488 1266 1268
f 1491 1490 1268 1270
f 1492 1491 1270 1272
f 1493 1492 1272 1274
f 1494 1493 1274 1276
f 1495 1494 1276 1278
f 1496 1495 1278 1280
f 1497 1496 1280 1282
f 1498 1497 1282 1284
f 1499 1498 1284 1286
f 1500 1499 1286 1288
f 1501 1500 1288 1290
f 1502 1501 1290 1292
f 1503 1502 1292 1294
f 1504 1503 1294 1296
f 1505 1504 1296 1298
f 1506 1505 1298 1300
f 1507 1506 1300 1302
f 1508 1507 1302 1304
f 1509 1508 1304 1306
f 1510 1509 1306 1308
f 1511 1510 1308 1310
f 1512 1511 1310 1312
f 1513 1512 1312 1314
f 1514 1513 1314 1316
f 1515 1514 1316 1318
f 1516 1515 1318 1320
f 1517 1516 1320 1322
f 1518 1517 1322 1324
f 1519 1518 1324 1326
f 1489 1519 1326 1265
f 1489 1488 1487 1456
f 1486 1487 1488 1490
f 1485 1486 1490 1491
f 1484 1485 1491 1492
f 1483 1484 1492 1493
f 1482 1483 1493 1494
f 1481 1482 1494 1495
f 1480 1481 1495 1496
f 1479 1480 1496 1497
f 1478 1479 1497 1498
f 1477 1478 1498 1499
f 1476 1477 1499 1500
f 1475 1476 1500 1501
f 1474 1475 1501 1502
f 1473 1474 1502 1503
f 1472 1473 1503 1504
f 1471 1472 1504 1505
f 1470 1471 1505 1506
f 1469 1470 1506 1507
f 1468 1469 1507 1508
f 1467 1468 1508 1509
f 1466 1467 1509 1510
f 1465 1466 1510 1511
f 1464 1465 1511 1512
f 1463 1464 1512 1513
f 1462 1463 1513 1514
f 1461 1462 1514 1515
f 1460 1461 1515 1516
f 1459 1460 1516 1517
f 1458 1459 1517 1518
f 1457 1458 1518 1519
f 1456 1457 1519 1489
f 1166 1520 1521 1135
f 1165 1522 1520 1166
f 1164 1523 1522 1165
f 1163 1524 1523 1164
f 1162 1525 1524 1163
f 1161 1526 1525 1162
f 1160 1527 1526 1161
f 1159 1528 1527 1160
f 1158 1529 1528 1159
f 1157 1530 1529 1158
f 1156 1531 1530 1157
f 1155 1532 1531 1156
f 1154 1533 1532 1155
f 1153 1534 1533 1154
f 1152 1535 1534 1153
f 1151 1536 1535 1152
f 1150 1537 1536 1151
f 1149 1538 1537 1150
f 1148 1539 1538 1149
f 1147 1540 1539 1148
f 1146 1541 1540 1147
f 1145 1542 1541 1146
f 1144 1543 1542 1145
f 1143 1544 1543 1144
f 1142 1545 1544 1143
f 1141 1546 1545 1142
f 1140 1547 1546 1141
f 1139 1548 1547 1140
f 1138 1549 1548 1139
f 1137 1550 1549 1138
f 1136 1551 1550 1137
f 1135 1521 1551 1136
f 1552 1553 1267 1264
f 1553 1554 1269 1267
f 1554 1555 1271 1269
f 1555 1556 1273 1271
f 1556 1557 1275 1273
f 1557 1558 1277 1275
f 1558 1559 1279 1277
f 1559 1560 1281 1279
f 1560 1561 1283 1281
f 1561 1562 1285 1283
f 1562 1563 1287 1285
f 1563 1564 1289 1287
f 1564 1565 1291 1289
f 1565 1566 1293 1291
f 1566 1567 1295 1293
f 1567 1568 1297 1295
f 1568 1569 1299 1297
f 1569 1570 1301 1299
f 1570 1571 1303 1301
f 1571 1572 1305 1303
f 1572 1573 1307 1305
f 1573 1574 1309 1307
f 1574 1575 1311 1309
f 1575 1576 1313 1311
f 1576 1577 1315 1313
f 1577 1578 1317 1315
f 1578 1579 1319 1317
f 1579 1580 1321 1319
f 1580 1581 1323 1321
f 1581 1582 1325 1323
f 1582 1583 1327 1325
f 1583 1552 1264 1327
f 1553 1552 1521 1520
f 1552 1583 1551 1521
f 1520 1522 1554 1553
f 1522 1523 1555 1554
f 1523 1524 1556 1555
f 1524 1525 1557 1556
f 1525 1526 1558 1557
f 1526 1527 1559 1558
f 1527 1528 1560 1559
f 1528 1529 1561 1560
f 1529 1530 1562 1561
f 1530 1531 1563 1562
f 1531 1532 1564 1563
f 1532 1533 1565 1564
f 1533 1534 1566 1565
f 1534 1535 1567 1566
f 1535 1536 1568 1567
f 1536 1537 1569 1568
f 1537 1538 1570 1569
f 1538 1539 1571 1570
f 1539 1540 1572 1571
f 1540 1541 1573 1572
f 1541 1542 1574 1573
f 1542 1543 1575 1574
f 1543 1544 1576 1575
f 1544 1545 1577 1576
f 1545 1546 1578 1577
f 1546 1547 1579 1578
f 1547 1548 1580 1579
f 1548 1549 1581 1580
f 1549 1550 1582 1581
f 1550 1551 1583 1582
f 1584 1585 1586
f 1263 1232 1587 1588
f 1584 1589 1585
f 1262 1263 1588 1590
f 1584 1591 1589
f 1261 1262 1590 1592
f 1584 1593 1591
f 1260 1261 1592 1594
f 1584 1595 1593
f 1259 1260 1594 1596
f 1584 1597 1595
f 1258 1259 1596 1598
f 1584 1599 1597
f 1257 1258 1598 1600
f 1584 1601 1599
f 1256 1257 1600 1602
f 1584 1603 1601
f 1255 1256 1602 1604
f 1584 1605 1603
f 1254 1255 1604 1606
f 1584 1607 1605
f 1253 1254 1606 1608
f 1584 1609 1607
f 1252 1253 1608 1610
f 1584 1611 1609
f 1251 1252 1610 1612
f 1584 1613 1611
f 1250 1251 1612 1614
f 1584 1615 1613
f 1249 1250 1614 1616
f 1584 1617 1615
f 1248 1249 1616 1618
f 1584 1619 1617
f 1247 1248 1618 1620
f 1584 1621 1619
f 1246 1247 1620 1622
f 1584 1623 1621
f 1245 1246 1622 1624
f 1584 1625 1623
f 1244 1245 1624 1626
f 1584 1627 1625
f 1243 1244 1626 1628
f 1584 1629 1627
f 1242 1243 1628 1630
f 1584 1631 1629
f 1241 1242 1630 1632
f 1584 1633 1631
f 1240 1241 1632 1634
f 1584 1635 1633
f 1239 1240 1634 1636
f 1584 1637 1635
f 1238 1239 1636 1638
f 1584 1639 1637
f 1237 1238 1638 1640
f 1584 1641 1639
f 1236 1237 1640 1642
f 1584 1643 1641
f 1235 1236 1642 1644
f 1584 1645 1643
f 1234 1235 1644 1646
f 1584 1647 1645
f 1233 1234 1646 1648
f 1584 1586 1647
f 1232 1233 1648 1587
f 1586 1585 1588 1587
f 1585 1589 1590 1588
f 1589 1591 1592 1590
f 1591 1593 1594 1592
f 1593 1595 1596 1594
f 1595 1597 1598 1596
f 1597 1599 1600 1598
f 1599 1601 1602 1600
f 1601 1603 1604 1602
f 1603 1605 1606 1604
f 1605 1607 1608 1606
f 1607 1609 1610 1608
f 1609 1611 1612 1610
f 1611 1613 1614 1612
f 1613 1615 1616 1614
f 1615 1617 1618 1616
f 1617 1619 1620 1618
f 1619 1621 1622 1620
f 1621 1623 1624 1622
f 1623 1625 1626 1624
f 1625 1627 1628 1626
f 1627 1629 1630 1628
f 1629 1631 1632 1630
f 1631 1633 1634 1632
f 1633 1635 1636 1634
f 1635 1637 1638 1636
f 1637 1639 1640 1638
f 1639 1641 1642 1640
f 1641 1643 1644 1642
f 1643 1645 1646 1644
f 1645 1647 1648 1646
f 1587 1648 1647 1586
f 1712 1713 1681
f 1711 1713 1712
f 1710 1713 1711
f 1709 1713 1710
f 1708 1713 1709
f 1707 1713 1708
f 1706 1713 1707
f 1705 1713 1706
f 1704 1713 1705
f 1703 1713 1704
f 1702 1713 1703
f 1701 1713 1702
f 1700 1713 1701
f 1699 1713 1700
f 1698 1713 1699
f 1697 1713 1698
f 1696 1713 1697
f 1695 1713 1696
f 1694 1713 1695
f 1693 1713 1694
f 1692 1713 1693
f 1691 1713 1692
f 1690 1713 1691
f 1689 1713 1690
f 1688 1713 1689
f 1687 1713 1688
f 1686 1713 1687
f 1685 1713 1686
f 1684 1713 1685
f 1683 1713 1684
f 1682 1713 1683
f 1681 1713 1682
f 1746 1714 1715 1747
f 1747 1715 1716 1748
f 1748 1716 1717 1749
f 1749 1717 1718 1750
f 1750 1718 1719 1751
f 1751 1719 1720 1752
f 1752 1720 1721 1753
f 1753 1721 1722 1754
f 1754 1722 1723 1755
f 1755 1723 1724 1756
f 1756 1724 1725 1757
f 1757 1725 1726 1758
f 1758 1726 1727 1759
f 1759 1727 1728 1760
f 1760 1728 1729 1761
f 1761 1729 1730 1762
f 1762 1730 1731 1763
f 1763 1731 1732 1764
f 1764 1732 1733 1765
f 1765 1733 1734 1766
f 1766 1734 1735 1767
f 1767 1735 1736 1768
f 1768 1736 1737 1769
f 1769 1737 1738 1770
f 1770 1738 1739 1771
f 1771 1739 1740 1772
f 1772 1740 1741 1773
f 1773 1741 1742 1774
f 1774 1742 1743 1775
f 1775 1743 1744 1776
f 1776 1744 1745 1777
f 1777 1745 1714 1746
f 1781 1780 1779 1778
f 1783 1782 1780 1781
f 1785 1784 1782 1783
f 1787 1786 1784 1785
f 1789 1788 1786 1787
f 1791 1790 1788 1789
f 1793 1792 1790 1791
f 1795 1794 1792 1793
f 1797 1796 1794 1795
f 1799 1798 1796 1797
f 1801 1800 1798 1799
f 1803 1802 1800 1801
f 1805 1804 1802 1803
f 1807 1806 1804 1805
f 1809 1808 1806 1807
f 1811 1810 1808 1809
f 1813 1812 1810 1811
f 1815 1814 1812 1813
f 1817 1816 1814 1815
f 1819 1818 1816 1817
f 1821 1820 1818 1819
f 1823 1822 1820 1821
f 1825 1824 1822 1823
f 1827 1826 1824 1825
f 1829 1828 1826 1827
f 1831 1830 1828 1829
f 1833 1832 1830 1831
f 1835 1834 1832 1833
f 1837 1836 1834 1835
f 1839 1838 1836 1837
f 1841 1840 1838 1839
f 1778 1779 1840 1841
f 1649 1650 1844 1845
f 1650 1651 1847 1844
f 1651 1652 1849 1847
f 1652 1653 1851 1849
f 1653 1654 1853 1851
f 1654 1655 1855 1853
f 1655 1656 1857 1855
f 1656 1657 1859 1857
f 1657 1658 1861 1859
f 1658 1659 1863 1861
f 1659 1660 1865 1863
f 1660 1661 1867 1865
f 1661 1662 1869 1867
f 1662 1663 1871 1869
f 1663 1664 1873 1871
f 1664 1665 1875 1873
f 1665 1666 1877 1875
f 1666 1667 1879 1877
f 1667 1668 1881 1879
f 1668 1669 1883 1881
f 1669 1670 1885 1883
f 1670 1671 1887 1885
f 1671 1672 1889 1887
f 1672 1673 1891 1889
f 1673 1674 1893 1891
f 1674 1675 1895 1893
f 1675 1676 1897 1895
f 1676 1677 1899 1897
f 1677 1678 1901 1899
f 1678 1679 1903 1901
f 1679 1680 1905 1903
f 1680 1649 1845 1905
f 1843 1842 1845 1844
f 1844 1847 1846 1843
f 1847 1849 1848 1846
f 1849 1851 1850 1848
f 1851 1853 1852 1850
f 1853 1855 1854 1852
f 1855 1857 1856 1854
f 1857 1859 1858 1856
f 1859 1861 1860 1858
f 1861 1863 1862 1860
f 1863 1865 1864 1862
f 1865 1867 1866 1864
f 1867 1869 1868 1866
f 1869 1871 1870 1868
f 1871 1873 1872 1870
f 1873 1875 1874 1872
f 1875 1877 1876 1874
f 1877 1879 1878 1876
f 1879 1881 1880 1878
f 1881 1883 1882 1880
f 1883 1885 1884 1882
f 1885 1887 1886 1884
f 1887 1889 1888 1886
f 1889 1891 1890 1888
f 1891 1893 1892 1890
f 1893 1895 1894 1892
f 1895 1897 1896 1894
f 1897 1899 1898 1896
f 1899 1901 1900 1898
f 1901 1903 1902 1900
f 1903 1905 1904 1902
f 1842 1904 1905 1845
f 1715 1714 1906 1907
f 1716 1715 1907 1908
f 1717 1716 1908 1909
f 1718 1717 1909 1910
f 1719 1718 1910 1911
f 1720 1719 1911 1912
f 1721 1720 1912 1913
f 1722 1721 1913 1914
f 1723 1722 1914 1915
f 1724 1723 1915 1916
f 1725 1724 1916 1917
f 1726 1725 1917 1918
f 1727 1726 1918 1919
f 1728 1727 1919 1920
f 1729 1728 1920 1921
f 1730 1729 1921 1922
f 1731 1730 1922 1923
f 1732 1731 1923 1924
f 1733 1732 1924 1925
f 1734 1733 1925 1926
f 1735 1734 1926 1927
f 1736 1735 1927 1928
f 1737 1736 1928 1929
f 1738 1737 1929 1930
f 1739 1738 1930 1931
f 1740 1739 1931 1932
f 1741 1740 1932 1933
f 1742 1741 1933 1934
f 1743 1742 1934 1935
f 1744 1743 1935 1936
f 1745 1744 1936 1937
f 1714 1745 1937 1906
f 1938 1842 1843 1939
f 1939 1843 1846 1940
f 1940 1846 1848 1941
f 1941 1848 1850 1942
f 1942 1850 1852 1943
f 1943 1852 1854 1944
f 1944 1854 1856 1945
f 1945 1856 1858 1946
f 1946 1858 1860 1947
f 1947 1860 1862 1948
f 1948 1862 1864 1949
f 1949 1864 1866 1950
f 1950 1866 1868 1951
f 1951 1868 1870 1952
f 1952 1870 1872 1953
f 1953 1872 1874 1954
f 1954 1874 1876 1955
f 1955 1876 1878 1956
f 1956 1878 1880 1957
f 1957 1880 1882 1958
f 1958 1882 1884 1959
f 1959 1884 1886 1960
f 1960 1886 1888 1961
f 1961 1888 1890 1962
f 1962 1890 1892 1963
f 1963 1892 1894 1964
f 1964 1894 1896 1965
f 1965 1896 1898 1966
f 1966 1898 1900 1967
f 1967 1900 1902 1968
f 1968 1902 1904 1969
f 1969 1904 1842 1938
f 1939 1940 1908 1907
f 1940 1941 1909 1908
f 1941 1942 1910 1909
f 1942 1943 1911 1910
f 1943 1944 1912 1911
f 1944 1945 1913 1912
f 1945 1946 1914 1913
f 1946 1947 1915 1914
f 1947 1948 1916 1915
f 1948 1949 1917 1916
f 1949 1950 1918 1917
f 1950 1951 1919 1918
f 1951 1952 1920 1919
f 1952 1953 1921 1920
f 1953 1954 1922 1921
f 1954 1955 1923 1922
f 1955 1956 1924 1923
f 1956 1957 1925 1924
f 1957 1958 1926 1925
f 1958 1959 1927 1926
f 1959 1960 1928 1927
f 1960 1961 1929 1928
f 1961 1962 1930 1929
f 1962 1963 1931 1930
f 1963 1964 1932 1931
f 1964 1965 1933 1932
f 1965 1966 1934 1933
f 1966 1967 1935 1934
f 1967 1968 1936 1935
f 1968 1969 1937 1936
f 1907 1906 1938 1939
f 1906 1937 1969 1938
f 1970 1681 1682 1971
f 1971 1682 1683 1972
f 1972 1683 1684 1973
f 1973 1684 1685 1974
f 1974 1685 1686 1975
f 1975 1686 1687 1976
f 1976 1687 1688 1977
f 1977 1688 1689 1978
f 1978 1689 1690 1979
f 1979 1690 1691 1980
f 1980 1691 1692 1981
f 1981 1692 1693 1982
f 1982 1693 1694 1983
f 1983 1694 1695 1984
f 1984 1695 1696 1985
f 1985 1696 1697 1986
f 1986 1697 1698 1987
f 1987 1698 1699 1988
f 1988 1699 1700 1989
f 1989 1700 1701 1990
f 1990 1701 1702 1991
f 1991 1702 1703 1992
f 1992 1703 1704 1993
f 1993 1704 1705 1994
f 1994 1705 1706 1995
f 1995 1706 1707 1996
f 1996 1707 1708 1997
f 1997 1708 1709 1998
f 1998 1709 1710 1999
f 1999 1710 1711 2000
f 2000 1711 1712 2001
f 2001 1712 1681 1970
f 2002 2003 1779 1780
f 2004 2002 1780 1782
f 2005 2004 1782 1784
f 2006 2005 1784 1786
f 2007 2006 1786 1788
f 2008 2007 1788 1790
f 2009 2008 1790 1792
f 2010 2009 1792 1794
f 2011 2010 1794 1796
f 2012 2011 1796 1798
f 2013 2012 1798 1800
f 2014 2013 1800 1802
f 2015 2014 1802 1804
f 2016 2015 1804 1806
f 2017 2016 1806 1808
f 2018 2017 1808 1810
f 2019 2018 1810 1812
f 2020 2019 1812 1814
f 2021 2020 1814 1816
f 2022 2021 1816 1818
f 2023 2022 1818 1820
f 2024 2023 1820 1822
f 2025 2024 1822 1824
f 2026 2025 1824 1826
f 2027 2026 1826 1828
f 2028 2027 1828 1830
f 2029 2028 1830 1832
f 2030 2029 1832 1834
f 2031 2030 1834 1836
f 2032 2031 1836 1838
f 2033 2032 1838 1840
f 2003 2033 1840 1779
f 2003 2002 2001 1970
f 2000 2001 2002 2004
f 1999 2000 2004 2005
f 1998 1999 2005 2006
f 1997 1998 2006 2007
f 1996 1997 2007 2008
f 1995 1996 2008 2009
f 1994 1995 2009 2010
f 1993 1994 2010 2011
f 1992 1993 2011 2012
f 1991 1992 2012 2013
f 1990 1991 2013 2014
f 1989 1990 2014 2015
f 1988 1989 2015 2016
f 1987 1988 2016 2017
f 1986 1987 2017 2018
f 1985 1986 2018 2019
f 1984 1985 2019 2020
f 1983 1984 2020 2021
f 1982 1983 2021 2022
f 1981 1982 2022 2023
f 1980 1981 2023 2024
f 1979 1980 2024 2025
f 1978 1979 2025 2026
f 1977 1978 2026 2027
f 1976 1977 2027 2028
f 1975 1976 2028 2029
f 1974 1975 2029 2030
f 1973 1974 2030 2031
f 1972 1973 2031 2032
f 1971 1972 2032 2033
f 1970 1971 2033 2003
f 1680 2034 2035 1649
f 1679 2036 2034 1680
f 1678 2037 2036 1679
f 1677 2038 2037 1678
f 1676 2039 2038 1677
f 1675 2040 2039 1676
f 1674 2041 2040 1675
f 1673 2042 2041 1674
f 1672 2043 2042 1673
f 1671 2044 2043 1672
f 1670 2045 2044 1671
f 1669 2046 2045 1670
f 1668 2047 2046 1669
f 1667 2048 2047 1668
f 1666 2049 2048 1667
f 1665 2050 2049 1666
f 1664 2051 2050 1665
f 1663 2052 2051 1664
f 1662 2053 2052 1663
f 1661 2054 2053 1662
f 1660 2055 2054 1661
f 1659 2056 2055 1660
f 1658 2057 2056 1659
f 1657 2058 2057 1658
f 1656 2059 2058 1657
f 1655 2060 2059 1656
f 1654 2061 2060 1655
f 1653 2062 2061 1654
f 1652 2063 2062 1653
f 1651 2064 2063 1652
f 1650 2065 2064 1651
f 1649 2035 2065 1650
f 2066 2067 1781 1778
f 2067 2068 1783 1781
f 2068 2069 1785 1783
f 2069 2070 1787 1785
f 2070 2071 1789 1787
f 2071 2072 1791 1789
f 2072 2073 1793 1791
f 2073 2074 1795 1793
f 2074 2075 1797 1795
f 2075 2076 1799 1797
f 2076 2077 1801 1799
f 2077 2078 1803 1801
f 2078 2079 1805 1803
f 2079 2080 1807 1805
f 2080 2081 1809 1807
f 2081 2082 1811 1809
f 2082 2083 1813 1811
f 2083 2084 1815 1813
f 2084 2085 1817 1815
f 2085 2086 1819 1817
f 2086 2087 1821 1819
f 2087 2088 1823 1821
f 2088 2089 1825 1823
f 2089 2090 1827 1825
f 2090 2091 1829 1827
f 2091 2092 1831 1829
f 2092 2093 1833 1831
f 2093 2094 1835 1833
f 2094 2095 1837 1835
f 2095 2096 1839 1837
f 2096 2097 1841 1839
f 2097 2066 1778 1841
f 2067 2066 2035 2034
f 2066 2097 2065 2035
f 2034 2036 2068 2067
f 2036 2037 2069 2068
f 2037 2038 2070 2069
f 2038 2039 2071 2070
f 2039 2040 2072 2071
f 2040 2041 2073 2072
f 2041 2042 2074 2073
f 2042 2043 2075 2074
f 2043 2044 2076 2075
f 2044 2045 2077 2076
f 2045 2046 2078 2077
f 2046 2047 2079 2078
f 2047 2048 2080 2079
f 2048 2049 2081 2080
f 2049 2050 2082 2081
f 2050 2051 2083 2082
f 2051 2052 2084 2083
f 2052 2053 2085 2084
f 2053 2054 2086 2085
f 2054 2055 2087 2086
f 2055 2056 2088 2087
f 2056 2057 2089 2088
f 2057 2058 2090 2089
f 2058 2059 2091 2090
f 2059 2060 2092 2091
f 2060 2061 2093 2092
f 2061 2062 2094 2093
f 2062 2063 2095 2094
f 2063 2064 2096 2095
f 2064 2065 2097 2096
f 2098 2099 2100
f 1777 1746 2101 2102
f 2098 2103 2099
f 1776 1777 2102 2104
f 2098 2105 2103
f 1775 1776 2104 2106
f 2098 2107 2105
f 1774 1775 2106 2108
f 2098 2109 2107
f 1773 1774 2108 2110
f 2098 2111 2109
f 1772 1773 2110 2112
f 2098 2113 2111
f 1771 1772 2112 2114
f 2098 2115 2113
f 1770 1771 2114 2116
f 2098 2117 2115
f 1769 1770 2116 2118
f 2098 2119 2117
f 1768 1769 2118 2120
f 2098 2121 2119
f 1767 1768 2120 2122
f 2098 2123 2121
f 1766 1767 2122 2124
f 2098 2125 2123
f 1765 1766 2124 2126
f 2098 2127 2125
f 1764 1765 2126 2128
f 2098 2129 2127
f 1763 1764 2128 2130
f 2098 2131 2129
f 1762 1763 2130 2132
f 2098 2133 2131
f 1761 1762 2132 2134
f 2098 2135 2133
f 1760 1761 2134 2136
f 2098 2137 2135
f 1759 1760 2136 2138
f 2098 2139 2137
f 1758 1759 2138 2140
f 2098 2141 2139
f 1757 1758 2140 2142
f 2098 2143 2141
f 1756 1757 2142 2144
f 2098 2145 2143
f 1755 1756 2144 2146
f 2098 2147 2145
f 1754 1755 2146 2148
f 2098 2149 2147
f 1753 1754 2148 2150
f 2098 2151 2149
f 1752 1753 2150 2152
f 2098 2153 2151
f 1751 1752 2152 2154
f 2098 2155 2153
f 1750 1751 2154 2156
f 2098 2157 2155
f 1749 1750 2156 2158
f 2098 2159 2157
f 1748 1749 2158 2160
f 2098 2161 2159
f 1747 1748 2160 2162
f 2098 2100 2161
f 1746 1747 2162 2101
f 2100 2099 2102 2101
f 2099 2103 2104 2102
f 2103 2105 2106 2104
f 2105 2107 2108 2106
f 2107 2109 2110 2108
f 2109 2111 2112 2110
f 2111 2113 2114 2112
f 2113 2115 2116 2114
f 2115 2117 2118 2116
f 2117 2119 2120 2118
f 2119 2121 2122 2120
f 2121 2123 2124 2122
f 2123 2125 2126 2124
f 2125 2127 2128 2126
f 2127 2129 2130 2128
f 2129 2131 2132 2130
f 2131 2133 2134 2132
f 2133 2135 2136 2134
f 2135 2137 2138 2136
f 2137 2139 2140 2138
f 2139 2141 2142 2140
f 2141 2143 2144 2142
f 2143 2145 2146 2144
f 2145 2147 2148 2146
f 2147 2149 2150 2148
f 2149 2151 2152 2150
f 2151 2153 2154 2152
f 2153 2155 2156 2154
f 2155 2157 2158 2156
f 2157 2159 2160 2158
f 2159 2161 2162 2160
f 2101 2162 2161 2100
f 2210 2209 2208 2207
f 2168 2164 2210 2207
f 2164 2186 2209 2210
f 2164 2168 2183 2186
f 2216 2215 2214 2213
f 2185 2166 2216 2213
f 2166 2170 2215 2216
f 2166 2185 2184 2170
f 2211 2212 2219 2218
f 2181 2180 2211 2218
f 2180 2181 2187 2188
f 2223 2222 2221 2220
f 2177 2178 2220 2221
f 2189 2178 2177 2190
f 2221 2222 2257 2258
f 2180 2251 2252 2211
f 2177 2259 2260 2190
f 2213 2214 2225 2224
f 2165 2185 2213 2224
f 2169 2165 2224 2225
f 2185 2165 2169 2184
f 2212 2217 2226 2219
f 2173 2171 2226 2217
f 2188 2187 2171 2173
f 2228 2208 2209 2227
f 2163 2167 2228 2227
f 2186 2163 2227 2209
f 2167 2163 2186 2183
f 2217 2212 2253 2254
f 2174 2261 2262 2229
f 2173 2255 2256 2188
f 2229 2222 2223 2230
f 2175 2174 2229 2230
f 2174 2175 2189 2190
f 2219 2232 2231 2218
f 2191 2193 2231 2232
f 2187 2181 2193 2191
f 2231 2234 2233 2218
f 2182 2181 2218 2233
f 2193 2192 2234 2231
f 2193 2181 2182 2192
f 2233 2234 2235 2215
f 2170 2182 2233 2215
f 2192 2195 2235 2234
f 2182 2170 2195 2192
f 2235 2236 2214 2215
f 2195 2194 2236 2235
f 2195 2170 2184 2194
f 2214 2236 2237 2225
f 2194 2197 2237 2236
f 2184 2169 2197 2194
f 2237 2239 2238 2225
f 2172 2169 2225 2238
f 2197 2196 2239 2237
f 2197 2169 2172 2196
f 2238 2239 2240 2226
f 2171 2172 2238 2226
f 2196 2198 2240 2239
f 2172 2171 2198 2196
f 2240 2232 2219 2226
f 2198 2191 2232 2240
f 2198 2171 2187 2191
f 2243 2242 2241 2220
f 2178 2179 2243 2220
f 2199 2201 2241 2242
f 2179 2178 2201 2199
f 2241 2244 2223 2220
f 2201 2200 2244 2241
f 2201 2178 2189 2200
f 2223 2244 2245 2230
f 2200 2203 2245 2244
f 2189 2175 2203 2200
f 2245 2247 2246 2230
f 2176 2175 2230 2246
f 2203 2202 2247 2245
f 2203 2175 2176 2202
f 2208 2249 2248 2207
f 2204 2205 2248 2249
f 2183 2168 2205 2204
f 2248 2242 2243 2207
f 2179 2168 2207 2243
f 2205 2199 2242 2248
f 2205 2168 2179 2199
f 2246 2247 2250 2228
f 2167 2176 2246 2228
f 2202 2206 2250 2247
f 2176 2167 2206 2202
f 2250 2249 2208 2228
f 2206 2204 2249 2250
f 2206 2167 2183 2204
f 2261 2174 2190 2260
f 2251 2263 2264 2252
f 2262 2257 2222 2229
f 2254 2253 2265 2266
f 2259 2177 2221 2258
f 2255 2267 2268 2256
f 2261 2267 2266 2262
f 2259 2263 2268 2260
f 2258 2257 2265 2264
f 2252 2253 2212 2211
f 2251 2180 2188 2256
f 2255 2173 2217 2254
f 2263 2259 2258 2264
f 2266 2265 2257 2262
f 2267 2261 2260 2268
f 2267 2255 2254 2266
f 2263 2251 2256 2268
f 2264 2265 2253 2252
f 2332 2333 2301
f 2331 2333 2332
f 2330 2333 2331
f 2329 2333 2330
f 2328 2333 2329
f 2327 2333 2328
f 2326 2333 2327
f 2325 2333 2326
f 2324 2333 2325
f 2323 2333 2324
f 2322 2333 2323
f 2321 2333 2322
f 2320 2333 2321
f 2319 2333 2320
f 2318 2333 2319
f 2317 2333 2318
f 2316 2333 2317
f 2315 2333 2316
f 2314 2333 2315
f 2313 2333 2314
f 2312 2333 2313
f 2311 2333 2312
f 2310 2333 2311
f 2309 2333 2310
f 2308 2333 2309
f 2307 2333 2308
f 2306 2333 2307
f 2305 2333 2306
f 2304 2333 2305
f 2303 2333 2304
f 2302 2333 2303
f 2301 2333 2302
f 2366 2334 2335 2367
f 2367 2335 2336 2368
f 2368 2336 2337 2369
f 2369 2337 2338 2370
f 2370 2338 2339 2371
f 2371 2339 2340 2372
f 2372 2340 2341 2373
f 2373 2341 2342 2374
f 2374 2342 2343 2375
f 2375 2343 2344 2376
f 2376 2344 2345 2377
f 2377 2345 2346 2378
f 2378 2346 2347 2379
f 2379 2347 2348 2380
f 2380 2348 2349 2381
f 2381 2349 2350 2382
f 2382 2350 2351 2383
f 2383 2351 2352 2384
f 2384 2352 2353 2385
f 2385 2353 2354 2386
f 2386 2354 2355 2387
f 2387 2355 2356 2388
f 2388 2356 2357 2389
f 2389 2357 2358 2390
f 2390 2358 2359 2391
f 2391 2359 2360 2392
f 2392 2360 2361 2393
f 2393 2361 2362 2394
f 2394 2362 2363 2395
f 2395 2363 2364 2396
f 2396 2364 2365 2397
f 2397 2365 2334 2366
f 2401 2400 2399 2398
f 2403 2402 2400 2401
f 2405 2404 2402 2403
f 2407 2406 2404 2405
f 2409 2408 2406 2407
f 2411 2410 2408 2409
f 2413 2412 2410 2411
f 2415 2414 2412 2413
f 2417 2416 2414 2415
f 2419 2418 2416 2417
f 2421 2420 2418 2419
f 2423 2422 2420 2421
f 2425 2424 2422 2423
f 2427 2426 2424 2425
f 2429 2428 2426 2427
f 2431 2430 2428 2429
f 2433 2432 2430 2431
f 2435 2434 2432 2433
f 2437 2436 2434 2435
f 2439 2438 2436 2437
f 2441 2440 2438 2439
f 2443 2442 2440 2441
f 2445 2444 2442 2443
f 2447 2446 2444 2445
f 2449 2448 2446 2447
f 2451 2450 2448 2449
f 2453 2452 2450 2451
f 2455 2454 2452 2453
f 2457 2456 2454 2455
f 2459 2458 2456 2457
f 2461 2460 2458 2459
f 2398 2399 2460 2461
f 2269 2270 2464 2465
f 2270 2271 2467 2464
f 2271 2272 2469 2467
f 2272 2273 2471 2469
f 2273 2274 2473 2471
f 2274 2275 2475 2473
f 2275 2276 2477 2475
f 2276 2277 2479 2477
f 2277 2278 2481 2479
f 2278 2279 2483 2481
f 2279 2280 2485 2483
f 2280 2281 2487 2485
f 2281 2282 2489 2487
f 2282 2283 2491 2489
f 2283 2284 2493 2491
f 2284 2285 2495 2493
f 2285 2286 2497 2495
f 2286 2287 2499 2497
f 2287 2288 2501 2499
f 2288 2289 2503 2501
f 2289 2290 2505 2503
f 2290 2291 2507 2505
f 2291 2292 2509 2507
f 2292 2293 2511 2509
f 2293 2294 2513 2511
f 2294 2295 2515 2513
f 2295 2296 2517 2515
f 2296 2297 2519 2517
f 2297 2298 2521 2519
f 2298 2299 2523 2521
f 2299 2300 2525 2523
f 2300 2269 2465 2525
f 2463 2462 2465 2464
f 2464 2467 2466 2463
f 2467 2469 2468 2466
f 2469 2471 2470 2468
f 2471 2473 2472 2470
f 2473 2475 2474 2472
f 2475 2477 2476 2474
f 2477 2479 2478 2476
f 2479 2481 2480 2478
f 2481 2483 2482 2480
f 2483 2485 2484 2482
f 2485 2487 2486 2484
f 2487 2489 2488 2486
f 2489 2491 2490 2488
f 2491 2493 2492 2490
f 2493 2495 2494 2492
f 2495 2497 2496 2494
f 2497 2499 2498 2496
f 2499 2501 2500 2498
f 2501 2503 2502 2500
f 2503 2505 2504 2502
f 2505 2507 2506 2504
f 2507 2509 2508 2506
f 2509 2511 2510 2508
f 2511 2513 2512 2510
f 2513 2515 2514 2512
f 2515 2517 2516 2514
f 2517 2519 2518 2516
f 2519 2521 2520 2518
f 2521 2523 2522 2520
f 2523 2525 2524 2522
f 2462 2524 2525 2465
f 2335 2334 2526 2527
f 2336 2335 2527 2528
f 2337 2336 2528 2529
f 2338 2337 2529 2530
f 2339 2338 2530 2531
f 2340 2339 2531 2532
f 2341 2340 2532 2533
f 2342 2341 2533 2534
f 2343 2342 2534 2535
f 2344 2343 2535 2536
f 2345 2344 2536 2537
f 2346 2345 2537 2538
f 2347 2346 2538 2539
f 2348 2347 2539 2540
f 2349 2348 2540 2541
f 2350 2349 2541 2542
f 2351 2350 2542 2543
f 2352 2351 2543 2544
f 2353 2352 2544 2545
f 2354 2353 2545 2546
f 2355 2354 2546 2547
f 2356 2355 2547 2548
f 2357 2356 2548 2549
f 2358 2357 2549 2550
f 2359 2358 2550 2551
f 2360 2359 2551 2552
f 2361 2360 2552 2553
f 2362 2361 2553 2554
f 2363 2362 2554 2555
f 2364 2363 2555 2556
f 2365 2364 2556 2557
f 2334 2365 2557 2526
f 2558 2462 2463 2559
f 2559 2463 2466 2560
f 2560 2466 2468 2561
f 2561 2468 2470 2562
f 2562 2470 2472 2563
f 2563 2472 2474 2564
f 2564 2474 2476 2565
f 2565 2476 2478 2566
f 2566 2478 2480 2567
f 2567 2480 2482 2568
f 2568 2482 2484 2569
f 2569 2484 2486 2570
f 2570 2486 2488 2571
f 2571 2488 2490 2572
f 2572 2490 2492 2573
f 2573 2492 2494 2574
f 2574 2494 2496 2575
f 2575 2496 2498 2576
f 2576 2498 2500 2577
f 2577 2500 2502 2578
f 2578 2502 2504 2579
f 2579 2504 2506 2580
f 2580 2506 2508 2581
f 2581 2508 2510 2582
f 2582 2510 2512 2583
f 2583 2512 2514 2584
f 2584 2514 2516 2585
f 2585 2516 2518 2586
f 2586 2518 2520 2587
f 2587 2520 2522 2588
f 2588 2522 2524 2589
f 2589 2524 2462 2558
f 2559 2560 2528 2527
f 2560 2561 2529 2528
f 2561 2562 2530 2529
f 2562 2563 2531 2530
f 2563 2564 2532 2531
f 2564 2565 2533 2532
f 2565 2566 2534 2533
f 2566 2567 2535 2534
f 2567 2568 2536 2535
f 2568 2569 2537 2536
f 2569 2570 2538 2537
f 2570 2571 2539 2538
f 2571 2572 2540 2539
f 2572 2573 2541 2540
f 2573 2574 2542 2541
f 2574 2575 2543 2542
f 2575 2576 2544 2543
f 2576 2577 2545 2544
f 2577 2578 2546 2545
f 2578 2579 2547 2546
f 2579 2580 2548 2547
f 2580 2581 2549 2548
f 2581 2582 2550 2549
f 2582 2583 2551 2550
f 2583 2584 2552 2551
f 2584 2585 2553 2552
f 2585 2586 2554 2553
f 2586 2587 2555 2554
f 2587 2588 2556 2555
f 2588 2589 2557 2556
f 2527 2526 2558 2559
f 2526 2557 2589 2558
f 2590 2301 2302 2591
f 2591 2302 2303 2592
f 2592 2303 2304 2593
f 2593 2304 2305 2594
f 2594 2305 2306 2595
f 2595 2306 2307 2596
f 2596 2307 2308 2597
f 2597 2308 2309 2598
f 2598 2309 2310 2599
f 2599 2310 2311 2600
f 2600 2311 2312 2601
f 2601 2312 2313 2602
f 2602 2313 2314 2603
f 2603 2314 2315 2604
f 2604 2315 2316 2605
f 2605 2316 2317 2606
f 2606 2317 2318 2607
f 2607 2318 2319 2608
f 2608 2319 2320 2609
f 2609 2320 2321 2610
f 2610 2321 2322 2611
f 2611 2322 2323 2612
f 2612 2323 2324 2613
f 2613 2324 2325 2614
f 2614 2325 2326 2615
f 2615 2326 2327 2616
f 2616 2327 2328 2617
f 2617 2328 2329 2618
f 2618 2329 2330 2619
f 2619 2330 2331 2620
f 2620 2331 2332 2621
f 2621 2332 2301 2590
f 2622 2623 2399 2400
f 2624 2622 2400 2402
f 2625 2624 2402 2404
f 2626 2625 2404 2406
f 2627 2626 2406 2408
f 2628 2627 2408 2410
f 2629 2628 2410 2412
f 2630 2629 2412 2414
f 2631 2630 2414 2416
f 2632 2631 2416 2418
f 2633 2632 2418 2420
f 2634 2633 2420 2422
f 2635 2634 2422 2424
f 2636 2635 2424 2426
f 2637 2636 2426 2428
f 2638 2637 2428 2430
f 2639 2638 2430 2432
f 2640 2639 2432 2434
f 2641 2640 2434 2436
f 2642 2641 2436 2438
f 2643 2642 2438 2440
f 2644 2643 2440 2442
f 2645 2644 2442 2444
f 2646 2645 2444 2446
f 2647 2646 2446 2448
f 2648 2647 2448 2450
f 2649 2648 2450 2452
f 2650 2649 2452 2454
f 2651 2650 2454 2456
f 2652 2651 2456 2458
f 2653 2652 2458 2460
f 2623 2653 2460 2399
f 2623 2622 2621 2590
f 2620 2621 2622 2624
f 2619 2620 2624 2625
f 2618 2619 2625 2626
f 2617 2618 2626 2627
f 2616 2617 2627 2628
f 2615 2616 2628 2629
f 2614 2615 2629 2630
f 2613 2614 2630 2631
f 2612 2613 2631 2632
f 2611 2612 2632 2633
f 2610 2611 2633 2634
f 2609 2610 2634 2635
f 2608 2609 2635 2636
f 2607 2608 2636 2637
f 2606 2607 2637 2638
f 2605 2606 2638 2639
f 2604 2605 2639 2640
f 2603 2604 2640 2641
f 2602 2603 2641 2642
f 2601 2602 2642 2643
f 2600 2601 2643 2644
f 2599 2600 2644 2645
f 2598 2599 2645 2646
f 2597 2598 2646 2647
f 2596 2597 2647 2648
f 2595 2596 2648 2649
f 2594 2595 2649 2650
f 2593 2594 2650 2651
f 2592 2593 2651 2652
f 2591 2592 2652 2653
f 2590 2591 2653 2623
f 2300 2654 2655 2269
f 2299 2656 2654 2300
f 2298 2657 2656 2299
f 2297 2658 2657 2298
f 2296 2659 2658 2297
f 2295 2660 2659 2296
f 2294 2661 2660 2295
f 2293 2662 2661 2294
f 2292 2663 2662 2293
f 2291 2664 2663 2292
f 2290 2665 2664 2291
f 2289 2666 2665 2290
f 2288 2667 2666 2289
f 2287 2668 2667 2288
f 2286 2669 2668 2287
f 2285 2670 2669 2286
f 2284 2671 2670 2285
f 2283 2672 2671 2284
f 2282 2673 2672 2283
f 2281 2674 2673 2282
f 2280 2675 2674 2281
f 2279 2676 2675 2280
f 2278 2677 2676 2279
f 2277 2678 2677 2278
f 2276 2679 2678 2277
f 2275 2680 2679 2276
f 2274 2681 2680 2275
f 2273 2682 2681 2274
f 2272 2683 2682 2273
f 2271 2684 2683 2272
f 2270 2685 2684 2271
f 2269 2655 2685 2270
f 2686 2687 2401 2398
f 2687 2688 2403 2401
f 2688 2689 2405 2403
f 2689 2690 2407 2405
f 2690 2691 2409 2407
f 2691 2692 2411 2409
f 2692 2693 2413 2411
f 2693 2694 2415 2413
f 2694 2695 2417 2415
f 2695 2696 2419 2417
f 2696 2697 2421 2419
f 2697 2698 2423 2421
f 2698 2699 2425 2423
f 2699 2700 2427 2425
f 2700 2701 2429 2427
f 2701 2702 2431 2429
f 2702 2703 2433 2431
f 2703 2704 2435 2433
f 2704 2705 2437 2435
f 2705 2706 2439 2437
f 2706 2707 2441 2439
f 2707 2708 2443 2441
f 2708 2709 2445 2443
f 2709 2710 2447 2445
f 2710 2711 2449 2447
f 2711 2712 2451 2449
f 2712 2713 2453 2451
f 2713 2714 2455 2453
f 2714 2715 2457 2455
f 2715 2716 2459 2457
f 2716 2717 2461 2459
f 2717 2686 2398 2461
f 2687 2686 2655 2654
f 2686 2717 2685 2655
f 2654 2656 2688 2687
f 2656 2657 2689 2688
f 2657 2658 2690 2689
f 2658 2659 2691 2690
f 2659 2660 2692 2691
f 2660 2661 2693 2692
f 2661 2662 2694 2693
f 2662 2663 2695 2694
f 2663 2664 2696 2695
f 2664 2665 2697 2696
f 2665 2666 2698 2697
f 2666 2667 2699 2698
f 2667 2668 2700 2699
f 2668 2669 2701 2700
f 2669 2670 2702 2701
f 2670 2671 2703 2702
f 2671 2672 2704 2703
f 2672 2673 2705 2704
f 2673 2674 2706 2705
f 2674 2675 2707 2706
f 2675 2676 2708 2707
f 2676 2677 2709 2708
f 2677 2678 2710 2709
f 2678 2679 2711 2710
f 2679 2680 2712 2711
f 2680 2681 2713 2712
f 2681 2682 2714 2713
f 2682 2683 2715 2714
f 2683 2684 2716 2715
f 2684 2685 2717 2716
f 2718 2719 2720
f 2397 2366 2721 2722
f 2718 2723 2719
f 2396 2397 2722 2724
f 2718 2725 2723
f 2395 2396 2724 2726
f 2718 2727 2725
f 2394 2395 2726 2728
f 2718 2729 2727
f 2393 2394 2728 2730
f 2718 2731 2729
f 2392 2393 2730 2732
f 2718 2733 2731
f 2391 2392 2732 2734
f 2718 2735 2733
f 2390 2391 2734 2736
f 2718 2737 2735
f 2389 2390 2736 2738
f 2718 2739 2737
f 2388 2389 2738 2740
f 2718 2741 2739
f 2387 2388 2740 2742
f 2718 2743 2741
f 2386 2387 2742 2744
f 2718 2745 2743
f 2385 2386 2744 2746
f 2718 2747 2745
f 2384 2385 2746 2748
f 2718 2749 2747
f 2383 2384 2748 2750
f 2718 2751 2749
f 2382 2383 2750 2752
f 2718 2753 2751
f 2381 2382 2752 2754
f 2718 2755 2753
f 2380 2381 2754 2756
f 2718 2757 2755
f 2379 2380 2756 2758
f 2718 2759 2757
f 2378 2379 2758 2760
f 2718 2761 2759
f 2377 2378 2760 2762
f 2718 2763 2761
f 2376 2377 2762 2764
f 2718 2765 2763
f 2375 2376 2764 2766
f 2718 2767 2765
f 2374 2375 2766 2768
f 2718 2769 2767
f 2373 2374 2768 2770
f 2718 2771 2769
f 2372 2373 2770 2772
f 2718 2773 2771
f 2371 2372 2772 2774
f 2718 2775 2773
f 2370 2371 2774 2776
f 2718 2777 2775
f 2369 2370 2776 2778
f 2718 2779 2777
f 2368 2369 2778 2780
f 2718 2781 2779
f 2367 2368 2780 2782
f 2718 2720 2781
f 2366 2367 2782 2721
f 2720 2719 2722 2721
f 2719 2723 2724 2722
f 2723 2725 2726 2724
f 2725 2727 2728 2726
f 2727 2729 2730 2728
f 2729 2731 2732 2730
f 2731 2733 2734 2732
f 2733 2735 2736 2734
f 2735 2737 2738 2736
f 2737 2739 2740 2738
f 2739 2741 2742 2740
f 2741 2743 2744 2742
f 2743 2745 2746 2744
f 2745 2747 2748 2746
f 2747 2749 2750 2748
f 2749 2751 2752 2750
f 2751 2753 2754 2752
f 2753 2755 2756 2754
f 2755 2757 2758 2756
f 2757 2759 2760 2758
f 2759 2761 2762 2760
f 2761 2763 2764 2762
f 2763 2765 2766 2764
f 2765 2767 2768 2766
f 2767 2769 2770 2768
f 2769 2771 2772 2770
f 2771 2773 2774 2772
f 2773 2775 2776 2774
f 2775 2777 2778 2776
f 2777 2779 2780 2778
f 2779 2781 2782 2780
f 2721 2782 2781 2720
f 2846 2847 2815
f 2845 2847 2846
f 2844 2847 2845
f 2843 2847 2844
f 2842 2847 2843
f 2841 2847 2842
f 2840 2847 2841
f 2839 2847 2840
f 2838 2847 2839
f 2837 2847 2838
f 2836 2847 2837
f 2835 2847 2836
f 2834 2847 2835
f 2833 2847 2834
f 2832 2847 2833
f 2831 2847 2832
f 2830 2847 2831
f 2829 2847 2830
f 2828 2847 2829
f 2827 2847 2828
f 2826 2847 2827
f 2825 2847 2826
f 2824 2847 2825
f 2823 2847 2824
f 2822 2847 2823
f 2821 2847 2822
f 2820 2847 2821
f 2819 2847 2820
f 2818 2847 2819
f 2817 2847 2818
f 2816 2847 2817
f 2815 2847 2816
f 2880 2848 2849 2881
f 2881 2849 2850 2882
f 2882 2850 2851 2883
f 2883 2851 2852 2884
f 2884 2852 2853 2885
f 2885 2853 2854 2886
f 2886 2854 2855 2887
f 2887 2855 2856 2888
f 2888 2856 2857 2889
f 2889 2857 2858 2890
f 2890 2858 2859 2891
f 2891 2859 2860 2892
f 2892 2860 2861 2893
f 2893 2861 2862 2894
f 2894 2862 2863 2895
f 2895 2863 2864 2896
f 2896 2864 2865 2897
f 2897 2865 2866 2898
f 2898 2866 2867 2899
f 2899 2867 2868 2900
f 2900 2868 2869 2901
f 2901 2869 2870 2902
f 2902 2870 2871 2903
f 2903 2871 2872 2904
f 2904 2872 2873 2905
f 2905 2873 2874 2906
f 2906 2874 2875 2907
f 2907 2875 2876 2908
f 2908 2876 2877 2909
f 2909 2877 2878 2910
f 2910 2878 2879 2911
f 2911 2879 2848 2880
f 2915 2914 2913 2912
f 2917 2916 2914 2915
f 2919 2918 2916 2917
f 2921 2920 2918 2919
f 2923 2922 2920 2921
f 2925 2924 2922 2923
f 2927 2926 2924 2925
f 2929 2928 2926 2927
f 2931 2930 2928 2929
f 2933 2932 2930 2931
f 2935 2934 2932 2933
f 2937 2936 2934 2935
f 2939 2938 2936 2937
f 2941 2940 2938 2939
f 2943 2942 2940 2941
f 2945 2944 2942 2943
f 2947 2946 2944 2945
f 2949 2948 2946 2947
f 2951 2950 2948 2949
f 2953 2952 2950 2951
f 2955 2954 2952 2953
f 2957 2956 2954 2955
f 2959 2958 2956 2957
f 2961 2960 2958 2959
f 2963 2962 2960 2961
f 2965 2964 2962 2963
f 2967 2966 2964 2965
f 2969 2968 2966 2967
f 2971 2970 2968 2969
f 2973 2972 2970 2971
f 2975 2974 2972 2973
f 2912 2913 2974 2975
f 2783 2784 2978 2979
f 2784 2785 2981 2978
f 2785 2786 2983 2981
f 2786 2787 2985 2983
f 2787 2788 2987 2985
f 2788 2789 2989 2987
f 2789 2790 2991 2989
f 2790 2791 2993 2991
f 2791 2792 2995 2993
f 2792 2793 2997 2995
f 2793 2794 2999 2997
f 2794 2795 3001 2999
f 2795 2796 3003 3001
f 2796 2797 3005 3003
f 2797 2798 3007 3005
f 2798 2799 3009 3007
f 2799 2800 3011 3009
f 2800 2801 3013 3011
f 2801 2802 3015 3013
f 2802 2803 3017 3015
f 2803 2804 3019 3017
f 2804 2805 3021 3019
f 2805 2806 3023 3021
f 2806 2807 3025 3023
f 2807 2808 3027 3025
f 2808 2809 3029 3027
f 2809 2810 3031 3029
f 2810 2811 3033 3031
f 2811 2812 3035 3033
f 2812 2813 3037 3035
f 2813 2814 3039 3037
f 2814 2783 2979 3039
f 2977 2976 2979 2978
f 2978 2981 2980 2977
f 2981 2983 2982 2980
f 2983 2985 2984 2982
f 2985 2987 2986 2984
f 2987 2989 2988 2986
f 2989 2991 2990 2988
f 2991 2993 2992 2990
f 2993 2995 2994 2992
f 2995 2997 2996 2994
f 2997 2999 2998 2996
f 2999 3001 3000 2998
f 3001 3003 3002 3000
f 3003 3005 3004 3002
f 3005 3007 3006 3004
f 3007 3009 3008 3006
f 3009 3011 3010 3008
f 3011 3013 3012 3010
f 3013 3015 3014 3012
f 3015 3017 3016 3014
f 3017 3019 3018 3016
f 3019 3021 3020 3018
f 3021 3023 3022 3020
f 3023 3025 3024 3022
f 3025 3027 3026 3024
f 3027 3029 3028 3026
f 3029 3031 3030 3028
f 3031 3033 3032 3030
f 3033 3035 3034 3032
f 3035 3037 3036 3034
f 3037 3039 3038 3036
f 2976 3038 3039 2979
f 2849 2848 3040 3041
f 2850 2849 3041 3042
f 2851 2850 3042 3043
f 2852 2851 3043 3044
f 2853 2852 3044 3045
f 2854 2853 3045 3046
f 2855 2854 3046 3047
f 2856 2855 3047 3048
f 2857 2856 3048 3049
f 2858 2857 3049 3050
f 2859 2858 3050 3051
f 2860 2859 3051 3052
f 2861 2860 3052 3053
f 2862 2861 3053 3054
f 2863 2862 3054 3055
f 2864 2863 3055 3056
f 2865 2864 3056 3057
f 2866 2865 3057 3058
f 2867 2866 3058 3059
f 2868 2867 3059 3060
f 2869 2868 3060 3061
f 2870 2869 3061 3062
f 2871 2870 3062 3063
f 2872 2871 3063 3064
f 2873 2872 3064 3065
f 2874 2873 3065 3066
f 2875 2874 3066 3067
f 2876 2875 3067 3068
f 2877 2876 3068 3069
f 2878 2877 3069 3070
f 2879 2878 3070 3071
f 2848 2879 3071 3040
f 3072 2976 2977 3073
f 3073 2977 2980 3074
f 3074 2980 2982 3075
f 3075 2982 2984 3076
f 3076 2984 2986 3077
f 3077 2986 2988 3078
f 3078 2988 2990 3079
f 3079 2990 2992 3080
f 3080 2992 2994 3081
f 3081 2994 2996 3082
f 3082 2996 2998 3083
f 3083 2998 3000 3084
f 3084 3000 3002 3085
f 3085 3002 3004 3086
f 3086 3004 3006 3087
f 3087 3006 3008 3088
f 3088 3008 3010 3089
f 3089 3010 3012 3090
f 3090 3012 3014 3091
f 3091 3014 3016 3092
f 3092 3016 3018 3093
f 3093 3018 3020 3094
f 3094 3020 3022 3095
f 3095 3022 3024 3096
f 3096 3024 3026 3097
f 3097 3026 3028 3098
f 3098 3028 3030 3099
f 3099 3030 3032 3100
f 3100 3032 3034 3101
f 3101 3034 3036 3102
f 3102 3036 3038 3103
f 3103 3038 2976 3072
f 3073 3074 3042 3041
f 3074 3075 3043 3042
f 3075 3076 3044 3043
f 3076 3077 3045 3044
f 3077 3078 3046 3045
f 3078 3079 3047 3046
f 3079 3080 3048 3047
f 3080 3081 3049 3048
f 3081 3082 3050 3049
f 3082 3083 3051 3050
f 3083 3084 3052 3051
f 3084 3085 3053 3052
f 3085 3086 3054 3053
f 3086 3087 3055 3054
f 3087 3088 3056 3055
f 3088 3089 3057 3056
f 3089 3090 3058 3057
f 3090 3091 3059 3058
f 3091 3092 3060 3059
f 3092 3093 3061 3060
f 3093 3094 3062 3061
f 3094 3095 3063 3062
f 3095 3096 3064 3063
f 3096 3097 3065 3064
f 3097 3098 3066 3065
f 3098 3099 3067 3066
f 3099 3100 3068 3067
f 3100 3101 3069 3068
f 3101 3102 3070 3069
f 3102 3103 3071 3070
f 3041 3040 3072 3073
f 3040 3071 3103 3072
f 3104 2815 2816 3105
f 3105 2816 2817 3106
f 3106 2817 2818 3107
f 3107 2818 2819 3108
f 3108 2819 2820 3109
f 3109 2820 2821 3110
f 3110 2821 2822 3111
f 3111 2822 2823 3112
f 3112 2823 2824 3113
f 3113 2824 2825 3114
f 3114 2825 2826 3115
f 3115 2826 2827 3116
f 3116 2827 2828 3117
f 3117 2828 2829 3118
f 3118 2829 2830 3119
f 3119 2830 2831 3120
f 3120 2831 2832 3121
f 3121 2832 2833 3122
f 3122 2833 2834 3123
f 3123 2834 2835 3124
f 3124 2835 2836 3125
f 3125 2836 2837 3126
f 3126 2837 2838 3127
f 3127 2838 2839 3128
f 3128 2839 2840 3129
f 3129 2840 2841 3130
f 3130 2841 2842 3131
f 3131 2842 2843 3132
f 3132 2843 2844 3133
f 3133 2844 2845 3134
f 3134 2845 2846 3135
f 3135 2846 2815 3104
f 3136 3137 2913 2914
f 3138 3136 2914 2916
f 3139 3138 2916 2918
f 3140 3139 2918 2920
f 3141 3140 2920 2922
f 3142 3141 2922 2924
f 3143 3142 2924 2926
f 3144 3143 2926 2928
f 3145 3144 2928 2930
f 3146 3145 2930 2932
f 3147 3146 2932 2934
f 3148 3147 2934 2936
f 3149 3148 2936 2938
f 3150 3149 2938 2940
f 3151 3150 2940 2942
f 3152 3151 2942 2944
f 3153 3152 2944 2946
f 3154 3153 2946 2948
f 3155 3154 2948 2950
f 3156 3155 2950 2952
f 3157 3156 2952 2954
f 3158 3157 2954 2956
f 3159 3158 2956 2958
f 3160 3159 2958 2960
f 3161 3160 2960 2962
f 3162 3161 2962 2964
f 3163 3162 2964 2966
f 3164 3163 2966 2968
f 3165 3164 2968 2970
f 3166 3165 2970 2972
f 3167 3166 2972 2974
f 3137 3167 2974 2913
f 3137 3136 3135 3104
f 3134 3135 3136 3138
f 3133 3134 3138 3139
f 3132 3133 3139 3140
f 3131 3132 3140 3141
f 3130 3131 3141 3142
f 3129 3130 3142 3143
f 3128 3129 3143 3144
f 3127 3128 3144 3145
f 3126 3127 3145 3146
f 3125 3126 3146 3147
f 3124 3125 3147 3148
f 3123 3124 3148 3149
f 3122 3123 3149 3150
f 3121 3122 3150 3151
f 3120 3121 3151 3152
f 3119 3120 3152 3153
f 3118 3119 3153 3154
f 3117 3118 3154 3155
f 3116 3117 3155 3156
f 3115 3116 3156 3157
f 3114 3115 3157 3158
f 3113 3114 3158 3159
f 3112 3113 3159 3160
f 3111 3112 3160 3161
f 3110 3111 3161 3162
f 3109 3110 3162 3163
f 3108 3109 3163 3164
f 3107 3108 3164 3165
f 3106 3107 3165 3166
f 3105 3106 3166 3167
f 3104 3105 3167 3137
f 2814 3168 3169 2783
f 2813 3170 3168 2814
f 2812 3171 3170 2813
f 2811 3172 3171 2812
f 2810 3173 3172 2811
f 2809 3174 3173 2810
f 2808 3175 3174 2809
f 2807 3176 3175 2808
f 2806 3177 3176 2807
f 2805 3178 3177 2806
f 2804 3179 3178 2805
f 2803 3180 3179 2804
f 2802 3181 3180 2803
f 2801 3182 3181 2802
f 2800 3183 3182 2801
f 2799 3184 3183 2800
f 2798 3185 3184 2799
f 2797 3186 3185 2798
f 2796 3187 3186 2797
f 2795 3188 3187 2796
f 2794 3189 3188 2795
f 2793 3190 3189 2794
f 2792 3191 3190 2793
f 2791 3192 3191 2792
f 2790 3193 3192 2791
f 2789 3194 3193 2790
f 2788 3195 3194 2789
f 2787 3196 3195 2788
f 2786 3197 3196 2787
f 2785 3198 3197 2786
f 2784 3199 3198 2785
f 2783 3169 3199 2784
f 3200 3201 2915 2912
f 3201 3202 2917 2915
f 3202 3203 2919 2917
f 3203 3204 2921 2919
f 3204 3205 2923 2921
f 3205 3206 2925 2923
f 3206 3207 2927 2925
f 3207 3208 2929 2927
f 3208 3209 2931 2929
f 3209 3210 2933 2931
f 3210 3211 2935 2933
f 3211 3212 2937 2935
f 3212 3213 2939 2937
f 3213 3214 2941 2939
f 3214 3215 2943 2941
f 3215 3216 2945 2943
f 3216 3217 2947 2945
f 3217 3218 2949 2947
f 3218 3219 2951 2949
f 3219 3220 2953 2951
f 3220 3221 2955 2953
f 3221 3222 2957 2955
f 3222 3223 2959 2957
f 3223 3224 2961 2959
f 3224 3225 2963 2961
f 3225 3226 2965 2963
f 3226 3227 2967 2965
f 3227 3228 2969 2967
f 3228 3229 2971 2969
f 3229 3230 2973 2971
f 3230 3231 2975 2973
f 3231 3200 2912 2975
f 3201 3200 3169 3168
f 3200 3231 3199 3169
f 3168 3170 3202 3201
f 3170 3171 3203 3202
f 3171 3172 3204 3203
f 3172 3173 3205 3204
f 3173 3174 3206 3205
f 3174 3175 3207 3206
f 3175 3176 3208 3207
f 3176 3177 3209 3208
f 3177 3178 3210 3209
f 3178 3179 3211 3210
f 3179 3180 3212 3211
f 3180 3181 3213 3212
f 3181 3182 3214 3213
f 3182 3183 3215 3214
f 3183 3184 3216 3215
f 3184 3185 3217 3216
f 3185 3186 3218 3217
f 3186 3187 3219 3218
f 3187 3188 3220 3219
f 3188 3189 3221 3220
f 3189 3190 3222 3221
f 3190 3191 3223 3222
f 3191 3192 3224 3223
f 3192 3193 3225 3224
f 3193 3194 3226 3225
f 3194 3195 3227 3226
f 3195 3196 3228 3227
f 3196 3197 3229 3228
f 3197 3198 3230 3229
f 3198 3199 3231 3230
f 3232 3233 3234
f 2911 2880 3235 3236
f 3232 3237 3233
f 2910 2911 3236 3238
f 3232 3239 3237
f 2909 2910 3238 3240
f 3232 3241 3239
f 2908 2909 3240 3242
f 3232 3243 3241
f 2907 2908 3242 3244
f 3232 3245 3243
f 2906 2907 3244 3246
f 3232 3247 3245
f 2905 2906 3246 3248
f 3232 3249 3247
f 2904 2905 3248 3250
f 3232 3251 3249
f 2903 2904 3250 3252
f 3232 3253 3251
f 2902 2903 3252 3254
f 3232 3255 3253
f 2901 2902 3254 3256
f 3232 3257 3255
f 2900 2901 3256 3258
f 3232 3259 3257
f 2899 2900 3258 3260
f 3232 3261 3259
f 2898 2899 3260 3262
f 3232 3263 3261
f 2897 2898 3262 3264
f 3232 3265 3263
f 2896 2897 3264 3266
f 3232 3267 3265
f 2895 2896 3266 3268
f 3232 3269 3267
f 2894 2895 3268 3270
f 3232 3271 3269
f 2893 2894 3270 3272
f 3232 3273 3271
f 2892 2893 3272 3274
f 3232 3275 3273
f 2891 2892 3274 3276
f 3232 3277 3275
f 2890 2891 3276 3278
f 3232 3279 3277
f 2889 2890 3278 3280
f 3232 3281 3279
f 2888 2889 3280 3282
f 3232 3283 3281
f 2887 2888 3282 3284
f 3232 3285 3283
f 2886 2887 3284 3286
f 3232 3287 3285
f 2885 2886 3286 3288
f 3232 3289 3287
f 2884 2885 3288 3290
f 3232 3291 3289
f 2883 2884 3290 3292
f 3232 3293 3291
f 2882 2883 3292 3294
f 3232 3295 3293
f 2881 2882 3294 3296
f 3232 3234 3295
f 2880 2881 3296 3235
f 3234 3233 3236 3235
f 3233 3237 3238 3236
f 3237 3239 3240 3238
f 3239 3241 3242 3240
f 3241 3243 3244 3242
f 3243 3245 3246 3244
f 3245 3247 3248 3246
f 3247 3249 3250 3248
f 3249 3251 3252 3250
f 3251 3253 3254 3252
f 3253 3255 3256 3254
f 3255 3257 3258 3256
f 3257 3259 3260 3258
f 3259 3261 3262 3260
f 3261 3263 3264 3262
f 3263 3265 3266 3264
f 3265 3267 3268 3266
f 3267 3269 3270 3268
f 3269 3271 3272 3270
f 3271 3273 3274 3272
f 3273 3275 3276 3274
f 3275 3277 3278 3276
f 3277 3279 3280 3278
f 3279 3281 3282 3280
f 3281 3283 3284 3282
f 3283 3285 3286 3284
f 3285 3287 3288 3286
f 3287 3289 3290 3288
f 3289 3291 3292 3290
f 3291 3293 3294 3292
f 3293 3295 3296 3294
f 3235 3296 3295 3234
f 3344 3343 3342 3341
f 3302 3298 3344 3341
f 3298 3320 3343 3344
f 3298 3302 3317 3320
f 3350 3349 3348 3347
f 3319 3300 3350 3347
f 3300 3304 3349 3350
f 3300 3319 3318 3304
f 3345 3346 3353 3352
f 3315 3314 3345 3352
f 3314 3315 3321 3322
f 3389 3307 3351 3388
f 3314 3385 3386 3345
f 3385 3314 3322 3390
f 3347 3348 3359 3358
f 3299 3319 3347 3358
f 3303 3299 3358 3359
f 3319 3299 3303 3318
f 3346 3351 3360 3353
f 3307 3305 3360 3351
f 3322 3321 3305 3307
f 3362 3342 3343 3361
f 3297 3301 3362 3361
f 3320 3297 3361 3343
f 3301 3297 3320 3317
f 3351 3346 3387 3388
f 3386 3387 3346 3345
f 3307 3389 3390 3322
f 3353 3366 3365 3352
f 3325 3327 3365 3366
f 3321 3315 3327 3325
f 3365 3368 3367 3352
f 3316 3315 3352 3367
f 3327 3326 3368 3365
f 3327 3315 3316 3326
f 3367 3368 3369 3349
f 3304 3316 3367 3349
f 3326 3329 3369 3368
f 3316 3304 3329 3326
f 3369 3370 3348 3349
f 3329 3328 3370 3369
f 3329 3304 3318 3328
f 3348 3370 3371 3359
f 3328 3331 3371 3370
f 3318 3303 3331 3328
f 3371 3373 3372 3359
f 3306 3303 3359 3372
f 3331 3330 3373 3371
f 3331 3303 3306 3330
f 3372 3373 3374 3360
f 3305 3306 3372 3360
f 3330 3332 3374 3373
f 3306 3305 3332 3330
f 3374 3366 3353 3360
f 3332 3325 3366 3374
f 3332 3305 3321 3325
f 3377 3376 3375 3354
f 3312 3313 3377 3354
f 3333 3335 3375 3376
f 3313 3312 3335 3333
f 3375 3378 3357 3354
f 3335 3334 3378 3375
f 3335 3312 3323 3334
f 3357 3378 3379 3364
f 3334 3337 3379 3378
f 3323 3309 3337 3334
f 3379 3381 3380 3364
f 3310 3309 3364 3380
f 3337 3336 3381 3379
f 3337 3309 3310 3336
f 3342 3383 3382 3341
f 3338 3339 3382 3383
f 3317 3302 3339 3338
f 3382 3376 3377 3341
f 3313 3302 3341 3377
f 3339 3333 3376 3382
f 3339 3302 3313 3333
f 3380 3381 3384 3362
f 3301 3310 3380 3362
f 3336 3340 3384 3381
f 3310 3301 3340 3336
f 3384 3383 3342 3362
f 3340 3338 3383 3384
f 3340 3301 3317 3338
f 3308 3391 3392 3363
f 3391 3393 3394 3392
f 3393 3395 3396 3394
f 3395 3397 3398 3396
f 3397 3399 3400 3398
f 3399 3401 3402 3400
f 3401 3403 3404 3402
f 3403 3389 3388 3404
f 3385 3405 3406 3386
f 3405 3407 3408 3406
f 3407 3409 3410 3408
f 3409 3411 3412 3410
f 3411 3413 3414 3412
f 3413 3415 3416 3414
f 3415 3417 3418 3416
f 3417 3311 3355 3418
f 3311 3417 3419 3324
f 3417 3415 3420 3419
f 3415 3413 3421 3420
f 3413 3411 3422 3421
f 3411 3409 3423 3422
f 3409 3407 3424 3423
f 3407 3405 3425 3424
f 3405 3385 3390 3425
f 3387 3426 3404 3388
f 3426 3427 3402 3404
f 3427 3428 3400 3402
f 3428 3429 3398 3400
f 3429 3430 3396 3398
f 3430 3431 3394 3396
f 3431 3432 3392 3394
f 3432 3356 3363 3392
f 3356 3432 3418 3355
f 3432 3431 3416 3418
f 3431 3430 3414 3416
f 3430 3429 3412 3414
f 3429 3428 3410 3412
f 3428 3427 3408 3410
f 3427 3426 3406 3408
f 3426 3387 3386 3406
f 3389 3403 3425 3390
f 3403 3401 3424 3425
f 3401 3399 3423 3424
f 3399 3397 3422 3423
f 3397 3395 3421 3422
f 3395 3393 3420 3421
f 3393 3391 3419 3420
f 3391 3308 3324 3419
f 3357 3433 3434 3354
f 3433 3435 3436 3434
f 3435 3437 3438 3436
f 3437 3439 3440 3438
f 3439 3441 3442 3440
f 3441 3356 3355 3442
f 3311 3443 3442 3355
f 3443 3444 3440 3442
f 3444 3445 3438 3440
f 3445 3446 3436 3438
f 3446 3447 3434 3436
f 3447 3312 3354 3434
f 3312 3447 3448 3323
f 3447 3446 3449 3448
f 3446 3445 3450 3449
f 3445 3444 3451 3450
f 3444 3443 3452 3451
f 3443 3311 3324 3452
f 3356 3441 3453 3363
f 3441 3439 3454 3453
f 3439 3437 3455 3454
f 3437 3435 3456 3455
f 3435 3433 3457 3456
f 3433 3357 3364 3457
f 3309 3458 3457 3364
f 3458 3459 3456 3457
f 3459 3460 3455 3456
f 3460 3461 3454 3455
f 3461 3462 3453 3454
f 3462 3308 3363 3453
f 3308 3462 3452 3324
f 3462 3461 3451 3452
f 3461 3460 3450 3451
f 3460 3459 3449 3450
f 3459 3458 3448 3449
f 3458 3309 3323 3448
f 3526 3527 3495
f 3525 3527 3526
f 3524 3527 3525
f 3523 3527 3524
f 3522 3527 3523
f 3521 3527 3522
f 3520 3527 3521
f 3519 3527 3520
f 3518 3527 3519
f 3517 3527 3518
f 3516 3527 3517
f 3515 3527 3516
f 3514 3527 3515
f 3513 3527 3514
f 3512 3527 3513
f 3511 3527 3512
f 3510 3527 3511
f 3509 3527 3510
f 3508 3527 3509
f 3507 3527 3508
f 3506 3527 3507
f 3505 3527 3506
f 3504 3527 3505
f 3503 3527 3504
f 3502 3527 3503
f 3501 3527 3502
f 3500 3527 3501
f 3499 3527 3500
f 3498 3527 3499
f 3497 3527 3498
f 3496 3527 3497
f 3495 3527 3496
f 3560 3528 3529 3561
f 3561 3529 3530 3562
f 3562 3530 3531 3563
f 3563 3531 3532 3564
f 3564 3532 3533 3565
f 3565 3533 3534 3566
f 3566 3534 3535 3567
f 3567 3535 3536 3568
f 3568 3536 3537 3569
f 3569 3537 3538 3570
f 3570 3538 3539 3571
f 3571 3539 3540 3572
f 3572 3540 3541 3573
f 3573 3541 3542 3574
f 3574 3542 3543 3575
f 3575 3543 3544 3576
f 3576 3544 3545 3577
f 3577 3545 3546 3578
f 3578 3546 3547 3579
f 3579 3547 3548 3580
f 3580 3548 3549 3581
f 3581 3549 3550 3582
f 3582 3550 3551 3583
f 3583 3551 3552 3584
f 3584 3552 3553 3585
f 3585 3553 3554 3586
f 3586 3554 3555 3587
f 3587 3555 3556 3588
f 3588 3556 3557 3589
f 3589 3557 3558 3590
f 3590 3558 3559 3591
f 3591 3559 3528 3560
f 3595 3594 3593 3592
f 3597 3596 3594 3595
f 3599 3598 3596 3597
f 3601 3600 3598 3599
f 3603 3602 3600 3601
f 3605 3604 3602 3603
f 3607 3606 3604 3605
f 3609 3608 3606 3607
f 3611 3610 3608 3609
f 3613 3612 3610 3611
f 3615 3614 3612 3613
f 3617 3616 3614 3615
f 3619 3618 3616 3617
f 3621 3620 3618 3619
f 3623 3622 3620 3621
f 3625 3624 3622 3623
f 3627 3626 3624 3625
f 3629 3628 3626 3627
f 3631 3630 3628 3629
f 3633 3632 3630 3631
f 3635 3634 3632 3633
f 3637 3636 3634 3635
f 3639 3638 3636 3637
f 3641 3640 3638 3639
f 3643 3642 3640 3641
f 3645 3644 3642 3643
f 3647 3646 3644 3645
f 3649 3648 3646 3647
f 3651 3650 3648 3649
f 3653 3652 3650 3651
f 3655 3654 3652 3653
f 3592 3593 3654 3655
f 3463 3464 3658 3659
f 3464 3465 3661 3658
f 3465 3466 3663 3661
f 3466 3467 3665 3663
f 3467 3468 3667 3665
f 3468 3469 3669 3667
f 3469 3470 3671 3669
f 3470 3471 3673 3671
f 3471 3472 3675 3673
f 3472 3473 3677 3675
f 3473 3474 3679 3677
f 3474 3475 3681 3679
f 3475 3476 3683 3681
f 3476 3477 3685 3683
f 3477 3478 3687 3685
f 3478 3479 3689 3687
f 3479 3480 3691 3689
f 3480 3481 3693 3691
f 3481 3482 3695 3693
f 3482 3483 3697 3695
f 3483 3484 3699 3697
f 3484 3485 3701 3699
f 3485 3486 3703 3701
f 3486 3487 3705 3703
f 3487 3488 3707 3705
f 3488 3489 3709 3707
f 3489 3490 3711 3709
f 3490 3491 3713 3711
f 3491 3492 3715 3713
f 3492 3493 3717 3715
f 3493 3494 3719 3717
f 3494 3463 3659 3719
f 3657 3656 3659 3658
f 3658 3661 3660 3657
f 3661 3663 3662 3660
f 3663 3665 3664 3662
f 3665 3667 3666 3664
f 3667 3669 3668 3666
f 3669 3671 3670 3668
f 3671 3673 3672 3670
f 3673 3675 3674 3672
f 3675 3677 3676 3674
f 3677 3679 3678 3676
f 3679 3681 3680 3678
f 3681 3683 3682 3680
f 3683 3685 3684 3682
f 3685 3687 3686 3684
f 3687 3689 3688 3686
f 3689 3691 3690 3688
f 3691 3693 3692 3690
f 3693 3695 3694 3692
f 3695 3697 3696 3694
f 3697 3699 3698 3696
f 3699 3701 3700 3698
f 3701 3703 3702 3700
f 3703 3705 3704 3702
f 3705 3707 3706 3704
f 3707 3709 3708 3706
f 3709 3711 3710 3708
f 3711 3713 3712 3710
f 3713 3715 3714 3712
f 3715 3717 3716 3714
f 3717 3719 3718 3716
f 3656 3718 3719 3659
f 3529 3528 3720 3721
f 3530 3529 3721 3722
f 3531 3530 3722 3723
f 3532 3531 3723 3724
f 3533 3532 3724 3725
f 3534 3533 3725 3726
f 3535 3534 3726 3727
f 3536 3535 3727 3728
f 3537 3536 3728 3729
f 3538 3537 3729 3730
f 3539 3538 3730 3731
f 3540 3539 3731 3732
f 3541 3540 3732 3733
f 3542 3541 3733 3734
f 3543 3542 3734 3735
f 3544 3543 3735 3736
f 3545 3544 3736 3737
f 3546 3545 3737 3738
f 3547 3546 3738 3739
f 3548 3547 3739 3740
f 3549 3548 3740 3741
f 3550 3549 3741 3742
f 3551 3550 3742 3743
f 3552 3551 3743 3744
f 3553 3552 3744 3745
f 3554 3553 3745 3746
f 3555 3554 3746 3747
f 3556 3555 3747 3748
f 3557 3556 3748 3749
f 3558 3557 3749 3750
f 3559 3558 3750 3751
f 3528 3559 3751 3720
f 3752 3656 3657 3753
f 3753 3657 3660 3754
f 3754 3660 3662 3755
f 3755 3662 3664 3756
f 3756 3664 3666 3757
f 3757 3666 3668 3758
f 3758 3668 3670 3759
f 3759 3670 3672 3760
f 3760 3672 3674 3761
f 3761 3674 3676 3762
f 3762 3676 3678 3763
f 3763 3678 3680 3764
f 3764 3680 3682 3765
f 3765 3682 3684 3766
f 3766 3684 3686 3767
f 3767 3686 3688 3768
f 3768 3688 3690 3769
f 3769 3690 3692 3770
f 3770 3692 3694 3771
f 3771 3694 3696 3772
f 3772 3696 3698 3773
f 3773 3698 3700 3774
f 3774 3700 3702 3775
f 3775 3702 3704 3776
f 3776 3704 3706 3777
f 3777 3706 3708 3778
f 3778 3708 3710 3779
f 3779 3710 3712 3780
f 3780 3712 3714 3781
f 3781 3714 3716 3782
f 3782 3716 3718 3783
f 3783 3718 3656 3752
f 3753 3754 3722 3721
f 3754 3755 3723 3722
f 3755 3756 3724 3723
f 3756 3757 3725 3724
f 3757 3758 3726 3725
f 3758 3759 3727 3726
f 3759 3760 3728 3727
f 3760 3761 3729 3728
f 3761 3762 3730 3729
f 3762 3763 3731 3730
f 3763 3764 3732 3731
f 3764 3765 3733 3732
f 3765 3766 3734 3733
f 3766 3767 3735 3734
f 3767 3768 3736 3735
f 3768 3769 3737 3736
f 3769 3770 3738 3737
f 3770 3771 3739 3738
f 3771 3772 3740 3739
f 3772 3773 3741 3740
f 3773 3774 3742 3741
f 3774 3775 3743 3742
f 3775 3776 3744 3743
f 3776 3777 3745 3744
f 3777 3778 3746 3745
f 3778 3779 3747 3746
f 3779 3780 3748 3747
f 3780 3781 3749 3748
f 3781 3782 3750 3749
f 3782 3783 3751 3750
f 3721 3720 3752 3753
f 3720 3751 3783 3752
f 3784 3495 3496 3785
f 3785 3496 3497 3786
f 3786 3497 3498 3787
f 3787 3498 3499 3788
f 3788 3499 3500 3789
f 3789 3500 3501 3790
f 3790 3501 3502 3791
f 3791 3502 3503 3792
f 3792 3503 3504 3793
f 3793 3504 3505 3794
f 3794 3505 3506 3795
f 3795 3506 3507 3796
f 3796 3507 3508 3797
f 3797 3508 3509 3798
f 3798 3509 3510 3799
f 3799 3510 3511 3800
f 3800 3511 3512 3801
f 3801 3512 3513 3802
f 3802 3513 3514 3803
f 3803 3514 3515 3804
f 3804 3515 3516 3805
f 3805 3516 3517 3806
f 3806 3517 3518 3807
f 3807 3518 3519 3808
f 3808 3519 3520 3809
f 3809 3520 3521 3810
f 3810 3521 3522 3811
f 3811 3522 3523 3812
f 3812 3523 3524 3813
f 3813 3524 3525 3814
f 3814 3525 3526 3815
f 3815 3526 3495 3784
f 3816 3817 3593 3594
f 3818 3816 3594 3596
f 3819 3818 3596 3598
f 3820 3819 3598 3600
f 3821 3820 3600 3602
f 3822 3821 3602 3604
f 3823 3822 3604 3606
f 3824 3823 3606 3608
f 3825 3824 3608 3610
f 3826 3825 3610 3612
f 3827 3826 3612 3614
f 3828 3827 3614 3616
f 3829 3828 3616 3618
f 3830 3829 3618 3620
f 3831 3830 3620 3622
f 3832 3831 3622 3624
f 3833 3832 3624 3626
f 3834 3833 3626 3628
f 3835 3834 3628 3630
f 3836 3835 3630 3632
f 3837 3836 3632 3634
f 3838 3837 3634 3636
f 3839 3838 3636 3638
f 3840 3839 3638 3640
f 3841 3840 3640 3642
f 3842 3841 3642 3644
f 3843 3842 3644 3646
f 3844 3843 3646 3648
f 3845 3844 3648 3650
f 3846 3845 3650 3652
f 3847 3846 3652 3654
f 3817 3847 3654 3593
f 3817 3816 3815 3784
f 3814 3815 3816 3818
f 3813 3814 3818 3819
f 3812 3813 3819 3820
f 3811 3812 3820 3821
f 3810 3811 3821 3822
f 3809 3810 3822 3823
f 3808 3809 3823 3824
f 3807 3808 3824 3825
f 3806 3807 3825 3826
f 3805 3806 3826 3827
f 3804 3805 3827 3828
f 3803 3804 3828 3829
f 3802 3803 3829 3830
f 3801 3802 3830 3831
f 3800 3801 3831 3832
f 3799 3800 3832 3833
f 3798 3799 3833 3834
f 3797 3798 3834 3835
f 3796 3797 3835 3836
f 3795 3796 3836 3837
f 3794 3795 3837 3838
f 3793 3794 3838 3839
f 3792 3793 3839 3840
f 3791 3792 3840 3841
f 3790 3791 3841 3842
f 3789 3790 3842 3843
f 3788 3789 3843 3844
f 3787 3788 3844 3845
f 3786 3787 3845 3846
f 3785 3786 3846 3847
f 3784 3785 3847 3817
f 3494 3848 3849 3463
f 3493 3850 3848 3494
f 3492 3851 3850 3493
f 3491 3852 3851 3492
f 3490 3853 3852 3491
f 3489 3854 3853 3490
f 3488 3855 3854 3489
f 3487 3856 3855 3488
f 3486 3857 3856 3487
f 3485 3858 3857 3486
f 3484 3859 3858 3485
f 3483 3860 3859 3484
f 3482 3861 3860 3483
f 3481 3862 3861 3482
f 3480 3863 3862 3481
f 3479 3864 3863 3480
f 3478 3865 3864 3479
f 3477 3866 3865 3478
f 3476 3867 3866 3477
f 3475 3868 3867 3476
f 3474 3869 3868 3475
f 3473 3870 3869 3474
f 3472 3871 3870 3473
f 3471 3872 3871 3472
f 3470 3873 3872 3471
f 3469 3874 3873 3470
f 3468 3875 3874 3469
f 3467 3876 3875 3468
f 3466 3877 3876 3467
f 3465 3878 3877 3466
f 3464 3879 3878 3465
f 3463 3849 3879 3464
f 3880 3881 3595 3592
f 3881 3882 3597 3595
f 3882 3883 3599 3597
f 3883 3884 3601 3599
f 3884 3885 3603 3601
f 3885 3886 3605 3603
f 3886 3887 3607 3605
f 3887 3888 3609 3607
f 3888 3889 3611 3609
f 3889 3890 3613 3611
f 3890 3891 3615 3613
f 3891 3892 3617 3615
f 3892 3893 3619 3617
f 3893 3894 3621 3619
f 3894 3895 3623 3621
f 3895 3896 3625 3623
f 3896 3897 3627 3625
f 3897 3898 3629 3627
f 3898 3899 3631 3629
f 3899 3900 3633 3631
f 3900 3901 3635 3633
f 3901 3902 3637 3635
f 3902 3903 3639 3637
f 3903 3904 3641 3639
f 3904 3905 3643 3641
f 3905 3906 3645 3643
f 3906 3907 3647 3645
f 3907 3908 3649 3647
f 3908 3909 3651 3649
f 3909 3910 3653 3651
f 3910 3911 3655 3653
f 3911 3880 3592 3655
f 3881 3880 3849 3848
f 3880 3911 3879 3849
f 3848 3850 3882 3881
f 3850 3851 3883 3882
f 3851 3852 3884 3883
f 3852 3853 3885 3884
f 3853 3854 3886 3885
f 3854 3855 3887 3886
f 3855 3856 3888 3887
f 3856 3857 3889 3888
f 3857 3858 3890 3889
f 3858 3859 3891 3890
f 3859 3860 3892 3891
f 3860 3861 3893 3892
f 3861 3862 3894 3893
f 3862 3863 3895 3894
f 3863 3864 3896 3895
f 3864 3865 3897 3896
f 3865 3866 3898 3897
f 3866 3867 3899 3898
f 3867 3868 3900 3899
f 3868 3869 3901 3900
f 3869 3870 3902 3901
f 3870 3871 3903 3902
f 3871 3872 3904 3903
f 3872 3873 3905 3904
f 3873 3874 3906 3905
f 3874 3875 3907 3906
f 3875 3876 3908 3907
f 3876 3877 3909 3908
f 3877 3878 3910 3909
f 3878 3879 3911 3910
f 3912 3913 3914
f 3591 3560 3915 3916
f 3912 3917 3913
f 3590 3591 3916 3918
f 3912 3919 3917
f 3589 3590 3918 3920
f 3912 3921 3919
f 3588 3589 3920 3922
f 3912 3923 3921
f 3587 3588 3922 3924
f 3912 3925 3923
f 3586 3587 3924 3926
f 3912 3927 3925
f 3585 3586 3926 3928
f 3912 3929 3927
f 3584 3585 3928 3930
f 3912 3931 3929
f 3583 3584 3930 3932
f 3912 3933 3931
f 3582 3583 3932 3934
f 3912 3935 3933
f 3581 3582 3934 3936
f 3912 3937 3935
f 3580 3581 3936 3938
f 3912 3939 3937
f 3579 3580 3938 3940
f 3912 3941 3939
f 3578 3579 3940 3942
f 3912 3943 3941
f 3577 3578 3942 3944
f 3912 3945 3943
f 3576 3577 3944 3946
f 3912 3947 3945
f 3575 3576 3946 3948
f 3912 3949 3947
f 3574 3575 3948 3950
f 3912 3951 3949
f 3573 3574 3950 3952
f 3912 3953 3951
f 3572 3573 3952 3954
f 3912 3955 3953
f 3571 3572 3954 3956
f 3912 3957 3955
f 3570 3571 3956 3958
f 3912 3959 3957
f 3569 3570 3958 3960
f 3912 3961 3959
f 3568 3569 3960 3962
f 3912 3963 3961
f 3567 3568 3962 3964
f 3912 3965 3963
f 3566 3567 3964 3966
f 3912 3967 3965
f 3565 3566 3966 3968
f 3912 3969 3967
f 3564 3565 3968 3970
f 3912 3971 3969
f 3563 3564 3970 3972
f 3912 3973 3971
f 3562 3563 3972 3974
f 3912 3975 3973
f 3561 3562 3974 3976
f 3912 3914 3975
f 3560 3561 3976 3915
f 3914 3913 3916 3915
f 3913 3917 3918 3916
f 3917 3919 3920 3918
f 3919 3921 3922 3920
f 3921 3923 3924 3922
f 3923 3925 3926 3924
f 3925 3927 3928 3926
f 3927 3929 3930 3928
f 3929 3931 3932 3930
f 3931 3933 3934 3932
f 3933 3935 3936 3934
f 3935 3937 3938 3936
f 3937 3939 3940 3938
f 3939 3941 3942 3940
f 3941 3943 3944 3942
f 3943 3945 3946 3944
f 3945 3947 3948 3946
f 3947 3949 3950 3948
f 3949 3951 3952 3950
f 3951 3953 3954 3952
f 3953 3955 3956 3954
f 3955 3957 3958 3956
f 3957 3959 3960 3958
f 3959 3961 3962 3960
f 3961 3963 3964 3962
f 3963 3965 3966 3964
f 3965 3967 3968 3966
f 3967 3969 3970 3968
f 3969 3971 3972 3970
f 3971 3973 3974 3972
f 3973 3975 3976 3974
f 3915 3976 3975 3914
f 4040 4041 4009
f 4039 4041 4040
f 4038 4041 4039
f 4037 4041 4038
f 4036 4041 4037
f 4035 4041 4036
f 4034 4041 4035
f 4033 4041 4034
f 4032 4041 4033
f 4031 4041 4032
f 4030 4041 4031
f 4029 4041 4030
f 4028 4041 4029
f 4027 4041 4028
f 4026 4041 4027
f 4025 4041 4026
f 4024 4041 4025
f 4023 4041 4024
f 4022 4041 4023
f 4021 4041 4022
f 4020 4041 4021
f 4019 4041 4020
f 4018 4041 4019
f 4017 4041 4018
f 4016 4041 4017
f 4015 4041 4016
f 4014 4041 4015
f 4013 4041 4014
f 4012 4041 4013
f 4011 4041 4012
f 4010 4041 4011
f 4009 4041 4010
f 4074 4042 4043 4075
f 4075 4043 4044 4076
f 4076 4044 4045 4077
f 4077 4045 4046 4078
f 4078 4046 4047 4079
f 4079 4047 4048 4080
f 4080 4048 4049 4081
f 4081 4049 4050 4082
f 4082 4050 4051 4083
f 4083 4051 4052 4084
f 4084 4052 4053 4085
f 4085 4053 4054 4086
f 4086 4054 4055 4087
f 4087 4055 4056 4088
f 4088 4056 4057 4089
f 4089 4057 4058 4090
f 4090 4058 4059 4091
f 4091 4059 4060 4092
f 4092 4060 4061 4093
f 4093 4061 4062 4094
f 4094 4062 4063 4095
f 4095 4063 4064 4096
f 4096 4064 4065 4097
f 4097 4065 4066 4098
f 4098 4066 4067 4099
f 4099 4067 4068 4100
f 4100 4068 4069 4101
f 4101 4069 4070 4102
f 4102 4070 4071 4103
f 4103 4071 4072 4104
f 4104 4072 4073 4105
f 4105 4073 4042 4074
f 4109 4108 4107 4106
f 4111 4110 4108 4109
f 4113 4112 4110 4111
f 4115 4114 4112 4113
f 4117 4116 4114 4115
f 4119 4118 4116 4117
f 4121 4120 4118 4119
f 4123 4122 4120 4121
f 4125 4124 4122 4123
f 4127 4126 4124 4125
f 4129 4128 4126 4127
f 4131 4130 4128 4129
f 4133 4132 4130 4131
f 4135 4134 4132 4133
f 4137 4136 4134 4135
f 4139 4138 4136 4137
f 4141 4140 4138 4139
f 4143 4142 4140 4141
f 4145 4144 4142 4143
f 4147 4146 4144 4145
f 4149 4148 4146 4147
f 4151 4150 4148 4149
f 4153 4152 4150 4151
f 4155 4154 4152 4153
f 4157 4156 4154 4155
f 4159 4158 4156 4157
f 4161 4160 4158 4159
f 4163 4162 4160 4161
f 4165 4164 4162 4163
f 4167 4166 4164 4165
f 4169 4168 4166 4167
f 4106 4107 4168 4169
f 3977 3978 4172 4173
f 3978 3979 4175 4172
f 3979 3980 4177 4175
f 3980 3981 4179 4177
f 3981 3982 4181 4179
f 3982 3983 4183 4181
f 3983 3984 4185 4183
f 3984 3985 4187 4185
f 3985 3986 4189 4187
f 3986 3987 4191 4189
f 3987 3988 4193 4191
f 3988 3989 4195 4193
f 3989 3990 4197 4195
f 3990 3991 4199 4197
f 3991 3992 4201 4199
f 3992 3993 4203 4201
f 3993 3994 4205 4203
f 3994 3995 4207 4205
f 3995 3996 4209 4207
f 3996 3997 4211 4209
f 3997 3998 4213 4211
f 3998 3999 4215 4213
f 3999 4000 4217 4215
f 4000 4001 4219 4217
f 4001 4002 4221 4219
f 4002 4003 4223 4221
f 4003 4004 4225 4223
f 4004 4005 4227 4225
f 4005 4006 4229 4227
f 4006 4007 4231 4229
f 4007 4008 4233 4231
f 4008 3977 4173 4233
f 4171 4170 4173 4172
f 4172 4175 4174 4171
f 4175 4177 4176 4174
f 4177 4179 4178 4176
f 4179 4181 4180 4178
f 4181 4183 4182 4180
f 4183 4185 4184 4182
f 4185 4187 4186 4184
f 4187 4189 4188 4186
f 4189 4191 4190 4188
f 4191 4193 4192 4190
f 4193 4195 4194 4192
f 4195 4197 4196 4194
f 4197 4199 4198 4196
f 4199 4201 4200 4198
f 4201 4203 4202 4200
f 4203 4205 4204 4202
f 4205 4207 4206 4204
f 4207 4209 4208 4206
f 4209 4211 4210 4208
f 4211 4213 4212 4210
f 4213 4215 4214 4212
f 4215 4217 4216 4214
f 4217 4219 4218 4216
f 4219 4221 4220 4218
f 4221 4223 4222 4220
f 4223 4225 4224 4222
f 4225 4227 4226 4224
f 4227 4229 4228 4226
f 4229 4231 4230 4228
f 4231 4233 4232 4230
f 4170 4232 4233 4173
f 4043 4042 4234 4235
f 4044 4043 4235 4236
f 4045 4044 4236 4237
f 4046 4045 4237 4238
f 4047 4046 4238 4239
f 4048 4047 4239 4240
f 4049 4048 4240 4241
f 4050 4049 4241 4242
f 4051 4050 4242 4243
f 4052 4051 4243 4244
f 4053 4052 4244 4245
f 4054 4053 4245 4246
f 4055 4054 4246 4247
f 4056 4055 4247 4248
f 4057 4056 4248 4249
f 4058 4057 4249 4250
f 4059 4058 4250 4251
f 4060 4059 4251 4252
f 4061 4060 4252 4253
f 4062 4061 4253 4254
f 4063 4062 4254 4255
f 4064 4063 4255 4256
f 4065 4064 4256 4257
f 4066 4065 4257 4258
f 4067 4066 4258 4259
f 4068 4067 4259 4260
f 4069 4068 4260 4261
f 4070 4069 4261 4262
f 4071 4070 4262 4263
f 4072 4071 4263 4264
f 4073 4072 4264 4265
f 4042 4073 4265 4234
f 4266 4170 4171 4267
f 4267 4171 4174 4268
f 4268 4174 4176 4269
f 4269 4176 4178 4270
f 4270 4178 4180 4271
f 4271 4180 4182 4272
f 4272 4182 4184 4273
f 4273 4184 4186 4274
f 4274 4186 4188 4275
f 4275 4188 4190 4276
f 4276 4190 4192 4277
f 4277 4192 4194 4278
f 4278 4194 4196 4279
f 4279 4196 4198 4280
f 4280 4198 4200 4281
f 4281 4200 4202 4282
f 4282 4202 4204 4283
f 4283 4204 4206 4284
f 4284 4206 4208 4285
f 4285 4208 4210 4286
f 4286 4210 4212 4287
f 4287 4212 4214 4288
f 4288 4214 4216 4289
f 4289 4216 4218 4290
f 4290 4218 4220 4291
f 4291 4220 4222 4292
f 4292 4222 4224 4293
f 4293 4224 4226 4294
f 4294 4226 4228 4295
f 4295 4228 4230 4296
f 4296 4230 4232 4297
f 4297 4232 4170 4266
f 4267 4268 4236 4235
f 4268 4269 4237 4236
f 4269 4270 4238 4237
f 4270 4271 4239 4238
f 4271 4272 4240 4239
f 4272 4273 4241 4240
f 4273 4274 4242 4241
f 4274 4275 4243 4242
f 4275 4276 4244 4243
f 4276 4277 4245 4244
f 4277 4278 4246 4245
f 4278 4279 4247 4246
f 4279 4280 4248 4247
f 4280 4281 4249 4248
f 4281 4282 4250 4249
f 4282 4283 4251 4250
f 4283 4284 4252 4251
f 4284 4285 4253 4252
f 4285 4286 4254 4253
f 4286 4287 4255 4254
f 4287 4288 4256 4255
f 4288 4289 4257 4256
f 4289 4290 4258 4257
f 4290 4291 4259 4258
f 4291 4292 4260 4259
f 4292 4293 4261 4260
f 4293 4294 4262 4261
f 4294 4295 4263 4262
f 4295 4296 4264 4263
f 4296 4297 4265 4264
f 4235 4234 4266 4267
f 4234 4265 4297 4266
f 4298 4009 4010 4299
f 4299 4010 4011 4300
f 4300 4011 4012 4301
f 4301 4012 4013 4302
f 4302 4013 4014 4303
f 4303 4014 4015 4304
f 4304 4015 4016 4305
f 4305 4016 4017 4306
f 4306 4017 4018 4307
f 4307 4018 4019 4308
f 4308 4019 4020 4309
f 4309 4020 4021 4310
f 4310 4021 4022 4311
f 4311 4022 4023 4312
f 4312 4023 4024 4313
f 4313 4024 4025 4314
f 4314 4025 4026 4315
f 4315 4026 4027 4316
f 4316 4027 4028 4317
f 4317 4028 4029 4318
f 4318 4029 4030 4319
f 4319 4030 4031 4320
f 4320 4031 4032 4321
f 4321 4032 4033 4322
f 4322 4033 4034 4323
f 4323 4034 4035 4324
f 4324 4035 4036 4325
f 4325 4036 4037 4326
f 4326 4037 4038 4327
f 4327 4038 4039 4328
f 4328 4039 4040 4329
f 4329 4040 4009 4298
f 4330 4331 4107 4108
f 4332 4330 4108 4110
f 4333 4332 4110 4112
f 4334 4333 4112 4114
f 4335 4334 4114 4116
f 4336 4335 4116 4118
f 4337 4336 4118 4120
f 4338 4337 4120 4122
f 4339 4338 4122 4124
f 4340 4339 4124 4126
f 4341 4340 4126 4128
f 4342 4341 4128 4130
f 4343 4342 4130 4132
f 4344 4343 4132 4134
f 4345 4344 4134 4136
f 4346 4345 4136 4138
f 4347 4346 4138 4140
f 4348 4347 4140 4142
f 4349 4348 4142 4144
f 4350 4349 4144 4146
f 4351 4350 4146 4148
f 4352 4351 4148 4150
f 4353 4352 4150 4152
f 4354 4353 4152 4154
f 4355 4354 4154 4156
f 4356 4355 4156 4158
f 4357 4356 4158 4160
f 4358 4357 4160 4162
f 4359 4358 4162 4164
f 4360 4359 4164 4166
f 4361 4360 4166 4168
f 4331 4361 4168 4107
f 4331 4330 4329 4298
f 4328 4329 4330 4332
f 4327 4328 4332 4333
f 4326 4327 4333 4334
f 4325 4326 4334 4335
f 4324 4325 4335 4336
f 4323 4324 4336 4337
f 4322 4323 4337 4338
f 4321 4322 4338 4339
f 4320 4321 4339 4340
f 4319 4320 4340 4341
f 4318 4319 4341 4342
f 4317 4318 4342 4343
f 4316 4317 4343 4344
f 4315 4316 4344 4345
f 4314 4315 4345 4346
f 4313 4314 4346 4347
f 4312 4313 4347 4348
f 4311 4312 4348 4349
f 4310 4311 4349 4350
f 4309 4310 4350 4351
f 4308 4309 4351 4352
f 4307 4308 4352 4353
f 4306 4307 4353 4354
f 4305 4306 4354 4355
f 4304 4305 4355 4356
f 4303 4304 4356 4357
f 4302 4303 4357 4358
f 4301 4302 4358 4359
f 4300 4301 4359 4360
f 4299 4300 4360 4361
f 4298 4299 4361 4331
f 4008 4362 4363 3977
f 4007 4364 4362 4008
f 4006 4365 4364 4007
f 4005 4366 4365 4006
f 4004 4367 4366 4005
f 4003 4368 4367 4004
f 4002 4369 4368 4003
f 4001 4370 4369 4002
f 4000 4371 4370 4001
f 3999 4372 4371 4000
f 3998 4373 4372 3999
f 3997 4374 4373 3998
f 3996 4375 4374 3997
f 3995 4376 4375 3996
f 3994 4377 4376 3995
f 3993 4378 4377 3994
f 3992 4379 4378 3993
f 3991 4380 4379 3992
f 3990 4381 4380 3991
f 3989 4382 4381 3990
f 3988 4383 4382 3989
f 3987 4384 4383 3988
f 3986 4385 4384 3987
f 3985 4386 4385 3986
f 3984 4387 4386 3985
f 3983 4388 4387 3984
f 3982 4389 4388 3983
f 3981 4390 4389 3982
f 3980 4391 4390 3981
f 3979 4392 4391 3980
f 3978 4393 4392 3979
f 3977 4363 4393 3978
f 4394 4395 4109 4106
f 4395 4396 4111 4109
f 4396 4397 4113 4111
f 4397 4398 4115 4113
f 4398 4399 4117 4115
f 4399 4400 4119 4117
f 4400 4401 4121 4119
f 4401 4402 4123 4121
f 4402 4403 4125 4123
f 4403 4404 4127 4125
f 4404 4405 4129 4127
f 4405 4406 4131 4129
f 4406 4407 4133 4131
f 4407 4408 4135 4133
f 4408 4409 4137 4135
f 4409 4410 4139 4137
f 4410 4411 4141 4139
f 4411 4412 4143 4141
f 4412 4413 4145 4143
f 4413 4414 4147 4145
f 4414 4415 4149 4147
f 4415 4416 4151 4149
f 4416 4417 4153 4151
f 4417 4418 4155 4153
f 4418 4419 4157 4155
f 4419 4420 4159 4157
f 4420 4421 4161 4159
f 4421 4422 4163 4161
f 4422 4423 4165 4163
f 4423 4424 4167 4165
f 4424 4425 4169 4167
f 4425 4394 4106 4169
f 4395 4394 4363 4362
f 4394 4425 4393 4363
f 4362 4364 4396 4395
f 4364 4365 4397 4396
f 4365 4366 4398 4397
f 4366 4367 4399 4398
f 4367 4368 4400 4399
f 4368 4369 4401 4400
f 4369 4370 4402 4401
f 4370 4371 4403 4402
f 4371 4372 4404 4403
f 4372 4373 4405 4404
f 4373 4374 4406 4405
f 4374 4375 4407 4406
f 4375 4376 4408 4407
f 4376 4377 4409 4408
f 4377 4378 4410 4409
f 4378 4379 4411 4410
f 4379 4380 4412 4411
f 4380 4381 4413 4412
f 4381 4382 4414 4413
f 4382 4383 4415 4414
f 4383 4384 4416 4415
f 4384 4385 4417 4416
f 4385 4386 4418 4417
f 4386 4387 4419 4418
f 4387 4388 4420 4419
f 4388 4389 4421 4420
f 4389 4390 4422 4421
f 4390 4391 4423 4422
f 4391 4392 4424 4423
f 4392 4393 4425 4424
f 4426 4427 4428
f 4105 4074 4429 4430
f 4426 4431 4427
f 4104 4105 4430 4432
f 4426 4433 4431
f 4103 4104 4432 4434
f 4426 4435 4433
f 4102 4103 4434 4436
f 4426 4437 4435
f 4101 4102 4436 4438
f 4426 4439 4437
f 4100 4101 4438 4440
f 4426 4441 4439
f 4099 4100 4440 4442
f 4426 4443 4441
f 4098 4099 4442 4444
f 4426 4445 4443
f 4097 4098 4444 4446
f 4426 4447 4445
f 4096 4097 4446 4448
f 4426 4449 4447
f 4095 4096 4448 4450
f 4426 4451 4449
f 4094 4095 4450 4452
f 4426 4453 4451
f 4093 4094 4452 4454
f 4426 4455 4453
f 4092 4093 4454 4456
f 4426 4457 4455
f 4091 4092 4456 4458
f 4426 4459 4457
f 4090 4091 4458 4460
f 4426 4461 4459
f 4089 4090 4460 4462
f 4426 4463 4461
f 4088 4089 4462 4464
f 4426 4465 4463
f 4087 4088 4464 4466
f 4426 4467 4465
f 4086 4087 4466 4468
f 4426 4469 4467
f 4085 4086 4468 4470
f 4426 4471 4469
f 4084 4085 4470 4472
f 4426 4473 4471
f 4083 4084 4472 4474
f 4426 4475 4473
f 4082 4083 4474 4476
f 4426 4477 4475
f 4081 4082 4476 4478
f 4426 4479 4477
f 4080 4081 4478 4480
f 4426 4481 4479
f 4079 4080 4480 4482
f 4426 4483 4481
f 4078 4079 4482 4484
f 4426 4485 4483
f 4077 4078 4484 4486
f 4426 4487 4485
f 4076 4077 4486 4488
f 4426 4489 4487
f 4075 4076 4488 4490
f 4426 4428 4489
f 4074 4075 4490 4429
f 4428 4427 4430 4429
f 4427 4431 4432 4430
f 4431 4433 4434 4432
f 4433 4435 4436 4434
f 4435 4437 4438 4436
f 4437 4439 4440 4438
f 4439 4441 4442 4440
f 4441 4443 4444 4442
f 4443 4445 4446 4444
f 4445 4447 4448 4446
f 4447 4449 4450 4448
f 4449 4451 4452 4450
f 4451 4453 4454 4452
f 4453 4455 4456 4454
f 4455 4457 4458 4456
f 4457 4459 4460 4458
f 4459 4461 4462 4460
f 4461 4463 4464 4462
f 4463 4465 4466 4464
f 4465 4467 4468 4466
f 4467 4469 4470 4468
f 4469 4471 4472 4470
f 4471 4473 4474 4472
f 4473 4475 4476 4474
f 4475 4477 4478 4476
f 4477 4479 4480 4478
f 4479 4481 4482 4480
f 4481 4483 4484 4482
f 4483 4485 4486 4484
f 4485 4487 4488 4486
f 4487 4489 4490 4488
f 4429 4490 4489 4428
f 4538 4537 4536 4535
f 4496 4492 4538 4535
f 4492 4514 4537 4538
f 4492 4496 4511 4514
f 4544 4543 4542 4541
f 4513 4494 4544 4541
f 4494 4498 4543 4544
f 4494 4513 4512 4498
f 4539 4540 4547 4546
f 4509 4508 4539 4546
f 4508 4509 4515 4516
f 4583 4501 4545 4582
f 4508 4579 4580 4539
f 4579 4508 4516 4584
f 4541 4542 4553 4552
f 4493 4513 4541 4552
f 4497 4493 4552 4553
f 4513 4493 4497 4512
f 4540 4545 4554 4547
f 4501 4499 4554 4545
f 4516 4515 4499 4501
f 4556 4536 4537 4555
f 4491 4495 4556 4555
f 4514 4491 4555 4537
f 4495 4491 4514 4511
f 4545 4540 4581 4582
f 4580 4581 4540 4539
f 4501 4583 4584 4516
f 4547 4560 4559 4546
f 4519 4521 4559 4560
f 4515 4509 4521 4519
f 4559 4562 4561 4546
f 4510 4509 4546 4561
f 4521 4520 4562 4559
f 4521 4509 4510 4520
f 4561 4562 4563 4543
f 4498 4510 4561 4543
f 4520 4523 4563 4562
f 4510 4498 4523 4520
f 4563 4564 4542 4543
f 4523 4522 4564 4563
f 4523 4498 4512 4522
f 4542 4564 4565 4553
f 4522 4525 4565 4564
f 4512 4497 4525 4522
f 4565 4567 4566 4553
f 4500 4497 4553 4566
f 4525 4524 4567 4565
f 4525 4497 4500 4524
f 4566 4567 4568 4554
f 4499 4500 4566 4554
f 4524 4526 4568 4567
f 4500 4499 4526 4524
f 4568 4560 4547 4554
f 4526 4519 4560 4568
f 4526 4499 4515 4519
f 4571 4570 4569 4548
f 4506 4507 4571 4548
f 4527 4529 4569 4570
f 4507 4506 4529 4527
f 4569 4572 4551 4548
f 4529 4528 4572 4569
f 4529 4506 4517 4528
f 4551 4572 4573 4558
f 4528 4531 4573 4572
f 4517 4503 4531 4528
f 4573 4575 4574 4558
f 4504 4503 4558 4574
f 4531 4530 4575 4573
f 4531 4503 4504 4530
f 4536 4577 4576 4535
f 4532 4533 4576 4577
f 4511 4496 4533 4532
f 4576 4570 4571 4535
f 4507 4496 4535 4571
f 4533 4527 4570 4576
f 4533 4496 4507 4527
f 4574 4575 4578 4556
f 4495 4504 4574 4556
f 4530 4534 4578 4575
f 4504 4495 4534 4530
f 4578 4577 4536 4556
f 4534 4532 4577 4578
f 4534 4495 4511 4532
f 4502 4585 4586 4557
f 4585 4587 4588 4586
f 4587 4589 4590 4588
f 4589 4591 4592 4590
f 4591 4593 4594 4592
f 4593 4595 4596 4594
f 4595 4597 4598 4596
f 4597 4583 4582 4598
f 4579 4599 4600 4580
f 4599 4601 4602 4600
f 4601 4603 4604 4602
f 4603 4605 4606 4604
f 4605 4607 4608 4606
f 4607 4609 4610 4608
f 4609 4611 4612 4610
f 4611 4505 4549 4612
f 4505 4611 4613 4518
f 4611 4609 4614 4613
f 4609 4607 4615 4614
f 4607 4605 4616 4615
f 4605 4603 4617 4616
f 4603 4601 4618 4617
f 4601 4599 4619 4618
f 4599 4579 4584 4619
f 4581 4620 4598 4582
f 4620 4621 4596 4598
f 4621 4622 4594 4596
f 4622 4623 4592 4594
f 4623 4624 4590 4592
f 4624 4625 4588 4590
f 4625 4626 4586 4588
f 4626 4550 4557 4586
f 4550 4626 4612 4549
f 4626 4625 4610 4612
f 4625 4624 4608 4610
f 4624 4623 4606 4608
f 4623 4622 4604 4606
f 4622 4621 4602 4604
f 4621 4620 4600 4602
f 4620 4581 4580 4600
f 4583 4597 4619 4584
f 4597 4595 4618 4619
f 4595 4593 4617 4618
f 4593 4591 4616 4617
f 4591 4589 4615 4616
f 4589 4587 4614 4615
f 4587 4585 4613 4614
f 4585 4502 4518 4613
f 4551 4627 4628 4548
f 4627 4629 4630 4628
f 4629 4631 4632 4630
f 4631 4633 4634 4632
f 4633 4635 4636 4634
f 4635 4550 4549 4636
f 4505 4637 4636 4549
f 4637 4638 4634 4636
f 4638 4639 4632 4634
f 4639 4640 4630 4632
f 4640 4641 4628 4630
f 4641 4506 4548 4628
f 4506 4641 4642 4517
f 4641 4640 4643 4642
f 4640 4639 4644 4643
f 4639 4638 4645 4644
f 4638 4637 4646 4645
f 4637 4505 4518 4646
f 4550 4635 4647 4557
f 4635 4633 4648 4647
f 4633 4631 4649 4648
f 4631 4629 4650 4649
f 4629 4627 4651 4650
f 4627 4551 4558 4651
f 4503 4652 4651 4558
f 4652 4653 4650 4651
f 4653 4654 4649 4650
f 4654 4655 4648 4649
f 4655 4656 4647 4648
f 4656 4502 4557 4647
f 4502 4656 4646 4518
f 4656 4655 4645 4646
f 4655 4654 4644 4645
f 4654 4653 4643 4644
f 4653 4652 4642 4643
f 4652 4503 4517 4642
g Group43227
f 4658 5007 5011 5010
f 5007 4657 5008 5011
f 5011 5008 4795 5009
f 5010 5011 5009 4792
f 4657 5012 5015 5008
f 5012 4672 5013 5015
f 5015 5013 4794 5014
f 5008 5015 5014 4795
f 4657 5007 5018 5012
f 5007 4658 5016 5018
f 5018 5016 4673 5017
f 5012 5018 5017 4672
f 4659 5019 5022 5021
f 5019 4658 5010 5022
f 5022 5010 4792 5020
f 5021 5022 5020 4796
f 4658 5019 5025 5016
f 5019 4659 5023 5025
f 5025 5023 4674 5024
f 5016 5025 5024 4673
f 4660 5026 5029 5028
f 5026 4659 5021 5029
f 5029 5021 4796 5027
f 5028 5029 5027 4798
f 4659 5026 5032 5023
f 5026 4660 5030 5032
f 5032 5030 4675 5031
f 5023 5032 5031 4674
f 4661 5033 5036 5035
f 5033 4660 5028 5036
f 5036 5028 4798 5034
f 5035 5036 5034 4800
f 4660 5033 5039 5030
f 5033 4661 5037 5039
f 5039 5037 4676 5038
f 5030 5039 5038 4675
f 4662 5040 5043 5042
f 5040 4661 5035 5043
f 5043 5035 4800 5041
f 5042 5043 5041 4802
f 4661 5040 5046 5037
f 5040 4662 5044 5046
f 5046 5044 4677 5045
f 5037 5046 5045 4676
f 4663 5047 5050 5049
f 5047 4662 5042 5050
f 5050 5042 4802 5048
f 5049 5050 5048 4804
f 4662 5047 5053 5044
f 5047 4663 5051 5053
f 5053 5051 4678 5052
f 5044 5053 5052 4677
f 4664 5054 5057 5056
f 5054 4663 5049 5057
f 5057 5049 4804 5055
f 5056 5057 5055 4806
f 4663 5054 5060 5051
f 5054 4664 5058 5060
f 5060 5058 4679 5059
f 5051 5060 5059 4678
f 4665 5061 5064 5063
f 5061 4664 5056 5064
f 5064 5056 4806 5062
f 5063 5064 5062 4808
f 4664 5061 5067 5058
f 5061 4665 5065 5067
f 5067 5065 4680 5066
f 5058 5067 5066 4679
f 4666 5068 5071 5070
f 5068 4665 5063 5071
f 5071 5063 4808 5069
f 5070 5071 5069 4810
f 4665 5068 5074 5065
f 5068 4666 5072 5074
f 5074 5072 4681 5073
f 5065 5074 5073 4680
f 4667 5075 5078 5077
f 5075 4666 5070 5078
f 5078 5070 4810 5076
f 5077 5078 5076 4812
f 4666 5075 5081 5072
f 5075 4667 5079 5081
f 5081 5079 4682 5080
f 5072 5081 5080 4681
f 4668 5082 5085 5084
f 5082 4667 5077 5085
f 5085 5077 4812 5083
f 5084 5085 5083 4814
f 4667 5082 5088 5079
f 5082 4668 5086 5088
f 5088 5086 4683 5087
f 5079 5088 5087 4682
f 4669 5089 5092 5091
f 5089 4668 5084 5092
f 5092 5084 4814 5090
f 5091 5092 5090 4816
f 4668 5089 5095 5086
f 5089 4669 5093 5095
f 5095 5093 4684 5094
f 5086 5095 5094 4683
f 4670 5096 5099 5098
f 5096 4669 5091 5099
f 5099 5091 4816 5097
f 5098 5099 5097 4818
f 4669 5096 5102 5093
f 5096 4670 5100 5102
f 5102 5100 4685 5101
f 5093 5102 5101 4684
f 4671 5103 5106 5105
f 5103 4670 5098 5106
f 5106 5098 4818 5104
f 5105 5106 5104 4820
f 4686 5107 5110 5109
f 5107 4671 5105 5110
f 5110 5105 4820 5108
f 5109 5110 5108 4821
f 4670 5103 5112 5100
f 5103 4671 5107 5112
f 5112 5107 4686 5111
f 5100 5112 5111 4685
f 4672 5113 5116 5013
f 5113 4687 5114 5116
f 5116 5114 4823 5115
f 5013 5116 5115 4794
f 4672 5017 5119 5113
f 5017 4673 5117 5119
f 5119 5117 4688 5118
f 5113 5119 5118 4687
f 4793 5120 5124 5123
f 5120 4822 5121 5124
f 5124 5121 4824 5122
f 5123 5124 5122 4797
f 4673 5024 5127 5117
f 5024 4674 5125 5127
f 5127 5125 4689 5126
f 5117 5127 5126 4688
f 4797 5122 5131 5130
f 5122 4824 5128 5131
f 5131 5128 4825 5129
f 5130 5131 5129 4799
f 4674 5031 5134 5125
f 5031 4675 5132 5134
f 5134 5132 4690 5133
f 5125 5134 5133 4689
f 4799 5129 5138 5137
f 5129 4825 5135 5138
f 5138 5135 4826 5136
f 5137 5138 5136 4801
f 4675 5038 5141 5132
f 5038 4676 5139 5141
f 5141 5139 4691 5140
f 5132 5141 5140 4690
f 4801 5136 5145 5144
f 5136 4826 5142 5145
f 5145 5142 4827 5143
f 5144 5145 5143 4803
f 4676 5045 5148 5139
f 5045 4677 5146 5148
f 5148 5146 4692 5147
f 5139 5148 5147 4691
f 4803 5143 5152 5151
f 5143 4827 5149 5152
f 5152 5149 4828 5150
f 5151 5152 5150 4805
f 4677 5052 5155 5146
f 5052 4678 5153 5155
f 5155 5153 4693 5154
f 5146 5155 5154 4692
f 4805 5150 5159 5158
f 5150 4828 5156 5159
f 5159 5156 4829 5157
f 5158 5159 5157 4807
f 4678 5059 5162 5153
f 5059 4679 5160 5162
f 5162 5160 4694 5161
f 5153 5162 5161 4693
f 4807 5157 5166 5165
f 5157 4829 5163 5166
f 5166 5163 4830 5164
f 5165 5166 5164 4809
f 4679 5066 5169 5160
f 5066 4680 5167 5169
f 5169 5167 4695 5168
f 5160 5169 5168 4694
f 4809 5164 5173 5172
f 5164 4830 5170 5173
f 5173 5170 4831 5171
f 5172 5173 5171 4811
f 4680 5073 5176 5167
f 5073 4681 5174 5176
f 5176 5174 4696 5175
f 5167 5176 5175 4695
f 4811 5171 5180 5179
f 5171 4831 5177 5180
f 5180 5177 4832 5178
f 5179 5180 5178 4813
f 4681 5080 5183 5174
f 5080 4682 5181 5183
f 5183 5181 4697 5182
f 5174 5183 5182 4696
f 4813 5178 5187 5186
f 5178 4832 5184 5187
f 5187 5184 4833 5185
f 5186 5187 5185 4815
f 4682 5087 5190 5181
f 5087 4683 5188 5190
f 5190 5188 4698 5189
f 5181 5190 5189 4697
f 4815 5185 5194 5193
f 5185 4833 5191 5194
f 5194 5191 4834 5192
f 5193 5194 5192 4817
f 4683 5094 5197 5188
f 5094 4684 5195 5197
f 5197 5195 4699 5196
f 5188 5197 5196 4698
f 4817 5192 5201 5200
f 5192 4834 5198 5201
f 5201 5198 4835 5199
f 5200 5201 5199 4819
f 4684 5101 5204 5195
f 5101 4685 5202 5204
f 5204 5202 4700 5203
f 5195 5204 5203 4699
f 4701 5205 5208 5207
f 5205 4686 5109 5208
f 5208 5109 4821 5206
f 5207 5208 5206 4836
f 4685 5111 5210 5202
f 5111 4686 5205 5210
f 5210 5205 4701 5209
f 5202 5210 5209 4700
f 4925 5211 5215 5214
f 5211 4926 5212 5215
f 5215 5212 5006 5213
f 5214 5215 5213 5005
f 4926 5216 5219 5212
f 5216 4911 5217 5219
f 5219 5217 4979 5218
f 5212 5219 5218 5006
f 4980 5220 5222 5221
f 5220 5005 5213 5222
f 5222 5213 5006 5218
f 5221 5222 5218 4979
f 4924 5223 5226 5225
f 5223 4925 5214 5226
f 5226 5214 5005 5224
f 5225 5226 5224 5004
f 4910 5227 5231 5230
f 5227 4909 5228 5231
f 5231 5228 5003 5229
f 5230 5231 5229 4980
f 5003 5232 5233 5229
f 5232 5004 5224 5233
f 5233 5224 5005 5220
f 5229 5233 5220 4980
f 4923 5234 5237 5236
f 5234 4924 5225 5237
f 5237 5225 5004 5235
f 5236 5237 5235 5002
f 4909 5238 5241 5228
f 5238 4908 5239 5241
f 5241 5239 5001 5240
f 5228 5241 5240 5003
f 5001 5242 5243 5240
f 5242 5002 5235 5243
f 5243 5235 5004 5232
f 5240 5243 5232 5003
f 4922 5244 5247 5246
f 5244 4923 5236 5247
f 5247 5236 5002 5245
f 5246 5247 5245 5000
f 4908 5248 5251 5239
f 5248 4907 5249 5251
f 5251 5249 4999 5250
f 5239 5251 5250 5001
f 4999 5252 5253 5250
f 5252 5000 5245 5253
f 5253 5245 5002 5242
f 5250 5253 5242 5001
f 4921 5254 5257 5256
f 5254 4922 5246 5257
f 5257 5246 5000 5255
f 5256 5257 5255 4998
f 4907 5258 5261 5249
f 5258 4906 5259 5261
f 5261 5259 4997 5260
f 5249 5261 5260 4999
f 4997 5262 5263 5260
f 5262 4998 5255 5263
f 5263 5255 5000 5252
f 5260 5263 5252 4999
f 4920 5264 5267 5266
f 5264 4921 5256 5267
f 5267 5256 4998 5265
f 5266 5267 5265 4996
f 4906 5268 5271 5259
f 5268 4905 5269 5271
f 5271 5269 4995 5270
f 5259 5271 5270 4997
f 4995 5272 5273 5270
f 5272 4996 5265 5273
f 5273 5265 4998 5262
f 5270 5273 5262 4997
f 4919 5274 5277 5276
f 5274 4920 5266 5277
f 5277 5266 4996 5275
f 5276 5277 5275 4994
f 4905 5278 5281 5269
f 5278 4904 5279 5281
f 5281 5279 4993 5280
f 5269 5281 5280 4995
f 4993 5282 5283 5280
f 5282 4994 5275 5283
f 5283 5275 4996 5272
f 5280 5283 5272 4995
f 4918 5284 5287 5286
f 5284 4919 5276 5287
f 5287 5276 4994 5285
f 5286 5287 5285 4992
f 4904 5288 5291 5279
f 5288 4903 5289 5291
f 5291 5289 4991 5290
f 5279 5291 5290 4993
f 4991 5292 5293 5290
f 5292 4992 5285 5293
f 5293 5285 4994 5282
f 5290 5293 5282 4993
f 4917 5294 5297 5296
f 5294 4918 5286 5297
f 5297 5286 4992 5295
f 5296 5297 5295 4990
f 4903 5298 5301 5289
f 5298 4902 5299 5301
f 5301 5299 4989 5300
f 5289 5301 5300 4991
f 4989 5302 5303 5300
f 5302 4990 5295 5303
f 5303 5295 4992 5292
f 5300 5303 5292 4991
f 4916 5304 5307 5306
f 5304 4917 5296 5307
f 5307 5296 4990 5305
f 5306 5307 5305 4988
f 4687 5308 5311 5114
f 5308 4702 5309 5311
f 5311 5309 4838 5310
f 5114 5311 5310 4823
f 4687 5118 5314 5308
f 5118 4688 5312 5314
f 5314 5312 4703 5313
f 5308 5314 5313 4702
f 4822 5315 5318 5121
f 5315 4837 5316 5318
f 5318 5316 4839 5317
f 5121 5318 5317 4824
f 4688 5126 5321 5312
f 5126 4689 5319 5321
f 5321 5319 4704 5320
f 5312 5321 5320 4703
f 4824 5317 5324 5128
f 5317 4839 5322 5324
f 5324 5322 4840 5323
f 5128 5324 5323 4825
f 4689 5133 5327 5319
f 5133 4690 5325 5327
f 5327 5325 4705 5326
f 5319 5327 5326 4704
f 4825 5323 5330 5135
f 5323 4840 5328 5330
f 5330 5328 4841 5329
f 5135 5330 5329 4826
f 4690 5140 5333 5325
f 5140 4691 5331 5333
f 5333 5331 4706 5332
f 5325 5333 5332 4705
f 4826 5329 5336 5142
f 5329 4841 5334 5336
f 5336 5334 4842 5335
f 5142 5336 5335 4827
f 4691 5147 5339 5331
f 5147 4692 5337 5339
f 5339 5337 4707 5338
f 5331 5339 5338 4706
f 4827 5335 5342 5149
f 5335 4842 5340 5342
f 5342 5340 4843 5341
f 5149 5342 5341 4828
f 4692 5154 5345 5337
f 5154 4693 5343 5345
f 5345 5343 4708 5344
f 5337 5345 5344 4707
f 4828 5341 5348 5156
f 5341 4843 5346 5348
f 5348 5346 4844 5347
f 5156 5348 5347 4829
f 4693 5161 5351 5343
f 5161 4694 5349 5351
f 5351 5349 4709 5350
f 5343 5351 5350 4708
f 4829 5347 5354 5163
f 5347 4844 5352 5354
f 5354 5352 4845 5353
f 5163 5354 5353 4830
f 4694 5168 5357 5349
f 5168 4695 5355 5357
f 5357 5355 4710 5356
f 5349 5357 5356 4709
f 4830 5353 5360 5170
f 5353 4845 5358 5360
f 5360 5358 4846 5359
f 5170 5360 5359 4831
f 4695 5175 5363 5355
f 5175 4696 5361 5363
f 5363 5361 4711 5362
f 5355 5363 5362 4710
f 4831 5359 5366 5177
f 5359 4846 5364 5366
f 5366 5364 4847 5365
f 5177 5366 5365 4832
f 4696 5182 5369 5361
f 5182 4697 5367 5369
f 5369 5367 4712 5368
f 5361 5369 5368 4711
f 4832 5365 5372 5184
f 5365 4847 5370 5372
f 5372 5370 4848 5371
f 5184 5372 5371 4833
f 4697 5189 5375 5367
f 5189 4698 5373 5375
f 5375 5373 4713 5374
f 5367 5375 5374 4712
f 4833 5371 5378 5191
f 5371 4848 5376 5378
f 5378 5376 4849 5377
f 5191 5378 5377 4834
f 4698 5196 5381 5373
f 5196 4699 5379 5381
f 5381 5379 4714 5380
f 5373 5381 5380 4713
f 4834 5377 5384 5198
f 5377 4849 5382 5384
f 5384 5382 4850 5383
f 5198 5384 5383 4835
f 4699 5203 5387 5379
f 5203 4700 5385 5387
f 5387 5385 4715 5386
f 5379 5387 5386 4714
f 4716 5388 5391 5390
f 5388 4701 5207 5391
f 5391 5207 4836 5389
f 5390 5391 5389 4851
f 4700 5209 5393 5385
f 5209 4701 5388 5393
f 5393 5388 4716 5392
f 5385 5393 5392 4715
f 4900 5394 5398 5397
f 5394 4899 5395 5398
f 5398 5395 4983 5396
f 5397 5398 5396 4985
f 4983 5399 5402 5396
f 5399 4984 5400 5402
f 5402 5400 4986 5401
f 5396 5402 5401 4985
f 4912 5403 5407 5406
f 5403 4914 5404 5407
f 5407 5404 4984 5405
f 5406 5407 5405 4981
f 4899 5408 5411 5395
f 5408 4897 5409 5411
f 5411 5409 4977 5410
f 5395 5411 5410 4983
f 4977 5412 5413 5410
f 5412 4981 5405 5413
f 5413 5405 4984 5399
f 5410 5413 5399 4983
f 4898 5414 5418 5417
f 5414 4913 5415 5418
f 5418 5415 4982 5416
f 5417 5418 5416 4978
f 4913 5419 5421 5415
f 5419 4912 5406 5421
f 5421 5406 4981 5420
f 5415 5421 5420 4982
f 4978 5416 5423 5422
f 5416 4982 5420 5423
f 5423 5420 4981 5412
f 5422 5423 5412 4977
f 4784 5424 5427 5426
f 5424 4785 5425 5427
f 5427 5425 4920 5274
f 5426 5427 5274 4919
f 4768 5428 5432 5431
f 5428 4769 5429 5432
f 5432 5429 4784 5430
f 5431 5432 5430 4783
f 4783 5430 5434 5433
f 5430 4784 5426 5434
f 5434 5426 4919 5284
f 5433 5434 5284 4918
f 4767 5435 5438 5437
f 5435 4768 5431 5438
f 5438 5431 4783 5436
f 5437 5438 5436 4782
f 4782 5436 5440 5439
f 5436 4783 5433 5440
f 5440 5433 4918 5294
f 5439 5440 5294 4917
f 4766 5441 5444 5443
f 5441 4767 5437 5444
f 5444 5437 4782 5442
f 5443 5444 5442 4781
f 4895 5445 5448 5447
f 5445 4910 5230 5448
f 5448 5230 4980 5446
f 5447 5448 5446 4976
f 4911 5449 5452 5217
f 5449 4896 5450 5452
f 5452 5450 4975 5451
f 5217 5452 5451 4979
f 4976 5446 5454 5453
f 5446 4980 5221 5454
f 5454 5221 4979 5451
f 5453 5454 5451 4975
f 4883 5455 5458 5457
f 5455 4898 5417 5458
f 5458 5417 4978 5456
f 5457 5458 5456 4974
f 4897 5459 5462 5409
f 5459 4882 5460 5462
f 5462 5460 4973 5461
f 5409 5462 5461 4977
f 4974 5456 5464 5463
f 5456 4978 5422 5464
f 5464 5422 4977 5461
f 5463 5464 5461 4973
f 4880 5465 5468 5467
f 5465 4895 5447 5468
f 5468 5447 4976 5466
f 5467 5468 5466 4972
f 4896 5469 5472 5450
f 5469 4881 5470 5472
f 5472 5470 4971 5471
f 5450 5472 5471 4975
f 4972 5466 5474 5473
f 5466 4976 5453 5474
f 5474 5453 4975 5471
f 5473 5474 5471 4971
f 4868 5475 5478 5477
f 5475 4883 5457 5478
f 5478 5457 4974 5476
f 5477 5478 5476 4970
f 4882 5479 5482 5460
f 5479 4867 5480 5482
f 5482 5480 4969 5481
f 5460 5482 5481 4973
f 4970 5476 5484 5483
f 5476 4974 5463 5484
f 5484 5463 4973 5481
f 5483 5484 5481 4969
f 4806 5055 5488 5487
f 5055 4804 5485 5488
f 5488 5485 4939 5486
f 5487 5488 5486 4941
f 4939 5489 5492 5486
f 5489 4940 5490 5492
f 5492 5490 4942 5491
f 5486 5492 5491 4941
f 4702 5493 5496 5309
f 5493 4717 5494 5496
f 5496 5494 4853 5495
f 5309 5496 5495 4838
f 4702 5313 5499 5493
f 5313 4703 5497 5499
f 5499 5497 4718 5498
f 5493 5499 5498 4717
f 4837 5500 5503 5316
f 5500 4852 5501 5503
f 5503 5501 4854 5502
f 5316 5503 5502 4839
f 4703 5320 5506 5497
f 5320 4704 5504 5506
f 5506 5504 4719 5505
f 5497 5506 5505 4718
f 4839 5502 5509 5322
f 5502 4854 5507 5509
f 5509 5507 4855 5508
f 5322 5509 5508 4840
f 4704 5326 5512 5504
f 5326 4705 5510 5512
f 5512 5510 4720 5511
f 5504 5512 5511 4719
f 4840 5508 5515 5328
f 5508 4855 5513 5515
f 5515 5513 4856 5514
f 5328 5515 5514 4841
f 4705 5332 5518 5510
f 5332 4706 5516 5518
f 5518 5516 4721 5517
f 5510 5518 5517 4720
f 4841 5514 5521 5334
f 5514 4856 5519 5521
f 5521 5519 4857 5520
f 5334 5521 5520 4842
f 4706 5338 5524 5516
f 5338 4707 5522 5524
f 5524 5522 4722 5523
f 5516 5524 5523 4721
f 4842 5520 5527 5340
f 5520 4857 5525 5527
f 5527 5525 4858 5526
f 5340 5527 5526 4843
f 4707 5344 5530 5522
f 5344 4708 5528 5530
f 5530 5528 4723 5529
f 5522 5530 5529 4722
f 4843 5526 5533 5346
f 5526 4858 5531 5533
f 5533 5531 4859 5532
f 5346 5533 5532 4844
f 4708 5350 5536 5528
f 5350 4709 5534 5536
f 5536 5534 4724 5535
f 5528 5536 5535 4723
f 4844 5532 5539 5352
f 5532 4859 5537 5539
f 5539 5537 4860 5538
f 5352 5539 5538 4845
f 4709 5356 5542 5534
f 5356 4710 5540 5542
f 5542 5540 4725 5541
f 5534 5542 5541 4724
f 4845 5538 5545 5358
f 5538 4860 5543 5545
f 5545 5543 4861 5544
f 5358 5545 5544 4846
f 4710 5362 5548 5540
f 5362 4711 5546 5548
f 5548 5546 4726 5547
f 5540 5548 5547 4725
f 4846 5544 5551 5364
f 5544 4861 5549 5551
f 5551 5549 4862 5550
f 5364 5551 5550 4847
f 4711 5368 5554 5546
f 5368 4712 5552 5554
f 5554 5552 4727 5553
f 5546 5554 5553 4726
f 4847 5550 5557 5370
f 5550 4862 5555 5557
f 5557 5555 4863 5556
f 5370 5557 5556 4848
f 4712 5374 5560 5552
f 5374 4713 5558 5560
f 5560 5558 4728 5559
f 5552 5560 5559 4727
f 4848 5556 5563 5376
f 5556 4863 5561 5563
f 5563 5561 4864 5562
f 5376 5563 5562 4849
f 4713 5380 5566 5558
f 5380 4714 5564 5566
f 5566 5564 4729 5565
f 5558 5566 5565 4728
f 4849 5562 5569 5382
f 5562 4864 5567 5569
f 5569 5567 4865 5568
f 5382 5569 5568 4850
f 4714 5386 5572 5564
f 5386 4715 5570 5572
f 5572 5570 4730 5571
f 5564 5572 5571 4729
f 4731 5573 5576 5575
f 5573 4716 5390 5576
f 5576 5390 4851 5574
f 5575 5576 5574 4866
f 4715 5392 5578 5570
f 5392 4716 5573 5578
f 5578 5573 4731 5577
f 5570 5578 5577 4730
f 4914 5579 5581 5404
f 5579 4915 5580 5581
f 5581 5580 4986 5400
f 5404 5581 5400 4984
f 4985 5401 5585 5584
f 5401 4986 5582 5585
f 5585 5582 4988 5583
f 5584 5585 5583 4987
f 4901 5586 5588 5587
f 5586 4900 5397 5588
f 5588 5397 4985 5584
f 5587 5588 5584 4987
f 4915 5589 5590 5580
f 5589 4916 5306 5590
f 5590 5306 4988 5582
f 5580 5590 5582 4986
f 4865 5591 5594 5593
f 5591 4880 5467 5594
f 5594 5467 4972 5592
f 5593 5594 5592 4968
f 4881 5595 5598 5470
f 5595 4866 5596 5598
f 5598 5596 4967 5597
f 5470 5598 5597 4971
f 4968 5592 5600 5599
f 5592 4972 5473 5600
f 5600 5473 4971 5597
f 5599 5600 5597 4967
f 4853 5601 5604 5603
f 5601 4868 5477 5604
f 5604 5477 4970 5602
f 5603 5604 5602 4966
f 4867 5605 5608 5480
f 5605 4852 5606 5608
f 5608 5606 4965 5607
f 5480 5608 5607 4969
f 4966 5602 5610 5609
f 5602 4970 5483 5610
f 5610 5483 4969 5607
f 5609 5610 5607 4965
f 4850 5568 5613 5612
f 5568 4865 5593 5613
f 5613 5593 4968 5611
f 5612 5613 5611 4964
f 4866 5574 5616 5596
f 5574 4851 5614 5616
f 5616 5614 4963 5615
f 5596 5616 5615 4967
f 4964 5611 5618 5617
f 5611 4968 5599 5618
f 5618 5599 4967 5615
f 5617 5618 5615 4963
f 4838 5495 5621 5620
f 5495 4853 5603 5621
f 5621 5603 4966 5619
f 5620 5621 5619 4962
f 4852 5500 5624 5606
f 5500 4837 5622 5624
f 5624 5622 4961 5623
f 5606 5624 5623 4965
f 4962 5619 5626 5625
f 5619 4966 5609 5626
f 5626 5609 4965 5623
f 5625 5626 5623 4961
f 4987 5583 5628 5627
f 5583 4988 5305 5628
f 5628 5305 4990 5302
f 5627 5628 5302 4989
f 4902 5629 5630 5299
f 5629 4901 5587 5630
f 5630 5587 4987 5627
f 5299 5630 5627 4989
f 4803 5151 5634 5633
f 5151 4805 5631 5634
f 5634 5631 4940 5632
f 5633 5634 5632 4938
f 4804 5048 5637 5485
f 5048 4802 5635 5637
f 5637 5635 4937 5636
f 5485 5637 5636 4939
f 4937 5638 5639 5636
f 5638 4938 5632 5639
f 5639 5632 4940 5489
f 5636 5639 5489 4939
f 4801 5144 5642 5641
f 5144 4803 5633 5642
f 5642 5633 4938 5640
f 5641 5642 5640 4936
f 4835 5383 5645 5644
f 5383 4850 5612 5645
f 5645 5612 4964 5643
f 5644 5645 5643 4960
f 4851 5389 5648 5614
f 5389 4836 5646 5648
f 5648 5646 4959 5647
f 5614 5648 5647 4963
f 4960 5643 5650 5649
f 5643 4964 5617 5650
f 5650 5617 4963 5647
f 5649 5650 5647 4959
f 4823 5310 5653 5652
f 5310 4838 5620 5653
f 5653 5620 4962 5651
f 5652 5653 5651 4958
f 4837 5315 5656 5622
f 5315 4822 5654 5656
f 5656 5654 4957 5655
f 5622 5656 5655 4961
f 4958 5651 5658 5657
f 5651 4962 5625 5658
f 5658 5625 4961 5655
f 5657 5658 5655 4957
f 4717 5659 5661 5494
f 5659 4732 5660 5661
f 5661 5660 4868 5601
f 5494 5661 5601 4853
f 4717 5498 5664 5659
f 5498 4718 5662 5664
f 5664 5662 4733 5663
f 5659 5664 5663 4732
f 4852 5605 5667 5501
f 5605 4867 5665 5667
f 5667 5665 4869 5666
f 5501 5667 5666 4854
f 4718 5505 5670 5662
f 5505 4719 5668 5670
f 5670 5668 4734 5669
f 5662 5670 5669 4733
f 4854 5666 5673 5507
f 5666 4869 5671 5673
f 5673 5671 4870 5672
f 5507 5673 5672 4855
f 4719 5511 5676 5668
f 5511 4720 5674 5676
f 5676 5674 4735 5675
f 5668 5676 5675 4734
f 4855 5672 5679 5513
f 5672 4870 5677 5679
f 5679 5677 4871 5678
f 5513 5679 5678 4856
f 4720 5517 5682 5674
f 5517 4721 5680 5682
f 5682 5680 4736 5681
f 5674 5682 5681 4735
f 4856 5678 5685 5519
f 5678 4871 5683 5685
f 5685 5683 4872 5684
f 5519 5685 5684 4857
f 4721 5523 5688 5680
f 5523 4722 5686 5688
f 5688 5686 4737 5687
f 5680 5688 5687 4736
f 4857 5684 5691 5525
f 5684 4872 5689 5691
f 5691 5689 4873 5690
f 5525 5691 5690 4858
f 4722 5529 5694 5686
f 5529 4723 5692 5694
f 5694 5692 4738 5693
f 5686 5694 5693 4737
f 4858 5690 5697 5531
f 5690 4873 5695 5697
f 5697 5695 4874 5696
f 5531 5697 5696 4859
f 4723 5535 5700 5692
f 5535 4724 5698 5700
f 5700 5698 4739 5699
f 5692 5700 5699 4738
f 4859 5696 5703 5537
f 5696 4874 5701 5703
f 5703 5701 4875 5702
f 5537 5703 5702 4860
f 4724 5541 5706 5698
f 5541 4725 5704 5706
f 5706 5704 4740 5705
f 5698 5706 5705 4739
f 4860 5702 5709 5543
f 5702 4875 5707 5709
f 5709 5707 4876 5708
f 5543 5709 5708 4861
f 4725 5547 5712 5704
f 5547 4726 5710 5712
f 5712 5710 4741 5711
f 5704 5712 5711 4740
f 4861 5708 5715 5549
f 5708 4876 5713 5715
f 5715 5713 4877 5714
f 5549 5715 5714 4862
f 4726 5553 5718 5710
f 5553 4727 5716 5718
f 5718 5716 4742 5717
f 5710 5718 5717 4741
f 4862 5714 5721 5555
f 5714 4877 5719 5721
f 5721 5719 4878 5720
f 5555 5721 5720 4863
f 4727 5559 5724 5716
f 5559 4728 5722 5724
f 5724 5722 4743 5723
f 5716 5724 5723 4742
f 4863 5720 5727 5561
f 5720 4878 5725 5727
f 5727 5725 4879 5726
f 5561 5727 5726 4864
f 4728 5565 5730 5722
f 5565 4729 5728 5730
f 5730 5728 4744 5729
f 5722 5730 5729 4743
f 4864 5726 5732 5567
f 5726 4879 5731 5732
f 5732 5731 4880 5591
f 5567 5732 5591 4865
f 4729 5571 5735 5728
f 5571 4730 5733 5735
f 5735 5733 4745 5734
f 5728 5735 5734 4744
f 4746 5736 5738 5737
f 5736 4731 5575 5738
f 5738 5575 4866 5595
f 5737 5738 5595 4881
f 4730 5577 5740 5733
f 5577 4731 5736 5740
f 5740 5736 4746 5739
f 5733 5740 5739 4745
f 4819 5199 5743 5742
f 5199 4835 5644 5743
f 5743 5644 4960 5741
f 5742 5743 5741 4954
f 4836 5206 5746 5646
f 5206 4821 5744 5746
f 5746 5744 4956 5745
f 5646 5746 5745 4959
f 4954 5741 5748 5747
f 5741 4960 5649 5748
f 5748 5649 4959 5745
f 5747 5748 5745 4956
f 4794 5115 5751 5750
f 5115 4823 5652 5751
f 5751 5652 4958 5749
f 5750 5751 5749 4929
f 4822 5120 5754 5654
f 5120 4793 5752 5754
f 5754 5752 4928 5753
f 5654 5754 5753 4957
f 4929 5749 5756 5755
f 5749 4958 5657 5756
f 5756 5657 4957 5753
f 5755 5756 5753 4928
f 4821 5108 5759 5744
f 5108 4820 5757 5759
f 5759 5757 4955 5758
f 5744 5759 5758 4956
f 4820 5104 5762 5757
f 5104 4818 5760 5762
f 5762 5760 4953 5761
f 5757 5762 5761 4955
f 4953 5763 5764 5761
f 5763 4954 5747 5764
f 5764 5747 4956 5758
f 5761 5764 5758 4955
f 4817 5200 5767 5766
f 5200 4819 5742 5767
f 5767 5742 4954 5765
f 5766 5767 5765 4952
f 4818 5097 5770 5760
f 5097 4816 5768 5770
f 5770 5768 4951 5769
f 5760 5770 5769 4953
f 4951 5771 5772 5769
f 5771 4952 5765 5772
f 5772 5765 4954 5763
f 5769 5772 5763 4953
f 4815 5193 5775 5774
f 5193 4817 5766 5775
f 5775 5766 4952 5773
f 5774 5775 5773 4950
f 4816 5090 5778 5768
f 5090 4814 5776 5778
f 5778 5776 4949 5777
f 5768 5778 5777 4951
f 4949 5779 5780 5777
f 5779 4950 5773 5780
f 5780 5773 4952 5771
f 5777 5780 5771 4951
f 4813 5186 5783 5782
f 5186 4815 5774 5783
f 5783 5774 4950 5781
f 5782 5783 5781 4948
f 4814 5083 5786 5776
f 5083 4812 5784 5786
f 5786 5784 4947 5785
f 5776 5786 5785 4949
f 4947 5787 5788 5785
f 5787 4948 5781 5788
f 5788 5781 4950 5779
f 5785 5788 5779 4949
f 4811 5179 5791 5790
f 5179 4813 5782 5791
f 5791 5782 4948 5789
f 5790 5791 5789 4946
f 4812 5076 5794 5784
f 5076 4810 5792 5794
f 5794 5792 4945 5793
f 5784 5794 5793 4947
f 4945 5795 5796 5793
f 5795 4946 5789 5796
f 5796 5789 4948 5787
f 5793 5796 5787 4947
f 4809 5172 5799 5798
f 5172 4811 5790 5799
f 5799 5790 4946 5797
f 5798 5799 5797 4944
f 4810 5069 5802 5792
f 5069 4808 5800 5802
f 5802 5800 4943 5801
f 5792 5802 5801 4945
f 4943 5803 5804 5801
f 5803 4944 5797 5804
f 5804 5797 4946 5795
f 5801 5804 5795 4945
f 4807 5165 5807 5806
f 5165 4809 5798 5807
f 5807 5798 4944 5805
f 5806 5807 5805 4942
f 4808 5062 5809 5800
f 5062 4806 5487 5809
f 5809 5487 4941 5808
f 5800 5809 5808 4943
f 4941 5491 5810 5808
f 5491 4942 5805 5810
f 5810 5805 4944 5803
f 5808 5810 5803 4943
f 4805 5158 5811 5631
f 5158 4807 5806 5811
f 5811 5806 4942 5490
f 5631 5811 5490 4940
f 4802 5041 5814 5635
f 5041 4800 5812 5814
f 5814 5812 4935 5813
f 5635 5814 5813 4937
f 4935 5815 5816 5813
f 5815 4936 5640 5816
f 5816 5640 4938 5638
f 5813 5816 5638 4937
f 4799 5137 5819 5818
f 5137 4801 5641 5819
f 5819 5641 4936 5817
f 5818 5819 5817 4934
f 4800 5034 5822 5812
f 5034 4798 5820 5822
f 5822 5820 4933 5821
f 5812 5822 5821 4935
f 4933 5823 5824 5821
f 5823 4934 5817 5824
f 5824 5817 4936 5815
f 5821 5824 5815 4935
f 4797 5130 5827 5826
f 5130 4799 5818 5827
f 5827 5818 4934 5825
f 5826 5827 5825 4932
f 4798 5027 5830 5820
f 5027 4796 5828 5830
f 5830 5828 4931 5829
f 5820 5830 5829 4933
f 4931 5831 5832 5829
f 5831 4932 5825 5832
f 5832 5825 4934 5823
f 5829 5832 5823 4933
f 4793 5123 5834 5752
f 5123 4797 5826 5834
f 5834 5826 4932 5833
f 5752 5834 5833 4928
f 4796 5020 5837 5828
f 5020 4792 5835 5837
f 5837 5835 4927 5836
f 5828 5837 5836 4931
f 4927 5838 5839 5836
f 5838 4928 5833 5839
f 5839 5833 4932 5831
f 5836 5839 5831 4931
f 4795 5014 5842 5841
f 5014 4794 5750 5842
f 5842 5750 4929 5840
f 5841 5842 5840 4930
f 4792 5009 5844 5835
f 5009 4795 5841 5844
f 5844 5841 4930 5843
f 5835 5844 5843 4927
f 4930 5840 5845 5843
f 5840 4929 5755 5845
f 5845 5755 4928 5838
f 5843 5845 5838 4927
f 4775 5846 5850 5849
f 5846 4776 5847 5850
f 5850 5847 4791 5848
f 5849 5850 5848 4790
f 4790 5848 5853 5852
f 5848 4791 5851 5853
f 5853 5851 4926 5211
f 5852 5853 5211 4925
f 4791 5847 5855 5851
f 5847 4776 5854 5855
f 5855 5854 4911 5216
f 5851 5855 5216 4926
f 4774 5856 5859 5858
f 5856 4775 5849 5859
f 5859 5849 4790 5857
f 5858 5859 5857 4789
f 4789 5857 5861 5860
f 5857 4790 5852 5861
f 5861 5852 4925 5223
f 5860 5861 5223 4924
f 4773 5862 5865 5864
f 5862 4774 5858 5865
f 5865 5858 4789 5863
f 5864 5865 5863 4788
f 4788 5863 5867 5866
f 5863 4789 5860 5867
f 5867 5860 4924 5234
f 5866 5867 5234 4923
f 4772 5868 5871 5870
f 5868 4773 5864 5871
f 5871 5864 4788 5869
f 5870 5871 5869 4787
f 4787 5869 5873 5872
f 5869 4788 5866 5873
f 5873 5866 4923 5244
f 5872 5873 5244 4922
f 4771 5874 5877 5876
f 5874 4772 5870 5877
f 5877 5870 4787 5875
f 5876 5877 5875 4786
f 4786 5875 5879 5878
f 5875 4787 5872 5879
f 5879 5872 4922 5254
f 5878 5879 5254 4921
f 4770 5880 5883 5882
f 5880 4771 5876 5883
f 5883 5876 4786 5881
f 5882 5883 5881 4785
f 4785 5881 5884 5425
f 5881 4786 5878 5884
f 5884 5878 4921 5264
f 5425 5884 5264 4920
f 4769 5885 5886 5429
f 5885 4770 5882 5886
f 5886 5882 4785 5424
f 5429 5886 5424 4784
f 4732 5887 5889 5660
f 5887 4747 5888 5889
f 5889 5888 4883 5475
f 5660 5889 5475 4868
f 4732 5663 5892 5887
f 5663 4733 5890 5892
f 5892 5890 4748 5891
f 5887 5892 5891 4747
f 4867 5479 5895 5665
f 5479 4882 5893 5895
f 5895 5893 4884 5894
f 5665 5895 5894 4869
f 4733 5669 5898 5890
f 5669 4734 5896 5898
f 5898 5896 4749 5897
f 5890 5898 5897 4748
f 4869 5894 5901 5671
f 5894 4884 5899 5901
f 5901 5899 4885 5900
f 5671 5901 5900 4870
f 4734 5675 5904 5896
f 5675 4735 5902 5904
f 5904 5902 4750 5903
f 5896 5904 5903 4749
f 4870 5900 5907 5677
f 5900 4885 5905 5907
f 5907 5905 4886 5906
f 5677 5907 5906 4871
f 4735 5681 5910 5902
f 5681 4736 5908 5910
f 5910 5908 4751 5909
f 5902 5910 5909 4750
f 4871 5906 5913 5683
f 5906 4886 5911 5913
f 5913 5911 4887 5912
f 5683 5913 5912 4872
f 4736 5687 5916 5908
f 5687 4737 5914 5916
f 5916 5914 4752 5915
f 5908 5916 5915 4751
f 4872 5912 5919 5689
f 5912 4887 5917 5919
f 5919 5917 4888 5918
f 5689 5919 5918 4873
f 4737 5693 5922 5914
f 5693 4738 5920 5922
f 5922 5920 4753 5921
f 5914 5922 5921 4752
f 4873 5918 5925 5695
f 5918 4888 5923 5925
f 5925 5923 4889 5924
f 5695 5925 5924 4874
f 4738 5699 5928 5920
f 5699 4739 5926 5928
f 5928 5926 4754 5927
f 5920 5928 5927 4753
f 4874 5924 5931 5701
f 5924 4889 5929 5931
f 5931 5929 4890 5930
f 5701 5931 5930 4875
f 4739 5705 5934 5926
f 5705 4740 5932 5934
f 5934 5932 4755 5933
f 5926 5934 5933 4754
f 4875 5930 5937 5707
f 5930 4890 5935 5937
f 5937 5935 4891 5936
f 5707 5937 5936 4876
f 4740 5711 5940 5932
f 5711 4741 5938 5940
f 5940 5938 4756 5939
f 5932 5940 5939 4755
f 4876 5936 5943 5713
f 5936 4891 5941 5943
f 5943 5941 4892 5942
f 5713 5943 5942 4877
f 4741 5717 5946 5938
f 5717 4742 5944 5946
f 5946 5944 4757 5945
f 5938 5946 5945 4756
f 4877 5942 5949 5719
f 5942 4892 5947 5949
f 5949 5947 4893 5948
f 5719 5949 5948 4878
f 4742 5723 5952 5944
f 5723 4743 5950 5952
f 5952 5950 4758 5951
f 5944 5952 5951 4757
f 4878 5948 5955 5725
f 5948 4893 5953 5955
f 5955 5953 4894 5954
f 5725 5955 5954 4879
f 4743 5729 5958 5950
f 5729 4744 5956 5958
f 5958 5956 4759 5957
f 5950 5958 5957 4758
f 4879 5954 5960 5731
f 5954 4894 5959 5960
f 5960 5959 4895 5465
f 5731 5960 5465 4880
f 4744 5734 5963 5956
f 5734 4745 5961 5963
f 5963 5961 4760 5962
f 5956 5963 5962 4759
f 4761 5964 5966 5965
f 5964 4746 5737 5966
f 5966 5737 4881 5469
f 5965 5966 5469 4896
f 4745 5739 5968 5961
f 5739 4746 5964 5968
f 5968 5964 4761 5967
f 5961 5968 5967 4760
f 4747 5969 5971 5888
f 5969 4762 5970 5971
f 5971 5970 4898 5455
f 5888 5971 5455 4883
f 4747 5891 5974 5969
f 5891 4748 5972 5974
f 5974 5972 4763 5973
f 5969 5974 5973 4762
f 4882 5459 5976 5893
f 5459 4897 5408 5976
f 5976 5408 4899 5975
f 5893 5976 5975 4884
f 4748 5897 5979 5972
f 5897 4749 5977 5979
f 5979 5977 4764 5978
f 5972 5979 5978 4763
f 4884 5975 5981 5899
f 5975 4899 5394 5981
f 5981 5394 4900 5980
f 5899 5981 5980 4885
f 4749 5903 5984 5977
f 5903 4750 5982 5984
f 5984 5982 4765 5983
f 5977 5984 5983 4764
f 4885 5980 5986 5905
f 5980 4900 5586 5986
f 5986 5586 4901 5985
f 5905 5986 5985 4886
f 4750 5909 5989 5982
f 5909 4751 5987 5989
f 5989 5987 4766 5988
f 5982 5989 5988 4765
f 4886 5985 5991 5911
f 5985 4901 5629 5991
f 5991 5629 4902 5990
f 5911 5991 5990 4887
f 4751 5915 5993 5987
f 5915 4752 5992 5993
f 5993 5992 4767 5441
f 5987 5993 5441 4766
f 4887 5990 5995 5917
f 5990 4902 5298 5995
f 5995 5298 4903 5994
f 5917 5995 5994 4888
f 4752 5921 5997 5992
f 5921 4753 5996 5997
f 5997 5996 4768 5435
f 5992 5997 5435 4767
f 4888 5994 5999 5923
f 5994 4903 5288 5999
f 5999 5288 4904 5998
f 5923 5999 5998 4889
f 4753 5927 6001 5996
f 5927 4754 6000 6001
f 6001 6000 4769 5428
f 5996 6001 5428 4768
f 4889 5998 6003 5929
f 5998 4904 5278 6003
f 6003 5278 4905 6002
f 5929 6003 6002 4890
f 4754 5933 6005 6000
f 5933 4755 6004 6005
f 6005 6004 4770 5885
f 6000 6005 5885 4769
f 4890 6002 6007 5935
f 6002 4905 5268 6007
f 6007 5268 4906 6006
f 5935 6007 6006 4891
f 4755 5939 6009 6004
f 5939 4756 6008 6009
f 6009 6008 4771 5880
f 6004 6009 5880 4770
f 4891 6006 6011 5941
f 6006 4906 5258 6011
f 6011 5258 4907 6010
f 5941 6011 6010 4892
f 4756 5945 6013 6008
f 5945 4757 6012 6013
f 6013 6012 4772 5874
f 6008 6013 5874 4771
f 4892 6010 6015 5947
f 6010 4907 5248 6015
f 6015 5248 4908 6014
f 5947 6015 6014 4893
f 4757 5951 6017 6012
f 5951 4758 6016 6017
f 6017 6016 4773 5868
f 6012 6017 5868 4772
f 4893 6014 6019 5953
f 6014 4908 5238 6019
f 6019 5238 4909 6018
f 5953 6019 6018 4894
f 4758 5957 6021 6016
f 5957 4759 6020 6021
f 6021 6020 4774 5862
f 6016 6021 5862 4773
f 4894 6018 6022 5959
f 6018 4909 5227 6022
f 6022 5227 4910 5445
f 5959 6022 5445 4895
f 4759 5962 6024 6020
f 5962 4760 6023 6024
f 6024 6023 4775 5856
f 6020 6024 5856 4774
f 4776 6025 6026 5854
f 6025 4761 5965 6026
f 6026 5965 4896 5449
f 5854 6026 5449 4911
f 4760 5967 6027 6023
f 5967 4761 6025 6027
f 6027 6025 4776 5846
f 6023 6027 5846 4775
f 4781 5442 6029 6028
f 5442 4782 5439 6029
f 6029 5439 4917 5304
f 6028 6029 5304 4916
f 4765 5988 6032 6031
f 5988 4766 5443 6032
f 6032 5443 4781 6030
f 6031 6032 6030 4780
f 4780 6030 6034 6033
f 6030 4781 6028 6034
f 6034 6028 4916 5589
f 6033 6034 5589 4915
f 4764 5983 6037 6036
f 5983 4765 6031 6037
f 6037 6031 4780 6035
f 6036 6037 6035 4779
f 4779 6035 6039 6038
f 6035 4780 6033 6039
f 6039 6033 4915 5579
f 6038 6039 5579 4914
f 4763 5978 6042 6041
f 5978 4764 6036 6042
f 6042 6036 4779 6040
f 6041 6042 6040 4778
f 4778 6040 6044 6043
f 6040 4779 6038 6044
f 6044 6038 4914 5403
f 6043 6044 5403 4912
f 4762 5973 6047 6046
f 5973 4763 6041 6047
f 6047 6041 4778 6045
f 6046 6047 6045 4777
f 4762 6046 6049 5970
f 6046 4777 6048 6049
f 6049 6048 4913 5414
f 5970 6049 5414 4898
f 4777 6045 6050 6048
f 6045 4778 6043 6050
f 6050 6043 4912 5419
f 6048 6050 5419 4913
g Group320
f 6052 6561 6565 6564
f 6561 6051 6562 6565
f 6565 6562 6279 6563
f 6564 6565 6563 6276
f 6051 6566 6569 6562
f 6566 6066 6567 6569
f 6569 6567 6278 6568
f 6562 6569 6568 6279
f 6051 6561 6572 6566
f 6561 6052 6570 6572
f 6572 6570 6067 6571
f 6566 6572 6571 6066
f 6053 6573 6576 6575
f 6573 6052 6564 6576
f 6576 6564 6276 6574
f 6575 6576 6574 6280
f 6052 6573 6579 6570
f 6573 6053 6577 6579
f 6579 6577 6068 6578
f 6570 6579 6578 6067
f 6054 6580 6583 6582
f 6580 6053 6575 6583
f 6583 6575 6280 6581
f 6582 6583 6581 6282
f 6053 6580 6586 6577
f 6580 6054 6584 6586
f 6586 6584 6069 6585
f 6577 6586 6585 6068
f 6055 6587 6590 6589
f 6587 6054 6582 6590
f 6590 6582 6282 6588
f 6589 6590 6588 6284
f 6054 6587 6593 6584
f 6587 6055 6591 6593
f 6593 6591 6070 6592
f 6584 6593 6592 6069
f 6056 6594 6597 6596
f 6594 6055 6589 6597
f 6597 6589 6284 6595
f 6596 6597 6595 6286
f 6055 6594 6600 6591
f 6594 6056 6598 6600
f 6600 6598 6071 6599
f 6591 6600 6599 6070
f 6057 6601 6604 6603
f 6601 6056 6596 6604
f 6604 6596 6286 6602
f 6603 6604 6602 6288
f 6056 6601 6607 6598
f 6601 6057 6605 6607
f 6607 6605 6072 6606
f 6598 6607 6606 6071
f 6058 6608 6611 6610
f 6608 6057 6603 6611
f 6611 6603 6288 6609
f 6610 6611 6609 6290
f 6057 6608 6614 6605
f 6608 6058 6612 6614
f 6614 6612 6073 6613
f 6605 6614 6613 6072
f 6059 6615 6618 6617
f 6615 6058 6610 6618
f 6618 6610 6290 6616
f 6617 6618 6616 6292
f 6058 6615 6621 6612
f 6615 6059 6619 6621
f 6621 6619 6074 6620
f 6612 6621 6620 6073
f 6060 6622 6625 6624
f 6622 6059 6617 6625
f 6625 6617 6292 6623
f 6624 6625 6623 6294
f 6059 6622 6628 6619
f 6622 6060 6626 6628
f 6628 6626 6075 6627
f 6619 6628 6627 6074
f 6061 6629 6632 6631
f 6629 6060 6624 6632
f 6632 6624 6294 6630
f 6631 6632 6630 6296
f 6060 6629 6635 6626
f 6629 6061 6633 6635
f 6635 6633 6076 6634
f 6626 6635 6634 6075
f 6062 6636 6639 6638
f 6636 6061 6631 6639
f 6639 6631 6296 6637
f 6638 6639 6637 6298
f 6061 6636 6642 6633
f 6636 6062 6640 6642
f 6642 6640 6077 6641
f 6633 6642 6641 6076
f 6063 6643 6646 6645
f 6643 6062 6638 6646
f 6646 6638 6298 6644
f 6645 6646 6644 6300
f 6062 6643 6649 6640
f 6643 6063 6647 6649
f 6649 6647 6078 6648
f 6640 6649 6648 6077
f 6064 6650 6653 6652
f 6650 6063 6645 6653
f 6653 6645 6300 6651
f 6652 6653 6651 6302
f 6063 6650 6656 6647
f 6650 6064 6654 6656
f 6656 6654 6079 6655
f 6647 6656 6655 6078
f 6065 6657 6660 6659
f 6657 6064 6652 6660
f 6660 6652 6302 6658
f 6659 6660 6658 6304
f 6080 6661 6664 6663
f 6661 6065 6659 6664
f 6664 6659 6304 6662
f 6663 6664 6662 6305
f 6064 6657 6666 6654
f 6657 6065 6661 6666
f 6666 6661 6080 6665
f 6654 6666 6665 6079
f 6278 6667 6671 6670
f 6667 6307 6668 6671
f 6671 6668 6306 6669
f 6670 6671 6669 6277
f 6066 6672 6674 6567
f 6672 6081 6673 6674
f 6674 6673 6307 6667
f 6567 6674 6667 6278
f 6066 6571 6677 6672
f 6571 6067 6675 6677
f 6677 6675 6082 6676
f 6672 6677 6676 6081
f 6277 6669 6681 6680
f 6669 6306 6678 6681
f 6681 6678 6308 6679
f 6680 6681 6679 6281
f 6067 6578 6684 6675
f 6578 6068 6682 6684
f 6684 6682 6083 6683
f 6675 6684 6683 6082
f 6281 6679 6688 6687
f 6679 6308 6685 6688
f 6688 6685 6309 6686
f 6687 6688 6686 6283
f 6068 6585 6691 6682
f 6585 6069 6689 6691
f 6691 6689 6084 6690
f 6682 6691 6690 6083
f 6283 6686 6695 6694
f 6686 6309 6692 6695
f 6695 6692 6310 6693
f 6694 6695 6693 6285
f 6069 6592 6698 6689
f 6592 6070 6696 6698
f 6698 6696 6085 6697
f 6689 6698 6697 6084
f 6285 6693 6702 6701
f 6693 6310 6699 6702
f 6702 6699 6311 6700
f 6701 6702 6700 6287
f 6070 6599 6705 6696
f 6599 6071 6703 6705
f 6705 6703 6086 6704
f 6696 6705 6704 6085
f 6287 6700 6709 6708
f 6700 6311 6706 6709
f 6709 6706 6312 6707
f 6708 6709 6707 6289
f 6071 6606 6712 6703
f 6606 6072 6710 6712
f 6712 6710 6087 6711
f 6703 6712 6711 6086
f 6289 6707 6716 6715
f 6707 6312 6713 6716
f 6716 6713 6313 6714
f 6715 6716 6714 6291
f 6072 6613 6719 6710
f 6613 6073 6717 6719
f 6719 6717 6088 6718
f 6710 6719 6718 6087
f 6291 6714 6723 6722
f 6714 6313 6720 6723
f 6723 6720 6314 6721
f 6722 6723 6721 6293
f 6073 6620 6726 6717
f 6620 6074 6724 6726
f 6726 6724 6089 6725
f 6717 6726 6725 6088
f 6293 6721 6730 6729
f 6721 6314 6727 6730
f 6730 6727 6315 6728
f 6729 6730 6728 6295
f 6074 6627 6733 6724
f 6627 6075 6731 6733
f 6733 6731 6090 6732
f 6724 6733 6732 6089
f 6295 6728 6737 6736
f 6728 6315 6734 6737
f 6737 6734 6316 6735
f 6736 6737 6735 6297
f 6075 6634 6740 6731
f 6634 6076 6738 6740
f 6740 6738 6091 6739
f 6731 6740 6739 6090
f 6297 6735 6744 6743
f 6735 6316 6741 6744
f 6744 6741 6317 6742
f 6743 6744 6742 6299
f 6076 6641 6747 6738
f 6641 6077 6745 6747
f 6747 6745 6092 6746
f 6738 6747 6746 6091
f 6299 6742 6751 6750
f 6742 6317 6748 6751
f 6751 6748 6318 6749
f 6750 6751 6749 6301
f 6077 6648 6754 6745
f 6648 6078 6752 6754
f 6754 6752 6093 6753
f 6745 6754 6753 6092
f 6301 6749 6758 6757
f 6749 6318 6755 6758
f 6758 6755 6319 6756
f 6757 6758 6756 6303
f 6078 6655 6761 6752
f 6655 6079 6759 6761
f 6761 6759 6094 6760
f 6752 6761 6760 6093
f 6303 6756 6765 6764
f 6756 6319 6762 6765
f 6765 6762 6320 6763
f 6764 6765 6763 6305
f 6095 6766 6768 6767
f 6766 6080 6663 6768
f 6768 6663 6305 6763
f 6767 6768 6763 6320
f 6079 6665 6770 6759
f 6665 6080 6766 6770
f 6770 6766 6095 6769
f 6759 6770 6769 6094
f 6307 6771 6774 6668
f 6771 6322 6772 6774
f 6774 6772 6321 6773
f 6668 6774 6773 6306
f 6081 6775 6777 6673
f 6775 6096 6776 6777
f 6777 6776 6322 6771
f 6673 6777 6771 6307
f 6081 6676 6780 6775
f 6676 6082 6778 6780
f 6780 6778 6097 6779
f 6775 6780 6779 6096
f 6306 6773 6783 6678
f 6773 6321 6781 6783
f 6783 6781 6323 6782
f 6678 6783 6782 6308
f 6082 6683 6786 6778
f 6683 6083 6784 6786
f 6786 6784 6098 6785
f 6778 6786 6785 6097
f 6308 6782 6789 6685
f 6782 6323 6787 6789
f 6789 6787 6324 6788
f 6685 6789 6788 6309
f 6083 6690 6792 6784
f 6690 6084 6790 6792
f 6792 6790 6099 6791
f 6784 6792 6791 6098
f 6309 6788 6795 6692
f 6788 6324 6793 6795
f 6795 6793 6325 6794
f 6692 6795 6794 6310
f 6084 6697 6798 6790
f 6697 6085 6796 6798
f 6798 6796 6100 6797
f 6790 6798 6797 6099
f 6310 6794 6801 6699
f 6794 6325 6799 6801
f 6801 6799 6326 6800
f 6699 6801 6800 6311
f 6085 6704 6804 6796
f 6704 6086 6802 6804
f 6804 6802 6101 6803
f 6796 6804 6803 6100
f 6311 6800 6807 6706
f 6800 6326 6805 6807
f 6807 6805 6327 6806
f 6706 6807 6806 6312
f 6086 6711 6810 6802
f 6711 6087 6808 6810
f 6810 6808 6102 6809
f 6802 6810 6809 6101
f 6312 6806 6813 6713
f 6806 6327 6811 6813
f 6813 6811 6328 6812
f 6713 6813 6812 6313
f 6087 6718 6816 6808
f 6718 6088 6814 6816
f 6816 6814 6103 6815
f 6808 6816 6815 6102
f 6313 6812 6819 6720
f 6812 6328 6817 6819
f 6819 6817 6329 6818
f 6720 6819 6818 6314
f 6088 6725 6822 6814
f 6725 6089 6820 6822
f 6822 6820 6104 6821
f 6814 6822 6821 6103
f 6314 6818 6825 6727
f 6818 6329 6823 6825
f 6825 6823 6330 6824
f 6727 6825 6824 6315
f 6089 6732 6828 6820
f 6732 6090 6826 6828
f 6828 6826 6105 6827
f 6820 6828 6827 6104
f 6315 6824 6831 6734
f 6824 6330 6829 6831
f 6831 6829 6331 6830
f 6734 6831 6830 6316
f 6090 6739 6834 6826
f 6739 6091 6832 6834
f 6834 6832 6106 6833
f 6826 6834 6833 6105
f 6316 6830 6837 6741
f 6830 6331 6835 6837
f 6837 6835 6332 6836
f 6741 6837 6836 6317
f 6091 6746 6840 6832
f 6746 6092 6838 6840
f 6840 6838 6107 6839
f 6832 6840 6839 6106
f 6317 6836 6843 6748
f 6836 6332 6841 6843
f 6843 6841 6333 6842
f 6748 6843 6842 6318
f 6092 6753 6846 6838
f 6753 6093 6844 6846
f 6846 6844 6108 6845
f 6838 6846 6845 6107
f 6318 6842 6849 6755
f 6842 6333 6847 6849
f 6849 6847 6334 6848
f 6755 6849 6848 6319
f 6093 6760 6852 6844
f 6760 6094 6850 6852
f 6852 6850 6109 6851
f 6844 6852 6851 6108
f 6319 6848 6855 6762
f 6848 6334 6853 6855
f 6855 6853 6335 6854
f 6762 6855 6854 6320
f 6110 6856 6858 6857
f 6856 6095 6767 6858
f 6858 6767 6320 6854
f 6857 6858 6854 6335
f 6094 6769 6860 6850
f 6769 6095 6856 6860
f 6860 6856 6110 6859
f 6850 6860 6859 6109
f 6322 6861 6864 6772
f 6861 6337 6862 6864
f 6864 6862 6336 6863
f 6772 6864 6863 6321
f 6096 6865 6867 6776
f 6865 6111 6866 6867
f 6867 6866 6337 6861
f 6776 6867 6861 6322
f 6096 6779 6870 6865
f 6779 6097 6868 6870
f 6870 6868 6112 6869
f 6865 6870 6869 6111
f 6321 6863 6873 6781
f 6863 6336 6871 6873
f 6873 6871 6338 6872
f 6781 6873 6872 6323
f 6097 6785 6876 6868
f 6785 6098 6874 6876
f 6876 6874 6113 6875
f 6868 6876 6875 6112
f 6323 6872 6879 6787
f 6872 6338 6877 6879
f 6879 6877 6339 6878
f 6787 6879 6878 6324
f 6098 6791 6882 6874
f 6791 6099 6880 6882
f 6882 6880 6114 6881
f 6874 6882 6881 6113
f 6324 6878 6885 6793
f 6878 6339 6883 6885
f 6885 6883 6340 6884
f 6793 6885 6884 6325
f 6099 6797 6888 6880
f 6797 6100 6886 6888
f 6888 6886 6115 6887
f 6880 6888 6887 6114
f 6325 6884 6891 6799
f 6884 6340 6889 6891
f 6891 6889 6341 6890
f 6799 6891 6890 6326
f 6100 6803 6894 6886
f 6803 6101 6892 6894
f 6894 6892 6116 6893
f 6886 6894 6893 6115
f 6326 6890 6897 6805
f 6890 6341 6895 6897
f 6897 6895 6342 6896
f 6805 6897 6896 6327
f 6101 6809 6900 6892
f 6809 6102 6898 6900
f 6900 6898 6117 6899
f 6892 6900 6899 6116
f 6327 6896 6903 6811
f 6896 6342 6901 6903
f 6903 6901 6343 6902
f 6811 6903 6902 6328
f 6102 6815 6906 6898
f 6815 6103 6904 6906
f 6906 6904 6118 6905
f 6898 6906 6905 6117
f 6328 6902 6909 6817
f 6902 6343 6907 6909
f 6909 6907 6344 6908
f 6817 6909 6908 6329
f 6103 6821 6912 6904
f 6821 6104 6910 6912
f 6912 6910 6119 6911
f 6904 6912 6911 6118
f 6329 6908 6915 6823
f 6908 6344 6913 6915
f 6915 6913 6345 6914
f 6823 6915 6914 6330
f 6104 6827 6918 6910
f 6827 6105 6916 6918
f 6918 6916 6120 6917
f 6910 6918 6917 6119
f 6330 6914 6921 6829
f 6914 6345 6919 6921
f 6921 6919 6346 6920
f 6829 6921 6920 6331
f 6105 6833 6924 6916
f 6833 6106 6922 6924
f 6924 6922 6121 6923
f 6916 6924 6923 6120
f 6331 6920 6927 6835
f 6920 6346 6925 6927
f 6927 6925 6347 6926
f 6835 6927 6926 6332
f 6106 6839 6930 6922
f 6839 6107 6928 6930
f 6930 6928 6122 6929
f 6922 6930 6929 6121
f 6332 6926 6933 6841
f 6926 6347 6931 6933
f 6933 6931 6348 6932
f 6841 6933 6932 6333
f 6107 6845 6936 6928
f 6845 6108 6934 6936
f 6936 6934 6123 6935
f 6928 6936 6935 6122
f 6333 6932 6939 6847
f 6932 6348 6937 6939
f 6939 6937 6349 6938
f 6847 6939 6938 6334
f 6108 6851 6942 6934
f 6851 6109 6940 6942
f 6942 6940 6124 6941
f 6934 6942 6941 6123
f 6334 6938 6945 6853
f 6938 6349 6943 6945
f 6945 6943 6350 6944
f 6853 6945 6944 6335
f 6125 6946 6948 6947
f 6946 6110 6857 6948
f 6948 6857 6335 6944
f 6947 6948 6944 6350
f 6109 6859 6950 6940
f 6859 6110 6946 6950
f 6950 6946 6125 6949
f 6940 6950 6949 6124
f 6337 6951 6954 6862
f 6951 6352 6952 6954
f 6954 6952 6351 6953
f 6862 6954 6953 6336
f 6111 6955 6957 6866
f 6955 6126 6956 6957
f 6957 6956 6352 6951
f 6866 6957 6951 6337
f 6111 6869 6960 6955
f 6869 6112 6958 6960
f 6960 6958 6127 6959
f 6955 6960 6959 6126
f 6336 6953 6963 6871
f 6953 6351 6961 6963
f 6963 6961 6353 6962
f 6871 6963 6962 6338
f 6112 6875 6966 6958
f 6875 6113 6964 6966
f 6966 6964 6128 6965
f 6958 6966 6965 6127
f 6338 6962 6969 6877
f 6962 6353 6967 6969
f 6969 6967 6354 6968
f 6877 6969 6968 6339
f 6113 6881 6972 6964
f 6881 6114 6970 6972
f 6972 6970 6129 6971
f 6964 6972 6971 6128
f 6339 6968 6975 6883
f 6968 6354 6973 6975
f 6975 6973 6355 6974
f 6883 6975 6974 6340
f 6114 6887 6978 6970
f 6887 6115 6976 6978
f 6978 6976 6130 6977
f 6970 6978 6977 6129
f 6340 6974 6981 6889
f 6974 6355 6979 6981
f 6981 6979 6356 6980
f 6889 6981 6980 6341
f 6115 6893 6984 6976
f 6893 6116 6982 6984
f 6984 6982 6131 6983
f 6976 6984 6983 6130
f 6341 6980 6987 6895
f 6980 6356 6985 6987
f 6987 6985 6357 6986
f 6895 6987 6986 6342
f 6116 6899 6990 6982
f 6899 6117 6988 6990
f 6990 6988 6132 6989
f 6982 6990 6989 6131
f 6342 6986 6993 6901
f 6986 6357 6991 6993
f 6993 6991 6358 6992
f 6901 6993 6992 6343
f 6117 6905 6996 6988
f 6905 6118 6994 6996
f 6996 6994 6133 6995
f 6988 6996 6995 6132
f 6343 6992 6999 6907
f 6992 6358 6997 6999
f 6999 6997 6359 6998
f 6907 6999 6998 6344
f 6118 6911 7002 6994
f 6911 6119 7000 7002
f 7002 7000 6134 7001
f 6994 7002 7001 6133
f 6344 6998 7005 6913
f 6998 6359 7003 7005
f 7005 7003 6360 7004
f 6913 7005 7004 6345
f 6119 6917 7008 7000
f 6917 6120 7006 7008
f 7008 7006 6135 7007
f 7000 7008 7007 6134
f 6345 7004 7011 6919
f 7004 6360 7009 7011
f 7011 7009 6361 7010
f 6919 7011 7010 6346
f 6120 6923 7014 7006
f 6923 6121 7012 7014
f 7014 7012 6136 7013
f 7006 7014 7013 6135
f 6346 7010 7017 6925
f 7010 6361 7015 7017
f 7017 7015 6362 7016
f 6925 7017 7016 6347
f 6121 6929 7020 7012
f 6929 6122 7018 7020
f 7020 7018 6137 7019
f 7012 7020 7019 6136
f 6347 7016 7023 6931
f 7016 6362 7021 7023
f 7023 7021 6363 7022
f 6931 7023 7022 6348
f 6122 6935 7026 7018
f 6935 6123 7024 7026
f 7026 7024 6138 7025
f 7018 7026 7025 6137
f 6348 7022 7029 6937
f 7022 6363 7027 7029
f 7029 7027 6364 7028
f 6937 7029 7028 6349
f 6123 6941 7032 7024
f 6941 6124 7030 7032
f 7032 7030 6139 7031
f 7024 7032 7031 6138
f 6349 7028 7035 6943
f 7028 6364 7033 7035
f 7035 7033 6365 7034
f 6943 7035 7034 6350
f 6140 7036 7038 7037
f 7036 6125 6947 7038
f 7038 6947 6350 7034
f 7037 7038 7034 6365
f 6124 6949 7040 7030
f 6949 6125 7036 7040
f 7040 7036 6140 7039
f 7030 7040 7039 6139
f 6352 7041 7044 6952
f 7041 6367 7042 7044
f 7044 7042 6366 7043
f 6952 7044 7043 6351
f 6126 7045 7047 6956
f 7045 6141 7046 7047
f 7047 7046 6367 7041
f 6956 7047 7041 6352
f 6126 6959 7050 7045
f 6959 6127 7048 7050
f 7050 7048 6142 7049
f 7045 7050 7049 6141
f 6351 7043 7053 6961
f 7043 6366 7051 7053
f 7053 7051 6368 7052
f 6961 7053 7052 6353
f 6127 6965 7056 7048
f 6965 6128 7054 7056
f 7056 7054 6143 7055
f 7048 7056 7055 6142
f 6353 7052 7059 6967
f 7052 6368 7057 7059
f 7059 7057 6369 7058
f 6967 7059 7058 6354
f 6128 6971 7062 7054
f 6971 6129 7060 7062
f 7062 7060 6144 7061
f 7054 7062 7061 6143
f 6354 7058 7065 6973
f 7058 6369 7063 7065
f 7065 7063 6370 7064
f 6973 7065 7064 6355
f 6129 6977 7068 7060
f 6977 6130 7066 7068
f 7068 7066 6145 7067
f 7060 7068 7067 6144
f 6355 7064 7071 6979
f 7064 6370 7069 7071
f 7071 7069 6371 7070
f 6979 7071 7070 6356
f 6130 6983 7074 7066
f 6983 6131 7072 7074
f 7074 7072 6146 7073
f 7066 7074 7073 6145
f 6356 7070 7077 6985
f 7070 6371 7075 7077
f 7077 7075 6372 7076
f 6985 7077 7076 6357
f 6131 6989 7080 7072
f 6989 6132 7078 7080
f 7080 7078 6147 7079
f 7072 7080 7079 6146
f 6357 7076 7083 6991
f 7076 6372 7081 7083
f 7083 7081 6373 7082
f 6991 7083 7082 6358
f 6132 6995 7086 7078
f 6995 6133 7084 7086
f 7086 7084 6148 7085
f 7078 7086 7085 6147
f 6358 7082 7089 6997
f 7082 6373 7087 7089
f 7089 7087 6374 7088
f 6997 7089 7088 6359
f 6133 7001 7092 7084
f 7001 6134 7090 7092
f 7092 7090 6149 7091
f 7084 7092 7091 6148
f 6359 7088 7095 7003
f 7088 6374 7093 7095
f 7095 7093 6375 7094
f 7003 7095 7094 6360
f 6134 7007 7098 7090
f 7007 6135 7096 7098
f 7098 7096 6150 7097
f 7090 7098 7097 6149
f 6360 7094 7101 7009
f 7094 6375 7099 7101
f 7101 7099 6376 7100
f 7009 7101 7100 6361
f 6135 7013 7104 7096
f 7013 6136 7102 7104
f 7104 7102 6151 7103
f 7096 7104 7103 6150
f 6361 7100 7107 7015
f 7100 6376 7105 7107
f 7107 7105 6377 7106
f 7015 7107 7106 6362
f 6136 7019 7110 7102
f 7019 6137 7108 7110
f 7110 7108 6152 7109
f 7102 7110 7109 6151
f 6362 7106 7113 7021
f 7106 6377 7111 7113
f 7113 7111 6378 7112
f 7021 7113 7112 6363
f 6137 7025 7116 7108
f 7025 6138 7114 7116
f 7116 7114 6153 7115
f 7108 7116 7115 6152
f 6363 7112 7119 7027
f 7112 6378 7117 7119
f 7119 7117 6379 7118
f 7027 7119 7118 6364
f 6138 7031 7122 7114
f 7031 6139 7120 7122
f 7122 7120 6154 7121
f 7114 7122 7121 6153
f 6364 7118 7125 7033
f 7118 6379 7123 7125
f 7125 7123 6380 7124
f 7033 7125 7124 6365
f 6155 7126 7128 7127
f 7126 6140 7037 7128
f 7128 7037 6365 7124
f 7127 7128 7124 6380
f 6139 7039 7130 7120
f 7039 6140 7126 7130
f 7130 7126 6155 7129
f 7120 7130 7129 6154
f 6367 7131 7134 7042
f 7131 6382 7132 7134
f 7134 7132 6381 7133
f 7042 7134 7133 6366
f 6141 7135 7137 7046
f 7135 6156 7136 7137
f 7137 7136 6382 7131
f 7046 7137 7131 6367
f 6141 7049 7140 7135
f 7049 6142 7138 7140
f 7140 7138 6157 7139
f 7135 7140 7139 6156
f 6366 7133 7143 7051
f 7133 6381 7141 7143
f 7143 7141 6383 7142
f 7051 7143 7142 6368
f 6142 7055 7146 7138
f 7055 6143 7144 7146
f 7146 7144 6158 7145
f 7138 7146 7145 6157
f 6368 7142 7149 7057
f 7142 6383 7147 7149
f 7149 7147 6384 7148
f 7057 7149 7148 6369
f 6143 7061 7152 7144
f 7061 6144 7150 7152
f 7152 7150 6159 7151
f 7144 7152 7151 6158
f 6369 7148 7155 7063
f 7148 6384 7153 7155
f 7155 7153 6385 7154
f 7063 7155 7154 6370
f 6144 7067 7158 7150
f 7067 6145 7156 7158
f 7158 7156 6160 7157
f 7150 7158 7157 6159
f 6370 7154 7161 7069
f 7154 6385 7159 7161
f 7161 7159 6386 7160
f 7069 7161 7160 6371
f 6145 7073 7164 7156
f 7073 6146 7162 7164
f 7164 7162 6161 7163
f 7156 7164 7163 6160
f 6371 7160 7167 7075
f 7160 6386 7165 7167
f 7167 7165 6387 7166
f 7075 7167 7166 6372
f 6146 7079 7170 7162
f 7079 6147 7168 7170
f 7170 7168 6162 7169
f 7162 7170 7169 6161
f 6372 7166 7173 7081
f 7166 6387 7171 7173
f 7173 7171 6388 7172
f 7081 7173 7172 6373
f 6147 7085 7176 7168
f 7085 6148 7174 7176
f 7176 7174 6163 7175
f 7168 7176 7175 6162
f 6373 7172 7179 7087
f 7172 6388 7177 7179
f 7179 7177 6389 7178
f 7087 7179 7178 6374
f 6148 7091 7182 7174
f 7091 6149 7180 7182
f 7182 7180 6164 7181
f 7174 7182 7181 6163
f 6374 7178 7185 7093
f 7178 6389 7183 7185
f 7185 7183 6390 7184
f 7093 7185 7184 6375
f 6149 7097 7188 7180
f 7097 6150 7186 7188
f 7188 7186 6165 7187
f 7180 7188 7187 6164
f 6375 7184 7191 7099
f 7184 6390 7189 7191
f 7191 7189 6391 7190
f 7099 7191 7190 6376
f 6150 7103 7194 7186
f 7103 6151 7192 7194
f 7194 7192 6166 7193
f 7186 7194 7193 6165
f 6376 7190 7197 7105
f 7190 6391 7195 7197
f 7197 7195 6392 7196
f 7105 7197 7196 6377
f 6151 7109 7200 7192
f 7109 6152 7198 7200
f 7200 7198 6167 7199
f 7192 7200 7199 6166
f 6377 7196 7203 7111
f 7196 6392 7201 7203
f 7203 7201 6393 7202
f 7111 7203 7202 6378
f 6152 7115 7206 7198
f 7115 6153 7204 7206
f 7206 7204 6168 7205
f 7198 7206 7205 6167
f 6378 7202 7209 7117
f 7202 6393 7207 7209
f 7209 7207 6394 7208
f 7117 7209 7208 6379
f 6153 7121 7212 7204
f 7121 6154 7210 7212
f 7212 7210 6169 7211
f 7204 7212 7211 6168
f 6379 7208 7215 7123
f 7208 6394 7213 7215
f 7215 7213 6395 7214
f 7123 7215 7214 6380
f 6170 7216 7218 7217
f 7216 6155 7127 7218
f 7218 7127 6380 7214
f 7217 7218 7214 6395
f 6154 7129 7220 7210
f 7129 6155 7216 7220
f 7220 7216 6170 7219
f 7210 7220 7219 6169
f 6382 7221 7224 7132
f 7221 6397 7222 7224
f 7224 7222 6396 7223
f 7132 7224 7223 6381
f 6156 7225 7227 7136
f 7225 6171 7226 7227
f 7227 7226 6397 7221
f 7136 7227 7221 6382
f 6156 7139 7230 7225
f 7139 6157 7228 7230
f 7230 7228 6172 7229
f 7225 7230 7229 6171
f 6381 7223 7233 7141
f 7223 6396 7231 7233
f 7233 7231 6398 7232
f 7141 7233 7232 6383
f 6157 7145 7236 7228
f 7145 6158 7234 7236
f 7236 7234 6173 7235
f 7228 7236 7235 6172
f 6383 7232 7239 7147
f 7232 6398 7237 7239
f 7239 7237 6399 7238
f 7147 7239 7238 6384
f 6158 7151 7242 7234
f 7151 6159 7240 7242
f 7242 7240 6174 7241
f 7234 7242 7241 6173
f 6384 7238 7245 7153
f 7238 6399 7243 7245
f 7245 7243 6400 7244
f 7153 7245 7244 6385
f 6159 7157 7248 7240
f 7157 6160 7246 7248
f 7248 7246 6175 7247
f 7240 7248 7247 6174
f 6385 7244 7251 7159
f 7244 6400 7249 7251
f 7251 7249 6401 7250
f 7159 7251 7250 6386
f 6160 7163 7254 7246
f 7163 6161 7252 7254
f 7254 7252 6176 7253
f 7246 7254 7253 6175
f 6386 7250 7257 7165
f 7250 6401 7255 7257
f 7257 7255 6402 7256
f 7165 7257 7256 6387
f 6161 7169 7260 7252
f 7169 6162 7258 7260
f 7260 7258 6177 7259
f 7252 7260 7259 6176
f 6387 7256 7263 7171
f 7256 6402 7261 7263
f 7263 7261 6403 7262
f 7171 7263 7262 6388
f 6162 7175 7266 7258
f 7175 6163 7264 7266
f 7266 7264 6178 7265
f 7258 7266 7265 6177
f 6388 7262 7269 7177
f 7262 6403 7267 7269
f 7269 7267 6404 7268
f 7177 7269 7268 6389
f 6163 7181 7272 7264
f 7181 6164 7270 7272
f 7272 7270 6179 7271
f 7264 7272 7271 6178
f 6389 7268 7275 7183
f 7268 6404 7273 7275
f 7275 7273 6405 7274
f 7183 7275 7274 6390
f 6164 7187 7278 7270
f 7187 6165 7276 7278
f 7278 7276 6180 7277
f 7270 7278 7277 6179
f 6390 7274 7281 7189
f 7274 6405 7279 7281
f 7281 7279 6406 7280
f 7189 7281 7280 6391
f 6165 7193 7284 7276
f 7193 6166 7282 7284
f 7284 7282 6181 7283
f 7276 7284 7283 6180
f 6391 7280 7287 7195
f 7280 6406 7285 7287
f 7287 7285 6407 7286
f 7195 7287 7286 6392
f 6166 7199 7290 7282
f 7199 6167 7288 7290
f 7290 7288 6182 7289
f 7282 7290 7289 6181
f 6392 7286 7293 7201
f 7286 6407 7291 7293
f 7293 7291 6408 7292
f 7201 7293 7292 6393
f 6167 7205 7296 7288
f 7205 6168 7294 7296
f 7296 7294 6183 7295
f 7288 7296 7295 6182
f 6393 7292 7299 7207
f 7292 6408 7297 7299
f 7299 7297 6409 7298
f 7207 7299 7298 6394
f 6168 7211 7302 7294
f 7211 6169 7300 7302
f 7302 7300 6184 7301
f 7294 7302 7301 6183
f 6394 7298 7305 7213
f 7298 6409 7303 7305
f 7305 7303 6410 7304
f 7213 7305 7304 6395
f 6185 7306 7308 7307
f 7306 6170 7217 7308
f 7308 7217 6395 7304
f 7307 7308 7304 6410
f 6169 7219 7310 7300
f 7219 6170 7306 7310
f 7310 7306 6185 7309
f 7300 7310 7309 6184
f 6397 7311 7314 7222
f 7311 6412 7312 7314
f 7314 7312 6411 7313
f 7222 7314 7313 6396
f 6171 7315 7317 7226
f 7315 6186 7316 7317
f 7317 7316 6412 7311
f 7226 7317 7311 6397
f 6171 7229 7320 7315
f 7229 6172 7318 7320
f 7320 7318 6187 7319
f 7315 7320 7319 6186
f 6396 7313 7323 7231
f 7313 6411 7321 7323
f 7323 7321 6413 7322
f 7231 7323 7322 6398
f 6172 7235 7326 7318
f 7235 6173 7324 7326
f 7326 7324 6188 7325
f 7318 7326 7325 6187
f 6398 7322 7329 7237
f 7322 6413 7327 7329
f 7329 7327 6414 7328
f 7237 7329 7328 6399
f 6173 7241 7332 7324
f 7241 6174 7330 7332
f 7332 7330 6189 7331
f 7324 7332 7331 6188
f 6399 7328 7335 7243
f 7328 6414 7333 7335
f 7335 7333 6415 7334
f 7243 7335 7334 6400
f 6174 7247 7338 7330
f 7247 6175 7336 7338
f 7338 7336 6190 7337
f 7330 7338 7337 6189
f 6400 7334 7341 7249
f 7334 6415 7339 7341
f 7341 7339 6416 7340
f 7249 7341 7340 6401
f 6175 7253 7344 7336
f 7253 6176 7342 7344
f 7344 7342 6191 7343
f 7336 7344 7343 6190
f 6401 7340 7347 7255
f 7340 6416 7345 7347
f 7347 7345 6417 7346
f 7255 7347 7346 6402
f 6176 7259 7350 7342
f 7259 6177 7348 7350
f 7350 7348 6192 7349
f 7342 7350 7349 6191
f 6402 7346 7353 7261
f 7346 6417 7351 7353
f 7353 7351 6418 7352
f 7261 7353 7352 6403
f 6177 7265 7356 7348
f 7265 6178 7354 7356
f 7356 7354 6193 7355
f 7348 7356 7355 6192
f 6403 7352 7359 7267
f 7352 6418 7357 7359
f 7359 7357 6419 7358
f 7267 7359 7358 6404
f 6178 7271 7362 7354
f 7271 6179 7360 7362
f 7362 7360 6194 7361
f 7354 7362 7361 6193
f 6404 7358 7365 7273
f 7358 6419 7363 7365
f 7365 7363 6420 7364
f 7273 7365 7364 6405
f 6179 7277 7368 7360
f 7277 6180 7366 7368
f 7368 7366 6195 7367
f 7360 7368 7367 6194
f 6405 7364 7371 7279
f 7364 6420 7369 7371
f 7371 7369 6421 7370
f 7279 7371 7370 6406
f 6180 7283 7374 7366
f 7283 6181 7372 7374
f 7374 7372 6196 7373
f 7366 7374 7373 6195
f 6406 7370 7377 7285
f 7370 6421 7375 7377
f 7377 7375 6422 7376
f 7285 7377 7376 6407
f 6181 7289 7380 7372
f 7289 6182 7378 7380
f 7380 7378 6197 7379
f 7372 7380 7379 6196
f 6407 7376 7383 7291
f 7376 6422 7381 7383
f 7383 7381 6423 7382
f 7291 7383 7382 6408
f 6182 7295 7386 7378
f 7295 6183 7384 7386
f 7386 7384 6198 7385
f 7378 7386 7385 6197
f 6408 7382 7389 7297
f 7382 6423 7387 7389
f 7389 7387 6424 7388
f 7297 7389 7388 6409
f 6183 7301 7392 7384
f 7301 6184 7390 7392
f 7392 7390 6199 7391
f 7384 7392 7391 6198
f 6409 7388 7395 7303
f 7388 6424 7393 7395
f 7395 7393 6425 7394
f 7303 7395 7394 6410
f 6200 7396 7398 7397
f 7396 6185 7307 7398
f 7398 7307 6410 7394
f 7397 7398 7394 6425
f 6184 7309 7400 7390
f 7309 6185 7396 7400
f 7400 7396 6200 7399
f 7390 7400 7399 6199
f 6412 7401 7404 7312
f 7401 6427 7402 7404
f 7404 7402 6426 7403
f 7312 7404 7403 6411
f 6186 7405 7407 7316
f 7405 6201 7406 7407
f 7407 7406 6427 7401
f 7316 7407 7401 6412
f 6186 7319 7410 7405
f 7319 6187 7408 7410
f 7410 7408 6202 7409
f 7405 7410 7409 6201
f 6411 7403 7413 7321
f 7403 6426 7411 7413
f 7413 7411 6428 7412
f 7321 7413 7412 6413
f 6187 7325 7416 7408
f 7325 6188 7414 7416
f 7416 7414 6203 7415
f 7408 7416 7415 6202
f 6413 7412 7419 7327
f 7412 6428 7417 7419
f 7419 7417 6429 7418
f 7327 7419 7418 6414
f 6188 7331 7422 7414
f 7331 6189 7420 7422
f 7422 7420 6204 7421
f 7414 7422 7421 6203
f 6414 7418 7425 7333
f 7418 6429 7423 7425
f 7425 7423 6430 7424
f 7333 7425 7424 6415
f 6189 7337 7428 7420
f 7337 6190 7426 7428
f 7428 7426 6205 7427
f 7420 7428 7427 6204
f 6415 7424 7431 7339
f 7424 6430 7429 7431
f 7431 7429 6431 7430
f 7339 7431 7430 6416
f 6190 7343 7434 7426
f 7343 6191 7432 7434
f 7434 7432 6206 7433
f 7426 7434 7433 6205
f 6416 7430 7437 7345
f 7430 6431 7435 7437
f 7437 7435 6432 7436
f 7345 7437 7436 6417
f 6191 7349 7440 7432
f 7349 6192 7438 7440
f 7440 7438 6207 7439
f 7432 7440 7439 6206
f 6417 7436 7443 7351
f 7436 6432 7441 7443
f 7443 7441 6433 7442
f 7351 7443 7442 6418
f 6192 7355 7446 7438
f 7355 6193 7444 7446
f 7446 7444 6208 7445
f 7438 7446 7445 6207
f 6418 7442 7449 7357
f 7442 6433 7447 7449
f 7449 7447 6434 7448
f 7357 7449 7448 6419
f 6193 7361 7452 7444
f 7361 6194 7450 7452
f 7452 7450 6209 7451
f 7444 7452 7451 6208
f 6419 7448 7455 7363
f 7448 6434 7453 7455
f 7455 7453 6435 7454
f 7363 7455 7454 6420
f 6194 7367 7458 7450
f 7367 6195 7456 7458
f 7458 7456 6210 7457
f 7450 7458 7457 6209
f 6420 7454 7461 7369
f 7454 6435 7459 7461
f 7461 7459 6436 7460
f 7369 7461 7460 6421
f 6195 7373 7464 7456
f 7373 6196 7462 7464
f 7464 7462 6211 7463
f 7456 7464 7463 6210
f 6421 7460 7467 7375
f 7460 6436 7465 7467
f 7467 7465 6437 7466
f 7375 7467 7466 6422
f 6196 7379 7470 7462
f 7379 6197 7468 7470
f 7470 7468 6212 7469
f 7462 7470 7469 6211
f 6422 7466 7473 7381
f 7466 6437 7471 7473
f 7473 7471 6438 7472
f 7381 7473 7472 6423
f 6197 7385 7476 7468
f 7385 6198 7474 7476
f 7476 7474 6213 7475
f 7468 7476 7475 6212
f 6423 7472 7479 7387
f 7472 6438 7477 7479
f 7479 7477 6439 7478
f 7387 7479 7478 6424
f 6198 7391 7482 7474
f 7391 6199 7480 7482
f 7482 7480 6214 7481
f 7474 7482 7481 6213
f 6424 7478 7485 7393
f 7478 6439 7483 7485
f 7485 7483 6440 7484
f 7393 7485 7484 6425
f 6215 7486 7488 7487
f 7486 6200 7397 7488
f 7488 7397 6425 7484
f 7487 7488 7484 6440
f 6199 7399 7490 7480
f 7399 6200 7486 7490
f 7490 7486 6215 7489
f 7480 7490 7489 6214
f 6427 7491 7494 7402
f 7491 6442 7492 7494
f 7494 7492 6441 7493
f 7402 7494 7493 6426
f 6201 7495 7497 7406
f 7495 6216 7496 7497
f 7497 7496 6442 7491
f 7406 7497 7491 6427
f 6201 7409 7500 7495
f 7409 6202 7498 7500
f 7500 7498 6217 7499
f 7495 7500 7499 6216
f 6426 7493 7503 7411
f 7493 6441 7501 7503
f 7503 7501 6443 7502
f 7411 7503 7502 6428
f 6202 7415 7506 7498
f 7415 6203 7504 7506
f 7506 7504 6218 7505
f 7498 7506 7505 6217
f 6428 7502 7509 7417
f 7502 6443 7507 7509
f 7509 7507 6444 7508
f 7417 7509 7508 6429
f 6203 7421 7512 7504
f 7421 6204 7510 7512
f 7512 7510 6219 7511
f 7504 7512 7511 6218
f 6429 7508 7515 7423
f 7508 6444 7513 7515
f 7515 7513 6445 7514
f 7423 7515 7514 6430
f 6204 7427 7518 7510
f 7427 6205 7516 7518
f 7518 7516 6220 7517
f 7510 7518 7517 6219
f 6430 7514 7521 7429
f 7514 6445 7519 7521
f 7521 7519 6446 7520
f 7429 7521 7520 6431
f 6205 7433 7524 7516
f 7433 6206 7522 7524
f 7524 7522 6221 7523
f 7516 7524 7523 6220
f 6431 7520 7527 7435
f 7520 6446 7525 7527
f 7527 7525 6447 7526
f 7435 7527 7526 6432
f 6206 7439 7530 7522
f 7439 6207 7528 7530
f 7530 7528 6222 7529
f 7522 7530 7529 6221
f 6432 7526 7533 7441
f 7526 6447 7531 7533
f 7533 7531 6448 7532
f 7441 7533 7532 6433
f 6207 7445 7536 7528
f 7445 6208 7534 7536
f 7536 7534 6223 7535
f 7528 7536 7535 6222
f 6433 7532 7539 7447
f 7532 6448 7537 7539
f 7539 7537 6449 7538
f 7447 7539 7538 6434
f 6208 7451 7542 7534
f 7451 6209 7540 7542
f 7542 7540 6224 7541
f 7534 7542 7541 6223
f 6434 7538 7545 7453
f 7538 6449 7543 7545
f 7545 7543 6450 7544
f 7453 7545 7544 6435
f 6209 7457 7548 7540
f 7457 6210 7546 7548
f 7548 7546 6225 7547
f 7540 7548 7547 6224
f 6435 7544 7551 7459
f 7544 6450 7549 7551
f 7551 7549 6451 7550
f 7459 7551 7550 6436
f 6210 7463 7554 7546
f 7463 6211 7552 7554
f 7554 7552 6226 7553
f 7546 7554 7553 6225
f 6436 7550 7557 7465
f 7550 6451 7555 7557
f 7557 7555 6452 7556
f 7465 7557 7556 6437
f 6211 7469 7560 7552
f 7469 6212 7558 7560
f 7560 7558 6227 7559
f 7552 7560 7559 6226
f 6437 7556 7563 7471
f 7556 6452 7561 7563
f 7563 7561 6453 7562
f 7471 7563 7562 6438
f 6212 7475 7566 7558
f 7475 6213 7564 7566
f 7566 7564 6228 7565
f 7558 7566 7565 6227
f 6438 7562 7569 7477
f 7562 6453 7567 7569
f 7569 7567 6454 7568
f 7477 7569 7568 6439
f 6213 7481 7572 7564
f 7481 6214 7570 7572
f 7572 7570 6229 7571
f 7564 7572 7571 6228
f 6439 7568 7575 7483
f 7568 6454 7573 7575
f 7575 7573 6455 7574
f 7483 7575 7574 6440
f 6230 7576 7578 7577
f 7576 6215 7487 7578
f 7578 7487 6440 7574
f 7577 7578 7574 6455
f 6214 7489 7580 7570
f 7489 6215 7576 7580
f 7580 7576 6230 7579
f 7570 7580 7579 6229
f 6442 7581 7584 7492
f 7581 6457 7582 7584
f 7584 7582 6456 7583
f 7492 7584 7583 6441
f 6216 7585 7587 7496
f 7585 6231 7586 7587
f 7587 7586 6457 7581
f 7496 7587 7581 6442
f 6216 7499 7590 7585
f 7499 6217 7588 7590
f 7590 7588 6232 7589
f 7585 7590 7589 6231
f 6441 7583 7593 7501
f 7583 6456 7591 7593
f 7593 7591 6458 7592
f 7501 7593 7592 6443
f 6217 7505 7596 7588
f 7505 6218 7594 7596
f 7596 7594 6233 7595
f 7588 7596 7595 6232
f 6443 7592 7599 7507
f 7592 6458 7597 7599
f 7599 7597 6459 7598
f 7507 7599 7598 6444
f 6218 7511 7602 7594
f 7511 6219 7600 7602
f 7602 7600 6234 7601
f 7594 7602 7601 6233
f 6444 7598 7605 7513
f 7598 6459 7603 7605
f 7605 7603 6460 7604
f 7513 7605 7604 6445
f 6219 7517 7608 7600
f 7517 6220 7606 7608
f 7608 7606 6235 7607
f 7600 7608 7607 6234
f 6445 7604 7611 7519
f 7604 6460 7609 7611
f 7611 7609 6461 7610
f 7519 7611 7610 6446
f 6220 7523 7614 7606
f 7523 6221 7612 7614
f 7614 7612 6236 7613
f 7606 7614 7613 6235
f 6446 7610 7617 7525
f 7610 6461 7615 7617
f 7617 7615 6462 7616
f 7525 7617 7616 6447
f 6221 7529 7620 7612
f 7529 6222 7618 7620
f 7620 7618 6237 7619
f 7612 7620 7619 6236
f 6447 7616 7623 7531
f 7616 6462 7621 7623
f 7623 7621 6463 7622
f 7531 7623 7622 6448
f 6222 7535 7626 7618
f 7535 6223 7624 7626
f 7626 7624 6238 7625
f 7618 7626 7625 6237
f 6448 7622 7629 7537
f 7622 6463 7627 7629
f 7629 7627 6464 7628
f 7537 7629 7628 6449
f 6223 7541 7632 7624
f 7541 6224 7630 7632
f 7632 7630 6239 7631
f 7624 7632 7631 6238
f 6449 7628 7635 7543
f 7628 6464 7633 7635
f 7635 7633 6465 7634
f 7543 7635 7634 6450
f 6224 7547 7638 7630
f 7547 6225 7636 7638
f 7638 7636 6240 7637
f 7630 7638 7637 6239
f 6450 7634 7641 7549
f 7634 6465 7639 7641
f 7641 7639 6466 7640
f 7549 7641 7640 6451
f 6225 7553 7644 7636
f 7553 6226 7642 7644
f 7644 7642 6241 7643
f 7636 7644 7643 6240
f 6451 7640 7647 7555
f 7640 6466 7645 7647
f 7647 7645 6467 7646
f 7555 7647 7646 6452
f 6226 7559 7650 7642
f 7559 6227 7648 7650
f 7650 7648 6242 7649
f 7642 7650 7649 6241
f 6452 7646 7653 7561
f 7646 6467 7651 7653
f 7653 7651 6468 7652
f 7561 7653 7652 6453
f 6227 7565 7656 7648
f 7565 6228 7654 7656
f 7656 7654 6243 7655
f 7648 7656 7655 6242
f 6453 7652 7659 7567
f 7652 6468 7657 7659
f 7659 7657 6469 7658
f 7567 7659 7658 6454
f 6228 7571 7662 7654
f 7571 6229 7660 7662
f 7662 7660 6244 7661
f 7654 7662 7661 6243
f 6454 7658 7665 7573
f 7658 6469 7663 7665
f 7665 7663 6470 7664
f 7573 7665 7664 6455
f 6245 7666 7668 7667
f 7666 6230 7577 7668
f 7668 7577 6455 7664
f 7667 7668 7664 6470
f 6229 7579 7670 7660
f 7579 6230 7666 7670
f 7670 7666 6245 7669
f 7660 7670 7669 6244
f 6457 7671 7674 7582
f 7671 6472 7672 7674
f 7674 7672 6471 7673
f 7582 7674 7673 6456
f 6231 7675 7677 7586
f 7675 6246 7676 7677
f 7677 7676 6472 7671
f 7586 7677 7671 6457
f 6231 7589 7680 7675
f 7589 6232 7678 7680
f 7680 7678 6247 7679
f 7675 7680 7679 6246
f 6456 7673 7683 7591
f 7673 6471 7681 7683
f 7683 7681 6473 7682
f 7591 7683 7682 6458
f 6232 7595 7686 7678
f 7595 6233 7684 7686
f 7686 7684 6248 7685
f 7678 7686 7685 6247
f 6458 7682 7689 7597
f 7682 6473 7687 7689
f 7689 7687 6474 7688
f 7597 7689 7688 6459
f 6233 7601 7692 7684
f 7601 6234 7690 7692
f 7692 7690 6249 7691
f 7684 7692 7691 6248
f 6459 7688 7695 7603
f 7688 6474 7693 7695
f 7695 7693 6475 7694
f 7603 7695 7694 6460
f 6234 7607 7698 7690
f 7607 6235 7696 7698
f 7698 7696 6250 7697
f 7690 7698 7697 6249
f 6460 7694 7701 7609
f 7694 6475 7699 7701
f 7701 7699 6476 7700
f 7609 7701 7700 6461
f 6235 7613 7704 7696
f 7613 6236 7702 7704
f 7704 7702 6251 7703
f 7696 7704 7703 6250
f 6461 7700 7707 7615
f 7700 6476 7705 7707
f 7707 7705 6477 7706
f 7615 7707 7706 6462
f 6236 7619 7710 7702
f 7619 6237 7708 7710
f 7710 7708 6252 7709
f 7702 7710 7709 6251
f 6462 7706 7713 7621
f 7706 6477 7711 7713
f 7713 7711 6478 7712
f 7621 7713 7712 6463
f 6237 7625 7716 7708
f 7625 6238 7714 7716
f 7716 7714 6253 7715
f 7708 7716 7715 6252
f 6463 7712 7719 7627
f 7712 6478 7717 7719
f 7719 7717 6479 7718
f 7627 7719 7718 6464
f 6238 7631 7722 7714
f 7631 6239 7720 7722
f 7722 7720 6254 7721
f 7714 7722 7721 6253
f 6464 7718 7725 7633
f 7718 6479 7723 7725
f 7725 7723 6480 7724
f 7633 7725 7724 6465
f 6239 7637 7728 7720
f 7637 6240 7726 7728
f 7728 7726 6255 7727
f 7720 7728 7727 6254
f 6465 7724 7731 7639
f 7724 6480 7729 7731
f 7731 7729 6481 7730
f 7639 7731 7730 6466
f 6240 7643 7734 7726
f 7643 6241 7732 7734
f 7734 7732 6256 7733
f 7726 7734 7733 6255
f 6466 7730 7737 7645
f 7730 6481 7735 7737
f 7737 7735 6482 7736
f 7645 7737 7736 6467
f 6241 7649 7740 7732
f 7649 6242 7738 7740
f 7740 7738 6257 7739
f 7732 7740 7739 6256
f 6467 7736 7743 7651
f 7736 6482 7741 7743
f 7743 7741 6483 7742
f 7651 7743 7742 6468
f 6242 7655 7746 7738
f 7655 6243 7744 7746
f 7746 7744 6258 7745
f 7738 7746 7745 6257
f 6468 7742 7749 7657
f 7742 6483 7747 7749
f 7749 7747 6484 7748
f 7657 7749 7748 6469
f 6243 7661 7752 7744
f 7661 6244 7750 7752
f 7752 7750 6259 7751
f 7744 7752 7751 6258
f 6469 7748 7755 7663
f 7748 6484 7753 7755
f 7755 7753 6485 7754
f 7663 7755 7754 6470
f 6260 7756 7758 7757
f 7756 6245 7667 7758
f 7758 7667 6470 7754
f 7757 7758 7754 6485
f 6244 7669 7760 7750
f 7669 6245 7756 7760
f 7760 7756 6260 7759
f 7750 7760 7759 6259
f 6261 7761 7765 7764
f 7761 6262 7762 7765
f 7765 7762 6486 7763
f 7764 7765 7763 6487
f 6246 7766 7768 7676
f 7766 6261 7764 7768
f 7768 7764 6487 7767
f 7676 7768 7767 6472
f 6246 7679 7770 7766
f 7679 6247 7769 7770
f 7770 7769 6262 7761
f 7766 7770 7761 6261
f 6262 7771 7774 7762
f 7771 6263 7772 7774
f 7774 7772 6488 7773
f 7762 7774 7773 6486
f 6247 7685 7776 7769
f 7685 6248 7775 7776
f 7776 7775 6263 7771
f 7769 7776 7771 6262
f 6263 7777 7780 7772
f 7777 6264 7778 7780
f 7780 7778 6489 7779
f 7772 7780 7779 6488
f 6248 7691 7782 7775
f 7691 6249 7781 7782
f 7782 7781 6264 7777
f 7775 7782 7777 6263
f 6264 7783 7786 7778
f 7783 6265 7784 7786
f 7786 7784 6490 7785
f 7778 7786 7785 6489
f 6249 7697 7788 7781
f 7697 6250 7787 7788
f 7788 7787 6265 7783
f 7781 7788 7783 6264
f 6265 7789 7792 7784
f 7789 6266 7790 7792
f 7792 7790 6491 7791
f 7784 7792 7791 6490
f 6250 7703 7794 7787
f 7703 6251 7793 7794
f 7794 7793 6266 7789
f 7787 7794 7789 6265
f 6266 7795 7798 7790
f 7795 6267 7796 7798
f 7798 7796 6492 7797
f 7790 7798 7797 6491
f 6251 7709 7800 7793
f 7709 6252 7799 7800
f 7800 7799 6267 7795
f 7793 7800 7795 6266
f 6267 7801 7804 7796
f 7801 6268 7802 7804
f 7804 7802 6493 7803
f 7796 7804 7803 6492
f 6252 7715 7806 7799
f 7715 6253 7805 7806
f 7806 7805 6268 7801
f 7799 7806 7801 6267
f 6268 7807 7810 7802
f 7807 6269 7808 7810
f 7810 7808 6494 7809
f 7802 7810 7809 6493
f 6253 7721 7812 7805
f 7721 6254 7811 7812
f 7812 7811 6269 7807
f 7805 7812 7807 6268
f 6269 7813 7816 7808
f 7813 6270 7814 7816
f 7816 7814 6495 7815
f 7808 7816 7815 6494
f 6254 7727 7818 7811
f 7727 6255 7817 7818
f 7818 7817 6270 7813
f 7811 7818 7813 6269
f 6270 7819 7822 7814
f 7819 6271 7820 7822
f 7822 7820 6496 7821
f 7814 7822 7821 6495
f 6255 7733 7824 7817
f 7733 6256 7823 7824
f 7824 7823 6271 7819
f 7817 7824 7819 6270
f 6271 7825 7828 7820
f 7825 6272 7826 7828
f 7828 7826 6497 7827
f 7820 7828 7827 6496
f 6256 7739 7830 7823
f 7739 6257 7829 7830
f 7830 7829 6272 7825
f 7823 7830 7825 6271
f 6272 7831 7834 7826
f 7831 6273 7832 7834
f 7834 7832 6498 7833
f 7826 7834 7833 6497
f 6257 7745 7836 7829
f 7745 6258 7835 7836
f 7836 7835 6273 7831
f 7829 7836 7831 6272
f 6273 7837 7840 7832
f 7837 6274 7838 7840
f 7840 7838 6499 7839
f 7832 7840 7839 6498
f 6258 7751 7842 7835
f 7751 6259 7841 7842
f 7842 7841 6274 7837
f 7835 7842 7837 6273
f 6275 7843 7846 7845
f 7843 6260 7757 7846
f 7846 7757 6485 7844
f 7845 7846 7844 6500
f 6274 7847 7849 7838
f 7847 6275 7845 7849
f 7849 7845 6500 7848
f 7838 7849 7848 6499
f 6259 7759 7850 7841
f 7759 6260 7843 7850
f 7850 7843 6275 7847
f 7841 7850 7847 6274
f 6504 7851 7855 7854
f 7851 6503 7852 7855
f 7855 7852 6502 7853
f 7854 7855 7853 6501
f 6276 6563 7858 7857
f 6563 6279 7856 7858
f 7858 7856 6504 7854
f 7857 7858 7854 6501
f 6278 6670 7861 7860
f 6670 6277 7859 7861
f 7861 7859 6502 7852
f 7860 7861 7852 6503
f 6279 6568 7862 7856
f 6568 6278 7860 7862
f 7862 7860 6503 7851
f 7856 7862 7851 6504
f 6501 7853 7866 7865
f 7853 6502 7863 7866
f 7866 7863 6506 7864
f 7865 7866 7864 6505
f 6280 6574 7868 7867
f 6574 6276 7857 7868
f 7868 7857 6501 7865
f 7867 7868 7865 6505
f 6277 6680 7870 7859
f 6680 6281 7869 7870
f 7870 7869 6506 7863
f 7859 7870 7863 6502
f 6505 7864 7874 7873
f 7864 6506 7871 7874
f 7874 7871 6508 7872
f 7873 7874 7872 6507
f 6282 6581 7876 7875
f 6581 6280 7867 7876
f 7876 7867 6505 7873
f 7875 7876 7873 6507
f 6281 6687 7878 7869
f 6687 6283 7877 7878
f 7878 7877 6508 7871
f 7869 7878 7871 6506
f 6507 7872 7882 7881
f 7872 6508 7879 7882
f 7882 7879 6510 7880
f 7881 7882 7880 6509
f 6284 6588 7884 7883
f 6588 6282 7875 7884
f 7884 7875 6507 7881
f 7883 7884 7881 6509
f 6283 6694 7886 7877
f 6694 6285 7885 7886
f 7886 7885 6510 7879
f 7877 7886 7879 6508
f 6509 7880 7890 7889
f 7880 6510 7887 7890
f 7890 7887 6512 7888
f 7889 7890 7888 6511
f 6286 6595 7892 7891
f 6595 6284 7883 7892
f 7892 7883 6509 7889
f 7891 7892 7889 6511
f 6285 6701 7894 7885
f 6701 6287 7893 7894
f 7894 7893 6512 7887
f 7885 7894 7887 6510
f 6511 7888 7898 7897
f 7888 6512 7895 7898
f 7898 7895 6514 7896
f 7897 7898 7896 6513
f 6288 6602 7900 7899
f 6602 6286 7891 7900
f 7900 7891 6511 7897
f 7899 7900 7897 6513
f 6287 6708 7902 7893
f 6708 6289 7901 7902
f 7902 7901 6514 7895
f 7893 7902 7895 6512
f 6513 7896 7906 7905
f 7896 6514 7903 7906
f 7906 7903 6516 7904
f 7905 7906 7904 6515
f 6290 6609 7908 7907
f 6609 6288 7899 7908
f 7908 7899 6513 7905
f 7907 7908 7905 6515
f 6289 6715 7910 7901
f 6715 6291 7909 7910
f 7910 7909 6516 7903
f 7901 7910 7903 6514
f 6515 7904 7914 7913
f 7904 6516 7911 7914
f 7914 7911 6518 7912
f 7913 7914 7912 6517
f 6292 6616 7916 7915
f 6616 6290 7907 7916
f 7916 7907 6515 7913
f 7915 7916 7913 6517
f 6291 6722 7918 7909
f 6722 6293 7917 7918
f 7918 7917 6518 7911
f 7909 7918 7911 6516
f 6517 7912 7922 7921
f 7912 6518 7919 7922
f 7922 7919 6520 7920
f 7921 7922 7920 6519
f 6294 6623 7924 7923
f 6623 6292 7915 7924
f 7924 7915 6517 7921
f 7923 7924 7921 6519
f 6293 6729 7926 7917
f 6729 6295 7925 7926
f 7926 7925 6520 7919
f 7917 7926 7919 6518
f 6519 7920 7930 7929
f 7920 6520 7927 7930
f 7930 7927 6522 7928
f 7929 7930 7928 6521
f 6296 6630 7932 7931
f 6630 6294 7923 7932
f 7932 7923 6519 7929
f 7931 7932 7929 6521
f 6295 6736 7934 7925
f 6736 6297 7933 7934
f 7934 7933 6522 7927
f 7925 7934 7927 6520
f 6521 7928 7938 7937
f 7928 6522 7935 7938
f 7938 7935 6524 7936
f 7937 7938 7936 6523
f 6298 6637 7940 7939
f 6637 6296 7931 7940
f 7940 7931 6521 7937
f 7939 7940 7937 6523
f 6297 6743 7942 7933
f 6743 6299 7941 7942
f 7942 7941 6524 7935
f 7933 7942 7935 6522
f 6523 7936 7946 7945
f 7936 6524 7943 7946
f 7946 7943 6526 7944
f 7945 7946 7944 6525
f 6300 6644 7948 7947
f 6644 6298 7939 7948
f 7948 7939 6523 7945
f 7947 7948 7945 6525
f 6299 6750 7950 7941
f 6750 6301 7949 7950
f 7950 7949 6526 7943
f 7941 7950 7943 6524
f 6525 7944 7954 7953
f 7944 6526 7951 7954
f 7954 7951 6528 7952
f 7953 7954 7952 6527
f 6302 6651 7956 7955
f 6651 6300 7947 7956
f 7956 7947 6525 7953
f 7955 7956 7953 6527
f 6301 6757 7958 7949
f 6757 6303 7957 7958
f 7958 7957 6528 7951
f 7949 7958 7951 6526
f 6527 7952 7962 7961
f 7952 6528 7959 7962
f 7962 7959 6530 7960
f 7961 7962 7960 6529
f 6304 6658 7964 7963
f 6658 6302 7955 7964
f 7964 7955 6527 7961
f 7963 7964 7961 6529
f 6305 6662 7966 7965
f 6662 6304 7963 7966
f 7966 7963 6529 7960
f 7965 7966 7960 6530
f 6303 6764 7967 7957
f 6764 6305 7965 7967
f 7967 7965 6530 7959
f 7957 7967 7959 6528
f 6534 7968 7972 7971
f 7968 6533 7969 7972
f 7972 7969 6532 7970
f 7971 7972 7970 6531
f 6471 7672 7975 7974
f 7672 6472 7973 7975
f 7975 7973 6534 7971
f 7974 7975 7971 6531
f 6487 7763 7978 7977
f 7763 6486 7976 7978
f 7978 7976 6532 7969
f 7977 7978 7969 6533
f 6472 7767 7979 7973
f 7767 6487 7977 7979
f 7979 7977 6533 7968
f 7973 7979 7968 6534
f 6531 7970 7983 7982
f 7970 6532 7980 7983
f 7983 7980 6536 7981
f 7982 7983 7981 6535
f 6473 7681 7985 7984
f 7681 6471 7974 7985
f 7985 7974 6531 7982
f 7984 7985 7982 6535
f 6486 7773 7987 7976
f 7773 6488 7986 7987
f 7987 7986 6536 7980
f 7976 7987 7980 6532
f 6535 7981 7991 7990
f 7981 6536 7988 7991
f 7991 7988 6538 7989
f 7990 7991 7989 6537
f 6474 7687 7993 7992
f 7687 6473 7984 7993
f 7993 7984 6535 7990
f 7992 7993 7990 6537
f 6488 7779 7995 7986
f 7779 6489 7994 7995
f 7995 7994 6538 7988
f 7986 7995 7988 6536
f 6537 7989 7999 7998
f 7989 6538 7996 7999
f 7999 7996 6540 7997
f 7998 7999 7997 6539
f 6475 7693 8001 8000
f 7693 6474 7992 8001
f 8001 7992 6537 7998
f 8000 8001 7998 6539
f 6489 7785 8003 7994
f 7785 6490 8002 8003
f 8003 8002 6540 7996
f 7994 8003 7996 6538
f 6539 7997 8007 8006
f 7997 6540 8004 8007
f 8007 8004 6542 8005
f 8006 8007 8005 6541
f 6476 7699 8009 8008
f 7699 6475 8000 8009
f 8009 8000 6539 8006
f 8008 8009 8006 6541
f 6490 7791 8011 8002
f 7791 6491 8010 8011
f 8011 8010 6542 8004
f 8002 8011 8004 6540
f 6541 8005 8015 8014
f 8005 6542 8012 8015
f 8015 8012 6544 8013
f 8014 8015 8013 6543
f 6477 7705 8017 8016
f 7705 6476 8008 8017
f 8017 8008 6541 8014
f 8016 8017 8014 6543
f 6491 7797 8019 8010
f 7797 6492 8018 8019
f 8019 8018 6544 8012
f 8010 8019 8012 6542
f 6543 8013 8023 8022
f 8013 6544 8020 8023
f 8023 8020 6546 8021
f 8022 8023 8021 6545
f 6478 7711 8025 8024
f 7711 6477 8016 8025
f 8025 8016 6543 8022
f 8024 8025 8022 6545
f 6492 7803 8027 8018
f 7803 6493 8026 8027
f 8027 8026 6546 8020
f 8018 8027 8020 6544
f 6545 8021 8031 8030
f 8021 6546 8028 8031
f 8031 8028 6548 8029
f 8030 8031 8029 6547
f 6479 7717 8033 8032
f 7717 6478 8024 8033
f 8033 8024 6545 8030
f 8032 8033 8030 6547
f 6493 7809 8035 8026
f 7809 6494 8034 8035
f 8035 8034 6548 8028
f 8026 8035 8028 6546
f 6547 8029 8039 8038
f 8029 6548 8036 8039
f 8039 8036 6550 8037
f 8038 8039 8037 6549
f 6480 7723 8041 8040
f 7723 6479 8032 8041
f 8041 8032 6547 8038
f 8040 8041 8038 6549
f 6494 7815 8043 8034
f 7815 6495 8042 8043
f 8043 8042 6550 8036
f 8034 8043 8036 6548
f 6549 8037 8047 8046
f 8037 6550 8044 8047
f 8047 8044 6552 8045
f 8046 8047 8045 6551
f 6481 7729 8049 8048
f 7729 6480 8040 8049
f 8049 8040 6549 8046
f 8048 8049 8046 6551
f 6495 7821 8051 8042
f 7821 6496 8050 8051
f 8051 8050 6552 8044
f 8042 8051 8044 6550
f 6551 8045 8055 8054
f 8045 6552 8052 8055
f 8055 8052 6554 8053
f 8054 8055 8053 6553
f 6482 7735 8057 8056
f 7735 6481 8048 8057
f 8057 8048 6551 8054
f 8056 8057 8054 6553
f 6496 7827 8059 8050
f 7827 6497 8058 8059
f 8059 8058 6554 8052
f 8050 8059 8052 6552
f 6553 8053 8063 8062
f 8053 6554 8060 8063
f 8063 8060 6556 8061
f 8062 8063 8061 6555
f 6483 7741 8065 8064
f 7741 6482 8056 8065
f 8065 8056 6553 8062
f 8064 8065 8062 6555
f 6497 7833 8067 8058
f 7833 6498 8066 8067
f 8067 8066 6556 8060
f 8058 8067 8060 6554
f 6555 8061 8071 8070
f 8061 6556 8068 8071
f 8071 8068 6558 8069
f 8070 8071 8069 6557
f 6484 7747 8073 8072
f 7747 6483 8064 8073
f 8073 8064 6555 8070
f 8072 8073 8070 6557
f 6498 7839 8075 8066
f 7839 6499 8074 8075
f 8075 8074 6558 8068
f 8066 8075 8068 6556
f 6557 8069 8079 8078
f 8069 6558 8076 8079
f 8079 8076 6560 8077
f 8078 8079 8077 6559
f 6485 7753 8081 8080
f 7753 6484 8072 8081
f 8081 8072 6557 8078
f 8080 8081 8078 6559
f 6500 7844 8083 8082
f 7844 6485 8080 8083
f 8083 8080 6559 8077
f 8082 8083 8077 6560
f 6499 7848 8084 8074
f 7848 6500 8082 8084
f 8084 8082 6560 8076
f 8074 8084 8076 6558
g Group34263
f 8117 8149 8148
f 8148 8149 8147
f 8147 8149 8146
f 8146 8149 8145
f 8145 8149 8144
f 8144 8149 8143
f 8143 8149 8142
f 8142 8149 8141
f 8141 8149 8140
f 8140 8149 8139
f 8139 8149 8138
f 8138 8149 8137
f 8137 8149 8136
f 8136 8149 8135
f 8135 8149 8134
f 8134 8149 8133
f 8133 8149 8132
f 8132 8149 8131
f 8131 8149 8130
f 8130 8149 8129
f 8129 8149 8128
f 8128 8149 8127
f 8127 8149 8126
f 8126 8149 8125
f 8125 8149 8124
f 8124 8149 8123
f 8123 8149 8122
f 8122 8149 8121
f 8121 8149 8120
f 8120 8149 8119
f 8119 8149 8118
f 8118 8149 8117
f 8182 8183 8151 8150
f 8183 8184 8152 8151
f 8184 8185 8153 8152
f 8185 8186 8154 8153
f 8186 8187 8155 8154
f 8187 8188 8156 8155
f 8188 8189 8157 8156
f 8189 8190 8158 8157
f 8190 8191 8159 8158
f 8191 8192 8160 8159
f 8192 8193 8161 8160
f 8193 8194 8162 8161
f 8194 8195 8163 8162
f 8195 8196 8164 8163
f 8196 8197 8165 8164
f 8197 8198 8166 8165
f 8198 8199 8167 8166
f 8199 8200 8168 8167
f 8200 8201 8169 8168
f 8201 8202 8170 8169
f 8202 8203 8171 8170
f 8203 8204 8172 8171
f 8204 8205 8173 8172
f 8205 8206 8174 8173
f 8206 8207 8175 8174
f 8207 8208 8176 8175
f 8208 8209 8177 8176
f 8209 8210 8178 8177
f 8210 8211 8179 8178
f 8211 8212 8180 8179
f 8212 8213 8181 8180
f 8213 8182 8150 8181
f 8217 8214 8215 8216
f 8219 8217 8216 8218
f 8221 8219 8218 8220
f 8223 8221 8220 8222
f 8225 8223 8222 8224
f 8227 8225 8224 8226
f 8229 8227 8226 8228
f 8231 8229 8228 8230
f 8233 8231 8230 8232
f 8235 8233 8232 8234
f 8237 8235 8234 8236
f 8239 8237 8236 8238
f 8241 8239 8238 8240
f 8243 8241 8240 8242
f 8245 8243 8242 8244
f 8247 8245 8244 8246
f 8249 8247 8246 8248
f 8251 8249 8248 8250
f 8253 8251 8250 8252
f 8255 8253 8252 8254
f 8257 8255 8254 8256
f 8259 8257 8256 8258
f 8261 8259 8258 8260
f 8263 8261 8260 8262
f 8265 8263 8262 8264
f 8267 8265 8264 8266
f 8269 8267 8266 8268
f 8271 8269 8268 8270
f 8273 8271 8270 8272
f 8275 8273 8272 8274
f 8277 8275 8274 8276
f 8214 8277 8276 8215
f 8085 8281 8280 8086
f 8086 8280 8283 8087
f 8087 8283 8285 8088
f 8088 8285 8287 8089
f 8089 8287 8289 8090
f 8090 8289 8291 8091
f 8091 8291 8293 8092
f 8092 8293 8295 8093
f 8093 8295 8297 8094
f 8094 8297 8299 8095
f 8095 8299 8301 8096
f 8096 8301 8303 8097
f 8097 8303 8305 8098
f 8098 8305 8307 8099
f 8099 8307 8309 8100
f 8100 8309 8311 8101
f 8101 8311 8313 8102
f 8102 8313 8315 8103
f 8103 8315 8317 8104
f 8104 8317 8319 8105
f 8105 8319 8321 8106
f 8106 8321 8323 8107
f 8107 8323 8325 8108
f 8108 8325 8327 8109
f 8109 8327 8329 8110
f 8110 8329 8331 8111
f 8111 8331 8333 8112
f 8112 8333 8335 8113
f 8113 8335 8337 8114
f 8114 8337 8339 8115
f 8115 8339 8341 8116
f 8116 8341 8281 8085
f 8279 8280 8281 8278
f 8280 8279 8282 8283
f 8283 8282 8284 8285
f 8285 8284 8286 8287
f 8287 8286 8288 8289
f 8289 8288 8290 8291
f 8291 8290 8292 8293
f 8293 8292 8294 8295
f 8295 8294 8296 8297
f 8297 8296 8298 8299
f 8299 8298 8300 8301
f 8301 8300 8302 8303
f 8303 8302 8304 8305
f 8305 8304 8306 8307
f 8307 8306 8308 8309
f 8309 8308 8310 8311
f 8311 8310 8312 8313
f 8313 8312 8314 8315
f 8315 8314 8316 8317
f 8317 8316 8318 8319
f 8319 8318 8320 8321
f 8321 8320 8322 8323
f 8323 8322 8324 8325
f 8325 8324 8326 8327
f 8327 8326 8328 8329
f 8329 8328 8330 8331
f 8331 8330 8332 8333
f 8333 8332 8334 8335
f 8335 8334 8336 8337
f 8337 8336 8338 8339
f 8339 8338 8340 8341
f 8278 8281 8341 8340
f 8151 8343 8342 8150
f 8152 8344 8343 8151
f 8153 8345 8344 8152
f 8154 8346 8345 8153
f 8155 8347 8346 8154
f 8156 8348 8347 8155
f 8157 8349 8348 8156
f 8158 8350 8349 8157
f 8159 8351 8350 8158
f 8160 8352 8351 8159
f 8161 8353 8352 8160
f 8162 8354 8353 8161
f 8163 8355 8354 8162
f 8164 8356 8355 8163
f 8165 8357 8356 8164
f 8166 8358 8357 8165
f 8167 8359 8358 8166
f 8168 8360 8359 8167
f 8169 8361 8360 8168
f 8170 8362 8361 8169
f 8171 8363 8362 8170
f 8172 8364 8363 8171
f 8173 8365 8364 8172
f 8174 8366 8365 8173
f 8175 8367 8366 8174
f 8176 8368 8367 8175
f 8177 8369 8368 8176
f 8178 8370 8369 8177
f 8179 8371 8370 8178
f 8180 8372 8371 8179
f 8181 8373 8372 8180
f 8150 8342 8373 8181
f 8374 8375 8279 8278
f 8375 8376 8282 8279
f 8376 8377 8284 8282
f 8377 8378 8286 8284
f 8378 8379 8288 8286
f 8379 8380 8290 8288
f 8380 8381 8292 8290
f 8381 8382 8294 8292
f 8382 8383 8296 8294
f 8383 8384 8298 8296
f 8384 8385 8300 8298
f 8385 8386 8302 8300
f 8386 8387 8304 8302
f 8387 8388 8306 8304
f 8388 8389 8308 8306
f 8389 8390 8310 8308
f 8390 8391 8312 8310
f 8391 8392 8314 8312
f 8392 8393 8316 8314
f 8393 8394 8318 8316
f 8394 8395 8320 8318
f 8395 8396 8322 8320
f 8396 8397 8324 8322
f 8397 8398 8326 8324
f 8398 8399 8328 8326
f 8399 8400 8330 8328
f 8400 8401 8332 8330
f 8401 8402 8334 8332
f 8402 8403 8336 8334
f 8403 8404 8338 8336
f 8404 8405 8340 8338
f 8405 8374 8278 8340
f 8375 8343 8344 8376
f 8376 8344 8345 8377
f 8377 8345 8346 8378
f 8378 8346 8347 8379
f 8379 8347 8348 8380
f 8380 8348 8349 8381
f 8381 8349 8350 8382
f 8382 8350 8351 8383
f 8383 8351 8352 8384
f 8384 8352 8353 8385
f 8385 8353 8354 8386
f 8386 8354 8355 8387
f 8387 8355 8356 8388
f 8388 8356 8357 8389
f 8389 8357 8358 8390
f 8390 8358 8359 8391
f 8391 8359 8360 8392
f 8392 8360 8361 8393
f 8393 8361 8362 8394
f 8394 8362 8363 8395
f 8395 8363 8364 8396
f 8396 8364 8365 8397
f 8397 8365 8366 8398
f 8398 8366 8367 8399
f 8399 8367 8368 8400
f 8400 8368 8369 8401
f 8401 8369 8370 8402
f 8402 8370 8371 8403
f 8403 8371 8372 8404
f 8404 8372 8373 8405
f 8343 8375 8374 8342
f 8342 8374 8405 8373
f 8406 8407 8118 8117
f 8407 8408 8119 8118
f 8408 8409 8120 8119
f 8409 8410 8121 8120
f 8410 8411 8122 8121
f 8411 8412 8123 8122
f 8412 8413 8124 8123
f 8413 8414 8125 8124
f 8414 8415 8126 8125
f 8415 8416 8127 8126
f 8416 8417 8128 8127
f 8417 8418 8129 8128
f 8418 8419 8130 8129
f 8419 8420 8131 8130
f 8420 8421 8132 8131
f 8421 8422 8133 8132
f 8422 8423 8134 8133
f 8423 8424 8135 8134
f 8424 8425 8136 8135
f 8425 8426 8137 8136
f 8426 8427 8138 8137
f 8427 8428 8139 8138
f 8428 8429 8140 8139
f 8429 8430 8141 8140
f 8430 8431 8142 8141
f 8431 8432 8143 8142
f 8432 8433 8144 8143
f 8433 8434 8145 8144
f 8434 8435 8146 8145
f 8435 8436 8147 8146
f 8436 8437 8148 8147
f 8437 8406 8117 8148
f 8438 8216 8215 8439
f 8440 8218 8216 8438
f 8441 8220 8218 8440
f 8442 8222 8220 8441
f 8443 8224 8222 8442
f 8444 8226 8224 8443
f 8445 8228 8226 8444
f 8446 8230 8228 8445
f 8447 8232 8230 8446
f 8448 8234 8232 8447
f 8449 8236 8234 8448
f 8450 8238 8236 8449
f 8451 8240 8238 8450
f 8452 8242 8240 8451
f 8453 8244 8242 8452
f 8454 8246 8244 8453
f 8455 8248 8246 8454
f 8456 8250 8248 8455
f 8457 8252 8250 8456
f 8458 8254 8252 8457
f 8459 8256 8254 8458
f 8460 8258 8256 8459
f 8461 8260 8258 8460
f 8462 8262 8260 8461
f 8463 8264 8262 8462
f 8464 8266 8264 8463
f 8465 8268 8266 8464
f 8466 8270 8268 8465
f 8467 8272 8270 8466
f 8468 8274 8272 8467
f 8469 8276 8274 8468
f 8439 8215 8276 8469
f 8439 8406 8437 8438
f 8436 8440 8438 8437
f 8435 8441 8440 8436
f 8434 8442 8441 8435
f 8433 8443 8442 8434
f 8432 8444 8443 8433
f 8431 8445 8444 8432
f 8430 8446 8445 8431
f 8429 8447 8446 8430
f 8428 8448 8447 8429
f 8427 8449 8448 8428
f 8426 8450 8449 8427
f 8425 8451 8450 8426
f 8424 8452 8451 8425
f 8423 8453 8452 8424
f 8422 8454 8453 8423
f 8421 8455 8454 8422
f 8420 8456 8455 8421
f 8419 8457 8456 8420
f 8418 8458 8457 8419
f 8417 8459 8458 8418
f 8416 8460 8459 8417
f 8415 8461 8460 8416
f 8414 8462 8461 8415
f 8413 8463 8462 8414
f 8412 8464 8463 8413
f 8411 8465 8464 8412
f 8410 8466 8465 8411
f 8409 8467 8466 8410
f 8408 8468 8467 8409
f 8407 8469 8468 8408
f 8406 8439 8469 8407
f 8116 8085 8471 8470
f 8115 8116 8470 8472
f 8114 8115 8472 8473
f 8113 8114 8473 8474
f 8112 8113 8474 8475
f 8111 8112 8475 8476
f 8110 8111 8476 8477
f 8109 8110 8477 8478
f 8108 8109 8478 8479
f 8107 8108 8479 8480
f 8106 8107 8480 8481
f 8105 8106 8481 8482
f 8104 8105 8482 8483
f 8103 8104 8483 8484
f 8102 8103 8484 8485
f 8101 8102 8485 8486
f 8100 8101 8486 8487
f 8099 8100 8487 8488
f 8098 8099 8488 8489
f 8097 8098 8489 8490
f 8096 8097 8490 8491
f 8095 8096 8491 8492
f 8094 8095 8492 8493
f 8093 8094 8493 8494
f 8092 8093 8494 8495
f 8091 8092 8495 8496
f 8090 8091 8496 8497
f 8089 8090 8497 8498
f 8088 8089 8498 8499
f 8087 8088 8499 8500
f 8086 8087 8500 8501
f 8085 8086 8501 8471
f 8502 8214 8217 8503
f 8503 8217 8219 8504
f 8504 8219 8221 8505
f 8505 8221 8223 8506
f 8506 8223 8225 8507
f 8507 8225 8227 8508
f 8508 8227 8229 8509
f 8509 8229 8231 8510
f 8510 8231 8233 8511
f 8511 8233 8235 8512
f 8512 8235 8237 8513
f 8513 8237 8239 8514
f 8514 8239 8241 8515
f 8515 8241 8243 8516
f 8516 8243 8245 8517
f 8517 8245 8247 8518
f 8518 8247 8249 8519
f 8519 8249 8251 8520
f 8520 8251 8253 8521
f 8521 8253 8255 8522
f 8522 8255 8257 8523
f 8523 8257 8259 8524
f 8524 8259 8261 8525
f 8525 8261 8263 8526
f 8526 8263 8265 8527
f 8527 8265 8267 8528
f 8528 8267 8269 8529
f 8529 8269 8271 8530
f 8530 8271 8273 8531
f 8531 8273 8275 8532
f 8532 8275 8277 8533
f 8533 8277 8214 8502
f 8503 8470 8471 8502
f 8502 8471 8501 8533
f 8470 8503 8504 8472
f 8472 8504 8505 8473
f 8473 8505 8506 8474
f 8474 8506 8507 8475
f 8475 8507 8508 8476
f 8476 8508 8509 8477
f 8477 8509 8510 8478
f 8478 8510 8511 8479
f 8479 8511 8512 8480
f 8480 8512 8513 8481
f 8481 8513 8514 8482
f 8482 8514 8515 8483
f 8483 8515 8516 8484
f 8484 8516 8517 8485
f 8485 8517 8518 8486
f 8486 8518 8519 8487
f 8487 8519 8520 8488
f 8488 8520 8521 8489
f 8489 8521 8522 8490
f 8490 8522 8523 8491
f 8491 8523 8524 8492
f 8492 8524 8525 8493
f 8493 8525 8526 8494
f 8494 8526 8527 8495
f 8495 8527 8528 8496
f 8496 8528 8529 8497
f 8497 8529 8530 8498
f 8498 8530 8531 8499
f 8499 8531 8532 8500
f 8500 8532 8533 8501
f 8536 8535 8534
f 8213 8538 8537 8182
f 8535 8539 8534
f 8212 8540 8538 8213
f 8539 8541 8534
f 8211 8542 8540 8212
f 8541 8543 8534
f 8210 8544 8542 8211
f 8543 8545 8534
f 8209 8546 8544 8210
f 8545 8547 8534
f 8208 8548 8546 8209
f 8547 8549 8534
f 8207 8550 8548 8208
f 8549 8551 8534
f 8206 8552 8550 8207
f 8551 8553 8534
f 8205 8554 8552 8206
f 8553 8555 8534
f 8204 8556 8554 8205
f 8555 8557 8534
f 8203 8558 8556 8204
f 8557 8559 8534
f 8202 8560 8558 8203
f 8559 8561 8534
f 8201 8562 8560 8202
f 8561 8563 8534
f 8200 8564 8562 8201
f 8563 8565 8534
f 8199 8566 8564 8200
f 8565 8567 8534
f 8198 8568 8566 8199
f 8567 8569 8534
f 8197 8570 8568 8198
f 8569 8571 8534
f 8196 8572 8570 8197
f 8571 8573 8534
f 8195 8574 8572 8196
f 8573 8575 8534
f 8194 8576 8574 8195
f 8575 8577 8534
f 8193 8578 8576 8194
f 8577 8579 8534
f 8192 8580 8578 8193
f 8579 8581 8534
f 8191 8582 8580 8192
f 8581 8583 8534
f 8190 8584 8582 8191
f 8583 8585 8534
f 8189 8586 8584 8190
f 8585 8587 8534
f 8188 8588 8586 8189
f 8587 8589 8534
f 8187 8590 8588 8188
f 8589 8591 8534
f 8186 8592 8590 8187
f 8591 8593 8534
f 8185 8594 8592 8186
f 8593 8595 8534
f 8184 8596 8594 8185
f 8595 8597 8534
f 8183 8598 8596 8184
f 8597 8536 8534
f 8182 8537 8598 8183
f 8536 8537 8538 8535
f 8535 8538 8540 8539
f 8539 8540 8542 8541
f 8541 8542 8544 8543
f 8543 8544 8546 8545
f 8545 8546 8548 8547
f 8547 8548 8550 8549
f 8549 8550 8552 8551
f 8551 8552 8554 8553
f 8553 8554 8556 8555
f 8555 8556 8558 8557
f 8557 8558 8560 8559
f 8559 8560 8562 8561
f 8561 8562 8564 8563
f 8563 8564 8566 8565
f 8565 8566 8568 8567
f 8567 8568 8570 8569
f 8569 8570 8572 8571
f 8571 8572 8574 8573
f 8573 8574 8576 8575
f 8575 8576 8578 8577
f 8577 8578 8580 8579
f 8579 8580 8582 8581
f 8581 8582 8584 8583
f 8583 8584 8586 8585
f 8585 8586 8588 8587
f 8587 8588 8590 8589
f 8589 8590 8592 8591
f 8591 8592 8594 8593
f 8593 8594 8596 8595
f 8595 8596 8598 8597
f 8537 8536 8597 8598
f 8631 8663 8662
f 8662 8663 8661
f 8661 8663 8660
f 8660 8663 8659
f 8659 8663 8658
f 8658 8663 8657
f 8657 8663 8656
f 8656 8663 8655
f 8655 8663 8654
f 8654 8663 8653
f 8653 8663 8652
f 8652 8663 8651
f 8651 8663 8650
f 8650 8663 8649
f 8649 8663 8648
f 8648 8663 8647
f 8647 8663 8646
f 8646 8663 8645
f 8645 8663 8644
f 8644 8663 8643
f 8643 8663 8642
f 8642 8663 8641
f 8641 8663 8640
f 8640 8663 8639
f 8639 8663 8638
f 8638 8663 8637
f 8637 8663 8636
f 8636 8663 8635
f 8635 8663 8634
f 8634 8663 8633
f 8633 8663 8632
f 8632 8663 8631
f 8696 8697 8665 8664
f 8697 8698 8666 8665
f 8698 8699 8667 8666
f 8699 8700 8668 8667
f 8700 8701 8669 8668
f 8701 8702 8670 8669
f 8702 8703 8671 8670
f 8703 8704 8672 8671
f 8704 8705 8673 8672
f 8705 8706 8674 8673
f 8706 8707 8675 8674
f 8707 8708 8676 8675
f 8708 8709 8677 8676
f 8709 8710 8678 8677
f 8710 8711 8679 8678
f 8711 8712 8680 8679
f 8712 8713 8681 8680
f 8713 8714 8682 8681
f 8714 8715 8683 8682
f 8715 8716 8684 8683
f 8716 8717 8685 8684
f 8717 8718 8686 8685
f 8718 8719 8687 8686
f 8719 8720 8688 8687
f 8720 8721 8689 8688
f 8721 8722 8690 8689
f 8722 8723 8691 8690
f 8723 8724 8692 8691
f 8724 8725 8693 8692
f 8725 8726 8694 8693
f 8726 8727 8695 8694
f 8727 8696 8664 8695
f 8731 8728 8729 8730
f 8733 8731 8730 8732
f 8735 8733 8732 8734
f 8737 8735 8734 8736
f 8739 8737 8736 8738
f 8741 8739 8738 8740
f 8743 8741 8740 8742
f 8745 8743 8742 8744
f 8747 8745 8744 8746
f 8749 8747 8746 8748
f 8751 8749 8748 8750
f 8753 8751 8750 8752
f 8755 8753 8752 8754
f 8757 8755 8754 8756
f 8759 8757 8756 8758
f 8761 8759 8758 8760
f 8763 8761 8760 8762
f 8765 8763 8762 8764
f 8767 8765 8764 8766
f 8769 8767 8766 8768
f 8771 8769 8768 8770
f 8773 8771 8770 8772
f 8775 8773 8772 8774
f 8777 8775 8774 8776
f 8779 8777 8776 8778
f 8781 8779 8778 8780
f 8783 8781 8780 8782
f 8785 8783 8782 8784
f 8787 8785 8784 8786
f 8789 8787 8786 8788
f 8791 8789 8788 8790
f 8728 8791 8790 8729
f 8599 8795 8794 8600
f 8600 8794 8797 8601
f 8601 8797 8799 8602
f 8602 8799 8801 8603
f 8603 8801 8803 8604
f 8604 8803 8805 8605
f 8605 8805 8807 8606
f 8606 8807 8809 8607
f 8607 8809 8811 8608
f 8608 8811 8813 8609
f 8609 8813 8815 8610
f 8610 8815 8817 8611
f 8611 8817 8819 8612
f 8612 8819 8821 8613
f 8613 8821 8823 8614
f 8614 8823 8825 8615
f 8615 8825 8827 8616
f 8616 8827 8829 8617
f 8617 8829 8831 8618
f 8618 8831 8833 8619
f 8619 8833 8835 8620
f 8620 8835 8837 8621
f 8621 8837 8839 8622
f 8622 8839 8841 8623
f 8623 8841 8843 8624
f 8624 8843 8845 8625
f 8625 8845 8847 8626
f 8626 8847 8849 8627
f 8627 8849 8851 8628
f 8628 8851 8853 8629
f 8629 8853 8855 8630
f 8630 8855 8795 8599
f 8793 8794 8795 8792
f 8794 8793 8796 8797
f 8797 8796 8798 8799
f 8799 8798 8800 8801
f 8801 8800 8802 8803
f 8803 8802 8804 8805
f 8805 8804 8806 8807
f 8807 8806 8808 8809
f 8809 8808 8810 8811
f 8811 8810 8812 8813
f 8813 8812 8814 8815
f 8815 8814 8816 8817
f 8817 8816 8818 8819
f 8819 8818 8820 8821
f 8821 8820 8822 8823
f 8823 8822 8824 8825
f 8825 8824 8826 8827
f 8827 8826 8828 8829
f 8829 8828 8830 8831
f 8831 8830 8832 8833
f 8833 8832 8834 8835
f 8835 8834 8836 8837
f 8837 8836 8838 8839
f 8839 8838 8840 8841
f 8841 8840 8842 8843
f 8843 8842 8844 8845
f 8845 8844 8846 8847
f 8847 8846 8848 8849
f 8849 8848 8850 8851
f 8851 8850 8852 8853
f 8853 8852 8854 8855
f 8792 8795 8855 8854
f 8665 8857 8856 8664
f 8666 8858 8857 8665
f 8667 8859 8858 8666
f 8668 8860 8859 8667
f 8669 8861 8860 8668
f 8670 8862 8861 8669
f 8671 8863 8862 8670
f 8672 8864 8863 8671
f 8673 8865 8864 8672
f 8674 8866 8865 8673
f 8675 8867 8866 8674
f 8676 8868 8867 8675
f 8677 8869 8868 8676
f 8678 8870 8869 8677
f 8679 8871 8870 8678
f 8680 8872 8871 8679
f 8681 8873 8872 8680
f 8682 8874 8873 8681
f 8683 8875 8874 8682
f 8684 8876 8875 8683
f 8685 8877 8876 8684
f 8686 8878 8877 8685
f 8687 8879 8878 8686
f 8688 8880 8879 8687
f 8689 8881 8880 8688
f 8690 8882 8881 8689
f 8691 8883 8882 8690
f 8692 8884 8883 8691
f 8693 8885 8884 8692
f 8694 8886 8885 8693
f 8695 8887 8886 8694
f 8664 8856 8887 8695
f 8888 8889 8793 8792
f 8889 8890 8796 8793
f 8890 8891 8798 8796
f 8891 8892 8800 8798
f 8892 8893 8802 8800
f 8893 8894 8804 8802
f 8894 8895 8806 8804
f 8895 8896 8808 8806
f 8896 8897 8810 8808
f 8897 8898 8812 8810
f 8898 8899 8814 8812
f 8899 8900 8816 8814
f 8900 8901 8818 8816
f 8901 8902 8820 8818
f 8902 8903 8822 8820
f 8903 8904 8824 8822
f 8904 8905 8826 8824
f 8905 8906 8828 8826
f 8906 8907 8830 8828
f 8907 8908 8832 8830
f 8908 8909 8834 8832
f 8909 8910 8836 8834
f 8910 8911 8838 8836
f 8911 8912 8840 8838
f 8912 8913 8842 8840
f 8913 8914 8844 8842
f 8914 8915 8846 8844
f 8915 8916 8848 8846
f 8916 8917 8850 8848
f 8917 8918 8852 8850
f 8918 8919 8854 8852
f 8919 8888 8792 8854
f 8889 8857 8858 8890
f 8890 8858 8859 8891
f 8891 8859 8860 8892
f 8892 8860 8861 8893
f 8893 8861 8862 8894
f 8894 8862 8863 8895
f 8895 8863 8864 8896
f 8896 8864 8865 8897
f 8897 8865 8866 8898
f 8898 8866 8867 8899
f 8899 8867 8868 8900
f 8900 8868 8869 8901
f 8901 8869 8870 8902
f 8902 8870 8871 8903
f 8903 8871 8872 8904
f 8904 8872 8873 8905
f 8905 8873 8874 8906
f 8906 8874 8875 8907
f 8907 8875 8876 8908
f 8908 8876 8877 8909
f 8909 8877 8878 8910
f 8910 8878 8879 8911
f 8911 8879 8880 8912
f 8912 8880 8881 8913
f 8913 8881 8882 8914
f 8914 8882 8883 8915
f 8915 8883 8884 8916
f 8916 8884 8885 8917
f 8917 8885 8886 8918
f 8918 8886 8887 8919
f 8857 8889 8888 8856
f 8856 8888 8919 8887
f 8920 8921 8632 8631
f 8921 8922 8633 8632
f 8922 8923 8634 8633
f 8923 8924 8635 8634
f 8924 8925 8636 8635
f 8925 8926 8637 8636
f 8926 8927 8638 8637
f 8927 8928 8639 8638
f 8928 8929 8640 8639
f 8929 8930 8641 8640
f 8930 8931 8642 8641
f 8931 8932 8643 8642
f 8932 8933 8644 8643
f 8933 8934 8645 8644
f 8934 8935 8646 8645
f 8935 8936 8647 8646
f 8936 8937 8648 8647
f 8937 8938 8649 8648
f 8938 8939 8650 8649
f 8939 8940 8651 8650
f 8940 8941 8652 8651
f 8941 8942 8653 8652
f 8942 8943 8654 8653
f 8943 8944 8655 8654
f 8944 8945 8656 8655
f 8945 8946 8657 8656
f 8946 8947 8658 8657
f 8947 8948 8659 8658
f 8948 8949 8660 8659
f 8949 8950 8661 8660
f 8950 8951 8662 8661
f 8951 8920 8631 8662
f 8952 8730 8729 8953
f 8954 8732 8730 8952
f 8955 8734 8732 8954
f 8956 8736 8734 8955
f 8957 8738 8736 8956
f 8958 8740 8738 8957
f 8959 8742 8740 8958
f 8960 8744 8742 8959
f 8961 8746 8744 8960
f 8962 8748 8746 8961
f 8963 8750 8748 8962
f 8964 8752 8750 8963
f 8965 8754 8752 8964
f 8966 8756 8754 8965
f 8967 8758 8756 8966
f 8968 8760 8758 8967
f 8969 8762 8760 8968
f 8970 8764 8762 8969
f 8971 8766 8764 8970
f 8972 8768 8766 8971
f 8973 8770 8768 8972
f 8974 8772 8770 8973
f 8975 8774 8772 8974
f 8976 8776 8774 8975
f 8977 8778 8776 8976
f 8978 8780 8778 8977
f 8979 8782 8780 8978
f 8980 8784 8782 8979
f 8981 8786 8784 8980
f 8982 8788 8786 8981
f 8983 8790 8788 8982
f 8953 8729 8790 8983
f 8953 8920 8951 8952
f 8950 8954 8952 8951
f 8949 8955 8954 8950
f 8948 8956 8955 8949
f 8947 8957 8956 8948
f 8946 8958 8957 8947
f 8945 8959 8958 8946
f 8944 8960 8959 8945
f 8943 8961 8960 8944
f 8942 8962 8961 8943
f 8941 8963 8962 8942
f 8940 8964 8963 8941
f 8939 8965 8964 8940
f 8938 8966 8965 8939
f 8937 8967 8966 8938
f 8936 8968 8967 8937
f 8935 8969 8968 8936
f 8934 8970 8969 8935
f 8933 8971 8970 8934
f 8932 8972 8971 8933
f 8931 8973 8972 8932
f 8930 8974 8973 8931
f 8929 8975 8974 8930
f 8928 8976 8975 8929
f 8927 8977 8976 8928
f 8926 8978 8977 8927
f 8925 8979 8978 8926
f 8924 8980 8979 8925
f 8923 8981 8980 8924
f 8922 8982 8981 8923
f 8921 8983 8982 8922
f 8920 8953 8983 8921
f 8630 8599 8985 8984
f 8629 8630 8984 8986
f 8628 8629 8986 8987
f 8627 8628 8987 8988
f 8626 8627 8988 8989
f 8625 8626 8989 8990
f 8624 8625 8990 8991
f 8623 8624 8991 8992
f 8622 8623 8992 8993
f 8621 8622 8993 8994
f 8620 8621 8994 8995
f 8619 8620 8995 8996
f 8618 8619 8996 8997
f 8617 8618 8997 8998
f 8616 8617 8998 8999
f 8615 8616 8999 9000
f 8614 8615 9000 9001
f 8613 8614 9001 9002
f 8612 8613 9002 9003
f 8611 8612 9003 9004
f 8610 8611 9004 9005
f 8609 8610 9005 9006
f 8608 8609 9006 9007
f 8607 8608 9007 9008
f 8606 8607 9008 9009
f 8605 8606 9009 9010
f 8604 8605 9010 9011
f 8603 8604 9011 9012
f 8602 8603 9012 9013
f 8601 8602 9013 9014
f 8600 8601 9014 9015
f 8599 8600 9015 8985
f 9016 8728 8731 9017
f 9017 8731 8733 9018
f 9018 8733 8735 9019
f 9019 8735 8737 9020
f 9020 8737 8739 9021
f 9021 8739 8741 9022
f 9022 8741 8743 9023
f 9023 8743 8745 9024
f 9024 8745 8747 9025
f 9025 8747 8749 9026
f 9026 8749 8751 9027
f 9027 8751 8753 9028
f 9028 8753 8755 9029
f 9029 8755 8757 9030
f 9030 8757 8759 9031
f 9031 8759 8761 9032
f 9032 8761 8763 9033
f 9033 8763 8765 9034
f 9034 8765 8767 9035
f 9035 8767 8769 9036
f 9036 8769 8771 9037
f 9037 8771 8773 9038
f 9038 8773 8775 9039
f 9039 8775 8777 9040
f 9040 8777 8779 9041
f 9041 8779 8781 9042
f 9042 8781 8783 9043
f 9043 8783 8785 9044
f 9044 8785 8787 9045
f 9045 8787 8789 9046
f 9046 8789 8791 9047
f 9047 8791 8728 9016
f 9017 8984 8985 9016
f 9016 8985 9015 9047
f 8984 9017 9018 8986
f 8986 9018 9019 8987
f 8987 9019 9020 8988
f 8988 9020 9021 8989
f 8989 9021 9022 8990
f 8990 9022 9023 8991
f 8991 9023 9024 8992
f 8992 9024 9025 8993
f 8993 9025 9026 8994
f 8994 9026 9027 8995
f 8995 9027 9028 8996
f 8996 9028 9029 8997
f 8997 9029 9030 8998
f 8998 9030 9031 8999
f 8999 9031 9032 9000
f 9000 9032 9033 9001
f 9001 9033 9034 9002
f 9002 9034 9035 9003
f 9003 9035 9036 9004
f 9004 9036 9037 9005
f 9005 9037 9038 9006
f 9006 9038 9039 9007
f 9007 9039 9040 9008
f 9008 9040 9041 9009
f 9009 9041 9042 9010
f 9010 9042 9043 9011
f 9011 9043 9044 9012
f 9012 9044 9045 9013
f 9013 9045 9046 9014
f 9014 9046 9047 9015
f 9050 9049 9048
f 8727 9052 9051 8696
f 9049 9053 9048
f 8726 9054 9052 8727
f 9053 9055 9048
f 8725 9056 9054 8726
f 9055 9057 9048
f 8724 9058 9056 8725
f 9057 9059 9048
f 8723 9060 9058 8724
f 9059 9061 9048
f 8722 9062 9060 8723
f 9061 9063 9048
f 8721 9064 9062 8722
f 9063 9065 9048
f 8720 9066 9064 8721
f 9065 9067 9048
f 8719 9068 9066 8720
f 9067 9069 9048
f 8718 9070 9068 8719
f 9069 9071 9048
f 8717 9072 9070 8718
f 9071 9073 9048
f 8716 9074 9072 8717
f 9073 9075 9048
f 8715 9076 9074 8716
f 9075 9077 9048
f 8714 9078 9076 8715
f 9077 9079 9048
f 8713 9080 9078 8714
f 9079 9081 9048
f 8712 9082 9080 8713
f 9081 9083 9048
f 8711 9084 9082 8712
f 9083 9085 9048
f 8710 9086 9084 8711
f 9085 9087 9048
f 8709 9088 9086 8710
f 9087 9089 9048
f 8708 9090 9088 8709
f 9089 9091 9048
f 8707 9092 9090 8708
f 9091 9093 9048
f 8706 9094 9092 8707
f 9093 9095 9048
f 8705 9096 9094 8706
f 9095 9097 9048
f 8704 9098 9096 8705
f 9097 9099 9048
f 8703 9100 9098 8704
f 9099 9101 9048
f 8702 9102 9100 8703
f 9101 9103 9048
f 8701 9104 9102 8702
f 9103 9105 9048
f 8700 9106 9104 8701
f 9105 9107 9048
f 8699 9108 9106 8700
f 9107 9109 9048
f 8698 9110 9108 8699
f 9109 9111 9048
f 8697 9112 9110 8698
f 9111 9050 9048
f 8696 9051 9112 8697
f 9050 9051 9052 9049
f 9049 9052 9054 9053
f 9053 9054 9056 9055
f 9055 9056 9058 9057
f 9057 9058 9060 9059
f 9059 9060 9062 9061
f 9061 9062 9064 9063
f 9063 9064 9066 9065
f 9065 9066 9068 9067
f 9067 9068 9070 9069
f 9069 9070 9072 9071
f 9071 9072 9074 9073
f 9073 9074 9076 9075
f 9075 9076 9078 9077
f 9077 9078 9080 9079
f 9079 9080 9082 9081
f 9081 9082 9084 9083
f 9083 9084 9086 9085
f 9085 9086 9088 9087
f 9087 9088 9090 9089
f 9089 9090 9092 9091
f 9091 9092 9094 9093
f 9093 9094 9096 9095
f 9095 9096 9098 9097
f 9097 9098 9100 9099
f 9099 9100 9102 9101
f 9101 9102 9104 9103
f 9103 9104 9106 9105
f 9105 9106 9108 9107
f 9107 9108 9110 9109
f 9109 9110 9112 9111
f 9051 9050 9111 9112
f 9160 9157 9158 9159
f 9118 9157 9160 9114
f 9114 9160 9159 9136
f 9114 9136 9133 9118
f 9166 9163 9164 9165
f 9135 9163 9166 9116
f 9116 9166 9165 9120
f 9116 9120 9134 9135
f 9161 9168 9169 9162
f 9131 9168 9161 9130
f 9130 9138 9137 9131
f 9173 9170 9171 9172
f 9127 9171 9170 9128
f 9139 9140 9127 9128
f 9171 9208 9207 9172
f 9130 9161 9202 9201
f 9127 9140 9210 9209
f 9163 9174 9175 9164
f 9115 9174 9163 9135
f 9119 9175 9174 9115
f 9135 9134 9119 9115
f 9162 9169 9176 9167
f 9123 9167 9176 9121
f 9138 9123 9121 9137
f 9178 9177 9159 9158
f 9113 9177 9178 9117
f 9136 9159 9177 9113
f 9117 9133 9136 9113
f 9167 9204 9203 9162
f 9124 9179 9212 9211
f 9123 9138 9206 9205
f 9179 9180 9173 9172
f 9125 9180 9179 9124
f 9124 9140 9139 9125
f 9169 9168 9181 9182
f 9141 9182 9181 9143
f 9137 9141 9143 9131
f 9181 9168 9183 9184
f 9132 9183 9168 9131
f 9143 9181 9184 9142
f 9143 9142 9132 9131
f 9183 9165 9185 9184
f 9120 9165 9183 9132
f 9142 9184 9185 9145
f 9132 9142 9145 9120
f 9185 9165 9164 9186
f 9145 9185 9186 9144
f 9145 9144 9134 9120
f 9164 9175 9187 9186
f 9144 9186 9187 9147
f 9134 9144 9147 9119
f 9187 9175 9188 9189
f 9122 9188 9175 9119
f 9147 9187 9189 9146
f 9147 9146 9122 9119
f 9188 9176 9190 9189
f 9121 9176 9188 9122
f 9146 9189 9190 9148
f 9122 9146 9148 9121
f 9190 9176 9169 9182
f 9148 9190 9182 9141
f 9148 9141 9137 9121
f 9193 9170 9191 9192
f 9128 9170 9193 9129
f 9149 9192 9191 9151
f 9129 9149 9151 9128
f 9191 9170 9173 9194
f 9151 9191 9194 9150
f 9151 9150 9139 9128
f 9173 9180 9195 9194
f 9150 9194 9195 9153
f 9139 9150 9153 9125
f 9195 9180 9196 9197
f 9126 9196 9180 9125
f 9153 9195 9197 9152
f 9153 9152 9126 9125
f 9158 9157 9198 9199
f 9154 9199 9198 9155
f 9133 9154 9155 9118
f 9198 9157 9193 9192
f 9129 9193 9157 9118
f 9155 9198 9192 9149
f 9155 9149 9129 9118
f 9196 9178 9200 9197
f 9117 9178 9196 9126
f 9152 9197 9200 9156
f 9126 9152 9156 9117
f 9200 9178 9158 9199
f 9156 9200 9199 9154
f 9156 9154 9133 9117
f 9211 9210 9140 9124
f 9201 9202 9214 9213
f 9212 9179 9172 9207
f 9204 9216 9215 9203
f 9209 9208 9171 9127
f 9205 9206 9218 9217
f 9211 9212 9216 9217
f 9209 9210 9218 9213
f 9208 9214 9215 9207
f 9202 9161 9162 9203
f 9201 9206 9138 9130
f 9205 9204 9167 9123
f 9213 9214 9208 9209
f 9216 9212 9207 9215
f 9217 9218 9210 9211
f 9217 9216 9204 9205
f 9213 9218 9206 9201
f 9214 9202 9203 9215
f 9251 9283 9282
f 9282 9283 9281
f 9281 9283 9280
f 9280 9283 9279
f 9279 9283 9278
f 9278 9283 9277
f 9277 9283 9276
f 9276 9283 9275
f 9275 9283 9274
f 9274 9283 9273
f 9273 9283 9272
f 9272 9283 9271
f 9271 9283 9270
f 9270 9283 9269
f 9269 9283 9268
f 9268 9283 9267
f 9267 9283 9266
f 9266 9283 9265
f 9265 9283 9264
f 9264 9283 9263
f 9263 9283 9262
f 9262 9283 9261
f 9261 9283 9260
f 9260 9283 9259
f 9259 9283 9258
f 9258 9283 9257
f 9257 9283 9256
f 9256 9283 9255
f 9255 9283 9254
f 9254 9283 9253
f 9253 9283 9252
f 9252 9283 9251
f 9316 9317 9285 9284
f 9317 9318 9286 9285
f 9318 9319 9287 9286
f 9319 9320 9288 9287
f 9320 9321 9289 9288
f 9321 9322 9290 9289
f 9322 9323 9291 9290
f 9323 9324 9292 9291
f 9324 9325 9293 9292
f 9325 9326 9294 9293
f 9326 9327 9295 9294
f 9327 9328 9296 9295
f 9328 9329 9297 9296
f 9329 9330 9298 9297
f 9330 9331 9299 9298
f 9331 9332 9300 9299
f 9332 9333 9301 9300
f 9333 9334 9302 9301
f 9334 9335 9303 9302
f 9335 9336 9304 9303
f 9336 9337 9305 9304
f 9337 9338 9306 9305
f 9338 9339 9307 9306
f 9339 9340 9308 9307
f 9340 9341 9309 9308
f 9341 9342 9310 9309
f 9342 9343 9311 9310
f 9343 9344 9312 9311
f 9344 9345 9313 9312
f 9345 9346 9314 9313
f 9346 9347 9315 9314
f 9347 9316 9284 9315
f 9351 9348 9349 9350
f 9353 9351 9350 9352
f 9355 9353 9352 9354
f 9357 9355 9354 9356
f 9359 9357 9356 9358
f 9361 9359 9358 9360
f 9363 9361 9360 9362
f 9365 9363 9362 9364
f 9367 9365 9364 9366
f 9369 9367 9366 9368
f 9371 9369 9368 9370
f 9373 9371 9370 9372
f 9375 9373 9372 9374
f 9377 9375 9374 9376
f 9379 9377 9376 9378
f 9381 9379 9378 9380
f 9383 9381 9380 9382
f 9385 9383 9382 9384
f 9387 9385 9384 9386
f 9389 9387 9386 9388
f 9391 9389 9388 9390
f 9393 9391 9390 9392
f 9395 9393 9392 9394
f 9397 9395 9394 9396
f 9399 9397 9396 9398
f 9401 9399 9398 9400
f 9403 9401 9400 9402
f 9405 9403 9402 9404
f 9407 9405 9404 9406
f 9409 9407 9406 9408
f 9411 9409 9408 9410
f 9348 9411 9410 9349
f 9219 9415 9414 9220
f 9220 9414 9417 9221
f 9221 9417 9419 9222
f 9222 9419 9421 9223
f 9223 9421 9423 9224
f 9224 9423 9425 9225
f 9225 9425 9427 9226
f 9226 9427 9429 9227
f 9227 9429 9431 9228
f 9228 9431 9433 9229
f 9229 9433 9435 9230
f 9230 9435 9437 9231
f 9231 9437 9439 9232
f 9232 9439 9441 9233
f 9233 9441 9443 9234
f 9234 9443 9445 9235
f 9235 9445 9447 9236
f 9236 9447 9449 9237
f 9237 9449 9451 9238
f 9238 9451 9453 9239
f 9239 9453 9455 9240
f 9240 9455 9457 9241
f 9241 9457 9459 9242
f 9242 9459 9461 9243
f 9243 9461 9463 9244
f 9244 9463 9465 9245
f 9245 9465 9467 9246
f 9246 9467 9469 9247
f 9247 9469 9471 9248
f 9248 9471 9473 9249
f 9249 9473 9475 9250
f 9250 9475 9415 9219
f 9413 9414 9415 9412
f 9414 9413 9416 9417
f 9417 9416 9418 9419
f 9419 9418 9420 9421
f 9421 9420 9422 9423
f 9423 9422 9424 9425
f 9425 9424 9426 9427
f 9427 9426 9428 9429
f 9429 9428 9430 9431
f 9431 9430 9432 9433
f 9433 9432 9434 9435
f 9435 9434 9436 9437
f 9437 9436 9438 9439
f 9439 9438 9440 9441
f 9441 9440 9442 9443
f 9443 9442 9444 9445
f 9445 9444 9446 9447
f 9447 9446 9448 9449
f 9449 9448 9450 9451
f 9451 9450 9452 9453
f 9453 9452 9454 9455
f 9455 9454 9456 9457
f 9457 9456 9458 9459
f 9459 9458 9460 9461
f 9461 9460 9462 9463
f 9463 9462 9464 9465
f 9465 9464 9466 9467
f 9467 9466 9468 9469
f 9469 9468 9470 9471
f 9471 9470 9472 9473
f 9473 9472 9474 9475
f 9412 9415 9475 9474
f 9285 9477 9476 9284
f 9286 9478 9477 9285
f 9287 9479 9478 9286
f 9288 9480 9479 9287
f 9289 9481 9480 9288
f 9290 9482 9481 9289
f 9291 9483 9482 9290
f 9292 9484 9483 9291
f 9293 9485 9484 9292
f 9294 9486 9485 9293
f 9295 9487 9486 9294
f 9296 9488 9487 9295
f 9297 9489 9488 9296
f 9298 9490 9489 9297
f 9299 9491 9490 9298
f 9300 9492 9491 9299
f 9301 9493 9492 9300
f 9302 9494 9493 9301
f 9303 9495 9494 9302
f 9304 9496 9495 9303
f 9305 9497 9496 9304
f 9306 9498 9497 9305
f 9307 9499 9498 9306
f 9308 9500 9499 9307
f 9309 9501 9500 9308
f 9310 9502 9501 9309
f 9311 9503 9502 9310
f 9312 9504 9503 9311
f 9313 9505 9504 9312
f 9314 9506 9505 9313
f 9315 9507 9506 9314
f 9284 9476 9507 9315
f 9508 9509 9413 9412
f 9509 9510 9416 9413
f 9510 9511 9418 9416
f 9511 9512 9420 9418
f 9512 9513 9422 9420
f 9513 9514 9424 9422
f 9514 9515 9426 9424
f 9515 9516 9428 9426
f 9516 9517 9430 9428
f 9517 9518 9432 9430
f 9518 9519 9434 9432
f 9519 9520 9436 9434
f 9520 9521 9438 9436
f 9521 9522 9440 9438
f 9522 9523 9442 9440
f 9523 9524 9444 9442
f 9524 9525 9446 9444
f 9525 9526 9448 9446
f 9526 9527 9450 9448
f 9527 9528 9452 9450
f 9528 9529 9454 9452
f 9529 9530 9456 9454
f 9530 9531 9458 9456
f 9531 9532 9460 9458
f 9532 9533 9462 9460
f 9533 9534 9464 9462
f 9534 9535 9466 9464
f 9535 9536 9468 9466
f 9536 9537 9470 9468
f 9537 9538 9472 9470
f 9538 9539 9474 9472
f 9539 9508 9412 9474
f 9509 9477 9478 9510
f 9510 9478 9479 9511
f 9511 9479 9480 9512
f 9512 9480 9481 9513
f 9513 9481 9482 9514
f 9514 9482 9483 9515
f 9515 9483 9484 9516
f 9516 9484 9485 9517
f 9517 9485 9486 9518
f 9518 9486 9487 9519
f 9519 9487 9488 9520
f 9520 9488 9489 9521
f 9521 9489 9490 9522
f 9522 9490 9491 9523
f 9523 9491 9492 9524
f 9524 9492 9493 9525
f 9525 9493 9494 9526
f 9526 9494 9495 9527
f 9527 9495 9496 9528
f 9528 9496 9497 9529
f 9529 9497 9498 9530
f 9530 9498 9499 9531
f 9531 9499 9500 9532
f 9532 9500 9501 9533
f 9533 9501 9502 9534
f 9534 9502 9503 9535
f 9535 9503 9504 9536
f 9536 9504 9505 9537
f 9537 9505 9506 9538
f 9538 9506 9507 9539
f 9477 9509 9508 9476
f 9476 9508 9539 9507
f 9540 9541 9252 9251
f 9541 9542 9253 9252
f 9542 9543 9254 9253
f 9543 9544 9255 9254
f 9544 9545 9256 9255
f 9545 9546 9257 9256
f 9546 9547 9258 9257
f 9547 9548 9259 9258
f 9548 9549 9260 9259
f 9549 9550 9261 9260
f 9550 9551 9262 9261
f 9551 9552 9263 9262
f 9552 9553 9264 9263
f 9553 9554 9265 9264
f 9554 9555 9266 9265
f 9555 9556 9267 9266
f 9556 9557 9268 9267
f 9557 9558 9269 9268
f 9558 9559 9270 9269
f 9559 9560 9271 9270
f 9560 9561 9272 9271
f 9561 9562 9273 9272
f 9562 9563 9274 9273
f 9563 9564 9275 9274
f 9564 9565 9276 9275
f 9565 9566 9277 9276
f 9566 9567 9278 9277
f 9567 9568 9279 9278
f 9568 9569 9280 9279
f 9569 9570 9281 9280
f 9570 9571 9282 9281
f 9571 9540 9251 9282
f 9572 9350 9349 9573
f 9574 9352 9350 9572
f 9575 9354 9352 9574
f 9576 9356 9354 9575
f 9577 9358 9356 9576
f 9578 9360 9358 9577
f 9579 9362 9360 9578
f 9580 9364 9362 9579
f 9581 9366 9364 9580
f 9582 9368 9366 9581
f 9583 9370 9368 9582
f 9584 9372 9370 9583
f 9585 9374 9372 9584
f 9586 9376 9374 9585
f 9587 9378 9376 9586
f 9588 9380 9378 9587
f 9589 9382 9380 9588
f 9590 9384 9382 9589
f 9591 9386 9384 9590
f 9592 9388 9386 9591
f 9593 9390 9388 9592
f 9594 9392 9390 9593
f 9595 9394 9392 9594
f 9596 9396 9394 9595
f 9597 9398 9396 9596
f 9598 9400 9398 9597
f 9599 9402 9400 9598
f 9600 9404 9402 9599
f 9601 9406 9404 9600
f 9602 9408 9406 9601
f 9603 9410 9408 9602
f 9573 9349 9410 9603
f 9573 9540 9571 9572
f 9570 9574 9572 9571
f 9569 9575 9574 9570
f 9568 9576 9575 9569
f 9567 9577 9576 9568
f 9566 9578 9577 9567
f 9565 9579 9578 9566
f 9564 9580 9579 9565
f 9563 9581 9580 9564
f 9562 9582 9581 9563
f 9561 9583 9582 9562
f 9560 9584 9583 9561
f 9559 9585 9584 9560
f 9558 9586 9585 9559
f 9557 9587 9586 9558
f 9556 9588 9587 9557
f 9555 9589 9588 9556
f 9554 9590 9589 9555
f 9553 9591 9590 9554
f 9552 9592 9591 9553
f 9551 9593 9592 9552
f 9550 9594 9593 9551
f 9549 9595 9594 9550
f 9548 9596 9595 9549
f 9547 9597 9596 9548
f 9546 9598 9597 9547
f 9545 9599 9598 9546
f 9544 9600 9599 9545
f 9543 9601 9600 9544
f 9542 9602 9601 9543
f 9541 9603 9602 9542
f 9540 9573 9603 9541
f 9250 9219 9605 9604
f 9249 9250 9604 9606
f 9248 9249 9606 9607
f 9247 9248 9607 9608
f 9246 9247 9608 9609
f 9245 9246 9609 9610
f 9244 9245 9610 9611
f 9243 9244 9611 9612
f 9242 9243 9612 9613
f 9241 9242 9613 9614
f 9240 9241 9614 9615
f 9239 9240 9615 9616
f 9238 9239 9616 9617
f 9237 9238 9617 9618
f 9236 9237 9618 9619
f 9235 9236 9619 9620
f 9234 9235 9620 9621
f 9233 9234 9621 9622
f 9232 9233 9622 9623
f 9231 9232 9623 9624
f 9230 9231 9624 9625
f 9229 9230 9625 9626
f 9228 9229 9626 9627
f 9227 9228 9627 9628
f 9226 9227 9628 9629
f 9225 9226 9629 9630
f 9224 9225 9630 9631
f 9223 9224 9631 9632
f 9222 9223 9632 9633
f 9221 9222 9633 9634
f 9220 9221 9634 9635
f 9219 9220 9635 9605
f 9636 9348 9351 9637
f 9637 9351 9353 9638
f 9638 9353 9355 9639
f 9639 9355 9357 9640
f 9640 9357 9359 9641
f 9641 9359 9361 9642
f 9642 9361 9363 9643
f 9643 9363 9365 9644
f 9644 9365 9367 9645
f 9645 9367 9369 9646
f 9646 9369 9371 9647
f 9647 9371 9373 9648
f 9648 9373 9375 9649
f 9649 9375 9377 9650
f 9650 9377 9379 9651
f 9651 9379 9381 9652
f 9652 9381 9383 9653
f 9653 9383 9385 9654
f 9654 9385 9387 9655
f 9655 9387 9389 9656
f 9656 9389 9391 9657
f 9657 9391 9393 9658
f 9658 9393 9395 9659
f 9659 9395 9397 9660
f 9660 9397 9399 9661
f 9661 9399 9401 9662
f 9662 9401 9403 9663
f 9663 9403 9405 9664
f 9664 9405 9407 9665
f 9665 9407 9409 9666
f 9666 9409 9411 9667
f 9667 9411 9348 9636
f 9637 9604 9605 9636
f 9636 9605 9635 9667
f 9604 9637 9638 9606
f 9606 9638 9639 9607
f 9607 9639 9640 9608
f 9608 9640 9641 9609
f 9609 9641 9642 9610
f 9610 9642 9643 9611
f 9611 9643 9644 9612
f 9612 9644 9645 9613
f 9613 9645 9646 9614
f 9614 9646 9647 9615
f 9615 9647 9648 9616
f 9616 9648 9649 9617
f 9617 9649 9650 9618
f 9618 9650 9651 9619
f 9619 9651 9652 9620
f 9620 9652 9653 9621
f 9621 9653 9654 9622
f 9622 9654 9655 9623
f 9623 9655 9656 9624
f 9624 9656 9657 9625
f 9625 9657 9658 9626
f 9626 9658 9659 9627
f 9627 9659 9660 9628
f 9628 9660 9661 9629
f 9629 9661 9662 9630
f 9630 9662 9663 9631
f 9631 9663 9664 9632
f 9632 9664 9665 9633
f 9633 9665 9666 9634
f 9634 9666 9667 9635
f 9670 9669 9668
f 9347 9672 9671 9316
f 9669 9673 9668
f 9346 9674 9672 9347
f 9673 9675 9668
f 9345 9676 9674 9346
f 9675 9677 9668
f 9344 9678 9676 9345
f 9677 9679 9668
f 9343 9680 9678 9344
f 9679 9681 9668
f 9342 9682 9680 9343
f 9681 9683 9668
f 9341 9684 9682 9342
f 9683 9685 9668
f 9340 9686 9684 9341
f 9685 9687 9668
f 9339 9688 9686 9340
f 9687 9689 9668
f 9338 9690 9688 9339
f 9689 9691 9668
f 9337 9692 9690 9338
f 9691 9693 9668
f 9336 9694 9692 9337
f 9693 9695 9668
f 9335 9696 9694 9336
f 9695 9697 9668
f 9334 9698 9696 9335
f 9697 9699 9668
f 9333 9700 9698 9334
f 9699 9701 9668
f 9332 9702 9700 9333
f 9701 9703 9668
f 9331 9704 9702 9332
f 9703 9705 9668
f 9330 9706 9704 9331
f 9705 9707 9668
f 9329 9708 9706 9330
f 9707 9709 9668
f 9328 9710 9708 9329
f 9709 9711 9668
f 9327 9712 9710 9328
f 9711 9713 9668
f 9326 9714 9712 9327
f 9713 9715 9668
f 9325 9716 9714 9326
f 9715 9717 9668
f 9324 9718 9716 9325
f 9717 9719 9668
f 9323 9720 9718 9324
f 9719 9721 9668
f 9322 9722 9720 9323
f 9721 9723 9668
f 9321 9724 9722 9322
f 9723 9725 9668
f 9320 9726 9724 9321
f 9725 9727 9668
f 9319 9728 9726 9320
f 9727 9729 9668
f 9318 9730 9728 9319
f 9729 9731 9668
f 9317 9732 9730 9318
f 9731 9670 9668
f 9316 9671 9732 9317
f 9670 9671 9672 9669
f 9669 9672 9674 9673
f 9673 9674 9676 9675
f 9675 9676 9678 9677
f 9677 9678 9680 9679
f 9679 9680 9682 9681
f 9681 9682 9684 9683
f 9683 9684 9686 9685
f 9685 9686 9688 9687
f 9687 9688 9690 9689
f 9689 9690 9692 9691
f 9691 9692 9694 9693
f 9693 9694 9696 9695
f 9695 9696 9698 9697
f 9697 9698 9700 9699
f 9699 9700 9702 9701
f 9701 9702 9704 9703
f 9703 9704 9706 9705
f 9705 9706 9708 9707
f 9707 9708 9710 9709
f 9709 9710 9712 9711
f 9711 9712 9714 9713
f 9713 9714 9716 9715
f 9715 9716 9718 9717
f 9717 9718 9720 9719
f 9719 9720 9722 9721
f 9721 9722 9724 9723
f 9723 9724 9726 9725
f 9725 9726 9728 9727
f 9727 9728 9730 9729
f 9729 9730 9732 9731
f 9671 9670 9731 9732
f 9765 9797 9796
f 9796 9797 9795
f 9795 9797 9794
f 9794 9797 9793
f 9793 9797 9792
f 9792 9797 9791
f 9791 9797 9790
f 9790 9797 9789
f 9789 9797 9788
f 9788 9797 9787
f 9787 9797 9786
f 9786 9797 9785
f 9785 9797 9784
f 9784 9797 9783
f 9783 9797 9782
f 9782 9797 9781
f 9781 9797 9780
f 9780 9797 9779
f 9779 9797 9778
f 9778 9797 9777
f 9777 9797 9776
f 9776 9797 9775
f 9775 9797 9774
f 9774 9797 9773
f 9773 9797 9772
f 9772 9797 9771
f 9771 9797 9770
f 9770 9797 9769
f 9769 9797 9768
f 9768 9797 9767
f 9767 9797 9766
f 9766 9797 9765
f 9830 9831 9799 9798
f 9831 9832 9800 9799
f 9832 9833 9801 9800
f 9833 9834 9802 9801
f 9834 9835 9803 9802
f 9835 9836 9804 9803
f 9836 9837 9805 9804
f 9837 9838 9806 9805
f 9838 9839 9807 9806
f 9839 9840 9808 9807
f 9840 9841 9809 9808
f 9841 9842 9810 9809
f 9842 9843 9811 9810
f 9843 9844 9812 9811
f 9844 9845 9813 9812
f 9845 9846 9814 9813
f 9846 9847 9815 9814
f 9847 9848 9816 9815
f 9848 9849 9817 9816
f 9849 9850 9818 9817
f 9850 9851 9819 9818
f 9851 9852 9820 9819
f 9852 9853 9821 9820
f 9853 9854 9822 9821
f 9854 9855 9823 9822
f 9855 9856 9824 9823
f 9856 9857 9825 9824
f 9857 9858 9826 9825
f 9858 9859 9827 9826
f 9859 9860 9828 9827
f 9860 9861 9829 9828
f 9861 9830 9798 9829
f 9865 9862 9863 9864
f 9867 9865 9864 9866
f 9869 9867 9866 9868
f 9871 9869 9868 9870
f 9873 9871 9870 9872
f 9875 9873 9872 9874
f 9877 9875 9874 9876
f 9879 9877 9876 9878
f 9881 9879 9878 9880
f 9883 9881 9880 9882
f 9885 9883 9882 9884
f 9887 9885 9884 9886
f 9889 9887 9886 9888
f 9891 9889 9888 9890
f 9893 9891 9890 9892
f 9895 9893 9892 9894
f 9897 9895 9894 9896
f 9899 9897 9896 9898
f 9901 9899 9898 9900
f 9903 9901 9900 9902
f 9905 9903 9902 9904
f 9907 9905 9904 9906
f 9909 9907 9906 9908
f 9911 9909 9908 9910
f 9913 9911 9910 9912
f 9915 9913 9912 9914
f 9917 9915 9914 9916
f 9919 9917 9916 9918
f 9921 9919 9918 9920
f 9923 9921 9920 9922
f 9925 9923 9922 9924
f 9862 9925 9924 9863
f 9733 9929 9928 9734
f 9734 9928 9931 9735
f 9735 9931 9933 9736
f 9736 9933 9935 9737
f 9737 9935 9937 9738
f 9738 9937 9939 9739
f 9739 9939 9941 9740
f 9740 9941 9943 9741
f 9741 9943 9945 9742
f 9742 9945 9947 9743
f 9743 9947 9949 9744
f 9744 9949 9951 9745
f 9745 9951 9953 9746
f 9746 9953 9955 9747
f 9747 9955 9957 9748
f 9748 9957 9959 9749
f 9749 9959 9961 9750
f 9750 9961 9963 9751
f 9751 9963 9965 9752
f 9752 9965 9967 9753
f 9753 9967 9969 9754
f 9754 9969 9971 9755
f 9755 9971 9973 9756
f 9756 9973 9975 9757
f 9757 9975 9977 9758
f 9758 9977 9979 9759
f 9759 9979 9981 9760
f 9760 9981 9983 9761
f 9761 9983 9985 9762
f 9762 9985 9987 9763
f 9763 9987 9989 9764
f 9764 9989 9929 9733
f 9927 9928 9929 9926
f 9928 9927 9930 9931
f 9931 9930 9932 9933
f 9933 9932 9934 9935
f 9935 9934 9936 9937
f 9937 9936 9938 9939
f 9939 9938 9940 9941
f 9941 9940 9942 9943
f 9943 9942 9944 9945
f 9945 9944 9946 9947
f 9947 9946 9948 9949
f 9949 9948 9950 9951
f 9951 9950 9952 9953
f 9953 9952 9954 9955
f 9955 9954 9956 9957
f 9957 9956 9958 9959
f 9959 9958 9960 9961
f 9961 9960 9962 9963
f 9963 9962 9964 9965
f 9965 9964 9966 9967
f 9967 9966 9968 9969
f 9969 9968 9970 9971
f 9971 9970 9972 9973
f 9973 9972 9974 9975
f 9975 9974 9976 9977
f 9977 9976 9978 9979
f 9979 9978 9980 9981
f 9981 9980 9982 9983
f 9983 9982 9984 9985
f 9985 9984 9986 9987
f 9987 9986 9988 9989
f 9926 9929 9989 9988
f 9799 9991 9990 9798
f 9800 9992 9991 9799
f 9801 9993 9992 9800
f 9802 9994 9993 9801
f 9803 9995 9994 9802
f 9804 9996 9995 9803
f 9805 9997 9996 9804
f 9806 9998 9997 9805
f 9807 9999 9998 9806
f 9808 10000 9999 9807
f 9809 10001 10000 9808
f 9810 10002 10001 9809
f 9811 10003 10002 9810
f 9812 10004 10003 9811
f 9813 10005 10004 9812
f 9814 10006 10005 9813
f 9815 10007 10006 9814
f 9816 10008 10007 9815
f 9817 10009 10008 9816
f 9818 10010 10009 9817
f 9819 10011 10010 9818
f 9820 10012 10011 9819
f 9821 10013 10012 9820
f 9822 10014 10013 9821
f 9823 10015 10014 9822
f 9824 10016 10015 9823
f 9825 10017 10016 9824
f 9826 10018 10017 9825
f 9827 10019 10018 9826
f 9828 10020 10019 9827
f 9829 10021 10020 9828
f 9798 9990 10021 9829
f 10022 10023 9927 9926
f 10023 10024 9930 9927
f 10024 10025 9932 9930
f 10025 10026 9934 9932
f 10026 10027 9936 9934
f 10027 10028 9938 9936
f 10028 10029 9940 9938
f 10029 10030 9942 9940
f 10030 10031 9944 9942
f 10031 10032 9946 9944
f 10032 10033 9948 9946
f 10033 10034 9950 9948
f 10034 10035 9952 9950
f 10035 10036 9954 9952
f 10036 10037 9956 9954
f 10037 10038 9958 9956
f 10038 10039 9960 9958
f 10039 10040 9962 9960
f 10040 10041 9964 9962
f 10041 10042 9966 9964
f 10042 10043 9968 9966
f 10043 10044 9970 9968
f 10044 10045 9972 9970
f 10045 10046 9974 9972
f 10046 10047 9976 9974
f 10047 10048 9978 9976
f 10048 10049 9980 9978
f 10049 10050 9982 9980
f 10050 10051 9984 9982
f 10051 10052 9986 9984
f 10052 10053 9988 9986
f 10053 10022 9926 9988
f 10023 9991 9992 10024
f 10024 9992 9993 10025
f 10025 9993 9994 10026
f 10026 9994 9995 10027
f 10027 9995 9996 10028
f 10028 9996 9997 10029
f 10029 9997 9998 10030
f 10030 9998 9999 10031
f 10031 9999 10000 10032
f 10032 10000 10001 10033
f 10033 10001 10002 10034
f 10034 10002 10003 10035
f 10035 10003 10004 10036
f 10036 10004 10005 10037
f 10037 10005 10006 10038
f 10038 10006 10007 10039
f 10039 10007 10008 10040
f 10040 10008 10009 10041
f 10041 10009 10010 10042
f 10042 10010 10011 10043
f 10043 10011 10012 10044
f 10044 10012 10013 10045
f 10045 10013 10014 10046
f 10046 10014 10015 10047
f 10047 10015 10016 10048
f 10048 10016 10017 10049
f 10049 10017 10018 10050
f 10050 10018 10019 10051
f 10051 10019 10020 10052
f 10052 10020 10021 10053
f 9991 10023 10022 9990
f 9990 10022 10053 10021
f 10054 10055 9766 9765
f 10055 10056 9767 9766
f 10056 10057 9768 9767
f 10057 10058 9769 9768
f 10058 10059 9770 9769
f 10059 10060 9771 9770
f 10060 10061 9772 9771
f 10061 10062 9773 9772
f 10062 10063 9774 9773
f 10063 10064 9775 9774
f 10064 10065 9776 9775
f 10065 10066 9777 9776
f 10066 10067 9778 9777
f 10067 10068 9779 9778
f 10068 10069 9780 9779
f 10069 10070 9781 9780
f 10070 10071 9782 9781
f 10071 10072 9783 9782
f 10072 10073 9784 9783
f 10073 10074 9785 9784
f 10074 10075 9786 9785
f 10075 10076 9787 9786
f 10076 10077 9788 9787
f 10077 10078 9789 9788
f 10078 10079 9790 9789
f 10079 10080 9791 9790
f 10080 10081 9792 9791
f 10081 10082 9793 9792
f 10082 10083 9794 9793
f 10083 10084 9795 9794
f 10084 10085 9796 9795
f 10085 10054 9765 9796
f 10086 9864 9863 10087
f 10088 9866 9864 10086
f 10089 9868 9866 10088
f 10090 9870 9868 10089
f 10091 9872 9870 10090
f 10092 9874 9872 10091
f 10093 9876 9874 10092
f 10094 9878 9876 10093
f 10095 9880 9878 10094
f 10096 9882 9880 10095
f 10097 9884 9882 10096
f 10098 9886 9884 10097
f 10099 9888 9886 10098
f 10100 9890 9888 10099
f 10101 9892 9890 10100
f 10102 9894 9892 10101
f 10103 9896 9894 10102
f 10104 9898 9896 10103
f 10105 9900 9898 10104
f 10106 9902 9900 10105
f 10107 9904 9902 10106
f 10108 9906 9904 10107
f 10109 9908 9906 10108
f 10110 9910 9908 10109
f 10111 9912 9910 10110
f 10112 9914 9912 10111
f 10113 9916 9914 10112
f 10114 9918 9916 10113
f 10115 9920 9918 10114
f 10116 9922 9920 10115
f 10117 9924 9922 10116
f 10087 9863 9924 10117
f 10087 10054 10085 10086
f 10084 10088 10086 10085
f 10083 10089 10088 10084
f 10082 10090 10089 10083
f 10081 10091 10090 10082
f 10080 10092 10091 10081
f 10079 10093 10092 10080
f 10078 10094 10093 10079
f 10077 10095 10094 10078
f 10076 10096 10095 10077
f 10075 10097 10096 10076
f 10074 10098 10097 10075
f 10073 10099 10098 10074
f 10072 10100 10099 10073
f 10071 10101 10100 10072
f 10070 10102 10101 10071
f 10069 10103 10102 10070
f 10068 10104 10103 10069
f 10067 10105 10104 10068
f 10066 10106 10105 10067
f 10065 10107 10106 10066
f 10064 10108 10107 10065
f 10063 10109 10108 10064
f 10062 10110 10109 10063
f 10061 10111 10110 10062
f 10060 10112 10111 10061
f 10059 10113 10112 10060
f 10058 10114 10113 10059
f 10057 10115 10114 10058
f 10056 10116 10115 10057
f 10055 10117 10116 10056
f 10054 10087 10117 10055
f 9764 9733 10119 10118
f 9763 9764 10118 10120
f 9762 9763 10120 10121
f 9761 9762 10121 10122
f 9760 9761 10122 10123
f 9759 9760 10123 10124
f 9758 9759 10124 10125
f 9757 9758 10125 10126
f 9756 9757 10126 10127
f 9755 9756 10127 10128
f 9754 9755 10128 10129
f 9753 9754 10129 10130
f 9752 9753 10130 10131
f 9751 9752 10131 10132
f 9750 9751 10132 10133
f 9749 9750 10133 10134
f 9748 9749 10134 10135
f 9747 9748 10135 10136
f 9746 9747 10136 10137
f 9745 9746 10137 10138
f 9744 9745 10138 10139
f 9743 9744 10139 10140
f 9742 9743 10140 10141
f 9741 9742 10141 10142
f 9740 9741 10142 10143
f 9739 9740 10143 10144
f 9738 9739 10144 10145
f 9737 9738 10145 10146
f 9736 9737 10146 10147
f 9735 9736 10147 10148
f 9734 9735 10148 10149
f 9733 9734 10149 10119
f 10150 9862 9865 10151
f 10151 9865 9867 10152
f 10152 9867 9869 10153
f 10153 9869 9871 10154
f 10154 9871 9873 10155
f 10155 9873 9875 10156
f 10156 9875 9877 10157
f 10157 9877 9879 10158
f 10158 9879 9881 10159
f 10159 9881 9883 10160
f 10160 9883 9885 10161
f 10161 9885 9887 10162
f 10162 9887 9889 10163
f 10163 9889 9891 10164
f 10164 9891 9893 10165
f 10165 9893 9895 10166
f 10166 9895 9897 10167
f 10167 9897 9899 10168
f 10168 9899 9901 10169
f 10169 9901 9903 10170
f 10170 9903 9905 10171
f 10171 9905 9907 10172
f 10172 9907 9909 10173
f 10173 9909 9911 10174
f 10174 9911 9913 10175
f 10175 9913 9915 10176
f 10176 9915 9917 10177
f 10177 9917 9919 10178
f 10178 9919 9921 10179
f 10179 9921 9923 10180
f 10180 9923 9925 10181
f 10181 9925 9862 10150
f 10151 10118 10119 10150
f 10150 10119 10149 10181
f 10118 10151 10152 10120
f 10120 10152 10153 10121
f 10121 10153 10154 10122
f 10122 10154 10155 10123
f 10123 10155 10156 10124
f 10124 10156 10157 10125
f 10125 10157 10158 10126
f 10126 10158 10159 10127
f 10127 10159 10160 10128
f 10128 10160 10161 10129
f 10129 10161 10162 10130
f 10130 10162 10163 10131
f 10131 10163 10164 10132
f 10132 10164 10165 10133
f 10133 10165 10166 10134
f 10134 10166 10167 10135
f 10135 10167 10168 10136
f 10136 10168 10169 10137
f 10137 10169 10170 10138
f 10138 10170 10171 10139
f 10139 10171 10172 10140
f 10140 10172 10173 10141
f 10141 10173 10174 10142
f 10142 10174 10175 10143
f 10143 10175 10176 10144
f 10144 10176 10177 10145
f 10145 10177 10178 10146
f 10146 10178 10179 10147
f 10147 10179 10180 10148
f 10148 10180 10181 10149
f 10184 10183 10182
f 9861 10186 10185 9830
f 10183 10187 10182
f 9860 10188 10186 9861
f 10187 10189 10182
f 9859 10190 10188 9860
f 10189 10191 10182
f 9858 10192 10190 9859
f 10191 10193 10182
f 9857 10194 10192 9858
f 10193 10195 10182
f 9856 10196 10194 9857
f 10195 10197 10182
f 9855 10198 10196 9856
f 10197 10199 10182
f 9854 10200 10198 9855
f 10199 10201 10182
f 9853 10202 10200 9854
f 10201 10203 10182
f 9852 10204 10202 9853
f 10203 10205 10182
f 9851 10206 10204 9852
f 10205 10207 10182
f 9850 10208 10206 9851
f 10207 10209 10182
f 9849 10210 10208 9850
f 10209 10211 10182
f 9848 10212 10210 9849
f 10211 10213 10182
f 9847 10214 10212 9848
f 10213 10215 10182
f 9846 10216 10214 9847
f 10215 10217 10182
f 9845 10218 10216 9846
f 10217 10219 10182
f 9844 10220 10218 9845
f 10219 10221 10182
f 9843 10222 10220 9844
f 10221 10223 10182
f 9842 10224 10222 9843
f 10223 10225 10182
f 9841 10226 10224 9842
f 10225 10227 10182
f 9840 10228 10226 9841
f 10227 10229 10182
f 9839 10230 10228 9840
f 10229 10231 10182
f 9838 10232 10230 9839
f 10231 10233 10182
f 9837 10234 10232 9838
f 10233 10235 10182
f 9836 10236 10234 9837
f 10235 10237 10182
f 9835 10238 10236 9836
f 10237 10239 10182
f 9834 10240 10238 9835
f 10239 10241 10182
f 9833 10242 10240 9834
f 10241 10243 10182
f 9832 10244 10242 9833
f 10243 10245 10182
f 9831 10246 10244 9832
f 10245 10184 10182
f 9830 10185 10246 9831
f 10184 10185 10186 10183
f 10183 10186 10188 10187
f 10187 10188 10190 10189
f 10189 10190 10192 10191
f 10191 10192 10194 10193
f 10193 10194 10196 10195
f 10195 10196 10198 10197
f 10197 10198 10200 10199
f 10199 10200 10202 10201
f 10201 10202 10204 10203
f 10203 10204 10206 10205
f 10205 10206 10208 10207
f 10207 10208 10210 10209
f 10209 10210 10212 10211
f 10211 10212 10214 10213
f 10213 10214 10216 10215
f 10215 10216 10218 10217
f 10217 10218 10220 10219
f 10219 10220 10222 10221
f 10221 10222 10224 10223
f 10223 10224 10226 10225
f 10225 10226 10228 10227
f 10227 10228 10230 10229
f 10229 10230 10232 10231
f 10231 10232 10234 10233
f 10233 10234 10236 10235
f 10235 10236 10238 10237
f 10237 10238 10240 10239
f 10239 10240 10242 10241
f 10241 10242 10244 10243
f 10243 10244 10246 10245
f 10185 10184 10245 10246
f 10294 10291 10292 10293
f 10252 10291 10294 10248
f 10248 10294 10293 10270
f 10248 10270 10267 10252
f 10300 10297 10298 10299
f 10269 10297 10300 10250
f 10250 10300 10299 10254
f 10250 10254 10268 10269
f 10295 10302 10303 10296
f 10265 10302 10295 10264
f 10264 10272 10271 10265
f 10307 10304 10305 10306
f 10261 10305 10304 10262
f 10273 10274 10261 10262
f 10305 10342 10341 10306
f 10264 10295 10336 10335
f 10261 10274 10344 10343
f 10297 10308 10309 10298
f 10249 10308 10297 10269
f 10253 10309 10308 10249
f 10269 10268 10253 10249
f 10296 10303 10310 10301
f 10257 10301 10310 10255
f 10272 10257 10255 10271
f 10312 10311 10293 10292
f 10247 10311 10312 10251
f 10270 10293 10311 10247
f 10251 10267 10270 10247
f 10301 10338 10337 10296
f 10258 10313 10346 10345
f 10257 10272 10340 10339
f 10313 10314 10307 10306
f 10259 10314 10313 10258
f 10258 10274 10273 10259
f 10303 10302 10315 10316
f 10275 10316 10315 10277
f 10271 10275 10277 10265
f 10315 10302 10317 10318
f 10266 10317 10302 10265
f 10277 10315 10318 10276
f 10277 10276 10266 10265
f 10317 10299 10319 10318
f 10254 10299 10317 10266
f 10276 10318 10319 10279
f 10266 10276 10279 10254
f 10319 10299 10298 10320
f 10279 10319 10320 10278
f 10279 10278 10268 10254
f 10298 10309 10321 10320
f 10278 10320 10321 10281
f 10268 10278 10281 10253
f 10321 10309 10322 10323
f 10256 10322 10309 10253
f 10281 10321 10323 10280
f 10281 10280 10256 10253
f 10322 10310 10324 10323
f 10255 10310 10322 10256
f 10280 10323 10324 10282
f 10256 10280 10282 10255
f 10324 10310 10303 10316
f 10282 10324 10316 10275
f 10282 10275 10271 10255
f 10327 10304 10325 10326
f 10262 10304 10327 10263
f 10283 10326 10325 10285
f 10263 10283 10285 10262
f 10325 10304 10307 10328
f 10285 10325 10328 10284
f 10285 10284 10273 10262
f 10307 10314 10329 10328
f 10284 10328 10329 10287
f 10273 10284 10287 10259
f 10329 10314 10330 10331
f 10260 10330 10314 10259
f 10287 10329 10331 10286
f 10287 10286 10260 10259
f 10292 10291 10332 10333
f 10288 10333 10332 10289
f 10267 10288 10289 10252
f 10332 10291 10327 10326
f 10263 10327 10291 10252
f 10289 10332 10326 10283
f 10289 10283 10263 10252
f 10330 10312 10334 10331
f 10251 10312 10330 10260
f 10286 10331 10334 10290
f 10260 10286 10290 10251
f 10334 10312 10292 10333
f 10290 10334 10333 10288
f 10290 10288 10267 10251
f 10345 10344 10274 10258
f 10335 10336 10348 10347
f 10346 10313 10306 10341
f 10338 10350 10349 10337
f 10343 10342 10305 10261
f 10339 10340 10352 10351
f 10345 10346 10350 10351
f 10343 10344 10352 10347
f 10342 10348 10349 10341
f 10336 10295 10296 10337
f 10335 10340 10272 10264
f 10339 10338 10301 10257
f 10347 10348 10342 10343
f 10350 10346 10341 10349
f 10351 10352 10344 10345
f 10351 10350 10338 10339
f 10347 10352 10340 10335
f 10348 10336 10337 10349
f 10385 10417 10416
f 10416 10417 10415
f 10415 10417 10414
f 10414 10417 10413
f 10413 10417 10412
f 10412 10417 10411
f 10411 10417 10410
f 10410 10417 10409
f 10409 10417 10408
f 10408 10417 10407
f 10407 10417 10406
f 10406 10417 10405
f 10405 10417 10404
f 10404 10417 10403
f 10403 10417 10402
f 10402 10417 10401
f 10401 10417 10400
f 10400 10417 10399
f 10399 10417 10398
f 10398 10417 10397
f 10397 10417 10396
f 10396 10417 10395
f 10395 10417 10394
f 10394 10417 10393
f 10393 10417 10392
f 10392 10417 10391
f 10391 10417 10390
f 10390 10417 10389
f 10389 10417 10388
f 10388 10417 10387
f 10387 10417 10386
f 10386 10417 10385
f 10450 10451 10419 10418
f 10451 10452 10420 10419
f 10452 10453 10421 10420
f 10453 10454 10422 10421
f 10454 10455 10423 10422
f 10455 10456 10424 10423
f 10456 10457 10425 10424
f 10457 10458 10426 10425
f 10458 10459 10427 10426
f 10459 10460 10428 10427
f 10460 10461 10429 10428
f 10461 10462 10430 10429
f 10462 10463 10431 10430
f 10463 10464 10432 10431
f 10464 10465 10433 10432
f 10465 10466 10434 10433
f 10466 10467 10435 10434
f 10467 10468 10436 10435
f 10468 10469 10437 10436
f 10469 10470 10438 10437
f 10470 10471 10439 10438
f 10471 10472 10440 10439
f 10472 10473 10441 10440
f 10473 10474 10442 10441
f 10474 10475 10443 10442
f 10475 10476 10444 10443
f 10476 10477 10445 10444
f 10477 10478 10446 10445
f 10478 10479 10447 10446
f 10479 10480 10448 10447
f 10480 10481 10449 10448
f 10481 10450 10418 10449
f 10485 10482 10483 10484
f 10487 10485 10484 10486
f 10489 10487 10486 10488
f 10491 10489 10488 10490
f 10493 10491 10490 10492
f 10495 10493 10492 10494
f 10497 10495 10494 10496
f 10499 10497 10496 10498
f 10501 10499 10498 10500
f 10503 10501 10500 10502
f 10505 10503 10502 10504
f 10507 10505 10504 10506
f 10509 10507 10506 10508
f 10511 10509 10508 10510
f 10513 10511 10510 10512
f 10515 10513 10512 10514
f 10517 10515 10514 10516
f 10519 10517 10516 10518
f 10521 10519 10518 10520
f 10523 10521 10520 10522
f 10525 10523 10522 10524
f 10527 10525 10524 10526
f 10529 10527 10526 10528
f 10531 10529 10528 10530
f 10533 10531 10530 10532
f 10535 10533 10532 10534
f 10537 10535 10534 10536
f 10539 10537 10536 10538
f 10541 10539 10538 10540
f 10543 10541 10540 10542
f 10545 10543 10542 10544
f 10482 10545 10544 10483
f 10353 10549 10548 10354
f 10354 10548 10551 10355
f 10355 10551 10553 10356
f 10356 10553 10555 10357
f 10357 10555 10557 10358
f 10358 10557 10559 10359
f 10359 10559 10561 10360
f 10360 10561 10563 10361
f 10361 10563 10565 10362
f 10362 10565 10567 10363
f 10363 10567 10569 10364
f 10364 10569 10571 10365
f 10365 10571 10573 10366
f 10366 10573 10575 10367
f 10367 10575 10577 10368
f 10368 10577 10579 10369
f 10369 10579 10581 10370
f 10370 10581 10583 10371
f 10371 10583 10585 10372
f 10372 10585 10587 10373
f 10373 10587 10589 10374
f 10374 10589 10591 10375
f 10375 10591 10593 10376
f 10376 10593 10595 10377
f 10377 10595 10597 10378
f 10378 10597 10599 10379
f 10379 10599 10601 10380
f 10380 10601 10603 10381
f 10381 10603 10605 10382
f 10382 10605 10607 10383
f 10383 10607 10609 10384
f 10384 10609 10549 10353
f 10547 10548 10549 10546
f 10548 10547 10550 10551
f 10551 10550 10552 10553
f 10553 10552 10554 10555
f 10555 10554 10556 10557
f 10557 10556 10558 10559
f 10559 10558 10560 10561
f 10561 10560 10562 10563
f 10563 10562 10564 10565
f 10565 10564 10566 10567
f 10567 10566 10568 10569
f 10569 10568 10570 10571
f 10571 10570 10572 10573
f 10573 10572 10574 10575
f 10575 10574 10576 10577
f 10577 10576 10578 10579
f 10579 10578 10580 10581
f 10581 10580 10582 10583
f 10583 10582 10584 10585
f 10585 10584 10586 10587
f 10587 10586 10588 10589
f 10589 10588 10590 10591
f 10591 10590 10592 10593
f 10593 10592 10594 10595
f 10595 10594 10596 10597
f 10597 10596 10598 10599
f 10599 10598 10600 10601
f 10601 10600 10602 10603
f 10603 10602 10604 10605
f 10605 10604 10606 10607
f 10607 10606 10608 10609
f 10546 10549 10609 10608
f 10419 10611 10610 10418
f 10420 10612 10611 10419
f 10421 10613 10612 10420
f 10422 10614 10613 10421
f 10423 10615 10614 10422
f 10424 10616 10615 10423
f 10425 10617 10616 10424
f 10426 10618 10617 10425
f 10427 10619 10618 10426
f 10428 10620 10619 10427
f 10429 10621 10620 10428
f 10430 10622 10621 10429
f 10431 10623 10622 10430
f 10432 10624 10623 10431
f 10433 10625 10624 10432
f 10434 10626 10625 10433
f 10435 10627 10626 10434
f 10436 10628 10627 10435
f 10437 10629 10628 10436
f 10438 10630 10629 10437
f 10439 10631 10630 10438
f 10440 10632 10631 10439
f 10441 10633 10632 10440
f 10442 10634 10633 10441
f 10443 10635 10634 10442
f 10444 10636 10635 10443
f 10445 10637 10636 10444
f 10446 10638 10637 10445
f 10447 10639 10638 10446
f 10448 10640 10639 10447
f 10449 10641 10640 10448
f 10418 10610 10641 10449
f 10642 10643 10547 10546
f 10643 10644 10550 10547
f 10644 10645 10552 10550
f 10645 10646 10554 10552
f 10646 10647 10556 10554
f 10647 10648 10558 10556
f 10648 10649 10560 10558
f 10649 10650 10562 10560
f 10650 10651 10564 10562
f 10651 10652 10566 10564
f 10652 10653 10568 10566
f 10653 10654 10570 10568
f 10654 10655 10572 10570
f 10655 10656 10574 10572
f 10656 10657 10576 10574
f 10657 10658 10578 10576
f 10658 10659 10580 10578
f 10659 10660 10582 10580
f 10660 10661 10584 10582
f 10661 10662 10586 10584
f 10662 10663 10588 10586
f 10663 10664 10590 10588
f 10664 10665 10592 10590
f 10665 10666 10594 10592
f 10666 10667 10596 10594
f 10667 10668 10598 10596
f 10668 10669 10600 10598
f 10669 10670 10602 10600
f 10670 10671 10604 10602
f 10671 10672 10606 10604
f 10672 10673 10608 10606
f 10673 10642 10546 10608
f 10643 10611 10612 10644
f 10644 10612 10613 10645
f 10645 10613 10614 10646
f 10646 10614 10615 10647
f 10647 10615 10616 10648
f 10648 10616 10617 10649
f 10649 10617 10618 10650
f 10650 10618 10619 10651
f 10651 10619 10620 10652
f 10652 10620 10621 10653
f 10653 10621 10622 10654
f 10654 10622 10623 10655
f 10655 10623 10624 10656
f 10656 10624 10625 10657
f 10657 10625 10626 10658
f 10658 10626 10627 10659
f 10659 10627 10628 10660
f 10660 10628 10629 10661
f 10661 10629 10630 10662
f 10662 10630 10631 10663
f 10663 10631 10632 10664
f 10664 10632 10633 10665
f 10665 10633 10634 10666
f 10666 10634 10635 10667
f 10667 10635 10636 10668
f 10668 10636 10637 10669
f 10669 10637 10638 10670
f 10670 10638 10639 10671
f 10671 10639 10640 10672
f 10672 10640 10641 10673
f 10611 10643 10642 10610
f 10610 10642 10673 10641
f 10674 10675 10386 10385
f 10675 10676 10387 10386
f 10676 10677 10388 10387
f 10677 10678 10389 10388
f 10678 10679 10390 10389
f 10679 10680 10391 10390
f 10680 10681 10392 10391
f 10681 10682 10393 10392
f 10682 10683 10394 10393
f 10683 10684 10395 10394
f 10684 10685 10396 10395
f 10685 10686 10397 10396
f 10686 10687 10398 10397
f 10687 10688 10399 10398
f 10688 10689 10400 10399
f 10689 10690 10401 10400
f 10690 10691 10402 10401
f 10691 10692 10403 10402
f 10692 10693 10404 10403
f 10693 10694 10405 10404
f 10694 10695 10406 10405
f 10695 10696 10407 10406
f 10696 10697 10408 10407
f 10697 10698 10409 10408
f 10698 10699 10410 10409
f 10699 10700 10411 10410
f 10700 10701 10412 10411
f 10701 10702 10413 10412
f 10702 10703 10414 10413
f 10703 10704 10415 10414
f 10704 10705 10416 10415
f 10705 10674 10385 10416
f 10706 10484 10483 10707
f 10708 10486 10484 10706
f 10709 10488 10486 10708
f 10710 10490 10488 10709
f 10711 10492 10490 10710
f 10712 10494 10492 10711
f 10713 10496 10494 10712
f 10714 10498 10496 10713
f 10715 10500 10498 10714
f 10716 10502 10500 10715
f 10717 10504 10502 10716
f 10718 10506 10504 10717
f 10719 10508 10506 10718
f 10720 10510 10508 10719
f 10721 10512 10510 10720
f 10722 10514 10512 10721
f 10723 10516 10514 10722
f 10724 10518 10516 10723
f 10725 10520 10518 10724
f 10726 10522 10520 10725
f 10727 10524 10522 10726
f 10728 10526 10524 10727
f 10729 10528 10526 10728
f 10730 10530 10528 10729
f 10731 10532 10530 10730
f 10732 10534 10532 10731
f 10733 10536 10534 10732
f 10734 10538 10536 10733
f 10735 10540 10538 10734
f 10736 10542 10540 10735
f 10737 10544 10542 10736
f 10707 10483 10544 10737
f 10707 10674 10705 10706
f 10704 10708 10706 10705
f 10703 10709 10708 10704
f 10702 10710 10709 10703
f 10701 10711 10710 10702
f 10700 10712 10711 10701
f 10699 10713 10712 10700
f 10698 10714 10713 10699
f 10697 10715 10714 10698
f 10696 10716 10715 10697
f 10695 10717 10716 10696
f 10694 10718 10717 10695
f 10693 10719 10718 10694
f 10692 10720 10719 10693
f 10691 10721 10720 10692
f 10690 10722 10721 10691
f 10689 10723 10722 10690
f 10688 10724 10723 10689
f 10687 10725 10724 10688
f 10686 10726 10725 10687
f 10685 10727 10726 10686
f 10684 10728 10727 10685
f 10683 10729 10728 10684
f 10682 10730 10729 10683
f 10681 10731 10730 10682
f 10680 10732 10731 10681
f 10679 10733 10732 10680
f 10678 10734 10733 10679
f 10677 10735 10734 10678
f 10676 10736 10735 10677
f 10675 10737 10736 10676
f 10674 10707 10737 10675
f 10384 10353 10739 10738
f 10383 10384 10738 10740
f 10382 10383 10740 10741
f 10381 10382 10741 10742
f 10380 10381 10742 10743
f 10379 10380 10743 10744
f 10378 10379 10744 10745
f 10377 10378 10745 10746
f 10376 10377 10746 10747
f 10375 10376 10747 10748
f 10374 10375 10748 10749
f 10373 10374 10749 10750
f 10372 10373 10750 10751
f 10371 10372 10751 10752
f 10370 10371 10752 10753
f 10369 10370 10753 10754
f 10368 10369 10754 10755
f 10367 10368 10755 10756
f 10366 10367 10756 10757
f 10365 10366 10757 10758
f 10364 10365 10758 10759
f 10363 10364 10759 10760
f 10362 10363 10760 10761
f 10361 10362 10761 10762
f 10360 10361 10762 10763
f 10359 10360 10763 10764
f 10358 10359 10764 10765
f 10357 10358 10765 10766
f 10356 10357 10766 10767
f 10355 10356 10767 10768
f 10354 10355 10768 10769
f 10353 10354 10769 10739
f 10770 10482 10485 10771
f 10771 10485 10487 10772
f 10772 10487 10489 10773
f 10773 10489 10491 10774
f 10774 10491 10493 10775
f 10775 10493 10495 10776
f 10776 10495 10497 10777
f 10777 10497 10499 10778
f 10778 10499 10501 10779
f 10779 10501 10503 10780
f 10780 10503 10505 10781
f 10781 10505 10507 10782
f 10782 10507 10509 10783
f 10783 10509 10511 10784
f 10784 10511 10513 10785
f 10785 10513 10515 10786
f 10786 10515 10517 10787
f 10787 10517 10519 10788
f 10788 10519 10521 10789
f 10789 10521 10523 10790
f 10790 10523 10525 10791
f 10791 10525 10527 10792
f 10792 10527 10529 10793
f 10793 10529 10531 10794
f 10794 10531 10533 10795
f 10795 10533 10535 10796
f 10796 10535 10537 10797
f 10797 10537 10539 10798
f 10798 10539 10541 10799
f 10799 10541 10543 10800
f 10800 10543 10545 10801
f 10801 10545 10482 10770
f 10771 10738 10739 10770
f 10770 10739 10769 10801
f 10738 10771 10772 10740
f 10740 10772 10773 10741
f 10741 10773 10774 10742
f 10742 10774 10775 10743
f 10743 10775 10776 10744
f 10744 10776 10777 10745
f 10745 10777 10778 10746
f 10746 10778 10779 10747
f 10747 10779 10780 10748
f 10748 10780 10781 10749
f 10749 10781 10782 10750
f 10750 10782 10783 10751
f 10751 10783 10784 10752
f 10752 10784 10785 10753
f 10753 10785 10786 10754
f 10754 10786 10787 10755
f 10755 10787 10788 10756
f 10756 10788 10789 10757
f 10757 10789 10790 10758
f 10758 10790 10791 10759
f 10759 10791 10792 10760
f 10760 10792 10793 10761
f 10761 10793 10794 10762
f 10762 10794 10795 10763
f 10763 10795 10796 10764
f 10764 10796 10797 10765
f 10765 10797 10798 10766
f 10766 10798 10799 10767
f 10767 10799 10800 10768
f 10768 10800 10801 10769
f 10804 10803 10802
f 10481 10806 10805 10450
f 10803 10807 10802
f 10480 10808 10806 10481
f 10807 10809 10802
f 10479 10810 10808 10480
f 10809 10811 10802
f 10478 10812 10810 10479
f 10811 10813 10802
f 10477 10814 10812 10478
f 10813 10815 10802
f 10476 10816 10814 10477
f 10815 10817 10802
f 10475 10818 10816 10476
f 10817 10819 10802
f 10474 10820 10818 10475
f 10819 10821 10802
f 10473 10822 10820 10474
f 10821 10823 10802
f 10472 10824 10822 10473
f 10823 10825 10802
f 10471 10826 10824 10472
f 10825 10827 10802
f 10470 10828 10826 10471
f 10827 10829 10802
f 10469 10830 10828 10470
f 10829 10831 10802
f 10468 10832 10830 10469
f 10831 10833 10802
f 10467 10834 10832 10468
f 10833 10835 10802
f 10466 10836 10834 10467
f 10835 10837 10802
f 10465 10838 10836 10466
f 10837 10839 10802
f 10464 10840 10838 10465
f 10839 10841 10802
f 10463 10842 10840 10464
f 10841 10843 10802
f 10462 10844 10842 10463
f 10843 10845 10802
f 10461 10846 10844 10462
f 10845 10847 10802
f 10460 10848 10846 10461
f 10847 10849 10802
f 10459 10850 10848 10460
f 10849 10851 10802
f 10458 10852 10850 10459
f 10851 10853 10802
f 10457 10854 10852 10458
f 10853 10855 10802
f 10456 10856 10854 10457
f 10855 10857 10802
f 10455 10858 10856 10456
f 10857 10859 10802
f 10454 10860 10858 10455
f 10859 10861 10802
f 10453 10862 10860 10454
f 10861 10863 10802
f 10452 10864 10862 10453
f 10863 10865 10802
f 10451 10866 10864 10452
f 10865 10804 10802
f 10450 10805 10866 10451
f 10804 10805 10806 10803
f 10803 10806 10808 10807
f 10807 10808 10810 10809
f 10809 10810 10812 10811
f 10811 10812 10814 10813
f 10813 10814 10816 10815
f 10815 10816 10818 10817
f 10817 10818 10820 10819
f 10819 10820 10822 10821
f 10821 10822 10824 10823
f 10823 10824 10826 10825
f 10825 10826 10828 10827
f 10827 10828 10830 10829
f 10829 10830 10832 10831
f 10831 10832 10834 10833
f 10833 10834 10836 10835
f 10835 10836 10838 10837
f 10837 10838 10840 10839
f 10839 10840 10842 10841
f 10841 10842 10844 10843
f 10843 10844 10846 10845
f 10845 10846 10848 10847
f 10847 10848 10850 10849
f 10849 10850 10852 10851
f 10851 10852 10854 10853
f 10853 10854 10856 10855
f 10855 10856 10858 10857
f 10857 10858 10860 10859
f 10859 10860 10862 10861
f 10861 10862 10864 10863
f 10863 10864 10866 10865
f 10805 10804 10865 10866
f 10899 10931 10930
f 10930 10931 10929
f 10929 10931 10928
f 10928 10931 10927
f 10927 10931 10926
f 10926 10931 10925
f 10925 10931 10924
f 10924 10931 10923
f 10923 10931 10922
f 10922 10931 10921
f 10921 10931 10920
f 10920 10931 10919
f 10919 10931 10918
f 10918 10931 10917
f 10917 10931 10916
f 10916 10931 10915
f 10915 10931 10914
f 10914 10931 10913
f 10913 10931 10912
f 10912 10931 10911
f 10911 10931 10910
f 10910 10931 10909
f 10909 10931 10908
f 10908 10931 10907
f 10907 10931 10906
f 10906 10931 10905
f 10905 10931 10904
f 10904 10931 10903
f 10903 10931 10902
f 10902 10931 10901
f 10901 10931 10900
f 10900 10931 10899
f 10964 10965 10933 10932
f 10965 10966 10934 10933
f 10966 10967 10935 10934
f 10967 10968 10936 10935
f 10968 10969 10937 10936
f 10969 10970 10938 10937
f 10970 10971 10939 10938
f 10971 10972 10940 10939
f 10972 10973 10941 10940
f 10973 10974 10942 10941
f 10974 10975 10943 10942
f 10975 10976 10944 10943
f 10976 10977 10945 10944
f 10977 10978 10946 10945
f 10978 10979 10947 10946
f 10979 10980 10948 10947
f 10980 10981 10949 10948
f 10981 10982 10950 10949
f 10982 10983 10951 10950
f 10983 10984 10952 10951
f 10984 10985 10953 10952
f 10985 10986 10954 10953
f 10986 10987 10955 10954
f 10987 10988 10956 10955
f 10988 10989 10957 10956
f 10989 10990 10958 10957
f 10990 10991 10959 10958
f 10991 10992 10960 10959
f 10992 10993 10961 10960
f 10993 10994 10962 10961
f 10994 10995 10963 10962
f 10995 10964 10932 10963
f 10999 10996 10997 10998
f 11001 10999 10998 11000
f 11003 11001 11000 11002
f 11005 11003 11002 11004
f 11007 11005 11004 11006
f 11009 11007 11006 11008
f 11011 11009 11008 11010
f 11013 11011 11010 11012
f 11015 11013 11012 11014
f 11017 11015 11014 11016
f 11019 11017 11016 11018
f 11021 11019 11018 11020
f 11023 11021 11020 11022
f 11025 11023 11022 11024
f 11027 11025 11024 11026
f 11029 11027 11026 11028
f 11031 11029 11028 11030
f 11033 11031 11030 11032
f 11035 11033 11032 11034
f 11037 11035 11034 11036
f 11039 11037 11036 11038
f 11041 11039 11038 11040
f 11043 11041 11040 11042
f 11045 11043 11042 11044
f 11047 11045 11044 11046
f 11049 11047 11046 11048
f 11051 11049 11048 11050
f 11053 11051 11050 11052
f 11055 11053 11052 11054
f 11057 11055 11054 11056
f 11059 11057 11056 11058
f 10996 11059 11058 10997
f 10867 11063 11062 10868
f 10868 11062 11065 10869
f 10869 11065 11067 10870
f 10870 11067 11069 10871
f 10871 11069 11071 10872
f 10872 11071 11073 10873
f 10873 11073 11075 10874
f 10874 11075 11077 10875
f 10875 11077 11079 10876
f 10876 11079 11081 10877
f 10877 11081 11083 10878
f 10878 11083 11085 10879
f 10879 11085 11087 10880
f 10880 11087 11089 10881
f 10881 11089 11091 10882
f 10882 11091 11093 10883
f 10883 11093 11095 10884
f 10884 11095 11097 10885
f 10885 11097 11099 10886
f 10886 11099 11101 10887
f 10887 11101 11103 10888
f 10888 11103 11105 10889
f 10889 11105 11107 10890
f 10890 11107 11109 10891
f 10891 11109 11111 10892
f 10892 11111 11113 10893
f 10893 11113 11115 10894
f 10894 11115 11117 10895
f 10895 11117 11119 10896
f 10896 11119 11121 10897
f 10897 11121 11123 10898
f 10898 11123 11063 10867
f 11061 11062 11063 11060
f 11062 11061 11064 11065
f 11065 11064 11066 11067
f 11067 11066 11068 11069
f 11069 11068 11070 11071
f 11071 11070 11072 11073
f 11073 11072 11074 11075
f 11075 11074 11076 11077
f 11077 11076 11078 11079
f 11079 11078 11080 11081
f 11081 11080 11082 11083
f 11083 11082 11084 11085
f 11085 11084 11086 11087
f 11087 11086 11088 11089
f 11089 11088 11090 11091
f 11091 11090 11092 11093
f 11093 11092 11094 11095
f 11095 11094 11096 11097
f 11097 11096 11098 11099
f 11099 11098 11100 11101
f 11101 11100 11102 11103
f 11103 11102 11104 11105
f 11105 11104 11106 11107
f 11107 11106 11108 11109
f 11109 11108 11110 11111
f 11111 11110 11112 11113
f 11113 11112 11114 11115
f 11115 11114 11116 11117
f 11117 11116 11118 11119
f 11119 11118 11120 11121
f 11121 11120 11122 11123
f 11060 11063 11123 11122
f 10933 11125 11124 10932
f 10934 11126 11125 10933
f 10935 11127 11126 10934
f 10936 11128 11127 10935
f 10937 11129 11128 10936
f 10938 11130 11129 10937
f 10939 11131 11130 10938
f 10940 11132 11131 10939
f 10941 11133 11132 10940
f 10942 11134 11133 10941
f 10943 11135 11134 10942
f 10944 11136 11135 10943
f 10945 11137 11136 10944
f 10946 11138 11137 10945
f 10947 11139 11138 10946
f 10948 11140 11139 10947
f 10949 11141 11140 10948
f 10950 11142 11141 10949
f 10951 11143 11142 10950
f 10952 11144 11143 10951
f 10953 11145 11144 10952
f 10954 11146 11145 10953
f 10955 11147 11146 10954
f 10956 11148 11147 10955
f 10957 11149 11148 10956
f 10958 11150 11149 10957
f 10959 11151 11150 10958
f 10960 11152 11151 10959
f 10961 11153 11152 10960
f 10962 11154 11153 10961
f 10963 11155 11154 10962
f 10932 11124 11155 10963
f 11156 11157 11061 11060
f 11157 11158 11064 11061
f 11158 11159 11066 11064
f 11159 11160 11068 11066
f 11160 11161 11070 11068
f 11161 11162 11072 11070
f 11162 11163 11074 11072
f 11163 11164 11076 11074
f 11164 11165 11078 11076
f 11165 11166 11080 11078
f 11166 11167 11082 11080
f 11167 11168 11084 11082
f 11168 11169 11086 11084
f 11169 11170 11088 11086
f 11170 11171 11090 11088
f 11171 11172 11092 11090
f 11172 11173 11094 11092
f 11173 11174 11096 11094
f 11174 11175 11098 11096
f 11175 11176 11100 11098
f 11176 11177 11102 11100
f 11177 11178 11104 11102
f 11178 11179 11106 11104
f 11179 11180 11108 11106
f 11180 11181 11110 11108
f 11181 11182 11112 11110
f 11182 11183 11114 11112
f 11183 11184 11116 11114
f 11184 11185 11118 11116
f 11185 11186 11120 11118
f 11186 11187 11122 11120
f 11187 11156 11060 11122
f 11157 11125 11126 11158
f 11158 11126 11127 11159
f 11159 11127 11128 11160
f 11160 11128 11129 11161
f 11161 11129 11130 11162
f 11162 11130 11131 11163
f 11163 11131 11132 11164
f 11164 11132 11133 11165
f 11165 11133 11134 11166
f 11166 11134 11135 11167
f 11167 11135 11136 11168
f 11168 11136 11137 11169
f 11169 11137 11138 11170
f 11170 11138 11139 11171
f 11171 11139 11140 11172
f 11172 11140 11141 11173
f 11173 11141 11142 11174
f 11174 11142 11143 11175
f 11175 11143 11144 11176
f 11176 11144 11145 11177
f 11177 11145 11146 11178
f 11178 11146 11147 11179
f 11179 11147 11148 11180
f 11180 11148 11149 11181
f 11181 11149 11150 11182
f 11182 11150 11151 11183
f 11183 11151 11152 11184
f 11184 11152 11153 11185
f 11185 11153 11154 11186
f 11186 11154 11155 11187
f 11125 11157 11156 11124
f 11124 11156 11187 11155
f 11188 11189 10900 10899
f 11189 11190 10901 10900
f 11190 11191 10902 10901
f 11191 11192 10903 10902
f 11192 11193 10904 10903
f 11193 11194 10905 10904
f 11194 11195 10906 10905
f 11195 11196 10907 10906
f 11196 11197 10908 10907
f 11197 11198 10909 10908
f 11198 11199 10910 10909
f 11199 11200 10911 10910
f 11200 11201 10912 10911
f 11201 11202 10913 10912
f 11202 11203 10914 10913
f 11203 11204 10915 10914
f 11204 11205 10916 10915
f 11205 11206 10917 10916
f 11206 11207 10918 10917
f 11207 11208 10919 10918
f 11208 11209 10920 10919
f 11209 11210 10921 10920
f 11210 11211 10922 10921
f 11211 11212 10923 10922
f 11212 11213 10924 10923
f 11213 11214 10925 10924
f 11214 11215 10926 10925
f 11215 11216 10927 10926
f 11216 11217 10928 10927
f 11217 11218 10929 10928
f 11218 11219 10930 10929
f 11219 11188 10899 10930
f 11220 10998 10997 11221
f 11222 11000 10998 11220
f 11223 11002 11000 11222
f 11224 11004 11002 11223
f 11225 11006 11004 11224
f 11226 11008 11006 11225
f 11227 11010 11008 11226
f 11228 11012 11010 11227
f 11229 11014 11012 11228
f 11230 11016 11014 11229
f 11231 11018 11016 11230
f 11232 11020 11018 11231
f 11233 11022 11020 11232
f 11234 11024 11022 11233
f 11235 11026 11024 11234
f 11236 11028 11026 11235
f 11237 11030 11028 11236
f 11238 11032 11030 11237
f 11239 11034 11032 11238
f 11240 11036 11034 11239
f 11241 11038 11036 11240
f 11242 11040 11038 11241
f 11243 11042 11040 11242
f 11244 11044 11042 11243
f 11245 11046 11044 11244
f 11246 11048 11046 11245
f 11247 11050 11048 11246
f 11248 11052 11050 11247
f 11249 11054 11052 11248
f 11250 11056 11054 11249
f 11251 11058 11056 11250
f 11221 10997 11058 11251
f 11221 11188 11219 11220
f 11218 11222 11220 11219
f 11217 11223 11222 11218
f 11216 11224 11223 11217
f 11215 11225 11224 11216
f 11214 11226 11225 11215
f 11213 11227 11226 11214
f 11212 11228 11227 11213
f 11211 11229 11228 11212
f 11210 11230 11229 11211
f 11209 11231 11230 11210
f 11208 11232 11231 11209
f 11207 11233 11232 11208
f 11206 11234 11233 11207
f 11205 11235 11234 11206
f 11204 11236 11235 11205
f 11203 11237 11236 11204
f 11202 11238 11237 11203
f 11201 11239 11238 11202
f 11200 11240 11239 11201
f 11199 11241 11240 11200
f 11198 11242 11241 11199
f 11197 11243 11242 11198
f 11196 11244 11243 11197
f 11195 11245 11244 11196
f 11194 11246 11245 11195
f 11193 11247 11246 11194
f 11192 11248 11247 11193
f 11191 11249 11248 11192
f 11190 11250 11249 11191
f 11189 11251 11250 11190
f 11188 11221 11251 11189
f 10898 10867 11253 11252
f 10897 10898 11252 11254
f 10896 10897 11254 11255
f 10895 10896 11255 11256
f 10894 10895 11256 11257
f 10893 10894 11257 11258
f 10892 10893 11258 11259
f 10891 10892 11259 11260
f 10890 10891 11260 11261
f 10889 10890 11261 11262
f 10888 10889 11262 11263
f 10887 10888 11263 11264
f 10886 10887 11264 11265
f 10885 10886 11265 11266
f 10884 10885 11266 11267
f 10883 10884 11267 11268
f 10882 10883 11268 11269
f 10881 10882 11269 11270
f 10880 10881 11270 11271
f 10879 10880 11271 11272
f 10878 10879 11272 11273
f 10877 10878 11273 11274
f 10876 10877 11274 11275
f 10875 10876 11275 11276
f 10874 10875 11276 11277
f 10873 10874 11277 11278
f 10872 10873 11278 11279
f 10871 10872 11279 11280
f 10870 10871 11280 11281
f 10869 10870 11281 11282
f 10868 10869 11282 11283
f 10867 10868 11283 11253
f 11284 10996 10999 11285
f 11285 10999 11001 11286
f 11286 11001 11003 11287
f 11287 11003 11005 11288
f 11288 11005 11007 11289
f 11289 11007 11009 11290
f 11290 11009 11011 11291
f 11291 11011 11013 11292
f 11292 11013 11015 11293
f 11293 11015 11017 11294
f 11294 11017 11019 11295
f 11295 11019 11021 11296
f 11296 11021 11023 11297
f 11297 11023 11025 11298
f 11298 11025 11027 11299
f 11299 11027 11029 11300
f 11300 11029 11031 11301
f 11301 11031 11033 11302
f 11302 11033 11035 11303
f 11303 11035 11037 11304
f 11304 11037 11039 11305
f 11305 11039 11041 11306
f 11306 11041 11043 11307
f 11307 11043 11045 11308
f 11308 11045 11047 11309
f 11309 11047 11049 11310
f 11310 11049 11051 11311
f 11311 11051 11053 11312
f 11312 11053 11055 11313
f 11313 11055 11057 11314
f 11314 11057 11059 11315
f 11315 11059 10996 11284
f 11285 11252 11253 11284
f 11284 11253 11283 11315
f 11252 11285 11286 11254
f 11254 11286 11287 11255
f 11255 11287 11288 11256
f 11256 11288 11289 11257
f 11257 11289 11290 11258
f 11258 11290 11291 11259
f 11259 11291 11292 11260
f 11260 11292 11293 11261
f 11261 11293 11294 11262
f 11262 11294 11295 11263
f 11263 11295 11296 11264
f 11264 11296 11297 11265
f 11265 11297 11298 11266
f 11266 11298 11299 11267
f 11267 11299 11300 11268
f 11268 11300 11301 11269
f 11269 11301 11302 11270
f 11270 11302 11303 11271
f 11271 11303 11304 11272
f 11272 11304 11305 11273
f 11273 11305 11306 11274
f 11274 11306 11307 11275
f 11275 11307 11308 11276
f 11276 11308 11309 11277
f 11277 11309 11310 11278
f 11278 11310 11311 11279
f 11279 11311 11312 11280
f 11280 11312 11313 11281
f 11281 11313 11314 11282
f 11282 11314 11315 11283
f 11318 11317 11316
f 10995 11320 11319 10964
f 11317 11321 11316
f 10994 11322 11320 10995
f 11321 11323 11316
f 10993 11324 11322 10994
f 11323 11325 11316
f 10992 11326 11324 10993
f 11325 11327 11316
f 10991 11328 11326 10992
f 11327 11329 11316
f 10990 11330 11328 10991
f 11329 11331 11316
f 10989 11332 11330 10990
f 11331 11333 11316
f 10988 11334 11332 10989
f 11333 11335 11316
f 10987 11336 11334 10988
f 11335 11337 11316
f 10986 11338 11336 10987
f 11337 11339 11316
f 10985 11340 11338 10986
f 11339 11341 11316
f 10984 11342 11340 10985
f 11341 11343 11316
f 10983 11344 11342 10984
f 11343 11345 11316
f 10982 11346 11344 10983
f 11345 11347 11316
f 10981 11348 11346 10982
f 11347 11349 11316
f 10980 11350 11348 10981
f 11349 11351 11316
f 10979 11352 11350 10980
f 11351 11353 11316
f 10978 11354 11352 10979
f 11353 11355 11316
f 10977 11356 11354 10978
f 11355 11357 11316
f 10976 11358 11356 10977
f 11357 11359 11316
f 10975 11360 11358 10976
f 11359 11361 11316
f 10974 11362 11360 10975
f 11361 11363 11316
f 10973 11364 11362 10974
f 11363 11365 11316
f 10972 11366 11364 10973
f 11365 11367 11316
f 10971 11368 11366 10972
f 11367 11369 11316
f 10970 11370 11368 10971
f 11369 11371 11316
f 10969 11372 11370 10970
f 11371 11373 11316
f 10968 11374 11372 10969
f 11373 11375 11316
f 10967 11376 11374 10968
f 11375 11377 11316
f 10966 11378 11376 10967
f 11377 11379 11316
f 10965 11380 11378 10966
f 11379 11318 11316
f 10964 11319 11380 10965
f 11318 11319 11320 11317
f 11317 11320 11322 11321
f 11321 11322 11324 11323
f 11323 11324 11326 11325
f 11325 11326 11328 11327
f 11327 11328 11330 11329
f 11329 11330 11332 11331
f 11331 11332 11334 11333
f 11333 11334 11336 11335
f 11335 11336 11338 11337
f 11337 11338 11340 11339
f 11339 11340 11342 11341
f 11341 11342 11344 11343
f 11343 11344 11346 11345
f 11345 11346 11348 11347
f 11347 11348 11350 11349
f 11349 11350 11352 11351
f 11351 11352 11354 11353
f 11353 11354 11356 11355
f 11355 11356 11358 11357
f 11357 11358 11360 11359
f 11359 11360 11362 11361
f 11361 11362 11364 11363
f 11363 11364 11366 11365
f 11365 11366 11368 11367
f 11367 11368 11370 11369
f 11369 11370 11372 11371
f 11371 11372 11374 11373
f 11373 11374 11376 11375
f 11375 11376 11378 11377
f 11377 11378 11380 11379
f 11319 11318 11379 11380
f 11428 11425 11426 11427
f 11386 11425 11428 11382
f 11382 11428 11427 11404
f 11382 11404 11401 11386
f 11434 11431 11432 11433
f 11403 11431 11434 11384
f 11384 11434 11433 11388
f 11384 11388 11402 11403
f 11429 11436 11437 11430
f 11399 11436 11429 11398
f 11398 11406 11405 11399
f 11473 11472 11435 11391
f 11398 11429 11470 11469
f 11469 11474 11406 11398
f 11431 11442 11443 11432
f 11383 11442 11431 11403
f 11387 11443 11442 11383
f 11403 11402 11387 11383
f 11430 11437 11444 11435
f 11391 11435 11444 11389
f 11406 11391 11389 11405
f 11446 11445 11427 11426
f 11381 11445 11446 11385
f 11404 11427 11445 11381
f 11385 11401 11404 11381
f 11435 11472 11471 11430
f 11470 11429 11430 11471
f 11391 11406 11474 11473
f 11437 11436 11449 11450
f 11409 11450 11449 11411
f 11405 11409 11411 11399
f 11449 11436 11451 11452
f 11400 11451 11436 11399
f 11411 11449 11452 11410
f 11411 11410 11400 11399
f 11451 11433 11453 11452
f 11388 11433 11451 11400
f 11410 11452 11453 11413
f 11400 11410 11413 11388
f 11453 11433 11432 11454
f 11413 11453 11454 11412
f 11413 11412 11402 11388
f 11432 11443 11455 11454
f 11412 11454 11455 11415
f 11402 11412 11415 11387
f 11455 11443 11456 11457
f 11390 11456 11443 11387
f 11415 11455 11457 11414
f 11415 11414 11390 11387
f 11456 11444 11458 11457
f 11389 11444 11456 11390
f 11414 11457 11458 11416
f 11390 11414 11416 11389
f 11458 11444 11437 11450
f 11416 11458 11450 11409
f 11416 11409 11405 11389
f 11461 11438 11459 11460
f 11396 11438 11461 11397
f 11417 11460 11459 11419
f 11397 11417 11419 11396
f 11459 11438 11441 11462
f 11419 11459 11462 11418
f 11419 11418 11407 11396
f 11441 11448 11463 11462
f 11418 11462 11463 11421
f 11407 11418 11421 11393
f 11463 11448 11464 11465
f 11394 11464 11448 11393
f 11421 11463 11465 11420
f 11421 11420 11394 11393
f 11426 11425 11466 11467
f 11422 11467 11466 11423
f 11401 11422 11423 11386
f 11466 11425 11461 11460
f 11397 11461 11425 11386
f 11423 11466 11460 11417
f 11423 11417 11397 11386
f 11464 11446 11468 11465
f 11385 11446 11464 11394
f 11420 11465 11468 11424
f 11394 11420 11424 11385
f 11468 11446 11426 11467
f 11424 11468 11467 11422
f 11424 11422 11401 11385
f 11392 11447 11476 11475
f 11475 11476 11478 11477
f 11477 11478 11480 11479
f 11479 11480 11482 11481
f 11481 11482 11484 11483
f 11483 11484 11486 11485
f 11485 11486 11488 11487
f 11487 11488 11472 11473
f 11469 11470 11490 11489
f 11489 11490 11492 11491
f 11491 11492 11494 11493
f 11493 11494 11496 11495
f 11495 11496 11498 11497
f 11497 11498 11500 11499
f 11499 11500 11502 11501
f 11501 11502 11439 11395
f 11395 11408 11503 11501
f 11501 11503 11504 11499
f 11499 11504 11505 11497
f 11497 11505 11506 11495
f 11495 11506 11507 11493
f 11493 11507 11508 11491
f 11491 11508 11509 11489
f 11489 11509 11474 11469
f 11471 11472 11488 11510
f 11510 11488 11486 11511
f 11511 11486 11484 11512
f 11512 11484 11482 11513
f 11513 11482 11480 11514
f 11514 11480 11478 11515
f 11515 11478 11476 11516
f 11516 11476 11447 11440
f 11440 11439 11502 11516
f 11516 11502 11500 11515
f 11515 11500 11498 11514
f 11514 11498 11496 11513
f 11513 11496 11494 11512
f 11512 11494 11492 11511
f 11511 11492 11490 11510
f 11510 11490 11470 11471
f 11473 11474 11509 11487
f 11487 11509 11508 11485
f 11485 11508 11507 11483
f 11483 11507 11506 11481
f 11481 11506 11505 11479
f 11479 11505 11504 11477
f 11477 11504 11503 11475
f 11475 11503 11408 11392
f 11441 11438 11518 11517
f 11517 11518 11520 11519
f 11519 11520 11522 11521
f 11521 11522 11524 11523
f 11523 11524 11526 11525
f 11525 11526 11439 11440
f 11395 11439 11526 11527
f 11527 11526 11524 11528
f 11528 11524 11522 11529
f 11529 11522 11520 11530
f 11530 11520 11518 11531
f 11531 11518 11438 11396
f 11396 11407 11532 11531
f 11531 11532 11533 11530
f 11530 11533 11534 11529
f 11529 11534 11535 11528
f 11528 11535 11536 11527
f 11527 11536 11408 11395
f 11440 11447 11537 11525
f 11525 11537 11538 11523
f 11523 11538 11539 11521
f 11521 11539 11540 11519
f 11519 11540 11541 11517
f 11517 11541 11448 11441
f 11393 11448 11541 11542
f 11542 11541 11540 11543
f 11543 11540 11539 11544
f 11544 11539 11538 11545
f 11545 11538 11537 11546
f 11546 11537 11447 11392
f 11392 11408 11536 11546
f 11546 11536 11535 11545
f 11545 11535 11534 11544
f 11544 11534 11533 11543
f 11543 11533 11532 11542
f 11542 11532 11407 11393
f 11579 11611 11610
f 11610 11611 11609
f 11609 11611 11608
f 11608 11611 11607
f 11607 11611 11606
f 11606 11611 11605
f 11605 11611 11604
f 11604 11611 11603
f 11603 11611 11602
f 11602 11611 11601
f 11601 11611 11600
f 11600 11611 11599
f 11599 11611 11598
f 11598 11611 11597
f 11597 11611 11596
f 11596 11611 11595
f 11595 11611 11594
f 11594 11611 11593
f 11593 11611 11592
f 11592 11611 11591
f 11591 11611 11590
f 11590 11611 11589
f 11589 11611 11588
f 11588 11611 11587
f 11587 11611 11586
f 11586 11611 11585
f 11585 11611 11584
f 11584 11611 11583
f 11583 11611 11582
f 11582 11611 11581
f 11581 11611 11580
f 11580 11611 11579
f 11644 11645 11613 11612
f 11645 11646 11614 11613
f 11646 11647 11615 11614
f 11647 11648 11616 11615
f 11648 11649 11617 11616
f 11649 11650 11618 11617
f 11650 11651 11619 11618
f 11651 11652 11620 11619
f 11652 11653 11621 11620
f 11653 11654 11622 11621
f 11654 11655 11623 11622
f 11655 11656 11624 11623
f 11656 11657 11625 11624
f 11657 11658 11626 11625
f 11658 11659 11627 11626
f 11659 11660 11628 11627
f 11660 11661 11629 11628
f 11661 11662 11630 11629
f 11662 11663 11631 11630
f 11663 11664 11632 11631
f 11664 11665 11633 11632
f 11665 11666 11634 11633
f 11666 11667 11635 11634
f 11667 11668 11636 11635
f 11668 11669 11637 11636
f 11669 11670 11638 11637
f 11670 11671 11639 11638
f 11671 11672 11640 11639
f 11672 11673 11641 11640
f 11673 11674 11642 11641
f 11674 11675 11643 11642
f 11675 11644 11612 11643
f 11679 11676 11677 11678
f 11681 11679 11678 11680
f 11683 11681 11680 11682
f 11685 11683 11682 11684
f 11687 11685 11684 11686
f 11689 11687 11686 11688
f 11691 11689 11688 11690
f 11693 11691 11690 11692
f 11695 11693 11692 11694
f 11697 11695 11694 11696
f 11699 11697 11696 11698
f 11701 11699 11698 11700
f 11703 11701 11700 11702
f 11705 11703 11702 11704
f 11707 11705 11704 11706
f 11709 11707 11706 11708
f 11711 11709 11708 11710
f 11713 11711 11710 11712
f 11715 11713 11712 11714
f 11717 11715 11714 11716
f 11719 11717 11716 11718
f 11721 11719 11718 11720
f 11723 11721 11720 11722
f 11725 11723 11722 11724
f 11727 11725 11724 11726
f 11729 11727 11726 11728
f 11731 11729 11728 11730
f 11733 11731 11730 11732
f 11735 11733 11732 11734
f 11737 11735 11734 11736
f 11739 11737 11736 11738
f 11676 11739 11738 11677
f 11547 11743 11742 11548
f 11548 11742 11745 11549
f 11549 11745 11747 11550
f 11550 11747 11749 11551
f 11551 11749 11751 11552
f 11552 11751 11753 11553
f 11553 11753 11755 11554
f 11554 11755 11757 11555
f 11555 11757 11759 11556
f 11556 11759 11761 11557
f 11557 11761 11763 11558
f 11558 11763 11765 11559
f 11559 11765 11767 11560
f 11560 11767 11769 11561
f 11561 11769 11771 11562
f 11562 11771 11773 11563
f 11563 11773 11775 11564
f 11564 11775 11777 11565
f 11565 11777 11779 11566
f 11566 11779 11781 11567
f 11567 11781 11783 11568
f 11568 11783 11785 11569
f 11569 11785 11787 11570
f 11570 11787 11789 11571
f 11571 11789 11791 11572
f 11572 11791 11793 11573
f 11573 11793 11795 11574
f 11574 11795 11797 11575
f 11575 11797 11799 11576
f 11576 11799 11801 11577
f 11577 11801 11803 11578
f 11578 11803 11743 11547
f 11741 11742 11743 11740
f 11742 11741 11744 11745
f 11745 11744 11746 11747
f 11747 11746 11748 11749
f 11749 11748 11750 11751
f 11751 11750 11752 11753
f 11753 11752 11754 11755
f 11755 11754 11756 11757
f 11757 11756 11758 11759
f 11759 11758 11760 11761
f 11761 11760 11762 11763
f 11763 11762 11764 11765
f 11765 11764 11766 11767
f 11767 11766 11768 11769
f 11769 11768 11770 11771
f 11771 11770 11772 11773
f 11773 11772 11774 11775
f 11775 11774 11776 11777
f 11777 11776 11778 11779
f 11779 11778 11780 11781
f 11781 11780 11782 11783
f 11783 11782 11784 11785
f 11785 11784 11786 11787
f 11787 11786 11788 11789
f 11789 11788 11790 11791
f 11791 11790 11792 11793
f 11793 11792 11794 11795
f 11795 11794 11796 11797
f 11797 11796 11798 11799
f 11799 11798 11800 11801
f 11801 11800 11802 11803
f 11740 11743 11803 11802
f 11613 11805 11804 11612
f 11614 11806 11805 11613
f 11615 11807 11806 11614
f 11616 11808 11807 11615
f 11617 11809 11808 11616
f 11618 11810 11809 11617
f 11619 11811 11810 11618
f 11620 11812 11811 11619
f 11621 11813 11812 11620
f 11622 11814 11813 11621
f 11623 11815 11814 11622
f 11624 11816 11815 11623
f 11625 11817 11816 11624
f 11626 11818 11817 11625
f 11627 11819 11818 11626
f 11628 11820 11819 11627
f 11629 11821 11820 11628
f 11630 11822 11821 11629
f 11631 11823 11822 11630
f 11632 11824 11823 11631
f 11633 11825 11824 11632
f 11634 11826 11825 11633
f 11635 11827 11826 11634
f 11636 11828 11827 11635
f 11637 11829 11828 11636
f 11638 11830 11829 11637
f 11639 11831 11830 11638
f 11640 11832 11831 11639
f 11641 11833 11832 11640
f 11642 11834 11833 11641
f 11643 11835 11834 11642
f 11612 11804 11835 11643
f 11836 11837 11741 11740
f 11837 11838 11744 11741
f 11838 11839 11746 11744
f 11839 11840 11748 11746
f 11840 11841 11750 11748
f 11841 11842 11752 11750
f 11842 11843 11754 11752
f 11843 11844 11756 11754
f 11844 11845 11758 11756
f 11845 11846 11760 11758
f 11846 11847 11762 11760
f 11847 11848 11764 11762
f 11848 11849 11766 11764
f 11849 11850 11768 11766
f 11850 11851 11770 11768
f 11851 11852 11772 11770
f 11852 11853 11774 11772
f 11853 11854 11776 11774
f 11854 11855 11778 11776
f 11855 11856 11780 11778
f 11856 11857 11782 11780
f 11857 11858 11784 11782
f 11858 11859 11786 11784
f 11859 11860 11788 11786
f 11860 11861 11790 11788
f 11861 11862 11792 11790
f 11862 11863 11794 11792
f 11863 11864 11796 11794
f 11864 11865 11798 11796
f 11865 11866 11800 11798
f 11866 11867 11802 11800
f 11867 11836 11740 11802
f 11837 11805 11806 11838
f 11838 11806 11807 11839
f 11839 11807 11808 11840
f 11840 11808 11809 11841
f 11841 11809 11810 11842
f 11842 11810 11811 11843
f 11843 11811 11812 11844
f 11844 11812 11813 11845
f 11845 11813 11814 11846
f 11846 11814 11815 11847
f 11847 11815 11816 11848
f 11848 11816 11817 11849
f 11849 11817 11818 11850
f 11850 11818 11819 11851
f 11851 11819 11820 11852
f 11852 11820 11821 11853
f 11853 11821 11822 11854
f 11854 11822 11823 11855
f 11855 11823 11824 11856
f 11856 11824 11825 11857
f 11857 11825 11826 11858
f 11858 11826 11827 11859
f 11859 11827 11828 11860
f 11860 11828 11829 11861
f 11861 11829 11830 11862
f 11862 11830 11831 11863
f 11863 11831 11832 11864
f 11864 11832 11833 11865
f 11865 11833 11834 11866
f 11866 11834 11835 11867
f 11805 11837 11836 11804
f 11804 11836 11867 11835
f 11868 11869 11580 11579
f 11869 11870 11581 11580
f 11870 11871 11582 11581
f 11871 11872 11583 11582
f 11872 11873 11584 11583
f 11873 11874 11585 11584
f 11874 11875 11586 11585
f 11875 11876 11587 11586
f 11876 11877 11588 11587
f 11877 11878 11589 11588
f 11878 11879 11590 11589
f 11879 11880 11591 11590
f 11880 11881 11592 11591
f 11881 11882 11593 11592
f 11882 11883 11594 11593
f 11883 11884 11595 11594
f 11884 11885 11596 11595
f 11885 11886 11597 11596
f 11886 11887 11598 11597
f 11887 11888 11599 11598
f 11888 11889 11600 11599
f 11889 11890 11601 11600
f 11890 11891 11602 11601
f 11891 11892 11603 11602
f 11892 11893 11604 11603
f 11893 11894 11605 11604
f 11894 11895 11606 11605
f 11895 11896 11607 11606
f 11896 11897 11608 11607
f 11897 11898 11609 11608
f 11898 11899 11610 11609
f 11899 11868 11579 11610
f 11900 11678 11677 11901
f 11902 11680 11678 11900
f 11903 11682 11680 11902
f 11904 11684 11682 11903
f 11905 11686 11684 11904
f 11906 11688 11686 11905
f 11907 11690 11688 11906
f 11908 11692 11690 11907
f 11909 11694 11692 11908
f 11910 11696 11694 11909
f 11911 11698 11696 11910
f 11912 11700 11698 11911
f 11913 11702 11700 11912
f 11914 11704 11702 11913
f 11915 11706 11704 11914
f 11916 11708 11706 11915
f 11917 11710 11708 11916
f 11918 11712 11710 11917
f 11919 11714 11712 11918
f 11920 11716 11714 11919
f 11921 11718 11716 11920
f 11922 11720 11718 11921
f 11923 11722 11720 11922
f 11924 11724 11722 11923
f 11925 11726 11724 11924
f 11926 11728 11726 11925
f 11927 11730 11728 11926
f 11928 11732 11730 11927
f 11929 11734 11732 11928
f 11930 11736 11734 11929
f 11931 11738 11736 11930
f 11901 11677 11738 11931
f 11901 11868 11899 11900
f 11898 11902 11900 11899
f 11897 11903 11902 11898
f 11896 11904 11903 11897
f 11895 11905 11904 11896
f 11894 11906 11905 11895
f 11893 11907 11906 11894
f 11892 11908 11907 11893
f 11891 11909 11908 11892
f 11890 11910 11909 11891
f 11889 11911 11910 11890
f 11888 11912 11911 11889
f 11887 11913 11912 11888
f 11886 11914 11913 11887
f 11885 11915 11914 11886
f 11884 11916 11915 11885
f 11883 11917 11916 11884
f 11882 11918 11917 11883
f 11881 11919 11918 11882
f 11880 11920 11919 11881
f 11879 11921 11920 11880
f 11878 11922 11921 11879
f 11877 11923 11922 11878
f 11876 11924 11923 11877
f 11875 11925 11924 11876
f 11874 11926 11925 11875
f 11873 11927 11926 11874
f 11872 11928 11927 11873
f 11871 11929 11928 11872
f 11870 11930 11929 11871
f 11869 11931 11930 11870
f 11868 11901 11931 11869
f 11578 11547 11933 11932
f 11577 11578 11932 11934
f 11576 11577 11934 11935
f 11575 11576 11935 11936
f 11574 11575 11936 11937
f 11573 11574 11937 11938
f 11572 11573 11938 11939
f 11571 11572 11939 11940
f 11570 11571 11940 11941
f 11569 11570 11941 11942
f 11568 11569 11942 11943
f 11567 11568 11943 11944
f 11566 11567 11944 11945
f 11565 11566 11945 11946
f 11564 11565 11946 11947
f 11563 11564 11947 11948
f 11562 11563 11948 11949
f 11561 11562 11949 11950
f 11560 11561 11950 11951
f 11559 11560 11951 11952
f 11558 11559 11952 11953
f 11557 11558 11953 11954
f 11556 11557 11954 11955
f 11555 11556 11955 11956
f 11554 11555 11956 11957
f 11553 11554 11957 11958
f 11552 11553 11958 11959
f 11551 11552 11959 11960
f 11550 11551 11960 11961
f 11549 11550 11961 11962
f 11548 11549 11962 11963
f 11547 11548 11963 11933
f 11964 11676 11679 11965
f 11965 11679 11681 11966
f 11966 11681 11683 11967
f 11967 11683 11685 11968
f 11968 11685 11687 11969
f 11969 11687 11689 11970
f 11970 11689 11691 11971
f 11971 11691 11693 11972
f 11972 11693 11695 11973
f 11973 11695 11697 11974
f 11974 11697 11699 11975
f 11975 11699 11701 11976
f 11976 11701 11703 11977
f 11977 11703 11705 11978
f 11978 11705 11707 11979
f 11979 11707 11709 11980
f 11980 11709 11711 11981
f 11981 11711 11713 11982
f 11982 11713 11715 11983
f 11983 11715 11717 11984
f 11984 11717 11719 11985
f 11985 11719 11721 11986
f 11986 11721 11723 11987
f 11987 11723 11725 11988
f 11988 11725 11727 11989
f 11989 11727 11729 11990
f 11990 11729 11731 11991
f 11991 11731 11733 11992
f 11992 11733 11735 11993
f 11993 11735 11737 11994
f 11994 11737 11739 11995
f 11995 11739 11676 11964
f 11965 11932 11933 11964
f 11964 11933 11963 11995
f 11932 11965 11966 11934
f 11934 11966 11967 11935
f 11935 11967 11968 11936
f 11936 11968 11969 11937
f 11937 11969 11970 11938
f 11938 11970 11971 11939
f 11939 11971 11972 11940
f 11940 11972 11973 11941
f 11941 11973 11974 11942
f 11942 11974 11975 11943
f 11943 11975 11976 11944
f 11944 11976 11977 11945
f 11945 11977 11978 11946
f 11946 11978 11979 11947
f 11947 11979 11980 11948
f 11948 11980 11981 11949
f 11949 11981 11982 11950
f 11950 11982 11983 11951
f 11951 11983 11984 11952
f 11952 11984 11985 11953
f 11953 11985 11986 11954
f 11954 11986 11987 11955
f 11955 11987 11988 11956
f 11956 11988 11989 11957
f 11957 11989 11990 11958
f 11958 11990 11991 11959
f 11959 11991 11992 11960
f 11960 11992 11993 11961
f 11961 11993 11994 11962
f 11962 11994 11995 11963
f 11998 11997 11996
f 11675 12000 11999 11644
f 11997 12001 11996
f 11674 12002 12000 11675
f 12001 12003 11996
f 11673 12004 12002 11674
f 12003 12005 11996
f 11672 12006 12004 11673
f 12005 12007 11996
f 11671 12008 12006 11672
f 12007 12009 11996
f 11670 12010 12008 11671
f 12009 12011 11996
f 11669 12012 12010 11670
f 12011 12013 11996
f 11668 12014 12012 11669
f 12013 12015 11996
f 11667 12016 12014 11668
f 12015 12017 11996
f 11666 12018 12016 11667
f 12017 12019 11996
f 11665 12020 12018 11666
f 12019 12021 11996
f 11664 12022 12020 11665
f 12021 12023 11996
f 11663 12024 12022 11664
f 12023 12025 11996
f 11662 12026 12024 11663
f 12025 12027 11996
f 11661 12028 12026 11662
f 12027 12029 11996
f 11660 12030 12028 11661
f 12029 12031 11996
f 11659 12032 12030 11660
f 12031 12033 11996
f 11658 12034 12032 11659
f 12033 12035 11996
f 11657 12036 12034 11658
f 12035 12037 11996
f 11656 12038 12036 11657
f 12037 12039 11996
f 11655 12040 12038 11656
f 12039 12041 11996
f 11654 12042 12040 11655
f 12041 12043 11996
f 11653 12044 12042 11654
f 12043 12045 11996
f 11652 12046 12044 11653
f 12045 12047 11996
f 11651 12048 12046 11652
f 12047 12049 11996
f 11650 12050 12048 11651
f 12049 12051 11996
f 11649 12052 12050 11650
f 12051 12053 11996
f 11648 12054 12052 11649
f 12053 12055 11996
f 11647 12056 12054 11648
f 12055 12057 11996
f 11646 12058 12056 11647
f 12057 12059 11996
f 11645 12060 12058 11646
f 12059 11998 11996
f 11644 11999 12060 11645
f 11998 11999 12000 11997
f 11997 12000 12002 12001
f 12001 12002 12004 12003
f 12003 12004 12006 12005
f 12005 12006 12008 12007
f 12007 12008 12010 12009
f 12009 12010 12012 12011
f 12011 12012 12014 12013
f 12013 12014 12016 12015
f 12015 12016 12018 12017
f 12017 12018 12020 12019
f 12019 12020 12022 12021
f 12021 12022 12024 12023
f 12023 12024 12026 12025
f 12025 12026 12028 12027
f 12027 12028 12030 12029
f 12029 12030 12032 12031
f 12031 12032 12034 12033
f 12033 12034 12036 12035
f 12035 12036 12038 12037
f 12037 12038 12040 12039
f 12039 12040 12042 12041
f 12041 12042 12044 12043
f 12043 12044 12046 12045
f 12045 12046 12048 12047
f 12047 12048 12050 12049
f 12049 12050 12052 12051
f 12051 12052 12054 12053
f 12053 12054 12056 12055
f 12055 12056 12058 12057
f 12057 12058 12060 12059
f 11999 11998 12059 12060
f 12093 12125 12124
f 12124 12125 12123
f 12123 12125 12122
f 12122 12125 12121
f 12121 12125 12120
f 12120 12125 12119
f 12119 12125 12118
f 12118 12125 12117
f 12117 12125 12116
f 12116 12125 12115
f 12115 12125 12114
f 12114 12125 12113
f 12113 12125 12112
f 12112 12125 12111
f 12111 12125 12110
f 12110 12125 12109
f 12109 12125 12108
f 12108 12125 12107
f 12107 12125 12106
f 12106 12125 12105
f 12105 12125 12104
f 12104 12125 12103
f 12103 12125 12102
f 12102 12125 12101
f 12101 12125 12100
f 12100 12125 12099
f 12099 12125 12098
f 12098 12125 12097
f 12097 12125 12096
f 12096 12125 12095
f 12095 12125 12094
f 12094 12125 12093
f 12158 12159 12127 12126
f 12159 12160 12128 12127
f 12160 12161 12129 12128
f 12161 12162 12130 12129
f 12162 12163 12131 12130
f 12163 12164 12132 12131
f 12164 12165 12133 12132
f 12165 12166 12134 12133
f 12166 12167 12135 12134
f 12167 12168 12136 12135
f 12168 12169 12137 12136
f 12169 12170 12138 12137
f 12170 12171 12139 12138
f 12171 12172 12140 12139
f 12172 12173 12141 12140
f 12173 12174 12142 12141
f 12174 12175 12143 12142
f 12175 12176 12144 12143
f 12176 12177 12145 12144
f 12177 12178 12146 12145
f 12178 12179 12147 12146
f 12179 12180 12148 12147
f 12180 12181 12149 12148
f 12181 12182 12150 12149
f 12182 12183 12151 12150
f 12183 12184 12152 12151
f 12184 12185 12153 12152
f 12185 12186 12154 12153
f 12186 12187 12155 12154
f 12187 12188 12156 12155
f 12188 12189 12157 12156
f 12189 12158 12126 12157
f 12193 12190 12191 12192
f 12195 12193 12192 12194
f 12197 12195 12194 12196
f 12199 12197 12196 12198
f 12201 12199 12198 12200
f 12203 12201 12200 12202
f 12205 12203 12202 12204
f 12207 12205 12204 12206
f 12209 12207 12206 12208
f 12211 12209 12208 12210
f 12213 12211 12210 12212
f 12215 12213 12212 12214
f 12217 12215 12214 12216
f 12219 12217 12216 12218
f 12221 12219 12218 12220
f 12223 12221 12220 12222
f 12225 12223 12222 12224
f 12227 12225 12224 12226
f 12229 12227 12226 12228
f 12231 12229 12228 12230
f 12233 12231 12230 12232
f 12235 12233 12232 12234
f 12237 12235 12234 12236
f 12239 12237 12236 12238
f 12241 12239 12238 12240
f 12243 12241 12240 12242
f 12245 12243 12242 12244
f 12247 12245 12244 12246
f 12249 12247 12246 12248
f 12251 12249 12248 12250
f 12253 12251 12250 12252
f 12190 12253 12252 12191
f 12061 12257 12256 12062
f 12062 12256 12259 12063
f 12063 12259 12261 12064
f 12064 12261 12263 12065
f 12065 12263 12265 12066
f 12066 12265 12267 12067
f 12067 12267 12269 12068
f 12068 12269 12271 12069
f 12069 12271 12273 12070
f 12070 12273 12275 12071
f 12071 12275 12277 12072
f 12072 12277 12279 12073
f 12073 12279 12281 12074
f 12074 12281 12283 12075
f 12075 12283 12285 12076
f 12076 12285 12287 12077
f 12077 12287 12289 12078
f 12078 12289 12291 12079
f 12079 12291 12293 12080
f 12080 12293 12295 12081
f 12081 12295 12297 12082
f 12082 12297 12299 12083
f 12083 12299 12301 12084
f 12084 12301 12303 12085
f 12085 12303 12305 12086
f 12086 12305 12307 12087
f 12087 12307 12309 12088
f 12088 12309 12311 12089
f 12089 12311 12313 12090
f 12090 12313 12315 12091
f 12091 12315 12317 12092
f 12092 12317 12257 12061
f 12255 12256 12257 12254
f 12256 12255 12258 12259
f 12259 12258 12260 12261
f 12261 12260 12262 12263
f 12263 12262 12264 12265
f 12265 12264 12266 12267
f 12267 12266 12268 12269
f 12269 12268 12270 12271
f 12271 12270 12272 12273
f 12273 12272 12274 12275
f 12275 12274 12276 12277
f 12277 12276 12278 12279
f 12279 12278 12280 12281
f 12281 12280 12282 12283
f 12283 12282 12284 12285
f 12285 12284 12286 12287
f 12287 12286 12288 12289
f 12289 12288 12290 12291
f 12291 12290 12292 12293
f 12293 12292 12294 12295
f 12295 12294 12296 12297
f 12297 12296 12298 12299
f 12299 12298 12300 12301
f 12301 12300 12302 12303
f 12303 12302 12304 12305
f 12305 12304 12306 12307
f 12307 12306 12308 12309
f 12309 12308 12310 12311
f 12311 12310 12312 12313
f 12313 12312 12314 12315
f 12315 12314 12316 12317
f 12254 12257 12317 12316
f 12127 12319 12318 12126
f 12128 12320 12319 12127
f 12129 12321 12320 12128
f 12130 12322 12321 12129
f 12131 12323 12322 12130
f 12132 12324 12323 12131
f 12133 12325 12324 12132
f 12134 12326 12325 12133
f 12135 12327 12326 12134
f 12136 12328 12327 12135
f 12137 12329 12328 12136
f 12138 12330 12329 12137
f 12139 12331 12330 12138
f 12140 12332 12331 12139
f 12141 12333 12332 12140
f 12142 12334 12333 12141
f 12143 12335 12334 12142
f 12144 12336 12335 12143
f 12145 12337 12336 12144
f 12146 12338 12337 12145
f 12147 12339 12338 12146
f 12148 12340 12339 12147
f 12149 12341 12340 12148
f 12150 12342 12341 12149
f 12151 12343 12342 12150
f 12152 12344 12343 12151
f 12153 12345 12344 12152
f 12154 12346 12345 12153
f 12155 12347 12346 12154
f 12156 12348 12347 12155
f 12157 12349 12348 12156
f 12126 12318 12349 12157
f 12350 12351 12255 12254
f 12351 12352 12258 12255
f 12352 12353 12260 12258
f 12353 12354 12262 12260
f 12354 12355 12264 12262
f 12355 12356 12266 12264
f 12356 12357 12268 12266
f 12357 12358 12270 12268
f 12358 12359 12272 12270
f 12359 12360 12274 12272
f 12360 12361 12276 12274
f 12361 12362 12278 12276
f 12362 12363 12280 12278
f 12363 12364 12282 12280
f 12364 12365 12284 12282
f 12365 12366 12286 12284
f 12366 12367 12288 12286
f 12367 12368 12290 12288
f 12368 12369 12292 12290
f 12369 12370 12294 12292
f 12370 12371 12296 12294
f 12371 12372 12298 12296
f 12372 12373 12300 12298
f 12373 12374 12302 12300
f 12374 12375 12304 12302
f 12375 12376 12306 12304
f 12376 12377 12308 12306
f 12377 12378 12310 12308
f 12378 12379 12312 12310
f 12379 12380 12314 12312
f 12380 12381 12316 12314
f 12381 12350 12254 12316
f 12351 12319 12320 12352
f 12352 12320 12321 12353
f 12353 12321 12322 12354
f 12354 12322 12323 12355
f 12355 12323 12324 12356
f 12356 12324 12325 12357
f 12357 12325 12326 12358
f 12358 12326 12327 12359
f 12359 12327 12328 12360
f 12360 12328 12329 12361
f 12361 12329 12330 12362
f 12362 12330 12331 12363
f 12363 12331 12332 12364
f 12364 12332 12333 12365
f 12365 12333 12334 12366
f 12366 12334 12335 12367
f 12367 12335 12336 12368
f 12368 12336 12337 12369
f 12369 12337 12338 12370
f 12370 12338 12339 12371
f 12371 12339 12340 12372
f 12372 12340 12341 12373
f 12373 12341 12342 12374
f 12374 12342 12343 12375
f 12375 12343 12344 12376
f 12376 12344 12345 12377
f 12377 12345 12346 12378
f 12378 12346 12347 12379
f 12379 12347 12348 12380
f 12380 12348 12349 12381
f 12319 12351 12350 12318
f 12318 12350 12381 12349
f 12382 12383 12094 12093
f 12383 12384 12095 12094
f 12384 12385 12096 12095
f 12385 12386 12097 12096
f 12386 12387 12098 12097
f 12387 12388 12099 12098
f 12388 12389 12100 12099
f 12389 12390 12101 12100
f 12390 12391 12102 12101
f 12391 12392 12103 12102
f 12392 12393 12104 12103
f 12393 12394 12105 12104
f 12394 12395 12106 12105
f 12395 12396 12107 12106
f 12396 12397 12108 12107
f 12397 12398 12109 12108
f 12398 12399 12110 12109
f 12399 12400 12111 12110
f 12400 12401 12112 12111
f 12401 12402 12113 12112
f 12402 12403 12114 12113
f 12403 12404 12115 12114
f 12404 12405 12116 12115
f 12405 12406 12117 12116
f 12406 12407 12118 12117
f 12407 12408 12119 12118
f 12408 12409 12120 12119
f 12409 12410 12121 12120
f 12410 12411 12122 12121
f 12411 12412 12123 12122
f 12412 12413 12124 12123
f 12413 12382 12093 12124
f 12414 12192 12191 12415
f 12416 12194 12192 12414
f 12417 12196 12194 12416
f 12418 12198 12196 12417
f 12419 12200 12198 12418
f 12420 12202 12200 12419
f 12421 12204 12202 12420
f 12422 12206 12204 12421
f 12423 12208 12206 12422
f 12424 12210 12208 12423
f 12425 12212 12210 12424
f 12426 12214 12212 12425
f 12427 12216 12214 12426
f 12428 12218 12216 12427
f 12429 12220 12218 12428
f 12430 12222 12220 12429
f 12431 12224 12222 12430
f 12432 12226 12224 12431
f 12433 12228 12226 12432
f 12434 12230 12228 12433
f 12435 12232 12230 12434
f 12436 12234 12232 12435
f 12437 12236 12234 12436
f 12438 12238 12236 12437
f 12439 12240 12238 12438
f 12440 12242 12240 12439
f 12441 12244 12242 12440
f 12442 12246 12244 12441
f 12443 12248 12246 12442
f 12444 12250 12248 12443
f 12445 12252 12250 12444
f 12415 12191 12252 12445
f 12415 12382 12413 12414
f 12412 12416 12414 12413
f 12411 12417 12416 12412
f 12410 12418 12417 12411
f 12409 12419 12418 12410
f 12408 12420 12419 12409
f 12407 12421 12420 12408
f 12406 12422 12421 12407
f 12405 12423 12422 12406
f 12404 12424 12423 12405
f 12403 12425 12424 12404
f 12402 12426 12425 12403
f 12401 12427 12426 12402
f 12400 12428 12427 12401
f 12399 12429 12428 12400
f 12398 12430 12429 12399
f 12397 12431 12430 12398
f 12396 12432 12431 12397
f 12395 12433 12432 12396
f 12394 12434 12433 12395
f 12393 12435 12434 12394
f 12392 12436 12435 12393
f 12391 12437 12436 12392
f 12390 12438 12437 12391
f 12389 12439 12438 12390
f 12388 12440 12439 12389
f 12387 12441 12440 12388
f 12386 12442 12441 12387
f 12385 12443 12442 12386
f 12384 12444 12443 12385
f 12383 12445 12444 12384
f 12382 12415 12445 12383
f 12092 12061 12447 12446
f 12091 12092 12446 12448
f 12090 12091 12448 12449
f 12089 12090 12449 12450
f 12088 12089 12450 12451
f 12087 12088 12451 12452
f 12086 12087 12452 12453
f 12085 12086 12453 12454
f 12084 12085 12454 12455
f 12083 12084 12455 12456
f 12082 12083 12456 12457
f 12081 12082 12457 12458
f 12080 12081 12458 12459
f 12079 12080 12459 12460
f 12078 12079 12460 12461
f 12077 12078 12461 12462
f 12076 12077 12462 12463
f 12075 12076 12463 12464
f 12074 12075 12464 12465
f 12073 12074 12465 12466
f 12072 12073 12466 12467
f 12071 12072 12467 12468
f 12070 12071 12468 12469
f 12069 12070 12469 12470
f 12068 12069 12470 12471
f 12067 12068 12471 12472
f 12066 12067 12472 12473
f 12065 12066 12473 12474
f 12064 12065 12474 12475
f 12063 12064 12475 12476
f 12062 12063 12476 12477
f 12061 12062 12477 12447
f 12478 12190 12193 12479
f 12479 12193 12195 12480
f 12480 12195 12197 12481
f 12481 12197 12199 12482
f 12482 12199 12201 12483
f 12483 12201 12203 12484
f 12484 12203 12205 12485
f 12485 12205 12207 12486
f 12486 12207 12209 12487
f 12487 12209 12211 12488
f 12488 12211 12213 12489
f 12489 12213 12215 12490
f 12490 12215 12217 12491
f 12491 12217 12219 12492
f 12492 12219 12221 12493
f 12493 12221 12223 12494
f 12494 12223 12225 12495
f 12495 12225 12227 12496
f 12496 12227 12229 12497
f 12497 12229 12231 12498
f 12498 12231 12233 12499
f 12499 12233 12235 12500
f 12500 12235 12237 12501
f 12501 12237 12239 12502
f 12502 12239 12241 12503
f 12503 12241 12243 12504
f 12504 12243 12245 12505
f 12505 12245 12247 12506
f 12506 12247 12249 12507
f 12507 12249 12251 12508
f 12508 12251 12253 12509
f 12509 12253 12190 12478
f 12479 12446 12447 12478
f 12478 12447 12477 12509
f 12446 12479 12480 12448
f 12448 12480 12481 12449
f 12449 12481 12482 12450
f 12450 12482 12483 12451
f 12451 12483 12484 12452
f 12452 12484 12485 12453
f 12453 12485 12486 12454
f 12454 12486 12487 12455
f 12455 12487 12488 12456
f 12456 12488 12489 12457
f 12457 12489 12490 12458
f 12458 12490 12491 12459
f 12459 12491 12492 12460
f 12460 12492 12493 12461
f 12461 12493 12494 12462
f 12462 12494 12495 12463
f 12463 12495 12496 12464
f 12464 12496 12497 12465
f 12465 12497 12498 12466
f 12466 12498 12499 12467
f 12467 12499 12500 12468
f 12468 12500 12501 12469
f 12469 12501 12502 12470
f 12470 12502 12503 12471
f 12471 12503 12504 12472
f 12472 12504 12505 12473
f 12473 12505 12506 12474
f 12474 12506 12507 12475
f 12475 12507 12508 12476
f 12476 12508 12509 12477
f 12512 12511 12510
f 12189 12514 12513 12158
f 12511 12515 12510
f 12188 12516 12514 12189
f 12515 12517 12510
f 12187 12518 12516 12188
f 12517 12519 12510
f 12186 12520 12518 12187
f 12519 12521 12510
f 12185 12522 12520 12186
f 12521 12523 12510
f 12184 12524 12522 12185
f 12523 12525 12510
f 12183 12526 12524 12184
f 12525 12527 12510
f 12182 12528 12526 12183
f 12527 12529 12510
f 12181 12530 12528 12182
f 12529 12531 12510
f 12180 12532 12530 12181
f 12531 12533 12510
f 12179 12534 12532 12180
f 12533 12535 12510
f 12178 12536 12534 12179
f 12535 12537 12510
f 12177 12538 12536 12178
f 12537 12539 12510
f 12176 12540 12538 12177
f 12539 12541 12510
f 12175 12542 12540 12176
f 12541 12543 12510
f 12174 12544 12542 12175
f 12543 12545 12510
f 12173 12546 12544 12174
f 12545 12547 12510
f 12172 12548 12546 12173
f 12547 12549 12510
f 12171 12550 12548 12172
f 12549 12551 12510
f 12170 12552 12550 12171
f 12551 12553 12510
f 12169 12554 12552 12170
f 12553 12555 12510
f 12168 12556 12554 12169
f 12555 12557 12510
f 12167 12558 12556 12168
f 12557 12559 12510
f 12166 12560 12558 12167
f 12559 12561 12510
f 12165 12562 12560 12166
f 12561 12563 12510
f 12164 12564 12562 12165
f 12563 12565 12510
f 12163 12566 12564 12164
f 12565 12567 12510
f 12162 12568 12566 12163
f 12567 12569 12510
f 12161 12570 12568 12162
f 12569 12571 12510
f 12160 12572 12570 12161
f 12571 12573 12510
f 12159 12574 12572 12160
f 12573 12512 12510
f 12158 12513 12574 12159
f 12512 12513 12514 12511
f 12511 12514 12516 12515
f 12515 12516 12518 12517
f 12517 12518 12520 12519
f 12519 12520 12522 12521
f 12521 12522 12524 12523
f 12523 12524 12526 12525
f 12525 12526 12528 12527
f 12527 12528 12530 12529
f 12529 12530 12532 12531
f 12531 12532 12534 12533
f 12533 12534 12536 12535
f 12535 12536 12538 12537
f 12537 12538 12540 12539
f 12539 12540 12542 12541
f 12541 12542 12544 12543
f 12543 12544 12546 12545
f 12545 12546 12548 12547
f 12547 12548 12550 12549
f 12549 12550 12552 12551
f 12551 12552 12554 12553
f 12553 12554 12556 12555
f 12555 12556 12558 12557
f 12557 12558 12560 12559
f 12559 12560 12562 12561
f 12561 12562 12564 12563
f 12563 12564 12566 12565
f 12565 12566 12568 12567
f 12567 12568 12570 12569
f 12569 12570 12572 12571
f 12571 12572 12574 12573
f 12513 12512 12573 12574
f 12622 12619 12620 12621
f 12580 12619 12622 12576
f 12576 12622 12621 12598
f 12576 12598 12595 12580
f 12628 12625 12626 12627
f 12597 12625 12628 12578
f 12578 12628 12627 12582
f 12578 12582 12596 12597
f 12623 12630 12631 12624
f 12593 12630 12623 12592
f 12592 12600 12599 12593
f 12667 12666 12629 12585
f 12592 12623 12664 12663
f 12663 12668 12600 12592
f 12625 12636 12637 12626
f 12577 12636 12625 12597
f 12581 12637 12636 12577
f 12597 12596 12581 12577
f 12624 12631 12638 12629
f 12585 12629 12638 12583
f 12600 12585 12583 12599
f 12640 12639 12621 12620
f 12575 12639 12640 12579
f 12598 12621 12639 12575
f 12579 12595 12598 12575
f 12629 12666 12665 12624
f 12664 12623 12624 12665
f 12585 12600 12668 12667
f 12631 12630 12643 12644
f 12603 12644 12643 12605
f 12599 12603 12605 12593
f 12643 12630 12645 12646
f 12594 12645 12630 12593
f 12605 12643 12646 12604
f 12605 12604 12594 12593
f 12645 12627 12647 12646
f 12582 12627 12645 12594
f 12604 12646 12647 12607
f 12594 12604 12607 12582
f 12647 12627 12626 12648
f 12607 12647 12648 12606
f 12607 12606 12596 12582
f 12626 12637 12649 12648
f 12606 12648 12649 12609
f 12596 12606 12609 12581
f 12649 12637 12650 12651
f 12584 12650 12637 12581
f 12609 12649 12651 12608
f 12609 12608 12584 12581
f 12650 12638 12652 12651
f 12583 12638 12650 12584
f 12608 12651 12652 12610
f 12584 12608 12610 12583
f 12652 12638 12631 12644
f 12610 12652 12644 12603
f 12610 12603 12599 12583
f 12655 12632 12653 12654
f 12590 12632 12655 12591
f 12611 12654 12653 12613
f 12591 12611 12613 12590
f 12653 12632 12635 12656
f 12613 12653 12656 12612
f 12613 12612 12601 12590
f 12635 12642 12657 12656
f 12612 12656 12657 12615
f 12601 12612 12615 12587
f 12657 12642 12658 12659
f 12588 12658 12642 12587
f 12615 12657 12659 12614
f 12615 12614 12588 12587
f 12620 12619 12660 12661
f 12616 12661 12660 12617
f 12595 12616 12617 12580
f 12660 12619 12655 12654
f 12591 12655 12619 12580
f 12617 12660 12654 12611
f 12617 12611 12591 12580
f 12658 12640 12662 12659
f 12579 12640 12658 12588
f 12614 12659 12662 12618
f 12588 12614 12618 12579
f 12662 12640 12620 12661
f 12618 12662 12661 12616
f 12618 12616 12595 12579
f 12586 12641 12670 12669
f 12669 12670 12672 12671
f 12671 12672 12674 12673
f 12673 12674 12676 12675
f 12675 12676 12678 12677
f 12677 12678 12680 12679
f 12679 12680 12682 12681
f 12681 12682 12666 12667
f 12663 12664 12684 12683
f 12683 12684 12686 12685
f 12685 12686 12688 12687
f 12687 12688 12690 12689
f 12689 12690 12692 12691
f 12691 12692 12694 12693
f 12693 12694 12696 12695
f 12695 12696 12633 12589
f 12589 12602 12697 12695
f 12695 12697 12698 12693
f 12693 12698 12699 12691
f 12691 12699 12700 12689
f 12689 12700 12701 12687
f 12687 12701 12702 12685
f 12685 12702 12703 12683
f 12683 12703 12668 12663
f 12665 12666 12682 12704
f 12704 12682 12680 12705
f 12705 12680 12678 12706
f 12706 12678 12676 12707
f 12707 12676 12674 12708
f 12708 12674 12672 12709
f 12709 12672 12670 12710
f 12710 12670 12641 12634
f 12634 12633 12696 12710
f 12710 12696 12694 12709
f 12709 12694 12692 12708
f 12708 12692 12690 12707
f 12707 12690 12688 12706
f 12706 12688 12686 12705
f 12705 12686 12684 12704
f 12704 12684 12664 12665
f 12667 12668 12703 12681
f 12681 12703 12702 12679
f 12679 12702 12701 12677
f 12677 12701 12700 12675
f 12675 12700 12699 12673
f 12673 12699 12698 12671
f 12671 12698 12697 12669
f 12669 12697 12602 12586
f 12635 12632 12712 12711
f 12711 12712 12714 12713
f 12713 12714 12716 12715
f 12715 12716 12718 12717
f 12717 12718 12720 12719
f 12719 12720 12633 12634
f 12589 12633 12720 12721
f 12721 12720 12718 12722
f 12722 12718 12716 12723
f 12723 12716 12714 12724
f 12724 12714 12712 12725
f 12725 12712 12632 12590
f 12590 12601 12726 12725
f 12725 12726 12727 12724
f 12724 12727 12728 12723
f 12723 12728 12729 12722
f 12722 12729 12730 12721
f 12721 12730 12602 12589
f 12634 12641 12731 12719
f 12719 12731 12732 12717
f 12717 12732 12733 12715
f 12715 12733 12734 12713
f 12713 12734 12735 12711
f 12711 12735 12642 12635
f 12587 12642 12735 12736
f 12736 12735 12734 12737
f 12737 12734 12733 12738
f 12738 12733 12732 12739
f 12739 12732 12731 12740
f 12740 12731 12641 12586
f 12586 12602 12730 12740
f 12740 12730 12729 12739
f 12739 12729 12728 12738
f 12738 12728 12727 12737
f 12737 12727 12726 12736
f 12736 12726 12601 12587
g Group43227
f 12742 13094 13095 13091
f 13091 13095 13092 12741
f 13095 13093 12879 13092
f 13094 12876 13093 13095
f 12741 13092 13099 13096
f 13096 13099 13097 12756
f 13099 13098 12878 13097
f 13092 12879 13098 13099
f 12741 13096 13102 13091
f 13091 13102 13100 12742
f 13102 13101 12757 13100
f 13096 12756 13101 13102
f 12743 13105 13106 13103
f 13103 13106 13094 12742
f 13106 13104 12876 13094
f 13105 12880 13104 13106
f 12742 13100 13109 13103
f 13103 13109 13107 12743
f 13109 13108 12758 13107
f 13100 12757 13108 13109
f 12744 13112 13113 13110
f 13110 13113 13105 12743
f 13113 13111 12880 13105
f 13112 12882 13111 13113
f 12743 13107 13116 13110
f 13110 13116 13114 12744
f 13116 13115 12759 13114
f 13107 12758 13115 13116
f 12745 13119 13120 13117
f 13117 13120 13112 12744
f 13120 13118 12882 13112
f 13119 12884 13118 13120
f 12744 13114 13123 13117
f 13117 13123 13121 12745
f 13123 13122 12760 13121
f 13114 12759 13122 13123
f 12746 13126 13127 13124
f 13124 13127 13119 12745
f 13127 13125 12884 13119
f 13126 12886 13125 13127
f 12745 13121 13130 13124
f 13124 13130 13128 12746
f 13130 13129 12761 13128
f 13121 12760 13129 13130
f 12747 13133 13134 13131
f 13131 13134 13126 12746
f 13134 13132 12886 13126
f 13133 12888 13132 13134
f 12746 13128 13137 13131
f 13131 13137 13135 12747
f 13137 13136 12762 13135
f 13128 12761 13136 13137
f 12748 13140 13141 13138
f 13138 13141 13133 12747
f 13141 13139 12888 13133
f 13140 12890 13139 13141
f 12747 13135 13144 13138
f 13138 13144 13142 12748
f 13144 13143 12763 13142
f 13135 12762 13143 13144
f 12749 13147 13148 13145
f 13145 13148 13140 12748
f 13148 13146 12890 13140
f 13147 12892 13146 13148
f 12748 13142 13151 13145
f 13145 13151 13149 12749
f 13151 13150 12764 13149
f 13142 12763 13150 13151
f 12750 13154 13155 13152
f 13152 13155 13147 12749
f 13155 13153 12892 13147
f 13154 12894 13153 13155
f 12749 13149 13158 13152
f 13152 13158 13156 12750
f 13158 13157 12765 13156
f 13149 12764 13157 13158
f 12751 13161 13162 13159
f 13159 13162 13154 12750
f 13162 13160 12894 13154
f 13161 12896 13160 13162
f 12750 13156 13165 13159
f 13159 13165 13163 12751
f 13165 13164 12766 13163
f 13156 12765 13164 13165
f 12752 13168 13169 13166
f 13166 13169 13161 12751
f 13169 13167 12896 13161
f 13168 12898 13167 13169
f 12751 13163 13172 13166
f 13166 13172 13170 12752
f 13172 13171 12767 13170
f 13163 12766 13171 13172
f 12753 13175 13176 13173
f 13173 13176 13168 12752
f 13176 13174 12898 13168
f 13175 12900 13174 13176
f 12752 13170 13179 13173
f 13173 13179 13177 12753
f 13179 13178 12768 13177
f 13170 12767 13178 13179
f 12754 13182 13183 13180
f 13180 13183 13175 12753
f 13183 13181 12900 13175
f 13182 12902 13181 13183
f 12753 13177 13186 13180
f 13180 13186 13184 12754
f 13186 13185 12769 13184
f 13177 12768 13185 13186
f 12755 13189 13190 13187
f 13187 13190 13182 12754
f 13190 13188 12902 13182
f 13189 12904 13188 13190
f 12770 13193 13194 13191
f 13191 13194 13189 12755
f 13194 13192 12904 13189
f 13193 12905 13192 13194
f 12754 13184 13196 13187
f 13187 13196 13191 12755
f 13196 13195 12770 13191
f 13184 12769 13195 13196
f 12756 13097 13200 13197
f 13197 13200 13198 12771
f 13200 13199 12907 13198
f 13097 12878 13199 13200
f 12756 13197 13203 13101
f 13101 13203 13201 12757
f 13203 13202 12772 13201
f 13197 12771 13202 13203
f 12877 13207 13208 13204
f 13204 13208 13205 12906
f 13208 13206 12908 13205
f 13207 12881 13206 13208
f 12757 13201 13211 13108
f 13108 13211 13209 12758
f 13211 13210 12773 13209
f 13201 12772 13210 13211
f 12881 13214 13215 13206
f 13206 13215 13212 12908
f 13215 13213 12909 13212
f 13214 12883 13213 13215
f 12758 13209 13218 13115
f 13115 13218 13216 12759
f 13218 13217 12774 13216
f 13209 12773 13217 13218
f 12883 13221 13222 13213
f 13213 13222 13219 12909
f 13222 13220 12910 13219
f 13221 12885 13220 13222
f 12759 13216 13225 13122
f 13122 13225 13223 12760
f 13225 13224 12775 13223
f 13216 12774 13224 13225
f 12885 13228 13229 13220
f 13220 13229 13226 12910
f 13229 13227 12911 13226
f 13228 12887 13227 13229
f 12760 13223 13232 13129
f 13129 13232 13230 12761
f 13232 13231 12776 13230
f 13223 12775 13231 13232
f 12887 13235 13236 13227
f 13227 13236 13233 12911
f 13236 13234 12912 13233
f 13235 12889 13234 13236
f 12761 13230 13239 13136
f 13136 13239 13237 12762
f 13239 13238 12777 13237
f 13230 12776 13238 13239
f 12889 13242 13243 13234
f 13234 13243 13240 12912
f 13243 13241 12913 13240
f 13242 12891 13241 13243
f 12762 13237 13246 13143
f 13143 13246 13244 12763
f 13246 13245 12778 13244
f 13237 12777 13245 13246
f 12891 13249 13250 13241
f 13241 13250 13247 12913
f 13250 13248 12914 13247
f 13249 12893 13248 13250
f 12763 13244 13253 13150
f 13150 13253 13251 12764
f 13253 13252 12779 13251
f 13244 12778 13252 13253
f 12893 13256 13257 13248
f 13248 13257 13254 12914
f 13257 13255 12915 13254
f 13256 12895 13255 13257
f 12764 13251 13260 13157
f 13157 13260 13258 12765
f 13260 13259 12780 13258
f 13251 12779 13259 13260
f 12895 13263 13264 13255
f 13255 13264 13261 12915
f 13264 13262 12916 13261
f 13263 12897 13262 13264
f 12765 13258 13267 13164
f 13164 13267 13265 12766
f 13267 13266 12781 13265
f 13258 12780 13266 13267
f 12897 13270 13271 13262
f 13262 13271 13268 12916
f 13271 13269 12917 13268
f 13270 12899 13269 13271
f 12766 13265 13274 13171
f 13171 13274 13272 12767
f 13274 13273 12782 13272
f 13265 12781 13273 13274
f 12899 13277 13278 13269
f 13269 13278 13275 12917
f 13278 13276 12918 13275
f 13277 12901 13276 13278
f 12767 13272 13281 13178
f 13178 13281 13279 12768
f 13281 13280 12783 13279
f 13272 12782 13280 13281
f 12901 13284 13285 13276
f 13276 13285 13282 12918
f 13285 13283 12919 13282
f 13284 12903 13283 13285
f 12768 13279 13288 13185
f 13185 13288 13286 12769
f 13288 13287 12784 13286
f 13279 12783 13287 13288
f 12785 13291 13292 13289
f 13289 13292 13193 12770
f 13292 13290 12905 13193
f 13291 12920 13290 13292
f 12769 13286 13294 13195
f 13195 13294 13289 12770
f 13294 13293 12785 13289
f 13286 12784 13293 13294
f 13009 13298 13299 13295
f 13295 13299 13296 13010
f 13299 13297 13090 13296
f 13298 13089 13297 13299
f 13010 13296 13303 13300
f 13300 13303 13301 12995
f 13303 13302 13063 13301
f 13296 13090 13302 13303
f 13064 13305 13306 13304
f 13304 13306 13297 13089
f 13306 13302 13090 13297
f 13305 13063 13302 13306
f 13008 13309 13310 13307
f 13307 13310 13298 13009
f 13310 13308 13089 13298
f 13309 13088 13308 13310
f 12994 13314 13315 13311
f 13311 13315 13312 12993
f 13315 13313 13087 13312
f 13314 13064 13313 13315
f 13087 13313 13317 13316
f 13316 13317 13308 13088
f 13317 13304 13089 13308
f 13313 13064 13304 13317
f 13007 13320 13321 13318
f 13318 13321 13309 13008
f 13321 13319 13088 13309
f 13320 13086 13319 13321
f 12993 13312 13325 13322
f 13322 13325 13323 12992
f 13325 13324 13085 13323
f 13312 13087 13324 13325
f 13085 13324 13327 13326
f 13326 13327 13319 13086
f 13327 13316 13088 13319
f 13324 13087 13316 13327
f 13006 13330 13331 13328
f 13328 13331 13320 13007
f 13331 13329 13086 13320
f 13330 13084 13329 13331
f 12992 13323 13335 13332
f 13332 13335 13333 12991
f 13335 13334 13083 13333
f 13323 13085 13334 13335
f 13083 13334 13337 13336
f 13336 13337 13329 13084
f 13337 13326 13086 13329
f 13334 13085 13326 13337
f 13005 13340 13341 13338
f 13338 13341 13330 13006
f 13341 13339 13084 13330
f 13340 13082 13339 13341
f 12991 13333 13345 13342
f 13342 13345 13343 12990
f 13345 13344 13081 13343
f 13333 13083 13344 13345
f 13081 13344 13347 13346
f 13346 13347 13339 13082
f 13347 13336 13084 13339
f 13344 13083 13336 13347
f 13004 13350 13351 13348
f 13348 13351 13340 13005
f 13351 13349 13082 13340
f 13350 13080 13349 13351
f 12990 13343 13355 13352
f 13352 13355 13353 12989
f 13355 13354 13079 13353
f 13343 13081 13354 13355
f 13079 13354 13357 13356
f 13356 13357 13349 13080
f 13357 13346 13082 13349
f 13354 13081 13346 13357
f 13003 13360 13361 13358
f 13358 13361 13350 13004
f 13361 13359 13080 13350
f 13360 13078 13359 13361
f 12989 13353 13365 13362
f 13362 13365 13363 12988
f 13365 13364 13077 13363
f 13353 13079 13364 13365
f 13077 13364 13367 13366
f 13366 13367 13359 13078
f 13367 13356 13080 13359
f 13364 13079 13356 13367
f 13002 13370 13371 13368
f 13368 13371 13360 13003
f 13371 13369 13078 13360
f 13370 13076 13369 13371
f 12988 13363 13375 13372
f 13372 13375 13373 12987
f 13375 13374 13075 13373
f 13363 13077 13374 13375
f 13075 13374 13377 13376
f 13376 13377 13369 13076
f 13377 13366 13078 13369
f 13374 13077 13366 13377
f 13001 13380 13381 13378
f 13378 13381 13370 13002
f 13381 13379 13076 13370
f 13380 13074 13379 13381
f 12987 13373 13385 13382
f 13382 13385 13383 12986
f 13385 13384 13073 13383
f 13373 13075 13384 13385
f 13073 13384 13387 13386
f 13386 13387 13379 13074
f 13387 13376 13076 13379
f 13384 13075 13376 13387
f 13000 13390 13391 13388
f 13388 13391 13380 13001
f 13391 13389 13074 13380
f 13390 13072 13389 13391
f 12771 13198 13395 13392
f 13392 13395 13393 12786
f 13395 13394 12922 13393
f 13198 12907 13394 13395
f 12771 13392 13398 13202
f 13202 13398 13396 12772
f 13398 13397 12787 13396
f 13392 12786 13397 13398
f 12906 13205 13402 13399
f 13399 13402 13400 12921
f 13402 13401 12923 13400
f 13205 12908 13401 13402
f 12772 13396 13405 13210
f 13210 13405 13403 12773
f 13405 13404 12788 13403
f 13396 12787 13404 13405
f 12908 13212 13408 13401
f 13401 13408 13406 12923
f 13408 13407 12924 13406
f 13212 12909 13407 13408
f 12773 13403 13411 13217
f 13217 13411 13409 12774
f 13411 13410 12789 13409
f 13403 12788 13410 13411
f 12909 13219 13414 13407
f 13407 13414 13412 12924
f 13414 13413 12925 13412
f 13219 12910 13413 13414
f 12774 13409 13417 13224
f 13224 13417 13415 12775
f 13417 13416 12790 13415
f 13409 12789 13416 13417
f 12910 13226 13420 13413
f 13413 13420 13418 12925
f 13420 13419 12926 13418
f 13226 12911 13419 13420
f 12775 13415 13423 13231
f 13231 13423 13421 12776
f 13423 13422 12791 13421
f 13415 12790 13422 13423
f 12911 13233 13426 13419
f 13419 13426 13424 12926
f 13426 13425 12927 13424
f 13233 12912 13425 13426
f 12776 13421 13429 13238
f 13238 13429 13427 12777
f 13429 13428 12792 13427
f 13421 12791 13428 13429
f 12912 13240 13432 13425
f 13425 13432 13430 12927
f 13432 13431 12928 13430
f 13240 12913 13431 13432
f 12777 13427 13435 13245
f 13245 13435 13433 12778
f 13435 13434 12793 13433
f 13427 12792 13434 13435
f 12913 13247 13438 13431
f 13431 13438 13436 12928
f 13438 13437 12929 13436
f 13247 12914 13437 13438
f 12778 13433 13441 13252
f 13252 13441 13439 12779
f 13441 13440 12794 13439
f 13433 12793 13440 13441
f 12914 13254 13444 13437
f 13437 13444 13442 12929
f 13444 13443 12930 13442
f 13254 12915 13443 13444
f 12779 13439 13447 13259
f 13259 13447 13445 12780
f 13447 13446 12795 13445
f 13439 12794 13446 13447
f 12915 13261 13450 13443
f 13443 13450 13448 12930
f 13450 13449 12931 13448
f 13261 12916 13449 13450
f 12780 13445 13453 13266
f 13266 13453 13451 12781
f 13453 13452 12796 13451
f 13445 12795 13452 13453
f 12916 13268 13456 13449
f 13449 13456 13454 12931
f 13456 13455 12932 13454
f 13268 12917 13455 13456
f 12781 13451 13459 13273
f 13273 13459 13457 12782
f 13459 13458 12797 13457
f 13451 12796 13458 13459
f 12917 13275 13462 13455
f 13455 13462 13460 12932
f 13462 13461 12933 13460
f 13275 12918 13461 13462
f 12782 13457 13465 13280
f 13280 13465 13463 12783
f 13465 13464 12798 13463
f 13457 12797 13464 13465
f 12918 13282 13468 13461
f 13461 13468 13466 12933
f 13468 13467 12934 13466
f 13282 12919 13467 13468
f 12783 13463 13471 13287
f 13287 13471 13469 12784
f 13471 13470 12799 13469
f 13463 12798 13470 13471
f 12800 13474 13475 13472
f 13472 13475 13291 12785
f 13475 13473 12920 13291
f 13474 12935 13473 13475
f 12784 13469 13477 13293
f 13293 13477 13472 12785
f 13477 13476 12800 13472
f 13469 12799 13476 13477
f 12984 13481 13482 13478
f 13478 13482 13479 12983
f 13482 13480 13067 13479
f 13481 13069 13480 13482
f 13067 13480 13486 13483
f 13483 13486 13484 13068
f 13486 13485 13070 13484
f 13480 13069 13485 13486
f 12996 13490 13491 13487
f 13487 13491 13488 12998
f 13491 13489 13068 13488
f 13490 13065 13489 13491
f 12983 13479 13495 13492
f 13492 13495 13493 12981
f 13495 13494 13061 13493
f 13479 13067 13494 13495
f 13061 13494 13497 13496
f 13496 13497 13489 13065
f 13497 13483 13068 13489
f 13494 13067 13483 13497
f 12982 13501 13502 13498
f 13498 13502 13499 12997
f 13502 13500 13066 13499
f 13501 13062 13500 13502
f 12997 13499 13505 13503
f 13503 13505 13490 12996
f 13505 13504 13065 13490
f 13499 13066 13504 13505
f 13062 13506 13507 13500
f 13500 13507 13504 13066
f 13507 13496 13065 13504
f 13506 13061 13496 13507
f 12868 13510 13511 13508
f 13508 13511 13509 12869
f 13511 13358 13004 13509
f 13510 13003 13358 13511
f 12852 13515 13516 13512
f 13512 13516 13513 12853
f 13516 13514 12868 13513
f 13515 12867 13514 13516
f 12867 13517 13518 13514
f 13514 13518 13510 12868
f 13518 13368 13003 13510
f 13517 13002 13368 13518
f 12851 13521 13522 13519
f 13519 13522 13515 12852
f 13522 13520 12867 13515
f 13521 12866 13520 13522
f 12866 13523 13524 13520
f 13520 13524 13517 12867
f 13524 13378 13002 13517
f 13523 13001 13378 13524
f 12850 13527 13528 13525
f 13525 13528 13521 12851
f 13528 13526 12866 13521
f 13527 12865 13526 13528
f 12979 13531 13532 13529
f 13529 13532 13314 12994
f 13532 13530 13064 13314
f 13531 13060 13530 13532
f 12995 13301 13536 13533
f 13533 13536 13534 12980
f 13536 13535 13059 13534
f 13301 13063 13535 13536
f 13060 13537 13538 13530
f 13530 13538 13305 13064
f 13538 13535 13063 13305
f 13537 13059 13535 13538
f 12967 13541 13542 13539
f 13539 13542 13501 12982
f 13542 13540 13062 13501
f 13541 13058 13540 13542
f 12981 13493 13546 13543
f 13543 13546 13544 12966
f 13546 13545 13057 13544
f 13493 13061 13545 13546
f 13058 13547 13548 13540
f 13540 13548 13506 13062
f 13548 13545 13061 13506
f 13547 13057 13545 13548
f 12964 13551 13552 13549
f 13549 13552 13531 12979
f 13552 13550 13060 13531
f 13551 13056 13550 13552
f 12980 13534 13556 13553
f 13553 13556 13554 12965
f 13556 13555 13055 13554
f 13534 13059 13555 13556
f 13056 13557 13558 13550
f 13550 13558 13537 13060
f 13558 13555 13059 13537
f 13557 13055 13555 13558
f 12952 13561 13562 13559
f 13559 13562 13541 12967
f 13562 13560 13058 13541
f 13561 13054 13560 13562
f 12966 13544 13566 13563
f 13563 13566 13564 12951
f 13566 13565 13053 13564
f 13544 13057 13565 13566
f 13054 13567 13568 13560
f 13560 13568 13547 13058
f 13568 13565 13057 13547
f 13567 13053 13565 13568
f 12890 13571 13572 13139
f 13139 13572 13569 12888
f 13572 13570 13023 13569
f 13571 13025 13570 13572
f 13023 13570 13576 13573
f 13573 13576 13574 13024
f 13576 13575 13026 13574
f 13570 13025 13575 13576
f 12786 13393 13580 13577
f 13577 13580 13578 12801
f 13580 13579 12937 13578
f 13393 12922 13579 13580
f 12786 13577 13583 13397
f 13397 13583 13581 12787
f 13583 13582 12802 13581
f 13577 12801 13582 13583
f 12921 13400 13587 13584
f 13584 13587 13585 12936
f 13587 13586 12938 13585
f 13400 12923 13586 13587
f 12787 13581 13590 13404
f 13404 13590 13588 12788
f 13590 13589 12803 13588
f 13581 12802 13589 13590
f 12923 13406 13593 13586
f 13586 13593 13591 12938
f 13593 13592 12939 13591
f 13406 12924 13592 13593
f 12788 13588 13596 13410
f 13410 13596 13594 12789
f 13596 13595 12804 13594
f 13588 12803 13595 13596
f 12924 13412 13599 13592
f 13592 13599 13597 12939
f 13599 13598 12940 13597
f 13412 12925 13598 13599
f 12789 13594 13602 13416
f 13416 13602 13600 12790
f 13602 13601 12805 13600
f 13594 12804 13601 13602
f 12925 13418 13605 13598
f 13598 13605 13603 12940
f 13605 13604 12941 13603
f 13418 12926 13604 13605
f 12790 13600 13608 13422
f 13422 13608 13606 12791
f 13608 13607 12806 13606
f 13600 12805 13607 13608
f 12926 13424 13611 13604
f 13604 13611 13609 12941
f 13611 13610 12942 13609
f 13424 12927 13610 13611
f 12791 13606 13614 13428
f 13428 13614 13612 12792
f 13614 13613 12807 13612
f 13606 12806 13613 13614
f 12927 13430 13617 13610
f 13610 13617 13615 12942
f 13617 13616 12943 13615
f 13430 12928 13616 13617
f 12792 13612 13620 13434
f 13434 13620 13618 12793
f 13620 13619 12808 13618
f 13612 12807 13619 13620
f 12928 13436 13623 13616
f 13616 13623 13621 12943
f 13623 13622 12944 13621
f 13436 12929 13622 13623
f 12793 13618 13626 13440
f 13440 13626 13624 12794
f 13626 13625 12809 13624
f 13618 12808 13625 13626
f 12929 13442 13629 13622
f 13622 13629 13627 12944
f 13629 13628 12945 13627
f 13442 12930 13628 13629
f 12794 13624 13632 13446
f 13446 13632 13630 12795
f 13632 13631 12810 13630
f 13624 12809 13631 13632
f 12930 13448 13635 13628
f 13628 13635 13633 12945
f 13635 13634 12946 13633
f 13448 12931 13634 13635
f 12795 13630 13638 13452
f 13452 13638 13636 12796
f 13638 13637 12811 13636
f 13630 12810 13637 13638
f 12931 13454 13641 13634
f 13634 13641 13639 12946
f 13641 13640 12947 13639
f 13454 12932 13640 13641
f 12796 13636 13644 13458
f 13458 13644 13642 12797
f 13644 13643 12812 13642
f 13636 12811 13643 13644
f 12932 13460 13647 13640
f 13640 13647 13645 12947
f 13647 13646 12948 13645
f 13460 12933 13646 13647
f 12797 13642 13650 13464
f 13464 13650 13648 12798
f 13650 13649 12813 13648
f 13642 12812 13649 13650
f 12933 13466 13653 13646
f 13646 13653 13651 12948
f 13653 13652 12949 13651
f 13466 12934 13652 13653
f 12798 13648 13656 13470
f 13470 13656 13654 12799
f 13656 13655 12814 13654
f 13648 12813 13655 13656
f 12815 13659 13660 13657
f 13657 13660 13474 12800
f 13660 13658 12935 13474
f 13659 12950 13658 13660
f 12799 13654 13662 13476
f 13476 13662 13657 12800
f 13662 13661 12815 13657
f 13654 12814 13661 13662
f 12998 13488 13665 13663
f 13663 13665 13664 12999
f 13665 13484 13070 13664
f 13488 13068 13484 13665
f 13069 13668 13669 13485
f 13485 13669 13666 13070
f 13669 13667 13072 13666
f 13668 13071 13667 13669
f 12985 13671 13672 13670
f 13670 13672 13481 12984
f 13672 13668 13069 13481
f 13671 13071 13668 13672
f 12999 13664 13674 13673
f 13673 13674 13390 13000
f 13674 13666 13072 13390
f 13664 13070 13666 13674
f 12949 13677 13678 13675
f 13675 13678 13551 12964
f 13678 13676 13056 13551
f 13677 13052 13676 13678
f 12965 13554 13682 13679
f 13679 13682 13680 12950
f 13682 13681 13051 13680
f 13554 13055 13681 13682
f 13052 13683 13684 13676
f 13676 13684 13557 13056
f 13684 13681 13055 13557
f 13683 13051 13681 13684
f 12937 13687 13688 13685
f 13685 13688 13561 12952
f 13688 13686 13054 13561
f 13687 13050 13686 13688
f 12951 13564 13692 13689
f 13689 13692 13690 12936
f 13692 13691 13049 13690
f 13564 13053 13691 13692
f 13050 13693 13694 13686
f 13686 13694 13567 13054
f 13694 13691 13053 13567
f 13693 13049 13691 13694
f 12934 13696 13697 13652
f 13652 13697 13677 12949
f 13697 13695 13052 13677
f 13696 13048 13695 13697
f 12950 13680 13700 13658
f 13658 13700 13698 12935
f 13700 13699 13047 13698
f 13680 13051 13699 13700
f 13048 13701 13702 13695
f 13695 13702 13683 13052
f 13702 13699 13051 13683
f 13701 13047 13699 13702
f 12922 13704 13705 13579
f 13579 13705 13687 12937
f 13705 13703 13050 13687
f 13704 13046 13703 13705
f 12936 13690 13708 13584
f 13584 13708 13706 12921
f 13708 13707 13045 13706
f 13690 13049 13707 13708
f 13046 13709 13710 13703
f 13703 13710 13693 13050
f 13710 13707 13049 13693
f 13709 13045 13707 13710
f 13071 13711 13712 13667
f 13667 13712 13389 13072
f 13712 13386 13074 13389
f 13711 13073 13386 13712
f 12986 13383 13714 13713
f 13713 13714 13671 12985
f 13714 13711 13071 13671
f 13383 13073 13711 13714
f 12887 13717 13718 13235
f 13235 13718 13715 12889
f 13718 13716 13024 13715
f 13717 13022 13716 13718
f 12888 13569 13721 13132
f 13132 13721 13719 12886
f 13721 13720 13021 13719
f 13569 13023 13720 13721
f 13021 13720 13723 13722
f 13722 13723 13716 13022
f 13723 13573 13024 13716
f 13720 13023 13573 13723
f 12885 13725 13726 13228
f 13228 13726 13717 12887
f 13726 13724 13022 13717
f 13725 13020 13724 13726
f 12919 13728 13729 13467
f 13467 13729 13696 12934
f 13729 13727 13048 13696
f 13728 13044 13727 13729
f 12935 13698 13732 13473
f 13473 13732 13730 12920
f 13732 13731 13043 13730
f 13698 13047 13731 13732
f 13044 13733 13734 13727
f 13727 13734 13701 13048
f 13734 13731 13047 13701
f 13733 13043 13731 13734
f 12907 13736 13737 13394
f 13394 13737 13704 12922
f 13737 13735 13046 13704
f 13736 13042 13735 13737
f 12921 13706 13740 13399
f 13399 13740 13738 12906
f 13740 13739 13041 13738
f 13706 13045 13739 13740
f 13042 13741 13742 13735
f 13735 13742 13709 13046
f 13742 13739 13045 13709
f 13741 13041 13739 13742
f 12801 13578 13745 13743
f 13743 13745 13744 12816
f 13745 13685 12952 13744
f 13578 12937 13685 13745
f 12801 13743 13748 13582
f 13582 13748 13746 12802
f 13748 13747 12817 13746
f 13743 12816 13747 13748
f 12936 13585 13751 13689
f 13689 13751 13749 12951
f 13751 13750 12953 13749
f 13585 12938 13750 13751
f 12802 13746 13754 13589
f 13589 13754 13752 12803
f 13754 13753 12818 13752
f 13746 12817 13753 13754
f 12938 13591 13757 13750
f 13750 13757 13755 12953
f 13757 13756 12954 13755
f 13591 12939 13756 13757
f 12803 13752 13760 13595
f 13595 13760 13758 12804
f 13760 13759 12819 13758
f 13752 12818 13759 13760
f 12939 13597 13763 13756
f 13756 13763 13761 12954
f 13763 13762 12955 13761
f 13597 12940 13762 13763
f 12804 13758 13766 13601
f 13601 13766 13764 12805
f 13766 13765 12820 13764
f 13758 12819 13765 13766
f 12940 13603 13769 13762
f 13762 13769 13767 12955
f 13769 13768 12956 13767
f 13603 12941 13768 13769
f 12805 13764 13772 13607
f 13607 13772 13770 12806
f 13772 13771 12821 13770
f 13764 12820 13771 13772
f 12941 13609 13775 13768
f 13768 13775 13773 12956
f 13775 13774 12957 13773
f 13609 12942 13774 13775
f 12806 13770 13778 13613
f 13613 13778 13776 12807
f 13778 13777 12822 13776
f 13770 12821 13777 13778
f 12942 13615 13781 13774
f 13774 13781 13779 12957
f 13781 13780 12958 13779
f 13615 12943 13780 13781
f 12807 13776 13784 13619
f 13619 13784 13782 12808
f 13784 13783 12823 13782
f 13776 12822 13783 13784
f 12943 13621 13787 13780
f 13780 13787 13785 12958
f 13787 13786 12959 13785
f 13621 12944 13786 13787
f 12808 13782 13790 13625
f 13625 13790 13788 12809
f 13790 13789 12824 13788
f 13782 12823 13789 13790
f 12944 13627 13793 13786
f 13786 13793 13791 12959
f 13793 13792 12960 13791
f 13627 12945 13792 13793
f 12809 13788 13796 13631
f 13631 13796 13794 12810
f 13796 13795 12825 13794
f 13788 12824 13795 13796
f 12945 13633 13799 13792
f 13792 13799 13797 12960
f 13799 13798 12961 13797
f 13633 12946 13798 13799
f 12810 13794 13802 13637
f 13637 13802 13800 12811
f 13802 13801 12826 13800
f 13794 12825 13801 13802
f 12946 13639 13805 13798
f 13798 13805 13803 12961
f 13805 13804 12962 13803
f 13639 12947 13804 13805
f 12811 13800 13808 13643
f 13643 13808 13806 12812
f 13808 13807 12827 13806
f 13800 12826 13807 13808
f 12947 13645 13811 13804
f 13804 13811 13809 12962
f 13811 13810 12963 13809
f 13645 12948 13810 13811
f 12812 13806 13814 13649
f 13649 13814 13812 12813
f 13814 13813 12828 13812
f 13806 12827 13813 13814
f 12948 13651 13816 13810
f 13810 13816 13815 12963
f 13816 13675 12964 13815
f 13651 12949 13675 13816
f 12813 13812 13819 13655
f 13655 13819 13817 12814
f 13819 13818 12829 13817
f 13812 12828 13818 13819
f 12830 13821 13822 13820
f 13820 13822 13659 12815
f 13822 13679 12950 13659
f 13821 12965 13679 13822
f 12814 13817 13824 13661
f 13661 13824 13820 12815
f 13824 13823 12830 13820
f 13817 12829 13823 13824
f 12903 13826 13827 13283
f 13283 13827 13728 12919
f 13827 13825 13044 13728
f 13826 13038 13825 13827
f 12920 13730 13830 13290
f 13290 13830 13828 12905
f 13830 13829 13040 13828
f 13730 13043 13829 13830
f 13038 13831 13832 13825
f 13825 13832 13733 13044
f 13832 13829 13043 13733
f 13831 13040 13829 13832
f 12878 13834 13835 13199
f 13199 13835 13736 12907
f 13835 13833 13042 13736
f 13834 13013 13833 13835
f 12906 13738 13838 13204
f 13204 13838 13836 12877
f 13838 13837 13012 13836
f 13738 13041 13837 13838
f 13013 13839 13840 13833
f 13833 13840 13741 13042
f 13840 13837 13041 13741
f 13839 13012 13837 13840
f 12905 13828 13843 13192
f 13192 13843 13841 12904
f 13843 13842 13039 13841
f 13828 13040 13842 13843
f 12904 13841 13846 13188
f 13188 13846 13844 12902
f 13846 13845 13037 13844
f 13841 13039 13845 13846
f 13037 13845 13848 13847
f 13847 13848 13831 13038
f 13848 13842 13040 13831
f 13845 13039 13842 13848
f 12901 13850 13851 13284
f 13284 13851 13826 12903
f 13851 13849 13038 13826
f 13850 13036 13849 13851
f 12902 13844 13854 13181
f 13181 13854 13852 12900
f 13854 13853 13035 13852
f 13844 13037 13853 13854
f 13035 13853 13856 13855
f 13855 13856 13849 13036
f 13856 13847 13038 13849
f 13853 13037 13847 13856
f 12899 13858 13859 13277
f 13277 13859 13850 12901
f 13859 13857 13036 13850
f 13858 13034 13857 13859
f 12900 13852 13862 13174
f 13174 13862 13860 12898
f 13862 13861 13033 13860
f 13852 13035 13861 13862
f 13033 13861 13864 13863
f 13863 13864 13857 13034
f 13864 13855 13036 13857
f 13861 13035 13855 13864
f 12897 13866 13867 13270
f 13270 13867 13858 12899
f 13867 13865 13034 13858
f 13866 13032 13865 13867
f 12898 13860 13870 13167
f 13167 13870 13868 12896
f 13870 13869 13031 13868
f 13860 13033 13869 13870
f 13031 13869 13872 13871
f 13871 13872 13865 13032
f 13872 13863 13034 13865
f 13869 13033 13863 13872
f 12895 13874 13875 13263
f 13263 13875 13866 12897
f 13875 13873 13032 13866
f 13874 13030 13873 13875
f 12896 13868 13878 13160
f 13160 13878 13876 12894
f 13878 13877 13029 13876
f 13868 13031 13877 13878
f 13029 13877 13880 13879
f 13879 13880 13873 13030
f 13880 13871 13032 13873
f 13877 13031 13871 13880
f 12893 13882 13883 13256
f 13256 13883 13874 12895
f 13883 13881 13030 13874
f 13882 13028 13881 13883
f 12894 13876 13886 13153
f 13153 13886 13884 12892
f 13886 13885 13027 13884
f 13876 13029 13885 13886
f 13027 13885 13888 13887
f 13887 13888 13881 13028
f 13888 13879 13030 13881
f 13885 13029 13879 13888
f 12891 13890 13891 13249
f 13249 13891 13882 12893
f 13891 13889 13028 13882
f 13890 13026 13889 13891
f 12892 13884 13893 13146
f 13146 13893 13571 12890
f 13893 13892 13025 13571
f 13884 13027 13892 13893
f 13025 13892 13894 13575
f 13575 13894 13889 13026
f 13894 13887 13028 13889
f 13892 13027 13887 13894
f 12889 13715 13895 13242
f 13242 13895 13890 12891
f 13895 13574 13026 13890
f 13715 13024 13574 13895
f 12886 13719 13898 13125
f 13125 13898 13896 12884
f 13898 13897 13019 13896
f 13719 13021 13897 13898
f 13019 13897 13900 13899
f 13899 13900 13724 13020
f 13900 13722 13022 13724
f 13897 13021 13722 13900
f 12883 13902 13903 13221
f 13221 13903 13725 12885
f 13903 13901 13020 13725
f 13902 13018 13901 13903
f 12884 13896 13906 13118
f 13118 13906 13904 12882
f 13906 13905 13017 13904
f 13896 13019 13905 13906
f 13017 13905 13908 13907
f 13907 13908 13901 13018
f 13908 13899 13020 13901
f 13905 13019 13899 13908
f 12881 13910 13911 13214
f 13214 13911 13902 12883
f 13911 13909 13018 13902
f 13910 13016 13909 13911
f 12882 13904 13914 13111
f 13111 13914 13912 12880
f 13914 13913 13015 13912
f 13904 13017 13913 13914
f 13015 13913 13916 13915
f 13915 13916 13909 13016
f 13916 13907 13018 13909
f 13913 13017 13907 13916
f 12877 13836 13918 13207
f 13207 13918 13910 12881
f 13918 13917 13016 13910
f 13836 13012 13917 13918
f 12880 13912 13921 13104
f 13104 13921 13919 12876
f 13921 13920 13011 13919
f 13912 13015 13920 13921
f 13011 13920 13923 13922
f 13922 13923 13917 13012
f 13923 13915 13016 13917
f 13920 13015 13915 13923
f 12879 13925 13926 13098
f 13098 13926 13834 12878
f 13926 13924 13013 13834
f 13925 13014 13924 13926
f 12876 13919 13928 13093
f 13093 13928 13925 12879
f 13928 13927 13014 13925
f 13919 13011 13927 13928
f 13014 13927 13929 13924
f 13924 13929 13839 13013
f 13929 13922 13012 13839
f 13927 13011 13922 13929
f 12859 13933 13934 13930
f 13930 13934 13931 12860
f 13934 13932 12875 13931
f 13933 12874 13932 13934
f 12874 13936 13937 13932
f 13932 13937 13935 12875
f 13937 13295 13010 13935
f 13936 13009 13295 13937
f 12875 13935 13939 13931
f 13931 13939 13938 12860
f 13939 13300 12995 13938
f 13935 13010 13300 13939
f 12858 13942 13943 13940
f 13940 13943 13933 12859
f 13943 13941 12874 13933
f 13942 12873 13941 13943
f 12873 13944 13945 13941
f 13941 13945 13936 12874
f 13945 13307 13009 13936
f 13944 13008 13307 13945
f 12857 13948 13949 13946
f 13946 13949 13942 12858
f 13949 13947 12873 13942
f 13948 12872 13947 13949
f 12872 13950 13951 13947
f 13947 13951 13944 12873
f 13951 13318 13008 13944
f 13950 13007 13318 13951
f 12856 13954 13955 13952
f 13952 13955 13948 12857
f 13955 13953 12872 13948
f 13954 12871 13953 13955
f 12871 13956 13957 13953
f 13953 13957 13950 12872
f 13957 13328 13007 13950
f 13956 13006 13328 13957
f 12855 13960 13961 13958
f 13958 13961 13954 12856
f 13961 13959 12871 13954
f 13960 12870 13959 13961
f 12870 13962 13963 13959
f 13959 13963 13956 12871
f 13963 13338 13006 13956
f 13962 13005 13338 13963
f 12854 13966 13967 13964
f 13964 13967 13960 12855
f 13967 13965 12870 13960
f 13966 12869 13965 13967
f 12869 13509 13968 13965
f 13965 13968 13962 12870
f 13968 13348 13005 13962
f 13509 13004 13348 13968
f 12853 13513 13970 13969
f 13969 13970 13966 12854
f 13970 13508 12869 13966
f 13513 12868 13508 13970
f 12816 13744 13973 13971
f 13971 13973 13972 12831
f 13973 13559 12967 13972
f 13744 12952 13559 13973
f 12816 13971 13976 13747
f 13747 13976 13974 12817
f 13976 13975 12832 13974
f 13971 12831 13975 13976
f 12951 13749 13979 13563
f 13563 13979 13977 12966
f 13979 13978 12968 13977
f 13749 12953 13978 13979
f 12817 13974 13982 13753
f 13753 13982 13980 12818
f 13982 13981 12833 13980
f 13974 12832 13981 13982
f 12953 13755 13985 13978
f 13978 13985 13983 12968
f 13985 13984 12969 13983
f 13755 12954 13984 13985
f 12818 13980 13988 13759
f 13759 13988 13986 12819
f 13988 13987 12834 13986
f 13980 12833 13987 13988
f 12954 13761 13991 13984
f 13984 13991 13989 12969
f 13991 13990 12970 13989
f 13761 12955 13990 13991
f 12819 13986 13994 13765
f 13765 13994 13992 12820
f 13994 13993 12835 13992
f 13986 12834 13993 13994
f 12955 13767 13997 13990
f 13990 13997 13995 12970
f 13997 13996 12971 13995
f 13767 12956 13996 13997
f 12820 13992 14000 13771
f 13771 14000 13998 12821
f 14000 13999 12836 13998
f 13992 12835 13999 14000
f 12956 13773 14003 13996
f 13996 14003 14001 12971
f 14003 14002 12972 14001
f 13773 12957 14002 14003
f 12821 13998 14006 13777
f 13777 14006 14004 12822
f 14006 14005 12837 14004
f 13998 12836 14005 14006
f 12957 13779 14009 14002
f 14002 14009 14007 12972
f 14009 14008 12973 14007
f 13779 12958 14008 14009
f 12822 14004 14012 13783
f 13783 14012 14010 12823
f 14012 14011 12838 14010
f 14004 12837 14011 14012
f 12958 13785 14015 14008
f 14008 14015 14013 12973
f 14015 14014 12974 14013
f 13785 12959 14014 14015
f 12823 14010 14018 13789
f 13789 14018 14016 12824
f 14018 14017 12839 14016
f 14010 12838 14017 14018
f 12959 13791 14021 14014
f 14014 14021 14019 12974
f 14021 14020 12975 14019
f 13791 12960 14020 14021
f 12824 14016 14024 13795
f 13795 14024 14022 12825
f 14024 14023 12840 14022
f 14016 12839 14023 14024
f 12960 13797 14027 14020
f 14020 14027 14025 12975
f 14027 14026 12976 14025
f 13797 12961 14026 14027
f 12825 14022 14030 13801
f 13801 14030 14028 12826
f 14030 14029 12841 14028
f 14022 12840 14029 14030
f 12961 13803 14033 14026
f 14026 14033 14031 12976
f 14033 14032 12977 14031
f 13803 12962 14032 14033
f 12826 14028 14036 13807
f 13807 14036 14034 12827
f 14036 14035 12842 14034
f 14028 12841 14035 14036
f 12962 13809 14039 14032
f 14032 14039 14037 12977
f 14039 14038 12978 14037
f 13809 12963 14038 14039
f 12827 14034 14042 13813
f 13813 14042 14040 12828
f 14042 14041 12843 14040
f 14034 12842 14041 14042
f 12963 13815 14044 14038
f 14038 14044 14043 12978
f 14044 13549 12979 14043
f 13815 12964 13549 14044
f 12828 14040 14047 13818
f 13818 14047 14045 12829
f 14047 14046 12844 14045
f 14040 12843 14046 14047
f 12845 14049 14050 14048
f 14048 14050 13821 12830
f 14050 13553 12965 13821
f 14049 12980 13553 14050
f 12829 14045 14052 13823
f 13823 14052 14048 12830
f 14052 14051 12845 14048
f 14045 12844 14051 14052
f 12831 13972 14055 14053
f 14053 14055 14054 12846
f 14055 13539 12982 14054
f 13972 12967 13539 14055
f 12831 14053 14058 13975
f 13975 14058 14056 12832
f 14058 14057 12847 14056
f 14053 12846 14057 14058
f 12966 13977 14060 13543
f 13543 14060 13492 12981
f 14060 14059 12983 13492
f 13977 12968 14059 14060
f 12832 14056 14063 13981
f 13981 14063 14061 12833
f 14063 14062 12848 14061
f 14056 12847 14062 14063
f 12968 13983 14065 14059
f 14059 14065 13478 12983
f 14065 14064 12984 13478
f 13983 12969 14064 14065
f 12833 14061 14068 13987
f 13987 14068 14066 12834
f 14068 14067 12849 14066
f 14061 12848 14067 14068
f 12969 13989 14070 14064
f 14064 14070 13670 12984
f 14070 14069 12985 13670
f 13989 12970 14069 14070
f 12834 14066 14073 13993
f 13993 14073 14071 12835
f 14073 14072 12850 14071
f 14066 12849 14072 14073
f 12970 13995 14075 14069
f 14069 14075 13713 12985
f 14075 14074 12986 13713
f 13995 12971 14074 14075
f 12835 14071 14077 13999
f 13999 14077 14076 12836
f 14077 13525 12851 14076
f 14071 12850 13525 14077
f 12971 14001 14079 14074
f 14074 14079 13382 12986
f 14079 14078 12987 13382
f 14001 12972 14078 14079
f 12836 14076 14081 14005
f 14005 14081 14080 12837
f 14081 13519 12852 14080
f 14076 12851 13519 14081
f 12972 14007 14083 14078
f 14078 14083 13372 12987
f 14083 14082 12988 13372
f 14007 12973 14082 14083
f 12837 14080 14085 14011
f 14011 14085 14084 12838
f 14085 13512 12853 14084
f 14080 12852 13512 14085
f 12973 14013 14087 14082
f 14082 14087 13362 12988
f 14087 14086 12989 13362
f 14013 12974 14086 14087
f 12838 14084 14089 14017
f 14017 14089 14088 12839
f 14089 13969 12854 14088
f 14084 12853 13969 14089
f 12974 14019 14091 14086
f 14086 14091 13352 12989
f 14091 14090 12990 13352
f 14019 12975 14090 14091
f 12839 14088 14093 14023
f 14023 14093 14092 12840
f 14093 13964 12855 14092
f 14088 12854 13964 14093
f 12975 14025 14095 14090
f 14090 14095 13342 12990
f 14095 14094 12991 13342
f 14025 12976 14094 14095
f 12840 14092 14097 14029
f 14029 14097 14096 12841
f 14097 13958 12856 14096
f 14092 12855 13958 14097
f 12976 14031 14099 14094
f 14094 14099 13332 12991
f 14099 14098 12992 13332
f 14031 12977 14098 14099
f 12841 14096 14101 14035
f 14035 14101 14100 12842
f 14101 13952 12857 14100
f 14096 12856 13952 14101
f 12977 14037 14103 14098
f 14098 14103 13322 12992
f 14103 14102 12993 13322
f 14037 12978 14102 14103
f 12842 14100 14105 14041
f 14041 14105 14104 12843
f 14105 13946 12858 14104
f 14100 12857 13946 14105
f 12978 14043 14106 14102
f 14102 14106 13311 12993
f 14106 13529 12994 13311
f 14043 12979 13529 14106
f 12843 14104 14108 14046
f 14046 14108 14107 12844
f 14108 13940 12859 14107
f 14104 12858 13940 14108
f 12860 13938 14110 14109
f 14109 14110 14049 12845
f 14110 13533 12980 14049
f 13938 12995 13533 14110
f 12844 14107 14111 14051
f 14051 14111 14109 12845
f 14111 13930 12860 14109
f 14107 12859 13930 14111
f 12865 14112 14113 13526
f 13526 14113 13523 12866
f 14113 13388 13001 13523
f 14112 13000 13388 14113
f 12849 14115 14116 14072
f 14072 14116 13527 12850
f 14116 14114 12865 13527
f 14115 12864 14114 14116
f 12864 14117 14118 14114
f 14114 14118 14112 12865
f 14118 13673 13000 14112
f 14117 12999 13673 14118
f 12848 14120 14121 14067
f 14067 14121 14115 12849
f 14121 14119 12864 14115
f 14120 12863 14119 14121
f 12863 14122 14123 14119
f 14119 14123 14117 12864
f 14123 13663 12999 14117
f 14122 12998 13663 14123
f 12847 14125 14126 14062
f 14062 14126 14120 12848
f 14126 14124 12863 14120
f 14125 12862 14124 14126
f 12862 14127 14128 14124
f 14124 14128 14122 12863
f 14128 13487 12998 14122
f 14127 12996 13487 14128
f 12846 14130 14131 14057
f 14057 14131 14125 12847
f 14131 14129 12862 14125
f 14130 12861 14129 14131
f 12846 14054 14133 14130
f 14130 14133 14132 12861
f 14133 13498 12997 14132
f 14054 12982 13498 14133
f 12861 14132 14134 14129
f 14129 14134 14127 12862
f 14134 13503 12996 14127
f 14132 12997 13503 14134
g Group320
f 14136 14648 14649 14645
f 14645 14649 14646 14135
f 14649 14647 14363 14646
f 14648 14360 14647 14649
f 14135 14646 14653 14650
f 14650 14653 14651 14150
f 14653 14652 14362 14651
f 14646 14363 14652 14653
f 14135 14650 14656 14645
f 14645 14656 14654 14136
f 14656 14655 14151 14654
f 14650 14150 14655 14656
f 14137 14659 14660 14657
f 14657 14660 14648 14136
f 14660 14658 14360 14648
f 14659 14364 14658 14660
f 14136 14654 14663 14657
f 14657 14663 14661 14137
f 14663 14662 14152 14661
f 14654 14151 14662 14663
f 14138 14666 14667 14664
f 14664 14667 14659 14137
f 14667 14665 14364 14659
f 14666 14366 14665 14667
f 14137 14661 14670 14664
f 14664 14670 14668 14138
f 14670 14669 14153 14668
f 14661 14152 14669 14670
f 14139 14673 14674 14671
f 14671 14674 14666 14138
f 14674 14672 14366 14666
f 14673 14368 14672 14674
f 14138 14668 14677 14671
f 14671 14677 14675 14139
f 14677 14676 14154 14675
f 14668 14153 14676 14677
f 14140 14680 14681 14678
f 14678 14681 14673 14139
f 14681 14679 14368 14673
f 14680 14370 14679 14681
f 14139 14675 14684 14678
f 14678 14684 14682 14140
f 14684 14683 14155 14682
f 14675 14154 14683 14684
f 14141 14687 14688 14685
f 14685 14688 14680 14140
f 14688 14686 14370 14680
f 14687 14372 14686 14688
f 14140 14682 14691 14685
f 14685 14691 14689 14141
f 14691 14690 14156 14689
f 14682 14155 14690 14691
f 14142 14694 14695 14692
f 14692 14695 14687 14141
f 14695 14693 14372 14687
f 14694 14374 14693 14695
f 14141 14689 14698 14692
f 14692 14698 14696 14142
f 14698 14697 14157 14696
f 14689 14156 14697 14698
f 14143 14701 14702 14699
f 14699 14702 14694 14142
f 14702 14700 14374 14694
f 14701 14376 14700 14702
f 14142 14696 14705 14699
f 14699 14705 14703 14143
f 14705 14704 14158 14703
f 14696 14157 14704 14705
f 14144 14708 14709 14706
f 14706 14709 14701 14143
f 14709 14707 14376 14701
f 14708 14378 14707 14709
f 14143 14703 14712 14706
f 14706 14712 14710 14144
f 14712 14711 14159 14710
f 14703 14158 14711 14712
f 14145 14715 14716 14713
f 14713 14716 14708 14144
f 14716 14714 14378 14708
f 14715 14380 14714 14716
f 14144 14710 14719 14713
f 14713 14719 14717 14145
f 14719 14718 14160 14717
f 14710 14159 14718 14719
f 14146 14722 14723 14720
f 14720 14723 14715 14145
f 14723 14721 14380 14715
f 14722 14382 14721 14723
f 14145 14717 14726 14720
f 14720 14726 14724 14146
f 14726 14725 14161 14724
f 14717 14160 14725 14726
f 14147 14729 14730 14727
f 14727 14730 14722 14146
f 14730 14728 14382 14722
f 14729 14384 14728 14730
f 14146 14724 14733 14727
f 14727 14733 14731 14147
f 14733 14732 14162 14731
f 14724 14161 14732 14733
f 14148 14736 14737 14734
f 14734 14737 14729 14147
f 14737 14735 14384 14729
f 14736 14386 14735 14737
f 14147 14731 14740 14734
f 14734 14740 14738 14148
f 14740 14739 14163 14738
f 14731 14162 14739 14740
f 14149 14743 14744 14741
f 14741 14744 14736 14148
f 14744 14742 14386 14736
f 14743 14388 14742 14744
f 14164 14747 14748 14745
f 14745 14748 14743 14149
f 14748 14746 14388 14743
f 14747 14389 14746 14748
f 14148 14738 14750 14741
f 14741 14750 14745 14149
f 14750 14749 14164 14745
f 14738 14163 14749 14750
f 14362 14754 14755 14751
f 14751 14755 14752 14391
f 14755 14753 14390 14752
f 14754 14361 14753 14755
f 14150 14651 14758 14756
f 14756 14758 14757 14165
f 14758 14751 14391 14757
f 14651 14362 14751 14758
f 14150 14756 14761 14655
f 14655 14761 14759 14151
f 14761 14760 14166 14759
f 14756 14165 14760 14761
f 14361 14764 14765 14753
f 14753 14765 14762 14390
f 14765 14763 14392 14762
f 14764 14365 14763 14765
f 14151 14759 14768 14662
f 14662 14768 14766 14152
f 14768 14767 14167 14766
f 14759 14166 14767 14768
f 14365 14771 14772 14763
f 14763 14772 14769 14392
f 14772 14770 14393 14769
f 14771 14367 14770 14772
f 14152 14766 14775 14669
f 14669 14775 14773 14153
f 14775 14774 14168 14773
f 14766 14167 14774 14775
f 14367 14778 14779 14770
f 14770 14779 14776 14393
f 14779 14777 14394 14776
f 14778 14369 14777 14779
f 14153 14773 14782 14676
f 14676 14782 14780 14154
f 14782 14781 14169 14780
f 14773 14168 14781 14782
f 14369 14785 14786 14777
f 14777 14786 14783 14394
f 14786 14784 14395 14783
f 14785 14371 14784 14786
f 14154 14780 14789 14683
f 14683 14789 14787 14155
f 14789 14788 14170 14787
f 14780 14169 14788 14789
f 14371 14792 14793 14784
f 14784 14793 14790 14395
f 14793 14791 14396 14790
f 14792 14373 14791 14793
f 14155 14787 14796 14690
f 14690 14796 14794 14156
f 14796 14795 14171 14794
f 14787 14170 14795 14796
f 14373 14799 14800 14791
f 14791 14800 14797 14396
f 14800 14798 14397 14797
f 14799 14375 14798 14800
f 14156 14794 14803 14697
f 14697 14803 14801 14157
f 14803 14802 14172 14801
f 14794 14171 14802 14803
f 14375 14806 14807 14798
f 14798 14807 14804 14397
f 14807 14805 14398 14804
f 14806 14377 14805 14807
f 14157 14801 14810 14704
f 14704 14810 14808 14158
f 14810 14809 14173 14808
f 14801 14172 14809 14810
f 14377 14813 14814 14805
f 14805 14814 14811 14398
f 14814 14812 14399 14811
f 14813 14379 14812 14814
f 14158 14808 14817 14711
f 14711 14817 14815 14159
f 14817 14816 14174 14815
f 14808 14173 14816 14817
f 14379 14820 14821 14812
f 14812 14821 14818 14399
f 14821 14819 14400 14818
f 14820 14381 14819 14821
f 14159 14815 14824 14718
f 14718 14824 14822 14160
f 14824 14823 14175 14822
f 14815 14174 14823 14824
f 14381 14827 14828 14819
f 14819 14828 14825 14400
f 14828 14826 14401 14825
f 14827 14383 14826 14828
f 14160 14822 14831 14725
f 14725 14831 14829 14161
f 14831 14830 14176 14829
f 14822 14175 14830 14831
f 14383 14834 14835 14826
f 14826 14835 14832 14401
f 14835 14833 14402 14832
f 14834 14385 14833 14835
f 14161 14829 14838 14732
f 14732 14838 14836 14162
f 14838 14837 14177 14836
f 14829 14176 14837 14838
f 14385 14841 14842 14833
f 14833 14842 14839 14402
f 14842 14840 14403 14839
f 14841 14387 14840 14842
f 14162 14836 14845 14739
f 14739 14845 14843 14163
f 14845 14844 14178 14843
f 14836 14177 14844 14845
f 14387 14848 14849 14840
f 14840 14849 14846 14403
f 14849 14847 14404 14846
f 14848 14389 14847 14849
f 14179 14851 14852 14850
f 14850 14852 14747 14164
f 14852 14847 14389 14747
f 14851 14404 14847 14852
f 14163 14843 14854 14749
f 14749 14854 14850 14164
f 14854 14853 14179 14850
f 14843 14178 14853 14854
f 14391 14752 14858 14855
f 14855 14858 14856 14406
f 14858 14857 14405 14856
f 14752 14390 14857 14858
f 14165 14757 14861 14859
f 14859 14861 14860 14180
f 14861 14855 14406 14860
f 14757 14391 14855 14861
f 14165 14859 14864 14760
f 14760 14864 14862 14166
f 14864 14863 14181 14862
f 14859 14180 14863 14864
f 14390 14762 14867 14857
f 14857 14867 14865 14405
f 14867 14866 14407 14865
f 14762 14392 14866 14867
f 14166 14862 14870 14767
f 14767 14870 14868 14167
f 14870 14869 14182 14868
f 14862 14181 14869 14870
f 14392 14769 14873 14866
f 14866 14873 14871 14407
f 14873 14872 14408 14871
f 14769 14393 14872 14873
f 14167 14868 14876 14774
f 14774 14876 14874 14168
f 14876 14875 14183 14874
f 14868 14182 14875 14876
f 14393 14776 14879 14872
f 14872 14879 14877 14408
f 14879 14878 14409 14877
f 14776 14394 14878 14879
f 14168 14874 14882 14781
f 14781 14882 14880 14169
f 14882 14881 14184 14880
f 14874 14183 14881 14882
f 14394 14783 14885 14878
f 14878 14885 14883 14409
f 14885 14884 14410 14883
f 14783 14395 14884 14885
f 14169 14880 14888 14788
f 14788 14888 14886 14170
f 14888 14887 14185 14886
f 14880 14184 14887 14888
f 14395 14790 14891 14884
f 14884 14891 14889 14410
f 14891 14890 14411 14889
f 14790 14396 14890 14891
f 14170 14886 14894 14795
f 14795 14894 14892 14171
f 14894 14893 14186 14892
f 14886 14185 14893 14894
f 14396 14797 14897 14890
f 14890 14897 14895 14411
f 14897 14896 14412 14895
f 14797 14397 14896 14897
f 14171 14892 14900 14802
f 14802 14900 14898 14172
f 14900 14899 14187 14898
f 14892 14186 14899 14900
f 14397 14804 14903 14896
f 14896 14903 14901 14412
f 14903 14902 14413 14901
f 14804 14398 14902 14903
f 14172 14898 14906 14809
f 14809 14906 14904 14173
f 14906 14905 14188 14904
f 14898 14187 14905 14906
f 14398 14811 14909 14902
f 14902 14909 14907 14413
f 14909 14908 14414 14907
f 14811 14399 14908 14909
f 14173 14904 14912 14816
f 14816 14912 14910 14174
f 14912 14911 14189 14910
f 14904 14188 14911 14912
f 14399 14818 14915 14908
f 14908 14915 14913 14414
f 14915 14914 14415 14913
f 14818 14400 14914 14915
f 14174 14910 14918 14823
f 14823 14918 14916 14175
f 14918 14917 14190 14916
f 14910 14189 14917 14918
f 14400 14825 14921 14914
f 14914 14921 14919 14415
f 14921 14920 14416 14919
f 14825 14401 14920 14921
f 14175 14916 14924 14830
f 14830 14924 14922 14176
f 14924 14923 14191 14922
f 14916 14190 14923 14924
f 14401 14832 14927 14920
f 14920 14927 14925 14416
f 14927 14926 14417 14925
f 14832 14402 14926 14927
f 14176 14922 14930 14837
f 14837 14930 14928 14177
f 14930 14929 14192 14928
f 14922 14191 14929 14930
f 14402 14839 14933 14926
f 14926 14933 14931 14417
f 14933 14932 14418 14931
f 14839 14403 14932 14933
f 14177 14928 14936 14844
f 14844 14936 14934 14178
f 14936 14935 14193 14934
f 14928 14192 14935 14936
f 14403 14846 14939 14932
f 14932 14939 14937 14418
f 14939 14938 14419 14937
f 14846 14404 14938 14939
f 14194 14941 14942 14940
f 14940 14942 14851 14179
f 14942 14938 14404 14851
f 14941 14419 14938 14942
f 14178 14934 14944 14853
f 14853 14944 14940 14179
f 14944 14943 14194 14940
f 14934 14193 14943 14944
f 14406 14856 14948 14945
f 14945 14948 14946 14421
f 14948 14947 14420 14946
f 14856 14405 14947 14948
f 14180 14860 14951 14949
f 14949 14951 14950 14195
f 14951 14945 14421 14950
f 14860 14406 14945 14951
f 14180 14949 14954 14863
f 14863 14954 14952 14181
f 14954 14953 14196 14952
f 14949 14195 14953 14954
f 14405 14865 14957 14947
f 14947 14957 14955 14420
f 14957 14956 14422 14955
f 14865 14407 14956 14957
f 14181 14952 14960 14869
f 14869 14960 14958 14182
f 14960 14959 14197 14958
f 14952 14196 14959 14960
f 14407 14871 14963 14956
f 14956 14963 14961 14422
f 14963 14962 14423 14961
f 14871 14408 14962 14963
f 14182 14958 14966 14875
f 14875 14966 14964 14183
f 14966 14965 14198 14964
f 14958 14197 14965 14966
f 14408 14877 14969 14962
f 14962 14969 14967 14423
f 14969 14968 14424 14967
f 14877 14409 14968 14969
f 14183 14964 14972 14881
f 14881 14972 14970 14184
f 14972 14971 14199 14970
f 14964 14198 14971 14972
f 14409 14883 14975 14968
f 14968 14975 14973 14424
f 14975 14974 14425 14973
f 14883 14410 14974 14975
f 14184 14970 14978 14887
f 14887 14978 14976 14185
f 14978 14977 14200 14976
f 14970 14199 14977 14978
f 14410 14889 14981 14974
f 14974 14981 14979 14425
f 14981 14980 14426 14979
f 14889 14411 14980 14981
f 14185 14976 14984 14893
f 14893 14984 14982 14186
f 14984 14983 14201 14982
f 14976 14200 14983 14984
f 14411 14895 14987 14980
f 14980 14987 14985 14426
f 14987 14986 14427 14985
f 14895 14412 14986 14987
f 14186 14982 14990 14899
f 14899 14990 14988 14187
f 14990 14989 14202 14988
f 14982 14201 14989 14990
f 14412 14901 14993 14986
f 14986 14993 14991 14427
f 14993 14992 14428 14991
f 14901 14413 14992 14993
f 14187 14988 14996 14905
f 14905 14996 14994 14188
f 14996 14995 14203 14994
f 14988 14202 14995 14996
f 14413 14907 14999 14992
f 14992 14999 14997 14428
f 14999 14998 14429 14997
f 14907 14414 14998 14999
f 14188 14994 15002 14911
f 14911 15002 15000 14189
f 15002 15001 14204 15000
f 14994 14203 15001 15002
f 14414 14913 15005 14998
f 14998 15005 15003 14429
f 15005 15004 14430 15003
f 14913 14415 15004 15005
f 14189 15000 15008 14917
f 14917 15008 15006 14190
f 15008 15007 14205 15006
f 15000 14204 15007 15008
f 14415 14919 15011 15004
f 15004 15011 15009 14430
f 15011 15010 14431 15009
f 14919 14416 15010 15011
f 14190 15006 15014 14923
f 14923 15014 15012 14191
f 15014 15013 14206 15012
f 15006 14205 15013 15014
f 14416 14925 15017 15010
f 15010 15017 15015 14431
f 15017 15016 14432 15015
f 14925 14417 15016 15017
f 14191 15012 15020 14929
f 14929 15020 15018 14192
f 15020 15019 14207 15018
f 15012 14206 15019 15020
f 14417 14931 15023 15016
f 15016 15023 15021 14432
f 15023 15022 14433 15021
f 14931 14418 15022 15023
f 14192 15018 15026 14935
f 14935 15026 15024 14193
f 15026 15025 14208 15024
f 15018 14207 15025 15026
f 14418 14937 15029 15022
f 15022 15029 15027 14433
f 15029 15028 14434 15027
f 14937 14419 15028 15029
f 14209 15031 15032 15030
f 15030 15032 14941 14194
f 15032 15028 14419 14941
f 15031 14434 15028 15032
f 14193 15024 15034 14943
f 14943 15034 15030 14194
f 15034 15033 14209 15030
f 15024 14208 15033 15034
f 14421 14946 15038 15035
f 15035 15038 15036 14436
f 15038 15037 14435 15036
f 14946 14420 15037 15038
f 14195 14950 15041 15039
f 15039 15041 15040 14210
f 15041 15035 14436 15040
f 14950 14421 15035 15041
f 14195 15039 15044 14953
f 14953 15044 15042 14196
f 15044 15043 14211 15042
f 15039 14210 15043 15044
f 14420 14955 15047 15037
f 15037 15047 15045 14435
f 15047 15046 14437 15045
f 14955 14422 15046 15047
f 14196 15042 15050 14959
f 14959 15050 15048 14197
f 15050 15049 14212 15048
f 15042 14211 15049 15050
f 14422 14961 15053 15046
f 15046 15053 15051 14437
f 15053 15052 14438 15051
f 14961 14423 15052 15053
f 14197 15048 15056 14965
f 14965 15056 15054 14198
f 15056 15055 14213 15054
f 15048 14212 15055 15056
f 14423 14967 15059 15052
f 15052 15059 15057 14438
f 15059 15058 14439 15057
f 14967 14424 15058 15059
f 14198 15054 15062 14971
f 14971 15062 15060 14199
f 15062 15061 14214 15060
f 15054 14213 15061 15062
f 14424 14973 15065 15058
f 15058 15065 15063 14439
f 15065 15064 14440 15063
f 14973 14425 15064 15065
f 14199 15060 15068 14977
f 14977 15068 15066 14200
f 15068 15067 14215 15066
f 15060 14214 15067 15068
f 14425 14979 15071 15064
f 15064 15071 15069 14440
f 15071 15070 14441 15069
f 14979 14426 15070 15071
f 14200 15066 15074 14983
f 14983 15074 15072 14201
f 15074 15073 14216 15072
f 15066 14215 15073 15074
f 14426 14985 15077 15070
f 15070 15077 15075 14441
f 15077 15076 14442 15075
f 14985 14427 15076 15077
f 14201 15072 15080 14989
f 14989 15080 15078 14202
f 15080 15079 14217 15078
f 15072 14216 15079 15080
f 14427 14991 15083 15076
f 15076 15083 15081 14442
f 15083 15082 14443 15081
f 14991 14428 15082 15083
f 14202 15078 15086 14995
f 14995 15086 15084 14203
f 15086 15085 14218 15084
f 15078 14217 15085 15086
f 14428 14997 15089 15082
f 15082 15089 15087 14443
f 15089 15088 14444 15087
f 14997 14429 15088 15089
f 14203 15084 15092 15001
f 15001 15092 15090 14204
f 15092 15091 14219 15090
f 15084 14218 15091 15092
f 14429 15003 15095 15088
f 15088 15095 15093 14444
f 15095 15094 14445 15093
f 15003 14430 15094 15095
f 14204 15090 15098 15007
f 15007 15098 15096 14205
f 15098 15097 14220 15096
f 15090 14219 15097 15098
f 14430 15009 15101 15094
f 15094 15101 15099 14445
f 15101 15100 14446 15099
f 15009 14431 15100 15101
f 14205 15096 15104 15013
f 15013 15104 15102 14206
f 15104 15103 14221 15102
f 15096 14220 15103 15104
f 14431 15015 15107 15100
f 15100 15107 15105 14446
f 15107 15106 14447 15105
f 15015 14432 15106 15107
f 14206 15102 15110 15019
f 15019 15110 15108 14207
f 15110 15109 14222 15108
f 15102 14221 15109 15110
f 14432 15021 15113 15106
f 15106 15113 15111 14447
f 15113 15112 14448 15111
f 15021 14433 15112 15113
f 14207 15108 15116 15025
f 15025 15116 15114 14208
f 15116 15115 14223 15114
f 15108 14222 15115 15116
f 14433 15027 15119 15112
f 15112 15119 15117 14448
f 15119 15118 14449 15117
f 15027 14434 15118 15119
f 14224 15121 15122 15120
f 15120 15122 15031 14209
f 15122 15118 14434 15031
f 15121 14449 15118 15122
f 14208 15114 15124 15033
f 15033 15124 15120 14209
f 15124 15123 14224 15120
f 15114 14223 15123 15124
f 14436 15036 15128 15125
f 15125 15128 15126 14451
f 15128 15127 14450 15126
f 15036 14435 15127 15128
f 14210 15040 15131 15129
f 15129 15131 15130 14225
f 15131 15125 14451 15130
f 15040 14436 15125 15131
f 14210 15129 15134 15043
f 15043 15134 15132 14211
f 15134 15133 14226 15132
f 15129 14225 15133 15134
f 14435 15045 15137 15127
f 15127 15137 15135 14450
f 15137 15136 14452 15135
f 15045 14437 15136 15137
f 14211 15132 15140 15049
f 15049 15140 15138 14212
f 15140 15139 14227 15138
f 15132 14226 15139 15140
f 14437 15051 15143 15136
f 15136 15143 15141 14452
f 15143 15142 14453 15141
f 15051 14438 15142 15143
f 14212 15138 15146 15055
f 15055 15146 15144 14213
f 15146 15145 14228 15144
f 15138 14227 15145 15146
f 14438 15057 15149 15142
f 15142 15149 15147 14453
f 15149 15148 14454 15147
f 15057 14439 15148 15149
f 14213 15144 15152 15061
f 15061 15152 15150 14214
f 15152 15151 14229 15150
f 15144 14228 15151 15152
f 14439 15063 15155 15148
f 15148 15155 15153 14454
f 15155 15154 14455 15153
f 15063 14440 15154 15155
f 14214 15150 15158 15067
f 15067 15158 15156 14215
f 15158 15157 14230 15156
f 15150 14229 15157 15158
f 14440 15069 15161 15154
f 15154 15161 15159 14455
f 15161 15160 14456 15159
f 15069 14441 15160 15161
f 14215 15156 15164 15073
f 15073 15164 15162 14216
f 15164 15163 14231 15162
f 15156 14230 15163 15164
f 14441 15075 15167 15160
f 15160 15167 15165 14456
f 15167 15166 14457 15165
f 15075 14442 15166 15167
f 14216 15162 15170 15079
f 15079 15170 15168 14217
f 15170 15169 14232 15168
f 15162 14231 15169 15170
f 14442 15081 15173 15166
f 15166 15173 15171 14457
f 15173 15172 14458 15171
f 15081 14443 15172 15173
f 14217 15168 15176 15085
f 15085 15176 15174 14218
f 15176 15175 14233 15174
f 15168 14232 15175 15176
f 14443 15087 15179 15172
f 15172 15179 15177 14458
f 15179 15178 14459 15177
f 15087 14444 15178 15179
f 14218 15174 15182 15091
f 15091 15182 15180 14219
f 15182 15181 14234 15180
f 15174 14233 15181 15182
f 14444 15093 15185 15178
f 15178 15185 15183 14459
f 15185 15184 14460 15183
f 15093 14445 15184 15185
f 14219 15180 15188 15097
f 15097 15188 15186 14220
f 15188 15187 14235 15186
f 15180 14234 15187 15188
f 14445 15099 15191 15184
f 15184 15191 15189 14460
f 15191 15190 14461 15189
f 15099 14446 15190 15191
f 14220 15186 15194 15103
f 15103 15194 15192 14221
f 15194 15193 14236 15192
f 15186 14235 15193 15194
f 14446 15105 15197 15190
f 15190 15197 15195 14461
f 15197 15196 14462 15195
f 15105 14447 15196 15197
f 14221 15192 15200 15109
f 15109 15200 15198 14222
f 15200 15199 14237 15198
f 15192 14236 15199 15200
f 14447 15111 15203 15196
f 15196 15203 15201 14462
f 15203 15202 14463 15201
f 15111 14448 15202 15203
f 14222 15198 15206 15115
f 15115 15206 15204 14223
f 15206 15205 14238 15204
f 15198 14237 15205 15206
f 14448 15117 15209 15202
f 15202 15209 15207 14463
f 15209 15208 14464 15207
f 15117 14449 15208 15209
f 14239 15211 15212 15210
f 15210 15212 15121 14224
f 15212 15208 14449 15121
f 15211 14464 15208 15212
f 14223 15204 15214 15123
f 15123 15214 15210 14224
f 15214 15213 14239 15210
f 15204 14238 15213 15214
f 14451 15126 15218 15215
f 15215 15218 15216 14466
f 15218 15217 14465 15216
f 15126 14450 15217 15218
f 14225 15130 15221 15219
f 15219 15221 15220 14240
f 15221 15215 14466 15220
f 15130 14451 15215 15221
f 14225 15219 15224 15133
f 15133 15224 15222 14226
f 15224 15223 14241 15222
f 15219 14240 15223 15224
f 14450 15135 15227 15217
f 15217 15227 15225 14465
f 15227 15226 14467 15225
f 15135 14452 15226 15227
f 14226 15222 15230 15139
f 15139 15230 15228 14227
f 15230 15229 14242 15228
f 15222 14241 15229 15230
f 14452 15141 15233 15226
f 15226 15233 15231 14467
f 15233 15232 14468 15231
f 15141 14453 15232 15233
f 14227 15228 15236 15145
f 15145 15236 15234 14228
f 15236 15235 14243 15234
f 15228 14242 15235 15236
f 14453 15147 15239 15232
f 15232 15239 15237 14468
f 15239 15238 14469 15237
f 15147 14454 15238 15239
f 14228 15234 15242 15151
f 15151 15242 15240 14229
f 15242 15241 14244 15240
f 15234 14243 15241 15242
f 14454 15153 15245 15238
f 15238 15245 15243 14469
f 15245 15244 14470 15243
f 15153 14455 15244 15245
f 14229 15240 15248 15157
f 15157 15248 15246 14230
f 15248 15247 14245 15246
f 15240 14244 15247 15248
f 14455 15159 15251 15244
f 15244 15251 15249 14470
f 15251 15250 14471 15249
f 15159 14456 15250 15251
f 14230 15246 15254 15163
f 15163 15254 15252 14231
f 15254 15253 14246 15252
f 15246 14245 15253 15254
f 14456 15165 15257 15250
f 15250 15257 15255 14471
f 15257 15256 14472 15255
f 15165 14457 15256 15257
f 14231 15252 15260 15169
f 15169 15260 15258 14232
f 15260 15259 14247 15258
f 15252 14246 15259 15260
f 14457 15171 15263 15256
f 15256 15263 15261 14472
f 15263 15262 14473 15261
f 15171 14458 15262 15263
f 14232 15258 15266 15175
f 15175 15266 15264 14233
f 15266 15265 14248 15264
f 15258 14247 15265 15266
f 14458 15177 15269 15262
f 15262 15269 15267 14473
f 15269 15268 14474 15267
f 15177 14459 15268 15269
f 14233 15264 15272 15181
f 15181 15272 15270 14234
f 15272 15271 14249 15270
f 15264 14248 15271 15272
f 14459 15183 15275 15268
f 15268 15275 15273 14474
f 15275 15274 14475 15273
f 15183 14460 15274 15275
f 14234 15270 15278 15187
f 15187 15278 15276 14235
f 15278 15277 14250 15276
f 15270 14249 15277 15278
f 14460 15189 15281 15274
f 15274 15281 15279 14475
f 15281 15280 14476 15279
f 15189 14461 15280 15281
f 14235 15276 15284 15193
f 15193 15284 15282 14236
f 15284 15283 14251 15282
f 15276 14250 15283 15284
f 14461 15195 15287 15280
f 15280 15287 15285 14476
f 15287 15286 14477 15285
f 15195 14462 15286 15287
f 14236 15282 15290 15199
f 15199 15290 15288 14237
f 15290 15289 14252 15288
f 15282 14251 15289 15290
f 14462 15201 15293 15286
f 15286 15293 15291 14477
f 15293 15292 14478 15291
f 15201 14463 15292 15293
f 14237 15288 15296 15205
f 15205 15296 15294 14238
f 15296 15295 14253 15294
f 15288 14252 15295 15296
f 14463 15207 15299 15292
f 15292 15299 15297 14478
f 15299 15298 14479 15297
f 15207 14464 15298 15299
f 14254 15301 15302 15300
f 15300 15302 15211 14239
f 15302 15298 14464 15211
f 15301 14479 15298 15302
f 14238 15294 15304 15213
f 15213 15304 15300 14239
f 15304 15303 14254 15300
f 15294 14253 15303 15304
f 14466 15216 15308 15305
f 15305 15308 15306 14481
f 15308 15307 14480 15306
f 15216 14465 15307 15308
f 14240 15220 15311 15309
f 15309 15311 15310 14255
f 15311 15305 14481 15310
f 15220 14466 15305 15311
f 14240 15309 15314 15223
f 15223 15314 15312 14241
f 15314 15313 14256 15312
f 15309 14255 15313 15314
f 14465 15225 15317 15307
f 15307 15317 15315 14480
f 15317 15316 14482 15315
f 15225 14467 15316 15317
f 14241 15312 15320 15229
f 15229 15320 15318 14242
f 15320 15319 14257 15318
f 15312 14256 15319 15320
f 14467 15231 15323 15316
f 15316 15323 15321 14482
f 15323 15322 14483 15321
f 15231 14468 15322 15323
f 14242 15318 15326 15235
f 15235 15326 15324 14243
f 15326 15325 14258 15324
f 15318 14257 15325 15326
f 14468 15237 15329 15322
f 15322 15329 15327 14483
f 15329 15328 14484 15327
f 15237 14469 15328 15329
f 14243 15324 15332 15241
f 15241 15332 15330 14244
f 15332 15331 14259 15330
f 15324 14258 15331 15332
f 14469 15243 15335 15328
f 15328 15335 15333 14484
f 15335 15334 14485 15333
f 15243 14470 15334 15335
f 14244 15330 15338 15247
f 15247 15338 15336 14245
f 15338 15337 14260 15336
f 15330 14259 15337 15338
f 14470 15249 15341 15334
f 15334 15341 15339 14485
f 15341 15340 14486 15339
f 15249 14471 15340 15341
f 14245 15336 15344 15253
f 15253 15344 15342 14246
f 15344 15343 14261 15342
f 15336 14260 15343 15344
f 14471 15255 15347 15340
f 15340 15347 15345 14486
f 15347 15346 14487 15345
f 15255 14472 15346 15347
f 14246 15342 15350 15259
f 15259 15350 15348 14247
f 15350 15349 14262 15348
f 15342 14261 15349 15350
f 14472 15261 15353 15346
f 15346 15353 15351 14487
f 15353 15352 14488 15351
f 15261 14473 15352 15353
f 14247 15348 15356 15265
f 15265 15356 15354 14248
f 15356 15355 14263 15354
f 15348 14262 15355 15356
f 14473 15267 15359 15352
f 15352 15359 15357 14488
f 15359 15358 14489 15357
f 15267 14474 15358 15359
f 14248 15354 15362 15271
f 15271 15362 15360 14249
f 15362 15361 14264 15360
f 15354 14263 15361 15362
f 14474 15273 15365 15358
f 15358 15365 15363 14489
f 15365 15364 14490 15363
f 15273 14475 15364 15365
f 14249 15360 15368 15277
f 15277 15368 15366 14250
f 15368 15367 14265 15366
f 15360 14264 15367 15368
f 14475 15279 15371 15364
f 15364 15371 15369 14490
f 15371 15370 14491 15369
f 15279 14476 15370 15371
f 14250 15366 15374 15283
f 15283 15374 15372 14251
f 15374 15373 14266 15372
f 15366 14265 15373 15374
f 14476 15285 15377 15370
f 15370 15377 15375 14491
f 15377 15376 14492 15375
f 15285 14477 15376 15377
f 14251 15372 15380 15289
f 15289 15380 15378 14252
f 15380 15379 14267 15378
f 15372 14266 15379 15380
f 14477 15291 15383 15376
f 15376 15383 15381 14492
f 15383 15382 14493 15381
f 15291 14478 15382 15383
f 14252 15378 15386 15295
f 15295 15386 15384 14253
f 15386 15385 14268 15384
f 15378 14267 15385 15386
f 14478 15297 15389 15382
f 15382 15389 15387 14493
f 15389 15388 14494 15387
f 15297 14479 15388 15389
f 14269 15391 15392 15390
f 15390 15392 15301 14254
f 15392 15388 14479 15301
f 15391 14494 15388 15392
f 14253 15384 15394 15303
f 15303 15394 15390 14254
f 15394 15393 14269 15390
f 15384 14268 15393 15394
f 14481 15306 15398 15395
f 15395 15398 15396 14496
f 15398 15397 14495 15396
f 15306 14480 15397 15398
f 14255 15310 15401 15399
f 15399 15401 15400 14270
f 15401 15395 14496 15400
f 15310 14481 15395 15401
f 14255 15399 15404 15313
f 15313 15404 15402 14256
f 15404 15403 14271 15402
f 15399 14270 15403 15404
f 14480 15315 15407 15397
f 15397 15407 15405 14495
f 15407 15406 14497 15405
f 15315 14482 15406 15407
f 14256 15402 15410 15319
f 15319 15410 15408 14257
f 15410 15409 14272 15408
f 15402 14271 15409 15410
f 14482 15321 15413 15406
f 15406 15413 15411 14497
f 15413 15412 14498 15411
f 15321 14483 15412 15413
f 14257 15408 15416 15325
f 15325 15416 15414 14258
f 15416 15415 14273 15414
f 15408 14272 15415 15416
f 14483 15327 15419 15412
f 15412 15419 15417 14498
f 15419 15418 14499 15417
f 15327 14484 15418 15419
f 14258 15414 15422 15331
f 15331 15422 15420 14259
f 15422 15421 14274 15420
f 15414 14273 15421 15422
f 14484 15333 15425 15418
f 15418 15425 15423 14499
f 15425 15424 14500 15423
f 15333 14485 15424 15425
f 14259 15420 15428 15337
f 15337 15428 15426 14260
f 15428 15427 14275 15426
f 15420 14274 15427 15428
f 14485 15339 15431 15424
f 15424 15431 15429 14500
f 15431 15430 14501 15429
f 15339 14486 15430 15431
f 14260 15426 15434 15343
f 15343 15434 15432 14261
f 15434 15433 14276 15432
f 15426 14275 15433 15434
f 14486 15345 15437 15430
f 15430 15437 15435 14501
f 15437 15436 14502 15435
f 15345 14487 15436 15437
f 14261 15432 15440 15349
f 15349 15440 15438 14262
f 15440 15439 14277 15438
f 15432 14276 15439 15440
f 14487 15351 15443 15436
f 15436 15443 15441 14502
f 15443 15442 14503 15441
f 15351 14488 15442 15443
f 14262 15438 15446 15355
f 15355 15446 15444 14263
f 15446 15445 14278 15444
f 15438 14277 15445 15446
f 14488 15357 15449 15442
f 15442 15449 15447 14503
f 15449 15448 14504 15447
f 15357 14489 15448 15449
f 14263 15444 15452 15361
f 15361 15452 15450 14264
f 15452 15451 14279 15450
f 15444 14278 15451 15452
f 14489 15363 15455 15448
f 15448 15455 15453 14504
f 15455 15454 14505 15453
f 15363 14490 15454 15455
f 14264 15450 15458 15367
f 15367 15458 15456 14265
f 15458 15457 14280 15456
f 15450 14279 15457 15458
f 14490 15369 15461 15454
f 15454 15461 15459 14505
f 15461 15460 14506 15459
f 15369 14491 15460 15461
f 14265 15456 15464 15373
f 15373 15464 15462 14266
f 15464 15463 14281 15462
f 15456 14280 15463 15464
f 14491 15375 15467 15460
f 15460 15467 15465 14506
f 15467 15466 14507 15465
f 15375 14492 15466 15467
f 14266 15462 15470 15379
f 15379 15470 15468 14267
f 15470 15469 14282 15468
f 15462 14281 15469 15470
f 14492 15381 15473 15466
f 15466 15473 15471 14507
f 15473 15472 14508 15471
f 15381 14493 15472 15473
f 14267 15468 15476 15385
f 15385 15476 15474 14268
f 15476 15475 14283 15474
f 15468 14282 15475 15476
f 14493 15387 15479 15472
f 15472 15479 15477 14508
f 15479 15478 14509 15477
f 15387 14494 15478 15479
f 14284 15481 15482 15480
f 15480 15482 15391 14269
f 15482 15478 14494 15391
f 15481 14509 15478 15482
f 14268 15474 15484 15393
f 15393 15484 15480 14269
f 15484 15483 14284 15480
f 15474 14283 15483 15484
f 14496 15396 15488 15485
f 15485 15488 15486 14511
f 15488 15487 14510 15486
f 15396 14495 15487 15488
f 14270 15400 15491 15489
f 15489 15491 15490 14285
f 15491 15485 14511 15490
f 15400 14496 15485 15491
f 14270 15489 15494 15403
f 15403 15494 15492 14271
f 15494 15493 14286 15492
f 15489 14285 15493 15494
f 14495 15405 15497 15487
f 15487 15497 15495 14510
f 15497 15496 14512 15495
f 15405 14497 15496 15497
f 14271 15492 15500 15409
f 15409 15500 15498 14272
f 15500 15499 14287 15498
f 15492 14286 15499 15500
f 14497 15411 15503 15496
f 15496 15503 15501 14512
f 15503 15502 14513 15501
f 15411 14498 15502 15503
f 14272 15498 15506 15415
f 15415 15506 15504 14273
f 15506 15505 14288 15504
f 15498 14287 15505 15506
f 14498 15417 15509 15502
f 15502 15509 15507 14513
f 15509 15508 14514 15507
f 15417 14499 15508 15509
f 14273 15504 15512 15421
f 15421 15512 15510 14274
f 15512 15511 14289 15510
f 15504 14288 15511 15512
f 14499 15423 15515 15508
f 15508 15515 15513 14514
f 15515 15514 14515 15513
f 15423 14500 15514 15515
f 14274 15510 15518 15427
f 15427 15518 15516 14275
f 15518 15517 14290 15516
f 15510 14289 15517 15518
f 14500 15429 15521 15514
f 15514 15521 15519 14515
f 15521 15520 14516 15519
f 15429 14501 15520 15521
f 14275 15516 15524 15433
f 15433 15524 15522 14276
f 15524 15523 14291 15522
f 15516 14290 15523 15524
f 14501 15435 15527 15520
f 15520 15527 15525 14516
f 15527 15526 14517 15525
f 15435 14502 15526 15527
f 14276 15522 15530 15439
f 15439 15530 15528 14277
f 15530 15529 14292 15528
f 15522 14291 15529 15530
f 14502 15441 15533 15526
f 15526 15533 15531 14517
f 15533 15532 14518 15531
f 15441 14503 15532 15533
f 14277 15528 15536 15445
f 15445 15536 15534 14278
f 15536 15535 14293 15534
f 15528 14292 15535 15536
f 14503 15447 15539 15532
f 15532 15539 15537 14518
f 15539 15538 14519 15537
f 15447 14504 15538 15539
f 14278 15534 15542 15451
f 15451 15542 15540 14279
f 15542 15541 14294 15540
f 15534 14293 15541 15542
f 14504 15453 15545 15538
f 15538 15545 15543 14519
f 15545 15544 14520 15543
f 15453 14505 15544 15545
f 14279 15540 15548 15457
f 15457 15548 15546 14280
f 15548 15547 14295 15546
f 15540 14294 15547 15548
f 14505 15459 15551 15544
f 15544 15551 15549 14520
f 15551 15550 14521 15549
f 15459 14506 15550 15551
f 14280 15546 15554 15463
f 15463 15554 15552 14281
f 15554 15553 14296 15552
f 15546 14295 15553 15554
f 14506 15465 15557 15550
f 15550 15557 15555 14521
f 15557 15556 14522 15555
f 15465 14507 15556 15557
f 14281 15552 15560 15469
f 15469 15560 15558 14282
f 15560 15559 14297 15558
f 15552 14296 15559 15560
f 14507 15471 15563 15556
f 15556 15563 15561 14522
f 15563 15562 14523 15561
f 15471 14508 15562 15563
f 14282 15558 15566 15475
f 15475 15566 15564 14283
f 15566 15565 14298 15564
f 15558 14297 15565 15566
f 14508 15477 15569 15562
f 15562 15569 15567 14523
f 15569 15568 14524 15567
f 15477 14509 15568 15569
f 14299 15571 15572 15570
f 15570 15572 15481 14284
f 15572 15568 14509 15481
f 15571 14524 15568 15572
f 14283 15564 15574 15483
f 15483 15574 15570 14284
f 15574 15573 14299 15570
f 15564 14298 15573 15574
f 14511 15486 15578 15575
f 15575 15578 15576 14526
f 15578 15577 14525 15576
f 15486 14510 15577 15578
f 14285 15490 15581 15579
f 15579 15581 15580 14300
f 15581 15575 14526 15580
f 15490 14511 15575 15581
f 14285 15579 15584 15493
f 15493 15584 15582 14286
f 15584 15583 14301 15582
f 15579 14300 15583 15584
f 14510 15495 15587 15577
f 15577 15587 15585 14525
f 15587 15586 14527 15585
f 15495 14512 15586 15587
f 14286 15582 15590 15499
f 15499 15590 15588 14287
f 15590 15589 14302 15588
f 15582 14301 15589 15590
f 14512 15501 15593 15586
f 15586 15593 15591 14527
f 15593 15592 14528 15591
f 15501 14513 15592 15593
f 14287 15588 15596 15505
f 15505 15596 15594 14288
f 15596 15595 14303 15594
f 15588 14302 15595 15596
f 14513 15507 15599 15592
f 15592 15599 15597 14528
f 15599 15598 14529 15597
f 15507 14514 15598 15599
f 14288 15594 15602 15511
f 15511 15602 15600 14289
f 15602 15601 14304 15600
f 15594 14303 15601 15602
f 14514 15513 15605 15598
f 15598 15605 15603 14529
f 15605 15604 14530 15603
f 15513 14515 15604 15605
f 14289 15600 15608 15517
f 15517 15608 15606 14290
f 15608 15607 14305 15606
f 15600 14304 15607 15608
f 14515 15519 15611 15604
f 15604 15611 15609 14530
f 15611 15610 14531 15609
f 15519 14516 15610 15611
f 14290 15606 15614 15523
f 15523 15614 15612 14291
f 15614 15613 14306 15612
f 15606 14305 15613 15614
f 14516 15525 15617 15610
f 15610 15617 15615 14531
f 15617 15616 14532 15615
f 15525 14517 15616 15617
f 14291 15612 15620 15529
f 15529 15620 15618 14292
f 15620 15619 14307 15618
f 15612 14306 15619 15620
f 14517 15531 15623 15616
f 15616 15623 15621 14532
f 15623 15622 14533 15621
f 15531 14518 15622 15623
f 14292 15618 15626 15535
f 15535 15626 15624 14293
f 15626 15625 14308 15624
f 15618 14307 15625 15626
f 14518 15537 15629 15622
f 15622 15629 15627 14533
f 15629 15628 14534 15627
f 15537 14519 15628 15629
f 14293 15624 15632 15541
f 15541 15632 15630 14294
f 15632 15631 14309 15630
f 15624 14308 15631 15632
f 14519 15543 15635 15628
f 15628 15635 15633 14534
f 15635 15634 14535 15633
f 15543 14520 15634 15635
f 14294 15630 15638 15547
f 15547 15638 15636 14295
f 15638 15637 14310 15636
f 15630 14309 15637 15638
f 14520 15549 15641 15634
f 15634 15641 15639 14535
f 15641 15640 14536 15639
f 15549 14521 15640 15641
f 14295 15636 15644 15553
f 15553 15644 15642 14296
f 15644 15643 14311 15642
f 15636 14310 15643 15644
f 14521 15555 15647 15640
f 15640 15647 15645 14536
f 15647 15646 14537 15645
f 15555 14522 15646 15647
f 14296 15642 15650 15559
f 15559 15650 15648 14297
f 15650 15649 14312 15648
f 15642 14311 15649 15650
f 14522 15561 15653 15646
f 15646 15653 15651 14537
f 15653 15652 14538 15651
f 15561 14523 15652 15653
f 14297 15648 15656 15565
f 15565 15656 15654 14298
f 15656 15655 14313 15654
f 15648 14312 15655 15656
f 14523 15567 15659 15652
f 15652 15659 15657 14538
f 15659 15658 14539 15657
f 15567 14524 15658 15659
f 14314 15661 15662 15660
f 15660 15662 15571 14299
f 15662 15658 14524 15571
f 15661 14539 15658 15662
f 14298 15654 15664 15573
f 15573 15664 15660 14299
f 15664 15663 14314 15660
f 15654 14313 15663 15664
f 14526 15576 15668 15665
f 15665 15668 15666 14541
f 15668 15667 14540 15666
f 15576 14525 15667 15668
f 14300 15580 15671 15669
f 15669 15671 15670 14315
f 15671 15665 14541 15670
f 15580 14526 15665 15671
f 14300 15669 15674 15583
f 15583 15674 15672 14301
f 15674 15673 14316 15672
f 15669 14315 15673 15674
f 14525 15585 15677 15667
f 15667 15677 15675 14540
f 15677 15676 14542 15675
f 15585 14527 15676 15677
f 14301 15672 15680 15589
f 15589 15680 15678 14302
f 15680 15679 14317 15678
f 15672 14316 15679 15680
f 14527 15591 15683 15676
f 15676 15683 15681 14542
f 15683 15682 14543 15681
f 15591 14528 15682 15683
f 14302 15678 15686 15595
f 15595 15686 15684 14303
f 15686 15685 14318 15684
f 15678 14317 15685 15686
f 14528 15597 15689 15682
f 15682 15689 15687 14543
f 15689 15688 14544 15687
f 15597 14529 15688 15689
f 14303 15684 15692 15601
f 15601 15692 15690 14304
f 15692 15691 14319 15690
f 15684 14318 15691 15692
f 14529 15603 15695 15688
f 15688 15695 15693 14544
f 15695 15694 14545 15693
f 15603 14530 15694 15695
f 14304 15690 15698 15607
f 15607 15698 15696 14305
f 15698 15697 14320 15696
f 15690 14319 15697 15698
f 14530 15609 15701 15694
f 15694 15701 15699 14545
f 15701 15700 14546 15699
f 15609 14531 15700 15701
f 14305 15696 15704 15613
f 15613 15704 15702 14306
f 15704 15703 14321 15702
f 15696 14320 15703 15704
f 14531 15615 15707 15700
f 15700 15707 15705 14546
f 15707 15706 14547 15705
f 15615 14532 15706 15707
f 14306 15702 15710 15619
f 15619 15710 15708 14307
f 15710 15709 14322 15708
f 15702 14321 15709 15710
f 14532 15621 15713 15706
f 15706 15713 15711 14547
f 15713 15712 14548 15711
f 15621 14533 15712 15713
f 14307 15708 15716 15625
f 15625 15716 15714 14308
f 15716 15715 14323 15714
f 15708 14322 15715 15716
f 14533 15627 15719 15712
f 15712 15719 15717 14548
f 15719 15718 14549 15717
f 15627 14534 15718 15719
f 14308 15714 15722 15631
f 15631 15722 15720 14309
f 15722 15721 14324 15720
f 15714 14323 15721 15722
f 14534 15633 15725 15718
f 15718 15725 15723 14549
f 15725 15724 14550 15723
f 15633 14535 15724 15725
f 14309 15720 15728 15637
f 15637 15728 15726 14310
f 15728 15727 14325 15726
f 15720 14324 15727 15728
f 14535 15639 15731 15724
f 15724 15731 15729 14550
f 15731 15730 14551 15729
f 15639 14536 15730 15731
f 14310 15726 15734 15643
f 15643 15734 15732 14311
f 15734 15733 14326 15732
f 15726 14325 15733 15734
f 14536 15645 15737 15730
f 15730 15737 15735 14551
f 15737 15736 14552 15735
f 15645 14537 15736 15737
f 14311 15732 15740 15649
f 15649 15740 15738 14312
f 15740 15739 14327 15738
f 15732 14326 15739 15740
f 14537 15651 15743 15736
f 15736 15743 15741 14552
f 15743 15742 14553 15741
f 15651 14538 15742 15743
f 14312 15738 15746 15655
f 15655 15746 15744 14313
f 15746 15745 14328 15744
f 15738 14327 15745 15746
f 14538 15657 15749 15742
f 15742 15749 15747 14553
f 15749 15748 14554 15747
f 15657 14539 15748 15749
f 14329 15751 15752 15750
f 15750 15752 15661 14314
f 15752 15748 14539 15661
f 15751 14554 15748 15752
f 14313 15744 15754 15663
f 15663 15754 15750 14314
f 15754 15753 14329 15750
f 15744 14328 15753 15754
f 14541 15666 15758 15755
f 15755 15758 15756 14556
f 15758 15757 14555 15756
f 15666 14540 15757 15758
f 14315 15670 15761 15759
f 15759 15761 15760 14330
f 15761 15755 14556 15760
f 15670 14541 15755 15761
f 14315 15759 15764 15673
f 15673 15764 15762 14316
f 15764 15763 14331 15762
f 15759 14330 15763 15764
f 14540 15675 15767 15757
f 15757 15767 15765 14555
f 15767 15766 14557 15765
f 15675 14542 15766 15767
f 14316 15762 15770 15679
f 15679 15770 15768 14317
f 15770 15769 14332 15768
f 15762 14331 15769 15770
f 14542 15681 15773 15766
f 15766 15773 15771 14557
f 15773 15772 14558 15771
f 15681 14543 15772 15773
f 14317 15768 15776 15685
f 15685 15776 15774 14318
f 15776 15775 14333 15774
f 15768 14332 15775 15776
f 14543 15687 15779 15772
f 15772 15779 15777 14558
f 15779 15778 14559 15777
f 15687 14544 15778 15779
f 14318 15774 15782 15691
f 15691 15782 15780 14319
f 15782 15781 14334 15780
f 15774 14333 15781 15782
f 14544 15693 15785 15778
f 15778 15785 15783 14559
f 15785 15784 14560 15783
f 15693 14545 15784 15785
f 14319 15780 15788 15697
f 15697 15788 15786 14320
f 15788 15787 14335 15786
f 15780 14334 15787 15788
f 14545 15699 15791 15784
f 15784 15791 15789 14560
f 15791 15790 14561 15789
f 15699 14546 15790 15791
f 14320 15786 15794 15703
f 15703 15794 15792 14321
f 15794 15793 14336 15792
f 15786 14335 15793 15794
f 14546 15705 15797 15790
f 15790 15797 15795 14561
f 15797 15796 14562 15795
f 15705 14547 15796 15797
f 14321 15792 15800 15709
f 15709 15800 15798 14322
f 15800 15799 14337 15798
f 15792 14336 15799 15800
f 14547 15711 15803 15796
f 15796 15803 15801 14562
f 15803 15802 14563 15801
f 15711 14548 15802 15803
f 14322 15798 15806 15715
f 15715 15806 15804 14323
f 15806 15805 14338 15804
f 15798 14337 15805 15806
f 14548 15717 15809 15802
f 15802 15809 15807 14563
f 15809 15808 14564 15807
f 15717 14549 15808 15809
f 14323 15804 15812 15721
f 15721 15812 15810 14324
f 15812 15811 14339 15810
f 15804 14338 15811 15812
f 14549 15723 15815 15808
f 15808 15815 15813 14564
f 15815 15814 14565 15813
f 15723 14550 15814 15815
f 14324 15810 15818 15727
f 15727 15818 15816 14325
f 15818 15817 14340 15816
f 15810 14339 15817 15818
f 14550 15729 15821 15814
f 15814 15821 15819 14565
f 15821 15820 14566 15819
f 15729 14551 15820 15821
f 14325 15816 15824 15733
f 15733 15824 15822 14326
f 15824 15823 14341 15822
f 15816 14340 15823 15824
f 14551 15735 15827 15820
f 15820 15827 15825 14566
f 15827 15826 14567 15825
f 15735 14552 15826 15827
f 14326 15822 15830 15739
f 15739 15830 15828 14327
f 15830 15829 14342 15828
f 15822 14341 15829 15830
f 14552 15741 15833 15826
f 15826 15833 15831 14567
f 15833 15832 14568 15831
f 15741 14553 15832 15833
f 14327 15828 15836 15745
f 15745 15836 15834 14328
f 15836 15835 14343 15834
f 15828 14342 15835 15836
f 14553 15747 15839 15832
f 15832 15839 15837 14568
f 15839 15838 14569 15837
f 15747 14554 15838 15839
f 14344 15841 15842 15840
f 15840 15842 15751 14329
f 15842 15838 14554 15751
f 15841 14569 15838 15842
f 14328 15834 15844 15753
f 15753 15844 15840 14329
f 15844 15843 14344 15840
f 15834 14343 15843 15844
f 14345 15848 15849 15845
f 15845 15849 15846 14346
f 15849 15847 14570 15846
f 15848 14571 15847 15849
f 14330 15760 15852 15850
f 15850 15852 15848 14345
f 15852 15851 14571 15848
f 15760 14556 15851 15852
f 14330 15850 15854 15763
f 15763 15854 15853 14331
f 15854 15845 14346 15853
f 15850 14345 15845 15854
f 14346 15846 15858 15855
f 15855 15858 15856 14347
f 15858 15857 14572 15856
f 15846 14570 15857 15858
f 14331 15853 15860 15769
f 15769 15860 15859 14332
f 15860 15855 14347 15859
f 15853 14346 15855 15860
f 14347 15856 15864 15861
f 15861 15864 15862 14348
f 15864 15863 14573 15862
f 15856 14572 15863 15864
f 14332 15859 15866 15775
f 15775 15866 15865 14333
f 15866 15861 14348 15865
f 15859 14347 15861 15866
f 14348 15862 15870 15867
f 15867 15870 15868 14349
f 15870 15869 14574 15868
f 15862 14573 15869 15870
f 14333 15865 15872 15781
f 15781 15872 15871 14334
f 15872 15867 14349 15871
f 15865 14348 15867 15872
f 14349 15868 15876 15873
f 15873 15876 15874 14350
f 15876 15875 14575 15874
f 15868 14574 15875 15876
f 14334 15871 15878 15787
f 15787 15878 15877 14335
f 15878 15873 14350 15877
f 15871 14349 15873 15878
f 14350 15874 15882 15879
f 15879 15882 15880 14351
f 15882 15881 14576 15880
f 15874 14575 15881 15882
f 14335 15877 15884 15793
f 15793 15884 15883 14336
f 15884 15879 14351 15883
f 15877 14350 15879 15884
f 14351 15880 15888 15885
f 15885 15888 15886 14352
f 15888 15887 14577 15886
f 15880 14576 15887 15888
f 14336 15883 15890 15799
f 15799 15890 15889 14337
f 15890 15885 14352 15889
f 15883 14351 15885 15890
f 14352 15886 15894 15891
f 15891 15894 15892 14353
f 15894 15893 14578 15892
f 15886 14577 15893 15894
f 14337 15889 15896 15805
f 15805 15896 15895 14338
f 15896 15891 14353 15895
f 15889 14352 15891 15896
f 14353 15892 15900 15897
f 15897 15900 15898 14354
f 15900 15899 14579 15898
f 15892 14578 15899 15900
f 14338 15895 15902 15811
f 15811 15902 15901 14339
f 15902 15897 14354 15901
f 15895 14353 15897 15902
f 14354 15898 15906 15903
f 15903 15906 15904 14355
f 15906 15905 14580 15904
f 15898 14579 15905 15906
f 14339 15901 15908 15817
f 15817 15908 15907 14340
f 15908 15903 14355 15907
f 15901 14354 15903 15908
f 14355 15904 15912 15909
f 15909 15912 15910 14356
f 15912 15911 14581 15910
f 15904 14580 15911 15912
f 14340 15907 15914 15823
f 15823 15914 15913 14341
f 15914 15909 14356 15913
f 15907 14355 15909 15914
f 14356 15910 15918 15915
f 15915 15918 15916 14357
f 15918 15917 14582 15916
f 15910 14581 15917 15918
f 14341 15913 15920 15829
f 15829 15920 15919 14342
f 15920 15915 14357 15919
f 15913 14356 15915 15920
f 14357 15916 15924 15921
f 15921 15924 15922 14358
f 15924 15923 14583 15922
f 15916 14582 15923 15924
f 14342 15919 15926 15835
f 15835 15926 15925 14343
f 15926 15921 14358 15925
f 15919 14357 15921 15926
f 14359 15929 15930 15927
f 15927 15930 15841 14344
f 15930 15928 14569 15841
f 15929 14584 15928 15930
f 14358 15922 15933 15931
f 15931 15933 15929 14359
f 15933 15932 14584 15929
f 15922 14583 15932 15933
f 14343 15925 15934 15843
f 15843 15934 15927 14344
f 15934 15931 14359 15927
f 15925 14358 15931 15934
f 14588 15938 15939 15935
f 15935 15939 15936 14587
f 15939 15937 14586 15936
f 15938 14585 15937 15939
f 14360 15941 15942 14647
f 14647 15942 15940 14363
f 15942 15938 14588 15940
f 15941 14585 15938 15942
f 14362 15944 15945 14754
f 14754 15945 15943 14361
f 15945 15936 14586 15943
f 15944 14587 15936 15945
f 14363 15940 15946 14652
f 14652 15946 15944 14362
f 15946 15935 14587 15944
f 15940 14588 15935 15946
f 14585 15949 15950 15937
f 15937 15950 15947 14586
f 15950 15948 14590 15947
f 15949 14589 15948 15950
f 14364 15951 15952 14658
f 14658 15952 15941 14360
f 15952 15949 14585 15941
f 15951 14589 15949 15952
f 14361 15943 15954 14764
f 14764 15954 15953 14365
f 15954 15947 14590 15953
f 15943 14586 15947 15954
f 14589 15957 15958 15948
f 15948 15958 15955 14590
f 15958 15956 14592 15955
f 15957 14591 15956 15958
f 14366 15959 15960 14665
f 14665 15960 15951 14364
f 15960 15957 14589 15951
f 15959 14591 15957 15960
f 14365 15953 15962 14771
f 14771 15962 15961 14367
f 15962 15955 14592 15961
f 15953 14590 15955 15962
f 14591 15965 15966 15956
f 15956 15966 15963 14592
f 15966 15964 14594 15963
f 15965 14593 15964 15966
f 14368 15967 15968 14672
f 14672 15968 15959 14366
f 15968 15965 14591 15959
f 15967 14593 15965 15968
f 14367 15961 15970 14778
f 14778 15970 15969 14369
f 15970 15963 14594 15969
f 15961 14592 15963 15970
f 14593 15973 15974 15964
f 15964 15974 15971 14594
f 15974 15972 14596 15971
f 15973 14595 15972 15974
f 14370 15975 15976 14679
f 14679 15976 15967 14368
f 15976 15973 14593 15967
f 15975 14595 15973 15976
f 14369 15969 15978 14785
f 14785 15978 15977 14371
f 15978 15971 14596 15977
f 15969 14594 15971 15978
f 14595 15981 15982 15972
f 15972 15982 15979 14596
f 15982 15980 14598 15979
f 15981 14597 15980 15982
f 14372 15983 15984 14686
f 14686 15984 15975 14370
f 15984 15981 14595 15975
f 15983 14597 15981 15984
f 14371 15977 15986 14792
f 14792 15986 15985 14373
f 15986 15979 14598 15985
f 15977 14596 15979 15986
f 14597 15989 15990 15980
f 15980 15990 15987 14598
f 15990 15988 14600 15987
f 15989 14599 15988 15990
f 14374 15991 15992 14693
f 14693 15992 15983 14372
f 15992 15989 14597 15983
f 15991 14599 15989 15992
f 14373 15985 15994 14799
f 14799 15994 15993 14375
f 15994 15987 14600 15993
f 15985 14598 15987 15994
f 14599 15997 15998 15988
f 15988 15998 15995 14600
f 15998 15996 14602 15995
f 15997 14601 15996 15998
f 14376 15999 16000 14700
f 14700 16000 15991 14374
f 16000 15997 14599 15991
f 15999 14601 15997 16000
f 14375 15993 16002 14806
f 14806 16002 16001 14377
f 16002 15995 14602 16001
f 15993 14600 15995 16002
f 14601 16005 16006 15996
f 15996 16006 16003 14602
f 16006 16004 14604 16003
f 16005 14603 16004 16006
f 14378 16007 16008 14707
f 14707 16008 15999 14376
f 16008 16005 14601 15999
f 16007 14603 16005 16008
f 14377 16001 16010 14813
f 14813 16010 16009 14379
f 16010 16003 14604 16009
f 16001 14602 16003 16010
f 14603 16013 16014 16004
f 16004 16014 16011 14604
f 16014 16012 14606 16011
f 16013 14605 16012 16014
f 14380 16015 16016 14714
f 14714 16016 16007 14378
f 16016 16013 14603 16007
f 16015 14605 16013 16016
f 14379 16009 16018 14820
f 14820 16018 16017 14381
f 16018 16011 14606 16017
f 16009 14604 16011 16018
f 14605 16021 16022 16012
f 16012 16022 16019 14606
f 16022 16020 14608 16019
f 16021 14607 16020 16022
f 14382 16023 16024 14721
f 14721 16024 16015 14380
f 16024 16021 14605 16015
f 16023 14607 16021 16024
f 14381 16017 16026 14827
f 14827 16026 16025 14383
f 16026 16019 14608 16025
f 16017 14606 16019 16026
f 14607 16029 16030 16020
f 16020 16030 16027 14608
f 16030 16028 14610 16027
f 16029 14609 16028 16030
f 14384 16031 16032 14728
f 14728 16032 16023 14382
f 16032 16029 14607 16023
f 16031 14609 16029 16032
f 14383 16025 16034 14834
f 14834 16034 16033 14385
f 16034 16027 14610 16033
f 16025 14608 16027 16034
f 14609 16037 16038 16028
f 16028 16038 16035 14610
f 16038 16036 14612 16035
f 16037 14611 16036 16038
f 14386 16039 16040 14735
f 14735 16040 16031 14384
f 16040 16037 14609 16031
f 16039 14611 16037 16040
f 14385 16033 16042 14841
f 14841 16042 16041 14387
f 16042 16035 14612 16041
f 16033 14610 16035 16042
f 14611 16045 16046 16036
f 16036 16046 16043 14612
f 16046 16044 14614 16043
f 16045 14613 16044 16046
f 14388 16047 16048 14742
f 14742 16048 16039 14386
f 16048 16045 14611 16039
f 16047 14613 16045 16048
f 14389 16049 16050 14746
f 14746 16050 16047 14388
f 16050 16044 14613 16047
f 16049 14614 16044 16050
f 14387 16041 16051 14848
f 14848 16051 16049 14389
f 16051 16043 14614 16049
f 16041 14612 16043 16051
f 14618 16055 16056 16052
f 16052 16056 16053 14617
f 16056 16054 14616 16053
f 16055 14615 16054 16056
f 14555 16058 16059 15756
f 15756 16059 16057 14556
f 16059 16055 14618 16057
f 16058 14615 16055 16059
f 14571 16061 16062 15847
f 15847 16062 16060 14570
f 16062 16053 14616 16060
f 16061 14617 16053 16062
f 14556 16057 16063 15851
f 15851 16063 16061 14571
f 16063 16052 14617 16061
f 16057 14618 16052 16063
f 14615 16066 16067 16054
f 16054 16067 16064 14616
f 16067 16065 14620 16064
f 16066 14619 16065 16067
f 14557 16068 16069 15765
f 15765 16069 16058 14555
f 16069 16066 14615 16058
f 16068 14619 16066 16069
f 14570 16060 16071 15857
f 15857 16071 16070 14572
f 16071 16064 14620 16070
f 16060 14616 16064 16071
f 14619 16074 16075 16065
f 16065 16075 16072 14620
f 16075 16073 14622 16072
f 16074 14621 16073 16075
f 14558 16076 16077 15771
f 15771 16077 16068 14557
f 16077 16074 14619 16068
f 16076 14621 16074 16077
f 14572 16070 16079 15863
f 15863 16079 16078 14573
f 16079 16072 14622 16078
f 16070 14620 16072 16079
f 14621 16082 16083 16073
f 16073 16083 16080 14622
f 16083 16081 14624 16080
f 16082 14623 16081 16083
f 14559 16084 16085 15777
f 15777 16085 16076 14558
f 16085 16082 14621 16076
f 16084 14623 16082 16085
f 14573 16078 16087 15869
f 15869 16087 16086 14574
f 16087 16080 14624 16086
f 16078 14622 16080 16087
f 14623 16090 16091 16081
f 16081 16091 16088 14624
f 16091 16089 14626 16088
f 16090 14625 16089 16091
f 14560 16092 16093 15783
f 15783 16093 16084 14559
f 16093 16090 14623 16084
f 16092 14625 16090 16093
f 14574 16086 16095 15875
f 15875 16095 16094 14575
f 16095 16088 14626 16094
f 16086 14624 16088 16095
f 14625 16098 16099 16089
f 16089 16099 16096 14626
f 16099 16097 14628 16096
f 16098 14627 16097 16099
f 14561 16100 16101 15789
f 15789 16101 16092 14560
f 16101 16098 14625 16092
f 16100 14627 16098 16101
f 14575 16094 16103 15881
f 15881 16103 16102 14576
f 16103 16096 14628 16102
f 16094 14626 16096 16103
f 14627 16106 16107 16097
f 16097 16107 16104 14628
f 16107 16105 14630 16104
f 16106 14629 16105 16107
f 14562 16108 16109 15795
f 15795 16109 16100 14561
f 16109 16106 14627 16100
f 16108 14629 16106 16109
f 14576 16102 16111 15887
f 15887 16111 16110 14577
f 16111 16104 14630 16110
f 16102 14628 16104 16111
f 14629 16114 16115 16105
f 16105 16115 16112 14630
f 16115 16113 14632 16112
f 16114 14631 16113 16115
f 14563 16116 16117 15801
f 15801 16117 16108 14562
f 16117 16114 14629 16108
f 16116 14631 16114 16117
f 14577 16110 16119 15893
f 15893 16119 16118 14578
f 16119 16112 14632 16118
f 16110 14630 16112 16119
f 14631 16122 16123 16113
f 16113 16123 16120 14632
f 16123 16121 14634 16120
f 16122 14633 16121 16123
f 14564 16124 16125 15807
f 15807 16125 16116 14563
f 16125 16122 14631 16116
f 16124 14633 16122 16125
f 14578 16118 16127 15899
f 15899 16127 16126 14579
f 16127 16120 14634 16126
f 16118 14632 16120 16127
f 14633 16130 16131 16121
f 16121 16131 16128 14634
f 16131 16129 14636 16128
f 16130 14635 16129 16131
f 14565 16132 16133 15813
f 15813 16133 16124 14564
f 16133 16130 14633 16124
f 16132 14635 16130 16133
f 14579 16126 16135 15905
f 15905 16135 16134 14580
f 16135 16128 14636 16134
f 16126 14634 16128 16135
f 14635 16138 16139 16129
f 16129 16139 16136 14636
f 16139 16137 14638 16136
f 16138 14637 16137 16139
f 14566 16140 16141 15819
f 15819 16141 16132 14565
f 16141 16138 14635 16132
f 16140 14637 16138 16141
f 14580 16134 16143 15911
f 15911 16143 16142 14581
f 16143 16136 14638 16142
f 16134 14636 16136 16143
f 14637 16146 16147 16137
f 16137 16147 16144 14638
f 16147 16145 14640 16144
f 16146 14639 16145 16147
f 14567 16148 16149 15825
f 15825 16149 16140 14566
f 16149 16146 14637 16140
f 16148 14639 16146 16149
f 14581 16142 16151 15917
f 15917 16151 16150 14582
f 16151 16144 14640 16150
f 16142 14638 16144 16151
f 14639 16154 16155 16145
f 16145 16155 16152 14640
f 16155 16153 14642 16152
f 16154 14641 16153 16155
f 14568 16156 16157 15831
f 15831 16157 16148 14567
f 16157 16154 14639 16148
f 16156 14641 16154 16157
f 14582 16150 16159 15923
f 15923 16159 16158 14583
f 16159 16152 14642 16158
f 16150 14640 16152 16159
f 14641 16162 16163 16153
f 16153 16163 16160 14642
f 16163 16161 14644 16160
f 16162 14643 16161 16163
f 14569 16164 16165 15837
f 15837 16165 16156 14568
f 16165 16162 14641 16156
f 16164 14643 16162 16165
f 14584 16166 16167 15928
f 15928 16167 16164 14569
f 16167 16161 14643 16164
f 16166 14644 16161 16167
f 14583 16158 16168 15932
f 15932 16168 16166 14584
f 16168 16160 14644 16166
f 16158 14642 16160 16168

 